timestamp,value,anomaly_score,raw_score,label
2018-05-27 16:23:00.526,144.11,0.0301029996659,1.0,0
2018-05-27 16:23:00.619,145.48,0.0301029996659,1.0,0
2018-05-27 16:23:00.712,146.37,1.0,1.0,0
2018-05-27 16:23:00.805,148.58,1.0,0.15000000596,0
2018-05-27 16:23:00.898,150.02,1.0,0.15000000596,0
2018-05-27 16:23:01.060,150.21,0.0301029996659,0.0,0
2018-05-27 16:23:01.153,150.63,1.0,0.0750000029802,0
2018-05-27 16:23:01.246,151.64,1.0,0.0750000029802,0
2018-05-27 16:23:01.339,153.63,1.0,0.10000000149,0
2018-05-27 16:23:01.516,154.5,1.0,0.10000000149,0
2018-05-27 16:23:01.609,155.4,1.0,0.0,0
2018-05-27 16:23:01.703,157.49,1.0,0.0500000007451,0
2018-05-27 16:23:01.889,158.65,1.0,0.0750000029802,0
2018-05-27 16:23:02.041,159.29,0.0301029996659,0.0250000003725,0
2018-05-27 16:23:02.135,159.07,0.0301029996659,0.0,0
2018-05-27 16:23:02.228,160.66,1.0,0.10000000149,0
2018-05-27 16:23:02.405,162.11,1.0,0.125,0
2018-05-27 16:23:02.591,163.21,1.0,0.10000000149,0
2018-05-27 16:23:02.684,165.27,1.0,0.125,0
2018-05-27 16:23:02.777,165.12,0.0301029996659,0.15000000596,0
2018-05-27 16:23:02.870,166.44,1.0,0.15000000596,0
2018-05-27 16:23:03.032,168.26,1.0,0.20000000298,0
2018-05-27 16:23:03.125,168.06,0.0301029996659,0.10000000149,0
2018-05-27 16:23:03.218,169.83,1.0,0.0500000007451,0
2018-05-27 16:23:03.312,169.52,0.0301029996659,0.0500000007451,0
2018-05-27 16:23:03.395,171.33,1.0,0.0500000007451,0
2018-05-27 16:23:03.479,171.29,0.0301029996659,0.0250000003725,0
2018-05-27 16:23:03.573,173.36,1.0,0.0500000007451,0
2018-05-27 16:23:03.666,173.98,0.0301029996659,0.0250000003725,0
2018-05-27 16:23:03.759,173.53,0.0301029996659,0.0750000029802,0
2018-05-27 16:23:03.852,174.47,0.0301029996659,0.0,0
2018-05-27 16:23:04.009,175.82,0.0301029996659,0.0750000029802,0
2018-05-27 16:23:04.097,176.53,0.0301029996659,0.0250000003725,0
2018-05-27 16:23:04.181,178.57,1.0,0.0250000003725,0
2018-05-27 16:23:04.274,178.88,0.0301029996659,0.0,0
2018-05-27 16:23:04.451,180.25,0.0301029996659,0.0,0
2018-05-27 16:23:04.544,182.14,1.0,0.0500000007451,0
2018-05-27 16:23:04.638,183.17,0.0301029996659,0.0500000007451,0
2018-05-27 16:23:04.731,183.89,0.0301029996659,0.0500000007451,0
2018-05-27 16:23:04.824,184.53,0.0301029996659,0.10000000149,0
2018-05-27 16:23:05.079,185.95,0.0301029996659,0.0,0
2018-05-27 16:23:05.163,184.94,0.0301029996659,0.34999999404,0
2018-05-27 16:23:05.340,186.95,0.0301029996659,0.0250000003725,0
2018-05-27 16:23:05.433,187.57,0.0301029996659,0.10000000149,0
2018-05-27 16:23:05.526,187.58,0.0301029996659,0.0,0
2018-05-27 16:23:05.619,187.66,0.0301029996659,0.0750000029802,0
2018-05-27 16:23:05.712,189.52,0.0301029996659,0.0,0
2018-05-27 16:23:05.805,189.73,0.0301029996659,0.0,0
2018-05-27 16:23:05.899,190.2,0.0301029996659,0.0,0
2018-05-27 16:23:06.051,191.11,0.0301029996659,0.0,0
2018-05-27 16:23:06.144,191.2,0.0301029996659,0.0,0
2018-05-27 16:23:06.237,192.01,0.0301029996659,0.0,0
2018-05-27 16:23:06.405,193.32,0.0301029996659,0.0,0
2018-05-27 16:23:06.498,193.27,0.0301029996659,0.0,0
2018-05-27 16:23:06.768,195.47,0.0301029996659,0.0,0
2018-05-27 16:23:06.861,197.36,0.0301029996659,0.0250000003725,0
2018-05-27 16:23:07.023,198.04,0.0301029996659,0.0250000003725,0
2018-05-27 16:23:07.116,197.49,0.0301029996659,0.0250000003725,0
2018-05-27 16:23:07.209,198.51,0.0301029996659,0.0250000003725,0
2018-05-27 16:23:07.302,199.57,0.0301029996659,0.0,0
2018-05-27 16:23:07.479,200.83,0.0301029996659,0.0250000003725,0
2018-05-27 16:23:07.666,200.94,0.0301029996659,0.0,0
2018-05-27 16:23:07.749,201.27,0.0301029996659,0.0,0
2018-05-27 16:23:08.181,203.66,0.0301029996659,0.0250000003725,0
2018-05-27 16:23:08.274,204.96,0.0301029996659,0.0250000003725,0
2018-05-27 16:23:08.535,205.33,0.0301029996659,0.0250000003725,0
2018-05-27 16:23:08.628,207.88,0.0301029996659,0.0500000007451,0
2018-05-27 16:23:08.722,206.5,0.0301029996659,0.0250000003725,0
2018-05-27 16:23:08.815,208.6,0.0301029996659,0.0500000007451,0
2018-05-27 16:23:08.908,208.03,0.0301029996659,0.0500000007451,0
2018-05-27 16:23:09.163,208.59,0.0301029996659,0.0500000007451,0
2018-05-27 16:23:09.433,207.13,0.0301029996659,0.0,0
2018-05-27 16:23:09.712,203.9,0.0301029996659,0.0250000003725,0
2018-05-27 16:23:09.805,201.15,0.0301029996659,0.0,0
2018-05-27 16:23:09.898,200.15,0.0301029996659,0.0,0
2018-05-27 16:23:10.060,198.88,0.0301029996659,0.0,0
2018-05-27 16:23:10.153,195.95,0.0301029996659,0.0,0
2018-05-27 16:23:10.247,195.59,0.0301029996659,0.0,0
2018-05-27 16:23:10.331,194.61,0.0301029996659,0.0,0
2018-05-27 16:23:10.424,191.83,0.0301029996659,0.0,0
2018-05-27 16:23:10.507,191.58,0.0301029996659,0.0,0
2018-05-27 16:23:10.787,186.56,0.0301029996659,0.0,0
2018-05-27 16:23:10.871,185.96,0.0301029996659,0.0,0
2018-05-27 16:23:11.032,184.86,0.0301029996659,0.0,0
2018-05-27 16:23:11.126,183.64,0.0301029996659,0.0,0
2018-05-27 16:23:11.386,181.57,0.0301029996659,0.0,0
2018-05-27 16:23:11.759,177.9,0.0301029996659,0.0,0
2018-05-27 16:23:12.098,175.66,0.0301029996659,0.0,0
2018-05-27 16:23:12.275,175.19,0.0301029996659,0.0,0
2018-05-27 16:23:12.452,176.18,0.0301029996659,0.0,0
2018-05-27 16:23:12.545,175.31,0.0301029996659,0.0,0
2018-05-27 16:23:12.815,176.27,0.0301029996659,0.0,0
2018-05-27 16:23:13.070,175.08,0.0301029996659,0.0,0
2018-05-27 16:23:13.342,175.87,0.0301029996659,0.0,0
2018-05-27 16:23:13.610,176.21,0.0301029996659,0.0,0
2018-05-27 16:23:13.703,175.91,0.0301029996659,0.0,0
2018-05-27 16:23:13.796,177.21,0.0301029996659,0.0250000003725,0
2018-05-27 16:23:13.889,176.78,0.0301029996659,0.0,0
2018-05-27 16:23:14.144,176.26,0.0301029996659,0.0,0
2018-05-27 16:23:14.237,175.87,0.0301029996659,0.0,0
2018-05-27 16:23:14.331,178.35,0.0301029996659,0.0,0
2018-05-27 16:23:14.591,178.92,0.0301029996659,0.0,0
2018-05-27 16:23:14.778,178.79,0.0301029996659,0.0,0
2018-05-27 16:23:14.871,179.93,0.0301029996659,0.0,0
2018-05-27 16:23:15.033,181.07,0.0301029996659,0.0250000003725,0
2018-05-27 16:23:15.126,181.28,0.0301029996659,0.0,0
2018-05-27 16:23:15.219,181.9,0.0301029996659,0.0,0
2018-05-27 16:23:15.582,182.29,0.0301029996659,0.0,0
2018-05-27 16:23:15.675,182.18,0.0301029996659,0.0,0
2018-05-27 16:23:15.768,183.71,0.0301029996659,0.0,0
2018-05-27 16:23:15.861,184.41,0.0301029996659,0.0,0
2018-05-27 16:23:16.023,184.76,0.0301029996659,0.0,0
2018-05-27 16:23:16.116,185.15,0.0301029996659,0.0250000003725,0
2018-05-27 16:23:16.210,185.57,0.0301029996659,0.0,0
2018-05-27 16:23:16.303,184.64,0.0301029996659,0.0,0
2018-05-27 16:23:16.387,185.35,0.0301029996659,0.0,0
2018-05-27 16:23:16.480,186.12,0.0301029996659,0.0,0
2018-05-27 16:23:16.573,186.19,0.0301029996659,0.0,0
2018-05-27 16:23:16.666,186.51,0.0301029996659,0.0,0
2018-05-27 16:23:16.852,187.79,0.0301029996659,0.0,0
2018-05-27 16:23:17.009,189.65,0.0301029996659,0.0,0
2018-05-27 16:23:17.098,189.64,0.0301029996659,0.0,0
2018-05-27 16:23:17.182,190.32,0.0301029996659,0.0,0
2018-05-27 16:23:17.368,190.79,0.0301029996659,0.0,0
2018-05-27 16:23:17.452,189.69,0.0301029996659,0.0,0
2018-05-27 16:23:17.545,191.77,0.0301029996659,0.0,0
2018-05-27 16:23:17.638,192.0,0.0301029996659,0.0,0
2018-05-27 16:23:17.731,192.37,0.0301029996659,0.0,0
2018-05-27 16:23:17.824,191.88,0.0301029996659,0.0,0
2018-05-27 16:23:17.918,191.6,0.0301029996659,0.0,0
2018-05-27 16:23:18.071,193.94,0.0301029996659,0.0,0
2018-05-27 16:23:18.163,193.32,0.0301029996659,0.0,0
2018-05-27 16:23:18.256,193.77,0.0301029996659,0.0,0
2018-05-27 16:23:18.340,194.39,0.0301029996659,0.0,0
2018-05-27 16:23:18.433,194.8,0.0301029996659,0.0,0
2018-05-27 16:23:18.620,197.21,0.0301029996659,0.0,0
2018-05-27 16:23:18.713,197.09,0.0301029996659,0.0,0
2018-05-27 16:23:18.796,198.51,0.0301029996659,0.0,0
2018-05-27 16:23:18.890,197.58,0.0301029996659,0.0,0
2018-05-27 16:23:19.042,198.58,0.0301029996659,0.0,0
2018-05-27 16:23:19.135,197.52,0.0301029996659,0.0,0
2018-05-27 16:23:19.210,198.08,0.0301029996659,0.0,0
2018-05-27 16:23:19.312,196.06,0.0301029996659,0.0,0
2018-05-27 16:23:19.582,193.79,0.0301029996659,0.0,0
2018-05-27 16:23:19.675,194.19,0.0301029996659,0.0,0
2018-05-27 16:23:19.862,190.13,0.0301029996659,0.0,0
2018-05-27 16:23:20.023,189.5,0.0301029996659,0.0,0
2018-05-27 16:23:20.396,185.54,0.0301029996659,0.0,0
2018-05-27 16:23:20.480,186.35,0.0301029996659,0.0,0
2018-05-27 16:23:20.573,185.3,0.0301029996659,0.0,0
2018-05-27 16:23:20.666,184.68,0.0301029996659,0.0,0
2018-05-27 16:23:21.009,183.14,0.0301029996659,0.0,0
2018-05-27 16:23:21.098,182.45,0.0301029996659,0.0,0
2018-05-27 16:23:21.731,182.38,0.0301029996659,0.0,0
2018-05-27 16:23:21.825,181.81,0.0301029996659,0.0,0
2018-05-27 16:23:21.918,182.77,0.0301029996659,0.0,0
2018-05-27 16:23:22.080,183.4,0.0301029996659,0.0,0
2018-05-27 16:23:22.173,183.65,0.0301029996659,0.0,0
2018-05-27 16:23:22.266,183.55,0.0301029996659,0.0,0
2018-05-27 16:23:22.629,187.33,0.0301029996659,0.0,0
2018-05-27 16:23:22.722,187.36,0.0301029996659,0.0,0
2018-05-27 16:23:22.815,188.16,0.0301029996659,0.0,0
2018-05-27 16:23:22.908,188.47,0.0301029996659,0.0,0
2018-05-27 16:23:23.070,188.59,0.0301029996659,0.0,0
2018-05-27 16:23:23.256,188.3,0.0301029996659,0.0,0
2018-05-27 16:23:23.340,190.19,0.0301029996659,0.0,0
2018-05-27 16:23:23.526,190.97,0.0301029996659,0.0,0
2018-05-27 16:23:23.620,190.1,0.0301029996659,0.0,0
2018-05-27 16:23:24.061,193.59,0.0301029996659,0.0,0
2018-05-27 16:23:24.424,195.2,0.0301029996659,0.0,0
2018-05-27 16:23:24.517,194.31,0.0301029996659,0.0,0
2018-05-27 16:23:24.611,194.86,0.0301029996659,0.0,0
2018-05-27 16:23:24.881,195.99,0.0301029996659,0.0,0
2018-05-27 16:23:25.042,197.96,0.0301029996659,0.0,0
2018-05-27 16:23:25.136,197.49,0.0301029996659,0.0,0
2018-05-27 16:23:25.219,199.09,0.0301029996659,0.0,0
2018-05-27 16:23:25.396,198.71,0.0301029996659,0.0,0
2018-05-27 16:23:25.490,198.98,0.0301029996659,0.0,0
2018-05-27 16:23:25.676,200.81,0.0301029996659,0.0,0
2018-05-27 16:23:25.862,202.82,0.0301029996659,0.0,0
2018-05-27 16:23:26.024,202.04,0.0301029996659,0.0,0
2018-05-27 16:23:26.108,202.79,0.0301029996659,0.0,0
2018-05-27 16:23:26.382,205.41,0.0301029996659,0.0,0
2018-05-27 16:23:26.471,205.1,0.0301029996659,0.0,0
2018-05-27 16:23:26.555,205.74,0.0301029996659,0.0,0
2018-05-27 16:23:26.648,206.79,0.0301029996659,0.0,0
2018-05-27 16:23:26.741,206.31,0.0301029996659,0.0,0
2018-05-27 16:23:26.825,206.69,0.0301029996659,0.0,0
2018-05-27 16:23:27.080,207.87,0.0301029996659,0.0,0
2018-05-27 16:23:27.173,209.39,0.0301029996659,0.0,0
2018-05-27 16:23:27.350,210.15,0.0301029996659,0.0,0
2018-05-27 16:23:27.443,212.05,0.0301029996659,0.0,0
2018-05-27 16:23:27.630,211.77,0.0301029996659,0.0,0
2018-05-27 16:23:27.806,214.31,0.0301029996659,0.0,0
2018-05-27 16:23:28.061,214.7,0.0301029996659,0.0,0
2018-05-27 16:23:28.154,216.21,0.0301029996659,0.0250000003725,0
2018-05-27 16:23:28.331,215.39,0.0301029996659,0.0250000003725,0
2018-05-27 16:23:28.424,215.66,0.0301029996659,0.0250000003725,0
2018-05-27 16:23:28.601,217.14,0.0301029996659,0.0,0
2018-05-27 16:23:28.694,218.56,0.0301029996659,0.0,0
2018-05-27 16:23:28.787,217.56,0.0301029996659,0.0,0
2018-05-27 16:23:29.042,220.31,0.0301029996659,0.0,0
2018-05-27 16:23:29.135,220.62,0.0301029996659,0.0,0
2018-05-27 16:23:29.229,218.76,0.0301029996659,0.0,0
2018-05-27 16:23:29.322,220.02,0.0301029996659,0.0,0
2018-05-27 16:23:29.499,221.53,0.0301029996659,0.0,0
2018-05-27 16:23:29.592,222.61,0.0301029996659,0.0,0
2018-05-27 16:23:29.778,223.59,0.0301029996659,0.0,0
2018-05-27 16:23:29.871,223.96,0.0301029996659,0.0,0
2018-05-27 16:23:30.126,224.82,0.0301029996659,0.0,0
2018-05-27 16:23:30.303,224.77,0.0301029996659,0.0,0
2018-05-27 16:23:30.387,226.69,0.0301029996659,0.0,0
2018-05-27 16:23:30.480,226.94,0.0301029996659,0.0,0
2018-05-27 16:23:30.573,225.9,0.0301029996659,0.0,0
2018-05-27 16:23:30.666,225.34,0.0301029996659,0.0,0
2018-05-27 16:23:30.760,224.53,0.0301029996659,0.0,0
2018-05-27 16:23:30.853,225.72,0.0301029996659,0.0,0
2018-05-27 16:23:31.275,227.96,0.0301029996659,0.0,0
2018-05-27 16:23:31.546,227.79,0.0301029996659,0.0,0
2018-05-27 16:23:31.815,228.02,0.0301029996659,0.0,0
2018-05-27 16:23:31.909,228.44,0.0301029996659,0.0,0
2018-05-27 16:23:32.070,229.1,0.0301029996659,0.0,0
2018-05-27 16:23:32.788,229.2,0.0301029996659,0.0,0
2018-05-27 16:23:33.322,224.81,0.0301029996659,0.0,0
2018-05-27 16:23:33.499,223.23,0.0301029996659,0.0,0
2018-05-27 16:23:34.220,215.11,0.0301029996659,0.0,0
2018-05-27 16:23:34.313,214.09,0.0301029996659,0.0,0
2018-05-27 16:23:34.397,213.35,0.0301029996659,0.0,0
2018-05-27 16:23:34.676,210.26,0.0301029996659,0.0,0
2018-05-27 16:23:34.769,209.09,0.0301029996659,0.0,0
2018-05-27 16:23:34.862,207.3,0.0301029996659,0.0,0
2018-05-27 16:23:35.024,205.87,0.0301029996659,0.0,0
2018-05-27 16:23:35.303,203.48,0.0301029996659,0.0,0
2018-05-27 16:23:35.387,203.01,0.0301029996659,0.0,0
2018-05-27 16:23:35.481,201.11,0.0301029996659,0.0,0
2018-05-27 16:23:35.564,200.63,0.0301029996659,0.0,0
2018-05-27 16:23:35.648,200.91,0.0301029996659,0.0,0
2018-05-27 16:23:35.834,197.43,0.0301029996659,0.0,0
2018-05-27 16:23:35.928,197.9,0.0301029996659,0.0,0
2018-05-27 16:23:36.089,196.42,0.0301029996659,0.0,0
2018-05-27 16:23:36.183,195.35,0.0301029996659,0.0,0
2018-05-27 16:23:36.276,193.71,0.0301029996659,0.0,0
2018-05-27 16:23:36.359,193.8,0.0301029996659,0.0,0
2018-05-27 16:23:36.546,193.58,0.0301029996659,0.0,0
2018-05-27 16:23:36.639,194.63,0.0301029996659,0.0,0
2018-05-27 16:23:36.918,193.37,0.0301029996659,0.0,0
2018-05-27 16:23:37.080,194.01,0.0301029996659,0.0,0
2018-05-27 16:23:37.258,194.21,0.0301029996659,0.0,0
2018-05-27 16:23:37.350,195.57,0.0301029996659,0.0,0
2018-05-27 16:23:37.443,196.36,0.0301029996659,0.0,0
2018-05-27 16:23:37.620,196.71,0.0301029996659,0.0,0
2018-05-27 16:23:37.807,194.34,0.0301029996659,0.0,0
2018-05-27 16:23:37.900,196.18,0.0301029996659,0.0,0
2018-05-27 16:23:38.146,195.78,0.0301029996659,0.0,0
2018-05-27 16:23:38.239,197.28,0.0301029996659,0.0,0
2018-05-27 16:23:38.323,196.94,0.0301029996659,0.0,0
2018-05-27 16:23:38.406,196.5,0.0301029996659,0.0,0
2018-05-27 16:23:38.500,198.01,0.0301029996659,0.0,0
2018-05-27 16:23:38.593,196.42,0.0301029996659,0.0,0
2018-05-27 16:23:38.686,196.63,0.0301029996659,0.0,0
2018-05-27 16:23:38.780,196.98,0.0301029996659,0.0,0
2018-05-27 16:23:38.863,196.95,0.0301029996659,0.0,0
2018-05-27 16:23:39.025,198.18,0.0301029996659,0.0,0
2018-05-27 16:23:39.304,198.14,0.0301029996659,0.0,0
2018-05-27 16:23:39.481,200.33,0.0301029996659,0.0,0
2018-05-27 16:23:39.668,199.45,0.0301029996659,0.0,0
2018-05-27 16:23:39.756,200.23,0.0301029996659,0.0,0
2018-05-27 16:23:39.844,200.63,0.0301029996659,0.0,0
2018-05-27 16:23:39.928,200.1,0.0301029996659,0.0,0
2018-05-27 16:23:40.276,200.84,0.0301029996659,0.0,0
2018-05-27 16:23:40.537,203.4,0.0301029996659,0.0,0
2018-05-27 16:23:40.630,202.6,0.0301029996659,0.0,0
2018-05-27 16:23:40.910,203.63,0.0301029996659,0.0,0
2018-05-27 16:23:41.072,205.13,0.0301029996659,0.0,0
2018-05-27 16:23:41.342,205.24,0.0301029996659,0.0,0
2018-05-27 16:23:41.808,202.22,0.0301029996659,0.0,0
2018-05-27 16:23:41.901,200.4,0.0301029996659,0.0,0
2018-05-27 16:23:42.593,188.48,0.0301029996659,0.0,0
2018-05-27 16:23:42.687,187.82,0.0301029996659,0.0,0
2018-05-27 16:23:42.780,187.02,0.0301029996659,0.0,0
2018-05-27 16:23:42.873,186.26,0.0301029996659,0.0,0
2018-05-27 16:23:43.128,185.87,0.0301029996659,0.0,0
2018-05-27 16:23:43.491,185.97,0.0301029996659,0.0,0
2018-05-27 16:23:43.677,185.08,0.0301029996659,0.0,0
2018-05-27 16:23:44.296,188.59,0.0301029996659,0.0,0
2018-05-27 16:23:44.752,190.69,0.0301029996659,0.0,0
2018-05-27 16:23:45.082,190.15,0.0301029996659,0.0,0
2018-05-27 16:23:45.175,190.74,0.0301029996659,0.0,0
2018-05-27 16:23:45.268,191.41,0.0301029996659,0.0,0
2018-05-27 16:23:45.361,192.28,0.0301029996659,0.0,0
2018-05-27 16:23:45.445,191.56,0.0301029996659,0.0,0
2018-05-27 16:23:45.538,193.37,0.0301029996659,0.0,0
2018-05-27 16:23:45.613,192.47,0.0301029996659,0.0,0
2018-05-27 16:23:45.715,193.93,0.0301029996659,0.0,0
2018-05-27 16:23:45.901,194.05,0.0301029996659,0.0,0
2018-05-27 16:23:46.063,193.51,0.0301029996659,0.0,0
2018-05-27 16:23:46.156,194.37,0.0301029996659,0.0,0
2018-05-27 16:23:46.250,195.64,0.0301029996659,0.0,0
2018-05-27 16:23:46.334,194.46,0.0301029996659,0.0,0
2018-05-27 16:23:46.520,197.96,0.0301029996659,0.0,0
2018-05-27 16:23:46.790,197.84,0.0301029996659,0.0,0
2018-05-27 16:23:47.045,199.8,0.0301029996659,0.0,0
2018-05-27 16:23:47.138,198.99,0.0301029996659,0.0,0
2018-05-27 16:23:47.324,200.79,0.0301029996659,0.0,0
2018-05-27 16:23:47.781,202.48,0.0301029996659,0.0,0
2018-05-27 16:23:47.874,201.93,0.0301029996659,0.0,0
2018-05-27 16:23:48.036,204.79,0.0301029996659,0.0,0
2018-05-27 16:23:48.129,204.45,0.0301029996659,0.0,0
2018-05-27 16:23:48.222,205.94,0.0301029996659,0.0,0
2018-05-27 16:23:48.399,205.98,0.0301029996659,0.0,0
2018-05-27 16:23:48.678,207.54,0.0301029996659,0.0,0
2018-05-27 16:23:48.865,208.77,0.0301029996659,0.0,0
2018-05-27 16:23:49.120,210.89,0.0301029996659,0.0,0
2018-05-27 16:23:49.213,210.61,0.0301029996659,0.0,0
2018-05-27 16:23:49.306,212.59,0.0301029996659,0.0,0
2018-05-27 16:23:49.390,212.97,0.0301029996659,0.0,0
2018-05-27 16:23:49.483,212.8,0.0301029996659,0.0,0
2018-05-27 16:23:49.576,213.81,0.0301029996659,0.0,0
2018-05-27 16:23:49.762,214.0,0.0301029996659,0.0,0
2018-05-27 16:23:50.013,215.15,0.0301029996659,0.0,0
2018-05-27 16:23:50.101,217.24,0.0301029996659,0.0,0
2018-05-27 16:23:50.185,216.14,0.0301029996659,0.0,0
2018-05-27 16:23:50.269,215.67,0.0301029996659,0.0,0
2018-05-27 16:23:50.455,216.05,0.0301029996659,0.0,0
2018-05-27 16:23:50.548,216.87,0.0301029996659,0.0,0
2018-05-27 16:23:50.642,218.23,0.0301029996659,0.0,0
2018-05-27 16:23:50.735,217.6,0.0301029996659,0.0,0
2018-05-27 16:23:50.828,217.48,0.0301029996659,0.0,0
2018-05-27 16:23:50.921,218.34,0.0301029996659,0.0,0
2018-05-27 16:23:51.083,219.71,0.0301029996659,0.0,0
2018-05-27 16:23:51.176,218.41,0.0301029996659,0.0,0
2018-05-27 16:23:51.269,218.58,0.0301029996659,0.0,0
2018-05-27 16:23:51.353,219.42,0.0301029996659,0.0,0
2018-05-27 16:23:51.446,219.12,0.0301029996659,0.0,0
2018-05-27 16:23:51.539,220.3,0.0301029996659,0.0,0
2018-05-27 16:23:51.632,220.33,0.0301029996659,0.0,0
2018-05-27 16:23:51.726,220.18,0.0301029996659,0.0,0
2018-05-27 16:23:51.819,220.44,0.0301029996659,0.0,0
2018-05-27 16:23:51.912,221.74,0.0301029996659,0.0,0
2018-05-27 16:23:52.074,222.27,0.0301029996659,0.0,0
2018-05-27 16:23:52.251,222.0,0.0301029996659,0.0,0
2018-05-27 16:23:52.428,222.5,0.0301029996659,0.0,0
2018-05-27 16:23:52.614,223.4,0.0301029996659,0.0,0
2018-05-27 16:23:52.707,223.19,0.0301029996659,0.0,0
2018-05-27 16:23:52.887,224.2,0.0301029996659,0.0,0
2018-05-27 16:23:53.158,224.07,0.0301029996659,0.0,0
2018-05-27 16:23:53.428,223.79,0.0301029996659,0.0,0
2018-05-27 16:23:53.521,224.47,0.0301029996659,0.0,0
2018-05-27 16:23:53.614,225.59,0.0301029996659,0.0,0
2018-05-27 16:23:53.893,225.63,0.0301029996659,0.0,0
2018-05-27 16:23:54.055,225.63,0.0301029996659,0.0,0
2018-05-27 16:23:54.242,225.55,0.0301029996659,0.0,0
2018-05-27 16:23:54.596,227.63,0.0301029996659,0.0,0
2018-05-27 16:23:54.689,227.98,0.0301029996659,0.0,0
2018-05-27 16:23:54.875,227.54,0.0301029996659,0.0,0
2018-05-27 16:23:55.037,226.2,0.0301029996659,0.0,0
2018-05-27 16:23:55.130,226.36,0.0301029996659,0.0,0
2018-05-27 16:23:55.214,228.49,0.0301029996659,0.0,0
2018-05-27 16:23:55.307,228.98,0.0301029996659,0.0,0
2018-05-27 16:23:55.400,228.23,0.0301029996659,0.0,0
2018-05-27 16:23:55.670,228.75,0.0301029996659,0.0,0
2018-05-27 16:23:55.763,229.49,0.0301029996659,0.0,0
2018-05-27 16:23:55.857,229.44,0.0301029996659,0.0,0
2018-05-27 16:23:56.014,228.45,0.0301029996659,0.0,0
2018-05-27 16:23:56.102,227.86,0.0301029996659,0.0,0
2018-05-27 16:23:56.363,225.41,0.0301029996659,0.0,0
2018-05-27 16:23:56.456,223.47,0.0301029996659,0.0,0
2018-05-27 16:23:56.736,217.89,0.0301029996659,0.0,0
2018-05-27 16:23:57.261,210.92,0.0301029996659,0.0,0
2018-05-27 16:23:57.624,204.36,0.0301029996659,0.0,0
2018-05-27 16:23:57.801,203.75,0.0301029996659,0.0,0
2018-05-27 16:23:58.131,202.82,0.0301029996659,0.0,0
2018-05-27 16:23:58.224,200.62,0.0301029996659,0.0,0
2018-05-27 16:23:58.401,199.53,0.0301029996659,0.0,0
2018-05-27 16:23:58.494,201.45,0.0301029996659,0.0,0
2018-05-27 16:23:58.680,199.09,0.0301029996659,0.0,0
2018-05-27 16:23:58.866,199.91,0.0301029996659,0.0,0
2018-05-27 16:23:59.121,200.57,0.0301029996659,0.0,0
2018-05-27 16:23:59.214,199.49,0.0301029996659,0.0,0
2018-05-27 16:23:59.308,198.8,0.0301029996659,0.0,0
2018-05-27 16:23:59.392,199.1,0.0301029996659,0.0,0
2018-05-27 16:23:59.485,198.93,0.0301029996659,0.0,0
2018-05-27 16:23:59.578,200.04,0.0301029996659,0.0,0
2018-05-27 16:23:59.671,198.62,0.0301029996659,0.0,0
2018-05-27 16:23:59.857,200.44,0.0301029996659,0.0,0
2018-05-27 16:24:00.014,200.5,0.0301029996659,0.0,0
2018-05-27 16:24:00.104,200.66,0.0301029996659,0.0,0
2018-05-27 16:24:00.187,200.6,0.0301029996659,0.0,0
2018-05-27 16:24:00.280,199.48,0.0301029996659,0.0,0
2018-05-27 16:24:00.364,200.13,0.0301029996659,0.0,0
2018-05-27 16:24:00.457,200.05,0.0301029996659,0.0,0
2018-05-27 16:24:00.550,201.63,0.0301029996659,0.0,0
2018-05-27 16:24:00.643,201.13,0.0301029996659,0.0,0
2018-05-27 16:24:00.736,200.45,0.0301029996659,0.0,0
2018-05-27 16:24:00.830,202.73,0.0301029996659,0.0,0
2018-05-27 16:24:01.085,201.59,0.0301029996659,0.0,0
2018-05-27 16:24:01.168,201.24,0.0301029996659,0.0,0
2018-05-27 16:24:01.261,203.74,0.0301029996659,0.0,0
2018-05-27 16:24:01.345,204.17,0.0301029996659,0.0,0
2018-05-27 16:24:01.438,202.55,0.0301029996659,0.0,0
2018-05-27 16:24:01.532,203.7,0.0301029996659,0.0,0
2018-05-27 16:24:01.625,204.93,0.0301029996659,0.0,0
2018-05-27 16:24:01.718,204.27,0.0301029996659,0.0,0
2018-05-27 16:24:01.904,204.98,0.0301029996659,0.0,0
2018-05-27 16:24:02.243,206.01,0.0301029996659,0.0,0
2018-05-27 16:24:02.336,206.93,0.0301029996659,0.0,0
2018-05-27 16:24:02.429,207.01,0.0301029996659,0.0,0
2018-05-27 16:24:02.616,208.12,0.0301029996659,0.0,0
2018-05-27 16:24:02.709,208.1,0.0301029996659,0.0,0
2018-05-27 16:24:02.802,208.69,0.0301029996659,0.0,0
2018-05-27 16:24:02.886,209.4,0.0301029996659,0.0,0
2018-05-27 16:24:03.048,210.97,0.0301029996659,0.0,0
2018-05-27 16:24:03.141,210.16,0.0301029996659,0.0,0
2018-05-27 16:24:03.234,211.52,0.0301029996659,0.0,0
2018-05-27 16:24:03.411,210.14,0.0301029996659,0.0,0
2018-05-27 16:24:03.597,209.46,0.0301029996659,0.0,0
2018-05-27 16:24:04.029,205.82,0.0301029996659,0.0,0
2018-05-27 16:24:04.122,204.68,0.0301029996659,0.0,0
2018-05-27 16:24:04.392,203.19,0.0301029996659,0.0,0
2018-05-27 16:24:04.485,202.59,0.0301029996659,0.0,0
2018-05-27 16:24:04.579,202.4,0.0301029996659,0.0,0
2018-05-27 16:24:04.765,203.52,0.0301029996659,0.0,0
2018-05-27 16:24:05.188,202.48,0.0301029996659,0.0,0
2018-05-27 16:24:05.458,202.19,0.0301029996659,0.0,0
2018-05-27 16:24:05.728,203.22,0.0301029996659,0.0,0
2018-05-27 16:24:05.821,201.55,0.0301029996659,0.0,0
2018-05-27 16:24:06.076,202.78,0.0301029996659,0.0,0
2018-05-27 16:24:06.169,201.66,0.0301029996659,0.0,0
2018-05-27 16:24:06.262,202.93,0.0301029996659,0.0,0
2018-05-27 16:24:06.346,201.96,0.0301029996659,0.0,0
2018-05-27 16:24:06.440,203.35,0.0301029996659,0.0,0
2018-05-27 16:24:06.523,202.61,0.0301029996659,0.0,0
2018-05-27 16:24:06.616,201.8,0.0301029996659,0.0,0
2018-05-27 16:24:06.709,202.48,0.0301029996659,0.0,0
2018-05-27 16:24:06.802,203.38,0.0301029996659,0.0,0
2018-05-27 16:24:07.048,203.28,0.0301029996659,0.0,0
2018-05-27 16:24:07.225,203.61,0.0301029996659,0.0,0
2018-05-27 16:24:07.393,203.29,0.0301029996659,0.0,0
2018-05-27 16:24:07.486,205.14,0.0301029996659,0.0,0
2018-05-27 16:24:07.579,203.41,0.0301029996659,0.0,0
2018-05-27 16:24:07.672,205.56,0.0301029996659,0.0,0
2018-05-27 16:24:07.765,204.02,0.0301029996659,0.0,0
2018-05-27 16:24:07.859,205.32,0.0301029996659,0.0,0
2018-05-27 16:24:08.016,205.54,0.0301029996659,0.0,0
2018-05-27 16:24:08.104,205.49,0.0301029996659,0.0,0
2018-05-27 16:24:08.188,205.66,0.0301029996659,0.0,0
2018-05-27 16:24:08.281,205.32,0.0301029996659,0.0,0
2018-05-27 16:24:08.365,205.96,0.0301029996659,0.0,0
2018-05-27 16:24:08.551,206.77,0.0301029996659,0.0,0
2018-05-27 16:24:08.738,206.97,0.0301029996659,0.0,0
2018-05-27 16:24:08.924,207.46,0.0301029996659,0.0,0
2018-05-27 16:24:09.076,208.4,0.0301029996659,0.0,0
2018-05-27 16:24:09.170,209.48,0.0301029996659,0.0,0
2018-05-27 16:24:09.347,210.69,0.0301029996659,0.0,0
2018-05-27 16:24:09.533,211.73,0.0301029996659,0.0,0
2018-05-27 16:24:09.627,211.56,0.0301029996659,0.0,0
2018-05-27 16:24:10.049,213.85,0.0301029996659,0.0,0
2018-05-27 16:24:10.133,214.42,0.0301029996659,0.0,0
2018-05-27 16:24:10.226,213.27,0.0301029996659,0.0,0
2018-05-27 16:24:10.319,214.54,0.0301029996659,0.0,0
2018-05-27 16:24:10.496,216.13,0.0301029996659,0.0,0
2018-05-27 16:24:10.580,215.41,0.0301029996659,0.0,0
2018-05-27 16:24:10.673,217.12,0.0301029996659,0.0,0
2018-05-27 16:24:10.766,215.71,0.0301029996659,0.0,0
2018-05-27 16:24:10.859,216.36,0.0301029996659,0.0,0
2018-05-27 16:24:11.105,216.94,0.0301029996659,0.0,0
2018-05-27 16:24:11.283,218.73,0.0301029996659,0.0,0
2018-05-27 16:24:11.366,217.69,0.0301029996659,0.0,0
2018-05-27 16:24:11.459,219.38,0.0301029996659,0.0,0
2018-05-27 16:24:11.552,219.15,0.0301029996659,0.0,0
2018-05-27 16:24:11.645,217.74,0.0301029996659,0.0,0
2018-05-27 16:24:11.738,218.83,0.0301029996659,0.0,0
2018-05-27 16:24:11.925,218.74,0.0301029996659,0.0,0
2018-05-27 16:24:12.086,219.48,0.0301029996659,0.0,0
2018-05-27 16:24:12.180,219.95,0.0301029996659,0.0,0
2018-05-27 16:24:12.273,221.14,0.0301029996659,0.0,0
2018-05-27 16:24:12.357,220.15,0.0301029996659,0.0,0
2018-05-27 16:24:12.450,221.57,0.0301029996659,0.0,0
2018-05-27 16:24:12.543,221.34,0.0301029996659,0.0,0
2018-05-27 16:24:12.822,223.23,0.0301029996659,0.0,0
2018-05-27 16:24:12.916,223.15,0.0301029996659,0.0,0
2018-05-27 16:24:13.077,222.75,0.0301029996659,0.0,0
2018-05-27 16:24:13.171,222.4,0.0301029996659,0.0,0
2018-05-27 16:24:13.264,222.61,0.0301029996659,0.0,0
2018-05-27 16:24:13.348,222.94,0.0301029996659,0.0,0
2018-05-27 16:24:13.534,224.11,0.0301029996659,0.0,0
2018-05-27 16:24:13.720,225.86,0.0301029996659,0.0,0
2018-05-27 16:24:13.907,225.17,0.0301029996659,0.0,0
2018-05-27 16:24:14.329,224.92,0.0301029996659,0.0,0
2018-05-27 16:24:14.422,225.63,0.0301029996659,0.0,0
2018-05-27 16:24:14.516,226.7,0.0301029996659,0.0,0
2018-05-27 16:24:14.702,227.04,0.0301029996659,0.0,0
2018-05-27 16:24:14.786,226.26,0.0301029996659,0.0,0
2018-05-27 16:24:14.879,227.44,0.0301029996659,0.0,0
2018-05-27 16:24:15.320,227.59,0.0301029996659,0.0,0
2018-05-27 16:24:15.404,227.67,0.0301029996659,0.0,0
2018-05-27 16:24:15.497,229.27,0.0301029996659,0.0,0
2018-05-27 16:24:15.581,227.86,0.0301029996659,0.0,0
2018-05-27 16:24:15.674,228.29,0.0301029996659,0.0,0
2018-05-27 16:24:16.017,228.85,0.0301029996659,0.0,0
2018-05-27 16:24:16.460,229.77,0.0301029996659,0.0,0
2018-05-27 16:24:16.553,229.48,0.0301029996659,0.0,0
2018-05-27 16:24:16.833,230.38,0.0301029996659,0.0,0
2018-05-27 16:24:16.926,230.72,0.0301029996659,0.0,0
2018-05-27 16:24:17.088,230.93,0.0301029996659,0.0,0
2018-05-27 16:24:17.358,233.08,0.0301029996659,0.0,0
2018-05-27 16:24:17.730,228.79,0.0301029996659,0.0,0
2018-05-27 16:24:17.917,226.38,0.0301029996659,0.0,0
2018-05-27 16:24:18.349,222.04,0.0301029996659,0.0,0
2018-05-27 16:24:18.889,216.63,0.0301029996659,0.0,0
2018-05-27 16:24:19.051,217.04,0.0301029996659,0.0,0
2018-05-27 16:24:19.135,216.33,0.0301029996659,0.0,0
2018-05-27 16:24:19.312,215.19,0.0301029996659,0.0,0
2018-05-27 16:24:19.395,214.33,0.0301029996659,0.0,0
2018-05-27 16:24:19.489,212.6,0.0301029996659,0.0,0
2018-05-27 16:24:19.582,212.51,0.0301029996659,0.0,0
2018-05-27 16:24:19.675,212.71,0.0301029996659,0.0,0
2018-05-27 16:24:20.018,212.55,0.0301029996659,0.0,0
2018-05-27 16:24:20.284,212.06,0.0301029996659,0.0,0
2018-05-27 16:24:20.368,211.18,0.0301029996659,0.0,0
2018-05-27 16:24:20.461,212.17,0.0301029996659,0.0,0
2018-05-27 16:24:20.740,212.83,0.0301029996659,0.0,0
2018-05-27 16:24:20.917,210.49,0.0301029996659,0.0,0
2018-05-27 16:24:21.079,211.98,0.0301029996659,0.0,0
2018-05-27 16:24:21.265,211.34,0.0301029996659,0.0,0
2018-05-27 16:24:21.442,212.81,0.0301029996659,0.0,0
2018-05-27 16:24:21.815,210.75,0.0301029996659,0.0,0
2018-05-27 16:24:22.061,213.15,0.0301029996659,0.0,0
2018-05-27 16:24:22.144,212.63,0.0301029996659,0.0,0
2018-05-27 16:24:22.331,211.66,0.0301029996659,0.0,0
2018-05-27 16:24:22.424,213.73,0.0301029996659,0.0,0
2018-05-27 16:24:22.517,212.55,0.0301029996659,0.0,0
2018-05-27 16:24:22.704,213.59,0.0301029996659,0.0,0
2018-05-27 16:24:22.880,213.21,0.0301029996659,0.0,0
2018-05-27 16:24:23.042,214.68,0.0301029996659,0.0,0
2018-05-27 16:24:23.135,214.79,0.0301029996659,0.0,0
2018-05-27 16:24:23.676,216.8,0.0301029996659,0.0,0
2018-05-27 16:24:24.019,217.24,0.0301029996659,0.0,0
2018-05-27 16:24:24.192,217.71,0.0301029996659,0.0,0
2018-05-27 16:24:24.369,217.67,0.0301029996659,0.0,0
2018-05-27 16:24:24.462,218.94,0.0301029996659,0.0,0
2018-05-27 16:24:24.555,217.24,0.0301029996659,0.0,0
2018-05-27 16:24:24.741,217.34,0.0301029996659,0.0,0
2018-05-27 16:24:24.927,214.95,0.0301029996659,0.0,0
2018-05-27 16:24:25.360,213.13,0.0301029996659,0.0,0
2018-05-27 16:24:25.453,213.41,0.0301029996659,0.0,0
2018-05-27 16:24:25.546,211.92,0.0301029996659,0.0,0
2018-05-27 16:24:25.639,211.97,0.0301029996659,0.0,0
2018-05-27 16:24:25.732,212.18,0.0301029996659,0.0,0
2018-05-27 16:24:26.173,213.62,0.0301029996659,0.0,0
2018-05-27 16:24:26.266,211.9,0.0301029996659,0.0,0
2018-05-27 16:24:26.443,212.46,0.0301029996659,0.0,0
2018-05-27 16:24:26.620,213.01,0.0301029996659,0.0,0
2018-05-27 16:24:26.798,212.72,0.0301029996659,0.0,0
2018-05-27 16:24:26.881,212.86,0.0301029996659,0.0,0
2018-05-27 16:24:27.230,210.0,0.0301029996659,0.0,0
2018-05-27 16:24:27.490,210.27,0.0301029996659,0.0,0
2018-05-27 16:24:27.863,207.9,0.0301029996659,0.0,0
2018-05-27 16:24:28.108,207.96,0.0301029996659,0.0,0
2018-05-27 16:24:28.192,207.59,0.0301029996659,0.0,0
2018-05-27 16:24:28.369,205.77,0.0301029996659,0.0,0
2018-05-27 16:24:28.462,207.39,0.0301029996659,0.0,0
2018-05-27 16:24:28.556,206.19,0.0301029996659,0.0,0
2018-05-27 16:24:28.649,206.19,0.0301029996659,0.0,0
2018-05-27 16:24:28.751,205.65,0.0301029996659,0.0,0
2018-05-27 16:24:28.844,205.29,0.0301029996659,0.0,0
2018-05-27 16:24:29.006,205.43,0.0301029996659,0.0,0
2018-05-27 16:24:29.100,207.27,0.0301029996659,0.0,0
2018-05-27 16:24:29.360,205.87,0.0301029996659,0.0,0
2018-05-27 16:24:29.546,206.49,0.0301029996659,0.0,0
2018-05-27 16:24:29.640,207.67,0.0301029996659,0.0,0
2018-05-27 16:24:29.733,207.25,0.0301029996659,0.0,0
2018-05-27 16:24:29.919,208.14,0.0301029996659,0.0,0
2018-05-27 16:24:30.165,209.99,0.0301029996659,0.0,0
2018-05-27 16:24:30.435,210.67,0.0301029996659,0.0,0
2018-05-27 16:24:30.519,210.4,0.0301029996659,0.0,0
2018-05-27 16:24:30.612,211.74,0.0301029996659,0.0,0
2018-05-27 16:24:30.789,211.79,0.0301029996659,0.0,0
2018-05-27 16:24:31.044,212.74,0.0301029996659,0.0,0
2018-05-27 16:24:31.230,215.26,0.0301029996659,0.0,0
2018-05-27 16:24:31.323,213.06,0.0301029996659,0.0,0
2018-05-27 16:24:31.500,215.79,0.0301029996659,0.0,0
2018-05-27 16:24:31.687,216.83,0.0301029996659,0.0,0
2018-05-27 16:24:31.780,216.67,0.0301029996659,0.0,0
2018-05-27 16:24:31.864,216.81,0.0301029996659,0.0,0
2018-05-27 16:24:32.021,218.76,0.0301029996659,0.0,0
2018-05-27 16:24:32.109,217.83,0.0301029996659,0.0,0
2018-05-27 16:24:32.194,218.54,0.0301029996659,0.0,0
2018-05-27 16:24:32.370,219.77,0.0301029996659,0.0,0
2018-05-27 16:24:32.557,219.18,0.0301029996659,0.0,0
2018-05-27 16:24:32.640,219.29,0.0301029996659,0.0,0
2018-05-27 16:24:32.733,219.92,0.0301029996659,0.0,0
2018-05-27 16:24:32.826,221.81,0.0301029996659,0.0,0
2018-05-27 16:24:32.920,222.11,0.0301029996659,0.0,0
2018-05-27 16:24:33.081,220.98,0.0301029996659,0.0,0
2018-05-27 16:24:33.175,221.19,0.0301029996659,0.0,0
2018-05-27 16:24:33.268,221.94,0.0301029996659,0.0,0
2018-05-27 16:24:33.445,222.26,0.0301029996659,0.0,0
2018-05-27 16:24:33.538,224.26,0.0301029996659,0.0,0
2018-05-27 16:24:33.631,224.82,0.0301029996659,0.0,0
2018-05-27 16:24:33.817,224.01,0.0301029996659,0.0,0
2018-05-27 16:24:34.072,224.17,0.0301029996659,0.0,0
2018-05-27 16:24:34.166,224.91,0.0301029996659,0.0,0
2018-05-27 16:24:34.252,224.74,0.0301029996659,0.0,0
2018-05-27 16:24:34.426,225.81,0.0301029996659,0.0,0
2018-05-27 16:24:34.519,225.87,0.0301029996659,0.0,0
2018-05-27 16:24:34.613,225.76,0.0301029996659,0.0,0
2018-05-27 16:24:34.790,227.84,0.0301029996659,0.0,0
2018-05-27 16:24:34.883,228.12,0.0301029996659,0.0,0
2018-05-27 16:24:35.417,228.8,0.0301029996659,0.0,0
2018-05-27 16:24:35.511,228.88,0.0301029996659,0.0,0
2018-05-27 16:24:35.597,230.15,0.0301029996659,0.0,0
2018-05-27 16:24:35.687,229.66,0.0301029996659,0.0,0
2018-05-27 16:24:35.780,229.71,0.0301029996659,0.0,0
2018-05-27 16:24:35.874,230.21,0.0301029996659,0.0,0
2018-05-27 16:24:36.035,230.28,0.0301029996659,0.0,0
2018-05-27 16:24:36.129,230.02,0.0301029996659,0.0,0
2018-05-27 16:24:36.399,231.64,0.0301029996659,0.0,0
2018-05-27 16:24:36.585,232.31,0.0301029996659,0.0,0
2018-05-27 16:24:36.678,232.78,0.0301029996659,0.0,0
2018-05-27 16:24:37.022,231.84,0.0301029996659,0.0,0
2018-05-27 16:24:37.110,231.95,0.0301029996659,0.0,0
2018-05-27 16:24:37.194,230.88,0.0301029996659,0.0,0
2018-05-27 16:24:37.287,229.39,0.0301029996659,0.0,0
2018-05-27 16:24:37.371,228.16,0.0301029996659,0.0,0
2018-05-27 16:24:37.464,227.56,0.0301029996659,0.0,0
2018-05-27 16:24:37.744,224.88,0.0301029996659,0.0,0
2018-05-27 16:24:37.837,225.07,0.0301029996659,0.0,0
2018-05-27 16:24:38.455,217.72,0.0301029996659,0.0,0
2018-05-27 16:24:38.548,218.93,0.0301029996659,0.0,0
2018-05-27 16:24:38.641,216.66,0.0301029996659,0.0,0
2018-05-27 16:24:38.734,215.59,0.0301029996659,0.0,0
2018-05-27 16:24:38.828,216.23,0.0301029996659,0.0,0
2018-05-27 16:24:38.921,213.58,0.0301029996659,0.0,0
2018-05-27 16:24:39.176,213.27,0.0301029996659,0.0,0
2018-05-27 16:24:39.446,210.89,0.0301029996659,0.0,0
2018-05-27 16:24:39.818,207.74,0.0301029996659,0.0,0
2018-05-27 16:24:39.912,206.42,0.0301029996659,0.0,0
2018-05-27 16:24:40.167,205.7,0.0301029996659,0.0,0
2018-05-27 16:24:40.437,205.3,0.0301029996659,0.0,0
2018-05-27 16:24:40.623,204.59,0.0301029996659,0.0,0
2018-05-27 16:24:40.809,205.39,0.0301029996659,0.0,0
2018-05-27 16:24:41.064,205.98,0.0301029996659,0.0,0
2018-05-27 16:24:41.344,203.15,0.0301029996659,0.0,0
2018-05-27 16:24:41.428,203.05,0.0301029996659,0.0,0
2018-05-27 16:24:41.511,202.67,0.0301029996659,0.0,0
2018-05-27 16:24:41.605,201.54,0.0301029996659,0.0,0
2018-05-27 16:24:41.791,202.1,0.0301029996659,0.0,0
2018-05-27 16:24:41.884,202.71,0.0301029996659,0.0,0
2018-05-27 16:24:42.139,202.11,0.0301029996659,0.0,0
2018-05-27 16:24:42.232,203.08,0.0301029996659,0.0,0
2018-05-27 16:24:42.325,202.5,0.0301029996659,0.0,0
2018-05-27 16:24:42.409,202.43,0.0301029996659,0.0,0
2018-05-27 16:24:42.502,202.1,0.0301029996659,0.0,0
2018-05-27 16:24:42.595,204.1,0.0301029996659,0.0,0
2018-05-27 16:24:42.689,202.28,0.0301029996659,0.0,0
2018-05-27 16:24:42.782,203.15,0.0301029996659,0.0,0
2018-05-27 16:24:42.875,204.0,0.0301029996659,0.0,0
2018-05-27 16:24:43.037,203.34,0.0301029996659,0.0,0
2018-05-27 16:24:43.130,204.81,0.0301029996659,0.0,0
2018-05-27 16:24:43.316,204.72,0.0301029996659,0.0,0
2018-05-27 16:24:43.493,205.06,0.0301029996659,0.0,0
2018-05-27 16:24:43.586,203.74,0.0301029996659,0.0,0
2018-05-27 16:24:43.680,206.32,0.0301029996659,0.0,0
2018-05-27 16:24:43.772,205.34,0.0301029996659,0.0,0
2018-05-27 16:24:43.866,206.9,0.0301029996659,0.0,0
2018-05-27 16:24:44.023,207.09,0.0301029996659,0.0,0
2018-05-27 16:24:44.111,206.18,0.0301029996659,0.0,0
2018-05-27 16:24:44.195,206.33,0.0301029996659,0.0,0
2018-05-27 16:24:44.289,207.22,0.0301029996659,0.0,0
2018-05-27 16:24:44.465,206.85,0.0301029996659,0.0,0
2018-05-27 16:24:44.558,208.3,0.0301029996659,0.0,0
2018-05-27 16:24:44.652,207.14,0.0301029996659,0.0,0
2018-05-27 16:24:44.745,208.75,0.0301029996659,0.0,0
2018-05-27 16:24:44.838,208.53,0.0301029996659,0.0,0
2018-05-27 16:24:44.931,210.19,0.0301029996659,0.0,0
2018-05-27 16:24:45.093,209.78,0.0301029996659,0.0,0
2018-05-27 16:24:45.186,211.39,0.0301029996659,0.0,0
2018-05-27 16:24:45.279,210.06,0.0301029996659,0.0,0
2018-05-27 16:24:45.363,210.94,0.0301029996659,0.0,0
2018-05-27 16:24:45.456,210.85,0.0301029996659,0.0,0
2018-05-27 16:24:45.549,211.95,0.0301029996659,0.0,0
2018-05-27 16:24:45.736,213.88,0.0301029996659,0.0,0
2018-05-27 16:24:45.819,214.25,0.0301029996659,0.0,0
2018-05-27 16:24:45.912,211.55,0.0301029996659,0.0,0
2018-05-27 16:24:46.074,211.37,0.0301029996659,0.0,0
2018-05-27 16:24:46.261,208.63,0.0301029996659,0.0,0
2018-05-27 16:24:46.438,208.84,0.0301029996659,0.0,0
2018-05-27 16:24:46.792,206.22,0.0301029996659,0.0,0
2018-05-27 16:24:46.875,205.27,0.0301029996659,0.0,0
2018-05-27 16:24:47.130,203.4,0.0301029996659,0.0,0
2018-05-27 16:24:47.317,202.6,0.0301029996659,0.0,0
2018-05-27 16:24:47.400,203.47,0.0301029996659,0.0,0
2018-05-27 16:24:47.494,203.94,0.0301029996659,0.0,0
2018-05-27 16:24:47.857,202.29,0.0301029996659,0.0,0
2018-05-27 16:24:48.009,203.48,0.0301029996659,0.0,0
2018-05-27 16:24:48.196,202.29,0.0301029996659,0.0,0
2018-05-27 16:24:48.289,203.89,0.0301029996659,0.0,0
2018-05-27 16:24:48.373,204.09,0.0301029996659,0.0,0
2018-05-27 16:24:48.559,203.1,0.0301029996659,0.0,0
2018-05-27 16:24:48.736,204.73,0.0301029996659,0.0,0
2018-05-27 16:24:48.829,203.43,0.0301029996659,0.0,0
2018-05-27 16:24:48.922,204.52,0.0301029996659,0.0,0
2018-05-27 16:24:49.177,203.27,0.0301029996659,0.0,0
2018-05-27 16:24:49.270,204.52,0.0301029996659,0.0,0
2018-05-27 16:24:49.447,204.16,0.0301029996659,0.0,0
2018-05-27 16:24:49.634,204.49,0.0301029996659,0.0,0
2018-05-27 16:24:49.913,205.61,0.0301029996659,0.0,0
2018-05-27 16:24:50.168,205.95,0.0301029996659,0.0,0
2018-05-27 16:24:50.261,207.28,0.0301029996659,0.0,0
2018-05-27 16:24:50.345,207.65,0.0301029996659,0.0,0
2018-05-27 16:24:50.522,206.95,0.0301029996659,0.0,0
2018-05-27 16:24:50.708,206.94,0.0301029996659,0.0,0
2018-05-27 16:24:50.792,207.88,0.0301029996659,0.0,0
2018-05-27 16:24:51.047,208.43,0.0301029996659,0.0,0
2018-05-27 16:24:51.140,209.4,0.0301029996659,0.0,0
2018-05-27 16:24:51.317,208.93,0.0301029996659,0.0,0
2018-05-27 16:24:51.401,208.98,0.0301029996659,0.0,0
2018-05-27 16:24:51.494,211.32,0.0301029996659,0.0,0
2018-05-27 16:24:51.587,210.17,0.0301029996659,0.0,0
2018-05-27 16:24:51.680,210.98,0.0301029996659,0.0,0
2018-05-27 16:24:51.867,210.86,0.0301029996659,0.0,0
2018-05-27 16:24:52.112,213.93,0.0301029996659,0.0,0
2018-05-27 16:24:52.196,212.67,0.0301029996659,0.0,0
2018-05-27 16:24:52.290,214.18,0.0301029996659,0.0,0
2018-05-27 16:24:52.382,214.18,0.0301029996659,0.0,0
2018-05-27 16:24:52.466,212.88,0.0301029996659,0.0,0
2018-05-27 16:24:52.653,215.62,0.0301029996659,0.0,0
2018-05-27 16:24:52.746,214.97,0.0301029996659,0.0,0
2018-05-27 16:24:52.840,215.59,0.0301029996659,0.0,0
2018-05-27 16:24:52.923,216.28,0.0301029996659,0.0,0
2018-05-27 16:24:53.085,217.77,0.0301029996659,0.0,0
2018-05-27 16:24:53.634,219.21,0.0301029996659,0.0,0
2018-05-27 16:24:53.728,218.04,0.0301029996659,0.0,0
2018-05-27 16:24:53.904,218.34,0.0301029996659,0.0,0
2018-05-27 16:24:54.066,219.28,0.0301029996659,0.0,0
2018-05-27 16:24:54.150,219.19,0.0301029996659,0.0,0
2018-05-27 16:24:54.327,219.5,0.0301029996659,0.0,0
2018-05-27 16:24:54.420,220.78,0.0301029996659,0.0,0
2018-05-27 16:24:54.504,219.87,0.0301029996659,0.0,0
2018-05-27 16:24:54.597,220.31,0.0301029996659,0.0,0
2018-05-27 16:24:54.690,222.49,0.0301029996659,0.0,0
2018-05-27 16:24:54.784,222.98,0.0301029996659,0.0,0
2018-05-27 16:24:54.876,222.34,0.0301029996659,0.0,0
2018-05-27 16:24:55.131,222.1,0.0301029996659,0.0,0
2018-05-27 16:24:55.308,222.73,0.0301029996659,0.0,0
2018-05-27 16:24:55.495,224.37,0.0301029996659,0.0,0
2018-05-27 16:24:55.588,224.92,0.0301029996659,0.0,0
2018-05-27 16:24:55.681,224.8,0.0301029996659,0.0,0
2018-05-27 16:24:55.774,225.19,0.0301029996659,0.0,0
2018-05-27 16:24:55.867,224.27,0.138058545864,0.0,0
2018-05-27 16:24:56.029,225.42,0.138058545864,0.0,0
2018-05-27 16:24:56.197,225.27,0.138058545864,0.0,0
2018-05-27 16:24:56.290,226.89,0.138058545864,0.0,0
2018-05-27 16:24:56.467,225.4,0.138058545864,0.0,0
2018-05-27 16:24:56.560,226.15,0.138058545864,0.0,0
2018-05-27 16:24:56.737,226.01,0.138058545864,0.0,0
2018-05-27 16:24:56.831,226.97,0.138058545864,0.0,0
2018-05-27 16:24:56.914,227.19,0.138058545864,0.0,0
2018-05-27 16:24:57.169,227.35,0.138058545864,0.0,0
2018-05-27 16:24:57.617,228.21,0.138058545864,0.0,0
2018-05-27 16:24:58.141,229.23,0.138058545864,0.0,0
2018-05-27 16:24:58.327,229.53,0.138058545864,0.0,0
2018-05-27 16:24:58.504,232.23,0.138058545864,0.0,0
2018-05-27 16:24:58.681,230.36,0.138058545864,0.0,0
2018-05-27 16:24:58.774,230.82,0.138058545864,0.0,0
2018-05-27 16:24:59.025,233.47,0.138058545864,0.0,0
2018-05-27 16:24:59.113,233.28,0.138058545864,0.0,0
2018-05-27 16:24:59.467,232.56,0.138058545864,0.0,0
2018-05-27 16:24:59.560,233.16,0.138058545864,0.0,0
2018-05-27 16:24:59.840,231.07,0.138058545864,0.0,0
2018-05-27 16:25:00.002,230.21,0.138058545864,0.0,0
2018-05-27 16:25:00.095,229.53,0.138058545864,0.0,0
2018-05-27 16:25:00.188,228.55,0.138058545864,0.0,0
2018-05-27 16:25:00.281,228.67,0.138058545864,0.0,0
2018-05-27 16:25:00.365,226.22,0.138058545864,0.0,0
2018-05-27 16:25:00.551,224.77,0.138058545864,0.0,0
2018-05-27 16:25:00.644,223.99,0.138058545864,0.0,0
2018-05-27 16:25:00.924,221.18,0.138058545864,0.0,0
2018-05-27 16:25:01.086,221.09,0.138058545864,0.0,0
2018-05-27 16:25:01.179,220.19,0.138058545864,0.0,0
2018-05-27 16:25:01.272,221.08,0.138058545864,0.0,0
2018-05-27 16:25:01.356,219.18,0.138058545864,0.0,0
2018-05-27 16:25:01.449,219.57,0.138058545864,0.0,0
2018-05-27 16:25:01.542,217.96,0.138058545864,0.0,0
2018-05-27 16:25:01.635,218.03,0.138058545864,0.0,0
2018-05-27 16:25:01.822,218.59,0.138058545864,0.0,0
2018-05-27 16:25:01.915,216.47,0.138058545864,0.0,0
2018-05-27 16:25:02.170,217.07,0.138058545864,0.0,0
2018-05-27 16:25:02.263,215.84,0.138058545864,0.0,0
2018-05-27 16:25:02.440,215.87,0.138058545864,0.0,0
2018-05-27 16:25:02.524,214.75,0.138058545864,0.0,0
2018-05-27 16:25:02.617,214.6,0.138058545864,0.0,0
2018-05-27 16:25:02.803,213.35,0.138058545864,0.0,0
2018-05-27 16:25:02.896,214.51,0.138058545864,0.0,0
2018-05-27 16:25:03.151,212.64,0.138058545864,0.0,0
2018-05-27 16:25:03.514,211.88,0.138058545864,0.0,0
2018-05-27 16:25:03.701,212.24,0.138058545864,0.0,0
2018-05-27 16:25:04.049,211.71,0.138058545864,0.0,0
2018-05-27 16:25:04.142,212.49,0.138058545864,0.0,0
2018-05-27 16:25:04.235,211.47,0.138058545864,0.0,0
2018-05-27 16:25:04.412,213.03,0.138058545864,0.0,0
2018-05-27 16:25:04.598,211.92,0.138058545864,0.0,0
2018-05-27 16:25:04.691,213.5,0.138058545864,0.0,0
2018-05-27 16:25:04.784,211.98,0.138058545864,0.0,0
2018-05-27 16:25:05.039,211.68,0.138058545864,0.0,0
2018-05-27 16:25:05.133,212.85,0.138058545864,0.0,0
2018-05-27 16:25:05.496,214.78,0.138058545864,0.0,0
2018-05-27 16:25:05.775,215.99,0.138058545864,0.0,0
2018-05-27 16:25:05.868,215.04,0.138058545864,0.0,0
2018-05-27 16:25:06.025,216.63,0.138058545864,0.0,0
2018-05-27 16:25:06.291,217.08,0.138058545864,0.0,0
2018-05-27 16:25:06.664,218.26,0.138058545864,0.0,0
2018-05-27 16:25:06.757,219.13,0.138058545864,0.0,0
2018-05-27 16:25:07.198,217.9,0.138058545864,0.0,0
2018-05-27 16:25:07.291,216.75,0.138058545864,0.0,0
2018-05-27 16:25:07.654,215.96,0.138058545864,0.0,0
2018-05-27 16:25:07.748,214.7,0.138058545864,0.0,0
2018-05-27 16:25:07.841,215.21,0.138058545864,0.0,0
2018-05-27 16:25:08.189,213.87,0.138058545864,0.0,0
2018-05-27 16:25:08.459,211.29,0.138058545864,0.0,0
2018-05-27 16:25:08.552,211.89,0.138058545864,0.0,0
2018-05-27 16:25:08.645,210.43,0.138058545864,0.0,0
2018-05-27 16:25:08.738,211.89,0.138058545864,0.0,0
2018-05-27 16:25:08.925,212.73,0.138058545864,0.0,0
2018-05-27 16:25:09.273,212.15,0.138058545864,0.0,0
2018-05-27 16:25:09.357,212.15,0.138058545864,0.0,0
2018-05-27 16:25:09.636,210.25,0.138058545864,0.0,0
2018-05-27 16:25:09.822,211.16,0.138058545864,0.0,0
2018-05-27 16:25:10.077,211.8,0.138058545864,0.0,0
2018-05-27 16:25:10.170,211.93,0.138058545864,0.0,0
2018-05-27 16:25:10.264,212.76,0.138058545864,0.0,0
2018-05-27 16:25:10.347,213.01,0.138058545864,0.0,0
2018-05-27 16:25:10.441,212.07,0.138058545864,0.0,0
2018-05-27 16:25:10.524,212.41,0.138058545864,0.0,0
2018-05-27 16:25:10.711,213.49,0.138058545864,0.0,0
2018-05-27 16:25:10.794,212.95,0.138058545864,0.0,0
2018-05-27 16:25:10.888,213.08,0.138058545864,0.0,0
2018-05-27 16:25:11.049,212.49,0.138058545864,0.0,0
2018-05-27 16:25:11.403,214.85,0.138058545864,0.0,0
2018-05-27 16:25:11.683,214.71,0.138058545864,0.0,0
2018-05-27 16:25:11.776,214.54,0.138058545864,0.0,0
2018-05-27 16:25:12.026,215.47,0.138058545864,0.0,0
2018-05-27 16:25:12.115,216.94,0.138058545864,0.0,0
2018-05-27 16:25:12.199,217.41,0.138058545864,0.0,0
2018-05-27 16:25:12.292,217.14,0.138058545864,0.0,0
2018-05-27 16:25:12.376,217.71,0.138058545864,0.0,0
2018-05-27 16:25:12.469,216.5,0.138058545864,0.0,0
2018-05-27 16:25:12.655,219.43,0.138058545864,0.0,0
2018-05-27 16:25:12.832,219.05,0.138058545864,0.0,0
2018-05-27 16:25:13.087,218.35,0.138058545864,0.0,0
2018-05-27 16:25:13.180,218.8,0.138058545864,0.0,0
2018-05-27 16:25:13.357,219.6,0.138058545864,0.0,0
2018-05-27 16:25:13.450,220.77,0.138058545864,0.0,0
2018-05-27 16:25:13.543,220.23,0.138058545864,0.0,0
2018-05-27 16:25:13.721,221.55,0.138058545864,0.0,0
2018-05-27 16:25:13.804,222.68,0.138058545864,0.0,0
2018-05-27 16:25:13.897,221.95,0.138058545864,0.0,0
2018-05-27 16:25:14.059,221.58,0.138058545864,0.0,0
2018-05-27 16:25:14.245,222.58,0.138058545864,0.0,0
2018-05-27 16:25:14.329,222.61,0.138058545864,0.0,0
2018-05-27 16:25:14.432,224.88,0.138058545864,0.0,0
2018-05-27 16:25:14.525,224.29,0.138058545864,0.0,0
2018-05-27 16:25:14.711,224.18,0.138058545864,0.0,0
2018-05-27 16:25:14.804,223.97,0.138058545864,0.0,0
2018-05-27 16:25:14.897,224.92,0.138058545864,0.0,0
2018-05-27 16:25:15.059,226.15,0.138058545864,0.0,0
2018-05-27 16:25:15.246,225.27,0.138058545864,0.0,0
2018-05-27 16:25:15.423,226.54,0.138058545864,0.0,0
2018-05-27 16:25:15.516,226.89,0.138058545864,0.0,0
2018-05-27 16:25:15.609,226.7,0.138058545864,0.0,0
2018-05-27 16:25:15.702,226.31,0.138058545864,0.0,0
2018-05-27 16:25:15.795,225.51,0.138058545864,0.0,0
2018-05-27 16:25:15.888,226.55,0.138058545864,0.0,0
2018-05-27 16:25:16.050,227.11,0.138058545864,0.0,0
2018-05-27 16:25:16.143,226.58,0.138058545864,0.0,0
2018-05-27 16:25:16.227,227.75,0.138058545864,0.0,0
2018-05-27 16:25:16.320,228.16,0.138058545864,0.0,0
2018-05-27 16:25:16.497,229.3,0.138058545864,0.0,0
2018-05-27 16:25:16.683,230.07,0.138058545864,0.0,0
2018-05-27 16:25:16.777,229.76,0.138058545864,0.0,0
2018-05-27 16:25:17.029,229.25,0.138058545864,0.0,0
2018-05-27 16:25:17.115,230.16,0.138058545864,0.0,0
2018-05-27 16:25:17.376,230.68,0.138058545864,0.0,0
2018-05-27 16:25:17.656,231.14,0.138058545864,0.0,0
2018-05-27 16:25:17.926,232.56,0.138058545864,0.0,0
2018-05-27 16:25:18.088,232.69,0.138058545864,0.0,0
2018-05-27 16:25:18.274,234.0,0.138058545864,0.0,0
2018-05-27 16:25:18.451,232.62,0.138058545864,0.0,0
2018-05-27 16:25:18.637,233.35,0.138058545864,0.0,0
2018-05-27 16:25:18.814,235.42,0.138058545864,0.0,0
2018-05-27 16:25:19.069,234.63,0.138058545864,0.0,0
2018-05-27 16:25:19.256,233.86,0.138058545864,0.0,0
2018-05-27 16:25:19.516,235.35,0.138058545864,0.0,0
2018-05-27 16:25:19.600,236.07,0.138058545864,0.0,0
2018-05-27 16:25:19.693,234.18,0.138058545864,0.0,0
2018-05-27 16:25:19.880,232.08,0.138058545864,0.0,0
2018-05-27 16:25:20.135,230.06,0.138058545864,0.0,0
2018-05-27 16:25:20.228,229.79,0.138058545864,0.0,0
2018-05-27 16:25:20.321,229.07,0.138058545864,0.0,0
2018-05-27 16:25:20.405,228.17,0.138058545864,0.0,0
2018-05-27 16:25:20.493,228.88,0.138058545864,0.0,0
2018-05-27 16:25:20.582,227.68,0.138058545864,0.0,0
2018-05-27 16:25:21.014,224.42,0.138058545864,0.0,0
2018-05-27 16:25:21.107,223.72,0.138058545864,0.0,0
2018-05-27 16:25:21.200,221.27,0.138058545864,0.0,0
2018-05-27 16:25:21.293,220.34,0.138058545864,0.0,0
2018-05-27 16:25:21.377,219.19,0.138058545864,0.0,0
2018-05-27 16:25:21.656,218.15,0.138058545864,0.0,0
2018-05-27 16:25:21.750,215.54,0.138058545864,0.0,0
2018-05-27 16:25:21.843,215.56,0.138058545864,0.0,0
2018-05-27 16:25:22.004,216.03,0.138058545864,0.0,0
2018-05-27 16:25:22.461,212.2,0.138058545864,0.0,0
2018-05-27 16:25:22.647,211.47,0.138058545864,0.0,0
2018-05-27 16:25:22.740,210.74,0.138058545864,0.0,0
2018-05-27 16:25:22.833,211.0,0.138058545864,0.0,0
2018-05-27 16:25:22.927,209.93,0.138058545864,0.0,0
2018-05-27 16:25:23.368,207.48,0.138058545864,0.0,0
2018-05-27 16:25:23.461,208.0,0.138058545864,0.0,0
2018-05-27 16:25:23.554,205.4,0.138058545864,0.0,0
2018-05-27 16:25:23.648,206.06,0.138058545864,0.0,0
2018-05-27 16:25:23.731,205.68,0.138058545864,0.0,0
2018-05-27 16:25:23.824,204.18,0.138058545864,0.0,0
2018-05-27 16:25:24.079,203.99,0.138058545864,0.0,0
2018-05-27 16:25:24.172,202.61,0.138058545864,0.0,0
2018-05-27 16:25:24.266,202.96,0.138058545864,0.0,0
2018-05-27 16:25:24.349,201.49,0.138058545864,0.0,0
2018-05-27 16:25:24.442,201.82,0.138058545864,0.0,0
2018-05-27 16:25:24.536,199.83,0.138058545864,0.0,0
2018-05-27 16:25:24.713,197.58,0.138058545864,0.0,0
2018-05-27 16:25:24.899,197.84,0.138058545864,0.0,0
2018-05-27 16:25:25.061,195.68,0.138058545864,0.0,0
2018-05-27 16:25:25.247,196.93,0.138058545864,0.0,0
2018-05-27 16:25:25.331,195.99,0.138058545864,0.0,0
2018-05-27 16:25:25.424,197.99,0.138058545864,0.0,0
2018-05-27 16:25:25.508,195.89,0.138058545864,0.0,0
2018-05-27 16:25:25.694,196.31,0.138058545864,0.0,0
2018-05-27 16:25:25.773,196.37,0.138058545864,0.0,0
2018-05-27 16:25:25.871,197.03,0.138058545864,0.0,0
2018-05-27 16:25:26.028,198.56,0.138058545864,0.0,0
2018-05-27 16:25:26.117,197.9,0.138058545864,0.0,0
2018-05-27 16:25:26.201,197.9,0.138058545864,0.0,0
2018-05-27 16:25:26.294,198.5,0.138058545864,0.0,0
2018-05-27 16:25:26.387,199.43,0.138058545864,0.0,0
2018-05-27 16:25:26.471,199.61,0.138058545864,0.0,0
2018-05-27 16:25:26.564,201.13,0.138058545864,0.0,0
2018-05-27 16:25:26.834,200.95,0.138058545864,0.0,0
2018-05-27 16:25:26.928,202.47,0.138058545864,0.0,0
2018-05-27 16:25:27.173,202.56,0.138058545864,0.0,0
2018-05-27 16:25:27.266,202.78,0.138058545864,0.0,0
2018-05-27 16:25:27.443,205.33,0.138058545864,0.0,0
2018-05-27 16:25:27.536,204.71,0.138058545864,0.0,0
2018-05-27 16:25:27.629,206.41,0.138058545864,0.0,0
2018-05-27 16:25:27.899,207.93,0.138058545864,0.0,0
2018-05-27 16:25:28.238,209.1,0.138058545864,0.0,0
2018-05-27 16:25:28.331,207.93,0.138058545864,0.0,0
2018-05-27 16:25:28.415,207.27,0.138058545864,0.0,0
2018-05-27 16:25:28.592,208.52,0.138058545864,0.0,0
2018-05-27 16:25:28.685,208.08,0.138058545864,0.0,0
2018-05-27 16:25:28.872,207.13,0.138058545864,0.0,0
2018-05-27 16:25:29.033,208.02,0.138058545864,0.0,0
2018-05-27 16:25:29.220,208.17,0.138058545864,0.0,0
2018-05-27 16:25:29.402,205.92,0.138058545864,0.0,0
2018-05-27 16:25:29.667,206.79,0.138058545864,0.0,0
2018-05-27 16:25:29.844,206.7,0.138058545864,0.0,0
2018-05-27 16:25:30.006,206.92,0.138058545864,0.0,0
2018-05-27 16:25:30.099,205.95,0.138058545864,0.0,0
2018-05-27 16:25:30.192,207.79,0.138058545864,0.0,0
2018-05-27 16:25:30.285,205.26,0.138058545864,0.0,0
2018-05-27 16:25:30.378,207.92,0.138058545864,0.0,0
2018-05-27 16:25:30.462,208.16,0.138058545864,0.0,0
2018-05-27 16:25:30.648,208.29,0.138058545864,0.0,0
2018-05-27 16:25:30.741,206.49,0.138058545864,0.0,0
2018-05-27 16:25:30.835,208.24,0.138058545864,0.0,0
2018-05-27 16:25:30.928,207.34,0.138058545864,0.0,0
2018-05-27 16:25:31.090,208.68,0.138058545864,0.0,0
2018-05-27 16:25:31.183,207.59,0.138058545864,0.0,0
2018-05-27 16:25:31.267,207.62,0.138058545864,0.0,0
2018-05-27 16:25:31.350,207.97,0.138058545864,0.0,0
2018-05-27 16:25:31.444,209.45,0.138058545864,0.0,0
2018-05-27 16:25:31.527,209.96,0.138058545864,0.0,0
2018-05-27 16:25:31.714,209.92,0.138058545864,0.0,0
2018-05-27 16:25:31.891,208.93,0.138058545864,0.0,0
2018-05-27 16:25:32.146,210.01,0.138058545864,0.0,0
2018-05-27 16:25:32.332,211.34,0.138058545864,0.0,0
2018-05-27 16:25:32.425,209.84,0.138058545864,0.0,0
2018-05-27 16:25:32.611,210.67,0.138058545864,0.0,0
2018-05-27 16:25:32.704,212.07,0.138058545864,0.0,0
2018-05-27 16:25:32.798,209.77,0.138058545864,0.0,0
2018-05-27 16:25:32.891,211.66,0.138058545864,0.0,0
2018-05-27 16:25:33.043,211.6,0.138058545864,0.0,0
2018-05-27 16:25:33.136,212.54,0.138058545864,0.0,0
2018-05-27 16:25:33.230,212.61,0.138058545864,0.0,0
2018-05-27 16:25:33.323,214.3,0.138058545864,0.0,0
2018-05-27 16:25:33.416,213.21,0.138058545864,0.0,0
2018-05-27 16:25:33.509,213.52,0.138058545864,0.0,0
2018-05-27 16:25:33.695,214.0,0.138058545864,0.0,0
2018-05-27 16:25:33.789,215.13,0.138058545864,0.0,0
2018-05-27 16:25:34.034,217.15,0.138058545864,0.0,0
2018-05-27 16:25:34.220,216.65,0.138058545864,0.0,0
2018-05-27 16:25:34.490,218.53,0.138058545864,0.0,0
2018-05-27 16:25:34.575,218.06,0.138058545864,0.0,0
2018-05-27 16:25:34.658,217.06,0.138058545864,0.0,0
2018-05-27 16:25:34.751,217.86,0.138058545864,0.0,0
2018-05-27 16:25:34.845,219.35,0.138058545864,0.0,0
2018-05-27 16:25:35.006,217.81,0.138058545864,0.0,0
2018-05-27 16:25:35.193,220.45,0.138058545864,0.0,0
2018-05-27 16:25:35.286,220.03,0.138058545864,0.0,0
2018-05-27 16:25:35.370,221.06,0.138058545864,0.0,0
2018-05-27 16:25:35.463,220.72,0.138058545864,0.0,0
2018-05-27 16:25:35.640,221.87,0.138058545864,0.0,0
2018-05-27 16:25:35.733,220.67,0.138058545864,0.0,0
2018-05-27 16:25:35.919,221.4,0.138058545864,0.0,0
2018-05-27 16:25:36.081,223.32,0.138058545864,0.0,0
2018-05-27 16:25:36.174,222.7,0.138058545864,0.0,0
2018-05-27 16:25:36.267,222.57,0.138058545864,0.0,0
2018-05-27 16:25:36.351,223.7,0.138058545864,0.0,0
2018-05-27 16:25:36.528,223.44,0.138058545864,0.0,0
2018-05-27 16:25:36.621,224.72,0.138058545864,0.0,0
2018-05-27 16:25:36.714,224.35,0.138058545864,0.0,0
2018-05-27 16:25:36.807,224.15,0.138058545864,0.0,0
2018-05-27 16:25:37.062,224.96,0.138058545864,0.0,0
2018-05-27 16:25:37.249,225.92,0.138058545864,0.0,0
2018-05-27 16:25:37.333,224.85,0.138058545864,0.0,0
2018-05-27 16:25:37.519,225.23,0.138058545864,0.0,0
2018-05-27 16:25:37.612,225.97,0.138058545864,0.0,0
2018-05-27 16:25:37.705,226.89,0.138058545864,0.0,0
2018-05-27 16:25:37.799,226.9,0.138058545864,0.0,0
2018-05-27 16:25:37.882,225.36,0.138058545864,0.0,0
2018-05-27 16:25:38.138,228.16,0.138058545864,0.0,0
2018-05-27 16:25:38.407,227.22,0.138058545864,0.0,0
2018-05-27 16:25:38.593,228.27,0.138058545864,0.0,0
2018-05-27 16:25:38.687,228.91,0.138058545864,0.0,0
2018-05-27 16:25:39.030,228.78,0.138058545864,0.0,0
2018-05-27 16:25:39.119,229.07,0.138058545864,0.0,0
2018-05-27 16:25:39.389,231.2,0.138058545864,0.0,0
2018-05-27 16:25:39.566,231.28,0.138058545864,0.0,0
2018-05-27 16:25:39.659,230.58,0.138058545864,0.0,0
2018-05-27 16:25:39.845,231.86,0.138058545864,0.0,0
2018-05-27 16:25:40.007,232.34,0.138058545864,0.0,0
2018-05-27 16:25:40.193,232.05,0.138058545864,0.0,0
2018-05-27 16:25:40.547,232.59,0.138058545864,0.0,0
2018-05-27 16:25:40.640,232.03,0.138058545864,0.0,0
2018-05-27 16:25:41.082,230.89,0.138058545864,0.0,0
2018-05-27 16:25:41.436,227.02,0.138058545864,0.0,0
2018-05-27 16:25:41.529,226.36,0.138058545864,0.0,0
2018-05-27 16:25:41.622,225.22,0.138058545864,0.0,0
2018-05-27 16:25:41.808,225.11,0.138058545864,0.0,0
2018-05-27 16:25:42.054,222.51,0.138058545864,0.0,0
2018-05-27 16:25:42.240,221.07,0.138058545864,0.0,0
2018-05-27 16:25:42.333,219.49,0.138058545864,0.0,0
2018-05-27 16:25:42.519,218.86,0.138058545864,0.0,0
2018-05-27 16:25:42.799,216.81,0.138058545864,0.0,0
2018-05-27 16:25:43.045,214.76,0.138058545864,0.0,0
2018-05-27 16:25:43.138,212.79,0.138058545864,0.0,0
2018-05-27 16:25:43.222,212.07,0.138058545864,0.0,0
2018-05-27 16:25:43.317,212.26,0.138058545864,0.0,0
2018-05-27 16:25:43.408,213.0,0.138058545864,0.0,0
2018-05-27 16:25:43.483,211.13,0.138058545864,0.0,0
2018-05-27 16:25:43.669,210.99,0.138058545864,0.0,0
2018-05-27 16:25:43.855,211.15,0.138058545864,0.0,0
2018-05-27 16:25:44.017,210.43,0.138058545864,0.0,0
2018-05-27 16:25:44.296,210.66,0.138058545864,0.0,0
2018-05-27 16:25:44.473,209.35,0.138058545864,0.0,0
2018-05-27 16:25:44.566,210.2,0.138058545864,0.0,0
2018-05-27 16:25:44.753,210.21,0.138058545864,0.0,0
2018-05-27 16:25:45.008,210.11,0.138058545864,0.0,0
2018-05-27 16:25:45.101,208.33,0.138058545864,0.0,0
2018-05-27 16:25:45.380,209.54,0.138058545864,0.0,0
2018-05-27 16:25:45.464,208.99,0.138058545864,0.0,0
2018-05-27 16:25:45.827,210.71,0.138058545864,0.0,0
2018-05-27 16:25:45.920,209.26,0.138058545864,0.0,0
2018-05-27 16:25:46.175,209.58,0.138058545864,0.0,0
2018-05-27 16:25:46.268,211.21,0.138058545864,0.0,0
2018-05-27 16:25:46.539,210.48,0.138058545864,0.0,0
2018-05-27 16:25:46.809,211.15,0.138058545864,0.0,0
2018-05-27 16:25:46.902,212.53,0.138058545864,0.0,0
2018-05-27 16:25:47.157,211.62,0.138058545864,0.0,0
2018-05-27 16:25:47.334,212.85,0.138058545864,0.0,0
2018-05-27 16:25:47.883,215.22,0.138058545864,0.0,0
2018-05-27 16:25:48.138,214.08,0.138058545864,0.0,0
2018-05-27 16:25:48.409,216.52,0.138058545864,0.0,0
2018-05-27 16:25:48.502,216.0,0.138058545864,0.0,0
2018-05-27 16:25:48.781,217.5,0.138058545864,0.0,0
2018-05-27 16:25:48.874,217.22,0.138058545864,0.0,0
2018-05-27 16:25:49.120,216.97,0.138058545864,0.0,0
2018-05-27 16:25:49.483,215.2,0.138058545864,0.0,0
2018-05-27 16:25:49.576,214.86,0.138058545864,0.0,0
2018-05-27 16:25:49.763,212.93,0.138058545864,0.0,0
2018-05-27 16:25:49.856,213.06,0.138058545864,0.0,0
2018-05-27 16:25:50.018,210.56,0.138058545864,0.0,0
2018-05-27 16:25:50.288,210.68,0.138058545864,0.0,0
2018-05-27 16:25:50.372,211.03,0.138058545864,0.0,0
2018-05-27 16:25:50.558,210.88,0.138058545864,0.0,0
2018-05-27 16:25:50.744,211.22,0.138058545864,0.0,0
2018-05-27 16:25:50.837,209.62,0.138058545864,0.0,0
2018-05-27 16:25:51.270,209.48,0.138058545864,0.0,0
2018-05-27 16:25:51.353,208.63,0.138058545864,0.0,0
2018-05-27 16:25:51.540,208.26,0.138058545864,0.0,0
2018-05-27 16:25:51.633,209.72,0.138058545864,0.0,0
2018-05-27 16:25:51.717,210.77,0.138058545864,0.0,0
2018-05-27 16:25:51.801,210.51,0.138058545864,0.0,0
2018-05-27 16:25:51.894,208.83,0.138058545864,0.0,0
2018-05-27 16:25:52.149,208.47,0.138058545864,0.0,0
2018-05-27 16:25:52.242,210.86,0.138058545864,0.0,0
2018-05-27 16:25:52.335,209.67,0.138058545864,0.0,0
2018-05-27 16:25:52.428,210.01,0.138058545864,0.0,0
2018-05-27 16:25:52.521,210.87,0.138058545864,0.0,0
2018-05-27 16:25:52.614,210.4,0.138058545864,0.0,0
2018-05-27 16:25:52.708,211.05,0.138058545864,0.0,0
2018-05-27 16:25:52.791,211.99,0.138058545864,0.0,0
2018-05-27 16:25:52.885,210.39,0.138058545864,0.0,0
2018-05-27 16:25:53.046,212.57,0.138058545864,0.0,0
2018-05-27 16:25:53.233,211.64,0.138058545864,0.0,0
2018-05-27 16:25:53.419,211.86,0.138058545864,0.0,0
2018-05-27 16:25:53.592,211.55,0.138058545864,0.0,0
2018-05-27 16:25:53.680,212.28,0.138058545864,0.0,0
2018-05-27 16:25:53.764,212.3,0.138058545864,0.0,0
2018-05-27 16:25:54.112,213.72,0.138058545864,0.0,0
2018-05-27 16:25:54.205,215.78,0.138058545864,0.0,0
2018-05-27 16:25:54.298,214.57,0.138058545864,0.0,0
2018-05-27 16:25:54.383,214.62,0.138058545864,0.0,0
2018-05-27 16:25:54.475,215.62,0.138058545864,0.0,0
2018-05-27 16:25:54.568,217.42,0.138058545864,0.0,0
2018-05-27 16:25:54.662,216.33,0.138058545864,0.0,0
2018-05-27 16:25:54.755,215.98,0.138058545864,0.0,0
2018-05-27 16:25:55.010,217.68,0.138058545864,0.0,0
2018-05-27 16:25:55.103,217.81,0.138058545864,0.0,0
2018-05-27 16:25:55.196,218.09,0.138058545864,0.0,0
2018-05-27 16:25:55.289,218.67,0.138058545864,0.0,0
2018-05-27 16:25:55.373,218.91,0.138058545864,0.0,0
2018-05-27 16:25:55.466,219.33,0.138058545864,0.0,0
2018-05-27 16:25:55.643,219.98,0.138058545864,0.0,0
2018-05-27 16:25:55.736,218.38,0.138058545864,0.0,0
2018-05-27 16:25:55.829,219.02,0.138058545864,0.0,0
2018-05-27 16:25:55.923,220.2,0.138058545864,0.0,0
2018-05-27 16:25:56.084,220.0,0.138058545864,0.0,0
2018-05-27 16:25:56.178,219.75,0.138058545864,0.0,0
2018-05-27 16:25:56.271,220.23,0.138058545864,0.0,0
2018-05-27 16:25:56.355,219.8,0.138058545864,0.0,0
2018-05-27 16:25:56.532,220.64,0.138058545864,0.0,0
2018-05-27 16:25:56.625,221.8,0.138058545864,0.0,0
2018-05-27 16:25:56.718,222.04,0.138058545864,0.0,0
2018-05-27 16:25:56.811,222.79,0.138058545864,0.0,0
2018-05-27 16:25:57.066,222.39,0.138058545864,0.0,0
2018-05-27 16:25:57.243,223.71,0.138058545864,0.0,0
2018-05-27 16:25:57.327,223.99,0.138058545864,0.0,0
2018-05-27 16:25:57.513,225.63,0.138058545864,0.0,0
2018-05-27 16:25:57.783,226.19,0.138058545864,0.0,0
2018-05-27 16:25:58.034,225.92,0.138058545864,0.0,0
2018-05-27 16:25:58.206,225.65,0.138058545864,0.0,0
2018-05-27 16:25:58.300,225.1,0.138058545864,0.0,0
2018-05-27 16:25:58.383,225.7,0.138058545864,0.0,0
2018-05-27 16:25:58.476,225.81,0.138058545864,0.0,0
2018-05-27 16:25:58.569,225.85,0.138058545864,0.0,0
2018-05-27 16:25:58.663,226.71,0.138058545864,0.0,0
2018-05-27 16:25:58.756,227.06,0.138058545864,0.0,0
2018-05-27 16:25:59.011,228.76,0.138058545864,0.0,0
2018-05-27 16:25:59.104,228.96,0.138058545864,0.0,0
2018-05-27 16:25:59.290,229.41,0.138058545864,0.0,0
2018-05-27 16:25:59.374,227.87,0.138058545864,0.0,0
2018-05-27 16:25:59.467,228.78,0.138058545864,0.0,0
2018-05-27 16:25:59.560,229.09,0.138058545864,0.0,0
2018-05-27 16:25:59.653,229.06,0.138058545864,0.0,0
2018-05-27 16:25:59.747,229.69,0.138058545864,0.0,0
2018-05-27 16:25:59.840,230.45,0.138058545864,0.0,0
2018-05-27 16:26:00.002,231.19,0.138058545864,0.0,0
2018-05-27 16:26:00.095,231.1,0.138058545864,0.0,0
2018-05-27 16:26:00.281,231.08,0.138058545864,0.0,0
2018-05-27 16:26:00.365,230.94,0.138058545864,0.0,0
2018-05-27 16:26:00.458,230.74,0.138058545864,0.0,0
2018-05-27 16:26:00.551,230.99,0.138058545864,0.0,0
2018-05-27 16:26:00.644,231.3,0.138058545864,0.0,0
2018-05-27 16:26:00.738,231.31,0.138058545864,0.0,0
2018-05-27 16:26:00.831,231.86,0.138058545864,0.0,0
2018-05-27 16:26:00.924,231.69,0.138058545864,0.0,0
2018-05-27 16:26:01.179,231.72,0.138058545864,0.0,0
2018-05-27 16:26:01.356,234.22,0.138058545864,0.0,0
2018-05-27 16:26:01.449,234.04,0.138058545864,0.0,0
2018-05-27 16:26:01.542,232.5,0.138058545864,0.0,0
2018-05-27 16:26:01.728,230.55,0.138058545864,0.0,0
2018-05-27 16:26:01.906,227.55,0.138058545864,0.0,0
2018-05-27 16:26:02.235,225.67,0.138058545864,0.0,0
2018-05-27 16:26:02.328,225.08,0.138058545864,0.0,0
2018-05-27 16:26:02.421,224.37,0.138058545864,0.0,0
2018-05-27 16:26:02.514,224.04,0.138058545864,0.0,0
2018-05-27 16:26:02.794,220.08,0.138058545864,0.0,0
2018-05-27 16:26:03.050,217.39,0.138058545864,0.0,0
2018-05-27 16:26:03.226,215.98,0.138058545864,0.0,0
2018-05-27 16:26:03.412,215.59,0.138058545864,0.0,0
2018-05-27 16:26:03.673,213.05,0.138058545864,0.0,0
2018-05-27 16:26:04.105,208.14,0.138058545864,0.0,0
2018-05-27 16:26:04.375,206.23,0.138058545864,0.0,0
2018-05-27 16:26:04.645,204.81,0.138058545864,0.0,0
2018-05-27 16:26:04.832,203.79,0.138058545864,0.0,0
2018-05-27 16:26:04.925,202.62,0.138058545864,0.0,0
2018-05-27 16:26:05.264,203.09,0.138058545864,0.0,0
2018-05-27 16:26:05.441,202.89,0.138058545864,0.0,0
2018-05-27 16:26:05.618,203.78,0.138058545864,0.0,0
2018-05-27 16:26:05.711,202.42,0.138058545864,0.0,0
2018-05-27 16:26:05.804,203.44,0.138058545864,0.0,0
2018-05-27 16:26:05.897,202.68,0.138058545864,0.0,0
2018-05-27 16:26:06.152,203.65,0.138058545864,0.0,0
2018-05-27 16:26:06.246,201.86,0.138058545864,0.0,0
2018-05-27 16:26:06.422,201.91,0.138058545864,0.0,0
2018-05-27 16:26:06.516,204.06,0.138058545864,0.0,0
2018-05-27 16:26:06.609,203.03,0.138058545864,0.0,0
2018-05-27 16:26:06.702,203.72,0.138058545864,0.0,0
2018-05-27 16:26:06.795,203.31,0.138058545864,0.0,0
2018-05-27 16:26:06.888,203.09,0.138058545864,0.0,0
2018-05-27 16:26:07.050,204.39,0.138058545864,0.0,0
2018-05-27 16:26:07.144,204.12,0.138058545864,0.0,0
2018-05-27 16:26:07.227,203.98,0.138058545864,0.0,0
2018-05-27 16:26:07.320,205.64,0.138058545864,0.0,0
2018-05-27 16:26:07.413,204.29,0.138058545864,0.0,0
2018-05-27 16:26:07.497,204.75,0.138058545864,0.0,0
2018-05-27 16:26:07.581,204.99,0.138058545864,0.0,0
2018-05-27 16:26:07.674,204.84,0.138058545864,0.0,0
2018-05-27 16:26:07.860,205.02,0.138058545864,0.0,0
2018-05-27 16:26:08.022,207.23,0.138058545864,0.0,0
2018-05-27 16:26:08.115,205.99,0.138058545864,0.0,0
2018-05-27 16:26:08.208,206.48,0.138058545864,0.0,0
2018-05-27 16:26:08.302,205.76,0.138058545864,0.0,0
2018-05-27 16:26:08.385,206.08,0.138058545864,0.0,0
2018-05-27 16:26:08.479,208.3,0.138058545864,0.0,0
2018-05-27 16:26:08.572,206.88,0.138058545864,0.0,0
2018-05-27 16:26:08.665,207.99,0.138058545864,0.0,0
2018-05-27 16:26:08.749,209.47,0.138058545864,0.0,0
2018-05-27 16:26:08.842,207.83,0.138058545864,0.0,0
2018-05-27 16:26:09.004,209.55,0.138058545864,0.0,0
2018-05-27 16:26:09.097,208.79,0.138058545864,0.0,0
2018-05-27 16:26:09.190,210.95,0.138058545864,0.0,0
2018-05-27 16:26:09.283,210.56,0.138058545864,0.0,0
2018-05-27 16:26:09.553,211.3,0.138058545864,0.0,0
2018-05-27 16:26:09.730,212.8,0.138058545864,0.0,0
2018-05-27 16:26:10.172,214.1,0.138058545864,0.0,0
2018-05-27 16:26:10.265,213.35,0.138058545864,0.0,0
2018-05-27 16:26:10.535,212.66,0.138058545864,0.0,0
2018-05-27 16:26:10.712,210.23,0.138058545864,0.0,0
2018-05-27 16:26:10.898,209.18,0.138058545864,0.0,0
2018-05-27 16:26:11.153,207.98,0.138058545864,0.0,0
2018-05-27 16:26:11.330,207.24,0.138058545864,0.0,0
2018-05-27 16:26:11.424,206.65,0.138058545864,0.0,0
2018-05-27 16:26:11.507,206.48,0.138058545864,0.0,0
2018-05-27 16:26:11.787,208.2,0.138058545864,0.0,0
2018-05-27 16:26:11.880,207.01,0.138058545864,0.0,0
2018-05-27 16:26:12.037,206.57,0.138058545864,0.0,0
2018-05-27 16:26:12.126,207.87,0.138058545864,0.0,0
2018-05-27 16:26:12.303,206.94,0.138058545864,0.0,0
2018-05-27 16:26:12.396,208.55,0.138058545864,0.0,0
2018-05-27 16:26:12.489,206.66,0.138058545864,0.0,0
2018-05-27 16:26:12.582,208.48,0.138058545864,0.0,0
2018-05-27 16:26:12.675,207.01,0.138058545864,0.0,0
2018-05-27 16:26:12.768,208.25,0.138058545864,0.0,0
2018-05-27 16:26:12.862,206.93,0.138058545864,0.0,0
2018-05-27 16:26:13.117,207.5,0.138058545864,0.0,0
2018-05-27 16:26:13.210,209.5,0.138058545864,0.0,0
2018-05-27 16:26:13.304,207.78,0.138058545864,0.0,0
2018-05-27 16:26:13.387,207.63,0.138058545864,0.0,0
2018-05-27 16:26:13.666,209.43,0.138058545864,0.0,0
2018-05-27 16:26:14.014,208.18,0.138058545864,0.0,0
2018-05-27 16:26:14.108,210.52,0.138058545864,0.0,0
2018-05-27 16:26:14.191,209.93,0.138058545864,0.0,0
2018-05-27 16:26:14.284,209.35,0.138058545864,0.0,0
2018-05-27 16:26:14.368,209.89,0.138058545864,0.0,0
2018-05-27 16:26:14.462,209.65,0.138058545864,0.0,0
2018-05-27 16:26:14.638,211.86,0.138058545864,0.0,0
2018-05-27 16:26:14.732,210.51,0.138058545864,0.0,0
2018-05-27 16:26:14.909,211.25,0.138058545864,0.0,0
2018-05-27 16:26:15.071,211.73,0.138058545864,0.0,0
2018-05-27 16:26:15.164,211.0,0.138058545864,0.0,0
2018-05-27 16:26:15.341,213.18,0.138058545864,0.0,0
2018-05-27 16:26:15.434,211.82,0.138058545864,0.0,0
2018-05-27 16:26:15.527,213.18,0.138058545864,0.0,0
2018-05-27 16:26:15.704,214.83,0.138058545864,0.0,0
2018-05-27 16:26:15.890,215.01,0.138058545864,0.0,0
2018-05-27 16:26:16.145,214.7,0.138058545864,0.0,0
2018-05-27 16:26:16.238,215.61,0.138058545864,0.0,0
2018-05-27 16:26:16.332,216.6,0.138058545864,0.0,0
2018-05-27 16:26:16.415,217.74,0.138058545864,0.0,0
2018-05-27 16:26:16.509,217.31,0.138058545864,0.0,0
2018-05-27 16:26:16.592,218.31,0.138058545864,0.0,0
2018-05-27 16:26:16.676,217.72,0.138058545864,0.0,0
2018-05-27 16:26:16.769,218.81,0.138058545864,0.0,0
2018-05-27 16:26:16.862,217.45,0.138058545864,0.0,0
2018-05-27 16:26:17.024,217.45,0.138058545864,0.0,0
2018-05-27 16:26:17.211,219.24,0.138058545864,0.0,0
2018-05-27 16:26:17.304,218.3,0.138058545864,0.0,0
2018-05-27 16:26:17.481,219.22,0.138058545864,0.0,0
2018-05-27 16:26:17.574,220.22,0.138058545864,0.0,0
2018-05-27 16:26:17.853,220.36,0.138058545864,0.0,0
2018-05-27 16:26:18.015,220.79,0.138058545864,0.0,0
2018-05-27 16:26:18.108,222.04,0.138058545864,0.0,0
2018-05-27 16:26:18.201,223.42,0.138058545864,0.0,0
2018-05-27 16:26:18.472,223.12,0.138058545864,0.0,0
2018-05-27 16:26:18.658,223.19,0.138058545864,0.0,0
2018-05-27 16:26:18.751,222.71,0.138058545864,0.0,0
2018-05-27 16:26:18.844,224.13,0.138058545864,0.0,0
2018-05-27 16:26:19.099,225.57,0.138058545864,0.0,0
2018-05-27 16:26:19.192,225.02,0.138058545864,0.0,0
2018-05-27 16:26:19.286,225.09,0.138058545864,0.0,0
2018-05-27 16:26:19.369,226.28,0.138058545864,0.0,0
2018-05-27 16:26:19.463,225.98,0.138058545864,0.0,0
2018-05-27 16:26:19.546,225.32,0.138058545864,0.0,0
2018-05-27 16:26:19.640,226.02,0.138058545864,0.0,0
2018-05-27 16:26:19.723,224.95,0.138058545864,0.0,0
2018-05-27 16:26:19.910,225.33,0.138058545864,0.0,0
2018-05-27 16:26:20.258,227.4,0.138058545864,0.0,0
2018-05-27 16:26:20.528,227.69,0.138058545864,0.0,0
2018-05-27 16:26:20.621,227.96,0.138058545864,0.0,0
2018-05-27 16:26:20.807,228.5,0.138058545864,0.0,0
2018-05-27 16:26:21.156,226.16,0.138058545864,0.0,0
2018-05-27 16:26:21.249,227.74,0.138058545864,0.0,0
2018-05-27 16:26:21.333,229.84,0.138058545864,0.0,0
2018-05-27 16:26:21.426,229.27,0.138058545864,0.0,0
2018-05-27 16:26:21.519,229.23,0.138058545864,0.0,0
2018-05-27 16:26:21.891,229.37,0.138058545864,0.0,0
2018-05-27 16:26:22.333,229.98,0.138058545864,0.0,0
2018-05-27 16:26:22.426,230.77,0.138058545864,0.0,0
2018-05-27 16:26:22.603,232.21,0.138058545864,0.0,0
2018-05-27 16:26:23.128,231.6,0.138058545864,0.0,0
2018-05-27 16:26:23.389,232.68,0.138058545864,0.0,0
2018-05-27 16:26:24.016,229.3,0.138058545864,0.0,0
2018-05-27 16:26:24.109,228.09,0.138058545864,0.0,0
2018-05-27 16:26:24.296,226.17,0.138058545864,0.0,0
2018-05-27 16:26:24.566,223.66,0.138058545864,0.0,0
2018-05-27 16:26:24.659,222.73,0.138058545864,0.0,0
2018-05-27 16:26:24.752,221.33,0.138058545864,0.0,0
2018-05-27 16:26:25.100,219.59,0.138058545864,0.0,0
2018-05-27 16:26:25.193,219.24,0.138058545864,0.0,0
2018-05-27 16:26:25.370,217.7,0.138058545864,0.0,0
2018-05-27 16:26:25.463,218.24,0.138058545864,0.0,0
2018-05-27 16:26:25.649,216.34,0.138058545864,0.0,0
2018-05-27 16:26:26.091,215.56,0.138058545864,0.0,0
2018-05-27 16:26:26.361,213.99,0.138058545864,0.0,0
2018-05-27 16:26:26.631,215.65,0.138058545864,0.0,0
2018-05-27 16:26:26.724,213.84,0.138058545864,0.0,0
2018-05-27 16:26:26.901,213.43,0.138058545864,0.0,0
2018-05-27 16:26:27.054,213.61,0.138058545864,0.0,0
2018-05-27 16:26:27.147,214.54,0.138058545864,0.0,0
2018-05-27 16:26:27.323,215.08,0.138058545864,0.0,0
2018-05-27 16:26:27.603,213.66,0.138058545864,0.0,0
2018-05-27 16:26:27.780,212.86,0.138058545864,0.0,0
2018-05-27 16:26:28.212,213.62,0.138058545864,0.0,0
2018-05-27 16:26:28.305,213.71,0.138058545864,0.0,0
2018-05-27 16:26:28.482,215.43,0.138058545864,0.0,0
2018-05-27 16:26:28.668,214.71,0.138058545864,0.0,0
2018-05-27 16:26:29.016,215.39,0.138058545864,0.0,0
2018-05-27 16:26:29.202,214.98,0.138058545864,0.0,0
2018-05-27 16:26:29.296,216.74,0.138058545864,0.0,0
2018-05-27 16:26:29.380,215.48,0.138058545864,0.0,0
2018-05-27 16:26:29.752,217.88,0.138058545864,0.0,0
2018-05-27 16:26:29.845,216.64,0.138058545864,0.0,0
2018-05-27 16:26:30.100,219.16,0.138058545864,0.0,0
2018-05-27 16:26:30.193,218.83,0.138058545864,0.0,0
2018-05-27 16:26:30.371,218.39,0.138058545864,0.0,0
2018-05-27 16:26:30.556,217.83,0.138058545864,0.0,0
2018-05-27 16:26:30.743,217.79,0.138058545864,0.0,0
2018-05-27 16:26:30.837,217.25,0.138058545864,0.0,0
2018-05-27 16:26:30.929,218.74,0.138058545864,0.0,0
2018-05-27 16:26:31.277,218.44,0.138058545864,0.0,0
2018-05-27 16:26:31.454,217.85,0.138058545864,0.0,0
2018-05-27 16:26:31.547,216.64,0.138058545864,0.0,0
2018-05-27 16:26:32.072,213.34,0.138058545864,0.0,0
2018-05-27 16:26:32.165,214.8,0.138058545864,0.0,0
2018-05-27 16:26:32.259,213.36,0.138058545864,0.0,0
2018-05-27 16:26:32.435,212.52,0.138058545864,0.0,0
2018-05-27 16:26:32.528,213.93,0.138058545864,0.0,0
2018-05-27 16:26:32.622,212.08,0.138058545864,0.0,0
2018-05-27 16:26:32.901,212.27,0.138058545864,0.0,0
2018-05-27 16:26:33.063,214.12,0.138058545864,0.0,0
2018-05-27 16:26:33.333,211.3,0.138058545864,0.0,0
2018-05-27 16:26:33.426,212.69,0.138058545864,0.0,0
2018-05-27 16:26:33.612,212.79,0.138058545864,0.0,0
2018-05-27 16:26:33.799,211.28,0.138058545864,0.0,0
2018-05-27 16:26:34.230,213.17,0.138058545864,0.0,0
2018-05-27 16:26:34.324,210.97,0.138058545864,0.0,0
2018-05-27 16:26:34.417,211.22,0.138058545864,0.0,0
2018-05-27 16:26:34.501,210.07,0.138058545864,0.0,0
2018-05-27 16:26:34.585,210.02,0.138058545864,0.0,0
2018-05-27 16:26:34.678,210.13,0.138058545864,0.0,0
2018-05-27 16:26:35.016,207.92,0.138058545864,0.0,0
2018-05-27 16:26:35.109,206.01,0.138058545864,0.0,0
2018-05-27 16:26:35.203,206.58,0.138058545864,0.0,0
2018-05-27 16:26:35.296,204.87,0.138058545864,0.0,0
2018-05-27 16:26:35.380,205.11,0.138058545864,0.0,0
2018-05-27 16:26:35.473,206.84,0.138058545864,0.0,0
2018-05-27 16:26:35.566,205.9,0.138058545864,0.0,0
2018-05-27 16:26:35.659,205.83,0.138058545864,0.0,0
2018-05-27 16:26:35.836,207.15,0.138058545864,0.0,0
2018-05-27 16:26:35.929,206.73,0.138058545864,0.0,0
2018-05-27 16:26:36.091,208.25,0.138058545864,0.0,0
2018-05-27 16:26:36.370,208.63,0.138058545864,0.0,0
2018-05-27 16:26:36.538,210.95,0.138058545864,0.0,0
2018-05-27 16:26:36.631,209.66,0.138058545864,0.0,0
2018-05-27 16:26:36.724,211.71,0.138058545864,0.0,0
2018-05-27 16:26:37.072,210.67,0.138058545864,0.0,0
2018-05-27 16:26:37.165,212.25,0.138058545864,0.0,0
2018-05-27 16:26:37.259,212.61,0.138058545864,0.0,0
2018-05-27 16:26:37.343,213.59,0.138058545864,0.0,0
2018-05-27 16:26:37.529,215.01,0.138058545864,0.0,0
2018-05-27 16:26:37.613,213.91,0.138058545864,0.0,0
2018-05-27 16:26:37.706,215.57,0.138058545864,0.0,0
2018-05-27 16:26:37.799,214.28,0.138058545864,0.0,0
2018-05-27 16:26:38.054,216.85,0.138058545864,0.0,0
2018-05-27 16:26:38.147,215.23,0.138058545864,0.0,0
2018-05-27 16:26:38.240,216.48,0.138058545864,0.0,0
2018-05-27 16:26:38.333,217.84,0.138058545864,0.0,0
2018-05-27 16:26:38.520,216.44,0.138058545864,0.0,0
2018-05-27 16:26:38.696,217.71,0.138058545864,0.0,0
2018-05-27 16:26:38.789,218.92,0.138058545864,0.0,0
2018-05-27 16:26:38.882,217.13,0.138058545864,0.0,0
2018-05-27 16:26:39.040,219.05,0.138058545864,0.0,0
2018-05-27 16:26:39.128,218.06,0.138058545864,0.0,0
2018-05-27 16:26:39.212,219.6,0.138058545864,0.0,0
2018-05-27 16:26:39.306,218.7,0.138058545864,0.0,0
2018-05-27 16:26:39.389,219.5,0.138058545864,0.0,0
2018-05-27 16:26:39.482,219.54,0.138058545864,0.0,0
2018-05-27 16:26:39.668,221.22,0.138058545864,0.0,0
2018-05-27 16:26:39.761,221.65,0.138058545864,0.0,0
2018-05-27 16:26:39.855,220.25,0.138058545864,0.0,0
2018-05-27 16:26:40.110,221.27,0.138058545864,0.0,0
2018-05-27 16:26:40.203,222.66,0.138058545864,0.0,0
2018-05-27 16:26:40.296,223.25,0.138058545864,0.0,0
2018-05-27 16:26:40.380,223.05,0.138058545864,0.0,0
2018-05-27 16:26:40.473,223.84,0.138058545864,0.0,0
2018-05-27 16:26:40.566,223.63,0.138058545864,0.0,0
2018-05-27 16:26:40.659,222.05,0.138058545864,0.0,0
2018-05-27 16:26:40.752,223.82,0.138058545864,0.0,0
2018-05-27 16:26:40.846,223.93,0.138058545864,0.0,0
2018-05-27 16:26:41.007,225.4,0.138058545864,0.0,0
2018-05-27 16:26:41.100,225.78,0.138058545864,0.0,0
2018-05-27 16:26:41.557,226.97,0.138058545864,0.0,0
2018-05-27 16:26:41.650,225.65,0.138058545864,0.0,0
2018-05-27 16:26:41.836,225.63,0.138058545864,0.0,0
2018-05-27 16:26:41.929,225.51,0.138058545864,0.0,0
2018-05-27 16:26:42.091,225.91,0.138058545864,0.0,0
2018-05-27 16:26:42.184,226.22,0.138058545864,0.0,0
2018-05-27 16:26:42.277,226.72,0.138058545864,0.0,0
2018-05-27 16:26:42.361,225.44,0.138058545864,0.0,0
2018-05-27 16:26:42.454,225.12,0.138058545864,0.0,0
2018-05-27 16:26:42.547,225.08,0.138058545864,0.0,0
2018-05-27 16:26:42.724,225.26,0.138058545864,0.0,0
2018-05-27 16:26:42.817,225.38,0.138058545864,0.0,0
2018-05-27 16:26:43.072,227.26,0.138058545864,0.0,0
2018-05-27 16:26:43.259,227.36,0.138058545864,0.0,0
2018-05-27 16:26:43.439,228.19,0.138058545864,0.0,0
2018-05-27 16:26:43.529,227.99,0.138058545864,0.0,0
2018-05-27 16:26:43.622,228.52,0.138058545864,0.0,0
2018-05-27 16:26:43.715,228.15,0.138058545864,0.0,0
2018-05-27 16:26:44.063,227.56,0.138058545864,0.0,0
2018-05-27 16:26:44.324,228.43,0.138058545864,0.0,0
2018-05-27 16:26:44.417,228.88,0.138058545864,0.0,0
2018-05-27 16:26:44.696,228.89,0.138058545864,0.0,0
2018-05-27 16:26:44.789,229.44,0.138058545864,0.0,0
2018-05-27 16:26:44.883,228.39,0.138058545864,0.0,0
2018-05-27 16:26:45.128,225.56,0.138058545864,0.0,0
2018-05-27 16:26:45.212,227.16,0.138058545864,0.0,0
2018-05-27 16:26:45.305,225.95,0.138058545864,0.0,0
2018-05-27 16:26:45.389,223.4,0.138058545864,0.0,0
2018-05-27 16:26:45.575,222.73,0.138058545864,0.0,0
2018-05-27 16:26:45.669,220.49,0.138058545864,0.0,0
2018-05-27 16:26:45.845,218.72,0.138058545864,0.0,0
2018-05-27 16:26:46.100,218.57,0.138058545864,0.0,0
2018-05-27 16:26:46.380,215.27,0.138058545864,0.0,0
2018-05-27 16:26:46.464,213.08,0.138058545864,0.0,0
2018-05-27 16:26:46.557,214.29,0.138058545864,0.0,0
2018-05-27 16:26:46.650,212.3,0.138058545864,0.0,0
2018-05-27 16:26:46.911,211.33,0.138058545864,0.0,0
2018-05-27 16:26:47.156,210.47,0.138058545864,0.0,0
2018-05-27 16:26:47.335,208.83,0.138058545864,0.0,0
2018-05-27 16:26:47.426,209.22,0.138058545864,0.0,0
2018-05-27 16:26:47.613,207.96,0.138058545864,0.0,0
2018-05-27 16:26:47.799,206.69,0.138058545864,0.0,0
2018-05-27 16:26:47.892,204.4,0.138058545864,0.0,0
2018-05-27 16:26:48.054,205.83,0.138058545864,0.0,0
2018-05-27 16:26:48.240,205.1,0.138058545864,0.0,0
2018-05-27 16:26:48.333,207.29,0.138058545864,0.0,0
2018-05-27 16:26:48.427,205.65,0.138058545864,0.0,0
2018-05-27 16:26:48.510,205.6,0.138058545864,0.0,0
2018-05-27 16:26:48.603,207.33,0.138058545864,0.0,0
2018-05-27 16:26:48.696,206.51,0.138058545864,0.0,0
2018-05-27 16:26:48.790,207.54,0.138058545864,0.0,0
2018-05-27 16:26:48.883,206.7,0.138058545864,0.0,0
2018-05-27 16:26:49.040,207.15,0.138058545864,0.0,0
2018-05-27 16:26:49.128,208.16,0.138058545864,0.0,0
2018-05-27 16:26:49.212,208.11,0.138058545864,0.0,0
2018-05-27 16:26:49.296,208.55,0.138058545864,0.0,0
2018-05-27 16:26:49.389,207.49,0.138058545864,0.0,0
2018-05-27 16:26:49.566,208.97,0.138058545864,0.0,0
2018-05-27 16:26:49.659,207.94,0.138058545864,0.0,0
2018-05-27 16:26:49.752,209.18,0.138058545864,0.0,0
2018-05-27 16:26:49.845,208.18,0.138058545864,0.0,0
2018-05-27 16:26:50.007,209.69,0.138058545864,0.0,0
2018-05-27 16:26:50.091,210.37,0.138058545864,0.0,0
2018-05-27 16:26:50.184,207.98,0.138058545864,0.0,0
2018-05-27 16:26:50.370,209.31,0.138058545864,0.0,0
2018-05-27 16:26:50.547,210.06,0.138058545864,0.0,0
2018-05-27 16:26:50.641,211.1,0.138058545864,0.0,0
2018-05-27 16:26:50.827,212.14,0.138058545864,0.0,0
2018-05-27 16:26:50.911,212.71,0.138058545864,0.0,0
2018-05-27 16:26:51.073,212.27,0.138058545864,0.0,0
2018-05-27 16:26:51.249,213.48,0.138058545864,0.0,0
2018-05-27 16:26:51.426,213.86,0.138058545864,0.0,0
2018-05-27 16:26:51.520,214.95,0.138058545864,0.0,0
2018-05-27 16:26:51.613,214.38,0.138058545864,0.0,0
2018-05-27 16:26:51.790,214.95,0.138058545864,0.0,0
2018-05-27 16:26:52.212,217.4,0.138058545864,0.0,0
2018-05-27 16:26:52.389,216.87,0.138058545864,0.0,0
2018-05-27 16:26:52.483,214.43,0.138058545864,0.0,0
2018-05-27 16:26:52.566,215.36,0.138058545864,0.0,0
2018-05-27 16:26:52.659,214.87,0.138058545864,0.0,0
2018-05-27 16:26:53.007,213.15,0.138058545864,0.0,0
2018-05-27 16:26:53.194,212.6,0.138058545864,0.0,0
2018-05-27 16:26:53.371,211.9,0.138058545864,0.0,0
2018-05-27 16:26:53.464,212.36,0.138058545864,0.0,0
2018-05-27 16:26:53.557,212.07,0.138058545864,0.0,0
2018-05-27 16:26:53.650,212.97,0.138058545864,0.0,0
2018-05-27 16:26:53.743,210.94,0.138058545864,0.0,0
2018-05-27 16:26:53.929,212.66,0.138058545864,0.0,0
2018-05-27 16:26:54.091,211.46,0.138058545864,0.0,0
2018-05-27 16:26:54.184,213.64,0.138058545864,0.0,0
2018-05-27 16:26:54.278,211.76,0.138058545864,0.0,0
2018-05-27 16:26:54.454,212.51,0.138058545864,0.0,0
2018-05-27 16:26:54.641,212.46,0.138058545864,0.0,0
2018-05-27 16:26:54.725,211.2,0.138058545864,0.0,0
2018-05-27 16:26:54.808,211.82,0.138058545864,0.0,0
2018-05-27 16:26:54.901,211.73,0.138058545864,0.0,0
2018-05-27 16:26:55.063,212.3,0.138058545864,0.0,0
2018-05-27 16:26:55.156,211.59,0.138058545864,0.0,0
2018-05-27 16:26:55.333,212.53,0.138058545864,0.0,0
2018-05-27 16:26:55.426,211.4,0.138058545864,0.0,0
2018-05-27 16:26:55.520,211.81,0.138058545864,0.0,0
2018-05-27 16:26:55.613,212.45,0.138058545864,0.0,0
2018-05-27 16:26:55.893,211.99,0.138058545864,0.0,0
2018-05-27 16:26:56.054,212.42,0.138058545864,0.0,0
2018-05-27 16:26:56.138,211.65,0.138058545864,0.0,0
2018-05-27 16:26:56.231,214.07,0.138058545864,0.0,0
2018-05-27 16:26:56.324,212.29,0.138058545864,0.0,0
2018-05-27 16:26:56.510,213.39,0.138058545864,0.0,0
2018-05-27 16:26:56.603,212.51,0.138058545864,0.0,0
2018-05-27 16:26:56.697,214.36,0.138058545864,0.0,0
2018-05-27 16:26:56.785,214.99,0.138058545864,0.0,0
2018-05-27 16:26:56.874,214.31,0.138058545864,0.0,0
2018-05-27 16:26:57.026,215.3,0.138058545864,0.0,0
2018-05-27 16:26:57.119,214.22,0.138058545864,0.0,0
2018-05-27 16:26:57.212,215.01,0.138058545864,0.0,0
2018-05-27 16:26:57.305,216.32,0.138058545864,0.0,0
2018-05-27 16:26:57.398,215.33,0.138058545864,0.0,0
2018-05-27 16:26:57.473,216.27,0.138058545864,0.0,0
2018-05-27 16:26:57.566,217.44,0.138058545864,0.0,0
2018-05-27 16:26:57.659,216.63,0.138058545864,0.0,0
2018-05-27 16:26:57.752,217.03,0.138058545864,0.0,0
2018-05-27 16:26:57.845,218.04,0.138058545864,0.0,0
2018-05-27 16:26:58.007,217.42,0.138058545864,0.0,0
2018-05-27 16:26:58.193,218.95,0.138058545864,0.0,0
2018-05-27 16:26:58.288,219.17,0.138058545864,0.0,0
2018-05-27 16:26:58.370,219.86,0.138058545864,0.0,0
2018-05-27 16:26:58.556,218.66,0.138058545864,0.0,0
2018-05-27 16:26:58.650,219.37,0.138058545864,0.0,0
2018-05-27 16:26:58.743,220.8,0.138058545864,0.0,0
2018-05-27 16:26:58.929,219.7,0.138058545864,0.0,0
2018-05-27 16:26:59.082,221.78,0.138058545864,0.0,0
2018-05-27 16:26:59.268,220.78,0.138058545864,0.0,0
2018-05-27 16:26:59.352,220.86,0.138058545864,0.0,0
2018-05-27 16:26:59.538,222.03,0.138058545864,0.0,0
2018-05-27 16:26:59.724,223.72,0.138058545864,0.0,0
2018-05-27 16:26:59.910,222.52,0.138058545864,0.0,0
2018-05-27 16:27:00.063,224.22,0.138058545864,0.0,0
2018-05-27 16:27:00.156,223.35,0.138058545864,0.0,0
2018-05-27 16:27:00.333,225.31,0.138058545864,0.0,0
2018-05-27 16:27:00.426,224.7,0.138058545864,0.0,0
2018-05-27 16:27:00.612,224.82,0.138058545864,0.0,0
2018-05-27 16:27:00.882,224.54,0.138058545864,0.0,0
2018-05-27 16:27:01.039,226.35,0.138058545864,0.0,0
2018-05-27 16:27:01.128,225.73,0.138058545864,0.0,0
2018-05-27 16:27:01.212,225.66,0.138058545864,0.0,0
2018-05-27 16:27:01.305,227.13,0.138058545864,0.0,0
2018-05-27 16:27:01.389,225.84,0.138058545864,0.0,0
2018-05-27 16:27:01.472,227.47,0.138058545864,0.0,0
2018-05-27 16:27:01.659,226.1,0.138058545864,0.0,0
2018-05-27 16:27:01.752,226.74,0.138058545864,0.0,0
2018-05-27 16:27:02.007,227.66,0.138058545864,0.0,0
2018-05-27 16:27:02.193,227.78,0.138058545864,0.0,0
2018-05-27 16:27:02.372,227.82,0.138058545864,0.0,0
2018-05-27 16:27:02.556,228.53,0.138058545864,0.0,0
2018-05-27 16:27:02.742,228.99,0.138058545864,0.0,0
2018-05-27 16:27:02.836,228.58,0.138058545864,0.0,0
2018-05-27 16:27:03.090,229.74,0.138058545864,0.0,0
2018-05-27 16:27:03.184,229.8,0.138058545864,0.0,0
2018-05-27 16:27:03.277,229.59,0.138058545864,0.0,0
2018-05-27 16:27:03.361,229.34,0.138058545864,0.0,0
2018-05-27 16:27:03.631,231.74,0.138058545864,0.0,0
2018-05-27 16:27:03.910,232.23,0.138058545864,0.0,0
2018-05-27 16:27:04.342,231.73,0.138058545864,0.0,0
2018-05-27 16:27:04.435,231.28,0.138058545864,0.0,0
2018-05-27 16:27:04.714,232.23,0.138058545864,0.0,0
2018-05-27 16:27:04.807,233.04,0.138058545864,0.0,0
2018-05-27 16:27:05.249,234.72,0.138058545864,0.0,0
2018-05-27 16:27:05.426,233.71,0.138058545864,0.0,0
2018-05-27 16:27:05.519,232.9,0.138058545864,0.0,0
2018-05-27 16:27:05.705,231.27,0.138058545864,0.0,0
2018-05-27 16:27:05.789,232.13,0.138058545864,0.0,0
2018-05-27 16:27:06.034,228.5,0.138058545864,0.0,0
2018-05-27 16:27:06.212,228.27,0.138058545864,0.0,0
2018-05-27 16:27:06.398,224.98,0.138058545864,0.0,0
2018-05-27 16:27:06.575,225.03,0.138058545864,0.0,0
2018-05-27 16:27:06.668,223.34,0.138058545864,0.0,0
2018-05-27 16:27:06.751,224.07,0.138058545864,0.0,0
2018-05-27 16:27:06.845,222.64,0.138058545864,0.0,0
2018-05-27 16:27:07.006,220.58,0.138058545864,0.0,0
2018-05-27 16:27:07.099,220.86,0.138058545864,0.0,0
2018-05-27 16:27:07.193,220.64,0.138058545864,0.0,0
2018-05-27 16:27:07.369,220.26,0.138058545864,0.0,0
2018-05-27 16:27:07.463,220.9,0.138058545864,0.0,0
2018-05-27 16:27:08.071,217.51,0.138058545864,0.0,0
2018-05-27 16:27:08.165,217.38,0.138058545864,0.0,0
2018-05-27 16:27:08.258,217.76,0.138058545864,0.0,0
2018-05-27 16:27:08.342,218.2,0.138058545864,0.0,0
2018-05-27 16:27:08.435,216.54,0.138058545864,0.0,0
2018-05-27 16:27:08.714,215.79,0.138058545864,0.0,0
2018-05-27 16:27:08.900,214.49,0.138058545864,0.0,0
2018-05-27 16:27:09.155,211.87,0.138058545864,0.0,0
2018-05-27 16:27:09.248,211.8,0.138058545864,0.0,0
2018-05-27 16:27:09.333,211.1,0.138058545864,0.0,0
2018-05-27 16:27:09.425,209.29,0.138058545864,0.0,0
2018-05-27 16:27:09.891,205.6,0.138058545864,0.0,0
2018-05-27 16:27:10.053,203.69,0.138058545864,0.0,0
2018-05-27 16:27:10.146,203.46,0.138058545864,0.0,0
2018-05-27 16:27:10.332,204.17,0.138058545864,0.0,0
2018-05-27 16:27:10.425,204.91,0.138058545864,0.0,0
2018-05-27 16:27:10.788,206.3,0.138058545864,0.0,0
2018-05-27 16:27:10.881,204.99,0.138058545864,0.0,0
2018-05-27 16:27:11.043,206.47,0.138058545864,0.0,0
2018-05-27 16:27:11.127,206.79,0.138058545864,0.0,0
2018-05-27 16:27:11.304,206.53,0.138058545864,0.0,0
2018-05-27 16:27:11.397,208.23,0.138058545864,0.0,0
2018-05-27 16:27:11.490,207.49,0.138058545864,0.0,0
2018-05-27 16:27:11.583,208.65,0.138058545864,0.0,0
2018-05-27 16:27:11.676,208.3,0.138058545864,0.0,0
2018-05-27 16:27:12.025,210.79,0.138058545864,0.0,0
2018-05-27 16:27:12.118,209.35,0.138058545864,0.0,0
2018-05-27 16:27:12.305,209.69,0.138058545864,0.0,0
2018-05-27 16:27:12.388,210.77,0.138058545864,0.0,0
2018-05-27 16:27:12.481,211.52,0.138058545864,0.0,0
2018-05-27 16:27:12.574,212.3,0.138058545864,0.0,0
2018-05-27 16:27:12.667,212.55,0.138058545864,0.0,0
2018-05-27 16:27:13.108,214.69,0.138058545864,0.0,0
2018-05-27 16:27:13.471,214.0,0.138058545864,0.0,0
2018-05-27 16:27:14.006,213.64,0.138058545864,0.0,0
2018-05-27 16:27:14.378,212.66,0.138058545864,0.0,0
2018-05-27 16:27:14.462,213.37,0.138058545864,0.0,0
2018-05-27 16:27:14.741,213.19,0.138058545864,0.0,0
2018-05-27 16:27:14.835,213.86,0.138058545864,0.0,0
2018-05-27 16:27:15.090,214.41,0.138058545864,0.0,0
2018-05-27 16:27:15.276,213.28,0.138058545864,0.0,0
2018-05-27 16:27:15.537,213.14,0.138058545864,0.0,0
2018-05-27 16:27:15.630,214.68,0.138058545864,0.0,0
2018-05-27 16:27:15.723,214.02,0.138058545864,0.0,0
2018-05-27 16:27:15.816,214.91,0.138058545864,0.0,0
2018-05-27 16:27:15.909,213.33,0.138058545864,0.0,0
2018-05-27 16:27:16.071,213.86,0.138058545864,0.0,0
2018-05-27 16:27:16.164,215.01,0.138058545864,0.0,0
2018-05-27 16:27:16.350,214.46,0.138058545864,0.0,0
2018-05-27 16:27:16.434,213.37,0.138058545864,0.0,0
2018-05-27 16:27:16.527,215.62,0.138058545864,0.0,0
2018-05-27 16:27:16.611,215.07,0.138058545864,0.0,0
2018-05-27 16:27:16.798,214.87,0.138058545864,0.0,0
2018-05-27 16:27:17.052,214.56,0.138058545864,0.0,0
2018-05-27 16:27:17.145,214.38,0.138058545864,0.0,0
2018-05-27 16:27:17.238,215.4,0.138058545864,0.0,0
2018-05-27 16:27:17.332,214.46,0.138058545864,0.0,0
2018-05-27 16:27:17.425,214.95,0.138058545864,0.0,0
2018-05-27 16:27:17.518,216.53,0.138058545864,0.0,0
2018-05-27 16:27:17.602,216.4,0.138058545864,0.0,0
2018-05-27 16:27:17.695,215.88,0.138058545864,0.0,0
2018-05-27 16:27:17.881,217.11,0.138058545864,0.0,0
2018-05-27 16:27:18.038,215.81,0.138058545864,0.0,0
2018-05-27 16:27:18.210,217.48,0.138058545864,0.0,0
2018-05-27 16:27:18.304,218.93,0.138058545864,0.0,0
2018-05-27 16:27:18.387,217.71,0.138058545864,0.0,0
2018-05-27 16:27:18.480,218.67,0.138058545864,0.0,0
2018-05-27 16:27:18.574,216.47,0.138058545864,0.0,0
2018-05-27 16:27:18.667,217.35,0.138058545864,0.0,0
2018-05-27 16:27:18.760,219.54,0.138058545864,0.0,0
2018-05-27 16:27:18.853,218.88,0.138058545864,0.0,0
2018-05-27 16:27:19.108,219.62,0.138058545864,0.0,0
2018-05-27 16:27:19.201,220.91,0.138058545864,0.0,0
2018-05-27 16:27:19.294,219.74,0.138058545864,0.0,0
2018-05-27 16:27:19.378,221.09,0.138058545864,0.0,0
2018-05-27 16:27:19.471,220.74,0.138058545864,0.0,0
2018-05-27 16:27:19.564,220.34,0.138058545864,0.0,0
2018-05-27 16:27:19.750,222.95,0.138058545864,0.0,0
2018-05-27 16:27:19.844,222.0,0.138058545864,0.0,0
2018-05-27 16:27:20.005,221.19,0.138058545864,0.0,0
2018-05-27 16:27:20.098,222.13,0.138058545864,0.0,0
2018-05-27 16:27:20.192,222.31,0.138058545864,0.0,0
2018-05-27 16:27:20.285,224.13,0.138058545864,0.0,0
2018-05-27 16:27:20.369,223.09,0.138058545864,0.0,0
2018-05-27 16:27:20.462,223.62,0.138058545864,0.0,0
2018-05-27 16:27:20.555,224.67,0.138058545864,0.0,0
2018-05-27 16:27:20.648,224.89,0.138058545864,0.0,0
2018-05-27 16:27:20.741,224.42,0.138058545864,0.0,0
2018-05-27 16:27:20.834,223.4,0.138058545864,0.0,0
2018-05-27 16:27:20.927,224.56,0.138058545864,0.0,0
2018-05-27 16:27:21.089,224.82,0.138058545864,0.0,0
2018-05-27 16:27:21.182,225.57,0.138058545864,0.0,0
2018-05-27 16:27:21.359,225.13,0.138058545864,0.0,0
2018-05-27 16:27:21.443,225.66,0.138058545864,0.0,0
2018-05-27 16:27:21.536,224.44,0.138058545864,0.0,0
2018-05-27 16:27:21.629,225.0,0.138058545864,0.0,0
2018-05-27 16:27:21.722,225.52,0.138058545864,0.0,0
2018-05-27 16:27:21.815,225.9,0.138058545864,0.0,0
2018-05-27 16:27:22.061,225.34,0.138058545864,0.0,0
2018-05-27 16:27:22.145,227.28,0.138058545864,0.0,0
2018-05-27 16:27:22.238,227.09,0.138058545864,0.0,0
2018-05-27 16:27:22.424,226.91,0.138058545864,0.0,0
2018-05-27 16:27:22.517,226.19,0.138058545864,0.0,0
2018-05-27 16:27:22.611,227.18,0.138058545864,0.0,0
2018-05-27 16:27:22.704,228.13,0.138058545864,0.0,0
2018-05-27 16:27:22.797,227.83,0.138058545864,0.0,0
2018-05-27 16:27:23.042,228.87,0.138058545864,0.0,0
2018-05-27 16:27:23.229,228.65,0.138058545864,0.0,0
2018-05-27 16:27:23.415,228.83,0.138058545864,0.0,0
2018-05-27 16:27:23.583,229.48,0.138058545864,0.0,0
2018-05-27 16:27:23.676,229.95,0.138058545864,0.0,0
2018-05-27 16:27:24.014,232.1,0.138058545864,0.0,0
2018-05-27 16:27:24.191,231.37,0.138058545864,0.0,0
2018-05-27 16:27:24.369,233.27,0.138058545864,0.0,0
2018-05-27 16:27:24.455,231.69,0.138058545864,0.0,0
2018-05-27 16:27:24.639,231.75,0.138058545864,0.0,0
2018-05-27 16:27:24.825,231.74,0.138058545864,0.0,0
2018-05-27 16:27:24.909,234.3,0.138058545864,0.0,0
2018-05-27 16:27:25.071,234.12,0.138058545864,0.0,0
2018-05-27 16:27:25.284,232.92,0.138058545864,0.0,0
2018-05-27 16:27:25.378,233.7,0.138058545864,0.0,0
2018-05-27 16:27:25.452,233.92,0.138058545864,0.0,0
2018-05-27 16:27:25.657,234.93,0.138058545864,0.0,0
2018-05-27 16:27:25.750,235.45,0.138058545864,0.0,0
2018-05-27 16:27:25.843,235.32,0.138058545864,0.0,0
2018-05-27 16:27:26.005,235.76,0.138058545864,0.0,0
2018-05-27 16:27:26.098,235.07,0.138058545864,0.0,0
2018-05-27 16:27:26.191,234.38,0.138058545864,0.0,0
2018-05-27 16:27:26.285,233.08,0.138058545864,0.0,0
2018-05-27 16:27:26.369,233.34,0.138058545864,0.0,0
2018-05-27 16:27:26.461,232.71,0.138058545864,0.0,0
2018-05-27 16:27:26.554,231.61,0.138058545864,0.0,0
2018-05-27 16:27:26.927,224.87,0.138058545864,0.0,0
2018-05-27 16:27:27.089,224.94,0.138058545864,0.0,0
2018-05-27 16:27:27.182,224.03,0.138058545864,0.0,0
2018-05-27 16:27:27.275,223.52,0.138058545864,0.0,0
2018-05-27 16:27:27.359,222.22,0.138058545864,0.0,0
2018-05-27 16:27:27.536,220.4,0.138058545864,0.0,0
2018-05-27 16:27:27.619,221.12,0.138058545864,0.0,0
2018-05-27 16:27:27.806,217.68,0.138058545864,0.0,0
2018-05-27 16:27:28.238,215.85,0.138058545864,0.0,0
2018-05-27 16:27:28.331,215.35,0.138058545864,0.0,0
2018-05-27 16:27:28.517,213.69,0.138058545864,0.0,0
2018-05-27 16:27:28.611,214.15,0.138058545864,0.0,0
2018-05-27 16:27:28.694,213.99,0.138058545864,0.0,0
2018-05-27 16:27:29.033,213.47,0.138058545864,0.0,0
2018-05-27 16:27:29.116,211.75,0.138058545864,0.0,0
2018-05-27 16:27:29.210,210.36,0.138058545864,0.0,0
2018-05-27 16:27:29.387,211.19,0.138058545864,0.0,0
2018-05-27 16:27:29.480,209.65,0.138058545864,0.0,0
2018-05-27 16:27:29.573,210.04,0.138058545864,0.0,0
2018-05-27 16:27:29.759,210.64,0.138058545864,0.0,0
2018-05-27 16:27:29.852,211.27,0.138058545864,0.0,0
2018-05-27 16:27:30.014,210.49,0.138058545864,0.0,0
2018-05-27 16:27:30.107,212.34,0.138058545864,0.0,0
2018-05-27 16:27:30.200,210.77,0.138058545864,0.0,0
2018-05-27 16:27:30.293,212.46,0.138058545864,0.0,0
2018-05-27 16:27:30.377,211.03,0.138058545864,0.0,0
2018-05-27 16:27:30.470,211.56,0.138058545864,0.0,0
2018-05-27 16:27:30.563,210.91,0.138058545864,0.0,0
2018-05-27 16:27:30.657,212.67,0.138058545864,0.0,0
2018-05-27 16:27:30.750,211.26,0.138058545864,0.0,0
2018-05-27 16:27:30.843,213.39,0.138058545864,0.0,0
2018-05-27 16:27:31.191,213.72,0.138058545864,0.0,0
2018-05-27 16:27:31.284,212.96,0.138058545864,0.0,0
2018-05-27 16:27:31.368,212.57,0.138058545864,0.0,0
2018-05-27 16:27:31.461,213.22,0.138058545864,0.0,0
2018-05-27 16:27:31.554,213.46,0.138058545864,0.0,0
2018-05-27 16:27:31.647,212.74,0.138058545864,0.0,0
2018-05-27 16:27:31.740,214.49,0.138058545864,0.0,0
2018-05-27 16:27:31.833,213.56,0.138058545864,0.0,0
2018-05-27 16:27:31.927,214.1,0.138058545864,0.0,0
2018-05-27 16:27:32.181,214.38,0.138058545864,0.0,0
2018-05-27 16:27:32.275,215.65,0.138058545864,0.0,0
2018-05-27 16:27:32.358,214.38,0.138058545864,0.0,0
2018-05-27 16:27:32.535,216.28,0.138058545864,0.0,0
2018-05-27 16:27:32.722,216.06,0.138058545864,0.0,0
2018-05-27 16:27:32.908,218.81,0.138058545864,0.0,0
2018-05-27 16:27:33.070,218.03,0.138058545864,0.0,0
2018-05-27 16:27:33.340,218.9,0.138058545864,0.0,0
2018-05-27 16:27:33.433,219.87,0.138058545864,0.0,0
2018-05-27 16:27:33.712,217.96,0.138058545864,0.0,0
2018-05-27 16:27:33.805,218.58,0.138058545864,0.0,0
2018-05-27 16:27:34.247,214.4,0.138058545864,0.0,0
2018-05-27 16:27:34.330,215.05,0.138058545864,0.0,0
2018-05-27 16:27:34.423,213.83,0.138058545864,0.0,0
2018-05-27 16:27:34.517,214.56,0.138058545864,0.0,0
2018-05-27 16:27:34.610,213.55,0.138058545864,0.0,0
2018-05-27 16:27:34.703,212.55,0.138058545864,0.0,0
2018-05-27 16:27:34.796,214.62,0.138058545864,0.0,0
2018-05-27 16:27:34.889,212.01,0.138058545864,0.0,0
2018-05-27 16:27:35.237,210.9,0.138058545864,0.0,0
2018-05-27 16:27:35.330,212.17,0.138058545864,0.0,0
2018-05-27 16:27:35.414,212.32,0.138058545864,0.0,0
2018-05-27 16:27:35.507,210.02,0.138058545864,0.0,0
2018-05-27 16:27:35.600,211.84,0.138058545864,0.0,0
2018-05-27 16:27:35.693,211.15,0.138058545864,0.0,0
2018-05-27 16:27:35.880,210.28,0.138058545864,0.0,0
2018-05-27 16:27:36.037,210.42,0.138058545864,0.0,0
2018-05-27 16:27:36.119,210.24,0.138058545864,0.0,0
2018-05-27 16:27:36.209,209.18,0.138058545864,0.0,0
2018-05-27 16:27:36.302,210.58,0.138058545864,0.0,0
2018-05-27 16:27:36.388,210.86,0.138058545864,0.0,0
2018-05-27 16:27:36.479,208.81,0.138058545864,0.0,0
2018-05-27 16:27:36.666,208.94,0.138058545864,0.0,0
2018-05-27 16:27:36.749,209.11,0.138058545864,0.0,0
2018-05-27 16:27:36.852,208.01,0.138058545864,0.0,0
2018-05-27 16:27:37.013,207.02,0.138058545864,0.0,0
2018-05-27 16:27:37.107,205.98,0.138058545864,0.0,0
2018-05-27 16:27:37.293,203.86,0.138058545864,0.0,0
2018-05-27 16:27:37.386,204.25,0.138058545864,0.0,0
2018-05-27 16:27:37.470,203.02,0.138058545864,0.0,0
2018-05-27 16:27:37.563,200.7,0.138058545864,0.0,0
2018-05-27 16:27:37.656,199.45,0.138058545864,0.0,0
2018-05-27 16:27:37.833,200.92,0.138058545864,0.0,0
2018-05-27 16:27:38.088,201.18,0.138058545864,0.0,0
2018-05-27 16:27:38.181,202.41,0.138058545864,0.0,0
2018-05-27 16:27:38.274,201.86,0.138058545864,0.0,0
2018-05-27 16:27:38.367,201.62,0.138058545864,0.0,0
2018-05-27 16:27:38.544,204.2,0.138058545864,0.0,0
2018-05-27 16:27:38.628,204.85,0.138058545864,0.0,0
2018-05-27 16:27:38.805,204.38,0.138058545864,0.0,0
2018-05-27 16:27:38.898,204.52,0.138058545864,0.0,0
2018-05-27 16:27:39.060,206.15,0.138058545864,0.0,0
2018-05-27 16:27:39.339,206.3,0.138058545864,0.0,0
2018-05-27 16:27:39.433,207.95,0.138058545864,0.0,0
2018-05-27 16:27:39.609,207.35,0.138058545864,0.0,0
2018-05-27 16:27:39.702,209.12,0.138058545864,0.0,0
2018-05-27 16:27:39.795,208.04,0.138058545864,0.0,0
2018-05-27 16:27:39.889,210.1,0.138058545864,0.0,0
2018-05-27 16:27:40.050,209.3,0.138058545864,0.0,0
2018-05-27 16:27:40.144,211.02,0.138058545864,0.0,0
2018-05-27 16:27:40.237,209.98,0.138058545864,0.0,0
2018-05-27 16:27:40.330,210.57,0.138058545864,0.0,0
2018-05-27 16:27:40.507,211.74,0.138058545864,0.0,0
2018-05-27 16:27:40.600,211.88,0.138058545864,0.0,0
2018-05-27 16:27:40.693,212.98,0.138058545864,0.0,0
2018-05-27 16:27:40.786,211.61,0.138058545864,0.0,0
2018-05-27 16:27:40.879,213.1,0.138058545864,0.0,0
2018-05-27 16:27:41.125,214.96,0.138058545864,0.0,0
2018-05-27 16:27:41.209,215.09,0.138058545864,0.0,0
2018-05-27 16:27:41.302,214.78,0.138058545864,0.0,0
2018-05-27 16:27:41.386,215.8,0.138058545864,0.0,0
2018-05-27 16:27:41.469,215.89,0.138058545864,0.0,0
2018-05-27 16:27:41.563,216.0,0.138058545864,0.0,0
2018-05-27 16:27:41.656,215.85,0.138058545864,0.0,0
2018-05-27 16:27:41.749,217.35,0.138058545864,0.0,0
2018-05-27 16:27:41.833,215.98,0.138058545864,0.0,0
2018-05-27 16:27:41.926,218.09,0.138058545864,0.0,0
2018-05-27 16:27:42.088,216.53,0.138058545864,0.0,0
2018-05-27 16:27:42.274,218.89,0.138058545864,0.0,0
2018-05-27 16:27:42.442,217.45,0.138058545864,0.0,0
2018-05-27 16:27:42.628,219.48,0.138058545864,0.0,0
2018-05-27 16:27:42.711,218.53,0.138058545864,0.0,0
2018-05-27 16:27:42.805,220.16,0.138058545864,0.0,0
2018-05-27 16:27:42.898,218.47,0.138058545864,0.0,0
2018-05-27 16:27:43.060,220.0,0.138058545864,0.0,0
2018-05-27 16:27:43.153,219.84,0.138058545864,0.0,0
2018-05-27 16:27:43.330,220.27,0.138058545864,0.0,0
2018-05-27 16:27:43.423,221.1,0.138058545864,0.0,0
2018-05-27 16:27:43.516,221.01,0.138058545864,0.0,0
2018-05-27 16:27:43.609,220.54,0.138058545864,0.0,0
2018-05-27 16:27:43.702,220.94,0.138058545864,0.0,0
2018-05-27 16:27:43.888,223.2,0.138058545864,0.0,0
2018-05-27 16:27:44.050,222.19,0.138058545864,0.0,0
2018-05-27 16:27:44.227,223.41,0.138058545864,0.0,0
2018-05-27 16:27:44.320,222.74,0.138058545864,0.0,0
2018-05-27 16:27:44.413,222.73,0.138058545864,0.0,0
2018-05-27 16:27:44.674,225.09,0.138058545864,0.0,0
2018-05-27 16:27:44.860,224.71,0.138058545864,0.0,0
2018-05-27 16:27:45.022,223.17,0.138058545864,0.0,0
2018-05-27 16:27:45.292,224.81,0.138058545864,0.0,0
2018-05-27 16:27:45.562,225.54,0.138058545864,0.0,0
2018-05-27 16:27:45.655,224.53,0.138058545864,0.0,0
2018-05-27 16:27:45.832,226.0,0.138058545864,0.0,0
2018-05-27 16:27:45.925,225.57,0.138058545864,0.0,0
2018-05-27 16:27:46.274,224.8,0.138058545864,0.0,0
2018-05-27 16:27:46.544,224.75,0.138058545864,0.0,0
2018-05-27 16:27:47.171,224.46,0.138058545864,0.0,0
2018-05-27 16:27:47.264,224.88,0.138058545864,0.0,0
2018-05-27 16:27:47.357,225.47,0.138058545864,0.0,0
2018-05-27 16:27:47.711,227.32,0.138058545864,0.0,0
2018-05-27 16:27:47.804,227.17,0.138058545864,0.0,0
2018-05-27 16:27:47.897,225.21,0.138058545864,0.0,0
2018-05-27 16:27:48.059,224.22,0.138058545864,0.0,0
2018-05-27 16:27:48.422,223.14,0.138058545864,0.0,0
2018-05-27 16:27:48.515,222.63,0.138058545864,0.0,0
2018-05-27 16:27:48.703,222.85,0.138058545864,0.0,0
2018-05-27 16:27:48.795,221.29,0.138058545864,0.0,0
2018-05-27 16:27:48.888,219.37,0.138058545864,0.0,0
2018-05-27 16:27:49.050,219.12,0.138058545864,0.0,0
2018-05-27 16:27:49.143,219.7,0.138058545864,0.0,0
2018-05-27 16:27:49.329,216.83,0.138058545864,0.0,0
2018-05-27 16:27:49.879,216.72,0.138058545864,0.0,0
2018-05-27 16:27:50.115,214.17,0.138058545864,0.0,0
2018-05-27 16:27:50.208,215.55,0.138058545864,0.0,0
2018-05-27 16:27:50.301,212.94,0.138058545864,0.0,0
2018-05-27 16:27:50.394,214.36,0.138058545864,0.0,0
2018-05-27 16:27:50.478,214.21,0.138058545864,0.0,0
2018-05-27 16:27:50.841,213.58,0.138058545864,0.0,0
2018-05-27 16:27:51.189,213.9,0.138058545864,0.0,0
2018-05-27 16:27:51.282,214.57,0.138058545864,0.0,0
2018-05-27 16:27:51.366,215.1,0.138058545864,0.0,0
2018-05-27 16:27:51.729,215.23,0.138058545864,0.0,0
2018-05-27 16:27:51.813,214.02,0.138058545864,0.0,0
2018-05-27 16:27:51.906,215.46,0.138058545864,0.0,0
2018-05-27 16:27:52.254,215.75,0.138058545864,0.0,0
2018-05-27 16:27:52.348,214.42,0.138058545864,0.0,0
2018-05-27 16:27:52.515,215.86,0.138058545864,0.0,0
2018-05-27 16:27:53.143,216.71,0.138058545864,0.0,0
2018-05-27 16:27:53.236,216.65,0.138058545864,0.0,0
2018-05-27 16:27:53.329,218.2,0.138058545864,0.0,0
2018-05-27 16:27:53.599,218.64,0.138058545864,0.0,0
2018-05-27 16:27:53.692,218.03,0.138058545864,0.0,0
2018-05-27 16:27:53.878,219.59,0.138058545864,0.0,0
2018-05-27 16:27:54.035,218.41,0.138058545864,0.0,0
2018-05-27 16:27:54.208,219.28,0.138058545864,0.0,0
2018-05-27 16:27:54.301,218.34,0.138058545864,0.0,0
2018-05-27 16:27:54.580,218.75,0.138058545864,0.0,0
2018-05-27 16:27:54.767,217.56,0.138058545864,0.0,0
2018-05-27 16:27:54.860,219.01,0.138058545864,0.0,0
2018-05-27 16:27:55.115,216.59,0.138058545864,0.0,0
2018-05-27 16:27:55.208,216.67,0.138058545864,0.0,0
2018-05-27 16:27:55.301,216.52,0.138058545864,0.0,0
2018-05-27 16:27:55.385,216.7,0.138058545864,0.0,0
2018-05-27 16:27:55.478,215.07,0.138058545864,0.0,0
2018-05-27 16:27:55.664,215.42,0.138058545864,0.0,0
2018-05-27 16:27:55.850,213.65,0.138058545864,0.0,0
2018-05-27 16:27:56.012,213.59,0.138058545864,0.0,0
2018-05-27 16:27:56.468,210.64,0.138058545864,0.0,0
2018-05-27 16:27:56.562,212.34,0.138058545864,0.0,0
2018-05-27 16:27:56.655,210.78,0.138058545864,0.0,0
2018-05-27 16:27:56.841,209.34,0.138058545864,0.0,0
2018-05-27 16:27:57.003,211.53,0.138058545864,0.0,0
2018-05-27 16:27:57.096,210.07,0.138058545864,0.0,0
2018-05-27 16:27:57.189,210.69,0.138058545864,0.0,0
2018-05-27 16:27:57.459,210.65,0.138058545864,0.0,0
2018-05-27 16:27:57.552,211.93,0.138058545864,0.0,0
2018-05-27 16:27:57.645,209.92,0.138058545864,0.0,0
2018-05-27 16:27:57.738,211.57,0.138058545864,0.0,0
2018-05-27 16:27:57.832,210.71,0.138058545864,0.0,0
2018-05-27 16:27:57.925,210.56,0.138058545864,0.0,0
2018-05-27 16:27:58.086,211.88,0.138058545864,0.0,0
2018-05-27 16:27:58.180,210.12,0.138058545864,0.0,0
2018-05-27 16:27:58.357,212.36,0.138058545864,0.0,0
2018-05-27 16:27:58.440,211.63,0.138058545864,0.0,0
2018-05-27 16:27:58.533,211.34,0.138058545864,0.0,0
2018-05-27 16:27:58.720,212.22,0.138058545864,0.0,0
2018-05-27 16:27:58.906,213.15,0.138058545864,0.0,0
2018-05-27 16:27:59.161,212.83,0.138058545864,0.0,0
2018-05-27 16:27:59.338,214.6,0.138058545864,0.0,0
2018-05-27 16:27:59.422,214.88,0.138058545864,0.0,0
2018-05-27 16:27:59.515,214.4,0.138058545864,0.0,0
2018-05-27 16:27:59.608,214.22,0.138058545864,0.0,0
2018-05-27 16:27:59.701,216.25,0.138058545864,0.0,0
2018-05-27 16:27:59.887,214.92,0.138058545864,0.0,0
2018-05-27 16:28:00.050,217.24,0.138058545864,0.0,0
2018-05-27 16:28:00.133,216.56,0.138058545864,0.0,0
2018-05-27 16:28:00.226,217.95,0.138058545864,0.0,0
2018-05-27 16:28:00.496,216.67,0.138058545864,0.0,0
2018-05-27 16:28:00.580,217.89,0.138058545864,0.0,0
2018-05-27 16:28:00.673,217.14,0.138058545864,0.0,0
2018-05-27 16:28:00.766,218.63,0.138058545864,0.0,0
2018-05-27 16:28:00.850,219.07,0.138058545864,0.0,0
2018-05-27 16:28:01.198,218.91,0.138058545864,0.0,0
2018-05-27 16:28:01.291,219.71,0.138058545864,0.0,0
2018-05-27 16:28:01.384,221.48,0.138058545864,0.0,0
2018-05-27 16:28:01.468,221.09,0.138058545864,0.0,0
2018-05-27 16:28:01.561,221.0,0.138058545864,0.0,0
2018-05-27 16:28:01.655,222.55,0.138058545864,0.0,0
2018-05-27 16:28:01.738,221.33,0.138058545864,0.0,0
2018-05-27 16:28:01.831,222.93,0.138058545864,0.0,0
2018-05-27 16:28:02.086,223.03,0.138058545864,0.0,0
2018-05-27 16:28:02.179,222.57,0.138058545864,0.0,0
2018-05-27 16:28:02.273,222.99,0.138058545864,0.0,0
2018-05-27 16:28:02.449,223.09,0.138058545864,0.0,0
2018-05-27 16:28:02.533,225.42,0.138058545864,0.0,0
2018-05-27 16:28:02.626,224.68,0.138058545864,0.0,0
2018-05-27 16:28:02.710,225.44,0.138058545864,0.0,0
2018-05-27 16:28:02.803,225.85,0.138058545864,0.0,0
2018-05-27 16:28:02.896,225.69,0.138058545864,0.0,0
2018-05-27 16:28:03.058,225.9,0.138058545864,0.0,0
2018-05-27 16:28:03.235,226.8,0.138058545864,0.0,0
2018-05-27 16:28:03.328,226.7,0.138058545864,0.0,0
2018-05-27 16:28:03.421,226.41,0.138058545864,0.0,0
2018-05-27 16:28:03.515,225.47,0.138058545864,0.0,0
2018-05-27 16:28:03.608,225.48,0.138058545864,0.0,0
2018-05-27 16:28:03.701,226.79,0.138058545864,0.0,0
2018-05-27 16:28:03.794,226.68,0.138058545864,0.0,0
2018-05-27 16:28:03.880,227.61,0.138058545864,0.0,0
2018-05-27 16:28:04.040,227.45,0.138058545864,0.0,0
2018-05-27 16:28:04.134,227.48,0.138058545864,0.0,0
2018-05-27 16:28:04.319,228.04,0.138058545864,0.0,0
2018-05-27 16:28:04.412,228.78,0.138058545864,0.0,0
2018-05-27 16:28:04.766,229.81,0.138058545864,0.0,0
2018-05-27 16:28:04.859,230.26,0.138058545864,0.0,0
2018-05-27 16:28:05.198,230.44,0.138058545864,0.0,0
2018-05-27 16:28:05.291,230.46,0.138058545864,0.0,0
2018-05-27 16:28:05.561,231.34,0.138058545864,0.0,0
2018-05-27 16:28:05.654,232.15,0.138058545864,0.0,0
2018-05-27 16:28:05.747,232.55,0.138058545864,0.0,0
2018-05-27 16:28:05.840,232.65,0.138058545864,0.0,0
2018-05-27 16:28:06.002,232.65,0.138058545864,0.0,0
2018-05-27 16:28:06.095,232.89,0.138058545864,0.0,0
2018-05-27 16:28:06.188,232.33,0.138058545864,0.0,0
2018-05-27 16:28:06.374,232.37,0.138058545864,0.0,0
2018-05-27 16:28:06.635,232.45,0.138058545864,0.0,0
2018-05-27 16:28:06.821,232.43,0.138058545864,0.0,0
2018-05-27 16:28:06.905,232.53,0.138058545864,0.0,0
2018-05-27 16:28:07.160,231.56,0.138058545864,0.0,0
2018-05-27 16:28:07.337,229.47,0.138058545864,0.0,0
2018-05-27 16:28:07.430,227.8,0.138058545864,0.0,0
2018-05-27 16:28:07.607,225.66,0.138058545864,0.0,0
2018-05-27 16:28:07.793,224.44,0.138058545864,0.0,0
2018-05-27 16:28:07.886,224.67,0.138058545864,0.0,0
2018-05-27 16:28:08.141,222.16,0.138058545864,0.0,0
2018-05-27 16:28:08.328,220.24,0.138058545864,0.0,0
2018-05-27 16:28:08.411,218.68,0.138058545864,0.0,0
2018-05-27 16:28:08.598,218.36,0.138058545864,0.0,0
2018-05-27 16:28:08.691,216.02,0.138058545864,0.0,0
2018-05-27 16:28:08.784,215.97,0.138058545864,0.0,0
2018-05-27 16:28:09.123,214.91,0.138058545864,0.0,0
2018-05-27 16:28:09.206,213.89,0.138058545864,0.0,0
2018-05-27 16:28:09.299,211.04,0.138058545864,0.0,0
2018-05-27 16:28:09.486,211.18,0.138058545864,0.0,0
2018-05-27 16:28:09.765,207.89,0.138058545864,0.0,0
2018-05-27 16:28:09.858,208.86,0.138058545864,0.0,0
2018-05-27 16:28:10.020,207.73,0.138058545864,0.0,0
2018-05-27 16:28:10.113,207.91,0.138058545864,0.0,0
2018-05-27 16:28:10.300,208.44,0.138058545864,0.0,0
2018-05-27 16:28:10.383,207.56,0.138058545864,0.0,0
2018-05-27 16:28:10.476,206.63,0.138058545864,0.0,0
2018-05-27 16:28:10.663,206.57,0.138058545864,0.0,0
2018-05-27 16:28:10.756,206.82,0.138058545864,0.0,0
2018-05-27 16:28:11.011,206.11,0.138058545864,0.0,0
2018-05-27 16:28:11.104,208.15,0.138058545864,0.0,0
2018-05-27 16:28:11.197,206.88,0.138058545864,0.0,0
2018-05-27 16:28:11.281,206.85,0.138058545864,0.0,0
2018-05-27 16:28:11.467,206.83,0.138058545864,0.0,0
2018-05-27 16:28:11.560,208.12,0.138058545864,0.0,0
2018-05-27 16:28:11.653,206.84,0.138058545864,0.0,0
2018-05-27 16:28:11.746,208.63,0.138058545864,0.0,0
2018-05-27 16:28:11.839,206.65,0.138058545864,0.0,0
2018-05-27 16:28:12.001,208.26,0.138058545864,0.0,0
2018-05-27 16:28:12.094,207.16,0.138058545864,0.0,0
2018-05-27 16:28:12.187,208.82,0.138058545864,0.0,0
2018-05-27 16:28:12.281,207.65,0.138058545864,0.0,0
2018-05-27 16:28:12.374,209.3,0.138058545864,0.0,0
2018-05-27 16:28:12.467,208.09,0.138058545864,0.0,0
2018-05-27 16:28:12.560,209.71,0.138058545864,0.0,0
2018-05-27 16:28:12.644,209.73,0.138058545864,0.0,0
2018-05-27 16:28:12.830,210.06,0.138058545864,0.0,0
2018-05-27 16:28:12.923,207.94,0.138058545864,0.0,0
2018-05-27 16:28:13.085,210.51,0.138058545864,0.0,0
2018-05-27 16:28:13.178,209.25,0.138058545864,0.0,0
2018-05-27 16:28:13.271,209.92,0.138058545864,0.0,0
2018-05-27 16:28:13.364,208.85,0.138058545864,0.0,0
2018-05-27 16:28:13.448,210.27,0.138058545864,0.0,0
2018-05-27 16:28:13.616,211.99,0.138058545864,0.0,0
2018-05-27 16:28:13.709,210.61,0.138058545864,0.0,0
2018-05-27 16:28:13.802,212.19,0.138058545864,0.0,0
2018-05-27 16:28:14.057,211.7,0.138058545864,0.0,0
2018-05-27 16:28:14.150,212.53,0.138058545864,0.0,0
2018-05-27 16:28:14.243,212.5,0.138058545864,0.0,0
2018-05-27 16:28:14.336,213.96,0.138058545864,0.0,0
2018-05-27 16:28:14.429,212.71,0.138058545864,0.0,0
2018-05-27 16:28:14.523,213.87,0.138058545864,0.0,0
2018-05-27 16:28:14.606,214.27,0.138058545864,0.0,0
2018-05-27 16:28:14.699,215.83,0.138058545864,0.0,0
2018-05-27 16:28:14.885,215.22,0.138058545864,0.0,0
2018-05-27 16:28:15.233,215.21,0.138058545864,0.0,0
2018-05-27 16:28:15.327,215.77,0.138058545864,0.0,0
2018-05-27 16:28:15.411,213.96,0.138058545864,0.0,0
2018-05-27 16:28:15.504,214.95,0.138058545864,0.0,0
2018-05-27 16:28:15.690,213.84,0.138058545864,0.0,0
2018-05-27 16:28:15.783,211.71,0.138058545864,0.0,0
2018-05-27 16:28:16.317,208.0,0.138058545864,0.0,0
2018-05-27 16:28:16.578,206.73,0.138058545864,0.0,0
2018-05-27 16:28:16.764,205.6,0.138058545864,0.0,0
2018-05-27 16:28:17.019,204.91,0.138058545864,0.0,0
2018-05-27 16:28:17.112,206.65,0.138058545864,0.0,0
2018-05-27 16:28:17.205,204.37,0.138058545864,0.0,0
2018-05-27 16:28:17.298,205.76,0.138058545864,0.0,0
2018-05-27 16:28:17.382,205.76,0.138058545864,0.0,0
2018-05-27 16:28:17.475,204.26,0.138058545864,0.0,0
2018-05-27 16:28:17.662,205.51,0.138058545864,0.0,0
2018-05-27 16:28:17.755,204.69,0.138058545864,0.0,0
2018-05-27 16:28:17.848,206.2,0.138058545864,0.0,0
2018-05-27 16:28:18.010,204.37,0.138058545864,0.0,0
2018-05-27 16:28:18.103,206.11,0.138058545864,0.0,0
2018-05-27 16:28:18.196,204.76,0.138058545864,0.0,0
2018-05-27 16:28:18.289,205.88,0.138058545864,0.0,0
2018-05-27 16:28:18.373,206.61,0.138058545864,0.0,0
2018-05-27 16:28:18.466,205.18,0.138058545864,0.0,0
2018-05-27 16:28:18.559,205.52,0.138058545864,0.0,0
2018-05-27 16:28:18.652,206.37,0.138058545864,0.0,0
2018-05-27 16:28:18.745,204.82,0.138058545864,0.0,0
2018-05-27 16:28:19.280,208.04,0.138058545864,0.0,0
2018-05-27 16:28:19.363,208.24,0.138058545864,0.0,0
2018-05-27 16:28:19.456,207.66,0.138058545864,0.0,0
2018-05-27 16:28:19.550,208.47,0.138058545864,0.0,0
2018-05-27 16:28:19.643,208.04,0.138058545864,0.0,0
2018-05-27 16:28:19.736,208.97,0.138058545864,0.0,0
2018-05-27 16:28:19.829,208.36,0.138058545864,0.0,0
2018-05-27 16:28:19.922,209.63,0.138058545864,0.0,0
2018-05-27 16:28:20.084,209.02,0.138058545864,0.0,0
2018-05-27 16:28:20.270,209.09,0.138058545864,0.0,0
2018-05-27 16:28:20.363,210.48,0.138058545864,0.0,0
2018-05-27 16:28:20.540,210.56,0.138058545864,0.0,0
2018-05-27 16:28:20.624,211.18,0.138058545864,0.0,0
2018-05-27 16:28:20.717,211.1,0.138058545864,0.0,0
2018-05-27 16:28:20.903,212.03,0.138058545864,0.0,0
2018-05-27 16:28:21.065,213.69,0.138058545864,0.0,0
2018-05-27 16:28:21.252,213.27,0.138058545864,0.0,0
2018-05-27 16:28:21.335,214.01,0.138058545864,0.0,0
2018-05-27 16:28:21.521,214.17,0.138058545864,0.0,0
2018-05-27 16:28:21.615,214.67,0.138058545864,0.0,0
2018-05-27 16:28:21.801,215.13,0.138058545864,0.0,0
2018-05-27 16:28:21.894,215.78,0.138058545864,0.0,0
2018-05-27 16:28:22.056,217.62,0.138058545864,0.0,0
2018-05-27 16:28:22.149,216.72,0.138058545864,0.0,0
2018-05-27 16:28:22.689,219.37,0.138058545864,0.0,0
2018-05-27 16:28:22.782,218.9,0.138058545864,0.0,0
2018-05-27 16:28:23.032,219.41,0.138058545864,0.0,0
2018-05-27 16:28:23.121,219.69,0.138058545864,0.0,0
2018-05-27 16:28:23.205,220.0,0.138058545864,0.0,0
2018-05-27 16:28:23.298,219.59,0.138058545864,0.0,0
2018-05-27 16:28:23.391,220.38,0.138058545864,0.0,0
2018-05-27 16:28:23.475,220.87,0.138058545864,0.0,0
2018-05-27 16:28:23.568,220.39,0.138058545864,0.0,0
2018-05-27 16:28:23.661,222.49,0.138058545864,0.0,0
2018-05-27 16:28:23.754,222.94,0.138058545864,0.0,0
2018-05-27 16:28:23.848,221.76,0.138058545864,0.0,0
2018-05-27 16:28:23.931,223.54,0.138058545864,0.0,0
2018-05-27 16:28:24.093,223.07,0.138058545864,0.0,0
2018-05-27 16:28:24.186,223.2,0.138058545864,0.0,0
2018-05-27 16:28:24.363,224.5,0.138058545864,0.0,0
2018-05-27 16:28:24.456,223.55,0.138058545864,0.0,0
2018-05-27 16:28:24.549,223.73,0.138058545864,0.0,0
2018-05-27 16:28:24.736,225.0,0.138058545864,0.0,0
2018-05-27 16:28:24.903,226.07,0.138058545864,0.0,0
2018-05-27 16:28:25.065,225.94,0.138058545864,0.0,0
2018-05-27 16:28:25.251,225.22,0.138058545864,0.0,0
2018-05-27 16:28:25.512,225.78,0.138058545864,0.0,0
2018-05-27 16:28:25.605,226.24,0.138058545864,0.0,0
2018-05-27 16:28:25.698,227.17,0.138058545864,0.0,0
2018-05-27 16:28:25.791,227.42,0.138058545864,0.0,0
2018-05-27 16:28:26.684,228.52,0.138058545864,0.0,0
2018-05-27 16:28:26.772,228.73,0.138058545864,0.0,0
2018-05-27 16:28:27.018,228.59,0.138058545864,0.0,0
2018-05-27 16:28:27.195,230.75,0.138058545864,0.0,0
2018-05-27 16:28:27.381,230.93,0.138058545864,0.0,0
2018-05-27 16:28:27.642,231.29,0.138058545864,0.0,0
2018-05-27 16:28:27.726,230.43,0.138058545864,0.0,0
2018-05-27 16:28:27.912,230.71,0.138058545864,0.0,0
2018-05-27 16:28:28.428,228.74,0.138058545864,0.0,0
2018-05-27 16:28:28.614,226.18,0.138058545864,0.0,0
2018-05-27 16:28:28.707,225.07,0.138058545864,0.0,0
2018-05-27 16:28:28.800,222.93,0.138058545864,0.0,0
2018-05-27 16:28:29.055,222.2,0.138058545864,0.0,0
2018-05-27 16:28:29.325,220.71,0.138058545864,0.0,0
2018-05-27 16:28:29.502,219.72,0.138058545864,0.0,0
2018-05-27 16:28:29.688,216.59,0.138058545864,0.0,0
2018-05-27 16:28:30.297,214.17,0.138058545864,0.0,0
2018-05-27 16:28:30.390,215.92,0.138058545864,0.0,0
2018-05-27 16:28:30.660,214.57,0.138058545864,0.0,0
2018-05-27 16:28:30.744,216.12,0.138058545864,0.0,0
2018-05-27 16:28:30.837,214.51,0.138058545864,0.0,0
2018-05-27 16:28:31.548,212.51,0.138058545864,0.0,0
2018-05-27 16:28:31.632,212.29,0.138058545864,0.0,0
2018-05-27 16:28:31.725,214.08,0.138058545864,0.0,0
2018-05-27 16:28:31.809,212.55,0.138058545864,0.0,0
2018-05-27 16:28:31.902,214.08,0.138058545864,0.0,0
2018-05-27 16:28:32.064,212.45,0.138058545864,0.0,0
2018-05-27 16:28:32.157,213.28,0.138058545864,0.0,0
2018-05-27 16:28:32.613,211.31,0.138058545864,0.0,0
2018-05-27 16:28:32.706,211.69,0.138058545864,0.0,0
2018-05-27 16:28:32.799,209.77,0.138058545864,0.0,0
2018-05-27 16:28:32.893,211.58,0.138058545864,0.0,0
2018-05-27 16:28:33.054,210.21,0.138058545864,0.0,0
2018-05-27 16:28:33.148,210.75,0.138058545864,0.0,0
2018-05-27 16:28:33.241,210.41,0.138058545864,0.0,0
2018-05-27 16:28:33.427,212.03,0.138058545864,0.0,0
2018-05-27 16:28:33.790,211.12,0.138058545864,0.0,0
2018-05-27 16:28:33.883,211.23,0.138058545864,0.0,0
2018-05-27 16:28:34.138,211.3,0.138058545864,0.0,0
2018-05-27 16:28:34.231,212.73,0.138058545864,0.0,0
2018-05-27 16:28:34.408,210.44,0.138058545864,0.0,0
2018-05-27 16:28:34.594,212.75,0.138058545864,0.0,0
2018-05-27 16:28:34.781,213.99,0.138058545864,0.0,0
2018-05-27 16:28:34.874,212.62,0.138058545864,0.0,0
2018-05-27 16:28:35.203,213.79,0.138058545864,0.0,0
2018-05-27 16:28:35.389,216.15,0.138058545864,0.0,0
2018-05-27 16:28:35.483,215.38,0.138058545864,0.0,0
2018-05-27 16:28:35.576,216.7,0.138058545864,0.0,0
2018-05-27 16:28:35.669,217.5,0.138058545864,0.0,0
2018-05-27 16:28:35.855,216.98,0.138058545864,0.0,0
2018-05-27 16:28:36.017,218.77,0.138058545864,0.0,0
2018-05-27 16:28:36.110,217.76,0.138058545864,0.0,0
2018-05-27 16:28:36.297,218.32,0.138058545864,0.0,0
2018-05-27 16:28:36.474,218.08,0.138058545864,0.0,0
2018-05-27 16:28:36.660,215.31,0.138058545864,0.0,0
2018-05-27 16:28:37.008,213.14,0.138058545864,0.0,0
2018-05-27 16:28:37.102,212.73,0.138058545864,0.0,0
2018-05-27 16:28:37.371,211.51,0.138058545864,0.0,0
2018-05-27 16:28:37.558,211.23,0.138058545864,0.0,0
2018-05-27 16:28:37.651,209.62,0.138058545864,0.0,0
2018-05-27 16:28:37.744,209.97,0.138058545864,0.0,0
2018-05-27 16:28:37.837,209.37,0.138058545864,0.0,0
2018-05-27 16:28:37.930,209.85,0.138058545864,0.0,0
2018-05-27 16:28:38.092,209.93,0.138058545864,0.0,0
2018-05-27 16:28:38.269,208.06,0.138058545864,0.0,0
2018-05-27 16:28:38.353,207.93,0.138058545864,0.0,0
2018-05-27 16:28:38.623,207.08,0.138058545864,0.0,0
2018-05-27 16:28:38.716,207.25,0.138058545864,0.0,0
2018-05-27 16:28:38.893,206.31,0.138058545864,0.0,0
2018-05-27 16:28:39.055,207.35,0.138058545864,0.0,0
2018-05-27 16:28:39.148,206.36,0.138058545864,0.0,0
2018-05-27 16:28:39.325,208.08,0.138058545864,0.0,0
2018-05-27 16:28:39.418,206.81,0.138058545864,0.0,0
2018-05-27 16:28:39.512,208.8,0.138058545864,0.0,0
2018-05-27 16:28:39.595,207.91,0.138058545864,0.0,0
2018-05-27 16:28:39.688,206.55,0.138058545864,0.0,0
2018-05-27 16:28:39.782,208.92,0.138058545864,0.0,0
2018-05-27 16:28:39.875,207.43,0.138058545864,0.0,0
2018-05-27 16:28:40.032,206.97,0.138058545864,0.0,0
2018-05-27 16:28:40.121,208.04,0.138058545864,0.0,0
2018-05-27 16:28:40.204,209.09,0.138058545864,0.0,0
2018-05-27 16:28:40.297,207.93,0.138058545864,0.0,0
2018-05-27 16:28:40.484,208.62,0.138058545864,0.0,0
2018-05-27 16:28:40.577,210.05,0.138058545864,0.0,0
2018-05-27 16:28:40.670,208.99,0.138058545864,0.0,0
2018-05-27 16:28:40.763,210.52,0.138058545864,0.0,0
2018-05-27 16:28:40.856,209.1,0.138058545864,0.0,0
2018-05-27 16:28:41.018,210.64,0.138058545864,0.0,0
2018-05-27 16:28:41.112,209.66,0.138058545864,0.0,0
2018-05-27 16:28:41.204,211.77,0.138058545864,0.0,0
2018-05-27 16:28:41.298,210.59,0.138058545864,0.0,0
2018-05-27 16:28:41.475,211.11,0.138058545864,0.0,0
2018-05-27 16:28:41.568,213.16,0.138058545864,0.0,0
2018-05-27 16:28:41.754,214.17,0.138058545864,0.0,0
2018-05-27 16:28:42.102,215.98,0.138058545864,0.0,0
2018-05-27 16:28:42.279,216.64,0.138058545864,0.0,0
2018-05-27 16:28:42.372,215.69,0.138058545864,0.0,0
2018-05-27 16:28:42.465,217.25,0.138058545864,0.0,0
2018-05-27 16:28:42.559,217.64,0.138058545864,0.0,0
2018-05-27 16:28:42.745,217.74,0.138058545864,0.0,0
2018-05-27 16:28:42.838,217.85,0.138058545864,0.0,0
2018-05-27 16:28:42.931,216.61,0.138058545864,0.0,0
2018-05-27 16:28:43.093,217.09,0.138058545864,0.0,0
2018-05-27 16:28:43.186,218.69,0.138058545864,0.0,0
2018-05-27 16:28:43.280,217.65,0.138058545864,0.0,0
2018-05-27 16:28:43.363,219.78,0.138058545864,0.0,0
2018-05-27 16:28:43.456,218.52,0.138058545864,0.0,0
2018-05-27 16:28:43.550,219.43,0.138058545864,0.0,0
2018-05-27 16:28:43.643,220.13,0.138058545864,0.0,0
2018-05-27 16:28:43.736,221.29,0.138058545864,0.0,0
2018-05-27 16:28:43.922,220.9,0.138058545864,0.0,0
2018-05-27 16:28:44.084,220.75,0.138058545864,0.0,0
2018-05-27 16:28:44.177,222.4,0.138058545864,0.0,0
2018-05-27 16:28:44.261,221.28,0.138058545864,0.0,0
2018-05-27 16:28:44.354,223.09,0.138058545864,0.0,0
2018-05-27 16:28:44.531,222.96,0.138058545864,0.0,0
2018-05-27 16:28:44.624,224.34,0.138058545864,0.0,0
2018-05-27 16:28:44.811,223.43,0.138058545864,0.0,0
2018-05-27 16:28:45.066,224.42,0.138058545864,0.0,0
2018-05-27 16:28:45.159,224.58,0.138058545864,0.0,0
2018-05-27 16:28:45.243,224.72,0.138058545864,0.0,0
2018-05-27 16:28:45.336,225.1,0.138058545864,0.0,0
2018-05-27 16:28:45.429,225.14,0.138058545864,0.0,0
2018-05-27 16:28:45.522,225.76,0.138058545864,0.0,0
2018-05-27 16:28:45.615,227.13,0.138058545864,0.0,0
2018-05-27 16:28:45.708,227.09,0.138058545864,0.0,0
2018-05-27 16:28:45.801,227.46,0.138058545864,0.0,0
2018-05-27 16:28:45.895,228.12,0.138058545864,0.0,0
2018-05-27 16:28:46.056,227.78,0.138058545864,0.0,0
2018-05-27 16:28:46.150,226.74,0.138058545864,0.0,0
2018-05-27 16:28:46.233,228.78,0.138058545864,0.0,0
2018-05-27 16:28:46.327,228.97,0.138058545864,0.0,0
2018-05-27 16:28:46.410,228.39,0.138058545864,0.0,0
2018-05-27 16:28:46.690,229.34,0.138058545864,0.0,0
2018-05-27 16:28:46.783,229.21,0.138058545864,0.0,0
2018-05-27 16:28:46.876,230.06,0.138058545864,0.0,0
2018-05-27 16:28:47.034,229.42,0.138058545864,0.0,0
2018-05-27 16:28:47.299,232.06,0.138058545864,0.0,0
2018-05-27 16:28:47.383,231.01,0.138058545864,0.0,0
2018-05-27 16:28:47.569,231.15,0.138058545864,0.0,0
2018-05-27 16:28:47.662,231.46,0.138058545864,0.0,0
2018-05-27 16:28:48.001,232.87,0.138058545864,0.0,0
2018-05-27 16:28:48.457,231.55,0.138058545864,0.0,0
2018-05-27 16:28:48.551,230.27,0.138058545864,0.0,0
2018-05-27 16:28:48.728,228.03,0.138058545864,0.0,0
2018-05-27 16:28:48.821,228.3,0.138058545864,0.0,0
2018-05-27 16:28:48.904,226.31,0.138058545864,0.0,0
2018-05-27 16:28:49.066,225.59,0.138058545864,0.0,0
2018-05-27 16:28:49.159,224.85,0.138058545864,0.0,0
2018-05-27 16:28:49.430,221.97,0.138058545864,0.0,0
2018-05-27 16:28:49.607,219.92,0.138058545864,0.0,0
2018-05-27 16:28:49.700,220.93,0.138058545864,0.0,0
2018-05-27 16:28:50.141,217.51,0.138058545864,0.0,0
2018-05-27 16:28:50.234,215.29,0.138058545864,0.0,0
2018-05-27 16:28:50.327,214.48,0.138058545864,0.0,0
2018-05-27 16:28:50.411,213.68,0.138058545864,0.0,0
2018-05-27 16:28:50.504,214.66,0.138058545864,0.0,0
2018-05-27 16:28:50.597,213.34,0.138058545864,0.0,0
2018-05-27 16:28:50.691,211.61,0.138058545864,0.0,0
2018-05-27 16:28:51.034,209.65,0.138058545864,0.0,0
2018-05-27 16:28:51.300,211.37,0.138058545864,0.0,0
2018-05-27 16:28:51.570,209.77,0.138058545864,0.0,0
2018-05-27 16:28:51.756,209.81,0.138058545864,0.0,0
2018-05-27 16:28:51.849,208.29,0.138058545864,0.0,0
2018-05-27 16:28:52.104,208.33,0.138058545864,0.0,0
2018-05-27 16:28:52.198,209.5,0.138058545864,0.0,0
2018-05-27 16:28:52.551,209.48,0.138058545864,0.0,0
2018-05-27 16:28:52.644,207.57,0.138058545864,0.0,0
2018-05-27 16:28:52.831,206.8,0.138058545864,0.0,0
2018-05-27 16:28:52.925,207.6,0.138058545864,0.0,0
2018-05-27 16:28:53.086,207.25,0.138058545864,0.0,0
2018-05-27 16:28:53.272,207.07,0.138058545864,0.0,0
2018-05-27 16:28:53.356,206.98,0.138058545864,0.0,0
2018-05-27 16:28:53.449,208.63,0.138058545864,0.0,0
2018-05-27 16:28:53.626,207.21,0.138058545864,0.0,0
2018-05-27 16:28:53.710,206.76,0.138058545864,0.0,0
2018-05-27 16:28:53.803,208.63,0.138058545864,0.0,0
2018-05-27 16:28:53.896,206.99,0.138058545864,0.0,0
2018-05-27 16:28:54.151,207.41,0.138058545864,0.0,0
2018-05-27 16:28:54.244,208.9,0.138058545864,0.0,0
2018-05-27 16:28:54.328,209.0,0.138058545864,0.0,0
2018-05-27 16:28:54.421,207.78,0.138058545864,0.0,0
2018-05-27 16:28:54.514,208.99,0.138058545864,0.0,0
2018-05-27 16:28:54.608,206.95,0.138058545864,0.0,0
2018-05-27 16:28:54.701,208.15,0.138058545864,0.0,0
2018-05-27 16:28:54.794,207.19,0.138058545864,0.0,0
2018-05-27 16:28:54.887,208.75,0.138058545864,0.0,0
2018-05-27 16:28:55.049,207.51,0.138058545864,0.0,0
2018-05-27 16:28:55.142,208.85,0.138058545864,0.0,0
2018-05-27 16:28:55.235,207.83,0.138058545864,0.0,0
2018-05-27 16:28:55.328,208.37,0.138058545864,0.0,0
2018-05-27 16:28:55.421,207.28,0.138058545864,0.0,0
2018-05-27 16:28:55.515,208.36,0.138058545864,0.0,0
2018-05-27 16:28:55.608,207.78,0.138058545864,0.0,0
2018-05-27 16:28:55.701,209.04,0.138058545864,0.0,0
2018-05-27 16:28:55.794,208.49,0.138058545864,0.0,0
2018-05-27 16:28:55.878,208.96,0.138058545864,0.0,0
2018-05-27 16:28:56.040,210.68,0.138058545864,0.0,0
2018-05-27 16:28:56.133,209.2,0.138058545864,0.0,0
2018-05-27 16:28:56.319,210.9,0.138058545864,0.0,0
2018-05-27 16:28:56.580,212.09,0.138058545864,0.0,0
2018-05-27 16:28:56.673,213.3,0.138058545864,0.0,0
2018-05-27 16:28:56.850,213.41,0.138058545864,0.0,0
2018-05-27 16:28:57.198,214.4,0.138058545864,0.0,0
2018-05-27 16:28:57.291,214.46,0.138058545864,0.0,0
2018-05-27 16:28:57.375,214.3,0.138058545864,0.0,0
2018-05-27 16:28:57.562,212.6,0.138058545864,0.0,0
2018-05-27 16:28:57.645,213.63,0.138058545864,0.0,0
2018-05-27 16:28:58.451,206.3,0.138058545864,0.0,0
2018-05-27 16:28:58.534,206.21,0.138058545864,0.0,0
2018-05-27 16:28:58.720,204.48,0.138058545864,0.0,0
2018-05-27 16:28:58.906,205.02,0.138058545864,0.0,0
2018-05-27 16:28:59.068,206.51,0.138058545864,0.0,0
2018-05-27 16:28:59.161,205.44,0.138058545864,0.0,0
2018-05-27 16:28:59.340,206.88,0.138058545864,0.0,0
2018-05-27 16:28:59.525,206.15,0.138058545864,0.0,0
2018-05-27 16:28:59.711,205.79,0.138058545864,0.0,0
2018-05-27 16:28:59.897,206.0,0.138058545864,0.0,0
2018-05-27 16:29:00.152,205.44,0.138058545864,0.0,0
2018-05-27 16:29:00.422,203.67,0.138058545864,0.0,0
2018-05-27 16:29:00.702,202.2,0.138058545864,0.0,0
2018-05-27 16:29:00.795,202.16,0.138058545864,0.0,0
2018-05-27 16:29:00.888,202.24,0.138058545864,0.0,0
2018-05-27 16:29:01.050,199.96,0.138058545864,0.0,0
2018-05-27 16:29:01.236,199.85,0.138058545864,0.0,0
2018-05-27 16:29:01.330,197.22,0.138058545864,0.0,0
2018-05-27 16:29:01.413,196.67,0.138058545864,0.0,0
2018-05-27 16:29:01.507,196.13,0.138058545864,0.0,0
2018-05-27 16:29:01.600,195.06,0.138058545864,0.0,0
2018-05-27 16:29:01.693,196.63,0.138058545864,0.0,0
2018-05-27 16:29:01.786,197.0,0.138058545864,0.0,0
2018-05-27 16:29:01.879,195.97,0.138058545864,0.0,0
2018-05-27 16:29:02.036,196.52,0.138058545864,0.0,0
2018-05-27 16:29:02.125,197.1,0.138058545864,0.0,0
2018-05-27 16:29:02.209,196.83,0.138058545864,0.0,0
2018-05-27 16:29:02.302,197.05,0.138058545864,0.0,0
2018-05-27 16:29:02.395,198.82,0.138058545864,0.0,0
2018-05-27 16:29:02.488,199.32,0.138058545864,0.0,0
2018-05-27 16:29:02.572,199.62,0.138058545864,0.0,0
2018-05-27 16:29:02.767,200.5,0.138058545864,0.0,0
2018-05-27 16:29:02.860,199.5,0.138058545864,0.0,0
2018-05-27 16:29:03.022,200.15,0.138058545864,0.0,0
2018-05-27 16:29:03.116,201.99,0.138058545864,0.0,0
2018-05-27 16:29:03.209,200.66,0.138058545864,0.0,0
2018-05-27 16:29:03.293,201.78,0.138058545864,0.0,0
2018-05-27 16:29:03.376,202.24,0.138058545864,0.0,0
2018-05-27 16:29:03.469,201.68,0.138058545864,0.0,0
2018-05-27 16:29:03.749,203.39,0.138058545864,0.0,0
2018-05-27 16:29:03.842,205.33,0.138058545864,0.0,0
2018-05-27 16:29:04.088,204.53,0.138058545864,0.0,0
2018-05-27 16:29:04.181,206.65,0.138058545864,0.0,0
2018-05-27 16:29:04.358,205.92,0.138058545864,0.0,0
2018-05-27 16:29:04.451,207.67,0.138058545864,0.0,0
2018-05-27 16:29:04.805,209.36,0.138058545864,0.0,0
2018-05-27 16:29:05.060,210.41,0.138058545864,0.0,0
2018-05-27 16:29:05.246,210.64,0.138058545864,0.0,0
2018-05-27 16:29:05.330,211.73,0.138058545864,0.0,0
2018-05-27 16:29:05.423,210.61,0.138058545864,0.0,0
2018-05-27 16:29:05.517,210.99,0.138058545864,0.0,0
2018-05-27 16:29:05.693,212.4,0.138058545864,0.0,0
2018-05-27 16:29:05.786,212.0,0.138058545864,0.0,0
2018-05-27 16:29:05.880,213.52,0.138058545864,0.0,0
2018-05-27 16:29:06.037,211.94,0.138058545864,0.0,0
2018-05-27 16:29:06.125,212.97,0.138058545864,0.0,0
2018-05-27 16:29:06.302,213.22,0.138058545864,0.0,0
2018-05-27 16:29:06.386,213.63,0.138058545864,0.0,0
2018-05-27 16:29:06.479,213.72,0.138058545864,0.0,0
2018-05-27 16:29:06.572,215.68,0.138058545864,0.0,0
2018-05-27 16:29:06.666,214.94,0.138058545864,0.0,0
2018-05-27 16:29:06.759,215.34,0.138058545864,0.0,0
2018-05-27 16:29:06.852,216.82,0.138058545864,0.0,0
2018-05-27 16:29:07.014,214.85,0.138058545864,0.0,0
2018-05-27 16:29:07.107,216.14,0.138058545864,0.0,0
2018-05-27 16:29:07.293,216.89,0.138058545864,0.0,0
2018-05-27 16:29:07.377,217.82,0.138058545864,0.0,0
2018-05-27 16:29:07.470,216.64,0.138058545864,0.0,0
2018-05-27 16:29:07.563,217.71,0.138058545864,0.0,0
2018-05-27 16:29:07.656,218.91,0.138058545864,0.0,0
2018-05-27 16:29:07.843,218.01,0.138058545864,0.0,0
2018-05-27 16:29:08.191,217.89,0.138058545864,0.0,0
2018-05-27 16:29:08.275,220.09,0.138058545864,0.0,0
2018-05-27 16:29:09.293,221.85,0.138058545864,0.0,0
2018-05-27 16:29:09.470,222.78,0.138058545864,0.0,0
2018-05-27 16:29:09.563,222.11,0.138058545864,0.0,0
2018-05-27 16:29:09.657,222.71,0.138058545864,0.0,0
2018-05-27 16:29:10.005,223.54,0.138058545864,0.0,0
2018-05-27 16:29:10.098,223.63,0.138058545864,0.0,0
2018-05-27 16:29:10.191,223.22,0.138058545864,0.0,0
2018-05-27 16:29:10.284,224.13,0.138058545864,0.0,0
2018-05-27 16:29:10.834,226.38,0.138058545864,0.0,0
2018-05-27 16:29:10.927,225.93,0.138058545864,0.0,0
2018-05-27 16:29:11.433,224.6,0.138058545864,0.0,0
2018-05-27 16:29:11.526,224.52,0.138058545864,0.0,0
2018-05-27 16:29:11.713,225.22,0.138058545864,0.0,0
2018-05-27 16:29:11.806,225.76,0.138058545864,0.0,0
2018-05-27 16:29:11.899,226.66,0.138058545864,0.0,0
2018-05-27 16:29:12.145,225.79,0.138058545864,0.0,0
2018-05-27 16:29:12.331,226.39,0.138058545864,0.0,0
2018-05-27 16:29:12.703,222.62,0.138058545864,0.0,0
2018-05-27 16:29:12.797,221.82,0.138058545864,0.0,0
2018-05-27 16:29:12.890,221.36,0.138058545864,0.0,0
2018-05-27 16:29:13.052,220.46,0.138058545864,0.0,0
2018-05-27 16:29:13.229,219.14,0.138058545864,0.0,0
2018-05-27 16:29:13.322,217.25,0.138058545864,0.0,0
2018-05-27 16:29:13.582,215.82,0.138058545864,0.0,0
2018-05-27 16:29:13.676,215.22,0.138058545864,0.0,0
2018-05-27 16:29:14.014,214.59,0.138058545864,0.0,0
2018-05-27 16:29:14.107,213.51,0.138058545864,0.0,0
2018-05-27 16:29:14.201,214.82,0.138058545864,0.0,0
2018-05-27 16:29:14.471,213.17,0.138058545864,0.0,0
2018-05-27 16:29:14.648,214.1,0.138058545864,0.0,0
2018-05-27 16:29:14.741,213.3,0.138058545864,0.0,0
2018-05-27 16:29:15.368,213.36,0.138058545864,0.0,0
2018-05-27 16:29:15.638,213.97,0.138058545864,0.0,0
2018-05-27 16:29:15.806,214.61,0.138058545864,0.0,0
2018-05-27 16:29:16.061,213.39,0.138058545864,0.0,0
2018-05-27 16:29:16.247,212.97,0.138058545864,0.0,0
2018-05-27 16:29:16.331,213.43,0.138058545864,0.0,0
2018-05-27 16:29:16.424,213.28,0.138058545864,0.0,0
2018-05-27 16:29:16.517,215.05,0.138058545864,0.0,0
2018-05-27 16:29:16.704,213.96,0.138058545864,0.0,0
2018-05-27 16:29:16.797,215.38,0.138058545864,0.0,0
2018-05-27 16:29:16.890,214.19,0.138058545864,0.0,0
2018-05-27 16:29:17.052,215.54,0.138058545864,0.0,0
2018-05-27 16:29:17.508,216.54,0.138058545864,0.0,0
2018-05-27 16:29:17.694,216.38,0.138058545864,0.0,0
2018-05-27 16:29:17.788,217.82,0.138058545864,0.0,0
2018-05-27 16:29:18.117,218.43,0.138058545864,0.0,0
2018-05-27 16:29:18.574,219.91,0.138058545864,0.0,0
2018-05-27 16:29:19.015,219.38,0.138058545864,0.0,0
2018-05-27 16:29:19.192,218.06,0.138058545864,0.0,0
2018-05-27 16:29:19.285,215.73,0.138058545864,0.0,0
2018-05-27 16:29:19.369,216.67,0.138058545864,0.0,0
2018-05-27 16:29:19.648,214.46,0.138058545864,0.0,0
2018-05-27 16:29:19.741,213.14,0.138058545864,0.0,0
2018-05-27 16:29:19.918,213.43,0.138058545864,0.0,0
2018-05-27 16:29:20.080,211.21,0.138058545864,0.0,0
2018-05-27 16:29:20.257,210.7,0.138058545864,0.0,0
2018-05-27 16:29:20.527,210.61,0.138058545864,0.0,0
2018-05-27 16:29:20.620,211.17,0.138058545864,0.0,0
2018-05-27 16:29:20.797,211.35,0.138058545864,0.0,0
2018-05-27 16:29:21.052,210.86,0.138058545864,0.0,0
2018-05-27 16:29:21.145,209.71,0.138058545864,0.0,0
2018-05-27 16:29:21.332,209.56,0.138058545864,0.0,0
2018-05-27 16:29:21.425,210.16,0.138058545864,0.0,0
2018-05-27 16:29:21.602,207.74,0.138058545864,0.0,0
2018-05-27 16:29:21.695,210.07,0.138058545864,0.0,0
2018-05-27 16:29:21.881,209.86,0.138058545864,0.0,0
2018-05-27 16:29:22.127,209.57,0.138058545864,0.0,0
2018-05-27 16:29:22.210,210.02,0.138058545864,0.0,0
2018-05-27 16:29:22.304,208.02,0.138058545864,0.0,0
2018-05-27 16:29:22.387,208.54,0.138058545864,0.0,0
2018-05-27 16:29:22.481,209.85,0.138058545864,0.0,0
2018-05-27 16:29:22.574,209.02,0.138058545864,0.0,0
2018-05-27 16:29:22.667,210.2,0.138058545864,0.0,0
2018-05-27 16:29:22.853,210.49,0.138058545864,0.0,0
2018-05-27 16:29:23.108,211.27,0.138058545864,0.0,0
2018-05-27 16:29:23.201,208.63,0.138058545864,0.0,0
2018-05-27 16:29:23.294,211.11,0.138058545864,0.0,0
2018-05-27 16:29:23.471,210.98,0.138058545864,0.0,0
2018-05-27 16:29:23.564,210.31,0.138058545864,0.0,0
2018-05-27 16:29:23.751,211.74,0.138058545864,0.0,0
2018-05-27 16:29:23.844,213.17,0.138058545864,0.0,0
2018-05-27 16:29:24.006,212.1,0.138058545864,0.0,0
2018-05-27 16:29:24.099,213.23,0.138058545864,0.0,0
2018-05-27 16:29:24.276,214.63,0.138058545864,0.0,0
2018-05-27 16:29:24.462,214.62,0.138058545864,0.0,0
2018-05-27 16:29:24.741,215.7,0.138058545864,0.0,0
2018-05-27 16:29:24.835,217.12,0.138058545864,0.0,0
2018-05-27 16:29:25.080,216.48,0.138058545864,0.0,0
2018-05-27 16:29:25.704,218.35,0.138058545864,0.0,0
2018-05-27 16:29:25.797,219.81,0.138058545864,0.0,0
2018-05-27 16:29:25.891,219.36,0.138058545864,0.0,0
2018-05-27 16:29:26.052,218.83,0.138058545864,0.0,0
2018-05-27 16:29:26.146,220.28,0.138058545864,0.0,0
2018-05-27 16:29:26.239,220.49,0.138058545864,0.0,0
2018-05-27 16:29:26.332,220.85,0.138058545864,0.0,0
2018-05-27 16:29:26.425,220.18,0.138058545864,0.0,0
2018-05-27 16:29:26.518,220.59,0.138058545864,0.0,0
2018-05-27 16:29:26.611,222.63,0.138058545864,0.0,0
2018-05-27 16:29:26.881,222.97,0.138058545864,0.0,0
2018-05-27 16:29:27.038,221.91,0.138058545864,0.0,0
2018-05-27 16:29:27.127,223.79,0.138058545864,0.0,0
2018-05-27 16:29:27.211,223.0,0.138058545864,0.0,0
2018-05-27 16:29:27.304,223.13,0.138058545864,0.0,0
2018-05-27 16:29:27.389,222.95,0.138058545864,0.0,0
2018-05-27 16:29:27.481,223.53,0.138058545864,0.0,0
2018-05-27 16:29:27.574,223.36,0.138058545864,0.0,0
2018-05-27 16:29:27.667,225.06,0.138058545864,0.0,0
2018-05-27 16:29:27.854,224.96,0.138058545864,0.0,0
2018-05-27 16:29:28.015,224.01,0.138058545864,0.0,0
2018-05-27 16:29:28.108,224.4,0.138058545864,0.0,0
2018-05-27 16:29:28.202,224.3,0.138058545864,0.0,0
2018-05-27 16:29:28.295,225.23,0.138058545864,0.0,0
2018-05-27 16:29:28.379,225.03,0.138058545864,0.0,0
2018-05-27 16:29:28.472,224.66,0.138058545864,0.0,0
2018-05-27 16:29:28.565,224.3,0.138058545864,0.0,0
2018-05-27 16:29:28.658,225.3,0.138058545864,0.0,0
2018-05-27 16:29:28.751,226.8,0.138058545864,0.0,0
2018-05-27 16:29:29.285,225.23,0.138058545864,0.0,0
2018-05-27 16:29:29.742,224.62,0.138058545864,0.0,0
2018-05-27 16:29:29.835,225.15,0.138058545864,0.0,0
2018-05-27 16:29:29.928,226.31,0.138058545864,0.0,0
2018-05-27 16:29:30.090,226.4,0.138058545864,0.0,0
2018-05-27 16:29:30.360,226.12,0.138058545864,0.0,0
2018-05-27 16:29:30.723,225.71,0.138058545864,0.0,0
2018-05-27 16:29:30.900,224.88,0.138058545864,0.0,0
2018-05-27 16:29:31.062,226.62,0.138058545864,0.0,0
2018-05-27 16:29:31.156,226.03,0.138058545864,0.0,0
2018-05-27 16:29:31.342,224.64,0.138058545864,0.0,0
2018-05-27 16:29:31.435,224.3,0.138058545864,0.0,0
2018-05-27 16:29:31.621,224.98,0.138058545864,0.0,0
2018-05-27 16:29:31.714,225.58,0.138058545864,0.0,0
2018-05-27 16:29:32.053,225.49,0.138058545864,0.0,0
2018-05-27 16:29:32.239,226.6,0.138058545864,0.0,0
2018-05-27 16:29:32.519,224.17,0.138058545864,0.0,0
2018-05-27 16:29:32.612,223.6,0.138058545864,0.0,0
2018-05-27 16:29:32.705,222.39,0.138058545864,0.0,0
2018-05-27 16:29:32.789,221.64,0.138058545864,0.0,0
2018-05-27 16:29:33.127,219.59,0.138058545864,0.0,0
2018-05-27 16:29:33.472,218.16,0.138058545864,0.0,0
2018-05-27 16:29:33.565,215.85,0.138058545864,0.0,0
2018-05-27 16:29:33.658,215.01,0.138058545864,0.0,0
2018-05-27 16:29:33.845,213.41,0.138058545864,0.0,0
2018-05-27 16:29:34.006,213.27,0.138058545864,0.0,0
2018-05-27 16:29:34.277,212.02,0.138058545864,0.0,0
2018-05-27 16:29:34.360,212.29,0.138058545864,0.0,0
2018-05-27 16:29:34.537,211.15,0.138058545864,0.0,0
2018-05-27 16:29:34.630,211.45,0.138058545864,0.0,0
2018-05-27 16:29:34.817,211.37,0.138058545864,0.0,0
2018-05-27 16:29:35.072,209.57,0.138058545864,0.0,0
2018-05-27 16:29:35.156,208.5,0.138058545864,0.0,0
2018-05-27 16:29:35.249,207.79,0.138058545864,0.0,0
2018-05-27 16:29:35.435,208.04,0.138058545864,0.0,0
2018-05-27 16:29:35.808,207.11,0.138058545864,0.0,0
2018-05-27 16:29:36.146,207.82,0.138058545864,0.0,0
2018-05-27 16:29:36.239,207.7,0.138058545864,0.0,0
2018-05-27 16:29:36.426,208.05,0.138058545864,0.0,0
2018-05-27 16:29:36.519,207.7,0.138058545864,0.0,0
2018-05-27 16:29:36.612,208.02,0.138058545864,0.0,0
2018-05-27 16:29:36.705,208.09,0.138058545864,0.0,0
2018-05-27 16:29:36.799,208.32,0.138058545864,0.0,0
2018-05-27 16:29:36.891,208.53,0.138058545864,0.0,0
2018-05-27 16:29:37.054,208.85,0.138058545864,0.0,0
2018-05-27 16:29:37.137,208.59,0.138058545864,0.0,0
2018-05-27 16:29:37.323,208.49,0.138058545864,0.0,0
2018-05-27 16:29:37.416,209.92,0.138058545864,0.0,0
2018-05-27 16:29:37.500,210.4,0.138058545864,0.0,0
2018-05-27 16:29:37.584,210.6,0.138058545864,0.0,0
2018-05-27 16:29:37.677,209.3,0.138058545864,0.0,0
2018-05-27 16:29:37.854,210.52,0.138058545864,0.0,0
2018-05-27 16:29:38.016,210.56,0.138058545864,0.0,0
2018-05-27 16:29:38.109,210.82,0.138058545864,0.0,0
2018-05-27 16:29:38.202,211.45,0.138058545864,0.0,0
2018-05-27 16:29:38.295,211.54,0.138058545864,0.0,0
2018-05-27 16:29:38.380,211.34,0.138058545864,0.0,0
2018-05-27 16:29:38.472,213.4,0.138058545864,0.0,0
2018-05-27 16:29:38.565,212.2,0.138058545864,0.0,0
2018-05-27 16:29:38.659,212.53,0.138058545864,0.0,0
2018-05-27 16:29:38.742,213.37,0.138058545864,0.0,0
2018-05-27 16:29:38.836,215.05,0.138058545864,0.0,0
2018-05-27 16:29:38.929,213.8,0.138058545864,0.0,0
2018-05-27 16:29:39.091,214.07,0.138058545864,0.0,0
2018-05-27 16:29:39.184,216.28,0.138058545864,0.0,0
2018-05-27 16:29:39.277,215.34,0.138058545864,0.0,0
2018-05-27 16:29:39.361,216.97,0.138058545864,0.0,0
2018-05-27 16:29:39.631,215.94,0.138058545864,0.0,0
2018-05-27 16:29:39.910,215.78,0.138058545864,0.0,0
2018-05-27 16:29:40.165,214.48,0.138058545864,0.0,0
2018-05-27 16:29:40.519,212.86,0.138058545864,0.0,0
2018-05-27 16:29:40.799,211.81,0.138058545864,0.0,0
2018-05-27 16:29:40.892,209.89,0.138058545864,0.0,0
2018-05-27 16:29:41.240,210.91,0.138058545864,0.0,0
2018-05-27 16:29:41.324,210.04,0.138058545864,0.0,0
2018-05-27 16:29:41.417,211.8,0.138058545864,0.0,0
2018-05-27 16:29:41.510,210.65,0.138058545864,0.0,0
2018-05-27 16:29:41.604,211.4,0.138058545864,0.0,0
2018-05-27 16:29:41.696,210.17,0.138058545864,0.0,0
2018-05-27 16:29:41.789,211.56,0.138058545864,0.0,0
2018-05-27 16:29:41.882,209.91,0.138058545864,0.0,0
2018-05-27 16:29:42.040,211.22,0.138058545864,0.0,0
2018-05-27 16:29:42.128,210.35,0.138058545864,0.0,0
2018-05-27 16:29:42.305,212.01,0.138058545864,0.0,0
2018-05-27 16:29:42.389,212.46,0.138058545864,0.0,0
2018-05-27 16:29:42.482,210.52,0.138058545864,0.0,0
2018-05-27 16:29:42.575,210.91,0.138058545864,0.0,0
2018-05-27 16:29:42.669,212.06,0.138058545864,0.0,0
2018-05-27 16:29:42.752,212.45,0.138058545864,0.0,0
2018-05-27 16:29:43.007,213.08,0.138058545864,0.0,0
2018-05-27 16:29:43.100,211.39,0.138058545864,0.0,0
2018-05-27 16:29:43.194,211.9,0.138058545864,0.0,0
2018-05-27 16:29:43.371,213.27,0.138058545864,0.0,0
2018-05-27 16:29:43.464,211.94,0.138058545864,0.0,0
2018-05-27 16:29:43.557,213.54,0.138058545864,0.0,0
2018-05-27 16:29:43.734,213.95,0.138058545864,0.0,0
2018-05-27 16:29:43.818,213.66,0.138058545864,0.0,0
2018-05-27 16:29:43.911,212.09,0.138058545864,0.0,0
2018-05-27 16:29:44.073,213.89,0.138058545864,0.0,0
2018-05-27 16:29:44.166,212.79,0.138058545864,0.0,0
2018-05-27 16:29:44.259,212.14,0.138058545864,0.0,0
2018-05-27 16:29:44.343,213.16,0.138058545864,0.0,0
2018-05-27 16:29:44.436,214.79,0.138058545864,0.0,0
2018-05-27 16:29:44.529,213.5,0.138058545864,0.0,0
2018-05-27 16:29:44.623,212.96,0.138058545864,0.0,0
2018-05-27 16:29:44.809,213.52,0.138058545864,0.0,0
2018-05-27 16:29:44.902,215.23,0.138058545864,0.0,0
2018-05-27 16:29:45.064,216.5,0.138058545864,0.0,0
2018-05-27 16:29:45.157,215.13,0.138058545864,0.0,0
2018-05-27 16:29:45.250,215.85,0.138058545864,0.0,0
2018-05-27 16:29:45.334,216.67,0.138058545864,0.0,0
2018-05-27 16:29:45.427,217.87,0.138058545864,0.0,0
2018-05-27 16:29:45.521,217.56,0.138058545864,0.0,0
2018-05-27 16:29:45.614,216.73,0.138058545864,0.0,0
2018-05-27 16:29:45.707,217.39,0.138058545864,0.0,0
2018-05-27 16:29:45.893,218.0,0.138058545864,0.0,0
2018-05-27 16:29:46.055,217.34,0.138058545864,0.0,0
2018-05-27 16:29:46.148,218.96,0.138058545864,0.0,0
2018-05-27 16:29:46.241,218.41,0.138058545864,0.0,0
2018-05-27 16:29:46.335,217.92,0.138058545864,0.0,0
2018-05-27 16:29:47.214,222.39,0.138058545864,0.0,0
2018-05-27 16:29:47.400,221.92,0.138058545864,0.0,0
2018-05-27 16:29:47.484,221.62,0.138058545864,0.0,0
2018-05-27 16:29:47.577,221.59,0.138058545864,0.0,0
2018-05-27 16:29:47.671,222.46,0.138058545864,0.0,0
2018-05-27 16:29:47.745,222.94,0.138058545864,0.0,0
2018-05-27 16:29:47.866,223.37,0.138058545864,0.0,0
2018-05-27 16:29:48.848,226.21,0.138058545864,0.0,0
2018-05-27 16:29:49.010,226.45,0.138058545864,0.0,0
2018-05-27 16:29:49.103,226.06,0.138058545864,0.0,0
2018-05-27 16:29:49.197,224.86,0.138058545864,0.0,0
2018-05-27 16:29:49.280,226.53,0.138058545864,0.0,0
2018-05-27 16:29:49.373,226.13,0.138058545864,0.0,0
2018-05-27 16:29:49.457,225.24,0.138058545864,0.0,0
2018-05-27 16:29:49.541,225.09,0.138058545864,0.0,0
2018-05-27 16:29:49.727,225.32,0.138058545864,0.0,0
2018-05-27 16:29:49.820,225.23,0.138058545864,0.0,0
2018-05-27 16:29:50.159,224.88,0.138058545864,0.0,0
2018-05-27 16:29:50.523,223.63,0.138058545864,0.0,0
2018-05-27 16:29:50.616,224.3,0.138058545864,0.0,0
2018-05-27 16:29:50.886,224.22,0.138058545864,0.0,0
2018-05-27 16:29:51.043,224.11,0.138058545864,0.0,0
2018-05-27 16:29:51.132,223.81,0.138058545864,0.0,0
2018-05-27 16:29:52.197,222.85,0.138058545864,0.0,0
2018-05-27 16:29:52.375,222.87,0.138058545864,0.0,0
2018-05-27 16:29:52.654,220.91,0.138058545864,0.0,0
2018-05-27 16:29:52.747,221.31,0.138058545864,0.0,0
2018-05-27 16:29:53.002,221.59,0.138058545864,0.0,0
2018-05-27 16:29:53.188,221.51,0.138058545864,0.0,0
2018-05-27 16:29:53.272,221.41,0.138058545864,0.0,0
2018-05-27 16:29:53.357,222.97,0.138058545864,0.0,0
2018-05-27 16:29:53.449,223.43,0.138058545864,0.0,0
2018-05-27 16:29:53.542,221.7,0.138058545864,0.0,0
2018-05-27 16:29:53.822,224.42,0.138058545864,0.0,0
2018-05-27 16:29:54.338,222.01,0.138058545864,0.0,0
2018-05-27 16:29:54.431,223.15,0.138058545864,0.0,0
2018-05-27 16:29:54.804,220.46,0.138058545864,0.0,0
2018-05-27 16:29:55.049,219.33,0.138058545864,0.0,0
2018-05-27 16:29:55.142,219.74,0.138058545864,0.0,0
2018-05-27 16:29:55.329,217.2,0.138058545864,0.0,0
2018-05-27 16:29:56.045,213.11,0.138058545864,0.0,0
2018-05-27 16:29:56.133,213.76,0.138058545864,0.0,0
2018-05-27 16:29:56.218,213.13,0.138058545864,0.0,0
2018-05-27 16:29:56.310,214.15,0.138058545864,0.0,0
2018-05-27 16:29:56.674,211.42,0.138058545864,0.0,0
2018-05-27 16:29:57.013,207.81,0.138058545864,0.0,0
2018-05-27 16:29:57.199,206.92,0.138058545864,0.0,0
2018-05-27 16:29:57.376,205.53,0.138058545864,0.0,0
2018-05-27 16:29:57.469,205.15,0.138058545864,0.0,0
2018-05-27 16:29:57.646,207.21,0.138058545864,0.0,0
2018-05-27 16:29:57.916,207.53,0.138058545864,0.0,0
2018-05-27 16:29:58.535,207.32,0.138058545864,0.0,0
2018-05-27 16:29:58.628,208.44,0.138058545864,0.0,0
2018-05-27 16:29:59.526,211.5,0.138058545864,0.0,0
2018-05-27 16:29:59.712,211.44,0.138058545864,0.0,0
2018-05-27 16:30:00.060,213.88,0.138058545864,0.0,0
2018-05-27 16:30:00.331,213.05,0.138058545864,0.0,0
2018-05-27 16:30:00.424,215.56,0.138058545864,0.0,0
2018-05-27 16:30:00.703,214.99,0.138058545864,0.0,0
2018-05-27 16:30:01.042,214.96,0.138058545864,0.0,0
2018-05-27 16:30:01.126,215.18,0.138058545864,0.0,0
2018-05-27 16:30:01.211,216.04,0.138058545864,0.0,0
2018-05-27 16:30:01.294,217.13,0.138058545864,0.0,0
2018-05-27 16:30:01.387,214.26,0.138058545864,0.0,0
2018-05-27 16:30:01.480,214.64,0.138058545864,0.0,0
2018-05-27 16:30:01.573,215.08,0.138058545864,0.0,0
2018-05-27 16:30:01.666,213.22,0.138058545864,0.0,0
2018-05-27 16:30:01.754,212.81,0.138058545864,0.0,0
2018-05-27 16:30:02.191,212.21,0.138058545864,0.0,0
2018-05-27 16:30:02.378,211.85,0.138058545864,0.0,0
2018-05-27 16:30:02.546,211.1,0.138058545864,0.0,0
2018-05-27 16:30:02.816,209.8,0.138058545864,0.0,0
2018-05-27 16:30:02.909,210.52,0.138058545864,0.0,0
2018-05-27 16:30:03.071,208.88,0.138058545864,0.0,0
2018-05-27 16:30:03.341,211.15,0.138058545864,0.0,0
2018-05-27 16:30:03.425,210.88,0.138058545864,0.0,0
2018-05-27 16:30:03.518,209.88,0.138058545864,0.0,0
2018-05-27 16:30:03.611,210.99,0.138058545864,0.0,0
2018-05-27 16:30:03.704,209.64,0.138058545864,0.0,0
2018-05-27 16:30:03.890,210.1,0.138058545864,0.0,0
2018-05-27 16:30:04.048,210.51,0.138058545864,0.0,0
2018-05-27 16:30:04.136,210.19,0.138058545864,0.0,0
2018-05-27 16:30:04.220,210.08,0.138058545864,0.0,0
2018-05-27 16:30:04.314,211.35,0.138058545864,0.0,0
2018-05-27 16:30:04.397,210.98,0.138058545864,0.0,0
2018-05-27 16:30:04.490,210.08,0.138058545864,0.0,0
2018-05-27 16:30:04.677,209.66,0.138058545864,0.0,0
2018-05-27 16:30:04.770,210.49,0.138058545864,0.0,0
2018-05-27 16:30:04.863,209.88,0.138058545864,0.0,0
2018-05-27 16:30:05.025,210.43,0.138058545864,0.0,0
2018-05-27 16:30:05.211,210.35,0.138058545864,0.0,0
2018-05-27 16:30:05.295,210.53,0.138058545864,0.0,0
2018-05-27 16:30:05.472,212.22,0.138058545864,0.0,0
2018-05-27 16:30:05.565,211.4,0.138058545864,0.0,0
2018-05-27 16:30:06.006,214.87,0.138058545864,0.0,0
2018-05-27 16:30:06.100,214.09,0.138058545864,0.0,0
2018-05-27 16:30:06.183,215.19,0.138058545864,0.0,0
2018-05-27 16:30:06.277,214.31,0.138058545864,0.0,0
2018-05-27 16:30:06.360,214.83,0.138058545864,0.0,0
2018-05-27 16:30:06.454,215.09,0.138058545864,0.0,0
2018-05-27 16:30:06.547,216.9,0.138058545864,0.0,0
2018-05-27 16:30:06.733,216.25,0.138058545864,0.0,0
2018-05-27 16:30:06.817,215.65,0.138058545864,0.0,0
2018-05-27 16:30:06.910,217.29,0.138058545864,0.0,0
2018-05-27 16:30:07.072,217.98,0.138058545864,0.0,0
2018-05-27 16:30:07.165,216.91,0.138058545864,0.0,0
2018-05-27 16:30:07.258,217.35,0.138058545864,0.0,0
2018-05-27 16:30:07.342,217.51,0.138058545864,0.0,0
2018-05-27 16:30:07.529,219.18,0.138058545864,0.0,0
2018-05-27 16:30:07.622,219.58,0.138058545864,0.0,0
2018-05-27 16:30:07.715,218.88,0.138058545864,0.0,0
2018-05-27 16:30:07.808,219.95,0.138058545864,0.0,0
2018-05-27 16:30:07.892,219.18,0.138058545864,0.0,0
2018-05-27 16:30:08.049,221.24,0.138058545864,0.0,0
2018-05-27 16:30:08.138,219.7,0.138058545864,0.0,0
2018-05-27 16:30:08.221,221.4,0.138058545864,0.0,0
2018-05-27 16:30:08.315,220.66,0.138058545864,0.0,0
2018-05-27 16:30:08.492,222.28,0.138058545864,0.0,0
2018-05-27 16:30:08.575,223.91,0.138058545864,0.0,0
2018-05-27 16:30:08.669,223.87,0.138058545864,0.0,0
2018-05-27 16:30:08.762,222.87,0.138058545864,0.0,0
2018-05-27 16:30:08.855,222.7,0.138058545864,0.0,0
2018-05-27 16:30:09.017,223.2,0.138058545864,0.0,0
2018-05-27 16:30:09.110,224.36,0.138058545864,0.0,0
2018-05-27 16:30:09.296,226.17,0.138058545864,0.0,0
2018-05-27 16:30:09.380,224.52,0.138058545864,0.0,0
2018-05-27 16:30:09.473,225.35,0.138058545864,0.0,0
2018-05-27 16:30:09.566,226.88,0.138058545864,0.0,0
2018-05-27 16:30:09.660,226.42,0.138058545864,0.0,0
2018-05-27 16:30:09.753,226.71,0.138058545864,0.0,0
2018-05-27 16:30:09.846,225.62,0.138058545864,0.0,0
2018-05-27 16:30:10.008,225.31,0.138058545864,0.0,0
2018-05-27 16:30:10.101,226.37,0.138058545864,0.0,0
2018-05-27 16:30:10.287,227.37,0.138058545864,0.0,0
2018-05-27 16:30:10.371,227.22,0.138058545864,0.0,0
2018-05-27 16:30:10.548,228.94,0.138058545864,0.0,0
2018-05-27 16:30:10.641,229.39,0.138058545864,0.0,0
2018-05-27 16:30:10.828,229.76,0.138058545864,0.0,0
2018-05-27 16:30:11.176,230.77,0.138058545864,0.0,0
2018-05-27 16:30:11.539,231.98,0.138058545864,0.0,0
2018-05-27 16:30:11.819,232.39,0.138058545864,0.0,0
2018-05-27 16:30:11.912,232.69,0.138058545864,0.0,0
2018-05-27 16:30:12.260,234.22,0.138058545864,0.0,0
2018-05-27 16:30:12.344,234.11,0.138058545864,0.0,0
2018-05-27 16:30:12.437,234.94,0.138058545864,0.0,0
2018-05-27 16:30:12.623,234.13,0.138058545864,0.0,0
2018-05-27 16:30:12.717,233.65,0.138058545864,0.0,0
2018-05-27 16:30:12.903,233.73,0.138058545864,0.0,0
2018-05-27 16:30:13.065,233.13,0.138058545864,0.0,0
2018-05-27 16:30:13.158,234.07,0.138058545864,0.0,0
2018-05-27 16:30:13.251,233.69,0.138058545864,0.0,0
2018-05-27 16:30:13.335,234.99,0.138058545864,0.0,0
2018-05-27 16:30:13.614,234.52,0.138058545864,0.0,0
2018-05-27 16:30:13.791,235.23,0.138058545864,0.0,0
2018-05-27 16:30:13.875,233.59,0.138058545864,0.0,0
2018-05-27 16:30:14.214,235.18,0.138058545864,0.0,0
2018-05-27 16:30:14.307,235.2,0.138058545864,0.0,0
2018-05-27 16:30:14.400,234.08,0.138058545864,0.0,0
2018-05-27 16:30:14.577,232.22,0.138058545864,0.0,0
2018-05-27 16:30:14.764,228.78,0.138058545864,0.0,0
2018-05-27 16:30:15.102,226.89,0.138058545864,0.0,0
2018-05-27 16:30:16.084,215.55,0.138058545864,0.0,0
2018-05-27 16:30:16.177,214.73,0.138058545864,0.0,0
2018-05-27 16:30:16.448,215.27,0.138058545864,0.0,0
2018-05-27 16:30:16.541,213.33,0.138058545864,0.0,0
2018-05-27 16:30:16.718,212.84,0.138058545864,0.0,0
2018-05-27 16:30:16.904,211.28,0.138058545864,0.0,0
2018-05-27 16:30:17.159,211.42,0.138058545864,0.0,0
2018-05-27 16:30:17.252,213.17,0.138058545864,0.0,0
2018-05-27 16:30:17.523,211.42,0.138058545864,0.0,0
2018-05-27 16:30:17.611,211.49,0.138058545864,0.0,0
2018-05-27 16:30:17.700,213.5,0.138058545864,0.0,0
2018-05-27 16:30:17.783,212.32,0.138058545864,0.0,0
2018-05-27 16:30:17.877,212.63,0.138058545864,0.0,0
2018-05-27 16:30:17.914,212.01,0.138058545864,0.0,0
2018-05-27 16:30:18.132,213.39,0.138058545864,0.0,0
2018-05-27 16:30:18.225,212.41,0.138058545864,0.0,0
2018-05-27 16:30:18.310,211.79,0.138058545864,0.0,0
2018-05-27 16:30:18.402,212.55,0.138058545864,0.0,0
2018-05-27 16:30:18.495,213.67,0.138058545864,0.0,0
2018-05-27 16:30:18.588,212.42,0.138058545864,0.0,0
2018-05-27 16:30:18.682,214.23,0.138058545864,0.0,0
2018-05-27 16:30:18.775,212.12,0.138058545864,0.0,0
2018-05-27 16:30:18.868,212.78,0.138058545864,0.0,0
2018-05-27 16:30:19.030,213.41,0.138058545864,0.0,0
2018-05-27 16:30:19.123,212.94,0.138058545864,0.0,0
2018-05-27 16:30:19.207,212.88,0.138058545864,0.0,0
2018-05-27 16:30:19.300,213.13,0.138058545864,0.0,0
2018-05-27 16:30:19.384,213.0,0.138058545864,0.0,0
2018-05-27 16:30:19.477,214.04,0.138058545864,0.0,0
2018-05-27 16:30:19.570,212.14,0.138058545864,0.0,0
2018-05-27 16:30:19.664,213.97,0.138058545864,0.0,0
2018-05-27 16:30:19.757,214.03,0.138058545864,0.0,0
2018-05-27 16:30:19.850,214.12,0.138058545864,0.0,0
2018-05-27 16:30:20.012,215.67,0.138058545864,0.0,0
2018-05-27 16:30:20.096,214.54,0.138058545864,0.0,0
2018-05-27 16:30:20.273,216.19,0.138058545864,0.0,0
2018-05-27 16:30:20.357,215.07,0.138058545864,0.0,0
2018-05-27 16:30:20.450,217.3,0.138058545864,0.0,0
2018-05-27 16:30:20.543,215.98,0.138058545864,0.0,0
2018-05-27 16:30:20.636,215.83,0.138058545864,0.0,0
2018-05-27 16:30:20.813,217.04,0.138058545864,0.0,0
2018-05-27 16:30:20.906,218.55,0.138058545864,0.0,0
2018-05-27 16:30:21.161,217.22,0.138058545864,0.0,0
2018-05-27 16:30:21.255,219.13,0.138058545864,0.0,0
2018-05-27 16:30:21.339,217.72,0.138058545864,0.0,0
2018-05-27 16:30:21.618,218.38,0.138058545864,0.0,0
2018-05-27 16:30:21.707,217.54,0.138058545864,0.0,0
2018-05-27 16:30:21.879,217.39,0.138058545864,0.0,0
2018-05-27 16:30:22.041,217.0,0.138058545864,0.0,0
2018-05-27 16:30:22.320,216.98,0.138058545864,0.0,0
2018-05-27 16:30:22.405,215.67,0.138058545864,0.0,0
2018-05-27 16:30:22.498,215.04,0.138058545864,0.0,0
2018-05-27 16:30:22.684,214.76,0.138058545864,0.0,0
2018-05-27 16:30:22.870,216.09,0.138058545864,0.0,0
2018-05-27 16:30:23.125,215.39,0.138058545864,0.0,0
2018-05-27 16:30:23.312,215.07,0.138058545864,0.0,0
2018-05-27 16:30:23.489,215.16,0.138058545864,0.0,0
2018-05-27 16:30:23.582,217.07,0.138058545864,0.0,0
2018-05-27 16:30:23.852,214.45,0.138058545864,0.0,0
2018-05-27 16:30:24.107,216.37,0.138058545864,0.0,0
2018-05-27 16:30:24.201,214.52,0.138058545864,0.0,0
2018-05-27 16:30:24.378,215.36,0.138058545864,0.0,0
2018-05-27 16:30:24.461,214.26,0.138058545864,0.0,0
2018-05-27 16:30:24.573,215.4,0.138058545864,0.0,0
2018-05-27 16:30:24.666,216.52,0.138058545864,0.0,0
2018-05-27 16:30:24.760,214.99,0.138058545864,0.0,0
2018-05-27 16:30:24.853,216.24,0.138058545864,0.0,0
2018-05-27 16:30:25.108,215.32,0.138058545864,0.0,0
2018-05-27 16:30:25.201,216.59,0.138058545864,0.0,0
2018-05-27 16:30:25.378,216.6,0.138058545864,0.0,0
2018-05-27 16:30:25.565,215.19,0.138058545864,0.0,0
2018-05-27 16:30:25.751,214.69,0.138058545864,0.0,0
2018-05-27 16:30:25.844,215.9,0.138058545864,0.0,0
2018-05-27 16:30:26.099,215.04,0.138058545864,0.0,0
2018-05-27 16:30:26.192,216.42,0.138058545864,0.0,0
2018-05-27 16:30:26.276,216.13,0.138058545864,0.0,0
2018-05-27 16:30:26.369,217.84,0.138058545864,0.0,0
2018-05-27 16:30:26.453,216.39,0.138058545864,0.0,0
2018-05-27 16:30:26.640,216.91,0.138058545864,0.0,0
2018-05-27 16:30:26.733,217.97,0.138058545864,0.0,0
2018-05-27 16:30:26.919,219.09,0.138058545864,0.0,0
2018-05-27 16:30:27.081,217.25,0.138058545864,0.0,0
2018-05-27 16:30:27.174,217.66,0.138058545864,0.0,0
2018-05-27 16:30:27.258,217.28,0.138058545864,0.0,0
2018-05-27 16:30:27.631,217.87,0.138058545864,0.0,0
2018-05-27 16:30:27.724,220.04,0.138058545864,0.0,0
2018-05-27 16:30:27.910,218.58,0.138058545864,0.0,0
2018-05-27 16:30:28.259,220.41,0.138058545864,0.0,0
2018-05-27 16:30:28.529,220.18,0.138058545864,0.0,0
2018-05-27 16:30:28.715,221.36,0.138058545864,0.0,0
2018-05-27 16:30:28.808,222.52,0.138058545864,0.0,0
2018-05-27 16:30:29.059,222.77,0.138058545864,0.0,0
2018-05-27 16:30:29.148,222.69,0.138058545864,0.0,0
2018-05-27 16:30:29.231,223.08,0.138058545864,0.0,0
2018-05-27 16:30:29.324,223.42,0.138058545864,0.0,0
2018-05-27 16:30:29.418,222.33,0.138058545864,0.0,0
2018-05-27 16:30:29.502,223.91,0.138058545864,0.0,0
2018-05-27 16:30:29.595,223.21,0.138058545864,0.0,0
2018-05-27 16:30:29.688,222.75,0.138058545864,0.0,0
2018-05-27 16:30:29.781,222.56,0.138058545864,0.0,0
2018-05-27 16:30:30.027,223.27,0.138058545864,0.0,0
2018-05-27 16:30:30.213,223.46,0.138058545864,0.0,0
2018-05-27 16:30:30.390,223.26,0.138058545864,0.0,0
2018-05-27 16:30:30.483,224.51,0.138058545864,0.0,0
2018-05-27 16:30:30.577,224.37,0.138058545864,0.0,0
2018-05-27 16:30:30.670,225.16,0.138058545864,0.0,0
2018-05-27 16:30:30.847,224.71,0.138058545864,0.0,0
2018-05-27 16:30:31.093,225.62,0.138058545864,0.0,0
2018-05-27 16:30:31.363,225.82,0.138058545864,0.0,0
2018-05-27 16:30:31.549,224.65,0.138058545864,0.0,0
2018-05-27 16:30:31.633,226.37,0.138058545864,0.0,0
2018-05-27 16:30:31.726,225.58,0.138058545864,0.0,0
2018-05-27 16:30:32.606,226.8,0.138058545864,0.0,0
2018-05-27 16:30:32.699,226.64,0.138058545864,0.0,0
2018-05-27 16:30:32.792,227.32,0.138058545864,0.0,0
2018-05-27 16:30:33.047,225.5,0.138058545864,0.0,0
2018-05-27 16:30:33.234,226.67,0.138058545864,0.0,0
2018-05-27 16:30:33.504,226.23,0.138058545864,0.0,0
2018-05-27 16:30:33.690,226.89,0.138058545864,0.0,0
2018-05-27 16:30:33.783,227.38,0.138058545864,0.0,0
2018-05-27 16:30:34.225,229.08,0.138058545864,0.0,0
2018-05-27 16:30:34.318,228.81,0.138058545864,0.0,0
2018-05-27 16:30:34.495,227.85,0.138058545864,0.0,0
2018-05-27 16:30:34.868,229.51,0.138058545864,0.0,0
2018-05-27 16:30:35.030,230.41,0.138058545864,0.0,0
2018-05-27 16:30:35.216,230.59,0.138058545864,0.0,0
2018-05-27 16:30:35.477,230.64,0.138058545864,0.0,0
2018-05-27 16:30:36.012,227.15,0.138058545864,0.0,0
2018-05-27 16:30:36.095,229.0,0.138058545864,0.0,0
2018-05-27 16:30:36.189,227.64,0.138058545864,0.0,0
2018-05-27 16:30:36.366,225.4,0.138058545864,0.0,0
2018-05-27 16:30:36.459,224.99,0.138058545864,0.0,0
2018-05-27 16:30:36.645,224.65,0.138058545864,0.0,0
2018-05-27 16:30:36.832,222.25,0.138058545864,0.0,0
2018-05-27 16:30:37.077,220.42,0.138058545864,0.0,0
2018-05-27 16:30:37.441,219.51,0.138058545864,0.0,0
2018-05-27 16:30:37.627,217.95,0.138058545864,0.0,0
2018-05-27 16:30:37.813,218.71,0.138058545864,0.0,0
2018-05-27 16:30:38.059,217.72,0.138058545864,0.0,0
2018-05-27 16:30:38.329,215.44,0.138058545864,0.0,0
2018-05-27 16:30:38.516,215.28,0.138058545864,0.0,0
2018-05-27 16:30:38.786,213.59,0.138058545864,0.0,0
2018-05-27 16:30:39.041,213.44,0.138058545864,0.0,0
2018-05-27 16:30:39.134,214.04,0.138058545864,0.0,0
2018-05-27 16:30:39.227,214.42,0.138058545864,0.0,0
2018-05-27 16:30:39.498,214.12,0.138058545864,0.0,0
2018-05-27 16:30:39.768,213.72,0.138058545864,0.0,0
2018-05-27 16:30:39.861,213.46,0.138058545864,0.0,0
2018-05-27 16:30:40.023,215.36,0.138058545864,0.0,0
2018-05-27 16:30:40.750,216.63,0.138058545864,0.0,0
2018-05-27 16:30:40.843,216.98,0.138058545864,0.0,0
2018-05-27 16:30:41.005,215.87,0.138058545864,0.0,0
2018-05-27 16:30:41.098,217.3,0.138058545864,0.0,0
2018-05-27 16:30:41.368,217.33,0.138058545864,0.0,0
2018-05-27 16:30:41.461,217.68,0.138058545864,0.0,0
2018-05-27 16:30:41.648,218.58,0.138058545864,0.0,0
2018-05-27 16:30:41.927,219.23,0.138058545864,0.0,0
2018-05-27 16:30:42.089,218.83,0.138058545864,0.0,0
2018-05-27 16:30:42.369,220.28,0.138058545864,0.0,0
2018-05-27 16:30:42.639,217.92,0.138058545864,0.0,0
2018-05-27 16:30:43.267,217.36,0.138058545864,0.0,0
2018-05-27 16:30:43.351,217.68,0.138058545864,0.0,0
2018-05-27 16:30:43.444,216.13,0.138058545864,0.0,0
2018-05-27 16:30:43.537,215.73,0.138058545864,0.0,0
2018-05-27 16:30:43.630,216.44,0.138058545864,0.0,0
2018-05-27 16:30:43.910,215.33,0.138058545864,0.0,0
2018-05-27 16:30:44.067,214.96,0.138058545864,0.0,0
2018-05-27 16:30:44.239,215.58,0.138058545864,0.0,0
2018-05-27 16:30:44.426,214.43,0.138058545864,0.0,0
2018-05-27 16:30:44.612,213.66,0.138058545864,0.0,0
2018-05-27 16:30:44.705,215.39,0.138058545864,0.0,0
2018-05-27 16:30:44.799,214.68,0.138058545864,0.0,0
2018-05-27 16:30:45.044,213.93,0.138058545864,0.0,0
2018-05-27 16:30:45.137,214.1,0.138058545864,0.0,0
2018-05-27 16:30:45.324,213.99,0.138058545864,0.0,0
2018-05-27 16:30:45.417,215.32,0.138058545864,0.0,0
2018-05-27 16:30:45.510,213.4,0.138058545864,0.0,0
2018-05-27 16:30:45.603,213.02,0.138058545864,0.0,0
2018-05-27 16:30:45.696,214.82,0.138058545864,0.0,0
2018-05-27 16:30:45.790,212.9,0.138058545864,0.0,0
2018-05-27 16:30:45.883,214.08,0.138058545864,0.0,0
2018-05-27 16:30:46.035,213.19,0.138058545864,0.0,0
2018-05-27 16:30:46.128,215.16,0.138058545864,0.0,0
2018-05-27 16:30:46.287,215.58,0.138058545864,0.0,0
2018-05-27 16:30:46.492,214.99,0.138058545864,0.0,0
2018-05-27 16:30:46.585,214.22,0.138058545864,0.0,0
2018-05-27 16:30:46.678,214.51,0.138058545864,0.0,0
2018-05-27 16:30:46.855,216.59,0.138058545864,0.0,0
2018-05-27 16:30:47.017,216.22,0.138058545864,0.0,0
2018-05-27 16:30:47.194,216.22,0.138058545864,0.0,0
2018-05-27 16:30:47.287,216.33,0.138058545864,0.0,0
2018-05-27 16:30:47.380,217.65,0.138058545864,0.0,0
2018-05-27 16:30:47.548,217.34,0.138058545864,0.0,0
2018-05-27 16:30:47.641,218.4,0.138058545864,0.0,0
2018-05-27 16:30:47.921,218.1,0.138058545864,0.0,0
2018-05-27 16:30:48.176,217.16,0.138058545864,0.0,0
2018-05-27 16:30:48.269,217.52,0.138058545864,0.0,0
2018-05-27 16:30:48.446,218.5,0.138058545864,0.0,0
2018-05-27 16:30:48.539,220.2,0.138058545864,0.0,0
2018-05-27 16:30:48.633,220.36,0.138058545864,0.0,0
2018-05-27 16:30:48.726,218.89,0.138058545864,0.0,0
2018-05-27 16:30:48.819,219.43,0.138058545864,0.0,0
2018-05-27 16:30:48.912,221.0,0.138058545864,0.0,0
2018-05-27 16:30:49.069,219.18,0.138058545864,0.0,0
2018-05-27 16:30:49.158,221.64,0.138058545864,0.0,0
2018-05-27 16:30:49.242,220.54,0.138058545864,0.0,0
2018-05-27 16:30:49.503,221.38,0.138058545864,0.0,0
2018-05-27 16:30:49.689,221.02,0.138058545864,0.0,0
2018-05-27 16:30:49.782,223.18,0.138058545864,0.0,0
2018-05-27 16:30:50.038,222.7,0.138058545864,0.0,0
2018-05-27 16:30:50.131,222.0,0.138058545864,0.0,0
2018-05-27 16:30:50.215,223.43,0.138058545864,0.0,0
2018-05-27 16:30:50.308,222.64,0.138058545864,0.0,0
2018-05-27 16:30:50.392,224.52,0.138058545864,0.0,0
2018-05-27 16:30:50.578,223.3,0.138058545864,0.0,0
2018-05-27 16:30:50.765,224.04,0.138058545864,0.0,0
2018-05-27 16:30:50.849,224.48,0.138058545864,0.0,0
2018-05-27 16:30:51.001,225.35,0.138058545864,0.0,0
2018-05-27 16:30:51.094,225.97,0.138058545864,0.0,0
2018-05-27 16:30:51.188,225.9,0.138058545864,0.0,0
2018-05-27 16:30:51.281,224.23,0.138058545864,0.0,0
2018-05-27 16:30:51.365,226.05,0.138058545864,0.0,0
2018-05-27 16:30:51.551,225.89,0.138058545864,0.0,0
2018-05-27 16:30:51.644,224.91,0.138058545864,0.0,0
2018-05-27 16:30:51.737,225.28,0.138058545864,0.0,0
2018-05-27 16:30:51.821,227.07,0.138058545864,0.0,0
2018-05-27 16:30:51.914,226.64,0.138058545864,0.0,0
2018-05-27 16:30:52.072,225.5,0.138058545864,0.0,0
2018-05-27 16:30:52.244,225.56,0.138058545864,0.0,0
2018-05-27 16:30:52.421,226.38,0.138058545864,0.0,0
2018-05-27 16:30:52.505,226.69,0.138058545864,0.0,0
2018-05-27 16:30:52.598,227.33,0.138058545864,0.0,0
2018-05-27 16:30:52.692,227.74,0.138058545864,0.0,0
2018-05-27 16:30:52.878,226.91,0.138058545864,0.0,0
2018-05-27 16:30:53.040,226.21,0.138058545864,0.0,0
2018-05-27 16:30:53.133,226.26,0.138058545864,0.0,0
2018-05-27 16:30:53.226,226.87,0.138058545864,0.0,0
2018-05-27 16:30:53.403,227.75,0.138058545864,0.0,0
2018-05-27 16:30:53.590,226.49,0.138058545864,0.0,0
2018-05-27 16:30:53.776,227.89,0.138058545864,0.0,0
2018-05-27 16:30:53.870,228.37,0.138058545864,0.0,0
2018-05-27 16:30:54.031,228.03,0.138058545864,0.0,0
2018-05-27 16:30:54.125,228.22,0.138058545864,0.0,0
2018-05-27 16:30:54.218,228.89,0.138058545864,0.0,0
2018-05-27 16:30:54.311,229.68,0.138058545864,0.0,0
2018-05-27 16:30:54.395,228.46,0.138058545864,0.0,0
2018-05-27 16:30:54.581,228.93,0.138058545864,0.0,0
2018-05-27 16:30:54.675,228.22,0.138058545864,0.0,0
2018-05-27 16:30:54.758,230.44,0.138058545864,0.0,0
2018-05-27 16:30:55.023,229.75,0.138058545864,0.0,0
2018-05-27 16:30:55.117,229.35,0.138058545864,0.0,0
2018-05-27 16:30:55.209,230.35,0.138058545864,0.0,0
2018-05-27 16:30:55.470,231.52,0.138058545864,0.0,0
2018-05-27 16:30:55.563,231.81,0.138058545864,0.0,0
2018-05-27 16:30:55.657,232.07,0.138058545864,0.0,0
2018-05-27 16:30:55.750,232.14,0.138058545864,0.0,0
2018-05-27 16:30:55.843,232.14,0.138058545864,0.0,0
2018-05-27 16:30:55.927,230.01,0.138058545864,0.0,0
2018-05-27 16:30:56.182,228.49,0.138058545864,0.0,0
2018-05-27 16:30:56.452,225.12,0.138058545864,0.0,0
2018-05-27 16:30:56.639,223.91,0.138058545864,0.0,0
2018-05-27 16:30:57.071,220.54,0.138058545864,0.0,0
2018-05-27 16:30:57.155,219.74,0.138058545864,0.0,0
2018-05-27 16:30:57.519,216.25,0.138058545864,0.0,0
2018-05-27 16:30:58.137,213.76,0.138058545864,0.0,0
2018-05-27 16:30:58.230,214.71,0.138058545864,0.0,0
2018-05-27 16:30:58.323,213.27,0.138058545864,0.0,0
2018-05-27 16:30:58.417,214.33,0.138058545864,0.0,0
2018-05-27 16:30:58.491,212.74,0.138058545864,0.0,0
2018-05-27 16:30:58.687,211.57,0.138058545864,0.0,0
2018-05-27 16:30:58.780,213.28,0.138058545864,0.0,0
2018-05-27 16:30:58.873,211.26,0.138058545864,0.0,0
2018-05-27 16:30:59.035,212.9,0.138058545864,0.0,0
2018-05-27 16:30:59.213,213.03,0.138058545864,0.0,0
2018-05-27 16:30:59.307,211.56,0.138058545864,0.0,0
2018-05-27 16:30:59.399,213.05,0.138058545864,0.0,0
2018-05-27 16:30:59.492,211.89,0.138058545864,0.0,0
2018-05-27 16:30:59.669,211.93,0.138058545864,0.0,0
2018-05-27 16:30:59.762,212.76,0.138058545864,0.0,0
2018-05-27 16:30:59.855,212.45,0.138058545864,0.0,0
2018-05-27 16:31:00.017,213.64,0.138058545864,0.0,0
2018-05-27 16:31:00.111,212.36,0.138058545864,0.0,0
2018-05-27 16:31:00.297,214.06,0.138058545864,0.0,0
2018-05-27 16:31:00.381,214.24,0.138058545864,0.0,0
2018-05-27 16:31:00.567,213.45,0.138058545864,0.0,0
2018-05-27 16:31:00.660,213.35,0.138058545864,0.0,0
2018-05-27 16:31:00.754,212.71,0.138058545864,0.0,0
2018-05-27 16:31:00.931,214.57,0.138058545864,0.0,0
2018-05-27 16:31:01.093,213.91,0.138058545864,0.0,0
2018-05-27 16:31:01.186,213.4,0.138058545864,0.0,0
2018-05-27 16:31:01.279,215.38,0.138058545864,0.0,0
2018-05-27 16:31:01.549,214.44,0.138058545864,0.0,0
2018-05-27 16:31:01.643,216.75,0.138058545864,0.0,0
2018-05-27 16:31:01.731,215.38,0.138058545864,0.0,0
2018-05-27 16:31:01.820,216.93,0.138058545864,0.0,0
2018-05-27 16:31:01.903,216.1,0.138058545864,0.0,0
2018-05-27 16:31:02.065,217.25,0.138058545864,0.0,0
2018-05-27 16:31:02.336,217.42,0.138058545864,0.0,0
2018-05-27 16:31:02.606,218.31,0.138058545864,0.0,0
2018-05-27 16:31:02.792,217.08,0.138058545864,0.0,0
2018-05-27 16:31:02.886,217.64,0.138058545864,0.0,0
2018-05-27 16:31:03.047,218.74,0.138058545864,0.0,0
2018-05-27 16:31:03.141,217.14,0.138058545864,0.0,0
2018-05-27 16:31:03.420,217.03,0.138058545864,0.0,0
2018-05-27 16:31:03.504,217.27,0.138058545864,0.0,0
2018-05-27 16:31:03.597,215.09,0.138058545864,0.0,0
2018-05-27 16:31:03.774,214.57,0.138058545864,0.0,0
2018-05-27 16:31:03.868,215.77,0.138058545864,0.0,0
2018-05-27 16:31:04.030,214.26,0.138058545864,0.0,0
2018-05-27 16:31:04.123,214.15,0.138058545864,0.0,0
2018-05-27 16:31:04.300,214.24,0.138058545864,0.0,0
2018-05-27 16:31:04.477,215.14,0.138058545864,0.0,0
2018-05-27 16:31:04.570,213.13,0.138058545864,0.0,0
2018-05-27 16:31:04.756,214.71,0.138058545864,0.0,0
2018-05-27 16:31:04.850,213.7,0.138058545864,0.0,0
2018-05-27 16:31:05.105,213.01,0.138058545864,0.0,0
2018-05-27 16:31:05.291,214.83,0.138058545864,0.0,0
2018-05-27 16:31:05.562,213.61,0.138058545864,0.0,0
2018-05-27 16:31:05.655,215.1,0.138058545864,0.0,0
2018-05-27 16:31:05.748,213.87,0.138058545864,0.0,0
2018-05-27 16:31:05.841,213.85,0.138058545864,0.0,0
2018-05-27 16:31:06.003,215.12,0.138058545864,0.0,0
2018-05-27 16:31:06.283,214.33,0.138058545864,0.0,0
2018-05-27 16:31:06.366,215.02,0.138058545864,0.0,0
2018-05-27 16:31:06.460,214.04,0.138058545864,0.0,0
2018-05-27 16:31:06.553,214.99,0.138058545864,0.0,0
2018-05-27 16:31:06.646,216.04,0.138058545864,0.0,0
2018-05-27 16:31:06.739,214.7,0.138058545864,0.0,0
2018-05-27 16:31:06.832,216.21,0.138058545864,0.0,0
2018-05-27 16:31:06.926,214.71,0.138058545864,0.0,0
2018-05-27 16:31:07.083,215.93,0.138058545864,0.0,0
2018-05-27 16:31:07.172,214.52,0.138058545864,0.0,0
2018-05-27 16:31:07.255,215.59,0.138058545864,0.0,0
2018-05-27 16:31:07.805,216.65,0.138058545864,0.0,0
2018-05-27 16:31:07.899,218.36,0.138058545864,0.0,0
2018-05-27 16:31:08.060,216.39,0.138058545864,0.0,0
2018-05-27 16:31:08.154,216.71,0.138058545864,0.0,0
2018-05-27 16:31:08.237,216.79,0.138058545864,0.0,0
2018-05-27 16:31:08.517,218.32,0.138058545864,0.0,0
2018-05-27 16:31:08.703,218.76,0.138058545864,0.0,0
2018-05-27 16:31:08.797,219.17,0.138058545864,0.0,0
2018-05-27 16:31:09.052,218.43,0.138058545864,0.0,0
2018-05-27 16:31:09.136,218.06,0.138058545864,0.0,0
2018-05-27 16:31:09.229,218.66,0.138058545864,0.0,0
2018-05-27 16:31:09.322,221.11,0.138058545864,0.0,0
2018-05-27 16:31:09.406,219.69,0.138058545864,0.0,0
2018-05-27 16:31:09.490,219.43,0.138058545864,0.0,0
2018-05-27 16:31:09.583,220.05,0.138058545864,0.0,0
2018-05-27 16:31:09.677,220.84,0.138058545864,0.0,0
2018-05-27 16:31:10.024,220.7,0.138058545864,0.0,0
2018-05-27 16:31:10.118,221.37,0.138058545864,0.0,0
2018-05-27 16:31:10.388,221.75,0.138058545864,0.0,0
2018-05-27 16:31:10.481,223.61,0.138058545864,0.0,0
2018-05-27 16:31:10.565,222.67,0.138058545864,0.0,0
2018-05-27 16:31:10.658,223.58,0.138058545864,0.0,0
2018-05-27 16:31:10.751,223.9,0.138058545864,0.0,0
2018-05-27 16:31:10.845,223.32,0.138058545864,0.0,0
2018-05-27 16:31:11.193,223.23,0.138058545864,0.0,0
2018-05-27 16:31:11.370,223.79,0.138058545864,0.0,0
2018-05-27 16:31:11.463,224.15,0.138058545864,0.0,0
2018-05-27 16:31:11.556,225.56,0.138058545864,0.0,0
2018-05-27 16:31:11.650,225.35,0.138058545864,0.0,0
2018-05-27 16:31:11.743,224.68,0.138058545864,0.0,0
2018-05-27 16:31:11.836,224.43,0.138058545864,0.0,0
2018-05-27 16:31:11.929,224.76,0.138058545864,0.0,0
2018-05-27 16:31:12.086,225.19,0.138058545864,0.0,0
2018-05-27 16:31:12.343,224.48,0.138058545864,0.0,0
2018-05-27 16:31:12.622,226.64,0.138058545864,0.0,0
2018-05-27 16:31:12.809,226.52,0.138058545864,0.0,0
2018-05-27 16:31:13.064,224.84,0.138058545864,0.0,0
2018-05-27 16:31:13.800,226.96,0.138058545864,0.0,0
2018-05-27 16:31:13.893,227.12,0.138058545864,0.0,0
2018-05-27 16:31:14.055,228.52,0.138058545864,0.0,0
2018-05-27 16:31:14.241,228.85,0.138058545864,0.0,0
2018-05-27 16:31:14.512,227.99,0.138058545864,0.0,0
2018-05-27 16:31:14.791,229.54,0.138058545864,0.0,0
2018-05-27 16:31:15.587,229.85,0.138058545864,0.0,0
2018-05-27 16:31:16.196,229.98,0.138058545864,0.0,0
2018-05-27 16:31:16.289,230.43,0.138058545864,0.0,0
2018-05-27 16:31:16.653,231.49,0.138058545864,0.0,0
2018-05-27 16:31:16.746,231.7,0.138058545864,0.0,0
2018-05-27 16:31:16.839,231.02,0.138058545864,0.0,0
2018-05-27 16:31:16.928,228.56,0.138058545864,0.0,0
2018-05-27 16:31:17.262,225.66,0.138058545864,0.0,0
2018-05-27 16:31:17.439,224.27,0.138058545864,0.0,0
2018-05-27 16:31:17.532,222.98,0.138058545864,0.0,0
2018-05-27 16:31:17.896,219.65,0.138058545864,0.0,0
2018-05-27 16:31:18.151,218.12,0.138058545864,0.0,0
2018-05-27 16:31:18.421,215.73,0.138058545864,0.0,0
2018-05-27 16:31:18.608,214.96,0.138058545864,0.0,0
2018-05-27 16:31:18.691,215.59,0.138058545864,0.0,0
2018-05-27 16:31:19.124,214.25,0.138058545864,0.0,0
2018-05-27 16:31:19.310,213.99,0.138058545864,0.0,0
2018-05-27 16:31:19.673,212.28,0.138058545864,0.0,0
2018-05-27 16:31:19.767,210.89,0.138058545864,0.0,0
2018-05-27 16:31:19.860,211.82,0.138058545864,0.0,0
2018-05-27 16:31:20.115,211.14,0.138058545864,0.0,0
2018-05-27 16:31:20.572,212.2,0.138058545864,0.0,0
2018-05-27 16:31:21.293,213.13,0.138058545864,0.0,0
2018-05-27 16:31:21.656,213.59,0.138058545864,0.0,0
2018-05-27 16:31:22.093,214.44,0.138058545864,0.0,0
2018-05-27 16:31:22.181,214.66,0.138058545864,0.0,0
2018-05-27 16:31:22.265,213.47,0.138058545864,0.0,0
2018-05-27 16:31:22.349,215.54,0.138058545864,0.0,0
2018-05-27 16:31:22.442,215.51,0.138058545864,0.0,0
2018-05-27 16:31:22.536,217.06,0.138058545864,0.0,0
2018-05-27 16:31:22.629,216.07,0.138058545864,0.0,0
2018-05-27 16:31:22.722,216.63,0.138058545864,0.0,0
2018-05-27 16:31:23.070,217.09,0.138058545864,0.0,0
2018-05-27 16:31:23.256,218.53,0.138058545864,0.0,0
2018-05-27 16:31:23.340,218.48,0.138058545864,0.0,0
2018-05-27 16:31:23.620,218.14,0.138058545864,0.0,0
2018-05-27 16:31:23.713,219.22,0.138058545864,0.0,0
2018-05-27 16:31:23.899,216.85,0.138058545864,0.0,0
2018-05-27 16:31:24.061,217.66,0.138058545864,0.0,0
2018-05-27 16:31:24.154,215.74,0.138058545864,0.0,0
2018-05-27 16:31:24.247,215.44,0.138058545864,0.0,0
2018-05-27 16:31:24.424,214.08,0.138058545864,0.0,0
2018-05-27 16:31:24.797,211.4,0.138058545864,0.0,0
2018-05-27 16:31:24.890,211.84,0.138058545864,0.0,0
2018-05-27 16:31:25.145,211.3,0.138058545864,0.0,0
2018-05-27 16:31:25.238,212.8,0.138058545864,0.0,0
2018-05-27 16:31:25.415,211.14,0.138058545864,0.0,0
2018-05-27 16:31:25.499,211.71,0.138058545864,0.0,0
2018-05-27 16:31:25.592,210.45,0.138058545864,0.0,0
2018-05-27 16:31:25.778,210.29,0.138058545864,0.0,0
2018-05-27 16:31:26.126,209.97,0.138058545864,0.0,0
2018-05-27 16:31:26.219,208.26,0.138058545864,0.0,0
2018-05-27 16:31:26.405,208.08,0.138058545864,0.0,0
2018-05-27 16:31:26.489,207.93,0.138058545864,0.0,0
2018-05-27 16:31:26.582,209.97,0.138058545864,0.0,0
2018-05-27 16:31:26.675,208.98,0.138058545864,0.0,0
2018-05-27 16:31:26.769,210.23,0.138058545864,0.0,0
2018-05-27 16:31:26.862,208.5,0.138058545864,0.0,0
2018-05-27 16:31:27.023,209.42,0.138058545864,0.0,0
2018-05-27 16:31:27.117,209.4,0.138058545864,0.0,0
2018-05-27 16:31:27.200,209.95,0.138058545864,0.0,0
2018-05-27 16:31:27.294,209.21,0.138058545864,0.0,0
2018-05-27 16:31:27.377,209.99,0.138058545864,0.0,0
2018-05-27 16:31:27.564,209.8,0.138058545864,0.0,0
2018-05-27 16:31:27.657,211.58,0.138058545864,0.0,0
2018-05-27 16:31:27.750,209.02,0.138058545864,0.0,0
2018-05-27 16:31:27.843,211.84,0.138058545864,0.0,0
2018-05-27 16:31:28.005,210.47,0.138058545864,0.0,0
2018-05-27 16:31:28.093,212.41,0.138058545864,0.0,0
2018-05-27 16:31:28.182,210.92,0.138058545864,0.0,0
2018-05-27 16:31:28.266,211.65,0.138058545864,0.0,0
2018-05-27 16:31:28.349,212.22,0.138058545864,0.0,0
2018-05-27 16:31:28.443,212.24,0.138058545864,0.0,0
2018-05-27 16:31:28.536,214.16,0.138058545864,0.0,0
2018-05-27 16:31:28.722,215.0,0.138058545864,0.0,0
2018-05-27 16:31:28.806,214.07,0.138058545864,0.0,0
2018-05-27 16:31:29.247,215.59,0.138058545864,0.0,0
2018-05-27 16:31:29.331,216.85,0.138058545864,0.0,0
2018-05-27 16:31:29.424,215.76,0.138058545864,0.0,0
2018-05-27 16:31:29.517,215.69,0.138058545864,0.0,0
2018-05-27 16:31:29.703,216.51,0.138058545864,0.0,0
2018-05-27 16:31:29.890,218.69,0.138058545864,0.0,0
2018-05-27 16:31:30.051,217.84,0.138058545864,0.0,0
2018-05-27 16:31:30.144,217.18,0.138058545864,0.0,0
2018-05-27 16:31:30.238,217.8,0.138058545864,0.0,0
2018-05-27 16:31:30.424,218.34,0.138058545864,0.0,0
2018-05-27 16:31:30.703,220.94,0.138058545864,0.0,0
2018-05-27 16:31:30.797,218.63,0.138058545864,0.0,0
2018-05-27 16:31:31.051,221.67,0.138058545864,0.0,0
2018-05-27 16:31:31.238,221.13,0.138058545864,0.0,0
2018-05-27 16:31:31.331,221.54,0.138058545864,0.0,0
2018-05-27 16:31:31.424,221.68,0.138058545864,0.0,0
2018-05-27 16:31:31.601,221.39,0.138058545864,0.0,0
2018-05-27 16:31:31.871,223.18,0.138058545864,0.0,0
2018-05-27 16:31:32.219,224.47,0.138058545864,0.0,0
2018-05-27 16:31:32.313,224.18,0.138058545864,0.0,0
2018-05-27 16:31:32.396,225.48,0.138058545864,0.0,0
2018-05-27 16:31:32.582,225.48,0.138058545864,0.0,0
2018-05-27 16:31:32.675,224.95,0.138058545864,0.0,0
2018-05-27 16:31:32.862,224.79,0.138058545864,0.0,0
2018-05-27 16:31:33.116,227.05,0.138058545864,0.0,0
2018-05-27 16:31:33.210,227.13,0.138058545864,0.0,0
2018-05-27 16:31:33.303,226.9,0.138058545864,0.0,0
2018-05-27 16:31:33.387,226.52,0.138058545864,0.0,0
2018-05-27 16:31:33.480,226.88,0.138058545864,0.0,0
2018-05-27 16:31:33.759,228.67,0.138058545864,0.0,0
2018-05-27 16:31:33.852,228.91,0.138058545864,0.0,0
2018-05-27 16:31:34.014,228.43,0.138058545864,0.0,0
2018-05-27 16:31:34.107,227.67,0.138058545864,0.0,0
2018-05-27 16:31:34.200,228.09,0.138058545864,0.0,0
2018-05-27 16:31:34.293,227.91,0.138058545864,0.0,0
2018-05-27 16:31:34.377,229.4,0.138058545864,0.0,0
2018-05-27 16:31:34.563,229.02,0.138058545864,0.0,0
2018-05-27 16:31:34.750,229.39,0.138058545864,0.0,0
2018-05-27 16:31:34.843,228.77,0.138058545864,0.0,0
2018-05-27 16:31:35.005,228.55,0.138058545864,0.0,0
2018-05-27 16:31:35.093,230.24,0.138058545864,0.0,0
2018-05-27 16:31:35.349,230.74,0.138058545864,0.0,0
2018-05-27 16:31:35.442,230.64,0.138058545864,0.0,0
2018-05-27 16:31:35.536,231.16,0.138058545864,0.0,0
2018-05-27 16:31:35.629,231.72,0.138058545864,0.0,0
2018-05-27 16:31:35.815,231.88,0.138058545864,0.0,0
2018-05-27 16:31:35.908,231.12,0.138058545864,0.0,0
2018-05-27 16:31:36.163,231.64,0.138058545864,0.0,0
2018-05-27 16:31:36.610,227.54,0.138058545864,0.0,0
2018-05-27 16:31:36.796,225.75,0.138058545864,0.0,0
2018-05-27 16:31:37.135,222.05,0.138058545864,0.0,0
2018-05-27 16:31:37.312,221.19,0.138058545864,0.0,0
2018-05-27 16:31:37.489,220.17,0.138058545864,0.0,0
2018-05-27 16:31:37.582,218.15,0.138058545864,0.0,0
2018-05-27 16:31:37.675,218.07,0.138058545864,0.0,0
2018-05-27 16:31:38.014,217.19,0.138058545864,0.0,0
2018-05-27 16:31:38.107,214.97,0.138058545864,0.0,0
2018-05-27 16:31:38.377,214.51,0.138058545864,0.0,0
2018-05-27 16:31:38.470,212.05,0.138058545864,0.0,0
2018-05-27 16:31:38.833,212.36,0.138058545864,0.0,0
2018-05-27 16:31:38.917,211.68,0.138058545864,0.0,0
2018-05-27 16:31:39.079,212.96,0.138058545864,0.0,0
2018-05-27 16:31:39.172,211.06,0.138058545864,0.0,0
2018-05-27 16:31:39.265,210.87,0.138058545864,0.0,0
2018-05-27 16:31:39.349,210.35,0.138058545864,0.0,0
2018-05-27 16:31:39.619,208.96,0.138058545864,0.0,0
2018-05-27 16:31:39.712,210.56,0.138058545864,0.0,0
2018-05-27 16:31:39.806,207.2,0.138058545864,0.0,0
2018-05-27 16:31:40.060,207.23,0.138058545864,0.0,0
2018-05-27 16:31:40.247,206.63,0.138058545864,0.0,0
2018-05-27 16:31:40.331,206.94,0.138058545864,0.0,0
2018-05-27 16:31:40.517,206.57,0.138058545864,0.0,0
2018-05-27 16:31:40.703,207.0,0.138058545864,0.0,0
2018-05-27 16:31:40.796,209.07,0.138058545864,0.0,0
2018-05-27 16:31:40.889,208.02,0.138058545864,0.0,0
2018-05-27 16:31:41.051,208.65,0.138058545864,0.0,0
2018-05-27 16:31:41.144,207.87,0.138058545864,0.0,0
2018-05-27 16:31:41.237,208.93,0.138058545864,0.0,0
2018-05-27 16:31:41.424,209.55,0.138058545864,0.0,0
2018-05-27 16:31:41.507,209.4,0.138058545864,0.0,0
2018-05-27 16:31:41.601,208.72,0.138058545864,0.0,0
2018-05-27 16:31:41.684,208.22,0.138058545864,0.0,0
2018-05-27 16:31:41.861,210.38,0.138058545864,0.0,0
2018-05-27 16:31:42.116,209.24,0.138058545864,0.0,0
2018-05-27 16:31:42.210,209.07,0.138058545864,0.0,0
2018-05-27 16:31:42.293,209.75,0.138058545864,0.0,0
2018-05-27 16:31:42.377,210.36,0.138058545864,0.0,0
2018-05-27 16:31:42.470,210.27,0.138058545864,0.0,0
2018-05-27 16:31:42.563,211.94,0.138058545864,0.0,0
2018-05-27 16:31:42.750,212.33,0.138058545864,0.0,0
2018-05-27 16:31:42.843,211.16,0.138058545864,0.0,0
2018-05-27 16:31:43.003,212.0,0.138058545864,0.0,0
2018-05-27 16:31:43.181,213.57,0.138058545864,0.0,0
2018-05-27 16:31:43.358,212.86,0.138058545864,0.0,0
2018-05-27 16:31:43.442,214.75,0.138058545864,0.0,0
2018-05-27 16:31:43.536,213.97,0.138058545864,0.0,0
2018-05-27 16:31:43.620,214.34,0.138058545864,0.0,0
2018-05-27 16:31:43.712,214.62,0.138058545864,0.0,0
2018-05-27 16:31:43.806,216.51,0.138058545864,0.0,0
2018-05-27 16:31:43.899,214.87,0.138058545864,0.0,0
2018-05-27 16:31:44.340,216.31,0.138058545864,0.0,0
2018-05-27 16:31:44.433,218.23,0.138058545864,0.0,0
2018-05-27 16:31:44.899,214.4,0.138058545864,0.0,0
2018-05-27 16:31:45.060,214.25,0.138058545864,0.0,0
2018-05-27 16:31:45.153,212.94,0.138058545864,0.0,0
2018-05-27 16:31:45.331,211.88,0.138058545864,0.0,0
2018-05-27 16:31:45.787,210.73,0.138058545864,0.0,0
2018-05-27 16:31:45.880,211.34,0.138058545864,0.0,0
2018-05-27 16:31:46.135,210.45,0.138058545864,0.0,0
2018-05-27 16:31:46.228,211.86,0.138058545864,0.0,0
2018-05-27 16:31:46.414,212.11,0.138058545864,0.0,0
2018-05-27 16:31:46.489,210.57,0.138058545864,0.0,0
2018-05-27 16:31:46.675,212.72,0.138058545864,0.0,0
2018-05-27 16:31:46.768,210.68,0.138058545864,0.0,0
2018-05-27 16:31:46.861,212.61,0.138058545864,0.0,0
2018-05-27 16:31:47.023,210.83,0.138058545864,0.0,0
2018-05-27 16:31:47.116,212.66,0.138058545864,0.0,0
2018-05-27 16:31:47.302,211.86,0.138058545864,0.0,0
2018-05-27 16:31:47.388,211.34,0.138058545864,0.0,0
2018-05-27 16:31:47.479,213.03,0.138058545864,0.0,0
2018-05-27 16:31:47.573,211.28,0.138058545864,0.0,0
2018-05-27 16:31:47.666,213.29,0.138058545864,0.0,0
2018-05-27 16:31:47.759,210.74,0.138058545864,0.0,0
2018-05-27 16:31:47.852,211.13,0.138058545864,0.0,0
2018-05-27 16:31:48.107,209.7,0.138058545864,0.0,0
2018-05-27 16:31:48.200,211.55,0.138058545864,0.0,0
2018-05-27 16:31:48.293,210.58,0.138058545864,0.0,0
2018-05-27 16:31:48.377,210.34,0.138058545864,0.0,0
2018-05-27 16:31:48.470,211.94,0.138058545864,0.0,0
2018-05-27 16:31:48.563,210.26,0.138058545864,0.0,0
2018-05-27 16:31:48.656,210.97,0.138058545864,0.0,0
2018-05-27 16:31:48.749,212.38,0.138058545864,0.0,0
2018-05-27 16:31:48.843,211.26,0.138058545864,0.0,0
2018-05-27 16:31:49.004,213.0,0.138058545864,0.0,0
2018-05-27 16:31:49.093,212.91,0.138058545864,0.0,0
2018-05-27 16:31:49.265,213.07,0.138058545864,0.0,0
2018-05-27 16:31:49.358,212.68,0.138058545864,0.0,0
2018-05-27 16:31:49.442,212.72,0.138058545864,0.0,0
2018-05-27 16:31:49.535,214.66,0.138058545864,0.0,0
2018-05-27 16:31:49.628,214.33,0.138058545864,0.0,0
2018-05-27 16:31:49.722,214.2,0.138058545864,0.0,0
2018-05-27 16:31:49.815,215.74,0.138058545864,0.0,0
2018-05-27 16:31:49.908,214.58,0.138058545864,0.0,0
2018-05-27 16:31:50.070,214.78,0.138058545864,0.0,0
2018-05-27 16:31:50.163,216.43,0.138058545864,0.0,0
2018-05-27 16:31:50.526,217.48,0.138058545864,0.0,0
2018-05-27 16:31:50.712,217.31,0.138058545864,0.0,0
2018-05-27 16:31:50.805,216.62,0.138058545864,0.0,0
2018-05-27 16:31:51.060,218.18,0.138058545864,0.0,0
2018-05-27 16:31:51.423,219.41,0.138058545864,0.0,0
2018-05-27 16:31:51.796,221.28,0.138058545864,0.0,0
2018-05-27 16:31:51.889,221.37,0.138058545864,0.0,0
2018-05-27 16:31:52.051,220.0,0.138058545864,0.0,0
2018-05-27 16:31:52.237,221.37,0.138058545864,0.0,0
2018-05-27 16:31:52.321,221.22,0.138058545864,0.0,0
2018-05-27 16:31:52.414,221.12,0.138058545864,0.0,0
2018-05-27 16:31:52.498,221.79,0.138058545864,0.0,0
2018-05-27 16:31:52.870,223.59,0.138058545864,0.0,0
2018-05-27 16:31:53.032,222.76,0.138058545864,0.0,0
2018-05-27 16:31:53.126,223.72,0.138058545864,0.0,0
2018-05-27 16:31:53.302,223.5,0.138058545864,0.0,0
2018-05-27 16:31:53.386,225.24,0.138058545864,0.0,0
2018-05-27 16:31:53.479,225.64,0.138058545864,0.0,0
2018-05-27 16:31:53.666,224.46,0.138058545864,0.0,0
2018-05-27 16:31:53.759,224.72,0.138058545864,0.0,0
2018-05-27 16:31:53.852,224.38,0.138058545864,0.0,0
2018-05-27 16:31:54.191,225.21,0.138058545864,0.0,0
2018-05-27 16:31:54.284,224.64,0.138058545864,0.0,0
2018-05-27 16:31:54.377,225.39,0.138058545864,0.0,0
2018-05-27 16:31:54.461,224.75,0.138058545864,0.0,0
2018-05-27 16:31:54.731,226.61,0.138058545864,0.0,0
2018-05-27 16:31:54.917,225.94,0.138058545864,0.0,0
2018-05-27 16:31:55.079,226.96,0.138058545864,0.0,0
2018-05-27 16:31:55.172,226.49,0.138058545864,0.0,0
2018-05-27 16:31:55.265,227.42,0.138058545864,0.0,0
2018-05-27 16:31:55.349,227.29,0.138058545864,0.0,0
2018-05-27 16:31:55.526,228.83,0.138058545864,0.0,0
2018-05-27 16:31:55.722,228.34,0.138058545864,0.0,0
2018-05-27 16:31:55.908,228.98,0.138058545864,0.0,0
2018-05-27 16:31:56.433,228.83,0.138058545864,0.0,0
2018-05-27 16:31:57.144,232.5,0.138058545864,0.0,0
2018-05-27 16:31:57.517,232.78,0.138058545864,0.0,0
2018-05-27 16:31:57.694,231.9,0.138058545864,0.0,0
2018-05-27 16:31:58.033,234.36,0.138058545864,0.0,0
2018-05-27 16:31:58.126,233.34,0.138058545864,0.0,0
2018-05-27 16:31:58.312,231.15,0.138058545864,0.0,0
2018-05-27 16:31:58.396,229.95,0.138058545864,0.0,0
2018-05-27 16:31:58.490,228.22,0.138058545864,0.0,0
2018-05-27 16:31:58.862,224.93,0.138058545864,0.0,0
2018-05-27 16:31:59.117,224.17,0.138058545864,0.0,0
2018-05-27 16:31:59.210,221.83,0.138058545864,0.0,0
2018-05-27 16:31:59.303,220.07,0.138058545864,0.0,0
2018-05-27 16:31:59.387,221.0,0.138058545864,0.0,0
2018-05-27 16:31:59.480,217.94,0.138058545864,0.0,0
2018-05-27 16:31:59.573,217.3,0.138058545864,0.0,0
2018-05-27 16:31:59.666,218.04,0.138058545864,0.0,0
2018-05-27 16:32:00.564,212.74,0.138058545864,0.0,0
2018-05-27 16:32:00.657,209.76,0.138058545864,0.0,0
2018-05-27 16:32:00.751,211.59,0.138058545864,0.0,0
2018-05-27 16:32:00.844,211.1,0.138058545864,0.0,0
2018-05-27 16:32:01.094,210.97,0.138058545864,0.0,0
2018-05-27 16:32:01.266,212.47,0.138058545864,0.0,0
2018-05-27 16:32:01.443,210.47,0.138058545864,0.0,0
2018-05-27 16:32:01.723,210.61,0.138058545864,0.0,0
2018-05-27 16:32:01.816,211.83,0.138058545864,0.0,0
2018-05-27 16:32:02.425,207.72,0.138058545864,0.0,0
2018-05-27 16:32:02.518,207.86,0.138058545864,0.0,0
2018-05-27 16:32:02.798,206.54,0.138058545864,0.0,0
2018-05-27 16:32:02.891,205.25,0.138058545864,0.0,0
2018-05-27 16:32:03.397,205.64,0.138058545864,0.0,0
2018-05-27 16:32:03.584,207.12,0.138058545864,0.0,0
2018-05-27 16:32:04.295,209.61,0.138058545864,0.0,0
2018-05-27 16:32:04.472,211.49,0.138058545864,0.0,0
2018-05-27 16:32:04.659,210.95,0.138058545864,0.0,0
2018-05-27 16:32:04.747,211.24,0.138058545864,0.0,0
2018-05-27 16:32:04.919,213.27,0.138058545864,0.0,0
2018-05-27 16:32:05.081,212.3,0.138058545864,0.0,0
2018-05-27 16:32:05.268,214.65,0.138058545864,0.0,0
2018-05-27 16:32:05.715,214.36,0.138058545864,0.0,0
2018-05-27 16:32:06.063,211.68,0.138058545864,0.0,0
2018-05-27 16:32:06.333,211.72,0.138058545864,0.0,0
2018-05-27 16:32:06.519,210.72,0.138058545864,0.0,0
2018-05-27 16:32:06.799,206.86,0.138058545864,0.0,0
2018-05-27 16:32:07.147,207.47,0.138058545864,0.0,0
2018-05-27 16:32:07.240,205.48,0.138058545864,0.0,0
2018-05-27 16:32:07.334,205.57,0.138058545864,0.0,0
2018-05-27 16:32:07.510,203.74,0.138058545864,0.0,0
2018-05-27 16:32:07.883,201.4,0.138058545864,0.0,0
2018-05-27 16:32:08.045,202.37,0.138058545864,0.0,0
2018-05-27 16:32:08.231,201.97,0.138058545864,0.0,0
2018-05-27 16:32:08.399,201.59,0.138058545864,0.0,0
2018-05-27 16:32:08.483,201.74,0.138058545864,0.0,0
2018-05-27 16:32:08.576,203.45,0.138058545864,0.0,0
2018-05-27 16:32:08.669,202.53,0.138058545864,0.0,0
2018-05-27 16:32:08.753,202.67,0.138058545864,0.0,0
2018-05-27 16:32:08.846,202.77,0.138058545864,0.0,0
2018-05-27 16:32:09.008,204.79,0.138058545864,0.0,0
2018-05-27 16:32:09.096,204.68,0.138058545864,0.0,0
2018-05-27 16:32:09.185,203.77,0.138058545864,0.0,0
2018-05-27 16:32:09.269,204.23,0.138058545864,0.0,0
2018-05-27 16:32:09.446,205.56,0.138058545864,0.0,0
2018-05-27 16:32:09.539,204.16,0.138058545864,0.0,0
2018-05-27 16:32:09.632,203.97,0.138058545864,0.0,0
2018-05-27 16:32:09.725,206.04,0.138058545864,0.0,0
2018-05-27 16:32:09.818,204.43,0.138058545864,0.0,0
2018-05-27 16:32:09.912,206.05,0.138058545864,0.0,0
2018-05-27 16:32:10.157,206.13,0.138058545864,0.0,0
2018-05-27 16:32:10.251,206.73,0.138058545864,0.0,0
2018-05-27 16:32:10.344,206.32,0.138058545864,0.0,0
2018-05-27 16:32:10.427,206.56,0.138058545864,0.0,0
2018-05-27 16:32:10.521,209.02,0.138058545864,0.0,0
2018-05-27 16:32:10.707,209.73,0.138058545864,0.0,0
2018-05-27 16:32:10.800,208.32,0.138058545864,0.0,0
2018-05-27 16:32:10.894,209.66,0.138058545864,0.0,0
2018-05-27 16:32:11.055,209.5,0.138058545864,0.0,0
2018-05-27 16:32:11.232,210.92,0.138058545864,0.0,0
2018-05-27 16:32:11.326,210.4,0.138058545864,0.0,0
2018-05-27 16:32:11.409,210.36,0.138058545864,0.0,0
2018-05-27 16:32:11.502,210.76,0.138058545864,0.0,0
2018-05-27 16:32:11.596,212.09,0.138058545864,0.0,0
2018-05-27 16:32:11.689,211.72,0.138058545864,0.0,0
2018-05-27 16:32:11.782,213.93,0.138058545864,0.0,0
2018-05-27 16:32:12.028,212.89,0.138058545864,0.0,0
2018-05-27 16:32:12.121,212.97,0.138058545864,0.0,0
2018-05-27 16:32:12.214,215.32,0.138058545864,0.0,0
2018-05-27 16:32:12.391,215.04,0.138058545864,0.0,0
2018-05-27 16:32:12.577,216.42,0.138058545864,0.0,0
2018-05-27 16:32:12.670,215.25,0.138058545864,0.0,0
2018-05-27 16:32:12.764,215.37,0.138058545864,0.0,0
2018-05-27 16:32:12.847,215.57,0.138058545864,0.0,0
2018-05-27 16:32:13.009,216.78,0.138058545864,0.0,0
2018-05-27 16:32:13.097,216.5,0.138058545864,0.0,0
2018-05-27 16:32:13.186,217.47,0.138058545864,0.0,0
2018-05-27 16:32:13.270,217.71,0.138058545864,0.0,0
2018-05-27 16:32:13.447,217.64,0.138058545864,0.0,0
2018-05-27 16:32:13.531,217.58,0.138058545864,0.0,0
2018-05-27 16:32:13.624,217.22,0.138058545864,0.0,0
2018-05-27 16:32:13.717,219.46,0.138058545864,0.0,0
2018-05-27 16:32:13.810,219.0,0.138058545864,0.0,0
2018-05-27 16:32:13.903,218.67,0.138058545864,0.0,0
2018-05-27 16:32:14.065,219.31,0.138058545864,0.0,0
2018-05-27 16:32:14.158,220.42,0.138058545864,0.0,0
2018-05-27 16:32:14.336,220.74,0.138058545864,0.0,0
2018-05-27 16:32:14.429,220.57,0.138058545864,0.0,0
2018-05-27 16:32:14.522,220.05,0.138058545864,0.0,0
2018-05-27 16:32:14.708,222.14,0.138058545864,0.0,0
2018-05-27 16:32:14.801,221.57,0.138058545864,0.0,0
2018-05-27 16:32:15.056,222.14,0.138058545864,0.0,0
2018-05-27 16:32:15.149,222.2,0.138058545864,0.0,0
2018-05-27 16:32:15.243,223.6,0.138058545864,0.0,0
2018-05-27 16:32:15.336,223.24,0.138058545864,0.0,0
2018-05-27 16:32:15.429,222.43,0.138058545864,0.0,0
2018-05-27 16:32:15.513,224.26,0.138058545864,0.0,0
2018-05-27 16:32:15.606,224.68,0.138058545864,0.0,0
2018-05-27 16:32:15.699,223.36,0.138058545864,0.0,0
2018-05-27 16:32:15.885,223.88,0.138058545864,0.0,0
2018-05-27 16:32:16.131,223.73,0.138058545864,0.0,0
2018-05-27 16:32:16.867,227.1,0.138058545864,0.0,0
2018-05-27 16:32:17.029,227.01,0.138058545864,0.0,0
2018-05-27 16:32:17.308,226.65,0.138058545864,0.0,0
2018-05-27 16:32:17.485,227.99,0.138058545864,0.0,0
2018-05-27 16:32:17.579,227.62,0.138058545864,0.0,0
2018-05-27 16:32:17.672,227.96,0.138058545864,0.0,0
2018-05-27 16:32:17.765,227.1,0.138058545864,0.0,0
2018-05-27 16:32:17.858,228.03,0.138058545864,0.0,0
2018-05-27 16:32:18.020,227.37,0.138058545864,0.0,0
2018-05-27 16:32:18.299,227.76,0.138058545864,0.0,0
2018-05-27 16:32:18.476,228.93,0.138058545864,0.0,0
2018-05-27 16:32:18.662,228.71,0.138058545864,0.0,0
2018-05-27 16:32:18.756,228.6,0.138058545864,0.0,0
2018-05-27 16:32:19.099,230.5,0.138058545864,0.0,0
2018-05-27 16:32:19.635,225.73,0.138058545864,0.0,0
2018-05-27 16:32:19.728,224.02,0.138058545864,0.0,0
2018-05-27 16:32:19.821,223.97,0.138058545864,0.0,0
2018-05-27 16:32:20.077,223.63,0.138058545864,0.0,0
2018-05-27 16:32:20.346,220.65,0.138058545864,0.0,0
2018-05-27 16:32:20.440,217.78,0.138058545864,0.0,0
2018-05-27 16:32:20.905,215.57,0.138058545864,0.0,0
2018-05-27 16:32:21.151,214.71,0.138058545864,0.0,0
2018-05-27 16:32:21.421,213.03,0.138058545864,0.0,0
2018-05-27 16:32:21.505,212.15,0.138058545864,0.0,0
2018-05-27 16:32:21.598,213.54,0.138058545864,0.0,0
2018-05-27 16:32:21.868,211.64,0.138058545864,0.0,0
2018-05-27 16:32:22.030,212.38,0.138058545864,0.0,0
2018-05-27 16:32:22.123,210.91,0.138058545864,0.0,0
2018-05-27 16:32:22.216,212.84,0.138058545864,0.0,0
2018-05-27 16:32:22.310,211.33,0.138058545864,0.0,0
2018-05-27 16:32:22.396,210.92,0.138058545864,0.0,0
2018-05-27 16:32:22.487,211.08,0.138058545864,0.0,0
2018-05-27 16:32:22.570,210.4,0.138058545864,0.0,0
2018-05-27 16:32:22.664,211.41,0.138058545864,0.0,0
2018-05-27 16:32:22.757,211.18,0.138058545864,0.0,0
2018-05-27 16:32:22.850,212.38,0.138058545864,0.0,0
2018-05-27 16:32:23.012,210.75,0.138058545864,0.0,0
2018-05-27 16:32:23.100,210.65,0.138058545864,0.0,0
2018-05-27 16:32:23.189,211.34,0.138058545864,0.0,0
2018-05-27 16:32:23.450,212.84,0.138058545864,0.0,0
2018-05-27 16:32:23.636,211.94,0.138058545864,0.0,0
2018-05-27 16:32:23.729,212.34,0.138058545864,0.0,0
2018-05-27 16:32:23.822,211.74,0.138058545864,0.0,0
2018-05-27 16:32:23.916,213.61,0.138058545864,0.0,0
2018-05-27 16:32:24.077,211.77,0.138058545864,0.0,0
2018-05-27 16:32:24.170,213.48,0.138058545864,0.0,0
2018-05-27 16:32:24.264,212.39,0.138058545864,0.0,0
2018-05-27 16:32:24.347,213.33,0.138058545864,0.0,0
2018-05-27 16:32:24.534,214.89,0.138058545864,0.0,0
2018-05-27 16:32:24.627,213.51,0.138058545864,0.0,0
2018-05-27 16:32:24.720,213.5,0.138058545864,0.0,0
2018-05-27 16:32:24.813,215.75,0.138058545864,0.0,0
2018-05-27 16:32:24.906,214.72,0.138058545864,0.0,0
2018-05-27 16:32:25.068,214.91,0.138058545864,0.0,0
2018-05-27 16:32:25.161,216.68,0.138058545864,0.0,0
2018-05-27 16:32:25.255,215.26,0.138058545864,0.0,0
2018-05-27 16:32:25.338,216.59,0.138058545864,0.0,0
2018-05-27 16:32:25.431,216.51,0.138058545864,0.0,0
2018-05-27 16:32:25.618,218.42,0.138058545864,0.0,0
2018-05-27 16:32:25.711,217.3,0.138058545864,0.0,0
2018-05-27 16:32:25.804,218.19,0.138058545864,0.0,0
2018-05-27 16:32:25.897,219.76,0.138058545864,0.0,0
2018-05-27 16:32:26.059,217.4,0.138058545864,0.0,0
2018-05-27 16:32:26.152,218.28,0.138058545864,0.0,0
2018-05-27 16:32:26.329,217.09,0.138058545864,0.0,0
2018-05-27 16:32:26.422,218.2,0.138058545864,0.0,0
2018-05-27 16:32:26.506,216.77,0.138058545864,0.0,0
2018-05-27 16:32:26.693,215.17,0.138058545864,0.0,0
2018-05-27 16:32:26.879,215.84,0.138058545864,0.0,0
2018-05-27 16:32:27.134,213.17,0.138058545864,0.0,0
2018-05-27 16:32:27.395,213.16,0.138058545864,0.0,0
2018-05-27 16:32:27.674,211.61,0.138058545864,0.0,0
2018-05-27 16:32:27.767,210.34,0.138058545864,0.0,0
2018-05-27 16:32:27.861,212.3,0.138058545864,0.0,0
2018-05-27 16:32:28.023,210.76,0.138058545864,0.0,0
2018-05-27 16:32:28.106,210.04,0.138058545864,0.0,0
2018-05-27 16:32:28.199,210.59,0.138058545864,0.0,0
2018-05-27 16:32:28.293,208.47,0.138058545864,0.0,0
2018-05-27 16:32:28.469,207.76,0.138058545864,0.0,0
2018-05-27 16:32:28.553,207.56,0.138058545864,0.0,0
2018-05-27 16:32:28.647,207.1,0.138058545864,0.0,0
2018-05-27 16:32:28.740,207.66,0.138058545864,0.0,0
2018-05-27 16:32:28.823,207.83,0.138058545864,0.0,0
2018-05-27 16:32:28.917,207.76,0.138058545864,0.0,0
2018-05-27 16:32:29.078,207.84,0.138058545864,0.0,0
2018-05-27 16:32:29.172,208.5,0.138058545864,0.0,0
2018-05-27 16:32:29.265,208.07,0.138058545864,0.0,0
2018-05-27 16:32:29.349,208.3,0.138058545864,0.0,0
2018-05-27 16:32:29.442,208.78,0.138058545864,0.0,0
2018-05-27 16:32:29.535,208.42,0.138058545864,0.0,0
2018-05-27 16:32:29.628,210.21,0.138058545864,0.0,0
2018-05-27 16:32:29.805,208.79,0.138058545864,0.0,0
2018-05-27 16:32:29.898,210.02,0.138058545864,0.0,0
2018-05-27 16:32:30.060,209.54,0.138058545864,0.0,0
2018-05-27 16:32:30.153,210.77,0.138058545864,0.0,0
2018-05-27 16:32:30.330,209.35,0.138058545864,0.0,0
2018-05-27 16:32:30.423,211.26,0.138058545864,0.0,0
2018-05-27 16:32:30.610,210.47,0.138058545864,0.0,0
2018-05-27 16:32:30.787,211.85,0.138058545864,0.0,0
2018-05-27 16:32:30.880,209.82,0.138058545864,0.0,0
2018-05-27 16:32:31.042,211.96,0.138058545864,0.0,0
2018-05-27 16:32:31.135,210.92,0.138058545864,0.0,0
2018-05-27 16:32:31.219,210.63,0.138058545864,0.0,0
2018-05-27 16:32:31.312,212.39,0.138058545864,0.0,0
2018-05-27 16:32:31.396,212.19,0.138058545864,0.0,0
2018-05-27 16:32:31.489,213.01,0.138058545864,0.0,0
2018-05-27 16:32:31.582,212.39,0.138058545864,0.0,0
2018-05-27 16:32:31.768,212.74,0.138058545864,0.0,0
2018-05-27 16:32:31.861,213.64,0.138058545864,0.0,0
2018-05-27 16:32:32.023,215.1,0.138058545864,0.0,0
2018-05-27 16:32:32.117,214.3,0.138058545864,0.0,0
2018-05-27 16:32:32.200,214.47,0.138058545864,0.0,0
2018-05-27 16:32:32.293,214.64,0.138058545864,0.0,0
2018-05-27 16:32:32.554,215.92,0.138058545864,0.0,0
2018-05-27 16:32:32.741,216.78,0.138058545864,0.0,0
2018-05-27 16:32:32.834,216.76,0.138058545864,0.0,0
2018-05-27 16:32:33.172,218.51,0.138058545864,0.0,0
2018-05-27 16:32:33.443,217.43,0.138058545864,0.0,0
2018-05-27 16:32:33.536,217.75,0.138058545864,0.0,0
2018-05-27 16:32:33.629,218.79,0.138058545864,0.0,0
2018-05-27 16:32:33.806,219.84,0.138058545864,0.0,0
2018-05-27 16:32:33.899,220.1,0.138058545864,0.0,0
2018-05-27 16:32:34.061,218.31,0.138058545864,0.0,0
2018-05-27 16:32:34.154,219.33,0.138058545864,0.0,0
2018-05-27 16:32:34.247,220.33,0.138058545864,0.0,0
2018-05-27 16:32:34.508,219.87,0.138058545864,0.0,0
2018-05-27 16:32:34.685,219.99,0.138058545864,0.0,0
2018-05-27 16:32:34.778,221.67,0.138058545864,0.0,0
2018-05-27 16:32:34.871,221.99,0.138058545864,0.0,0
2018-05-27 16:32:35.033,220.6,0.138058545864,0.0,0
2018-05-27 16:32:35.126,221.57,0.138058545864,0.0,0
2018-05-27 16:32:35.220,221.45,0.138058545864,0.0,0
2018-05-27 16:32:35.313,223.21,0.138058545864,0.0,0
2018-05-27 16:32:35.397,221.59,0.138058545864,0.0,0
2018-05-27 16:32:35.490,222.17,0.138058545864,0.0,0
2018-05-27 16:32:35.676,223.37,0.138058545864,0.0,0
2018-05-27 16:32:35.769,223.1,0.138058545864,0.0,0
2018-05-27 16:32:36.024,223.53,0.138058545864,0.0,0
2018-05-27 16:32:36.117,224.91,0.138058545864,0.0,0
2018-05-27 16:32:36.304,224.78,0.138058545864,0.0,0
2018-05-27 16:32:36.388,224.74,0.138058545864,0.0,0
2018-05-27 16:32:36.481,225.24,0.138058545864,0.0,0
2018-05-27 16:32:36.574,225.3,0.138058545864,0.0,0
2018-05-27 16:32:36.667,225.29,0.138058545864,0.0,0
2018-05-27 16:32:37.192,225.51,0.138058545864,0.0,0
2018-05-27 16:32:37.453,225.48,0.138058545864,0.0,0
2018-05-27 16:32:37.546,227.18,0.138058545864,0.0,0
2018-05-27 16:32:37.639,226.87,0.138058545864,0.0,0
2018-05-27 16:32:37.919,226.73,0.138058545864,0.0,0
2018-05-27 16:32:38.267,226.04,0.138058545864,0.0,0
2018-05-27 16:32:38.630,227.49,0.138058545864,0.0,0
2018-05-27 16:32:38.909,228.08,0.138058545864,0.0,0
2018-05-27 16:32:39.807,229.09,0.138058545864,0.0,0
2018-05-27 16:32:39.900,229.83,0.138058545864,0.0,0
2018-05-27 16:32:40.062,230.72,0.138058545864,0.0,0
2018-05-27 16:32:40.249,231.16,0.138058545864,0.0,0
2018-05-27 16:32:40.416,231.52,0.138058545864,0.0,0
2018-05-27 16:32:40.509,231.16,0.138058545864,0.0,0
2018-05-27 16:32:40.602,230.5,0.138058545864,0.0,0
2018-05-27 16:32:40.789,228.71,0.138058545864,0.0,0
2018-05-27 16:32:40.882,228.22,0.138058545864,0.0,0
2018-05-27 16:32:41.137,225.98,0.138058545864,0.0,0
2018-05-27 16:32:41.221,225.74,0.138058545864,0.0,0
2018-05-27 16:32:41.314,224.61,0.138058545864,0.0,0
2018-05-27 16:32:41.398,223.28,0.138058545864,0.0,0
2018-05-27 16:32:41.491,223.52,0.138058545864,0.0,0
2018-05-27 16:32:41.770,219.44,0.138058545864,0.0,0
2018-05-27 16:32:42.295,216.9,0.138058545864,0.0,0
2018-05-27 16:32:42.473,215.72,0.138058545864,0.0,0
2018-05-27 16:32:42.826,214.53,0.138058545864,0.0,0
2018-05-27 16:32:42.920,212.06,0.138058545864,0.0,0
2018-05-27 16:32:43.445,212.86,0.138058545864,0.0,0
2018-05-27 16:32:43.631,212.2,0.138058545864,0.0,0
2018-05-27 16:32:43.817,212.11,0.138058545864,0.0,0
2018-05-27 16:32:43.910,213.52,0.138058545864,0.0,0
2018-05-27 16:32:44.072,212.14,0.138058545864,0.0,0
2018-05-27 16:32:44.165,212.87,0.138058545864,0.0,0
2018-05-27 16:32:44.258,213.79,0.138058545864,0.0,0
2018-05-27 16:32:44.352,212.79,0.138058545864,0.0,0
2018-05-27 16:32:44.435,212.02,0.138058545864,0.0,0
2018-05-27 16:32:44.799,212.7,0.138058545864,0.0,0
2018-05-27 16:32:44.883,212.83,0.138058545864,0.0,0
2018-05-27 16:32:45.044,213.12,0.138058545864,0.0,0
2018-05-27 16:32:45.231,213.13,0.138058545864,0.0,0
2018-05-27 16:32:45.417,214.18,0.138058545864,0.0,0
2018-05-27 16:32:45.687,214.78,0.138058545864,0.0,0
2018-05-27 16:32:46.129,216.88,0.138058545864,0.0,0
2018-05-27 16:32:46.222,216.74,0.138058545864,0.0,0
2018-05-27 16:32:46.399,217.13,0.138058545864,0.0,0
2018-05-27 16:32:46.771,217.66,0.138058545864,0.0,0
2018-05-27 16:32:46.864,219.67,0.138058545864,0.0,0
2018-05-27 16:32:47.026,218.8,0.138058545864,0.0,0
2018-05-27 16:32:47.212,218.31,0.138058545864,0.0,0
2018-05-27 16:32:47.306,219.32,0.138058545864,0.0,0
2018-05-27 16:32:47.483,219.04,0.138058545864,0.0,0
2018-05-27 16:32:47.576,216.4,0.138058545864,0.0,0
2018-05-27 16:32:47.669,217.19,0.138058545864,0.0,0
2018-05-27 16:32:47.762,217.93,0.138058545864,0.0,0
2018-05-27 16:32:48.016,217.58,0.138058545864,0.0,0
2018-05-27 16:32:48.363,215.38,0.138058545864,0.0,0
2018-05-27 16:32:48.446,216.49,0.138058545864,0.0,0
2018-05-27 16:32:48.548,216.94,0.138058545864,0.0,0
2018-05-27 16:32:48.641,215.43,0.138058545864,0.0,0
2018-05-27 16:32:49.073,215.63,0.138058545864,0.0,0
2018-05-27 16:32:49.166,214.25,0.138058545864,0.0,0
2018-05-27 16:32:49.343,213.81,0.138058545864,0.0,0
2018-05-27 16:32:49.623,214.16,0.138058545864,0.0,0
2018-05-27 16:32:49.716,213.8,0.138058545864,0.0,0
2018-05-27 16:32:49.809,212.68,0.138058545864,0.0,0
2018-05-27 16:32:50.232,213.54,0.138058545864,0.0,0
2018-05-27 16:32:50.325,211.85,0.138058545864,0.0,0
2018-05-27 16:32:50.418,213.61,0.138058545864,0.0,0
2018-05-27 16:32:50.502,212.54,0.138058545864,0.0,0
2018-05-27 16:32:50.586,212.49,0.138058545864,0.0,0
2018-05-27 16:32:50.679,213.64,0.138058545864,0.0,0
2018-05-27 16:32:50.772,211.65,0.138058545864,0.0,0
2018-05-27 16:32:50.865,212.73,0.138058545864,0.0,0
2018-05-27 16:32:51.120,212.8,0.138058545864,0.0,0
2018-05-27 16:32:51.213,213.91,0.138058545864,0.0,0
2018-05-27 16:32:51.306,212.09,0.138058545864,0.0,0
2018-05-27 16:32:51.400,212.95,0.138058545864,0.0,0
2018-05-27 16:32:51.483,212.96,0.138058545864,0.0,0
2018-05-27 16:32:51.577,214.85,0.138058545864,0.0,0
2018-05-27 16:32:51.670,212.35,0.138058545864,0.0,0
2018-05-27 16:32:51.763,214.05,0.138058545864,0.0,0
2018-05-27 16:32:51.856,214.79,0.138058545864,0.0,0
2018-05-27 16:32:52.102,214.48,0.138058545864,0.0,0
2018-05-27 16:32:52.185,215.67,0.138058545864,0.0,0
2018-05-27 16:32:52.362,215.76,0.138058545864,0.0,0
2018-05-27 16:32:52.456,216.28,0.138058545864,0.0,0
2018-05-27 16:32:52.642,217.39,0.138058545864,0.0,0
2018-05-27 16:32:52.828,217.78,0.138058545864,0.0,0
2018-05-27 16:32:52.921,217.78,0.138058545864,0.0,0
2018-05-27 16:32:53.083,217.48,0.138058545864,0.0,0
2018-05-27 16:32:53.176,217.09,0.138058545864,0.0,0
2018-05-27 16:32:53.270,219.09,0.138058545864,0.0,0
2018-05-27 16:32:53.344,218.57,0.138058545864,0.0,0
2018-05-27 16:32:53.447,219.97,0.138058545864,0.0,0
2018-05-27 16:32:53.540,218.2,0.138058545864,0.0,0
2018-05-27 16:32:53.633,219.06,0.138058545864,0.0,0
2018-05-27 16:32:53.726,220.47,0.138058545864,0.0,0
2018-05-27 16:32:53.819,220.33,0.138058545864,0.0,0
2018-05-27 16:32:53.912,219.76,0.138058545864,0.0,0
2018-05-27 16:32:54.074,220.19,0.138058545864,0.0,0
2018-05-27 16:32:54.167,220.86,0.138058545864,0.0,0
2018-05-27 16:32:54.260,222.29,0.138058545864,0.0,0
2018-05-27 16:32:54.344,221.06,0.138058545864,0.0,0
2018-05-27 16:32:54.530,223.02,0.138058545864,0.0,0
2018-05-27 16:32:54.624,221.97,0.138058545864,0.0,0
2018-05-27 16:32:54.717,222.44,0.138058545864,0.0,0
2018-05-27 16:32:54.810,222.57,0.138058545864,0.0,0
2018-05-27 16:32:55.065,222.93,0.138058545864,0.0,0
2018-05-27 16:32:55.158,222.45,0.138058545864,0.0,0
2018-05-27 16:32:55.428,223.46,0.138058545864,0.0,0
2018-05-27 16:32:55.605,224.84,0.138058545864,0.0,0
2018-05-27 16:32:55.698,224.89,0.138058545864,0.0,0
2018-05-27 16:32:55.791,223.56,0.138058545864,0.0,0
2018-05-27 16:32:55.885,224.88,0.138058545864,0.0,0
2018-05-27 16:32:56.047,224.89,0.138058545864,0.0,0
2018-05-27 16:32:56.224,224.69,0.138058545864,0.0,0
2018-05-27 16:32:56.317,225.68,0.138058545864,0.0,0
2018-05-27 16:32:56.400,226.75,0.138058545864,0.0,0
2018-05-27 16:32:56.494,225.65,0.138058545864,0.0,0
2018-05-27 16:32:56.587,225.8,0.138058545864,0.0,0
2018-05-27 16:32:56.680,225.44,0.138058545864,0.0,0
2018-05-27 16:32:56.773,225.2,0.138058545864,0.0,0
2018-05-27 16:32:56.866,225.97,0.138058545864,0.0,0
2018-05-27 16:32:57.019,226.1,0.138058545864,0.0,0
2018-05-27 16:32:57.112,225.23,0.138058545864,0.0,0
2018-05-27 16:32:57.205,226.31,0.138058545864,0.0,0
2018-05-27 16:32:57.298,226.11,0.138058545864,0.0,0
2018-05-27 16:32:57.475,226.76,0.138058545864,0.0,0
2018-05-27 16:32:57.652,228.59,0.138058545864,0.0,0
2018-05-27 16:32:57.829,227.98,0.138058545864,0.0,0
2018-05-27 16:32:57.922,227.61,0.138058545864,0.0,0
2018-05-27 16:32:58.084,228.16,0.138058545864,0.0,0
2018-05-27 16:32:58.270,229.1,0.138058545864,0.0,0
2018-05-27 16:32:58.354,228.57,0.138058545864,0.0,0
2018-05-27 16:32:58.447,228.95,0.138058545864,0.0,0
2018-05-27 16:32:58.541,228.29,0.138058545864,0.0,0
2018-05-27 16:32:58.634,229.07,0.138058545864,0.0,0
2018-05-27 16:32:58.811,229.35,0.138058545864,0.0,0
2018-05-27 16:32:58.904,229.74,0.138058545864,0.0,0
2018-05-27 16:32:59.066,229.86,0.138058545864,0.0,0
2018-05-27 16:32:59.336,231.78,0.138058545864,0.0,0
2018-05-27 16:32:59.429,231.49,0.138058545864,0.0,0
2018-05-27 16:32:59.522,231.76,0.138058545864,0.0,0
2018-05-27 16:32:59.792,231.62,0.138058545864,0.0,0
2018-05-27 16:33:00.047,231.11,0.138058545864,0.0,0
2018-05-27 16:33:00.320,233.18,0.138058545864,0.0,0
2018-05-27 16:33:00.410,233.56,0.138058545864,0.0,0
2018-05-27 16:33:00.504,233.68,0.138058545864,0.0,0
2018-05-27 16:33:00.876,230.86,0.138058545864,0.0,0
2018-05-27 16:33:01.038,230.83,0.138058545864,0.0,0
2018-05-27 16:33:01.131,229.93,0.138058545864,0.0,0
2018-05-27 16:33:01.224,229.48,0.138058545864,0.0,0
2018-05-27 16:33:01.317,228.42,0.138058545864,0.0,0
2018-05-27 16:33:01.401,226.86,0.138058545864,0.0,0
2018-05-27 16:33:01.681,224.7,0.138058545864,0.0,0
2018-05-27 16:33:02.215,220.61,0.138058545864,0.0,0
2018-05-27 16:33:02.308,217.81,0.138058545864,0.0,0
2018-05-27 16:33:02.392,218.7,0.138058545864,0.0,0
2018-05-27 16:33:02.485,216.49,0.138058545864,0.0,0
2018-05-27 16:33:02.578,215.7,0.138058545864,0.0,0
2018-05-27 16:33:03.020,214.34,0.138058545864,0.0,0
2018-05-27 16:33:03.108,214.63,0.138058545864,0.0,0
2018-05-27 16:33:03.197,212.87,0.138058545864,0.0,0
2018-05-27 16:33:03.280,213.09,0.138058545864,0.0,0
2018-05-27 16:33:03.374,212.91,0.138058545864,0.0,0
2018-05-27 16:33:03.467,214.06,0.138058545864,0.0,0
2018-05-27 16:33:03.560,211.42,0.138058545864,0.0,0
2018-05-27 16:33:03.653,212.48,0.138058545864,0.0,0
2018-05-27 16:33:03.746,214.14,0.138058545864,0.0,0
2018-05-27 16:33:03.839,212.04,0.138058545864,0.0,0
2018-05-27 16:33:04.001,213.27,0.138058545864,0.0,0
2018-05-27 16:33:04.094,211.68,0.138058545864,0.0,0
2018-05-27 16:33:04.188,212.84,0.138058545864,0.0,0
2018-05-27 16:33:04.281,212.11,0.138058545864,0.0,0
2018-05-27 16:33:04.365,212.65,0.138058545864,0.0,0
2018-05-27 16:33:04.458,212.0,0.138058545864,0.0,0
2018-05-27 16:33:04.551,212.94,0.138058545864,0.0,0
2018-05-27 16:33:04.644,211.08,0.138058545864,0.0,0
2018-05-27 16:33:04.830,213.04,0.138058545864,0.0,0
2018-05-27 16:33:04.924,212.64,0.138058545864,0.0,0
2018-05-27 16:33:05.085,213.74,0.138058545864,0.0,0
2018-05-27 16:33:05.178,211.95,0.138058545864,0.0,0
2018-05-27 16:33:05.272,213.14,0.138058545864,0.0,0
2018-05-27 16:33:05.355,212.6,0.138058545864,0.0,0
2018-05-27 16:33:05.448,214.48,0.138058545864,0.0,0
2018-05-27 16:33:05.542,213.19,0.138058545864,0.0,0
2018-05-27 16:33:05.728,214.07,0.138058545864,0.0,0
2018-05-27 16:33:05.821,213.95,0.138058545864,0.0,0
2018-05-27 16:33:05.914,215.15,0.138058545864,0.0,0
2018-05-27 16:33:06.076,213.76,0.138058545864,0.0,0
2018-05-27 16:33:06.262,216.4,0.138058545864,0.0,0
2018-05-27 16:33:06.346,216.71,0.138058545864,0.0,0
2018-05-27 16:33:06.439,216.15,0.138058545864,0.0,0
2018-05-27 16:33:06.532,215.74,0.138058545864,0.0,0
2018-05-27 16:33:06.718,218.11,0.138058545864,0.0,0
2018-05-27 16:33:06.812,216.59,0.138058545864,0.0,0
2018-05-27 16:33:06.905,217.56,0.138058545864,0.0,0
2018-05-27 16:33:07.066,218.93,0.138058545864,0.0,0
2018-05-27 16:33:07.253,217.54,0.138058545864,0.0,0
2018-05-27 16:33:07.420,219.05,0.138058545864,0.0,0
2018-05-27 16:33:07.700,218.39,0.138058545864,0.0,0
2018-05-27 16:33:07.793,216.82,0.138058545864,0.0,0
2018-05-27 16:33:08.234,215.21,0.138058545864,0.0,0
2018-05-27 16:33:08.327,215.96,0.138058545864,0.0,0
2018-05-27 16:33:08.597,212.9,0.138058545864,0.0,0
2018-05-27 16:33:08.690,213.26,0.138058545864,0.0,0
2018-05-27 16:33:08.783,211.31,0.138058545864,0.0,0
2018-05-27 16:33:09.131,209.98,0.138058545864,0.0,0
2018-05-27 16:33:09.317,210.57,0.138058545864,0.0,0
2018-05-27 16:33:09.410,211.63,0.138058545864,0.0,0
2018-05-27 16:33:09.503,209.96,0.138058545864,0.0,0
2018-05-27 16:33:09.587,210.33,0.138058545864,0.0,0
2018-05-27 16:33:09.680,211.11,0.138058545864,0.0,0
2018-05-27 16:33:09.773,210.47,0.138058545864,0.0,0
2018-05-27 16:33:10.019,209.97,0.138058545864,0.0,0
2018-05-27 16:33:10.107,210.56,0.138058545864,0.0,0
2018-05-27 16:33:10.196,211.73,0.138058545864,0.0,0
2018-05-27 16:33:10.280,212.04,0.138058545864,0.0,0
2018-05-27 16:33:10.363,210.93,0.138058545864,0.0,0
2018-05-27 16:33:10.457,211.4,0.138058545864,0.0,0
2018-05-27 16:33:10.550,210.46,0.138058545864,0.0,0
2018-05-27 16:33:10.643,212.41,0.138058545864,0.0,0
2018-05-27 16:33:10.820,209.88,0.138058545864,0.0,0
2018-05-27 16:33:10.913,211.48,0.138058545864,0.0,0
2018-05-27 16:33:11.074,211.12,0.138058545864,0.0,0
2018-05-27 16:33:11.168,210.87,0.138058545864,0.0,0
2018-05-27 16:33:11.344,212.58,0.138058545864,0.0,0
2018-05-27 16:33:11.531,212.53,0.138058545864,0.0,0
2018-05-27 16:33:11.624,210.98,0.138058545864,0.0,0
2018-05-27 16:33:11.801,211.09,0.138058545864,0.0,0
2018-05-27 16:33:11.894,213.01,0.138058545864,0.0,0
2018-05-27 16:33:12.046,213.15,0.138058545864,0.0,0
2018-05-27 16:33:12.139,211.4,0.138058545864,0.0,0
2018-05-27 16:33:12.232,212.27,0.138058545864,0.0,0
2018-05-27 16:33:12.326,213.44,0.138058545864,0.0,0
2018-05-27 16:33:12.419,212.64,0.138058545864,0.0,0
2018-05-27 16:33:12.503,212.29,0.138058545864,0.0,0
2018-05-27 16:33:12.596,213.59,0.138058545864,0.0,0
2018-05-27 16:33:12.689,214.14,0.138058545864,0.0,0
2018-05-27 16:33:12.782,214.14,0.138058545864,0.0,0
2018-05-27 16:33:12.875,215.11,0.138058545864,0.0,0
2018-05-27 16:33:13.130,214.36,0.138058545864,0.0,0
2018-05-27 16:33:13.223,216.69,0.138058545864,0.0,0
2018-05-27 16:33:13.316,215.58,0.138058545864,0.0,0
2018-05-27 16:33:13.400,217.46,0.138058545864,0.0,0
2018-05-27 16:33:13.679,217.36,0.138058545864,0.0,0
2018-05-27 16:33:13.772,216.82,0.138058545864,0.0,0
2018-05-27 16:33:13.865,217.92,0.138058545864,0.0,0
2018-05-27 16:33:14.027,218.93,0.138058545864,0.0,0
2018-05-27 16:33:14.120,217.29,0.138058545864,0.0,0
2018-05-27 16:33:14.213,217.3,0.138058545864,0.0,0
2018-05-27 16:33:14.306,219.52,0.138058545864,0.0,0
2018-05-27 16:33:14.390,218.09,0.138058545864,0.0,0
2018-05-27 16:33:14.576,220.4,0.138058545864,0.0,0
2018-05-27 16:33:14.669,218.99,0.138058545864,0.0,0
2018-05-27 16:33:14.763,219.94,0.138058545864,0.0,0
2018-05-27 16:33:15.017,221.25,0.138058545864,0.0,0
2018-05-27 16:33:15.106,221.64,0.138058545864,0.0,0
2018-05-27 16:33:15.194,221.44,0.138058545864,0.0,0
2018-05-27 16:33:15.362,221.28,0.138058545864,0.0,0
2018-05-27 16:33:15.455,221.56,0.138058545864,0.0,0
2018-05-27 16:33:15.641,223.12,0.138058545864,0.0,0
2018-05-27 16:33:15.734,222.04,0.138058545864,0.0,0
2018-05-27 16:33:15.921,223.0,0.138058545864,0.0,0
2018-05-27 16:33:16.082,224.73,0.138058545864,0.0,0
2018-05-27 16:33:16.175,224.45,0.138058545864,0.0,0
2018-05-27 16:33:16.352,225.31,0.138058545864,0.0,0
2018-05-27 16:33:16.539,225.71,0.138058545864,0.0,0
2018-05-27 16:33:16.632,225.14,0.138058545864,0.0,0
2018-05-27 16:33:16.725,224.36,0.138058545864,0.0,0
2018-05-27 16:33:16.818,225.26,0.138058545864,0.0,0
2018-05-27 16:33:16.911,225.2,0.138058545864,0.0,0
2018-05-27 16:33:17.073,226.45,0.138058545864,0.0,0
2018-05-27 16:33:17.166,226.22,0.138058545864,0.0,0
2018-05-27 16:33:17.259,225.35,0.138058545864,0.0,0
2018-05-27 16:33:17.436,226.28,0.138058545864,0.0,0
2018-05-27 16:33:17.529,226.43,0.138058545864,0.0,0
2018-05-27 16:33:17.622,226.16,0.138058545864,0.0,0
2018-05-27 16:33:17.715,226.18,0.138058545864,0.0,0
2018-05-27 16:33:17.808,225.69,0.138058545864,0.0,0
2018-05-27 16:33:18.063,226.79,0.138058545864,0.0,0
2018-05-27 16:33:18.324,227.59,0.138058545864,0.0,0
2018-05-27 16:33:18.417,228.36,0.138058545864,0.0,0
2018-05-27 16:33:18.780,228.12,0.138058545864,0.0,0
2018-05-27 16:33:19.119,227.71,0.138058545864,0.0,0
2018-05-27 16:33:19.398,229.23,0.138058545864,0.0,0
2018-05-27 16:33:19.575,230.78,0.138058545864,0.0,0
2018-05-27 16:33:19.849,230.33,0.138058545864,0.0,0
2018-05-27 16:33:20.454,231.57,0.138058545864,0.0,0
2018-05-27 16:33:20.724,231.79,0.138058545864,0.0,0
2018-05-27 16:33:21.258,232.73,0.138058545864,0.0,0
2018-05-27 16:33:21.345,232.64,0.138058545864,0.0,0
2018-05-27 16:33:21.435,232.51,0.138058545864,0.0,0
2018-05-27 16:33:21.695,230.02,0.138058545864,0.0,0
2018-05-27 16:33:21.789,229.56,0.138058545864,0.0,0
2018-05-27 16:33:21.882,229.24,0.138058545864,0.0,0
2018-05-27 16:33:22.220,225.47,0.138058545864,0.0,0
2018-05-27 16:33:22.407,224.66,0.138058545864,0.0,0
2018-05-27 16:33:22.490,222.98,0.138058545864,0.0,0
2018-05-27 16:33:22.677,221.45,0.138058545864,0.0,0
2018-05-27 16:33:22.770,221.5,0.138058545864,0.0,0
2018-05-27 16:33:23.104,217.93,0.138058545864,0.0,0
2018-05-27 16:33:23.276,216.19,0.138058545864,0.0,0
2018-05-27 16:33:23.732,215.33,0.138058545864,0.0,0
2018-05-27 16:33:24.174,213.04,0.138058545864,0.0,0
2018-05-27 16:33:24.267,213.88,0.138058545864,0.0,0
2018-05-27 16:33:24.350,212.02,0.138058545864,0.0,0
2018-05-27 16:33:24.723,210.28,0.138058545864,0.0,0
2018-05-27 16:33:24.816,211.58,0.138058545864,0.0,0
2018-05-27 16:33:24.909,209.11,0.138058545864,0.0,0
2018-05-27 16:33:25.071,211.43,0.138058545864,0.0,0
2018-05-27 16:33:25.257,210.95,0.138058545864,0.0,0
2018-05-27 16:33:25.527,209.88,0.138058545864,0.0,0
2018-05-27 16:33:25.620,210.95,0.138058545864,0.0,0
2018-05-27 16:33:25.899,210.6,0.138058545864,0.0,0
2018-05-27 16:33:26.154,210.59,0.138058545864,0.0,0
2018-05-27 16:33:26.247,211.7,0.138058545864,0.0,0
2018-05-27 16:33:26.610,213.47,0.138058545864,0.0,0
2018-05-27 16:33:27.303,215.41,0.138058545864,0.0,0
2018-05-27 16:33:27.387,214.54,0.138058545864,0.0,0
2018-05-27 16:33:27.573,215.44,0.138058545864,0.0,0
2018-05-27 16:33:27.666,216.23,0.138058545864,0.0,0
2018-05-27 16:33:28.014,216.68,0.138058545864,0.0,0
2018-05-27 16:33:28.102,217.75,0.138058545864,0.0,0
2018-05-27 16:33:28.191,218.98,0.138058545864,0.0,0
2018-05-27 16:33:28.275,217.63,0.138058545864,0.0,0
2018-05-27 16:33:28.451,217.27,0.138058545864,0.0,0
2018-05-27 16:33:28.731,217.07,0.138058545864,0.0,0
2018-05-27 16:33:28.815,215.61,0.138058545864,0.0,0
2018-05-27 16:33:29.069,216.2,0.138058545864,0.0,0
2018-05-27 16:33:29.163,213.1,0.138058545864,0.0,0
2018-05-27 16:33:29.256,213.19,0.138058545864,0.0,0
2018-05-27 16:33:29.433,213.3,0.138058545864,0.0,0
2018-05-27 16:33:29.526,211.26,0.138058545864,0.0,0
2018-05-27 16:33:29.619,212.04,0.138058545864,0.0,0
2018-05-27 16:33:30.041,210.41,0.138058545864,0.0,0
2018-05-27 16:33:30.404,210.82,0.138058545864,0.0,0
2018-05-27 16:33:30.777,208.61,0.138058545864,0.0,0
2018-05-27 16:33:31.032,207.82,0.138058545864,0.0,0
2018-05-27 16:33:31.125,207.44,0.138058545864,0.0,0
2018-05-27 16:33:31.311,207.57,0.138058545864,0.0,0
2018-05-27 16:33:31.395,207.64,0.138058545864,0.0,0
2018-05-27 16:33:31.581,207.86,0.138058545864,0.0,0
2018-05-27 16:33:31.860,208.43,0.138058545864,0.0,0
2018-05-27 16:33:32.022,208.43,0.138058545864,0.0,0
2018-05-27 16:33:32.115,208.58,0.138058545864,0.0,0
2018-05-27 16:33:32.208,209.27,0.138058545864,0.0,0
2018-05-27 16:33:32.301,208.75,0.138058545864,0.0,0
2018-05-27 16:33:32.385,208.45,0.138058545864,0.0,0
2018-05-27 16:33:32.478,209.77,0.138058545864,0.0,0
2018-05-27 16:33:32.571,209.31,0.138058545864,0.0,0
2018-05-27 16:33:32.665,210.71,0.138058545864,0.0,0
2018-05-27 16:33:32.758,210.17,0.138058545864,0.0,0
2018-05-27 16:33:32.851,210.55,0.138058545864,0.0,0
2018-05-27 16:33:33.357,211.39,0.138058545864,0.0,0
2018-05-27 16:33:33.543,211.99,0.138058545864,0.0,0
2018-05-27 16:33:33.636,213.35,0.138058545864,0.0,0
2018-05-27 16:33:33.823,212.61,0.138058545864,0.0,0
2018-05-27 16:33:34.078,213.07,0.138058545864,0.0,0
2018-05-27 16:33:34.171,214.16,0.138058545864,0.0,0
2018-05-27 16:33:34.264,215.43,0.138058545864,0.0,0
2018-05-27 16:33:34.348,215.64,0.138058545864,0.0,0
2018-05-27 16:33:34.441,214.56,0.138058545864,0.0,0
2018-05-27 16:33:34.534,215.01,0.138058545864,0.0,0
2018-05-27 16:33:34.627,216.42,0.138058545864,0.0,0
2018-05-27 16:33:34.813,216.37,0.138058545864,0.0,0
2018-05-27 16:33:34.906,218.2,0.138058545864,0.0,0
2018-05-27 16:33:35.068,216.96,0.138058545864,0.0,0
2018-05-27 16:33:35.161,217.62,0.138058545864,0.0,0
2018-05-27 16:33:35.255,218.62,0.138058545864,0.0,0
2018-05-27 16:33:35.338,217.3,0.138058545864,0.0,0
2018-05-27 16:33:35.524,219.03,0.138058545864,0.0,0
2018-05-27 16:33:35.617,217.86,0.138058545864,0.0,0
2018-05-27 16:33:35.710,218.81,0.138058545864,0.0,0
2018-05-27 16:33:35.804,220.3,0.138058545864,0.0,0
2018-05-27 16:33:35.897,219.1,0.138058545864,0.0,0
2018-05-27 16:33:36.058,219.89,0.138058545864,0.0,0
2018-05-27 16:33:36.142,220.3,0.138058545864,0.0,0
2018-05-27 16:33:36.329,220.78,0.138058545864,0.0,0
2018-05-27 16:33:36.423,221.83,0.138058545864,0.0,0
2018-05-27 16:33:36.505,220.69,0.138058545864,0.0,0
2018-05-27 16:33:36.598,222.5,0.138058545864,0.0,0
2018-05-27 16:33:36.683,221.91,0.138058545864,0.0,0
2018-05-27 16:33:36.859,221.38,0.138058545864,0.0,0
2018-05-27 16:33:37.021,222.06,0.138058545864,0.0,0
2018-05-27 16:33:37.207,224.27,0.138058545864,0.0,0
2018-05-27 16:33:37.300,224.72,0.138058545864,0.0,0
2018-05-27 16:33:37.384,223.59,0.138058545864,0.0,0
2018-05-27 16:33:37.477,225.08,0.138058545864,0.0,0
2018-05-27 16:33:37.571,224.46,0.138058545864,0.0,0
2018-05-27 16:33:37.659,224.54,0.138058545864,0.0,0
2018-05-27 16:33:37.831,224.39,0.138058545864,0.0,0
2018-05-27 16:33:37.924,225.0,0.138058545864,0.0,0
2018-05-27 16:33:38.086,225.02,0.138058545864,0.0,0
2018-05-27 16:33:38.179,226.18,0.138058545864,0.0,0
2018-05-27 16:33:38.272,226.63,0.138058545864,0.0,0
2018-05-27 16:33:38.356,225.66,0.138058545864,0.0,0
2018-05-27 16:33:38.542,226.61,0.138058545864,0.0,0
2018-05-27 16:33:38.635,227.04,0.138058545864,0.0,0
2018-05-27 16:33:38.728,227.57,0.138058545864,0.0,0
2018-05-27 16:33:38.821,226.19,0.138058545864,0.0,0
2018-05-27 16:33:39.076,226.59,0.138058545864,0.0,0
2018-05-27 16:33:39.169,227.23,0.138058545864,0.0,0
2018-05-27 16:33:39.263,226.85,0.138058545864,0.0,0
2018-05-27 16:33:39.356,227.81,0.138058545864,0.0,0
2018-05-27 16:33:39.626,227.48,0.138058545864,0.0,0
2018-05-27 16:33:39.719,229.05,0.138058545864,0.0,0
2018-05-27 16:33:39.812,228.8,0.138058545864,0.0,0
2018-05-27 16:33:39.905,228.57,0.138058545864,0.0,0
2018-05-27 16:33:40.067,228.79,0.138058545864,0.0,0
2018-05-27 16:33:40.160,229.29,0.138058545864,0.0,0
2018-05-27 16:33:40.253,229.71,0.138058545864,0.0,0
2018-05-27 16:33:40.346,229.5,0.138058545864,0.0,0
2018-05-27 16:33:40.430,229.88,0.138058545864,0.0,0
2018-05-27 16:33:40.523,229.38,0.138058545864,0.0,0
2018-05-27 16:33:40.709,229.69,0.138058545864,0.0,0
2018-05-27 16:33:40.802,229.77,0.138058545864,0.0,0
2018-05-27 16:33:40.895,231.44,0.138058545864,0.0,0
2018-05-27 16:33:41.057,231.52,0.138058545864,0.0,0
2018-05-27 16:33:41.150,230.44,0.138058545864,0.0,0
2018-05-27 16:33:41.690,232.0,0.138058545864,0.0,0
2018-05-27 16:33:42.038,232.87,0.138058545864,0.0,0
2018-05-27 16:33:42.131,233.32,0.138058545864,0.0,0
2018-05-27 16:33:42.308,231.58,0.138058545864,0.0,0
2018-05-27 16:33:42.401,230.88,0.138058545864,0.0,0
2018-05-27 16:33:42.671,229.08,0.138058545864,0.0,0
2018-05-27 16:33:42.764,227.72,0.138058545864,0.0,0
2018-05-27 16:33:43.205,223.88,0.138058545864,0.0,0
2018-05-27 16:33:43.382,222.11,0.138058545864,0.0,0
2018-05-27 16:33:43.549,220.88,0.138058545864,0.0,0
2018-05-27 16:33:43.643,219.47,0.138058545864,0.0,0
2018-05-27 16:33:43.829,217.31,0.138058545864,0.0,0
2018-05-27 16:33:43.922,217.03,0.138058545864,0.0,0
2018-05-27 16:33:44.074,216.96,0.138058545864,0.0,0
2018-05-27 16:33:44.260,212.77,0.138058545864,0.0,0
2018-05-27 16:33:44.353,214.42,0.138058545864,0.0,0
2018-05-27 16:33:44.623,211.55,0.138058545864,0.0,0
2018-05-27 16:33:44.810,211.46,0.138058545864,0.0,0
2018-05-27 16:33:45.055,211.97,0.138058545864,0.0,0
2018-05-27 16:33:45.335,211.12,0.138058545864,0.0,0
2018-05-27 16:33:45.428,208.89,0.138058545864,0.0,0
2018-05-27 16:33:45.614,208.75,0.138058545864,0.0,0
2018-05-27 16:33:45.707,208.71,0.138058545864,0.0,0
2018-05-27 16:33:45.893,207.57,0.138058545864,0.0,0
2018-05-27 16:33:46.055,205.89,0.138058545864,0.0,0
2018-05-27 16:33:46.148,207.24,0.138058545864,0.0,0
2018-05-27 16:33:46.241,205.33,0.138058545864,0.0,0
2018-05-27 16:33:46.427,205.06,0.138058545864,0.0,0
2018-05-27 16:33:46.520,203.45,0.138058545864,0.0,0
2018-05-27 16:33:46.613,204.35,0.138058545864,0.0,0
2018-05-27 16:33:46.707,202.55,0.138058545864,0.0,0
2018-05-27 16:33:46.883,201.06,0.138058545864,0.0,0
2018-05-27 16:33:47.045,203.19,0.138058545864,0.0,0
2018-05-27 16:33:47.231,202.38,0.138058545864,0.0,0
2018-05-27 16:33:47.324,204.42,0.138058545864,0.0,0
2018-05-27 16:33:47.417,203.33,0.138058545864,0.0,0
2018-05-27 16:33:47.510,203.93,0.138058545864,0.0,0
2018-05-27 16:33:47.604,203.64,0.138058545864,0.0,0
2018-05-27 16:33:47.697,203.51,0.138058545864,0.0,0
2018-05-27 16:33:47.790,205.6,0.138058545864,0.0,0
2018-05-27 16:33:47.883,204.49,0.138058545864,0.0,0
2018-05-27 16:33:48.138,205.73,0.138058545864,0.0,0
2018-05-27 16:33:48.325,206.28,0.138058545864,0.0,0
2018-05-27 16:33:48.417,208.4,0.138058545864,0.0,0
2018-05-27 16:33:48.501,208.54,0.138058545864,0.0,0
2018-05-27 16:33:48.594,207.37,0.138058545864,0.0,0
2018-05-27 16:33:48.687,209.52,0.138058545864,0.0,0
2018-05-27 16:33:48.771,209.96,0.138058545864,0.0,0
2018-05-27 16:33:49.212,211.42,0.138058545864,0.0,0
2018-05-27 16:33:49.482,210.81,0.138058545864,0.0,0
2018-05-27 16:33:49.575,210.97,0.138058545864,0.0,0
2018-05-27 16:33:50.007,208.73,0.138058545864,0.0,0
2018-05-27 16:33:50.100,209.71,0.138058545864,0.0,0
2018-05-27 16:33:50.267,208.6,0.138058545864,0.0,0
2018-05-27 16:33:50.444,206.63,0.138058545864,0.0,0
2018-05-27 16:33:50.816,205.4,0.138058545864,0.0,0
2018-05-27 16:33:50.910,205.67,0.138058545864,0.0,0
2018-05-27 16:33:51.071,205.2,0.138058545864,0.0,0
2018-05-27 16:33:51.165,205.61,0.138058545864,0.0,0
2018-05-27 16:33:51.258,205.21,0.138058545864,0.0,0
2018-05-27 16:33:51.528,206.89,0.138058545864,0.0,0
2018-05-27 16:33:51.621,205.43,0.138058545864,0.0,0
2018-05-27 16:33:51.807,206.25,0.138058545864,0.0,0
2018-05-27 16:33:51.900,206.99,0.138058545864,0.0,0
2018-05-27 16:33:52.062,205.59,0.138058545864,0.0,0
2018-05-27 16:33:52.239,207.95,0.138058545864,0.0,0
2018-05-27 16:33:52.322,207.28,0.138058545864,0.0,0
2018-05-27 16:33:52.415,206.68,0.138058545864,0.0,0
2018-05-27 16:33:52.602,206.92,0.138058545864,0.0,0
2018-05-27 16:33:52.686,206.75,0.138058545864,0.0,0
2018-05-27 16:33:52.769,206.72,0.138058545864,0.0,0
2018-05-27 16:33:52.862,208.88,0.138058545864,0.0,0
2018-05-27 16:33:53.024,207.23,0.138058545864,0.0,0
2018-05-27 16:33:53.117,209.38,0.138058545864,0.0,0
2018-05-27 16:33:53.210,207.59,0.138058545864,0.0,0
2018-05-27 16:33:53.303,208.53,0.138058545864,0.0,0
2018-05-27 16:33:53.480,207.62,0.138058545864,0.0,0
2018-05-27 16:33:53.573,209.08,0.138058545864,0.0,0
2018-05-27 16:33:53.657,209.86,0.138058545864,0.0,0
2018-05-27 16:33:53.750,209.07,0.138058545864,0.0,0
2018-05-27 16:33:53.843,210.45,0.138058545864,0.0,0
2018-05-27 16:33:54.005,209.33,0.138058545864,0.0,0
2018-05-27 16:33:54.093,209.35,0.138058545864,0.0,0
2018-05-27 16:33:54.182,210.98,0.138058545864,0.0,0
2018-05-27 16:33:54.266,210.08,0.138058545864,0.0,0
2018-05-27 16:33:54.350,210.04,0.138058545864,0.0,0
2018-05-27 16:33:54.443,210.88,0.138058545864,0.0,0
2018-05-27 16:33:54.536,210.34,0.138058545864,0.0,0
2018-05-27 16:33:54.629,212.48,0.138058545864,0.0,0
2018-05-27 16:33:54.722,211.37,0.138058545864,0.0,0
2018-05-27 16:33:54.815,213.11,0.138058545864,0.0,0
2018-05-27 16:33:54.908,211.83,0.138058545864,0.0,0
2018-05-27 16:33:55.070,212.64,0.138058545864,0.0,0
2018-05-27 16:33:55.163,213.66,0.138058545864,0.0,0
2018-05-27 16:33:55.349,215.31,0.138058545864,0.0,0
2018-05-27 16:33:55.619,214.13,0.138058545864,0.0,0
2018-05-27 16:33:55.805,216.53,0.138058545864,0.0,0
2018-05-27 16:33:55.898,215.26,0.138058545864,0.0,0
2018-05-27 16:33:56.060,216.14,0.138058545864,0.0,0
2018-05-27 16:33:56.153,217.49,0.138058545864,0.0,0
2018-05-27 16:33:56.246,216.49,0.138058545864,0.0,0
2018-05-27 16:33:56.423,217.13,0.138058545864,0.0,0
2018-05-27 16:33:56.516,218.84,0.138058545864,0.0,0
2018-05-27 16:33:56.702,216.9,0.138058545864,0.0,0
2018-05-27 16:33:56.796,217.5,0.138058545864,0.0,0
2018-05-27 16:33:57.050,217.99,0.138058545864,0.0,0
2018-05-27 16:33:57.330,220.46,0.138058545864,0.0,0
2018-05-27 16:33:57.413,220.51,0.138058545864,0.0,0
2018-05-27 16:33:57.507,220.7,0.138058545864,0.0,0
2018-05-27 16:33:57.590,220.94,0.138058545864,0.0,0
2018-05-27 16:33:57.777,220.08,0.138058545864,0.0,0
2018-05-27 16:33:57.870,220.11,0.138058545864,0.0,0
2018-05-27 16:33:58.125,222.33,0.138058545864,0.0,0
2018-05-27 16:33:58.301,222.62,0.138058545864,0.0,0
2018-05-27 16:33:58.395,223.2,0.138058545864,0.0,0
2018-05-27 16:33:58.478,223.14,0.138058545864,0.0,0
2018-05-27 16:33:58.572,223.63,0.138058545864,0.0,0
2018-05-27 16:33:58.664,223.15,0.138058545864,0.0,0
2018-05-27 16:33:58.851,223.56,0.138058545864,0.0,0
2018-05-27 16:33:59.282,224.32,0.138058545864,0.0,0
2018-05-27 16:33:59.371,224.83,0.138058545864,0.0,0
2018-05-27 16:33:59.543,225.38,0.138058545864,0.0,0
2018-05-27 16:33:59.636,225.01,0.138058545864,0.0,0
2018-05-27 16:34:00.077,225.8,0.138058545864,0.0,0
2018-05-27 16:34:00.264,226.91,0.138058545864,0.0,0
2018-05-27 16:34:00.440,226.11,0.138058545864,0.0,0
2018-05-27 16:34:00.627,227.51,0.138058545864,0.0,0
2018-05-27 16:34:00.813,227.85,0.138058545864,0.0,0
2018-05-27 16:34:01.058,228.4,0.138058545864,0.0,0
2018-05-27 16:34:01.151,228.32,0.138058545864,0.0,0
2018-05-27 16:34:01.328,226.99,0.138058545864,0.0,0
2018-05-27 16:34:01.701,229.39,0.138058545864,0.0,0
2018-05-27 16:34:01.784,227.5,0.138058545864,0.0,0
2018-05-27 16:34:02.123,229.34,0.138058545864,0.0,0
2018-05-27 16:34:02.309,229.45,0.138058545864,0.0,0
2018-05-27 16:34:02.663,229.58,0.138058545864,0.0,0
2018-05-27 16:34:02.849,229.48,0.138058545864,0.0,0
2018-05-27 16:34:03.104,229.9,0.138058545864,0.0,0
2018-05-27 16:34:03.560,231.91,0.138058545864,0.0,0
2018-05-27 16:34:03.654,230.51,0.138058545864,0.0,0
2018-05-27 16:34:03.746,228.64,0.138058545864,0.0,0
2018-05-27 16:34:04.001,226.27,0.138058545864,0.0,0
2018-05-27 16:34:04.090,226.89,0.138058545864,0.0,0
2018-05-27 16:34:04.178,226.28,0.138058545864,0.0,0
2018-05-27 16:34:04.262,222.86,0.138058545864,0.0,0
2018-05-27 16:34:04.346,222.29,0.138058545864,0.0,0
2018-05-27 16:34:04.439,221.71,0.138058545864,0.0,0
2018-05-27 16:34:04.625,220.84,0.138058545864,0.0,0
2018-05-27 16:34:04.718,219.07,0.138058545864,0.0,0
2018-05-27 16:34:04.811,217.81,0.138058545864,0.0,0
2018-05-27 16:34:04.905,217.21,0.138058545864,0.0,0
2018-05-27 16:34:05.709,214.63,0.138058545864,0.0,0
2018-05-27 16:34:05.802,212.43,0.138058545864,0.0,0
2018-05-27 16:34:05.895,213.0,0.138058545864,0.0,0
2018-05-27 16:34:06.057,211.77,0.138058545864,0.0,0
2018-05-27 16:34:06.150,211.46,0.138058545864,0.0,0
2018-05-27 16:34:06.317,211.16,0.138058545864,0.0,0
2018-05-27 16:34:06.494,211.13,0.138058545864,0.0,0
2018-05-27 16:34:06.764,210.97,0.138058545864,0.0,0
2018-05-27 16:34:07.112,212.15,0.138058545864,0.0,0
2018-05-27 16:34:07.205,211.27,0.138058545864,0.0,0
2018-05-27 16:34:07.382,211.72,0.138058545864,0.0,0
2018-05-27 16:34:07.475,213.19,0.138058545864,0.0,0
2018-05-27 16:34:07.838,213.01,0.138058545864,0.0,0
2018-05-27 16:34:07.931,212.45,0.138058545864,0.0,0
2018-05-27 16:34:08.088,211.45,0.138058545864,0.0,0
2018-05-27 16:34:08.177,212.79,0.138058545864,0.0,0
2018-05-27 16:34:08.261,212.3,0.138058545864,0.0,0
2018-05-27 16:34:08.810,213.82,0.138058545864,0.0,0
2018-05-27 16:34:08.903,214.93,0.138058545864,0.0,0
2018-05-27 16:34:09.065,215.64,0.138058545864,0.0,0
2018-05-27 16:34:09.158,215.01,0.138058545864,0.0,0
2018-05-27 16:34:09.521,217.1,0.138058545864,0.0,0
2018-05-27 16:34:09.614,217.34,0.138058545864,0.0,0
2018-05-27 16:34:09.801,218.31,0.138058545864,0.0,0
2018-05-27 16:34:10.148,219.64,0.138058545864,0.0,0
2018-05-27 16:34:10.241,218.36,0.138058545864,0.0,0
2018-05-27 16:34:10.418,217.85,0.138058545864,0.0,0
2018-05-27 16:34:10.511,218.13,0.138058545864,0.0,0
2018-05-27 16:34:10.698,218.02,0.138058545864,0.0,0
2018-05-27 16:34:10.791,215.48,0.138058545864,0.0,0
2018-05-27 16:34:10.884,216.06,0.138058545864,0.0,0
2018-05-27 16:34:11.139,214.06,0.138058545864,0.0,0
2018-05-27 16:34:11.232,214.89,0.138058545864,0.0,0
2018-05-27 16:34:11.409,213.46,0.138058545864,0.0,0
2018-05-27 16:34:11.595,212.06,0.138058545864,0.0,0
2018-05-27 16:34:11.865,210.65,0.138058545864,0.0,0
2018-05-27 16:34:12.026,208.97,0.138058545864,0.0,0
2018-05-27 16:34:12.213,209.66,0.138058545864,0.0,0
2018-05-27 16:34:12.576,207.04,0.138058545864,0.0,0
2018-05-27 16:34:12.669,208.91,0.138058545864,0.0,0
2018-05-27 16:34:12.762,206.83,0.138058545864,0.0,0
2018-05-27 16:34:12.855,209.18,0.138058545864,0.0,0
2018-05-27 16:34:13.017,207.13,0.138058545864,0.0,0
2018-05-27 16:34:13.110,207.96,0.138058545864,0.0,0
2018-05-27 16:34:13.296,208.4,0.138058545864,0.0,0
2018-05-27 16:34:13.380,209.64,0.138058545864,0.0,0
2018-05-27 16:34:13.473,207.71,0.138058545864,0.0,0
2018-05-27 16:34:13.566,209.53,0.138058545864,0.0,0
2018-05-27 16:34:13.659,207.74,0.138058545864,0.0,0
2018-05-27 16:34:13.845,208.5,0.138058545864,0.0,0
2018-05-27 16:34:14.007,209.88,0.138058545864,0.0,0
2018-05-27 16:34:14.100,209.03,0.138058545864,0.0,0
2018-05-27 16:34:14.193,210.45,0.138058545864,0.0,0
2018-05-27 16:34:14.286,209.44,0.138058545864,0.0,0
2018-05-27 16:34:14.370,208.9,0.138058545864,0.0,0
2018-05-27 16:34:14.463,210.93,0.138058545864,0.0,0
2018-05-27 16:34:14.556,208.5,0.138058545864,0.0,0
2018-05-27 16:34:14.649,210.89,0.138058545864,0.0,0
2018-05-27 16:34:14.742,209.73,0.138058545864,0.0,0
2018-05-27 16:34:14.835,210.58,0.138058545864,0.0,0
2018-05-27 16:34:14.928,211.12,0.138058545864,0.0,0
2018-05-27 16:34:15.085,212.01,0.138058545864,0.0,0
2018-05-27 16:34:15.174,211.51,0.138058545864,0.0,0
2018-05-27 16:34:15.258,211.42,0.138058545864,0.0,0
2018-05-27 16:34:15.351,212.87,0.138058545864,0.0,0
2018-05-27 16:34:15.435,212.15,0.138058545864,0.0,0
2018-05-27 16:34:15.528,213.37,0.138058545864,0.0,0
2018-05-27 16:34:15.621,213.26,0.138058545864,0.0,0
2018-05-27 16:34:15.807,213.52,0.138058545864,0.0,0
2018-05-27 16:34:15.900,213.58,0.138058545864,0.0,0
2018-05-27 16:34:16.062,215.59,0.138058545864,0.0,0
2018-05-27 16:34:16.146,215.76,0.138058545864,0.0,0
2018-05-27 16:34:16.239,215.41,0.138058545864,0.0,0
2018-05-27 16:34:16.333,215.87,0.138058545864,0.0,0
2018-05-27 16:34:16.425,216.49,0.138058545864,0.0,0
2018-05-27 16:34:16.518,216.71,0.138058545864,0.0,0
2018-05-27 16:34:16.611,216.63,0.138058545864,0.0,0
2018-05-27 16:34:16.704,217.75,0.138058545864,0.0,0
2018-05-27 16:34:16.798,218.47,0.138058545864,0.0,0
2018-05-27 16:34:16.891,217.05,0.138058545864,0.0,0
2018-05-27 16:34:17.052,217.8,0.138058545864,0.0,0
2018-05-27 16:34:17.136,217.68,0.138058545864,0.0,0
2018-05-27 16:34:17.229,218.05,0.138058545864,0.0,0
2018-05-27 16:34:17.415,218.65,0.138058545864,0.0,0
2018-05-27 16:34:17.499,218.89,0.138058545864,0.0,0
2018-05-27 16:34:17.676,220.31,0.138058545864,0.0,0
2018-05-27 16:34:17.760,220.22,0.138058545864,0.0,0
2018-05-27 16:34:18.014,219.79,0.138058545864,0.0,0
2018-05-27 16:34:18.108,220.7,0.138058545864,0.0,0
2018-05-27 16:34:18.201,221.05,0.138058545864,0.0,0
2018-05-27 16:34:18.294,222.25,0.138058545864,0.0,0
2018-05-27 16:34:18.387,221.98,0.138058545864,0.0,0
2018-05-27 16:34:18.471,223.11,0.138058545864,0.0,0
2018-05-27 16:34:18.564,222.98,0.138058545864,0.0,0
2018-05-27 16:34:18.648,222.35,0.138058545864,0.0,0
2018-05-27 16:34:18.741,223.59,0.138058545864,0.0,0
2018-05-27 16:34:18.834,223.61,0.138058545864,0.0,0
2018-05-27 16:34:18.927,222.82,0.138058545864,0.0,0
2018-05-27 16:34:19.084,224.69,0.138058545864,0.0,0
2018-05-27 16:34:19.256,223.81,0.138058545864,0.0,0
2018-05-27 16:34:19.433,224.45,0.138058545864,0.0,0
2018-05-27 16:34:19.526,224.83,0.138058545864,0.0,0
2018-05-27 16:34:19.619,226.07,0.138058545864,0.0,0
2018-05-27 16:34:19.712,225.96,0.138058545864,0.0,0
2018-05-27 16:34:19.805,225.54,0.138058545864,0.0,0
2018-05-27 16:34:19.899,225.56,0.138058545864,0.0,0
2018-05-27 16:34:20.060,225.16,0.138058545864,0.0,0
2018-05-27 16:34:20.237,225.89,0.138058545864,0.0,0
2018-05-27 16:34:20.330,225.94,0.138058545864,0.0,0
2018-05-27 16:34:20.423,225.58,0.138058545864,0.0,0
2018-05-27 16:34:20.516,225.65,0.138058545864,0.0,0
2018-05-27 16:34:20.703,226.5,0.138058545864,0.0,0
2018-05-27 16:34:20.796,226.53,0.138058545864,0.0,0
2018-05-27 16:34:20.889,228.33,0.138058545864,0.0,0
2018-05-27 16:34:21.042,226.61,0.138058545864,0.0,0
2018-05-27 16:34:21.311,228.23,0.138058545864,0.0,0
2018-05-27 16:34:21.395,227.67,0.138058545864,0.0,0
2018-05-27 16:34:21.488,229.1,0.138058545864,0.0,0
2018-05-27 16:34:21.581,229.17,0.138058545864,0.0,0
2018-05-27 16:34:21.674,229.13,0.138058545864,0.0,0
2018-05-27 16:34:21.768,229.6,0.138058545864,0.0,0
2018-05-27 16:34:21.851,228.41,0.138058545864,0.0,0
2018-05-27 16:34:22.013,227.99,0.138058545864,0.0,0
2018-05-27 16:34:22.106,229.19,0.138058545864,0.0,0
2018-05-27 16:34:22.199,229.49,0.138058545864,0.0,0
2018-05-27 16:34:22.292,229.52,0.138058545864,0.0,0
2018-05-27 16:34:22.562,229.12,0.138058545864,0.0,0
2018-05-27 16:34:22.655,229.36,0.138058545864,0.0,0
2018-05-27 16:34:22.748,229.83,0.138058545864,0.0,0
2018-05-27 16:34:22.832,231.27,0.138058545864,0.0,0
2018-05-27 16:34:22.925,231.39,0.138058545864,0.0,0
2018-05-27 16:34:23.082,230.51,0.138058545864,0.0,0
2018-05-27 16:34:23.171,230.69,0.138058545864,0.0,0
2018-05-27 16:34:23.432,231.42,0.138058545864,0.0,0
2018-05-27 16:34:23.515,232.89,0.138058545864,0.0,0
2018-05-27 16:34:23.608,233.35,0.138058545864,0.0,0
2018-05-27 16:34:23.701,233.87,0.138058545864,0.0,0
2018-05-27 16:34:23.794,233.11,0.138058545864,0.0,0
2018-05-27 16:34:23.887,233.07,0.138058545864,0.0,0
2018-05-27 16:34:24.049,233.66,0.138058545864,0.0,0
2018-05-27 16:34:24.235,233.62,0.138058545864,0.0,0
2018-05-27 16:34:24.329,232.68,0.138058545864,0.0,0
2018-05-27 16:34:25.040,224.41,0.138058545864,0.0,0
2018-05-27 16:34:25.226,221.3,0.138058545864,0.0,0
2018-05-27 16:34:25.319,220.69,0.138058545864,0.0,0
2018-05-27 16:34:25.412,219.77,0.138058545864,0.0,0
2018-05-27 16:34:25.673,216.33,0.138058545864,0.0,0
2018-05-27 16:34:25.766,217.09,0.138058545864,0.0,0
2018-05-27 16:34:26.104,212.85,0.138058545864,0.0,0
2018-05-27 16:34:26.197,213.69,0.138058545864,0.0,0
2018-05-27 16:34:26.291,211.66,0.138058545864,0.0,0
2018-05-27 16:34:26.467,209.78,0.138058545864,0.0,0
2018-05-27 16:34:26.654,209.27,0.138058545864,0.0,0
2018-05-27 16:34:26.747,210.62,0.138058545864,0.0,0
2018-05-27 16:34:26.840,208.9,0.138058545864,0.0,0
2018-05-27 16:34:27.002,209.49,0.138058545864,0.0,0
2018-05-27 16:34:27.188,208.94,0.138058545864,0.0,0
2018-05-27 16:34:27.281,207.22,0.138058545864,0.0,0
2018-05-27 16:34:27.365,206.88,0.138058545864,0.0,0
2018-05-27 16:34:27.458,208.11,0.138058545864,0.0,0
2018-05-27 16:34:27.551,206.9,0.138058545864,0.0,0
2018-05-27 16:34:27.644,208.69,0.138058545864,0.0,0
2018-05-27 16:34:27.737,207.53,0.138058545864,0.0,0
2018-05-27 16:34:27.830,208.56,0.138058545864,0.0,0
2018-05-27 16:34:27.923,207.92,0.138058545864,0.0,0
2018-05-27 16:34:28.080,207.71,0.138058545864,0.0,0
2018-05-27 16:34:28.169,208.88,0.138058545864,0.0,0
2018-05-27 16:34:28.252,208.91,0.138058545864,0.0,0
2018-05-27 16:34:28.346,207.49,0.138058545864,0.0,0
2018-05-27 16:34:28.522,209.52,0.138058545864,0.0,0
2018-05-27 16:34:28.616,208.22,0.138058545864,0.0,0
2018-05-27 16:34:28.709,209.98,0.138058545864,0.0,0
2018-05-27 16:34:28.802,207.97,0.138058545864,0.0,0
2018-05-27 16:34:28.895,210.19,0.138058545864,0.0,0
2018-05-27 16:34:29.057,208.7,0.138058545864,0.0,0
2018-05-27 16:34:29.233,209.36,0.138058545864,0.0,0
2018-05-27 16:34:29.327,209.94,0.138058545864,0.0,0
2018-05-27 16:34:29.410,211.45,0.138058545864,0.0,0
2018-05-27 16:34:29.503,209.83,0.138058545864,0.0,0
2018-05-27 16:34:29.597,211.58,0.138058545864,0.0,0
2018-05-27 16:34:29.690,210.91,0.138058545864,0.0,0
2018-05-27 16:34:29.876,211.57,0.138058545864,0.0,0
2018-05-27 16:34:30.028,212.22,0.138058545864,0.0,0
2018-05-27 16:34:30.121,212.14,0.138058545864,0.0,0
2018-05-27 16:34:30.215,214.27,0.138058545864,0.0,0
2018-05-27 16:34:30.298,214.73,0.138058545864,0.0,0
2018-05-27 16:34:30.382,213.88,0.138058545864,0.0,0
2018-05-27 16:34:30.475,214.72,0.138058545864,0.0,0
2018-05-27 16:34:30.568,214.51,0.138058545864,0.0,0
2018-05-27 16:34:30.745,215.06,0.138058545864,0.0,0
2018-05-27 16:34:30.838,216.58,0.138058545864,0.0,0
2018-05-27 16:34:31.186,217.22,0.138058545864,0.0,0
2018-05-27 16:34:31.279,215.45,0.138058545864,0.0,0
2018-05-27 16:34:31.456,215.28,0.138058545864,0.0,0
2018-05-27 16:34:31.638,214.44,0.138058545864,0.0,0
2018-05-27 16:34:31.726,215.09,0.138058545864,0.0,0
2018-05-27 16:34:31.903,213.19,0.138058545864,0.0,0
2018-05-27 16:34:32.158,212.57,0.138058545864,0.0,0
2018-05-27 16:34:32.251,210.87,0.138058545864,0.0,0
2018-05-27 16:34:32.428,210.1,0.138058545864,0.0,0
2018-05-27 16:34:32.521,209.92,0.138058545864,0.0,0
2018-05-27 16:34:32.614,209.5,0.138058545864,0.0,0
2018-05-27 16:34:32.707,209.99,0.138058545864,0.0,0
2018-05-27 16:34:32.800,208.66,0.138058545864,0.0,0
2018-05-27 16:34:32.893,209.57,0.138058545864,0.0,0
2018-05-27 16:34:33.055,209.71,0.138058545864,0.0,0
2018-05-27 16:34:33.148,210.9,0.138058545864,0.0,0
2018-05-27 16:34:33.334,210.74,0.138058545864,0.0,0
2018-05-27 16:34:33.427,209.29,0.138058545864,0.0,0
2018-05-27 16:34:33.604,210.78,0.138058545864,0.0,0
2018-05-27 16:34:33.697,209.3,0.138058545864,0.0,0
2018-05-27 16:34:33.791,209.81,0.138058545864,0.0,0
2018-05-27 16:34:34.045,210.09,0.138058545864,0.0,0
2018-05-27 16:34:34.139,211.12,0.138058545864,0.0,0
2018-05-27 16:34:34.232,209.61,0.138058545864,0.0,0
2018-05-27 16:34:34.325,210.92,0.138058545864,0.0,0
2018-05-27 16:34:34.502,208.38,0.138058545864,0.0,0
2018-05-27 16:34:34.595,209.61,0.138058545864,0.0,0
2018-05-27 16:34:34.782,207.62,0.138058545864,0.0,0
2018-05-27 16:34:35.026,204.85,0.138058545864,0.0,0
2018-05-27 16:34:35.213,203.39,0.138058545864,0.0,0
2018-05-27 16:34:35.306,202.95,0.138058545864,0.0,0
2018-05-27 16:34:35.484,203.47,0.138058545864,0.0,0
2018-05-27 16:34:35.659,202.18,0.138058545864,0.0,0
2018-05-27 16:34:35.836,202.78,0.138058545864,0.0,0
2018-05-27 16:34:35.929,204.87,0.138058545864,0.0,0
2018-05-27 16:34:36.185,205.35,0.138058545864,0.0,0
2018-05-27 16:34:36.361,204.72,0.138058545864,0.0,0
2018-05-27 16:34:36.547,205.83,0.138058545864,0.0,0
2018-05-27 16:34:36.640,205.92,0.138058545864,0.0,0
2018-05-27 16:34:36.734,207.75,0.138058545864,0.0,0
2018-05-27 16:34:36.827,206.19,0.138058545864,0.0,0
2018-05-27 16:34:37.156,208.41,0.138058545864,0.0,0
2018-05-27 16:34:37.333,209.39,0.138058545864,0.0,0
2018-05-27 16:34:37.426,209.12,0.138058545864,0.0,0
2018-05-27 16:34:37.511,208.96,0.138058545864,0.0,0
2018-05-27 16:34:37.603,211.04,0.138058545864,0.0,0
2018-05-27 16:34:37.789,211.59,0.138058545864,0.0,0
2018-05-27 16:34:37.882,210.91,0.138058545864,0.0,0
2018-05-27 16:34:38.221,212.72,0.138058545864,0.0,0
2018-05-27 16:34:38.491,213.36,0.138058545864,0.0,0
2018-05-27 16:34:38.584,215.06,0.138058545864,0.0,0
2018-05-27 16:34:38.761,213.06,0.138058545864,0.0,0
2018-05-27 16:34:39.109,214.82,0.138058545864,0.0,0
2018-05-27 16:34:39.202,215.96,0.138058545864,0.0,0
2018-05-27 16:34:39.295,216.54,0.138058545864,0.0,0
2018-05-27 16:34:39.388,216.07,0.138058545864,0.0,0
2018-05-27 16:34:39.455,217.72,0.138058545864,0.0,0
2018-05-27 16:34:39.649,216.76,0.138058545864,0.0,0
2018-05-27 16:34:39.742,217.72,0.138058545864,0.0,0
2018-05-27 16:34:39.928,219.28,0.138058545864,0.0,0
2018-05-27 16:34:40.183,218.29,0.138058545864,0.0,0
2018-05-27 16:34:40.276,219.71,0.138058545864,0.0,0
2018-05-27 16:34:40.453,219.71,0.138058545864,0.0,0
2018-05-27 16:34:40.634,220.93,0.138058545864,0.0,0
2018-05-27 16:34:40.723,218.97,0.138058545864,0.0,0
2018-05-27 16:34:40.807,221.16,0.138058545864,0.0,0
2018-05-27 16:34:41.061,220.1,0.138058545864,0.0,0
2018-05-27 16:34:41.155,220.81,0.138058545864,0.0,0
2018-05-27 16:34:41.425,222.73,0.138058545864,0.0,0
2018-05-27 16:34:41.508,221.93,0.138058545864,0.0,0
2018-05-27 16:34:41.602,221.95,0.138058545864,0.0,0
2018-05-27 16:34:41.788,223.6,0.138058545864,0.0,0
2018-05-27 16:34:42.042,223.12,0.138058545864,0.0,0
2018-05-27 16:34:42.322,224.76,0.138058545864,0.0,0
2018-05-27 16:34:42.499,225.02,0.138058545864,0.0,0
2018-05-27 16:34:42.592,224.9,0.138058545864,0.0,0
2018-05-27 16:34:42.778,224.05,0.138058545864,0.0,0
2018-05-27 16:34:44.563,226.76,0.138058545864,0.0,0
2018-05-27 16:34:44.656,224.41,0.138058545864,0.0,0
2018-05-27 16:34:44.842,225.44,0.138058545864,0.0,0
2018-05-27 16:34:45.098,225.83,0.138058545864,0.0,0
2018-05-27 16:34:45.358,227.2,0.138058545864,0.0,0
2018-05-27 16:34:45.451,225.51,0.138058545864,0.0,0
2018-05-27 16:34:45.544,224.81,0.138058545864,0.0,0
2018-05-27 16:34:45.637,225.74,0.138058545864,0.0,0
2018-05-27 16:34:46.153,225.51,0.138058545864,0.0,0
2018-05-27 16:34:46.246,223.13,0.138058545864,0.0,0
2018-05-27 16:34:46.339,222.54,0.138058545864,0.0,0
2018-05-27 16:34:46.516,220.1,0.138058545864,0.0,0
2018-05-27 16:34:46.702,220.54,0.138058545864,0.0,0
2018-05-27 16:34:46.795,219.25,0.138058545864,0.0,0
2018-05-27 16:34:47.050,217.14,0.138058545864,0.0,0
2018-05-27 16:34:47.236,215.81,0.138058545864,0.0,0
2018-05-27 16:34:47.329,214.89,0.138058545864,0.0,0
2018-05-27 16:34:47.516,213.0,0.138058545864,0.0,0
2018-05-27 16:34:47.786,214.46,0.138058545864,0.0,0
2018-05-27 16:34:48.134,213.8,0.138058545864,0.0,0
2018-05-27 16:34:48.404,213.56,0.138058545864,0.0,0
2018-05-27 16:34:48.497,214.03,0.138058545864,0.0,0
2018-05-27 16:34:48.590,213.5,0.138058545864,0.0,0
2018-05-27 16:34:48.767,213.35,0.138058545864,0.0,0
2018-05-27 16:34:49.468,212.54,0.138058545864,0.0,0
2018-05-27 16:34:49.561,213.89,0.138058545864,0.0,0
2018-05-27 16:34:49.748,214.3,0.138058545864,0.0,0
2018-05-27 16:34:50.003,214.4,0.138058545864,0.0,0
2018-05-27 16:34:50.096,213.97,0.138058545864,0.0,0
2018-05-27 16:34:50.282,214.32,0.138058545864,0.0,0
2018-05-27 16:34:50.375,214.98,0.138058545864,0.0,0
2018-05-27 16:34:50.459,215.02,0.138058545864,0.0,0
2018-05-27 16:34:50.552,216.63,0.138058545864,0.0,0
2018-05-27 16:34:50.645,216.22,0.138058545864,0.0,0
2018-05-27 16:34:50.738,216.21,0.138058545864,0.0,0
2018-05-27 16:34:50.831,217.58,0.138058545864,0.0,0
2018-05-27 16:34:50.924,218.15,0.138058545864,0.0,0
2018-05-27 16:34:51.086,216.87,0.138058545864,0.0,0
2018-05-27 16:34:51.179,217.35,0.138058545864,0.0,0
2018-05-27 16:34:51.449,218.38,0.138058545864,0.0,0
2018-05-27 16:34:51.542,217.54,0.138058545864,0.0,0
2018-05-27 16:34:51.635,217.86,0.138058545864,0.0,0
2018-05-27 16:34:51.728,219.36,0.138058545864,0.0,0
2018-05-27 16:34:51.822,218.57,0.138058545864,0.0,0
2018-05-27 16:34:52.072,217.77,0.138058545864,0.0,0
2018-05-27 16:34:52.505,218.36,0.138058545864,0.0,0
2018-05-27 16:34:52.877,214.73,0.138058545864,0.0,0
2018-05-27 16:34:53.039,214.62,0.138058545864,0.0,0
2018-05-27 16:34:53.132,215.21,0.138058545864,0.0,0
2018-05-27 16:34:53.486,210.98,0.138058545864,0.0,0
2018-05-27 16:34:53.756,210.44,0.138058545864,0.0,0
2018-05-27 16:34:54.188,208.99,0.138058545864,0.0,0
2018-05-27 16:34:54.457,206.37,0.138058545864,0.0,0
2018-05-27 16:34:54.551,206.22,0.138058545864,0.0,0
2018-05-27 16:34:54.644,205.67,0.138058545864,0.0,0
2018-05-27 16:34:54.914,204.82,0.138058545864,0.0,0
2018-05-27 16:34:55.071,205.33,0.138058545864,0.0,0
2018-05-27 16:34:55.159,204.2,0.138058545864,0.0,0
2018-05-27 16:34:55.243,204.13,0.138058545864,0.0,0
2018-05-27 16:34:55.336,205.82,0.138058545864,0.0,0
2018-05-27 16:34:55.429,204.66,0.138058545864,0.0,0
2018-05-27 16:34:55.522,204.62,0.138058545864,0.0,0
2018-05-27 16:34:55.616,206.59,0.138058545864,0.0,0
2018-05-27 16:34:55.709,204.79,0.138058545864,0.0,0
2018-05-27 16:34:55.792,205.17,0.138058545864,0.0,0
2018-05-27 16:34:56.047,206.22,0.138058545864,0.0,0
2018-05-27 16:34:56.140,206.45,0.138058545864,0.0,0
2018-05-27 16:34:56.233,205.61,0.138058545864,0.0,0
2018-05-27 16:34:56.326,207.79,0.138058545864,0.0,0
2018-05-27 16:34:56.420,206.46,0.138058545864,0.0,0
2018-05-27 16:34:56.504,206.88,0.138058545864,0.0,0
2018-05-27 16:34:56.597,207.18,0.138058545864,0.0,0
2018-05-27 16:34:56.773,207.09,0.138058545864,0.0,0
2018-05-27 16:34:56.867,207.97,0.138058545864,0.0,0
2018-05-27 16:34:57.214,208.66,0.138058545864,0.0,0
2018-05-27 16:34:57.308,209.5,0.138058545864,0.0,0
2018-05-27 16:34:57.485,210.05,0.138058545864,0.0,0
2018-05-27 16:34:57.568,210.3,0.138058545864,0.0,0
2018-05-27 16:34:57.755,209.58,0.138058545864,0.0,0
2018-05-27 16:34:58.009,211.95,0.138058545864,0.0,0
2018-05-27 16:34:58.103,211.88,0.138058545864,0.0,0
2018-05-27 16:34:58.373,212.35,0.138058545864,0.0,0
2018-05-27 16:34:58.559,214.25,0.138058545864,0.0,0
2018-05-27 16:34:58.652,213.87,0.138058545864,0.0,0
2018-05-27 16:34:58.838,215.25,0.138058545864,0.0,0
2018-05-27 16:34:58.931,215.16,0.138058545864,0.0,0
2018-05-27 16:34:59.093,216.9,0.138058545864,0.0,0
2018-05-27 16:34:59.186,216.32,0.138058545864,0.0,0
2018-05-27 16:34:59.279,216.33,0.138058545864,0.0,0
2018-05-27 16:34:59.363,216.23,0.138058545864,0.0,0
2018-05-27 16:34:59.447,218.08,0.138058545864,0.0,0
2018-05-27 16:34:59.540,217.27,0.138058545864,0.0,0
2018-05-27 16:34:59.633,217.07,0.138058545864,0.0,0
2018-05-27 16:34:59.819,217.58,0.138058545864,0.0,0
2018-05-27 16:35:00.069,216.96,0.138058545864,0.0,0
2018-05-27 16:35:00.242,217.64,0.138058545864,0.0,0
2018-05-27 16:35:00.335,218.43,0.138058545864,0.0,0
2018-05-27 16:35:00.521,219.32,0.138058545864,0.0,0
2018-05-27 16:35:00.698,220.18,0.138058545864,0.0,0
2018-05-27 16:35:00.791,219.73,0.138058545864,0.0,0
2018-05-27 16:35:00.884,220.35,0.138058545864,0.0,0
2018-05-27 16:35:01.046,221.89,0.138058545864,0.0,0
2018-05-27 16:35:01.129,220.29,0.138058545864,0.0,0
2018-05-27 16:35:01.223,222.24,0.138058545864,0.0,0
2018-05-27 16:35:01.399,221.66,0.138058545864,0.0,0
2018-05-27 16:35:01.493,223.0,0.138058545864,0.0,0
2018-05-27 16:35:01.511,223.31,0.138058545864,0.0,0
2018-05-27 16:35:01.679,222.26,0.138058545864,0.0,0
2018-05-27 16:35:01.772,222.73,0.138058545864,0.0,0
2018-05-27 16:35:01.865,223.13,0.138058545864,0.0,0
2018-05-27 16:35:02.027,224.54,0.138058545864,0.0,0
2018-05-27 16:35:02.120,224.55,0.138058545864,0.0,0
2018-05-27 16:35:02.213,224.04,0.138058545864,0.0,0
2018-05-27 16:35:02.399,224.43,0.138058545864,0.0,0
2018-05-27 16:35:02.669,224.54,0.138058545864,0.0,0
2018-05-27 16:35:02.846,225.88,0.138058545864,0.0,0
2018-05-27 16:35:03.008,224.86,0.138058545864,0.0,0
2018-05-27 16:35:03.194,225.49,0.138058545864,0.0,0
2018-05-27 16:35:03.371,224.54,0.138058545864,0.0,0
2018-05-27 16:35:03.641,226.06,0.138058545864,0.0,0
2018-05-27 16:35:03.743,226.13,0.138058545864,0.0,0
2018-05-27 16:35:03.836,226.85,0.138058545864,0.0,0
2018-05-27 16:35:03.930,227.11,0.138058545864,0.0,0
2018-05-27 16:35:04.185,226.36,0.138058545864,0.0,0
2018-05-27 16:35:04.371,226.16,0.138058545864,0.0,0
2018-05-27 16:35:04.548,228.48,0.138058545864,0.0,0
2018-05-27 16:35:04.631,227.52,0.138058545864,0.0,0
2018-05-27 16:35:04.724,228.22,0.138058545864,0.0,0
2018-05-27 16:35:05.324,228.25,0.138058545864,0.0,0
2018-05-27 16:35:05.510,229.38,0.138058545864,0.0,0
2018-05-27 16:35:05.603,230.11,0.138058545864,0.0,0
2018-05-27 16:35:05.696,230.68,0.138058545864,0.0,0
2018-05-27 16:35:05.789,230.36,0.138058545864,0.0,0
2018-05-27 16:35:05.883,230.65,0.138058545864,0.0,0
2018-05-27 16:35:06.044,230.4,0.138058545864,0.0,0
2018-05-27 16:35:06.314,228.08,0.138058545864,0.0,0
2018-05-27 16:35:06.491,226.0,0.138058545864,0.0,0
2018-05-27 16:35:06.584,224.92,0.138058545864,0.0,0
2018-05-27 16:35:06.864,223.8,0.138058545864,0.0,0
2018-05-27 16:35:07.193,220.08,0.138058545864,0.0,0
2018-05-27 16:35:07.286,219.67,0.138058545864,0.0,0
2018-05-27 16:35:07.463,218.48,0.138058545864,0.0,0
2018-05-27 16:35:07.733,214.77,0.138058545864,0.0,0
2018-05-27 16:35:07.826,213.75,0.138058545864,0.0,0
2018-05-27 16:35:08.081,212.3,0.138058545864,0.0,0
2018-05-27 16:35:08.267,212.76,0.138058545864,0.0,0
2018-05-27 16:35:08.444,211.32,0.138058545864,0.0,0
2018-05-27 16:35:08.625,211.83,0.138058545864,0.0,0
2018-05-27 16:35:08.714,209.35,0.138058545864,0.0,0
2018-05-27 16:35:08.799,210.31,0.138058545864,0.0,0
2018-05-27 16:35:08.891,209.1,0.138058545864,0.0,0
2018-05-27 16:35:09.053,210.29,0.138058545864,0.0,0
2018-05-27 16:35:09.146,207.64,0.138058545864,0.0,0
2018-05-27 16:35:09.239,208.28,0.138058545864,0.0,0
2018-05-27 16:35:09.332,206.54,0.138058545864,0.0,0
2018-05-27 16:35:09.425,208.39,0.138058545864,0.0,0
2018-05-27 16:35:09.509,207.88,0.138058545864,0.0,0
2018-05-27 16:35:09.695,207.03,0.138058545864,0.0,0
2018-05-27 16:35:09.881,206.32,0.138058545864,0.0,0
2018-05-27 16:35:10.043,206.97,0.138058545864,0.0,0
2018-05-27 16:35:10.136,206.71,0.138058545864,0.0,0
2018-05-27 16:35:10.229,208.16,0.138058545864,0.0,0
2018-05-27 16:35:10.406,206.83,0.138058545864,0.0,0
2018-05-27 16:35:10.592,206.23,0.138058545864,0.0,0
2018-05-27 16:35:10.685,208.85,0.138058545864,0.0,0
2018-05-27 16:35:10.779,207.03,0.138058545864,0.0,0
2018-05-27 16:35:10.872,209.09,0.138058545864,0.0,0
2018-05-27 16:35:11.033,207.95,0.138058545864,0.0,0
2018-05-27 16:35:11.127,209.56,0.138058545864,0.0,0
2018-05-27 16:35:11.220,207.51,0.138058545864,0.0,0
2018-05-27 16:35:11.313,210.13,0.138058545864,0.0,0
2018-05-27 16:35:11.396,209.78,0.138058545864,0.0,0
2018-05-27 16:35:11.490,208.65,0.138058545864,0.0,0
2018-05-27 16:35:11.676,209.7,0.138058545864,0.0,0
2018-05-27 16:35:11.769,210.23,0.138058545864,0.0,0
2018-05-27 16:35:12.024,210.81,0.138058545864,0.0,0
2018-05-27 16:35:12.117,212.64,0.138058545864,0.0,0
2018-05-27 16:35:12.303,213.37,0.138058545864,0.0,0
2018-05-27 16:35:12.480,213.49,0.138058545864,0.0,0
2018-05-27 16:35:12.564,214.44,0.138058545864,0.0,0
2018-05-27 16:35:12.657,213.69,0.138058545864,0.0,0
2018-05-27 16:35:12.750,214.23,0.138058545864,0.0,0
2018-05-27 16:35:13.098,214.56,0.138058545864,0.0,0
2018-05-27 16:35:13.275,214.66,0.138058545864,0.0,0
2018-05-27 16:35:13.722,211.49,0.138058545864,0.0,0
2018-05-27 16:35:13.903,208.48,0.138058545864,0.0,0
2018-05-27 16:35:14.060,209.2,0.138058545864,0.0,0
2018-05-27 16:35:14.330,207.76,0.138058545864,0.0,0
2018-05-27 16:35:14.702,206.19,0.138058545864,0.0,0
2018-05-27 16:35:14.786,206.06,0.138058545864,0.0,0
2018-05-27 16:35:14.879,205.41,0.138058545864,0.0,0
2018-05-27 16:35:15.041,205.57,0.138058545864,0.0,0
2018-05-27 16:35:15.134,205.66,0.138058545864,0.0,0
2018-05-27 16:35:15.413,204.85,0.138058545864,0.0,0
2018-05-27 16:35:15.497,205.08,0.138058545864,0.0,0
2018-05-27 16:35:15.674,206.34,0.138058545864,0.0,0
2018-05-27 16:35:15.860,206.33,0.138058545864,0.0,0
2018-05-27 16:35:16.022,205.01,0.138058545864,0.0,0
2018-05-27 16:35:16.115,204.35,0.138058545864,0.0,0
2018-05-27 16:35:16.301,205.24,0.138058545864,0.0,0
2018-05-27 16:35:16.394,206.64,0.138058545864,0.0,0
2018-05-27 16:35:16.478,206.67,0.138058545864,0.0,0
2018-05-27 16:35:16.655,206.04,0.138058545864,0.0,0
2018-05-27 16:35:17.282,207.03,0.138058545864,0.0,0
2018-05-27 16:35:17.459,208.91,0.138058545864,0.0,0
2018-05-27 16:35:17.552,207.53,0.138058545864,0.0,0
2018-05-27 16:35:17.645,209.24,0.138058545864,0.0,0
2018-05-27 16:35:17.739,207.91,0.138058545864,0.0,0
2018-05-27 16:35:17.832,209.61,0.138058545864,0.0,0
2018-05-27 16:35:17.925,208.25,0.138058545864,0.0,0
2018-05-27 16:35:18.180,208.58,0.138058545864,0.0,0
2018-05-27 16:35:18.273,210.23,0.138058545864,0.0,0
2018-05-27 16:35:18.450,209.98,0.138058545864,0.0,0
2018-05-27 16:35:18.636,210.83,0.138058545864,0.0,0
2018-05-27 16:35:18.729,211.54,0.138058545864,0.0,0
2018-05-27 16:35:18.915,212.1,0.138058545864,0.0,0
2018-05-27 16:35:19.077,214.15,0.138058545864,0.0,0
2018-05-27 16:35:19.263,213.49,0.138058545864,0.0,0
2018-05-27 16:35:19.347,213.42,0.138058545864,0.0,0
2018-05-27 16:35:19.626,215.38,0.138058545864,0.0,0
2018-05-27 16:35:19.812,215.51,0.138058545864,0.0,0
2018-05-27 16:35:20.412,217.56,0.138058545864,0.0,0
2018-05-27 16:35:20.505,219.2,0.138058545864,0.0,0
2018-05-27 16:35:20.598,217.52,0.138058545864,0.0,0
2018-05-27 16:35:20.784,219.5,0.138058545864,0.0,0
2018-05-27 16:35:20.877,220.26,0.138058545864,0.0,0
2018-05-27 16:35:21.039,218.17,0.138058545864,0.0,0
2018-05-27 16:35:21.225,220.56,0.138058545864,0.0,0
2018-05-27 16:35:21.318,220.25,0.138058545864,0.0,0
2018-05-27 16:35:21.495,221.52,0.138058545864,0.0,0
2018-05-27 16:35:21.588,219.69,0.138058545864,0.0,0
2018-05-27 16:35:21.681,220.47,0.138058545864,0.0,0
2018-05-27 16:35:21.774,222.29,0.138058545864,0.0,0
2018-05-27 16:35:21.867,222.6,0.138058545864,0.0,0
2018-05-27 16:35:22.029,221.46,0.138058545864,0.0,0
2018-05-27 16:35:22.122,221.41,0.138058545864,0.0,0
2018-05-27 16:35:22.215,222.26,0.138058545864,0.0,0
2018-05-27 16:35:22.309,224.05,0.138058545864,0.0,0
2018-05-27 16:35:22.402,223.92,0.138058545864,0.0,0
2018-05-27 16:35:22.495,223.37,0.138058545864,0.0,0
2018-05-27 16:35:22.588,222.54,0.138058545864,0.0,0
2018-05-27 16:35:22.681,223.86,0.138058545864,0.0,0
2018-05-27 16:35:22.867,225.27,0.138058545864,0.0,0
2018-05-27 16:35:23.122,225.14,0.138058545864,0.0,0
2018-05-27 16:35:23.215,224.11,0.138058545864,0.0,0
2018-05-27 16:35:23.392,225.94,0.138058545864,0.0,0
2018-05-27 16:35:23.652,224.65,0.138058545864,0.0,0
2018-05-27 16:35:23.839,225.25,0.138058545864,0.0,0
2018-05-27 16:35:24.094,226.1,0.138058545864,0.0,0
2018-05-27 16:35:24.177,225.13,0.138058545864,0.0,0
2018-05-27 16:35:24.363,226.61,0.138058545864,0.0,0
2018-05-27 16:35:24.541,225.73,0.138058545864,0.0,0
2018-05-27 16:35:24.633,226.14,0.138058545864,0.0,0
2018-05-27 16:35:24.820,227.97,0.138058545864,0.0,0
2018-05-27 16:35:24.913,228.17,0.138058545864,0.0,0
2018-05-27 16:35:25.065,226.25,0.138058545864,0.0,0
2018-05-27 16:35:25.251,227.11,0.138058545864,0.0,0
2018-05-27 16:35:25.428,226.85,0.138058545864,0.0,0
2018-05-27 16:35:25.605,228.49,0.138058545864,0.0,0
2018-05-27 16:35:25.782,228.2,0.138058545864,0.0,0
2018-05-27 16:35:25.875,228.52,0.138058545864,0.0,0
2018-05-27 16:35:26.493,228.85,0.138058545864,0.0,0
2018-05-27 16:35:26.670,230.2,0.138058545864,0.0,0
2018-05-27 16:35:27.018,230.15,0.138058545864,0.0,0
2018-05-27 16:35:27.111,230.42,0.138058545864,0.0,0
2018-05-27 16:35:27.297,229.77,0.138058545864,0.0,0
2018-05-27 16:35:27.474,230.3,0.138058545864,0.0,0
2018-05-27 16:35:27.921,224.15,0.138058545864,0.0,0
2018-05-27 16:35:28.083,223.16,0.138058545864,0.0,0
2018-05-27 16:35:28.353,220.99,0.138058545864,0.0,0
2018-05-27 16:35:28.446,220.15,0.138058545864,0.0,0
2018-05-27 16:35:28.539,220.33,0.138058545864,0.0,0
2018-05-27 16:35:28.632,217.6,0.138058545864,0.0,0
2018-05-27 16:35:28.818,217.8,0.138058545864,0.0,0
2018-05-27 16:35:29.436,211.74,0.138058545864,0.0,0
2018-05-27 16:35:29.529,212.02,0.138058545864,0.0,0
2018-05-27 16:35:29.715,210.77,0.138058545864,0.0,0
2018-05-27 16:35:30.510,209.01,0.138058545864,0.0,0
2018-05-27 16:35:30.697,209.91,0.138058545864,0.0,0
2018-05-27 16:35:30.883,209.27,0.138058545864,0.0,0
2018-05-27 16:35:31.045,211.06,0.138058545864,0.0,0
2018-05-27 16:35:31.398,209.9,0.138058545864,0.0,0
2018-05-27 16:35:31.491,210.54,0.138058545864,0.0,0
2018-05-27 16:35:31.678,212.0,0.138058545864,0.0,0
2018-05-27 16:35:31.864,212.81,0.138058545864,0.0,0
2018-05-27 16:35:32.202,211.18,0.138058545864,0.0,0
2018-05-27 16:35:32.826,213.85,0.138058545864,0.0,0
2018-05-27 16:35:33.081,214.75,0.138058545864,0.0,0
2018-05-27 16:35:33.174,216.02,0.138058545864,0.0,0
2018-05-27 16:35:33.360,215.97,0.138058545864,0.0,0
2018-05-27 16:35:33.453,217.26,0.138058545864,0.0,0
2018-05-27 16:35:33.547,216.95,0.138058545864,0.0,0
2018-05-27 16:35:33.640,216.84,0.138058545864,0.0,0
2018-05-27 16:35:33.733,218.22,0.138058545864,0.0,0
2018-05-27 16:35:33.910,219.07,0.138058545864,0.0,0
2018-05-27 16:35:34.341,218.03,0.138058545864,0.0,0
2018-05-27 16:35:34.434,218.52,0.138058545864,0.0,0
2018-05-27 16:35:34.621,216.8,0.138058545864,0.0,0
2018-05-27 16:35:34.881,214.65,0.138058545864,0.0,0
2018-05-27 16:35:35.136,215.42,0.138058545864,0.0,0
2018-05-27 16:35:35.229,213.14,0.138058545864,0.0,0
2018-05-27 16:35:35.416,212.31,0.138058545864,0.0,0
2018-05-27 16:35:35.499,212.07,0.138058545864,0.0,0
2018-05-27 16:35:35.686,211.77,0.138058545864,0.0,0
2018-05-27 16:35:35.779,209.67,0.138058545864,0.0,0
2018-05-27 16:35:36.127,210.19,0.138058545864,0.0,0
2018-05-27 16:35:36.220,208.69,0.138058545864,0.0,0
2018-05-27 16:35:36.313,209.33,0.138058545864,0.0,0
2018-05-27 16:35:36.490,210.36,0.138058545864,0.0,0
2018-05-27 16:35:36.583,208.74,0.138058545864,0.0,0
2018-05-27 16:35:36.676,209.51,0.138058545864,0.0,0
2018-05-27 16:35:36.769,208.47,0.138058545864,0.0,0
2018-05-27 16:35:37.117,210.16,0.138058545864,0.0,0
2018-05-27 16:35:37.303,210.38,0.138058545864,0.0,0
2018-05-27 16:35:37.387,210.51,0.138058545864,0.0,0
2018-05-27 16:35:37.480,208.84,0.138058545864,0.0,0
2018-05-27 16:35:37.666,209.3,0.138058545864,0.0,0
2018-05-27 16:35:37.852,210.05,0.138058545864,0.0,0
2018-05-27 16:35:38.014,210.34,0.138058545864,0.0,0
2018-05-27 16:35:38.107,211.72,0.138058545864,0.0,0
2018-05-27 16:35:38.200,210.66,0.138058545864,0.0,0
2018-05-27 16:35:38.294,212.09,0.138058545864,0.0,0
2018-05-27 16:35:38.387,210.71,0.138058545864,0.0,0
2018-05-27 16:35:38.554,210.98,0.138058545864,0.0,0
2018-05-27 16:35:38.647,211.63,0.138058545864,0.0,0
2018-05-27 16:35:38.927,213.35,0.138058545864,0.0,0
2018-05-27 16:35:39.088,212.25,0.138058545864,0.0,0
2018-05-27 16:35:39.358,214.55,0.138058545864,0.0,0
2018-05-27 16:35:39.545,214.54,0.138058545864,0.0,0
2018-05-27 16:35:39.628,215.02,0.138058545864,0.0,0
2018-05-27 16:35:39.721,216.48,0.138058545864,0.0,0
2018-05-27 16:35:39.815,215.4,0.138058545864,0.0,0
2018-05-27 16:35:39.908,215.73,0.138058545864,0.0,0
2018-05-27 16:35:40.163,216.72,0.138058545864,0.0,0
2018-05-27 16:35:40.246,218.19,0.138058545864,0.0,0
2018-05-27 16:35:40.339,216.68,0.138058545864,0.0,0
2018-05-27 16:35:40.423,217.6,0.138058545864,0.0,0
2018-05-27 16:35:40.507,218.9,0.138058545864,0.0,0
2018-05-27 16:35:40.600,217.83,0.138058545864,0.0,0
2018-05-27 16:35:40.693,217.21,0.138058545864,0.0,0
2018-05-27 16:35:40.786,217.59,0.138058545864,0.0,0
2018-05-27 16:35:40.879,219.07,0.138058545864,0.0,0
2018-05-27 16:35:41.032,218.63,0.138058545864,0.0,0
2018-05-27 16:35:41.125,219.24,0.138058545864,0.0,0
2018-05-27 16:35:41.218,218.72,0.138058545864,0.0,0
2018-05-27 16:35:41.395,219.11,0.138058545864,0.0,0
2018-05-27 16:35:41.488,219.26,0.138058545864,0.0,0
2018-05-27 16:35:41.581,221.04,0.138058545864,0.0,0
2018-05-27 16:35:41.674,220.67,0.138058545864,0.0,0
2018-05-27 16:35:41.767,220.15,0.138058545864,0.0,0
2018-05-27 16:35:42.013,220.85,0.138058545864,0.0,0
2018-05-27 16:35:42.106,220.91,0.138058545864,0.0,0
2018-05-27 16:35:42.199,221.48,0.138058545864,0.0,0
2018-05-27 16:35:42.292,223.13,0.138058545864,0.0,0
2018-05-27 16:35:42.469,222.43,0.138058545864,0.0,0
2018-05-27 16:35:42.553,222.27,0.138058545864,0.0,0
2018-05-27 16:35:42.637,223.34,0.138058545864,0.0,0
2018-05-27 16:35:42.730,222.66,0.138058545864,0.0,0
2018-05-27 16:35:42.823,223.02,0.138058545864,0.0,0
2018-05-27 16:35:43.078,224.18,0.138058545864,0.0,0
2018-05-27 16:35:43.264,225.11,0.138058545864,0.0,0
2018-05-27 16:35:43.441,226.24,0.138058545864,0.0,0
2018-05-27 16:35:43.525,224.84,0.138058545864,0.0,0
2018-05-27 16:35:43.618,224.86,0.138058545864,0.0,0
2018-05-27 16:35:43.711,225.81,0.138058545864,0.0,0
2018-05-27 16:35:43.804,226.9,0.138058545864,0.0,0
2018-05-27 16:35:44.054,225.23,0.138058545864,0.0,0
2018-05-27 16:35:44.143,225.27,0.138058545864,0.0,0
2018-05-27 16:35:44.580,226.49,0.138058545864,0.0,0
2018-05-27 16:35:44.673,227.88,0.138058545864,0.0,0
2018-05-27 16:35:45.021,228.43,0.138058545864,0.0,0
2018-05-27 16:35:45.291,228.83,0.138058545864,0.0,0
2018-05-27 16:35:45.552,228.74,0.138058545864,0.0,0
2018-05-27 16:35:45.645,229.52,0.138058545864,0.0,0
2018-05-27 16:35:45.738,228.7,0.138058545864,0.0,0
2018-05-27 16:35:45.831,228.99,0.138058545864,0.0,0
2018-05-27 16:35:46.077,230.26,0.138058545864,0.0,0
2018-05-27 16:35:46.263,229.9,0.138058545864,0.0,0
2018-05-27 16:35:46.356,231.07,0.138058545864,0.0,0
2018-05-27 16:35:46.533,229.96,0.138058545864,0.0,0
2018-05-27 16:35:46.626,229.42,0.138058545864,0.0,0
2018-05-27 16:35:46.720,229.8,0.138058545864,0.0,0
2018-05-27 16:35:46.905,230.06,0.138058545864,0.0,0
2018-05-27 16:35:47.067,230.54,0.138058545864,0.0,0
2018-05-27 16:35:47.253,231.24,0.138058545864,0.0,0
2018-05-27 16:35:47.346,231.32,0.138058545864,0.0,0
2018-05-27 16:35:47.430,231.87,0.138058545864,0.0,0
2018-05-27 16:35:47.617,232.22,0.138058545864,0.0,0
2018-05-27 16:35:47.793,231.11,0.138058545864,0.0,0
2018-05-27 16:35:47.877,232.96,0.138058545864,0.0,0
2018-05-27 16:35:48.039,232.04,0.138058545864,0.0,0
2018-05-27 16:35:48.226,228.82,0.138058545864,0.0,0
2018-05-27 16:35:48.309,227.63,0.138058545864,0.0,0
2018-05-27 16:35:48.397,226.18,0.138058545864,0.0,0
2018-05-27 16:35:48.486,225.12,0.138058545864,0.0,0
2018-05-27 16:35:48.579,223.84,0.138058545864,0.0,0
2018-05-27 16:35:49.011,221.6,0.138058545864,0.0,0
2018-05-27 16:35:49.364,217.65,0.138058545864,0.0,0
2018-05-27 16:35:49.457,215.23,0.138058545864,0.0,0
2018-05-27 16:35:49.737,212.13,0.138058545864,0.0,0
2018-05-27 16:35:49.923,211.55,0.138058545864,0.0,0
2018-05-27 16:35:50.169,209.85,0.138058545864,0.0,0
2018-05-27 16:35:50.262,210.51,0.138058545864,0.0,0
2018-05-27 16:35:50.355,208.77,0.138058545864,0.0,0
2018-05-27 16:35:50.439,208.12,0.138058545864,0.0,0
2018-05-27 16:35:50.532,208.67,0.138058545864,0.0,0
2018-05-27 16:35:50.709,208.18,0.138058545864,0.0,0
2018-05-27 16:35:50.802,208.81,0.138058545864,0.0,0
2018-05-27 16:35:50.895,207.49,0.138058545864,0.0,0
2018-05-27 16:35:51.224,208.3,0.138058545864,0.0,0
2018-05-27 16:35:51.317,205.97,0.138058545864,0.0,0
2018-05-27 16:35:51.401,206.81,0.138058545864,0.0,0
2018-05-27 16:35:51.578,208.13,0.138058545864,0.0,0
2018-05-27 16:35:51.764,209.34,0.138058545864,0.0,0
2018-05-27 16:35:51.857,206.37,0.138058545864,0.0,0
2018-05-27 16:35:52.019,209.45,0.138058545864,0.0,0
2018-05-27 16:35:52.112,206.85,0.138058545864,0.0,0
2018-05-27 16:35:52.298,206.87,0.138058545864,0.0,0
2018-05-27 16:35:52.391,209.47,0.138058545864,0.0,0
2018-05-27 16:35:52.475,209.43,0.138058545864,0.0,0
2018-05-27 16:35:52.568,208.04,0.138058545864,0.0,0
2018-05-27 16:35:52.754,208.24,0.138058545864,0.0,0
2018-05-27 16:35:52.848,208.88,0.138058545864,0.0,0
2018-05-27 16:35:53.009,208.8,0.138058545864,0.0,0
2018-05-27 16:35:53.186,209.22,0.138058545864,0.0,0
2018-05-27 16:35:53.270,209.94,0.138058545864,0.0,0
2018-05-27 16:35:53.354,209.94,0.138058545864,0.0,0
2018-05-27 16:35:53.447,211.25,0.138058545864,0.0,0
2018-05-27 16:35:53.540,210.07,0.138058545864,0.0,0
2018-05-27 16:35:53.633,212.28,0.138058545864,0.0,0
2018-05-27 16:35:53.726,211.47,0.138058545864,0.0,0
2018-05-27 16:35:53.819,211.96,0.138058545864,0.0,0
2018-05-27 16:35:53.912,212.9,0.138058545864,0.0,0
2018-05-27 16:35:54.074,212.91,0.138058545864,0.0,0
2018-05-27 16:35:54.260,213.35,0.138058545864,0.0,0
2018-05-27 16:35:54.344,214.4,0.138058545864,0.0,0
2018-05-27 16:35:54.437,213.92,0.138058545864,0.0,0
2018-05-27 16:35:54.530,216.38,0.138058545864,0.0,0
2018-05-27 16:35:54.623,215.89,0.138058545864,0.0,0
2018-05-27 16:35:54.716,215.72,0.138058545864,0.0,0
2018-05-27 16:35:54.810,216.71,0.138058545864,0.0,0
2018-05-27 16:35:55.064,215.53,0.138058545864,0.0,0
2018-05-27 16:35:55.158,216.08,0.138058545864,0.0,0
2018-05-27 16:35:55.614,209.62,0.138058545864,0.0,0
2018-05-27 16:35:55.707,210.72,0.138058545864,0.0,0
2018-05-27 16:35:55.893,208.76,0.138058545864,0.0,0
2018-05-27 16:35:56.050,207.96,0.138058545864,0.0,0
2018-05-27 16:35:56.139,208.24,0.138058545864,0.0,0
2018-05-27 16:35:56.586,206.56,0.138058545864,0.0,0
2018-05-27 16:35:56.679,206.59,0.138058545864,0.0,0
2018-05-27 16:35:56.772,206.34,0.138058545864,0.0,0
2018-05-27 16:35:57.027,208.2,0.138058545864,0.0,0
2018-05-27 16:35:57.110,207.8,0.138058545864,0.0,0
2018-05-27 16:35:57.203,205.06,0.138058545864,0.0,0
2018-05-27 16:35:57.297,207.72,0.138058545864,0.0,0
2018-05-27 16:35:57.567,207.45,0.138058545864,0.0,0
2018-05-27 16:35:57.660,206.76,0.138058545864,0.0,0
2018-05-27 16:35:57.753,208.45,0.138058545864,0.0,0
2018-05-27 16:35:57.930,207.54,0.138058545864,0.0,0
2018-05-27 16:35:58.091,208.79,0.138058545864,0.0,0
2018-05-27 16:35:58.175,208.67,0.138058545864,0.0,0
2018-05-27 16:35:58.268,207.65,0.138058545864,0.0,0
2018-05-27 16:35:58.361,209.15,0.138058545864,0.0,0
2018-05-27 16:35:58.445,209.18,0.138058545864,0.0,0
2018-05-27 16:35:58.632,209.48,0.138058545864,0.0,0
2018-05-27 16:35:58.715,209.91,0.138058545864,0.0,0
2018-05-27 16:35:58.901,210.16,0.138058545864,0.0,0
2018-05-27 16:35:59.063,209.14,0.138058545864,0.0,0
2018-05-27 16:35:59.156,209.62,0.138058545864,0.0,0
2018-05-27 16:35:59.249,208.96,0.138058545864,0.0,0
2018-05-27 16:35:59.426,209.52,0.138058545864,0.0,0
2018-05-27 16:35:59.520,211.34,0.138058545864,0.0,0
2018-05-27 16:35:59.608,211.11,0.138058545864,0.0,0
2018-05-27 16:35:59.696,210.23,0.138058545864,0.0,0
2018-05-27 16:35:59.780,210.42,0.138058545864,0.0,0
2018-05-27 16:35:59.873,212.0,0.138058545864,0.0,0
2018-05-27 16:36:00.035,210.59,0.138058545864,0.0,0
2018-05-27 16:36:00.128,211.75,0.138058545864,0.0,0
2018-05-27 16:36:00.221,213.35,0.138058545864,0.0,0
2018-05-27 16:36:00.314,212.57,0.138058545864,0.0,0
2018-05-27 16:36:00.407,213.9,0.138058545864,0.0,0
2018-05-27 16:36:00.491,213.76,0.138058545864,0.0,0
2018-05-27 16:36:00.584,213.92,0.138058545864,0.0,0
2018-05-27 16:36:00.677,214.11,0.138058545864,0.0,0
2018-05-27 16:36:00.771,215.48,0.138058545864,0.0,0
2018-05-27 16:36:00.864,214.22,0.138058545864,0.0,0
2018-05-27 16:36:01.118,216.97,0.138058545864,0.0,0
2018-05-27 16:36:01.212,215.33,0.138058545864,0.0,0
2018-05-27 16:36:01.305,215.78,0.138058545864,0.0,0
2018-05-27 16:36:01.388,216.19,0.138058545864,0.0,0
2018-05-27 16:36:01.575,218.29,0.138058545864,0.0,0
2018-05-27 16:36:01.668,217.83,0.138058545864,0.0,0
2018-05-27 16:36:01.761,217.34,0.138058545864,0.0,0
2018-05-27 16:36:02.016,218.36,0.138058545864,0.0,0
2018-05-27 16:36:02.202,218.58,0.138058545864,0.0,0
2018-05-27 16:36:02.379,219.74,0.138058545864,0.0,0
2018-05-27 16:36:02.565,219.72,0.138058545864,0.0,0
2018-05-27 16:36:02.751,220.67,0.138058545864,0.0,0
2018-05-27 16:36:02.844,221.92,0.138058545864,0.0,0
2018-05-27 16:36:03.006,220.86,0.138058545864,0.0,0
2018-05-27 16:36:03.099,220.99,0.138058545864,0.0,0
2018-05-27 16:36:03.192,221.37,0.138058545864,0.0,0
2018-05-27 16:36:03.286,223.34,0.138058545864,0.0,0
2018-05-27 16:36:03.369,222.02,0.138058545864,0.0,0
2018-05-27 16:36:03.462,222.79,0.138058545864,0.0,0
2018-05-27 16:36:03.546,222.11,0.138058545864,0.0,0
2018-05-27 16:36:03.732,223.6,0.138058545864,0.0,0
2018-05-27 16:36:03.825,224.35,0.138058545864,0.0,0
2018-05-27 16:36:03.919,224.61,0.138058545864,0.0,0
2018-05-27 16:36:04.081,223.61,0.138058545864,0.0,0
2018-05-27 16:36:04.257,225.29,0.138058545864,0.0,0
2018-05-27 16:36:04.347,224.95,0.138058545864,0.0,0
2018-05-27 16:36:04.434,226.24,0.138058545864,0.0,0
2018-05-27 16:36:04.527,226.21,0.138058545864,0.0,0
2018-05-27 16:36:04.620,225.4,0.138058545864,0.0,0
2018-05-27 16:36:04.807,224.27,0.138058545864,0.0,0
2018-05-27 16:36:05.145,226.38,0.138058545864,0.0,0
2018-05-27 16:36:05.238,225.74,0.138058545864,0.0,0
2018-05-27 16:36:05.425,226.69,0.138058545864,0.0,0
2018-05-27 16:36:05.518,226.89,0.138058545864,0.0,0
2018-05-27 16:36:05.704,228.2,0.138058545864,0.0,0
2018-05-27 16:36:05.885,227.33,0.138058545864,0.0,0
2018-05-27 16:36:06.042,227.13,0.138058545864,0.0,0
2018-05-27 16:36:06.126,228.38,0.138058545864,0.0,0
2018-05-27 16:36:06.219,227.73,0.138058545864,0.0,0
2018-05-27 16:36:06.312,228.08,0.138058545864,0.0,0
2018-05-27 16:36:07.014,229.34,0.138058545864,0.0,0
2018-05-27 16:36:07.452,230.15,0.138058545864,0.0,0
2018-05-27 16:36:07.555,231.38,0.138058545864,0.0,0
2018-05-27 16:36:07.641,230.67,0.138058545864,0.0,0
2018-05-27 16:36:08.073,232.71,0.138058545864,0.0,0
2018-05-27 16:36:08.628,232.49,0.138058545864,0.0,0
2018-05-27 16:36:08.908,231.95,0.138058545864,0.0,0
2018-05-27 16:36:09.163,229.64,0.138058545864,0.0,0
2018-05-27 16:36:09.331,228.97,0.138058545864,0.0,0
2018-05-27 16:36:09.610,226.61,0.138058545864,0.0,0
2018-05-27 16:36:09.703,225.34,0.138058545864,0.0,0
2018-05-27 16:36:09.791,223.91,0.138058545864,0.0,0
2018-05-27 16:36:10.125,221.06,0.138058545864,0.0,0
2018-05-27 16:36:10.218,221.22,0.138058545864,0.0,0
2018-05-27 16:36:10.489,216.79,0.138058545864,0.0,0
2018-05-27 16:36:10.582,215.63,0.138058545864,0.0,0
2018-05-27 16:36:11.292,211.27,0.138058545864,0.0,0
2018-05-27 16:36:11.376,209.89,0.138058545864,0.0,0
2018-05-27 16:36:11.823,209.26,0.138058545864,0.0,0
2018-05-27 16:36:11.917,207.3,0.138058545864,0.0,0
2018-05-27 16:36:12.078,207.75,0.138058545864,0.0,0
2018-05-27 16:36:12.171,205.61,0.138058545864,0.0,0
2018-05-27 16:36:12.441,203.4,0.138058545864,0.0,0
2018-05-27 16:36:12.720,201.87,0.138058545864,0.0,0
2018-05-27 16:36:12.814,203.53,0.138058545864,0.0,0
2018-05-27 16:36:12.907,202.26,0.138058545864,0.0,0
2018-05-27 16:36:13.068,201.74,0.138058545864,0.0,0
2018-05-27 16:36:13.162,202.04,0.138058545864,0.0,0
2018-05-27 16:36:13.255,200.16,0.138058545864,0.0,0
2018-05-27 16:36:13.339,200.78,0.138058545864,0.0,0
2018-05-27 16:36:13.711,202.01,0.138058545864,0.0,0
2018-05-27 16:36:14.329,202.71,0.138058545864,0.0,0
2018-05-27 16:36:14.515,204.82,0.138058545864,0.0,0
2018-05-27 16:36:14.608,205.39,0.138058545864,0.0,0
2018-05-27 16:36:14.701,205.15,0.138058545864,0.0,0
2018-05-27 16:36:14.794,205.92,0.138058545864,0.0,0
2018-05-27 16:36:15.217,207.35,0.138058545864,0.0,0
2018-05-27 16:36:15.487,209.36,0.138058545864,0.0,0
2018-05-27 16:36:15.580,209.3,0.138058545864,0.0,0
2018-05-27 16:36:15.673,210.92,0.138058545864,0.0,0
2018-05-27 16:36:15.757,210.94,0.138058545864,0.0,0
2018-05-27 16:36:15.850,210.66,0.138058545864,0.0,0
2018-05-27 16:36:16.012,211.45,0.138058545864,0.0,0
2018-05-27 16:36:16.105,210.26,0.138058545864,0.0,0
2018-05-27 16:36:16.468,211.8,0.138058545864,0.0,0
2018-05-27 16:36:16.738,210.62,0.138058545864,0.0,0
2018-05-27 16:36:16.822,211.51,0.138058545864,0.0,0
2018-05-27 16:36:16.915,210.16,0.138058545864,0.0,0
2018-05-27 16:36:17.263,210.88,0.138058545864,0.0,0
2018-05-27 16:36:17.626,206.54,0.138058545864,0.0,0
2018-05-27 16:36:18.067,206.72,0.138058545864,0.0,0
2018-05-27 16:36:18.337,203.93,0.138058545864,0.0,0
2018-05-27 16:36:18.430,203.99,0.138058545864,0.0,0
2018-05-27 16:36:18.523,203.72,0.138058545864,0.0,0
2018-05-27 16:36:18.616,202.67,0.138058545864,0.0,0
2018-05-27 16:36:18.709,203.39,0.138058545864,0.0,0
2018-05-27 16:36:18.803,201.96,0.138058545864,0.0,0
2018-05-27 16:36:18.896,201.68,0.138058545864,0.0,0
2018-05-27 16:36:19.057,203.69,0.138058545864,0.0,0
2018-05-27 16:36:19.150,202.97,0.138058545864,0.0,0
2018-05-27 16:36:19.244,203.95,0.138058545864,0.0,0
2018-05-27 16:36:19.430,202.34,0.138058545864,0.0,0
2018-05-27 16:36:19.514,202.63,0.138058545864,0.0,0
2018-05-27 16:36:19.607,204.9,0.138058545864,0.0,0
2018-05-27 16:36:19.700,203.06,0.138058545864,0.0,0
2018-05-27 16:36:19.793,204.19,0.138058545864,0.0,0
2018-05-27 16:36:19.886,204.69,0.138058545864,0.0,0
2018-05-27 16:36:20.043,205.58,0.138058545864,0.0,0
2018-05-27 16:36:20.132,204.58,0.138058545864,0.0,0
2018-05-27 16:36:20.215,204.3,0.138058545864,0.0,0
2018-05-27 16:36:20.299,204.23,0.138058545864,0.0,0
2018-05-27 16:36:20.392,206.11,0.138058545864,0.0,0
2018-05-27 16:36:20.476,206.82,0.138058545864,0.0,0
2018-05-27 16:36:20.569,205.63,0.138058545864,0.0,0
2018-05-27 16:36:20.662,206.31,0.138058545864,0.0,0
2018-05-27 16:36:20.755,205.92,0.138058545864,0.0,0
2018-05-27 16:36:21.187,208.43,0.138058545864,0.0,0
2018-05-27 16:36:21.373,209.96,0.138058545864,0.0,0
2018-05-27 16:36:21.541,211.13,0.138058545864,0.0,0
2018-05-27 16:36:21.718,209.78,0.138058545864,0.0,0
2018-05-27 16:36:21.814,212.0,0.138058545864,0.0,0
2018-05-27 16:36:21.904,210.89,0.138058545864,0.0,0
2018-05-27 16:36:22.066,211.41,0.138058545864,0.0,0
2018-05-27 16:36:22.159,212.25,0.138058545864,0.0,0
2018-05-27 16:36:22.345,213.28,0.138058545864,0.0,0
2018-05-27 16:36:22.429,213.12,0.138058545864,0.0,0
2018-05-27 16:36:22.522,213.71,0.138058545864,0.0,0
2018-05-27 16:36:22.615,213.26,0.138058545864,0.0,0
2018-05-27 16:36:22.708,214.84,0.138058545864,0.0,0
2018-05-27 16:36:22.894,214.55,0.138058545864,0.0,0
2018-05-27 16:36:23.056,216.12,0.138058545864,0.0,0
2018-05-27 16:36:23.149,214.81,0.138058545864,0.0,0
2018-05-27 16:36:23.242,216.13,0.138058545864,0.0,0
2018-05-27 16:36:23.336,217.09,0.138058545864,0.0,0
2018-05-27 16:36:23.429,216.7,0.138058545864,0.0,0
2018-05-27 16:36:23.512,218.22,0.138058545864,0.0,0
2018-05-27 16:36:23.791,218.48,0.138058545864,0.0,0
2018-05-27 16:36:24.042,218.99,0.138058545864,0.0,0
2018-05-27 16:36:24.130,217.58,0.138058545864,0.0,0
2018-05-27 16:36:24.215,219.77,0.138058545864,0.0,0
2018-05-27 16:36:24.298,219.72,0.138058545864,0.0,0
2018-05-27 16:36:24.382,218.34,0.138058545864,0.0,0
2018-05-27 16:36:24.475,220.44,0.138058545864,0.0,0
2018-05-27 16:36:24.568,221.2,0.138058545864,0.0,0
2018-05-27 16:36:24.661,219.89,0.138058545864,0.0,0
2018-05-27 16:36:24.754,219.89,0.138058545864,0.0,0
2018-05-27 16:36:24.847,222.03,0.138058545864,0.0,0
2018-05-27 16:36:25.009,221.19,0.138058545864,0.0,0
2018-05-27 16:36:25.103,220.65,0.138058545864,0.0,0
2018-05-27 16:36:25.368,223.5,0.138058545864,0.0,0
2018-05-27 16:36:25.539,222.71,0.138058545864,0.0,0
2018-05-27 16:36:25.633,223.9,0.138058545864,0.0,0
2018-05-27 16:36:25.726,224.56,0.138058545864,0.0,0
2018-05-27 16:36:25.819,223.3,0.138058545864,0.0,0
2018-05-27 16:36:26.064,224.51,0.138058545864,0.0,0
2018-05-27 16:36:26.158,224.28,0.138058545864,0.0,0
2018-05-27 16:36:26.251,223.65,0.138058545864,0.0,0
2018-05-27 16:36:26.344,225.1,0.138058545864,0.0,0
2018-05-27 16:36:26.791,227.03,0.138058545864,0.0,0
2018-05-27 16:36:27.129,227.38,0.138058545864,0.0,0
2018-05-27 16:36:27.306,226.59,0.138058545864,0.0,0
2018-05-27 16:36:27.390,226.55,0.138058545864,0.0,0
2018-05-27 16:36:27.483,226.56,0.138058545864,0.0,0
2018-05-27 16:36:27.576,226.83,0.138058545864,0.0,0
2018-05-27 16:36:27.669,227.64,0.138058545864,0.0,0
2018-05-27 16:36:28.296,229.71,0.138058545864,0.0,0
2018-05-27 16:36:28.566,229.06,0.138058545864,0.0,0
2018-05-27 16:36:28.660,229.79,0.138058545864,0.0,0
2018-05-27 16:36:28.753,229.95,0.138058545864,0.0,0
2018-05-27 16:36:28.846,229.85,0.138058545864,0.0,0
2018-05-27 16:36:29.194,230.67,0.138058545864,0.0,0
2018-05-27 16:36:29.650,230.79,0.138058545864,0.0,0
2018-05-27 16:36:29.836,231.0,0.138058545864,0.0,0
2018-05-27 16:36:29.929,230.61,0.138058545864,0.0,0
2018-05-27 16:36:30.091,229.95,0.138058545864,0.0,0
2018-05-27 16:36:30.277,227.42,0.138058545864,0.0,0
2018-05-27 16:36:30.817,223.84,0.138058545864,0.0,0
2018-05-27 16:36:31.072,220.76,0.138058545864,0.0,0
2018-05-27 16:36:31.435,217.42,0.138058545864,0.0,0
2018-05-27 16:36:31.621,215.44,0.138058545864,0.0,0
2018-05-27 16:36:31.808,213.2,0.138058545864,0.0,0
2018-05-27 16:36:31.901,213.89,0.138058545864,0.0,0
2018-05-27 16:36:32.156,211.03,0.138058545864,0.0,0
2018-05-27 16:36:32.332,210.34,0.138058545864,0.0,0
2018-05-27 16:36:32.612,205.71,0.138058545864,0.0,0
2018-05-27 16:36:32.705,206.5,0.138058545864,0.0,0
2018-05-27 16:36:32.891,203.9,0.138058545864,0.0,0
2018-05-27 16:36:33.141,205.74,0.138058545864,0.0,0
2018-05-27 16:36:33.230,204.03,0.138058545864,0.0,0
2018-05-27 16:36:33.323,205.53,0.138058545864,0.0,0
2018-05-27 16:36:33.416,203.73,0.138058545864,0.0,0
2018-05-27 16:36:33.509,205.28,0.138058545864,0.0,0
2018-05-27 16:36:33.602,205.21,0.138058545864,0.0,0
2018-05-27 16:36:33.780,205.01,0.138058545864,0.0,0
2018-05-27 16:36:33.878,207.02,0.138058545864,0.0,0
2018-05-27 16:36:34.034,205.23,0.138058545864,0.0,0
2018-05-27 16:36:34.118,205.56,0.138058545864,0.0,0
2018-05-27 16:36:34.211,207.33,0.138058545864,0.0,0
2018-05-27 16:36:34.397,207.61,0.138058545864,0.0,0
2018-05-27 16:36:34.574,206.62,0.138058545864,0.0,0
2018-05-27 16:36:34.760,206.4,0.138058545864,0.0,0
2018-05-27 16:36:34.844,206.71,0.138058545864,0.0,0
2018-05-27 16:36:35.006,207.84,0.138058545864,0.0,0
2018-05-27 16:36:35.099,206.91,0.138058545864,0.0,0
2018-05-27 16:36:35.285,207.66,0.138058545864,0.0,0
2018-05-27 16:36:35.462,209.93,0.138058545864,0.0,0
2018-05-27 16:36:35.648,210.92,0.138058545864,0.0,0
2018-05-27 16:36:35.732,211.1,0.138058545864,0.0,0
2018-05-27 16:36:35.825,209.56,0.138058545864,0.0,0
2018-05-27 16:36:36.080,211.59,0.138058545864,0.0,0
2018-05-27 16:36:36.173,211.84,0.138058545864,0.0,0
2018-05-27 16:36:36.266,213.08,0.138058545864,0.0,0
2018-05-27 16:36:36.359,212.59,0.138058545864,0.0,0
2018-05-27 16:36:36.443,212.72,0.138058545864,0.0,0
2018-05-27 16:36:36.536,213.59,0.138058545864,0.0,0
2018-05-27 16:36:36.620,213.0,0.138058545864,0.0,0
2018-05-27 16:36:36.713,215.5,0.138058545864,0.0,0
2018-05-27 16:36:36.806,213.68,0.138058545864,0.0,0
2018-05-27 16:36:36.899,214.8,0.138058545864,0.0,0
2018-05-27 16:36:37.331,213.04,0.138058545864,0.0,0
2018-05-27 16:36:37.703,209.77,0.138058545864,0.0,0
2018-05-27 16:36:37.797,210.56,0.138058545864,0.0,0
2018-05-27 16:36:37.890,207.15,0.138058545864,0.0,0
2018-05-27 16:36:38.238,208.02,0.138058545864,0.0,0
2018-05-27 16:36:38.601,205.59,0.138058545864,0.0,0
2018-05-27 16:36:38.880,206.34,0.138058545864,0.0,0
2018-05-27 16:36:39.037,206.31,0.138058545864,0.0,0
2018-05-27 16:36:39.126,206.33,0.138058545864,0.0,0
2018-05-27 16:36:39.303,205.06,0.138058545864,0.0,0
2018-05-27 16:36:39.386,204.47,0.138058545864,0.0,0
2018-05-27 16:36:39.479,206.63,0.138058545864,0.0,0
2018-05-27 16:36:39.572,204.85,0.138058545864,0.0,0
2018-05-27 16:36:39.666,206.7,0.138058545864,0.0,0
2018-05-27 16:36:39.759,205.73,0.138058545864,0.0,0
2018-05-27 16:36:40.014,205.4,0.138058545864,0.0,0
2018-05-27 16:36:40.200,206.3,0.138058545864,0.0,0
2018-05-27 16:36:40.285,206.39,0.138058545864,0.0,0
2018-05-27 16:36:40.367,206.69,0.138058545864,0.0,0
2018-05-27 16:36:40.554,206.8,0.138058545864,0.0,0
2018-05-27 16:36:40.647,206.55,0.138058545864,0.0,0
2018-05-27 16:36:41.004,207.53,0.138058545864,0.0,0
2018-05-27 16:36:41.097,209.08,0.138058545864,0.0,0
2018-05-27 16:36:41.190,207.99,0.138058545864,0.0,0
2018-05-27 16:36:41.360,207.98,0.138058545864,0.0,0
2018-05-27 16:36:41.451,208.83,0.138058545864,0.0,0
2018-05-27 16:36:41.637,208.91,0.138058545864,0.0,0
2018-05-27 16:36:41.721,208.9,0.138058545864,0.0,0
2018-05-27 16:36:41.814,210.07,0.138058545864,0.0,0
2018-05-27 16:36:41.907,209.4,0.138058545864,0.0,0
2018-05-27 16:36:42.060,209.72,0.138058545864,0.0,0
2018-05-27 16:36:42.153,211.36,0.138058545864,0.0,0
2018-05-27 16:36:42.330,209.95,0.138058545864,0.0,0
2018-05-27 16:36:42.423,211.84,0.138058545864,0.0,0
2018-05-27 16:36:42.516,212.5,0.138058545864,0.0,0
2018-05-27 16:36:42.702,214.11,0.138058545864,0.0,0
2018-05-27 16:36:42.796,212.65,0.138058545864,0.0,0
2018-05-27 16:36:43.036,214.26,0.138058545864,0.0,0
2018-05-27 16:36:43.208,214.04,0.138058545864,0.0,0
2018-05-27 16:36:43.479,216.8,0.138058545864,0.0,0
2018-05-27 16:36:43.655,217.37,0.138058545864,0.0,0
2018-05-27 16:36:43.842,216.78,0.138058545864,0.0,0
2018-05-27 16:36:44.096,218.1,0.138058545864,0.0,0
2018-05-27 16:36:44.189,217.25,0.138058545864,0.0,0
2018-05-27 16:36:44.282,217.21,0.138058545864,0.0,0
2018-05-27 16:36:44.366,218.11,0.138058545864,0.0,0
2018-05-27 16:36:44.646,217.77,0.138058545864,0.0,0
2018-05-27 16:36:44.739,218.76,0.138058545864,0.0,0
2018-05-27 16:36:44.925,220.88,0.138058545864,0.0,0
2018-05-27 16:36:45.180,219.91,0.138058545864,0.0,0
2018-05-27 16:36:45.273,222.12,0.138058545864,0.0,0
2018-05-27 16:36:45.450,221.31,0.138058545864,0.0,0
2018-05-27 16:36:45.617,223.3,0.138058545864,0.0,0
2018-05-27 16:36:45.804,222.59,0.138058545864,0.0,0
2018-05-27 16:36:45.897,222.98,0.138058545864,0.0,0
2018-05-27 16:36:46.152,223.93,0.138058545864,0.0,0
2018-05-27 16:36:46.245,223.4,0.138058545864,0.0,0
2018-05-27 16:36:46.329,225.19,0.138058545864,0.0,0
2018-05-27 16:36:46.422,225.31,0.138058545864,0.0,0
2018-05-27 16:36:46.515,225.38,0.138058545864,0.0,0
2018-05-27 16:36:46.608,224.79,0.138058545864,0.0,0
2018-05-27 16:36:46.794,224.95,0.138058545864,0.0,0
2018-05-27 16:36:46.887,225.76,0.138058545864,0.0,0
2018-05-27 16:36:47.049,226.91,0.138058545864,0.0,0
2018-05-27 16:36:47.142,226.42,0.138058545864,0.0,0
2018-05-27 16:36:47.319,225.59,0.138058545864,0.0,0
2018-05-27 16:36:47.412,226.23,0.138058545864,0.0,0
2018-05-27 16:36:47.496,226.48,0.138058545864,0.0,0
2018-05-27 16:36:47.580,227.75,0.138058545864,0.0,0
2018-05-27 16:36:48.104,228.3,0.138058545864,0.0,0
2018-05-27 16:36:48.198,228.49,0.138058545864,0.0,0
2018-05-27 16:36:48.561,229.38,0.138058545864,0.0,0
2018-05-27 16:36:48.654,229.39,0.138058545864,0.0,0
2018-05-27 16:36:48.831,228.57,0.138058545864,0.0,0
2018-05-27 16:36:49.179,229.1,0.138058545864,0.0,0
2018-05-27 16:36:49.616,228.52,0.138058545864,0.0,0
2018-05-27 16:36:49.896,229.5,0.138058545864,0.0,0
2018-05-27 16:36:50.337,230.05,0.138058545864,0.0,0
2018-05-27 16:36:50.430,230.66,0.138058545864,0.0,0
2018-05-27 16:36:50.607,230.9,0.138058545864,0.0,0
2018-05-27 16:36:50.793,227.96,0.138058545864,0.0,0
2018-05-27 16:36:50.886,227.59,0.138058545864,0.0,0
2018-05-27 16:36:51.141,226.13,0.138058545864,0.0,0
2018-05-27 16:36:51.327,225.26,0.138058545864,0.0,0
2018-05-27 16:36:51.420,224.17,0.138058545864,0.0,0
2018-05-27 16:36:51.876,217.89,0.138058545864,0.0,0
2018-05-27 16:36:52.122,216.37,0.138058545864,0.0,0
2018-05-27 16:36:52.300,215.89,0.138058545864,0.0,0
2018-05-27 16:36:52.383,213.59,0.138058545864,0.0,0
2018-05-27 16:36:52.569,212.75,0.138058545864,0.0,0
2018-05-27 16:36:52.755,210.08,0.138058545864,0.0,0
2018-05-27 16:36:53.466,210.15,0.138058545864,0.0,0
2018-05-27 16:36:54.000,207.6,0.138058545864,0.0,0
2018-05-27 16:36:54.093,208.64,0.138058545864,0.0,0
2018-05-27 16:36:54.457,206.88,0.138058545864,0.0,0
2018-05-27 16:36:54.550,208.2,0.138058545864,0.0,0
2018-05-27 16:36:54.829,205.64,0.138058545864,0.0,0
2018-05-27 16:36:55.084,206.29,0.138058545864,0.0,0
2018-05-27 16:36:55.177,206.81,0.138058545864,0.0,0
2018-05-27 16:36:55.354,206.13,0.138058545864,0.0,0
2018-05-27 16:36:55.903,205.9,0.138058545864,0.0,0
2018-05-27 16:36:56.065,208.68,0.138058545864,0.0,0
2018-05-27 16:36:56.428,207.2,0.138058545864,0.0,0
2018-05-27 16:36:56.707,210.38,0.138058545864,0.0,0
2018-05-27 16:36:56.801,209.32,0.138058545864,0.0,0
2018-05-27 16:36:57.149,210.57,0.138058545864,0.0,0
2018-05-27 16:36:57.419,212.22,0.138058545864,0.0,0
2018-05-27 16:36:57.596,213.06,0.138058545864,0.0,0
2018-05-27 16:36:57.875,214.56,0.138058545864,0.0,0
2018-05-27 16:36:58.032,214.77,0.138058545864,0.0,0
2018-05-27 16:36:58.204,214.62,0.138058545864,0.0,0
2018-05-27 16:36:58.567,212.8,0.138058545864,0.0,0
2018-05-27 16:36:58.753,211.91,0.138058545864,0.0,0
2018-05-27 16:36:58.847,212.23,0.138058545864,0.0,0
2018-05-27 16:36:59.092,209.23,0.138058545864,0.0,0
2018-05-27 16:36:59.278,208.76,0.138058545864,0.0,0
2018-05-27 16:36:59.818,207.32,0.138058545864,0.0,0
2018-05-27 16:37:00.064,206.09,0.138058545864,0.0,0
2018-05-27 16:37:00.250,206.27,0.138058545864,0.0,0
2018-05-27 16:37:00.334,206.23,0.138058545864,0.0,0
2018-05-27 16:37:00.511,204.23,0.138058545864,0.0,0
2018-05-27 16:37:00.604,205.99,0.138058545864,0.0,0
2018-05-27 16:37:00.697,204.51,0.138058545864,0.0,0
2018-05-27 16:37:00.790,205.83,0.138058545864,0.0,0
2018-05-27 16:37:01.045,204.02,0.138058545864,0.0,0
2018-05-27 16:37:01.138,205.76,0.138058545864,0.0,0
2018-05-27 16:37:01.231,203.8,0.138058545864,0.0,0
2018-05-27 16:37:01.325,204.96,0.138058545864,0.0,0
2018-05-27 16:37:01.501,203.72,0.138058545864,0.0,0
2018-05-27 16:37:01.594,204.48,0.138058545864,0.0,0
2018-05-27 16:37:01.688,205.78,0.138058545864,0.0,0
2018-05-27 16:37:01.780,203.78,0.138058545864,0.0,0
2018-05-27 16:37:01.869,204.57,0.138058545864,0.0,0
2018-05-27 16:37:02.026,206.02,0.138058545864,0.0,0
2018-05-27 16:37:02.110,206.37,0.138058545864,0.0,0
2018-05-27 16:37:02.194,206.41,0.138058545864,0.0,0
2018-05-27 16:37:02.287,205.82,0.138058545864,0.0,0
2018-05-27 16:37:02.464,207.2,0.138058545864,0.0,0
2018-05-27 16:37:02.650,206.85,0.138058545864,0.0,0
2018-05-27 16:37:02.743,206.64,0.138058545864,0.0,0
2018-05-27 16:37:02.836,207.55,0.138058545864,0.0,0
2018-05-27 16:37:02.930,207.29,0.138058545864,0.0,0
2018-05-27 16:37:03.175,209.76,0.138058545864,0.0,0
2018-05-27 16:37:03.268,208.14,0.138058545864,0.0,0
2018-05-27 16:37:03.361,210.35,0.138058545864,0.0,0
2018-05-27 16:37:03.445,210.9,0.138058545864,0.0,0
2018-05-27 16:37:03.622,210.02,0.138058545864,0.0,0
2018-05-27 16:37:03.715,212.31,0.138058545864,0.0,0
2018-05-27 16:37:03.799,211.3,0.138058545864,0.0,0
2018-05-27 16:37:04.053,211.36,0.138058545864,0.0,0
2018-05-27 16:37:04.147,213.74,0.138058545864,0.0,0
2018-05-27 16:37:04.240,212.16,0.138058545864,0.0,0
2018-05-27 16:37:04.426,213.87,0.138058545864,0.0,0
2018-05-27 16:37:04.519,213.49,0.138058545864,0.0,0
2018-05-27 16:37:04.705,214.2,0.138058545864,0.0,0
2018-05-27 16:37:04.789,216.29,0.138058545864,0.0,0
2018-05-27 16:37:04.882,215.04,0.138058545864,0.0,0
2018-05-27 16:37:05.044,215.96,0.138058545864,0.0,0
2018-05-27 16:37:05.230,216.24,0.138058545864,0.0,0
2018-05-27 16:37:05.323,216.91,0.138058545864,0.0,0
2018-05-27 16:37:05.416,217.74,0.138058545864,0.0,0
2018-05-27 16:37:05.509,216.62,0.138058545864,0.0,0
2018-05-27 16:37:05.602,218.13,0.138058545864,0.0,0
2018-05-27 16:37:05.696,218.21,0.138058545864,0.0,0
2018-05-27 16:37:05.779,217.39,0.138058545864,0.0,0
2018-05-27 16:37:05.872,219.17,0.138058545864,0.0,0
2018-05-27 16:37:06.034,217.78,0.138058545864,0.0,0
2018-05-27 16:37:06.127,218.02,0.138058545864,0.0,0
2018-05-27 16:37:06.314,220.2,0.138058545864,0.0,0
2018-05-27 16:37:06.407,219.04,0.138058545864,0.0,0
2018-05-27 16:37:06.491,220.84,0.138058545864,0.0,0
2018-05-27 16:37:06.574,221.0,0.138058545864,0.0,0
2018-05-27 16:37:06.667,220.66,0.138058545864,0.0,0
2018-05-27 16:37:06.760,220.17,0.138058545864,0.0,0
2018-05-27 16:37:07.015,220.95,0.138058545864,0.0,0
2018-05-27 16:37:07.108,222.2,0.138058545864,0.0,0
2018-05-27 16:37:07.202,221.91,0.138058545864,0.0,0
2018-05-27 16:37:07.295,221.07,0.138058545864,0.0,0
2018-05-27 16:37:07.388,221.65,0.138058545864,0.0,0
2018-05-27 16:37:07.472,222.2,0.138058545864,0.0,0
2018-05-27 16:37:07.555,223.83,0.138058545864,0.0,0
2018-05-27 16:37:07.742,222.65,0.138058545864,0.0,0
2018-05-27 16:37:07.835,223.06,0.138058545864,0.0,0
2018-05-27 16:37:08.090,223.97,0.138058545864,0.0,0
2018-05-27 16:37:08.183,225.7,0.138058545864,0.0,0
2018-05-27 16:37:08.360,225.26,0.138058545864,0.0,0
2018-05-27 16:37:08.732,226.3,0.138058545864,0.0,0
2018-05-27 16:37:08.918,225.4,0.138058545864,0.0,0
2018-05-27 16:37:09.266,226.32,0.138058545864,0.0,0
2018-05-27 16:37:09.443,225.79,0.138058545864,0.0,0
2018-05-27 16:37:09.611,226.86,0.138058545864,0.0,0
2018-05-27 16:37:09.704,227.42,0.138058545864,0.0,0
2018-05-27 16:37:09.797,228.07,0.138058545864,0.0,0
2018-05-27 16:37:10.052,228.83,0.138058545864,0.0,0
2018-05-27 16:37:10.238,229.65,0.138058545864,0.0,0
2018-05-27 16:37:10.322,227.9,0.138058545864,0.0,0
2018-05-27 16:37:10.592,228.8,0.138058545864,0.0,0
2018-05-27 16:37:10.685,229.01,0.138058545864,0.0,0
2018-05-27 16:37:10.778,229.44,0.138058545864,0.0,0
2018-05-27 16:37:11.029,231.55,0.138058545864,0.0,0
2018-05-27 16:37:11.201,229.75,0.138058545864,0.0,0
2018-05-27 16:37:11.387,230.35,0.138058545864,0.0,0
2018-05-27 16:37:11.657,232.4,0.138058545864,0.0,0
2018-05-27 16:37:11.750,232.82,0.138058545864,0.0,0
2018-05-27 16:37:11.843,232.69,0.138058545864,0.0,0
2018-05-27 16:37:11.927,231.0,0.138058545864,0.0,0
2018-05-27 16:37:12.182,229.43,0.138058545864,0.0,0
2018-05-27 16:37:12.545,225.33,0.138058545864,0.0,0
2018-05-27 16:37:12.638,223.77,0.138058545864,0.0,0
2018-05-27 16:37:13.060,221.13,0.138058545864,0.0,0
2018-05-27 16:37:13.153,219.3,0.138058545864,0.0,0
2018-05-27 16:37:13.424,216.74,0.138058545864,0.0,0
2018-05-27 16:37:13.600,215.37,0.138058545864,0.0,0
2018-05-27 16:37:13.787,212.93,0.138058545864,0.0,0
2018-05-27 16:37:13.880,213.19,0.138058545864,0.0,0
2018-05-27 16:37:14.135,211.65,0.138058545864,0.0,0
2018-05-27 16:37:14.321,208.76,0.138058545864,0.0,0
2018-05-27 16:37:14.498,207.24,0.138058545864,0.0,0
2018-05-27 16:37:14.591,206.42,0.138058545864,0.0,0
2018-05-27 16:37:14.684,205.11,0.138058545864,0.0,0
2018-05-27 16:37:14.772,205.06,0.138058545864,0.0,0
2018-05-27 16:37:15.013,206.19,0.138058545864,0.0,0
2018-05-27 16:37:15.107,204.47,0.138058545864,0.0,0
2018-05-27 16:37:15.376,203.64,0.138058545864,0.0,0
2018-05-27 16:37:15.460,203.47,0.138058545864,0.0,0
2018-05-27 16:37:15.553,204.74,0.138058545864,0.0,0
2018-05-27 16:37:15.646,204.27,0.138058545864,0.0,0
2018-05-27 16:37:15.740,203.44,0.138058545864,0.0,0
2018-05-27 16:37:15.833,205.65,0.138058545864,0.0,0
2018-05-27 16:37:15.926,204.92,0.138058545864,0.0,0
2018-05-27 16:37:16.088,205.85,0.138058545864,0.0,0
2018-05-27 16:37:16.171,205.61,0.138058545864,0.0,0
2018-05-27 16:37:16.265,205.0,0.138058545864,0.0,0
2018-05-27 16:37:16.358,205.72,0.138058545864,0.0,0
2018-05-27 16:37:16.525,206.36,0.138058545864,0.0,0
2018-05-27 16:37:16.610,206.29,0.138058545864,0.0,0
2018-05-27 16:37:16.702,206.02,0.138058545864,0.0,0
2018-05-27 16:37:16.795,205.51,0.138058545864,0.0,0
2018-05-27 16:37:16.888,207.38,0.138058545864,0.0,0
2018-05-27 16:37:17.143,208.15,0.138058545864,0.0,0
2018-05-27 16:37:17.236,206.55,0.138058545864,0.0,0
2018-05-27 16:37:17.329,208.34,0.138058545864,0.0,0
2018-05-27 16:37:17.422,206.94,0.138058545864,0.0,0
2018-05-27 16:37:17.609,207.73,0.138058545864,0.0,0
2018-05-27 16:37:17.702,209.4,0.138058545864,0.0,0
2018-05-27 16:37:17.786,210.11,0.138058545864,0.0,0
2018-05-27 16:37:17.879,208.44,0.138058545864,0.0,0
2018-05-27 16:37:18.040,210.94,0.138058545864,0.0,0
2018-05-27 16:37:18.134,209.27,0.138058545864,0.0,0
2018-05-27 16:37:18.320,210.79,0.138058545864,0.0,0
2018-05-27 16:37:18.497,211.43,0.138058545864,0.0,0
2018-05-27 16:37:18.590,213.3,0.138058545864,0.0,0
2018-05-27 16:37:18.678,213.68,0.138058545864,0.0,0
2018-05-27 16:37:18.767,212.61,0.138058545864,0.0,0
2018-05-27 16:37:19.199,211.75,0.138058545864,0.0,0
2018-05-27 16:37:19.292,211.7,0.138058545864,0.0,0
2018-05-27 16:37:19.376,210.65,0.138058545864,0.0,0
2018-05-27 16:37:19.469,211.27,0.138058545864,0.0,0
2018-05-27 16:37:19.562,209.78,0.138058545864,0.0,0
2018-05-27 16:37:19.655,210.2,0.138058545864,0.0,0
2018-05-27 16:37:19.748,207.82,0.138058545864,0.0,0
2018-05-27 16:37:19.841,208.88,0.138058545864,0.0,0
2018-05-27 16:37:20.189,205.56,0.138058545864,0.0,0
2018-05-27 16:37:20.459,205.72,0.138058545864,0.0,0
2018-05-27 16:37:20.729,205.85,0.138058545864,0.0,0
2018-05-27 16:37:21.077,204.62,0.138058545864,0.0,0
2018-05-27 16:37:21.170,205.47,0.138058545864,0.0,0
2018-05-27 16:37:21.263,204.23,0.138058545864,0.0,0
2018-05-27 16:37:21.347,204.5,0.138058545864,0.0,0
2018-05-27 16:37:21.533,205.1,0.138058545864,0.0,0
2018-05-27 16:37:21.626,203.28,0.138058545864,0.0,0
2018-05-27 16:37:21.710,203.27,0.138058545864,0.0,0
2018-05-27 16:37:21.803,204.52,0.138058545864,0.0,0
2018-05-27 16:37:22.058,203.15,0.138058545864,0.0,0
2018-05-27 16:37:22.151,204.84,0.138058545864,0.0,0
2018-05-27 16:37:22.244,203.33,0.138058545864,0.0,0
2018-05-27 16:37:22.328,203.95,0.138058545864,0.0,0
2018-05-27 16:37:22.421,205.05,0.138058545864,0.0,0
2018-05-27 16:37:22.608,203.74,0.138058545864,0.0,0
2018-05-27 16:37:23.049,203.18,0.138058545864,0.0,0
2018-05-27 16:37:23.142,204.29,0.138058545864,0.0,0
2018-05-27 16:37:23.238,204.12,0.138058545864,0.0,0
2018-05-27 16:37:23.319,205.4,0.138058545864,0.0,0
2018-05-27 16:37:23.496,204.22,0.138058545864,0.0,0
2018-05-27 16:37:23.589,205.79,0.138058545864,0.0,0
2018-05-27 16:37:23.682,204.83,0.138058545864,0.0,0
2018-05-27 16:37:23.775,206.29,0.138058545864,0.0,0
2018-05-27 16:37:24.467,207.12,0.138058545864,0.0,0
2018-05-27 16:37:24.561,207.85,0.138058545864,0.0,0
2018-05-27 16:37:24.654,207.48,0.138058545864,0.0,0
2018-05-27 16:37:24.747,208.81,0.138058545864,0.0,0
2018-05-27 16:37:25.002,209.2,0.138058545864,0.0,0
2018-05-27 16:37:25.095,210.24,0.138058545864,0.0,0
2018-05-27 16:37:25.188,210.08,0.138058545864,0.0,0
2018-05-27 16:37:25.281,210.74,0.138058545864,0.0,0
2018-05-27 16:37:25.365,212.5,0.138058545864,0.0,0
2018-05-27 16:37:25.458,210.6,0.138058545864,0.0,0
2018-05-27 16:37:25.551,213.21,0.138058545864,0.0,0
2018-05-27 16:37:25.635,211.75,0.138058545864,0.0,0
2018-05-27 16:37:25.728,213.61,0.138058545864,0.0,0
2018-05-27 16:37:25.821,213.06,0.138058545864,0.0,0
2018-05-27 16:37:25.914,214.15,0.138058545864,0.0,0
2018-05-27 16:37:26.076,213.31,0.138058545864,0.0,0
2018-05-27 16:37:26.355,214.16,0.138058545864,0.0,0
2018-05-27 16:37:26.895,216.16,0.138058545864,0.0,0
2018-05-27 16:37:27.243,217.12,0.138058545864,0.0,0
2018-05-27 16:37:27.513,217.95,0.138058545864,0.0,0
2018-05-27 16:37:27.606,218.66,0.138058545864,0.0,0
2018-05-27 16:37:27.700,218.07,0.138058545864,0.0,0
2018-05-27 16:37:28.234,220.06,0.138058545864,0.0,0
2018-05-27 16:37:28.327,220.8,0.138058545864,0.0,0
2018-05-27 16:37:28.420,221.55,0.138058545864,0.0,0
2018-05-27 16:37:28.504,220.68,0.138058545864,0.0,0
2018-05-27 16:37:28.597,221.65,0.138058545864,0.0,0
2018-05-27 16:37:28.690,221.77,0.138058545864,0.0,0
2018-05-27 16:37:28.783,220.82,0.138058545864,0.0,0
2018-05-27 16:37:29.038,222.8,0.138058545864,0.0,0
2018-05-27 16:37:29.317,223.05,0.138058545864,0.0,0
2018-05-27 16:37:29.494,224.09,0.138058545864,0.0,0
2018-05-27 16:37:29.680,223.83,0.138058545864,0.0,0
2018-05-27 16:37:30.024,224.14,0.138058545864,0.0,0
2018-05-27 16:37:30.112,224.3,0.138058545864,0.0,0
2018-05-27 16:37:30.280,225.72,0.138058545864,0.0,0
2018-05-27 16:37:30.736,226.0,0.138058545864,0.0,0
2018-05-27 16:37:32.047,226.53,0.138058545864,0.0,0
2018-05-27 16:37:32.503,228.48,0.138058545864,0.0,0
2018-05-27 16:37:32.866,230.38,0.138058545864,0.0,0
2018-05-27 16:37:33.023,229.44,0.138058545864,0.0,0
2018-05-27 16:37:33.195,231.01,0.138058545864,0.0,0
2018-05-27 16:37:33.466,229.83,0.138058545864,0.0,0
2018-05-27 16:37:33.642,228.49,0.138058545864,0.0,0
2018-05-27 16:37:33.735,227.82,0.138058545864,0.0,0
2018-05-27 16:37:33.922,226.19,0.138058545864,0.0,0
2018-05-27 16:37:34.354,222.93,0.138058545864,0.0,0
2018-05-27 16:37:34.447,221.54,0.138058545864,0.0,0
2018-05-27 16:37:34.633,220.18,0.138058545864,0.0,0
2018-05-27 16:37:34.819,217.84,0.138058545864,0.0,0
2018-05-27 16:37:34.912,218.2,0.138058545864,0.0,0
2018-05-27 16:37:35.428,212.5,0.138058545864,0.0,0
2018-05-27 16:37:35.884,209.25,0.138058545864,0.0,0
2018-05-27 16:37:36.046,210.92,0.138058545864,0.0,0
2018-05-27 16:37:36.139,208.02,0.138058545864,0.0,0
2018-05-27 16:37:36.604,208.45,0.138058545864,0.0,0
2018-05-27 16:37:37.409,207.56,0.138058545864,0.0,0
2018-05-27 16:37:37.492,208.06,0.138058545864,0.0,0
2018-05-27 16:37:37.586,208.29,0.138058545864,0.0,0
2018-05-27 16:37:38.017,210.39,0.138058545864,0.0,0
2018-05-27 16:37:38.194,209.33,0.138058545864,0.0,0
2018-05-27 16:37:38.464,209.05,0.138058545864,0.0,0
2018-05-27 16:37:39.278,213.45,0.138058545864,0.0,0
2018-05-27 16:37:39.362,212.62,0.138058545864,0.0,0
2018-05-27 16:37:39.455,213.62,0.138058545864,0.0,0
2018-05-27 16:37:39.641,214.72,0.138058545864,0.0,0
2018-05-27 16:37:39.734,214.16,0.138058545864,0.0,0
2018-05-27 16:37:40.725,217.31,0.138058545864,0.0,0
2018-05-27 16:37:41.073,214.7,0.138058545864,0.0,0
2018-05-27 16:37:41.166,213.78,0.138058545864,0.0,0
2018-05-27 16:37:41.259,214.31,0.138058545864,0.0,0
2018-05-27 16:37:41.343,213.29,0.138058545864,0.0,0
2018-05-27 16:37:41.520,211.94,0.138058545864,0.0,0
2018-05-27 16:37:41.613,211.41,0.138058545864,0.0,0
2018-05-27 16:37:41.892,211.6,0.138058545864,0.0,0
2018-05-27 16:37:42.240,209.13,0.138058545864,0.0,0
2018-05-27 16:37:42.510,208.81,0.138058545864,0.0,0
2018-05-27 16:37:42.789,205.36,0.138058545864,0.0,0
2018-05-27 16:37:43.138,204.51,0.138058545864,0.0,0
2018-05-27 16:37:43.231,206.41,0.138058545864,0.0,0
2018-05-27 16:37:43.324,205.04,0.138058545864,0.0,0
2018-05-27 16:37:43.407,204.97,0.138058545864,0.0,0
2018-05-27 16:37:43.501,207.09,0.138058545864,0.0,0
2018-05-27 16:37:43.687,205.23,0.138058545864,0.0,0
2018-05-27 16:37:43.780,206.51,0.138058545864,0.0,0
2018-05-27 16:37:43.873,206.12,0.138058545864,0.0,0
2018-05-27 16:37:44.035,207.84,0.138058545864,0.0,0
2018-05-27 16:37:44.221,207.88,0.138058545864,0.0,0
2018-05-27 16:37:44.315,206.8,0.138058545864,0.0,0
2018-05-27 16:37:44.398,206.52,0.138058545864,0.0,0
2018-05-27 16:37:44.491,208.14,0.138058545864,0.0,0
2018-05-27 16:37:44.584,207.32,0.138058545864,0.0,0
2018-05-27 16:37:44.677,208.99,0.138058545864,0.0,0
2018-05-27 16:37:44.771,208.1,0.138058545864,0.0,0
2018-05-27 16:37:44.864,209.05,0.138058545864,0.0,0
2018-05-27 16:37:45.021,209.34,0.138058545864,0.0,0
2018-05-27 16:37:45.109,207.93,0.138058545864,0.0,0
2018-05-27 16:37:45.193,207.61,0.138058545864,0.0,0
2018-05-27 16:37:45.379,208.82,0.138058545864,0.0,0
2018-05-27 16:37:45.556,210.17,0.138058545864,0.0,0
2018-05-27 16:37:45.649,210.95,0.138058545864,0.0,0
2018-05-27 16:37:45.835,212.4,0.138058545864,0.0,0
2018-05-27 16:37:45.929,211.42,0.138058545864,0.0,0
2018-05-27 16:37:46.090,213.7,0.138058545864,0.0,0
2018-05-27 16:37:46.174,212.65,0.138058545864,0.0,0
2018-05-27 16:37:46.267,214.06,0.138058545864,0.0,0
2018-05-27 16:37:46.351,214.39,0.138058545864,0.0,0
2018-05-27 16:37:46.537,213.89,0.138058545864,0.0,0
2018-05-27 16:37:46.630,215.3,0.138058545864,0.0,0
2018-05-27 16:37:46.723,215.16,0.138058545864,0.0,0
2018-05-27 16:37:46.910,216.13,0.138058545864,0.0,0
2018-05-27 16:37:47.062,217.22,0.138058545864,0.0,0
2018-05-27 16:37:47.155,215.96,0.138058545864,0.0,0
2018-05-27 16:37:47.239,217.67,0.138058545864,0.0,0
2018-05-27 16:37:47.332,216.29,0.138058545864,0.0,0
2018-05-27 16:37:47.416,217.56,0.138058545864,0.0,0
2018-05-27 16:37:47.509,217.28,0.138058545864,0.0,0
2018-05-27 16:37:47.696,218.36,0.138058545864,0.0,0
2018-05-27 16:37:47.779,219.08,0.138058545864,0.0,0
2018-05-27 16:37:47.872,218.96,0.138058545864,0.0,0
2018-05-27 16:37:48.034,217.39,0.138058545864,0.0,0
2018-05-27 16:37:48.127,218.45,0.138058545864,0.0,0
2018-05-27 16:37:48.313,218.9,0.138058545864,0.0,0
2018-05-27 16:37:48.406,219.07,0.138058545864,0.0,0
2018-05-27 16:37:48.672,219.59,0.138058545864,0.0,0
2018-05-27 16:37:48.844,220.77,0.138058545864,0.0,0
2018-05-27 16:37:49.006,220.47,0.138058545864,0.0,0
2018-05-27 16:37:49.192,222.66,0.138058545864,0.0,0
2018-05-27 16:37:49.279,221.8,0.138058545864,0.0,0
2018-05-27 16:37:49.555,223.78,0.138058545864,0.0,0
2018-05-27 16:37:49.649,222.68,0.138058545864,0.0,0
2018-05-27 16:37:49.742,223.32,0.138058545864,0.0,0
2018-05-27 16:37:49.835,223.35,0.138058545864,0.0,0
2018-05-27 16:37:49.928,224.59,0.138058545864,0.0,0
2018-05-27 16:37:50.085,224.1,0.138058545864,0.0,0
2018-05-27 16:37:50.173,223.87,0.138058545864,0.0,0
2018-05-27 16:37:50.909,225.64,0.138058545864,0.0,0
2018-05-27 16:37:51.071,225.48,0.138058545864,0.0,0
2018-05-27 16:37:51.164,225.64,0.138058545864,0.0,0
2018-05-27 16:37:51.434,226.36,0.138058545864,0.0,0
2018-05-27 16:37:51.797,228.57,0.138058545864,0.0,0
2018-05-27 16:37:51.881,227.67,0.138058545864,0.0,0
2018-05-27 16:37:52.043,227.5,0.138058545864,0.0,0
2018-05-27 16:37:52.136,229.03,0.138058545864,0.0,0
2018-05-27 16:37:52.415,229.6,0.138058545864,0.0,0
2018-05-27 16:37:52.601,229.09,0.138058545864,0.0,0
2018-05-27 16:37:52.788,229.58,0.138058545864,0.0,0
2018-05-27 16:37:52.871,229.04,0.138058545864,0.0,0
2018-05-27 16:37:53.033,230.44,0.138058545864,0.0,0
2018-05-27 16:37:53.126,231.25,0.138058545864,0.0,0
2018-05-27 16:37:53.219,231.01,0.138058545864,0.0,0
2018-05-27 16:37:53.312,231.08,0.138058545864,0.0,0
2018-05-27 16:37:53.583,230.9,0.138058545864,0.0,0
2018-05-27 16:37:53.764,232.57,0.138058545864,0.0,0
2018-05-27 16:37:54.098,231.54,0.138058545864,0.0,0
2018-05-27 16:37:54.191,231.21,0.138058545864,0.0,0
2018-05-27 16:37:54.284,230.51,0.138058545864,0.0,0
2018-05-27 16:37:54.368,230.65,0.138058545864,0.0,0
2018-05-27 16:37:54.461,229.06,0.138058545864,0.0,0
2018-05-27 16:37:54.554,228.84,0.138058545864,0.0,0
2018-05-27 16:37:54.647,226.05,0.138058545864,0.0,0
2018-05-27 16:37:54.741,223.83,0.138058545864,0.0,0
2018-05-27 16:37:54.834,224.21,0.138058545864,0.0,0
2018-05-27 16:37:55.079,221.94,0.138058545864,0.0,0
2018-05-27 16:37:55.172,221.11,0.138058545864,0.0,0
2018-05-27 16:37:55.815,214.54,0.138058545864,0.0,0
2018-05-27 16:37:55.908,212.91,0.138058545864,0.0,0
2018-05-27 16:37:56.163,209.45,0.138058545864,0.0,0
2018-05-27 16:37:56.340,209.48,0.138058545864,0.0,0
2018-05-27 16:37:56.517,209.53,0.138058545864,0.0,0
2018-05-27 16:37:56.796,207.2,0.138058545864,0.0,0
2018-05-27 16:37:57.051,206.38,0.138058545864,0.0,0
2018-05-27 16:37:57.144,205.77,0.138058545864,0.0,0
2018-05-27 16:37:57.228,205.31,0.138058545864,0.0,0
2018-05-27 16:37:57.321,206.43,0.138058545864,0.0,0
2018-05-27 16:37:57.406,206.25,0.138058545864,0.0,0
2018-05-27 16:37:57.498,204.36,0.138058545864,0.0,0
2018-05-27 16:37:57.591,205.27,0.138058545864,0.0,0
2018-05-27 16:37:57.684,203.83,0.138058545864,0.0,0
2018-05-27 16:37:57.768,203.52,0.138058545864,0.0,0
2018-05-27 16:37:57.861,204.37,0.138058545864,0.0,0
2018-05-27 16:37:58.107,205.2,0.138058545864,0.0,0
2018-05-27 16:37:58.284,204.79,0.138058545864,0.0,0
2018-05-27 16:37:58.367,204.91,0.138058545864,0.0,0
2018-05-27 16:37:58.460,205.84,0.138058545864,0.0,0
2018-05-27 16:37:58.553,205.16,0.138058545864,0.0,0
2018-05-27 16:37:58.647,205.86,0.138058545864,0.0,0
2018-05-27 16:37:58.740,205.3,0.138058545864,0.0,0
2018-05-27 16:37:58.833,205.89,0.138058545864,0.0,0
2018-05-27 16:37:58.926,206.05,0.138058545864,0.0,0
2018-05-27 16:37:59.079,206.56,0.138058545864,0.0,0
2018-05-27 16:37:59.171,205.74,0.138058545864,0.0,0
2018-05-27 16:37:59.358,206.55,0.138058545864,0.0,0
2018-05-27 16:37:59.442,206.57,0.138058545864,0.0,0
2018-05-27 16:37:59.525,206.61,0.138058545864,0.0,0
2018-05-27 16:37:59.619,207.96,0.138058545864,0.0,0
2018-05-27 16:37:59.702,207.67,0.138058545864,0.0,0
2018-05-27 16:37:59.889,208.22,0.138058545864,0.0,0
2018-05-27 16:38:00.050,208.58,0.138058545864,0.0,0
2018-05-27 16:38:00.227,209.42,0.138058545864,0.0,0
2018-05-27 16:38:00.311,209.84,0.138058545864,0.0,0
2018-05-27 16:38:00.404,210.17,0.138058545864,0.0,0
2018-05-27 16:38:00.590,212.64,0.138058545864,0.0,0
2018-05-27 16:38:00.683,211.58,0.138058545864,0.0,0
2018-05-27 16:38:01.031,213.22,0.138058545864,0.0,0
2018-05-27 16:38:01.218,213.41,0.138058545864,0.0,0
2018-05-27 16:38:01.488,215.52,0.138058545864,0.0,0
2018-05-27 16:38:01.581,214.27,0.138058545864,0.0,0
2018-05-27 16:38:01.674,213.94,0.138058545864,0.0,0
2018-05-27 16:38:02.106,212.14,0.138058545864,0.0,0
2018-05-27 16:38:02.190,211.79,0.138058545864,0.0,0
2018-05-27 16:38:02.366,210.99,0.138058545864,0.0,0
2018-05-27 16:38:02.543,210.91,0.138058545864,0.0,0
2018-05-27 16:38:02.636,207.78,0.138058545864,0.0,0
2018-05-27 16:38:02.730,208.54,0.138058545864,0.0,0
2018-05-27 16:38:02.823,206.92,0.138058545864,0.0,0
2018-05-27 16:38:02.916,207.31,0.138058545864,0.0,0
2018-05-27 16:38:03.078,206.61,0.138058545864,0.0,0
2018-05-27 16:38:03.161,207.1,0.138058545864,0.0,0
2018-05-27 16:38:03.255,207.23,0.138058545864,0.0,0
2018-05-27 16:38:03.431,207.02,0.138058545864,0.0,0
2018-05-27 16:38:03.608,207.81,0.138058545864,0.0,0
2018-05-27 16:38:03.795,207.79,0.138058545864,0.0,0
2018-05-27 16:38:03.878,208.09,0.138058545864,0.0,0
2018-05-27 16:38:04.040,207.7,0.138058545864,0.0,0
2018-05-27 16:38:04.133,208.42,0.138058545864,0.0,0
2018-05-27 16:38:04.226,208.24,0.138058545864,0.0,0
2018-05-27 16:38:04.320,208.42,0.138058545864,0.0,0
2018-05-27 16:38:04.413,208.5,0.138058545864,0.0,0
2018-05-27 16:38:04.497,207.62,0.138058545864,0.0,0
2018-05-27 16:38:04.590,209.19,0.138058545864,0.0,0
2018-05-27 16:38:04.683,207.62,0.138058545864,0.0,0
2018-05-27 16:38:04.860,208.15,0.138058545864,0.0,0
2018-05-27 16:38:05.017,208.08,0.138058545864,0.0,0
2018-05-27 16:38:05.105,206.47,0.138058545864,0.0,0
2018-05-27 16:38:05.189,206.27,0.138058545864,0.0,0
2018-05-27 16:38:05.282,206.61,0.138058545864,0.0,0
2018-05-27 16:38:05.459,205.77,0.138058545864,0.0,0
2018-05-27 16:38:05.552,206.83,0.138058545864,0.0,0
2018-05-27 16:38:05.645,206.6,0.138058545864,0.0,0
2018-05-27 16:38:05.738,207.0,0.138058545864,0.0,0
2018-05-27 16:38:05.925,206.93,0.138058545864,0.0,0
2018-05-27 16:38:06.086,207.51,0.138058545864,0.0,0
2018-05-27 16:38:06.273,208.59,0.138058545864,0.0,0
2018-05-27 16:38:06.357,208.16,0.138058545864,0.0,0
2018-05-27 16:38:06.543,209.32,0.138058545864,0.0,0
2018-05-27 16:38:06.636,209.66,0.138058545864,0.0,0
2018-05-27 16:38:06.729,209.77,0.138058545864,0.0,0
2018-05-27 16:38:06.822,210.84,0.138058545864,0.0,0
2018-05-27 16:38:07.077,212.34,0.138058545864,0.0,0
2018-05-27 16:38:07.719,213.13,0.138058545864,0.0,0
2018-05-27 16:38:07.906,215.67,0.138058545864,0.0,0
2018-05-27 16:38:08.067,214.54,0.138058545864,0.0,0
2018-05-27 16:38:08.160,215.15,0.138058545864,0.0,0
2018-05-27 16:38:09.235,219.4,0.138058545864,0.0,0
2018-05-27 16:38:09.328,217.86,0.138058545864,0.0,0
2018-05-27 16:38:09.598,219.42,0.138058545864,0.0,0
2018-05-27 16:38:09.868,221.18,0.138058545864,0.0,0
2018-05-27 16:38:10.030,221.85,0.138058545864,0.0,0
2018-05-27 16:38:10.114,221.49,0.138058545864,0.0,0
2018-05-27 16:38:10.207,221.64,0.138058545864,0.0,0
2018-05-27 16:38:10.300,220.86,0.138058545864,0.0,0
2018-05-27 16:38:10.393,221.52,0.138058545864,0.0,0
2018-05-27 16:38:10.477,221.89,0.138058545864,0.0,0
2018-05-27 16:38:10.561,223.11,0.138058545864,0.0,0
2018-05-27 16:38:10.654,222.43,0.138058545864,0.0,0
2018-05-27 16:38:10.747,221.82,0.138058545864,0.0,0
2018-05-27 16:38:11.086,222.73,0.138058545864,0.0,0
2018-05-27 16:38:11.363,223.39,0.138058545864,0.0,0
2018-05-27 16:38:11.449,223.94,0.138058545864,0.0,0
2018-05-27 16:38:11.542,224.29,0.138058545864,0.0,0
2018-05-27 16:38:11.812,224.37,0.138058545864,0.0,0
2018-05-27 16:38:12.877,225.45,0.138058545864,0.0,0
2018-05-27 16:38:13.039,226.0,0.138058545864,0.0,0
2018-05-27 16:38:13.132,225.98,0.138058545864,0.0,0
2018-05-27 16:38:13.495,226.41,0.138058545864,0.0,0
2018-05-27 16:38:13.588,227.02,0.138058545864,0.0,0
2018-05-27 16:38:14.393,229.16,0.138058545864,0.0,0
2018-05-27 16:38:14.485,229.59,0.138058545864,0.0,0
2018-05-27 16:38:14.574,228.46,0.138058545864,0.0,0
2018-05-27 16:38:14.667,228.1,0.138058545864,0.0,0
2018-05-27 16:38:15.085,230.07,0.138058545864,0.0,0
2018-05-27 16:38:15.178,230.78,0.138058545864,0.0,0
2018-05-27 16:38:15.541,229.28,0.138058545864,0.0,0
2018-05-27 16:38:15.634,229.36,0.138058545864,0.0,0
2018-05-27 16:38:15.839,227.29,0.138058545864,0.0,0
2018-05-27 16:38:16.727,220.59,0.138058545864,0.0,0
2018-05-27 16:38:16.913,216.99,0.138058545864,0.0,0
2018-05-27 16:38:17.066,215.99,0.138058545864,0.0,0
2018-05-27 16:38:17.792,210.28,0.138058545864,0.0,0
2018-05-27 16:38:18.038,209.04,0.138058545864,0.0,0
2018-05-27 16:38:18.131,208.71,0.138058545864,0.0,0
2018-05-27 16:38:18.680,206.47,0.138058545864,0.0,0
2018-05-27 16:38:18.773,206.39,0.138058545864,0.0,0
2018-05-27 16:38:19.103,207.42,0.138058545864,0.0,0
2018-05-27 16:38:19.457,207.78,0.138058545864,0.0,0
2018-05-27 16:38:19.540,207.79,0.138058545864,0.0,0
2018-05-27 16:38:19.633,207.93,0.138058545864,0.0,0
2018-05-27 16:38:19.820,208.58,0.138058545864,0.0,0
2018-05-27 16:38:19.913,207.94,0.138058545864,0.0,0
2018-05-27 16:38:20.068,207.64,0.138058545864,0.0,0
2018-05-27 16:38:20.242,209.04,0.138058545864,0.0,0
2018-05-27 16:38:20.336,208.44,0.138058545864,0.0,0
2018-05-27 16:38:20.419,208.95,0.138058545864,0.0,0
2018-05-27 16:38:21.317,211.73,0.138058545864,0.0,0
2018-05-27 16:38:21.410,211.8,0.138058545864,0.0,0
2018-05-27 16:38:21.494,211.87,0.138058545864,0.0,0
2018-05-27 16:38:21.763,213.45,0.138058545864,0.0,0
2018-05-27 16:38:21.857,213.44,0.138058545864,0.0,0
2018-05-27 16:38:22.186,214.71,0.138058545864,0.0,0
2018-05-27 16:38:22.279,216.33,0.138058545864,0.0,0
2018-05-27 16:38:22.363,215.18,0.138058545864,0.0,0
2018-05-27 16:38:22.456,216.85,0.138058545864,0.0,0
2018-05-27 16:38:22.549,214.26,0.138058545864,0.0,0
2018-05-27 16:38:22.642,215.38,0.138058545864,0.0,0
2018-05-27 16:38:23.270,214.4,0.138058545864,0.0,0
2018-05-27 16:38:23.344,213.87,0.138058545864,0.0,0
2018-05-27 16:38:23.633,212.21,0.138058545864,0.0,0
2018-05-27 16:38:23.726,209.57,0.138058545864,0.0,0
2018-05-27 16:38:24.167,209.59,0.138058545864,0.0,0
2018-05-27 16:38:24.344,208.63,0.138058545864,0.0,0
2018-05-27 16:38:24.624,209.86,0.138058545864,0.0,0
2018-05-27 16:38:24.717,208.79,0.138058545864,0.0,0
2018-05-27 16:38:24.810,209.63,0.138058545864,0.0,0
2018-05-27 16:38:24.903,209.2,0.138058545864,0.0,0
2018-05-27 16:38:25.065,209.7,0.138058545864,0.0,0
2018-05-27 16:38:25.251,210.01,0.138058545864,0.0,0
2018-05-27 16:38:25.335,209.9,0.138058545864,0.0,0
2018-05-27 16:38:25.419,210.42,0.138058545864,0.0,0
2018-05-27 16:38:25.512,208.78,0.138058545864,0.0,0
2018-05-27 16:38:25.605,210.48,0.138058545864,0.0,0
2018-05-27 16:38:25.698,208.44,0.138058545864,0.0,0
2018-05-27 16:38:25.791,209.62,0.138058545864,0.0,0
2018-05-27 16:38:25.884,209.51,0.138058545864,0.0,0
2018-05-27 16:38:26.046,209.73,0.138058545864,0.0,0
2018-05-27 16:38:26.139,210.52,0.138058545864,0.0,0
2018-05-27 16:38:26.223,210.48,0.138058545864,0.0,0
2018-05-27 16:38:26.316,210.35,0.138058545864,0.0,0
2018-05-27 16:38:26.400,209.7,0.138058545864,0.0,0
2018-05-27 16:38:26.493,211.76,0.138058545864,0.0,0
2018-05-27 16:38:26.680,211.05,0.138058545864,0.0,0
2018-05-27 16:38:26.773,210.69,0.138058545864,0.0,0
2018-05-27 16:38:26.866,210.7,0.138058545864,0.0,0
2018-05-27 16:38:27.028,211.53,0.138058545864,0.0,0
2018-05-27 16:38:27.111,212.86,0.138058545864,0.0,0
2018-05-27 16:38:27.205,211.11,0.138058545864,0.0,0
2018-05-27 16:38:27.298,213.05,0.138058545864,0.0,0
2018-05-27 16:38:27.386,212.65,0.138058545864,0.0,0
2018-05-27 16:38:27.559,213.96,0.138058545864,0.0,0
2018-05-27 16:38:27.652,212.6,0.138058545864,0.0,0
2018-05-27 16:38:27.745,213.82,0.138058545864,0.0,0
2018-05-27 16:38:27.922,215.63,0.138058545864,0.0,0
2018-05-27 16:38:28.177,215.19,0.138058545864,0.0,0
2018-05-27 16:38:28.270,216.98,0.138058545864,0.0,0
2018-05-27 16:38:28.354,216.32,0.138058545864,0.0,0
2018-05-27 16:38:28.447,217.26,0.138058545864,0.0,0
2018-05-27 16:38:28.633,216.58,0.138058545864,0.0,0
2018-05-27 16:38:28.717,216.89,0.138058545864,0.0,0
2018-05-27 16:38:28.810,218.72,0.138058545864,0.0,0
2018-05-27 16:38:28.903,218.91,0.138058545864,0.0,0
2018-05-27 16:38:29.065,216.98,0.138058545864,0.0,0
2018-05-27 16:38:29.158,217.75,0.138058545864,0.0,0
2018-05-27 16:38:29.344,218.12,0.138058545864,0.0,0
2018-05-27 16:38:29.428,219.92,0.138058545864,0.0,0
2018-05-27 16:38:29.512,219.38,0.138058545864,0.0,0
2018-05-27 16:38:29.605,220.34,0.138058545864,0.0,0
2018-05-27 16:38:29.791,219.74,0.138058545864,0.0,0
2018-05-27 16:38:30.046,221.4,0.138058545864,0.0,0
2018-05-27 16:38:30.140,220.22,0.138058545864,0.0,0
2018-05-27 16:38:30.410,221.36,0.138058545864,0.0,0
2018-05-27 16:38:30.596,223.08,0.138058545864,0.0,0
2018-05-27 16:38:30.689,223.67,0.138058545864,0.0,0
2018-05-27 16:38:30.782,223.0,0.138058545864,0.0,0
2018-05-27 16:38:30.875,222.15,0.138058545864,0.0,0
2018-05-27 16:38:31.130,223.57,0.138058545864,0.0,0
2018-05-27 16:38:31.317,225.24,0.138058545864,0.0,0
2018-05-27 16:38:31.401,224.27,0.138058545864,0.0,0
2018-05-27 16:38:31.494,225.65,0.138058545864,0.0,0
2018-05-27 16:38:31.577,224.63,0.138058545864,0.0,0
2018-05-27 16:38:31.671,224.7,0.138058545864,0.0,0
2018-05-27 16:38:31.764,225.37,0.138058545864,0.0,0
2018-05-27 16:38:31.857,226.32,0.138058545864,0.0,0
2018-05-27 16:38:32.014,225.23,0.138058545864,0.0,0
2018-05-27 16:38:32.103,225.34,0.138058545864,0.0,0
2018-05-27 16:38:32.186,225.92,0.138058545864,0.0,0
2018-05-27 16:38:32.280,225.76,0.138058545864,0.0,0
2018-05-27 16:38:32.364,226.66,0.138058545864,0.0,0
2018-05-27 16:38:32.457,226.61,0.138058545864,0.0,0
2018-05-27 16:38:32.736,224.49,0.138058545864,0.0,0
2018-05-27 16:38:32.922,225.42,0.138058545864,0.0,0
2018-05-27 16:38:33.178,227.11,0.138058545864,0.0,0
2018-05-27 16:38:33.438,227.09,0.138058545864,0.0,0
2018-05-27 16:38:33.531,227.2,0.138058545864,0.0,0
2018-05-27 16:38:33.624,226.49,0.138058545864,0.0,0
2018-05-27 16:38:33.717,227.37,0.138058545864,0.0,0
2018-05-27 16:38:33.894,227.85,0.138058545864,0.0,0
2018-05-27 16:38:34.047,227.97,0.138058545864,0.0,0
2018-05-27 16:38:34.140,228.15,0.138058545864,0.0,0
2018-05-27 16:38:34.326,229.28,0.138058545864,0.0,0
2018-05-27 16:38:34.419,229.71,0.138058545864,0.0,0
2018-05-27 16:38:34.503,228.53,0.138058545864,0.0,0
2018-05-27 16:38:34.596,228.85,0.138058545864,0.0,0
2018-05-27 16:38:34.689,229.4,0.138058545864,0.0,0
2018-05-27 16:38:34.782,229.45,0.138058545864,0.0,0
2018-05-27 16:38:34.876,229.03,0.138058545864,0.0,0
2018-05-27 16:38:35.037,229.41,0.138058545864,0.0,0
2018-05-27 16:38:35.131,230.95,0.138058545864,0.0,0
2018-05-27 16:38:35.224,231.6,0.138058545864,0.0,0
2018-05-27 16:38:35.317,231.55,0.138058545864,0.0,0
2018-05-27 16:38:35.401,229.7,0.138058545864,0.0,0
2018-05-27 16:38:35.671,231.79,0.138058545864,0.0,0
2018-05-27 16:38:35.857,232.23,0.138058545864,0.0,0
2018-05-27 16:38:36.014,230.95,0.138058545864,0.0,0
2018-05-27 16:38:36.103,230.94,0.138058545864,0.0,0
2018-05-27 16:38:36.187,231.87,0.138058545864,0.0,0
2018-05-27 16:38:36.280,231.5,0.138058545864,0.0,0
2018-05-27 16:38:36.364,229.07,0.138058545864,0.0,0
2018-05-27 16:38:36.457,227.91,0.138058545864,0.0,0
2018-05-27 16:38:36.550,226.45,0.138058545864,0.0,0
2018-05-27 16:38:37.261,218.36,0.138058545864,0.0,0
2018-05-27 16:38:37.531,216.27,0.138058545864,0.0,0
2018-05-27 16:38:37.624,215.86,0.138058545864,0.0,0
2018-05-27 16:38:37.811,213.55,0.138058545864,0.0,0
2018-05-27 16:38:37.904,212.64,0.138058545864,0.0,0
2018-05-27 16:38:38.066,210.93,0.138058545864,0.0,0
2018-05-27 16:38:38.159,211.69,0.138058545864,0.0,0
2018-05-27 16:38:38.336,208.34,0.138058545864,0.0,0
2018-05-27 16:38:38.699,209.05,0.138058545864,0.0,0
2018-05-27 16:38:38.792,206.72,0.138058545864,0.0,0
2018-05-27 16:38:38.885,208.04,0.138058545864,0.0,0
2018-05-27 16:38:39.047,206.55,0.138058545864,0.0,0
2018-05-27 16:38:39.141,207.83,0.138058545864,0.0,0
2018-05-27 16:38:39.224,207.77,0.138058545864,0.0,0
2018-05-27 16:38:39.317,205.99,0.138058545864,0.0,0
2018-05-27 16:38:39.494,207.27,0.138058545864,0.0,0
2018-05-27 16:38:39.587,205.74,0.138058545864,0.0,0
2018-05-27 16:38:39.680,206.42,0.138058545864,0.0,0
2018-05-27 16:38:39.773,204.88,0.138058545864,0.0,0
2018-05-27 16:38:39.867,206.08,0.138058545864,0.0,0
2018-05-27 16:38:40.029,205.76,0.138058545864,0.0,0
2018-05-27 16:38:40.112,205.83,0.138058545864,0.0,0
2018-05-27 16:38:40.205,205.66,0.138058545864,0.0,0
2018-05-27 16:38:40.299,206.69,0.138058545864,0.0,0
2018-05-27 16:38:40.392,206.43,0.138058545864,0.0,0
2018-05-27 16:38:40.475,206.23,0.138058545864,0.0,0
2018-05-27 16:38:40.560,206.21,0.138058545864,0.0,0
2018-05-27 16:38:40.653,208.06,0.138058545864,0.0,0
2018-05-27 16:38:40.746,205.73,0.138058545864,0.0,0
2018-05-27 16:38:40.829,206.79,0.138058545864,0.0,0
2018-05-27 16:38:41.084,206.15,0.138058545864,0.0,0
2018-05-27 16:38:41.178,209.03,0.138058545864,0.0,0
2018-05-27 16:38:41.271,207.25,0.138058545864,0.0,0
2018-05-27 16:38:41.355,207.67,0.138058545864,0.0,0
2018-05-27 16:38:41.531,208.54,0.138058545864,0.0,0
2018-05-27 16:38:41.625,208.79,0.138058545864,0.0,0
2018-05-27 16:38:41.718,209.41,0.138058545864,0.0,0
2018-05-27 16:38:41.811,210.05,0.138058545864,0.0,0
2018-05-27 16:38:41.904,210.02,0.138058545864,0.0,0
2018-05-27 16:38:42.066,210.98,0.138058545864,0.0,0
2018-05-27 16:38:42.159,210.67,0.138058545864,0.0,0
2018-05-27 16:38:42.337,212.85,0.138058545864,0.0,0
2018-05-27 16:38:42.522,212.63,0.138058545864,0.0,0
2018-05-27 16:38:42.606,212.6,0.138058545864,0.0,0
2018-05-27 16:38:42.699,214.13,0.138058545864,0.0,0
2018-05-27 16:38:42.877,214.57,0.138058545864,0.0,0
2018-05-27 16:38:43.224,214.07,0.138058545864,0.0,0
2018-05-27 16:38:43.401,213.93,0.138058545864,0.0,0
2018-05-27 16:38:43.587,213.01,0.138058545864,0.0,0
2018-05-27 16:38:43.681,211.67,0.138058545864,0.0,0
2018-05-27 16:38:44.015,211.67,0.138058545864,0.0,0
2018-05-27 16:38:44.187,209.49,0.138058545864,0.0,0
2018-05-27 16:38:44.280,207.93,0.138058545864,0.0,0
2018-05-27 16:38:44.541,208.1,0.138058545864,0.0,0
2018-05-27 16:38:44.820,205.95,0.138058545864,0.0,0
2018-05-27 16:38:45.075,205.12,0.138058545864,0.0,0
2018-05-27 16:38:45.262,205.45,0.138058545864,0.0,0
2018-05-27 16:38:45.345,205.43,0.138058545864,0.0,0
2018-05-27 16:38:45.532,204.09,0.138058545864,0.0,0
2018-05-27 16:38:45.625,205.68,0.138058545864,0.0,0
2018-05-27 16:38:45.718,204.55,0.138058545864,0.0,0
2018-05-27 16:38:45.811,205.84,0.138058545864,0.0,0
2018-05-27 16:38:46.066,205.79,0.138058545864,0.0,0
2018-05-27 16:38:46.252,204.71,0.138058545864,0.0,0
2018-05-27 16:38:46.429,206.96,0.138058545864,0.0,0
2018-05-27 16:38:46.522,205.23,0.138058545864,0.0,0
2018-05-27 16:38:46.606,205.08,0.138058545864,0.0,0
2018-05-27 16:38:46.699,207.32,0.138058545864,0.0,0
2018-05-27 16:38:46.793,206.31,0.138058545864,0.0,0
2018-05-27 16:38:46.886,207.29,0.138058545864,0.0,0
2018-05-27 16:38:47.048,205.78,0.138058545864,0.0,0
2018-05-27 16:38:47.327,207.31,0.138058545864,0.0,0
2018-05-27 16:38:47.411,208.62,0.138058545864,0.0,0
2018-05-27 16:38:47.597,207.78,0.138058545864,0.0,0
2018-05-27 16:38:47.783,208.11,0.138058545864,0.0,0
2018-05-27 16:38:47.876,208.27,0.138058545864,0.0,0
2018-05-27 16:38:48.038,208.38,0.138058545864,0.0,0
2018-05-27 16:38:48.131,208.49,0.138058545864,0.0,0
2018-05-27 16:38:48.225,209.21,0.138058545864,0.0,0
2018-05-27 16:38:48.401,208.93,0.138058545864,0.0,0
2018-05-27 16:38:48.495,210.81,0.138058545864,0.0,0
2018-05-27 16:38:48.588,210.57,0.138058545864,0.0,0
2018-05-27 16:38:48.681,211.84,0.138058545864,0.0,0
2018-05-27 16:38:48.774,210.78,0.138058545864,0.0,0
2018-05-27 16:38:49.029,211.36,0.138058545864,0.0,0
2018-05-27 16:38:49.215,213.38,0.138058545864,0.0,0
2018-05-27 16:38:49.309,212.65,0.138058545864,0.0,0
2018-05-27 16:38:49.578,214.59,0.138058545864,0.0,0
2018-05-27 16:38:49.672,213.94,0.138058545864,0.0,0
2018-05-27 16:38:49.858,215.37,0.138058545864,0.0,0
2018-05-27 16:38:50.015,216.51,0.138058545864,0.0,0
2018-05-27 16:38:50.187,216.84,0.138058545864,0.0,0
2018-05-27 16:38:50.914,217.84,0.138058545864,0.0,0
2018-05-27 16:38:51.532,218.96,0.138058545864,0.0,0
2018-05-27 16:38:51.718,220.91,0.138058545864,0.0,0
2018-05-27 16:38:52.048,220.57,0.138058545864,0.0,0
2018-05-27 16:38:52.234,221.8,0.138058545864,0.0,0
2018-05-27 16:38:52.420,221.33,0.138058545864,0.0,0
2018-05-27 16:38:52.504,222.28,0.138058545864,0.0,0
2018-05-27 16:38:52.681,224.05,0.138058545864,0.0,0
2018-05-27 16:38:52.867,223.4,0.138058545864,0.0,0
2018-05-27 16:38:53.029,223.39,0.138058545864,0.0,0
2018-05-27 16:38:53.122,224.5,0.138058545864,0.0,0
2018-05-27 16:38:53.309,224.13,0.138058545864,0.0,0
2018-05-27 16:38:53.486,224.67,0.138058545864,0.0,0
2018-05-27 16:38:53.579,225.7,0.138058545864,0.0,0
2018-05-27 16:38:53.858,225.19,0.138058545864,0.0,0
2018-05-27 16:38:54.188,226.63,0.138058545864,0.0,0
2018-05-27 16:38:54.281,226.39,0.138058545864,0.0,0
2018-05-27 16:38:54.737,226.13,0.138058545864,0.0,0
2018-05-27 16:38:54.830,225.74,0.138058545864,0.0,0
2018-05-27 16:38:55.086,226.26,0.138058545864,0.0,0
2018-05-27 16:38:55.439,228.01,0.138058545864,0.0,0
2018-05-27 16:38:55.886,227.65,0.138058545864,0.0,0
2018-05-27 16:38:56.328,228.24,0.138058545864,0.0,0
2018-05-27 16:38:57.309,231.57,0.138058545864,0.0,0
2018-05-27 16:38:57.394,230.3,0.138058545864,0.0,0
2018-05-27 16:38:57.766,229.72,0.138058545864,0.0,0
2018-05-27 16:38:58.188,226.75,0.138058545864,0.0,0
2018-05-27 16:38:58.272,225.36,0.138058545864,0.0,0
2018-05-27 16:38:58.459,223.56,0.138058545864,0.0,0
2018-05-27 16:38:58.552,223.99,0.138058545864,0.0,0
2018-05-27 16:38:58.645,222.81,0.138058545864,0.0,0
2018-05-27 16:38:58.831,219.37,0.138058545864,0.0,0
2018-05-27 16:38:59.086,218.27,0.138058545864,0.0,0
2018-05-27 16:38:59.822,209.92,0.138058545864,0.0,0
2018-05-27 16:39:00.077,210.92,0.138058545864,0.0,0
2018-05-27 16:39:00.264,209.47,0.138058545864,0.0,0
2018-05-27 16:39:00.534,209.08,0.138058545864,0.0,0
2018-05-27 16:39:00.627,209.39,0.138058545864,0.0,0
2018-05-27 16:39:00.813,208.83,0.138058545864,0.0,0
2018-05-27 16:39:00.906,208.79,0.138058545864,0.0,0
2018-05-27 16:39:01.255,207.13,0.138058545864,0.0,0
2018-05-27 16:39:01.339,207.05,0.138058545864,0.0,0
2018-05-27 16:39:01.609,206.95,0.138058545864,0.0,0
2018-05-27 16:39:01.702,206.39,0.138058545864,0.0,0
2018-05-27 16:39:01.795,206.26,0.138058545864,0.0,0
2018-05-27 16:39:02.050,206.32,0.138058545864,0.0,0
2018-05-27 16:39:02.143,203.9,0.138058545864,0.0,0
2018-05-27 16:39:02.236,204.45,0.138058545864,0.0,0
2018-05-27 16:39:02.497,203.49,0.138058545864,0.0,0
2018-05-27 16:39:02.684,205.51,0.138058545864,0.0,0
2018-05-27 16:39:02.870,206.08,0.138058545864,0.0,0
2018-05-27 16:39:03.209,206.66,0.138058545864,0.0,0
2018-05-27 16:39:03.386,206.76,0.138058545864,0.0,0
2018-05-27 16:39:03.470,206.95,0.138058545864,0.0,0
2018-05-27 16:39:03.563,208.33,0.138058545864,0.0,0
2018-05-27 16:39:03.740,207.88,0.138058545864,0.0,0
2018-05-27 16:39:03.926,208.83,0.138058545864,0.0,0
2018-05-27 16:39:04.181,210.66,0.138058545864,0.0,0
2018-05-27 16:39:04.274,211.16,0.138058545864,0.0,0
2018-05-27 16:39:04.824,212.51,0.138058545864,0.0,0
2018-05-27 16:39:04.917,211.07,0.138058545864,0.0,0
2018-05-27 16:39:05.172,208.98,0.138058545864,0.0,0
2018-05-27 16:39:05.442,208.4,0.138058545864,0.0,0
2018-05-27 16:39:05.535,208.33,0.138058545864,0.0,0
2018-05-27 16:39:05.629,207.35,0.138058545864,0.0,0
2018-05-27 16:39:05.722,206.76,0.138058545864,0.0,0
2018-05-27 16:39:06.070,205.26,0.138058545864,0.0,0
2018-05-27 16:39:06.163,207.86,0.138058545864,0.0,0
2018-05-27 16:39:06.433,207.77,0.138058545864,0.0,0
2018-05-27 16:39:06.517,207.94,0.138058545864,0.0,0
2018-05-27 16:39:06.703,206.7,0.138058545864,0.0,0
2018-05-27 16:39:06.797,205.41,0.138058545864,0.0,0
2018-05-27 16:39:07.145,204.77,0.138058545864,0.0,0
2018-05-27 16:39:07.238,205.92,0.138058545864,0.0,0
2018-05-27 16:39:07.322,206.26,0.138058545864,0.0,0
2018-05-27 16:39:07.499,204.69,0.138058545864,0.0,0
2018-05-27 16:39:07.592,206.5,0.138058545864,0.0,0
2018-05-27 16:39:07.685,205.6,0.138058545864,0.0,0
2018-05-27 16:39:07.871,205.59,0.138058545864,0.0,0
2018-05-27 16:39:08.033,205.95,0.138058545864,0.0,0
2018-05-27 16:39:08.127,205.67,0.138058545864,0.0,0
2018-05-27 16:39:08.220,205.74,0.138058545864,0.0,0
2018-05-27 16:39:08.303,205.48,0.138058545864,0.0,0
2018-05-27 16:39:08.392,205.83,0.138058545864,0.0,0
2018-05-27 16:39:08.480,206.91,0.138058545864,0.0,0
2018-05-27 16:39:08.564,206.52,0.138058545864,0.0,0
2018-05-27 16:39:08.657,206.31,0.138058545864,0.0,0
2018-05-27 16:39:08.844,205.64,0.138058545864,0.0,0
2018-05-27 16:39:09.006,208.21,0.138058545864,0.0,0
2018-05-27 16:39:09.090,208.56,0.138058545864,0.0,0
2018-05-27 16:39:09.183,206.48,0.138058545864,0.0,0
2018-05-27 16:39:09.360,209.14,0.138058545864,0.0,0
2018-05-27 16:39:09.546,209.4,0.138058545864,0.0,0
2018-05-27 16:39:09.639,208.43,0.138058545864,0.0,0
2018-05-27 16:39:09.733,210.2,0.138058545864,0.0,0
2018-05-27 16:39:09.909,210.35,0.138058545864,0.0,0
2018-05-27 16:39:10.071,210.05,0.138058545864,0.0,0
2018-05-27 16:39:10.164,211.01,0.138058545864,0.0,0
2018-05-27 16:39:10.258,210.87,0.138058545864,0.0,0
2018-05-27 16:39:10.612,212.81,0.138058545864,0.0,0
2018-05-27 16:39:10.695,213.7,0.138058545864,0.0,0
2018-05-27 16:39:10.789,212.01,0.138058545864,0.0,0
2018-05-27 16:39:10.882,214.15,0.138058545864,0.0,0
2018-05-27 16:39:11.044,214.21,0.138058545864,0.0,0
2018-05-27 16:39:11.323,214.36,0.138058545864,0.0,0
2018-05-27 16:39:11.416,214.73,0.138058545864,0.0,0
2018-05-27 16:39:11.593,216.68,0.138058545864,0.0,0
2018-05-27 16:39:11.686,216.62,0.138058545864,0.0,0
2018-05-27 16:39:11.770,217.5,0.138058545864,0.0,0
2018-05-27 16:39:11.873,217.1,0.138058545864,0.0,0
2018-05-27 16:39:12.035,218.1,0.138058545864,0.0,0
2018-05-27 16:39:12.128,217.94,0.138058545864,0.0,0
2018-05-27 16:39:12.221,217.45,0.138058545864,0.0,0
2018-05-27 16:39:12.398,217.64,0.138058545864,0.0,0
2018-05-27 16:39:12.579,218.29,0.138058545864,0.0,0
2018-05-27 16:39:12.668,219.82,0.138058545864,0.0,0
2018-05-27 16:39:12.752,218.46,0.138058545864,0.0,0
2018-05-27 16:39:13.007,218.95,0.138058545864,0.0,0
2018-05-27 16:39:13.100,219.76,0.138058545864,0.0,0
2018-05-27 16:39:13.286,221.13,0.138058545864,0.0,0
2018-05-27 16:39:13.463,221.96,0.138058545864,0.0,0
2018-05-27 16:39:13.557,221.39,0.138058545864,0.0,0
2018-05-27 16:39:13.743,221.21,0.138058545864,0.0,0
2018-05-27 16:39:13.836,223.31,0.138058545864,0.0,0
2018-05-27 16:39:13.929,223.28,0.138058545864,0.0,0
2018-05-27 16:39:14.091,222.19,0.138058545864,0.0,0
2018-05-27 16:39:14.184,222.22,0.138058545864,0.0,0
2018-05-27 16:39:14.277,222.65,0.138058545864,0.0,0
2018-05-27 16:39:14.361,223.01,0.138058545864,0.0,0
2018-05-27 16:39:14.454,223.53,0.138058545864,0.0,0
2018-05-27 16:39:14.641,224.07,0.138058545864,0.0,0
2018-05-27 16:39:14.734,225.43,0.138058545864,0.0,0
2018-05-27 16:39:14.827,225.59,0.138058545864,0.0,0
2018-05-27 16:39:15.175,225.07,0.138058545864,0.0,0
2018-05-27 16:39:15.268,225.04,0.138058545864,0.0,0
2018-05-27 16:39:15.538,224.89,0.138058545864,0.0,0
2018-05-27 16:39:15.725,225.77,0.138058545864,0.0,0
2018-05-27 16:39:15.818,226.16,0.138058545864,0.0,0
2018-05-27 16:39:15.911,227.05,0.138058545864,0.0,0
2018-05-27 16:39:16.073,227.33,0.138058545864,0.0,0
2018-05-27 16:39:16.166,227.72,0.138058545864,0.0,0
2018-05-27 16:39:16.259,226.44,0.138058545864,0.0,0
2018-05-27 16:39:16.436,227.94,0.138058545864,0.0,0
2018-05-27 16:39:16.520,227.15,0.138058545864,0.0,0
2018-05-27 16:39:16.893,229.44,0.138058545864,0.0,0
2018-05-27 16:39:17.148,229.44,0.138058545864,0.0,0
2018-05-27 16:39:17.241,229.53,0.138058545864,0.0,0
2018-05-27 16:39:17.325,228.05,0.138058545864,0.0,0
2018-05-27 16:39:17.418,229.1,0.138058545864,0.0,0
2018-05-27 16:39:17.688,228.96,0.138058545864,0.0,0
2018-05-27 16:39:17.781,229.37,0.138058545864,0.0,0
2018-05-27 16:39:17.874,228.89,0.138058545864,0.0,0
2018-05-27 16:39:18.037,229.37,0.138058545864,0.0,0
2018-05-27 16:39:18.306,230.28,0.138058545864,0.0,0
2018-05-27 16:39:18.660,225.04,0.138058545864,0.0,0
2018-05-27 16:39:18.754,223.78,0.138058545864,0.0,0
2018-05-27 16:39:18.931,221.57,0.138058545864,0.0,0
2018-05-27 16:39:19.186,219.87,0.138058545864,0.0,0
2018-05-27 16:39:19.372,217.4,0.138058545864,0.0,0
2018-05-27 16:39:19.456,217.08,0.138058545864,0.0,0
2018-05-27 16:39:19.642,214.72,0.138058545864,0.0,0
2018-05-27 16:39:19.912,211.32,0.138058545864,0.0,0
2018-05-27 16:39:20.344,208.4,0.138058545864,0.0,0
2018-05-27 16:39:20.437,208.02,0.138058545864,0.0,0
2018-05-27 16:39:20.522,208.67,0.138058545864,0.0,0
2018-05-27 16:39:20.605,207.45,0.138058545864,0.0,0
2018-05-27 16:39:20.885,206.33,0.138058545864,0.0,0
2018-05-27 16:39:21.233,204.49,0.138058545864,0.0,0
2018-05-27 16:39:21.410,207.0,0.138058545864,0.0,0
2018-05-27 16:39:21.503,205.31,0.138058545864,0.0,0
2018-05-27 16:39:21.596,206.53,0.138058545864,0.0,0
2018-05-27 16:39:21.689,204.49,0.138058545864,0.0,0
2018-05-27 16:39:21.782,206.14,0.138058545864,0.0,0
2018-05-27 16:39:21.876,204.99,0.138058545864,0.0,0
2018-05-27 16:39:22.037,204.73,0.138058545864,0.0,0
2018-05-27 16:39:22.131,206.5,0.138058545864,0.0,0
2018-05-27 16:39:22.224,204.6,0.138058545864,0.0,0
2018-05-27 16:39:22.317,206.78,0.138058545864,0.0,0
2018-05-27 16:39:22.494,205.87,0.138058545864,0.0,0
2018-05-27 16:39:22.680,205.58,0.138058545864,0.0,0
2018-05-27 16:39:22.773,207.52,0.138058545864,0.0,0
2018-05-27 16:39:22.867,206.06,0.138058545864,0.0,0
2018-05-27 16:39:23.024,206.06,0.138058545864,0.0,0
2018-05-27 16:39:23.196,206.79,0.138058545864,0.0,0
2018-05-27 16:39:23.280,207.25,0.138058545864,0.0,0
2018-05-27 16:39:23.373,206.77,0.138058545864,0.0,0
2018-05-27 16:39:23.466,206.79,0.138058545864,0.0,0
2018-05-27 16:39:23.559,207.04,0.138058545864,0.0,0
2018-05-27 16:39:23.653,206.62,0.138058545864,0.0,0
2018-05-27 16:39:23.746,208.02,0.138058545864,0.0,0
2018-05-27 16:39:23.839,207.32,0.138058545864,0.0,0
2018-05-27 16:39:24.001,209.32,0.138058545864,0.0,0
2018-05-27 16:39:24.094,207.96,0.138058545864,0.0,0
2018-05-27 16:39:24.178,208.64,0.138058545864,0.0,0
2018-05-27 16:39:24.355,209.3,0.138058545864,0.0,0
2018-05-27 16:39:24.448,210.68,0.138058545864,0.0,0
2018-05-27 16:39:24.541,209.4,0.138058545864,0.0,0
2018-05-27 16:39:24.634,211.79,0.138058545864,0.0,0
2018-05-27 16:39:24.727,210.81,0.138058545864,0.0,0
2018-05-27 16:39:24.821,212.37,0.138058545864,0.0,0
2018-05-27 16:39:24.914,210.83,0.138058545864,0.0,0
2018-05-27 16:39:25.150,213.01,0.138058545864,0.0,0
2018-05-27 16:39:25.429,212.77,0.138058545864,0.0,0
2018-05-27 16:39:25.709,211.6,0.138058545864,0.0,0
2018-05-27 16:39:26.048,209.15,0.138058545864,0.0,0
2018-05-27 16:39:26.327,206.83,0.138058545864,0.0,0
2018-05-27 16:39:26.420,205.71,0.138058545864,0.0,0
2018-05-27 16:39:26.597,206.51,0.138058545864,0.0,0
2018-05-27 16:39:26.691,203.41,0.138058545864,0.0,0
2018-05-27 16:39:26.784,205.36,0.138058545864,0.0,0
2018-05-27 16:39:26.868,204.81,0.138058545864,0.0,0
2018-05-27 16:39:27.123,202.96,0.138058545864,0.0,0
2018-05-27 16:39:27.309,202.89,0.138058545864,0.0,0
2018-05-27 16:39:27.397,203.16,0.138058545864,0.0,0
2018-05-27 16:39:27.486,203.58,0.138058545864,0.0,0
2018-05-27 16:39:27.570,204.43,0.138058545864,0.0,0
2018-05-27 16:39:27.654,203.89,0.138058545864,0.0,0
2018-05-27 16:39:27.840,203.24,0.138058545864,0.0,0
2018-05-27 16:39:28.002,204.92,0.138058545864,0.0,0
2018-05-27 16:39:28.188,204.53,0.138058545864,0.0,0
2018-05-27 16:39:28.458,203.23,0.138058545864,0.0,0
2018-05-27 16:39:28.542,204.28,0.138058545864,0.0,0
2018-05-27 16:39:28.728,205.36,0.138058545864,0.0,0
2018-05-27 16:39:28.821,205.75,0.138058545864,0.0,0
2018-05-27 16:39:29.076,205.92,0.138058545864,0.0,0
2018-05-27 16:39:29.263,205.68,0.138058545864,0.0,0
2018-05-27 16:39:29.524,207.67,0.138058545864,0.0,0
2018-05-27 16:39:29.710,208.46,0.138058545864,0.0,0
2018-05-27 16:39:29.896,208.78,0.138058545864,0.0,0
2018-05-27 16:39:30.058,207.37,0.138058545864,0.0,0
2018-05-27 16:39:30.244,207.56,0.138058545864,0.0,0
2018-05-27 16:39:30.328,207.43,0.138058545864,0.0,0
2018-05-27 16:39:30.505,209.55,0.138058545864,0.0,0
2018-05-27 16:39:30.598,208.1,0.138058545864,0.0,0
2018-05-27 16:39:30.691,209.29,0.138058545864,0.0,0
2018-05-27 16:39:30.784,209.75,0.138058545864,0.0,0
2018-05-27 16:39:30.877,209.97,0.138058545864,0.0,0
2018-05-27 16:39:31.039,211.82,0.138058545864,0.0,0
2018-05-27 16:39:31.132,210.53,0.138058545864,0.0,0
2018-05-27 16:39:31.216,210.86,0.138058545864,0.0,0
2018-05-27 16:39:31.309,212.78,0.138058545864,0.0,0
2018-05-27 16:39:31.398,212.47,0.138058545864,0.0,0
2018-05-27 16:39:31.486,212.61,0.138058545864,0.0,0
2018-05-27 16:39:31.570,213.55,0.138058545864,0.0,0
2018-05-27 16:39:31.663,212.78,0.138058545864,0.0,0
2018-05-27 16:39:31.841,213.72,0.138058545864,0.0,0
2018-05-27 16:39:32.002,214.55,0.138058545864,0.0,0
2018-05-27 16:39:32.188,215.23,0.138058545864,0.0,0
2018-05-27 16:39:32.282,215.6,0.138058545864,0.0,0
2018-05-27 16:39:32.375,215.44,0.138058545864,0.0,0
2018-05-27 16:39:32.458,216.1,0.138058545864,0.0,0
2018-05-27 16:39:32.728,216.49,0.138058545864,0.0,0
2018-05-27 16:39:33.170,218.53,0.138058545864,0.0,0
2018-05-27 16:39:33.263,217.02,0.138058545864,0.0,0
2018-05-27 16:39:33.440,217.89,0.138058545864,0.0,0
2018-05-27 16:39:33.524,219.59,0.138058545864,0.0,0
2018-05-27 16:39:33.710,218.51,0.138058545864,0.0,0
2018-05-27 16:39:33.803,220.95,0.138058545864,0.0,0
2018-05-27 16:39:34.058,220.05,0.138058545864,0.0,0
2018-05-27 16:39:34.151,219.41,0.138058545864,0.0,0
2018-05-27 16:39:34.245,221.17,0.138058545864,0.0,0
2018-05-27 16:39:34.328,220.58,0.138058545864,0.0,0
2018-05-27 16:39:34.514,222.69,0.138058545864,0.0,0
2018-05-27 16:39:34.608,221.71,0.138058545864,0.0,0
2018-05-27 16:39:34.701,220.98,0.138058545864,0.0,0
2018-05-27 16:39:34.794,221.65,0.138058545864,0.0,0
2018-05-27 16:39:35.049,223.49,0.138058545864,0.0,0
2018-05-27 16:39:35.142,223.06,0.138058545864,0.0,0
2018-05-27 16:39:35.235,222.09,0.138058545864,0.0,0
2018-05-27 16:39:35.589,224.99,0.138058545864,0.0,0
2018-05-27 16:39:35.682,224.22,0.138058545864,0.0,0
2018-05-27 16:39:35.775,224.0,0.138058545864,0.0,0
2018-05-27 16:39:35.868,224.67,0.138058545864,0.0,0
2018-05-27 16:39:36.025,225.83,0.138058545864,0.0,0
2018-05-27 16:39:36.114,224.6,0.138058545864,0.0,0
2018-05-27 16:39:36.198,226.22,0.138058545864,0.0,0
2018-05-27 16:39:36.375,224.99,0.138058545864,0.0,0
2018-05-27 16:39:36.468,225.48,0.138058545864,0.0,0
2018-05-27 16:39:37.179,226.96,0.138058545864,0.0,0
2018-05-27 16:39:37.552,226.71,0.138058545864,0.0,0
2018-05-27 16:39:38.170,227.94,0.138058545864,0.0,0
2018-05-27 16:39:38.347,228.48,0.138058545864,0.0,0
2018-05-27 16:39:38.524,229.04,0.138058545864,0.0,0
2018-05-27 16:39:39.235,229.43,0.138058545864,0.0,0
2018-05-27 16:39:39.878,223.67,0.138058545864,0.0,0
2018-05-27 16:39:40.045,223.61,0.138058545864,0.0,0
2018-05-27 16:39:40.403,219.23,0.138058545864,0.0,0
2018-05-27 16:39:40.496,217.49,0.138058545864,0.0,0
2018-05-27 16:39:40.589,217.3,0.138058545864,0.0,0
2018-05-27 16:39:40.869,213.8,0.138058545864,0.0,0
2018-05-27 16:39:41.114,213.35,0.138058545864,0.0,0
2018-05-27 16:39:41.198,212.65,0.138058545864,0.0,0
2018-05-27 16:39:41.468,208.0,0.138058545864,0.0,0
2018-05-27 16:39:41.655,206.27,0.138058545864,0.0,0
2018-05-27 16:39:42.003,202.67,0.138058545864,0.0,0
2018-05-27 16:39:42.096,201.99,0.138058545864,0.0,0
2018-05-27 16:39:42.189,201.86,0.138058545864,0.0,0
2018-05-27 16:39:42.282,200.57,0.138058545864,0.0,0
2018-05-27 16:39:42.366,199.36,0.138058545864,0.0,0
2018-05-27 16:39:42.552,200.5,0.138058545864,0.0,0
2018-05-27 16:39:42.925,197.98,0.138058545864,0.0,0
2018-05-27 16:39:43.086,197.38,0.138058545864,0.0,0
2018-05-27 16:39:43.273,198.14,0.138058545864,0.0,0
2018-05-27 16:39:43.357,197.93,0.138058545864,0.0,0
2018-05-27 16:39:43.450,198.03,0.138058545864,0.0,0
2018-05-27 16:39:43.543,196.35,0.138058545864,0.0,0
2018-05-27 16:39:43.729,197.57,0.138058545864,0.0,0
2018-05-27 16:39:44.077,197.59,0.138058545864,0.0,0
2018-05-27 16:39:44.264,198.63,0.138058545864,0.0,0
2018-05-27 16:39:44.440,199.13,0.138058545864,0.0,0
2018-05-27 16:39:44.534,199.42,0.138058545864,0.0,0
2018-05-27 16:39:44.627,200.95,0.138058545864,0.0,0
2018-05-27 16:39:45.329,201.24,0.138058545864,0.0,0
2018-05-27 16:39:45.515,202.46,0.138058545864,0.0,0
2018-05-27 16:39:45.701,204.91,0.138058545864,0.0,0
2018-05-27 16:39:46.050,205.16,0.138058545864,0.0,0
2018-05-27 16:39:46.319,206.28,0.138058545864,0.0,0
2018-05-27 16:39:46.590,207.41,0.138058545864,0.0,0
2018-05-27 16:39:46.683,208.45,0.138058545864,0.0,0
2018-05-27 16:39:46.870,206.5,0.138058545864,0.0,0
2018-05-27 16:39:47.115,205.56,0.138058545864,0.0,0
2018-05-27 16:39:47.292,204.34,0.138058545864,0.0,0
2018-05-27 16:39:47.375,202.88,0.138058545864,0.0,0
2018-05-27 16:39:47.562,202.68,0.138058545864,0.0,0
2018-05-27 16:39:47.925,200.06,0.138058545864,0.0,0
2018-05-27 16:39:48.087,200.19,0.138058545864,0.0,0
2018-05-27 16:39:48.273,200.75,0.138058545864,0.0,0
2018-05-27 16:39:48.459,201.97,0.138058545864,0.0,0
2018-05-27 16:39:48.553,200.26,0.138058545864,0.0,0
2018-05-27 16:39:48.636,200.24,0.138058545864,0.0,0
2018-05-27 16:39:48.813,199.46,0.138058545864,0.0,0
2018-05-27 16:39:49.068,200.63,0.138058545864,0.0,0
2018-05-27 16:39:49.329,199.16,0.138058545864,0.0,0
2018-05-27 16:39:49.608,198.45,0.138058545864,0.0,0
2018-05-27 16:39:49.702,197.43,0.138058545864,0.0,0
2018-05-27 16:39:49.795,196.9,0.138058545864,0.0,0
2018-05-27 16:39:49.888,198.24,0.138058545864,0.0,0
2018-05-27 16:39:50.050,197.1,0.138058545864,0.0,0
2018-05-27 16:39:50.320,195.35,0.138058545864,0.0,0
2018-05-27 16:39:50.404,196.99,0.138058545864,0.0,0
2018-05-27 16:39:50.497,196.1,0.138058545864,0.0,0
2018-05-27 16:39:50.590,198.31,0.138058545864,0.0,0
2018-05-27 16:39:50.683,197.41,0.138058545864,0.0,0
2018-05-27 16:39:50.776,197.62,0.138058545864,0.0,0
2018-05-27 16:39:51.027,197.22,0.138058545864,0.0,0
2018-05-27 16:39:51.199,198.86,0.138058545864,0.0,0
2018-05-27 16:39:51.292,199.81,0.138058545864,0.0,0
2018-05-27 16:39:51.385,198.25,0.138058545864,0.0,0
2018-05-27 16:39:51.469,199.0,0.138058545864,0.0,0
2018-05-27 16:39:51.562,198.81,0.138058545864,0.0,0
2018-05-27 16:39:51.655,199.55,0.138058545864,0.0,0
2018-05-27 16:39:51.748,200.72,0.138058545864,0.0,0
2018-05-27 16:39:51.842,199.64,0.138058545864,0.0,0
2018-05-27 16:39:52.003,201.47,0.138058545864,0.0,0
2018-05-27 16:39:52.189,201.17,0.138058545864,0.0,0
2018-05-27 16:39:52.283,202.56,0.138058545864,0.0,0
2018-05-27 16:39:52.366,202.43,0.138058545864,0.0,0
2018-05-27 16:39:52.730,204.63,0.138058545864,0.0,0
2018-05-27 16:39:52.823,204.11,0.138058545864,0.0,0
2018-05-27 16:39:52.907,204.71,0.138058545864,0.0,0
2018-05-27 16:39:53.068,204.85,0.138058545864,0.0,0
2018-05-27 16:39:53.162,206.61,0.138058545864,0.0,0
2018-05-27 16:39:53.255,204.79,0.138058545864,0.0,0
2018-05-27 16:39:53.339,206.57,0.138058545864,0.0,0
2018-05-27 16:39:53.422,206.63,0.138058545864,0.0,0
2018-05-27 16:39:53.515,208.38,0.138058545864,0.0,0
2018-05-27 16:39:53.609,206.64,0.138058545864,0.0,0
2018-05-27 16:39:54.143,210.38,0.138058545864,0.0,0
2018-05-27 16:39:54.236,211.5,0.138058545864,0.0,0
2018-05-27 16:39:54.329,210.91,0.138058545864,0.0,0
2018-05-27 16:39:54.423,213.11,0.138058545864,0.0,0
2018-05-27 16:39:54.506,213.29,0.138058545864,0.0,0
2018-05-27 16:39:54.599,212.83,0.138058545864,0.0,0
2018-05-27 16:39:54.879,214.24,0.138058545864,0.0,0
2018-05-27 16:39:55.041,215.4,0.138058545864,0.0,0
2018-05-27 16:39:55.134,216.36,0.138058545864,0.0,0
2018-05-27 16:39:55.227,216.13,0.138058545864,0.0,0
2018-05-27 16:39:55.320,217.58,0.138058545864,0.0,0
2018-05-27 16:39:55.497,218.52,0.138058545864,0.0,0
2018-05-27 16:39:55.590,217.77,0.138058545864,0.0,0
2018-05-27 16:39:55.776,217.93,0.138058545864,0.0,0
2018-05-27 16:39:55.869,218.31,0.138058545864,0.0,0
2018-05-27 16:39:56.026,219.51,0.138058545864,0.0,0
2018-05-27 16:39:56.115,219.97,0.138058545864,0.0,0
2018-05-27 16:39:56.199,220.89,0.138058545864,0.0,0
2018-05-27 16:39:56.292,220.23,0.138058545864,0.0,0
2018-05-27 16:39:56.460,220.22,0.138058545864,0.0,0
2018-05-27 16:39:56.553,220.74,0.138058545864,0.0,0
2018-05-27 16:39:57.171,222.72,0.138058545864,0.0,0
2018-05-27 16:39:57.357,224.38,0.138058545864,0.0,0
2018-05-27 16:39:57.441,223.62,0.138058545864,0.0,0
2018-05-27 16:39:57.525,224.15,0.138058545864,0.0,0
2018-05-27 16:39:57.711,223.98,0.138058545864,0.0,0
2018-05-27 16:39:57.805,224.08,0.138058545864,0.0,0
2018-05-27 16:39:57.888,224.51,0.138058545864,0.0,0
2018-05-27 16:39:58.050,224.79,0.138058545864,0.0,0
2018-05-27 16:39:58.143,225.41,0.138058545864,0.0,0
2018-05-27 16:39:58.236,225.3,0.138058545864,0.0,0
2018-05-27 16:39:58.329,226.06,0.138058545864,0.0,0
2018-05-27 16:39:58.423,226.52,0.138058545864,0.0,0
2018-05-27 16:39:58.516,226.39,0.138058545864,0.0,0
2018-05-27 16:39:58.609,225.6,0.138058545864,0.0,0
2018-05-27 16:39:58.702,225.63,0.138058545864,0.0,0
2018-05-27 16:39:58.796,224.49,0.138058545864,0.0,0
2018-05-27 16:39:58.879,226.51,0.138058545864,0.0,0
2018-05-27 16:39:59.041,225.94,0.138058545864,0.0,0
2018-05-27 16:39:59.227,224.99,0.138058545864,0.0,0
2018-05-27 16:39:59.498,226.79,0.138058545864,0.0,0
2018-05-27 16:39:59.758,226.05,0.138058545864,0.0,0
2018-05-27 16:39:59.851,226.65,0.138058545864,0.0,0
2018-05-27 16:40:00.106,228.23,0.138058545864,0.0,0
2018-05-27 16:40:00.283,227.69,0.138058545864,0.0,0
2018-05-27 16:40:00.376,227.14,0.138058545864,0.0,0
2018-05-27 16:40:00.460,228.51,0.138058545864,0.0,0
2018-05-27 16:40:00.553,228.86,0.138058545864,0.0,0
2018-05-27 16:40:00.833,228.33,0.138058545864,0.0,0
2018-05-27 16:40:01.078,230.28,0.138058545864,0.0,0
2018-05-27 16:40:01.171,228.76,0.138058545864,0.0,0
2018-05-27 16:40:01.348,226.26,0.138058545864,0.0,0
2018-05-27 16:40:01.525,224.12,0.138058545864,0.0,0
2018-05-27 16:40:01.618,222.82,0.138058545864,0.0,0
2018-05-27 16:40:01.888,219.85,0.138058545864,0.0,0
2018-05-27 16:40:02.236,217.04,0.138058545864,0.0,0
2018-05-27 16:40:02.330,217.25,0.138058545864,0.0,0
2018-05-27 16:40:02.609,212.59,0.138058545864,0.0,0
2018-05-27 16:40:02.879,209.5,0.138058545864,0.0,0
2018-05-27 16:40:03.134,206.87,0.138058545864,0.0,0
2018-05-27 16:40:03.404,203.32,0.138058545864,0.0,0
2018-05-27 16:40:03.497,202.1,0.138058545864,0.0,0
2018-05-27 16:40:03.591,200.75,0.138058545864,0.0,0
2018-05-27 16:40:03.758,200.91,0.138058545864,0.0,0
2018-05-27 16:40:03.851,200.91,0.138058545864,0.0,0
2018-05-27 16:40:04.013,200.83,0.138058545864,0.0,0
2018-05-27 16:40:04.106,199.63,0.138058545864,0.0,0
2018-05-27 16:40:04.199,199.38,0.138058545864,0.0,0
2018-05-27 16:40:04.378,199.87,0.138058545864,0.0,0
2018-05-27 16:40:04.563,198.81,0.138058545864,0.0,0
2018-05-27 16:40:04.656,200.11,0.138058545864,0.0,0
2018-05-27 16:40:05.097,200.6,0.138058545864,0.0,0
2018-05-27 16:40:05.190,199.5,0.138058545864,0.0,0
2018-05-27 16:40:05.283,199.64,0.138058545864,0.0,0
2018-05-27 16:40:05.367,199.08,0.138058545864,0.0,0
2018-05-27 16:40:05.553,200.64,0.138058545864,0.0,0
2018-05-27 16:40:05.646,200.1,0.138058545864,0.0,0
2018-05-27 16:40:05.740,202.69,0.138058545864,0.0,0
2018-05-27 16:40:05.833,201.03,0.138058545864,0.0,0
2018-05-27 16:40:05.926,201.3,0.138058545864,0.0,0
2018-05-27 16:40:06.088,203.25,0.138058545864,0.0,0
2018-05-27 16:40:06.181,202.59,0.138058545864,0.0,0
2018-05-27 16:40:06.274,203.8,0.138058545864,0.0,0
2018-05-27 16:40:06.451,204.03,0.138058545864,0.0,0
2018-05-27 16:40:06.628,203.32,0.138058545864,0.0,0
2018-05-27 16:40:06.814,204.12,0.138058545864,0.0,0
2018-05-27 16:40:06.907,204.59,0.138058545864,0.0,0
2018-05-27 16:40:07.069,205.57,0.138058545864,0.0,0
2018-05-27 16:40:07.162,204.38,0.138058545864,0.0,0
2018-05-27 16:40:07.256,207.14,0.138058545864,0.0,0
2018-05-27 16:40:07.340,207.53,0.138058545864,0.0,0
2018-05-27 16:40:07.432,206.12,0.138058545864,0.0,0
2018-05-27 16:40:07.619,207.51,0.138058545864,0.0,0
2018-05-27 16:40:07.805,208.44,0.138058545864,0.0,0
2018-05-27 16:40:07.898,209.89,0.138058545864,0.0,0
2018-05-27 16:40:08.134,210.87,0.138058545864,0.0,0
2018-05-27 16:40:08.237,211.3,0.138058545864,0.0,0
2018-05-27 16:40:08.424,211.15,0.138058545864,0.0,0
2018-05-27 16:40:08.609,209.61,0.138058545864,0.0,0
2018-05-27 16:40:08.703,211.51,0.138058545864,0.0,0
2018-05-27 16:40:08.796,209.8,0.138058545864,0.0,0
2018-05-27 16:40:09.144,209.72,0.138058545864,0.0,0
2018-05-27 16:40:09.404,205.44,0.138058545864,0.0,0
2018-05-27 16:40:09.498,207.32,0.138058545864,0.0,0
2018-05-27 16:40:09.777,203.4,0.138058545864,0.0,0
2018-05-27 16:40:10.027,201.85,0.138058545864,0.0,0
2018-05-27 16:40:10.116,203.14,0.138058545864,0.0,0
2018-05-27 16:40:10.200,202.23,0.138058545864,0.0,0
2018-05-27 16:40:10.293,200.53,0.138058545864,0.0,0
2018-05-27 16:40:10.377,201.12,0.138058545864,0.0,0
2018-05-27 16:40:10.470,200.24,0.138058545864,0.0,0
2018-05-27 16:40:10.656,201.39,0.138058545864,0.0,0
2018-05-27 16:40:10.749,201.32,0.138058545864,0.0,0
2018-05-27 16:40:10.926,203.19,0.138058545864,0.0,0
2018-05-27 16:40:11.088,201.57,0.138058545864,0.0,0
2018-05-27 16:40:11.181,202.41,0.138058545864,0.0,0
2018-05-27 16:40:11.360,202.85,0.138058545864,0.0,0
2018-05-27 16:40:11.451,201.47,0.138058545864,0.0,0
2018-05-27 16:40:11.544,200.72,0.138058545864,0.0,0
2018-05-27 16:40:11.638,201.62,0.138058545864,0.0,0
2018-05-27 16:40:11.898,199.85,0.138058545864,0.0,0
2018-05-27 16:40:12.060,199.89,0.138058545864,0.0,0
2018-05-27 16:40:12.153,201.29,0.138058545864,0.0,0
2018-05-27 16:40:12.424,200.37,0.138058545864,0.0,0
2018-05-27 16:40:12.507,200.43,0.138058545864,0.0,0
2018-05-27 16:40:12.693,202.5,0.138058545864,0.0,0
2018-05-27 16:40:12.787,201.08,0.138058545864,0.0,0
2018-05-27 16:40:12.880,201.19,0.138058545864,0.0,0
2018-05-27 16:40:13.042,203.39,0.138058545864,0.0,0
2018-05-27 16:40:13.321,202.89,0.138058545864,0.0,0
2018-05-27 16:40:13.405,204.31,0.138058545864,0.0,0
2018-05-27 16:40:13.498,203.16,0.138058545864,0.0,0
2018-05-27 16:40:13.591,205.3,0.138058545864,0.0,0
2018-05-27 16:40:13.684,203.58,0.138058545864,0.0,0
2018-05-27 16:40:13.777,205.03,0.138058545864,0.0,0
2018-05-27 16:40:14.027,205.72,0.138058545864,0.0,0
2018-05-27 16:40:14.200,205.96,0.138058545864,0.0,0
2018-05-27 16:40:14.293,207.66,0.138058545864,0.0,0
2018-05-27 16:40:14.377,207.33,0.138058545864,0.0,0
2018-05-27 16:40:14.563,208.88,0.138058545864,0.0,0
2018-05-27 16:40:14.656,207.89,0.138058545864,0.0,0
2018-05-27 16:40:14.749,210.01,0.138058545864,0.0,0
2018-05-27 16:40:14.843,208.44,0.138058545864,0.0,0
2018-05-27 16:40:15.098,210.1,0.138058545864,0.0,0
2018-05-27 16:40:15.451,212.88,0.138058545864,0.0,0
2018-05-27 16:40:15.535,212.18,0.138058545864,0.0,0
2018-05-27 16:40:15.908,213.89,0.138058545864,0.0,0
2018-05-27 16:40:16.070,214.06,0.138058545864,0.0,0
2018-05-27 16:40:16.247,215.84,0.138058545864,0.0,0
2018-05-27 16:40:16.610,216.21,0.138058545864,0.0,0
2018-05-27 16:40:16.796,216.79,0.138058545864,0.0,0
2018-05-27 16:40:16.889,217.41,0.138058545864,0.0,0
2018-05-27 16:40:17.042,217.29,0.138058545864,0.0,0
2018-05-27 16:40:17.321,217.98,0.138058545864,0.0,0
2018-05-27 16:40:17.684,219.46,0.138058545864,0.0,0
2018-05-27 16:40:17.778,218.61,0.138058545864,0.0,0
2018-05-27 16:40:17.866,220.32,0.138058545864,0.0,0
2018-05-27 16:40:18.023,219.0,0.138058545864,0.0,0
2018-05-27 16:40:18.107,220.25,0.138058545864,0.0,0
2018-05-27 16:40:18.377,220.9,0.138058545864,0.0,0
2018-05-27 16:40:18.647,221.43,0.138058545864,0.0,0
2018-05-27 16:40:18.833,221.33,0.138058545864,0.0,0
2018-05-27 16:40:18.927,222.85,0.138058545864,0.0,0
2018-05-27 16:40:19.181,221.27,0.138058545864,0.0,0
2018-05-27 16:40:19.275,222.43,0.138058545864,0.0,0
2018-05-27 16:40:19.545,222.89,0.138058545864,0.0,0
2018-05-27 16:40:19.722,223.03,0.138058545864,0.0,0
2018-05-27 16:40:19.908,223.81,0.138058545864,0.0,0
2018-05-27 16:40:20.070,225.53,0.138058545864,0.0,0
2018-05-27 16:40:20.256,224.81,0.138058545864,0.0,0
2018-05-27 16:40:20.349,225.04,0.138058545864,0.0,0
2018-05-27 16:40:20.433,224.92,0.138058545864,0.0,0
2018-05-27 16:40:20.619,224.52,0.138058545864,0.0,0
2018-05-27 16:40:20.713,223.96,0.138058545864,0.0,0
2018-05-27 16:40:20.806,225.09,0.138058545864,0.0,0
2018-05-27 16:40:20.899,225.27,0.138058545864,0.0,0
2018-05-27 16:40:22.051,224.76,0.138058545864,0.0,0
2018-05-27 16:40:22.405,226.05,0.138058545864,0.0,0
2018-05-27 16:40:22.591,225.46,0.138058545864,0.0,0
2018-05-27 16:40:22.778,224.54,0.138058545864,0.0,0
2018-05-27 16:40:23.564,217.86,0.138058545864,0.0,0
2018-05-27 16:40:23.843,215.11,0.138058545864,0.0,0
2018-05-27 16:40:24.089,214.11,0.138058545864,0.0,0
2018-05-27 16:40:24.182,213.2,0.138058545864,0.0,0
2018-05-27 16:40:24.275,211.58,0.138058545864,0.0,0
2018-05-27 16:40:24.359,211.38,0.138058545864,0.0,0
2018-05-27 16:40:24.452,211.92,0.138058545864,0.0,0
2018-05-27 16:40:25.154,205.89,0.138058545864,0.0,0
2018-05-27 16:40:25.247,207.68,0.138058545864,0.0,0
2018-05-27 16:40:25.340,205.16,0.138058545864,0.0,0
2018-05-27 16:40:25.601,206.57,0.138058545864,0.0,0
2018-05-27 16:40:26.228,202.9,0.138058545864,0.0,0
2018-05-27 16:40:26.406,204.96,0.138058545864,0.0,0
2018-05-27 16:40:26.499,203.63,0.138058545864,0.0,0
2018-05-27 16:40:26.685,203.83,0.138058545864,0.0,0
2018-05-27 16:40:26.871,205.18,0.138058545864,0.0,0
2018-05-27 16:40:27.201,204.72,0.138058545864,0.0,0
2018-05-27 16:40:27.294,206.01,0.138058545864,0.0,0
2018-05-27 16:40:27.480,204.73,0.138058545864,0.0,0
2018-05-27 16:40:27.759,206.58,0.138058545864,0.0,0
2018-05-27 16:40:28.284,207.62,0.138058545864,0.0,0
2018-05-27 16:40:28.750,209.36,0.138058545864,0.0,0
2018-05-27 16:40:28.843,210.88,0.138058545864,0.0,0
2018-05-27 16:40:29.005,209.92,0.138058545864,0.0,0
2018-05-27 16:40:29.098,211.77,0.138058545864,0.0,0
2018-05-27 16:40:29.191,210.46,0.138058545864,0.0,0
2018-05-27 16:40:29.368,211.72,0.138058545864,0.0,0
2018-05-27 16:40:29.555,212.68,0.138058545864,0.0,0
2018-05-27 16:40:29.741,211.82,0.138058545864,0.0,0
2018-05-27 16:40:29.927,212.95,0.138058545864,0.0,0
2018-05-27 16:40:30.089,211.3,0.138058545864,0.0,0
2018-05-27 16:40:30.275,209.92,0.138058545864,0.0,0
2018-05-27 16:40:30.359,208.62,0.138058545864,0.0,0
2018-05-27 16:40:30.452,210.29,0.138058545864,0.0,0
2018-05-27 16:40:30.545,206.61,0.138058545864,0.0,0
2018-05-27 16:40:30.638,208.72,0.138058545864,0.0,0
2018-05-27 16:40:30.722,207.86,0.138058545864,0.0,0
2018-05-27 16:40:31.247,204.58,0.138058545864,0.0,0
2018-05-27 16:40:31.499,203.28,0.138058545864,0.0,0
2018-05-27 16:40:31.694,203.96,0.138058545864,0.0,0
2018-05-27 16:40:32.042,204.29,0.138058545864,0.0,0
2018-05-27 16:40:32.322,202.73,0.138058545864,0.0,0
2018-05-27 16:40:32.406,202.2,0.138058545864,0.0,0
2018-05-27 16:40:32.499,201.83,0.138058545864,0.0,0
2018-05-27 16:40:32.685,203.22,0.138058545864,0.0,0
2018-05-27 16:40:32.778,204.52,0.138058545864,0.0,0
2018-05-27 16:40:32.871,203.48,0.138058545864,0.0,0
2018-05-27 16:40:33.033,202.94,0.138058545864,0.0,0
2018-05-27 16:40:33.313,204.96,0.138058545864,0.0,0
2018-05-27 16:40:33.402,205.45,0.138058545864,0.0,0
2018-05-27 16:40:33.490,204.96,0.138058545864,0.0,0
2018-05-27 16:40:33.573,205.1,0.138058545864,0.0,0
2018-05-27 16:40:33.666,204.58,0.138058545864,0.0,0
2018-05-27 16:40:33.760,206.31,0.138058545864,0.0,0
2018-05-27 16:40:33.853,204.64,0.138058545864,0.0,0
2018-05-27 16:40:34.015,206.81,0.138058545864,0.0,0
2018-05-27 16:40:34.108,205.7,0.138058545864,0.0,0
2018-05-27 16:40:34.294,206.33,0.138058545864,0.0,0
2018-05-27 16:40:34.471,207.31,0.138058545864,0.0,0
2018-05-27 16:40:34.564,206.0,0.138058545864,0.0,0
2018-05-27 16:40:34.657,208.34,0.138058545864,0.0,0
2018-05-27 16:40:34.750,207.28,0.138058545864,0.0,0
2018-05-27 16:40:34.844,208.07,0.138058545864,0.0,0
2018-05-27 16:40:35.285,210.58,0.138058545864,0.0,0
2018-05-27 16:40:35.369,210.76,0.138058545864,0.0,0
2018-05-27 16:40:35.555,211.72,0.138058545864,0.0,0
2018-05-27 16:40:35.834,211.94,0.138058545864,0.0,0
2018-05-27 16:40:35.927,212.24,0.138058545864,0.0,0
2018-05-27 16:40:36.276,215.0,0.138058545864,0.0,0
2018-05-27 16:40:36.452,214.42,0.138058545864,0.0,0
2018-05-27 16:40:36.536,214.77,0.138058545864,0.0,0
2018-05-27 16:40:36.722,215.2,0.138058545864,0.0,0
2018-05-27 16:40:36.816,216.87,0.138058545864,0.0,0
2018-05-27 16:40:37.071,216.92,0.138058545864,0.0,0
2018-05-27 16:40:37.247,217.19,0.138058545864,0.0,0
2018-05-27 16:40:38.033,219.75,0.138058545864,0.0,0
2018-05-27 16:40:38.127,219.94,0.138058545864,0.0,0
2018-05-27 16:40:38.313,221.93,0.138058545864,0.0,0
2018-05-27 16:40:38.406,221.24,0.138058545864,0.0,0
2018-05-27 16:40:38.490,222.16,0.138058545864,0.0,0
2018-05-27 16:40:38.657,221.89,0.138058545864,0.0,0
2018-05-27 16:40:38.750,222.71,0.138058545864,0.0,0
2018-05-27 16:40:38.844,222.79,0.138058545864,0.0,0
2018-05-27 16:40:39.005,224.29,0.138058545864,0.0,0
2018-05-27 16:40:39.098,223.86,0.138058545864,0.0,0
2018-05-27 16:40:39.285,223.52,0.138058545864,0.0,0
2018-05-27 16:40:39.378,224.48,0.138058545864,0.0,0
2018-05-27 16:40:39.462,225.21,0.138058545864,0.0,0
2018-05-27 16:40:39.555,225.66,0.138058545864,0.0,0
2018-05-27 16:40:39.732,225.5,0.138058545864,0.0,0
2018-05-27 16:40:39.816,225.21,0.138058545864,0.0,0
2018-05-27 16:40:39.899,225.83,0.138058545864,0.0,0
2018-05-27 16:40:40.061,226.0,0.138058545864,0.0,0
2018-05-27 16:40:40.154,226.11,0.138058545864,0.0,0
2018-05-27 16:40:40.247,226.27,0.138058545864,0.0,0
2018-05-27 16:40:40.518,227.03,0.138058545864,0.0,0
2018-05-27 16:40:40.611,227.49,0.138058545864,0.0,0
2018-05-27 16:40:40.704,227.15,0.138058545864,0.0,0
2018-05-27 16:40:40.797,228.4,0.138058545864,0.0,0
2018-05-27 16:40:40.890,228.14,0.138058545864,0.0,0
2018-05-27 16:40:41.052,230.01,0.138058545864,0.0,0
2018-05-27 16:40:41.332,230.39,0.138058545864,0.0,0
2018-05-27 16:40:41.508,229.54,0.138058545864,0.0,0
2018-05-27 16:40:41.601,230.35,0.138058545864,0.0,0
2018-05-27 16:40:41.694,230.33,0.138058545864,0.0,0
2018-05-27 16:40:41.881,230.42,0.138058545864,0.0,0
2018-05-27 16:40:42.136,230.84,0.138058545864,0.0,0
2018-05-27 16:40:42.322,228.74,0.138058545864,0.0,0
2018-05-27 16:40:42.499,227.51,0.138058545864,0.0,0
2018-05-27 16:40:42.685,225.23,0.138058545864,0.0,0
2018-05-27 16:40:42.778,223.87,0.138058545864,0.0,0
2018-05-27 16:40:43.028,221.81,0.138058545864,0.0,0
2018-05-27 16:40:43.117,221.13,0.138058545864,0.0,0
2018-05-27 16:40:43.285,220.92,0.138058545864,0.0,0
2018-05-27 16:40:43.555,216.92,0.138058545864,0.0,0
2018-05-27 16:40:43.648,216.31,0.138058545864,0.0,0
2018-05-27 16:40:43.741,216.52,0.138058545864,0.0,0
2018-05-27 16:40:44.080,213.04,0.138058545864,0.0,0
2018-05-27 16:40:44.173,213.03,0.138058545864,0.0,0
2018-05-27 16:40:44.266,210.35,0.138058545864,0.0,0
2018-05-27 16:40:44.434,209.79,0.138058545864,0.0,0
2018-05-27 16:40:44.527,208.41,0.138058545864,0.0,0
2018-05-27 16:40:44.611,207.16,0.138058545864,0.0,0
2018-05-27 16:40:44.797,206.27,0.138058545864,0.0,0
2018-05-27 16:40:45.052,205.38,0.138058545864,0.0,0
2018-05-27 16:40:45.322,204.38,0.138058545864,0.0,0
2018-05-27 16:40:45.508,202.56,0.138058545864,0.0,0
2018-05-27 16:40:45.601,202.93,0.138058545864,0.0,0
2018-05-27 16:40:45.788,201.65,0.138058545864,0.0,0
2018-05-27 16:40:45.881,201.39,0.138058545864,0.0,0
2018-05-27 16:40:46.034,201.71,0.138058545864,0.0,0
2018-05-27 16:40:46.138,201.48,0.138058545864,0.0,0
2018-05-27 16:40:46.219,202.04,0.138058545864,0.0,0
2018-05-27 16:40:46.406,200.1,0.138058545864,0.0,0
2018-05-27 16:40:46.573,199.64,0.138058545864,0.0,0
2018-05-27 16:40:46.666,199.05,0.138058545864,0.0,0
2018-05-27 16:40:46.760,201.06,0.138058545864,0.0,0
2018-05-27 16:40:46.843,201.44,0.138058545864,0.0,0
2018-05-27 16:40:47.005,201.99,0.138058545864,0.0,0
2018-05-27 16:40:47.098,200.23,0.138058545864,0.0,0
2018-05-27 16:40:47.191,201.64,0.138058545864,0.0,0
2018-05-27 16:40:47.378,199.27,0.138058545864,0.0,0
2018-05-27 16:40:47.555,198.65,0.138058545864,0.0,0
2018-05-27 16:40:47.741,199.33,0.138058545864,0.0,0
2018-05-27 16:40:47.927,200.88,0.138058545864,0.0,0
2018-05-27 16:40:48.089,199.99,0.138058545864,0.0,0
2018-05-27 16:40:48.182,200.32,0.138058545864,0.0,0
2018-05-27 16:40:48.369,201.2,0.138058545864,0.0,0
2018-05-27 16:40:48.555,202.82,0.138058545864,0.0,0
2018-05-27 16:40:48.648,201.52,0.138058545864,0.0,0
2018-05-27 16:40:48.741,201.29,0.138058545864,0.0,0
2018-05-27 16:40:48.918,203.57,0.138058545864,0.0,0
2018-05-27 16:40:49.080,201.92,0.138058545864,0.0,0
2018-05-27 16:40:49.164,202.48,0.138058545864,0.0,0
2018-05-27 16:40:49.247,203.28,0.138058545864,0.0,0
2018-05-27 16:40:49.340,202.68,0.138058545864,0.0,0
2018-05-27 16:40:49.518,204.75,0.138058545864,0.0,0
2018-05-27 16:40:49.601,205.22,0.138058545864,0.0,0
2018-05-27 16:40:49.694,204.51,0.138058545864,0.0,0
2018-05-27 16:40:49.787,206.21,0.138058545864,0.0,0
2018-05-27 16:40:49.881,205.09,0.138058545864,0.0,0
2018-05-27 16:40:50.042,205.14,0.138058545864,0.0,0
2018-05-27 16:40:50.136,206.92,0.138058545864,0.0,0
2018-05-27 16:40:50.229,205.24,0.138058545864,0.0,0
2018-05-27 16:40:50.322,208.01,0.138058545864,0.0,0
2018-05-27 16:40:50.406,208.77,0.138058545864,0.0,0
2018-05-27 16:40:50.499,206.44,0.138058545864,0.0,0
2018-05-27 16:40:50.685,207.35,0.138058545864,0.0,0
2018-05-27 16:40:50.778,210.31,0.138058545864,0.0,0
2018-05-27 16:40:51.028,209.74,0.138058545864,0.0,0
2018-05-27 16:40:51.471,209.74,0.138058545864,0.0,0
2018-05-27 16:40:51.564,211.62,0.138058545864,0.0,0
2018-05-27 16:40:52.098,208.45,0.138058545864,0.0,0
2018-05-27 16:40:52.368,206.6,0.138058545864,0.0,0
2018-05-27 16:40:52.555,204.58,0.138058545864,0.0,0
2018-05-27 16:40:52.741,202.94,0.138058545864,0.0,0
2018-05-27 16:40:52.927,203.06,0.138058545864,0.0,0
2018-05-27 16:40:53.182,205.05,0.138058545864,0.0,0
2018-05-27 16:40:53.359,203.68,0.138058545864,0.0,0
2018-05-27 16:40:53.452,205.47,0.138058545864,0.0,0
2018-05-27 16:40:53.545,203.76,0.138058545864,0.0,0
2018-05-27 16:40:53.732,204.21,0.138058545864,0.0,0
2018-05-27 16:40:53.918,204.87,0.138058545864,0.0,0
2018-05-27 16:40:54.080,204.02,0.138058545864,0.0,0
2018-05-27 16:40:54.173,205.0,0.138058545864,0.0,0
2018-05-27 16:40:54.266,204.03,0.138058545864,0.0,0
2018-05-27 16:40:54.443,204.25,0.138058545864,0.0,0
2018-05-27 16:40:54.527,203.13,0.138058545864,0.0,0
2018-05-27 16:40:54.620,205.52,0.138058545864,0.0,0
2018-05-27 16:40:54.806,204.33,0.138058545864,0.0,0
2018-05-27 16:40:55.061,203.05,0.138058545864,0.0,0
2018-05-27 16:40:55.332,203.95,0.138058545864,0.0,0
2018-05-27 16:40:55.517,204.09,0.138058545864,0.0,0
2018-05-27 16:40:55.610,203.58,0.138058545864,0.0,0
2018-05-27 16:40:55.704,205.93,0.138058545864,0.0,0
2018-05-27 16:40:55.797,204.37,0.138058545864,0.0,0
2018-05-27 16:40:55.890,206.35,0.138058545864,0.0,0
2018-05-27 16:40:56.052,205.44,0.138058545864,0.0,0
2018-05-27 16:40:56.146,206.07,0.138058545864,0.0,0
2018-05-27 16:40:56.229,206.75,0.138058545864,0.0,0
2018-05-27 16:40:56.322,205.87,0.138058545864,0.0,0
2018-05-27 16:40:56.406,205.81,0.138058545864,0.0,0
2018-05-27 16:40:56.499,208.17,0.138058545864,0.0,0
2018-05-27 16:40:56.592,207.5,0.138058545864,0.0,0
2018-05-27 16:40:56.685,208.51,0.138058545864,0.0,0
2018-05-27 16:40:56.778,208.38,0.138058545864,0.0,0
2018-05-27 16:40:56.871,210.02,0.138058545864,0.0,0
2018-05-27 16:40:57.201,209.88,0.138058545864,0.0,0
2018-05-27 16:40:57.387,209.83,0.138058545864,0.0,0
2018-05-27 16:40:57.471,210.23,0.138058545864,0.0,0
2018-05-27 16:40:57.927,214.2,0.138058545864,0.0,0
2018-05-27 16:40:58.089,213.82,0.138058545864,0.0,0
2018-05-27 16:40:58.182,213.6,0.138058545864,0.0,0
2018-05-27 16:40:58.275,215.23,0.138058545864,0.0,0
2018-05-27 16:40:58.454,216.24,0.138058545864,0.0,0
2018-05-27 16:40:58.815,217.09,0.138058545864,0.0,0
2018-05-27 16:40:58.908,216.42,0.138058545864,0.0,0
2018-05-27 16:40:59.164,218.64,0.138058545864,0.0,0
2018-05-27 16:40:59.340,218.54,0.138058545864,0.0,0
2018-05-27 16:40:59.433,217.6,0.138058545864,0.0,0
2018-05-27 16:40:59.527,218.36,0.138058545864,0.0,0
2018-05-27 16:40:59.713,219.01,0.138058545864,0.0,0
2018-05-27 16:40:59.806,218.93,0.138058545864,0.0,0
2018-05-27 16:40:59.899,218.85,0.138058545864,0.0,0
2018-05-27 16:41:00.061,220.97,0.138058545864,0.0,0
2018-05-27 16:41:00.248,220.3,0.138058545864,0.0,0
2018-05-27 16:41:00.331,221.22,0.138058545864,0.0,0
2018-05-27 16:41:00.517,221.26,0.138058545864,0.0,0
2018-05-27 16:41:00.610,221.4,0.138058545864,0.0,0
2018-05-27 16:41:00.704,222.33,0.138058545864,0.0,0
2018-05-27 16:41:00.890,222.22,0.138058545864,0.0,0
2018-05-27 16:41:01.145,222.72,0.138058545864,0.0,0
2018-05-27 16:41:01.229,222.64,0.138058545864,0.0,0
2018-05-27 16:41:01.312,223.53,0.138058545864,0.0,0
2018-05-27 16:41:01.406,222.96,0.138058545864,0.0,0
2018-05-27 16:41:01.573,223.96,0.138058545864,0.0,0
2018-05-27 16:41:01.760,225.49,0.138058545864,0.0,0
2018-05-27 16:41:01.853,225.85,0.138058545864,0.0,0
2018-05-27 16:41:02.918,226.51,0.138058545864,0.0,0
2018-05-27 16:41:03.434,226.0,0.138058545864,0.0,0
2018-05-27 16:41:03.890,226.58,0.138058545864,0.0,0
2018-05-27 16:41:04.145,227.16,0.138058545864,0.0,0
2018-05-27 16:41:04.424,229.02,0.138058545864,0.0,0
2018-05-27 16:41:04.787,228.59,0.138058545864,0.0,0
2018-05-27 16:41:04.880,229.16,0.138058545864,0.0,0
2018-05-27 16:41:05.042,228.75,0.138058545864,0.0,0
2018-05-27 16:41:05.322,229.46,0.138058545864,0.0,0
2018-05-27 16:41:05.406,227.04,0.138058545864,0.0,0
2018-05-27 16:41:05.759,224.47,0.138058545864,0.0,0
2018-05-27 16:41:05.853,223.6,0.138058545864,0.0,0
2018-05-27 16:41:06.108,220.36,0.138058545864,0.0,0
2018-05-27 16:41:06.573,216.68,0.138058545864,0.0,0
2018-05-27 16:41:06.760,213.89,0.138058545864,0.0,0
2018-05-27 16:41:06.853,213.2,0.138058545864,0.0,0
2018-05-27 16:41:07.014,211.82,0.138058545864,0.0,0
2018-05-27 16:41:07.284,208.58,0.138058545864,0.0,0
2018-05-27 16:41:07.378,208.3,0.138058545864,0.0,0
2018-05-27 16:41:07.461,207.7,0.138058545864,0.0,0
2018-05-27 16:41:07.554,206.87,0.138058545864,0.0,0
2018-05-27 16:41:07.648,207.1,0.138058545864,0.0,0
2018-05-27 16:41:07.741,206.2,0.138058545864,0.0,0
2018-05-27 16:41:08.173,205.96,0.138058545864,0.0,0
2018-05-27 16:41:08.350,204.27,0.138058545864,0.0,0
2018-05-27 16:41:08.434,203.68,0.138058545864,0.0,0
2018-05-27 16:41:08.797,203.74,0.138058545864,0.0,0
2018-05-27 16:41:09.229,204.63,0.138058545864,0.0,0
2018-05-27 16:41:09.322,204.89,0.138058545864,0.0,0
2018-05-27 16:41:09.592,205.87,0.138058545864,0.0,0
2018-05-27 16:41:09.871,205.39,0.138058545864,0.0,0
2018-05-27 16:41:10.201,205.68,0.138058545864,0.0,0
2018-05-27 16:41:10.295,206.18,0.138058545864,0.0,0
2018-05-27 16:41:10.378,206.13,0.138058545864,0.0,0
2018-05-27 16:41:11.192,209.7,0.138058545864,0.0,0
2018-05-27 16:41:11.834,210.86,0.138058545864,0.0,0
2018-05-27 16:41:11.928,212.76,0.138058545864,0.0,0
2018-05-27 16:41:12.089,211.84,0.138058545864,0.0,0
2018-05-27 16:41:12.183,214.23,0.138058545864,0.0,0
2018-05-27 16:41:12.537,213.69,0.138058545864,0.0,0
2018-05-27 16:41:12.620,214.4,0.138058545864,0.0,0
2018-05-27 16:41:12.807,216.44,0.138058545864,0.0,0
2018-05-27 16:41:13.155,215.3,0.138058545864,0.0,0
2018-05-27 16:41:13.425,212.56,0.138058545864,0.0,0
2018-05-27 16:41:13.518,212.75,0.138058545864,0.0,0
2018-05-27 16:41:13.881,208.3,0.138058545864,0.0,0
2018-05-27 16:41:14.034,208.36,0.138058545864,0.0,0
2018-05-27 16:41:14.127,207.9,0.138058545864,0.0,0
2018-05-27 16:41:14.313,206.93,0.138058545864,0.0,0
2018-05-27 16:41:14.402,206.47,0.138058545864,0.0,0
2018-05-27 16:41:14.667,206.04,0.138058545864,0.0,0
2018-05-27 16:41:15.006,206.99,0.138058545864,0.0,0
2018-05-27 16:41:15.099,204.59,0.138058545864,0.0,0
2018-05-27 16:41:15.193,206.54,0.138058545864,0.0,0
2018-05-27 16:41:15.370,204.06,0.138058545864,0.0,0
2018-05-27 16:41:15.463,204.89,0.138058545864,0.0,0
2018-05-27 16:41:15.649,204.56,0.138058545864,0.0,0
2018-05-27 16:41:15.733,204.68,0.138058545864,0.0,0
2018-05-27 16:41:15.826,206.62,0.138058545864,0.0,0
2018-05-27 16:41:15.910,206.67,0.138058545864,0.0,0
2018-05-27 16:41:16.165,207.15,0.138058545864,0.0,0
2018-05-27 16:41:16.258,206.11,0.138058545864,0.0,0
2018-05-27 16:41:16.351,206.68,0.138058545864,0.0,0
2018-05-27 16:41:16.519,207.56,0.138058545864,0.0,0
2018-05-27 16:41:16.612,206.4,0.138058545864,0.0,0
2018-05-27 16:41:16.798,206.88,0.138058545864,0.0,0
2018-05-27 16:41:16.891,208.99,0.138058545864,0.0,0
2018-05-27 16:41:17.053,207.2,0.138058545864,0.0,0
2018-05-27 16:41:17.146,209.54,0.138058545864,0.0,0
2018-05-27 16:41:17.239,207.81,0.138058545864,0.0,0
2018-05-27 16:41:17.323,207.53,0.138058545864,0.0,0
2018-05-27 16:41:17.416,209.0,0.138058545864,0.0,0
2018-05-27 16:41:17.510,208.02,0.138058545864,0.0,0
2018-05-27 16:41:17.603,210.25,0.138058545864,0.0,0
2018-05-27 16:41:17.696,209.51,0.138058545864,0.0,0
2018-05-27 16:41:17.789,211.39,0.138058545864,0.0,0
2018-05-27 16:41:17.882,210.11,0.138058545864,0.0,0
2018-05-27 16:41:18.230,211.81,0.138058545864,0.0,0
2018-05-27 16:41:18.314,211.93,0.138058545864,0.0,0
2018-05-27 16:41:18.407,213.69,0.138058545864,0.0,0
2018-05-27 16:41:18.491,213.85,0.138058545864,0.0,0
2018-05-27 16:41:18.668,214.7,0.138058545864,0.0,0
2018-05-27 16:41:18.855,215.58,0.138058545864,0.0,0
2018-05-27 16:41:19.017,215.07,0.138058545864,0.0,0
2018-05-27 16:41:19.194,215.53,0.138058545864,0.0,0
2018-05-27 16:41:19.286,216.03,0.138058545864,0.0,0
2018-05-27 16:41:19.463,217.94,0.138058545864,0.0,0
2018-05-27 16:41:19.557,217.26,0.138058545864,0.0,0
2018-05-27 16:41:19.650,217.48,0.138058545864,0.0,0
2018-05-27 16:41:19.734,217.2,0.138058545864,0.0,0
2018-05-27 16:41:19.827,217.7,0.138058545864,0.0,0
2018-05-27 16:41:20.082,219.3,0.138058545864,0.0,0
2018-05-27 16:41:20.268,218.64,0.138058545864,0.0,0
2018-05-27 16:41:20.355,218.73,0.138058545864,0.0,0
2018-05-27 16:41:20.445,219.58,0.138058545864,0.0,0
2018-05-27 16:41:20.622,219.84,0.138058545864,0.0,0
2018-05-27 16:41:20.715,221.18,0.138058545864,0.0,0
2018-05-27 16:41:20.809,220.84,0.138058545864,0.0,0
2018-05-27 16:41:20.902,220.32,0.138058545864,0.0,0
2018-05-27 16:41:21.063,220.1,0.138058545864,0.0,0
2018-05-27 16:41:21.156,221.86,0.138058545864,0.0,0
2018-05-27 16:41:21.334,221.85,0.138058545864,0.0,0
2018-05-27 16:41:21.427,222.86,0.138058545864,0.0,0
2018-05-27 16:41:21.520,222.71,0.138058545864,0.0,0
2018-05-27 16:41:21.613,222.46,0.138058545864,0.0,0
2018-05-27 16:41:21.800,223.63,0.138058545864,0.0,0
2018-05-27 16:41:21.892,224.81,0.138058545864,0.0,0
2018-05-27 16:41:22.054,225.25,0.138058545864,0.0,0
2018-05-27 16:41:22.148,224.37,0.138058545864,0.0,0
2018-05-27 16:41:22.231,225.32,0.138058545864,0.0,0
2018-05-27 16:41:22.324,225.87,0.138058545864,0.0,0
2018-05-27 16:41:22.417,225.83,0.138058545864,0.0,0
2018-05-27 16:41:22.511,225.16,0.138058545864,0.0,0
2018-05-27 16:41:22.604,224.44,0.138058545864,0.0,0
2018-05-27 16:41:22.697,225.44,0.138058545864,0.0,0
2018-05-27 16:41:22.790,225.18,0.138058545864,0.0,0
2018-05-27 16:41:22.884,225.53,0.138058545864,0.0,0
2018-05-27 16:41:23.046,226.26,0.138058545864,0.0,0
2018-05-27 16:41:23.138,226.18,0.138058545864,0.0,0
2018-05-27 16:41:23.753,227.02,0.138058545864,0.0,0
2018-05-27 16:41:24.008,228.24,0.138058545864,0.0,0
2018-05-27 16:41:24.101,227.64,0.138058545864,0.0,0
2018-05-27 16:41:24.194,228.26,0.138058545864,0.0,0
2018-05-27 16:41:24.371,228.39,0.138058545864,0.0,0
2018-05-27 16:41:24.464,229.56,0.138058545864,0.0,0
2018-05-27 16:41:24.558,229.36,0.138058545864,0.0,0
2018-05-27 16:41:24.641,227.93,0.138058545864,0.0,0
2018-05-27 16:41:24.818,229.44,0.138058545864,0.0,0
2018-05-27 16:41:24.902,228.76,0.138058545864,0.0,0
2018-05-27 16:41:25.064,230.02,0.138058545864,0.0,0
2018-05-27 16:41:25.157,229.49,0.138058545864,0.0,0
2018-05-27 16:41:25.250,229.37,0.138058545864,0.0,0
2018-05-27 16:41:25.427,228.53,0.138058545864,0.0,0
2018-05-27 16:41:25.623,230.52,0.138058545864,0.0,0
2018-05-27 16:41:25.809,231.15,0.138058545864,0.0,0
2018-05-27 16:41:26.157,229.89,0.138058545864,0.0,0
2018-05-27 16:41:26.251,228.1,0.138058545864,0.0,0
2018-05-27 16:41:26.334,226.8,0.138058545864,0.0,0
2018-05-27 16:41:26.428,226.91,0.138058545864,0.0,0
2018-05-27 16:41:26.521,226.1,0.138058545864,0.0,0
2018-05-27 16:41:26.614,224.31,0.138058545864,0.0,0
2018-05-27 16:41:26.707,222.73,0.138058545864,0.0,0
2018-05-27 16:41:26.800,221.93,0.138058545864,0.0,0
2018-05-27 16:41:27.241,217.77,0.138058545864,0.0,0
2018-05-27 16:41:27.335,217.25,0.138058545864,0.0,0
2018-05-27 16:41:27.614,214.68,0.138058545864,0.0,0
2018-05-27 16:41:27.707,214.3,0.138058545864,0.0,0
2018-05-27 16:41:27.800,212.94,0.138058545864,0.0,0
2018-05-27 16:41:28.242,209.18,0.138058545864,0.0,0
2018-05-27 16:41:28.428,209.17,0.138058545864,0.0,0
2018-05-27 16:41:28.512,209.66,0.138058545864,0.0,0
2018-05-27 16:41:28.605,207.39,0.138058545864,0.0,0
2018-05-27 16:41:28.791,206.72,0.138058545864,0.0,0
2018-05-27 16:41:29.232,206.97,0.138058545864,0.0,0
2018-05-27 16:41:29.326,204.69,0.138058545864,0.0,0
2018-05-27 16:41:29.409,204.98,0.138058545864,0.0,0
2018-05-27 16:41:29.503,206.16,0.138058545864,0.0,0
2018-05-27 16:41:29.596,204.11,0.138058545864,0.0,0
2018-05-27 16:41:29.689,205.29,0.138058545864,0.0,0
2018-05-27 16:41:29.782,204.58,0.138058545864,0.0,0
2018-05-27 16:41:29.875,203.06,0.138058545864,0.0,0
2018-05-27 16:41:30.121,204.93,0.138058545864,0.0,0
2018-05-27 16:41:30.205,205.21,0.138058545864,0.0,0
2018-05-27 16:41:30.298,204.18,0.138058545864,0.0,0
2018-05-27 16:41:30.391,205.7,0.138058545864,0.0,0
2018-05-27 16:41:30.484,204.63,0.138058545864,0.0,0
2018-05-27 16:41:30.577,204.33,0.138058545864,0.0,0
2018-05-27 16:41:30.670,206.45,0.138058545864,0.0,0
2018-05-27 16:41:30.764,205.03,0.138058545864,0.0,0
2018-05-27 16:41:30.857,206.8,0.138058545864,0.0,0
2018-05-27 16:41:31.019,205.91,0.138058545864,0.0,0
2018-05-27 16:41:31.112,206.63,0.138058545864,0.0,0
2018-05-27 16:41:31.299,207.66,0.138058545864,0.0,0
2018-05-27 16:41:31.382,207.95,0.138058545864,0.0,0
2018-05-27 16:41:31.475,206.75,0.138058545864,0.0,0
2018-05-27 16:41:31.661,207.5,0.138058545864,0.0,0
2018-05-27 16:41:31.754,207.16,0.138058545864,0.0,0
2018-05-27 16:41:31.848,207.54,0.138058545864,0.0,0
2018-05-27 16:41:32.009,207.82,0.138058545864,0.0,0
2018-05-27 16:41:32.102,208.34,0.138058545864,0.0,0
2018-05-27 16:41:32.196,208.28,0.138058545864,0.0,0
2018-05-27 16:41:32.373,209.12,0.138058545864,0.0,0
2018-05-27 16:41:32.559,209.53,0.138058545864,0.0,0
2018-05-27 16:41:32.652,211.34,0.138058545864,0.0,0
2018-05-27 16:41:32.745,210.93,0.138058545864,0.0,0
2018-05-27 16:41:32.838,212.5,0.138058545864,0.0,0
2018-05-27 16:41:33.000,212.32,0.138058545864,0.0,0
2018-05-27 16:41:33.093,212.03,0.138058545864,0.0,0
2018-05-27 16:41:33.187,212.95,0.138058545864,0.0,0
2018-05-27 16:41:33.280,213.01,0.138058545864,0.0,0
2018-05-27 16:41:33.364,213.06,0.138058545864,0.0,0
2018-05-27 16:41:33.540,213.49,0.138058545864,0.0,0
2018-05-27 16:41:33.634,215.67,0.138058545864,0.0,0
2018-05-27 16:41:33.904,213.78,0.138058545864,0.0,0
2018-05-27 16:41:34.066,214.84,0.138058545864,0.0,0
2018-05-27 16:41:34.336,212.28,0.138058545864,0.0,0
2018-05-27 16:41:34.522,210.58,0.138058545864,0.0,0
2018-05-27 16:41:34.708,209.58,0.138058545864,0.0,0
2018-05-27 16:41:35.056,208.63,0.138058545864,0.0,0
2018-05-27 16:41:35.410,208.0,0.138058545864,0.0,0
2018-05-27 16:41:35.504,209.43,0.138058545864,0.0,0
2018-05-27 16:41:35.597,207.22,0.138058545864,0.0,0
2018-05-27 16:41:35.690,208.81,0.138058545864,0.0,0
2018-05-27 16:41:35.783,206.66,0.138058545864,0.0,0
2018-05-27 16:41:35.876,206.84,0.138058545864,0.0,0
2018-05-27 16:41:36.122,206.27,0.138058545864,0.0,0
2018-05-27 16:41:36.206,205.97,0.138058545864,0.0,0
2018-05-27 16:41:36.299,205.7,0.138058545864,0.0,0
2018-05-27 16:41:36.392,206.56,0.138058545864,0.0,0
2018-05-27 16:41:36.569,206.06,0.138058545864,0.0,0
2018-05-27 16:41:36.662,207.96,0.138058545864,0.0,0
2018-05-27 16:41:36.755,206.65,0.138058545864,0.0,0
2018-05-27 16:41:36.839,205.85,0.138058545864,0.0,0
2018-05-27 16:41:37.001,208.45,0.138058545864,0.0,0
2018-05-27 16:41:37.095,206.54,0.138058545864,0.0,0
2018-05-27 16:41:37.187,207.79,0.138058545864,0.0,0
2018-05-27 16:41:37.280,206.31,0.138058545864,0.0,0
2018-05-27 16:41:38.066,203.86,0.138058545864,0.0,0
2018-05-27 16:41:38.159,206.34,0.138058545864,0.0,0
2018-05-27 16:41:38.248,206.72,0.138058545864,0.0,0
2018-05-27 16:41:38.337,205.66,0.138058545864,0.0,0
2018-05-27 16:41:38.430,207.32,0.138058545864,0.0,0
2018-05-27 16:41:38.523,206.21,0.138058545864,0.0,0
2018-05-27 16:41:38.709,205.96,0.138058545864,0.0,0
2018-05-27 16:41:38.793,206.06,0.138058545864,0.0,0
2018-05-27 16:41:39.132,208.75,0.138058545864,0.0,0
2018-05-27 16:41:39.225,209.59,0.138058545864,0.0,0
2018-05-27 16:41:39.318,209.29,0.138058545864,0.0,0
2018-05-27 16:41:39.411,210.53,0.138058545864,0.0,0
2018-05-27 16:41:39.672,210.34,0.138058545864,0.0,0
2018-05-27 16:41:39.766,210.86,0.138058545864,0.0,0
2018-05-27 16:41:40.104,211.95,0.138058545864,0.0,0
2018-05-27 16:41:40.197,213.93,0.138058545864,0.0,0
2018-05-27 16:41:40.290,212.07,0.138058545864,0.0,0
2018-05-27 16:41:40.374,214.48,0.138058545864,0.0,0
2018-05-27 16:41:40.467,213.9,0.138058545864,0.0,0
2018-05-27 16:41:40.560,215.44,0.138058545864,0.0,0
2018-05-27 16:41:40.924,214.91,0.138058545864,0.0,0
2018-05-27 16:41:41.085,216.36,0.138058545864,0.0,0
2018-05-27 16:41:41.272,216.59,0.138058545864,0.0,0
2018-05-27 16:41:41.533,216.86,0.138058545864,0.0,0
2018-05-27 16:41:41.616,216.9,0.138058545864,0.0,0
2018-05-27 16:41:41.803,218.55,0.138058545864,0.0,0
2018-05-27 16:41:41.896,217.76,0.138058545864,0.0,0
2018-05-27 16:41:42.058,218.29,0.138058545864,0.0,0
2018-05-27 16:41:42.151,218.81,0.138058545864,0.0,0
2018-05-27 16:41:42.244,219.12,0.138058545864,0.0,0
2018-05-27 16:41:42.514,219.73,0.138058545864,0.0,0
2018-05-27 16:41:43.235,222.47,0.138058545864,0.0,0
2018-05-27 16:41:43.412,223.29,0.138058545864,0.0,0
2018-05-27 16:41:43.598,222.68,0.138058545864,0.0,0
2018-05-27 16:41:43.878,223.76,0.138058545864,0.0,0
2018-05-27 16:41:44.123,223.16,0.138058545864,0.0,0
2018-05-27 16:41:44.207,223.88,0.138058545864,0.0,0
2018-05-27 16:41:44.561,225.63,0.138058545864,0.0,0
2018-05-27 16:41:44.840,225.2,0.138058545864,0.0,0
2018-05-27 16:41:45.179,225.78,0.138058545864,0.0,0
2018-05-27 16:41:45.272,225.5,0.138058545864,0.0,0
2018-05-27 16:41:45.356,226.56,0.138058545864,0.0,0
2018-05-27 16:41:45.636,226.04,0.138058545864,0.0,0
2018-05-27 16:41:46.068,227.71,0.138058545864,0.0,0
2018-05-27 16:41:46.347,226.45,0.138058545864,0.0,0
2018-05-27 16:41:46.431,228.78,0.138058545864,0.0,0
2018-05-27 16:41:46.524,228.13,0.138058545864,0.0,0
2018-05-27 16:41:46.710,227.9,0.138058545864,0.0,0
2018-05-27 16:41:46.794,228.24,0.138058545864,0.0,0
2018-05-27 16:41:46.887,229.28,0.138058545864,0.0,0
2018-05-27 16:41:47.235,230.2,0.138058545864,0.0,0
2018-05-27 16:41:47.422,230.63,0.138058545864,0.0,0
2018-05-27 16:41:47.608,230.21,0.138058545864,0.0,0
2018-05-27 16:41:47.785,229.95,0.138058545864,0.0,0
2018-05-27 16:41:47.878,229.37,0.138058545864,0.0,0
2018-05-27 16:41:48.124,226.7,0.138058545864,0.0,0
2018-05-27 16:41:48.208,227.63,0.138058545864,0.0,0
2018-05-27 16:41:48.748,221.86,0.138058545864,0.0,0
2018-05-27 16:41:49.096,218.17,0.138058545864,0.0,0
2018-05-27 16:41:49.367,216.2,0.138058545864,0.0,0
2018-05-27 16:41:49.459,213.91,0.138058545864,0.0,0
2018-05-27 16:41:49.543,213.02,0.138058545864,0.0,0
2018-05-27 16:41:49.729,212.22,0.138058545864,0.0,0
2018-05-27 16:41:49.916,211.2,0.138058545864,0.0,0
2018-05-27 16:41:50.171,208.9,0.138058545864,0.0,0
2018-05-27 16:41:50.264,206.51,0.138058545864,0.0,0
2018-05-27 16:41:50.720,203.35,0.138058545864,0.0,0
2018-05-27 16:41:50.814,201.93,0.138058545864,0.0,0
2018-05-27 16:41:51.255,201.39,0.138058545864,0.0,0
2018-05-27 16:41:51.525,200.41,0.138058545864,0.0,0
2018-05-27 16:41:51.618,201.97,0.138058545864,0.0,0
2018-05-27 16:41:51.711,200.85,0.138058545864,0.0,0
2018-05-27 16:41:51.888,201.37,0.138058545864,0.0,0
2018-05-27 16:41:52.051,202.88,0.138058545864,0.0,0
2018-05-27 16:41:52.143,201.52,0.138058545864,0.0,0
2018-05-27 16:41:52.227,202.1,0.138058545864,0.0,0
2018-05-27 16:41:52.413,203.43,0.138058545864,0.0,0
2018-05-27 16:41:52.497,203.7,0.138058545864,0.0,0
2018-05-27 16:41:52.758,203.18,0.138058545864,0.0,0
2018-05-27 16:41:52.851,202.2,0.138058545864,0.0,0
2018-05-27 16:41:53.106,203.51,0.138058545864,0.0,0
2018-05-27 16:41:53.292,204.81,0.138058545864,0.0,0
2018-05-27 16:41:53.469,204.73,0.138058545864,0.0,0
2018-05-27 16:41:53.646,207.58,0.138058545864,0.0,0
2018-05-27 16:41:54.087,208.84,0.138058545864,0.0,0
2018-05-27 16:41:54.907,212.09,0.138058545864,0.0,0
2018-05-27 16:41:55.162,213.08,0.138058545864,0.0,0
2018-05-27 16:41:55.618,210.85,0.138058545864,0.0,0
2018-05-27 16:41:56.060,208.66,0.138058545864,0.0,0
2018-05-27 16:41:56.246,207.78,0.138058545864,0.0,0
2018-05-27 16:41:56.516,205.82,0.138058545864,0.0,0
2018-05-27 16:41:56.609,206.77,0.138058545864,0.0,0
2018-05-27 16:41:56.702,205.94,0.138058545864,0.0,0
2018-05-27 16:41:56.795,206.33,0.138058545864,0.0,0
2018-05-27 16:41:57.050,206.4,0.138058545864,0.0,0
2018-05-27 16:41:57.143,205.95,0.138058545864,0.0,0
2018-05-27 16:41:57.237,205.15,0.138058545864,0.0,0
2018-05-27 16:41:57.330,206.86,0.138058545864,0.0,0
2018-05-27 16:41:57.507,205.05,0.138058545864,0.0,0
2018-05-27 16:41:57.600,206.29,0.138058545864,0.0,0
2018-05-27 16:41:57.786,206.21,0.138058545864,0.0,0
2018-05-27 16:41:57.879,205.06,0.138058545864,0.0,0
2018-05-27 16:41:58.125,206.24,0.138058545864,0.0,0
2018-05-27 16:41:58.209,207.28,0.138058545864,0.0,0
2018-05-27 16:41:58.293,207.65,0.138058545864,0.0,0
2018-05-27 16:41:58.376,207.52,0.138058545864,0.0,0
2018-05-27 16:41:58.470,206.3,0.138058545864,0.0,0
2018-05-27 16:41:58.563,207.22,0.138058545864,0.0,0
2018-05-27 16:41:58.656,206.73,0.138058545864,0.0,0
2018-05-27 16:41:58.749,207.03,0.138058545864,0.0,0
2018-05-27 16:41:58.842,207.24,0.138058545864,0.0,0
2018-05-27 16:41:59.004,206.88,0.138058545864,0.0,0
2018-05-27 16:41:59.088,207.7,0.138058545864,0.0,0
2018-05-27 16:41:59.274,208.1,0.138058545864,0.0,0
2018-05-27 16:41:59.363,208.91,0.138058545864,0.0,0
2018-05-27 16:41:59.535,207.91,0.138058545864,0.0,0
2018-05-27 16:41:59.628,209.4,0.138058545864,0.0,0
2018-05-27 16:41:59.722,208.85,0.138058545864,0.0,0
2018-05-27 16:41:59.908,209.97,0.138058545864,0.0,0
2018-05-27 16:42:00.163,210.34,0.138058545864,0.0,0
2018-05-27 16:42:00.256,212.21,0.138058545864,0.0,0
2018-05-27 16:42:00.349,211.1,0.138058545864,0.0,0
2018-05-27 16:42:00.433,212.32,0.138058545864,0.0,0
2018-05-27 16:42:00.526,211.52,0.138058545864,0.0,0
2018-05-27 16:42:00.619,213.71,0.138058545864,0.0,0
2018-05-27 16:42:00.703,213.9,0.138058545864,0.0,0
2018-05-27 16:42:00.796,212.72,0.138058545864,0.0,0
2018-05-27 16:42:00.889,213.37,0.138058545864,0.0,0
2018-05-27 16:42:01.144,213.77,0.138058545864,0.0,0
2018-05-27 16:42:01.330,216.55,0.138058545864,0.0,0
2018-05-27 16:42:01.422,216.28,0.138058545864,0.0,0
2018-05-27 16:42:01.507,216.68,0.138058545864,0.0,0
2018-05-27 16:42:01.600,215.77,0.138058545864,0.0,0
2018-05-27 16:42:01.694,217.25,0.138058545864,0.0,0
2018-05-27 16:42:01.787,216.52,0.138058545864,0.0,0
2018-05-27 16:42:01.880,216.94,0.138058545864,0.0,0
2018-05-27 16:42:02.037,217.16,0.138058545864,0.0,0
2018-05-27 16:42:02.126,217.24,0.138058545864,0.0,0
2018-05-27 16:42:02.209,217.66,0.138058545864,0.0,0
2018-05-27 16:42:02.303,218.11,0.138058545864,0.0,0
2018-05-27 16:42:02.386,217.51,0.138058545864,0.0,0
2018-05-27 16:42:02.479,218.1,0.138058545864,0.0,0
2018-05-27 16:42:02.573,220.13,0.138058545864,0.0,0
2018-05-27 16:42:02.666,218.65,0.138058545864,0.0,0
2018-05-27 16:42:02.759,219.0,0.138058545864,0.0,0
2018-05-27 16:42:02.852,220.43,0.138058545864,0.0,0
2018-05-27 16:42:03.014,219.99,0.138058545864,0.0,0
2018-05-27 16:42:03.107,219.65,0.138058545864,0.0,0
2018-05-27 16:42:03.200,219.6,0.138058545864,0.0,0
2018-05-27 16:42:03.284,220.05,0.138058545864,0.0,0
2018-05-27 16:42:03.377,220.63,0.138058545864,0.0,0
2018-05-27 16:42:03.563,222.49,0.138058545864,0.0,0
2018-05-27 16:42:03.657,222.2,0.138058545864,0.0,0
2018-05-27 16:42:03.750,220.85,0.138058545864,0.0,0
2018-05-27 16:42:03.843,221.85,0.138058545864,0.0,0
2018-05-27 16:42:04.005,222.55,0.138058545864,0.0,0
2018-05-27 16:42:04.098,223.59,0.138058545864,0.0,0
2018-05-27 16:42:04.191,223.96,0.138058545864,0.0,0
2018-05-27 16:42:04.275,223.86,0.138058545864,0.0,0
2018-05-27 16:42:04.368,224.5,0.138058545864,0.0,0
2018-05-27 16:42:04.554,224.15,0.138058545864,0.0,0
2018-05-27 16:42:04.647,223.42,0.138058545864,0.0,0
2018-05-27 16:42:04.741,224.03,0.138058545864,0.0,0
2018-05-27 16:42:04.834,224.61,0.138058545864,0.0,0
2018-05-27 16:42:04.927,225.86,0.138058545864,0.0,0
2018-05-27 16:42:05.275,225.21,0.138058545864,0.0,0
2018-05-27 16:42:05.452,226.06,0.138058545864,0.0,0
2018-05-27 16:42:05.638,224.29,0.138058545864,0.0,0
2018-05-27 16:42:05.731,224.27,0.138058545864,0.0,0
2018-05-27 16:42:05.815,225.41,0.138058545864,0.0,0
2018-05-27 16:42:05.908,225.11,0.138058545864,0.0,0
2018-05-27 16:42:06.070,224.33,0.138058545864,0.0,0
2018-05-27 16:42:06.331,225.68,0.138058545864,0.0,0
2018-05-27 16:42:06.610,227.14,0.138058545864,0.0,0
2018-05-27 16:42:06.797,226.16,0.138058545864,0.0,0
2018-05-27 16:42:06.890,225.99,0.138058545864,0.0,0
2018-05-27 16:42:07.042,228.0,0.138058545864,0.0,0
2018-05-27 16:42:07.136,228.23,0.138058545864,0.0,0
2018-05-27 16:42:07.229,228.58,0.138058545864,0.0,0
2018-05-27 16:42:07.410,228.14,0.138058545864,0.0,0
2018-05-27 16:42:07.499,229.33,0.138058545864,0.0,0
2018-05-27 16:42:07.583,227.67,0.138058545864,0.0,0
2018-05-27 16:42:07.676,228.04,0.138058545864,0.0,0
2018-05-27 16:42:07.769,228.56,0.138058545864,0.0,0
2018-05-27 16:42:07.853,229.21,0.138058545864,0.0,0
2018-05-27 16:42:08.108,229.28,0.138058545864,0.0,0
2018-05-27 16:42:08.294,229.28,0.138058545864,0.0,0
2018-05-27 16:42:08.378,230.82,0.138058545864,0.0,0
2018-05-27 16:42:08.471,230.86,0.138058545864,0.0,0
2018-05-27 16:42:08.564,231.55,0.138058545864,0.0,0
2018-05-27 16:42:08.657,231.05,0.138058545864,0.0,0
2018-05-27 16:42:08.741,228.49,0.138058545864,0.0,0
2018-05-27 16:42:08.834,228.04,0.138058545864,0.0,0
2018-05-27 16:42:08.927,226.48,0.138058545864,0.0,0
2018-05-27 16:42:09.089,226.02,0.138058545864,0.0,0
2018-05-27 16:42:09.182,225.52,0.138058545864,0.0,0
2018-05-27 16:42:09.359,222.21,0.138058545864,0.0,0
2018-05-27 16:42:09.536,221.08,0.138058545864,0.0,0
2018-05-27 16:42:09.722,220.18,0.138058545864,0.0,0
2018-05-27 16:42:09.816,217.69,0.138058545864,0.0,0
2018-05-27 16:42:10.611,210.45,0.138058545864,0.0,0
2018-05-27 16:42:10.704,209.09,0.138058545864,0.0,0
2018-05-27 16:42:10.797,209.59,0.138058545864,0.0,0
2018-05-27 16:42:10.890,206.89,0.138058545864,0.0,0
2018-05-27 16:42:11.145,205.55,0.138058545864,0.0,0
2018-05-27 16:42:11.238,204.8,0.138058545864,0.0,0
2018-05-27 16:42:11.416,205.59,0.138058545864,0.0,0
2018-05-27 16:42:11.508,203.4,0.138058545864,0.0,0
2018-05-27 16:42:11.602,205.05,0.138058545864,0.0,0
2018-05-27 16:42:11.695,203.22,0.138058545864,0.0,0
2018-05-27 16:42:11.882,204.54,0.138058545864,0.0,0
2018-05-27 16:42:12.034,204.68,0.138058545864,0.0,0
2018-05-27 16:42:12.131,203.07,0.138058545864,0.0,0
2018-05-27 16:42:12.220,203.6,0.138058545864,0.0,0
2018-05-27 16:42:12.304,204.07,0.138058545864,0.0,0
2018-05-27 16:42:12.388,202.83,0.138058545864,0.0,0
2018-05-27 16:42:12.481,203.25,0.138058545864,0.0,0
2018-05-27 16:42:12.574,201.48,0.138058545864,0.0,0
2018-05-27 16:42:12.667,202.43,0.138058545864,0.0,0
2018-05-27 16:42:12.760,202.15,0.138058545864,0.0,0
2018-05-27 16:42:12.853,200.53,0.138058545864,0.0,0
2018-05-27 16:42:13.099,203.38,0.138058545864,0.0,0
2018-05-27 16:42:13.192,202.79,0.138058545864,0.0,0
2018-05-27 16:42:13.285,202.38,0.138058545864,0.0,0
2018-05-27 16:42:13.462,204.44,0.138058545864,0.0,0
2018-05-27 16:42:13.546,205.04,0.138058545864,0.0,0
2018-05-27 16:42:13.639,203.78,0.138058545864,0.0,0
2018-05-27 16:42:13.733,204.39,0.138058545864,0.0,0
2018-05-27 16:42:13.825,204.33,0.138058545864,0.0,0
2018-05-27 16:42:13.909,204.49,0.138058545864,0.0,0
2018-05-27 16:42:14.071,203.76,0.138058545864,0.0,0
2018-05-27 16:42:14.164,206.12,0.138058545864,0.0,0
2018-05-27 16:42:14.257,205.32,0.138058545864,0.0,0
2018-05-27 16:42:14.341,205.46,0.138058545864,0.0,0
2018-05-27 16:42:14.434,207.0,0.138058545864,0.0,0
2018-05-27 16:42:14.528,205.76,0.138058545864,0.0,0
2018-05-27 16:42:14.621,207.91,0.138058545864,0.0,0
2018-05-27 16:42:14.704,207.24,0.138058545864,0.0,0
2018-05-27 16:42:14.798,206.76,0.138058545864,0.0,0
2018-05-27 16:42:14.891,208.92,0.138058545864,0.0,0
2018-05-27 16:42:15.053,207.37,0.138058545864,0.0,0
2018-05-27 16:42:15.146,208.27,0.138058545864,0.0,0
2018-05-27 16:42:15.333,209.86,0.138058545864,0.0,0
2018-05-27 16:42:15.425,209.73,0.138058545864,0.0,0
2018-05-27 16:42:15.518,211.38,0.138058545864,0.0,0
2018-05-27 16:42:15.602,211.51,0.138058545864,0.0,0
2018-05-27 16:42:15.695,210.01,0.138058545864,0.0,0
2018-05-27 16:42:15.788,212.46,0.138058545864,0.0,0
2018-05-27 16:42:15.882,211.75,0.138058545864,0.0,0
2018-05-27 16:42:16.211,211.89,0.138058545864,0.0,0
2018-05-27 16:42:16.304,212.28,0.138058545864,0.0,0
2018-05-27 16:42:16.668,212.11,0.138058545864,0.0,0
2018-05-27 16:42:16.760,209.66,0.138058545864,0.0,0
2018-05-27 16:42:16.854,211.26,0.138058545864,0.0,0
2018-05-27 16:42:17.109,208.88,0.138058545864,0.0,0
2018-05-27 16:42:17.202,207.39,0.138058545864,0.0,0
2018-05-27 16:42:17.379,207.01,0.138058545864,0.0,0
2018-05-27 16:42:17.472,205.83,0.138058545864,0.0,0
2018-05-27 16:42:17.844,204.33,0.138058545864,0.0,0
2018-05-27 16:42:18.006,205.14,0.138058545864,0.0,0
2018-05-27 16:42:18.099,203.02,0.138058545864,0.0,0
2018-05-27 16:42:18.192,201.38,0.138058545864,0.0,0
2018-05-27 16:42:18.286,203.25,0.138058545864,0.0,0
2018-05-27 16:42:18.369,202.71,0.138058545864,0.0,0
2018-05-27 16:42:18.463,201.23,0.138058545864,0.0,0
2018-05-27 16:42:18.639,201.43,0.138058545864,0.0,0
2018-05-27 16:42:18.733,202.71,0.138058545864,0.0,0
2018-05-27 16:42:18.826,201.62,0.138058545864,0.0,0
2018-05-27 16:42:18.919,201.66,0.138058545864,0.0,0
2018-05-27 16:42:19.174,202.22,0.138058545864,0.0,0
2018-05-27 16:42:19.258,202.32,0.138058545864,0.0,0
2018-05-27 16:42:19.342,202.81,0.138058545864,0.0,0
2018-05-27 16:42:19.416,203.37,0.138058545864,0.0,0
2018-05-27 16:42:19.519,202.99,0.138058545864,0.0,0
2018-05-27 16:42:19.612,204.39,0.138058545864,0.0,0
2018-05-27 16:42:19.705,203.33,0.138058545864,0.0,0
2018-05-27 16:42:19.789,203.08,0.138058545864,0.0,0
2018-05-27 16:42:20.211,205.43,0.138058545864,0.0,0
2018-05-27 16:42:20.304,204.14,0.138058545864,0.0,0
2018-05-27 16:42:20.397,205.87,0.138058545864,0.0,0
2018-05-27 16:42:20.481,206.25,0.138058545864,0.0,0
2018-05-27 16:42:20.575,205.27,0.138058545864,0.0,0
2018-05-27 16:42:20.658,205.45,0.138058545864,0.0,0
2018-05-27 16:42:20.751,206.34,0.138058545864,0.0,0
2018-05-27 16:42:20.844,205.99,0.138058545864,0.0,0
2018-05-27 16:42:21.006,206.72,0.138058545864,0.0,0
2018-05-27 16:42:21.099,206.43,0.138058545864,0.0,0
2018-05-27 16:42:21.193,206.52,0.138058545864,0.0,0
2018-05-27 16:42:21.286,207.48,0.138058545864,0.0,0
2018-05-27 16:42:21.463,207.86,0.138058545864,0.0,0
2018-05-27 16:42:21.640,208.78,0.138058545864,0.0,0
2018-05-27 16:42:21.723,208.44,0.138058545864,0.0,0
2018-05-27 16:42:22.165,210.46,0.138058545864,0.0,0
2018-05-27 16:42:22.258,212.07,0.138058545864,0.0,0
2018-05-27 16:42:22.342,212.08,0.138058545864,0.0,0
2018-05-27 16:42:22.528,211.73,0.138058545864,0.0,0
2018-05-27 16:42:22.621,213.58,0.138058545864,0.0,0
2018-05-27 16:42:22.714,212.36,0.138058545864,0.0,0
2018-05-27 16:42:22.807,214.52,0.138058545864,0.0,0
2018-05-27 16:42:23.062,213.73,0.138058545864,0.0,0
2018-05-27 16:42:23.156,215.2,0.138058545864,0.0,0
2018-05-27 16:42:23.249,215.03,0.138058545864,0.0,0
2018-05-27 16:42:23.519,216.89,0.138058545864,0.0,0
2018-05-27 16:42:23.799,216.7,0.138058545864,0.0,0
2018-05-27 16:42:23.891,217.65,0.138058545864,0.0,0
2018-05-27 16:42:24.137,218.28,0.138058545864,0.0,0
2018-05-27 16:42:24.230,216.93,0.138058545864,0.0,0
2018-05-27 16:42:24.407,217.93,0.138058545864,0.0,0
2018-05-27 16:42:24.584,218.27,0.138058545864,0.0,0
2018-05-27 16:42:24.677,219.87,0.138058545864,0.0,0
2018-05-27 16:42:24.770,219.36,0.138058545864,0.0,0
2018-05-27 16:42:25.025,218.76,0.138058545864,0.0,0
2018-05-27 16:42:25.119,221.0,0.138058545864,0.0,0
2018-05-27 16:42:25.295,221.43,0.138058545864,0.0,0
2018-05-27 16:42:25.379,220.57,0.138058545864,0.0,0
2018-05-27 16:42:25.472,220.69,0.138058545864,0.0,0
2018-05-27 16:42:25.565,221.8,0.138058545864,0.0,0
2018-05-27 16:42:25.658,221.45,0.138058545864,0.0,0
2018-05-27 16:42:25.845,221.4,0.138058545864,0.0,0
2018-05-27 16:42:25.929,222.23,0.138058545864,0.0,0
2018-05-27 16:42:26.090,222.25,0.138058545864,0.0,0
2018-05-27 16:42:26.444,223.42,0.138058545864,0.0,0
2018-05-27 16:42:26.724,223.84,0.138058545864,0.0,0
2018-05-27 16:42:27.063,224.54,0.138058545864,0.0,0
2018-05-27 16:42:27.603,225.06,0.138058545864,0.0,0
2018-05-27 16:42:27.696,224.22,0.138058545864,0.0,0
2018-05-27 16:42:27.789,225.18,0.138058545864,0.0,0
2018-05-27 16:42:28.039,225.51,0.138058545864,0.0,0
2018-05-27 16:42:28.128,225.39,0.138058545864,0.0,0
2018-05-27 16:42:28.389,227.11,0.138058545864,0.0,0
2018-05-27 16:42:28.668,226.22,0.138058545864,0.0,0
2018-05-27 16:42:28.854,226.71,0.138058545864,0.0,0
2018-05-27 16:42:29.007,227.54,0.138058545864,0.0,0
2018-05-27 16:42:29.286,226.35,0.138058545864,0.0,0
2018-05-27 16:42:29.370,228.58,0.138058545864,0.0,0
2018-05-27 16:42:29.556,227.99,0.138058545864,0.0,0
2018-05-27 16:42:29.649,228.02,0.138058545864,0.0,0
2018-05-27 16:42:29.930,228.23,0.138058545864,0.0,0
2018-05-27 16:42:30.082,230.14,0.138058545864,0.0,0
2018-05-27 16:42:30.445,228.89,0.138058545864,0.0,0
2018-05-27 16:42:30.724,227.0,0.138058545864,0.0,0
2018-05-27 16:42:31.156,223.19,0.138058545864,0.0,0
2018-05-27 16:42:31.334,221.49,0.138058545864,0.0,0
2018-05-27 16:42:31.426,218.5,0.138058545864,0.0,0
2018-05-27 16:42:31.789,215.48,0.138058545864,0.0,0
2018-05-27 16:42:31.882,213.59,0.138058545864,0.0,0
2018-05-27 16:42:32.668,206.9,0.138058545864,0.0,0
2018-05-27 16:42:32.761,206.86,0.138058545864,0.0,0
2018-05-27 16:42:33.016,204.4,0.138058545864,0.0,0
2018-05-27 16:42:33.203,203.59,0.138058545864,0.0,0
2018-05-27 16:42:33.296,202.86,0.138058545864,0.0,0
2018-05-27 16:42:33.659,202.63,0.138058545864,0.0,0
2018-05-27 16:42:33.752,202.51,0.138058545864,0.0,0
2018-05-27 16:42:34.007,202.98,0.138058545864,0.0,0
2018-05-27 16:42:34.100,203.73,0.138058545864,0.0,0
2018-05-27 16:42:34.193,203.64,0.138058545864,0.0,0
2018-05-27 16:42:34.286,203.43,0.138058545864,0.0,0
2018-05-27 16:42:34.817,203.69,0.138058545864,0.0,0
2018-05-27 16:42:35.249,204.97,0.138058545864,0.0,0
2018-05-27 16:42:35.426,203.61,0.138058545864,0.0,0
2018-05-27 16:42:36.412,207.15,0.138058545864,0.0,0
2018-05-27 16:42:36.501,207.64,0.138058545864,0.0,0
2018-05-27 16:42:36.678,208.34,0.138058545864,0.0,0
2018-05-27 16:42:36.771,207.48,0.138058545864,0.0,0
2018-05-27 16:42:37.212,210.07,0.138058545864,0.0,0
2018-05-27 16:42:37.398,209.8,0.138058545864,0.0,0
2018-05-27 16:42:37.771,212.33,0.138058545864,0.0,0
2018-05-27 16:42:37.864,211.35,0.138058545864,0.0,0
2018-05-27 16:42:38.026,213.07,0.138058545864,0.0,0
2018-05-27 16:42:38.119,210.77,0.138058545864,0.0,0
2018-05-27 16:42:38.212,212.67,0.138058545864,0.0,0
2018-05-27 16:42:38.306,209.97,0.138058545864,0.0,0
2018-05-27 16:42:38.482,209.87,0.138058545864,0.0,0
2018-05-27 16:42:38.575,210.38,0.138058545864,0.0,0
2018-05-27 16:42:39.016,207.95,0.138058545864,0.0,0
2018-05-27 16:42:39.110,206.2,0.138058545864,0.0,0
2018-05-27 16:42:39.203,206.15,0.138058545864,0.0,0
2018-05-27 16:42:39.473,205.55,0.138058545864,0.0,0
2018-05-27 16:42:39.566,207.57,0.138058545864,0.0,0
2018-05-27 16:42:39.845,205.39,0.138058545864,0.0,0
2018-05-27 16:42:40.007,206.39,0.138058545864,0.0,0
2018-05-27 16:42:40.100,204.36,0.138058545864,0.0,0
2018-05-27 16:42:40.184,203.82,0.138058545864,0.0,0
2018-05-27 16:42:40.361,204.52,0.138058545864,0.0,0
2018-05-27 16:42:40.547,203.92,0.138058545864,0.0,0
2018-05-27 16:42:40.827,205.78,0.138058545864,0.0,0
2018-05-27 16:42:41.082,204.7,0.138058545864,0.0,0
2018-05-27 16:42:41.175,206.42,0.138058545864,0.0,0
2018-05-27 16:42:41.259,206.75,0.138058545864,0.0,0
2018-05-27 16:42:41.343,206.94,0.138058545864,0.0,0
2018-05-27 16:42:41.436,204.71,0.138058545864,0.0,0
2018-05-27 16:42:41.529,207.27,0.138058545864,0.0,0
2018-05-27 16:42:41.622,206.01,0.138058545864,0.0,0
2018-05-27 16:42:41.715,207.8,0.138058545864,0.0,0
2018-05-27 16:42:41.808,206.94,0.138058545864,0.0,0
2018-05-27 16:42:41.901,208.17,0.138058545864,0.0,0
2018-05-27 16:42:42.064,207.26,0.138058545864,0.0,0
2018-05-27 16:42:42.147,207.9,0.138058545864,0.0,0
2018-05-27 16:42:42.240,208.85,0.138058545864,0.0,0
2018-05-27 16:42:42.426,209.6,0.138058545864,0.0,0
2018-05-27 16:42:42.613,210.6,0.138058545864,0.0,0
2018-05-27 16:42:42.706,209.25,0.138058545864,0.0,0
2018-05-27 16:42:42.799,211.32,0.138058545864,0.0,0
2018-05-27 16:42:42.892,209.28,0.138058545864,0.0,0
2018-05-27 16:42:43.054,211.81,0.138058545864,0.0,0
2018-05-27 16:42:43.231,212.63,0.138058545864,0.0,0
2018-05-27 16:42:43.324,212.15,0.138058545864,0.0,0
2018-05-27 16:42:43.417,213.26,0.138058545864,0.0,0
2018-05-27 16:42:43.501,213.48,0.138058545864,0.0,0
2018-05-27 16:42:43.585,212.8,0.138058545864,0.0,0
2018-05-27 16:42:43.678,213.72,0.138058545864,0.0,0
2018-05-27 16:42:43.771,213.21,0.138058545864,0.0,0
2018-05-27 16:42:43.855,214.0,0.138058545864,0.0,0
2018-05-27 16:42:44.017,214.61,0.138058545864,0.0,0
2018-05-27 16:42:44.110,215.95,0.138058545864,0.0,0
2018-05-27 16:42:44.203,215.04,0.138058545864,0.0,0
2018-05-27 16:42:44.296,215.33,0.138058545864,0.0,0
2018-05-27 16:42:44.380,215.81,0.138058545864,0.0,0
2018-05-27 16:42:44.566,216.84,0.138058545864,0.0,0
2018-05-27 16:42:44.753,218.16,0.138058545864,0.0,0
2018-05-27 16:42:44.836,216.92,0.138058545864,0.0,0
2018-05-27 16:42:44.929,219.07,0.138058545864,0.0,0
2018-05-27 16:42:45.091,217.74,0.138058545864,0.0,0
2018-05-27 16:42:45.184,218.45,0.138058545864,0.0,0
2018-05-27 16:42:45.371,219.14,0.138058545864,0.0,0
2018-05-27 16:42:45.454,219.52,0.138058545864,0.0,0
2018-05-27 16:42:45.539,218.81,0.138058545864,0.0,0
2018-05-27 16:42:45.631,219.85,0.138058545864,0.0,0
2018-05-27 16:42:45.725,219.74,0.138058545864,0.0,0
2018-05-27 16:42:45.818,218.51,0.138058545864,0.0,0
2018-05-27 16:42:45.911,219.15,0.138058545864,0.0,0
2018-05-27 16:42:46.166,221.0,0.138058545864,0.0,0
2018-05-27 16:42:46.259,220.54,0.138058545864,0.0,0
2018-05-27 16:42:46.343,222.26,0.138058545864,0.0,0
2018-05-27 16:42:46.436,221.13,0.138058545864,0.0,0
2018-05-27 16:42:46.529,221.09,0.138058545864,0.0,0
2018-05-27 16:42:46.613,222.86,0.138058545864,0.0,0
2018-05-27 16:42:46.706,222.87,0.138058545864,0.0,0
2018-05-27 16:42:46.799,222.56,0.138058545864,0.0,0
2018-05-27 16:42:46.892,222.66,0.138058545864,0.0,0
2018-05-27 16:42:47.054,223.61,0.138058545864,0.0,0
2018-05-27 16:42:47.148,223.85,0.138058545864,0.0,0
2018-05-27 16:42:47.240,222.63,0.138058545864,0.0,0
2018-05-27 16:42:47.334,223.1,0.138058545864,0.0,0
2018-05-27 16:42:47.427,223.28,0.138058545864,0.0,0
2018-05-27 16:42:47.520,224.07,0.138058545864,0.0,0
2018-05-27 16:42:47.604,224.47,0.138058545864,0.0,0
2018-05-27 16:42:47.697,224.84,0.138058545864,0.0,0
2018-05-27 16:42:47.883,226.02,0.138058545864,0.0,0
2018-05-27 16:42:48.040,225.15,0.138058545864,0.0,0
2018-05-27 16:42:48.389,226.14,0.138058545864,0.0,0
2018-05-27 16:42:48.483,226.45,0.138058545864,0.0,0
2018-05-27 16:42:48.762,226.26,0.138058545864,0.0,0
2018-05-27 16:42:49.101,227.19,0.138058545864,0.0,0
2018-05-27 16:42:49.194,226.46,0.138058545864,0.0,0
2018-05-27 16:42:49.287,226.55,0.138058545864,0.0,0
2018-05-27 16:42:49.380,226.97,0.138058545864,0.0,0
2018-05-27 16:42:49.465,228.35,0.138058545864,0.0,0
2018-05-27 16:42:49.566,227.29,0.138058545864,0.0,0
2018-05-27 16:42:49.660,227.91,0.138058545864,0.0,0
2018-05-27 16:42:49.753,228.5,0.138058545864,0.0,0
2018-05-27 16:42:50.009,229.09,0.138058545864,0.0,0
2018-05-27 16:42:50.092,227.25,0.138058545864,0.0,0
2018-05-27 16:42:50.185,228.57,0.138058545864,0.0,0
2018-05-27 16:42:50.278,228.62,0.138058545864,0.0,0
2018-05-27 16:42:50.455,228.8,0.138058545864,0.0,0
2018-05-27 16:42:50.548,229.0,0.138058545864,0.0,0
2018-05-27 16:42:50.641,228.7,0.138058545864,0.0,0
2018-05-27 16:42:51.073,229.57,0.138058545864,0.0,0
2018-05-27 16:42:51.166,229.26,0.138058545864,0.0,0
2018-05-27 16:42:51.259,226.61,0.138058545864,0.0,0
2018-05-27 16:42:51.343,226.91,0.138058545864,0.0,0
2018-05-27 16:42:51.436,225.91,0.138058545864,0.0,0
2018-05-27 16:42:51.529,224.22,0.138058545864,0.0,0
2018-05-27 16:42:51.623,222.25,0.138058545864,0.0,0
2018-05-27 16:42:51.800,221.32,0.138058545864,0.0,0
2018-05-27 16:42:51.893,219.57,0.138058545864,0.0,0
2018-05-27 16:42:52.055,218.85,0.138058545864,0.0,0
2018-05-27 16:42:52.334,215.86,0.138058545864,0.0,0
2018-05-27 16:42:52.427,215.91,0.138058545864,0.0,0
2018-05-27 16:42:52.707,212.3,0.138058545864,0.0,0
2018-05-27 16:42:52.883,209.08,0.138058545864,0.0,0
2018-05-27 16:42:53.306,206.45,0.138058545864,0.0,0
2018-05-27 16:42:53.483,206.59,0.138058545864,0.0,0
2018-05-27 16:42:53.567,206.65,0.138058545864,0.0,0
2018-05-27 16:42:53.660,204.7,0.138058545864,0.0,0
2018-05-27 16:42:53.846,203.92,0.138058545864,0.0,0
2018-05-27 16:42:54.008,204.88,0.138058545864,0.0,0
2018-05-27 16:42:54.101,203.22,0.138058545864,0.0,0
2018-05-27 16:42:54.194,201.09,0.138058545864,0.0,0
2018-05-27 16:42:54.465,202.31,0.138058545864,0.0,0
2018-05-27 16:42:54.558,202.27,0.138058545864,0.0,0
2018-05-27 16:42:54.642,201.05,0.138058545864,0.0,0
2018-05-27 16:42:54.828,201.39,0.138058545864,0.0,0
2018-05-27 16:42:54.921,202.6,0.138058545864,0.0,0
2018-05-27 16:42:55.074,202.57,0.138058545864,0.0,0
2018-05-27 16:42:55.167,203.91,0.138058545864,0.0,0
2018-05-27 16:42:55.260,203.36,0.138058545864,0.0,0
2018-05-27 16:42:55.344,203.26,0.138058545864,0.0,0
2018-05-27 16:42:55.437,203.58,0.138058545864,0.0,0
2018-05-27 16:42:55.530,203.63,0.138058545864,0.0,0
2018-05-27 16:42:55.623,203.02,0.138058545864,0.0,0
2018-05-27 16:42:55.716,204.95,0.138058545864,0.0,0
2018-05-27 16:42:55.809,204.0,0.138058545864,0.0,0
2018-05-27 16:42:55.902,205.57,0.138058545864,0.0,0
2018-05-27 16:42:56.064,204.92,0.138058545864,0.0,0
2018-05-27 16:42:56.152,205.02,0.138058545864,0.0,0
2018-05-27 16:42:56.241,204.39,0.138058545864,0.0,0
2018-05-27 16:42:56.418,207.03,0.138058545864,0.0,0
2018-05-27 16:42:56.511,205.51,0.138058545864,0.0,0
2018-05-27 16:42:56.604,206.76,0.138058545864,0.0,0
2018-05-27 16:42:56.698,206.04,0.138058545864,0.0,0
2018-05-27 16:42:56.791,207.36,0.138058545864,0.0,0
2018-05-27 16:42:56.884,206.69,0.138058545864,0.0,0
2018-05-27 16:42:57.041,207.19,0.138058545864,0.0,0
2018-05-27 16:42:57.130,208.19,0.138058545864,0.0,0
2018-05-27 16:42:57.213,208.92,0.138058545864,0.0,0
2018-05-27 16:42:57.307,208.43,0.138058545864,0.0,0
2018-05-27 16:42:57.391,208.66,0.138058545864,0.0,0
2018-05-27 16:42:57.567,210.32,0.138058545864,0.0,0
2018-05-27 16:42:57.660,209.28,0.138058545864,0.0,0
2018-05-27 16:42:58.009,211.05,0.138058545864,0.0,0
2018-05-27 16:42:58.176,211.49,0.138058545864,0.0,0
2018-05-27 16:42:58.363,212.36,0.138058545864,0.0,0
2018-05-27 16:42:58.456,212.91,0.138058545864,0.0,0
2018-05-27 16:42:58.633,214.17,0.138058545864,0.0,0
2018-05-27 16:42:58.819,213.02,0.138058545864,0.0,0
2018-05-27 16:42:59.344,208.51,0.138058545864,0.0,0
2018-05-27 16:42:59.446,208.04,0.138058545864,0.0,0
2018-05-27 16:42:59.540,209.63,0.138058545864,0.0,0
2018-05-27 16:42:59.810,207.65,0.138058545864,0.0,0
2018-05-27 16:42:59.903,205.37,0.138058545864,0.0,0
2018-05-27 16:43:00.065,206.46,0.138058545864,0.0,0
2018-05-27 16:43:00.251,205.46,0.138058545864,0.0,0
2018-05-27 16:43:00.335,205.27,0.138058545864,0.0,0
2018-05-27 16:43:00.428,203.46,0.138058545864,0.0,0
2018-05-27 16:43:00.521,201.9,0.138058545864,0.0,0
2018-05-27 16:43:00.614,203.63,0.138058545864,0.0,0
2018-05-27 16:43:00.698,204.27,0.138058545864,0.0,0
2018-05-27 16:43:00.791,202.65,0.138058545864,0.0,0
2018-05-27 16:43:01.307,203.73,0.138058545864,0.0,0
2018-05-27 16:43:01.577,203.93,0.138058545864,0.0,0
2018-05-27 16:43:01.670,203.24,0.138058545864,0.0,0
2018-05-27 16:43:01.763,205.18,0.138058545864,0.0,0
2018-05-27 16:43:01.857,203.64,0.138058545864,0.0,0
2018-05-27 16:43:02.018,204.26,0.138058545864,0.0,0
2018-05-27 16:43:02.111,203.91,0.138058545864,0.0,0
2018-05-27 16:43:02.205,203.51,0.138058545864,0.0,0
2018-05-27 16:43:02.382,205.9,0.138058545864,0.0,0
2018-05-27 16:43:02.661,204.73,0.138058545864,0.0,0
2018-05-27 16:43:02.754,206.73,0.138058545864,0.0,0
2018-05-27 16:43:02.847,205.55,0.138058545864,0.0,0
2018-05-27 16:43:03.102,207.16,0.138058545864,0.0,0
2018-05-27 16:43:03.195,205.19,0.138058545864,0.0,0
2018-05-27 16:43:03.289,207.74,0.138058545864,0.0,0
2018-05-27 16:43:03.373,208.26,0.138058545864,0.0,0
2018-05-27 16:43:03.466,207.04,0.138058545864,0.0,0
2018-05-27 16:43:03.652,207.01,0.138058545864,0.0,0
2018-05-27 16:43:03.838,207.62,0.138058545864,0.0,0
2018-05-27 16:43:03.931,209.56,0.138058545864,0.0,0
2018-05-27 16:43:04.093,208.81,0.138058545864,0.0,0
2018-05-27 16:43:04.280,208.51,0.138058545864,0.0,0
2018-05-27 16:43:04.364,209.52,0.138058545864,0.0,0
2018-05-27 16:43:04.456,210.74,0.138058545864,0.0,0
2018-05-27 16:43:04.633,212.36,0.138058545864,0.0,0
2018-05-27 16:43:04.820,213.28,0.138058545864,0.0,0
2018-05-27 16:43:04.913,212.09,0.138058545864,0.0,0
2018-05-27 16:43:05.168,214.3,0.138058545864,0.0,0
2018-05-27 16:43:05.261,213.6,0.138058545864,0.0,0
2018-05-27 16:43:05.345,214.54,0.138058545864,0.0,0
2018-05-27 16:43:05.447,214.23,0.138058545864,0.0,0
2018-05-27 16:43:05.540,214.0,0.138058545864,0.0,0
2018-05-27 16:43:05.913,217.39,0.138058545864,0.0,0
2018-05-27 16:43:06.075,217.01,0.138058545864,0.0,0
2018-05-27 16:43:06.168,216.11,0.138058545864,0.0,0
2018-05-27 16:43:06.345,217.38,0.138058545864,0.0,0
2018-05-27 16:43:06.438,219.19,0.138058545864,0.0,0
2018-05-27 16:43:06.624,217.58,0.138058545864,0.0,0
2018-05-27 16:43:06.810,218.57,0.138058545864,0.0,0
2018-05-27 16:43:06.904,217.92,0.138058545864,0.0,0
2018-05-27 16:43:07.065,218.86,0.138058545864,0.0,0
2018-05-27 16:43:07.159,220.35,0.138058545864,0.0,0
2018-05-27 16:43:07.336,220.43,0.138058545864,0.0,0
2018-05-27 16:43:07.429,220.28,0.138058545864,0.0,0
2018-05-27 16:43:07.615,220.66,0.138058545864,0.0,0
2018-05-27 16:43:07.708,221.63,0.138058545864,0.0,0
2018-05-27 16:43:07.894,220.27,0.138058545864,0.0,0
2018-05-27 16:43:08.056,220.66,0.138058545864,0.0,0
2018-05-27 16:43:08.149,222.7,0.138058545864,0.0,0
2018-05-27 16:43:08.326,222.04,0.138058545864,0.0,0
2018-05-27 16:43:08.419,224.01,0.138058545864,0.0,0
2018-05-27 16:43:08.606,222.86,0.138058545864,0.0,0
2018-05-27 16:43:08.699,223.5,0.138058545864,0.0,0
2018-05-27 16:43:09.038,223.24,0.138058545864,0.0,0
2018-05-27 16:43:09.135,223.38,0.138058545864,0.0,0
2018-05-27 16:43:09.485,225.41,0.138058545864,0.0,0
2018-05-27 16:43:09.755,226.16,0.138058545864,0.0,0
2018-05-27 16:43:10.289,225.63,0.138058545864,0.0,0
2018-05-27 16:43:10.643,226.38,0.138058545864,0.0,0
2018-05-27 16:43:10.913,227.89,0.138058545864,0.0,0
2018-05-27 16:43:11.345,228.58,0.138058545864,0.0,0
2018-05-27 16:43:11.531,228.58,0.138058545864,0.0,0
2018-05-27 16:43:11.625,228.73,0.138058545864,0.0,0
2018-05-27 16:43:11.718,227.98,0.138058545864,0.0,0
2018-05-27 16:43:11.811,227.84,0.138058545864,0.0,0
2018-05-27 16:43:12.159,228.25,0.138058545864,0.0,0
2018-05-27 16:43:12.252,228.57,0.138058545864,0.0,0
2018-05-27 16:43:12.522,229.37,0.138058545864,0.0,0
2018-05-27 16:43:12.709,229.62,0.138058545864,0.0,0
2018-05-27 16:43:12.802,228.12,0.138058545864,0.0,0
2018-05-27 16:43:13.243,225.5,0.138058545864,0.0,0
2018-05-27 16:43:13.513,221.57,0.138058545864,0.0,0
2018-05-27 16:43:13.792,218.68,0.138058545864,0.0,0
2018-05-27 16:43:13.886,218.06,0.138058545864,0.0,0
2018-05-27 16:43:14.215,214.71,0.138058545864,0.0,0
2018-05-27 16:43:14.308,214.99,0.138058545864,0.0,0
2018-05-27 16:43:14.476,212.54,0.138058545864,0.0,0
2018-05-27 16:43:14.569,212.64,0.138058545864,0.0,0
2018-05-27 16:43:14.755,211.47,0.138058545864,0.0,0
2018-05-27 16:43:15.103,208.11,0.138058545864,0.0,0
2018-05-27 16:43:15.187,208.26,0.138058545864,0.0,0
2018-05-27 16:43:15.457,205.67,0.138058545864,0.0,0
2018-05-27 16:43:15.821,207.32,0.138058545864,0.0,0
2018-05-27 16:43:16.066,205.02,0.138058545864,0.0,0
2018-05-27 16:43:16.532,205.53,0.138058545864,0.0,0
2018-05-27 16:43:16.616,205.33,0.138058545864,0.0,0
2018-05-27 16:43:17.043,203.87,0.138058545864,0.0,0
2018-05-27 16:43:17.124,204.07,0.138058545864,0.0,0
2018-05-27 16:43:17.395,205.62,0.138058545864,0.0,0
2018-05-27 16:43:17.672,207.39,0.138058545864,0.0,0
2018-05-27 16:43:18.560,208.6,0.138058545864,0.0,0
2018-05-27 16:43:18.653,209.3,0.138058545864,0.0,0
2018-05-27 16:43:19.002,210.2,0.138058545864,0.0,0
2018-05-27 16:43:19.085,210.62,0.138058545864,0.0,0
2018-05-27 16:43:19.262,212.22,0.138058545864,0.0,0
2018-05-27 16:43:19.346,211.57,0.138058545864,0.0,0
2018-05-27 16:43:19.625,213.86,0.138058545864,0.0,0
2018-05-27 16:43:19.709,213.28,0.138058545864,0.0,0
2018-05-27 16:43:19.802,213.42,0.138058545864,0.0,0
2018-05-27 16:43:19.896,213.54,0.138058545864,0.0,0
2018-05-27 16:43:20.057,215.05,0.138058545864,0.0,0
2018-05-27 16:43:20.337,215.58,0.138058545864,0.0,0
2018-05-27 16:43:20.616,215.65,0.138058545864,0.0,0
2018-05-27 16:43:20.700,214.87,0.138058545864,0.0,0
2018-05-27 16:43:20.793,211.66,0.138058545864,0.0,0
2018-05-27 16:43:20.886,212.48,0.138058545864,0.0,0
2018-05-27 16:43:21.043,211.44,0.138058545864,0.0,0
2018-05-27 16:43:21.216,211.5,0.138058545864,0.0,0
2018-05-27 16:43:21.402,209.87,0.138058545864,0.0,0
2018-05-27 16:43:21.579,207.31,0.138058545864,0.0,0
2018-05-27 16:43:22.020,206.42,0.138058545864,0.0,0
2018-05-27 16:43:22.207,205.87,0.138058545864,0.0,0
2018-05-27 16:43:22.300,205.64,0.138058545864,0.0,0
2018-05-27 16:43:22.477,204.49,0.138058545864,0.0,0
2018-05-27 16:43:22.570,204.94,0.138058545864,0.0,0
2018-05-27 16:43:22.663,204.86,0.138058545864,0.0,0
2018-05-27 16:43:22.849,205.49,0.138058545864,0.0,0
2018-05-27 16:43:23.011,205.01,0.138058545864,0.0,0
2018-05-27 16:43:23.197,204.86,0.138058545864,0.0,0
2018-05-27 16:43:23.291,204.92,0.138058545864,0.0,0
2018-05-27 16:43:23.374,205.51,0.138058545864,0.0,0
2018-05-27 16:43:23.561,205.32,0.138058545864,0.0,0
2018-05-27 16:43:23.644,205.8,0.138058545864,0.0,0
2018-05-27 16:43:23.738,207.56,0.138058545864,0.0,0
2018-05-27 16:43:23.831,205.85,0.138058545864,0.0,0
2018-05-27 16:43:23.915,206.37,0.138058545864,0.0,0
2018-05-27 16:43:24.077,207.95,0.138058545864,0.0,0
2018-05-27 16:43:24.170,206.18,0.138058545864,0.0,0
2018-05-27 16:43:24.253,206.55,0.138058545864,0.0,0
2018-05-27 16:43:24.524,207.35,0.138058545864,0.0,0
2018-05-27 16:43:24.617,209.17,0.138058545864,0.0,0
2018-05-27 16:43:24.710,207.79,0.138058545864,0.0,0
2018-05-27 16:43:24.803,209.74,0.138058545864,0.0,0
2018-05-27 16:43:24.896,208.91,0.138058545864,0.0,0
2018-05-27 16:43:25.059,210.9,0.138058545864,0.0,0
2018-05-27 16:43:25.142,210.15,0.138058545864,0.0,0
2018-05-27 16:43:25.235,210.15,0.138058545864,0.0,0
2018-05-27 16:43:25.421,212.45,0.138058545864,0.0,0
2018-05-27 16:43:25.514,211.52,0.138058545864,0.0,0
2018-05-27 16:43:25.607,212.9,0.138058545864,0.0,0
2018-05-27 16:43:25.701,211.93,0.138058545864,0.0,0
2018-05-27 16:43:25.794,213.13,0.138058545864,0.0,0
2018-05-27 16:43:25.887,212.97,0.138058545864,0.0,0
2018-05-27 16:43:26.216,213.16,0.138058545864,0.0,0
2018-05-27 16:43:26.310,214.26,0.138058545864,0.0,0
2018-05-27 16:43:26.403,216.03,0.138058545864,0.0,0
2018-05-27 16:43:26.486,216.29,0.138058545864,0.0,0
2018-05-27 16:43:26.574,215.01,0.138058545864,0.0,0
2018-05-27 16:43:26.664,216.74,0.138058545864,0.0,0
2018-05-27 16:43:26.747,216.03,0.138058545864,0.0,0
2018-05-27 16:43:26.840,217.05,0.138058545864,0.0,0
2018-05-27 16:43:27.095,217.53,0.138058545864,0.0,0
2018-05-27 16:43:27.179,217.5,0.138058545864,0.0,0
2018-05-27 16:43:27.263,217.47,0.138058545864,0.0,0
2018-05-27 16:43:27.356,217.83,0.138058545864,0.0,0
2018-05-27 16:43:27.449,218.94,0.138058545864,0.0,0
2018-05-27 16:43:27.543,219.33,0.138058545864,0.0,0
2018-05-27 16:43:27.729,218.55,0.138058545864,0.0,0
2018-05-27 16:43:27.822,218.98,0.138058545864,0.0,0
2018-05-27 16:43:28.077,219.3,0.138058545864,0.0,0
2018-05-27 16:43:28.263,220.98,0.138058545864,0.0,0
2018-05-27 16:43:28.524,220.28,0.138058545864,0.0,0
2018-05-27 16:43:28.617,222.23,0.138058545864,0.0,0
2018-05-27 16:43:28.710,222.5,0.138058545864,0.0,0
2018-05-27 16:43:28.804,221.56,0.138058545864,0.0,0
2018-05-27 16:43:28.897,221.8,0.138058545864,0.0,0
2018-05-27 16:43:29.059,222.02,0.138058545864,0.0,0
2018-05-27 16:43:29.152,223.62,0.138058545864,0.0,0
2018-05-27 16:43:29.245,224.01,0.138058545864,0.0,0
2018-05-27 16:43:29.329,223.3,0.138058545864,0.0,0
2018-05-27 16:43:29.422,224.27,0.138058545864,0.0,0
2018-05-27 16:43:29.515,224.09,0.138058545864,0.0,0
2018-05-27 16:43:29.608,223.74,0.138058545864,0.0,0
2018-05-27 16:43:29.701,223.81,0.138058545864,0.0,0
2018-05-27 16:43:29.790,224.96,0.138058545864,0.0,0
2018-05-27 16:43:29.883,224.57,0.138058545864,0.0,0
2018-05-27 16:43:30.124,225.64,0.138058545864,0.0,0
2018-05-27 16:43:30.310,224.68,0.138058545864,0.0,0
2018-05-27 16:43:30.487,226.77,0.138058545864,0.0,0
2018-05-27 16:43:30.673,226.21,0.138058545864,0.0,0
2018-05-27 16:43:30.860,225.82,0.138058545864,0.0,0
2018-05-27 16:43:31.115,226.0,0.138058545864,0.0,0
2018-05-27 16:43:31.301,226.77,0.138058545864,0.0,0
2018-05-27 16:43:31.487,226.02,0.138058545864,0.0,0
2018-05-27 16:43:31.571,226.47,0.138058545864,0.0,0
2018-05-27 16:43:31.757,224.91,0.138058545864,0.0,0
2018-05-27 16:43:32.012,224.03,0.138058545864,0.0,0
2018-05-27 16:43:32.105,224.68,0.138058545864,0.0,0
2018-05-27 16:43:32.292,226.21,0.138058545864,0.0,0
2018-05-27 16:43:32.469,224.44,0.138058545864,0.0,0
2018-05-27 16:43:32.562,225.59,0.138058545864,0.0,0
2018-05-27 16:43:32.655,226.57,0.138058545864,0.0,0
2018-05-27 16:43:32.841,226.35,0.138058545864,0.0,0
2018-05-27 16:43:33.189,225.47,0.138058545864,0.0,0
2018-05-27 16:43:33.367,225.42,0.138058545864,0.0,0
2018-05-27 16:43:33.459,224.95,0.138058545864,0.0,0
2018-05-27 16:43:33.543,226.87,0.138058545864,0.0,0
2018-05-27 16:43:33.636,225.59,0.138058545864,0.0,0
2018-05-27 16:43:33.730,223.89,0.138058545864,0.0,0
2018-05-27 16:43:33.823,222.98,0.138058545864,0.0,0
2018-05-27 16:43:33.916,221.7,0.138058545864,0.0,0
2018-05-27 16:43:34.078,221.7,0.138058545864,0.0,0
2018-05-27 16:43:34.162,220.49,0.138058545864,0.0,0
2018-05-27 16:43:34.432,217.31,0.138058545864,0.0,0
2018-05-27 16:43:34.525,216.14,0.138058545864,0.0,0
2018-05-27 16:43:34.618,214.2,0.138058545864,0.0,0
2018-05-27 16:43:34.897,211.64,0.138058545864,0.0,0
2018-05-27 16:43:35.152,209.49,0.138058545864,0.0,0
2018-05-27 16:43:35.422,206.66,0.138058545864,0.0,0
2018-05-27 16:43:35.702,204.09,0.138058545864,0.0,0
2018-05-27 16:43:35.888,199.95,0.138058545864,0.0,0
2018-05-27 16:43:36.134,200.61,0.138058545864,0.0,0
2018-05-27 16:43:36.218,199.57,0.138058545864,0.0,0
2018-05-27 16:43:36.404,198.3,0.138058545864,0.0,0
2018-05-27 16:43:36.497,198.06,0.138058545864,0.0,0
2018-05-27 16:43:36.590,199.87,0.138058545864,0.0,0
2018-05-27 16:43:36.684,198.22,0.138058545864,0.0,0
2018-05-27 16:43:36.777,197.63,0.138058545864,0.0,0
2018-05-27 16:43:36.870,198.84,0.138058545864,0.0,0
2018-05-27 16:43:37.032,198.57,0.138058545864,0.0,0
2018-05-27 16:43:37.125,196.69,0.138058545864,0.0,0
2018-05-27 16:43:37.311,198.1,0.138058545864,0.0,0
2018-05-27 16:43:37.404,197.91,0.138058545864,0.0,0
2018-05-27 16:43:37.488,198.4,0.138058545864,0.0,0
2018-05-27 16:43:37.581,197.95,0.138058545864,0.0,0
2018-05-27 16:43:37.665,199.12,0.138058545864,0.0,0
2018-05-27 16:43:37.758,198.53,0.138058545864,0.0,0
2018-05-27 16:43:37.851,198.56,0.138058545864,0.0,0
2018-05-27 16:43:38.013,200.0,0.138058545864,0.0,0
2018-05-27 16:43:38.106,198.68,0.138058545864,0.0,0
2018-05-27 16:43:38.199,199.06,0.138058545864,0.0,0
2018-05-27 16:43:38.292,200.47,0.138058545864,0.0,0
2018-05-27 16:43:38.469,200.64,0.138058545864,0.0,0
2018-05-27 16:43:38.646,199.59,0.138058545864,0.0,0
2018-05-27 16:43:38.740,200.16,0.138058545864,0.0,0
2018-05-27 16:43:38.823,199.59,0.138058545864,0.0,0
2018-05-27 16:43:38.917,202.03,0.138058545864,0.0,0
2018-05-27 16:43:39.079,201.3,0.138058545864,0.0,0
2018-05-27 16:43:39.172,201.09,0.138058545864,0.0,0
2018-05-27 16:43:39.350,203.13,0.138058545864,0.0,0
2018-05-27 16:43:39.442,202.18,0.138058545864,0.0,0
2018-05-27 16:43:39.535,202.75,0.138058545864,0.0,0
2018-05-27 16:43:39.721,203.31,0.138058545864,0.0,0
2018-05-27 16:43:39.814,205.14,0.138058545864,0.0,0
2018-05-27 16:43:39.907,203.94,0.138058545864,0.0,0
2018-05-27 16:43:40.069,205.33,0.138058545864,0.0,0
2018-05-27 16:43:40.162,205.25,0.138058545864,0.0,0
2018-05-27 16:43:40.339,206.82,0.138058545864,0.0,0
2018-05-27 16:43:40.432,207.91,0.138058545864,0.0,0
2018-05-27 16:43:40.712,207.25,0.138058545864,0.0,0
2018-05-27 16:43:40.805,209.42,0.138058545864,0.0,0
2018-05-27 16:43:40.898,208.14,0.138058545864,0.0,0
2018-05-27 16:43:41.060,210.0,0.138058545864,0.0,0
2018-05-27 16:43:41.246,210.89,0.138058545864,0.0,0
2018-05-27 16:43:41.331,209.85,0.138058545864,0.0,0
2018-05-27 16:43:41.423,209.92,0.138058545864,0.0,0
2018-05-27 16:43:41.516,210.43,0.138058545864,0.0,0
2018-05-27 16:43:41.609,211.81,0.138058545864,0.0,0
2018-05-27 16:43:41.703,209.47,0.138058545864,0.0,0
2018-05-27 16:43:41.796,210.65,0.138058545864,0.0,0
2018-05-27 16:43:41.889,209.72,0.138058545864,0.0,0
2018-05-27 16:43:42.046,208.51,0.138058545864,0.0,0
2018-05-27 16:43:42.135,209.5,0.138058545864,0.0,0
2018-05-27 16:43:42.312,206.5,0.138058545864,0.0,0
2018-05-27 16:43:42.498,206.09,0.138058545864,0.0,0
2018-05-27 16:43:42.777,206.73,0.138058545864,0.0,0
2018-05-27 16:43:43.032,204.88,0.138058545864,0.0,0
2018-05-27 16:43:43.125,206.29,0.138058545864,0.0,0
2018-05-27 16:43:43.302,205.36,0.138058545864,0.0,0
2018-05-27 16:43:43.395,206.61,0.138058545864,0.0,0
2018-05-27 16:43:43.582,205.98,0.138058545864,0.0,0
2018-05-27 16:43:43.768,205.16,0.138058545864,0.0,0
2018-05-27 16:43:43.861,204.99,0.138058545864,0.0,0
2018-05-27 16:43:44.023,203.76,0.138058545864,0.0,0
2018-05-27 16:43:44.209,205.3,0.138058545864,0.0,0
2018-05-27 16:43:44.302,206.64,0.138058545864,0.0,0
2018-05-27 16:43:44.666,205.87,0.138058545864,0.0,0
2018-05-27 16:43:44.852,206.09,0.138058545864,0.0,0
2018-05-27 16:43:45.368,207.01,0.138058545864,0.0,0
2018-05-27 16:43:45.461,208.73,0.138058545864,0.0,0
2018-05-27 16:43:45.545,208.39,0.138058545864,0.0,0
2018-05-27 16:43:45.731,208.95,0.138058545864,0.0,0
2018-05-27 16:43:45.815,208.64,0.138058545864,0.0,0
2018-05-27 16:43:45.908,207.53,0.138058545864,0.0,0
2018-05-27 16:43:46.061,208.67,0.138058545864,0.0,0
2018-05-27 16:43:46.154,208.77,0.138058545864,0.0,0
2018-05-27 16:43:46.247,209.23,0.138058545864,0.0,0
2018-05-27 16:43:46.331,210.51,0.138058545864,0.0,0
2018-05-27 16:43:46.424,209.01,0.138058545864,0.0,0
2018-05-27 16:43:46.508,210.51,0.138058545864,0.0,0
2018-05-27 16:43:46.592,210.57,0.138058545864,0.0,0
2018-05-27 16:43:46.685,212.48,0.138058545864,0.0,0
2018-05-27 16:43:46.778,210.79,0.138058545864,0.0,0
2018-05-27 16:43:46.871,211.51,0.138058545864,0.0,0
2018-05-27 16:43:47.033,213.19,0.138058545864,0.0,0
2018-05-27 16:43:47.126,212.53,0.138058545864,0.0,0
2018-05-27 16:43:47.312,212.77,0.138058545864,0.0,0
2018-05-27 16:43:47.396,213.47,0.138058545864,0.0,0
2018-05-27 16:43:47.489,213.16,0.138058545864,0.0,0
2018-05-27 16:43:47.582,214.91,0.138058545864,0.0,0
2018-05-27 16:43:47.675,214.14,0.138058545864,0.0,0
2018-05-27 16:43:47.769,214.78,0.138058545864,0.0,0
2018-05-27 16:43:47.862,216.34,0.138058545864,0.0,0
2018-05-27 16:43:48.024,214.93,0.138058545864,0.0,0
2018-05-27 16:43:48.117,215.8,0.138058545864,0.0,0
2018-05-27 16:43:48.573,217.68,0.138058545864,0.0,0
2018-05-27 16:43:48.666,218.02,0.138058545864,0.0,0
2018-05-27 16:43:48.759,216.97,0.138058545864,0.0,0
2018-05-27 16:43:49.015,218.59,0.138058545864,0.0,0
2018-05-27 16:43:49.108,217.66,0.138058545864,0.0,0
2018-05-27 16:43:49.201,218.42,0.138058545864,0.0,0
2018-05-27 16:43:49.294,218.36,0.138058545864,0.0,0
2018-05-27 16:43:49.471,220.12,0.138058545864,0.0,0
2018-05-27 16:43:49.556,219.03,0.138058545864,0.0,0
2018-05-27 16:43:49.741,220.63,0.138058545864,0.0,0
2018-05-27 16:43:49.918,221.32,0.138058545864,0.0,0
2018-05-27 16:43:50.173,220.94,0.138058545864,0.0,0
2018-05-27 16:43:50.359,222.66,0.138058545864,0.0,0
2018-05-27 16:43:50.452,222.87,0.138058545864,0.0,0
2018-05-27 16:43:50.545,221.61,0.138058545864,0.0,0
2018-05-27 16:43:50.638,222.22,0.138058545864,0.0,0
2018-05-27 16:43:50.732,222.5,0.138058545864,0.0,0
2018-05-27 16:43:50.815,221.74,0.138058545864,0.0,0
2018-05-27 16:43:51.070,223.14,0.138058545864,0.0,0
2018-05-27 16:43:51.164,224.13,0.138058545864,0.0,0
2018-05-27 16:43:51.257,224.49,0.138058545864,0.0,0
2018-05-27 16:43:51.341,223.7,0.138058545864,0.0,0
2018-05-27 16:43:51.527,224.66,0.138058545864,0.0,0
2018-05-27 16:43:51.620,223.65,0.138058545864,0.0,0
2018-05-27 16:43:51.713,224.14,0.138058545864,0.0,0
2018-05-27 16:43:51.797,225.56,0.138058545864,0.0,0
2018-05-27 16:43:51.890,225.02,0.138058545864,0.0,0
2018-05-27 16:43:52.220,225.24,0.138058545864,0.0,0
2018-05-27 16:43:52.592,226.6,0.138058545864,0.0,0
2018-05-27 16:43:52.685,225.84,0.138058545864,0.0,0
2018-05-27 16:43:52.778,225.36,0.138058545864,0.0,0
2018-05-27 16:43:52.872,225.92,0.138058545864,0.0,0
2018-05-27 16:43:53.220,226.49,0.138058545864,0.0,0
2018-05-27 16:43:53.574,228.14,0.138058545864,0.0,0
2018-05-27 16:43:53.760,226.98,0.138058545864,0.0,0
2018-05-27 16:43:54.108,227.76,0.138058545864,0.0,0
2018-05-27 16:43:54.471,228.07,0.138058545864,0.0,0
2018-05-27 16:43:54.732,228.53,0.138058545864,0.0,0
2018-05-27 16:43:55.165,230.55,0.138058545864,0.0,0
2018-05-27 16:43:55.257,229.53,0.138058545864,0.0,0
2018-05-27 16:43:55.443,226.17,0.138058545864,0.0,0
2018-05-27 16:43:55.537,224.98,0.138058545864,0.0,0
2018-05-27 16:43:56.062,220.72,0.138058545864,0.0,0
2018-05-27 16:43:56.248,217.57,0.138058545864,0.0,0
2018-05-27 16:43:56.332,217.5,0.138058545864,0.0,0
2018-05-27 16:43:56.518,215.56,0.138058545864,0.0,0
2018-05-27 16:43:56.611,214.85,0.138058545864,0.0,0
2018-05-27 16:43:56.793,212.28,0.138058545864,0.0,0
2018-05-27 16:43:57.034,210.58,0.138058545864,0.0,0
2018-05-27 16:43:57.220,209.41,0.138058545864,0.0,0
2018-05-27 16:43:57.397,208.54,0.138058545864,0.0,0
2018-05-27 16:43:57.584,206.72,0.138058545864,0.0,0
2018-05-27 16:43:57.770,204.14,0.138058545864,0.0,0
2018-05-27 16:43:58.025,203.1,0.138058545864,0.0,0
2018-05-27 16:43:58.304,202.88,0.138058545864,0.0,0
2018-05-27 16:43:58.844,203.88,0.138058545864,0.0,0
2018-05-27 16:43:59.006,203.31,0.138058545864,0.0,0
2018-05-27 16:43:59.369,205.55,0.138058545864,0.0,0
2018-05-27 16:43:59.463,204.31,0.138058545864,0.0,0
2018-05-27 16:43:59.733,205.92,0.138058545864,0.0,0
2018-05-27 16:44:00.081,205.79,0.138058545864,0.0,0
2018-05-27 16:44:00.267,206.03,0.138058545864,0.0,0
2018-05-27 16:44:00.351,206.12,0.138058545864,0.0,0
2018-05-27 16:44:01.342,210.16,0.138058545864,0.0,0
2018-05-27 16:44:01.621,210.38,0.138058545864,0.0,0
2018-05-27 16:44:02.156,212.39,0.138058545864,0.0,0
2018-05-27 16:44:02.891,214.1,0.138058545864,0.0,0
2018-05-27 16:44:03.048,214.41,0.138058545864,0.0,0
2018-05-27 16:44:03.221,212.97,0.138058545864,0.0,0
2018-05-27 16:44:03.491,211.86,0.138058545864,0.0,0
2018-05-27 16:44:03.677,210.83,0.138058545864,0.0,0
2018-05-27 16:44:03.826,207.85,0.138058545864,0.0,0
2018-05-27 16:44:04.109,206.47,0.138058545864,0.0,0
2018-05-27 16:44:04.202,207.26,0.138058545864,0.0,0
2018-05-27 16:44:04.566,205.83,0.138058545864,0.0,0
2018-05-27 16:44:04.659,206.92,0.138058545864,0.0,0
2018-05-27 16:44:05.184,204.29,0.138058545864,0.0,0
2018-05-27 16:44:05.370,204.26,0.138058545864,0.0,0
2018-05-27 16:44:05.454,204.62,0.138058545864,0.0,0
2018-05-27 16:44:05.641,205.27,0.138058545864,0.0,0
2018-05-27 16:44:05.724,205.6,0.138058545864,0.0,0
2018-05-27 16:44:05.817,206.56,0.138058545864,0.0,0
2018-05-27 16:44:05.910,205.95,0.138058545864,0.0,0
2018-05-27 16:44:06.072,206.01,0.138058545864,0.0,0
2018-05-27 16:44:06.165,206.21,0.138058545864,0.0,0
2018-05-27 16:44:06.258,205.96,0.138058545864,0.0,0
2018-05-27 16:44:06.342,206.0,0.138058545864,0.0,0
2018-05-27 16:44:06.435,207.91,0.138058545864,0.0,0
2018-05-27 16:44:06.529,206.92,0.138058545864,0.0,0
2018-05-27 16:44:06.622,208.76,0.138058545864,0.0,0
2018-05-27 16:44:06.715,206.23,0.138058545864,0.0,0
2018-05-27 16:44:06.808,208.71,0.138058545864,0.0,0
2018-05-27 16:44:06.901,207.73,0.138058545864,0.0,0
2018-05-27 16:44:07.063,208.96,0.138058545864,0.0,0
2018-05-27 16:44:07.156,207.87,0.138058545864,0.0,0
2018-05-27 16:44:07.249,209.85,0.138058545864,0.0,0
2018-05-27 16:44:07.334,209.91,0.138058545864,0.0,0
2018-05-27 16:44:07.426,208.64,0.138058545864,0.0,0
2018-05-27 16:44:07.519,210.03,0.138058545864,0.0,0
2018-05-27 16:44:07.705,210.31,0.138058545864,0.0,0
2018-05-27 16:44:07.882,212.22,0.138058545864,0.0,0
2018-05-27 16:44:08.035,212.68,0.138058545864,0.0,0
2018-05-27 16:44:08.128,210.98,0.138058545864,0.0,0
2018-05-27 16:44:08.222,212.56,0.138058545864,0.0,0
2018-05-27 16:44:08.305,212.25,0.138058545864,0.0,0
2018-05-27 16:44:08.482,213.94,0.138058545864,0.0,0
2018-05-27 16:44:08.575,214.64,0.138058545864,0.0,0
2018-05-27 16:44:08.668,214.0,0.138058545864,0.0,0
2018-05-27 16:44:08.762,214.98,0.138058545864,0.0,0
2018-05-27 16:44:08.855,214.88,0.138058545864,0.0,0
2018-05-27 16:44:09.110,216.4,0.138058545864,0.0,0
2018-05-27 16:44:09.194,216.96,0.138058545864,0.0,0
2018-05-27 16:44:09.287,215.85,0.138058545864,0.0,0
2018-05-27 16:44:09.464,216.56,0.138058545864,0.0,0
2018-05-27 16:44:09.557,217.14,0.138058545864,0.0,0
2018-05-27 16:44:09.650,218.71,0.138058545864,0.0,0
2018-05-27 16:44:09.836,217.65,0.138058545864,0.0,0
2018-05-27 16:44:09.920,217.45,0.138058545864,0.0,0
2018-05-27 16:44:10.082,217.45,0.138058545864,0.0,0
2018-05-27 16:44:10.175,219.45,0.138058545864,0.0,0
2018-05-27 16:44:10.268,219.03,0.138058545864,0.0,0
2018-05-27 16:44:10.352,220.1,0.138058545864,0.0,0
2018-05-27 16:44:10.445,219.45,0.138058545864,0.0,0
2018-05-27 16:44:10.538,219.11,0.138058545864,0.0,0
2018-05-27 16:44:10.631,220.01,0.138058545864,0.0,0
2018-05-27 16:44:10.715,219.67,0.138058545864,0.0,0
2018-05-27 16:44:10.808,220.23,0.138058545864,0.0,0
2018-05-27 16:44:10.901,221.59,0.138058545864,0.0,0
2018-05-27 16:44:11.063,222.09,0.138058545864,0.0,0
2018-05-27 16:44:11.156,221.15,0.138058545864,0.0,0
2018-05-27 16:44:11.249,221.61,0.138058545864,0.0,0
2018-05-27 16:44:11.334,221.65,0.138058545864,0.0,0
2018-05-27 16:44:11.426,221.48,0.138058545864,0.0,0
2018-05-27 16:44:11.515,223.28,0.138058545864,0.0,0
2018-05-27 16:44:11.608,222.82,0.138058545864,0.0,0
2018-05-27 16:44:11.697,222.66,0.138058545864,0.0,0
2018-05-27 16:44:11.780,223.5,0.138058545864,0.0,0
2018-05-27 16:44:12.036,223.41,0.138058545864,0.0,0
2018-05-27 16:44:12.119,224.33,0.138058545864,0.0,0
2018-05-27 16:44:12.212,224.07,0.138058545864,0.0,0
2018-05-27 16:44:12.305,224.08,0.138058545864,0.0,0
2018-05-27 16:44:12.389,225.09,0.138058545864,0.0,0
2018-05-27 16:44:12.576,224.2,0.138058545864,0.0,0
2018-05-27 16:44:12.669,225.23,0.138058545864,0.0,0
2018-05-27 16:44:12.762,224.85,0.138058545864,0.0,0
2018-05-27 16:44:13.110,226.93,0.138058545864,0.0,0
2018-05-27 16:44:13.203,226.34,0.138058545864,0.0,0
2018-05-27 16:44:13.296,225.03,0.138058545864,0.0,0
2018-05-27 16:44:13.380,226.9,0.138058545864,0.0,0
2018-05-27 16:44:13.473,227.02,0.138058545864,0.0,0
2018-05-27 16:44:13.558,225.14,0.138058545864,0.0,0
2018-05-27 16:44:13.641,226.46,0.138058545864,0.0,0
2018-05-27 16:44:13.828,225.68,0.138058545864,0.0,0
2018-05-27 16:44:14.082,226.23,0.138058545864,0.0,0
2018-05-27 16:44:14.175,227.49,0.138058545864,0.0,0
2018-05-27 16:44:14.529,228.61,0.138058545864,0.0,0
2018-05-27 16:44:14.716,228.2,0.138058545864,0.0,0
2018-05-27 16:44:14.809,227.98,0.138058545864,0.0,0
2018-05-27 16:44:14.902,228.35,0.138058545864,0.0,0
2018-05-27 16:44:15.064,227.58,0.138058545864,0.0,0
2018-05-27 16:44:15.157,228.52,0.138058545864,0.0,0
2018-05-27 16:44:15.250,228.88,0.138058545864,0.0,0
2018-05-27 16:44:15.335,229.26,0.138058545864,0.0,0
2018-05-27 16:44:15.427,230.24,0.138058545864,0.0,0
2018-05-27 16:44:15.520,229.67,0.138058545864,0.0,0
2018-05-27 16:44:15.613,229.55,0.138058545864,0.0,0
2018-05-27 16:44:15.706,229.39,0.138058545864,0.0,0
2018-05-27 16:44:15.893,229.62,0.138058545864,0.0,0
2018-05-27 16:44:16.050,231.15,0.138058545864,0.0,0
2018-05-27 16:44:16.138,229.88,0.138058545864,0.0,0
2018-05-27 16:44:16.222,227.45,0.138058545864,0.0,0
2018-05-27 16:44:16.492,224.1,0.138058545864,0.0,0
2018-05-27 16:44:16.585,223.21,0.138058545864,0.0,0
2018-05-27 16:44:16.772,222.73,0.138058545864,0.0,0
2018-05-27 16:44:17.027,218.52,0.138058545864,0.0,0
2018-05-27 16:44:17.213,218.74,0.138058545864,0.0,0
2018-05-27 16:44:17.483,213.9,0.138058545864,0.0,0
2018-05-27 16:44:17.576,213.18,0.138058545864,0.0,0
2018-05-27 16:44:17.669,212.38,0.138058545864,0.0,0
2018-05-27 16:44:17.856,211.31,0.138058545864,0.0,0
2018-05-27 16:44:18.018,208.46,0.138058545864,0.0,0
2018-05-27 16:44:18.194,208.3,0.138058545864,0.0,0
2018-05-27 16:44:18.371,204.94,0.138058545864,0.0,0
2018-05-27 16:44:18.548,205.45,0.138058545864,0.0,0
2018-05-27 16:44:18.735,203.36,0.138058545864,0.0,0
2018-05-27 16:44:18.921,202.02,0.138058545864,0.0,0
2018-05-27 16:44:19.083,203.1,0.138058545864,0.0,0
2018-05-27 16:44:19.176,201.23,0.138058545864,0.0,0
2018-05-27 16:44:19.269,200.02,0.138058545864,0.0,0
2018-05-27 16:44:19.353,200.62,0.138058545864,0.0,0
2018-05-27 16:44:19.446,201.32,0.138058545864,0.0,0
2018-05-27 16:44:19.539,200.99,0.138058545864,0.0,0
2018-05-27 16:44:19.632,200.4,0.138058545864,0.0,0
2018-05-27 16:44:19.716,200.27,0.138058545864,0.0,0
2018-05-27 16:44:19.809,200.33,0.138058545864,0.0,0
2018-05-27 16:44:19.902,201.38,0.138058545864,0.0,0
2018-05-27 16:44:20.064,200.35,0.138058545864,0.0,0
2018-05-27 16:44:20.157,200.13,0.138058545864,0.0,0
2018-05-27 16:44:20.250,201.75,0.138058545864,0.0,0
2018-05-27 16:44:20.334,201.85,0.138058545864,0.0,0
2018-05-27 16:44:20.427,200.6,0.138058545864,0.0,0
2018-05-27 16:44:20.520,200.52,0.138058545864,0.0,0
2018-05-27 16:44:20.697,202.95,0.138058545864,0.0,0
2018-05-27 16:44:20.781,202.12,0.138058545864,0.0,0
2018-05-27 16:44:20.874,202.0,0.138058545864,0.0,0
2018-05-27 16:44:21.036,201.02,0.138058545864,0.0,0
2018-05-27 16:44:21.129,203.54,0.138058545864,0.0,0
2018-05-27 16:44:21.222,202.16,0.138058545864,0.0,0
2018-05-27 16:44:21.316,203.19,0.138058545864,0.0,0
2018-05-27 16:44:21.400,202.41,0.138058545864,0.0,0
2018-05-27 16:44:21.493,204.72,0.138058545864,0.0,0
2018-05-27 16:44:21.576,204.9,0.138058545864,0.0,0
2018-05-27 16:44:21.670,203.96,0.138058545864,0.0,0
2018-05-27 16:44:21.763,204.57,0.138058545864,0.0,0
2018-05-27 16:44:22.018,204.49,0.138058545864,0.0,0
2018-05-27 16:44:22.111,206.23,0.138058545864,0.0,0
2018-05-27 16:44:22.204,204.45,0.138058545864,0.0,0
2018-05-27 16:44:22.381,207.47,0.138058545864,0.0,0
2018-05-27 16:44:22.567,207.88,0.138058545864,0.0,0
2018-05-27 16:44:22.660,208.14,0.138058545864,0.0,0
2018-05-27 16:44:22.753,208.17,0.138058545864,0.0,0
2018-05-27 16:44:22.847,208.67,0.138058545864,0.0,0
2018-05-27 16:44:23.008,209.95,0.138058545864,0.0,0
2018-05-27 16:44:23.195,210.43,0.138058545864,0.0,0
2018-05-27 16:44:23.288,209.32,0.138058545864,0.0,0
2018-05-27 16:44:23.465,211.07,0.138058545864,0.0,0
2018-05-27 16:44:23.558,210.88,0.138058545864,0.0,0
2018-05-27 16:44:23.642,212.36,0.138058545864,0.0,0
2018-05-27 16:44:23.735,211.72,0.138058545864,0.0,0
2018-05-27 16:44:23.828,212.89,0.138058545864,0.0,0
2018-05-27 16:44:24.446,209.65,0.138058545864,0.0,0
2018-05-27 16:44:24.633,208.0,0.138058545864,0.0,0
2018-05-27 16:44:24.726,206.69,0.138058545864,0.0,0
2018-05-27 16:44:24.819,207.6,0.138058545864,0.0,0
2018-05-27 16:44:25.716,204.46,0.138058545864,0.0,0
2018-05-27 16:44:25.810,204.2,0.138058545864,0.0,0
2018-05-27 16:44:25.903,206.05,0.138058545864,0.0,0
2018-05-27 16:44:26.065,203.89,0.138058545864,0.0,0
2018-05-27 16:44:26.335,204.14,0.138058545864,0.0,0
2018-05-27 16:44:26.428,205.42,0.138058545864,0.0,0
2018-05-27 16:44:26.521,204.82,0.138058545864,0.0,0
2018-05-27 16:44:26.614,204.41,0.138058545864,0.0,0
2018-05-27 16:44:26.707,205.77,0.138058545864,0.0,0
2018-05-27 16:44:26.894,205.0,0.138058545864,0.0,0
2018-05-27 16:44:27.051,205.13,0.138058545864,0.0,0
2018-05-27 16:44:27.139,203.98,0.138058545864,0.0,0
2018-05-27 16:44:27.224,204.15,0.138058545864,0.0,0
2018-05-27 16:44:27.317,204.09,0.138058545864,0.0,0
2018-05-27 16:44:27.409,205.81,0.138058545864,0.0,0
2018-05-27 16:44:27.773,205.51,0.138058545864,0.0,0
2018-05-27 16:44:28.113,205.96,0.138058545864,0.0,0
2018-05-27 16:44:28.204,206.63,0.138058545864,0.0,0
2018-05-27 16:44:28.382,206.6,0.138058545864,0.0,0
2018-05-27 16:44:28.475,207.14,0.138058545864,0.0,0
2018-05-27 16:44:28.568,207.2,0.138058545864,0.0,0
2018-05-27 16:44:28.661,207.43,0.138058545864,0.0,0
2018-05-27 16:44:28.754,207.81,0.138058545864,0.0,0
2018-05-27 16:44:28.931,209.38,0.138058545864,0.0,0
2018-05-27 16:44:29.186,210.7,0.138058545864,0.0,0
2018-05-27 16:44:29.279,209.13,0.138058545864,0.0,0
2018-05-27 16:44:29.363,210.53,0.138058545864,0.0,0
2018-05-27 16:44:29.456,211.89,0.138058545864,0.0,0
2018-05-27 16:44:29.549,210.44,0.138058545864,0.0,0
2018-05-27 16:44:29.912,212.2,0.138058545864,0.0,0
2018-05-27 16:44:30.074,213.88,0.138058545864,0.0,0
2018-05-27 16:44:30.167,213.29,0.138058545864,0.0,0
2018-05-27 16:44:30.261,213.37,0.138058545864,0.0,0
2018-05-27 16:44:30.437,215.01,0.138058545864,0.0,0
2018-05-27 16:44:30.531,214.32,0.138058545864,0.0,0
2018-05-27 16:44:31.223,217.28,0.138058545864,0.0,0
2018-05-27 16:44:31.317,217.39,0.138058545864,0.0,0
2018-05-27 16:44:31.400,217.91,0.138058545864,0.0,0
2018-05-27 16:44:31.586,217.19,0.138058545864,0.0,0
2018-05-27 16:44:31.680,218.74,0.138058545864,0.0,0
2018-05-27 16:44:31.866,217.58,0.138058545864,0.0,0
2018-05-27 16:44:32.028,219.06,0.138058545864,0.0,0
2018-05-27 16:44:32.121,218.96,0.138058545864,0.0,0
2018-05-27 16:44:32.214,218.57,0.138058545864,0.0,0
2018-05-27 16:44:32.298,219.37,0.138058545864,0.0,0
2018-05-27 16:44:32.391,219.08,0.138058545864,0.0,0
2018-05-27 16:44:32.484,219.78,0.138058545864,0.0,0
2018-05-27 16:44:32.577,220.9,0.138058545864,0.0,0
2018-05-27 16:44:32.764,221.17,0.138058545864,0.0,0
2018-05-27 16:44:32.857,220.67,0.138058545864,0.0,0
2018-05-27 16:44:33.018,222.01,0.138058545864,0.0,0
2018-05-27 16:44:33.112,222.14,0.138058545864,0.0,0
2018-05-27 16:44:33.205,221.72,0.138058545864,0.0,0
2018-05-27 16:44:33.298,221.8,0.138058545864,0.0,0
2018-05-27 16:44:33.382,221.65,0.138058545864,0.0,0
2018-05-27 16:44:33.568,222.18,0.138058545864,0.0,0
2018-05-27 16:44:33.745,222.7,0.138058545864,0.0,0
2018-05-27 16:44:34.279,224.27,0.138058545864,0.0,0
2018-05-27 16:44:34.363,225.5,0.138058545864,0.0,0
2018-05-27 16:44:34.736,224.31,0.138058545864,0.0,0
2018-05-27 16:44:34.829,225.12,0.138058545864,0.0,0
2018-05-27 16:44:35.270,225.36,0.138058545864,0.0,0
2018-05-27 16:44:35.344,224.13,0.138058545864,0.0,0
2018-05-27 16:44:35.447,226.43,0.138058545864,0.0,0
2018-05-27 16:44:35.819,226.01,0.138058545864,0.0,0
2018-05-27 16:44:36.261,227.4,0.138058545864,0.0,0
2018-05-27 16:44:36.438,226.62,0.138058545864,0.0,0
2018-05-27 16:44:36.624,228.36,0.138058545864,0.0,0
2018-05-27 16:44:36.717,227.98,0.138058545864,0.0,0
2018-05-27 16:44:36.810,228.47,0.138058545864,0.0,0
2018-05-27 16:44:37.065,227.8,0.138058545864,0.0,0
2018-05-27 16:44:37.251,228.36,0.138058545864,0.0,0
2018-05-27 16:44:38.051,224.2,0.138058545864,0.0,0
2018-05-27 16:44:38.140,222.49,0.138058545864,0.0,0
2018-05-27 16:44:38.316,222.02,0.138058545864,0.0,0
2018-05-27 16:44:38.503,218.12,0.138058545864,0.0,0
2018-05-27 16:44:38.596,218.39,0.138058545864,0.0,0
2018-05-27 16:44:38.875,214.93,0.138058545864,0.0,0
2018-05-27 16:44:39.224,212.24,0.138058545864,0.0,0
2018-05-27 16:44:39.670,206.99,0.138058545864,0.0,0
2018-05-27 16:44:39.763,207.66,0.138058545864,0.0,0
2018-05-27 16:44:40.382,204.47,0.138058545864,0.0,0
2018-05-27 16:44:40.643,203.34,0.138058545864,0.0,0
2018-05-27 16:44:40.913,203.52,0.138058545864,0.0,0
2018-05-27 16:44:41.261,203.62,0.138058545864,0.0,0
2018-05-27 16:44:41.540,205.12,0.138058545864,0.0,0
2018-05-27 16:44:41.717,204.7,0.138058545864,0.0,0
2018-05-27 16:44:41.903,206.61,0.138058545864,0.0,0
2018-05-27 16:44:42.158,207.25,0.138058545864,0.0,0
2018-05-27 16:44:42.428,206.62,0.138058545864,0.0,0
2018-05-27 16:44:42.615,206.95,0.138058545864,0.0,0
2018-05-27 16:44:42.885,207.34,0.138058545864,0.0,0
2018-05-27 16:44:43.317,208.13,0.138058545864,0.0,0
2018-05-27 16:44:43.587,208.61,0.138058545864,0.0,0
2018-05-27 16:44:44.475,212.62,0.138058545864,0.0,0
2018-05-27 16:44:44.559,211.72,0.138058545864,0.0,0
2018-05-27 16:44:44.922,213.68,0.138058545864,0.0,0
2018-05-27 16:44:45.177,214.97,0.138058545864,0.0,0
2018-05-27 16:44:45.270,214.27,0.138058545864,0.0,0
2018-05-27 16:44:45.447,213.42,0.138058545864,0.0,0
2018-05-27 16:44:45.540,215.28,0.138058545864,0.0,0
2018-05-27 16:44:45.726,212.88,0.138058545864,0.0,0
2018-05-27 16:44:45.913,210.9,0.138058545864,0.0,0
2018-05-27 16:44:46.261,211.02,0.138058545864,0.0,0
2018-05-27 16:44:46.438,208.71,0.138058545864,0.0,0
2018-05-27 16:44:46.531,209.28,0.138058545864,0.0,0
2018-05-27 16:44:46.717,208.72,0.138058545864,0.0,0
2018-05-27 16:44:46.903,208.22,0.138058545864,0.0,0
2018-05-27 16:44:47.335,206.18,0.138058545864,0.0,0
2018-05-27 16:44:47.428,207.93,0.138058545864,0.0,0
2018-05-27 16:44:47.521,206.84,0.138058545864,0.0,0
2018-05-27 16:44:47.615,208.0,0.138058545864,0.0,0
2018-05-27 16:44:47.708,207.28,0.138058545864,0.0,0
2018-05-27 16:44:47.801,208.21,0.138058545864,0.0,0
2018-05-27 16:44:47.894,206.95,0.138058545864,0.0,0
2018-05-27 16:44:48.051,207.4,0.138058545864,0.0,0
2018-05-27 16:44:48.140,208.59,0.138058545864,0.0,0
2018-05-27 16:44:48.223,209.02,0.138058545864,0.0,0
2018-05-27 16:44:48.317,208.04,0.138058545864,0.0,0
2018-05-27 16:44:48.410,209.15,0.138058545864,0.0,0
2018-05-27 16:44:48.494,209.61,0.138058545864,0.0,0
2018-05-27 16:44:48.587,208.29,0.138058545864,0.0,0
2018-05-27 16:44:48.680,209.83,0.138058545864,0.0,0
2018-05-27 16:44:48.773,208.12,0.138058545864,0.0,0
2018-05-27 16:44:48.866,210.0,0.138058545864,0.0,0
2018-05-27 16:44:49.028,208.96,0.138058545864,0.0,0
2018-05-27 16:44:49.112,209.11,0.138058545864,0.0,0
2018-05-27 16:44:49.205,210.74,0.138058545864,0.0,0
2018-05-27 16:44:49.298,209.06,0.138058545864,0.0,0
2018-05-27 16:44:49.475,209.65,0.138058545864,0.0,0
2018-05-27 16:44:49.568,210.73,0.138058545864,0.0,0
2018-05-27 16:44:49.661,210.55,0.138058545864,0.0,0
2018-05-27 16:44:49.736,211.75,0.138058545864,0.0,0
2018-05-27 16:44:50.009,212.73,0.138058545864,0.0,0
2018-05-27 16:44:50.102,211.09,0.138058545864,0.0,0
2018-05-27 16:44:50.289,213.72,0.138058545864,0.0,0
2018-05-27 16:44:50.373,214.27,0.138058545864,0.0,0
2018-05-27 16:44:50.549,213.82,0.138058545864,0.0,0
2018-05-27 16:44:50.643,213.68,0.138058545864,0.0,0
2018-05-27 16:44:50.736,215.47,0.138058545864,0.0,0
2018-05-27 16:44:50.829,214.65,0.138058545864,0.0,0
2018-05-27 16:44:50.922,214.99,0.138058545864,0.0,0
2018-05-27 16:44:51.085,216.57,0.138058545864,0.0,0
2018-05-27 16:44:51.270,215.79,0.138058545864,0.0,0
2018-05-27 16:44:51.550,216.98,0.138058545864,0.0,0
2018-05-27 16:44:51.634,216.63,0.138058545864,0.0,0
2018-05-27 16:44:51.727,217.74,0.138058545864,0.0,0
2018-05-27 16:44:51.904,218.28,0.138058545864,0.0,0
2018-05-27 16:44:52.065,218.75,0.138058545864,0.0,0
2018-05-27 16:44:52.159,217.43,0.138058545864,0.0,0
2018-05-27 16:44:52.252,218.47,0.138058545864,0.0,0
2018-05-27 16:44:52.345,220.17,0.138058545864,0.0,0
2018-05-27 16:44:52.424,220.33,0.138058545864,0.0,0
2018-05-27 16:44:52.512,218.65,0.138058545864,0.0,0
2018-05-27 16:44:52.596,220.79,0.138058545864,0.0,0
2018-05-27 16:44:52.689,219.04,0.138058545864,0.0,0
2018-05-27 16:44:52.782,219.49,0.138058545864,0.0,0
2018-05-27 16:44:52.875,221.73,0.138058545864,0.0,0
2018-05-27 16:44:53.037,221.65,0.138058545864,0.0,0
2018-05-27 16:44:53.130,220.49,0.138058545864,0.0,0
2018-05-27 16:44:53.224,221.36,0.138058545864,0.0,0
2018-05-27 16:44:53.317,221.77,0.138058545864,0.0,0
2018-05-27 16:44:53.401,221.84,0.138058545864,0.0,0
2018-05-27 16:44:53.494,221.25,0.138058545864,0.0,0
2018-05-27 16:44:53.587,223.01,0.138058545864,0.0,0
2018-05-27 16:44:53.680,223.95,0.138058545864,0.0,0
2018-05-27 16:44:53.866,223.37,0.138058545864,0.0,0
2018-05-27 16:44:54.028,223.83,0.138058545864,0.0,0
2018-05-27 16:44:54.121,223.58,0.138058545864,0.0,0
2018-05-27 16:44:54.307,225.88,0.138058545864,0.0,0
2018-05-27 16:44:54.391,223.95,0.138058545864,0.0,0
2018-05-27 16:44:54.577,226.15,0.138058545864,0.0,0
2018-05-27 16:44:54.671,226.6,0.138058545864,0.0,0
2018-05-27 16:44:54.764,225.77,0.138058545864,0.0,0
2018-05-27 16:44:55.019,226.06,0.138058545864,0.0,0
2018-05-27 16:44:55.112,225.6,0.138058545864,0.0,0
2018-05-27 16:44:55.382,226.17,0.138058545864,0.0,0
2018-05-27 16:44:55.661,225.25,0.138058545864,0.0,0
2018-05-27 16:44:55.847,225.8,0.138058545864,0.0,0
2018-05-27 16:44:56.009,225.83,0.138058545864,0.0,0
2018-05-27 16:44:56.102,225.19,0.138058545864,0.0,0
2018-05-27 16:44:56.289,224.72,0.138058545864,0.0,0
2018-05-27 16:44:56.466,225.53,0.138058545864,0.0,0
2018-05-27 16:44:56.549,226.14,0.138058545864,0.0,0
2018-05-27 16:44:56.922,224.75,0.138058545864,0.0,0
2018-05-27 16:44:57.084,224.34,0.138058545864,0.0,0
2018-05-27 16:44:57.177,225.88,0.138058545864,0.0,0
2018-05-27 16:44:57.447,224.62,0.138058545864,0.0,0
2018-05-27 16:44:57.540,225.4,0.138058545864,0.0,0
2018-05-27 16:44:57.726,226.66,0.138058545864,0.0,0
2018-05-27 16:44:57.820,226.79,0.138058545864,0.0,0
2018-05-27 16:44:58.168,225.16,0.138058545864,0.0,0
2018-05-27 16:44:58.262,225.42,0.138058545864,0.0,0
2018-05-27 16:44:58.438,223.59,0.138058545864,0.0,0
2018-05-27 16:44:58.624,222.55,0.138058545864,0.0,0
2018-05-27 16:44:58.717,221.68,0.138058545864,0.0,0
2018-05-27 16:44:58.810,219.18,0.138058545864,0.0,0
2018-05-27 16:44:58.903,218.64,0.138058545864,0.0,0
2018-05-27 16:44:59.065,218.98,0.138058545864,0.0,0
2018-05-27 16:44:59.252,214.92,0.138058545864,0.0,0
2018-05-27 16:44:59.522,213.99,0.138058545864,0.0,0
2018-05-27 16:44:59.615,211.44,0.138058545864,0.0,0
2018-05-27 16:44:59.708,212.67,0.138058545864,0.0,0
2018-05-27 16:45:00.689,205.18,0.138058545864,0.0,0
2018-05-27 16:45:00.782,203.76,0.138058545864,0.0,0
2018-05-27 16:45:00.875,205.37,0.138058545864,0.0,0
2018-05-27 16:45:01.131,204.37,0.138058545864,0.0,0
2018-05-27 16:45:01.214,205.1,0.138058545864,0.0,0
2018-05-27 16:45:01.391,203.46,0.138058545864,0.0,0
2018-05-27 16:45:01.577,203.92,0.138058545864,0.0,0
2018-05-27 16:45:01.662,202.96,0.138058545864,0.0,0
2018-05-27 16:45:01.764,202.4,0.138058545864,0.0,0
2018-05-27 16:45:01.848,202.02,0.138058545864,0.0,0
2018-05-27 16:45:02.009,203.22,0.138058545864,0.0,0
2018-05-27 16:45:02.196,202.57,0.138058545864,0.0,0
2018-05-27 16:45:02.373,202.75,0.138058545864,0.0,0
2018-05-27 16:45:02.466,202.24,0.138058545864,0.0,0
2018-05-27 16:45:02.644,201.91,0.138058545864,0.0,0
2018-05-27 16:45:02.726,201.8,0.138058545864,0.0,0
2018-05-27 16:45:02.820,204.05,0.138058545864,0.0,0
2018-05-27 16:45:03.075,204.0,0.138058545864,0.0,0
2018-05-27 16:45:03.168,203.37,0.138058545864,0.0,0
2018-05-27 16:45:03.261,203.24,0.138058545864,0.0,0
2018-05-27 16:45:03.354,204.44,0.138058545864,0.0,0
2018-05-27 16:45:03.438,204.59,0.138058545864,0.0,0
2018-05-27 16:45:03.531,203.92,0.138058545864,0.0,0
2018-05-27 16:45:03.717,204.56,0.138058545864,0.0,0
2018-05-27 16:45:03.810,204.34,0.138058545864,0.0,0
2018-05-27 16:45:03.903,206.29,0.138058545864,0.0,0
2018-05-27 16:45:04.065,204.79,0.138058545864,0.0,0
2018-05-27 16:45:04.158,206.5,0.138058545864,0.0,0
2018-05-27 16:45:04.335,205.96,0.138058545864,0.0,0
2018-05-27 16:45:04.428,206.76,0.138058545864,0.0,0
2018-05-27 16:45:04.522,205.85,0.138058545864,0.0,0
2018-05-27 16:45:04.611,206.0,0.138058545864,0.0,0
2018-05-27 16:45:04.699,208.35,0.138058545864,0.0,0
2018-05-27 16:45:04.782,208.11,0.138058545864,0.0,0
2018-05-27 16:45:04.876,207.34,0.138058545864,0.0,0
2018-05-27 16:45:05.037,208.65,0.138058545864,0.0,0
2018-05-27 16:45:05.130,209.25,0.138058545864,0.0,0
2018-05-27 16:45:05.224,210.34,0.138058545864,0.0,0
2018-05-27 16:45:05.317,209.64,0.138058545864,0.0,0
2018-05-27 16:45:05.401,209.53,0.138058545864,0.0,0
2018-05-27 16:45:05.494,211.31,0.138058545864,0.0,0
2018-05-27 16:45:05.587,209.54,0.138058545864,0.0,0
2018-05-27 16:45:05.680,211.64,0.138058545864,0.0,0
2018-05-27 16:45:05.773,211.67,0.138058545864,0.0,0
2018-05-27 16:45:06.121,212.05,0.138058545864,0.0,0
2018-05-27 16:45:06.214,214.3,0.138058545864,0.0,0
2018-05-27 16:45:06.307,212.26,0.138058545864,0.0,0
2018-05-27 16:45:06.484,212.95,0.138058545864,0.0,0
2018-05-27 16:45:06.568,211.93,0.138058545864,0.0,0
2018-05-27 16:45:06.848,210.81,0.138058545864,0.0,0
2018-05-27 16:45:07.103,209.86,0.138058545864,0.0,0
2018-05-27 16:45:07.196,210.32,0.138058545864,0.0,0
2018-05-27 16:45:07.466,208.9,0.138058545864,0.0,0
2018-05-27 16:45:07.736,208.26,0.138058545864,0.0,0
2018-05-27 16:45:08.084,207.3,0.138058545864,0.0,0
2018-05-27 16:45:08.177,208.98,0.138058545864,0.0,0
2018-05-27 16:45:08.354,206.96,0.138058545864,0.0,0
2018-05-27 16:45:08.447,208.55,0.138058545864,0.0,0
2018-05-27 16:45:08.727,207.1,0.138058545864,0.0,0
2018-05-27 16:45:08.820,208.49,0.138058545864,0.0,0
2018-05-27 16:45:08.913,207.12,0.138058545864,0.0,0
2018-05-27 16:45:09.075,208.24,0.138058545864,0.0,0
2018-05-27 16:45:09.168,206.9,0.138058545864,0.0,0
2018-05-27 16:45:09.438,207.64,0.138058545864,0.0,0
2018-05-27 16:45:09.531,208.02,0.138058545864,0.0,0
2018-05-27 16:45:09.624,206.61,0.138058545864,0.0,0
2018-05-27 16:45:09.717,207.45,0.138058545864,0.0,0
2018-05-27 16:45:10.158,208.08,0.138058545864,0.0,0
2018-05-27 16:45:10.429,208.32,0.138058545864,0.0,0
2018-05-27 16:45:10.522,207.87,0.138058545864,0.0,0
2018-05-27 16:45:10.615,208.57,0.138058545864,0.0,0
2018-05-27 16:45:10.801,208.86,0.138058545864,0.0,0
2018-05-27 16:45:10.894,209.06,0.138058545864,0.0,0
2018-05-27 16:45:11.051,208.27,0.138058545864,0.0,0
2018-05-27 16:45:11.140,210.19,0.138058545864,0.0,0
2018-05-27 16:45:11.317,209.75,0.138058545864,0.0,0
2018-05-27 16:45:11.410,211.56,0.138058545864,0.0,0
2018-05-27 16:45:11.587,210.75,0.138058545864,0.0,0
2018-05-27 16:45:11.680,211.16,0.138058545864,0.0,0
2018-05-27 16:45:11.773,212.34,0.138058545864,0.0,0
2018-05-27 16:45:11.866,212.43,0.138058545864,0.0,0
2018-05-27 16:45:12.112,213.48,0.138058545864,0.0,0
2018-05-27 16:45:12.205,213.62,0.138058545864,0.0,0
2018-05-27 16:45:12.298,213.57,0.138058545864,0.0,0
2018-05-27 16:45:12.475,214.14,0.138058545864,0.0,0
2018-05-27 16:45:12.662,215.14,0.138058545864,0.0,0
2018-05-27 16:45:12.838,215.66,0.138058545864,0.0,0
2018-05-27 16:45:12.925,216.23,0.138058545864,0.0,0
2018-05-27 16:45:13.345,217.23,0.138058545864,0.0,0
2018-05-27 16:45:13.634,218.24,0.138058545864,0.0,0
2018-05-27 16:45:14.075,217.78,0.138058545864,0.0,0
2018-05-27 16:45:14.168,218.55,0.138058545864,0.0,0
2018-05-27 16:45:14.345,219.27,0.138058545864,0.0,0
2018-05-27 16:45:14.438,220.2,0.138058545864,0.0,0
2018-05-27 16:45:14.531,220.63,0.138058545864,0.0,0
2018-05-27 16:45:14.624,219.95,0.138058545864,0.0,0
2018-05-27 16:45:14.811,220.3,0.138058545864,0.0,0
2018-05-27 16:45:14.904,221.8,0.138058545864,0.0,0
2018-05-27 16:45:15.065,220.75,0.138058545864,0.0,0
2018-05-27 16:45:15.159,220.99,0.138058545864,0.0,0
2018-05-27 16:45:15.429,221.25,0.138058545864,0.0,0
2018-05-27 16:45:15.522,222.25,0.138058545864,0.0,0
2018-05-27 16:45:15.615,223.52,0.138058545864,0.0,0
2018-05-27 16:45:15.708,223.04,0.138058545864,0.0,0
2018-05-27 16:45:15.801,223.03,0.138058545864,0.0,0
2018-05-27 16:45:16.051,223.65,0.138058545864,0.0,0
2018-05-27 16:45:16.243,224.85,0.138058545864,0.0,0
2018-05-27 16:45:16.429,224.39,0.138058545864,0.0,0
2018-05-27 16:45:16.615,224.54,0.138058545864,0.0,0
2018-05-27 16:45:17.224,224.74,0.138058545864,0.0,0
2018-05-27 16:45:17.317,225.42,0.138058545864,0.0,0
2018-05-27 16:45:18.028,226.58,0.138058545864,0.0,0
2018-05-27 16:45:18.121,226.45,0.138058545864,0.0,0
2018-05-27 16:45:18.494,224.85,0.138058545864,0.0,0
2018-05-27 16:45:19.485,225.59,0.138058545864,0.0,0
2018-05-27 16:45:19.578,225.59,0.138058545864,0.0,0
2018-05-27 16:45:19.857,226.35,0.138058545864,0.0,0
2018-05-27 16:45:20.019,226.37,0.138058545864,0.0,0
2018-05-27 16:45:20.205,225.01,0.138058545864,0.0,0
2018-05-27 16:45:20.475,223.62,0.138058545864,0.0,0
2018-05-27 16:45:20.662,220.31,0.138058545864,0.0,0
2018-05-27 16:45:20.848,219.41,0.138058545864,0.0,0
2018-05-27 16:45:21.103,217.03,0.138058545864,0.0,0
2018-05-27 16:45:21.196,217.49,0.138058545864,0.0,0
2018-05-27 16:45:21.363,213.71,0.138058545864,0.0,0
2018-05-27 16:45:21.457,214.62,0.138058545864,0.0,0
2018-05-27 16:45:21.550,211.46,0.138058545864,0.0,0
2018-05-27 16:45:21.643,211.83,0.138058545864,0.0,0
2018-05-27 16:45:21.736,210.86,0.138058545864,0.0,0
2018-05-27 16:45:21.829,209.9,0.138058545864,0.0,0
2018-05-27 16:45:22.084,208.01,0.138058545864,0.0,0
2018-05-27 16:45:22.270,206.34,0.138058545864,0.0,0
2018-05-27 16:45:22.540,205.04,0.138058545864,0.0,0
2018-05-27 16:45:22.634,202.67,0.138058545864,0.0,0
2018-05-27 16:45:22.820,201.02,0.138058545864,0.0,0
2018-05-27 16:45:22.913,200.02,0.138058545864,0.0,0
2018-05-27 16:45:23.168,199.78,0.138058545864,0.0,0
2018-05-27 16:45:23.252,200.85,0.138058545864,0.0,0
2018-05-27 16:45:23.708,200.9,0.138058545864,0.0,0
2018-05-27 16:45:23.894,202.64,0.138058545864,0.0,0
2018-05-27 16:45:24.052,202.54,0.138058545864,0.0,0
2018-05-27 16:45:24.140,200.71,0.138058545864,0.0,0
2018-05-27 16:45:24.224,201.64,0.138058545864,0.0,0
2018-05-27 16:45:24.410,203.22,0.138058545864,0.0,0
2018-05-27 16:45:24.773,204.34,0.138058545864,0.0,0
2018-05-27 16:45:25.205,203.63,0.138058545864,0.0,0
2018-05-27 16:45:25.298,203.53,0.138058545864,0.0,0
2018-05-27 16:45:25.382,202.96,0.138058545864,0.0,0
2018-05-27 16:45:26.084,206.79,0.138058545864,0.0,0
2018-05-27 16:45:26.177,206.57,0.138058545864,0.0,0
2018-05-27 16:45:26.364,207.27,0.138058545864,0.0,0
2018-05-27 16:45:26.531,208.3,0.138058545864,0.0,0
2018-05-27 16:45:26.624,208.96,0.138058545864,0.0,0
2018-05-27 16:45:26.904,209.19,0.138058545864,0.0,0
2018-05-27 16:45:27.066,210.12,0.138058545864,0.0,0
2018-05-27 16:45:27.159,209.61,0.138058545864,0.0,0
2018-05-27 16:45:27.345,210.53,0.138058545864,0.0,0
2018-05-27 16:45:27.522,212.21,0.138058545864,0.0,0
2018-05-27 16:45:27.615,211.71,0.138058545864,0.0,0
2018-05-27 16:45:28.051,209.67,0.138058545864,0.0,0
2018-05-27 16:45:28.140,211.23,0.138058545864,0.0,0
2018-05-27 16:45:28.225,209.9,0.138058545864,0.0,0
2018-05-27 16:45:28.401,208.37,0.138058545864,0.0,0
2018-05-27 16:45:28.494,207.86,0.138058545864,0.0,0
2018-05-27 16:45:29.308,206.04,0.138058545864,0.0,0
2018-05-27 16:45:29.485,204.42,0.138058545864,0.0,0
2018-05-27 16:45:29.578,204.52,0.138058545864,0.0,0
2018-05-27 16:45:29.764,203.48,0.138058545864,0.0,0
2018-05-27 16:45:30.019,203.47,0.138058545864,0.0,0
2018-05-27 16:45:30.112,204.54,0.138058545864,0.0,0
2018-05-27 16:45:30.205,204.09,0.138058545864,0.0,0
2018-05-27 16:45:30.382,203.58,0.138058545864,0.0,0
2018-05-27 16:45:30.475,205.81,0.138058545864,0.0,0
2018-05-27 16:45:30.662,205.5,0.138058545864,0.0,0
2018-05-27 16:45:30.848,205.03,0.138058545864,0.0,0
2018-05-27 16:45:31.095,205.86,0.138058545864,0.0,0
2018-05-27 16:45:31.187,205.62,0.138058545864,0.0,0
2018-05-27 16:45:31.280,207.59,0.138058545864,0.0,0
2018-05-27 16:45:31.373,205.94,0.138058545864,0.0,0
2018-05-27 16:45:31.457,206.19,0.138058545864,0.0,0
2018-05-27 16:45:31.550,208.07,0.138058545864,0.0,0
2018-05-27 16:45:31.643,206.55,0.138058545864,0.0,0
2018-05-27 16:45:31.718,208.71,0.138058545864,0.0,0
2018-05-27 16:45:31.820,208.41,0.138058545864,0.0,0
2018-05-27 16:45:31.913,207.24,0.138058545864,0.0,0
2018-05-27 16:45:32.075,208.38,0.138058545864,0.0,0
2018-05-27 16:45:32.168,207.87,0.138058545864,0.0,0
2018-05-27 16:45:32.261,209.5,0.138058545864,0.0,0
2018-05-27 16:45:32.438,208.63,0.138058545864,0.0,0
2018-05-27 16:45:32.522,209.12,0.138058545864,0.0,0
2018-05-27 16:45:32.615,210.79,0.138058545864,0.0,0
2018-05-27 16:45:32.708,209.36,0.138058545864,0.0,0
2018-05-27 16:45:32.801,210.05,0.138058545864,0.0,0
2018-05-27 16:45:32.894,211.27,0.138058545864,0.0,0
2018-05-27 16:45:33.051,212.34,0.138058545864,0.0,0
2018-05-27 16:45:33.140,211.63,0.138058545864,0.0,0
2018-05-27 16:45:33.317,212.82,0.138058545864,0.0,0
2018-05-27 16:45:33.410,212.95,0.138058545864,0.0,0
2018-05-27 16:45:33.494,213.91,0.138058545864,0.0,0
2018-05-27 16:45:33.680,214.74,0.138058545864,0.0,0
2018-05-27 16:45:33.773,213.56,0.138058545864,0.0,0
2018-05-27 16:45:33.867,214.45,0.138058545864,0.0,0
2018-05-27 16:45:34.028,214.34,0.138058545864,0.0,0
2018-05-27 16:45:34.121,215.21,0.138058545864,0.0,0
2018-05-27 16:45:34.215,215.49,0.138058545864,0.0,0
2018-05-27 16:45:34.382,216.06,0.138058545864,0.0,0
2018-05-27 16:45:34.475,216.51,0.138058545864,0.0,0
2018-05-27 16:45:34.662,217.07,0.138058545864,0.0,0
2018-05-27 16:45:34.755,217.35,0.138058545864,0.0,0
2018-05-27 16:45:34.848,218.87,0.138058545864,0.0,0
2018-05-27 16:45:35.187,218.46,0.138058545864,0.0,0
2018-05-27 16:45:35.280,217.47,0.138058545864,0.0,0
2018-05-27 16:45:35.364,217.65,0.138058545864,0.0,0
2018-05-27 16:45:35.550,218.86,0.138058545864,0.0,0
2018-05-27 16:45:35.643,219.89,0.138058545864,0.0,0
2018-05-27 16:45:35.736,219.6,0.138058545864,0.0,0
2018-05-27 16:45:35.923,220.82,0.138058545864,0.0,0
2018-05-27 16:45:36.075,219.85,0.138058545864,0.0,0
2018-05-27 16:45:36.261,221.92,0.138058545864,0.0,0
2018-05-27 16:45:36.354,221.42,0.138058545864,0.0,0
2018-05-27 16:45:36.438,221.92,0.138058545864,0.0,0
2018-05-27 16:45:36.531,221.75,0.138058545864,0.0,0
2018-05-27 16:45:36.718,221.13,0.138058545864,0.0,0
2018-05-27 16:45:36.811,222.08,0.138058545864,0.0,0
2018-05-27 16:45:36.895,222.23,0.138058545864,0.0,0
2018-05-27 16:45:37.052,224.04,0.138058545864,0.0,0
2018-05-27 16:45:37.224,224.43,0.138058545864,0.0,0
2018-05-27 16:45:37.401,224.68,0.138058545864,0.0,0
2018-05-27 16:45:37.494,224.98,0.138058545864,0.0,0
2018-05-27 16:45:37.587,225.23,0.138058545864,0.0,0
2018-05-27 16:45:37.671,224.65,0.138058545864,0.0,0
2018-05-27 16:45:38.112,225.09,0.138058545864,0.0,0
2018-05-27 16:45:38.382,224.89,0.138058545864,0.0,0
2018-05-27 16:45:38.560,226.61,0.138058545864,0.0,0
2018-05-27 16:45:38.830,226.68,0.138058545864,0.0,0
2018-05-27 16:45:38.923,226.87,0.138058545864,0.0,0
2018-05-27 16:45:39.085,226.66,0.138058545864,0.0,0
2018-05-27 16:45:39.178,226.01,0.138058545864,0.0,0
2018-05-27 16:45:39.271,224.93,0.138058545864,0.0,0
2018-05-27 16:45:39.355,227.32,0.138058545864,0.0,0
2018-05-27 16:45:39.448,226.85,0.138058545864,0.0,0
2018-05-27 16:45:39.634,226.1,0.138058545864,0.0,0
2018-05-27 16:45:39.727,225.95,0.138058545864,0.0,0
2018-05-27 16:45:39.821,225.35,0.138058545864,0.0,0
2018-05-27 16:45:39.913,224.75,0.138058545864,0.0,0
2018-05-27 16:45:40.075,226.35,0.138058545864,0.0,0
2018-05-27 16:45:40.169,225.89,0.138058545864,0.0,0
2018-05-27 16:45:40.261,225.6,0.138058545864,0.0,0
2018-05-27 16:45:40.345,225.25,0.138058545864,0.0,0
2018-05-27 16:45:40.532,225.52,0.138058545864,0.0,0
2018-05-27 16:45:40.718,225.52,0.138058545864,0.0,0
2018-05-27 16:45:40.904,224.37,0.138058545864,0.0,0
2018-05-27 16:45:41.066,225.28,0.138058545864,0.0,0
2018-05-27 16:45:41.336,224.81,0.138058545864,0.0,0
2018-05-27 16:45:41.615,224.19,0.138058545864,0.0,0
2018-05-27 16:45:41.802,220.43,0.138058545864,0.0,0
2018-05-27 16:45:41.895,219.39,0.138058545864,0.0,0
2018-05-27 16:45:42.141,217.74,0.138058545864,0.0,0
2018-05-27 16:45:42.224,216.88,0.138058545864,0.0,0
2018-05-27 16:45:42.681,212.26,0.138058545864,0.0,0
2018-05-27 16:45:42.867,209.65,0.138058545864,0.0,0
2018-05-27 16:45:43.392,204.44,0.138058545864,0.0,0
2018-05-27 16:45:43.476,203.22,0.138058545864,0.0,0
2018-05-27 16:45:43.662,203.3,0.138058545864,0.0,0
2018-05-27 16:45:43.755,201.58,0.138058545864,0.0,0
2018-05-27 16:45:44.010,201.98,0.138058545864,0.0,0
2018-05-27 16:45:44.103,199.34,0.138058545864,0.0,0
2018-05-27 16:45:44.290,200.65,0.138058545864,0.0,0
2018-05-27 16:45:44.373,201.02,0.138058545864,0.0,0
2018-05-27 16:45:44.457,200.89,0.138058545864,0.0,0
2018-05-27 16:45:44.550,201.35,0.138058545864,0.0,0
2018-05-27 16:45:44.727,200.37,0.138058545864,0.0,0
2018-05-27 16:45:44.820,200.38,0.138058545864,0.0,0
2018-05-27 16:45:44.914,202.03,0.138058545864,0.0,0
2018-05-27 16:45:45.075,201.08,0.138058545864,0.0,0
2018-05-27 16:45:45.159,200.9,0.138058545864,0.0,0
2018-05-27 16:45:45.252,201.0,0.138058545864,0.0,0
2018-05-27 16:45:45.346,202.57,0.138058545864,0.0,0
2018-05-27 16:45:45.439,201.73,0.138058545864,0.0,0
2018-05-27 16:45:45.532,202.51,0.138058545864,0.0,0
2018-05-27 16:45:45.625,203.08,0.138058545864,0.0,0
2018-05-27 16:45:45.802,202.63,0.138058545864,0.0,0
2018-05-27 16:45:46.141,203.25,0.138058545864,0.0,0
2018-05-27 16:45:46.224,204.5,0.138058545864,0.0,0
2018-05-27 16:45:46.318,203.25,0.138058545864,0.0,0
2018-05-27 16:45:46.495,205.07,0.138058545864,0.0,0
2018-05-27 16:45:46.681,204.27,0.138058545864,0.0,0
2018-05-27 16:45:46.867,203.73,0.138058545864,0.0,0
2018-05-27 16:45:47.029,206.34,0.138058545864,0.0,0
2018-05-27 16:45:47.122,205.44,0.138058545864,0.0,0
2018-05-27 16:45:47.215,206.89,0.138058545864,0.0,0
2018-05-27 16:45:47.308,206.07,0.138058545864,0.0,0
2018-05-27 16:45:47.393,206.57,0.138058545864,0.0,0
2018-05-27 16:45:47.485,207.49,0.138058545864,0.0,0
2018-05-27 16:45:47.578,206.58,0.138058545864,0.0,0
2018-05-27 16:45:47.672,208.12,0.138058545864,0.0,0
2018-05-27 16:45:47.765,207.94,0.138058545864,0.0,0
2018-05-27 16:45:47.858,209.08,0.138058545864,0.0,0
2018-05-27 16:45:48.020,208.6,0.138058545864,0.0,0
2018-05-27 16:45:48.113,210.45,0.138058545864,0.0,0
2018-05-27 16:45:48.197,210.93,0.138058545864,0.0,0
2018-05-27 16:45:48.374,209.53,0.138058545864,0.0,0
2018-05-27 16:45:48.551,211.3,0.138058545864,0.0,0
2018-05-27 16:45:48.737,211.93,0.138058545864,0.0,0
2018-05-27 16:45:49.541,208.26,0.138058545864,0.0,0
2018-05-27 16:45:49.904,206.51,0.138058545864,0.0,0
2018-05-27 16:45:50.336,204.81,0.138058545864,0.0,0
2018-05-27 16:45:50.523,205.75,0.138058545864,0.0,0
2018-05-27 16:45:50.616,204.7,0.138058545864,0.0,0
2018-05-27 16:45:50.709,205.81,0.138058545864,0.0,0
2018-05-27 16:45:50.802,204.75,0.138058545864,0.0,0
2018-05-27 16:45:51.402,205.51,0.138058545864,0.0,0
2018-05-27 16:45:51.495,207.53,0.138058545864,0.0,0
2018-05-27 16:45:51.588,205.85,0.138058545864,0.0,0
2018-05-27 16:45:51.681,207.47,0.138058545864,0.0,0
2018-05-27 16:45:51.867,207.79,0.138058545864,0.0,0
2018-05-27 16:45:52.029,206.72,0.138058545864,0.0,0
2018-05-27 16:45:52.122,207.22,0.138058545864,0.0,0
2018-05-27 16:45:52.215,206.27,0.138058545864,0.0,0
2018-05-27 16:45:52.309,208.33,0.138058545864,0.0,0
2018-05-27 16:45:52.402,206.86,0.138058545864,0.0,0
2018-05-27 16:45:52.486,206.93,0.138058545864,0.0,0
2018-05-27 16:45:52.579,208.74,0.138058545864,0.0,0
2018-05-27 16:45:52.858,207.78,0.138058545864,0.0,0
2018-05-27 16:45:53.020,209.39,0.138058545864,0.0,0
2018-05-27 16:45:53.206,209.82,0.138058545864,0.0,0
2018-05-27 16:45:53.383,208.91,0.138058545864,0.0,0
2018-05-27 16:45:53.569,209.59,0.138058545864,0.0,0
2018-05-27 16:45:53.737,208.76,0.138058545864,0.0,0
2018-05-27 16:45:53.830,211.15,0.138058545864,0.0,0
2018-05-27 16:45:53.923,209.94,0.138058545864,0.0,0
2018-05-27 16:45:54.085,211.08,0.138058545864,0.0,0
2018-05-27 16:45:54.271,211.34,0.138058545864,0.0,0
2018-05-27 16:45:54.355,211.55,0.138058545864,0.0,0
2018-05-27 16:45:54.448,213.42,0.138058545864,0.0,0
2018-05-27 16:45:54.718,213.04,0.138058545864,0.0,0
2018-05-27 16:45:54.812,214.06,0.138058545864,0.0,0
2018-05-27 16:45:55.253,214.49,0.138058545864,0.0,0
2018-05-27 16:45:55.430,214.45,0.138058545864,0.0,0
2018-05-27 16:45:55.616,215.35,0.138058545864,0.0,0
2018-05-27 16:45:56.225,217.12,0.138058545864,0.0,0
2018-05-27 16:45:56.411,218.09,0.138058545864,0.0,0
2018-05-27 16:45:56.495,216.95,0.138058545864,0.0,0
2018-05-27 16:45:56.774,217.4,0.138058545864,0.0,0
2018-05-27 16:45:56.868,218.14,0.138058545864,0.0,0
2018-05-27 16:45:57.029,218.95,0.138058545864,0.0,0
2018-05-27 16:45:57.216,217.51,0.138058545864,0.0,0
2018-05-27 16:45:57.486,219.84,0.138058545864,0.0,0
2018-05-27 16:45:57.579,220.23,0.138058545864,0.0,0
2018-05-27 16:45:57.672,219.21,0.138058545864,0.0,0
2018-05-27 16:45:57.765,219.98,0.138058545864,0.0,0
2018-05-27 16:45:57.858,221.15,0.138058545864,0.0,0
2018-05-27 16:45:58.020,220.7,0.138058545864,0.0,0
2018-05-27 16:45:58.113,220.04,0.138058545864,0.0,0
2018-05-27 16:45:58.206,220.58,0.138058545864,0.0,0
2018-05-27 16:45:58.300,222.32,0.138058545864,0.0,0
2018-05-27 16:45:58.476,221.89,0.138058545864,0.0,0
2018-05-27 16:45:58.756,221.29,0.138058545864,0.0,0
2018-05-27 16:45:58.923,222.93,0.138058545864,0.0,0
2018-05-27 16:45:59.076,222.62,0.138058545864,0.0,0
2018-05-27 16:45:59.169,221.9,0.138058545864,0.0,0
2018-05-27 16:45:59.262,223.17,0.138058545864,0.0,0
2018-05-27 16:45:59.532,223.39,0.138058545864,0.0,0
2018-05-27 16:46:00.151,223.81,0.138058545864,0.0,0
2018-05-27 16:46:00.244,224.23,0.138058545864,0.0,0
2018-05-27 16:46:00.337,224.68,0.138058545864,0.0,0
2018-05-27 16:46:00.430,224.99,0.138058545864,0.0,0
2018-05-27 16:46:00.523,226.07,0.138058545864,0.0,0
2018-05-27 16:46:00.616,225.93,0.138058545864,0.0,0
2018-05-27 16:46:00.709,225.41,0.138058545864,0.0,0
2018-05-27 16:46:00.802,225.09,0.138058545864,0.0,0
2018-05-27 16:46:01.402,224.98,0.138058545864,0.0,0
2018-05-27 16:46:01.495,225.86,0.138058545864,0.0,0
2018-05-27 16:46:02.206,225.96,0.138058545864,0.0,0
2018-05-27 16:46:02.383,226.42,0.138058545864,0.0,0
2018-05-27 16:46:02.664,225.39,0.138058545864,0.0,0
2018-05-27 16:46:02.747,225.74,0.138058545864,0.0,0
2018-05-27 16:46:03.179,221.81,0.138058545864,0.0,0
2018-05-27 16:46:03.356,219.7,0.138058545864,0.0,0
2018-05-27 16:46:03.719,214.89,0.138058545864,0.0,0
2018-05-27 16:46:03.804,212.95,0.138058545864,0.0,0
2018-05-27 16:46:04.318,208.83,0.138058545864,0.0,0
2018-05-27 16:46:04.412,208.38,0.138058545864,0.0,0
2018-05-27 16:46:04.505,207.14,0.138058545864,0.0,0
2018-05-27 16:46:04.691,206.46,0.138058545864,0.0,0
2018-05-27 16:46:05.039,203.89,0.138058545864,0.0,0
2018-05-27 16:46:05.309,203.26,0.138058545864,0.0,0
2018-05-27 16:46:05.765,200.46,0.138058545864,0.0,0
2018-05-27 16:46:05.859,201.33,0.138058545864,0.0,0
2018-05-27 16:46:06.020,200.58,0.138058545864,0.0,0
2018-05-27 16:46:06.291,201.72,0.138058545864,0.0,0
2018-05-27 16:46:06.374,201.02,0.138058545864,0.0,0
2018-05-27 16:46:06.551,202.66,0.138058545864,0.0,0
2018-05-27 16:46:06.831,203.42,0.138058545864,0.0,0
2018-05-27 16:46:07.263,203.26,0.138058545864,0.0,0
2018-05-27 16:46:07.440,202.5,0.138058545864,0.0,0
2018-05-27 16:46:07.626,202.93,0.138058545864,0.0,0
2018-05-27 16:46:07.812,205.2,0.138058545864,0.0,0
2018-05-27 16:46:07.896,204.93,0.138058545864,0.0,0
2018-05-27 16:46:08.244,204.55,0.138058545864,0.0,0
2018-05-27 16:46:08.505,205.06,0.138058545864,0.0,0
2018-05-27 16:46:08.598,207.17,0.138058545864,0.0,0
2018-05-27 16:46:08.691,205.52,0.138058545864,0.0,0
2018-05-27 16:46:09.132,207.34,0.138058545864,0.0,0
2018-05-27 16:46:09.225,209.42,0.138058545864,0.0,0
2018-05-27 16:46:09.319,208.59,0.138058545864,0.0,0
2018-05-27 16:46:09.682,210.17,0.138058545864,0.0,0
2018-05-27 16:46:09.859,212.13,0.138058545864,0.0,0
2018-05-27 16:46:10.021,211.4,0.138058545864,0.0,0
2018-05-27 16:46:10.114,212.03,0.138058545864,0.0,0
2018-05-27 16:46:10.207,209.53,0.138058545864,0.0,0
2018-05-27 16:46:10.393,209.93,0.138058545864,0.0,0
2018-05-27 16:46:10.673,207.73,0.138058545864,0.0,0
2018-05-27 16:46:11.468,204.91,0.138058545864,0.0,0
2018-05-27 16:46:11.635,203.87,0.138058545864,0.0,0
2018-05-27 16:46:11.822,203.32,0.138058545864,0.0,0
2018-05-27 16:46:11.915,204.69,0.138058545864,0.0,0
2018-05-27 16:46:12.170,203.88,0.138058545864,0.0,0
2018-05-27 16:46:12.356,202.7,0.138058545864,0.0,0
2018-05-27 16:46:12.626,202.35,0.138058545864,0.0,0
2018-05-27 16:46:12.812,204.12,0.138058545864,0.0,0
2018-05-27 16:46:12.905,203.3,0.138058545864,0.0,0
2018-05-27 16:46:13.161,203.53,0.138058545864,0.0,0
2018-05-27 16:46:13.244,203.22,0.138058545864,0.0,0
2018-05-27 16:46:13.337,204.83,0.138058545864,0.0,0
2018-05-27 16:46:13.421,204.39,0.138058545864,0.0,0
2018-05-27 16:46:13.505,204.56,0.138058545864,0.0,0
2018-05-27 16:46:13.598,206.55,0.138058545864,0.0,0
2018-05-27 16:46:13.691,204.2,0.138058545864,0.0,0
2018-05-27 16:46:13.784,206.52,0.138058545864,0.0,0
2018-05-27 16:46:13.868,206.64,0.138058545864,0.0,0
2018-05-27 16:46:14.123,207.06,0.138058545864,0.0,0
2018-05-27 16:46:14.216,205.8,0.138058545864,0.0,0
2018-05-27 16:46:14.309,206.82,0.138058545864,0.0,0
2018-05-27 16:46:14.403,206.4,0.138058545864,0.0,0
2018-05-27 16:46:14.496,207.39,0.138058545864,0.0,0
2018-05-27 16:46:14.682,207.56,0.138058545864,0.0,0
2018-05-27 16:46:14.859,207.69,0.138058545864,0.0,0
2018-05-27 16:46:15.114,208.12,0.138058545864,0.0,0
2018-05-27 16:46:15.300,208.83,0.138058545864,0.0,0
2018-05-27 16:46:15.477,210.09,0.138058545864,0.0,0
2018-05-27 16:46:15.654,210.02,0.138058545864,0.0,0
2018-05-27 16:46:15.738,209.37,0.138058545864,0.0,0
2018-05-27 16:46:15.831,211.48,0.138058545864,0.0,0
2018-05-27 16:46:15.924,210.61,0.138058545864,0.0,0
2018-05-27 16:46:16.086,210.79,0.138058545864,0.0,0
2018-05-27 16:46:16.272,211.64,0.138058545864,0.0,0
2018-05-27 16:46:16.356,212.58,0.138058545864,0.0,0
2018-05-27 16:46:16.449,213.28,0.138058545864,0.0,0
2018-05-27 16:46:16.533,212.29,0.138058545864,0.0,0
2018-05-27 16:46:16.626,213.61,0.138058545864,0.0,0
2018-05-27 16:46:16.812,214.86,0.138058545864,0.0,0
2018-05-27 16:46:16.906,212.99,0.138058545864,0.0,0
2018-05-27 16:46:17.067,213.82,0.138058545864,0.0,0
2018-05-27 16:46:17.254,214.46,0.138058545864,0.0,0
2018-05-27 16:46:17.338,215.1,0.138058545864,0.0,0
2018-05-27 16:46:17.431,215.21,0.138058545864,0.0,0
2018-05-27 16:46:17.524,216.28,0.138058545864,0.0,0
2018-05-27 16:46:17.617,215.35,0.138058545864,0.0,0
2018-05-27 16:46:17.710,215.36,0.138058545864,0.0,0
2018-05-27 16:46:17.803,216.51,0.138058545864,0.0,0
2018-05-27 16:46:17.896,216.38,0.138058545864,0.0,0
2018-05-27 16:46:18.053,217.68,0.138058545864,0.0,0
2018-05-27 16:46:18.142,217.18,0.138058545864,0.0,0
2018-05-27 16:46:18.226,218.28,0.138058545864,0.0,0
2018-05-27 16:46:18.319,217.58,0.138058545864,0.0,0
2018-05-27 16:46:18.403,217.93,0.138058545864,0.0,0
2018-05-27 16:46:18.589,217.95,0.138058545864,0.0,0
2018-05-27 16:46:18.682,218.05,0.138058545864,0.0,0
2018-05-27 16:46:18.775,218.6,0.138058545864,0.0,0
2018-05-27 16:46:18.868,218.01,0.138058545864,0.0,0
2018-05-27 16:46:19.030,219.06,0.138058545864,0.0,0
2018-05-27 16:46:19.123,218.59,0.138058545864,0.0,0
2018-05-27 16:46:19.217,218.83,0.138058545864,0.0,0
2018-05-27 16:46:19.393,219.06,0.138058545864,0.0,0
2018-05-27 16:46:19.487,219.49,0.138058545864,0.0,0
2018-05-27 16:46:19.673,219.05,0.138058545864,0.0,0
2018-05-27 16:46:19.766,219.83,0.138058545864,0.0,0
2018-05-27 16:46:19.859,220.08,0.138058545864,0.0,0
2018-05-27 16:46:20.021,221.77,0.138058545864,0.0,0
2018-05-27 16:46:20.207,220.5,0.138058545864,0.0,0
2018-05-27 16:46:20.384,220.01,0.138058545864,0.0,0
2018-05-27 16:46:20.477,220.84,0.138058545864,0.0,0
2018-05-27 16:46:20.664,221.71,0.138058545864,0.0,0
2018-05-27 16:46:20.850,221.58,0.138058545864,0.0,0
2018-05-27 16:46:21.012,221.57,0.138058545864,0.0,0
2018-05-27 16:46:21.198,223.37,0.138058545864,0.0,0
2018-05-27 16:46:21.561,222.65,0.138058545864,0.0,0
2018-05-27 16:46:21.738,223.39,0.138058545864,0.0,0
2018-05-27 16:46:21.924,223.77,0.138058545864,0.0,0
2018-05-27 16:46:22.086,223.18,0.138058545864,0.0,0
2018-05-27 16:46:22.273,223.87,0.138058545864,0.0,0
2018-05-27 16:46:22.449,224.57,0.138058545864,0.0,0
2018-05-27 16:46:22.543,225.06,0.138058545864,0.0,0
2018-05-27 16:46:22.636,224.49,0.138058545864,0.0,0
2018-05-27 16:46:22.822,225.07,0.138058545864,0.0,0
2018-05-27 16:46:22.915,224.79,0.138058545864,0.0,0
2018-05-27 16:46:23.077,225.49,0.138058545864,0.0,0
2018-05-27 16:46:23.163,224.73,0.138058545864,0.0,0
2018-05-27 16:46:23.254,224.78,0.138058545864,0.0,0
2018-05-27 16:46:23.338,225.22,0.138058545864,0.0,0
2018-05-27 16:46:23.431,225.4,0.138058545864,0.0,0
2018-05-27 16:46:23.524,224.47,0.138058545864,0.0,0
2018-05-27 16:46:23.617,225.21,0.138058545864,0.0,0
2018-05-27 16:46:23.803,226.39,0.138058545864,0.0,0
2018-05-27 16:46:23.896,226.49,0.138058545864,0.0,0
2018-05-27 16:46:24.319,224.9,0.138058545864,0.0,0
2018-05-27 16:46:24.403,224.86,0.138058545864,0.0,0
2018-05-27 16:46:24.589,222.2,0.138058545864,0.0,0
2018-05-27 16:46:24.683,220.89,0.138058545864,0.0,0
2018-05-27 16:46:25.021,219.64,0.138058545864,0.0,0
2018-05-27 16:46:25.207,215.42,0.138058545864,0.0,0
2018-05-27 16:46:25.300,216.09,0.138058545864,0.0,0
2018-05-27 16:46:25.487,213.3,0.138058545864,0.0,0
2018-05-27 16:46:25.673,211.64,0.138058545864,0.0,0
2018-05-27 16:46:25.767,211.81,0.138058545864,0.0,0
2018-05-27 16:46:25.850,211.1,0.138058545864,0.0,0
2018-05-27 16:46:26.105,209.1,0.138058545864,0.0,0
2018-05-27 16:46:26.375,207.75,0.138058545864,0.0,0
2018-05-27 16:46:26.553,207.89,0.138058545864,0.0,0
2018-05-27 16:46:26.636,207.68,0.138058545864,0.0,0
2018-05-27 16:46:26.729,206.85,0.138058545864,0.0,0
2018-05-27 16:46:26.822,206.97,0.138058545864,0.0,0
2018-05-27 16:46:26.915,206.49,0.138058545864,0.0,0
2018-05-27 16:46:27.077,206.6,0.138058545864,0.0,0
2018-05-27 16:46:27.171,207.7,0.138058545864,0.0,0
2018-05-27 16:46:27.264,206.51,0.138058545864,0.0,0
2018-05-27 16:46:27.440,208.08,0.138058545864,0.0,0
2018-05-27 16:46:27.534,206.92,0.138058545864,0.0,0
2018-05-27 16:46:27.627,208.58,0.138058545864,0.0,0
2018-05-27 16:46:27.720,206.67,0.138058545864,0.0,0
2018-05-27 16:46:27.813,208.58,0.138058545864,0.0,0
2018-05-27 16:46:27.906,206.59,0.138058545864,0.0,0
2018-05-27 16:46:28.068,208.18,0.138058545864,0.0,0
2018-05-27 16:46:28.161,206.9,0.138058545864,0.0,0
2018-05-27 16:46:28.254,209.0,0.138058545864,0.0,0
2018-05-27 16:46:28.339,208.86,0.138058545864,0.0,0
2018-05-27 16:46:28.431,207.0,0.138058545864,0.0,0
2018-05-27 16:46:28.519,207.37,0.138058545864,0.0,0
2018-05-27 16:46:28.608,208.66,0.138058545864,0.0,0
2018-05-27 16:46:28.692,208.94,0.138058545864,0.0,0
2018-05-27 16:46:28.785,206.94,0.138058545864,0.0,0
2018-05-27 16:46:28.878,209.06,0.138058545864,0.0,0
2018-05-27 16:46:29.133,209.5,0.138058545864,0.0,0
2018-05-27 16:46:29.226,207.41,0.138058545864,0.0,0
2018-05-27 16:46:29.320,210.04,0.138058545864,0.0,0
2018-05-27 16:46:29.403,209.86,0.138058545864,0.0,0
2018-05-27 16:46:29.589,209.19,0.138058545864,0.0,0
2018-05-27 16:46:29.776,209.53,0.138058545864,0.0,0
2018-05-27 16:46:30.031,210.16,0.138058545864,0.0,0
2018-05-27 16:46:30.124,211.26,0.138058545864,0.0,0
2018-05-27 16:46:30.217,211.03,0.138058545864,0.0,0
2018-05-27 16:46:30.394,213.12,0.138058545864,0.0,0
2018-05-27 16:46:30.580,212.3,0.138058545864,0.0,0
2018-05-27 16:46:30.673,213.17,0.138058545864,0.0,0
2018-05-27 16:46:30.766,212.84,0.138058545864,0.0,0
2018-05-27 16:46:30.860,214.6,0.138058545864,0.0,0
2018-05-27 16:46:31.021,213.43,0.138058545864,0.0,0
2018-05-27 16:46:31.115,213.41,0.138058545864,0.0,0
2018-05-27 16:46:31.208,215.67,0.138058545864,0.0,0
2018-05-27 16:46:31.478,214.19,0.138058545864,0.0,0
2018-05-27 16:46:31.571,214.94,0.138058545864,0.0,0
2018-05-27 16:46:31.757,213.09,0.138058545864,0.0,0
2018-05-27 16:46:31.850,213.06,0.138058545864,0.0,0
2018-05-27 16:46:32.105,212.14,0.138058545864,0.0,0
2018-05-27 16:46:32.366,208.92,0.138058545864,0.0,0
2018-05-27 16:46:32.459,208.51,0.138058545864,0.0,0
2018-05-27 16:46:32.552,207.73,0.138058545864,0.0,0
2018-05-27 16:46:32.925,204.76,0.138058545864,0.0,0
2018-05-27 16:46:33.087,207.45,0.138058545864,0.0,0
2018-05-27 16:46:33.357,207.0,0.138058545864,0.0,0
2018-05-27 16:46:33.450,206.16,0.138058545864,0.0,0
2018-05-27 16:46:33.543,207.55,0.138058545864,0.0,0
2018-05-27 16:46:33.729,207.87,0.138058545864,0.0,0
2018-05-27 16:46:33.915,207.14,0.138058545864,0.0,0
2018-05-27 16:46:34.077,207.21,0.138058545864,0.0,0
2018-05-27 16:46:34.171,207.09,0.138058545864,0.0,0
2018-05-27 16:46:34.264,207.11,0.138058545864,0.0,0
2018-05-27 16:46:34.347,207.2,0.138058545864,0.0,0
2018-05-27 16:46:34.441,207.7,0.138058545864,0.0,0
2018-05-27 16:46:34.534,207.46,0.138058545864,0.0,0
2018-05-27 16:46:34.813,206.84,0.138058545864,0.0,0
2018-05-27 16:46:34.906,207.97,0.138058545864,0.0,0
2018-05-27 16:46:35.069,207.21,0.138058545864,0.0,0
2018-05-27 16:46:35.152,207.16,0.138058545864,0.0,0
2018-05-27 16:46:35.245,207.61,0.138058545864,0.0,0
2018-05-27 16:46:35.338,207.39,0.138058545864,0.0,0
2018-05-27 16:46:35.524,207.77,0.138058545864,0.0,0
2018-05-27 16:46:35.618,208.54,0.138058545864,0.0,0
2018-05-27 16:46:35.711,208.12,0.138058545864,0.0,0
2018-05-27 16:46:35.804,208.56,0.138058545864,0.0,0
2018-05-27 16:46:35.897,208.86,0.138058545864,0.0,0
2018-05-27 16:46:36.054,209.49,0.138058545864,0.0,0
2018-05-27 16:46:36.143,209.21,0.138058545864,0.0,0
2018-05-27 16:46:36.226,209.37,0.138058545864,0.0,0
2018-05-27 16:46:36.320,210.59,0.138058545864,0.0,0
2018-05-27 16:46:36.403,210.67,0.138058545864,0.0,0
2018-05-27 16:46:36.776,211.05,0.138058545864,0.0,0
2018-05-27 16:46:36.860,211.05,0.138058545864,0.0,0
2018-05-27 16:46:37.022,212.79,0.138058545864,0.0,0
2018-05-27 16:46:37.115,211.87,0.138058545864,0.0,0
2018-05-27 16:46:37.394,212.59,0.138058545864,0.0,0
2018-05-27 16:46:37.571,214.15,0.138058545864,0.0,0
2018-05-27 16:46:37.664,213.47,0.138058545864,0.0,0
2018-05-27 16:46:37.832,215.72,0.138058545864,0.0,0
2018-05-27 16:46:37.925,213.32,0.138058545864,0.0,0
2018-05-27 16:46:38.180,215.75,0.138058545864,0.0,0
2018-05-27 16:46:38.627,216.37,0.138058545864,0.0,0
2018-05-27 16:46:38.720,218.0,0.138058545864,0.0,0
2018-05-27 16:46:38.906,216.52,0.138058545864,0.0,0
2018-05-27 16:46:39.068,217.55,0.138058545864,0.0,0
2018-05-27 16:46:39.161,217.16,0.138058545864,0.0,0
2018-05-27 16:46:39.339,217.95,0.138058545864,0.0,0
2018-05-27 16:46:39.525,218.91,0.138058545864,0.0,0
2018-05-27 16:46:39.711,217.87,0.138058545864,0.0,0
2018-05-27 16:46:40.143,218.83,0.138058545864,0.0,0
2018-05-27 16:46:40.320,219.5,0.138058545864,0.0,0
2018-05-27 16:46:40.497,220.0,0.138058545864,0.0,0
2018-05-27 16:46:40.590,219.34,0.138058545864,0.0,0
2018-05-27 16:46:40.683,219.31,0.138058545864,0.0,0
2018-05-27 16:46:40.776,221.15,0.138058545864,0.0,0
2018-05-27 16:46:40.869,220.6,0.138058545864,0.0,0
2018-05-27 16:46:41.031,221.31,0.138058545864,0.0,0
2018-05-27 16:46:41.218,221.02,0.138058545864,0.0,0
2018-05-27 16:46:41.571,220.7,0.138058545864,0.0,0
2018-05-27 16:46:41.664,222.83,0.138058545864,0.0,0
2018-05-27 16:46:41.757,222.58,0.138058545864,0.0,0
2018-05-27 16:46:42.450,224.16,0.138058545864,0.0,0
2018-05-27 16:46:42.543,223.98,0.138058545864,0.0,0
2018-05-27 16:46:42.813,224.35,0.138058545864,0.0,0
2018-05-27 16:46:43.609,225.57,0.138058545864,0.0,0
2018-05-27 16:46:43.879,225.71,0.138058545864,0.0,0
2018-05-27 16:46:44.040,226.18,0.138058545864,0.0,0
2018-05-27 16:46:44.134,225.67,0.138058545864,0.0,0
2018-05-27 16:46:44.321,225.38,0.138058545864,0.0,0
2018-05-27 16:46:44.404,225.19,0.138058545864,0.0,0
2018-05-27 16:46:44.497,225.12,0.138058545864,0.0,0
2018-05-27 16:46:45.031,225.59,0.138058545864,0.0,0
2018-05-27 16:46:45.217,225.16,0.138058545864,0.0,0
2018-05-27 16:46:45.860,225.78,0.138058545864,0.0,0
2018-05-27 16:46:46.393,223.62,0.138058545864,0.0,0
2018-05-27 16:46:46.478,222.55,0.138058545864,0.0,0
2018-05-27 16:46:46.758,221.09,0.138058545864,0.0,0
2018-05-27 16:46:46.851,219.35,0.138058545864,0.0,0
2018-05-27 16:46:47.106,217.14,0.138058545864,0.0,0
2018-05-27 16:46:47.199,217.36,0.138058545864,0.0,0
2018-05-27 16:46:47.655,214.1,0.138058545864,0.0,0
2018-05-27 16:46:47.832,211.93,0.138058545864,0.0,0
2018-05-27 16:46:48.087,210.75,0.138058545864,0.0,0
2018-05-27 16:46:48.357,210.53,0.138058545864,0.0,0
2018-05-27 16:46:49.164,207.35,0.138058545864,0.0,0
2018-05-27 16:46:49.534,207.54,0.138058545864,0.0,0
2018-05-27 16:46:49.907,207.77,0.138058545864,0.0,0
2018-05-27 16:46:50.334,208.83,0.138058545864,0.0,0
2018-05-27 16:46:50.599,208.07,0.138058545864,0.0,0
2018-05-27 16:46:50.786,208.77,0.138058545864,0.0,0
2018-05-27 16:46:51.218,209.69,0.138058545864,0.0,0
2018-05-27 16:46:51.488,210.01,0.138058545864,0.0,0
2018-05-27 16:46:51.674,210.57,0.138058545864,0.0,0
2018-05-27 16:46:52.013,211.1,0.138058545864,0.0,0
2018-05-27 16:46:52.292,211.9,0.138058545864,0.0,0
2018-05-27 16:46:52.376,211.33,0.138058545864,0.0,0
2018-05-27 16:46:52.463,210.78,0.138058545864,0.0,0
2018-05-27 16:46:52.730,209.45,0.138058545864,0.0,0
2018-05-27 16:46:52.823,208.07,0.138058545864,0.0,0
2018-05-27 16:46:53.162,205.08,0.138058545864,0.0,0
2018-05-27 16:46:53.255,205.21,0.138058545864,0.0,0
2018-05-27 16:46:53.520,203.76,0.138058545864,0.0,0
2018-05-27 16:46:53.870,198.23,0.138058545864,0.0,0
2018-05-27 16:46:54.031,200.65,0.138058545864,0.0,0
2018-05-27 16:46:54.125,198.91,0.138058545864,0.0,0
2018-05-27 16:46:54.218,198.22,0.138058545864,0.0,0
2018-05-27 16:46:54.311,199.58,0.138058545864,0.0,0
2018-05-27 16:46:54.581,196.46,0.138058545864,0.0,0
2018-05-27 16:46:54.860,195.34,0.138058545864,0.0,0
2018-05-27 16:46:55.115,193.37,0.138058545864,0.0,0
2018-05-27 16:46:55.302,190.87,0.138058545864,0.0,0
2018-05-27 16:46:55.478,191.35,0.138058545864,0.0,0
2018-05-27 16:46:55.572,189.86,0.138058545864,0.0,0
2018-05-27 16:46:55.851,190.47,0.138058545864,0.0,0
2018-05-27 16:46:56.013,189.52,0.138058545864,0.0,0
2018-05-27 16:46:56.106,188.9,0.138058545864,0.0,0
2018-05-27 16:46:56.376,187.11,0.138058545864,0.0,0
2018-05-27 16:46:56.460,185.27,0.138058545864,0.0,0
2018-05-27 16:46:56.553,184.71,0.138058545864,0.0,0
2018-05-27 16:46:56.646,184.12,0.138058545864,0.0,0
2018-05-27 16:46:56.739,183.22,0.138058545864,0.0,0
2018-05-27 16:46:56.832,182.32,0.138058545864,0.0,0
2018-05-27 16:46:57.087,182.64,0.138058545864,0.0,0
2018-05-27 16:46:57.181,181.72,0.138058545864,0.0,0
2018-05-27 16:46:57.367,179.93,0.12504656064,0.0250000003725,0
2018-05-27 16:46:57.460,177.34,0.112810386877,0.0250000003725,0
2018-05-27 16:46:57.739,172.89,0.0353972500762,0.22499999404,0
2018-05-27 16:46:57.832,171.7,0.0906213227621,0.22499999404,0
2018-05-27 16:46:57.926,168.25,0.31260960992,0.34999999404,0
2018-05-27 16:46:58.087,167.04,0.984940606042,0.574999988079,0
2018-05-27 16:46:58.181,164.5,0.299999996735,0.40000000596,0
2018-05-27 16:46:58.367,159.16,0.299999996735,0.925000011921,0
2018-05-27 16:46:58.451,157.22,0.299999996735,1.0,0
2018-05-27 16:46:58.637,149.98,0.299999996735,0.949999988079,0
2018-05-27 16:46:58.823,145.61,0.299999996735,0.34999999404,0
2018-05-27 16:46:58.916,143.19,0.299999996735,0.22499999404,0
2018-05-27 16:46:59.171,138.46,1.0,0.25,0
2018-05-27 16:46:59.255,136.04,0.299999996735,0.25,0
2018-05-27 16:46:59.348,134.02,0.299999996735,0.20000000298,0
2018-05-27 16:46:59.441,131.91,0.299999996735,0.20000000298,0
2018-05-27 16:46:59.535,130.79,0.299999996735,0.0500000007451,0
2018-05-27 16:46:59.628,130.32,0.299999996735,0.0,0
2018-05-27 16:46:59.721,129.13,0.299999996735,0.0500000007451,0
2018-05-27 16:46:59.907,125.83,0.299999996735,0.0750000029802,0
2018-05-27 16:47:00.069,124.27,0.299999996735,0.10000000149,0
2018-05-27 16:47:00.162,122.17,0.299999996735,0.15000000596,0
2018-05-27 16:47:00.246,120.89,0.299999996735,0.125,0
2018-05-27 16:47:00.339,118.62,0.457583182468,0.0500000007451,0
2018-05-27 16:47:00.432,116.22,0.357516751489,0.10000000149,0
2018-05-27 16:47:00.525,114.46,0.271084894373,0.10000000149,0
2018-05-27 16:47:00.711,110.7,0.271084894373,0.0500000007451,0
2018-05-27 16:47:00.805,107.98,0.357516751489,0.10000000149,0
2018-05-27 16:47:00.898,105.97,0.381247408427,0.0750000029802,0
2018-05-27 16:47:01.055,103.86,0.334638584,0.0250000003725,0
2018-05-27 16:47:01.143,102.23,0.251581010154,0.0,0
2018-05-27 16:47:01.227,99.17,0.251581010154,0.15000000596,0
2018-05-27 16:47:01.320,97.14,0.271084898826,0.15000000596,0
2018-05-27 16:47:01.404,94.91,0.25158101442,0.0250000003725,0
2018-05-27 16:47:01.497,92.96,0.271084897342,0.125,0
2018-05-27 16:47:01.684,89.37,0.291426366372,0.125,0
2018-05-27 16:47:01.870,84.92,0.405833551113,0.17499999702,0
2018-05-27 16:47:02.032,83.01,0.484751539267,0.17499999702,0
2018-05-27 16:47:02.125,80.73,0.57145562094,0.15000000596,0
2018-05-27 16:47:02.218,78.87,0.299999996735,0.10000000149,0
2018-05-27 16:47:02.311,77.31,0.299999996735,0.0750000029802,0
2018-05-27 16:47:02.497,73.75,0.299999996735,0.125,0
2018-05-27 16:47:02.590,72.62,0.299999996735,0.125,0
2018-05-27 16:47:02.777,70.47,0.299999996735,0.550000011921,0
2018-05-27 16:47:02.870,69.13,0.299999996735,0.10000000149,0
2018-05-27 16:47:03.218,64.53,0.299999996735,0.40000000596,0
2018-05-27 16:47:03.311,62.89,0.299999996735,0.0750000029802,0
2018-05-27 16:47:03.395,60.99,0.299999996735,0.0500000007451,0
2018-05-27 16:47:03.488,59.78,0.299999996735,0.0500000007451,0
2018-05-27 16:47:03.581,58.07,0.299999996735,0.10000000149,0
2018-05-27 16:47:03.674,57.23,0.299999996735,0.0750000029802,0
2018-05-27 16:47:03.767,56.58,0.299999996735,0.0250000003725,0
2018-05-27 16:47:03.861,56.57,0.299999996735,0.0,0
2018-05-27 16:47:04.022,56.84,0.307922075455,0.0,0
2018-05-27 16:47:04.115,57.81,0.232799061522,0.0,0
2018-05-27 16:47:04.302,58.97,0.0534225243826,0.0250000003725,0
2018-05-27 16:47:04.572,59.41,0.03510201713,0.0,0
2018-05-27 16:47:04.758,59.45,0.0351020144625,0.0,0
2018-05-27 16:47:04.851,60.85,0.0467410248423,0.0,0
2018-05-27 16:47:05.013,60.12,0.0771301934277,0.0,0
2018-05-27 16:47:05.106,59.13,0.106641654769,0.0,0
2018-05-27 16:47:05.293,60.02,0.117825692014,0.0,0
2018-05-27 16:47:05.386,60.2,0.117825692014,0.0,0
2018-05-27 16:47:05.469,59.71,0.117825692014,0.0,0
2018-05-27 16:47:05.553,59.89,0.117825692014,0.0,0
2018-05-27 16:47:05.833,60.03,0.129700058366,0.0,0
2018-05-27 16:47:05.926,59.76,0.129700058366,0.0,0
2018-05-27 16:47:06.069,59.96,0.129700058366,0.0,0
2018-05-27 16:47:06.265,59.81,0.129700058366,0.0,0
2018-05-27 16:47:06.442,60.28,0.129700058366,0.0,0
2018-05-27 16:47:06.535,60.36,0.129700058366,0.0,0
2018-05-27 16:47:06.628,60.16,0.129700058366,0.0,0
2018-05-27 16:47:06.721,60.11,0.129700058366,0.0,0
2018-05-27 16:47:06.814,59.71,0.129700058366,0.0,0
2018-05-27 16:47:06.898,59.57,0.129700058366,0.0,0
2018-05-27 16:47:07.060,59.92,0.129700058366,0.0,0
2018-05-27 16:47:07.246,60.07,0.129700058366,0.0,0
2018-05-27 16:47:07.339,59.95,0.129700058366,0.0,0
2018-05-27 16:47:07.423,59.72,0.129700058366,0.0,0
2018-05-27 16:47:07.600,60.43,0.129700058366,0.0,0
2018-05-27 16:47:07.694,59.69,0.129700058366,0.0,0
2018-05-27 16:47:07.870,59.48,0.129700058366,0.0,0
2018-05-27 16:47:08.218,59.96,0.129700058366,0.0,0
2018-05-27 16:47:08.395,60.1,0.129700058366,0.0,0
2018-05-27 16:47:08.488,59.81,0.129700058366,0.0,0
2018-05-27 16:47:08.582,60.24,0.129700058366,0.0,0
2018-05-27 16:47:08.768,59.93,0.129700058366,0.0,0
2018-05-27 16:47:08.851,60.45,0.129700058366,0.0,0
2018-05-27 16:47:09.106,60.18,0.129700058366,0.0,0
2018-05-27 16:47:09.199,60.09,0.129700058366,0.0,0
2018-05-27 16:47:09.293,59.57,0.129700058366,0.0,0
2018-05-27 16:47:09.470,59.97,0.129700058366,0.0,0
2018-05-27 16:47:09.553,59.34,0.129700058366,0.0,0
2018-05-27 16:47:09.740,60.18,0.129700058366,0.0,0
2018-05-27 16:47:09.926,59.63,0.129700058366,0.0,0
2018-05-27 16:47:10.088,60.27,0.129700058366,0.0,0
2018-05-27 16:47:10.181,60.44,0.129700058366,0.0,0
2018-05-27 16:47:10.358,59.97,0.129700058366,0.0,0
2018-05-27 16:47:10.451,59.79,0.129700058366,0.0,0
2018-05-27 16:47:10.535,60.07,0.129700058366,0.0,0
2018-05-27 16:47:10.628,59.08,0.129700058366,0.0,0
2018-05-27 16:47:10.721,60.13,0.129700058366,0.0,0
2018-05-27 16:47:10.814,60.53,0.129700058366,0.0,0
2018-05-27 16:47:11.069,59.37,0.129700058366,0.0,0
2018-05-27 16:47:11.162,61.13,0.129700058366,0.0,0
2018-05-27 16:47:11.255,60.38,0.129700058366,0.0,0
2018-05-27 16:47:11.339,60.18,0.129700058366,0.0,0
2018-05-27 16:47:11.432,59.58,0.129700058366,0.0,0
2018-05-27 16:47:11.525,59.26,0.129700058366,0.0,0
2018-05-27 16:47:11.619,58.45,0.129700058366,0.0,0
2018-05-27 16:47:11.712,56.72,0.129700058366,0.0,0
2018-05-27 16:47:11.805,56.63,0.129700058366,0.0,0
2018-05-27 16:47:11.898,55.3,0.129700058366,0.0,0
2018-05-27 16:47:12.055,54.97,0.129700058366,0.0,0
2018-05-27 16:47:12.144,53.63,0.129700058366,0.0,0
2018-05-27 16:47:12.228,52.6,0.129700058366,0.0,0
2018-05-27 16:47:12.404,51.12,0.129700058366,0.0,0
2018-05-27 16:47:12.498,49.84,0.129700058366,0.0,0
2018-05-27 16:47:12.777,45.95,0.129700058366,0.0,0
2018-05-27 16:47:12.870,45.13,0.129700058366,0.0,0
2018-05-27 16:47:13.218,42.79,0.129700058366,0.0,0
2018-05-27 16:47:13.312,41.96,0.129700058366,0.0,0
2018-05-27 16:47:13.395,41.22,0.129700058366,0.0,0
2018-05-27 16:47:13.488,39.34,0.129700058366,0.0,0
2018-05-27 16:47:13.861,36.32,0.129700058366,0.0,0
2018-05-27 16:47:14.023,35.85,0.129700058366,0.0,0
2018-05-27 16:47:14.377,30.47,0.106641654769,0.0500000007451,0
2018-05-27 16:47:14.470,29.57,0.0771301934277,0.0750000029802,0
2018-05-27 16:47:14.732,26.8,0.0467410248423,0.10000000149,0
2018-05-27 16:47:14.824,25.39,0.03510201713,0.10000000149,0
2018-05-27 16:47:15.172,21.25,0.0467410280785,0.0500000007451,0
2018-05-27 16:47:15.265,20.25,0.0607036123903,0.0500000007451,0
2018-05-27 16:47:15.358,18.9,0.0771301979113,0.0500000007451,0
2018-05-27 16:47:15.814,13.35,0.0863050232586,0.0250000003725,0
2018-05-27 16:47:15.907,12.19,0.106641659455,0.0500000007451,0
2018-05-27 16:47:16.069,10.66,0.129700063648,0.0500000007451,0
2018-05-27 16:47:16.526,2.47,0.142273553057,0.0750000029802,0
2018-05-27 16:47:16.619,1.69,0.155554176406,0.10000000149,0
2018-05-27 16:47:16.712,0.9,0.155554176406,0.10000000149,0
2018-05-27 16:47:16.805,0.61,0.129700063648,0.0500000007451,0
2018-05-27 16:47:16.898,0.47,0.199708820751,0.17499999702,0
2018-05-27 16:47:17.060,0.38,0.268859143945,0.15000000596,0
2018-05-27 16:47:17.144,0.32,0.350015762316,0.15000000596,0
2018-05-27 16:47:17.228,0.28,0.468656897483,0.15000000596,0
2018-05-27 16:47:17.321,0.24,0.549123521381,0.125,0
2018-05-27 16:47:17.498,0.2,0.299999996735,0.125,0
2018-05-27 16:47:17.591,0.0,0.299999996735,0.125,0
2018-05-27 16:47:17.684,0.0,0.299999996735,0.10000000149,0
2018-05-27 16:47:17.777,0.0,0.299999996735,0.10000000149,0
2018-05-27 16:47:17.870,0.0,0.299999996735,0.0500000007451,0
2018-05-27 16:47:18.302,0.0,0.299999996735,0.17499999702,0
2018-05-27 16:47:18.386,0.0,0.299999996735,0.15000000596,0
2018-05-27 16:47:18.665,0.0,0.299999996735,0.15000000596,0
2018-05-27 16:47:19.107,0.0,0.299999996735,0.15000000596,0
2018-05-27 16:47:19.367,0.0,0.299999996735,0.125,0
2018-05-27 16:47:19.460,0.0,0.299999996735,0.125,0
2018-05-27 16:47:19.647,0.0,0.299999996735,0.125,0
2018-05-27 16:47:19.833,0.0,0.299999996735,0.10000000149,0
2018-05-27 16:47:20.172,0.0,0.299999996735,0.10000000149,0
2018-05-27 16:47:20.442,5.75,0.299999996735,0.0500000007451,0
2018-05-27 16:47:20.721,0.6,0.462223151213,0.0,0
2018-05-27 16:47:20.815,0.46,0.328389704295,0.0,0
2018-05-27 16:47:20.898,0.38,0.219756854421,0.0,0
2018-05-27 16:47:21.335,0.21,0.135585884402,0.0,0
2018-05-27 16:47:21.423,0.0,0.0832699373468,0.0,0
2018-05-27 16:47:21.777,0.0,0.045971525791,0.0,0
2018-05-27 16:47:22.125,0.0,0.0401729762892,0.0,0
2018-05-27 16:47:22.219,0.0,0.0666303416515,0.0,0
2018-05-27 16:47:22.582,0.0,0.0924879526114,0.0250000003725,0
2018-05-27 16:47:22.675,0.0,0.112773564036,0.0,0
2018-05-27 16:47:23.107,0.0,0.112773564036,0.0,0
2018-05-27 16:47:23.191,0.0,0.112773564036,0.0,0
2018-05-27 16:47:23.284,0.0,0.112773564036,0.0,0
2018-05-27 16:47:23.461,0.0,0.112773564036,0.0,0
2018-05-27 16:47:23.638,0.0,0.112773564036,0.0,0
2018-05-27 16:47:23.917,0.0,0.112773564036,0.0,0
2018-05-27 16:47:24.266,0.0,0.112773564036,0.0,0
2018-05-27 16:47:24.619,0.0,0.112773564036,0.0,0
2018-05-27 16:47:24.712,0.0,0.123859733845,0.0,0
2018-05-27 16:47:25.144,4.45,0.123859733845,0.0,0
2018-05-27 16:47:25.228,5.86,0.123859733845,0.0,0
2018-05-27 16:47:25.396,8.43,0.112773564036,0.0250000003725,0
2018-05-27 16:47:25.675,12.86,0.112773564036,0.0,0
2018-05-27 16:47:25.768,14.04,0.112773564036,0.0,0
2018-05-27 16:47:26.014,16.42,0.10231926095,0.0250000003725,0
2018-05-27 16:47:26.107,17.8,0.10231926095,0.0,0
2018-05-27 16:47:26.386,20.97,0.10231926095,0.0,0
2018-05-27 16:47:26.470,22.07,0.10231926095,0.0,0
2018-05-27 16:47:26.554,23.05,0.10231926095,0.0,0
2018-05-27 16:47:26.740,24.96,0.10231926095,0.0,0
2018-05-27 16:47:26.833,26.41,0.10231926095,0.0,0
2018-05-27 16:47:27.181,30.94,0.112773564036,0.0,0
2018-05-27 16:47:27.274,32.24,0.112773564036,0.0,0
2018-05-27 16:47:27.358,33.59,0.112773564036,0.0,0
2018-05-27 16:47:27.452,35.19,0.123859733845,0.0,0
2018-05-27 16:47:27.545,36.55,0.123859733845,0.0,0
2018-05-27 16:47:27.721,39.36,0.123859733845,0.0,0
2018-05-27 16:47:27.815,40.87,0.123859733845,0.0,0
2018-05-27 16:47:27.908,42.14,0.123859733845,0.0,0
2018-05-27 16:47:28.070,43.84,0.123859733845,0.0,0
2018-05-27 16:47:28.163,45.67,0.123859733845,0.0,0
2018-05-27 16:47:28.256,46.95,0.123859733845,0.0,0
2018-05-27 16:47:28.340,47.84,0.123859733845,0.0,0
2018-05-27 16:47:28.694,54.42,0.123859733845,0.0,0
2018-05-27 16:47:28.880,58.37,0.123859733845,0.0,0
2018-05-27 16:47:29.135,59.45,0.123859733845,0.0,0
2018-05-27 16:47:29.405,59.63,0.123859733845,0.0,0
2018-05-27 16:47:29.498,58.48,0.123859733845,0.0,0
2018-05-27 16:47:29.591,59.0,0.123859733845,0.0,0
2018-05-27 16:47:29.684,59.94,0.123859733845,0.0,0
2018-05-27 16:47:29.871,58.99,0.123859733845,0.0,0
2018-05-27 16:47:30.032,60.98,0.123859733845,0.0,0
2018-05-27 16:47:30.126,60.26,0.123859733845,0.0,0
2018-05-27 16:47:30.405,60.08,0.123859733845,0.0,0
2018-05-27 16:47:30.675,59.68,0.123859733845,0.0,0
2018-05-27 16:47:30.768,60.03,0.123859733845,0.0,0
2018-05-27 16:47:30.861,59.92,0.123859733845,0.0,0
2018-05-27 16:47:31.303,59.83,0.123859733845,0.0,0
2018-05-27 16:47:31.479,60.42,0.123859733845,0.0,0
2018-05-27 16:47:31.759,60.03,0.123859733845,0.0,0
2018-05-27 16:47:31.852,60.31,0.123859733845,0.0,0
2018-05-27 16:47:32.293,59.4,0.123859733845,0.0,0
2018-05-27 16:47:32.554,60.19,0.123859733845,0.0,0
2018-05-27 16:47:32.647,60.18,0.123859733845,0.0,0
2018-05-27 16:47:32.833,60.26,0.123859733845,0.0,0
2018-05-27 16:47:32.927,60.21,0.123859733845,0.0,0
2018-05-27 16:47:33.088,60.02,0.123859733845,0.0,0
2018-05-27 16:47:33.181,60.41,0.123859733845,0.0,0
2018-05-27 16:47:33.358,60.56,0.123859733845,0.0,0
2018-05-27 16:47:33.545,59.95,0.123859733845,0.0,0
2018-05-27 16:47:33.638,60.34,0.123859733845,0.0,0
2018-05-27 16:47:33.824,60.5,0.123859733845,0.0,0
2018-05-27 16:47:33.917,60.14,0.123859733845,0.0,0
2018-05-27 16:47:34.079,59.94,0.123859733845,0.0,0
2018-05-27 16:47:34.172,59.85,0.123859733845,0.0,0
2018-05-27 16:47:34.265,60.32,0.123859733845,0.0,0
2018-05-27 16:47:34.442,60.11,0.123859733845,0.0,0
2018-05-27 16:47:34.536,59.91,0.123859733845,0.0,0
2018-05-27 16:47:34.629,60.26,0.123859733845,0.0,0
2018-05-27 16:47:34.815,60.31,0.123859733845,0.0,0
2018-05-27 16:47:34.908,60.57,0.123859733845,0.0,0
2018-05-27 16:47:35.070,60.12,0.123859733845,0.0,0
2018-05-27 16:47:35.256,61.52,0.123859733845,0.0,0
2018-05-27 16:47:35.433,60.34,0.123859733845,0.0,0
2018-05-27 16:47:35.526,60.33,0.123859733845,0.0,0
2018-05-27 16:47:35.712,59.91,0.123859733845,0.0,0
2018-05-27 16:47:35.806,60.26,0.123859733845,0.0,0
2018-05-27 16:47:36.144,60.41,0.123859733845,0.0,0
2018-05-27 16:47:36.228,59.96,0.123859733845,0.0,0
2018-05-27 16:47:36.321,59.79,0.119713559028,0.0,0
2018-05-27 16:47:36.405,59.87,0.119713559028,0.0,0
2018-05-27 16:47:36.498,60.18,0.119713559028,0.0,0
2018-05-27 16:47:36.591,60.28,0.119713559028,0.0,0
2018-05-27 16:47:36.862,60.47,0.119713559028,0.0,0
2018-05-27 16:47:37.023,59.61,0.119713559028,0.0,0
2018-05-27 16:47:37.116,60.41,0.119713559028,0.0,0
2018-05-27 16:47:37.209,60.54,0.119713559028,0.0,0
2018-05-27 16:47:37.303,60.43,0.119713559028,0.0,0
2018-05-27 16:47:37.480,59.85,0.119713559028,0.0,0
2018-05-27 16:47:37.657,59.2,0.119713559028,0.0,0
2018-05-27 16:47:37.740,59.93,0.119713559028,0.0,0
2018-05-27 16:47:37.834,61.36,0.119713559028,0.0,0
2018-05-27 16:47:38.089,60.01,0.119713559028,0.0,0
2018-05-27 16:47:38.173,60.21,0.119713559028,0.0,0
2018-05-27 16:47:38.452,60.21,0.119713559028,0.0,0
2018-05-27 16:47:38.545,59.98,0.119713559028,0.0,0
2018-05-27 16:47:38.638,60.39,0.119713559028,0.0,0
2018-05-27 16:47:38.917,60.3,0.119713559028,0.0,0
2018-05-27 16:47:39.266,60.39,0.119713559028,0.0,0
2018-05-27 16:47:39.536,60.19,0.119713559028,0.0,0
2018-05-27 16:47:39.629,59.77,0.119713559028,0.0,0
2018-05-27 16:47:40.154,60.62,0.119713559028,0.0,0
2018-05-27 16:47:40.424,60.18,0.119713559028,0.0,0
2018-05-27 16:47:40.508,60.29,0.119713559028,0.0,0
2018-05-27 16:47:40.601,59.84,0.119713559028,0.0,0
2018-05-27 16:47:40.694,60.18,0.119713559028,0.0,0
2018-05-27 16:47:41.135,60.26,0.119713559028,0.0,0
2018-05-27 16:47:41.675,59.96,0.119713559028,0.0,0
2018-05-27 16:47:42.303,59.55,0.119713559028,0.0,0
2018-05-27 16:47:42.480,60.19,0.119713559028,0.0,0
2018-05-27 16:47:42.573,60.8,0.119713559028,0.0,0
2018-05-27 16:47:42.666,60.71,0.119713559028,0.0,0
2018-05-27 16:47:43.014,61.95,0.119713559028,0.0,0
2018-05-27 16:47:43.107,62.37,0.119713559028,0.0,0
2018-05-27 16:47:43.200,64.16,0.119713559028,0.0,0
2018-05-27 16:47:43.368,65.79,0.119713559028,0.0,0
2018-05-27 16:47:43.647,69.99,0.119713559028,0.0,0
2018-05-27 16:47:43.741,70.97,0.119713559028,0.0,0
2018-05-27 16:47:43.927,74.13,0.119713559028,0.0,0
2018-05-27 16:47:44.182,77.67,0.119713559028,0.0,0
2018-05-27 16:47:44.545,84.01,0.109183315692,0.0250000003725,0
2018-05-27 16:47:44.731,87.53,0.0898876760103,0.0500000007451,0
2018-05-27 16:47:44.824,89.62,0.0728858763753,0.0500000007451,0
2018-05-27 16:47:45.079,91.86,0.0454170629665,0.10000000149,0
2018-05-27 16:47:45.173,93.02,0.0347360709975,0.10000000149,0
2018-05-27 16:47:45.266,95.04,0.0652198544541,0.125,0
2018-05-27 16:47:45.349,96.15,0.119713563708,0.15000000596,0
2018-05-27 16:47:45.629,99.74,0.210542252614,0.17499999702,0
2018-05-27 16:47:45.722,101.21,0.276348451963,0.10000000149,0
2018-05-27 16:47:45.815,102.43,0.37326704435,0.125,0
2018-05-27 16:47:46.070,104.69,0.511466417671,0.17499999702,0
2018-05-27 16:47:46.163,106.15,0.299999996735,0.22499999404,0
2018-05-27 16:47:46.433,109.53,0.299999996735,0.22499999404,0
2018-05-27 16:47:46.620,112.1,0.299999996735,0.300000011921,0
2018-05-27 16:47:46.899,116.95,0.299999996735,0.375,0
2018-05-27 16:47:47.056,118.62,0.299999996735,0.5,0
2018-05-27 16:47:47.145,118.9,0.299999996735,0.324999988079,0
2018-05-27 16:47:47.228,120.4,0.299999996735,0.40000000596,0
2018-05-27 16:47:47.322,121.39,0.299999996735,0.300000011921,0
2018-05-27 16:47:47.592,124.01,0.299999996735,0.5,0
2018-05-27 16:47:47.778,127.09,0.299999996735,0.375,0
2018-05-27 16:47:48.033,129.41,0.299999996735,0.40000000596,0
2018-05-27 16:47:48.126,131.26,0.299999996735,0.300000011921,0
2018-05-27 16:47:48.303,132.9,0.299999996735,0.0,0
2018-05-27 16:47:48.396,134.57,0.299999996735,0.0250000003725,0
2018-05-27 16:47:48.480,136.06,0.299999996735,0.0250000003725,0
2018-05-27 16:47:48.573,137.39,0.299999996735,0.0250000003725,0
2018-05-27 16:47:48.666,138.78,0.299999996735,0.0500000007451,0
2018-05-27 16:47:48.852,140.66,0.299999996735,0.0500000007451,0
2018-05-27 16:47:49.005,139.98,0.299999996735,0.0500000007451,0
2018-05-27 16:47:49.098,142.59,0.352565769999,0.0500000007451,0
2018-05-27 16:47:49.182,143.45,0.109183322402,0.0,0
2018-05-27 16:47:49.275,143.84,0.0347360692584,0.0,0
2018-05-27 16:47:49.359,145.83,0.0347360692584,0.0,0
2018-05-27 16:47:49.452,145.84,0.0398349158269,0.0,0
2018-05-27 16:47:49.545,148.12,0.0347360692584,0.0500000007451,0
2018-05-27 16:47:49.631,146.62,0.0301030004538,0.0500000007451,0
2018-05-27 16:47:49.722,149.6,0.0398349177358,0.10000000149,0
2018-05-27 16:47:49.815,150.59,0.0398349177358,0.0500000007451,0
2018-05-27 16:47:49.908,149.86,0.0301030004538,0.0,0
2018-05-27 16:47:50.070,151.13,0.0398349158269,0.0,0
2018-05-27 16:47:50.257,153.46,0.0301030004538,0.0500000007451,0
2018-05-27 16:47:50.341,154.42,0.0514987721115,0.10000000149,0
2018-05-27 16:47:50.433,154.36,0.0811048930718,0.10000000149,0
2018-05-27 16:47:50.527,156.19,0.0811048930718,0.0,0
2018-05-27 16:47:50.620,156.52,0.0992441306526,0.10000000149,0
2018-05-27 16:47:50.713,156.02,0.109183320114,0.0750000029802,0
2018-05-27 16:47:50.806,158.84,0.0898876799289,0.0500000007451,0
2018-05-27 16:47:50.899,158.53,0.0898876799289,0.0500000007451,0
2018-05-27 16:47:51.056,159.67,0.0992441313713,0.0250000003725,0
2018-05-27 16:47:51.229,161.99,0.0992441313713,0.0,0
2018-05-27 16:47:51.406,163.85,0.0992441313713,0.0500000007451,0
2018-05-27 16:47:51.499,163.41,0.0728858798067,0.0250000003725,0
2018-05-27 16:47:51.592,164.96,0.0652198561066,0.0750000029802,0
2018-05-27 16:47:51.685,164.46,0.0898876812802,0.0750000029802,0
2018-05-27 16:47:51.778,166.62,0.109183323164,0.15000000596,0
2018-05-27 16:47:52.126,169.06,0.154923774396,0.17499999702,0
2018-05-27 16:47:52.219,168.75,0.210542258264,0.15000000596,0
2018-05-27 16:47:52.312,170.63,0.25892840476,0.125,0
2018-05-27 16:47:52.396,170.25,0.201691817456,0.0250000003725,0
2018-05-27 16:47:52.490,171.67,0.227338332521,0.0500000007451,0
2018-05-27 16:47:52.769,169.49,0.201691817456,0.0,0
2018-05-27 16:47:53.117,166.76,0.189536394673,0.0,0
2018-05-27 16:47:53.210,164.8,0.177822820788,0.0500000007451,0
2018-05-27 16:47:53.573,162.06,0.166548339265,0.0500000007451,0
2018-05-27 16:47:53.666,162.11,0.107940623619,0.0,0
2018-05-27 16:47:54.089,159.38,0.0582370083176,0.0,0
2018-05-27 16:47:54.359,158.02,0.0301030000505,0.0,0
2018-05-27 16:47:54.815,158.43,0.0526727790199,0.0,0
2018-05-27 16:47:54.909,159.5,0.0582370058337,0.0,0
2018-05-27 16:47:55.164,159.43,0.070483725592,0.0,0
2018-05-27 16:47:55.257,158.47,0.070483725592,0.0,0
2018-05-27 16:47:55.341,158.95,0.070483725592,0.0,0
2018-05-27 16:47:55.434,159.99,0.0842690846928,0.0,0
2018-05-27 16:47:55.611,160.25,0.0996435650164,0.0,0
2018-05-27 16:47:55.694,160.58,0.0996435650164,0.0,0
2018-05-27 16:47:56.136,163.06,0.0996435650164,0.0,0
2018-05-27 16:47:56.229,164.72,0.0996435650164,0.0,0
2018-05-27 16:47:56.406,165.36,0.0996435650164,0.0,0
2018-05-27 16:47:56.592,167.44,0.0996435650164,0.0,0
2018-05-27 16:47:56.685,165.86,0.0771807499242,0.0750000029802,0
2018-05-27 16:47:56.872,168.65,0.0526727786189,0.10000000149,0
2018-05-27 16:47:57.033,168.35,0.0526727786189,0.0,0
2018-05-27 16:47:57.126,170.24,0.0526727786189,0.0,0
2018-05-27 16:47:57.220,170.71,0.0526727786189,0.0,0
2018-05-27 16:47:57.398,171.51,0.0301030003252,0.125,0
2018-05-27 16:47:57.490,172.01,0.0526727805436,0.125,0
2018-05-27 16:47:57.676,174.36,0.0771807523888,0.10000000149,0
2018-05-27 16:47:58.024,174.58,0.0996435679103,0.0750000029802,0
2018-05-27 16:47:58.117,176.81,0.177822819931,0.20000000298,0
2018-05-27 16:47:58.210,177.29,0.201691813768,0.125,0
2018-05-27 16:47:58.480,179.87,0.201691813768,0.10000000149,0
2018-05-27 16:47:58.573,180.35,0.269181006357,0.125,0
2018-05-27 16:47:58.667,180.33,0.269181006357,0.0,0
2018-05-27 16:47:59.015,181.06,0.269181006357,0.0,0
2018-05-27 16:47:59.108,182.67,0.240834067911,0.0750000029802,0
2018-05-27 16:47:59.462,184.62,0.189536392894,0.0250000003725,0
2018-05-27 16:47:59.555,185.17,0.833056442653,0.925000011921,0
2018-05-27 16:47:59.648,185.42,0.299999996735,0.0,0
2018-05-27 16:47:59.834,186.69,0.299999996735,0.975000023842,0
2018-05-27 16:48:00.276,189.59,0.299999996735,0.375,0
2018-05-27 16:48:00.453,189.3,0.299999996735,0.15000000596,0
2018-05-27 16:48:00.546,190.18,0.299999996735,0.10000000149,0
2018-05-27 16:48:00.639,191.26,0.299999996735,0.125,0
2018-05-27 16:48:00.825,191.43,0.299999996735,0.0750000029802,0
2018-05-27 16:48:01.080,191.81,0.299999996735,0.10000000149,0
2018-05-27 16:48:01.816,194.77,0.299999996735,0.0500000007451,0
2018-05-27 16:48:02.062,195.45,0.299999996735,0.0750000029802,0
2018-05-27 16:48:02.332,198.25,0.299999996735,0.0500000007451,0
2018-05-27 16:48:02.620,199.3,0.365192260574,0.0250000003725,0
2018-05-27 16:48:02.713,198.9,0.1778228225,0.0500000007451,0
2018-05-27 16:48:02.890,199.33,0.125778843982,0.0250000003725,0
2018-05-27 16:48:03.043,199.36,0.0996435685132,0.0250000003725,0
2018-05-27 16:48:03.229,200.6,0.070483728887,0.0250000003725,0
2018-05-27 16:48:03.602,202.28,0.0582370083176,0.0250000003725,0
2018-05-27 16:48:03.695,203.59,0.0426222672356,0.0250000003725,0
2018-05-27 16:48:03.779,203.96,0.0381181396938,0.0250000003725,0
2018-05-27 16:48:03.872,202.65,0.0301030003252,0.0250000003725,0
2018-05-27 16:48:04.024,203.51,0.033948532974,0.0250000003725,0
2018-05-27 16:48:04.210,205.71,0.033948532974,0.0250000003725,0
2018-05-27 16:48:04.304,204.89,0.0381181378204,0.0250000003725,0
2018-05-27 16:48:04.928,207.21,0.0381181378204,0.0250000003725,0
2018-05-27 16:48:05.089,208.09,0.0381181378204,0.0250000003725,0
2018-05-27 16:48:05.350,208.09,0.0381181378204,0.0250000003725,0
2018-05-27 16:48:05.443,209.75,0.0381181378204,0.0250000003725,0
2018-05-27 16:48:05.630,209.94,0.0381181378204,0.0250000003725,0
2018-05-27 16:48:06.155,210.62,0.0381181378204,0.0250000003725,0
2018-05-27 16:48:06.248,211.15,0.0381181378204,0.0250000003725,0
2018-05-27 16:48:06.336,211.91,0.0381181378204,0.0250000003725,0
2018-05-27 16:48:06.425,211.42,0.0381181378204,0.0250000003725,0
2018-05-27 16:48:06.602,212.31,0.0381181378204,0.0250000003725,0
2018-05-27 16:48:07.313,215.07,0.0426222652155,0.0,0
2018-05-27 16:48:07.490,214.58,0.0474707405987,0.0,0
2018-05-27 16:48:08.006,217.03,0.0526727790199,0.0,0
2018-05-27 16:48:08.192,216.76,0.0582370058337,0.0,0
2018-05-27 16:48:08.555,218.32,0.0641714809591,0.0,0
2018-05-27 16:48:08.825,218.8,0.070483725592,0.0,0
2018-05-27 16:48:08.918,218.79,0.0771807504377,0.0,0
2018-05-27 16:48:09.164,219.68,0.0842690846928,0.0,0
2018-05-27 16:48:09.257,218.67,0.091754805161,0.0,0
2018-05-27 16:48:09.797,215.0,0.0996435650164,0.0,0
2018-05-27 16:48:09.883,214.09,0.0996435650164,0.0,0
2018-05-27 16:48:10.127,211.92,0.0996435650164,0.0,0
2018-05-27 16:48:10.220,210.7,0.0996435650164,0.0,0
2018-05-27 16:48:10.397,210.35,0.0996435650164,0.0,0
2018-05-27 16:48:10.490,208.67,0.0996435650164,0.0,0
2018-05-27 16:48:10.676,207.87,0.0996435650164,0.0,0
2018-05-27 16:48:10.770,208.78,0.0996435650164,0.0,0
2018-05-27 16:48:11.304,206.8,0.0996435650164,0.0,0
2018-05-27 16:48:11.760,206.45,0.0996435650164,0.0,0
2018-05-27 16:48:12.015,206.98,0.0996435650164,0.0,0
2018-05-27 16:48:12.378,207.7,0.0996435650164,0.0,0
2018-05-27 16:48:12.835,208.78,0.0996435650164,0.0,0
2018-05-27 16:48:13.183,208.18,0.091754805161,0.0250000003725,0
2018-05-27 16:48:13.369,208.84,0.091754805161,0.0,0
2018-05-27 16:48:13.453,209.9,0.091754805161,0.0,0
2018-05-27 16:48:13.732,211.25,0.091754805161,0.0,0
2018-05-27 16:48:14.444,211.49,0.091754805161,0.0,0
2018-05-27 16:48:14.723,212.72,0.091754805161,0.0,0
2018-05-27 16:48:14.816,212.09,0.0851988792268,0.0,0
2018-05-27 16:48:15.072,213.64,0.0851988792268,0.0,0
2018-05-27 16:48:15.258,214.52,0.0851988792268,0.0,0
2018-05-27 16:48:15.434,214.81,0.0851988792268,0.0,0
2018-05-27 16:48:15.621,214.81,0.0921228540985,0.0,0
2018-05-27 16:48:15.714,216.32,0.0921228540985,0.0,0
2018-05-27 16:48:15.807,215.3,0.0921228540985,0.0,0
2018-05-27 16:48:15.900,216.4,0.0921228540985,0.0,0
2018-05-27 16:48:16.057,215.1,0.0921228540985,0.0,0
2018-05-27 16:48:16.230,215.99,0.0921228540985,0.0,0
2018-05-27 16:48:16.416,214.95,0.0921228540985,0.0,0
2018-05-27 16:48:17.388,215.13,0.0921228540985,0.0,0
2018-05-27 16:48:17.565,213.98,0.0921228540985,0.0,0
2018-05-27 16:48:17.649,216.12,0.0921228540985,0.0,0
2018-05-27 16:48:17.835,216.67,0.0921228540985,0.0,0
2018-05-27 16:48:17.928,215.67,0.0921228540985,0.0,0
2018-05-27 16:48:18.183,216.07,0.0921228540985,0.0,0
2018-05-27 16:48:18.351,215.57,0.0921228540985,0.0,0
2018-05-27 16:48:18.444,216.32,0.0921228540985,0.0,0
2018-05-27 16:48:18.537,215.72,0.0921228540985,0.0,0
2018-05-27 16:48:18.630,215.23,0.0921228540985,0.0,0
2018-05-27 16:48:18.723,216.81,0.0921228540985,0.0,0
2018-05-27 16:48:18.816,215.9,0.0921228540985,0.0,0
2018-05-27 16:48:18.910,215.32,0.0921228540985,0.0,0
2018-05-27 16:48:19.072,216.83,0.0921228540985,0.0,0
2018-05-27 16:48:19.248,217.26,0.0921228540985,0.0,0
2018-05-27 16:48:19.337,217.14,0.0921228540985,0.0,0
2018-05-27 16:48:19.425,216.83,0.0921228540985,0.0,0
2018-05-27 16:48:19.509,217.34,0.0921228540985,0.0,0
2018-05-27 16:48:19.695,216.17,0.0921228540985,0.0,0
2018-05-27 16:48:19.789,218.01,0.0921228540985,0.0,0
2018-05-27 16:48:19.882,217.17,0.0921228540985,0.0,0
2018-05-27 16:48:20.230,218.29,0.0921228540985,0.0,0
2018-05-27 16:48:20.407,217.73,0.0921228540985,0.0,0
2018-05-27 16:48:20.500,217.7,0.0921228540985,0.0,0
2018-05-27 16:48:20.593,218.16,0.0921228540985,0.0,0
2018-05-27 16:48:20.686,218.29,0.0921228540985,0.0,0
2018-05-27 16:48:20.770,219.27,0.0921228540985,0.0,0
2018-05-27 16:48:20.863,218.69,0.0921228540985,0.0,0
2018-05-27 16:48:21.118,218.33,0.0921228540985,0.0,0
2018-05-27 16:48:21.211,219.43,0.0921228540985,0.0,0
2018-05-27 16:48:21.304,219.17,0.0921228540985,0.0,0
2018-05-27 16:48:21.481,219.67,0.0921228540985,0.0,0
2018-05-27 16:48:21.574,219.21,0.0921228540985,0.0,0
2018-05-27 16:48:21.668,219.68,0.0921228540985,0.0,0
2018-05-27 16:48:21.854,220.61,0.0921228540985,0.0,0
2018-05-27 16:48:22.109,220.77,0.0921228540985,0.0,0
2018-05-27 16:48:22.193,219.79,0.0921228540985,0.0,0
2018-05-27 16:48:22.379,222.82,0.0921228540985,0.0,0
2018-05-27 16:48:22.463,222.1,0.0921228540985,0.0,0
2018-05-27 16:48:22.556,222.3,0.0921228540985,0.0,0
2018-05-27 16:48:22.649,223.31,0.0921228540985,0.0,0
2018-05-27 16:48:22.742,222.93,0.0921228540985,0.0,0
2018-05-27 16:48:22.835,222.85,0.0921228540985,0.0,0
2018-05-27 16:48:22.928,223.05,0.0921228540985,0.0,0
2018-05-27 16:48:23.090,223.04,0.0921228540985,0.0,0
2018-05-27 16:48:23.183,224.34,0.0921228540985,0.0,0
2018-05-27 16:48:23.360,223.88,0.0921228540985,0.0,0
2018-05-27 16:48:23.453,224.49,0.0921228540985,0.0,0
2018-05-27 16:48:23.547,225.9,0.0921228540985,0.0,0
2018-05-27 16:48:23.724,224.32,0.0921228540985,0.0,0
2018-05-27 16:48:23.817,225.25,0.0921228540985,0.0,0
2018-05-27 16:48:23.910,226.61,0.0921228540985,0.0,0
2018-05-27 16:48:24.072,226.14,0.0921228540985,0.0,0
2018-05-27 16:48:24.258,226.1,0.0921228540985,0.0,0
2018-05-27 16:48:24.342,226.57,0.0921228540985,0.0,0
2018-05-27 16:48:24.435,227.05,0.0921228540985,0.0,0
2018-05-27 16:48:24.612,226.54,0.0921228540985,0.0,0
2018-05-27 16:48:24.696,226.43,0.0921228540985,0.0,0
2018-05-27 16:48:24.882,226.86,0.0921228540985,0.0,0
2018-05-27 16:48:25.128,227.76,0.0921228540985,0.0,0
2018-05-27 16:48:25.221,227.83,0.0921228540985,0.0,0
2018-05-27 16:48:25.314,226.71,0.0921228540985,0.0,0
2018-05-27 16:48:25.491,229.42,0.0921228540985,0.0,0
2018-05-27 16:48:25.584,229.31,0.0921228540985,0.0,0
2018-05-27 16:48:25.677,229.59,0.0921228540985,0.0,0
2018-05-27 16:48:25.770,229.56,0.0921228540985,0.0,0
2018-05-27 16:48:25.854,229.48,0.0921228540985,0.0,0
2018-05-27 16:48:26.109,230.13,0.0921228540985,0.0,0
2018-05-27 16:48:26.202,230.87,0.0921228540985,0.0,0
2018-05-27 16:48:26.472,229.68,0.0921228540985,0.0,0
2018-05-27 16:48:26.556,231.71,0.0921228540985,0.0,0
2018-05-27 16:48:26.649,231.78,0.0921228540985,0.0,0
2018-05-27 16:48:26.929,232.69,0.0921228540985,0.0,0
2018-05-27 16:48:27.090,232.74,0.0921228540985,0.0,0
2018-05-27 16:48:27.183,233.35,0.0921228540985,0.0,0
2018-05-27 16:48:27.277,232.97,0.0921228540985,0.0,0
2018-05-27 16:48:27.360,232.97,0.0921228540985,0.0,0
2018-05-27 16:48:27.454,232.25,0.0921228540985,0.0,0
2018-05-27 16:48:27.547,233.63,0.0921228540985,0.0,0
2018-05-27 16:48:27.631,233.11,0.0921228540985,0.0,0
2018-05-27 16:48:27.724,233.3,0.0921228540985,0.0,0
2018-05-27 16:48:27.817,233.55,0.0921228540985,0.0,0
2018-05-27 16:48:28.072,233.49,0.0921228540985,0.0,0
2018-05-27 16:48:28.258,233.91,0.0921228540985,0.0,0
2018-05-27 16:48:28.436,236.0,0.0921228540985,0.0,0
2018-05-27 16:48:28.519,234.68,0.0921228540985,0.0,0
2018-05-27 16:48:28.696,234.63,0.0921228540985,0.0,0
2018-05-27 16:48:28.789,235.55,0.0921228540985,0.0,0
2018-05-27 16:48:28.882,234.95,0.0921228540985,0.0,0
2018-05-27 16:48:29.137,234.69,0.0921231201668,0.0,0
2018-05-27 16:48:29.324,234.47,0.0921231201668,0.0,0
2018-05-27 16:48:29.407,232.56,0.0921231201668,0.0,0
2018-05-27 16:48:29.500,229.65,0.0921231201668,0.0,0
2018-05-27 16:48:29.593,227.2,0.0921231201668,0.0,0
2018-05-27 16:48:29.873,218.5,0.0921231201668,0.0,0
2018-05-27 16:48:30.314,209.5,0.0921231201668,0.0,0
2018-05-27 16:48:30.491,205.49,0.0921231201668,0.0,0
2018-05-27 16:48:30.864,201.66,0.0921231201668,0.0,0
2018-05-27 16:48:31.118,200.39,0.0921231201668,0.0,0
2018-05-27 16:48:31.212,197.92,0.085199111444,0.0250000003725,0
2018-05-27 16:48:31.482,196.62,0.078612562861,0.0250000003725,0
2018-05-27 16:48:31.761,197.64,0.0723587895129,0.0250000003725,0
2018-05-27 16:48:31.854,197.26,0.0664327857868,0.0250000003725,0
2018-05-27 16:48:32.016,198.88,0.0608292061256,0.0250000003725,0
2018-05-27 16:48:32.199,199.26,0.0608292061256,0.0,0
2018-05-27 16:48:32.286,198.02,0.0555423457768,0.0250000003725,0
2018-05-27 16:48:32.463,197.59,0.050566121848,0.0250000003725,0
2018-05-27 16:48:32.556,199.55,0.050566121848,0.0,0
2018-05-27 16:48:32.649,199.95,0.050566121848,0.0,0
2018-05-27 16:48:32.836,198.56,0.0555423457768,0.0,0
2018-05-27 16:48:32.929,199.88,0.0608292061256,0.0,0
2018-05-27 16:48:33.091,198.97,0.0608292061256,0.0250000003725,0
2018-05-27 16:48:33.174,199.24,0.0664327857868,0.0,0
2018-05-27 16:48:33.268,199.22,0.0723587895129,0.0,0
2018-05-27 16:48:33.445,199.3,0.0723587895129,0.0,0
2018-05-27 16:48:33.538,200.67,0.078612562861,0.0,0
2018-05-27 16:48:33.631,199.64,0.085199111444,0.0,0
2018-05-27 16:48:33.724,199.78,0.085199111444,0.0,0
2018-05-27 16:48:33.817,200.93,0.085199111444,0.0,0
2018-05-27 16:48:33.910,199.98,0.085199111444,0.0,0
2018-05-27 16:48:34.072,200.03,0.085199111444,0.0,0
2018-05-27 16:48:34.165,201.61,0.0921231201668,0.0,0
2018-05-27 16:48:34.258,200.37,0.0921231201668,0.0,0
2018-05-27 16:48:34.435,201.41,0.0921231201668,0.0,0
2018-05-27 16:48:34.528,202.49,0.0921231201668,0.0,0
2018-05-27 16:48:34.622,201.25,0.0921231201668,0.0,0
2018-05-27 16:48:34.715,201.39,0.0921231201668,0.0,0
2018-05-27 16:48:34.808,203.03,0.0921231201668,0.0,0
2018-05-27 16:48:35.063,203.53,0.0921231201668,0.0,0
2018-05-27 16:48:35.156,202.44,0.0921231201668,0.0,0
2018-05-27 16:48:35.249,202.43,0.0921231201668,0.0,0
2018-05-27 16:48:35.337,202.42,0.0921231201668,0.0,0
2018-05-27 16:48:35.426,204.19,0.0921231201668,0.0,0
2018-05-27 16:48:35.510,203.98,0.0921231201668,0.0,0
2018-05-27 16:48:35.603,203.64,0.0921231201668,0.0,0
2018-05-27 16:48:35.780,204.23,0.0921231201668,0.0,0
2018-05-27 16:48:35.873,205.51,0.0921231201668,0.0,0
2018-05-27 16:48:36.035,205.65,0.0921231201668,0.0,0
2018-05-27 16:48:36.128,206.29,0.0921231201668,0.0,0
2018-05-27 16:48:36.221,204.96,0.0921231201668,0.0,0
2018-05-27 16:48:36.585,207.02,0.0921231201668,0.0,0
2018-05-27 16:48:37.277,209.81,0.0921231201668,0.0,0
2018-05-27 16:48:37.361,209.3,0.0921231201668,0.0,0
2018-05-27 16:48:37.454,209.14,0.0921231201668,0.0,0
2018-05-27 16:48:37.640,209.3,0.0921231201668,0.0,0
2018-05-27 16:48:37.827,209.05,0.0921231201668,0.0,0
2018-05-27 16:48:37.920,210.29,0.0921231201668,0.0,0
2018-05-27 16:48:38.352,210.06,0.0921231201668,0.0,0
2018-05-27 16:48:38.538,211.8,0.0921231201668,0.0,0
2018-05-27 16:48:38.631,209.67,0.0921231201668,0.0,0
2018-05-27 16:48:38.817,210.86,0.0921231201668,0.0,0
2018-05-27 16:48:38.910,211.38,0.0921231201668,0.0,0
2018-05-27 16:48:39.072,210.91,0.0921231201668,0.0,0
2018-05-27 16:48:39.165,211.99,0.0921231201668,0.0,0
2018-05-27 16:48:39.258,210.45,0.0921231201668,0.0,0
2018-05-27 16:48:39.529,212.46,0.0921231201668,0.0,0
2018-05-27 16:48:39.715,212.52,0.0921231201668,0.0,0
2018-05-27 16:48:39.808,211.07,0.0921231201668,0.0,0
2018-05-27 16:48:40.147,212.65,0.0921231201668,0.0,0
2018-05-27 16:48:40.231,212.47,0.0921231201668,0.0,0
2018-05-27 16:48:40.417,211.81,0.0921231201668,0.0,0
2018-05-27 16:48:40.501,211.42,0.0921231201668,0.0,0
2018-05-27 16:48:40.687,212.12,0.0921231201668,0.0,0
2018-05-27 16:48:40.780,213.32,0.0921231201668,0.0,0
2018-05-27 16:48:40.873,211.72,0.0921231201668,0.0,0
2018-05-27 16:48:41.035,212.5,0.0921231201668,0.0,0
2018-05-27 16:48:41.305,212.41,0.0921231201668,0.0,0
2018-05-27 16:48:41.482,213.01,0.0921231201668,0.0,0
2018-05-27 16:48:41.575,213.71,0.0921231201668,0.0,0
2018-05-27 16:48:41.761,214.5,0.0921231201668,0.0,0
2018-05-27 16:48:42.007,213.92,0.0921231201668,0.0,0
2018-05-27 16:48:42.184,213.79,0.0921231201668,0.0,0
2018-05-27 16:48:42.277,214.23,0.0921231201668,0.0,0
2018-05-27 16:48:42.361,214.55,0.0921231201668,0.0,0
2018-05-27 16:48:42.454,216.01,0.0921231201668,0.0,0
2018-05-27 16:48:42.640,214.48,0.0921231201668,0.0,0
2018-05-27 16:48:42.734,216.05,0.0921231201668,0.0,0
2018-05-27 16:48:42.911,215.92,0.0921231201668,0.0,0
2018-05-27 16:48:43.072,215.31,0.0921231201668,0.0,0
2018-05-27 16:48:43.259,216.65,0.0921231201668,0.0,0
2018-05-27 16:48:43.436,216.64,0.0921231201668,0.0,0
2018-05-27 16:48:43.529,216.93,0.0921231201668,0.0,0
2018-05-27 16:48:43.613,216.98,0.0921231201668,0.0,0
2018-05-27 16:48:43.696,217.36,0.0921231201668,0.0,0
2018-05-27 16:48:44.324,218.53,0.0921231201668,0.0,0
2018-05-27 16:48:44.417,218.15,0.0921231201668,0.0,0
2018-05-27 16:48:44.687,218.62,0.0921231201668,0.0,0
2018-05-27 16:48:44.780,218.95,0.0921231201668,0.0,0
2018-05-27 16:48:44.873,219.01,0.0921231201668,0.0,0
2018-05-27 16:48:45.128,218.53,0.0921137294697,0.0,0
2018-05-27 16:48:45.398,221.34,0.0921137294697,0.0,0
2018-05-27 16:48:45.678,219.77,0.0921137294697,0.0,0
2018-05-27 16:48:45.864,221.77,0.0921137294697,0.0,0
2018-05-27 16:48:46.026,220.17,0.0921137294697,0.0,0
2018-05-27 16:48:46.110,221.97,0.0921137294697,0.0,0
2018-05-27 16:48:46.296,220.6,0.0921137294697,0.0,0
2018-05-27 16:48:46.380,222.61,0.0921137294697,0.0,0
2018-05-27 16:48:46.473,221.57,0.0921137294697,0.0,0
2018-05-27 16:48:46.659,221.86,0.0921137294697,0.0,0
2018-05-27 16:48:47.007,222.25,0.0921137294697,0.0,0
2018-05-27 16:48:47.100,222.51,0.0921137294697,0.0,0
2018-05-27 16:48:47.371,223.02,0.0921137294697,0.0,0
2018-05-27 16:48:47.464,223.14,0.0921137294697,0.0,0
2018-05-27 16:48:47.920,223.98,0.0921137294697,0.0,0
2018-05-27 16:48:48.352,224.22,0.0921137294697,0.0,0
2018-05-27 16:48:48.538,224.23,0.0921137294697,0.0,0
2018-05-27 16:48:48.632,224.53,0.0921137294697,0.0,0
2018-05-27 16:48:48.725,225.49,0.0921137294697,0.0,0
2018-05-27 16:48:48.809,224.02,0.0921137294697,0.0,0
2018-05-27 16:48:49.147,223.83,0.0921137294697,0.0,0
2018-05-27 16:48:49.324,225.27,0.0921137294697,0.0,0
2018-05-27 16:48:49.502,226.0,0.0921137294697,0.0,0
2018-05-27 16:48:50.026,226.06,0.0921137294697,0.0,0
2018-05-27 16:48:50.203,225.07,0.0921137294697,0.0,0
2018-05-27 16:48:50.380,225.14,0.0921137294697,0.0,0
2018-05-27 16:48:50.659,225.99,0.0921137294697,0.0,0
2018-05-27 16:48:50.846,225.76,0.0921137294697,0.0,0
2018-05-27 16:48:51.380,226.4,0.0921137294697,0.0,0
2018-05-27 16:48:51.464,224.54,0.0921137294697,0.0,0
2018-05-27 16:48:51.929,221.43,0.0921137294697,0.0,0
2018-05-27 16:48:52.091,221.31,0.0921137294697,0.0,0
2018-05-27 16:48:52.184,219.83,0.0921137294697,0.0,0
2018-05-27 16:48:52.361,219.02,0.0921137294697,0.0,0
2018-05-27 16:48:52.548,216.93,0.0921137294697,0.0,0
2018-05-27 16:48:52.827,216.38,0.0921137294697,0.0,0
2018-05-27 16:48:53.082,217.79,0.0921137294697,0.0,0
2018-05-27 16:48:53.356,215.91,0.0921137294697,0.0,0
2018-05-27 16:48:53.538,218.03,0.0921137294697,0.0,0
2018-05-27 16:48:53.632,216.81,0.0921137294697,0.0,0
2018-05-27 16:48:54.073,217.01,0.0921137294697,0.0,0
2018-05-27 16:48:54.166,217.44,0.0921137294697,0.0,0
2018-05-27 16:48:54.343,217.8,0.0921137294697,0.0,0
2018-05-27 16:48:54.436,217.42,0.0921137294697,0.0,0
2018-05-27 16:48:54.716,217.23,0.0921137294697,0.0,0
2018-05-27 16:48:54.902,217.33,0.0921137294697,0.0,0
2018-05-27 16:48:55.148,217.47,0.0921137294697,0.0,0
2018-05-27 16:48:55.231,216.43,0.0921137294697,0.0,0
2018-05-27 16:48:55.865,217.34,0.0921137294697,0.0,0
2018-05-27 16:48:56.381,218.02,0.0921137294697,0.0,0
2018-05-27 16:48:56.660,219.27,0.0921137294697,0.0,0
2018-05-27 16:48:56.753,218.16,0.0921137294697,0.0,0
2018-05-27 16:48:57.092,219.72,0.0921137294697,0.0,0
2018-05-27 16:48:57.278,220.44,0.0921137294697,0.0,0
2018-05-27 16:48:57.362,219.97,0.0921137294697,0.0,0
2018-05-27 16:48:57.455,221.55,0.0921137294697,0.0,0
2018-05-27 16:48:57.549,220.35,0.0921137294697,0.0,0
2018-05-27 16:48:57.735,220.73,0.0921137294697,0.0,0
2018-05-27 16:48:57.819,221.04,0.0921137294697,0.0,0
2018-05-27 16:48:57.912,220.52,0.0921137294697,0.0,0
2018-05-27 16:48:58.074,222.49,0.0921137294697,0.0,0
2018-05-27 16:48:58.260,221.62,0.0921137294697,0.0,0
2018-05-27 16:48:58.353,221.74,0.0921137294697,0.0,0
2018-05-27 16:48:58.540,223.32,0.0921137294697,0.0,0
2018-05-27 16:48:58.623,222.05,0.0921137294697,0.0,0
2018-05-27 16:48:58.810,223.56,0.0921137294697,0.0,0
2018-05-27 16:48:58.903,223.74,0.0921137294697,0.0,0
2018-05-27 16:48:59.060,222.78,0.0921137294697,0.0,0
2018-05-27 16:48:59.139,222.11,0.0921137294697,0.0,0
2018-05-27 16:48:59.595,223.31,0.0921137294697,0.0,0
2018-05-27 16:48:59.689,222.73,0.0921137294697,0.0,0
2018-05-27 16:48:59.772,222.2,0.0921137294697,0.0,0
2018-05-27 16:48:59.866,223.38,0.0921137294697,0.0,0
2018-05-27 16:49:00.027,222.9,0.0921137294697,0.0,0
2018-05-27 16:49:00.121,221.67,0.0921137294697,0.0,0
2018-05-27 16:49:00.214,221.45,0.0921137294697,0.0,0
2018-05-27 16:49:00.307,222.11,0.0921137294697,0.0,0
2018-05-27 16:49:00.484,220.81,0.0921137294697,0.0,0
2018-05-27 16:49:00.661,219.9,0.0921137294697,0.0,0
2018-05-27 16:49:00.754,221.1,0.0921137294697,0.0,0
2018-05-27 16:49:00.847,221.33,0.0921137294697,0.0,0
2018-05-27 16:49:01.009,219.51,0.0921137294697,0.0,0
2018-05-27 16:49:01.195,221.17,0.0921137294697,0.0,0
2018-05-27 16:49:01.279,220.26,0.0921137294697,0.0,0
2018-05-27 16:49:01.540,220.31,0.0921137294697,0.0,0
2018-05-27 16:49:01.633,219.82,0.0921137294697,0.0,0
2018-05-27 16:49:01.726,220.46,0.0921137294697,0.0,0
2018-05-27 16:49:01.819,221.1,0.0921137294697,0.0,0
2018-05-27 16:49:02.168,219.89,0.0921137294697,0.0,0
2018-05-27 16:49:02.438,221.59,0.0921137294697,0.0,0
2018-05-27 16:49:02.624,220.25,0.0921137294697,0.0,0
2018-05-27 16:49:02.717,221.42,0.0921137294697,0.0,0
2018-05-27 16:49:02.810,221.58,0.0921137294697,0.0,0
2018-05-27 16:49:03.061,221.35,0.0921137294697,0.0,0
2018-05-27 16:49:03.149,223.42,0.0921137294697,0.0,0
2018-05-27 16:49:03.234,222.29,0.0921137294697,0.0,0
2018-05-27 16:49:03.326,222.49,0.0921137294697,0.0,0
2018-05-27 16:49:03.419,224.2,0.0921137294697,0.0,0
2018-05-27 16:49:03.596,223.06,0.0921137294697,0.0,0
2018-05-27 16:49:03.783,224.61,0.0921137294697,0.0,0
2018-05-27 16:49:03.876,223.65,0.0921137294697,0.0,0
2018-05-27 16:49:04.038,223.85,0.0921137294697,0.0,0
2018-05-27 16:49:04.131,224.17,0.0921137294697,0.0,0
2018-05-27 16:49:04.308,224.66,0.0921137294697,0.0,0
2018-05-27 16:49:04.392,225.53,0.0921137294697,0.0,0
2018-05-27 16:49:04.578,225.02,0.0921137294697,0.0,0
2018-05-27 16:49:04.671,224.49,0.0921137294697,0.0,0
2018-05-27 16:49:04.857,225.02,0.0921137294697,0.0,0
2018-05-27 16:49:05.019,225.43,0.0921137294697,0.0,0
2018-05-27 16:49:05.112,226.71,0.0921137294697,0.0,0
2018-05-27 16:49:05.289,225.57,0.0921137294697,0.0,0
2018-05-27 16:49:05.373,226.54,0.0921137294697,0.0,0
2018-05-27 16:49:05.466,225.85,0.0921137294697,0.0,0
2018-05-27 16:49:05.559,226.56,0.0921137294697,0.0,0
2018-05-27 16:49:05.653,226.87,0.0921137294697,0.0,0
2018-05-27 16:49:05.746,226.38,0.0921137294697,0.0,0
2018-05-27 16:49:05.839,227.11,0.0921137294697,0.0,0
2018-05-27 16:49:06.001,227.72,0.0921137294697,0.0,0
2018-05-27 16:49:06.085,227.37,0.0921137294697,0.0,0
2018-05-27 16:49:06.183,226.98,0.0921137294697,0.0,0
2018-05-27 16:49:06.272,227.83,0.0921137294697,0.0,0
2018-05-27 16:49:06.448,228.12,0.0921137294697,0.0,0
2018-05-27 16:49:06.541,228.57,0.0921137294697,0.0,0
2018-05-27 16:49:06.718,229.69,0.0921137294697,0.0,0
2018-05-27 16:49:06.811,229.78,0.0921137294697,0.0,0
2018-05-27 16:49:07.062,229.05,0.0921137294697,0.0,0
2018-05-27 16:49:07.150,229.18,0.0921137294697,0.0,0
2018-05-27 16:49:07.234,229.96,0.0921137294697,0.0,0
2018-05-27 16:49:07.411,229.62,0.0921137294697,0.0,0
2018-05-27 16:49:07.504,229.69,0.0921137294697,0.0,0
2018-05-27 16:49:07.597,229.89,0.0921137294697,0.0,0
2018-05-27 16:49:07.690,229.8,0.0921137294697,0.0,0
2018-05-27 16:49:07.783,230.37,0.0921137294697,0.0,0
2018-05-27 16:49:07.877,230.76,0.0921137294697,0.0,0
2018-05-27 16:49:08.038,231.47,0.0921137294697,0.0,0
2018-05-27 16:49:08.225,231.79,0.0921137294697,0.0,0
2018-05-27 16:49:08.402,229.96,0.0921137294697,0.0,0
2018-05-27 16:49:08.681,230.57,0.0921137294697,0.0,0
2018-05-27 16:49:08.868,230.83,0.0921137294697,0.0,0
2018-05-27 16:49:09.030,230.77,0.0921137294697,0.0,0
2018-05-27 16:49:09.122,230.75,0.0921137294697,0.0,0
2018-05-27 16:49:09.216,230.8,0.0921137294697,0.0,0
2018-05-27 16:49:09.393,232.34,0.0921137294697,0.0,0
2018-05-27 16:49:09.486,232.23,0.0921137294697,0.0,0
2018-05-27 16:49:09.765,232.1,0.0921137294697,0.0,0
2018-05-27 16:49:09.858,232.25,0.0921137294697,0.0,0
2018-05-27 16:49:10.113,232.5,0.0921137294697,0.0,0
2018-05-27 16:49:10.300,232.27,0.0921137294697,0.0,0
2018-05-27 16:49:10.383,230.97,0.0921137294697,0.0,0
2018-05-27 16:49:10.570,231.07,0.0921137294697,0.0,0
2018-05-27 16:49:10.663,231.16,0.0921137294697,0.0,0
2018-05-27 16:49:10.756,231.26,0.0921137294697,0.0,0
2018-05-27 16:49:10.840,232.88,0.0921137294697,0.0,0
2018-05-27 16:49:11.095,233.56,0.0921137294697,0.0,0
2018-05-27 16:49:11.188,233.12,0.0921137294697,0.0,0
2018-05-27 16:49:11.272,231.81,0.0921137294697,0.0,0
2018-05-27 16:49:11.356,232.36,0.0921137294697,0.0,0
2018-05-27 16:49:11.449,231.57,0.0921137294697,0.0,0
2018-05-27 16:49:11.542,230.55,0.0921137294697,0.0,0
2018-05-27 16:49:11.635,229.39,0.0921137294697,0.0,0
2018-05-27 16:49:11.728,228.77,0.0921137294697,0.0,0
2018-05-27 16:49:11.915,225.7,0.0921137294697,0.0,0
2018-05-27 16:49:12.263,222.61,0.0921137294697,0.0,0
2018-05-27 16:49:12.626,219.52,0.0921137294697,0.0,0
2018-05-27 16:49:12.719,216.76,0.0921137294697,0.0,0
2018-05-27 16:49:13.063,216.81,0.0921137294697,0.0,0
2018-05-27 16:49:13.151,215.79,0.0921137294697,0.0,0
2018-05-27 16:49:13.328,214.89,0.0921137294697,0.0,0
2018-05-27 16:49:13.515,215.82,0.0921137294697,0.0,0
2018-05-27 16:49:13.701,214.44,0.0921137294697,0.0,0
2018-05-27 16:49:13.794,215.5,0.0921137294697,0.0,0
2018-05-27 16:49:13.878,215.45,0.0921137294697,0.0,0
2018-05-27 16:49:14.133,214.6,0.0921137294697,0.0,0
2018-05-27 16:49:14.226,215.28,0.0921137294697,0.0,0
2018-05-27 16:49:14.319,214.53,0.0921137294697,0.0,0
2018-05-27 16:49:14.403,214.63,0.0921137294697,0.0,0
2018-05-27 16:49:14.496,213.79,0.0921137294697,0.0,0
2018-05-27 16:49:14.683,214.34,0.0921137294697,0.0,0
2018-05-27 16:49:14.859,214.74,0.0921137294697,0.0,0
2018-05-27 16:49:15.114,215.03,0.0921137294697,0.0,0
2018-05-27 16:49:15.301,215.54,0.0921137294697,0.0,0
2018-05-27 16:49:15.384,214.81,0.0921137294697,0.0,0
2018-05-27 16:49:15.478,215.28,0.0921137294697,0.0,0
2018-05-27 16:49:15.571,214.77,0.0921137294697,0.0,0
2018-05-27 16:49:15.665,216.13,0.0921137294697,0.0,0
2018-05-27 16:49:15.748,214.69,0.0921137294697,0.0,0
2018-05-27 16:49:16.003,215.3,0.0921137294697,0.0,0
2018-05-27 16:49:16.096,215.3,0.0921137294697,0.0,0
2018-05-27 16:49:16.366,217.03,0.0921137294697,0.0,0
2018-05-27 16:49:16.459,215.86,0.0921137294697,0.0,0
2018-05-27 16:49:16.552,216.19,0.0921137294697,0.0,0
2018-05-27 16:49:16.636,216.57,0.0921137294697,0.0,0
2018-05-27 16:49:16.729,217.95,0.0921137294697,0.0,0
2018-05-27 16:49:16.916,217.69,0.0921137294697,0.0,0
2018-05-27 16:49:17.077,218.08,0.0921137294697,0.0,0
2018-05-27 16:49:17.171,218.07,0.0921137294697,0.0,0
2018-05-27 16:49:17.264,217.16,0.0921137294697,0.0,0
2018-05-27 16:49:17.437,219.62,0.0921137294697,0.0,0
2018-05-27 16:49:17.525,219.63,0.0921137294697,0.0,0
2018-05-27 16:49:17.609,219.64,0.0921137294697,0.0,0
2018-05-27 16:49:17.702,218.85,0.0921137294697,0.0,0
2018-05-27 16:49:17.795,217.87,0.0921137294697,0.0,0
2018-05-27 16:49:18.236,216.64,0.0921137294697,0.0,0
2018-05-27 16:49:18.320,216.7,0.0921137294697,0.0,0
2018-05-27 16:49:18.413,217.25,0.0921137294697,0.0,0
2018-05-27 16:49:18.506,218.86,0.0921137294697,0.0,0
2018-05-27 16:49:18.786,219.36,0.0921137294697,0.0,0
2018-05-27 16:49:18.879,218.89,0.0921137294697,0.0,0
2018-05-27 16:49:19.311,218.63,0.0921137294697,0.0,0
2018-05-27 16:49:19.488,218.74,0.0921137294697,0.0,0
2018-05-27 16:49:19.674,217.83,0.0921137294697,0.0,0
2018-05-27 16:49:19.759,217.8,0.0921137294697,0.0,0
2018-05-27 16:49:20.013,219.12,0.0921137294697,0.0,0
2018-05-27 16:49:20.097,217.12,0.0921137294697,0.0,0
2018-05-27 16:49:20.190,219.01,0.0921137294697,0.0,0
2018-05-27 16:49:20.283,218.07,0.0921137294697,0.0,0
2018-05-27 16:49:20.371,218.84,0.0921137294697,0.0,0
2018-05-27 16:49:20.451,217.82,0.0921137294697,0.0,0
2018-05-27 16:49:20.544,219.12,0.0921137294697,0.0,0
2018-05-27 16:49:20.637,217.48,0.0921137294697,0.0,0
2018-05-27 16:49:20.730,217.65,0.0921137294697,0.0,0
2018-05-27 16:49:20.916,219.01,0.0921137294697,0.0,0
2018-05-27 16:49:21.078,217.17,0.0921137294697,0.0,0
2018-05-27 16:49:21.171,217.56,0.0921137294697,0.0,0
2018-05-27 16:49:21.265,218.49,0.0921137294697,0.0,0
2018-05-27 16:49:21.358,217.53,0.0921137294697,0.0,0
2018-05-27 16:49:21.535,217.31,0.0921137294697,0.0,0
2018-05-27 16:49:21.628,218.26,0.0921137294697,0.0,0
2018-05-27 16:49:21.721,219.06,0.0921137294697,0.0,0
2018-05-27 16:49:21.814,217.46,0.0921137294697,0.0,0
2018-05-27 16:49:22.237,217.2,0.0921137294697,0.0,0
2018-05-27 16:49:22.330,218.06,0.0921137294697,0.0,0
2018-05-27 16:49:22.423,219.4,0.0921137294697,0.0,0
2018-05-27 16:49:22.516,218.29,0.0921137294697,0.0,0
2018-05-27 16:49:22.610,218.01,0.0921137294697,0.0,0
2018-05-27 16:49:22.703,218.19,0.0921137294697,0.0,0
2018-05-27 16:49:23.051,217.49,0.0921137294697,0.0,0
2018-05-27 16:49:23.144,219.22,0.0921137294697,0.0,0
2018-05-27 16:49:23.237,219.32,0.0921137294697,0.0,0
2018-05-27 16:49:23.321,220.13,0.0921137294697,0.0,0
2018-05-27 16:49:23.591,219.91,0.0921137294697,0.0,0
2018-05-27 16:49:23.684,219.38,0.0921137294697,0.0,0
2018-05-27 16:49:24.032,221.51,0.0921137294697,0.0,0
2018-05-27 16:49:24.126,219.92,0.0921137294697,0.0,0
2018-05-27 16:49:24.303,220.86,0.0921137294697,0.0,0
2018-05-27 16:49:24.386,222.69,0.0921137294697,0.0,0
2018-05-27 16:49:24.479,222.23,0.0921137294697,0.0,0
2018-05-27 16:49:24.563,223.31,0.0921137294697,0.0,0
2018-05-27 16:49:24.656,223.11,0.0921137294697,0.0,0
2018-05-27 16:49:24.750,222.33,0.0921137294697,0.0,0
2018-05-27 16:49:24.833,223.64,0.0921137294697,0.0,0
2018-05-27 16:49:25.452,223.59,0.0921137294697,0.0,0
2018-05-27 16:50:12.387,231.31,0.0921137294697,0.0,0
2018-05-27 16:50:12.657,232.08,0.0921137294697,0.0,0
2018-05-27 16:50:12.750,233.48,0.0921137294697,0.0,0
2018-05-27 16:50:13.005,232.42,0.0921137294697,0.0,0
2018-05-27 16:50:13.098,232.32,0.0921137294697,0.0,0
2018-05-27 16:50:13.378,232.9,0.0921137294697,0.0,0
2018-05-27 16:50:13.462,232.06,0.0921137294697,0.0,0
2018-05-27 16:50:13.648,230.85,0.0921137294697,0.0,0
2018-05-27 16:50:13.834,230.06,0.0921137294697,0.0,0
2018-05-27 16:50:13.928,229.19,0.0921137294697,0.0,0
2018-05-27 16:50:14.183,228.47,0.0921137294697,0.0,0
2018-05-27 16:50:14.360,226.37,0.0921137294697,0.0,0
2018-05-27 16:50:14.732,226.38,0.0921137294697,0.0,0
2018-05-27 16:50:14.919,224.87,0.0921137294697,0.0,0
2018-05-27 16:50:15.267,223.78,0.0921137294697,0.0,0
2018-05-27 16:50:15.351,223.97,0.0921137294697,0.0,0
2018-05-27 16:50:15.817,223.5,0.0921137294697,0.0,0
2018-05-27 16:50:16.239,222.7,0.0921137294697,0.0,0
2018-05-27 16:50:16.333,223.57,0.0921137294697,0.0,0
2018-05-27 16:50:16.426,224.05,0.0921137294697,0.0,0
2018-05-27 16:50:16.519,222.09,0.0921137294697,0.0,0
2018-05-27 16:50:16.612,222.71,0.0921137294697,0.0,0
2018-05-27 16:50:16.705,222.49,0.0921137294697,0.0,0
2018-05-27 16:50:16.892,223.26,0.0921137294697,0.0,0
2018-05-27 16:50:17.240,221.56,0.0921137294697,0.0,0
2018-05-27 16:50:17.333,222.66,0.0921137294697,0.0,0
2018-05-27 16:50:17.603,222.38,0.0921137294697,0.0,0
2018-05-27 16:50:17.696,222.05,0.0921137294697,0.0,0
2018-05-27 16:50:17.883,221.2,0.0921137294697,0.0,0
2018-05-27 16:50:18.044,222.58,0.0921137294697,0.0,0
2018-05-27 16:50:18.231,222.8,0.0921137294697,0.0,0
2018-05-27 16:50:18.324,221.94,0.0921137294697,0.0,0
2018-05-27 16:50:19.213,225.12,0.0921137294697,0.0,0
2018-05-27 16:50:19.306,225.43,0.0921137294697,0.0,0
2018-05-27 16:50:19.660,224.83,0.0921137294697,0.0,0
2018-05-27 16:50:19.754,224.53,0.0921137294697,0.0,0
2018-05-27 16:50:19.846,225.41,0.0921137294697,0.0,0
2018-05-27 16:50:20.101,225.56,0.0921137294697,0.0,0
2018-05-27 16:50:20.288,223.58,0.0921137294697,0.0,0
2018-05-27 16:50:20.371,224.17,0.0921137294697,0.0,0
2018-05-27 16:50:20.465,223.29,0.0921137294697,0.0,0
2018-05-27 16:50:20.828,221.6,0.0921137294697,0.0,0
2018-05-27 16:50:20.921,220.7,0.0921137294697,0.0,0
2018-05-27 16:50:21.083,222.73,0.0921137294697,0.0,0
2018-05-27 16:50:21.176,222.48,0.0921137294697,0.0,0
2018-05-27 16:50:21.269,221.29,0.0921137294697,0.0,0
2018-05-27 16:50:21.535,221.98,0.0921137294697,0.0,0
2018-05-27 16:50:21.623,221.42,0.0921137294697,0.0,0
2018-05-27 16:50:21.800,222.09,0.0921137294697,0.0,0
2018-05-27 16:50:21.894,220.44,0.0921137294697,0.0,0
2018-05-27 16:50:22.056,220.41,0.0921137294697,0.0,0
2018-05-27 16:50:22.149,220.52,0.0921137294697,0.0,0
2018-05-27 16:50:22.242,221.7,0.0921137294697,0.0,0
2018-05-27 16:50:22.419,221.58,0.0921137294697,0.0,0
2018-05-27 16:50:22.605,220.32,0.0921137294697,0.0,0
2018-05-27 16:50:22.698,220.52,0.0921137294697,0.0,0
2018-05-27 16:50:22.885,221.52,0.0921137294697,0.0,0
2018-05-27 16:50:23.140,220.9,0.0921137294697,0.0,0
2018-05-27 16:50:23.233,220.24,0.0921137294697,0.0,0
2018-05-27 16:50:23.326,220.99,0.0921137294697,0.0,0
2018-05-27 16:50:23.410,220.2,0.0921137294697,0.0,0
2018-05-27 16:50:23.503,221.09,0.0921137294697,0.0,0
2018-05-27 16:50:23.596,220.74,0.0921137294697,0.0,0
2018-05-27 16:50:23.690,220.16,0.0921137294697,0.0,0
2018-05-27 16:50:23.783,219.85,0.0921137294697,0.0,0
2018-05-27 16:50:24.038,221.26,0.0921137294697,0.0,0
2018-05-27 16:50:24.131,220.67,0.0921137294697,0.0,0
2018-05-27 16:50:24.224,221.73,0.0921137294697,0.0,0
2018-05-27 16:50:24.317,221.81,0.0921137294697,0.0,0
2018-05-27 16:50:24.401,221.5,0.0921137294697,0.0,0
2018-05-27 16:50:24.587,222.84,0.0921137294697,0.0,0
2018-05-27 16:50:24.774,223.33,0.0921137294697,0.0,0
2018-05-27 16:50:24.867,221.78,0.0921137294697,0.0,0
2018-05-27 16:50:25.029,223.26,0.0921137294697,0.0,0
2018-05-27 16:50:25.122,223.75,0.0921137294697,0.0,0
2018-05-27 16:50:25.215,224.85,0.0921137294697,0.0,0
2018-05-27 16:50:25.308,224.82,0.0921137294697,0.0,0
2018-05-27 16:50:25.392,224.35,0.0921137294697,0.0,0
2018-05-27 16:50:25.485,225.59,0.0921137294697,0.0,0
2018-05-27 16:50:25.579,225.6,0.0921137294697,0.0,0
2018-05-27 16:50:25.672,225.83,0.0921137294697,0.0,0
2018-05-27 16:50:25.765,224.46,0.0921137294697,0.0,0
2018-05-27 16:50:26.020,225.55,0.0921137294697,0.0,0
2018-05-27 16:50:26.113,224.32,0.0921137294697,0.0,0
2018-05-27 16:50:26.206,225.08,0.0921137294697,0.0,0
2018-05-27 16:50:26.299,226.53,0.0921137294697,0.0,0
2018-05-27 16:50:26.476,225.12,0.0921137294697,0.0,0
2018-05-27 16:50:26.569,226.09,0.0921137294697,0.0,0
2018-05-27 16:50:26.663,227.39,0.0921137294697,0.0,0
2018-05-27 16:50:26.756,227.34,0.0921137294697,0.0,0
2018-05-27 16:50:26.849,227.0,0.0921137294697,0.0,0
2018-05-27 16:50:27.104,226.32,0.0921137294697,0.0,0
2018-05-27 16:50:27.290,226.9,0.0921137294697,0.0,0
2018-05-27 16:50:27.374,227.73,0.0921137294697,0.0,0
2018-05-27 16:50:27.467,227.89,0.0921137294697,0.0,0
2018-05-27 16:50:27.560,227.68,0.0921137294697,0.0,0
2018-05-27 16:50:27.654,227.62,0.0921137294697,0.0,0
2018-05-27 16:50:27.747,227.44,0.0921137294697,0.0,0
2018-05-27 16:50:27.840,228.1,0.0921137294697,0.0,0
2018-05-27 16:50:28.002,228.72,0.0921137294697,0.0,0
2018-05-27 16:50:28.095,228.89,0.0921137294697,0.0,0
2018-05-27 16:50:28.188,228.75,0.0921137294697,0.0,0
2018-05-27 16:50:28.281,228.75,0.0921137294697,0.0,0
2018-05-27 16:50:28.458,229.95,0.0921137294697,0.0,0
2018-05-27 16:50:28.552,229.6,0.0921137294697,0.0,0
2018-05-27 16:50:28.645,229.41,0.0921137294697,0.0,0
2018-05-27 16:50:28.831,230.46,0.0921137294697,0.0,0
2018-05-27 16:50:28.924,230.55,0.0921137294697,0.0,0
2018-05-27 16:50:29.086,230.77,0.0921137294697,0.0,0
2018-05-27 16:50:29.273,230.33,0.0921137294697,0.0,0
2018-05-27 16:50:29.543,232.95,0.0921137294697,0.0,0
2018-05-27 16:50:29.724,232.12,0.0921137294697,0.0,0
2018-05-27 16:50:29.813,231.54,0.0921137294697,0.0,0
2018-05-27 16:50:29.900,232.64,0.0921137294697,0.0,0
2018-05-27 16:50:30.049,232.78,0.0921137294697,0.0,0
2018-05-27 16:50:30.152,232.04,0.0921137294697,0.0,0
2018-05-27 16:50:30.329,233.03,0.0921137294697,0.0,0
2018-05-27 16:50:30.422,232.93,0.0921137294697,0.0,0
2018-05-27 16:50:30.515,233.32,0.0921137294697,0.0,0
2018-05-27 16:50:30.608,233.91,0.0921137294697,0.0,0
2018-05-27 16:50:30.702,233.22,0.0921137294697,0.0,0
2018-05-27 16:50:30.795,233.68,0.0921137294697,0.0,0
2018-05-27 16:50:30.878,232.94,0.0921137294697,0.0,0
2018-05-27 16:50:31.040,232.68,0.0921137294697,0.0,0
2018-05-27 16:50:31.227,232.11,0.0921137294697,0.0,0
2018-05-27 16:50:31.320,232.28,0.0921137294697,0.0,0
2018-05-27 16:50:31.404,234.16,0.0921137294697,0.0,0
2018-05-27 16:50:32.106,232.6,0.0921137294697,0.0,0
2018-05-27 16:50:32.199,233.07,0.0921137294697,0.0,0
2018-05-27 16:50:32.292,233.76,0.0921137294697,0.0,0
2018-05-27 16:50:32.376,234.07,0.0921137294697,0.0,0
2018-05-27 16:50:32.469,232.69,0.0921137294697,0.0,0
2018-05-27 16:50:32.646,229.76,0.0921137294697,0.0,0
2018-05-27 16:50:32.740,229.18,0.0921137294697,0.0,0
2018-05-27 16:50:32.926,226.58,0.0921137294697,0.0,0
2018-05-27 16:50:33.544,221.37,0.0921137294697,0.0,0
2018-05-27 16:50:33.637,219.35,0.0921137294697,0.0,0
2018-05-27 16:50:33.731,218.96,0.0921137294697,0.0,0
2018-05-27 16:50:33.824,219.29,0.0921137294697,0.0,0
2018-05-27 16:50:34.247,215.19,0.0921137294697,0.0,0
2018-05-27 16:50:34.516,213.56,0.0921137294697,0.0,0
2018-05-27 16:50:34.609,214.87,0.0921137294697,0.0,0
2018-05-27 16:50:34.796,213.79,0.0921137294697,0.0,0
2018-05-27 16:50:34.889,215.43,0.0921137294697,0.0,0
2018-05-27 16:50:35.051,214.05,0.0921137294697,0.0,0
2018-05-27 16:50:35.237,213.95,0.0921137294697,0.0,0
2018-05-27 16:50:35.321,214.17,0.0921137294697,0.0,0
2018-05-27 16:50:35.405,215.06,0.0921137294697,0.0,0
2018-05-27 16:50:35.498,213.99,0.0921137294697,0.0,0
2018-05-27 16:50:35.591,213.89,0.0921137294697,0.0,0
2018-05-27 16:50:35.684,215.0,0.0921137294697,0.0,0
2018-05-27 16:50:35.871,214.06,0.0921137294697,0.0,0
2018-05-27 16:50:36.023,213.12,0.0921137294697,0.0,0
2018-05-27 16:50:36.116,215.35,0.0921137294697,0.0,0
2018-05-27 16:50:36.209,212.94,0.0921137294697,0.0,0
2018-05-27 16:50:36.302,214.22,0.0921137294697,0.0,0
2018-05-27 16:50:36.386,213.98,0.0921137294697,0.0,0
2018-05-27 16:50:36.463,215.26,0.0921137294697,0.0,0
2018-05-27 16:50:36.563,214.7,0.0921137294697,0.0,0
2018-05-27 16:50:36.656,215.9,0.0921137294697,0.0,0
2018-05-27 16:50:36.750,214.75,0.0921137294697,0.0,0
2018-05-27 16:50:36.843,215.92,0.0921137294697,0.0,0
2018-05-27 16:50:37.004,214.67,0.0921137294697,0.0,0
2018-05-27 16:50:37.097,214.7,0.0921137294697,0.0,0
2018-05-27 16:50:37.191,215.8,0.0921137294697,0.0,0
2018-05-27 16:50:37.284,214.49,0.0921137294697,0.0,0
2018-05-27 16:50:37.461,214.65,0.0921137294697,0.0,0
2018-05-27 16:50:37.554,215.76,0.0921137294697,0.0,0
2018-05-27 16:50:37.740,215.41,0.0921137294697,0.0,0
2018-05-27 16:50:37.833,216.41,0.0921137294697,0.0,0
2018-05-27 16:50:37.926,216.09,0.0921137294697,0.0,0
2018-05-27 16:50:38.088,216.05,0.0921137294697,0.0,0
2018-05-27 16:50:38.181,217.34,0.0921137294697,0.0,0
2018-05-27 16:50:38.275,217.9,0.0921137294697,0.0,0
2018-05-27 16:50:38.368,216.47,0.0921137294697,0.0,0
2018-05-27 16:50:38.452,217.19,0.0921137294697,0.0,0
2018-05-27 16:50:38.545,217.47,0.0921137294697,0.0,0
2018-05-27 16:50:38.638,218.76,0.0921137294697,0.0,0
2018-05-27 16:50:38.731,219.07,0.0921137294697,0.0,0
2018-05-27 16:50:38.917,217.83,0.0921137294697,0.0,0
2018-05-27 16:50:39.074,217.18,0.0921137294697,0.0,0
2018-05-27 16:50:39.163,217.67,0.0921137294697,0.0,0
2018-05-27 16:50:39.424,218.6,0.0921137294697,0.0,0
2018-05-27 16:50:39.703,217.41,0.0921137294697,0.0,0
2018-05-27 16:50:39.796,218.55,0.0921137294697,0.0,0
2018-05-27 16:50:40.051,220.75,0.0921137294697,0.0,0
2018-05-27 16:50:40.144,218.89,0.0921137294697,0.0,0
2018-05-27 16:50:40.498,218.64,0.0921137294697,0.0,0
2018-05-27 16:50:40.592,218.88,0.0921137294697,0.0,0
2018-05-27 16:50:40.685,220.5,0.0921137294697,0.0,0
2018-05-27 16:50:40.778,220.7,0.0921137294697,0.0,0
2018-05-27 16:50:40.871,219.09,0.0921137294697,0.0,0
2018-05-27 16:50:41.116,218.48,0.0921137294697,0.0,0
2018-05-27 16:50:41.294,217.69,0.0921137294697,0.0,0
2018-05-27 16:50:41.377,218.52,0.0921137294697,0.0,0
2018-05-27 16:50:41.470,217.85,0.0921137294697,0.0,0
2018-05-27 16:50:41.564,217.94,0.0921137294697,0.0,0
2018-05-27 16:50:41.657,219.05,0.0921137294697,0.0,0
2018-05-27 16:50:41.834,218.56,0.0921137294697,0.0,0
2018-05-27 16:50:41.927,217.15,0.0921137294697,0.0,0
2018-05-27 16:50:42.089,217.59,0.0921137294697,0.0,0
2018-05-27 16:50:42.182,218.97,0.0921137294697,0.0,0
2018-05-27 16:50:42.275,217.59,0.0921137294697,0.0,0
2018-05-27 16:50:42.359,218.42,0.0921137294697,0.0,0
2018-05-27 16:50:42.452,216.46,0.0921137294697,0.0,0
2018-05-27 16:50:42.545,215.95,0.0921137294697,0.0,0
2018-05-27 16:50:42.722,216.54,0.0921137294697,0.0,0
2018-05-27 16:50:42.806,216.62,0.0921137294697,0.0,0
2018-05-27 16:50:42.899,217.05,0.0921137294697,0.0,0
2018-05-27 16:50:43.154,216.38,0.0921137294697,0.0,0
2018-05-27 16:50:43.247,217.05,0.0921137294697,0.0,0
2018-05-27 16:50:43.610,216.28,0.0921137294697,0.0,0
2018-05-27 16:50:43.704,216.79,0.0921137294697,0.0,0
2018-05-27 16:50:43.797,217.87,0.0921137294697,0.0,0
2018-05-27 16:50:43.890,216.13,0.0921137294697,0.0,0
2018-05-27 16:50:44.135,216.75,0.0921137294697,0.0,0
2018-05-27 16:50:44.229,217.21,0.0921137294697,0.0,0
2018-05-27 16:50:44.322,218.34,0.0921137294697,0.0,0
2018-05-27 16:50:44.499,219.12,0.0921137294697,0.0,0
2018-05-27 16:50:44.592,217.91,0.0921137294697,0.0,0
2018-05-27 16:50:44.685,218.62,0.0921137294697,0.0,0
2018-05-27 16:50:44.778,219.39,0.0921137294697,0.0,0
2018-05-27 16:50:45.024,219.55,0.0921137294697,0.0,0
2018-05-27 16:50:45.201,220.59,0.0921137294697,0.0,0
2018-05-27 16:50:45.378,221.08,0.0921137294697,0.0,0
2018-05-27 16:50:45.741,220.72,0.0921137294697,0.0,0
2018-05-27 16:50:45.927,222.05,0.0921137294697,0.0,0
2018-05-27 16:50:46.089,222.48,0.0921137294697,0.0,0
2018-05-27 16:50:46.629,224.2,0.0921137294697,0.0,0
2018-05-27 16:50:47.154,223.5,0.0921137294697,0.0,0
2018-05-27 16:50:47.341,224.31,0.0921137294697,0.0,0
2018-05-27 16:50:47.424,223.66,0.0921137294697,0.0,0
2018-05-27 16:50:47.518,224.95,0.0921137294697,0.0,0
2018-05-27 16:50:47.611,224.47,0.0921137294697,0.0,0
2018-05-27 16:50:47.704,225.53,0.0921137294697,0.0,0
2018-05-27 16:50:48.052,224.68,0.0921137294697,0.0,0
2018-05-27 16:50:48.238,225.37,0.0921137294697,0.0,0
2018-05-27 16:50:48.331,224.82,0.0921137294697,0.0,0
2018-05-27 16:50:48.425,225.61,0.0921137294697,0.0,0
2018-05-27 16:50:48.508,224.92,0.0921137294697,0.0,0
2018-05-27 16:50:48.601,225.74,0.0921137294697,0.0,0
2018-05-27 16:50:48.695,225.6,0.0921137294697,0.0,0
2018-05-27 16:50:49.024,227.42,0.0921137294697,0.0,0
2018-05-27 16:50:49.211,227.68,0.0921137294697,0.0,0
2018-05-27 16:50:49.471,225.96,0.0921137294697,0.0,0
2018-05-27 16:50:49.564,227.25,0.0921137294697,0.0,0
2018-05-27 16:50:50.639,228.18,0.0921137294697,0.0,0
2018-05-27 16:50:51.425,230.0,0.0921137294697,0.0,0
2018-05-27 16:50:51.695,230.78,0.0921137294697,0.0,0
2018-05-27 16:50:51.788,230.78,0.0921137294697,0.0,0
2018-05-27 16:50:52.229,232.21,0.0921137294697,0.0,0
2018-05-27 16:50:53.211,233.01,0.0921137294697,0.0,0
2018-05-27 16:50:53.304,232.9,0.0921137294697,0.0,0
2018-05-27 16:50:53.481,233.42,0.0921137294697,0.0,0
2018-05-27 16:50:53.574,233.22,0.0921137294697,0.0,0
2018-05-27 16:50:53.667,233.03,0.0921137294697,0.0,0
2018-05-27 16:50:54.015,232.27,0.0921137294697,0.0,0
2018-05-27 16:50:54.201,232.27,0.0921137294697,0.0,0
2018-05-27 16:50:54.295,231.96,0.0921137294697,0.0,0
2018-05-27 16:50:54.388,231.6,0.0921137294697,0.0,0
2018-05-27 16:50:54.658,228.66,0.0921137294697,0.0,0
2018-05-27 16:50:54.751,227.47,0.0921137294697,0.0,0
2018-05-27 16:50:55.379,224.15,0.0921137294697,0.0,0
2018-05-27 16:50:55.462,223.99,0.0921137294697,0.0,0
2018-05-27 16:50:55.742,223.12,0.0921137294697,0.0,0
2018-05-27 16:50:56.276,222.56,0.0921137294697,0.0,0
2018-05-27 16:50:56.546,222.18,0.0921137294697,0.0,0
2018-05-27 16:50:56.639,222.79,0.0921137294697,0.0,0
2018-05-27 16:50:56.733,223.42,0.0921137294697,0.0,0
2018-05-27 16:50:56.826,223.53,0.0921137294697,0.0,0
2018-05-27 16:50:57.165,222.26,0.0921137294697,0.0,0
2018-05-27 16:50:57.249,223.2,0.0921137294697,0.0,0
2018-05-27 16:50:57.341,222.29,0.0921137294697,0.0,0
2018-05-27 16:50:57.612,222.27,0.0921137294697,0.0,0
2018-05-27 16:50:57.705,221.53,0.0921137294697,0.0,0
2018-05-27 16:50:57.798,220.74,0.0921137294697,0.0,0
2018-05-27 16:50:57.882,220.93,0.0921137294697,0.0,0
2018-05-27 16:50:58.137,221.29,0.0921137294697,0.0,0
2018-05-27 16:50:58.397,221.51,0.0921137294697,0.0,0
2018-05-27 16:50:58.491,221.98,0.0921137294697,0.0,0
2018-05-27 16:50:58.574,222.18,0.0921137294697,0.0,0
2018-05-27 16:50:59.006,222.66,0.0921137294697,0.0,0
2018-05-27 16:50:59.099,223.03,0.0921137294697,0.0,0
2018-05-27 16:50:59.286,224.2,0.0921137294697,0.0,0
2018-05-27 16:50:59.379,225.28,0.0921137294697,0.0,0
2018-05-27 16:50:59.565,223.88,0.0921137294697,0.0,0
2018-05-27 16:50:59.658,224.25,0.0921137294697,0.0,0
2018-05-27 16:50:59.751,224.95,0.0921137294697,0.0,0
2018-05-27 16:50:59.845,226.01,0.0921137294697,0.0,0
2018-05-27 16:51:00.183,224.8,0.0921137294697,0.0,0
2018-05-27 16:51:00.453,224.64,0.0921137294697,0.0,0
2018-05-27 16:51:00.827,226.31,0.0921137294697,0.0,0
2018-05-27 16:51:00.910,224.83,0.0921137294697,0.0,0
2018-05-27 16:51:01.062,223.86,0.0921137294697,0.0,0
2018-05-27 16:51:01.519,222.85,0.0921137294697,0.0,0
2018-05-27 16:51:01.612,223.15,0.0921137294697,0.0,0
2018-05-27 16:51:01.789,222.33,0.0921137294697,0.0,0
2018-05-27 16:51:01.882,221.85,0.0921137294697,0.0,0
2018-05-27 16:51:02.137,220.89,0.0921137294697,0.0,0
2018-05-27 16:51:02.230,220.99,0.0921137294697,0.0,0
2018-05-27 16:51:02.323,221.83,0.0921137294697,0.0,0
2018-05-27 16:51:02.510,220.06,0.0921137294697,0.0,0
2018-05-27 16:51:02.687,220.59,0.0921137294697,0.0,0
2018-05-27 16:51:02.780,219.93,0.0921137294697,0.0,0
2018-05-27 16:51:02.873,221.22,0.0921137294697,0.0,0
2018-05-27 16:51:03.128,219.72,0.0921137294697,0.0,0
2018-05-27 16:51:03.221,220.4,0.0921137294697,0.0,0
2018-05-27 16:51:03.314,220.28,0.0921137294697,0.0,0
2018-05-27 16:51:03.407,221.69,0.0921137294697,0.0,0
2018-05-27 16:51:03.491,220.47,0.0921137294697,0.0,0
2018-05-27 16:51:03.575,219.77,0.0921137294697,0.0,0
2018-05-27 16:51:03.668,220.11,0.0921137294697,0.0,0
2018-05-27 16:51:03.854,221.55,0.0921137294697,0.0,0
2018-05-27 16:51:04.016,219.1,0.0921137294697,0.0,0
2018-05-27 16:51:04.109,219.7,0.0921137294697,0.0,0
2018-05-27 16:51:04.195,219.76,0.0921137294697,0.0,0
2018-05-27 16:51:04.379,221.35,0.0921137294697,0.0,0
2018-05-27 16:51:04.743,221.24,0.0921137294697,0.0,0
2018-05-27 16:51:04.836,220.64,0.0921137294697,0.0,0
2018-05-27 16:51:05.081,221.78,0.0921137294697,0.0,0
2018-05-27 16:51:05.175,222.16,0.0921137294697,0.0,0
2018-05-27 16:51:05.268,221.98,0.0921137294697,0.0,0
2018-05-27 16:51:05.356,221.88,0.0921137294697,0.0,0
2018-05-27 16:51:05.445,221.76,0.0921137294697,0.0,0
2018-05-27 16:51:05.528,222.27,0.0921137294697,0.0,0
2018-05-27 16:51:05.622,222.51,0.0921137294697,0.0,0
2018-05-27 16:51:05.715,222.68,0.0921137294697,0.0,0
2018-05-27 16:51:05.800,222.86,0.0921137294697,0.0,0
2018-05-27 16:51:06.053,223.18,0.0921137294697,0.0,0
2018-05-27 16:51:06.147,224.93,0.0921137294697,0.0,0
2018-05-27 16:51:06.240,225.5,0.0921137294697,0.0,0
2018-05-27 16:51:06.333,225.04,0.0921137294697,0.0,0
2018-05-27 16:51:06.426,224.99,0.0921137294697,0.0,0
2018-05-27 16:51:06.613,225.31,0.0921137294697,0.0,0
2018-05-27 16:51:06.706,224.77,0.0921137294697,0.0,0
2018-05-27 16:51:06.789,225.31,0.0921137294697,0.0,0
2018-05-27 16:51:06.882,225.07,0.0921137294697,0.0,0
2018-05-27 16:51:07.044,225.84,0.0921137294697,0.0,0
2018-05-27 16:51:07.137,225.41,0.0921137294697,0.0,0
2018-05-27 16:51:07.230,226.45,0.0921137294697,0.0,0
2018-05-27 16:51:07.324,227.2,0.0921137294697,0.0,0
2018-05-27 16:51:07.501,227.05,0.0921137294697,0.0,0
2018-05-27 16:51:07.595,226.3,0.0921137294697,0.0,0
2018-05-27 16:51:07.678,227.48,0.0921137294697,0.0,0
2018-05-27 16:51:07.771,226.42,0.0921137294697,0.0,0
2018-05-27 16:51:07.864,226.43,0.0921137294697,0.0,0
2018-05-27 16:51:08.026,227.43,0.0921137294697,0.0,0
2018-05-27 16:51:08.203,228.69,0.0921137294697,0.0,0
2018-05-27 16:51:08.296,229.81,0.0921137294697,0.0,0
2018-05-27 16:51:08.381,228.76,0.0921137294697,0.0,0
2018-05-27 16:51:08.473,228.39,0.0921137294697,0.0,0
2018-05-27 16:51:08.659,230.21,0.0921137294697,0.0,0
2018-05-27 16:51:08.752,230.34,0.0921137294697,0.0,0
2018-05-27 16:51:08.845,230.23,0.0921137294697,0.0,0
2018-05-27 16:51:09.007,230.75,0.0921137294697,0.0,0
2018-05-27 16:51:09.100,230.99,0.0921137294697,0.0,0
2018-05-27 16:51:09.193,230.93,0.0921137294697,0.0,0
2018-05-27 16:51:09.286,230.66,0.0921137294697,0.0,0
2018-05-27 16:51:09.370,229.86,0.0921137294697,0.0,0
2018-05-27 16:51:09.463,229.9,0.0921137294697,0.0,0
2018-05-27 16:51:09.557,230.09,0.0921137294697,0.0,0
2018-05-27 16:51:09.836,231.19,0.0921137294697,0.0,0
2018-05-27 16:51:09.929,231.28,0.0921137294697,0.0,0
2018-05-27 16:51:10.091,231.55,0.0921137294697,0.0,0
2018-05-27 16:51:10.184,231.16,0.0921137294697,0.0,0
2018-05-27 16:51:10.277,231.15,0.0921137294697,0.0,0
2018-05-27 16:51:10.361,233.24,0.0921137294697,0.0,0
2018-05-27 16:51:10.454,233.07,0.0921137294697,0.0,0
2018-05-27 16:51:10.547,233.07,0.0921137294697,0.0,0
2018-05-27 16:51:10.827,233.73,0.0921137294697,0.0,0
2018-05-27 16:51:10.920,233.88,0.0921137294697,0.0,0
2018-05-27 16:51:11.077,232.85,0.0921137294697,0.0,0
2018-05-27 16:51:11.166,233.85,0.0921137294697,0.0,0
2018-05-27 16:51:11.249,233.92,0.0921137294697,0.0,0
2018-05-27 16:51:11.334,233.71,0.0921137294697,0.0,0
2018-05-27 16:51:11.613,234.54,0.0921137294697,0.0,0
2018-05-27 16:51:11.706,235.36,0.0921137294697,0.0,0
2018-05-27 16:51:11.799,235.26,0.0921137294697,0.0,0
2018-05-27 16:51:11.883,233.5,0.0921137294697,0.0,0
2018-05-27 16:51:12.044,233.91,0.0921137294697,0.0,0
2018-05-27 16:51:12.231,234.59,0.0921137294697,0.0,0
2018-05-27 16:51:12.324,235.92,0.0921137294697,0.0,0
2018-05-27 16:51:12.417,235.46,0.0921137294697,0.0,0
2018-05-27 16:51:12.510,235.79,0.0921137294697,0.0,0
2018-05-27 16:51:12.687,234.7,0.0921137294697,0.0,0
2018-05-27 16:51:12.780,233.9,0.0921137294697,0.0,0
2018-05-27 16:51:13.128,231.94,0.0921137294697,0.0,0
2018-05-27 16:51:13.221,231.01,0.0921137294697,0.0,0
2018-05-27 16:51:13.315,229.95,0.0921137294697,0.0,0
2018-05-27 16:51:13.491,228.13,0.0921137294697,0.0,0
2018-05-27 16:51:13.585,228.22,0.0921137294697,0.0,0
2018-05-27 16:51:13.668,225.5,0.0921137294697,0.0,0
2018-05-27 16:51:13.855,223.5,0.0921137294697,0.0,0
2018-05-27 16:51:14.016,223.25,0.0921137294697,0.0,0
2018-05-27 16:51:14.203,220.15,0.0921137294697,0.0,0
2018-05-27 16:51:14.473,217.71,0.0921137294697,0.0,0
2018-05-27 16:51:14.557,216.21,0.0921137294697,0.0,0
2018-05-27 16:51:14.650,216.21,0.0921137294697,0.0,0
2018-05-27 16:51:14.743,216.21,0.0921137294697,0.0,0
2018-05-27 16:51:15.091,215.27,0.0921137294697,0.0,0
2018-05-27 16:51:15.184,214.56,0.0921137294697,0.0,0
2018-05-27 16:51:15.277,215.15,0.0921137294697,0.0,0
2018-05-27 16:51:15.454,215.32,0.0921137294697,0.0,0
2018-05-27 16:51:15.640,214.59,0.0921137294697,0.0,0
2018-05-27 16:51:15.734,214.59,0.0921137294697,0.0,0
2018-05-27 16:51:15.827,213.97,0.0921137294697,0.0,0
2018-05-27 16:51:15.920,215.2,0.0921137294697,0.0,0
2018-05-27 16:51:16.077,214.19,0.0921137294697,0.0,0
2018-05-27 16:51:16.166,214.98,0.0921137294697,0.0,0
2018-05-27 16:51:16.334,213.92,0.0921137294697,0.0,0
2018-05-27 16:51:16.519,213.39,0.0921137294697,0.0,0
2018-05-27 16:51:16.613,215.25,0.0921137294697,0.0,0
2018-05-27 16:51:16.706,213.95,0.0921137294697,0.0,0
2018-05-27 16:51:16.799,212.95,0.0921137294697,0.0,0
2018-05-27 16:51:16.892,214.77,0.0921137294697,0.0,0
2018-05-27 16:51:17.054,212.96,0.0921137294697,0.0,0
2018-05-27 16:51:17.139,214.44,0.0921137294697,0.0,0
2018-05-27 16:51:17.240,214.74,0.0921137294697,0.0,0
2018-05-27 16:51:17.333,213.46,0.0921137294697,0.0,0
2018-05-27 16:51:17.603,214.68,0.0921137294697,0.0,0
2018-05-27 16:51:17.697,213.7,0.0921137294697,0.0,0
2018-05-27 16:51:17.780,212.42,0.0921137294697,0.0,0
2018-05-27 16:51:17.873,213.59,0.0921137294697,0.0,0
2018-05-27 16:51:18.035,213.84,0.0921137294697,0.0,0
2018-05-27 16:51:18.119,214.37,0.0921137294697,0.0,0
2018-05-27 16:51:18.305,214.08,0.0921137294697,0.0,0
2018-05-27 16:51:18.380,215.59,0.0921137294697,0.0,0
2018-05-27 16:51:18.473,213.65,0.0921137294697,0.0,0
2018-05-27 16:51:18.659,215.82,0.0921137294697,0.0,0
2018-05-27 16:51:18.845,215.77,0.0921137294697,0.0,0
2018-05-27 16:51:19.184,216.69,0.0921137294697,0.0,0
2018-05-27 16:51:19.277,217.18,0.0921137294697,0.0,0
2018-05-27 16:51:19.361,216.94,0.0921137294697,0.0,0
2018-05-27 16:51:19.454,217.11,0.0921137294697,0.0,0
2018-05-27 16:51:19.547,218.81,0.0921137294697,0.0,0
2018-05-27 16:51:19.640,218.29,0.0921137294697,0.0,0
2018-05-27 16:51:19.734,217.93,0.0921137294697,0.0,0
2018-05-27 16:51:19.818,218.85,0.0921137294697,0.0,0
2018-05-27 16:51:19.901,219.37,0.0921137294697,0.0,0
2018-05-27 16:51:20.063,218.01,0.0921137294697,0.0,0
2018-05-27 16:51:20.333,218.28,0.0921137294697,0.0,0
2018-05-27 16:51:20.603,219.29,0.0921137294697,0.0,0
2018-05-27 16:51:20.696,218.55,0.0921137294697,0.0,0
2018-05-27 16:51:20.883,217.69,0.0921137294697,0.0,0
2018-05-27 16:51:21.044,218.8,0.0921137294697,0.0,0
2018-05-27 16:51:21.138,217.31,0.0921137294697,0.0,0
2018-05-27 16:51:21.492,217.27,0.0921137294697,0.0,0
2018-05-27 16:51:21.678,218.03,0.0921137294697,0.0,0
2018-05-27 16:51:21.864,216.61,0.0921137294697,0.0,0
2018-05-27 16:51:22.017,216.49,0.0921137294697,0.0,0
2018-05-27 16:51:22.110,217.45,0.0921137294697,0.0,0
2018-05-27 16:51:22.203,216.74,0.0921137294697,0.0,0
2018-05-27 16:51:22.296,216.95,0.0921137294697,0.0,0
2018-05-27 16:51:22.380,215.9,0.0921137294697,0.0,0
2018-05-27 16:51:22.473,215.62,0.0921137294697,0.0,0
2018-05-27 16:51:22.566,216.9,0.0921137294697,0.0,0
2018-05-27 16:51:22.659,215.45,0.0921137294697,0.0,0
2018-05-27 16:51:22.752,215.29,0.0921137294697,0.0,0
2018-05-27 16:51:23.007,215.74,0.0921137294697,0.0,0
2018-05-27 16:51:23.370,217.32,0.0921137294697,0.0,0
2018-05-27 16:51:23.650,217.72,0.0921137294697,0.0,0
2018-05-27 16:51:23.743,216.11,0.0921137294697,0.0,0
2018-05-27 16:51:23.836,215.95,0.0921137294697,0.0,0
2018-05-27 16:51:24.091,216.01,0.0921137294697,0.0,0
2018-05-27 16:51:24.184,216.4,0.0921137294697,0.0,0
2018-05-27 16:51:24.277,217.52,0.0921137294697,0.0,0
2018-05-27 16:51:24.361,216.5,0.0921137294697,0.0,0
2018-05-27 16:51:24.454,217.94,0.0921137294697,0.0,0
2018-05-27 16:51:24.547,216.43,0.0921137294697,0.0,0
2018-05-27 16:51:24.641,216.21,0.0921137294697,0.0,0
2018-05-27 16:51:24.734,217.83,0.0921137294697,0.0,0
2018-05-27 16:51:24.920,217.38,0.0921137294697,0.0,0
2018-05-27 16:51:25.156,217.89,0.0921137294697,0.0,0
2018-05-27 16:51:25.249,217.28,0.0921137294697,0.0,0
2018-05-27 16:51:25.426,217.65,0.0921137294697,0.0,0
2018-05-27 16:51:25.520,218.0,0.0921137294697,0.0,0
2018-05-27 16:51:25.613,219.41,0.0921137294697,0.0,0
2018-05-27 16:51:25.706,218.39,0.0921137294697,0.0,0
2018-05-27 16:51:25.892,219.49,0.0921137294697,0.0,0
2018-05-27 16:51:26.054,220.39,0.0921137294697,0.0,0
2018-05-27 16:51:26.138,219.49,0.0921137294697,0.0,0
2018-05-27 16:51:26.231,221.26,0.0921137294697,0.0,0
2018-05-27 16:51:26.501,221.3,0.0921137294697,0.0,0
2018-05-27 16:51:26.678,222.28,0.0921137294697,0.0,0
2018-05-27 16:51:26.772,221.34,0.0921137294697,0.0,0
2018-05-27 16:51:27.482,223.26,0.0921137294697,0.0,0
2018-05-27 16:51:27.762,223.85,0.0921137294697,0.0,0
2018-05-27 16:51:27.846,223.1,0.0921137294697,0.0,0
2018-05-27 16:51:28.007,224.19,0.0921137294697,0.0,0
2018-05-27 16:51:28.194,225.53,0.0921137294697,0.0,0
2018-05-27 16:51:28.287,225.24,0.0921137294697,0.0,0
2018-05-27 16:51:28.371,224.3,0.0921137294697,0.0,0
2018-05-27 16:51:29.077,225.8,0.0921137294697,0.0,0
2018-05-27 16:51:29.249,225.9,0.0921137294697,0.0,0
2018-05-27 16:51:29.427,227.17,0.0921137294697,0.0,0
2018-05-27 16:51:29.510,226.32,0.0921137294697,0.0,0
2018-05-27 16:51:29.603,226.42,0.0921137294697,0.0,0
2018-05-27 16:51:29.883,227.45,0.0921137294697,0.0,0
2018-05-27 16:51:30.231,226.53,0.0921137294697,0.0,0
2018-05-27 16:51:30.325,226.75,0.0921137294697,0.0,0
2018-05-27 16:51:30.594,227.98,0.0921137294697,0.0,0
2018-05-27 16:51:30.678,227.79,0.0921137294697,0.0,0
2018-05-27 16:51:30.864,228.85,0.0921137294697,0.0,0
2018-05-27 16:51:31.026,228.91,0.0921137294697,0.0,0
2018-05-27 16:51:31.119,229.44,0.0921137294697,0.0,0
2018-05-27 16:51:31.380,228.46,0.0921137294697,0.0,0
2018-05-27 16:51:31.566,227.8,0.0921137294697,0.0,0
2018-05-27 16:51:32.091,229.26,0.0921137294697,0.0,0
2018-05-27 16:51:32.361,229.62,0.0921137294697,0.0,0
2018-05-27 16:51:32.548,229.83,0.0921137294697,0.0,0
2018-05-27 16:51:32.808,231.37,0.0921137294697,0.0,0
2018-05-27 16:51:32.901,230.86,0.0921137294697,0.0,0
2018-05-27 16:51:33.063,230.71,0.0921137294697,0.0,0
2018-05-27 16:51:33.156,230.58,0.0921137294697,0.0,0
2018-05-27 16:51:33.427,230.52,0.0921137294697,0.0,0
2018-05-27 16:51:33.603,232.17,0.0921137294697,0.0,0
2018-05-27 16:51:33.697,231.73,0.0921137294697,0.0,0
2018-05-27 16:51:33.790,231.69,0.0921137294697,0.0,0
2018-05-27 16:51:33.883,232.06,0.0921137294697,0.0,0
2018-05-27 16:51:34.045,232.71,0.0921137294697,0.0,0
2018-05-27 16:51:34.231,232.96,0.0921137294697,0.0,0
2018-05-27 16:51:34.585,232.28,0.0921137294697,0.0,0
2018-05-27 16:51:34.771,231.13,0.0921137294697,0.0,0
2018-05-27 16:51:35.119,228.59,0.0921137294697,0.0,0
2018-05-27 16:51:35.306,226.33,0.0921137294697,0.0,0
2018-05-27 16:51:35.669,223.95,0.0921137294697,0.0,0
2018-05-27 16:51:36.203,220.59,0.0921137294697,0.0,0
2018-05-27 16:51:36.566,218.45,0.0921137294697,0.0,0
2018-05-27 16:51:36.846,217.93,0.0921137294697,0.0,0
2018-05-27 16:51:37.101,219.35,0.0921137294697,0.0,0
2018-05-27 16:51:37.278,218.38,0.0921137294697,0.0,0
2018-05-27 16:51:37.557,218.94,0.0921137294697,0.0,0
2018-05-27 16:51:37.743,217.2,0.0921137294697,0.0,0
2018-05-27 16:51:38.184,218.08,0.0921137294697,0.0,0
2018-05-27 16:51:38.361,219.09,0.0921137294697,0.0,0
2018-05-27 16:51:38.548,217.89,0.0921137294697,0.0,0
2018-05-27 16:51:38.734,218.67,0.0921137294697,0.0,0
2018-05-27 16:51:39.427,218.9,0.0921137294697,0.0,0
2018-05-27 16:51:39.706,220.95,0.0921137294697,0.0,0
2018-05-27 16:51:40.231,221.09,0.0921137294697,0.0,0
2018-05-27 16:51:40.408,221.33,0.0921137294697,0.0,0
2018-05-27 16:51:40.501,222.27,0.0921137294697,0.0,0
2018-05-27 16:51:40.678,221.87,0.0921137294697,0.0,0
2018-05-27 16:51:40.855,222.28,0.0921137294697,0.0,0
2018-05-27 16:51:41.017,222.88,0.0921137294697,0.0,0
2018-05-27 16:51:41.110,223.63,0.0921137294697,0.0,0
2018-05-27 16:51:41.203,223.01,0.0921137294697,0.0,0
2018-05-27 16:51:41.296,222.12,0.0921137294697,0.0,0
2018-05-27 16:51:41.474,224.15,0.0921137294697,0.0,0
2018-05-27 16:51:41.567,222.31,0.0921137294697,0.0,0
2018-05-27 16:51:41.744,224.86,0.0921137294697,0.0,0
2018-05-27 16:51:41.930,223.05,0.0921137294697,0.0,0
2018-05-27 16:51:42.186,223.59,0.0921137294697,0.0,0
2018-05-27 16:51:42.278,223.05,0.0921137294697,0.0,0
2018-05-27 16:51:42.539,221.29,0.0921137294697,0.0,0
2018-05-27 16:51:42.623,221.24,0.0921137294697,0.0,0
2018-05-27 16:51:42.809,222.56,0.0921137294697,0.0,0
2018-05-27 16:51:42.902,222.63,0.0921137294697,0.0,0
2018-05-27 16:51:43.064,223.05,0.0921137294697,0.0,0
2018-05-27 16:51:43.157,221.55,0.0921137294697,0.0,0
2018-05-27 16:51:43.251,221.69,0.0921137294697,0.0,0
2018-05-27 16:51:43.334,221.53,0.0921137294697,0.0,0
2018-05-27 16:51:43.427,221.18,0.0921137294697,0.0,0
2018-05-27 16:51:43.614,222.37,0.0921137294697,0.0,0
2018-05-27 16:51:43.800,220.37,0.0921137294697,0.0,0
2018-05-27 16:51:44.055,220.6,0.0921137294697,0.0,0
2018-05-27 16:51:44.241,221.28,0.0921137294697,0.0,0
2018-05-27 16:51:44.325,221.91,0.0921137294697,0.0,0
2018-05-27 16:51:44.409,220.19,0.0921137294697,0.0,0
2018-05-27 16:51:44.502,221.84,0.0921137294697,0.0,0
2018-05-27 16:51:44.586,220.99,0.0921137294697,0.0,0
2018-05-27 16:51:44.679,220.76,0.0921137294697,0.0,0
2018-05-27 16:51:44.772,222.0,0.0921137294697,0.0,0
2018-05-27 16:51:44.865,220.7,0.0921137294697,0.0,0
2018-05-27 16:51:45.018,221.71,0.0921137294697,0.0,0
2018-05-27 16:51:45.111,220.69,0.0921137294697,0.0,0
2018-05-27 16:51:45.204,220.42,0.0921137294697,0.0,0
2018-05-27 16:51:45.297,220.15,0.0921137294697,0.0,0
2018-05-27 16:51:45.382,221.1,0.0921137294697,0.0,0
2018-05-27 16:51:45.474,221.06,0.0921137294697,0.0,0
2018-05-27 16:51:45.567,221.16,0.0921137294697,0.0,0
2018-05-27 16:51:45.660,222.71,0.0921137294697,0.0,0
2018-05-27 16:51:45.754,222.43,0.0921137294697,0.0,0
2018-05-27 16:51:45.837,223.36,0.0921137294697,0.0,0
2018-05-27 16:51:45.931,223.29,0.0921137294697,0.0,0
2018-05-27 16:51:46.092,222.22,0.0921137294697,0.0,0
2018-05-27 16:51:46.186,222.38,0.0921137294697,0.0,0
2018-05-27 16:51:46.279,222.1,0.0921137294697,0.0,0
2018-05-27 16:51:46.456,223.31,0.0921137294697,0.0,0
2018-05-27 16:51:46.549,223.7,0.0921137294697,0.0,0
2018-05-27 16:51:46.642,224.01,0.0921137294697,0.0,0
2018-05-27 16:51:46.819,223.75,0.0921137294697,0.0,0
2018-05-27 16:51:46.903,224.9,0.0921137294697,0.0,0
2018-05-27 16:51:47.065,223.97,0.0921137294697,0.0,0
2018-05-27 16:51:47.158,224.87,0.0921137294697,0.0,0
2018-05-27 16:51:47.251,224.65,0.0921137294697,0.0,0
2018-05-27 16:51:47.336,224.69,0.0921137294697,0.0,0
2018-05-27 16:51:47.428,225.12,0.0921137294697,0.0,0
2018-05-27 16:51:47.521,224.82,0.0921137294697,0.0,0
2018-05-27 16:51:47.614,225.07,0.0921137294697,0.0,0
2018-05-27 16:51:47.698,224.64,0.0921137294697,0.0,0
2018-05-27 16:51:47.791,224.66,0.0921137294697,0.0,0
2018-05-27 16:51:48.046,226.02,0.0921137294697,0.0,0
2018-05-27 16:51:48.139,226.07,0.0921137294697,0.0,0
2018-05-27 16:51:48.232,227.63,0.0921137294697,0.0,0
2018-05-27 16:51:48.326,227.85,0.0921137294697,0.0,0
2018-05-27 16:51:48.512,227.48,0.0921137294697,0.0,0
2018-05-27 16:51:48.689,228.49,0.0921137294697,0.0,0
2018-05-27 16:51:48.773,227.03,0.0921137294697,0.0,0
2018-05-27 16:51:48.867,227.87,0.0921137294697,0.0,0
2018-05-27 16:51:49.028,227.43,0.0921137294697,0.0,0
2018-05-27 16:51:49.121,228.15,0.0921137294697,0.0,0
2018-05-27 16:51:49.205,228.45,0.0921137294697,0.0,0
2018-05-27 16:51:49.307,228.49,0.0921137294697,0.0,0
2018-05-27 16:51:49.391,228.72,0.0921137294697,0.0,0
2018-05-27 16:51:49.484,227.95,0.0921137294697,0.0,0
2018-05-27 16:51:49.577,228.63,0.0921137294697,0.0,0
2018-05-27 16:51:49.670,228.94,0.0921137294697,0.0,0
2018-05-27 16:51:49.764,228.69,0.0921137294697,0.0,0
2018-05-27 16:51:49.857,228.95,0.0921137294697,0.0,0
2018-05-27 16:51:50.019,229.47,0.0921137294697,0.0,0
2018-05-27 16:51:50.112,229.75,0.0921137294697,0.0,0
2018-05-27 16:51:50.205,229.99,0.0921137294697,0.0,0
2018-05-27 16:51:50.289,230.26,0.0921137294697,0.0,0
2018-05-27 16:51:50.382,230.28,0.0921137294697,0.0,0
2018-05-27 16:51:50.475,229.66,0.0921137294697,0.0,0
2018-05-27 16:51:50.568,230.31,0.0921137294697,0.0,0
2018-05-27 16:51:50.661,230.45,0.0921137294697,0.0,0
2018-05-27 16:51:50.754,230.65,0.0921137294697,0.0,0
2018-05-27 16:51:51.010,230.27,0.0921137294697,0.0,0
2018-05-27 16:51:51.186,232.85,0.0921137294697,0.0,0
2018-05-27 16:51:51.363,231.81,0.0921137294697,0.0,0
2018-05-27 16:51:51.550,231.65,0.0921137294697,0.0,0
2018-05-27 16:51:51.643,231.56,0.0921137294697,0.0,0
2018-05-27 16:51:51.736,232.41,0.0921137294697,0.0,0
2018-05-27 16:51:51.829,232.69,0.0921137294697,0.0,0
2018-05-27 16:51:51.918,233.05,0.0921137294697,0.0,0
2018-05-27 16:51:52.075,232.83,0.0921137294697,0.0,0
2018-05-27 16:51:52.336,233.38,0.0921137294697,0.0,0
2018-05-27 16:51:52.429,233.86,0.0921137294697,0.0,0
2018-05-27 16:51:52.522,233.26,0.0921137294697,0.0,0
2018-05-27 16:51:52.615,232.95,0.0921137294697,0.0,0
2018-05-27 16:51:52.792,234.92,0.0921137294697,0.0,0
2018-05-27 16:51:53.047,234.5,0.0921137294697,0.0,0
2018-05-27 16:51:53.140,234.31,0.0921137294697,0.0,0
2018-05-27 16:51:53.774,234.72,0.0921137294697,0.0,0
2018-05-27 16:51:53.867,234.07,0.0921137294697,0.0,0
2018-05-27 16:51:54.019,232.53,0.0921137294697,0.0,0
2018-05-27 16:51:54.206,230.57,0.0921137294697,0.0,0
2018-05-27 16:51:54.383,230.48,0.0921137294697,0.0,0
2018-05-27 16:51:54.848,223.86,0.0921137294697,0.0,0
2018-05-27 16:51:55.196,220.6,0.0921137294697,0.0,0
2018-05-27 16:51:55.290,219.86,0.0921137294697,0.0,0
2018-05-27 16:51:55.746,217.53,0.0921137294697,0.0,0
2018-05-27 16:51:55.839,216.64,0.0921137294697,0.0,0
2018-05-27 16:51:56.001,217.4,0.0921137294697,0.0,0
2018-05-27 16:51:56.187,215.68,0.0921137294697,0.0,0
2018-05-27 16:51:56.365,215.64,0.0921137294697,0.0,0
2018-05-27 16:51:56.550,214.81,0.0921137294697,0.0,0
2018-05-27 16:51:56.644,214.35,0.0921137294697,0.0,0
2018-05-27 16:51:56.737,216.09,0.0921137294697,0.0,0
2018-05-27 16:51:57.080,214.93,0.0921137294697,0.0,0
2018-05-27 16:51:57.169,215.63,0.0921137294697,0.0,0
2018-05-27 16:51:57.253,215.85,0.0921137294697,0.0,0
2018-05-27 16:51:57.430,216.31,0.0921137294697,0.0,0
2018-05-27 16:51:57.523,213.81,0.0921137294697,0.0,0
2018-05-27 16:51:57.616,215.35,0.0921137294697,0.0,0
2018-05-27 16:51:57.709,216.22,0.0921137294697,0.0,0
2018-05-27 16:51:57.802,214.76,0.0921137294697,0.0,0
2018-05-27 16:51:58.057,215.47,0.0921137294697,0.0,0
2018-05-27 16:51:58.151,214.7,0.0921137294697,0.0,0
2018-05-27 16:51:58.327,214.54,0.0921137294697,0.0,0
2018-05-27 16:51:58.421,216.07,0.0921137294697,0.0,0
2018-05-27 16:51:58.504,215.39,0.0921137294697,0.0,0
2018-05-27 16:51:58.784,216.45,0.0921137294697,0.0,0
2018-05-27 16:51:59.039,215.49,0.0921137294697,0.0,0
2018-05-27 16:51:59.132,216.75,0.0921137294697,0.0,0
2018-05-27 16:51:59.216,215.41,0.0921137294697,0.0,0
2018-05-27 16:51:59.299,215.45,0.0921137294697,0.0,0
2018-05-27 16:51:59.383,215.18,0.0921137294697,0.0,0
2018-05-27 16:51:59.570,217.14,0.0921137294697,0.0,0
2018-05-27 16:51:59.663,216.15,0.0921137294697,0.0,0
2018-05-27 16:51:59.747,217.45,0.0921137294697,0.0,0
2018-05-27 16:52:00.020,217.51,0.0921137294697,0.0,0
2018-05-27 16:52:00.113,218.45,0.0921137294697,0.0,0
2018-05-27 16:52:00.206,217.45,0.0921137294697,0.0,0
2018-05-27 16:52:00.300,217.39,0.0921137294697,0.0,0
2018-05-27 16:52:00.383,217.54,0.0921137294697,0.0,0
2018-05-27 16:52:00.477,218.26,0.0921137294697,0.0,0
2018-05-27 16:52:00.570,220.09,0.0921137294697,0.0,0
2018-05-27 16:52:00.654,219.05,0.0921137294697,0.0,0
2018-05-27 16:52:01.458,220.81,0.0921137294697,0.0,0
2018-05-27 16:52:01.719,220.8,0.0921137294697,0.0,0
2018-05-27 16:52:01.812,219.58,0.0921137294697,0.0,0
2018-05-27 16:52:02.068,218.02,0.0921137294697,0.0,0
2018-05-27 16:52:02.421,216.88,0.0921137294697,0.0,0
2018-05-27 16:52:02.607,215.24,0.0921137294697,0.0,0
2018-05-27 16:52:02.692,216.06,0.0921137294697,0.0,0
2018-05-27 16:52:02.784,215.57,0.0921137294697,0.0,0
2018-05-27 16:52:02.868,214.81,0.0921137294697,0.0,0
2018-05-27 16:52:03.039,215.23,0.0921137294697,0.0,0
2018-05-27 16:52:03.216,214.92,0.0921137294697,0.0,0
2018-05-27 16:52:03.309,215.07,0.0921137294697,0.0,0
2018-05-27 16:52:03.486,216.54,0.0921137294697,0.0,0
2018-05-27 16:52:03.580,215.29,0.0921137294697,0.0,0
2018-05-27 16:52:03.663,216.15,0.0921137294697,0.0,0
2018-05-27 16:52:03.757,214.93,0.0921137294697,0.0,0
2018-05-27 16:52:03.850,215.55,0.0921137294697,0.0,0
2018-05-27 16:52:04.012,215.6,0.0921137294697,0.0,0
2018-05-27 16:52:04.105,214.99,0.0921137294697,0.0,0
2018-05-27 16:52:04.198,215.23,0.0921137294697,0.0,0
2018-05-27 16:52:04.291,215.54,0.0921137294697,0.0,0
2018-05-27 16:52:04.375,216.48,0.0921137294697,0.0,0
2018-05-27 16:52:04.468,215.15,0.0921137294697,0.0,0
2018-05-27 16:52:04.645,214.87,0.0921137294697,0.0,0
2018-05-27 16:52:04.738,215.51,0.0921137294697,0.0,0
2018-05-27 16:52:04.831,215.97,0.0921137294697,0.0,0
2018-05-27 16:52:05.081,215.39,0.0921137294697,0.0,0
2018-05-27 16:52:05.170,215.38,0.0921137294697,0.0,0
2018-05-27 16:52:05.254,214.94,0.0921137294697,0.0,0
2018-05-27 16:52:05.431,215.92,0.0921137294697,0.0,0
2018-05-27 16:52:05.617,216.4,0.0921137294697,0.0,0
2018-05-27 16:52:05.804,217.72,0.0921137294697,0.0,0
2018-05-27 16:52:06.058,216.71,0.0921137294697,0.0,0
2018-05-27 16:52:06.235,217.79,0.0921137294697,0.0,0
2018-05-27 16:52:06.329,218.22,0.0921137294697,0.0,0
2018-05-27 16:52:06.515,217.95,0.0921137294697,0.0,0
2018-05-27 16:52:06.608,217.99,0.0921137294697,0.0,0
2018-05-27 16:52:06.794,219.74,0.0921137294697,0.0,0
2018-05-27 16:52:07.142,221.19,0.0921137294697,0.0,0
2018-05-27 16:52:07.226,219.73,0.0921137294697,0.0,0
2018-05-27 16:52:07.319,221.66,0.0921137294697,0.0,0
2018-05-27 16:52:07.403,220.26,0.0921137294697,0.0,0
2018-05-27 16:52:07.496,221.55,0.0921137294697,0.0,0
2018-05-27 16:52:08.105,223.58,0.0921137294697,0.0,0
2018-05-27 16:52:08.199,222.79,0.0921137294697,0.0,0
2018-05-27 16:52:08.292,221.84,0.0921137294697,0.0,0
2018-05-27 16:52:08.375,224.07,0.0921137294697,0.0,0
2018-05-27 16:52:08.469,223.69,0.0921137294697,0.0,0
2018-05-27 16:52:08.562,222.44,0.0921137294697,0.0,0
2018-05-27 16:52:08.656,223.56,0.0921137294697,0.0,0
2018-05-27 16:52:08.748,224.03,0.0921137294697,0.0,0
2018-05-27 16:52:09.003,225.2,0.0921137294697,0.0,0
2018-05-27 16:52:09.096,224.72,0.0921137294697,0.0,0
2018-05-27 16:52:09.189,224.46,0.0921137294697,0.0,0
2018-05-27 16:52:09.282,224.67,0.0921137294697,0.0,0
2018-05-27 16:52:09.369,225.33,0.0921137294697,0.0,0
2018-05-27 16:52:09.460,224.68,0.0921137294697,0.0,0
2018-05-27 16:52:09.646,225.07,0.0921137294697,0.0,0
2018-05-27 16:52:09.739,224.8,0.0921137294697,0.0,0
2018-05-27 16:52:10.255,225.17,0.0921137294697,0.0,0
2018-05-27 16:52:10.348,225.01,0.0921137294697,0.0,0
2018-05-27 16:52:10.618,225.52,0.0921137294697,0.0,0
2018-05-27 16:52:10.898,225.69,0.0921137294697,0.0,0
2018-05-27 16:52:11.059,226.58,0.0921137294697,0.0,0
2018-05-27 16:52:11.246,227.59,0.0921137294697,0.0,0
2018-05-27 16:52:12.124,228.18,0.0921137294697,0.0,0
2018-05-27 16:52:13.749,228.7,0.0921137294697,0.0,0
2018-05-27 16:52:14.432,230.75,0.0921137294697,0.0,0
2018-05-27 16:52:14.702,229.28,0.0921137294697,0.0,0
2018-05-27 16:52:14.795,229.43,0.0921137294697,0.0,0
2018-05-27 16:52:14.889,230.32,0.0921137294697,0.0,0
2018-05-27 16:52:15.330,230.02,0.0921137294697,0.0,0
2018-05-27 16:52:15.684,231.03,0.0921137294697,0.0,0
2018-05-27 16:52:16.210,227.07,0.0921137294697,0.0,0
2018-05-27 16:52:16.758,225.52,0.0921137294697,0.0,0
2018-05-27 16:52:16.852,225.68,0.0921137294697,0.0,0
2018-05-27 16:52:17.013,224.16,0.0921137294697,0.0,0
2018-05-27 16:52:17.107,223.94,0.0921137294697,0.0,0
2018-05-27 16:52:17.190,224.47,0.0921137294697,0.0,0
2018-05-27 16:52:17.647,222.27,0.0921137294697,0.0,0
2018-05-27 16:52:17.833,221.99,0.0921137294697,0.0,0
2018-05-27 16:52:18.256,220.45,0.0921137294697,0.0,0
2018-05-27 16:52:18.433,220.08,0.0921137294697,0.0,0
2018-05-27 16:52:18.526,219.68,0.0921137294697,0.0,0
2018-05-27 16:52:18.712,218.66,0.0921137294697,0.0,0
2018-05-27 16:52:18.796,219.04,0.0921137294697,0.0,0
2018-05-27 16:52:18.889,218.97,0.0921137294697,0.0,0
2018-05-27 16:52:19.051,217.2,0.0921137294697,0.0,0
2018-05-27 16:52:19.423,217.28,0.0921137294697,0.0,0
2018-05-27 16:52:19.517,218.85,0.0921137294697,0.0,0
2018-05-27 16:52:19.787,218.2,0.0921137294697,0.0,0
2018-05-27 16:52:20.042,219.02,0.0921137294697,0.0,0
2018-05-27 16:52:20.135,219.74,0.0921137294697,0.0,0
2018-05-27 16:52:20.228,218.74,0.0921137294697,0.0,0
2018-05-27 16:52:20.405,219.59,0.0921137294697,0.0,0
2018-05-27 16:52:20.768,221.14,0.0921137294697,0.0,0
2018-05-27 16:52:21.210,221.57,0.0921137294697,0.0,0
2018-05-27 16:52:21.480,221.93,0.0921137294697,0.0,0
2018-05-27 16:52:21.564,221.45,0.0921137294697,0.0,0
2018-05-27 16:52:22.098,222.14,0.0921137294697,0.0,0
2018-05-27 16:52:22.191,221.26,0.0921137294697,0.0,0
2018-05-27 16:52:22.368,221.39,0.0921137294697,0.0,0
2018-05-27 16:52:22.461,220.62,0.0921137294697,0.0,0
2018-05-27 16:52:22.554,221.95,0.0921137294697,0.0,0
2018-05-27 16:52:22.736,220.46,0.0921137294697,0.0,0
2018-05-27 16:52:22.824,219.55,0.0921137294697,0.0,0
2018-05-27 16:52:22.899,218.52,0.0921137294697,0.0,0
2018-05-27 16:52:23.070,218.93,0.0921137294697,0.0,0
2018-05-27 16:52:23.257,218.59,0.0921137294697,0.0,0
2018-05-27 16:52:23.340,218.87,0.0921137294697,0.0,0
2018-05-27 16:52:23.433,218.57,0.0921137294697,0.0,0
2018-05-27 16:52:23.620,217.9,0.0921137294697,0.0,0
2018-05-27 16:52:23.806,219.77,0.0921137294697,0.0,0
2018-05-27 16:52:23.899,219.12,0.0921137294697,0.0,0
2018-05-27 16:52:24.061,217.53,0.0921137294697,0.0,0
2018-05-27 16:52:24.248,219.49,0.0921137294697,0.0,0
2018-05-27 16:52:24.517,218.27,0.0921137294697,0.0,0
2018-05-27 16:52:24.610,218.61,0.0921137294697,0.0,0
2018-05-27 16:52:24.704,218.9,0.0921137294697,0.0,0
2018-05-27 16:52:24.797,218.88,0.0921137294697,0.0,0
2018-05-27 16:52:24.890,216.87,0.0921137294697,0.0,0
2018-05-27 16:52:25.052,217.5,0.0921137294697,0.0,0
2018-05-27 16:52:25.145,219.2,0.0921137294697,0.0,0
2018-05-27 16:52:25.322,219.03,0.0921137294697,0.0,0
2018-05-27 16:52:25.406,218.29,0.0921137294697,0.0,0
2018-05-27 16:52:25.499,219.18,0.0921137294697,0.0,0
2018-05-27 16:52:25.583,218.1,0.0921137294697,0.0,0
2018-05-27 16:52:25.676,218.84,0.0921137294697,0.0,0
2018-05-27 16:52:25.769,217.8,0.0921137294697,0.0,0
2018-05-27 16:52:25.862,217.36,0.0921137294697,0.0,0
2018-05-27 16:52:26.015,217.5,0.0921137294697,0.0,0
2018-05-27 16:52:26.108,218.53,0.0921137294697,0.0,0
2018-05-27 16:52:26.294,218.96,0.0921137294697,0.0,0
2018-05-27 16:52:26.378,219.96,0.0921137294697,0.0,0
2018-05-27 16:52:26.471,219.77,0.0921137294697,0.0,0
2018-05-27 16:52:26.564,219.54,0.0921137294697,0.0,0
2018-05-27 16:52:26.657,220.15,0.0921137294697,0.0,0
2018-05-27 16:52:26.751,221.07,0.0921137294697,0.0,0
2018-05-27 16:52:26.844,220.65,0.0921137294697,0.0,0
2018-05-27 16:52:26.927,221.53,0.0921137294697,0.0,0
2018-05-27 16:52:27.084,219.72,0.0921137294697,0.0,0
2018-05-27 16:52:27.173,221.75,0.0921137294697,0.0,0
2018-05-27 16:52:27.257,221.19,0.0921137294697,0.0,0
2018-05-27 16:52:27.341,220.55,0.0921137294697,0.0,0
2018-05-27 16:52:27.527,221.45,0.0921137294697,0.0,0
2018-05-27 16:52:27.620,223.1,0.0921137294697,0.0,0
2018-05-27 16:52:27.704,222.08,0.0921137294697,0.0,0
2018-05-27 16:52:27.797,222.25,0.0921137294697,0.0,0
2018-05-27 16:52:27.890,223.22,0.0921137294697,0.0,0
2018-05-27 16:52:28.052,224.02,0.0921137294697,0.0,0
2018-05-27 16:52:28.238,223.11,0.0921137294697,0.0,0
2018-05-27 16:52:28.332,223.43,0.0921137294697,0.0,0
2018-05-27 16:52:28.425,224.56,0.0921137294697,0.0,0
2018-05-27 16:52:28.611,225.1,0.0921137294697,0.0,0
2018-05-27 16:52:28.695,224.21,0.0921137294697,0.0,0
2018-05-27 16:52:28.788,225.74,0.0921137294697,0.0,0
2018-05-27 16:52:28.872,224.72,0.0921137294697,0.0,0
2018-05-27 16:52:29.034,224.42,0.0921137294697,0.0,0
2018-05-27 16:52:29.127,226.22,0.0921137294697,0.0,0
2018-05-27 16:52:29.220,225.72,0.0921137294697,0.0,0
2018-05-27 16:52:29.313,225.42,0.0921137294697,0.0,0
2018-05-27 16:52:29.397,225.48,0.0921137294697,0.0,0
2018-05-27 16:52:29.583,226.59,0.0921137294697,0.0,0
2018-05-27 16:52:29.676,226.13,0.0921137294697,0.0,0
2018-05-27 16:52:29.770,226.04,0.0921137294697,0.0,0
2018-05-27 16:52:29.863,226.64,0.0921137294697,0.0,0
2018-05-27 16:52:30.025,225.88,0.0921137294697,0.0,0
2018-05-27 16:52:30.118,226.53,0.0921137294697,0.0,0
2018-05-27 16:52:30.211,226.79,0.0921137294697,0.0,0
2018-05-27 16:52:30.304,226.94,0.0921137294697,0.0,0
2018-05-27 16:52:30.389,226.99,0.0921137294697,0.0,0
2018-05-27 16:52:30.481,226.78,0.0921137294697,0.0,0
2018-05-27 16:52:30.574,227.41,0.0921137294697,0.0,0
2018-05-27 16:52:30.667,226.97,0.0921137294697,0.0,0
2018-05-27 16:52:30.760,227.87,0.0921137294697,0.0,0
2018-05-27 16:52:30.853,227.8,0.0921137294697,0.0,0
2018-05-27 16:52:31.015,228.57,0.0921137294697,0.0,0
2018-05-27 16:52:31.108,229.52,0.0921137294697,0.0,0
2018-05-27 16:52:31.202,229.28,0.0921137294697,0.0,0
2018-05-27 16:52:31.295,229.9,0.0921137294697,0.0,0
2018-05-27 16:52:31.379,228.83,0.0921137294697,0.0,0
2018-05-27 16:52:31.472,228.39,0.0921137294697,0.0,0
2018-05-27 16:52:31.565,228.95,0.0921137294697,0.0,0
2018-05-27 16:52:32.099,230.92,0.0921137294697,0.0,0
2018-05-27 16:52:32.192,230.79,0.0921137294697,0.0,0
2018-05-27 16:52:32.277,229.23,0.0921137294697,0.0,0
2018-05-27 16:52:32.369,229.56,0.0921137294697,0.0,0
2018-05-27 16:52:32.458,231.17,0.0921137294697,0.0,0
2018-05-27 16:52:32.537,230.24,0.0921137294697,0.0,0
2018-05-27 16:52:32.644,231.26,0.0921137294697,0.0,0
2018-05-27 16:52:32.733,231.25,0.0921137294697,0.0,0
2018-05-27 16:52:32.816,230.75,0.0921137294697,0.0,0
2018-05-27 16:52:33.062,231.35,0.0921137294697,0.0,0
2018-05-27 16:52:33.248,230.64,0.0921137294697,0.0,0
2018-05-27 16:52:33.425,230.8,0.0921137294697,0.0,0
2018-05-27 16:52:33.519,230.73,0.0921137294697,0.0,0
2018-05-27 16:52:33.705,231.16,0.0921137294697,0.0,0
2018-05-27 16:52:33.882,230.8,0.0921137294697,0.0,0
2018-05-27 16:52:34.044,230.66,0.0921137294697,0.0,0
2018-05-27 16:52:34.230,231.12,0.0921137294697,0.0,0
2018-05-27 16:52:34.323,231.25,0.0921137294697,0.0,0
2018-05-27 16:52:34.509,232.25,0.0921137294697,0.0,0
2018-05-27 16:52:35.211,231.95,0.0921137294697,0.0,0
2018-05-27 16:52:35.305,230.83,0.0921137294697,0.0,0
2018-05-27 16:52:35.388,228.6,0.0921137294697,0.0,0
2018-05-27 16:52:35.659,225.88,0.0921137294697,0.0,0
2018-05-27 16:52:36.551,218.83,0.0921137294697,0.0,0
2018-05-27 16:52:36.631,219.15,0.0921137294697,0.0,0
2018-05-27 16:52:36.724,218.98,0.0921137294697,0.0,0
2018-05-27 16:52:36.817,217.27,0.0921137294697,0.0,0
2018-05-27 16:52:37.258,215.84,0.0921137294697,0.0,0
2018-05-27 16:52:37.342,215.89,0.0921137294697,0.0,0
2018-05-27 16:52:37.528,217.52,0.0921137294697,0.0,0
2018-05-27 16:52:37.808,217.76,0.0921137294697,0.0,0
2018-05-27 16:52:37.901,216.53,0.0921137294697,0.0,0
2018-05-27 16:52:38.156,217.31,0.0921137294697,0.0,0
2018-05-27 16:52:38.249,216.27,0.0921137294697,0.0,0
2018-05-27 16:52:38.333,216.7,0.0921137294697,0.0,0
2018-05-27 16:52:38.426,215.88,0.0921137294697,0.0,0
2018-05-27 16:52:38.612,217.01,0.0921137294697,0.0,0
2018-05-27 16:52:38.799,216.32,0.0921137294697,0.0,0
2018-05-27 16:52:38.882,216.32,0.0921137294697,0.0,0
2018-05-27 16:52:39.044,217.18,0.0921137294697,0.0,0
2018-05-27 16:52:39.231,216.03,0.0921137294697,0.0,0
2018-05-27 16:52:39.314,215.52,0.0921137294697,0.0,0
2018-05-27 16:52:39.408,215.75,0.0921137294697,0.0,0
2018-05-27 16:52:39.491,216.27,0.0921137294697,0.0,0
2018-05-27 16:52:39.585,216.33,0.0921137294697,0.0,0
2018-05-27 16:52:39.678,217.01,0.0921137294697,0.0,0
2018-05-27 16:52:39.771,215.25,0.0921137294697,0.0,0
2018-05-27 16:52:39.864,216.28,0.0921137294697,0.0,0
2018-05-27 16:52:40.120,215.23,0.0921137294697,0.0,0
2018-05-27 16:52:40.203,217.73,0.0921137294697,0.0,0
2018-05-27 16:52:40.296,216.48,0.0921137294697,0.0,0
2018-05-27 16:52:40.380,216.46,0.0921137294697,0.0,0
2018-05-27 16:52:40.473,216.96,0.0921137294697,0.0,0
2018-05-27 16:52:40.566,218.55,0.0921137294697,0.0,0
2018-05-27 16:52:40.659,217.54,0.0921137294697,0.0,0
2018-05-27 16:52:40.752,217.46,0.0921137294697,0.0,0
2018-05-27 16:52:41.008,219.13,0.0921137294697,0.0,0
2018-05-27 16:52:41.091,218.57,0.0921137294697,0.0,0
2018-05-27 16:52:41.185,218.83,0.0921137294697,0.0,0
2018-05-27 16:52:41.455,219.1,0.0921137294697,0.0,0
2018-05-27 16:52:41.632,219.74,0.0921137294697,0.0,0
2018-05-27 16:52:41.809,219.37,0.0921137294697,0.0,0
2018-05-27 16:52:42.250,220.12,0.0921137294697,0.0,0
2018-05-27 16:52:42.427,220.63,0.0921137294697,0.0,0
2018-05-27 16:52:42.614,220.28,0.0921137294697,0.0,0
2018-05-27 16:52:42.697,220.1,0.0921137294697,0.0,0
2018-05-27 16:52:42.790,219.31,0.0921137294697,0.0,0
2018-05-27 16:52:42.883,220.6,0.0921137294697,0.0,0
2018-05-27 16:52:43.232,218.96,0.0921137294697,0.0,0
2018-05-27 16:52:43.408,219.51,0.0921137294697,0.0,0
2018-05-27 16:52:43.679,219.96,0.0921137294697,0.0,0
2018-05-27 16:52:43.772,219.47,0.0921137294697,0.0,0
2018-05-27 16:52:43.865,218.55,0.0921137294697,0.0,0
2018-05-27 16:52:44.027,219.44,0.0921137294697,0.0,0
2018-05-27 16:52:44.213,218.76,0.0921137294697,0.0,0
2018-05-27 16:52:44.306,219.19,0.0921137294697,0.0,0
2018-05-27 16:52:44.391,218.65,0.0921137294697,0.0,0
2018-05-27 16:52:44.483,218.93,0.0921137294697,0.0,0
2018-05-27 16:52:44.576,219.52,0.0921137294697,0.0,0
2018-05-27 16:52:44.669,220.04,0.0921137294697,0.0,0
2018-05-27 16:52:44.763,218.64,0.0921137294697,0.0,0
2018-05-27 16:52:44.856,218.41,0.0921137294697,0.0,0
2018-05-27 16:52:45.204,218.19,0.0921137294697,0.0,0
2018-05-27 16:52:45.289,219.47,0.0921137294697,0.0,0
2018-05-27 16:52:45.381,217.78,0.0921137294697,0.0,0
2018-05-27 16:52:45.567,219.32,0.0921137294697,0.0,0
2018-05-27 16:52:45.754,218.25,0.0921137294697,0.0,0
2018-05-27 16:52:45.847,219.45,0.0921137294697,0.0,0
2018-05-27 16:52:46.009,219.17,0.0921137294697,0.0,0
2018-05-27 16:52:46.102,217.57,0.0921137294697,0.0,0
2018-05-27 16:52:46.195,218.17,0.0921137294697,0.0,0
2018-05-27 16:52:46.381,217.96,0.0921137294697,0.0,0
2018-05-27 16:52:46.474,218.65,0.0921137294697,0.0,0
2018-05-27 16:52:46.567,219.89,0.0921137294697,0.0,0
2018-05-27 16:52:46.661,219.62,0.0921137294697,0.0,0
2018-05-27 16:52:46.754,218.26,0.0921137294697,0.0,0
2018-05-27 16:52:46.847,218.96,0.0921137294697,0.0,0
2018-05-27 16:52:47.009,221.16,0.0921137294697,0.0,0
2018-05-27 16:52:47.186,221.44,0.0921137294697,0.0,0
2018-05-27 16:52:47.279,221.77,0.0921137294697,0.0,0
2018-05-27 16:52:47.372,220.08,0.0921137294697,0.0,0
2018-05-27 16:52:47.456,222.2,0.0921137294697,0.0,0
2018-05-27 16:52:47.540,221.01,0.0921137294697,0.0,0
2018-05-27 16:52:47.633,222.56,0.0921137294697,0.0,0
2018-05-27 16:52:47.820,221.93,0.0921137294697,0.0,0
2018-05-27 16:52:47.903,223.39,0.0921137294697,0.0,0
2018-05-27 16:52:48.055,222.4,0.0921137294697,0.0,0
2018-05-27 16:52:48.242,223.35,0.0921137294697,0.0,0
2018-05-27 16:52:48.596,223.37,0.0921137294697,0.0,0
2018-05-27 16:52:48.689,225.16,0.0921137294697,0.0,0
2018-05-27 16:52:48.782,224.85,0.0921137294697,0.0,0
2018-05-27 16:52:48.875,224.38,0.0921137294697,0.0,0
2018-05-27 16:52:49.037,223.61,0.0921137294697,0.0,0
2018-05-27 16:52:49.130,224.64,0.0921137294697,0.0,0
2018-05-27 16:52:49.307,224.71,0.0921137294697,0.0,0
2018-05-27 16:52:49.494,225.2,0.0921137294697,0.0,0
2018-05-27 16:52:49.568,224.85,0.0921137294697,0.0,0
2018-05-27 16:52:49.661,225.44,0.0921137294697,0.0,0
2018-05-27 16:52:49.755,225.63,0.0921137294697,0.0,0
2018-05-27 16:52:49.848,225.34,0.0921137294697,0.0,0
2018-05-27 16:52:49.931,225.32,0.0921137294697,0.0,0
2018-05-27 16:52:50.345,225.59,0.0921137294697,0.0,0
2018-05-27 16:52:50.438,226.02,0.0921137294697,0.0,0
2018-05-27 16:52:50.531,227.07,0.0921137294697,0.0,0
2018-05-27 16:52:50.708,225.33,0.0921137294697,0.0,0
2018-05-27 16:52:50.801,226.11,0.0921137294697,0.0,0
2018-05-27 16:52:50.894,228.14,0.0921137294697,0.0,0
2018-05-27 16:52:51.149,227.48,0.0921137294697,0.0,0
2018-05-27 16:52:51.242,227.17,0.0921137294697,0.0,0
2018-05-27 16:52:51.429,227.17,0.0921137294697,0.0,0
2018-05-27 16:52:51.512,228.45,0.0921137294697,0.0,0
2018-05-27 16:52:51.689,226.72,0.0921137294697,0.0,0
2018-05-27 16:52:51.876,227.03,0.0921137294697,0.0,0
2018-05-27 16:52:52.224,228.86,0.0921137294697,0.0,0
2018-05-27 16:52:52.494,228.45,0.0921137294697,0.0,0
2018-05-27 16:52:53.578,230.33,0.0921137294697,0.0,0
2018-05-27 16:52:53.671,230.1,0.0921137294697,0.0,0
2018-05-27 16:52:53.764,229.98,0.0921137294697,0.0,0
2018-05-27 16:52:54.755,231.38,0.0921137294697,0.0,0
2018-05-27 16:52:54.848,231.52,0.0921137294697,0.0,0
2018-05-27 16:52:55.373,230.44,0.0921137294697,0.0,0
2018-05-27 16:52:55.560,230.76,0.0921137294697,0.0,0
2018-05-27 16:52:56.178,231.6,0.0921137294697,0.0,0
2018-05-27 16:52:56.448,229.49,0.0921137294697,0.0,0
2018-05-27 16:52:56.635,227.56,0.0921137294697,0.0,0
2018-05-27 16:52:56.728,228.1,0.0921137294697,0.0,0
2018-05-27 16:52:56.914,227.69,0.0921137294697,0.0,0
2018-05-27 16:52:57.169,226.11,0.0921137294697,0.0,0
2018-05-27 16:52:57.439,224.11,0.0921137294697,0.0,0
2018-05-27 16:52:57.719,222.46,0.0921137294697,0.0,0
2018-05-27 16:52:57.905,223.37,0.0921137294697,0.0,0
2018-05-27 16:52:58.514,222.32,0.0921137294697,0.0,0
2018-05-27 16:52:58.598,222.46,0.0921137294697,0.0,0
2018-05-27 16:52:58.691,222.73,0.0921137294697,0.0,0
2018-05-27 16:52:59.039,220.55,0.0921137294697,0.0,0
2018-05-27 16:52:59.123,220.73,0.0921137294697,0.0,0
2018-05-27 16:52:59.393,220.21,0.0921137294697,0.0,0
2018-05-27 16:52:59.486,220.85,0.0921137294697,0.0,0
2018-05-27 16:52:59.579,221.97,0.0921137294697,0.0,0
2018-05-27 16:52:59.765,220.57,0.0921137294697,0.0,0
2018-05-27 16:52:59.859,220.29,0.0921137294697,0.0,0
2018-05-27 16:53:00.104,220.78,0.0921137294697,0.0,0
2018-05-27 16:53:00.290,221.66,0.0921137294697,0.0,0
2018-05-27 16:53:00.374,220.69,0.0921137294697,0.0,0
2018-05-27 16:53:00.467,221.49,0.0921137294697,0.0,0
2018-05-27 16:53:00.654,220.35,0.0921137294697,0.0,0
2018-05-27 16:53:00.748,221.02,0.0921137294697,0.0,0
2018-05-27 16:53:01.263,222.08,0.0921137294697,0.0,0
2018-05-27 16:53:01.347,221.76,0.0921137294697,0.0,0
2018-05-27 16:53:01.436,223.56,0.0921137294697,0.0,0
2018-05-27 16:53:01.701,224.06,0.0921137294697,0.0,0
2018-05-27 16:53:01.887,223.36,0.0921137294697,0.0,0
2018-05-27 16:53:02.040,224.88,0.0921137294697,0.0,0
2018-05-27 16:53:02.319,224.03,0.0921137294697,0.0,0
2018-05-27 16:53:02.412,224.31,0.0921137294697,0.0,0
2018-05-27 16:53:02.589,224.39,0.0921137294697,0.0,0
2018-05-27 16:53:02.682,224.82,0.0921137294697,0.0,0
2018-05-27 16:53:02.775,223.85,0.0921137294697,0.0,0
2018-05-27 16:53:02.859,223.51,0.0921137294697,0.0,0
2018-05-27 16:53:03.021,223.14,0.0921137294697,0.0,0
2018-05-27 16:53:03.114,222.1,0.0921137294697,0.0,0
2018-05-27 16:53:03.207,222.67,0.0921137294697,0.0,0
2018-05-27 16:53:03.300,222.89,0.0921137294697,0.0,0
2018-05-27 16:53:03.384,221.24,0.0921137294697,0.0,0
2018-05-27 16:53:03.571,221.38,0.0921137294697,0.0,0
2018-05-27 16:53:03.747,220.52,0.0921137294697,0.0,0
2018-05-27 16:53:03.841,219.49,0.0921137294697,0.0,0
2018-05-27 16:53:04.347,220.36,0.0921137294697,0.0,0
2018-05-27 16:53:04.440,218.34,0.0921137294697,0.0,0
2018-05-27 16:53:04.533,218.69,0.0921137294697,0.0,0
2018-05-27 16:53:04.720,219.39,0.0921137294697,0.0,0
2018-05-27 16:53:04.813,218.45,0.0921137294697,0.0,0
2018-05-27 16:53:04.906,219.02,0.0921137294697,0.0,0
2018-05-27 16:53:05.068,219.68,0.0921137294697,0.0,0
2018-05-27 16:53:05.161,218.39,0.0921137294697,0.0,0
2018-05-27 16:53:05.254,218.58,0.0921137294697,0.0,0
2018-05-27 16:53:05.339,217.93,0.0921137294697,0.0,0
2018-05-27 16:53:05.431,218.51,0.0921137294697,0.0,0
2018-05-27 16:53:05.524,219.69,0.0921137294697,0.0,0
2018-05-27 16:53:05.711,217.42,0.0921137294697,0.0,0
2018-05-27 16:53:05.804,218.1,0.0921137294697,0.0,0
2018-05-27 16:53:06.059,218.11,0.0921137294697,0.0,0
2018-05-27 16:53:06.152,218.38,0.0921137294697,0.0,0
2018-05-27 16:53:06.245,218.87,0.0921137294697,0.0,0
2018-05-27 16:53:06.422,219.49,0.0921137294697,0.0,0
2018-05-27 16:53:06.506,218.4,0.0921137294697,0.0,0
2018-05-27 16:53:06.692,219.97,0.0921137294697,0.0,0
2018-05-27 16:53:06.878,218.77,0.0921137294697,0.0,0
2018-05-27 16:53:07.040,220.29,0.0921137294697,0.0,0
2018-05-27 16:53:07.133,220.07,0.0921137294697,0.0,0
2018-05-27 16:53:07.227,219.44,0.0921137294697,0.0,0
2018-05-27 16:53:07.320,220.21,0.0921137294697,0.0,0
2018-05-27 16:53:07.403,219.42,0.0921137294697,0.0,0
2018-05-27 16:53:07.497,219.76,0.0921137294697,0.0,0
2018-05-27 16:53:07.683,221.12,0.0921137294697,0.0,0
2018-05-27 16:53:07.776,221.49,0.0921137294697,0.0,0
2018-05-27 16:53:07.869,221.43,0.0921137294697,0.0,0
2018-05-27 16:53:08.031,221.81,0.0921137294697,0.0,0
2018-05-27 16:53:08.124,222.68,0.0921137294697,0.0,0
2018-05-27 16:53:08.217,223.25,0.0921137294697,0.0,0
2018-05-27 16:53:08.311,222.33,0.0921137294697,0.0,0
2018-05-27 16:53:08.394,223.75,0.0921137294697,0.0,0
2018-05-27 16:53:08.487,223.16,0.0921137294697,0.0,0
2018-05-27 16:53:08.581,222.11,0.0921137294697,0.0,0
2018-05-27 16:53:08.674,223.08,0.0921137294697,0.0,0
2018-05-27 16:53:08.767,224.04,0.0921137294697,0.0,0
2018-05-27 16:53:08.860,224.7,0.0921137294697,0.0,0
2018-05-27 16:53:09.022,224.84,0.0921137294697,0.0,0
2018-05-27 16:53:09.115,224.79,0.0921137294697,0.0,0
2018-05-27 16:53:09.208,223.22,0.0921137294697,0.0,0
2018-05-27 16:53:09.302,224.31,0.0921137294697,0.0,0
2018-05-27 16:53:09.385,225.8,0.0921137294697,0.0,0
2018-05-27 16:53:09.572,224.67,0.0921137294697,0.0,0
2018-05-27 16:53:09.665,225.39,0.0921137294697,0.0,0
2018-05-27 16:53:09.758,225.05,0.0921137294697,0.0,0
2018-05-27 16:53:10.013,225.72,0.0921137294697,0.0,0
2018-05-27 16:53:10.106,225.32,0.0921137294697,0.0,0
2018-05-27 16:53:10.196,225.54,0.0921137294697,0.0,0
2018-05-27 16:53:10.283,226.73,0.0921137294697,0.0,0
2018-05-27 16:53:10.376,226.23,0.0921137294697,0.0,0
2018-05-27 16:53:10.460,225.17,0.0921137294697,0.0,0
2018-05-27 16:53:10.637,225.77,0.0921137294697,0.0,0
2018-05-27 16:53:10.730,225.34,0.0921137294697,0.0,0
2018-05-27 16:53:10.907,227.56,0.0921137294697,0.0,0
2018-05-27 16:53:11.069,226.43,0.0921137294697,0.0,0
2018-05-27 16:53:11.162,226.51,0.0921137294697,0.0,0
2018-05-27 16:53:11.348,226.96,0.0921137294697,0.0,0
2018-05-27 16:53:11.432,228.4,0.0921137294697,0.0,0
2018-05-27 16:53:11.525,227.63,0.0921137294697,0.0,0
2018-05-27 16:53:11.712,227.14,0.0921137294697,0.0,0
2018-05-27 16:53:11.795,229.08,0.0921137294697,0.0,0
2018-05-27 16:53:12.134,228.04,0.0921137294697,0.0,0
2018-05-27 16:53:12.320,228.98,0.0921137294697,0.0,0
2018-05-27 16:53:12.404,228.86,0.0921137294697,0.0,0
2018-05-27 16:53:12.498,228.9,0.0921137294697,0.0,0
2018-05-27 16:53:12.581,230.65,0.0921137294697,0.0,0
2018-05-27 16:53:12.674,230.5,0.0921137294697,0.0,0
2018-05-27 16:53:12.767,230.43,0.0921137294697,0.0,0
2018-05-27 16:53:13.022,230.98,0.0921137294697,0.0,0
2018-05-27 16:53:13.115,231.07,0.0921137294697,0.0,0
2018-05-27 16:53:13.209,231.02,0.0921137294697,0.0,0
2018-05-27 16:53:13.302,230.7,0.0921137294697,0.0,0
2018-05-27 16:53:13.386,229.9,0.0921137294697,0.0,0
2018-05-27 16:53:13.479,229.83,0.0921137294697,0.0,0
2018-05-27 16:53:13.665,230.63,0.0921137294697,0.0,0
2018-05-27 16:53:13.758,230.84,0.0921137294697,0.0,0
2018-05-27 16:53:13.851,230.66,0.0921137294697,0.0,0
2018-05-27 16:53:14.106,231.26,0.0921137294697,0.0,0
2018-05-27 16:53:14.199,230.97,0.0921137294697,0.0,0
2018-05-27 16:53:14.292,231.42,0.0921137294697,0.0,0
2018-05-27 16:53:14.385,231.72,0.0921137294697,0.0,0
2018-05-27 16:53:14.655,231.85,0.0921137294697,0.0,0
2018-05-27 16:53:14.748,232.96,0.0921137294697,0.0,0
2018-05-27 16:53:15.003,233.08,0.0921137294697,0.0,0
2018-05-27 16:53:15.097,232.72,0.0921137294697,0.0,0
2018-05-27 16:53:15.180,232.0,0.0921137294697,0.0,0
2018-05-27 16:53:15.264,233.49,0.0921137294697,0.0,0
2018-05-27 16:53:15.357,233.4,0.0921137294697,0.0,0
2018-05-27 16:53:15.441,232.69,0.0921137294697,0.0,0
2018-05-27 16:53:15.534,232.96,0.0921137294697,0.0,0
2018-05-27 16:53:15.721,232.68,0.0921137294697,0.0,0
2018-05-27 16:53:15.907,232.72,0.0921137294697,0.0,0
2018-05-27 16:53:16.069,231.54,0.0921137294697,0.0,0
2018-05-27 16:53:16.162,231.5,0.0921137294697,0.0,0
2018-05-27 16:53:16.255,231.46,0.0921137294697,0.0,0
2018-05-27 16:53:16.339,231.03,0.0921137294697,0.0,0
2018-05-27 16:53:16.525,230.78,0.0921137294697,0.0,0
2018-05-27 16:53:16.711,228.87,0.0921137294697,0.0,0
2018-05-27 16:53:17.246,222.91,0.0921137294697,0.0,0
2018-05-27 16:53:17.329,222.48,0.0921137294697,0.0,0
2018-05-27 16:53:17.515,220.94,0.0921137294697,0.0,0
2018-05-27 16:53:17.795,219.97,0.0921137294697,0.0,0
2018-05-27 16:53:18.143,220.34,0.0921137294697,0.0,0
2018-05-27 16:53:18.227,219.3,0.0921137294697,0.0,0
2018-05-27 16:53:18.329,218.95,0.0921137294697,0.0,0
2018-05-27 16:53:18.422,219.84,0.0921137294697,0.0,0
2018-05-27 16:53:18.608,217.52,0.0921137294697,0.0,0
2018-05-27 16:53:18.701,218.07,0.0921137294697,0.0,0
2018-05-27 16:53:18.883,217.53,0.0921137294697,0.0,0
2018-05-27 16:53:19.040,219.24,0.0921137294697,0.0,0
2018-05-27 16:53:19.124,217.85,0.0921137294697,0.0,0
2018-05-27 16:53:19.217,217.86,0.0921137294697,0.0,0
2018-05-27 16:53:19.310,216.83,0.0921137294697,0.0,0
2018-05-27 16:53:19.394,218.91,0.0921137294697,0.0,0
2018-05-27 16:53:19.487,216.98,0.0921137294697,0.0,0
2018-05-27 16:53:19.580,217.21,0.0921137294697,0.0,0
2018-05-27 16:53:19.674,218.33,0.0921137294697,0.0,0
2018-05-27 16:53:19.860,216.6,0.0921137294697,0.0,0
2018-05-27 16:53:20.115,217.4,0.0921137294697,0.0,0
2018-05-27 16:53:20.208,217.52,0.0921137294697,0.0,0
2018-05-27 16:53:20.291,217.01,0.0921137294697,0.0,0
2018-05-27 16:53:20.385,216.62,0.0921137294697,0.0,0
2018-05-27 16:53:20.478,218.62,0.0921137294697,0.0,0
2018-05-27 16:53:20.571,217.86,0.0921137294697,0.0,0
2018-05-27 16:53:21.012,217.17,0.0921137294697,0.0,0
2018-05-27 16:53:21.198,219.47,0.0921137294697,0.0,0
2018-05-27 16:53:21.291,219.19,0.0921137294697,0.0,0
2018-05-27 16:53:21.375,220.26,0.0921137294697,0.0,0
2018-05-27 16:53:21.468,219.53,0.0921137294697,0.0,0
2018-05-27 16:53:21.561,219.95,0.0921137294697,0.0,0
2018-05-27 16:53:21.655,219.73,0.0921137294697,0.0,0
2018-05-27 16:53:21.748,221.18,0.0921137294697,0.0,0
2018-05-27 16:53:22.003,220.63,0.0921137294697,0.0,0
2018-05-27 16:53:22.263,222.36,0.0921137294697,0.0,0
2018-05-27 16:53:22.356,221.11,0.0921137294697,0.0,0
2018-05-27 16:53:22.450,221.17,0.0921137294697,0.0,0
2018-05-27 16:53:22.822,220.56,0.0921137294697,0.0,0
2018-05-27 16:53:22.915,221.14,0.0921137294697,0.0,0
2018-05-27 16:53:23.170,221.53,0.0921137294697,0.0,0
2018-05-27 16:53:23.264,220.35,0.0921137294697,0.0,0
2018-05-27 16:53:23.347,220.12,0.0921137294697,0.0,0
2018-05-27 16:53:23.440,219.9,0.0921137294697,0.0,0
2018-05-27 16:53:23.533,218.94,0.0921137294697,0.0,0
2018-05-27 16:53:23.813,218.36,0.0921137294697,0.0,0
2018-05-27 16:53:23.906,219.04,0.0921137294697,0.0,0
2018-05-27 16:53:24.068,219.07,0.0921137294697,0.0,0
2018-05-27 16:53:24.254,218.56,0.0921137294697,0.0,0
2018-05-27 16:53:24.338,219.15,0.0921137294697,0.0,0
2018-05-27 16:53:24.710,218.89,0.0921137294697,0.0,0
2018-05-27 16:53:24.803,218.16,0.0921137294697,0.0,0
2018-05-27 16:53:24.896,218.55,0.0921137294697,0.0,0
2018-05-27 16:53:25.058,219.48,0.0921137294697,0.0,0
2018-05-27 16:53:25.235,219.24,0.0921137294697,0.0,0
2018-05-27 16:53:25.328,217.65,0.0921137294697,0.0,0
2018-05-27 16:53:25.794,217.5,0.0921137294697,0.0,0
2018-05-27 16:53:25.887,218.38,0.0921137294697,0.0,0
2018-05-27 16:53:26.040,218.29,0.0921137294697,0.0,0
2018-05-27 16:53:26.114,217.46,0.0921137294697,0.0,0
2018-05-27 16:53:26.216,218.06,0.0921137294697,0.0,0
2018-05-27 16:53:26.310,217.47,0.0921137294697,0.0,0
2018-05-27 16:53:26.393,218.31,0.0921137294697,0.0,0
2018-05-27 16:53:26.486,216.42,0.0921137294697,0.0,0
2018-05-27 16:53:26.579,216.36,0.0921137294697,0.0,0
2018-05-27 16:53:26.673,218.15,0.0921137294697,0.0,0
2018-05-27 16:53:26.766,217.45,0.0921137294697,0.0,0
2018-05-27 16:53:26.850,218.31,0.0921137294697,0.0,0
2018-05-27 16:53:27.011,216.67,0.0921137294697,0.0,0
2018-05-27 16:53:27.291,218.68,0.0921137294697,0.0,0
2018-05-27 16:53:27.468,218.92,0.0921137294697,0.0,0
2018-05-27 16:53:27.561,218.79,0.0921137294697,0.0,0
2018-05-27 16:53:27.654,218.52,0.0921137294697,0.0,0
2018-05-27 16:53:27.915,219.66,0.0921137294697,0.0,0
2018-05-27 16:53:28.356,219.98,0.0921137294697,0.0,0
2018-05-27 16:53:28.440,222.09,0.0921137294697,0.0,0
2018-05-27 16:53:28.533,220.33,0.0921137294697,0.0,0
2018-05-27 16:53:28.710,220.99,0.0921137294697,0.0,0
2018-05-27 16:53:28.803,221.63,0.0921137294697,0.0,0
2018-05-27 16:53:29.151,222.64,0.0921137294697,0.0,0
2018-05-27 16:53:29.244,222.55,0.0921137294697,0.0,0
2018-05-27 16:53:29.337,222.85,0.0921137294697,0.0,0
2018-05-27 16:53:29.430,223.04,0.0921137294697,0.0,0
2018-05-27 16:53:29.524,223.97,0.0921137294697,0.0,0
2018-05-27 16:53:29.700,223.8,0.0921137294697,0.0,0
2018-05-27 16:53:29.886,225.2,0.0921137294697,0.0,0
2018-05-27 16:53:30.048,224.47,0.0921137294697,0.0,0
2018-05-27 16:53:30.141,224.53,0.0921137294697,0.0,0
2018-05-27 16:53:30.234,224.11,0.0921137294697,0.0,0
2018-05-27 16:53:30.328,223.96,0.0921137294697,0.0,0
2018-05-27 16:53:30.505,223.98,0.0921137294697,0.0,0
2018-05-27 16:53:30.784,225.38,0.0921137294697,0.0,0
2018-05-27 16:53:30.877,225.99,0.0921137294697,0.0,0
2018-05-27 16:53:31.039,226.02,0.0921137294697,0.0,0
2018-05-27 16:53:31.132,225.64,0.0921137294697,0.0,0
2018-05-27 16:53:31.225,225.11,0.0921137294697,0.0,0
2018-05-27 16:53:31.402,226.5,0.0921137294697,0.0,0
2018-05-27 16:53:31.588,225.3,0.0921137294697,0.0,0
2018-05-27 16:53:31.681,225.37,0.0921137294697,0.0,0
2018-05-27 16:53:31.774,225.87,0.0921137294697,0.0,0
2018-05-27 16:53:32.309,226.89,0.0921137294697,0.0,0
2018-05-27 16:53:32.482,226.37,0.0921137294697,0.0,0
2018-05-27 16:53:32.570,226.04,0.0921137294697,0.0,0
2018-05-27 16:53:32.840,228.29,0.0921137294697,0.0,0
2018-05-27 16:53:33.002,227.46,0.0921137294697,0.0,0
2018-05-27 16:53:33.349,228.84,0.0921137294697,0.0,0
2018-05-27 16:53:33.439,228.3,0.0921137294697,0.0,0
2018-05-27 16:53:33.812,227.36,0.0921137294697,0.0,0
2018-05-27 16:53:33.906,227.72,0.0921137294697,0.0,0
2018-05-27 16:53:34.150,229.48,0.0921137294697,0.0,0
2018-05-27 16:53:34.430,229.11,0.0921137294697,0.0,0
2018-05-27 16:53:35.141,230.84,0.0921137294697,0.0,0
2018-05-27 16:53:35.420,230.33,0.0921137294697,0.0,0
2018-05-27 16:53:35.504,229.82,0.0921137294697,0.0,0
2018-05-27 16:53:35.597,229.94,0.0921137294697,0.0,0
2018-05-27 16:53:35.690,230.54,0.0921137294697,0.0,0
2018-05-27 16:53:35.784,230.6,0.0921137294697,0.0,0
2018-05-27 16:53:35.867,231.24,0.0921137294697,0.0,0
2018-05-27 16:53:36.029,231.3,0.0921137294697,0.0,0
2018-05-27 16:53:36.215,231.44,0.0921137294697,0.0,0
2018-05-27 16:53:36.308,231.28,0.0921137294697,0.0,0
2018-05-27 16:53:36.402,231.44,0.0921137294697,0.0,0
2018-05-27 16:53:37.290,228.26,0.0921137294697,0.0,0
2018-05-27 16:53:37.373,229.13,0.0921137294697,0.0,0
2018-05-27 16:53:37.555,227.11,0.0921137294697,0.0,0
2018-05-27 16:53:37.644,226.7,0.0921137294697,0.0,0
2018-05-27 16:53:37.727,225.23,0.0921137294697,0.0,0
2018-05-27 16:53:37.802,224.9,0.0921137294697,0.0,0
2018-05-27 16:53:38.075,225.18,0.0921137294697,0.0,0
2018-05-27 16:53:38.439,224.25,0.0921137294697,0.0,0
2018-05-27 16:53:38.532,225.39,0.0921137294697,0.0,0
2018-05-27 16:53:38.625,224.91,0.0921137294697,0.0,0
2018-05-27 16:53:38.904,221.79,0.0921137294697,0.0,0
2018-05-27 16:53:39.066,221.94,0.0921137294697,0.0,0
2018-05-27 16:53:39.159,221.85,0.0921137294697,0.0,0
2018-05-27 16:53:39.522,219.32,0.0921137294697,0.0,0
2018-05-27 16:53:39.615,219.58,0.0921137294697,0.0,0
2018-05-27 16:53:39.709,221.26,0.0921137294697,0.0,0
2018-05-27 16:53:40.150,220.82,0.0921137294697,0.0,0
2018-05-27 16:53:40.420,219.64,0.0921137294697,0.0,0
2018-05-27 16:53:40.513,218.2,0.0921137294697,0.0,0
2018-05-27 16:53:40.597,219.57,0.0921137294697,0.0,0
2018-05-27 16:53:41.578,220.73,0.0921137294697,0.0,0
2018-05-27 16:53:41.671,220.74,0.0921137294697,0.0,0
2018-05-27 16:53:42.196,221.51,0.0921137294697,0.0,0
2018-05-27 16:53:42.289,222.19,0.0921137294697,0.0,0
2018-05-27 16:53:42.382,222.4,0.0921137294697,0.0,0
2018-05-27 16:53:42.746,224.44,0.0921137294697,0.0,0
2018-05-27 16:53:42.839,223.0,0.0921137294697,0.0,0
2018-05-27 16:53:42.927,223.0,0.0921137294697,0.0,0
2018-05-27 16:53:43.084,224.15,0.0921137294697,0.0,0
2018-05-27 16:53:43.168,223.45,0.0921137294697,0.0,0
2018-05-27 16:53:43.345,222.84,0.0921137294697,0.0,0
2018-05-27 16:53:43.430,223.97,0.0921137294697,0.0,0
2018-05-27 16:53:43.876,223.39,0.0921137294697,0.0,0
2018-05-27 16:53:44.038,223.69,0.0921137294697,0.0,0
2018-05-27 16:53:44.124,222.58,0.0921137294697,0.0,0
2018-05-27 16:53:44.214,223.46,0.0921137294697,0.0,0
2018-05-27 16:53:44.308,222.7,0.0921137294697,0.0,0
2018-05-27 16:53:44.494,221.47,0.0921137294697,0.0,0
2018-05-27 16:53:44.588,222.41,0.0921137294697,0.0,0
2018-05-27 16:53:44.680,223.05,0.0921137294697,0.0,0
2018-05-27 16:53:44.773,222.2,0.0921137294697,0.0,0
2018-05-27 16:53:45.028,221.0,0.0921137294697,0.0,0
2018-05-27 16:53:45.121,222.58,0.0921137294697,0.0,0
2018-05-27 16:53:45.215,222.36,0.0921137294697,0.0,0
2018-05-27 16:53:45.298,221.22,0.0921137294697,0.0,0
2018-05-27 16:53:45.382,220.68,0.0921137294697,0.0,0
2018-05-27 16:53:45.568,222.28,0.0921137294697,0.0,0
2018-05-27 16:53:45.661,221.34,0.0921137294697,0.0,0
2018-05-27 16:53:45.754,220.4,0.0921137294697,0.0,0
2018-05-27 16:53:45.848,220.99,0.0921137294697,0.0,0
2018-05-27 16:53:46.009,221.02,0.0921137294697,0.0,0
2018-05-27 16:53:46.103,221.86,0.0921137294697,0.0,0
2018-05-27 16:53:46.186,220.38,0.0921137294697,0.0,0
2018-05-27 16:53:46.279,221.09,0.0921137294697,0.0,0
2018-05-27 16:53:46.372,220.66,0.0921137294697,0.0,0
2018-05-27 16:53:46.456,221.51,0.0921137294697,0.0,0
2018-05-27 16:53:46.540,219.55,0.0921137294697,0.0,0
2018-05-27 16:53:46.726,220.52,0.0921137294697,0.0,0
2018-05-27 16:53:46.820,219.89,0.0921137294697,0.0,0
2018-05-27 16:53:46.903,220.42,0.0921137294697,0.0,0
2018-05-27 16:53:47.065,219.91,0.0921137294697,0.0,0
2018-05-27 16:53:47.158,220.14,0.0921137294697,0.0,0
2018-05-27 16:53:47.251,220.65,0.0921137294697,0.0,0
2018-05-27 16:53:47.335,220.5,0.0921137294697,0.0,0
2018-05-27 16:53:47.521,221.74,0.0921137294697,0.0,0
2018-05-27 16:53:47.614,221.34,0.0921137294697,0.0,0
2018-05-27 16:53:47.708,220.78,0.0921137294697,0.0,0
2018-05-27 16:53:47.791,221.94,0.0921137294697,0.0,0
2018-05-27 16:53:47.884,221.28,0.0921137294697,0.0,0
2018-05-27 16:53:48.046,221.9,0.0921137294697,0.0,0
2018-05-27 16:53:48.139,222.12,0.0921137294697,0.0,0
2018-05-27 16:53:48.232,223.27,0.0921137294697,0.0,0
2018-05-27 16:53:48.325,222.86,0.0921137294697,0.0,0
2018-05-27 16:53:48.418,223.64,0.0921137294697,0.0,0
2018-05-27 16:53:48.502,223.8,0.0921137294697,0.0,0
2018-05-27 16:53:48.586,222.11,0.0921137294697,0.0,0
2018-05-27 16:53:48.679,223.49,0.0921137294697,0.0,0
2018-05-27 16:53:48.772,224.81,0.0921137294697,0.0,0
2018-05-27 16:53:48.865,224.68,0.0921137294697,0.0,0
2018-05-27 16:53:49.027,223.97,0.0921137294697,0.0,0
2018-05-27 16:53:49.120,223.92,0.0921137294697,0.0,0
2018-05-27 16:53:49.213,224.79,0.0921137294697,0.0,0
2018-05-27 16:53:49.306,224.7,0.0921137294697,0.0,0
2018-05-27 16:53:49.399,225.95,0.0921137294697,0.0,0
2018-05-27 16:53:49.474,226.04,0.0921137294697,0.0,0
2018-05-27 16:53:49.567,226.16,0.0921137294697,0.0,0
2018-05-27 16:53:49.660,225.81,0.0921137294697,0.0,0
2018-05-27 16:53:49.753,225.0,0.0921137294697,0.0,0
2018-05-27 16:53:49.846,224.88,0.0921137294697,0.0,0
2018-05-27 16:53:50.008,225.05,0.0921137294697,0.0,0
2018-05-27 16:53:50.101,225.85,0.0921137294697,0.0,0
2018-05-27 16:53:50.194,226.93,0.0921137294697,0.0,0
2018-05-27 16:53:50.287,226.85,0.0921137294697,0.0,0
2018-05-27 16:53:50.464,226.18,0.0921137294697,0.0,0
2018-05-27 16:53:50.557,226.81,0.0921137294697,0.0,0
2018-05-27 16:53:50.651,228.01,0.0921137294697,0.0,0
2018-05-27 16:53:50.744,227.66,0.0921137294697,0.0,0
2018-05-27 16:53:50.837,227.97,0.0921137294697,0.0,0
2018-05-27 16:53:50.930,228.39,0.0921137294697,0.0,0
2018-05-27 16:53:51.175,227.8,0.0921137294697,0.0,0
2018-05-27 16:53:51.260,226.73,0.0921137294697,0.0,0
2018-05-27 16:53:51.436,228.95,0.0921137294697,0.0,0
2018-05-27 16:53:51.529,228.52,0.0921137294697,0.0,0
2018-05-27 16:53:51.715,228.16,0.0921137294697,0.0,0
2018-05-27 16:53:51.808,228.46,0.0921137294697,0.0,0
2018-05-27 16:53:51.902,228.47,0.0921137294697,0.0,0
2018-05-27 16:53:52.063,228.19,0.0921137294697,0.0,0
2018-05-27 16:53:52.250,229.37,0.0921137294697,0.0,0
2018-05-27 16:53:52.333,230.54,0.0921137294697,0.0,0
2018-05-27 16:53:52.426,229.9,0.0921137294697,0.0,0
2018-05-27 16:53:52.613,231.13,0.0921137294697,0.0,0
2018-05-27 16:53:52.799,230.37,0.0921137294697,0.0,0
2018-05-27 16:53:53.147,230.94,0.0921137294697,0.0,0
2018-05-27 16:53:53.324,231.45,0.0921137294697,0.0,0
2018-05-27 16:53:53.501,231.24,0.0921137294697,0.0,0
2018-05-27 16:53:53.687,231.98,0.0921137294697,0.0,0
2018-05-27 16:53:53.780,232.25,0.0921137294697,0.0,0
2018-05-27 16:53:53.873,232.26,0.0921137294697,0.0,0
2018-05-27 16:53:54.668,233.93,0.0921137294697,0.0,0
2018-05-27 16:53:54.761,233.7,0.0921137294697,0.0,0
2018-05-27 16:53:54.854,234.08,0.0921137294697,0.0,0
2018-05-27 16:53:55.016,234.95,0.0921137294697,0.0,0
2018-05-27 16:53:55.109,234.6,0.0921137294697,0.0,0
2018-05-27 16:53:55.193,233.16,0.0921137294697,0.0,0
2018-05-27 16:53:55.286,233.28,0.0921137294697,0.0,0
2018-05-27 16:53:55.370,233.97,0.0921137294697,0.0,0
2018-05-27 16:53:55.463,233.07,0.0921137294697,0.0,0
2018-05-27 16:53:55.649,234.25,0.0921137294697,0.0,0
2018-05-27 16:53:55.835,233.67,0.0921137294697,0.0,0
2018-05-27 16:53:55.924,235.43,0.0921137294697,0.0,0
2018-05-27 16:53:56.081,234.84,0.0921137294697,0.0,0
2018-05-27 16:53:56.165,235.17,0.0921137294697,0.0,0
2018-05-27 16:53:56.258,236.12,0.0921137294697,0.0,0
2018-05-27 16:53:56.342,235.02,0.0921137294697,0.0,0
2018-05-27 16:53:56.621,232.43,0.0921137294697,0.0,0
2018-05-27 16:53:56.798,232.55,0.0921137294697,0.0,0
2018-05-27 16:53:56.891,232.27,0.0921137294697,0.0,0
2018-05-27 16:53:57.425,228.0,0.0921137294697,0.0,0
2018-05-27 16:53:57.509,225.25,0.0921137294697,0.0,0
2018-05-27 16:53:57.594,225.23,0.0921137294697,0.0,0
2018-05-27 16:53:57.686,223.16,0.0921137294697,0.0,0
2018-05-27 16:53:57.872,222.84,0.0921137294697,0.0,0
2018-05-27 16:53:58.024,221.92,0.0921137294697,0.0,0
2018-05-27 16:53:58.118,221.98,0.0921137294697,0.0,0
2018-05-27 16:53:58.304,221.69,0.0921137294697,0.0,0
2018-05-27 16:53:58.388,220.31,0.0921137294697,0.0,0
2018-05-27 16:53:58.574,218.61,0.0921137294697,0.0,0
2018-05-27 16:53:58.667,217.9,0.0921137294697,0.0,0
2018-05-27 16:53:58.761,217.77,0.0921137294697,0.0,0
2018-05-27 16:53:58.853,218.45,0.0921137294697,0.0,0
2018-05-27 16:53:59.015,216.01,0.0921137294697,0.0,0
2018-05-27 16:53:59.108,216.66,0.0921137294697,0.0,0
2018-05-27 16:53:59.201,216.67,0.0921137294697,0.0,0
2018-05-27 16:53:59.294,215.32,0.0921137294697,0.0,0
2018-05-27 16:53:59.378,216.95,0.0921137294697,0.0,0
2018-05-27 16:53:59.471,215.63,0.0921137294697,0.0,0
2018-05-27 16:53:59.564,216.56,0.0921137294697,0.0,0
2018-05-27 16:53:59.657,215.87,0.0921137294697,0.0,0
2018-05-27 16:53:59.750,216.1,0.0921137294697,0.0,0
2018-05-27 16:53:59.844,217.09,0.0921137294697,0.0,0
2018-05-27 16:54:00.006,216.42,0.0921137294697,0.0,0
2018-05-27 16:54:00.098,215.77,0.0921137294697,0.0,0
2018-05-27 16:54:00.192,216.61,0.0921137294697,0.0,0
2018-05-27 16:54:00.285,217.4,0.0921137294697,0.0,0
2018-05-27 16:54:00.368,216.66,0.0921137294697,0.0,0
2018-05-27 16:54:00.462,215.34,0.0921137294697,0.0,0
2018-05-27 16:54:00.555,215.71,0.0921137294697,0.0,0
2018-05-27 16:54:00.648,216.91,0.0921137294697,0.0,0
2018-05-27 16:54:00.741,216.0,0.0921137294697,0.0,0
2018-05-27 16:54:00.834,215.75,0.0921137294697,0.0,0
2018-05-27 16:54:00.927,217.51,0.0921137294697,0.0,0
2018-05-27 16:54:01.089,216.58,0.0921137294697,0.0,0
2018-05-27 16:54:01.182,216.62,0.0921137294697,0.0,0
2018-05-27 16:54:01.365,216.8,0.0921137294697,0.0,0
2018-05-27 16:54:01.452,218.13,0.0921137294697,0.0,0
2018-05-27 16:54:01.629,219.38,0.0921137294697,0.0,0
2018-05-27 16:54:01.722,217.08,0.0921137294697,0.0,0
2018-05-27 16:54:01.815,218.83,0.0921137294697,0.0,0
2018-05-27 16:54:02.163,218.01,0.0921137294697,0.0,0
2018-05-27 16:54:02.257,218.92,0.0921137294697,0.0,0
2018-05-27 16:54:02.340,218.58,0.0921137294697,0.0,0
2018-05-27 16:54:02.433,219.65,0.0921137294697,0.0,0
2018-05-27 16:54:02.526,220.59,0.0921137294697,0.0,0
2018-05-27 16:54:02.619,219.97,0.0921137294697,0.0,0
2018-05-27 16:54:02.712,219.78,0.0921137294697,0.0,0
2018-05-27 16:54:02.899,220.83,0.0921137294697,0.0,0
2018-05-27 16:54:03.721,219.33,0.0921137294697,0.0,0
2018-05-27 16:54:03.815,219.16,0.0921137294697,0.0,0
2018-05-27 16:54:03.908,220.17,0.0921137294697,0.0,0
2018-05-27 16:54:04.256,218.15,0.0921137294697,0.0,0
2018-05-27 16:54:04.340,218.13,0.0921137294697,0.0,0
2018-05-27 16:54:04.433,218.63,0.0921137294697,0.0,0
2018-05-27 16:54:04.526,218.62,0.0921137294697,0.0,0
2018-05-27 16:54:04.619,217.55,0.0921137294697,0.0,0
2018-05-27 16:54:04.805,218.63,0.0921137294697,0.0,0
2018-05-27 16:54:05.153,218.81,0.0921137294697,0.0,0
2018-05-27 16:54:05.330,218.01,0.0921137294697,0.0,0
2018-05-27 16:54:05.516,216.53,0.0921137294697,0.0,0
2018-05-27 16:54:05.609,216.86,0.0921137294697,0.0,0
2018-05-27 16:54:05.702,215.9,0.0921137294697,0.0,0
2018-05-27 16:54:05.795,214.66,0.0921137294697,0.0,0
2018-05-27 16:54:05.889,215.32,0.0921137294697,0.0,0
2018-05-27 16:54:06.050,213.37,0.0921137294697,0.0,0
2018-05-27 16:54:06.236,213.01,0.0921137294697,0.0,0
2018-05-27 16:54:06.330,211.47,0.0921137294697,0.0,0
2018-05-27 16:54:06.600,210.0,0.0921137294697,0.0,0
2018-05-27 16:54:06.693,210.06,0.0921137294697,0.0,0
2018-05-27 16:54:06.879,210.6,0.0921137294697,0.0,0
2018-05-27 16:54:07.041,210.93,0.0921137294697,0.0,0
2018-05-27 16:54:07.134,210.57,0.0921137294697,0.0,0
2018-05-27 16:54:07.320,210.56,0.0921137294697,0.0,0
2018-05-27 16:54:07.413,212.2,0.0921137294697,0.0,0
2018-05-27 16:54:07.497,211.24,0.0921137294697,0.0,0
2018-05-27 16:54:07.581,211.21,0.0921137294697,0.0,0
2018-05-27 16:54:07.674,211.86,0.0921137294697,0.0,0
2018-05-27 16:54:07.767,212.36,0.0921137294697,0.0,0
2018-05-27 16:54:07.860,213.55,0.0921137294697,0.0,0
2018-05-27 16:54:08.022,212.62,0.0921137294697,0.0,0
2018-05-27 16:54:08.208,214.6,0.0921137294697,0.0,0
2018-05-27 16:54:08.301,213.52,0.0921137294697,0.0,0
2018-05-27 16:54:08.385,212.87,0.0921137294697,0.0,0
2018-05-27 16:54:08.478,214.56,0.0921137294697,0.0,0
2018-05-27 16:54:08.571,214.94,0.0921137294697,0.0,0
2018-05-27 16:54:08.664,214.2,0.0921137294697,0.0,0
2018-05-27 16:54:08.757,215.65,0.0921137294697,0.0,0
2018-05-27 16:54:08.851,216.56,0.0921137294697,0.0,0
2018-05-27 16:54:09.012,215.66,0.0921137294697,0.0,0
2018-05-27 16:54:09.375,217.16,0.0921137294697,0.0,0
2018-05-27 16:54:09.469,217.44,0.0921137294697,0.0,0
2018-05-27 16:54:09.562,218.31,0.0921137294697,0.0,0
2018-05-27 16:54:10.096,217.43,0.0921137294697,0.0,0
2018-05-27 16:54:10.282,219.42,0.0921137294697,0.0,0
2018-05-27 16:54:10.366,218.13,0.0921137294697,0.0,0
2018-05-27 16:54:10.459,220.31,0.0921137294697,0.0,0
2018-05-27 16:54:10.645,218.85,0.0921137294697,0.0,0
2018-05-27 16:54:10.739,219.89,0.0921137294697,0.0,0
2018-05-27 16:54:10.925,220.27,0.0921137294697,0.0,0
2018-05-27 16:54:11.701,223.02,0.0921137294697,0.0,0
2018-05-27 16:54:11.896,221.98,0.0921137294697,0.0,0
2018-05-27 16:54:12.058,223.42,0.0921137294697,0.0,0
2018-05-27 16:54:12.151,223.83,0.0921137294697,0.0,0
2018-05-27 16:54:12.421,224.37,0.0921137294697,0.0,0
2018-05-27 16:54:12.514,223.73,0.0921137294697,0.0,0
2018-05-27 16:54:12.784,223.64,0.0921137294697,0.0,0
2018-05-27 16:54:13.030,224.56,0.0921137294697,0.0,0
2018-05-27 16:54:13.207,225.92,0.0921137294697,0.0,0
2018-05-27 16:54:13.570,226.5,0.0921137294697,0.0,0
2018-05-27 16:54:14.011,224.34,0.0921137294697,0.0,0
2018-05-27 16:54:14.104,225.63,0.0921137294697,0.0,0
2018-05-27 16:54:14.197,225.19,0.0921137294697,0.0,0
2018-05-27 16:54:14.290,225.56,0.0921137294697,0.0,0
2018-05-27 16:54:15.458,227.34,0.0921137294697,0.0,0
2018-05-27 16:54:15.551,227.66,0.0921137294697,0.0,0
2018-05-27 16:54:16.080,228.22,0.0921137294697,0.0,0
2018-05-27 16:54:16.346,228.81,0.0921137294697,0.0,0
2018-05-27 16:54:16.523,228.24,0.0921137294697,0.0,0
2018-05-27 16:54:16.802,229.33,0.0921137294697,0.0,0
2018-05-27 16:54:16.895,228.59,0.0921137294697,0.0,0
2018-05-27 16:54:17.057,229.14,0.0921137294697,0.0,0
2018-05-27 16:54:17.504,228.85,0.0921137294697,0.0,0
2018-05-27 16:54:17.597,228.55,0.0921137294697,0.0,0
2018-05-27 16:54:17.774,226.49,0.0921137294697,0.0,0
2018-05-27 16:54:18.112,222.43,0.0921137294697,0.0,0
2018-05-27 16:54:18.476,221.09,0.0921137294697,0.0,0
2018-05-27 16:54:18.569,219.9,0.0921137294697,0.0,0
2018-05-27 16:54:18.662,218.6,0.0921137294697,0.0,0
2018-05-27 16:54:18.756,219.21,0.0921137294697,0.0,0
2018-05-27 16:54:19.187,217.91,0.0921137294697,0.0,0
2018-05-27 16:54:19.364,217.61,0.0921137294697,0.0,0
2018-05-27 16:54:19.453,217.81,0.0921137294697,0.0,0
2018-05-27 16:54:19.541,217.24,0.0921137294697,0.0,0
2018-05-27 16:54:19.904,217.54,0.0921137294697,0.0,0
2018-05-27 16:54:20.149,215.56,0.0921137294697,0.0,0
2018-05-27 16:54:20.429,215.18,0.0921137294697,0.0,0
2018-05-27 16:54:20.801,215.43,0.0921137294697,0.0,0
2018-05-27 16:54:21.233,215.47,0.0921137294697,0.0,0
2018-05-27 16:54:21.419,216.09,0.0921137294697,0.0,0
2018-05-27 16:54:22.307,218.02,0.0921137294697,0.0,0
2018-05-27 16:54:22.484,218.41,0.0921137294697,0.0,0
2018-05-27 16:54:22.577,216.8,0.0921137294697,0.0,0
2018-05-27 16:54:22.670,217.55,0.0921137294697,0.0,0
2018-05-27 16:54:22.763,218.91,0.0921137294697,0.0,0
2018-05-27 16:54:22.856,218.62,0.0921137294697,0.0,0
2018-05-27 16:54:23.195,219.12,0.0921137294697,0.0,0
2018-05-27 16:54:23.643,220.0,0.0921137294697,0.0,0
2018-05-27 16:54:23.921,219.39,0.0921137294697,0.0,0
2018-05-27 16:54:24.078,221.02,0.0921137294697,0.0,0
2018-05-27 16:54:24.167,220.37,0.0921137294697,0.0,0
2018-05-27 16:54:24.343,219.9,0.0921137294697,0.0,0
2018-05-27 16:54:24.427,221.38,0.0921137294697,0.0,0
2018-05-27 16:54:24.613,220.26,0.0921137294697,0.0,0
2018-05-27 16:54:24.707,220.6,0.0921137294697,0.0,0
2018-05-27 16:54:25.678,220.51,0.0921137294697,0.0,0
2018-05-27 16:54:25.772,220.12,0.0921137294697,0.0,0
2018-05-27 16:54:25.855,219.92,0.0921137294697,0.0,0
2018-05-27 16:54:26.110,220.75,0.0921137294697,0.0,0
2018-05-27 16:54:26.203,220.51,0.0921137294697,0.0,0
2018-05-27 16:54:26.297,219.83,0.0921137294697,0.0,0
2018-05-27 16:54:26.389,219.69,0.0921137294697,0.0,0
2018-05-27 16:54:26.473,219.09,0.0921137294697,0.0,0
2018-05-27 16:54:26.566,219.79,0.0921137294697,0.0,0
2018-05-27 16:54:26.660,220.36,0.0921137294697,0.0,0
2018-05-27 16:54:26.743,219.14,0.0921137294697,0.0,0
2018-05-27 16:54:26.836,220.4,0.0921137294697,0.0,0
2018-05-27 16:54:26.929,219.59,0.0921137294697,0.0,0
2018-05-27 16:54:27.091,218.67,0.0921137294697,0.0,0
2018-05-27 16:54:27.184,219.04,0.0921137294697,0.0,0
2018-05-27 16:54:27.277,220.04,0.0921137294697,0.0,0
2018-05-27 16:54:27.370,219.42,0.0921137294697,0.0,0
2018-05-27 16:54:27.548,219.3,0.0921137294697,0.0,0
2018-05-27 16:54:27.808,219.77,0.0921137294697,0.0,0
2018-05-27 16:54:27.901,218.61,0.0921137294697,0.0,0
2018-05-27 16:54:28.063,218.9,0.0921137294697,0.0,0
2018-05-27 16:54:28.156,218.72,0.0921137294697,0.0,0
2018-05-27 16:54:28.249,220.31,0.0921137294697,0.0,0
2018-05-27 16:54:28.333,219.47,0.0921137294697,0.0,0
2018-05-27 16:54:28.519,219.65,0.0921137294697,0.0,0
2018-05-27 16:54:28.612,220.28,0.0921137294697,0.0,0
2018-05-27 16:54:28.705,220.66,0.0921137294697,0.0,0
2018-05-27 16:54:28.892,221.04,0.0921137294697,0.0,0
2018-05-27 16:54:29.053,220.74,0.0921137294697,0.0,0
2018-05-27 16:54:29.146,220.31,0.0921137294697,0.0,0
2018-05-27 16:54:29.239,222.83,0.0921137294697,0.0,0
2018-05-27 16:54:29.333,222.52,0.0921137294697,0.0,0
2018-05-27 16:54:29.509,222.83,0.0921137294697,0.0,0
2018-05-27 16:54:29.603,223.89,0.0921137294697,0.0,0
2018-05-27 16:54:29.789,223.12,0.0921137294697,0.0,0
2018-05-27 16:54:29.882,222.78,0.0921137294697,0.0,0
2018-05-27 16:54:30.137,224.4,0.0921137294697,0.0,0
2018-05-27 16:54:30.230,224.47,0.0921137294697,0.0,0
2018-05-27 16:54:30.407,225.33,0.0921137294697,0.0,0
2018-05-27 16:54:30.500,225.01,0.0921137294697,0.0,0
2018-05-27 16:54:30.584,224.94,0.0921137294697,0.0,0
2018-05-27 16:54:30.677,225.5,0.0921137294697,0.0,0
2018-05-27 16:54:30.770,224.84,0.0921137294697,0.0,0
2018-05-27 16:54:30.863,225.4,0.0921137294697,0.0,0
2018-05-27 16:54:31.114,226.06,0.0921137294697,0.0,0
2018-05-27 16:54:31.202,225.43,0.0921137294697,0.0,0
2018-05-27 16:54:31.295,225.01,0.0921137294697,0.0,0
2018-05-27 16:54:31.388,224.52,0.0921137294697,0.0,0
2018-05-27 16:54:31.481,225.44,0.0921137294697,0.0,0
2018-05-27 16:54:31.574,225.01,0.0921137294697,0.0,0
2018-05-27 16:54:31.667,225.38,0.0921137294697,0.0,0
2018-05-27 16:54:31.854,227.21,0.0921137294697,0.0,0
2018-05-27 16:54:32.099,226.65,0.0921137294697,0.0,0
2018-05-27 16:54:32.192,226.94,0.0921137294697,0.0,0
2018-05-27 16:54:32.285,227.68,0.0921137294697,0.0,0
2018-05-27 16:54:32.378,228.04,0.0921137294697,0.0,0
2018-05-27 16:54:32.462,226.72,0.0921137294697,0.0,0
2018-05-27 16:54:32.555,227.13,0.0921137294697,0.0,0
2018-05-27 16:54:32.649,226.93,0.0921137294697,0.0,0
2018-05-27 16:54:32.918,227.43,0.0921137294697,0.0,0
2018-05-27 16:54:33.075,228.17,0.0921137294697,0.0,0
2018-05-27 16:54:33.164,228.29,0.0921137294697,0.0,0
2018-05-27 16:54:33.248,228.43,0.0921137294697,0.0,0
2018-05-27 16:54:33.332,228.97,0.0921137294697,0.0,0
2018-05-27 16:54:33.425,228.38,0.0921137294697,0.0,0
2018-05-27 16:54:33.601,229.68,0.0921137294697,0.0,0
2018-05-27 16:54:33.694,230.33,0.0921137294697,0.0,0
2018-05-27 16:54:33.788,230.5,0.0921137294697,0.0,0
2018-05-27 16:54:34.042,231.05,0.0921137294697,0.0,0
2018-05-27 16:54:34.136,230.22,0.0921137294697,0.0,0
2018-05-27 16:54:34.499,230.07,0.0921137294697,0.0,0
2018-05-27 16:54:34.592,230.44,0.0921137294697,0.0,0
2018-05-27 16:54:34.685,230.84,0.0921137294697,0.0,0
2018-05-27 16:54:34.778,231.44,0.0921137294697,0.0,0
2018-05-27 16:54:34.871,231.29,0.0921137294697,0.0,0
2018-05-27 16:54:35.033,231.51,0.0921137294697,0.0,0
2018-05-27 16:54:35.126,232.43,0.0921137294697,0.0,0
2018-05-27 16:54:35.219,232.47,0.0921137294697,0.0,0
2018-05-27 16:54:35.405,232.27,0.0921137294697,0.0,0
2018-05-27 16:54:35.489,231.95,0.0921137294697,0.0,0
2018-05-27 16:54:35.582,231.92,0.0921137294697,0.0,0
2018-05-27 16:54:35.666,232.35,0.0921137294697,0.0,0
2018-05-27 16:54:35.852,232.4,0.0921137294697,0.0,0
2018-05-27 16:54:36.014,232.02,0.0921137294697,0.0,0
2018-05-27 16:54:36.293,232.81,0.0921137294697,0.0,0
2018-05-27 16:54:36.377,233.79,0.0921137294697,0.0,0
2018-05-27 16:54:36.470,233.96,0.0921137294697,0.0,0
2018-05-27 16:54:36.563,233.53,0.0921137294697,0.0,0
2018-05-27 16:54:36.749,234.47,0.0921137294697,0.0,0
2018-05-27 16:54:36.843,233.94,0.0921137294697,0.0,0
2018-05-27 16:54:37.368,232.93,0.0921137294697,0.0,0
2018-05-27 16:54:37.461,232.34,0.0921137294697,0.0,0
2018-05-27 16:54:37.833,228.38,0.0921137294697,0.0,0
2018-05-27 16:54:37.926,227.7,0.0921137294697,0.0,0
2018-05-27 16:54:38.358,223.95,0.0921137294697,0.0,0
2018-05-27 16:54:38.544,221.85,0.0921137294697,0.0,0
2018-05-27 16:54:38.823,219.87,0.0921137294697,0.0,0
2018-05-27 16:54:39.074,220.03,0.0921137294697,0.0,0
2018-05-27 16:54:39.330,220.09,0.0921137294697,0.0,0
2018-05-27 16:54:39.423,219.43,0.0921137294697,0.0,0
2018-05-27 16:54:39.516,217.8,0.0921137294697,0.0,0
2018-05-27 16:54:39.609,217.78,0.0921137294697,0.0,0
2018-05-27 16:54:39.795,216.53,0.0921137294697,0.0,0
2018-05-27 16:54:39.888,217.39,0.0921137294697,0.0,0
2018-05-27 16:54:40.041,216.64,0.0921137294697,0.0,0
2018-05-27 16:54:40.134,217.28,0.0921137294697,0.0,0
2018-05-27 16:54:40.404,217.3,0.0921137294697,0.0,0
2018-05-27 16:54:40.497,216.62,0.0921137294697,0.0,0
2018-05-27 16:54:40.590,217.24,0.0921137294697,0.0,0
2018-05-27 16:54:40.683,218.38,0.0921137294697,0.0,0
2018-05-27 16:54:40.776,216.91,0.0921137294697,0.0,0
2018-05-27 16:54:40.870,216.51,0.0921137294697,0.0,0
2018-05-27 16:54:41.106,217.57,0.0921137294697,0.0,0
2018-05-27 16:54:41.199,217.25,0.0921137294697,0.0,0
2018-05-27 16:54:41.469,218.29,0.0921137294697,0.0,0
2018-05-27 16:54:41.562,217.44,0.0921137294697,0.0,0
2018-05-27 16:54:41.646,217.74,0.0921137294697,0.0,0
2018-05-27 16:54:41.739,216.5,0.0921137294697,0.0,0
2018-05-27 16:54:41.832,216.61,0.0921137294697,0.0,0
2018-05-27 16:54:41.925,218.45,0.0921137294697,0.0,0
2018-05-27 16:54:42.087,217.66,0.0921137294697,0.0,0
2018-05-27 16:54:42.180,217.48,0.0921137294697,0.0,0
2018-05-27 16:54:42.450,219.46,0.0921137294697,0.0,0
2018-05-27 16:54:42.543,219.4,0.0921137294697,0.0,0
2018-05-27 16:54:42.711,218.06,0.0921137294697,0.0,0
2018-05-27 16:54:42.794,217.89,0.0921137294697,0.0,0
2018-05-27 16:54:43.044,219.52,0.0921137294697,0.0,0
2018-05-27 16:54:43.226,221.39,0.0921137294697,0.0,0
2018-05-27 16:54:43.319,220.98,0.0921137294697,0.0,0
2018-05-27 16:54:43.496,222.62,0.0921137294697,0.0,0
2018-05-27 16:54:43.776,221.01,0.0921137294697,0.0,0
2018-05-27 16:54:43.859,221.77,0.0921137294697,0.0,0
2018-05-27 16:54:44.021,221.8,0.0921137294697,0.0,0
2018-05-27 16:54:44.114,221.52,0.0921137294697,0.0,0
2018-05-27 16:54:44.477,222.44,0.0921137294697,0.0,0
2018-05-27 16:54:44.757,219.98,0.0921137294697,0.0,0
2018-05-27 16:54:44.850,220.5,0.0921137294697,0.0,0
2018-05-27 16:54:45.002,219.48,0.0921137294697,0.0,0
2018-05-27 16:54:45.189,218.43,0.0921137294697,0.0,0
2018-05-27 16:54:45.370,217.38,0.0921137294697,0.0,0
2018-05-27 16:54:45.459,218.38,0.0921137294697,0.0,0
2018-05-27 16:54:45.635,217.17,0.0921137294697,0.0,0
2018-05-27 16:54:45.728,218.74,0.0921137294697,0.0,0
2018-05-27 16:54:45.822,217.71,0.0921137294697,0.0,0
2018-05-27 16:54:45.916,217.63,0.0921137294697,0.0,0
2018-05-27 16:54:46.067,215.92,0.0921137294697,0.0,0
2018-05-27 16:54:46.151,216.93,0.0921137294697,0.0,0
2018-05-27 16:54:46.337,215.03,0.0921137294697,0.0,0
2018-05-27 16:54:46.421,215.23,0.0921137294697,0.0,0
2018-05-27 16:54:46.514,216.02,0.0921137294697,0.0,0
2018-05-27 16:54:46.607,215.39,0.0921137294697,0.0,0
2018-05-27 16:54:46.793,215.92,0.0921137294697,0.0,0
2018-05-27 16:54:47.225,215.74,0.0921137294697,0.0,0
2018-05-27 16:54:47.765,216.21,0.0921137294697,0.0,0
2018-05-27 16:54:47.858,215.37,0.0921137294697,0.0,0
2018-05-27 16:54:48.011,216.08,0.0921137294697,0.0,0
2018-05-27 16:54:48.104,214.06,0.0921137294697,0.0,0
2018-05-27 16:54:48.197,215.38,0.0921137294697,0.0,0
2018-05-27 16:54:48.290,215.46,0.0921137294697,0.0,0
2018-05-27 16:54:48.383,214.69,0.0921137294697,0.0,0
2018-05-27 16:54:48.560,214.85,0.0921137294697,0.0,0
2018-05-27 16:54:48.644,215.69,0.0921137294697,0.0,0
2018-05-27 16:54:48.830,217.44,0.0921137294697,0.0,0
2018-05-27 16:54:48.923,215.85,0.0921137294697,0.0,0
2018-05-27 16:54:49.178,217.91,0.0921137294697,0.0,0
2018-05-27 16:54:49.448,217.22,0.0921137294697,0.0,0
2018-05-27 16:54:49.537,218.9,0.0921137294697,0.0,0
2018-05-27 16:54:49.802,218.15,0.0921137294697,0.0,0
2018-05-27 16:54:49.895,219.2,0.0921137294697,0.0,0
2018-05-27 16:54:50.150,219.63,0.0921137294697,0.0,0
2018-05-27 16:54:50.243,219.52,0.0921137294697,0.0,0
2018-05-27 16:54:50.886,221.55,0.0921137294697,0.0,0
2018-05-27 16:54:51.140,222.94,0.0921137294697,0.0,0
2018-05-27 16:54:51.327,221.8,0.0921137294697,0.0,0
2018-05-27 16:54:51.410,223.49,0.0921137294697,0.0,0
2018-05-27 16:54:51.503,222.95,0.0921137294697,0.0,0
2018-05-27 16:54:51.690,223.17,0.0921137294697,0.0,0
2018-05-27 16:54:51.783,222.75,0.0921137294697,0.0,0
2018-05-27 16:54:51.876,224.71,0.0921137294697,0.0,0
2018-05-27 16:54:52.038,224.44,0.0921137294697,0.0,0
2018-05-27 16:54:52.131,223.8,0.0921137294697,0.0,0
2018-05-27 16:54:52.317,224.81,0.0921137294697,0.0,0
2018-05-27 16:54:52.401,225.19,0.0921137294697,0.0,0
2018-05-27 16:54:52.578,226.14,0.0921137294697,0.0,0
2018-05-27 16:54:52.671,226.2,0.0921137294697,0.0,0
2018-05-27 16:54:53.103,226.27,0.0921137294697,0.0,0
2018-05-27 16:54:53.186,225.55,0.0921137294697,0.0,0
2018-05-27 16:54:53.735,227.53,0.0921137294697,0.0,0
2018-05-27 16:54:53.922,227.73,0.0921137294697,0.0,0
2018-05-27 16:54:54.074,225.98,0.0921137294697,0.0,0
2018-05-27 16:54:54.353,228.3,0.0921137294697,0.0,0
2018-05-27 16:54:54.437,227.35,0.0921137294697,0.0,0
2018-05-27 16:54:54.522,227.9,0.0921137294697,0.0,0
2018-05-27 16:54:54.698,228.12,0.0921137294697,0.0,0
2018-05-27 16:54:55.139,229.9,0.0921137294697,0.0,0
2018-05-27 16:54:55.772,229.1,0.0921137294697,0.0,0
2018-05-27 16:54:56.101,229.57,0.0921137294697,0.0,0
2018-05-27 16:54:57.092,231.63,0.0921137294697,0.0,0
2018-05-27 16:54:57.185,231.87,0.0921137294697,0.0,0
2018-05-27 16:54:57.278,232.58,0.0921137294697,0.0,0
2018-05-27 16:54:57.361,230.82,0.0921137294697,0.0,0
2018-05-27 16:54:57.455,230.89,0.0921137294697,0.0,0
2018-05-27 16:54:57.548,231.14,0.0921137294697,0.0,0
2018-05-27 16:54:57.734,231.5,0.0921137294697,0.0,0
2018-05-27 16:54:57.827,231.26,0.0921137294697,0.0,0
2018-05-27 16:54:57.920,232.05,0.0921137294697,0.0,0
2018-05-27 16:54:58.268,231.73,0.0921137294697,0.0,0
2018-05-27 16:54:58.352,232.13,0.0921137294697,0.0,0
2018-05-27 16:54:58.631,229.25,0.0921137294697,0.0,0
2018-05-27 16:54:58.910,225.99,0.0921137294697,0.0,0
2018-05-27 16:54:59.705,220.02,0.0921137294697,0.0,0
2018-05-27 16:54:59.799,221.46,0.0921137294697,0.0,0
2018-05-27 16:55:00.053,219.54,0.0921137294697,0.0,0
2018-05-27 16:55:00.323,218.21,0.0921137294697,0.0,0
2018-05-27 16:55:00.602,217.17,0.0921137294697,0.0,0
2018-05-27 16:55:00.789,218.14,0.0921137294697,0.0,0
2018-05-27 16:55:01.304,217.28,0.0921137294697,0.0,0
2018-05-27 16:55:02.006,216.36,0.0921137294697,0.0,0
2018-05-27 16:55:02.192,217.88,0.0921137294697,0.0,0
2018-05-27 16:55:02.918,218.29,0.0921137294697,0.0,0
2018-05-27 16:55:03.443,220.5,0.0921137294697,0.0,0
2018-05-27 16:55:03.890,220.85,0.0921137294697,0.0,0
2018-05-27 16:55:04.052,221.79,0.0921137294697,0.0,0
2018-05-27 16:55:04.145,221.73,0.0921137294697,0.0,0
2018-05-27 16:55:04.332,222.34,0.0921137294697,0.0,0
2018-05-27 16:55:04.415,221.97,0.0921137294697,0.0,0
2018-05-27 16:55:04.694,220.98,0.0921137294697,0.0,0
2018-05-27 16:55:05.135,221.03,0.0921137294697,0.0,0
2018-05-27 16:55:05.228,219.57,0.0921137294697,0.0,0
2018-05-27 16:55:05.405,219.25,0.0921137294697,0.0,0
2018-05-27 16:55:05.498,218.97,0.0921137294697,0.0,0
2018-05-27 16:55:05.777,219.15,0.0921137294697,0.0,0
2018-05-27 16:55:06.032,220.34,0.0921137294697,0.0,0
2018-05-27 16:55:06.218,218.56,0.0921137294697,0.0,0
2018-05-27 16:55:06.312,218.89,0.0921137294697,0.0,0
2018-05-27 16:55:06.479,218.9,0.0921137294697,0.0,0
2018-05-27 16:55:06.572,218.83,0.0921137294697,0.0,0
2018-05-27 16:55:06.852,218.32,0.0921137294697,0.0,0
2018-05-27 16:55:07.013,217.98,0.0921137294697,0.0,0
2018-05-27 16:55:07.106,219.69,0.0921137294697,0.0,0
2018-05-27 16:55:07.293,217.59,0.0921137294697,0.0,0
2018-05-27 16:55:07.386,217.25,0.0921137294697,0.0,0
2018-05-27 16:55:07.479,218.64,0.0921137294697,0.0,0
2018-05-27 16:55:07.572,217.11,0.0921137294697,0.0,0
2018-05-27 16:55:07.665,216.68,0.0921137294697,0.0,0
2018-05-27 16:55:07.758,218.33,0.0921137294697,0.0,0
2018-05-27 16:55:07.851,217.36,0.0921137294697,0.0,0
2018-05-27 16:55:08.013,217.35,0.0921137294697,0.0,0
2018-05-27 16:55:08.106,218.45,0.0921137294697,0.0,0
2018-05-27 16:55:08.199,218.79,0.0921137294697,0.0,0
2018-05-27 16:55:08.283,218.55,0.0921137294697,0.0,0
2018-05-27 16:55:08.376,217.78,0.0921137294697,0.0,0
2018-05-27 16:55:08.460,218.06,0.0921137294697,0.0,0
2018-05-27 16:55:08.553,217.31,0.0921137294697,0.0,0
2018-05-27 16:55:08.646,217.41,0.0921137294697,0.0,0
2018-05-27 16:55:08.832,219.25,0.0921137294697,0.0,0
2018-05-27 16:55:08.925,217.51,0.0921137294697,0.0,0
2018-05-27 16:55:09.087,218.52,0.0921137294697,0.0,0
2018-05-27 16:55:09.171,218.32,0.0921137294697,0.0,0
2018-05-27 16:55:09.264,218.94,0.0921137294697,0.0,0
2018-05-27 16:55:09.348,219.14,0.0921137294697,0.0,0
2018-05-27 16:55:09.441,219.84,0.0921137294697,0.0,0
2018-05-27 16:55:09.534,220.65,0.0921137294697,0.0,0
2018-05-27 16:55:09.627,220.13,0.0921137294697,0.0,0
2018-05-27 16:55:09.720,219.95,0.0921137294697,0.0,0
2018-05-27 16:55:09.813,220.0,0.0921137294697,0.0,0
2018-05-27 16:55:10.142,221.38,0.0921137294697,0.0,0
2018-05-27 16:55:10.236,221.43,0.0921137294697,0.0,0
2018-05-27 16:55:10.422,223.09,0.0921137294697,0.0,0
2018-05-27 16:55:10.608,222.6,0.0921137294697,0.0,0
2018-05-27 16:55:10.701,222.88,0.0921137294697,0.0,0
2018-05-27 16:55:10.878,223.3,0.0921137294697,0.0,0
2018-05-27 16:55:11.040,224.01,0.0921137294697,0.0,0
2018-05-27 16:55:11.133,224.33,0.0921137294697,0.0,0
2018-05-27 16:55:11.319,225.21,0.0921137294697,0.0,0
2018-05-27 16:55:11.412,225.9,0.0921137294697,0.0,0
2018-05-27 16:55:11.496,224.95,0.0921137294697,0.0,0
2018-05-27 16:55:11.766,224.42,0.0921137294697,0.0,0
2018-05-27 16:55:11.850,225.27,0.0921137294697,0.0,0
2018-05-27 16:55:12.011,224.41,0.0921137294697,0.0,0
2018-05-27 16:55:12.105,225.55,0.0921137294697,0.0,0
2018-05-27 16:55:12.291,225.35,0.0921137294697,0.0,0
2018-05-27 16:55:12.469,226.09,0.0921137294697,0.0,0
2018-05-27 16:55:12.644,228.15,0.0921137294697,0.0,0
2018-05-27 16:55:12.738,226.58,0.0921137294697,0.0,0
2018-05-27 16:55:12.924,226.71,0.0921137294697,0.0,0
2018-05-27 16:55:13.086,227.89,0.0921137294697,0.0,0
2018-05-27 16:55:13.728,228.44,0.0921137294697,0.0,0
2018-05-27 16:55:13.821,228.99,0.0921137294697,0.0,0
2018-05-27 16:55:13.914,228.55,0.0921137294697,0.0,0
2018-05-27 16:55:14.346,229.37,0.0921137294697,0.0,0
2018-05-27 16:55:14.718,230.81,0.0921137294697,0.0,0
2018-05-27 16:55:14.811,230.56,0.0921137294697,0.0,0
2018-05-27 16:55:15.327,230.94,0.0921137294697,0.0,0
2018-05-27 16:55:15.420,230.5,0.0921137294697,0.0,0
2018-05-27 16:55:15.513,231.09,0.0921137294697,0.0,0
2018-05-27 16:55:15.606,230.86,0.0921137294697,0.0,0
2018-05-27 16:55:15.785,232.71,0.0921137294697,0.0,0
2018-05-27 16:55:16.122,230.94,0.0921137294697,0.0,0
2018-05-27 16:55:16.308,232.05,0.0921137294697,0.0,0
2018-05-27 16:55:16.401,231.88,0.0921137294697,0.0,0
2018-05-27 16:55:16.576,232.6,0.0921137294697,0.0,0
2018-05-27 16:55:16.848,233.62,0.0921137294697,0.0,0
2018-05-27 16:55:17.010,234.65,0.0921137294697,0.0,0
2018-05-27 16:55:17.289,234.73,0.0921137294697,0.0,0
2018-05-27 16:55:17.457,235.43,0.085190915485,0.0250000003725,0
2018-05-27 16:55:17.736,234.54,0.085190915485,0.0,0
2018-05-27 16:55:17.829,233.78,0.085190915485,0.0,0
2018-05-27 16:55:18.541,228.67,0.085190915485,0.0,0
2018-05-27 16:55:18.633,226.08,0.085190915485,0.0,0
2018-05-27 16:55:18.819,224.22,0.085190915485,0.0,0
2018-05-27 16:55:19.251,220.62,0.085190915485,0.0,0
2018-05-27 16:55:19.344,220.18,0.085190915485,0.0,0
2018-05-27 16:55:19.428,218.76,0.085190915485,0.0,0
2018-05-27 16:55:19.698,216.17,0.085190915485,0.0,0
2018-05-27 16:55:19.792,215.62,0.0921137294697,0.0,0
2018-05-27 16:55:19.875,214.74,0.0921137294697,0.0,0
2018-05-27 16:55:20.037,214.03,0.0921137294697,0.0,0
2018-05-27 16:55:20.130,213.71,0.0921137294697,0.0,0
2018-05-27 16:55:20.223,212.41,0.0921137294697,0.0,0
2018-05-27 16:55:20.409,212.41,0.0921137294697,0.0,0
2018-05-27 16:55:20.493,213.98,0.0921137294697,0.0,0
2018-05-27 16:55:20.586,212.61,0.0921137294697,0.0,0
2018-05-27 16:55:20.679,213.04,0.0921137294697,0.0,0
2018-05-27 16:55:20.763,213.11,0.0921137294697,0.0,0
2018-05-27 16:55:20.856,211.07,0.0921137294697,0.0,0
2018-05-27 16:55:21.111,211.89,0.0921137294697,0.0,0
2018-05-27 16:55:21.204,210.38,0.0921137294697,0.0,0
2018-05-27 16:55:21.297,211.81,0.0921137294697,0.0,0
2018-05-27 16:55:21.474,210.08,0.0921137294697,0.0,0
2018-05-27 16:55:21.558,210.84,0.0921137294697,0.0,0
2018-05-27 16:55:21.651,211.4,0.0921137294697,0.0,0
2018-05-27 16:55:21.744,211.73,0.0921137294697,0.0,0
2018-05-27 16:55:21.837,211.54,0.0921137294697,0.0,0
2018-05-27 16:55:21.930,212.61,0.0921137294697,0.0,0
2018-05-27 16:55:22.185,212.71,0.0921137294697,0.0,0
2018-05-27 16:55:22.278,212.14,0.0921137294697,0.0,0
2018-05-27 16:55:22.455,212.42,0.0921137294697,0.0,0
2018-05-27 16:55:22.539,211.5,0.0921137294697,0.0,0
2018-05-27 16:55:22.632,212.79,0.0921137294697,0.0,0
2018-05-27 16:55:22.818,212.78,0.0921137294697,0.0,0
2018-05-27 16:55:22.911,214.47,0.0921137294697,0.0,0
2018-05-27 16:55:23.073,212.36,0.0921137294697,0.0,0
2018-05-27 16:55:23.259,214.66,0.0921137294697,0.0,0
2018-05-27 16:55:23.343,215.14,0.0921137294697,0.0,0
2018-05-27 16:55:23.446,215.88,0.0921137294697,0.0,0
2018-05-27 16:55:23.538,215.84,0.0921137294697,0.0,0
2018-05-27 16:55:23.631,216.12,0.0921137294697,0.0,0
2018-05-27 16:55:23.725,217.19,0.0921137294697,0.0,0
2018-05-27 16:55:23.818,216.84,0.0921137294697,0.0,0
2018-05-27 16:55:24.259,217.67,0.0921137294697,0.0,0
2018-05-27 16:55:24.352,217.92,0.0921137294697,0.0,0
2018-05-27 16:55:24.696,218.86,0.0921137294697,0.0,0
2018-05-27 16:55:25.500,214.93,0.0921137294697,0.0,0
2018-05-27 16:55:25.687,214.33,0.0921137294697,0.0,0
2018-05-27 16:55:25.780,213.09,0.0921137294697,0.0,0
2018-05-27 16:55:25.873,212.41,0.0921137294697,0.0,0
2018-05-27 16:55:26.128,212.28,0.0921137294697,0.0,0
2018-05-27 16:55:26.211,211.44,0.0921137294697,0.0,0
2018-05-27 16:55:26.398,212.06,0.0921137294697,0.0,0
2018-05-27 16:55:26.565,213.52,0.0921137294697,0.0,0
2018-05-27 16:55:26.658,211.93,0.0921137294697,0.0,0
2018-05-27 16:55:26.751,212.62,0.0921137294697,0.0,0
2018-05-27 16:55:27.183,212.84,0.0921137294697,0.0,0
2018-05-27 16:55:27.277,210.67,0.0921137294697,0.0,0
2018-05-27 16:55:27.453,211.38,0.0921137294697,0.0,0
2018-05-27 16:55:27.639,211.74,0.0921137294697,0.0,0
2018-05-27 16:55:27.733,212.51,0.0921137294697,0.0,0
2018-05-27 16:55:28.071,211.48,0.0921137294697,0.0,0
2018-05-27 16:55:28.350,210.92,0.0921137294697,0.0,0
2018-05-27 16:55:28.434,209.94,0.0921137294697,0.0,0
2018-05-27 16:55:28.527,208.03,0.0921137294697,0.0,0
2018-05-27 16:55:28.802,207.33,0.0921144039086,0.0,0
2018-05-27 16:55:28.890,209.45,0.0921144039086,0.0,0
2018-05-27 16:55:29.043,209.28,0.0921144039086,0.0,0
2018-05-27 16:55:29.322,208.32,0.0921144039086,0.0,0
2018-05-27 16:55:29.415,209.19,0.0921144039086,0.0,0
2018-05-27 16:55:29.509,209.09,0.0921144039086,0.0,0
2018-05-27 16:55:29.592,210.41,0.0921144039086,0.0,0
2018-05-27 16:55:29.685,209.76,0.0921144039086,0.0,0
2018-05-27 16:55:29.778,211.5,0.0921144039086,0.0,0
2018-05-27 16:55:29.871,211.2,0.0921144039086,0.0,0
2018-05-27 16:55:30.126,210.77,0.0921144039086,0.0,0
2018-05-27 16:55:30.405,212.06,0.0921144039086,0.0,0
2018-05-27 16:55:30.573,213.41,0.0921144039086,0.0,0
2018-05-27 16:55:30.666,213.58,0.0921144039086,0.0,0
2018-05-27 16:55:30.759,215.21,0.0921144039086,0.0,0
2018-05-27 16:55:30.843,215.65,0.0921144039086,0.0,0
2018-05-27 16:55:31.191,216.57,0.0921144039086,0.0,0
2018-05-27 16:55:31.284,215.05,0.0921144039086,0.0,0
2018-05-27 16:55:31.554,217.01,0.0921144039086,0.0,0
2018-05-27 16:55:31.833,216.68,0.0921144039086,0.0,0
2018-05-27 16:55:31.926,218.23,0.0921144039086,0.0,0
2018-05-27 16:55:32.088,217.87,0.0921144039086,0.0,0
2018-05-27 16:55:32.358,218.54,0.0921144039086,0.0,0
2018-05-27 16:55:32.451,218.61,0.0921144039086,0.0,0
2018-05-27 16:55:32.544,219.55,0.0921144039086,0.0,0
2018-05-27 16:55:32.730,218.7,0.0921144039086,0.0,0
2018-05-27 16:55:32.823,221.43,0.0921144039086,0.0,0
2018-05-27 16:55:33.172,220.32,0.0921144039086,0.0,0
2018-05-27 16:55:33.441,221.55,0.0921144039086,0.0,0
2018-05-27 16:55:33.628,222.62,0.0921144039086,0.0,0
2018-05-27 16:55:33.721,221.91,0.0921144039086,0.0,0
2018-05-27 16:55:33.814,222.65,0.0921144039086,0.0,0
2018-05-27 16:55:34.162,224.59,0.0921144039086,0.0,0
2018-05-27 16:55:35.054,223.93,0.0921144039086,0.0,0
2018-05-27 16:55:35.143,224.78,0.0921144039086,0.0,0
2018-05-27 16:55:35.227,226.28,0.0921144039086,0.0,0
2018-05-27 16:55:35.683,225.41,0.0921144039086,0.0,0
2018-05-27 16:55:35.869,225.66,0.0921144039086,0.0,0
2018-05-27 16:55:36.124,226.74,0.0921144039086,0.0,0
2018-05-27 16:55:36.208,227.08,0.0921144039086,0.0,0
2018-05-27 16:55:36.394,226.98,0.0921144039086,0.0,0
2018-05-27 16:55:36.571,228.29,0.0921144039086,0.0,0
2018-05-27 16:55:36.924,227.56,0.0921144039086,0.0,0
2018-05-27 16:55:37.086,227.88,0.0921144039086,0.0,0
2018-05-27 16:55:37.179,227.72,0.0921144039086,0.0,0
2018-05-27 16:55:37.272,228.01,0.0921144039086,0.0,0
2018-05-27 16:55:37.365,228.72,0.0921144039086,0.0,0
2018-05-27 16:55:37.738,230.28,0.0921144039086,0.0,0
2018-05-27 16:55:37.831,230.43,0.0921144039086,0.0,0
2018-05-27 16:55:38.356,230.13,0.0921144039086,0.0,0
2018-05-27 16:55:38.439,231.95,0.0921144039086,0.0,0
2018-05-27 16:55:38.626,232.3,0.0921144039086,0.0,0
2018-05-27 16:55:38.803,229.87,0.0921144039086,0.0,0
2018-05-27 16:55:39.402,225.92,0.0921144039086,0.0,0
2018-05-27 16:55:39.495,224.91,0.0921144039086,0.0,0
2018-05-27 16:55:39.774,222.2,0.0921144039086,0.0,0
2018-05-27 16:55:39.867,219.95,0.0921144039086,0.0,0
2018-05-27 16:55:40.029,219.57,0.0921144039086,0.0,0
2018-05-27 16:55:40.122,220.7,0.0921144039086,0.0,0
2018-05-27 16:55:40.393,217.68,0.0921144039086,0.0,0
2018-05-27 16:55:41.476,213.22,0.0921144039086,0.0,0
2018-05-27 16:55:41.559,212.27,0.0921144039086,0.0,0
2018-05-27 16:55:41.652,213.43,0.0921144039086,0.0,0
2018-05-27 16:55:41.746,213.83,0.0921144039086,0.0,0
2018-05-27 16:55:42.094,213.32,0.0921144039086,0.0,0
2018-05-27 16:55:42.177,213.2,0.0921144039086,0.0,0
2018-05-27 16:55:42.363,214.29,0.0921144039086,0.0,0
2018-05-27 16:55:42.727,213.94,0.0921144039086,0.0,0
2018-05-27 16:55:42.810,212.93,0.0921144039086,0.0,0
2018-05-27 16:55:43.065,213.08,0.0921144039086,0.0,0
2018-05-27 16:55:43.429,212.73,0.0921144039086,0.0,0
2018-05-27 16:55:44.037,214.83,0.0921144039086,0.0,0
2018-05-27 16:55:44.130,216.33,0.0921144039086,0.0,0
2018-05-27 16:55:44.223,215.19,0.0921144039086,0.0,0
2018-05-27 16:55:44.316,216.56,0.0921144039086,0.0,0
2018-05-27 16:55:44.493,216.88,0.0921144039086,0.0,0
2018-05-27 16:55:44.586,216.07,0.0921144039086,0.0,0
2018-05-27 16:55:44.772,218.15,0.0921144039086,0.0,0
2018-05-27 16:55:45.027,217.87,0.0921144039086,0.0,0
2018-05-27 16:55:45.213,218.67,0.0921144039086,0.0,0
2018-05-27 16:55:45.390,219.44,0.0921144039086,0.0,0
2018-05-27 16:55:45.483,218.52,0.0921144039086,0.0,0
2018-05-27 16:55:45.670,220.29,0.0921144039086,0.0,0
2018-05-27 16:55:46.018,219.62,0.0921144039086,0.0,0
2018-05-27 16:55:46.111,220.13,0.0921144039086,0.0,0
2018-05-27 16:55:46.204,218.51,0.0921144039086,0.0,0
2018-05-27 16:55:46.474,218.3,0.0921144039086,0.0,0
2018-05-27 16:55:46.837,217.94,0.0921144039086,0.0,0
2018-05-27 16:55:46.921,218.24,0.0921144039086,0.0,0
2018-05-27 16:55:47.083,216.76,0.0921144039086,0.0,0
2018-05-27 16:55:47.166,218.22,0.0921144039086,0.0,0
2018-05-27 16:55:47.259,216.8,0.0921144039086,0.0,0
2018-05-27 16:55:47.622,217.95,0.0921144039086,0.0,0
2018-05-27 16:55:48.426,216.84,0.0921144039086,0.0,0
2018-05-27 16:55:48.520,215.86,0.0921144039086,0.0,0
2018-05-27 16:55:48.613,215.78,0.0921144039086,0.0,0
2018-05-27 16:55:48.706,216.66,0.0921144039086,0.0,0
2018-05-27 16:55:48.799,216.0,0.0921144039086,0.0,0
2018-05-27 16:55:48.893,216.49,0.0921144039086,0.0,0
2018-05-27 16:55:49.044,216.29,0.0921144039086,0.0,0
2018-05-27 16:55:49.128,215.86,0.0921144039086,0.0,0
2018-05-27 16:55:49.221,215.73,0.0921144039086,0.0,0
2018-05-27 16:55:49.408,215.56,0.0921144039086,0.0,0
2018-05-27 16:55:49.491,216.64,0.0921144039086,0.0,0
2018-05-27 16:55:49.678,216.4,0.0921144039086,0.0,0
2018-05-27 16:55:49.761,216.77,0.0921144039086,0.0,0
2018-05-27 16:55:49.854,218.0,0.0921144039086,0.0,0
2018-05-27 16:55:50.016,218.01,0.0921144039086,0.0,0
2018-05-27 16:55:50.202,217.16,0.0921144039086,0.0,0
2018-05-27 16:55:50.296,218.73,0.0921144039086,0.0,0
2018-05-27 16:55:50.472,219.37,0.0921144039086,0.0,0
2018-05-27 16:55:50.565,218.47,0.0921144039086,0.0,0
2018-05-27 16:55:50.649,219.74,0.0921144039086,0.0,0
2018-05-27 16:55:50.835,219.5,0.0921144039086,0.0,0
2018-05-27 16:55:50.929,220.65,0.0921144039086,0.0,0
2018-05-27 16:55:51.090,220.32,0.0921144039086,0.0,0
2018-05-27 16:55:51.352,222.01,0.0921144039086,0.0,0
2018-05-27 16:55:51.537,221.38,0.0921144039086,0.0,0
2018-05-27 16:55:51.621,222.72,0.0921144039086,0.0,0
2018-05-27 16:55:51.714,222.42,0.0921144039086,0.0,0
2018-05-27 16:55:51.807,221.2,0.0921144039086,0.0,0
2018-05-27 16:55:51.900,221.83,0.0921144039086,0.0,0
2018-05-27 16:55:52.053,222.37,0.0921144039086,0.0,0
2018-05-27 16:55:52.146,222.36,0.0921144039086,0.0,0
2018-05-27 16:55:52.239,222.63,0.0921144039086,0.0,0
2018-05-27 16:55:52.425,224.15,0.0921144039086,0.0,0
2018-05-27 16:55:52.518,224.76,0.0921144039086,0.0,0
2018-05-27 16:55:52.611,224.21,0.0921144039086,0.0,0
2018-05-27 16:55:52.700,225.16,0.0921144039086,0.0,0
2018-05-27 16:55:52.872,224.91,0.0921144039086,0.0,0
2018-05-27 16:55:53.034,226.03,0.0921144039086,0.0,0
2018-05-27 16:55:53.127,226.19,0.0921144039086,0.0,0
2018-05-27 16:55:53.313,225.29,0.0921144039086,0.0,0
2018-05-27 16:55:53.481,225.02,0.0921144039086,0.0,0
2018-05-27 16:55:53.667,226.14,0.0921144039086,0.0,0
2018-05-27 16:55:53.760,227.28,0.0921144039086,0.0,0
2018-05-27 16:55:54.015,227.76,0.0921144039086,0.0,0
2018-05-27 16:55:54.108,228.01,0.0921144039086,0.0,0
2018-05-27 16:55:54.201,227.4,0.0921144039086,0.0,0
2018-05-27 16:55:54.294,226.71,0.0921144039086,0.0,0
2018-05-27 16:55:54.378,228.95,0.0921144039086,0.0,0
2018-05-27 16:55:54.471,228.39,0.0921144039086,0.0,0
2018-05-27 16:55:54.555,227.62,0.0921144039086,0.0,0
2018-05-27 16:55:54.648,228.37,0.0921144039086,0.0,0
2018-05-27 16:55:54.834,228.34,0.0921144039086,0.0,0
2018-05-27 16:55:54.928,229.21,0.0921144039086,0.0,0
2018-05-27 16:55:55.089,230.1,0.0921144039086,0.0,0
2018-05-27 16:55:55.275,230.37,0.0921144039086,0.0,0
2018-05-27 16:55:55.545,229.72,0.0921144039086,0.0,0
2018-05-27 16:55:55.638,229.56,0.0921144039086,0.0,0
2018-05-27 16:55:55.732,229.37,0.0921144039086,0.0,0
2018-05-27 16:55:55.824,229.37,0.0921144039086,0.0,0
2018-05-27 16:55:56.619,231.23,0.0921144039086,0.0,0
2018-05-27 16:55:56.899,231.98,0.0921144039086,0.0,0
2018-05-27 16:55:57.060,232.4,0.0921144039086,0.0,0
2018-05-27 16:55:57.144,232.34,0.0921144039086,0.0,0
2018-05-27 16:55:57.237,233.06,0.0921144039086,0.0,0
2018-05-27 16:55:57.322,232.05,0.0921144039086,0.0,0
2018-05-27 16:55:57.414,232.1,0.0921144039086,0.0,0
2018-05-27 16:55:57.498,233.29,0.0921144039086,0.0,0
2018-05-27 16:55:57.675,233.14,0.0921144039086,0.0,0
2018-05-27 16:55:57.768,233.1,0.0921144039086,0.0,0
2018-05-27 16:55:57.861,233.05,0.0921144039086,0.0,0
2018-05-27 16:55:58.023,232.73,0.0921144039086,0.0,0
2018-05-27 16:55:58.116,233.8,0.0921144039086,0.0,0
2018-05-27 16:55:58.302,234.38,0.0921144039086,0.0,0
2018-05-27 16:55:58.386,234.48,0.0921144039086,0.0,0
2018-05-27 16:55:58.479,234.1,0.0921144039086,0.0,0
2018-05-27 16:55:58.851,231.07,0.0921144039086,0.0,0
2018-05-27 16:55:59.106,229.44,0.0921144039086,0.0,0
2018-05-27 16:55:59.376,226.76,0.0921144039086,0.0,0
2018-05-27 16:55:59.469,224.85,0.0921144039086,0.0,0
2018-05-27 16:55:59.842,221.97,0.0921144039086,0.0,0
2018-05-27 16:56:00.004,220.38,0.0921144039086,0.0,0
2018-05-27 16:56:00.460,215.35,0.0921144039086,0.0,0
2018-05-27 16:56:00.544,215.78,0.0921144039086,0.0,0
2018-05-27 16:56:00.637,212.73,0.0921144039086,0.0,0
2018-05-27 16:56:00.823,214.18,0.0921144039086,0.0,0
2018-05-27 16:56:00.916,212.64,0.0921144039086,0.0,0
2018-05-27 16:56:01.078,213.14,0.0921144039086,0.0,0
2018-05-27 16:56:01.171,211.92,0.0921144039086,0.0,0
2018-05-27 16:56:01.907,209.14,0.0921144039086,0.0,0
2018-05-27 16:56:02.069,209.81,0.0921144039086,0.0,0
2018-05-27 16:56:02.152,210.39,0.0921144039086,0.0,0
2018-05-27 16:56:02.245,207.74,0.0921144039086,0.0,0
2018-05-27 16:56:02.329,208.17,0.0921144039086,0.0,0
2018-05-27 16:56:02.422,208.4,0.0921144039086,0.0,0
2018-05-27 16:56:02.516,208.06,0.0921144039086,0.0,0
2018-05-27 16:56:02.608,208.55,0.0921144039086,0.0,0
2018-05-27 16:56:02.702,208.21,0.0921144039086,0.0,0
2018-05-27 16:56:02.785,209.09,0.0921144039086,0.0,0
2018-05-27 16:56:02.869,210.04,0.0921144039086,0.0,0
2018-05-27 16:56:03.031,208.57,0.0921144039086,0.0,0
2018-05-27 16:56:03.124,209.1,0.0921144039086,0.0,0
2018-05-27 16:56:03.310,210.34,0.0921144039086,0.0,0
2018-05-27 16:56:03.403,209.76,0.0921144039086,0.0,0
2018-05-27 16:56:03.571,208.73,0.0921144039086,0.0,0
2018-05-27 16:56:03.757,209.9,0.0921144039086,0.0,0
2018-05-27 16:56:03.850,210.02,0.0921144039086,0.0,0
2018-05-27 16:56:04.012,210.02,0.0921144039086,0.0,0
2018-05-27 16:56:04.105,210.44,0.0921144039086,0.0,0
2018-05-27 16:56:04.198,211.95,0.0921144039086,0.0,0
2018-05-27 16:56:04.291,211.24,0.0921144039086,0.0,0
2018-05-27 16:56:04.376,210.72,0.0921144039086,0.0,0
2018-05-27 16:56:04.468,212.77,0.0921144039086,0.0,0
2018-05-27 16:56:04.561,211.68,0.0921144039086,0.0,0
2018-05-27 16:56:04.747,212.92,0.0921144039086,0.0,0
2018-05-27 16:56:04.840,213.15,0.0921144039086,0.0,0
2018-05-27 16:56:05.086,214.04,0.0921144039086,0.0,0
2018-05-27 16:56:05.170,214.35,0.0921144039086,0.0,0
2018-05-27 16:56:05.254,213.92,0.0921144039086,0.0,0
2018-05-27 16:56:05.440,216.1,0.0921144039086,0.0,0
2018-05-27 16:56:05.533,215.72,0.0921144039086,0.0,0
2018-05-27 16:56:06.067,217.4,0.0921144039086,0.0,0
2018-05-27 16:56:06.160,215.74,0.0921144039086,0.0,0
2018-05-27 16:56:06.253,215.53,0.0921144039086,0.0,0
2018-05-27 16:56:06.523,214.35,0.0921144039086,0.0,0
2018-05-27 16:56:06.803,210.9,0.0921144039086,0.0,0
2018-05-27 16:56:07.151,210.94,0.0921144039086,0.0,0
2018-05-27 16:56:07.327,211.66,0.0921144039086,0.0,0
2018-05-27 16:56:07.421,210.32,0.0921144039086,0.0,0
2018-05-27 16:56:07.681,210.8,0.0921144039086,0.0,0
2018-05-27 16:56:07.867,211.58,0.0921144039086,0.0,0
2018-05-27 16:56:08.020,210.57,0.0921144039086,0.0,0
2018-05-27 16:56:08.113,212.28,0.0921144039086,0.0,0
2018-05-27 16:56:08.206,209.92,0.0921144039086,0.0,0
2018-05-27 16:56:08.299,210.29,0.0921144039086,0.0,0
2018-05-27 16:56:08.392,210.92,0.0921144039086,0.0,0
2018-05-27 16:56:08.569,211.28,0.0921144039086,0.0,0
2018-05-27 16:56:08.849,212.46,0.0921144039086,0.0,0
2018-05-27 16:56:09.001,211.19,0.0921144039086,0.0,0
2018-05-27 16:56:09.187,210.43,0.0921144039086,0.0,0
2018-05-27 16:56:09.280,212.18,0.0921144039086,0.0,0
2018-05-27 16:56:09.364,212.3,0.0921144039086,0.0,0
2018-05-27 16:56:09.457,210.16,0.0921144039086,0.0,0
2018-05-27 16:56:09.541,211.62,0.0921144039086,0.0,0
2018-05-27 16:56:09.718,212.0,0.0921144039086,0.0,0
2018-05-27 16:56:09.811,212.61,0.0921144039086,0.0,0
2018-05-27 16:56:09.904,211.15,0.0921144039086,0.0,0
2018-05-27 16:56:10.066,212.44,0.0921144039086,0.0,0
2018-05-27 16:56:10.159,212.74,0.0921144039086,0.0,0
2018-05-27 16:56:10.252,211.65,0.0921144039086,0.0,0
2018-05-27 16:56:10.336,212.42,0.0921144039086,0.0,0
2018-05-27 16:56:10.429,214.32,0.0921144039086,0.0,0
2018-05-27 16:56:10.523,212.57,0.0921144039086,0.0,0
2018-05-27 16:56:10.606,213.48,0.0921144039086,0.0,0
2018-05-27 16:56:10.699,213.65,0.0921144039086,0.0,0
2018-05-27 16:56:10.885,213.7,0.0921144039086,0.0,0
2018-05-27 16:56:11.042,215.16,0.0921144039086,0.0,0
2018-05-27 16:56:11.131,214.76,0.0921144039086,0.0,0
2018-05-27 16:56:11.215,215.22,0.0921144039086,0.0,0
2018-05-27 16:56:11.485,216.39,0.0921144039086,0.0,0
2018-05-27 16:56:11.857,218.53,0.0921144039086,0.0,0
2018-05-27 16:56:12.019,218.13,0.0921144039086,0.0,0
2018-05-27 16:56:12.112,217.99,0.0921144039086,0.0,0
2018-05-27 16:56:12.289,218.21,0.0921144039086,0.0,0
2018-05-27 16:56:12.382,219.69,0.0921144039086,0.0,0
2018-05-27 16:56:12.568,218.3,0.0921144039086,0.0,0
2018-05-27 16:56:12.661,218.7,0.0921144039086,0.0,0
2018-05-27 16:56:12.754,220.94,0.0921144039086,0.0,0
2018-05-27 16:56:13.093,221.41,0.0921144039086,0.0,0
2018-05-27 16:56:13.279,221.35,0.0921144039086,0.0,0
2018-05-27 16:56:13.363,221.45,0.0921144039086,0.0,0
2018-05-27 16:56:13.456,221.68,0.0921144039086,0.0,0
2018-05-27 16:56:13.540,222.62,0.0921144039086,0.0,0
2018-05-27 16:56:13.633,222.7,0.0921144039086,0.0,0
2018-05-27 16:56:13.811,224.39,0.0921144039086,0.0,0
2018-05-27 16:56:14.065,223.34,0.0921144039086,0.0,0
2018-05-27 16:56:14.158,223.5,0.0921144039086,0.0,0
2018-05-27 16:56:14.428,224.39,0.0921144039086,0.0,0
2018-05-27 16:56:14.698,224.75,0.0921144039086,0.0,0
2018-05-27 16:56:14.791,224.44,0.0921144039086,0.0,0
2018-05-27 16:56:14.884,225.17,0.0921144039086,0.0,0
2018-05-27 16:56:15.041,225.02,0.0921144039086,0.0,0
2018-05-27 16:56:15.130,226.02,0.0921144039086,0.0,0
2018-05-27 16:56:15.214,226.25,0.0921144039086,0.0,0
2018-05-27 16:56:15.307,226.53,0.0921144039086,0.0,0
2018-05-27 16:56:15.390,226.6,0.0921144039086,0.0,0
2018-05-27 16:56:15.670,227.85,0.0921144039086,0.0,0
2018-05-27 16:56:15.856,226.85,0.0921144039086,0.0,0
2018-05-27 16:56:16.111,227.51,0.0921144039086,0.0,0
2018-05-27 16:56:16.204,227.25,0.0921144039086,0.0,0
2018-05-27 16:56:16.297,227.61,0.0921144039086,0.0,0
2018-05-27 16:56:17.194,228.99,0.0921144039086,0.0,0
2018-05-27 16:56:17.288,228.65,0.0921144039086,0.0,0
2018-05-27 16:56:17.464,228.34,0.0921144039086,0.0,0
2018-05-27 16:56:17.548,230.56,0.0921144039086,0.0,0
2018-05-27 16:56:17.641,230.38,0.0921144039086,0.0,0
2018-05-27 16:56:17.828,231.07,0.0921144039086,0.0,0
2018-05-27 16:56:18.082,230.04,0.0921144039086,0.0,0
2018-05-27 16:56:18.176,230.53,0.0921144039086,0.0,0
2018-05-27 16:56:18.269,231.1,0.0921144039086,0.0,0
2018-05-27 16:56:18.353,229.83,0.0921144039086,0.0,0
2018-05-27 16:56:18.446,230.02,0.0921144039086,0.0,0
2018-05-27 16:56:18.539,230.92,0.0921144039086,0.0,0
2018-05-27 16:56:18.632,230.9,0.0921144039086,0.0,0
2018-05-27 16:56:18.725,230.74,0.0921144039086,0.0,0
2018-05-27 16:56:19.343,228.57,0.0921144039086,0.0,0
2018-05-27 16:56:19.529,226.74,0.0921144039086,0.0,0
2018-05-27 16:56:19.715,224.93,0.0921144039086,0.0,0
2018-05-27 16:56:19.902,222.93,0.0921144039086,0.0,0
2018-05-27 16:56:20.706,209.76,0.0921144039086,0.0,0
2018-05-27 16:56:21.054,205.73,0.0921144039086,0.0,0
2018-05-27 16:56:21.147,204.21,0.0921144039086,0.0,0
2018-05-27 16:56:21.324,203.12,0.0851915041188,0.0250000003725,0
2018-05-27 16:56:21.417,200.59,0.0723531785629,0.0500000007451,0
2018-05-27 16:56:21.696,198.84,0.0415179531945,0.15000000596,0
2018-05-27 16:56:21.789,197.32,0.0415179565967,0.15000000596,0
2018-05-27 16:56:21.882,198.93,0.0664280679499,0.125,0
2018-05-27 16:56:22.305,197.14,0.106989612501,0.15000000596,0
2018-05-27 16:56:22.575,195.08,0.170240403391,0.17499999702,0
2018-05-27 16:56:22.668,195.41,0.264759070032,0.20000000298,0
2018-05-27 16:56:23.100,196.73,0.367633911437,0.17499999702,0
2018-05-27 16:56:23.193,194.92,0.489766092819,0.17499999702,0
2018-05-27 16:56:23.286,195.25,0.631421589775,0.20000000298,0
2018-05-27 16:56:24.072,197.49,0.299999996735,0.10000000149,0
2018-05-27 16:56:24.165,194.05,0.299999996735,0.15000000596,0
2018-05-27 16:56:24.528,188.88,0.299999996735,0.300000011921,0
2018-05-27 16:56:24.612,187.45,0.299999996735,0.20000000298,0
2018-05-27 16:56:24.798,183.91,0.299999996735,0.0500000007451,0
2018-05-27 16:56:24.891,181.75,0.299999996735,0.125,0
2018-05-27 16:56:25.239,173.82,0.299999996735,0.0,0
2018-05-27 16:56:25.332,172.84,0.435045882233,0.0,0
2018-05-27 16:56:25.695,162.87,0.321206524515,0.0,0
2018-05-27 16:56:25.788,162.36,0.226471050577,0.0250000003725,0
2018-05-27 16:56:26.038,157.01,0.180737009124,0.0,0
2018-05-27 16:56:26.127,155.62,0.123263370068,0.0,0
2018-05-27 16:56:26.304,150.8,0.0458922042389,0.0,0
2018-05-27 16:56:26.388,148.78,0.0415179541396,0.0250000003725,0
2018-05-27 16:56:26.481,146.38,0.0505636531005,0.0,0
2018-05-27 16:56:27.378,134.43,0.0786059902702,0.0,0
2018-05-27 16:56:27.564,130.99,0.0786059902702,0.0,0
2018-05-27 16:56:27.751,131.0,0.0786059902702,0.0,0
2018-05-27 16:56:28.192,130.94,0.0786059902702,0.0,0
2018-05-27 16:56:28.369,129.24,0.0851915041188,0.0,0
2018-05-27 16:56:28.546,129.66,0.0851915041188,0.0,0
2018-05-27 16:56:28.732,127.18,0.0786059902702,0.0250000003725,0
2018-05-27 16:56:28.918,127.18,0.0723531785629,0.0250000003725,0
2018-05-27 16:56:29.080,125.93,0.0723531785629,0.0250000003725,0
2018-05-27 16:56:29.173,125.43,0.0664280646008,0.0250000003725,0
2018-05-27 16:56:29.713,125.5,0.0608253041648,0.0250000003725,0
2018-05-27 16:56:29.806,124.54,0.0505636527412,0.0500000007451,0
2018-05-27 16:56:30.061,125.05,0.0458922029587,0.0250000003725,0
2018-05-27 16:56:30.145,124.19,0.0415179538246,0.0250000003725,0
2018-05-27 16:56:30.238,124.92,0.0336313384067,0.0500000007451,0
2018-05-27 16:56:31.135,128.24,0.0301030002728,0.0250000003725,0
2018-05-27 16:56:31.228,128.48,0.0301030002728,0.0250000003725,0
2018-05-27 16:56:31.582,131.1,0.0336313384067,0.0,0
2018-05-27 16:56:31.852,132.68,0.0374335859413,0.0,0
2018-05-27 16:56:32.107,133.93,0.0415179538246,0.0,0
2018-05-27 16:56:32.200,134.89,0.0458922029587,0.0,0
2018-05-27 16:56:32.470,135.6,0.0555391939721,0.0,0
2018-05-27 16:56:32.563,136.5,0.0608253041648,0.0,0
2018-05-27 16:56:32.740,137.18,0.0664280646008,0.0,0
2018-05-27 16:56:32.833,137.5,0.0786059902702,0.0,0
2018-05-27 16:56:32.917,138.29,0.0851915041188,0.0,0
2018-05-27 16:56:33.172,139.67,0.0921144039086,0.0,0
2018-05-27 16:56:33.265,140.1,0.0921144039086,0.0,0
2018-05-27 16:56:33.358,140.52,0.0921144039086,0.0,0
2018-05-27 16:56:33.442,141.25,0.0921144039086,0.0,0
2018-05-27 16:56:33.526,142.23,0.0921144039086,0.0,0
2018-05-27 16:56:33.619,143.07,0.0921144039086,0.0,0
2018-05-27 16:56:33.712,143.78,0.0921144039086,0.0,0
2018-05-27 16:56:33.805,143.62,0.0921144039086,0.0,0
2018-05-27 16:56:33.898,143.81,0.0921144039086,0.0,0
2018-05-27 16:56:34.060,144.47,0.0921144039086,0.0,0
2018-05-27 16:56:34.153,144.9,0.0921144039086,0.0,0
2018-05-27 16:56:34.246,145.33,0.0921144039086,0.0,0
2018-05-27 16:56:34.331,146.04,0.0921144039086,0.0,0
2018-05-27 16:56:34.423,146.47,0.0921144039086,0.0,0
2018-05-27 16:56:34.517,147.75,0.0921144039086,0.0,0
2018-05-27 16:56:34.610,148.5,0.0921144039086,0.0,0
2018-05-27 16:56:34.703,147.63,0.0921144039086,0.0,0
2018-05-27 16:56:34.796,148.21,0.0921144039086,0.0,0
2018-05-27 16:56:34.889,148.76,0.0921144039086,0.0,0
2018-05-27 16:56:35.051,150.33,0.0921144039086,0.0,0
2018-05-27 16:56:35.144,150.31,0.0921144039086,0.0,0
2018-05-27 16:56:35.228,151.21,0.0921144039086,0.0,0
2018-05-27 16:56:35.321,150.57,0.0921144039086,0.0,0
2018-05-27 16:56:35.414,150.88,0.0921144039086,0.0,0
2018-05-27 16:56:35.582,151.93,0.0921144039086,0.0,0
2018-05-27 16:56:35.675,153.58,0.0921144039086,0.0,0
2018-05-27 16:56:35.768,154.19,0.0921144039086,0.0,0
2018-05-27 16:56:35.861,153.82,0.0921144039086,0.0,0
2018-05-27 16:56:36.023,154.16,0.0921144039086,0.0,0
2018-05-27 16:56:36.116,155.63,0.0921144039086,0.0,0
2018-05-27 16:56:36.302,157.01,0.0921144039086,0.0,0
2018-05-27 16:56:36.386,156.58,0.0921144039086,0.0,0
2018-05-27 16:56:36.479,156.63,0.0921144039086,0.0,0
2018-05-27 16:56:36.665,158.79,0.0921144039086,0.0,0
2018-05-27 16:56:36.758,158.71,0.0921144039086,0.0,0
2018-05-27 16:56:36.851,159.87,0.0921144039086,0.0,0
2018-05-27 16:56:37.199,160.74,0.0921144039086,0.0,0
2018-05-27 16:56:37.293,162.81,0.0921144039086,0.0,0
2018-05-27 16:56:37.377,162.94,0.0921144039086,0.0,0
2018-05-27 16:56:37.563,163.86,0.0921144039086,0.0,0
2018-05-27 16:56:37.656,163.8,0.0921144039086,0.0,0
2018-05-27 16:56:37.833,165.01,0.0921144039086,0.0,0
2018-05-27 16:56:37.926,166.64,0.0921144039086,0.0,0
2018-05-27 16:56:38.088,166.75,0.0921144039086,0.0,0
2018-05-27 16:56:38.172,167.09,0.0898126432015,0.0,0
2018-05-27 16:56:38.264,167.76,0.0898126432015,0.0,0
2018-05-27 16:56:38.348,167.7,0.0898126432015,0.0,0
2018-05-27 16:56:38.441,168.91,0.0898126432015,0.0,0
2018-05-27 16:56:38.534,170.63,0.0898126432015,0.0,0
2018-05-27 16:56:38.628,170.67,0.0898126432015,0.0,0
2018-05-27 16:56:38.814,172.34,0.0898126432015,0.0,0
2018-05-27 16:56:38.907,171.67,0.0898126432015,0.0,0
2018-05-27 16:56:39.069,172.77,0.0898126432015,0.0,0
2018-05-27 16:56:39.162,173.23,0.0898126432015,0.0,0
2018-05-27 16:56:39.329,174.96,0.0898126432015,0.0,0
2018-05-27 16:56:39.423,175.06,0.0898126432015,0.0,0
2018-05-27 16:56:39.516,175.22,0.0898126432015,0.0,0
2018-05-27 16:56:39.609,176.01,0.0898126432015,0.0,0
2018-05-27 16:56:39.702,177.58,0.0898126432015,0.0,0
2018-05-27 16:56:39.795,177.91,0.0898126432015,0.0,0
2018-05-27 16:56:39.888,178.62,0.0831817939995,0.0250000003725,0
2018-05-27 16:56:40.134,179.78,0.0831817939995,0.0,0
2018-05-27 16:56:40.227,180.65,0.0831817939995,0.0,0
2018-05-27 16:56:40.320,180.66,0.0831817939995,0.0,0
2018-05-27 16:56:40.408,180.42,0.0831817939995,0.0,0
2018-05-27 16:56:40.497,180.47,0.0831817939995,0.0,0
2018-05-27 16:56:40.581,182.56,0.059792462019,0.10000000149,0
2018-05-27 16:56:40.674,182.04,0.0499092597318,0.0500000007451,0
2018-05-27 16:56:40.768,182.08,0.0411731923577,0.0500000007451,0
2018-05-27 16:56:41.013,183.55,0.0335315754459,0.10000000149,0
2018-05-27 16:56:41.106,183.85,0.0499092610485,0.125,0
2018-05-27 16:56:41.199,185.15,0.0831817967959,0.15000000596,0
2018-05-27 16:56:41.292,185.63,0.111652787482,0.10000000149,0
2018-05-27 16:56:41.376,185.21,0.136488029732,0.0750000029802,0
2018-05-27 16:56:41.562,186.44,0.17439811629,0.10000000149,0
2018-05-27 16:56:41.739,186.97,0.195452440651,0.0500000007451,0
2018-05-27 16:56:41.832,187.33,0.184748563756,0.0750000029802,0
2018-05-27 16:56:41.925,187.31,0.184748563756,0.0500000007451,0
2018-05-27 16:56:42.087,187.32,0.184748563756,0.0500000007451,0
2018-05-27 16:56:42.180,188.25,0.154749269389,0.0250000003725,0
2018-05-27 16:56:42.273,188.86,0.119594104687,0.0250000003725,0
2018-05-27 16:56:42.357,189.41,0.0898126466422,0.0500000007451,0
2018-05-27 16:56:42.450,189.1,0.0898126466422,0.10000000149,0
2018-05-27 16:56:42.544,188.96,0.0967655617503,0.10000000149,0
2018-05-27 16:56:42.813,190.86,0.0831817967959,0.0500000007451,0
2018-05-27 16:56:42.907,190.96,0.0831817967959,0.0500000007451,0
2018-05-27 16:56:43.068,191.96,0.0967655606901,0.125,0
2018-05-27 16:56:43.431,193.65,0.104044402779,0.0750000029802,0
2018-05-27 16:56:43.515,193.54,0.136488029732,0.15000000596,0
2018-05-27 16:56:43.608,192.24,0.18474856454,0.15000000596,0
2018-05-27 16:56:43.701,191.31,0.217928001839,0.10000000149,0
2018-05-27 16:56:43.794,189.23,0.254336177742,0.125,0
2018-05-27 16:56:43.888,187.92,0.229703160507,0.0500000007451,0
2018-05-27 16:56:44.049,186.65,0.184748563756,0.0,0
2018-05-27 16:56:44.142,185.95,0.164399072413,0.0,0
2018-05-27 16:56:44.236,185.12,0.145446406377,0.0,0
2018-05-27 16:56:44.423,181.69,0.104044404998,0.0,0
2018-05-27 16:56:44.785,175.62,0.0831817977601,0.0,0
2018-05-27 16:56:44.878,175.11,0.0499092617415,0.0,0
2018-05-27 16:56:45.301,169.13,0.0335315744389,0.0,0
2018-05-27 16:56:45.394,168.45,0.0499092600783,0.0,0
2018-05-27 16:56:45.487,166.24,0.0768688925041,0.0,0
2018-05-27 16:56:45.580,164.72,0.0898126432015,0.0,0
2018-05-27 16:56:45.859,161.29,0.0898126432015,0.0,0
2018-05-27 16:56:46.021,159.31,0.0898126432015,0.0,0
2018-05-27 16:56:46.291,156.67,0.0898126432015,0.0,0
2018-05-27 16:56:46.384,155.82,0.0898126432015,0.0,0
2018-05-27 16:56:47.198,147.04,0.0898126432015,0.0,0
2018-05-27 16:56:47.282,147.09,0.0898126432015,0.0,0
2018-05-27 16:56:47.561,146.37,0.0898126432015,0.0,0
2018-05-27 16:56:47.747,144.3,0.0898126432015,0.0,0
2018-05-27 16:56:48.188,142.25,0.0898126432015,0.0,0
2018-05-27 16:56:48.542,140.41,0.0898126432015,0.0,0
2018-05-27 16:56:48.728,139.94,0.0898126432015,0.0,0
2018-05-27 16:56:48.822,139.34,0.0898126432015,0.0,0
2018-05-27 16:56:49.328,137.41,0.0898126432015,0.0,0
2018-05-27 16:56:49.871,136.85,0.0898126432015,0.0,0
2018-05-27 16:56:50.207,135.95,0.0898126432015,0.0,0
2018-05-27 16:56:50.374,135.81,0.0898126432015,0.0,0
2018-05-27 16:56:50.468,135.71,0.0898126432015,0.0,0
2018-05-27 16:56:50.747,135.08,0.0898126432015,0.0,0
2018-05-27 16:56:50.840,136.03,0.0898126432015,0.0,0
2018-05-27 16:56:51.179,133.72,0.0898126432015,0.0,0
2018-05-27 16:56:51.272,134.41,0.0898126432015,0.0,0
2018-05-27 16:56:51.365,134.41,0.0898126432015,0.0,0
2018-05-27 16:56:51.449,135.14,0.0898126432015,0.0,0
2018-05-27 16:56:51.533,134.06,0.0898126432015,0.0,0
2018-05-27 16:56:51.626,133.54,0.0898126432015,0.0,0
2018-05-27 16:56:51.719,133.38,0.0898126432015,0.0,0
2018-05-27 16:56:51.803,134.11,0.0898126432015,0.0,0
2018-05-27 16:56:51.896,133.34,0.0898126432015,0.0,0
2018-05-27 16:56:52.057,132.58,0.0898126432015,0.0,0
2018-05-27 16:56:52.151,132.15,0.0898126432015,0.0,0
2018-05-27 16:56:52.244,131.41,0.0898126432015,0.0,0
2018-05-27 16:56:52.337,130.78,0.0898126432015,0.0,0
2018-05-27 16:56:52.430,130.79,0.0898126432015,0.0,0
2018-05-27 16:56:52.523,131.48,0.0898126432015,0.0,0
2018-05-27 16:56:52.616,131.2,0.0831817939995,0.0250000003725,0
2018-05-27 16:56:52.709,130.21,0.0768688925041,0.0250000003725,0
2018-05-27 16:56:52.793,130.38,0.0708695450295,0.0250000003725,0
2018-05-27 16:56:52.886,131.08,0.0708695450295,0.0,0
2018-05-27 16:56:53.048,130.27,0.0708695450295,0.0,0
2018-05-27 16:56:53.141,128.89,0.0708695450295,0.0,0
2018-05-27 16:56:53.234,129.89,0.0708695450295,0.0,0
2018-05-27 16:56:53.327,129.09,0.070220220506,0.0,0
2018-05-27 16:56:53.420,130.5,0.070220220506,0.0,0
2018-05-27 16:56:53.504,129.23,0.070220220506,0.0,0
2018-05-27 16:56:53.594,130.31,0.0761091537645,0.0,0
2018-05-27 16:56:53.681,129.91,0.0823033749288,0.0,0
2018-05-27 16:56:53.765,129.31,0.0888071520688,0.0,0
2018-05-27 16:56:53.858,129.04,0.0888071520688,0.0,0
2018-05-27 16:56:54.020,129.95,0.0888071520688,0.0,0
2018-05-27 16:56:54.206,128.4,0.0888071520688,0.0,0
2018-05-27 16:56:54.384,129.37,0.0888071520688,0.0,0
2018-05-27 16:56:54.476,128.59,0.0888071520688,0.0,0
2018-05-27 16:56:54.569,128.35,0.0888071520688,0.0,0
2018-05-27 16:56:54.662,128.15,0.0888071520688,0.0,0
2018-05-27 16:56:54.849,127.5,0.0888071520688,0.0,0
2018-05-27 16:56:55.104,126.16,0.0888071520688,0.0,0
2018-05-27 16:56:55.290,126.24,0.0888071520688,0.0,0
2018-05-27 16:56:55.375,126.6,0.0888071520688,0.0,0
2018-05-27 16:56:55.467,126.83,0.0888071520688,0.0,0
2018-05-27 16:56:55.653,126.22,0.0888071520688,0.0,0
2018-05-27 16:56:56.001,126.14,0.0888071520688,0.0,0
2018-05-27 16:56:56.094,125.77,0.0888071520688,0.0,0
2018-05-27 16:56:56.280,126.28,0.0888071520688,0.0,0
2018-05-27 16:56:56.364,126.61,0.0888071520688,0.0,0
2018-05-27 16:56:56.457,126.74,0.0888071520688,0.0,0
2018-05-27 16:56:56.550,125.83,0.0888071520688,0.0,0
2018-05-27 16:56:56.644,126.65,0.0888071520688,0.0,0
2018-05-27 16:56:56.737,127.34,0.0888071520688,0.0,0
2018-05-27 16:56:56.830,126.97,0.0888071520688,0.0,0
2018-05-27 16:56:56.923,126.82,0.0888071520688,0.0,0
2018-05-27 16:56:57.085,126.83,0.0888071520688,0.0,0
2018-05-27 16:56:57.178,128.13,0.0888071520688,0.0,0
2018-05-27 16:56:57.271,127.92,0.0888071520688,0.0,0
2018-05-27 16:56:57.355,127.4,0.0888071520688,0.0,0
2018-05-27 16:56:57.532,127.85,0.0888071520688,0.0,0
2018-05-27 16:56:57.718,128.84,0.0888071520688,0.0,0
2018-05-27 16:56:57.811,128.81,0.0888071520688,0.0,0
2018-05-27 16:56:58.051,129.01,0.0888071520688,0.0,0
2018-05-27 16:56:58.140,127.3,0.0888071520688,0.0,0
2018-05-27 16:56:58.234,128.39,0.0888071520688,0.0,0
2018-05-27 16:56:58.699,127.67,0.0888071520688,0.0,0
2018-05-27 16:56:58.792,128.9,0.0888071520688,0.0,0
2018-05-27 16:56:58.885,128.48,0.0888071520688,0.0,0
2018-05-27 16:56:59.317,127.31,0.0888071520688,0.0,0
2018-05-27 16:56:59.494,129.05,0.0888071520688,0.0,0
2018-05-27 16:56:59.578,128.67,0.0888071520688,0.0,0
2018-05-27 16:56:59.671,128.64,0.0888071520688,0.0,0
2018-05-27 16:56:59.764,129.53,0.0888071520688,0.0,0
2018-05-27 16:56:59.857,129.65,0.0888071520688,0.0,0
2018-05-27 16:57:00.019,128.53,0.0888071520688,0.0,0
2018-05-27 16:57:00.112,129.14,0.0888071520688,0.0,0
2018-05-27 16:57:00.205,129.44,0.0888071520688,0.0,0
2018-05-27 16:57:00.392,128.82,0.0888071520688,0.0,0
2018-05-27 16:57:00.475,128.9,0.0888071520688,0.0,0
2018-05-27 16:57:00.569,130.1,0.0888071520688,0.0,0
2018-05-27 16:57:01.000,129.62,0.0888071520688,0.0,0
2018-05-27 16:57:01.093,129.18,0.0888071520688,0.0,0
2018-05-27 16:57:01.187,128.98,0.0888071520688,0.0,0
2018-05-27 16:57:01.457,129.05,0.0888071520688,0.0,0
2018-05-27 16:57:01.540,130.48,0.0888071520688,0.0,0
2018-05-27 16:57:01.634,130.04,0.0888071520688,0.0,0
2018-05-27 16:57:01.717,129.97,0.0888071520688,0.0,0
2018-05-27 16:57:01.810,129.45,0.0888071520688,0.0,0
2018-05-27 16:57:01.904,131.19,0.0888071520688,0.0,0
2018-05-27 16:57:02.065,130.95,0.0888071520688,0.0,0
2018-05-27 16:57:02.158,130.55,0.0888071520688,0.0,0
2018-05-27 16:57:02.335,131.85,0.0888071520688,0.0,0
2018-05-27 16:57:02.699,132.46,0.0888071520688,0.0,0
2018-05-27 16:57:02.792,133.39,0.0888071520688,0.0,0
2018-05-27 16:57:02.876,131.77,0.0888071520688,0.0,0
2018-05-27 16:57:03.131,133.56,0.0888071520688,0.0,0
2018-05-27 16:57:03.224,133.4,0.0888071520688,0.0,0
2018-05-27 16:57:03.578,134.34,0.0888071520688,0.0,0
2018-05-27 16:57:03.857,135.98,0.0888071520688,0.0,0
2018-05-27 16:57:04.112,135.95,0.0888071520688,0.0,0
2018-05-27 16:57:04.205,136.35,0.0888071520688,0.0,0
2018-05-27 16:57:04.391,135.99,0.0888071520688,0.0,0
2018-05-27 16:57:04.475,136.22,0.0888071520688,0.0,0
2018-05-27 16:57:04.568,136.32,0.0888071520688,0.0,0
2018-05-27 16:57:04.745,137.26,0.0888071520688,0.0,0
2018-05-27 16:57:04.931,137.7,0.0888071520688,0.0,0
2018-05-27 16:57:05.186,138.09,0.0888071520688,0.0,0
2018-05-27 16:57:05.279,138.46,0.0888071520688,0.0,0
2018-05-27 16:57:05.363,138.15,0.0888071520688,0.0,0
2018-05-27 16:57:05.549,138.83,0.0888071520688,0.0,0
2018-05-27 16:57:05.642,139.1,0.0888071520688,0.0,0
2018-05-27 16:57:05.726,139.65,0.0888071520688,0.0,0
2018-05-27 16:57:05.819,139.54,0.0888071520688,0.0,0
2018-05-27 16:57:06.168,140.45,0.0888071520688,0.0,0
2018-05-27 16:57:06.261,140.98,0.0888071520688,0.0,0
2018-05-27 16:57:06.354,141.26,0.0888071520688,0.0,0
2018-05-27 16:57:06.438,141.81,0.0888071520688,0.0,0
2018-05-27 16:57:06.531,141.77,0.0888071520688,0.0,0
2018-05-27 16:57:06.717,142.9,0.0888071520688,0.0,0
2018-05-27 16:57:06.810,143.06,0.0888071520688,0.0,0
2018-05-27 16:57:06.903,142.59,0.0888071520688,0.0,0
2018-05-27 16:57:07.065,143.65,0.0888071520688,0.0,0
2018-05-27 16:57:07.251,145.01,0.0888071520688,0.0,0
2018-05-27 16:57:07.335,145.46,0.0888071520688,0.0,0
2018-05-27 16:57:07.614,146.32,0.0888071520688,0.0,0
2018-05-27 16:57:07.801,146.89,0.0888071520688,0.0,0
2018-05-27 16:57:07.894,147.16,0.0888072719765,0.0,0
2018-05-27 16:57:08.242,148.5,0.0888072719765,0.0,0
2018-05-27 16:57:08.512,150.37,0.0888072719765,0.0,0
2018-05-27 16:57:08.605,150.9,0.0888072719765,0.0,0
2018-05-27 16:57:08.791,151.49,0.0888072719765,0.0,0
2018-05-27 16:57:08.884,151.87,0.0888072719765,0.0,0
2018-05-27 16:57:09.139,153.21,0.0888072719765,0.0,0
2018-05-27 16:57:09.316,153.53,0.0888072719765,0.0,0
2018-05-27 16:57:09.503,154.62,0.0888072719765,0.0,0
2018-05-27 16:57:09.596,154.52,0.0888072719765,0.0,0
2018-05-27 16:57:09.689,155.79,0.0888072719765,0.0,0
2018-05-27 16:57:10.034,156.81,0.0888072719765,0.0,0
2018-05-27 16:57:10.298,156.52,0.0888072719765,0.0,0
2018-05-27 16:57:10.381,157.78,0.0888072719765,0.0,0
2018-05-27 16:57:10.559,158.93,0.0888072719765,0.0,0
2018-05-27 16:57:10.745,160.49,0.0888072719765,0.0,0
2018-05-27 16:57:10.838,159.73,0.0888072719765,0.0,0
2018-05-27 16:57:10.931,161.09,0.0888072719765,0.0,0
2018-05-27 16:57:11.279,161.44,0.0888072719765,0.0,0
2018-05-27 16:57:11.363,161.62,0.0888072719765,0.0,0
2018-05-27 16:57:11.456,162.75,0.0888072719765,0.0,0
2018-05-27 16:57:11.540,162.55,0.0888072719765,0.0,0
2018-05-27 16:57:11.633,162.62,0.0888072719765,0.0,0
2018-05-27 16:57:11.819,162.29,0.0888072719765,0.0,0
2018-05-27 16:57:11.912,161.42,0.0888072719765,0.0,0
2018-05-27 16:57:12.074,160.96,0.0888072719765,0.0,0
2018-05-27 16:57:12.167,160.53,0.0888072719765,0.0,0
2018-05-27 16:57:12.260,159.65,0.0888072719765,0.0,0
2018-05-27 16:57:12.353,160.06,0.0888072719765,0.0,0
2018-05-27 16:57:12.438,158.85,0.0888072719765,0.0,0
2018-05-27 16:57:12.521,157.9,0.0888072719765,0.0,0
2018-05-27 16:57:12.614,157.61,0.0888072719765,0.0,0
2018-05-27 16:57:12.894,156.75,0.0888072719765,0.0,0
2018-05-27 16:57:13.056,155.3,0.0888072719765,0.0,0
2018-05-27 16:57:13.149,154.77,0.0888072719765,0.0,0
2018-05-27 16:57:13.242,155.52,0.0888072719765,0.0,0
2018-05-27 16:57:13.335,153.68,0.0888072719765,0.0,0
2018-05-27 16:57:13.512,153.1,0.0888072719765,0.0,0
2018-05-27 16:57:13.605,152.71,0.0888072719765,0.0,0
2018-05-27 16:57:13.884,150.8,0.0888072719765,0.0,0
2018-05-27 16:57:14.046,151.18,0.0888072719765,0.0,0
2018-05-27 16:57:14.232,149.27,0.0888072719765,0.0,0
2018-05-27 16:57:14.409,149.19,0.0888072719765,0.0,0
2018-05-27 16:57:14.502,148.99,0.0888072719765,0.0,0
2018-05-27 16:57:14.596,149.25,0.0888072719765,0.0,0
2018-05-27 16:57:14.875,147.08,0.0888072719765,0.0,0
2018-05-27 16:57:15.838,142.43,0.0888072719765,0.0,0
2018-05-27 16:57:15.931,141.64,0.0888072719765,0.0,0
2018-05-27 16:57:16.353,140.33,0.0888072719765,0.0,0
2018-05-27 16:57:16.428,140.49,0.0888072719765,0.0,0
2018-05-27 16:57:16.521,140.5,0.0888072719765,0.0,0
2018-05-27 16:57:16.605,140.37,0.0888072719765,0.0,0
2018-05-27 16:57:17.046,141.03,0.0888072719765,0.0,0
2018-05-27 16:57:17.139,141.28,0.0888072719765,0.0,0
2018-05-27 16:57:17.232,142.81,0.0888072719765,0.0,0
2018-05-27 16:57:17.325,142.87,0.0888072719765,0.0,0
2018-05-27 16:57:17.418,142.8,0.0888072719765,0.0,0
2018-05-27 16:57:17.503,142.5,0.0888072719765,0.0,0
2018-05-27 16:57:17.856,143.94,0.0888072719765,0.0,0
2018-05-27 16:57:18.111,144.52,0.0888072719765,0.0,0
2018-05-27 16:57:18.204,145.22,0.0888072719765,0.0,0
2018-05-27 16:57:18.567,146.87,0.0888072719765,0.0,0
2018-05-27 16:57:18.661,145.48,0.0888072719765,0.0,0
2018-05-27 16:57:18.754,145.43,0.0888072719765,0.0,0
2018-05-27 16:57:18.847,144.49,0.0888072719765,0.0,0
2018-05-27 16:57:19.102,144.17,0.0888072719765,0.0,0
2018-05-27 16:57:19.195,143.86,0.0888072719765,0.0,0
2018-05-27 16:57:19.288,143.63,0.0888072719765,0.0,0
2018-05-27 16:57:19.372,143.36,0.0888072719765,0.0,0
2018-05-27 16:57:19.558,142.01,0.0888072719765,0.0,0
2018-05-27 16:57:19.651,141.75,0.0888072719765,0.0,0
2018-05-27 16:57:20.279,140.31,0.0888072719765,0.0,0
2018-05-27 16:57:20.456,141.36,0.0888072719765,0.0,0
2018-05-27 16:57:20.539,140.25,0.0888072719765,0.0,0
2018-05-27 16:57:20.633,141.3,0.0888072719765,0.0,0
2018-05-27 16:57:20.819,140.64,0.0888072719765,0.0,0
2018-05-27 16:57:20.912,140.71,0.0888072719765,0.0,0
2018-05-27 16:57:21.074,140.55,0.0888072719765,0.0,0
2018-05-27 16:57:21.167,140.46,0.0888072719765,0.0,0
2018-05-27 16:57:21.344,139.74,0.0888072719765,0.0,0
2018-05-27 16:57:21.437,139.54,0.0888072719765,0.0,0
2018-05-27 16:57:21.809,139.14,0.0888072719765,0.0,0
2018-05-27 16:57:22.065,138.68,0.0888072719765,0.0,0
2018-05-27 16:57:22.158,138.41,0.0888072719765,0.0,0
2018-05-27 16:57:22.251,138.52,0.0888072719765,0.0,0
2018-05-27 16:57:22.707,137.51,0.0888072719765,0.0,0
2018-05-27 16:57:22.801,137.68,0.0888072719765,0.0,0
2018-05-27 16:57:23.595,136.1,0.0888072719765,0.0,0
2018-05-27 16:57:24.027,136.54,0.0888072719765,0.0,0
2018-05-27 16:57:24.111,135.97,0.0888072719765,0.0,0
2018-05-27 16:57:24.390,135.91,0.0888072719765,0.0,0
2018-05-27 16:57:24.474,137.19,0.0888072719765,0.0,0
2018-05-27 16:57:24.567,136.5,0.0888072719765,0.0,0
2018-05-27 16:57:24.660,136.53,0.0888072719765,0.0,0
2018-05-27 16:57:24.837,135.88,0.0888072719765,0.0,0
2018-05-27 16:57:24.930,135.85,0.0888072719765,0.0,0
2018-05-27 16:57:25.456,133.69,0.0888072719765,0.0,0
2018-05-27 16:57:25.539,133.26,0.0888072719765,0.0,0
2018-05-27 16:57:25.632,133.7,0.0888072719765,0.0,0
2018-05-27 16:57:25.725,134.3,0.0888072719765,0.0,0
2018-05-27 16:57:25.912,133.91,0.0888072719765,0.0,0
2018-05-27 16:57:26.344,130.15,0.0888072719765,0.0,0
2018-05-27 16:57:26.437,129.45,0.0888072719765,0.0,0
2018-05-27 16:57:26.614,128.15,0.0888072719765,0.0,0
2018-05-27 16:57:26.707,126.97,0.0888072719765,0.0,0
2018-05-27 16:57:27.055,124.28,0.0888072719765,0.0,0
2018-05-27 16:57:27.148,122.91,0.0888072719765,0.0,0
2018-05-27 16:57:27.604,117.79,0.0823034797015,0.0250000003725,0
2018-05-27 16:57:27.697,117.82,0.0761092443992,0.0250000003725,0
2018-05-27 16:57:28.232,112.12,0.0593397857756,0.0750000029802,0
2018-05-27 16:57:28.502,109.52,0.0410214836245,0.10000000149,0
2018-05-27 16:57:29.031,106.92,0.0334875619725,0.10000000149,0
2018-05-27 16:57:29.120,107.45,0.049621928216,0.10000000149,0
2018-05-27 16:57:29.204,107.04,0.0761092465596,0.125,0
2018-05-27 16:57:29.660,105.77,0.110214806954,0.125,0
2018-05-27 16:57:30.001,106.19,0.152413606591,0.125,0
2018-05-27 16:57:30.185,105.78,0.161856757639,0.0250000003725,0
2018-05-27 16:57:30.279,106.66,0.161856757639,0.0250000003725,0
2018-05-27 16:57:30.539,105.49,0.192235017039,0.10000000149,0
2018-05-27 16:57:30.818,107.1,0.192235017039,0.0750000029802,0
2018-05-27 16:57:31.073,106.72,0.192235017039,0.10000000149,0
2018-05-27 16:57:31.167,107.12,0.181765410972,0.0750000029802,0
2018-05-27 16:57:31.260,106.49,0.181765410972,0.10000000149,0
2018-05-27 16:57:31.353,106.95,0.17163998818,0.10000000149,0
2018-05-27 16:57:31.614,107.58,0.161856759788,0.10000000149,0
2018-05-27 16:57:31.893,107.72,0.152413609355,0.10000000149,0
2018-05-27 16:57:32.511,106.59,0.181765413274,0.10000000149,0
2018-05-27 16:57:32.697,105.75,0.203050681178,0.0750000029802,0
2018-05-27 16:57:33.138,104.28,0.192235021797,0.0750000029802,0
2018-05-27 16:57:33.502,102.9,0.181765414041,0.0500000007451,0
2018-05-27 16:57:33.595,102.47,0.16185676122,0.0500000007451,0
2018-05-27 16:57:33.688,102.44,0.152413609355,0.0500000007451,0
2018-05-27 16:57:34.031,102.02,0.126101348866,0.0250000003725,0
2018-05-27 16:57:34.120,100.43,0.102759299402,0.0250000003725,0
2018-05-27 16:57:34.204,100.73,0.0823034829178,0.0250000003725,0
2018-05-27 16:57:34.567,99.78,0.0646320956192,0.0250000003725,0
2018-05-27 16:57:34.660,100.04,0.0496219285569,0.0250000003725,0
2018-05-27 16:57:34.753,99.07,0.0410214856658,0.0250000003725,0
2018-05-27 16:57:35.008,98.05,0.030103000249,0.0,0
2018-05-27 16:57:35.195,98.15,0.0371246203214,0.0,0
2018-05-27 16:57:35.278,98.56,0.0410214839247,0.0250000003725,0
2018-05-27 16:57:35.539,98.68,0.0451850715528,0.0250000003725,0
2018-05-27 16:57:35.818,99.71,0.0496219262387,0.0,0
2018-05-27 16:57:35.902,99.2,0.0543382240178,0.0,0
2018-05-27 16:57:36.064,99.27,0.059339786159,0.0,0
2018-05-27 16:57:36.343,98.93,0.0646320928634,0.0,0
2018-05-27 16:57:36.427,100.05,0.070220297985,0.0,0
2018-05-27 16:57:36.520,99.79,0.0761092443992,0.0,0
2018-05-27 16:57:36.613,99.9,0.0761092443992,0.0,0
2018-05-27 16:57:36.707,98.9,0.0761092443992,0.0,0
2018-05-27 16:57:36.800,100.82,0.0823034797015,0.0,0
2018-05-27 16:57:36.883,100.77,0.0888072719765,0.0,0
2018-05-27 16:57:37.138,100.85,0.0888072719765,0.0,0
2018-05-27 16:57:37.231,99.81,0.0888072719765,0.0,0
2018-05-27 16:57:37.325,100.22,0.0888072719765,0.0,0
2018-05-27 16:57:37.418,99.85,0.0888072719765,0.0,0
2018-05-27 16:57:37.502,100.41,0.0888072719765,0.0,0
2018-05-27 16:57:37.595,101.54,0.0888072719765,0.0,0
2018-05-27 16:57:37.772,101.75,0.0888072719765,0.0,0
2018-05-27 16:57:37.855,102.06,0.0888072719765,0.0,0
2018-05-27 16:57:38.017,102.16,0.0888072719765,0.0,0
2018-05-27 16:57:38.110,101.01,0.0888072719765,0.0,0
2018-05-27 16:57:38.204,102.44,0.0888072719765,0.0,0
2018-05-27 16:57:38.297,102.58,0.0888072719765,0.0,0
2018-05-27 16:57:38.381,102.63,0.0888072719765,0.0,0
2018-05-27 16:57:38.558,103.1,0.0888072719765,0.0,0
2018-05-27 16:57:38.651,103.39,0.0888072719765,0.0,0
2018-05-27 16:57:38.744,103.94,0.0888072719765,0.0,0
2018-05-27 16:57:38.837,103.49,0.0888072719765,0.0,0
2018-05-27 16:57:38.930,104.77,0.0888072719765,0.0,0
2018-05-27 16:57:39.092,104.78,0.0888072719765,0.0,0
2018-05-27 16:57:39.278,104.52,0.0888072719765,0.0,0
2018-05-27 16:57:39.363,106.08,0.0888072719765,0.0,0
2018-05-27 16:57:39.455,106.75,0.0888072719765,0.0,0
2018-05-27 16:57:39.540,107.03,0.0888072719765,0.0,0
2018-05-27 16:57:39.632,106.84,0.0888072719765,0.0,0
2018-05-27 16:57:39.725,107.55,0.0888072719765,0.0,0
2018-05-27 16:57:39.818,109.0,0.0888072719765,0.0,0
2018-05-27 16:57:39.912,108.5,0.0888072719765,0.0,0
2018-05-27 16:57:40.067,108.91,0.0888072719765,0.0,0
2018-05-27 16:57:40.250,109.74,0.0888072719765,0.0,0
2018-05-27 16:57:40.334,110.39,0.0888072719765,0.0,0
2018-05-27 16:57:40.427,111.47,0.0888072719765,0.0,0
2018-05-27 16:57:40.698,112.07,0.0888072719765,0.0,0
2018-05-27 16:57:40.791,113.13,0.0888072719765,0.0,0
2018-05-27 16:57:41.139,114.49,0.0888072719765,0.0,0
2018-05-27 16:57:41.232,115.55,0.0888072719765,0.0,0
2018-05-27 16:57:41.325,115.15,0.0888072719765,0.0,0
2018-05-27 16:57:41.418,116.31,0.0888072719765,0.0,0
2018-05-27 16:57:41.592,116.82,0.0888072719765,0.0,0
2018-05-27 16:57:41.679,117.9,0.0888072719765,0.0,0
2018-05-27 16:57:41.763,117.87,0.0888072719765,0.0,0
2018-05-27 16:57:41.847,117.21,0.0888072719765,0.0,0
2018-05-27 16:57:42.018,118.48,0.0888072719765,0.0,0
2018-05-27 16:57:42.111,120.31,0.0888072719765,0.0,0
2018-05-27 16:57:42.204,119.24,0.0888072719765,0.0,0
2018-05-27 16:57:42.297,120.82,0.0888072719765,0.0,0
2018-05-27 16:57:42.381,120.97,0.0888072719765,0.0,0
2018-05-27 16:57:42.474,121.65,0.0888072719765,0.0,0
2018-05-27 16:57:42.567,122.59,0.0888072719765,0.0,0
2018-05-27 16:57:42.661,122.08,0.0878978747388,0.0,0
2018-05-27 16:57:42.754,123.61,0.0878978747388,0.0,0
2018-05-27 16:57:43.009,123.53,0.0878978747388,0.0,0
2018-05-27 16:57:43.102,124.72,0.0878978747388,0.0,0
2018-05-27 16:57:43.195,125.42,0.0878978747388,0.0,0
2018-05-27 16:57:43.558,126.41,0.0878978747388,0.0,0
2018-05-27 16:57:43.745,128.24,0.0878978747388,0.0,0
2018-05-27 16:57:43.838,127.19,0.0878978747388,0.0,0
2018-05-27 16:57:44.186,129.27,0.0878978747388,0.0,0
2018-05-27 16:57:44.279,129.31,0.0878978747388,0.0,0
2018-05-27 16:57:44.633,130.66,0.0878978747388,0.0,0
2018-05-27 16:57:44.726,130.69,0.0878978747388,0.0,0
2018-05-27 16:57:44.819,132.17,0.0878978747388,0.0,0
2018-05-27 16:57:44.912,132.19,0.0878978747388,0.0,0
2018-05-27 16:57:45.261,132.84,0.0878978747388,0.0,0
2018-05-27 16:57:45.437,134.55,0.0878978747388,0.0,0
2018-05-27 16:57:45.531,134.91,0.0878978747388,0.0,0
2018-05-27 16:57:45.624,135.43,0.0878978747388,0.0,0
2018-05-27 16:57:45.717,136.1,0.0878978747388,0.0,0
2018-05-27 16:57:45.903,135.99,0.0878978747388,0.0,0
2018-05-27 16:57:46.158,136.75,0.0878978747388,0.0,0
2018-05-27 16:57:46.251,136.98,0.0878978747388,0.0,0
2018-05-27 16:57:46.335,137.89,0.0878978747388,0.0,0
2018-05-27 16:57:46.428,138.45,0.0878978747388,0.0,0
2018-05-27 16:57:46.521,138.8,0.0878978747388,0.0,0
2018-05-27 16:57:46.615,139.44,0.0878978747388,0.0,0
2018-05-27 16:57:46.708,139.84,0.0878978747388,0.0,0
2018-05-27 16:57:46.801,139.86,0.0878978747388,0.0,0
2018-05-27 16:57:46.894,140.05,0.0878978747388,0.0,0
2018-05-27 16:57:47.056,140.67,0.0878978747388,0.0,0
2018-05-27 16:57:47.149,140.42,0.0878978747388,0.0,0
2018-05-27 16:57:47.242,140.45,0.0878978747388,0.0,0
2018-05-27 16:57:47.326,141.71,0.0878978747388,0.0,0
2018-05-27 16:57:47.512,142.47,0.0878978747388,0.0,0
2018-05-27 16:57:47.605,142.54,0.0878978747388,0.0,0
2018-05-27 16:57:47.792,142.63,0.0878978747388,0.0,0
2018-05-27 16:57:48.047,143.78,0.0878978747388,0.0,0
2018-05-27 16:57:48.140,143.12,0.0878978747388,0.0,0
2018-05-27 16:57:48.233,144.42,0.0878978747388,0.0,0
2018-05-27 16:57:48.327,145.33,0.0878978747388,0.0,0
2018-05-27 16:57:48.410,145.16,0.0878978747388,0.0,0
2018-05-27 16:57:48.596,146.8,0.0878978747388,0.0,0
2018-05-27 16:57:48.689,146.72,0.0878978747388,0.0,0
2018-05-27 16:57:48.782,146.57,0.0878978747388,0.0,0
2018-05-27 16:57:48.876,147.08,0.0878978747388,0.0,0
2018-05-27 16:57:49.033,147.43,0.0878978747388,0.0,0
2018-05-27 16:57:49.121,147.74,0.0878978747388,0.0,0
2018-05-27 16:57:49.205,148.53,0.0878978747388,0.0,0
2018-05-27 16:57:49.382,149.38,0.0878978747388,0.0,0
2018-05-27 16:57:49.475,150.75,0.0878978747388,0.0,0
2018-05-27 16:57:49.662,150.46,0.0878978747388,0.0,0
2018-05-27 16:57:49.755,151.44,0.0878978747388,0.0,0
2018-05-27 16:57:49.848,152.04,0.0878978747388,0.0,0
2018-05-27 16:57:50.103,152.62,0.0878978747388,0.0,0
2018-05-27 16:57:50.187,152.4,0.0878978747388,0.0,0
2018-05-27 16:57:50.280,152.1,0.0878978747388,0.0,0
2018-05-27 16:57:50.550,151.0,0.0878978747388,0.0,0
2018-05-27 16:57:50.829,149.58,0.0878978747388,0.0,0
2018-05-27 16:57:51.075,148.87,0.0878978747388,0.0,0
2018-05-27 16:57:51.168,147.93,0.0878978747388,0.0,0
2018-05-27 16:57:51.261,146.97,0.0878978747388,0.0,0
2018-05-27 16:57:51.354,147.16,0.0878978747388,0.0,0
2018-05-27 16:57:51.438,146.86,0.0878978747388,0.0,0
2018-05-27 16:57:51.531,146.75,0.0878978747388,0.0,0
2018-05-27 16:57:51.895,147.34,0.0878978747388,0.0,0
2018-05-27 16:57:52.056,148.18,0.0878978747388,0.0,0
2018-05-27 16:57:52.150,147.16,0.0878978747388,0.0,0
2018-05-27 16:57:52.327,148.65,0.0878978747388,0.0,0
2018-05-27 16:57:52.420,149.33,0.0878978747388,0.0,0
2018-05-27 16:57:52.504,149.79,0.0878978747388,0.0,0
2018-05-27 16:57:52.597,149.79,0.0878978747388,0.0,0
2018-05-27 16:57:52.690,150.34,0.0878978747388,0.0,0
2018-05-27 16:57:52.876,148.4,0.0878978747388,0.0,0
2018-05-27 16:57:53.038,148.06,0.0878978747388,0.0,0
2018-05-27 16:57:53.224,148.14,0.0878978747388,0.0,0
2018-05-27 16:57:53.318,146.64,0.0878978747388,0.0,0
2018-05-27 16:57:53.406,146.9,0.0878978747388,0.0,0
2018-05-27 16:57:53.578,146.3,0.0878978747388,0.0,0
2018-05-27 16:57:53.671,145.03,0.0878978747388,0.0,0
2018-05-27 16:57:53.764,143.87,0.0878978747388,0.0,0
2018-05-27 16:57:53.858,143.7,0.0878978747388,0.0,0
2018-05-27 16:57:54.019,143.19,0.0878978747388,0.0,0
2018-05-27 16:57:54.206,142.25,0.0878978747388,0.0,0
2018-05-27 16:57:54.299,141.9,0.0878978747388,0.0,0
2018-05-27 16:57:54.383,141.24,0.0878978747388,0.0,0
2018-05-27 16:57:54.662,139.25,0.0878978747388,0.0,0
2018-05-27 16:57:54.755,139.58,0.0878978747388,0.0,0
2018-05-27 16:57:54.848,139.23,0.0878978747388,0.0,0
2018-05-27 16:57:55.010,139.0,0.0878978747388,0.0,0
2018-05-27 16:57:55.103,138.53,0.0878978747388,0.0,0
2018-05-27 16:57:55.197,138.0,0.0878978747388,0.0,0
2018-05-27 16:57:55.280,137.89,0.0878978747388,0.0,0
2018-05-27 16:57:55.467,136.34,0.0878978747388,0.0,0
2018-05-27 16:57:55.560,136.05,0.0878978747388,0.0,0
2018-05-27 16:57:55.653,136.62,0.0878978747388,0.0,0
2018-05-27 16:57:55.839,135.71,0.0878978747388,0.0,0
2018-05-27 16:57:56.094,134.79,0.0878978747388,0.0,0
2018-05-27 16:57:56.271,133.48,0.0878978747388,0.0,0
2018-05-27 16:57:56.448,133.67,0.0878978747388,0.0,0
2018-05-27 16:57:56.532,132.49,0.0878978747388,0.0,0
2018-05-27 16:57:56.625,131.64,0.0878978747388,0.0,0
2018-05-27 16:57:56.718,132.11,0.0878978747388,0.0,0
2018-05-27 16:57:56.811,131.52,0.0878978747388,0.0,0
2018-05-27 16:57:57.057,130.57,0.0878978747388,0.0,0
2018-05-27 16:57:57.150,130.55,0.0878978747388,0.0,0
2018-05-27 16:57:57.430,129.46,0.0878978747388,0.0,0
2018-05-27 16:57:57.523,129.62,0.0878978747388,0.0,0
2018-05-27 16:57:57.616,129.77,0.0878978747388,0.0,0
2018-05-27 16:57:57.709,130.7,0.0878978747388,0.0,0
2018-05-27 16:57:57.802,129.93,0.0878978747388,0.0,0
2018-05-27 16:57:57.895,128.59,0.0878978747388,0.0,0
2018-05-27 16:57:58.141,128.81,0.0878978747388,0.0,0
2018-05-27 16:57:58.234,126.76,0.0878978747388,0.0,0
2018-05-27 16:57:58.327,127.54,0.0878978747388,0.0,0
2018-05-27 16:57:58.420,127.41,0.0878978747388,0.0,0
2018-05-27 16:57:58.504,125.65,0.0878978747388,0.0,0
2018-05-27 16:57:58.691,126.62,0.0878978747388,0.0,0
2018-05-27 16:57:58.781,125.27,0.0878978747388,0.0,0
2018-05-27 16:57:58.868,124.54,0.0878978747388,0.0,0
2018-05-27 16:57:59.113,124.5,0.0878978747388,0.0,0
2018-05-27 16:57:59.206,124.77,0.0878978747388,0.0,0
2018-05-27 16:57:59.299,124.69,0.0878978747388,0.0,0
2018-05-27 16:57:59.476,124.5,0.0878978747388,0.0,0
2018-05-27 16:57:59.570,124.0,0.0878978747388,0.0,0
2018-05-27 16:57:59.747,123.61,0.0878978747388,0.0,0
2018-05-27 16:58:00.001,124.83,0.0878978747388,0.0,0
2018-05-27 16:58:00.095,124.96,0.0878978747388,0.0,0
2018-05-27 16:58:00.281,126.33,0.0878978747388,0.0,0
2018-05-27 16:58:00.365,125.87,0.0878978747388,0.0,0
2018-05-27 16:58:00.552,127.72,0.0878978747388,0.0,0
2018-05-27 16:58:00.635,127.13,0.0878978747388,0.0,0
2018-05-27 16:58:00.728,127.53,0.0878978747388,0.0,0
2018-05-27 16:58:00.905,128.27,0.0878978747388,0.0,0
2018-05-27 16:58:01.067,128.41,0.0878978747388,0.0,0
2018-05-27 16:58:01.160,129.89,0.0878978747388,0.0,0
2018-05-27 16:58:01.253,130.26,0.0878978747388,0.0,0
2018-05-27 16:58:01.337,130.03,0.0878978747388,0.0,0
2018-05-27 16:58:01.430,130.13,0.0878978747388,0.0,0
2018-05-27 16:58:01.523,131.38,0.0878978747388,0.0,0
2018-05-27 16:58:01.616,131.52,0.0878978747388,0.0,0
2018-05-27 16:58:01.710,131.19,0.0878978747388,0.0,0
2018-05-27 16:58:01.803,131.64,0.0878978747388,0.0,0
2018-05-27 16:58:01.896,131.91,0.0878978747388,0.0,0
2018-05-27 16:58:02.058,131.72,0.0878978747388,0.0,0
2018-05-27 16:58:02.151,133.57,0.0878978747388,0.0,0
2018-05-27 16:58:02.421,133.77,0.0878978747388,0.0,0
2018-05-27 16:58:02.514,133.98,0.0878978747388,0.0,0
2018-05-27 16:58:02.700,134.94,0.0878978747388,0.0,0
2018-05-27 16:58:02.793,136.21,0.0878978747388,0.0,0
2018-05-27 16:58:02.887,136.28,0.0878978747388,0.0,0
2018-05-27 16:58:03.048,136.9,0.0878978747388,0.0,0
2018-05-27 16:58:03.142,136.58,0.0878978747388,0.0,0
2018-05-27 16:58:03.231,136.32,0.0878978747388,0.0,0
2018-05-27 16:58:03.407,137.47,0.0878978747388,0.0,0
2018-05-27 16:58:03.500,138.32,0.0878978747388,0.0,0
2018-05-27 16:58:03.589,138.48,0.0878978747388,0.0,0
2018-05-27 16:58:03.675,138.95,0.0878978747388,0.0,0
2018-05-27 16:58:03.850,138.93,0.0878978747388,0.0,0
2018-05-27 16:58:04.011,138.96,0.0878978747388,0.0,0
2018-05-27 16:58:04.104,139.29,0.0878978747388,0.0,0
2018-05-27 16:58:04.291,139.07,0.0878978747388,0.0,0
2018-05-27 16:58:04.375,140.61,0.0878978747388,0.0,0
2018-05-27 16:58:04.461,141.32,0.0878978747388,0.0,0
2018-05-27 16:58:04.551,141.7,0.0878978747388,0.0,0
2018-05-27 16:58:04.645,141.59,0.0878978747388,0.0,0
2018-05-27 16:58:04.822,142.61,0.0878978747388,0.0,0
2018-05-27 16:58:04.905,142.26,0.0878978747388,0.0,0
2018-05-27 16:58:05.067,142.76,0.0878978747388,0.0,0
2018-05-27 16:58:05.161,143.36,0.0878978747388,0.0,0
2018-05-27 16:58:05.244,143.25,0.0878978747388,0.0,0
2018-05-27 16:58:05.328,143.44,0.0878978747388,0.0,0
2018-05-27 16:58:05.421,143.71,0.0878978747388,0.0,0
2018-05-27 16:58:05.515,144.23,0.0878978747388,0.0,0
2018-05-27 16:58:05.607,144.85,0.0878978747388,0.0,0
2018-05-27 16:58:05.701,145.26,0.0878978747388,0.0,0
2018-05-27 16:58:05.794,146.23,0.0878978747388,0.0,0
2018-05-27 16:58:05.887,145.38,0.0878978747388,0.0,0
2018-05-27 16:58:06.039,147.26,0.0878978747388,0.0,0
2018-05-27 16:58:06.133,146.17,0.0878978747388,0.0,0
2018-05-27 16:58:06.226,147.32,0.0878978747388,0.0,0
2018-05-27 16:58:06.319,147.82,0.0878978747388,0.0,0
2018-05-27 16:58:06.412,148.5,0.0878978747388,0.0,0
2018-05-27 16:58:06.505,149.39,0.0878978747388,0.0,0
2018-05-27 16:58:06.598,148.54,0.0878978747388,0.0,0
2018-05-27 16:58:06.691,149.77,0.0878978747388,0.0,0
2018-05-27 16:58:07.030,151.25,0.0878978747388,0.0,0
2018-05-27 16:58:07.384,151.11,0.0878978747388,0.0,0
2018-05-27 16:58:07.478,149.71,0.0878978747388,0.0,0
2018-05-27 16:58:07.561,150.37,0.0878978747388,0.0,0
2018-05-27 16:58:07.654,150.85,0.0878978747388,0.0,0
2018-05-27 16:58:07.841,148.25,0.0878978747388,0.0,0
2018-05-27 16:58:08.002,148.22,0.0878978747388,0.0,0
2018-05-27 16:58:08.096,147.97,0.0878978747388,0.0,0
2018-05-27 16:58:08.189,148.73,0.0878978747388,0.0,0
2018-05-27 16:58:08.282,148.44,0.0878978747388,0.0,0
2018-05-27 16:58:08.543,148.24,0.0878978747388,0.0,0
2018-05-27 16:58:08.636,147.87,0.0878978747388,0.0,0
2018-05-27 16:58:08.822,147.46,0.0878978747388,0.0,0
2018-05-27 16:58:08.916,148.22,0.0878978747388,0.0,0
2018-05-27 16:58:09.152,148.24,0.0878978747388,0.0,0
2018-05-27 16:58:09.422,149.36,0.0878978747388,0.0,0
2018-05-27 16:58:09.515,150.25,0.0878978747388,0.0,0
2018-05-27 16:58:09.608,149.5,0.0878978747388,0.0,0
2018-05-27 16:58:09.701,150.25,0.0878978747388,0.0,0
2018-05-27 16:58:09.794,151.73,0.0878978747388,0.0,0
2018-05-27 16:58:09.888,151.9,0.0878978747388,0.0,0
2018-05-27 16:58:10.050,151.25,0.0878978747388,0.0,0
2018-05-27 16:58:10.142,151.36,0.0878978747388,0.0,0
2018-05-27 16:58:10.235,152.9,0.0878978747388,0.0,0
2018-05-27 16:58:10.422,152.92,0.0878978747388,0.0,0
2018-05-27 16:58:10.515,154.58,0.0878978747388,0.0,0
2018-05-27 16:58:10.785,154.48,0.0878978747388,0.0,0
2018-05-27 16:58:10.878,155.86,0.0878978747388,0.0,0
2018-05-27 16:58:11.035,155.27,0.0878978747388,0.0,0
2018-05-27 16:58:11.211,155.73,0.0878978747388,0.0,0
2018-05-27 16:58:11.291,155.99,0.0878978747388,0.0,0
2018-05-27 16:58:11.385,155.88,0.0878978747388,0.0,0
2018-05-27 16:58:11.478,157.6,0.0878978747388,0.0,0
2018-05-27 16:58:11.850,157.74,0.0878978747388,0.0,0
2018-05-27 16:58:12.096,159.53,0.0878978747388,0.0,0
2018-05-27 16:58:12.189,158.72,0.0878978747388,0.0,0
2018-05-27 16:58:12.367,160.16,0.0878978747388,0.0,0
2018-05-27 16:58:12.543,158.95,0.0878978747388,0.0,0
2018-05-27 16:58:12.729,160.27,0.0878978747388,0.0,0
2018-05-27 16:58:13.077,162.42,0.0878978747388,0.0,0
2018-05-27 16:58:13.171,161.54,0.0878978747388,0.0,0
2018-05-27 16:58:13.264,163.0,0.0878978747388,0.0,0
2018-05-27 16:58:13.341,163.54,0.0878978747388,0.0,0
2018-05-27 16:58:13.431,162.14,0.0878978747388,0.0,0
2018-05-27 16:58:13.524,163.07,0.0878978747388,0.0,0
2018-05-27 16:58:13.618,162.91,0.0878978747388,0.0,0
2018-05-27 16:58:13.711,164.27,0.0878978747388,0.0,0
2018-05-27 16:58:13.804,163.87,0.0878978747388,0.0,0
2018-05-27 16:58:13.897,164.61,0.0878978747388,0.0,0
2018-05-27 16:58:14.059,164.04,0.0878978747388,0.0,0
2018-05-27 16:58:14.152,165.39,0.0878978747388,0.0,0
2018-05-27 16:58:14.329,165.58,0.0878978747388,0.0,0
2018-05-27 16:58:14.422,165.64,0.0878978747388,0.0,0
2018-05-27 16:58:14.608,166.02,0.0878978747388,0.0,0
2018-05-27 16:58:14.701,166.28,0.0878978747388,0.0,0
2018-05-27 16:58:14.888,167.45,0.0878978747388,0.0,0
2018-05-27 16:58:15.049,168.3,0.0878978747388,0.0,0
2018-05-27 16:58:15.236,167.86,0.0878978747388,0.0,0
2018-05-27 16:58:15.413,168.84,0.0878978747388,0.0,0
2018-05-27 16:58:15.506,169.53,0.0878978747388,0.0,0
2018-05-27 16:58:15.599,169.23,0.0878978747388,0.0,0
2018-05-27 16:58:15.692,170.09,0.0878978747388,0.0,0
2018-05-27 16:58:15.785,171.1,0.0878978747388,0.0,0
2018-05-27 16:58:15.878,170.73,0.0878978747388,0.0,0
2018-05-27 16:58:16.031,171.8,0.0878978747388,0.0,0
2018-05-27 16:58:16.124,171.2,0.0878978747388,0.0,0
2018-05-27 16:58:16.208,172.63,0.0878978747388,0.0,0
2018-05-27 16:58:16.301,172.0,0.0878978747388,0.0,0
2018-05-27 16:58:16.478,173.16,0.0878978747388,0.0,0
2018-05-27 16:58:17.096,176.27,0.081508738303,0.0250000003725,0
2018-05-27 16:58:17.283,175.9,0.081508738303,0.0,0
2018-05-27 16:58:17.366,177.4,0.0754216226931,0.0250000003725,0
2018-05-27 16:58:17.459,177.62,0.0696323728072,0.0250000003725,0
2018-05-27 16:58:17.637,178.78,0.0696323728072,0.0,0
2018-05-27 16:58:17.729,179.48,0.0589294915053,0.0500000007451,0
2018-05-27 16:58:17.823,179.2,0.0493612127601,0.0500000007451,0
2018-05-27 16:58:17.916,179.29,0.0334475125944,0.10000000149,0
2018-05-27 16:58:18.078,178.8,0.0408836558275,0.10000000149,0
2018-05-27 16:58:18.171,179.91,0.0589294933165,0.10000000149,0
2018-05-27 16:58:18.264,180.63,0.0641365667766,0.0500000007451,0
2018-05-27 16:58:18.357,180.69,0.0754216248166,0.0500000007451,0
2018-05-27 16:58:18.618,181.77,0.094592935656,0.10000000149,0
2018-05-27 16:58:18.711,182.45,0.116549149236,0.10000000149,0
2018-05-27 16:58:18.804,182.85,0.116549149236,0.0,0
2018-05-27 16:58:19.059,184.83,0.101597578093,0.0,0
2018-05-27 16:58:19.152,185.38,0.0878978770782,0.0,0
2018-05-27 16:58:19.245,185.69,0.0641365667766,0.0,0
2018-05-27 16:58:19.329,184.65,0.0449890450231,0.0,0
2018-05-27 16:58:19.506,185.52,0.0301030002423,0.0,0
2018-05-27 16:58:19.599,185.98,0.0370387095967,0.0,0
2018-05-27 16:58:19.692,186.23,0.0449890435075,0.0,0
2018-05-27 16:58:19.878,187.93,0.0589294915053,0.0250000003725,0
2018-05-27 16:58:20.124,188.21,0.081508738303,0.0,0
2018-05-27 16:58:20.208,189.09,0.0696323728072,0.0500000007451,0
2018-05-27 16:58:20.301,190.08,0.0540061466431,0.0750000029802,0
2018-05-27 16:58:20.478,189.42,0.0493612124243,0.0250000003725,0
2018-05-27 16:58:20.664,191.48,0.0301030002423,0.125,0
2018-05-27 16:58:20.757,192.07,0.0540061494228,0.15000000596,0
2018-05-27 16:58:21.012,191.3,0.0878978790277,0.15000000596,0
2018-05-27 16:58:21.199,192.17,0.108915243748,0.0750000029802,0
2018-05-27 16:58:21.282,192.55,0.15956203841,0.15000000596,0
2018-05-27 16:58:21.823,194.49,0.222141157776,0.17499999702,0
2018-05-27 16:58:22.068,194.26,0.310747198009,0.17499999702,0
2018-05-27 16:58:22.254,195.31,0.339207035749,0.10000000149,0
2018-05-27 16:58:22.338,194.72,0.416549668427,0.20000000298,0
2018-05-27 16:58:22.432,194.69,0.521146038346,0.17499999702,0
2018-05-27 16:58:22.525,193.21,0.299999996735,0.125,0
2018-05-27 16:58:22.804,192.89,0.467232962857,0.0750000029802,0
2018-05-27 16:58:22.888,193.12,0.369079061277,0.0,0
2018-05-27 16:58:23.143,192.78,0.353966077135,0.0500000007451,0
2018-05-27 16:58:23.236,193.12,0.297044508496,0.0500000007451,0
2018-05-27 16:58:23.422,190.74,0.233760576055,0.0500000007451,0
2018-05-27 16:58:23.693,188.57,0.159562031389,0.0,0
2018-05-27 16:58:23.879,186.36,0.124502327562,0.0,0
2018-05-27 16:58:24.217,185.52,0.0696323735638,0.0,0
2018-05-27 16:58:24.394,182.84,0.036910604267,0.0,0
2018-05-27 16:58:25.022,178.6,0.0406783060299,0.0,0
2018-05-27 16:58:25.208,176.02,0.0535124821367,0.0,0
2018-05-27 16:58:25.301,175.3,0.0535124821367,0.0,0
2018-05-27 16:58:25.385,174.94,0.0634007891585,0.0,0
2018-05-27 16:58:25.571,172.99,0.0744016493731,0.0,0
2018-05-27 16:58:25.851,171.32,0.0865500911922,0.0,0
2018-05-27 16:58:26.012,171.3,0.0865500911922,0.0,0
2018-05-27 16:58:26.106,170.56,0.0865500911922,0.0,0
2018-05-27 16:58:26.376,168.97,0.0865500911922,0.0,0
2018-05-27 16:58:26.469,169.59,0.0865500911922,0.0,0
2018-05-27 16:58:26.748,168.49,0.0865500911922,0.0,0
2018-05-27 16:58:26.841,167.15,0.0865500911922,0.0,0
2018-05-27 16:58:27.282,166.5,0.0865500911922,0.0,0
2018-05-27 16:58:27.366,164.81,0.0865500911922,0.0,0
2018-05-27 16:58:27.823,163.23,0.0865500911922,0.0,0
2018-05-27 16:58:27.916,162.85,0.0865500911922,0.0,0
2018-05-27 16:58:28.264,161.32,0.0865500911922,0.0,0
2018-05-27 16:58:28.348,161.42,0.0865500911922,0.0,0
2018-05-27 16:58:28.441,160.19,0.0865500911922,0.0,0
2018-05-27 16:58:28.720,158.99,0.0865500911922,0.0,0
2018-05-27 16:58:28.813,159.66,0.0865500911922,0.0,0
2018-05-27 16:58:29.255,157.69,0.0865500911922,0.0,0
2018-05-27 16:58:29.432,155.98,0.0865500911922,0.0,0
2018-05-27 16:58:29.711,153.72,0.0865500911922,0.0,0
2018-05-27 16:58:29.897,153.51,0.0865500911922,0.0,0
2018-05-27 16:58:30.515,148.89,0.0865500911922,0.0,0
2018-05-27 16:58:30.609,148.08,0.0865500911922,0.0,0
2018-05-27 16:58:30.702,145.8,0.0865500911922,0.0,0
2018-05-27 16:58:31.050,144.57,0.0865500911922,0.0,0
2018-05-27 16:58:31.227,142.18,0.0865500911922,0.0,0
2018-05-27 16:58:31.408,139.26,0.0865500911922,0.0,0
2018-05-27 16:58:31.501,138.13,0.0865500911922,0.0,0
2018-05-27 16:58:31.581,137.04,0.0865500911922,0.0,0
2018-05-27 16:58:31.674,135.94,0.0865500911922,0.0,0
2018-05-27 16:58:31.851,134.25,0.0865500911922,0.0,0
2018-05-27 16:58:32.199,130.05,0.0865500911922,0.0,0
2018-05-27 16:58:32.376,127.09,0.0865500911922,0.0,0
2018-05-27 16:58:32.469,125.95,0.0865500911922,0.0,0
2018-05-27 16:58:32.655,123.6,0.0865500911922,0.0,0
2018-05-27 16:58:32.832,120.58,0.0865500911922,0.0,0
2018-05-27 16:58:32.926,118.96,0.0865500911922,0.0,0
2018-05-27 16:58:33.078,117.36,0.0865500911922,0.0,0
2018-05-27 16:58:33.264,114.39,0.0865500911922,0.0,0
2018-05-27 16:58:33.627,110.64,0.0865500911922,0.0,0
2018-05-27 16:58:33.720,109.4,0.0865500911922,0.0,0
2018-05-27 16:58:34.161,106.0,0.0865500911922,0.0,0
2018-05-27 16:58:34.515,103.5,0.0865500911922,0.0,0
2018-05-27 16:58:34.795,102.72,0.0865500911922,0.0,0
2018-05-27 16:58:35.143,100.13,0.0865500911922,0.0,0
2018-05-27 16:58:35.236,100.23,0.0865500911922,0.0,0
2018-05-27 16:58:35.422,99.06,0.0865500911922,0.0,0
2018-05-27 16:58:35.516,97.63,0.0865500911922,0.0,0
2018-05-27 16:58:35.879,95.06,0.0803303965483,0.0250000003725,0
2018-05-27 16:58:36.036,94.48,0.0744016493731,0.0250000003725,0
2018-05-27 16:58:36.385,92.53,0.0583199254471,0.0750000029802,0
2018-05-27 16:58:36.478,91.55,0.0369106029637,0.125,0
2018-05-27 16:58:36.758,88.54,0.0446972214626,0.15000000596,0
2018-05-27 16:58:36.851,88.44,0.0803303982678,0.17499999702,0
2018-05-27 16:58:37.106,87.04,0.130173016271,0.17499999702,0
2018-05-27 16:58:37.376,84.78,0.228104482673,0.25,0
2018-05-27 16:58:38.003,78.72,0.405067618682,0.324999988079,0
2018-05-27 16:58:38.096,77.83,0.405067618682,0.0,0
2018-05-27 16:58:38.366,74.72,0.389411934009,0.0,0
2018-05-27 16:58:38.460,73.74,0.374099856375,0.0,0
2018-05-27 16:58:38.553,72.55,0.330217752904,0.0,0
2018-05-27 16:58:38.832,68.6,0.263876462477,0.0,0
2018-05-27 16:58:39.627,62.32,0.195316502278,0.0,0
2018-05-27 16:58:39.720,62.33,0.130173010167,0.0,0
2018-05-27 16:58:39.808,61.34,0.0803303937427,0.0,0
2018-05-27 16:58:39.897,60.14,0.033387737499,0.0,0
2018-05-27 16:58:40.329,56.58,0.0865500911922,0.0,0
2018-05-27 16:58:40.422,55.7,0.0865500911922,0.0,0
2018-05-27 16:58:40.692,53.95,0.0865500911922,0.0,0
2018-05-27 16:58:40.787,53.25,0.0865500911922,0.0,0
2018-05-27 16:58:41.041,51.85,0.0865500911922,0.0,0
2018-05-27 16:58:41.117,51.78,0.0865500911922,0.0,0
2018-05-27 16:58:41.217,51.84,0.0865500911922,0.0,0
2018-05-27 16:58:41.572,53.14,0.0865500911922,0.0,0
2018-05-27 16:58:41.851,54.53,0.0865500911922,0.0,0
2018-05-27 16:58:42.096,55.56,0.0865500911922,0.0,0
2018-05-27 16:58:42.460,56.33,0.0865500911922,0.0,0
2018-05-27 16:58:42.647,57.43,0.0865500911922,0.0,0
2018-05-27 16:58:42.916,58.53,0.0865500911922,0.0,0
2018-05-27 16:58:43.264,59.7,0.0865500911922,0.0,0
2018-05-27 16:58:43.357,60.49,0.0865500911922,0.0,0
2018-05-27 16:58:43.441,60.7,0.0865500911922,0.0,0
2018-05-27 16:58:43.711,62.29,0.0865500911922,0.0,0
2018-05-27 16:58:43.804,62.58,0.0865500911922,0.0,0
2018-05-27 16:58:44.059,62.96,0.0865500911922,0.0,0
2018-05-27 16:58:44.339,64.39,0.0865500911922,0.0,0
2018-05-27 16:58:44.422,64.99,0.0865500911922,0.0,0
2018-05-27 16:58:44.599,66.2,0.0865500911922,0.0,0
2018-05-27 16:58:44.692,65.28,0.0865500911922,0.0,0
2018-05-27 16:58:44.786,67.06,0.0865500911922,0.0,0
2018-05-27 16:58:45.124,69.48,0.0865500911922,0.0,0
2018-05-27 16:58:45.208,70.04,0.0865500911922,0.0,0
2018-05-27 16:58:45.301,71.24,0.0865500911922,0.0,0
2018-05-27 16:58:45.394,71.58,0.0865500911922,0.0,0
2018-05-27 16:58:45.572,73.68,0.0865500911922,0.0,0
2018-05-27 16:58:45.758,73.87,0.0858282010156,0.0,0
2018-05-27 16:58:45.851,75.18,0.0858282010156,0.0,0
2018-05-27 16:58:46.013,75.08,0.0858282010156,0.0,0
2018-05-27 16:58:46.106,75.58,0.0858282010156,0.0,0
2018-05-27 16:58:46.283,76.28,0.0858282010156,0.0,0
2018-05-27 16:58:46.376,77.37,0.0796990186062,0.0250000003725,0
2018-05-27 16:58:46.460,77.44,0.0738549005683,0.0250000003725,0
2018-05-27 16:58:46.543,76.97,0.0682919465508,0.0250000003725,0
2018-05-27 16:58:46.636,78.16,0.0630060114053,0.0250000003725,0
2018-05-27 16:58:46.730,77.97,0.0579926921672,0.0250000003725,0
2018-05-27 16:58:46.823,77.98,0.0532473151586,0.0250000003725,0
2018-05-27 16:58:46.916,79.39,0.0532473151586,0.0,0
2018-05-27 16:58:47.068,79.18,0.0532473151586,0.0,0
2018-05-27 16:58:47.161,78.99,0.0532473151586,0.0,0
2018-05-27 16:58:47.255,80.13,0.0532473151586,0.0,0
2018-05-27 16:58:47.431,80.0,0.0579926921672,0.0,0
2018-05-27 16:58:47.525,81.15,0.0630060114053,0.0,0
2018-05-27 16:58:47.618,81.54,0.0682919465508,0.0,0
2018-05-27 16:58:47.888,82.25,0.0682919465508,0.0250000003725,0
2018-05-27 16:58:48.236,82.83,0.0682919465508,0.0250000003725,0
2018-05-27 16:58:48.329,83.2,0.0682919465508,0.0250000003725,0
2018-05-27 16:58:48.515,82.79,0.0630060114053,0.0250000003725,0
2018-05-27 16:58:48.608,83.65,0.0579926921672,0.0250000003725,0
2018-05-27 16:58:48.702,84.37,0.0532473151586,0.0250000003725,0
2018-05-27 16:58:48.878,83.78,0.0487649234235,0.0250000003725,0
2018-05-27 16:58:49.124,84.89,0.0445402647486,0.0250000003725,0
2018-05-27 16:58:49.301,84.62,0.0405677805727,0.0250000003725,0
2018-05-27 16:58:49.385,85.2,0.0333555122277,0.0500000007451,0
2018-05-27 16:58:49.562,86.41,0.0368415961299,0.0,0
2018-05-27 16:58:49.655,85.97,0.0405677805727,0.0,0
2018-05-27 16:58:49.748,86.22,0.0445402647486,0.0,0
2018-05-27 16:58:49.841,86.82,0.0405677805727,0.0500000007451,0
2018-05-27 16:58:50.189,88.31,0.0368415961299,0.0500000007451,0
2018-05-27 16:58:50.283,88.32,0.0333555122277,0.0500000007451,0
2018-05-27 16:58:50.375,89.0,0.030103000227,0.0500000007451,0
2018-05-27 16:58:50.460,88.88,0.0333555134322,0.0500000007451,0
2018-05-27 16:58:50.636,89.87,0.030103000227,0.0,0
2018-05-27 16:58:50.729,90.38,0.0368415961299,0.0,0
2018-05-27 16:58:50.915,91.31,0.0368415961299,0.0,0
2018-05-27 16:58:51.077,91.89,0.0333555122277,0.0250000003725,0
2018-05-27 16:58:51.171,91.24,0.0333555122277,0.0,0
2018-05-27 16:58:51.338,90.33,0.0405677805727,0.0,0
2018-05-27 16:58:51.524,89.44,0.0487649234235,0.0,0
2018-05-27 16:58:51.710,88.77,0.0579926921672,0.0,0
2018-05-27 16:58:51.804,89.29,0.0682919465508,0.0,0
2018-05-27 16:58:51.897,88.77,0.0796990186062,0.0,0
2018-05-27 16:58:52.142,88.81,0.0796990186062,0.0,0
2018-05-27 16:58:52.235,87.73,0.0796990186062,0.0,0
2018-05-27 16:58:52.329,87.73,0.0796990186062,0.0,0
2018-05-27 16:58:52.701,87.61,0.0858282010156,0.0,0
2018-05-27 16:58:52.887,88.07,0.0858282010156,0.0,0
2018-05-27 16:58:53.133,88.53,0.0858282010156,0.0,0
2018-05-27 16:58:53.226,88.68,0.0858282010156,0.0,0
2018-05-27 16:58:53.319,89.4,0.0738549005683,0.0500000007451,0
2018-05-27 16:58:53.412,88.72,0.0630060114053,0.0500000007451,0
2018-05-27 16:58:53.581,89.94,0.0532473151586,0.0500000007451,0
2018-05-27 16:58:53.673,91.11,0.0445402647486,0.0500000007451,0
2018-05-27 16:58:53.859,90.25,0.0368415961299,0.0500000007451,0
2018-05-27 16:58:54.021,90.74,0.0368415961299,0.0,0
2018-05-27 16:58:54.207,90.41,0.0368415961299,0.0,0
2018-05-27 16:58:54.300,90.47,0.0368415961299,0.0,0
2018-05-27 16:58:54.477,90.17,0.0368415961299,0.0,0
2018-05-27 16:58:54.571,90.32,0.0368415961299,0.0,0
2018-05-27 16:58:54.747,89.84,0.0445402647486,0.0,0
2018-05-27 16:58:54.841,89.65,0.0532473151586,0.0,0
2018-05-27 16:58:55.002,88.89,0.0630060114053,0.0,0
2018-05-27 16:58:55.189,88.47,0.0738549005683,0.0,0
2018-05-27 16:58:55.282,87.71,0.0858282010156,0.0,0
2018-05-27 16:58:55.366,87.93,0.0858282010156,0.0,0
2018-05-27 16:58:55.459,88.08,0.0858282010156,0.0,0
2018-05-27 16:58:55.542,87.49,0.0858282010156,0.0,0
2018-05-27 16:58:55.636,86.81,0.0858282010156,0.0,0
2018-05-27 16:58:55.729,86.86,0.0858282010156,0.0,0
2018-05-27 16:58:55.822,86.71,0.0858282010156,0.0,0
2018-05-27 16:58:55.915,86.51,0.0858282010156,0.0,0
2018-05-27 16:58:56.170,85.19,0.0858282010156,0.0,0
2018-05-27 16:58:56.263,85.09,0.0858282010156,0.0,0
2018-05-27 16:58:56.440,83.8,0.0858282010156,0.0,0
2018-05-27 16:58:56.524,82.88,0.0858282010156,0.0,0
2018-05-27 16:58:56.617,82.97,0.0858282010156,0.0,0
2018-05-27 16:58:56.710,81.97,0.0796990186062,0.0250000003725,0
2018-05-27 16:58:56.794,82.36,0.0738549005683,0.0250000003725,0
2018-05-27 16:58:56.887,81.96,0.0682919465508,0.0250000003725,0
2018-05-27 16:58:57.049,81.36,0.0630060114053,0.0250000003725,0
2018-05-27 16:58:57.142,80.34,0.0579926921672,0.0250000003725,0
2018-05-27 16:58:57.235,80.89,0.0532473151586,0.0250000003725,0
2018-05-27 16:58:57.421,80.17,0.0487649234235,0.0250000003725,0
2018-05-27 16:58:57.607,79.72,0.0445402647486,0.0250000003725,0
2018-05-27 16:58:57.794,80.14,0.0405677805727,0.0250000003725,0
2018-05-27 16:58:57.887,80.35,0.0368415961299,0.0250000003725,0
2018-05-27 16:58:58.049,80.06,0.0368415961299,0.0250000003725,0
2018-05-27 16:58:58.235,79.29,0.0368415961299,0.0250000003725,0
2018-05-27 16:58:58.412,79.14,0.0368415961299,0.0250000003725,0
2018-05-27 16:58:58.598,79.53,0.0368415961299,0.0250000003725,0
2018-05-27 16:58:58.691,79.09,0.0405677805727,0.0,0
2018-05-27 16:58:58.784,78.39,0.0445402647486,0.0,0
2018-05-27 16:58:58.877,78.62,0.0487649234235,0.0,0
2018-05-27 16:58:59.039,78.12,0.0532473151586,0.0,0
2018-05-27 16:58:59.123,78.12,0.0579926921672,0.0,0
2018-05-27 16:58:59.207,78.43,0.0630060114053,0.0,0
2018-05-27 16:58:59.300,77.67,0.0682367631158,0.0,0
2018-05-27 16:58:59.673,77.23,0.0737904312727,0.0,0
2018-05-27 16:58:59.766,77.15,0.0796245826054,0.0,0
2018-05-27 16:58:59.859,76.46,0.0857431070653,0.0,0
2018-05-27 16:59:00.021,76.77,0.0857431070653,0.0,0
2018-05-27 16:59:00.114,76.91,0.0857431070653,0.0,0
2018-05-27 16:59:00.207,76.37,0.0857431070653,0.0,0
2018-05-27 16:59:00.384,77.05,0.0857431070653,0.0,0
2018-05-27 16:59:00.570,77.75,0.0857431070653,0.0,0
2018-05-27 16:59:00.663,77.24,0.0857431070653,0.0,0
2018-05-27 16:59:01.011,78.17,0.0857431070653,0.0,0
2018-05-27 16:59:01.104,78.1,0.0857431070653,0.0,0
2018-05-27 16:59:01.197,77.8,0.0857431070653,0.0,0
2018-05-27 16:59:01.374,77.31,0.0857431070653,0.0,0
2018-05-27 16:59:01.561,76.78,0.0857431070653,0.0,0
2018-05-27 16:59:01.654,76.59,0.0857431070653,0.0,0
2018-05-27 16:59:01.738,76.65,0.0857431070653,0.0,0
2018-05-27 16:59:01.831,76.43,0.0857431070653,0.0,0
2018-05-27 16:59:01.914,76.42,0.0857431070653,0.0,0
2018-05-27 16:59:02.160,75.39,0.0857431070653,0.0,0
2018-05-27 16:59:02.253,75.45,0.0857431070653,0.0,0
2018-05-27 16:59:02.337,75.85,0.0857431070653,0.0,0
2018-05-27 16:59:02.430,74.24,0.0857431070653,0.0,0
2018-05-27 16:59:02.523,75.02,0.0857431070653,0.0,0
2018-05-27 16:59:02.616,74.23,0.0857431070653,0.0,0
2018-05-27 16:59:02.709,74.47,0.0857431070653,0.0,0
2018-05-27 16:59:02.803,74.19,0.0857431070653,0.0,0
2018-05-27 16:59:02.896,74.11,0.0857431070653,0.0,0
2018-05-27 16:59:03.048,74.21,0.0857431070653,0.0,0
2018-05-27 16:59:03.141,73.63,0.0857431070653,0.0,0
2018-05-27 16:59:03.234,73.36,0.0857431070653,0.0,0
2018-05-27 16:59:03.328,73.19,0.0857431070653,0.0,0
2018-05-27 16:59:03.411,73.02,0.0857431070653,0.0,0
2018-05-27 16:59:03.784,72.2,0.0857431070653,0.0,0
2018-05-27 16:59:03.872,72.63,0.0857431070653,0.0,0
2018-05-27 16:59:04.030,71.52,0.0857431070653,0.0,0
2018-05-27 16:59:04.113,71.79,0.0857431070653,0.0,0
2018-05-27 16:59:04.384,72.12,0.0857431070653,0.0,0
2018-05-27 16:59:04.477,72.42,0.0857431070653,0.0,0
2018-05-27 16:59:04.756,72.45,0.0857431070653,0.0,0
2018-05-27 16:59:04.849,71.73,0.0857431070653,0.0,0
2018-05-27 16:59:05.011,71.93,0.0857431070653,0.0,0
2018-05-27 16:59:05.197,70.98,0.0857431070653,0.0,0
2018-05-27 16:59:05.551,68.24,0.0857431070653,0.0,0
2018-05-27 16:59:05.737,67.48,0.0857431070653,0.0,0
2018-05-27 16:59:05.906,66.96,0.0857431070653,0.0,0
2018-05-27 16:59:06.067,65.9,0.0857431070653,0.0,0
2018-05-27 16:59:06.160,66.28,0.0857431070653,0.0,0
2018-05-27 16:59:06.337,65.76,0.0857431070653,0.0,0
2018-05-27 16:59:06.523,65.53,0.0857431070653,0.0,0
2018-05-27 16:59:06.616,65.13,0.0857431070653,0.0,0
2018-05-27 16:59:06.709,65.07,0.0857431070653,0.0,0
2018-05-27 16:59:07.141,64.06,0.0857431070653,0.0,0
2018-05-27 16:59:07.597,63.6,0.0857431070653,0.0,0
2018-05-27 16:59:07.765,63.11,0.0857431070653,0.0,0
2018-05-27 16:59:07.858,62.71,0.0857431070653,0.0,0
2018-05-27 16:59:08.020,62.66,0.0857431070653,0.0,0
2018-05-27 16:59:08.206,62.53,0.0857431070653,0.0,0
2018-05-27 16:59:08.299,62.55,0.0857431070653,0.0,0
2018-05-27 16:59:08.383,62.13,0.0857431070653,0.0,0
2018-05-27 16:59:08.569,61.49,0.0857431070653,0.0,0
2018-05-27 16:59:08.663,61.61,0.0857431070653,0.0,0
2018-05-27 16:59:08.756,60.88,0.0857431070653,0.0,0
2018-05-27 16:59:08.849,60.81,0.0857431070653,0.0,0
2018-05-27 16:59:09.011,61.21,0.0857431070653,0.0,0
2018-05-27 16:59:09.197,60.98,0.0857431070653,0.0,0
2018-05-27 16:59:09.374,61.22,0.0857431070653,0.0,0
2018-05-27 16:59:09.467,60.65,0.0857431070653,0.0,0
2018-05-27 16:59:09.560,60.22,0.0857431070653,0.0,0
2018-05-27 16:59:09.653,60.27,0.0857431070653,0.0,0
2018-05-27 16:59:09.839,60.33,0.0857431070653,0.0,0
2018-05-27 16:59:10.094,60.19,0.0857431070653,0.0,0
2018-05-27 16:59:10.187,59.87,0.0857431070653,0.0,0
2018-05-27 16:59:10.364,59.72,0.0857431070653,0.0,0
2018-05-27 16:59:10.457,59.7,0.0857431070653,0.0,0
2018-05-27 16:59:10.634,58.8,0.0857431070653,0.0,0
2018-05-27 16:59:10.821,59.38,0.0857431070653,0.0,0
2018-05-27 16:59:10.914,58.28,0.0857431070653,0.0,0
2018-05-27 16:59:11.253,58.36,0.0857431070653,0.0,0
2018-05-27 16:59:11.336,58.24,0.0857431070653,0.0,0
2018-05-27 16:59:11.616,58.92,0.0857431070653,0.0,0
2018-05-27 16:59:11.709,57.88,0.0857431070653,0.0,0
2018-05-27 16:59:11.802,58.08,0.0857431070653,0.0,0
2018-05-27 16:59:11.895,58.46,0.0857431070653,0.0,0
2018-05-27 16:59:12.057,58.29,0.0857431070653,0.0,0
2018-05-27 16:59:12.150,57.95,0.0857431070653,0.0,0
2018-05-27 16:59:12.234,57.65,0.0857431070653,0.0,0
2018-05-27 16:59:12.327,57.84,0.0857431070653,0.0,0
2018-05-27 16:59:12.411,57.82,0.0857431070653,0.0,0
2018-05-27 16:59:12.504,57.93,0.0857431070653,0.0,0
2018-05-27 16:59:12.597,56.83,0.0857431070653,0.0,0
2018-05-27 16:59:12.690,56.88,0.0857431070653,0.0,0
2018-05-27 16:59:12.783,56.47,0.0857431070653,0.0,0
2018-05-27 16:59:12.876,56.68,0.0857431070653,0.0,0
2018-05-27 16:59:13.033,56.57,0.0857431070653,0.0,0
2018-05-27 16:59:13.206,56.41,0.0857431070653,0.0,0
2018-05-27 16:59:13.299,55.92,0.0857431070653,0.0,0
2018-05-27 16:59:13.383,56.24,0.0857431070653,0.0,0
2018-05-27 16:59:13.560,56.3,0.0857431070653,0.0,0
2018-05-27 16:59:13.655,56.18,0.0857431070653,0.0,0
2018-05-27 16:59:13.746,55.74,0.0857433806895,0.0,0
2018-05-27 16:59:13.839,55.68,0.0857433806895,0.0,0
2018-05-27 16:59:14.094,55.95,0.0857433806895,0.0,0
2018-05-27 16:59:14.373,55.81,0.0857433806895,0.0,0
2018-05-27 16:59:14.541,55.3,0.0857433806895,0.0,0
2018-05-27 16:59:14.634,55.82,0.0857433806895,0.0,0
2018-05-27 16:59:14.727,55.59,0.0857433806895,0.0,0
2018-05-27 16:59:14.802,56.19,0.0857433806895,0.0,0
2018-05-27 16:59:15.066,57.88,0.0857433806895,0.0,0
2018-05-27 16:59:15.159,57.16,0.0857433806895,0.0,0
2018-05-27 16:59:15.336,57.65,0.0857433806895,0.0,0
2018-05-27 16:59:15.429,58.54,0.0857433806895,0.0,0
2018-05-27 16:59:15.522,59.09,0.0857433806895,0.0,0
2018-05-27 16:59:15.616,58.99,0.0857433806895,0.0,0
2018-05-27 16:59:15.885,60.76,0.0857433806895,0.0,0
2018-05-27 16:59:16.047,61.05,0.0857433806895,0.0,0
2018-05-27 16:59:16.140,61.21,0.0857433806895,0.0,0
2018-05-27 16:59:16.327,61.59,0.0857433806895,0.0,0
2018-05-27 16:59:16.420,61.59,0.0857433806895,0.0,0
2018-05-27 16:59:16.504,61.42,0.0857433806895,0.0,0
2018-05-27 16:59:16.597,62.37,0.0857433806895,0.0,0
2018-05-27 16:59:16.685,62.36,0.0857433806895,0.0,0
2018-05-27 16:59:16.774,62.02,0.0857433806895,0.0,0
2018-05-27 16:59:16.857,61.79,0.0857433806895,0.0,0
2018-05-27 16:59:17.019,62.26,0.0857433806895,0.0,0
2018-05-27 16:59:17.112,61.88,0.0857433806895,0.0,0
2018-05-27 16:59:17.382,61.72,0.0857433806895,0.0,0
2018-05-27 16:59:17.475,61.09,0.0857433806895,0.0,0
2018-05-27 16:59:17.662,61.29,0.0857433806895,0.0,0
2018-05-27 16:59:17.755,61.16,0.0857433806895,0.0,0
2018-05-27 16:59:17.848,61.22,0.0857433806895,0.0,0
2018-05-27 16:59:18.010,60.32,0.0857433806895,0.0,0
2018-05-27 16:59:18.289,60.37,0.0857433806895,0.0,0
2018-05-27 16:59:18.466,60.69,0.0857433806895,0.0,0
2018-05-27 16:59:19.093,62.19,0.0857433806895,0.0,0
2018-05-27 16:59:19.280,62.97,0.0857433806895,0.0,0
2018-05-27 16:59:19.634,63.99,0.0857433806895,0.0,0
2018-05-27 16:59:19.727,64.69,0.0857433806895,0.0,0
2018-05-27 16:59:19.820,65.26,0.0857433806895,0.0,0
2018-05-27 16:59:19.904,65.08,0.0857433806895,0.0,0
2018-05-27 16:59:20.159,65.9,0.0857433806895,0.0,0
2018-05-27 16:59:20.242,66.9,0.0857433806895,0.0,0
2018-05-27 16:59:20.336,67.03,0.0857433806895,0.0,0
2018-05-27 16:59:20.429,67.31,0.0857433806895,0.0,0
2018-05-27 16:59:20.522,67.33,0.0857433806895,0.0,0
2018-05-27 16:59:20.615,67.74,0.0857433806895,0.0,0
2018-05-27 16:59:20.801,68.14,0.0857433806895,0.0,0
2018-05-27 16:59:20.894,68.04,0.0857433806895,0.0,0
2018-05-27 16:59:21.149,67.64,0.0857433806895,0.0,0
2018-05-27 16:59:21.503,66.63,0.0857433806895,0.0,0
2018-05-27 16:59:21.689,67.1,0.0857433806895,0.0,0
2018-05-27 16:59:21.782,66.8,0.0857433806895,0.0,0
2018-05-27 16:59:22.205,68.9,0.0857433806895,0.0,0
2018-05-27 16:59:22.475,68.47,0.0857433806895,0.0,0
2018-05-27 16:59:22.568,70.07,0.0857433806895,0.0,0
2018-05-27 16:59:23.009,70.35,0.0857433806895,0.0,0
2018-05-27 16:59:23.102,71.65,0.0857433806895,0.0,0
2018-05-27 16:59:23.373,71.74,0.0857433806895,0.0,0
2018-05-27 16:59:23.549,72.01,0.0857433806895,0.0,0
2018-05-27 16:59:23.829,74.07,0.0857433806895,0.0,0
2018-05-27 16:59:23.922,73.52,0.0857433806895,0.0,0
2018-05-27 16:59:24.344,74.96,0.0857433806895,0.0,0
2018-05-27 16:59:24.438,75.0,0.0857433806895,0.0,0
2018-05-27 16:59:24.531,75.5,0.0857433806895,0.0,0
2018-05-27 16:59:24.624,75.36,0.0857433806895,0.0,0
2018-05-27 16:59:24.810,76.52,0.0857433806895,0.0,0
2018-05-27 16:59:25.158,77.34,0.0857433806895,0.0,0
2018-05-27 16:59:25.698,78.15,0.0857433806895,0.0,0
2018-05-27 16:59:25.885,78.47,0.0857433806895,0.0,0
2018-05-27 16:59:26.046,77.54,0.0857433806895,0.0,0
2018-05-27 16:59:26.419,77.58,0.0857433806895,0.0,0
2018-05-27 16:59:26.680,77.46,0.0857433806895,0.0,0
2018-05-27 16:59:26.763,76.35,0.0857433806895,0.0,0
2018-05-27 16:59:27.018,76.51,0.0857433806895,0.0,0
2018-05-27 16:59:27.298,77.05,0.0857433806895,0.0,0
2018-05-27 16:59:27.391,76.46,0.0857433806895,0.0,0
2018-05-27 16:59:27.484,77.31,0.0857433806895,0.0,0
2018-05-27 16:59:27.577,77.84,0.0857433806895,0.0,0
2018-05-27 16:59:27.670,77.24,0.0857433806895,0.0,0
2018-05-27 16:59:27.763,78.16,0.0857433806895,0.0,0
2018-05-27 16:59:27.856,77.9,0.0857433806895,0.0,0
2018-05-27 16:59:28.018,77.99,0.0857433806895,0.0,0
2018-05-27 16:59:28.204,79.23,0.0857433806895,0.0,0
2018-05-27 16:59:28.381,79.34,0.0857433806895,0.0,0
2018-05-27 16:59:28.474,79.92,0.0857433806895,0.0,0
2018-05-27 16:59:28.568,79.82,0.0857433806895,0.0,0
2018-05-27 16:59:28.661,79.37,0.0857433806895,0.0,0
2018-05-27 16:59:28.847,81.38,0.0857433806895,0.0,0
2018-05-27 16:59:29.102,81.02,0.0857433806895,0.0,0
2018-05-27 16:59:29.195,82.82,0.0796248219623,0.0250000003725,0
2018-05-27 16:59:29.288,83.07,0.0737906385842,0.0250000003725,0
2018-05-27 16:59:29.372,82.67,0.0682369405704,0.0250000003725,0
2018-05-27 16:59:29.465,83.24,0.0682369405704,0.0,0
2018-05-27 16:59:29.558,84.68,0.0682369405704,0.0,0
2018-05-27 16:59:29.651,84.97,0.0682369405704,0.0,0
2018-05-27 16:59:29.744,85.28,0.0682369405704,0.0,0
2018-05-27 16:59:29.838,85.62,0.0682369405704,0.0,0
2018-05-27 16:59:29.931,86.12,0.0682369405704,0.0,0
2018-05-27 16:59:30.092,86.11,0.0682369405704,0.0,0
2018-05-27 16:59:30.186,87.5,0.0737906385842,0.0,0
2018-05-27 16:59:30.279,88.47,0.0796255675351,0.0,0
2018-05-27 16:59:30.363,88.6,0.085744233002,0.0,0
2018-05-27 16:59:30.456,87.59,0.085744233002,0.0,0
2018-05-27 16:59:30.642,88.95,0.085744233002,0.0,0
2018-05-27 16:59:30.735,89.2,0.085744233002,0.0,0
2018-05-27 16:59:30.828,89.65,0.085744233002,0.0,0
2018-05-27 16:59:30.921,89.26,0.085744233002,0.0,0
2018-05-27 16:59:31.083,89.79,0.085744233002,0.0,0
2018-05-27 16:59:31.260,91.25,0.085744233002,0.0,0
2018-05-27 16:59:31.344,91.23,0.085744233002,0.0,0
2018-05-27 16:59:31.437,91.95,0.085744233002,0.0,0
2018-05-27 16:59:31.530,92.27,0.085744233002,0.0,0
2018-05-27 16:59:31.623,92.62,0.085744233002,0.0,0
2018-05-27 16:59:31.698,91.73,0.085744233002,0.0,0
2018-05-27 16:59:31.800,93.18,0.085744233002,0.0,0
2018-05-27 16:59:31.884,92.82,0.085744233002,0.0,0
2018-05-27 16:59:32.046,93.63,0.085744233002,0.0,0
2018-05-27 16:59:32.139,94.47,0.0796255675351,0.0250000003725,0
2018-05-27 16:59:32.232,94.32,0.0737912843387,0.0250000003725,0
2018-05-27 16:59:32.418,95.49,0.0682374933237,0.0250000003725,0
2018-05-27 16:59:32.502,95.67,0.0579545952786,0.0500000007451,0
2018-05-27 16:59:32.688,96.5,0.0532164371529,0.0250000003725,0
2018-05-27 16:59:32.777,96.97,0.0445219784364,0.0500000007451,0
2018-05-27 16:59:32.865,96.86,0.0445219784364,0.0,0
2018-05-27 16:59:33.018,97.7,0.0368335515002,0.0500000007451,0
2018-05-27 16:59:33.111,97.22,0.0301030002264,0.0500000007451,0
2018-05-27 16:59:33.204,97.29,0.0368335527879,0.0500000007451,0
2018-05-27 16:59:33.390,97.82,0.0405549011996,0.0500000007451,0
2018-05-27 16:59:33.474,97.62,0.0445219798998,0.0500000007451,0
2018-05-27 16:59:33.558,96.54,0.0445219798998,0.0250000003725,0
2018-05-27 16:59:33.744,96.84,0.0368335527879,0.0,0
2018-05-27 16:59:33.837,97.67,0.0405549011996,0.0500000007451,0
2018-05-27 16:59:33.930,97.63,0.0445219802046,0.0750000029802,0
2018-05-27 16:59:34.092,97.98,0.0579545977465,0.0750000029802,0
2018-05-27 16:59:34.185,97.87,0.062960063537,0.0750000029802,0
2018-05-27 16:59:34.362,97.43,0.068237496874,0.0750000029802,0
2018-05-27 16:59:34.455,95.99,0.0579545984723,0.0,0
2018-05-27 16:59:34.539,97.02,0.0487406465515,0.0,0
2018-05-27 16:59:34.632,95.59,0.040554902345,0.0,0
2018-05-27 16:59:34.912,94.88,0.0368335538609,0.0,0
2018-05-27 16:59:35.167,94.53,0.0368335538609,0.0,0
2018-05-27 16:59:35.260,94.13,0.0301030011605,0.0,0
2018-05-27 16:59:35.344,94.11,0.0405548989661,0.0,0
2018-05-27 16:59:35.912,93.03,0.0532164364665,0.0,0
2018-05-27 16:59:36.073,91.88,0.0682374929202,0.0,0
2018-05-27 16:59:36.167,91.78,0.085744233002,0.0,0
2018-05-27 16:59:36.343,92.33,0.085744233002,0.0,0
2018-05-27 16:59:36.437,92.45,0.085744233002,0.0,0
2018-05-27 16:59:36.530,92.66,0.085744233002,0.0,0
2018-05-27 16:59:36.716,93.02,0.085744233002,0.0,0
2018-05-27 16:59:36.902,93.37,0.085744233002,0.0,0
2018-05-27 16:59:37.064,93.32,0.085744233002,0.0,0
2018-05-27 16:59:37.251,93.31,0.085744233002,0.0,0
2018-05-27 16:59:38.234,94.58,0.085744233002,0.0,0
2018-05-27 16:59:38.325,93.92,0.085744233002,0.0,0
2018-05-27 16:59:38.418,94.68,0.085744233002,0.0,0
2018-05-27 16:59:38.697,93.86,0.085744233002,0.0,0
2018-05-27 16:59:38.883,93.51,0.085744233002,0.0,0
2018-05-27 16:59:39.045,93.41,0.085744233002,0.0,0
2018-05-27 16:59:39.315,91.33,0.085744233002,0.0,0
2018-05-27 16:59:39.408,91.06,0.085744233002,0.0,0
2018-05-27 16:59:39.492,91.66,0.085744233002,0.0,0
2018-05-27 16:59:39.669,91.42,0.085744233002,0.0,0
2018-05-27 16:59:39.762,91.59,0.085744233002,0.0,0
2018-05-27 16:59:40.008,90.91,0.085744233002,0.0,0
2018-05-27 16:59:40.101,90.77,0.085744233002,0.0,0
2018-05-27 16:59:40.287,90.18,0.085744233002,0.0,0
2018-05-27 16:59:40.371,90.67,0.085744233002,0.0,0
2018-05-27 16:59:40.464,90.29,0.085744233002,0.0,0
2018-05-27 16:59:40.557,90.5,0.085744233002,0.0,0
2018-05-27 16:59:40.744,91.09,0.085744233002,0.0,0
2018-05-27 16:59:40.837,90.91,0.085744233002,0.0,0
2018-05-27 16:59:41.082,92.07,0.085744233002,0.0,0
2018-05-27 16:59:41.166,92.21,0.085744233002,0.0,0
2018-05-27 16:59:41.259,92.52,0.085744233002,0.0,0
2018-05-27 16:59:41.343,91.76,0.085744233002,0.0,0
2018-05-27 16:59:41.623,92.24,0.085744233002,0.0,0
2018-05-27 16:59:41.809,92.51,0.085744233002,0.0,0
2018-05-27 16:59:41.902,92.79,0.085744233002,0.0,0
2018-05-27 16:59:42.250,93.6,0.085744233002,0.0,0
2018-05-27 16:59:42.343,93.88,0.085744233002,0.0,0
2018-05-27 16:59:42.427,93.94,0.085744233002,0.0,0
2018-05-27 16:59:42.520,93.75,0.085744233002,0.0,0
2018-05-27 16:59:42.790,94.19,0.085744233002,0.0,0
2018-05-27 16:59:43.045,94.81,0.085744233002,0.0,0
2018-05-27 16:59:43.231,93.93,0.085744233002,0.0,0
2018-05-27 16:59:43.324,94.54,0.085744233002,0.0,0
2018-05-27 16:59:43.501,93.58,0.085744233002,0.0,0
2018-05-27 16:59:43.589,93.86,0.085744233002,0.0,0
2018-05-27 16:59:43.762,93.46,0.085744233002,0.0,0
2018-05-27 16:59:44.110,92.54,0.085744233002,0.0,0
2018-05-27 16:59:44.296,92.17,0.085744233002,0.0,0
2018-05-27 16:59:44.380,91.82,0.085744233002,0.0,0
2018-05-27 16:59:44.566,91.11,0.085744233002,0.0,0
2018-05-27 16:59:44.660,91.07,0.085744233002,0.0,0
2018-05-27 16:59:44.753,90.97,0.085744233002,0.0,0
2018-05-27 16:59:44.846,89.83,0.085744233002,0.0,0
2018-05-27 16:59:45.008,89.78,0.085744233002,0.0,0
2018-05-27 16:59:45.101,88.83,0.085744233002,0.0,0
2018-05-27 16:59:45.380,88.67,0.085744233002,0.0,0
2018-05-27 16:59:45.464,89.07,0.0856170439974,0.0,0
2018-05-27 16:59:45.650,88.68,0.0856170439974,0.0,0
2018-05-27 16:59:46.091,87.92,0.0856170439974,0.0,0
2018-05-27 16:59:46.184,88.48,0.0856170439974,0.0,0
2018-05-27 16:59:46.455,89.46,0.0856170439974,0.0,0
2018-05-27 16:59:46.641,89.47,0.0856170439974,0.0,0
2018-05-27 16:59:46.734,90.08,0.0856170439974,0.0,0
2018-05-27 16:59:46.911,89.78,0.0856170439974,0.0,0
2018-05-27 16:59:47.063,90.23,0.0856170439974,0.0,0
2018-05-27 16:59:47.249,90.46,0.0856170439974,0.0,0
2018-05-27 16:59:47.519,92.86,0.0856170439974,0.0,0
2018-05-27 16:59:47.613,93.25,0.0856170439974,0.0,0
2018-05-27 16:59:47.799,94.5,0.0856170439974,0.0,0
2018-05-27 16:59:47.892,94.63,0.0856170439974,0.0,0
2018-05-27 16:59:48.054,95.02,0.0856170439974,0.0,0
2018-05-27 16:59:48.147,95.35,0.0856170439974,0.0,0
2018-05-27 16:59:48.240,95.83,0.0856170439974,0.0,0
2018-05-27 16:59:48.426,96.58,0.0856170439974,0.0,0
2018-05-27 16:59:48.612,97.27,0.0856170439974,0.0,0
2018-05-27 16:59:48.706,96.71,0.0856170439974,0.0,0
2018-05-27 16:59:48.799,98.25,0.0856170439974,0.0,0
2018-05-27 16:59:48.892,98.39,0.0856170439974,0.0,0
2018-05-27 16:59:49.054,98.56,0.0856170439974,0.0,0
2018-05-27 16:59:49.147,98.24,0.0856170439974,0.0,0
2018-05-27 16:59:49.231,98.24,0.0856170439974,0.0,0
2018-05-27 16:59:49.417,96.89,0.0856170439974,0.0,0
2018-05-27 16:59:49.501,97.25,0.0856170439974,0.0,0
2018-05-27 16:59:49.687,95.72,0.0856170439974,0.0,0
2018-05-27 16:59:49.873,95.64,0.0856170439974,0.0,0
2018-05-27 16:59:50.031,94.73,0.0856170439974,0.0,0
2018-05-27 16:59:50.119,95.33,0.0856170439974,0.0,0
2018-05-27 16:59:50.296,94.1,0.0856170439974,0.0,0
2018-05-27 16:59:50.380,94.9,0.0856170439974,0.0,0
2018-05-27 16:59:50.473,94.41,0.0856170439974,0.0,0
2018-05-27 16:59:50.566,95.06,0.0856170439974,0.0,0
2018-05-27 16:59:50.752,94.0,0.0856170439974,0.0,0
2018-05-27 16:59:50.929,95.16,0.0856170439974,0.0,0
2018-05-27 16:59:51.091,95.37,0.0856170439974,0.0,0
2018-05-27 16:59:51.184,94.62,0.0856170439974,0.0,0
2018-05-27 16:59:51.277,94.92,0.0856170439974,0.0,0
2018-05-27 16:59:51.361,96.19,0.0856170439974,0.0,0
2018-05-27 16:59:51.455,95.44,0.0856170439974,0.0,0
2018-05-27 16:59:51.538,96.17,0.0856170439974,0.0,0
2018-05-27 16:59:51.632,96.49,0.0856170439974,0.0,0
2018-05-27 16:59:51.817,95.68,0.0856170439974,0.0,0
2018-05-27 16:59:51.911,96.2,0.0856170439974,0.0,0
2018-05-27 16:59:52.073,96.24,0.0856170439974,0.0,0
2018-05-27 16:59:52.259,97.01,0.0856170439974,0.0,0
2018-05-27 16:59:52.343,96.68,0.0856170439974,0.0,0
2018-05-27 16:59:52.892,94.8,0.0856170439974,0.0,0
2018-05-27 16:59:53.054,94.51,0.0856170439974,0.0,0
2018-05-27 16:59:53.147,94.98,0.0856170439974,0.0,0
2018-05-27 16:59:53.334,94.0,0.0856170439974,0.0,0
2018-05-27 16:59:53.520,93.39,0.0856170439974,0.0,0
2018-05-27 16:59:53.790,94.01,0.0856170439974,0.0,0
2018-05-27 16:59:53.883,93.38,0.0856170439974,0.0,0
2018-05-27 16:59:54.044,94.42,0.0856170439974,0.0,0
2018-05-27 16:59:54.138,94.5,0.0856170439974,0.0,0
2018-05-27 16:59:54.417,95.33,0.0856170439974,0.0,0
2018-05-27 16:59:54.510,96.22,0.0856170439974,0.0,0
2018-05-27 16:59:54.594,95.93,0.0856170439974,0.0,0
2018-05-27 16:59:54.687,96.1,0.0856170439974,0.0,0
2018-05-27 16:59:54.780,97.23,0.0856170439974,0.0,0
2018-05-27 16:59:54.873,96.84,0.0856170439974,0.0,0
2018-05-27 16:59:55.030,97.78,0.0856170439974,0.0,0
2018-05-27 16:59:55.119,97.7,0.0856170439974,0.0,0
2018-05-27 16:59:55.194,98.13,0.0856170439974,0.0,0
2018-05-27 16:59:55.380,99.44,0.0795143044201,0.0250000003725,0
2018-05-27 16:59:55.566,100.32,0.0795143044201,0.0,0
2018-05-27 16:59:55.743,101.21,0.0795143044201,0.0,0
2018-05-27 16:59:55.929,102.39,0.0795143044201,0.0,0
2018-05-27 16:59:56.091,103.0,0.0795143044201,0.0,0
2018-05-27 16:59:56.277,103.57,0.0795143044201,0.0,0
2018-05-27 16:59:56.370,103.78,0.0795143044201,0.0,0
2018-05-27 16:59:56.538,105.39,0.0795143044201,0.0,0
2018-05-27 16:59:56.631,105.82,0.0795143044201,0.0,0
2018-05-27 16:59:56.818,106.72,0.0795143044201,0.0,0
2018-05-27 16:59:56.911,107.69,0.0856170439974,0.0,0
2018-05-27 16:59:57.073,107.24,0.0856170439974,0.0,0
2018-05-27 16:59:57.166,107.47,0.0856170439974,0.0,0
2018-05-27 16:59:57.259,107.77,0.0856170439974,0.0,0
2018-05-27 16:59:57.352,106.15,0.0856170439974,0.0,0
2018-05-27 16:59:57.436,106.87,0.0856170439974,0.0,0
2018-05-27 16:59:57.520,106.42,0.0856170439974,0.0,0
2018-05-27 16:59:57.613,106.01,0.0856170439974,0.0,0
2018-05-27 16:59:57.706,106.5,0.0856170439974,0.0,0
2018-05-27 16:59:57.892,104.68,0.0856170439974,0.0,0
2018-05-27 16:59:58.054,105.02,0.0856170439974,0.0,0
2018-05-27 16:59:58.147,104.38,0.0856170439974,0.0,0
2018-05-27 16:59:58.240,103.41,0.0856170439974,0.0,0
2018-05-27 16:59:58.333,102.47,0.0856170439974,0.0,0
2018-05-27 16:59:59.138,99.9,0.0856170439974,0.0,0
2018-05-27 16:59:59.403,99.48,0.0856170439974,0.0,0
2018-05-27 16:59:59.576,99.27,0.0856170439974,0.0,0
2018-05-27 16:59:59.669,99.45,0.0856170439974,0.0,0
2018-05-27 16:59:59.762,99.73,0.0856170439974,0.0,0
2018-05-27 17:00:00.017,99.49,0.0856170439974,0.0,0
2018-05-27 17:00:00.101,99.63,0.0856170439974,0.0,0
2018-05-27 17:00:00.287,99.32,0.0856170439974,0.0,0
2018-05-27 17:00:00.557,101.13,0.0856170439974,0.0,0
2018-05-27 17:00:00.650,101.59,0.0856179990547,0.0,0
2018-05-27 17:00:00.920,102.0,0.0856179990547,0.0,0
2018-05-27 17:00:01.073,101.85,0.0856179990547,0.0,0
2018-05-27 17:00:01.166,101.97,0.0856179990547,0.0,0
2018-05-27 17:00:01.259,101.9,0.0856179990547,0.0,0
2018-05-27 17:00:01.436,101.72,0.0856179990547,0.0,0
2018-05-27 17:00:01.529,100.34,0.0856179990547,0.0,0
2018-05-27 17:00:01.622,100.14,0.0856179990547,0.0,0
2018-05-27 17:00:01.706,99.8,0.0856179990547,0.0,0
2018-05-27 17:00:02.240,99.25,0.0856179990547,0.0,0
2018-05-27 17:00:02.427,97.25,0.0856179990547,0.0,0
2018-05-27 17:00:02.520,97.33,0.0856179990547,0.0,0
2018-05-27 17:00:02.613,97.41,0.0856179990547,0.0,0
2018-05-27 17:00:02.697,97.22,0.0856179990547,0.0,0
2018-05-27 17:00:02.790,96.41,0.0856179990547,0.0,0
2018-05-27 17:00:02.883,96.08,0.0856179990547,0.0,0
2018-05-27 17:00:03.138,95.87,0.0856179990547,0.0,0
2018-05-27 17:00:03.231,95.96,0.0856179990547,0.0,0
2018-05-27 17:00:03.324,95.64,0.0856179990547,0.0,0
2018-05-27 17:00:03.501,94.55,0.0856179990547,0.0,0
2018-05-27 17:00:03.589,94.46,0.0856179990547,0.0,0
2018-05-27 17:00:03.762,94.84,0.0856179990547,0.0,0
2018-05-27 17:00:04.296,96.23,0.0856179990547,0.0,0
2018-05-27 17:00:04.380,95.35,0.0856179990547,0.0,0
2018-05-27 17:00:04.473,95.97,0.0856179990547,0.0,0
2018-05-27 17:00:04.753,96.06,0.0856179990547,0.0,0
2018-05-27 17:00:05.008,95.77,0.0856179990547,0.0,0
2018-05-27 17:00:05.194,94.66,0.0856179990547,0.0,0
2018-05-27 17:00:05.743,93.25,0.0856179990547,0.0,0
2018-05-27 17:00:05.930,92.75,0.0856179990547,0.0,0
2018-05-27 17:00:06.091,92.5,0.0856179990547,0.0,0
2018-05-27 17:00:06.185,93.08,0.0856179990547,0.0,0
2018-05-27 17:00:06.271,91.99,0.0856179990547,0.0,0
2018-05-27 17:00:06.632,93.09,0.0856179990547,0.0,0
2018-05-27 17:00:06.725,93.22,0.0856179990547,0.0,0
2018-05-27 17:00:06.818,93.44,0.0856179990547,0.0,0
2018-05-27 17:00:06.905,93.65,0.0856179990547,0.0,0
2018-05-27 17:00:07.064,93.79,0.0856179990547,0.0,0
2018-05-27 17:00:07.250,93.71,0.0856179990547,0.0,0
2018-05-27 17:00:07.417,94.01,0.0856179990547,0.0,0
2018-05-27 17:00:07.511,94.15,0.0856179990547,0.0,0
2018-05-27 17:00:07.790,96.36,0.0856179990547,0.0,0
2018-05-27 17:00:08.138,98.13,0.0856179990547,0.0,0
2018-05-27 17:00:08.324,99.13,0.0856179990547,0.0,0
2018-05-27 17:00:08.501,99.24,0.0856179990547,0.0,0
2018-05-27 17:00:08.594,99.29,0.0856179990547,0.0,0
2018-05-27 17:00:08.781,98.05,0.0856179990547,0.0,0
2018-05-27 17:00:08.874,97.75,0.0856179990547,0.0,0
2018-05-27 17:00:09.119,97.28,0.0856179990547,0.0,0
2018-05-27 17:00:09.203,97.68,0.0856179990547,0.0,0
2018-05-27 17:00:09.296,96.71,0.0856179990547,0.0,0
2018-05-27 17:00:09.380,97.04,0.0856179990547,0.0,0
2018-05-27 17:00:09.473,95.94,0.0856179990547,0.0,0
2018-05-27 17:00:09.566,95.37,0.0856179990547,0.0,0
2018-05-27 17:00:09.660,95.73,0.0856179990547,0.0,0
2018-05-27 17:00:09.846,95.74,0.0856179990547,0.0,0
2018-05-27 17:00:10.008,95.18,0.0856179990547,0.0,0
2018-05-27 17:00:10.101,94.9,0.0856179990547,0.0,0
2018-05-27 17:00:10.287,94.79,0.0856179990547,0.0,0
2018-05-27 17:00:10.557,93.84,0.0856179990547,0.0,0
2018-05-27 17:00:10.930,92.93,0.0856179990547,0.0,0
2018-05-27 17:00:11.091,92.64,0.0856179990547,0.0,0
2018-05-27 17:00:11.185,92.18,0.0856179990547,0.0,0
2018-05-27 17:00:11.278,91.79,0.0856179990547,0.0,0
2018-05-27 17:00:11.343,91.45,0.0856179990547,0.0,0
2018-05-27 17:00:11.539,91.15,0.0856179990547,0.0,0
2018-05-27 17:00:11.725,89.96,0.0856179990547,0.0,0
2018-05-27 17:00:11.818,90.05,0.0856179990547,0.0,0
2018-05-27 17:00:11.911,88.87,0.0856179990547,0.0,0
2018-05-27 17:00:12.166,89.81,0.0856179990547,0.0,0
2018-05-27 17:00:12.250,89.25,0.0856179990547,0.0,0
2018-05-27 17:00:12.334,88.11,0.0856179990547,0.0,0
2018-05-27 17:00:12.427,87.76,0.0856179990547,0.0,0
2018-05-27 17:00:12.520,86.61,0.0856179990547,0.0,0
2018-05-27 17:00:12.613,85.19,0.0856179990547,0.0,0
2018-05-27 17:00:12.706,85.01,0.0856179990547,0.0,0
2018-05-27 17:00:13.147,81.99,0.0856179990547,0.0,0
2018-05-27 17:00:13.231,81.51,0.0856179990547,0.0,0
2018-05-27 17:00:13.417,80.0,0.0856179990547,0.0,0
2018-05-27 17:00:13.501,80.17,0.0856179990547,0.0,0
2018-05-27 17:00:13.688,79.02,0.0856179990547,0.0,0
2018-05-27 17:00:13.874,79.25,0.0856179990547,0.0,0
2018-05-27 17:00:14.026,78.47,0.0856179990547,0.0,0
2018-05-27 17:00:14.110,78.77,0.0856179990547,0.0,0
2018-05-27 17:00:14.203,78.05,0.0856179990547,0.0,0
2018-05-27 17:00:14.296,77.91,0.0856179990547,0.0,0
2018-05-27 17:00:14.380,78.52,0.0856179990547,0.0,0
2018-05-27 17:00:14.473,79.15,0.0856179990547,0.0,0
2018-05-27 17:00:14.567,79.3,0.0856179990547,0.0,0
2018-05-27 17:00:14.660,79.0,0.0856179990547,0.0,0
2018-05-27 17:00:14.846,77.64,0.0856179990547,0.0,0
2018-05-27 17:00:15.101,77.25,0.0856179990547,0.0,0
2018-05-27 17:00:15.194,77.9,0.0856179990547,0.0,0
2018-05-27 17:00:15.371,77.27,0.0856179990547,0.0,0
2018-05-27 17:00:15.651,76.0,0.0856179990547,0.0,0
2018-05-27 17:00:15.827,74.12,0.0856179990547,0.0,0
2018-05-27 17:00:16.073,72.93,0.0856179990547,0.0,0
2018-05-27 17:00:16.166,72.97,0.0856179990547,0.0,0
2018-05-27 17:00:16.790,70.07,0.0856179990547,0.0,0
2018-05-27 17:00:16.883,70.25,0.0856179990547,0.0,0
2018-05-27 17:00:17.231,68.85,0.0856179990547,0.0,0
2018-05-27 17:00:17.688,69.84,0.0856179990547,0.0,0
2018-05-27 17:00:17.781,69.81,0.0856179990547,0.0,0
2018-05-27 17:00:17.874,70.46,0.0856179990547,0.0,0
2018-05-27 17:00:18.297,71.02,0.0856179990547,0.0,0
2018-05-27 17:00:18.390,71.48,0.0856179990547,0.0,0
2018-05-27 17:00:18.660,71.19,0.0856179990547,0.0,0
2018-05-27 17:00:18.744,71.4,0.0856179990547,0.0,0
2018-05-27 17:00:18.930,70.36,0.0856179990547,0.0,0
2018-05-27 17:00:19.269,69.44,0.0856179990547,0.0,0
2018-05-27 17:00:19.353,70.48,0.0856179990547,0.0,0
2018-05-27 17:00:19.446,69.65,0.0856179990547,0.0,0
2018-05-27 17:00:19.632,69.58,0.0856179990547,0.0,0
2018-05-27 17:00:19.725,70.21,0.0856179990547,0.0,0
2018-05-27 17:00:20.166,71.08,0.0856179990547,0.0,0
2018-05-27 17:00:20.250,70.41,0.0856179990547,0.0,0
2018-05-27 17:00:20.529,69.29,0.0856179990547,0.0,0
2018-05-27 17:00:20.623,68.21,0.0856179990547,0.0,0
2018-05-27 17:00:20.716,67.53,0.0856179990547,0.0,0
2018-05-27 17:00:20.893,67.73,0.0856179990547,0.0,0
2018-05-27 17:00:21.148,64.89,0.0856179990547,0.0,0
2018-05-27 17:00:21.335,64.42,0.0856179990547,0.0,0
2018-05-27 17:00:21.512,63.48,0.0856179990547,0.0,0
2018-05-27 17:00:21.604,63.51,0.0856179990547,0.0,0
2018-05-27 17:00:22.045,64.95,0.0856179990547,0.0,0
2018-05-27 17:00:22.325,65.73,0.0856179990547,0.0,0
2018-05-27 17:00:22.418,65.92,0.0856179990547,0.0,0
2018-05-27 17:00:22.595,66.11,0.0856179990547,0.0,0
2018-05-27 17:00:22.781,67.87,0.0856179990547,0.0,0
2018-05-27 17:00:22.874,67.74,0.0856179990547,0.0,0
2018-05-27 17:00:23.031,68.53,0.0856179990547,0.0,0
2018-05-27 17:00:23.120,68.92,0.0856179990547,0.0,0
2018-05-27 17:00:23.567,72.75,0.0856179990547,0.0,0
2018-05-27 17:00:23.660,72.92,0.0856179990547,0.0,0
2018-05-27 17:00:23.753,73.74,0.0856179990547,0.0,0
2018-05-27 17:00:23.846,74.56,0.0856179990547,0.0,0
2018-05-27 17:00:24.195,76.68,0.0856179990547,0.0,0
2018-05-27 17:00:24.558,80.11,0.0856179990547,0.0,0
2018-05-27 17:00:24.651,80.93,0.0856179990547,0.0,0
2018-05-27 17:00:25.073,81.96,0.0856179990547,0.0,0
2018-05-27 17:00:25.353,80.7,0.0856179990547,0.0,0
2018-05-27 17:00:25.446,79.64,0.0856179990547,0.0,0
2018-05-27 17:00:25.632,78.93,0.0856179990547,0.0,0
2018-05-27 17:00:25.726,77.95,0.0856179990547,0.0,0
2018-05-27 17:00:26.064,78.07,0.0856179990547,0.0,0
2018-05-27 17:00:26.157,78.2,0.0856179990547,0.0,0
2018-05-27 17:00:26.250,78.04,0.0856179990547,0.0,0
2018-05-27 17:00:26.343,78.73,0.0856179990547,0.0,0
2018-05-27 17:00:26.614,79.32,0.0856179990547,0.0,0
2018-05-27 17:00:27.427,76.24,0.0856179990547,0.0,0
2018-05-27 17:00:27.614,75.56,0.0856179990547,0.0,0
2018-05-27 17:00:27.707,76.02,0.0856179990547,0.0,0
2018-05-27 17:00:28.139,76.45,0.0856179990547,0.0,0
2018-05-27 17:00:28.418,76.26,0.0856179990547,0.0,0
2018-05-27 17:00:29.018,74.29,0.0856179990547,0.0,0
2018-05-27 17:00:29.204,74.84,0.0856179990547,0.0,0
2018-05-27 17:00:29.297,75.56,0.0856179990547,0.0,0
2018-05-27 17:00:29.651,74.19,0.0856179990547,0.0,0
2018-05-27 17:00:29.744,73.96,0.0856179990547,0.0,0
2018-05-27 17:00:29.837,73.44,0.0856179990547,0.0,0
2018-05-27 17:00:30.185,71.7,0.0856179990547,0.0,0
2018-05-27 17:00:30.456,69.21,0.0856179990547,0.0,0
2018-05-27 17:00:30.539,69.14,0.0856179990547,0.0,0
2018-05-27 17:00:30.912,69.15,0.0856179990547,0.0,0
2018-05-27 17:00:31.167,68.72,0.0856179990547,0.0,0
2018-05-27 17:00:31.251,68.39,0.0856179990547,0.0,0
2018-05-27 17:00:32.056,68.52,0.0856179990547,0.0,0
2018-05-27 17:00:32.419,66.91,0.0856179990547,0.0,0
2018-05-27 17:00:32.698,68.16,0.0856179990547,0.0,0
2018-05-27 17:00:32.788,68.27,0.0856179990547,0.0,0
2018-05-27 17:00:33.121,68.47,0.0856179990547,0.0,0
2018-05-27 17:00:33.474,68.65,0.0856179990547,0.0,0
2018-05-27 17:00:33.568,68.41,0.0856179990547,0.0,0
2018-05-27 17:00:33.847,70.63,0.0856179990547,0.0,0
2018-05-27 17:00:34.195,70.79,0.0856179990547,0.0,0
2018-05-27 17:00:34.465,72.83,0.0856179990547,0.0,0
2018-05-27 17:00:34.558,73.56,0.0856179990547,0.0,0
2018-05-27 17:00:34.652,73.55,0.0856179990547,0.0,0
2018-05-27 17:00:34.838,76.13,0.0856179990547,0.0,0
2018-05-27 17:00:35.093,78.55,0.0856179990547,0.0,0
2018-05-27 17:00:35.186,78.53,0.0856179990547,0.0,0
2018-05-27 17:00:35.363,79.95,0.0856179990547,0.0,0
2018-05-27 17:00:35.456,79.76,0.0856179990547,0.0,0
2018-05-27 17:00:35.540,80.43,0.0856179990547,0.0,0
2018-05-27 17:00:35.726,80.05,0.0856179990547,0.0,0
2018-05-27 17:00:35.912,80.94,0.0856179990547,0.0,0
2018-05-27 17:00:36.167,80.81,0.0856179990547,0.0,0
2018-05-27 17:00:36.354,82.16,0.0856179990547,0.0,0
2018-05-27 17:00:36.437,81.86,0.0856179990547,0.0,0
2018-05-27 17:00:36.624,83.71,0.0856179990547,0.0,0
2018-05-27 17:00:36.717,84.61,0.0856179990547,0.0,0
2018-05-27 17:00:36.810,85.57,0.0856179990547,0.0,0
2018-05-27 17:00:36.903,85.83,0.0856179990547,0.0,0
2018-05-27 17:00:37.158,87.1,0.0856179990547,0.0,0
2018-05-27 17:00:37.521,90.64,0.0856179990547,0.0,0
2018-05-27 17:00:37.614,91.53,0.0856179990547,0.0,0
2018-05-27 17:00:37.708,92.36,0.0856179990547,0.0,0
2018-05-27 17:00:37.801,93.02,0.0856179990547,0.0,0
2018-05-27 17:00:37.894,93.55,0.0856179990547,0.0,0
2018-05-27 17:00:38.056,94.11,0.0856179990547,0.0,0
2018-05-27 17:00:38.149,94.45,0.0856179990547,0.0,0
2018-05-27 17:00:38.242,95.37,0.0856179990547,0.0,0
2018-05-27 17:00:38.336,96.49,0.0856179990547,0.0,0
2018-05-27 17:00:38.419,96.33,0.0856179990547,0.0,0
2018-05-27 17:00:38.512,96.9,0.0856179990547,0.0,0
2018-05-27 17:00:38.699,98.66,0.0856179990547,0.0,0
2018-05-27 17:00:38.792,98.89,0.0856179990547,0.0,0
2018-05-27 17:00:38.885,100.38,0.0856179990547,0.0,0
2018-05-27 17:00:39.047,100.63,0.0856179990547,0.0,0
2018-05-27 17:00:39.140,103.43,0.0856179990547,0.0,0
2018-05-27 17:00:39.233,104.48,0.0856179990547,0.0,0
2018-05-27 17:00:39.498,107.01,0.0856179990547,0.0,0
2018-05-27 17:00:40.009,113.3,0.0856179990547,0.0,0
2018-05-27 17:00:40.102,112.93,0.0856179990547,0.0,0
2018-05-27 17:00:40.373,111.45,0.0856179990547,0.0,0
2018-05-27 17:00:40.652,111.22,0.0856179990547,0.0,0
2018-05-27 17:00:40.746,112.0,0.0856179990547,0.0,0
2018-05-27 17:00:40.838,112.26,0.0856179990547,0.0,0
2018-05-27 17:00:41.019,113.85,0.0856179990547,0.0,0
2018-05-27 17:00:41.112,115.1,0.0856179990547,0.0,0
2018-05-27 17:00:41.205,116.23,0.0856179990547,0.0,0
2018-05-27 17:00:41.382,119.18,0.0856179990547,0.0,0
2018-05-27 17:00:41.475,119.95,0.0856179990547,0.0,0
2018-05-27 17:00:41.755,121.46,0.0856179990547,0.0,0
2018-05-27 17:00:42.000,120.69,0.0856179990547,0.0,0
2018-05-27 17:00:42.186,118.04,0.0856179990547,0.0,0
2018-05-27 17:00:42.270,118.58,0.0856179990547,0.0,0
2018-05-27 17:00:42.382,117.73,0.0856179990547,0.0,0
2018-05-27 17:00:42.475,117.15,0.0856179990547,0.0,0
2018-05-27 17:00:42.848,117.12,0.0856179990547,0.0,0
2018-05-27 17:00:43.000,116.05,0.0856179990547,0.0,0
2018-05-27 17:00:43.093,114.8,0.0856179990547,0.0,0
2018-05-27 17:00:43.280,111.74,0.0856179990547,0.0,0
2018-05-27 17:00:43.363,110.24,0.0856179990547,0.0,0
2018-05-27 17:00:43.457,108.82,0.0856179990547,0.0,0
2018-05-27 17:00:43.717,107.89,0.0856179990547,0.0,0
2018-05-27 17:00:43.904,105.9,0.0856179990547,0.0,0
2018-05-27 17:00:44.159,102.84,0.0856179990547,0.0,0
2018-05-27 17:00:44.252,101.63,0.0856179990547,0.0,0
2018-05-27 17:00:44.336,100.66,0.0856179990547,0.0,0
2018-05-27 17:00:44.429,100.06,0.0856179990547,0.0,0
2018-05-27 17:00:44.522,98.84,0.0856179990547,0.0,0
2018-05-27 17:00:44.606,97.39,0.0856179990547,0.0,0
2018-05-27 17:00:44.699,97.01,0.0856179990547,0.0,0
2018-05-27 17:00:44.792,96.08,0.0856179990547,0.0,0
2018-05-27 17:00:44.885,94.84,0.0856179990547,0.0,0
2018-05-27 17:00:45.140,91.6,0.0856179990547,0.0,0
2018-05-27 17:00:45.326,90.8,0.0856179990547,0.0,0
2018-05-27 17:00:45.420,89.32,0.0856179990547,0.0,0
2018-05-27 17:00:45.504,88.73,0.0856179990547,0.0,0
2018-05-27 17:00:45.596,88.15,0.0856179990547,0.0,0
2018-05-27 17:00:45.690,85.88,0.0856179990547,0.0,0
2018-05-27 17:00:45.783,85.22,0.0856179990547,0.0,0
2018-05-27 17:00:45.876,83.9,0.0856179990547,0.0,0
2018-05-27 17:00:46.033,83.51,0.0856179990547,0.0,0
2018-05-27 17:00:46.122,82.2,0.0856179990547,0.0,0
2018-05-27 17:00:46.299,80.42,0.0856179990547,0.0,0
2018-05-27 17:00:46.382,79.17,0.0856179990547,0.0,0
2018-05-27 17:00:46.475,77.71,0.0856179990547,0.0,0
2018-05-27 17:00:46.662,75.49,0.0856179990547,0.0,0
2018-05-27 17:00:46.755,74.28,0.0856179990547,0.0,0
2018-05-27 17:00:47.010,70.97,0.0856179990547,0.0,0
2018-05-27 17:00:47.103,70.18,0.0856179990547,0.0,0
2018-05-27 17:00:47.289,66.65,0.0856179990547,0.0,0
2018-05-27 17:00:47.373,65.9,0.0856179990547,0.0,0
2018-05-27 17:00:47.559,63.21,0.0856179990547,0.0,0
2018-05-27 17:00:47.746,60.29,0.0856179990547,0.0,0
2018-05-27 17:00:48.001,58.16,0.0856179990547,0.0,0
2018-05-27 17:00:48.187,58.24,0.0856179990547,0.0,0
2018-05-27 17:00:48.280,58.33,0.0856179990547,0.0,0
2018-05-27 17:00:48.457,58.52,0.0856179990547,0.0,0
2018-05-27 17:00:48.541,58.78,0.0856179990547,0.0,0
2018-05-27 17:00:48.727,59.05,0.0856179990547,0.0,0
2018-05-27 17:00:48.820,59.75,0.0856179990547,0.0,0
2018-05-27 17:00:49.075,60.97,0.0856179990547,0.0,0
2018-05-27 17:00:49.169,60.11,0.0856179990547,0.0,0
2018-05-27 17:00:49.438,59.74,0.0856179990547,0.0,0
2018-05-27 17:00:49.532,59.9,0.0856179990547,0.0,0
2018-05-27 17:00:49.625,59.16,0.0856179990547,0.0,0
2018-05-27 17:00:49.718,59.24,0.0856179990547,0.0,0
2018-05-27 17:00:49.811,59.79,0.0856179990547,0.0,0
2018-05-27 17:00:49.904,60.07,0.0856179990547,0.0,0
2018-05-27 17:00:50.159,59.91,0.0856179990547,0.0,0
2018-05-27 17:00:50.252,59.98,0.0856179990547,0.0,0
2018-05-27 17:00:50.429,59.73,0.0856179990547,0.0,0
2018-05-27 17:00:50.522,59.53,0.0856179990547,0.0,0
2018-05-27 17:00:50.615,60.33,0.0856179990547,0.0,0
2018-05-27 17:00:50.709,59.94,0.0856179990547,0.0,0
2018-05-27 17:00:51.057,59.9,0.0856179990547,0.0,0
2018-05-27 17:00:51.150,59.85,0.0856179990547,0.0,0
2018-05-27 17:00:51.243,59.62,0.0856179990547,0.0,0
2018-05-27 17:00:51.327,59.81,0.0856179990547,0.0,0
2018-05-27 17:00:51.597,59.94,0.0856179990547,0.0,0
2018-05-27 17:00:51.690,60.12,0.0856179990547,0.0,0
2018-05-27 17:00:51.783,59.3,0.0856179990547,0.0,0
2018-05-27 17:00:51.876,59.81,0.0856179990547,0.0,0
2018-05-27 17:00:52.035,60.93,0.0856179990547,0.0,0
2018-05-27 17:00:52.122,60.05,0.0856179990547,0.0,0
2018-05-27 17:00:52.206,60.11,0.0856179990547,0.0,0
2018-05-27 17:00:52.299,59.97,0.0856179990547,0.0,0
2018-05-27 17:00:52.383,59.79,0.0856179990547,0.0,0
2018-05-27 17:00:52.476,59.94,0.0856179990547,0.0,0
2018-05-27 17:00:52.569,59.95,0.0856179990547,0.0,0
2018-05-27 17:00:52.662,60.08,0.0856179990547,0.0,0
2018-05-27 17:00:52.755,59.52,0.0856179990547,0.0,0
2018-05-27 17:00:52.849,59.58,0.0856179990547,0.0,0
2018-05-27 17:00:53.001,59.88,0.0856179990547,0.0,0
2018-05-27 17:00:53.094,59.63,0.0856179990547,0.0,0
2018-05-27 17:00:53.373,59.71,0.0856179990547,0.0,0
2018-05-27 17:00:53.551,59.84,0.0856179990547,0.0,0
2018-05-27 17:00:53.654,59.23,0.0856179990547,0.0,0
2018-05-27 17:00:53.746,59.19,0.0856179990547,0.0,0
2018-05-27 17:00:54.001,60.02,0.0856179990547,0.0,0
2018-05-27 17:00:54.094,59.47,0.0856179990547,0.0,0
2018-05-27 17:00:54.187,60.05,0.0856179990547,0.0,0
2018-05-27 17:00:54.364,59.72,0.0856179990547,0.0,0
2018-05-27 17:00:54.541,57.93,0.0856179990547,0.0,0
2018-05-27 17:00:54.634,57.87,0.0856179990547,0.0,0
2018-05-27 17:00:54.718,57.25,0.0856179990547,0.0,0
2018-05-27 17:00:54.811,55.94,0.0856179990547,0.0,0
2018-05-27 17:00:55.159,52.94,0.0856179990547,0.0,0
2018-05-27 17:00:55.253,51.61,0.0856179990547,0.0,0
2018-05-27 17:00:55.336,50.51,0.0856179990547,0.0,0
2018-05-27 17:00:55.523,48.72,0.0856179990547,0.0,0
2018-05-27 17:00:55.616,47.6,0.0856179990547,0.0,0
2018-05-27 17:00:55.802,45.13,0.0856179990547,0.0,0
2018-05-27 17:00:56.057,42.51,0.0856179990547,0.0,0
2018-05-27 17:00:56.244,39.53,0.0856179990547,0.0,0
2018-05-27 17:00:56.514,36.74,0.0856179990547,0.0,0
2018-05-27 17:00:56.607,35.82,0.0856179990547,0.0,0
2018-05-27 17:00:57.225,30.21,0.0795151399105,0.0250000003725,0
2018-05-27 17:00:57.495,27.05,0.062890967159,0.0750000029802,0
2018-05-27 17:00:57.579,25.58,0.0487041288689,0.0750000029802,0
2018-05-27 17:00:57.765,22.88,0.0333460999422,0.10000000149,0
2018-05-27 17:00:57.858,21.86,0.0444944775628,0.125,0
2018-05-27 17:00:58.104,19.74,0.079515141154,0.17499999702,0
2018-05-27 17:00:58.197,18.33,0.136552383422,0.20000000298,0
2018-05-27 17:00:58.290,17.15,0.235542116338,0.25,0
2018-05-27 17:00:58.374,15.1,0.531663678559,0.5,0
2018-05-27 17:00:58.560,11.23,0.299999996735,0.774999976158,0
2018-05-27 17:00:58.746,6.67,0.299999996735,0.625,0
2018-05-27 17:00:58.923,3.51,0.299999996735,0.649999976158,0
2018-05-27 17:00:59.076,3.04,0.299999996735,0.5,0
2018-05-27 17:00:59.169,1.69,0.299999996735,0.17499999702,0
2018-05-27 17:00:59.262,1.43,0.299999996735,0.17499999702,0
2018-05-27 17:00:59.346,0.86,0.299999996735,0.0,0
2018-05-27 17:00:59.523,0.46,0.299999996735,0.0,0
2018-05-27 17:00:59.616,0.37,0.299999996735,0.0,0
2018-05-27 17:00:59.802,0.27,0.299999996735,0.0,0
2018-05-27 17:00:59.895,0.24,0.299999996735,0.0,0
2018-05-27 17:01:00.057,0.21,0.299999996735,0.0,0
2018-05-27 17:01:00.151,0.0,0.162935095137,0.0,0
2018-05-27 17:01:00.244,0.0,0.0368214501344,0.0,0
2018-05-27 17:01:00.523,0.0,0.0487041304845,0.0,0
2018-05-27 17:01:00.616,0.0,0.0856179990547,0.0,0
2018-05-27 17:01:00.886,0.0,0.0856179990547,0.0,0
2018-05-27 17:01:01.048,0.0,0.0856179990547,0.0,0
2018-05-27 17:01:01.141,0.0,0.0856179990547,0.0,0
2018-05-27 17:01:01.234,0.0,0.0856179990547,0.0,0
2018-05-27 17:01:01.328,0.0,0.0856179990547,0.0,0
2018-05-27 17:01:01.607,0.0,0.0856179990547,0.0,0
2018-05-27 17:01:01.691,0.0,0.0856179990547,0.0,0
2018-05-27 17:01:02.123,0.0,0.0856179990547,0.0,0
2018-05-27 17:01:02.206,0.0,0.0856179990547,0.0,0
2018-05-27 17:01:02.300,0.0,0.0856179990547,0.0,0
2018-05-27 17:01:02.477,0.0,0.0856179990547,0.0,0
2018-05-27 17:01:02.570,0.0,0.0856179990547,0.0,0
2018-05-27 17:01:02.663,0.0,0.0856179990547,0.0,0
2018-05-27 17:01:02.756,0.0,0.0856179990547,0.0,0
2018-05-27 17:01:03.011,0.0,0.0856179990547,0.0,0
2018-05-27 17:01:03.104,0.0,0.0856179990547,0.0,0
2018-05-27 17:01:03.197,0.0,0.0856179990547,0.0,0
2018-05-27 17:01:03.290,0.0,0.0856179990547,0.0,0
2018-05-27 17:01:03.467,0.0,0.0856179990547,0.0,0
2018-05-27 17:01:03.561,0.0,0.0856179990547,0.0,0
2018-05-27 17:01:03.747,0.0,0.0856179990547,0.0,0
2018-05-27 17:01:04.188,0.0,0.0856179990547,0.0,0
2018-05-27 17:01:04.281,0.0,0.0856179990547,0.0,0
2018-05-27 17:01:04.458,0.0,0.0856179990547,0.0,0
2018-05-27 17:01:04.542,0.0,0.0856179990547,0.0,0
2018-05-27 17:01:04.821,0.0,0.0856179990547,0.0,0
2018-05-27 17:01:04.914,0.0,0.0856179990547,0.0,0
2018-05-27 17:01:05.076,0.0,0.0856179990547,0.0,0
2018-05-27 17:01:05.170,0.0,0.0856179990547,0.0,0
2018-05-27 17:01:05.523,0.0,0.0856179990547,0.0,0
2018-05-27 17:01:05.710,0.0,0.0856179990547,0.0,0
2018-05-27 17:01:05.803,0.0,0.0856179990547,0.0,0
2018-05-27 17:01:06.058,0.0,0.0856179990547,0.0,0
2018-05-27 17:01:06.151,0.0,0.0856179990547,0.0,0
2018-05-27 17:01:06.430,2.52,0.0856179990547,0.0,0
2018-05-27 17:01:06.523,5.14,0.0856179990547,0.0,0
2018-05-27 17:01:06.710,8.15,0.0856179990547,0.0,0
2018-05-27 17:01:07.235,14.65,0.0795151399105,0.0250000003725,0
2018-05-27 17:01:07.328,16.07,0.0681556200429,0.0500000007451,0
2018-05-27 17:01:07.421,17.28,0.0578973085845,0.0500000007451,0
2018-05-27 17:01:07.598,20.21,0.044494475494,0.0750000029802,0
2018-05-27 17:01:07.784,22.78,0.0368214525442,0.15000000596,0
2018-05-27 17:01:07.877,24.09,0.0736956417646,0.20000000298,0
2018-05-27 17:01:08.035,25.34,0.128375277553,0.20000000298,0
2018-05-27 17:01:08.207,28.28,0.29710320239,0.40000000596,0
2018-05-27 17:01:08.384,31.07,0.53782798564,0.5,0
2018-05-27 17:01:08.570,33.2,0.299999996735,0.5,0
2018-05-27 17:01:08.663,35.2,0.299999996735,0.300000011921,0
2018-05-27 17:01:08.756,36.73,0.299999996735,0.34999999404,0
2018-05-27 17:01:09.095,41.56,0.299999996735,0.0750000029802,0
2018-05-27 17:01:09.281,43.62,0.299999996735,0.0750000029802,0
2018-05-27 17:01:09.365,45.67,0.299999996735,0.0750000029802,0
2018-05-27 17:01:09.458,46.63,0.299999996735,0.10000000149,0
2018-05-27 17:01:09.635,49.45,0.299999996735,0.0500000007451,0
2018-05-27 17:01:09.812,53.09,0.299999996735,0.0,0
2018-05-27 17:01:09.905,54.8,0.457852116482,0.0,0
2018-05-27 17:01:10.160,58.22,0.207773939881,0.0,0
2018-05-27 17:01:10.338,59.54,0.109495954287,0.0,0
2018-05-27 17:01:10.524,59.16,0.0395503782638,0.0,0
2018-05-27 17:01:10.607,59.05,0.0301030006032,0.0,0
2018-05-27 17:01:10.701,58.85,0.039550376004,0.0,0
2018-05-27 17:01:10.887,59.16,0.0508244893273,0.0,0
2018-05-27 17:01:11.235,59.64,0.0688966666591,0.0,0
2018-05-27 17:01:11.514,59.66,0.0793010723251,0.0,0
2018-05-27 17:01:11.598,59.83,0.0793010723251,0.0,0
2018-05-27 17:01:11.691,59.8,0.0793010723251,0.0,0
2018-05-27 17:01:11.784,59.47,0.0793010723251,0.0,0
2018-05-27 17:01:11.878,59.86,0.0793010723251,0.0,0
2018-05-27 17:01:12.123,60.5,0.0793010723251,0.0,0
2018-05-27 17:01:12.208,60.34,0.0793010723251,0.0,0
2018-05-27 17:01:12.393,60.22,0.0793010723251,0.0,0
2018-05-27 17:01:12.486,60.59,0.0793010723251,0.0,0
2018-05-27 17:01:13.021,59.95,0.0793010723251,0.0,0
2018-05-27 17:01:13.114,60.5,0.0793010723251,0.0,0
2018-05-27 17:01:13.198,60.51,0.0793010723251,0.0,0
2018-05-27 17:01:13.291,60.52,0.0793010723251,0.0,0
2018-05-27 17:01:13.468,60.59,0.0793010723251,0.0,0
2018-05-27 17:01:13.561,60.68,0.0793010723251,0.0,0
2018-05-27 17:01:14.002,60.55,0.0793010723251,0.0,0
2018-05-27 17:01:14.179,60.65,0.0793010723251,0.0,0
2018-05-27 17:01:14.263,60.44,0.0793010723251,0.0,0
2018-05-27 17:01:14.347,60.4,0.0793010723251,0.0,0
2018-05-27 17:01:14.533,60.53,0.0793010723251,0.0,0
2018-05-27 17:01:14.720,60.2,0.0793010723251,0.0,0
2018-05-27 17:01:14.813,59.47,0.0793010723251,0.0,0
2018-05-27 17:01:15.068,59.55,0.0793010723251,0.0,0
2018-05-27 17:01:15.161,59.98,0.0793010723251,0.0,0
2018-05-27 17:01:15.338,60.29,0.0793010723251,0.0,0
2018-05-27 17:01:15.431,60.05,0.0793010723251,0.0,0
2018-05-27 17:01:15.524,59.85,0.0793010723251,0.0,0
2018-05-27 17:01:15.617,60.13,0.0793010723251,0.0,0
2018-05-27 17:01:15.710,60.14,0.0793010723251,0.0,0
2018-05-27 17:01:15.803,60.19,0.0793010723251,0.0,0
2018-05-27 17:01:15.887,60.23,0.0793010723251,0.0,0
2018-05-27 17:01:16.049,60.28,0.0793010723251,0.0,0
2018-05-27 17:01:16.142,59.59,0.0793010723251,0.0,0
2018-05-27 17:01:16.328,60.46,0.0793010723251,0.0,0
2018-05-27 17:01:16.422,60.19,0.0793010723251,0.0,0
2018-05-27 17:01:16.515,60.19,0.0793010723251,0.0,0
2018-05-27 17:01:17.035,60.18,0.0793010723251,0.0,0
2018-05-27 17:01:17.477,59.92,0.0793010723251,0.0,0
2018-05-27 17:01:17.654,60.15,0.0793010723251,0.0,0
2018-05-27 17:01:17.841,59.95,0.0793010723251,0.0,0
2018-05-27 17:01:18.096,60.05,0.0793010723251,0.0,0
2018-05-27 17:01:18.366,59.77,0.0793010723251,0.0,0
2018-05-27 17:01:18.459,59.97,0.0793010723251,0.0,0
2018-05-27 17:01:18.543,59.97,0.0793010723251,0.0,0
2018-05-27 17:01:18.729,60.32,0.0793010723251,0.0,0
2018-05-27 17:01:18.915,60.28,0.0793010723251,0.0,0
2018-05-27 17:01:19.170,59.9,0.0793010723251,0.0,0
2018-05-27 17:01:19.263,60.35,0.0793010723251,0.0,0
2018-05-27 17:01:19.357,60.35,0.0793010723251,0.0,0
2018-05-27 17:01:19.440,59.89,0.0793010723251,0.0,0
2018-05-27 17:01:19.533,59.81,0.0793010723251,0.0,0
2018-05-27 17:01:19.804,60.16,0.0793010723251,0.0,0
2018-05-27 17:01:19.897,60.26,0.0793010723251,0.0,0
2018-05-27 17:01:20.152,59.41,0.0793010723251,0.0,0
2018-05-27 17:01:20.245,59.8,0.0793010723251,0.0,0
2018-05-27 17:01:20.422,60.57,0.0793010723251,0.0,0
2018-05-27 17:01:20.608,59.93,0.0793010723251,0.0,0
2018-05-27 17:01:20.701,60.19,0.0793010723251,0.0,0
2018-05-27 17:01:21.049,60.42,0.0793010723251,0.0,0
2018-05-27 17:01:21.226,59.7,0.0793010723251,0.0,0
2018-05-27 17:01:21.319,59.89,0.0793010723251,0.0,0
2018-05-27 17:01:21.408,59.7,0.0793010723251,0.0,0
2018-05-27 17:01:21.496,60.92,0.0793010723251,0.0,0
2018-05-27 17:01:21.757,60.31,0.0793010723251,0.0,0
2018-05-27 17:01:21.850,60.56,0.0793010723251,0.0,0
2018-05-27 17:01:22.198,60.15,0.0793010723251,0.0,0
2018-05-27 17:01:22.562,60.36,0.0793010723251,0.0,0
2018-05-27 17:01:22.645,60.39,0.0793010723251,0.0,0
2018-05-27 17:01:22.739,59.59,0.0793010723251,0.0,0
2018-05-27 17:01:23.171,60.37,0.0793010723251,0.0,0
2018-05-27 17:01:23.264,60.53,0.0793010723251,0.0,0
2018-05-27 17:01:23.348,60.29,0.0793010723251,0.0,0
2018-05-27 17:01:23.441,59.63,0.0793010723251,0.0,0
2018-05-27 17:01:23.534,59.8,0.0793010723251,0.0,0
2018-05-27 17:01:23.813,59.83,0.0793010723251,0.0,0
2018-05-27 17:01:23.906,59.6,0.0793010723251,0.0,0
2018-05-27 17:01:24.068,60.77,0.0793010723251,0.0,0
2018-05-27 17:01:24.161,61.11,0.0793010723251,0.0,0
2018-05-27 17:01:24.254,62.13,0.0793010723251,0.0,0
2018-05-27 17:01:24.524,66.22,0.0793010723251,0.0,0
2018-05-27 17:01:24.804,69.35,0.0793010723251,0.0,0
2018-05-27 17:01:25.152,72.84,0.0793010723251,0.0,0
2018-05-27 17:01:25.701,80.1,0.0769616929138,0.0,0
2018-05-27 17:01:25.795,81.94,0.0769616929138,0.0,0
2018-05-27 17:01:25.888,83.05,0.0769616929138,0.0,0
2018-05-27 17:01:26.050,84.28,0.0769616929138,0.0,0
2018-05-27 17:01:26.422,91.56,0.0769616929138,0.0,0
2018-05-27 17:01:26.599,93.33,0.0769616929138,0.0,0
2018-05-27 17:01:26.692,94.57,0.0769616929138,0.0,0
2018-05-27 17:01:27.301,98.9,0.0769616929138,0.0,0
2018-05-27 17:01:27.478,100.79,0.0769616929138,0.0,0
2018-05-27 17:01:27.664,103.54,0.0671127219764,0.0500000007451,0
2018-05-27 17:01:27.757,104.86,0.0625090054869,0.0250000003725,0
2018-05-27 17:01:28.106,107.27,0.0539280559665,0.0500000007451,0
2018-05-27 17:01:28.469,111.33,0.0391772761518,0.10000000149,0
2018-05-27 17:01:28.562,111.66,0.0329467860784,0.10000000149,0
2018-05-27 17:01:28.748,113.35,0.0359700575329,0.0250000003725,0
2018-05-27 17:01:29.097,115.39,0.0425727109891,0.0500000007451,0
2018-05-27 17:01:29.274,116.01,0.0461604295577,0.0250000003725,0
2018-05-27 17:01:29.534,116.52,0.0499443135049,0.0250000003725,0
2018-05-27 17:01:29.627,118.45,0.0499443135049,0.0,0
2018-05-27 17:01:29.721,118.19,0.0425727109891,0.0,0
2018-05-27 17:01:29.814,118.15,0.0391772773322,0.0,0
2018-05-27 17:01:29.898,118.42,0.0359700575329,0.0250000003725,0
2018-05-27 17:01:30.059,119.32,0.035970056419,0.0,0
2018-05-27 17:01:30.153,118.6,0.0499443121161,0.0,0
2018-05-27 17:01:30.330,117.2,0.0539280559665,0.0,0
2018-05-27 17:01:30.423,117.57,0.0625090054869,0.0,0
2018-05-27 17:01:30.516,115.54,0.0671127219764,0.0,0
2018-05-27 17:01:30.609,116.6,0.071929332932,0.0,0
2018-05-27 17:01:30.702,115.49,0.071929332932,0.0,0
2018-05-27 17:01:30.795,115.3,0.071929332932,0.0,0
2018-05-27 17:01:30.888,113.46,0.071929332932,0.0,0
2018-05-27 17:01:31.050,114.57,0.0769616929138,0.0,0
2018-05-27 17:01:31.143,113.18,0.0769616929138,0.0,0
2018-05-27 17:01:31.237,113.87,0.0769616929138,0.0,0
2018-05-27 17:01:31.330,112.47,0.0769616929138,0.0,0
2018-05-27 17:01:31.423,112.51,0.0769616929138,0.0,0
2018-05-27 17:01:31.516,110.65,0.0769616929138,0.0,0
2018-05-27 17:01:31.609,111.25,0.0769616929138,0.0,0
2018-05-27 17:01:31.796,109.97,0.0769616929138,0.0,0
2018-05-27 17:01:31.889,110.37,0.0769616929138,0.0,0
2018-05-27 17:01:32.041,109.9,0.0769616929138,0.0,0
2018-05-27 17:01:32.134,109.4,0.0769616929138,0.0,0
2018-05-27 17:01:32.227,109.31,0.0769616929138,0.0,0
2018-05-27 17:01:32.321,109.47,0.0769616929138,0.0,0
2018-05-27 17:01:32.498,108.19,0.0769616929138,0.0,0
2018-05-27 17:01:32.582,107.17,0.0769616929138,0.0,0
2018-05-27 17:01:32.675,108.34,0.0769616929138,0.0,0
2018-05-27 17:01:32.758,107.75,0.0769616929138,0.0,0
2018-05-27 17:01:33.013,106.79,0.0769616929138,0.0,0
2018-05-27 17:01:33.107,106.35,0.0769616929138,0.0,0
2018-05-27 17:01:33.200,104.98,0.0769616929138,0.0,0
2018-05-27 17:01:33.293,104.98,0.0769616929138,0.0,0
2018-05-27 17:01:33.377,104.72,0.0769616929138,0.0,0
2018-05-27 17:01:33.563,104.61,0.0769616929138,0.0,0
2018-05-27 17:01:33.647,104.5,0.0769616929138,0.0,0
2018-05-27 17:01:33.731,104.34,0.0769616929138,0.0,0
2018-05-27 17:01:33.917,104.0,0.0769616929138,0.0,0
2018-05-27 17:01:34.079,104.1,0.0769616929138,0.0,0
2018-05-27 17:01:34.172,104.16,0.0769616929138,0.0,0
2018-05-27 17:01:34.265,103.64,0.0769616929138,0.0,0
2018-05-27 17:01:34.358,103.96,0.0769616929138,0.0,0
2018-05-27 17:01:34.442,103.93,0.0769616929138,0.0,0
2018-05-27 17:01:34.535,104.44,0.0769616929138,0.0,0
2018-05-27 17:01:34.722,104.18,0.0769616929138,0.0,0
2018-05-27 17:01:34.908,104.97,0.0769616929138,0.0,0
2018-05-27 17:01:35.070,105.56,0.0769616929138,0.0,0
2018-05-27 17:01:35.163,105.2,0.0769616929138,0.0,0
2018-05-27 17:01:35.256,106.57,0.0769616929138,0.0,0
2018-05-27 17:01:35.340,106.42,0.0769616929138,0.0,0
2018-05-27 17:01:35.433,107.31,0.0769616929138,0.0,0
2018-05-27 17:01:35.806,108.05,0.0769616929138,0.0,0
2018-05-27 17:01:36.061,108.02,0.0769616929138,0.0,0
2018-05-27 17:01:36.336,106.69,0.0769616929138,0.0,0
2018-05-27 17:01:36.424,106.73,0.0769616929138,0.0,0
2018-05-27 17:01:37.228,106.45,0.0769616929138,0.0,0
2018-05-27 17:01:37.415,106.05,0.0769616929138,0.0,0
2018-05-27 17:01:37.676,106.95,0.0769616929138,0.0,0
2018-05-27 17:01:38.024,106.28,0.0769616929138,0.0,0
2018-05-27 17:01:38.210,104.62,0.0769616929138,0.0,0
2018-05-27 17:01:38.304,105.1,0.0769616929138,0.0,0
2018-05-27 17:01:38.387,104.36,0.0769616929138,0.0,0
2018-05-27 17:01:38.480,104.53,0.0769616929138,0.0,0
2018-05-27 17:01:39.098,100.82,0.0769616929138,0.0,0
2018-05-27 17:01:39.462,101.03,0.0769616929138,0.0,0
2018-05-27 17:01:39.639,100.47,0.0769616929138,0.0,0
2018-05-27 17:01:39.732,100.4,0.0769616929138,0.0,0
2018-05-27 17:01:39.909,98.92,0.0769616929138,0.0,0
2018-05-27 17:01:40.071,98.19,0.0769616929138,0.0,0
2018-05-27 17:01:40.164,97.2,0.0769616929138,0.0,0
2018-05-27 17:01:40.257,96.31,0.0769616929138,0.0,0
2018-05-27 17:01:40.341,95.33,0.0769616929138,0.0,0
2018-05-27 17:01:40.434,95.88,0.0769616929138,0.0,0
2018-05-27 17:01:40.527,94.86,0.0769616929138,0.0,0
2018-05-27 17:01:40.704,93.64,0.0769616929138,0.0,0
2018-05-27 17:01:40.798,93.44,0.0769616929138,0.0,0
2018-05-27 17:01:41.238,91.76,0.0769616929138,0.0,0
2018-05-27 17:01:41.509,90.92,0.0769616929138,0.0,0
2018-05-27 17:01:41.597,90.05,0.0769616929138,0.0,0
2018-05-27 17:01:41.686,90.23,0.0769616929138,0.0,0
2018-05-27 17:01:41.769,89.67,0.0769616929138,0.0,0
2018-05-27 17:01:41.863,88.74,0.0769235598595,0.0,0
2018-05-27 17:01:42.304,88.18,0.0769235598595,0.0,0
2018-05-27 17:01:42.388,88.23,0.0769235598595,0.0,0
2018-05-27 17:01:42.481,86.88,0.0769235598595,0.0,0
2018-05-27 17:01:42.574,87.83,0.0769235598595,0.0,0
2018-05-27 17:01:42.667,87.79,0.0769235598595,0.0,0
2018-05-27 17:01:42.760,88.31,0.0769235598595,0.0,0
2018-05-27 17:01:42.854,87.79,0.0769235598595,0.0,0
2018-05-27 17:01:43.108,89.1,0.0769235598595,0.0,0
2018-05-27 17:01:43.202,89.59,0.0769235598595,0.0,0
2018-05-27 17:01:43.295,89.28,0.0769235598595,0.0,0
2018-05-27 17:01:43.565,89.45,0.0769235598595,0.0,0
2018-05-27 17:01:43.658,89.42,0.0769235598595,0.0,0
2018-05-27 17:01:44.006,88.54,0.0769235598595,0.0,0
2018-05-27 17:01:44.099,89.3,0.0769235598595,0.0,0
2018-05-27 17:01:44.192,88.91,0.0769235598595,0.0,0
2018-05-27 17:01:44.286,89.51,0.0769235598595,0.0,0
2018-05-27 17:01:44.369,88.88,0.0769235598595,0.0,0
2018-05-27 17:01:44.546,87.69,0.0769235598595,0.0,0
2018-05-27 17:01:44.640,86.1,0.0769235598595,0.0,0
2018-05-27 17:01:44.826,85.34,0.0769235598595,0.0,0
2018-05-27 17:01:45.081,83.68,0.0769235598595,0.0,0
2018-05-27 17:01:45.174,83.42,0.0769235598595,0.0,0
2018-05-27 17:01:45.267,82.74,0.0769235598595,0.0,0
2018-05-27 17:01:45.444,82.14,0.0769235598595,0.0,0
2018-05-27 17:01:45.537,82.29,0.0769235598595,0.0,0
2018-05-27 17:01:45.631,82.63,0.0769235598595,0.0,0
2018-05-27 17:01:45.724,82.24,0.0769235598595,0.0,0
2018-05-27 17:01:46.072,80.5,0.0769235598595,0.0,0
2018-05-27 17:01:46.165,81.54,0.0769235598595,0.0,0
2018-05-27 17:01:46.342,80.4,0.0769235598595,0.0,0
2018-05-27 17:01:46.435,80.77,0.0769235598595,0.0,0
2018-05-27 17:01:46.621,80.4,0.0769235598595,0.0,0
2018-05-27 17:01:46.714,80.66,0.0769235598595,0.0,0
2018-05-27 17:01:47.063,81.75,0.0769235598595,0.0,0
2018-05-27 17:01:47.146,82.3,0.0769235598595,0.0,0
2018-05-27 17:01:47.240,82.36,0.0769235598595,0.0,0
2018-05-27 17:01:47.333,82.63,0.0769235598595,0.0,0
2018-05-27 17:01:47.612,83.49,0.0769235598595,0.0,0
2018-05-27 17:01:47.705,83.8,0.0769235598595,0.0,0
2018-05-27 17:01:48.039,84.38,0.0769235598595,0.0,0
2018-05-27 17:01:48.128,84.44,0.0769235598595,0.0,0
2018-05-27 17:01:48.212,84.93,0.0769235598595,0.0,0
2018-05-27 17:01:48.389,86.15,0.0769235598595,0.0,0
2018-05-27 17:01:48.482,86.7,0.0769235598595,0.0,0
2018-05-27 17:01:48.752,87.55,0.0769235598595,0.0,0
2018-05-27 17:01:49.100,90.79,0.0769235598595,0.0,0
2018-05-27 17:01:49.557,94.53,0.0769235598595,0.0,0
2018-05-27 17:01:49.743,95.73,0.0769235598595,0.0,0
2018-05-27 17:01:49.920,97.25,0.0769235598595,0.0,0
2018-05-27 17:01:50.082,97.91,0.0769235598595,0.0,0
2018-05-27 17:01:50.445,100.31,0.0769235598595,0.0,0
2018-05-27 17:01:50.632,101.24,0.0769235598595,0.0,0
2018-05-27 17:01:50.725,102.01,0.0769235598595,0.0,0
2018-05-27 17:01:50.911,101.7,0.0769235598595,0.0,0
2018-05-27 17:01:51.166,101.33,0.0769235598595,0.0,0
2018-05-27 17:01:51.260,102.47,0.0769235598595,0.0,0
2018-05-27 17:01:51.343,102.19,0.0769235598595,0.0,0
2018-05-27 17:01:51.529,101.45,0.0769235598595,0.0,0
2018-05-27 17:01:52.064,100.37,0.0769235598595,0.0,0
2018-05-27 17:01:52.241,99.5,0.0769235598595,0.0,0
2018-05-27 17:01:52.427,98.64,0.0769235598595,0.0,0
2018-05-27 17:01:52.800,97.93,0.0769235598595,0.0,0
2018-05-27 17:01:53.054,97.43,0.0769235598595,0.0,0
2018-05-27 17:01:53.148,96.69,0.0769235598595,0.0,0
2018-05-27 17:01:53.241,96.61,0.0769235598595,0.0,0
2018-05-27 17:01:53.334,96.11,0.0769235598595,0.0,0
2018-05-27 17:01:53.613,94.89,0.0769235598595,0.0,0
2018-05-27 17:01:53.800,95.63,0.0769235598595,0.0,0
2018-05-27 17:01:54.055,95.12,0.0769235598595,0.0,0
2018-05-27 17:01:54.148,94.71,0.0769235598595,0.0,0
2018-05-27 17:01:54.241,94.36,0.0769235598595,0.0,0
2018-05-27 17:01:54.334,94.22,0.0769235598595,0.0,0
2018-05-27 17:01:54.427,94.11,0.0769235598595,0.0,0
2018-05-27 17:01:54.521,94.02,0.0769235598595,0.0,0
2018-05-27 17:01:54.604,93.65,0.0769235598595,0.0,0
2018-05-27 17:01:54.693,92.43,0.0769235598595,0.0,0
2018-05-27 17:01:54.786,92.16,0.0769235598595,0.0,0
2018-05-27 17:01:54.865,92.1,0.0769235598595,0.0,0
2018-05-27 17:01:55.027,92.05,0.0769235598595,0.0,0
2018-05-27 17:01:55.213,91.39,0.0769235598595,0.0,0
2018-05-27 17:01:55.306,91.41,0.0769235598595,0.0,0
2018-05-27 17:01:55.399,91.64,0.0769235598595,0.0,0
2018-05-27 17:01:55.484,91.31,0.0769235598595,0.0,0
2018-05-27 17:01:55.568,91.03,0.0769235598595,0.0,0
2018-05-27 17:01:55.660,91.15,0.0769235598595,0.0,0
2018-05-27 17:01:55.847,90.43,0.0769235598595,0.0,0
2018-05-27 17:01:56.008,89.87,0.0769235598595,0.0,0
2018-05-27 17:01:56.102,89.33,0.0769235598595,0.0,0
2018-05-27 17:01:56.288,89.34,0.0769235598595,0.0,0
2018-05-27 17:01:56.465,89.11,0.0769235598595,0.0,0
2018-05-27 17:01:56.642,88.45,0.0769235598595,0.0,0
2018-05-27 17:01:56.735,88.87,0.0769235598595,0.0,0
2018-05-27 17:01:56.828,88.3,0.0769235598595,0.0,0
2018-05-27 17:01:56.921,87.83,0.0769235598595,0.0,0
2018-05-27 17:01:57.083,87.28,0.0769235598595,0.0,0
2018-05-27 17:01:57.176,87.41,0.0769235598595,0.0,0
2018-05-27 17:01:57.269,87.01,0.0769235598595,0.0,0
2018-05-27 17:01:57.363,87.08,0.0769235598595,0.0,0
2018-05-27 17:01:57.446,86.8,0.0769235598595,0.0,0
2018-05-27 17:01:57.623,86.41,0.0769235598595,0.0,0
2018-05-27 17:01:57.717,86.35,0.0769235598595,0.0,0
2018-05-27 17:01:57.810,86.22,0.0769235598595,0.0,0
2018-05-27 17:01:58.158,85.03,0.0769235598595,0.0,0
2018-05-27 17:01:58.251,84.87,0.0769235598595,0.0,0
2018-05-27 17:01:58.335,85.05,0.0769235598595,0.0,0
2018-05-27 17:01:58.428,84.9,0.0769235598595,0.0,0
2018-05-27 17:01:58.605,84.52,0.0769235598595,0.0,0
2018-05-27 17:01:59.041,84.62,0.0769235598595,0.0,0
2018-05-27 17:01:59.298,85.78,0.0769235598595,0.0,0
2018-05-27 17:01:59.568,86.95,0.0769235598595,0.0,0
2018-05-27 17:02:00.102,88.38,0.0769235598595,0.0,0
2018-05-27 17:02:00.270,90.35,0.0769235598595,0.0,0
2018-05-27 17:02:00.447,90.51,0.0769235598595,0.0,0
2018-05-27 17:02:00.540,91.21,0.0769235598595,0.0,0
2018-05-27 17:02:00.726,91.75,0.0769235598595,0.0,0
2018-05-27 17:02:01.429,95.97,0.0769235598595,0.0,0
2018-05-27 17:02:01.522,96.28,0.0769235598595,0.0,0
2018-05-27 17:02:01.605,96.91,0.0769235598595,0.0,0
2018-05-27 17:02:03.019,104.24,0.0769235598595,0.0,0
2018-05-27 17:02:03.196,104.62,0.0769235598595,0.0,0
2018-05-27 17:02:03.829,108.44,0.0769235598595,0.0,0
2018-05-27 17:02:04.075,110.06,0.0769235598595,0.0,0
2018-05-27 17:02:04.624,113.92,0.0769235598595,0.0,0
2018-05-27 17:02:05.429,117.3,0.0769235598595,0.0,0
2018-05-27 17:02:05.522,117.48,0.0769235598595,0.0,0
2018-05-27 17:02:05.615,118.86,0.0769235598595,0.0,0
2018-05-27 17:02:05.792,118.59,0.0769235598595,0.0,0
2018-05-27 17:02:06.327,121.27,0.0769235598595,0.0,0
2018-05-27 17:02:06.587,121.55,0.0769235598595,0.0,0
2018-05-27 17:02:06.680,119.89,0.0769235598595,0.0,0
2018-05-27 17:02:07.028,119.26,0.0769235598595,0.0,0
2018-05-27 17:02:07.122,118.93,0.0769235598595,0.0,0
2018-05-27 17:02:07.215,118.31,0.0769235598595,0.0,0
2018-05-27 17:02:07.485,117.75,0.0769235598595,0.0,0
2018-05-27 17:02:07.662,116.65,0.0769235598595,0.0,0
2018-05-27 17:02:07.755,116.59,0.0769235598595,0.0,0
2018-05-27 17:02:07.848,115.54,0.0769235598595,0.0,0
2018-05-27 17:02:08.010,115.84,0.0769235598595,0.0,0
2018-05-27 17:02:08.103,115.01,0.0769235598595,0.0,0
2018-05-27 17:02:08.196,115.04,0.0769235598595,0.0,0
2018-05-27 17:02:08.289,114.32,0.0769235598595,0.0,0
2018-05-27 17:02:08.373,114.38,0.0769235598595,0.0,0
2018-05-27 17:02:08.466,112.95,0.0769235598595,0.0,0
2018-05-27 17:02:08.559,113.65,0.0769235598595,0.0,0
2018-05-27 17:02:08.643,112.99,0.0769235598595,0.0,0
2018-05-27 17:02:08.736,112.24,0.0769235598595,0.0,0
2018-05-27 17:02:08.829,112.13,0.0769235598595,0.0,0
2018-05-27 17:02:09.178,111.64,0.0769235598595,0.0,0
2018-05-27 17:02:09.448,110.01,0.0769235598595,0.0,0
2018-05-27 17:02:09.634,109.25,0.0769235598595,0.0,0
2018-05-27 17:02:09.727,109.47,0.0769235598595,0.0,0
2018-05-27 17:02:09.913,107.92,0.0769235598595,0.0,0
2018-05-27 17:02:10.075,108.21,0.0769235598595,0.0,0
2018-05-27 17:02:10.168,107.79,0.0769235598595,0.0,0
2018-05-27 17:02:10.345,107.21,0.0769235598595,0.0,0
2018-05-27 17:02:10.429,107.03,0.0769235598595,0.0,0
2018-05-27 17:02:10.522,106.31,0.0769235598595,0.0,0
2018-05-27 17:02:10.802,105.48,0.0769235598595,0.0,0
2018-05-27 17:02:10.895,104.39,0.0769235598595,0.0,0
2018-05-27 17:02:11.057,105.03,0.0769235598595,0.0,0
2018-05-27 17:02:11.234,105.77,0.0769235598595,0.0,0
2018-05-27 17:02:11.327,105.74,0.0769235598595,0.0,0
2018-05-27 17:02:11.420,105.04,0.0769235598595,0.0,0
2018-05-27 17:02:11.606,105.72,0.0769235598595,0.0,0
2018-05-27 17:02:11.792,105.54,0.0769235598595,0.0,0
2018-05-27 17:02:12.043,106.7,0.0769235598595,0.0,0
2018-05-27 17:02:12.215,106.59,0.0769235598595,0.0,0
2018-05-27 17:02:12.485,107.21,0.0769235598595,0.0,0
2018-05-27 17:02:12.672,106.94,0.0769235598595,0.0,0
2018-05-27 17:02:12.765,107.67,0.0769235598595,0.0,0
2018-05-27 17:02:12.858,107.19,0.0769235598595,0.0,0
2018-05-27 17:02:13.020,106.35,0.0769235598595,0.0,0
2018-05-27 17:02:13.299,105.55,0.0769235598595,0.0,0
2018-05-27 17:02:13.569,104.8,0.0769235598595,0.0,0
2018-05-27 17:02:13.746,103.71,0.0769235598595,0.0,0
2018-05-27 17:02:14.187,103.47,0.0769235598595,0.0,0
2018-05-27 17:02:14.280,102.41,0.0769235598595,0.0,0
2018-05-27 17:02:14.458,101.55,0.0769235598595,0.0,0
2018-05-27 17:02:14.551,101.49,0.0769235598595,0.0,0
2018-05-27 17:02:14.634,102.04,0.0769235598595,0.0,0
2018-05-27 17:02:14.821,101.1,0.0769235598595,0.0,0
2018-05-27 17:02:14.914,100.0,0.0769235598595,0.0,0
2018-05-27 17:02:15.076,99.92,0.0769235598595,0.0,0
2018-05-27 17:02:15.169,99.42,0.0769235598595,0.0,0
2018-05-27 17:02:15.429,97.75,0.0769235598595,0.0,0
2018-05-27 17:02:15.709,96.67,0.0769235598595,0.0,0
2018-05-27 17:02:15.802,96.86,0.0769235598595,0.0,0
2018-05-27 17:02:15.895,96.09,0.0769235598595,0.0,0
2018-05-27 17:02:16.057,95.74,0.0769235598595,0.0,0
2018-05-27 17:02:16.150,95.35,0.0769235598595,0.0,0
2018-05-27 17:02:16.336,93.96,0.0769235598595,0.0,0
2018-05-27 17:02:16.523,94.14,0.0769235598595,0.0,0
2018-05-27 17:02:17.150,91.82,0.0769235598595,0.0,0
2018-05-27 17:02:17.243,91.07,0.0769235598595,0.0,0
2018-05-27 17:02:17.607,89.71,0.0769235598595,0.0,0
2018-05-27 17:02:17.700,89.62,0.0769235598595,0.0,0
2018-05-27 17:02:18.043,87.42,0.0769235598595,0.0,0
2018-05-27 17:02:18.215,86.44,0.0769235598595,0.0,0
2018-05-27 17:02:18.579,82.91,0.0769235598595,0.0,0
2018-05-27 17:02:20.104,76.61,0.0769235598595,0.0,0
2018-05-27 17:02:20.383,75.7,0.0769235598595,0.0,0
2018-05-27 17:02:20.663,75.06,0.0769235598595,0.0,0
2018-05-27 17:02:20.756,75.36,0.0769235598595,0.0,0
2018-05-27 17:02:21.812,73.01,0.0769235598595,0.0,0
2018-05-27 17:02:21.905,72.13,0.0769235598595,0.0,0
2018-05-27 17:02:22.253,71.71,0.0769235598595,0.0,0
2018-05-27 17:02:22.337,71.66,0.0769235598595,0.0,0
2018-05-27 17:02:22.616,70.81,0.0769235598595,0.0,0
2018-05-27 17:02:22.700,70.82,0.0769235598595,0.0,0
2018-05-27 17:02:23.043,72.16,0.0769235598595,0.0,0
2018-05-27 17:02:23.132,71.96,0.0769235598595,0.0,0
2018-05-27 17:02:23.216,72.23,0.0769235598595,0.0,0
2018-05-27 17:02:23.309,71.64,0.0769235598595,0.0,0
2018-05-27 17:02:23.393,72.77,0.0769235598595,0.0,0
2018-05-27 17:02:23.672,73.42,0.0769235598595,0.0,0
2018-05-27 17:02:24.113,74.95,0.0769235598595,0.0,0
2018-05-27 17:02:24.477,75.61,0.0769235598595,0.0,0
2018-05-27 17:02:24.756,76.67,0.0769235598595,0.0,0
2018-05-27 17:02:24.849,76.82,0.0769235598595,0.0,0
2018-05-27 17:02:25.458,76.67,0.0769235598595,0.0,0
2018-05-27 17:02:25.737,75.19,0.0769235598595,0.0,0
2018-05-27 17:02:26.076,75.12,0.0769235598595,0.0,0
2018-05-27 17:02:26.169,76.1,0.0769235598595,0.0,0
2018-05-27 17:02:26.346,74.97,0.0769235598595,0.0,0
2018-05-27 17:02:26.439,75.4,0.0769235598595,0.0,0
2018-05-27 17:02:26.533,75.03,0.0769235598595,0.0,0
2018-05-27 17:02:26.719,74.15,0.0769235598595,0.0,0
2018-05-27 17:02:26.896,74.18,0.0769235598595,0.0,0
2018-05-27 17:02:27.151,75.21,0.0769235598595,0.0,0
2018-05-27 17:02:27.337,75.04,0.0769235598595,0.0,0
2018-05-27 17:02:27.430,75.02,0.0769235598595,0.0,0
2018-05-27 17:02:27.523,74.87,0.0769235598595,0.0,0
2018-05-27 17:02:27.702,75.05,0.0769235598595,0.0,0
2018-05-27 17:02:27.793,76.31,0.0769235598595,0.0,0
2018-05-27 17:02:28.132,76.33,0.0769235598595,0.0,0
2018-05-27 17:02:28.766,78.61,0.0769235598595,0.0,0
2018-05-27 17:02:29.114,80.13,0.0769235598595,0.0,0
2018-05-27 17:02:29.207,81.34,0.0769235598595,0.0,0
2018-05-27 17:02:29.477,81.29,0.0769235598595,0.0,0
2018-05-27 17:02:30.468,85.22,0.0769235598595,0.0,0
2018-05-27 17:02:30.551,84.31,0.0769235598595,0.0,0
2018-05-27 17:02:30.645,83.52,0.0769235598595,0.0,0
2018-05-27 17:02:30.831,82.48,0.0769235598595,0.0,0
2018-05-27 17:02:30.924,81.3,0.0769235598595,0.0,0
2018-05-27 17:02:31.440,78.06,0.0769235598595,0.0,0
2018-05-27 17:02:31.533,77.51,0.0769235598595,0.0,0
2018-05-27 17:02:31.812,75.96,0.0769235598595,0.0,0
2018-05-27 17:02:31.905,75.0,0.0769235598595,0.0,0
2018-05-27 17:02:32.067,75.32,0.0769235598595,0.0,0
2018-05-27 17:02:32.160,75.03,0.0769235598595,0.0,0
2018-05-27 17:02:32.254,74.47,0.0769235598595,0.0,0
2018-05-27 17:02:32.338,74.2,0.0769235598595,0.0,0
2018-05-27 17:02:32.617,73.04,0.0769235598595,0.0,0
2018-05-27 17:02:32.710,73.42,0.0769235598595,0.0,0
2018-05-27 17:02:32.803,72.69,0.0769235598595,0.0,0
2018-05-27 17:02:33.058,72.18,0.0769235598595,0.0,0
2018-05-27 17:02:33.151,71.54,0.0769235598595,0.0,0
2018-05-27 17:02:33.244,71.25,0.0769235598595,0.0,0
2018-05-27 17:02:33.421,70.88,0.0769235598595,0.0,0
2018-05-27 17:02:33.514,70.52,0.0769235598595,0.0,0
2018-05-27 17:02:33.701,69.58,0.0769235598595,0.0,0
2018-05-27 17:02:33.794,69.15,0.0769235598595,0.0,0
2018-05-27 17:02:33.887,68.24,0.0769235598595,0.0,0
2018-05-27 17:02:34.049,68.03,0.0769235598595,0.0,0
2018-05-27 17:02:34.138,67.19,0.0769235598595,0.0,0
2018-05-27 17:02:34.226,66.41,0.0769235598595,0.0,0
2018-05-27 17:02:34.403,65.36,0.0769235598595,0.0,0
2018-05-27 17:02:34.496,65.87,0.0769235598595,0.0,0
2018-05-27 17:02:34.673,65.15,0.0769235598595,0.0,0
2018-05-27 17:02:34.859,64.82,0.0769235598595,0.0,0
2018-05-27 17:02:35.198,63.56,0.0769235598595,0.0,0
2018-05-27 17:02:35.291,63.85,0.0769235598595,0.0,0
2018-05-27 17:02:35.375,64.46,0.0769235598595,0.0,0
2018-05-27 17:02:35.738,65.16,0.0769235598595,0.0,0
2018-05-27 17:02:35.831,65.27,0.0769235598595,0.0,0
2018-05-27 17:02:35.925,64.85,0.0769235598595,0.0,0
2018-05-27 17:02:36.086,64.13,0.0769235598595,0.0,0
2018-05-27 17:02:36.347,63.36,0.0769235598595,0.0,0
2018-05-27 17:02:36.440,63.2,0.0769235598595,0.0,0
2018-05-27 17:02:36.534,62.2,0.0769235598595,0.0,0
2018-05-27 17:02:36.627,61.92,0.0769235598595,0.0,0
2018-05-27 17:02:36.720,61.66,0.0769235598595,0.0,0
2018-05-27 17:02:36.813,61.65,0.0769235598595,0.0,0
2018-05-27 17:02:37.068,60.66,0.0769235598595,0.0,0
2018-05-27 17:02:37.245,60.06,0.0769235598595,0.0,0
2018-05-27 17:02:37.422,59.96,0.0769235598595,0.0,0
2018-05-27 17:02:37.795,59.97,0.0769235598595,0.0,0
2018-05-27 17:02:37.888,59.45,0.0769235598595,0.0,0
2018-05-27 17:02:38.217,60.0,0.0769235598595,0.0,0
2018-05-27 17:02:38.310,60.03,0.0769235598595,0.0,0
2018-05-27 17:02:38.394,59.55,0.0769235598595,0.0,0
2018-05-27 17:02:38.487,59.44,0.0769235598595,0.0,0
2018-05-27 17:02:38.580,59.78,0.0769235598595,0.0,0
2018-05-27 17:02:39.012,61.11,0.0769235598595,0.0,0
2018-05-27 17:02:39.106,60.75,0.0769235598595,0.0,0
2018-05-27 17:02:39.199,61.43,0.0769235598595,0.0,0
2018-05-27 17:02:39.292,61.98,0.0769235598595,0.0,0
2018-05-27 17:02:39.469,61.97,0.0769235598595,0.0,0
2018-05-27 17:02:39.562,62.16,0.0769235598595,0.0,0
2018-05-27 17:02:39.739,61.88,0.0769235598595,0.0,0
2018-05-27 17:02:39.832,61.62,0.0769235598595,0.0,0
2018-05-27 17:02:39.925,62.13,0.0769235598595,0.0,0
2018-05-27 17:02:40.180,61.34,0.0769235598595,0.0,0
2018-05-27 17:02:40.357,61.66,0.0769235598595,0.0,0
2018-05-27 17:02:40.451,61.6,0.0769235598595,0.0,0
2018-05-27 17:02:40.534,62.59,0.0769235598595,0.0,0
2018-05-27 17:02:40.627,61.86,0.0769235598595,0.0,0
2018-05-27 17:02:40.814,60.93,0.0769235598595,0.0,0
2018-05-27 17:02:40.907,61.54,0.0769235598595,0.0,0
2018-05-27 17:02:41.069,60.93,0.0769235598595,0.0,0
2018-05-27 17:02:41.162,60.39,0.0769235598595,0.0,0
2018-05-27 17:02:41.339,61.18,0.0769235598595,0.0,0
2018-05-27 17:02:41.525,61.12,0.0769235598595,0.0,0
2018-05-27 17:02:41.805,62.17,0.0769235598595,0.0,0
2018-05-27 17:02:42.060,62.48,0.0769235598595,0.0,0
2018-05-27 17:02:42.153,63.52,0.0769235598595,0.0,0
2018-05-27 17:02:42.246,63.64,0.0769235598595,0.0,0
2018-05-27 17:02:42.330,63.18,0.0769235598595,0.0,0
2018-05-27 17:02:42.516,64.59,0.0769235598595,0.0,0
2018-05-27 17:02:42.702,65.43,0.0769235598595,0.0,0
2018-05-27 17:02:42.889,65.85,0.0769235598595,0.0,0
2018-05-27 17:02:43.134,66.41,0.0769235598595,0.0,0
2018-05-27 17:02:43.311,66.57,0.0769235598595,0.0,0
2018-05-27 17:02:43.395,67.67,0.0769235598595,0.0,0
2018-05-27 17:02:43.488,68.57,0.0769235598595,0.0,0
2018-05-27 17:02:43.581,68.11,0.0769235598595,0.0,0
2018-05-27 17:02:43.675,68.99,0.0769235598595,0.0,0
2018-05-27 17:02:43.861,69.85,0.0769235598595,0.0,0
2018-05-27 17:02:44.023,70.1,0.0769235598595,0.0,0
2018-05-27 17:02:44.107,70.7,0.0769235598595,0.0,0
2018-05-27 17:02:44.293,71.31,0.0769235598595,0.0,0
2018-05-27 17:02:44.377,71.68,0.0769235598595,0.0,0
2018-05-27 17:02:44.470,72.62,0.0769235598595,0.0,0
2018-05-27 17:02:44.554,72.51,0.0769235598595,0.0,0
2018-05-27 17:02:44.647,73.65,0.0769235598595,0.0,0
2018-05-27 17:02:44.740,73.46,0.0769235598595,0.0,0
2018-05-27 17:02:44.824,74.56,0.0769235598595,0.0,0
2018-05-27 17:02:44.917,74.86,0.0769235598595,0.0,0
2018-05-27 17:02:45.079,75.32,0.0769235598595,0.0,0
2018-05-27 17:02:45.265,76.61,0.0769235598595,0.0,0
2018-05-27 17:02:45.349,77.27,0.0769235598595,0.0,0
2018-05-27 17:02:45.535,78.21,0.0769235598595,0.0,0
2018-05-27 17:02:45.619,79.0,0.0769235598595,0.0,0
2018-05-27 17:02:45.712,78.83,0.0769235598595,0.0,0
2018-05-27 17:02:45.805,80.43,0.0769235598595,0.0,0
2018-05-27 17:02:45.898,80.65,0.0769235598595,0.0,0
2018-05-27 17:02:46.060,80.36,0.0769235598595,0.0,0
2018-05-27 17:02:46.153,81.51,0.0769235598595,0.0,0
2018-05-27 17:02:46.247,82.87,0.0769235598595,0.0,0
2018-05-27 17:02:46.330,82.75,0.0769235598595,0.0,0
2018-05-27 17:02:46.424,82.97,0.0769235598595,0.0,0
2018-05-27 17:02:46.512,84.01,0.0769235598595,0.0,0
2018-05-27 17:02:46.684,83.76,0.0769235598595,0.0,0
2018-05-27 17:02:46.777,83.65,0.0769235598595,0.0,0
2018-05-27 17:02:46.871,83.63,0.0769235598595,0.0,0
2018-05-27 17:02:47.033,83.84,0.0769235598595,0.0,0
2018-05-27 17:02:47.219,83.27,0.0769235598595,0.0,0
2018-05-27 17:02:47.312,83.19,0.0769235598595,0.0,0
2018-05-27 17:02:47.396,83.12,0.0769235598595,0.0,0
2018-05-27 17:02:47.489,83.02,0.0769235598595,0.0,0
2018-05-27 17:02:47.768,82.31,0.0769235598595,0.0,0
2018-05-27 17:02:48.023,82.24,0.0769235598595,0.0,0
2018-05-27 17:02:48.117,81.55,0.0769235598595,0.0,0
2018-05-27 17:02:48.303,82.32,0.0769235598595,0.0,0
2018-05-27 17:02:48.387,81.55,0.0769235598595,0.0,0
2018-05-27 17:02:48.480,82.18,0.0769235598595,0.0,0
2018-05-27 17:02:48.573,82.75,0.0769235598595,0.0,0
2018-05-27 17:02:48.666,82.58,0.0769235598595,0.0,0
2018-05-27 17:02:48.759,82.72,0.0769235598595,0.0,0
2018-05-27 17:02:49.014,83.66,0.0769235598595,0.0,0
2018-05-27 17:02:49.191,84.88,0.0769235598595,0.0,0
2018-05-27 17:02:49.452,85.73,0.0769235598595,0.0,0
2018-05-27 17:02:49.732,87.08,0.0769235598595,0.0,0
2018-05-27 17:02:49.815,87.69,0.0769235598595,0.0,0
2018-05-27 17:02:49.908,88.3,0.0769235598595,0.0,0
2018-05-27 17:02:50.070,88.62,0.0769235598595,0.0,0
2018-05-27 17:02:50.164,88.45,0.0769235598595,0.0,0
2018-05-27 17:02:50.257,87.72,0.0769235598595,0.0,0
2018-05-27 17:02:50.434,87.2,0.0769235598595,0.0,0
2018-05-27 17:02:50.517,87.75,0.0769235598595,0.0,0
2018-05-27 17:02:50.611,87.58,0.0769235598595,0.0,0
2018-05-27 17:02:50.704,87.42,0.0769235598595,0.0,0
2018-05-27 17:02:50.792,86.45,0.0769235598595,0.0,0
2018-05-27 17:02:51.034,86.49,0.0769235598595,0.0,0
2018-05-27 17:02:51.126,86.37,0.0769235598595,0.0,0
2018-05-27 17:02:51.387,85.9,0.0769235598595,0.0,0
2018-05-27 17:02:51.480,85.57,0.0769235598595,0.0,0
2018-05-27 17:02:51.573,85.52,0.0769235598595,0.0,0
2018-05-27 17:02:51.760,84.77,0.0769235598595,0.0,0
2018-05-27 17:02:51.844,84.93,0.0769235598595,0.0,0
2018-05-27 17:02:52.005,84.48,0.0769235598595,0.0,0
2018-05-27 17:02:52.099,83.53,0.0769235598595,0.0,0
2018-05-27 17:02:52.183,83.97,0.0769235598595,0.0,0
2018-05-27 17:02:52.276,83.38,0.0769235598595,0.0,0
2018-05-27 17:02:52.363,83.7,0.0769235598595,0.0,0
2018-05-27 17:02:52.453,82.85,0.0769235598595,0.0,0
2018-05-27 17:02:52.536,83.21,0.0769235598595,0.0,0
2018-05-27 17:02:52.723,82.99,0.0769235598595,0.0,0
2018-05-27 17:02:52.909,81.68,0.0769235598595,0.0,0
2018-05-27 17:02:53.071,80.89,0.0769235598595,0.0,0
2018-05-27 17:02:53.165,80.52,0.0769235598595,0.0,0
2018-05-27 17:02:53.258,79.87,0.0769235598595,0.0,0
2018-05-27 17:02:53.341,79.23,0.0769235598595,0.0,0
2018-05-27 17:02:53.620,77.49,0.0769235598595,0.0,0
2018-05-27 17:02:53.714,77.07,0.0769235598595,0.0,0
2018-05-27 17:02:53.900,76.15,0.0769235598595,0.0,0
2018-05-27 17:02:54.062,75.41,0.0769235598595,0.0,0
2018-05-27 17:02:54.155,75.34,0.0769235598595,0.0,0
2018-05-27 17:02:54.332,74.93,0.0769235598595,0.0,0
2018-05-27 17:02:54.611,74.31,0.0769235598595,0.0,0
2018-05-27 17:02:54.704,74.5,0.0769235598595,0.0,0
2018-05-27 17:02:55.048,73.88,0.0769235598595,0.0,0
2018-05-27 17:02:55.136,74.31,0.0769235598595,0.0,0
2018-05-27 17:02:55.863,72.66,0.0769235598595,0.0,0
2018-05-27 17:02:56.015,72.53,0.0769235598595,0.0,0
2018-05-27 17:02:56.109,72.7,0.0769235598595,0.0,0
2018-05-27 17:02:56.379,72.72,0.0769235598595,0.0,0
2018-05-27 17:02:56.556,72.27,0.0769235598595,0.0,0
2018-05-27 17:02:56.649,71.74,0.0769235598595,0.0,0
2018-05-27 17:02:56.733,71.72,0.0769235598595,0.0,0
2018-05-27 17:02:56.826,71.69,0.0769235598595,0.0,0
2018-05-27 17:02:57.081,70.95,0.0769235598595,0.0,0
2018-05-27 17:02:57.174,71.27,0.0769235598595,0.0,0
2018-05-27 17:02:57.444,70.4,0.0769235598595,0.0,0
2018-05-27 17:02:58.062,69.32,0.0769235598595,0.0,0
2018-05-27 17:02:58.155,69.6,0.0769235598595,0.0,0
2018-05-27 17:02:58.249,68.73,0.0769235598595,0.0,0
2018-05-27 17:02:58.332,69.08,0.0769235598595,0.0,0
2018-05-27 17:02:58.426,68.07,0.0769235598595,0.0,0
2018-05-27 17:02:58.514,68.0,0.0769235598595,0.0,0
2018-05-27 17:02:58.779,68.06,0.0769235598595,0.0,0
2018-05-27 17:02:59.035,66.93,0.0769235598595,0.0,0
2018-05-27 17:02:59.491,66.72,0.0769235598595,0.0,0
2018-05-27 17:02:59.584,65.86,0.0769235598595,0.0,0
2018-05-27 17:02:59.677,66.4,0.0769235598595,0.0,0
2018-05-27 17:02:59.864,65.62,0.0769235598595,0.0,0
2018-05-27 17:03:00.025,65.77,0.0769235598595,0.0,0
2018-05-27 17:03:00.118,64.97,0.0769235598595,0.0,0
2018-05-27 17:03:00.297,65.11,0.0769235598595,0.0,0
2018-05-27 17:03:00.473,65.84,0.0769235598595,0.0,0
2018-05-27 17:03:00.650,64.35,0.0769235598595,0.0,0
2018-05-27 17:03:00.827,64.1,0.0769235598595,0.0,0
2018-05-27 17:03:00.920,63.97,0.0769235598595,0.0,0
2018-05-27 17:03:01.082,63.87,0.0769235598595,0.0,0
2018-05-27 17:03:01.166,63.45,0.0769235598595,0.0,0
2018-05-27 17:03:01.436,62.7,0.0769235598595,0.0,0
2018-05-27 17:03:01.529,62.4,0.0769235598595,0.0,0
2018-05-27 17:03:01.622,63.02,0.0769235598595,0.0,0
2018-05-27 17:03:01.808,63.8,0.0769235598595,0.0,0
2018-05-27 17:03:01.901,64.17,0.0769235598595,0.0,0
2018-05-27 17:03:02.063,64.08,0.0769235598595,0.0,0
2018-05-27 17:03:02.156,63.92,0.0769235598595,0.0,0
2018-05-27 17:03:02.249,64.67,0.0769235598595,0.0,0
2018-05-27 17:03:02.426,65.42,0.0769235598595,0.0,0
2018-05-27 17:03:02.519,65.79,0.0769235598595,0.0,0
2018-05-27 17:03:02.706,66.65,0.0769235598595,0.0,0
2018-05-27 17:03:02.799,66.7,0.0769235598595,0.0,0
2018-05-27 17:03:02.892,66.8,0.0769235598595,0.0,0
2018-05-27 17:03:03.138,68.04,0.0769235598595,0.0,0
2018-05-27 17:03:03.315,68.09,0.0769235598595,0.0,0
2018-05-27 17:03:04.026,72.13,0.0769235598595,0.0,0
2018-05-27 17:03:04.380,73.7,0.0769235598595,0.0,0
2018-05-27 17:03:04.473,73.96,0.0769235598595,0.0,0
2018-05-27 17:03:04.557,74.89,0.0769235598595,0.0,0
2018-05-27 17:03:04.743,75.06,0.0769235598595,0.0,0
2018-05-27 17:03:04.836,75.53,0.0769235598595,0.0,0
2018-05-27 17:03:05.091,76.91,0.0769235598595,0.0,0
2018-05-27 17:03:05.175,76.83,0.0769235598595,0.0,0
2018-05-27 17:03:05.268,77.64,0.0769235598595,0.0,0
2018-05-27 17:03:05.343,77.32,0.0769235598595,0.0,0
2018-05-27 17:03:05.632,76.77,0.0769235598595,0.0,0
2018-05-27 17:03:05.725,76.43,0.0769235598595,0.0,0
2018-05-27 17:03:05.911,76.14,0.0769235598595,0.0,0
2018-05-27 17:03:06.064,76.58,0.0769235598595,0.0,0
2018-05-27 17:03:06.250,75.77,0.0769235598595,0.0,0
2018-05-27 17:03:06.334,76.04,0.0769235598595,0.0,0
2018-05-27 17:03:06.427,74.99,0.0769235598595,0.0,0
2018-05-27 17:03:06.520,75.44,0.0769235598595,0.0,0
2018-05-27 17:03:06.706,74.65,0.0769235598595,0.0,0
2018-05-27 17:03:06.800,74.69,0.0769235598595,0.0,0
2018-05-27 17:03:06.888,75.06,0.0769235598595,0.0,0
2018-05-27 17:03:07.222,75.67,0.0769235598595,0.0,0
2018-05-27 17:03:07.408,76.19,0.0769235598595,0.0,0
2018-05-27 17:03:07.846,77.8,0.0769235598595,0.0,0
2018-05-27 17:03:08.362,78.57,0.0769235598595,0.0,0
2018-05-27 17:03:08.548,80.14,0.0769235598595,0.0,0
2018-05-27 17:03:08.641,80.03,0.0769235598595,0.0,0
2018-05-27 17:03:08.828,81.36,0.0769235598595,0.0,0
2018-05-27 17:03:09.269,83.73,0.0769235598595,0.0,0
2018-05-27 17:03:09.539,84.0,0.0769235598595,0.0,0
2018-05-27 17:03:09.632,85.25,0.0769235598595,0.0,0
2018-05-27 17:03:09.921,87.13,0.0769235598595,0.0,0
2018-05-27 17:03:10.083,86.98,0.0769235598595,0.0,0
2018-05-27 17:03:10.539,88.78,0.0769235598595,0.0,0
2018-05-27 17:03:10.632,88.19,0.0769235598595,0.0,0
2018-05-27 17:03:10.726,88.19,0.0769235598595,0.0,0
2018-05-27 17:03:10.912,86.54,0.0769235598595,0.0,0
2018-05-27 17:03:11.167,86.29,0.0769235598595,0.0,0
2018-05-27 17:03:11.344,86.77,0.0769235598595,0.0,0
2018-05-27 17:03:11.530,87.41,0.0769235598595,0.0,0
2018-05-27 17:03:11.623,86.88,0.0769235598595,0.0,0
2018-05-27 17:03:11.810,87.91,0.0769235598595,0.0,0
2018-05-27 17:03:12.065,88.79,0.0769235598595,0.0,0
2018-05-27 17:03:12.335,88.84,0.0769235598595,0.0,0
2018-05-27 17:03:12.428,88.42,0.0769235598595,0.0,0
2018-05-27 17:03:12.521,89.07,0.0769235598595,0.0,0
2018-05-27 17:03:12.614,89.88,0.0769235598595,0.0,0
2018-05-27 17:03:12.707,89.59,0.0769235598595,0.0,0
2018-05-27 17:03:13.051,90.83,0.0769235598595,0.0,0
2018-05-27 17:03:13.139,91.36,0.0769235598595,0.0,0
2018-05-27 17:03:13.493,89.85,0.0769235598595,0.0,0
2018-05-27 17:03:13.586,89.19,0.0769235598595,0.0,0
2018-05-27 17:03:13.680,89.12,0.0769235598595,0.0,0
2018-05-27 17:03:13.773,88.8,0.0769235598595,0.0,0
2018-05-27 17:03:14.009,89.01,0.0769235598595,0.0,0
2018-05-27 17:03:14.102,87.37,0.0769235598595,0.0,0
2018-05-27 17:03:14.195,87.5,0.0769235598595,0.0,0
2018-05-27 17:03:14.279,86.9,0.0769235598595,0.0,0
2018-05-27 17:03:14.372,87.92,0.0769235598595,0.0,0
2018-05-27 17:03:14.453,87.23,0.0769235598595,0.0,0
2018-05-27 17:03:14.634,86.27,0.0769235598595,0.0,0
2018-05-27 17:03:14.726,85.95,0.0769235598595,0.0,0
2018-05-27 17:03:14.819,86.53,0.0769235598595,0.0,0
2018-05-27 17:03:14.913,86.58,0.0769235598595,0.0,0
2018-05-27 17:03:15.075,85.96,0.0769235598595,0.0,0
2018-05-27 17:03:15.168,85.17,0.0769235598595,0.0,0
2018-05-27 17:03:15.345,84.87,0.0769235598595,0.0,0
2018-05-27 17:03:15.438,85.12,0.0769235598595,0.0,0
2018-05-27 17:03:15.531,84.44,0.0769235598595,0.0,0
2018-05-27 17:03:15.624,83.14,0.0769235598595,0.0,0
2018-05-27 17:03:15.717,83.78,0.0769235598595,0.0,0
2018-05-27 17:03:15.810,82.68,0.0769235598595,0.0,0
2018-05-27 17:03:15.903,83.51,0.0769235598595,0.0,0
2018-05-27 17:03:16.065,83.37,0.0769235598595,0.0,0
2018-05-27 17:03:16.158,82.0,0.0769235598595,0.0,0
2018-05-27 17:03:16.252,82.23,0.0769235598595,0.0,0
2018-05-27 17:03:16.335,82.61,0.0769235598595,0.0,0
2018-05-27 17:03:16.522,81.47,0.0769235598595,0.0,0
2018-05-27 17:03:16.615,81.75,0.0769235598595,0.0,0
2018-05-27 17:03:16.708,81.42,0.0769235598595,0.0,0
2018-05-27 17:03:16.894,80.65,0.0769235598595,0.0,0
2018-05-27 17:03:17.140,80.51,0.0769235598595,0.0,0
2018-05-27 17:03:17.224,80.58,0.0769235598595,0.0,0
2018-05-27 17:03:17.317,79.97,0.0769235598595,0.0,0
2018-05-27 17:03:17.401,81.28,0.0769235598595,0.0,0
2018-05-27 17:03:17.494,80.58,0.0769235598595,0.0,0
2018-05-27 17:03:17.587,81.17,0.0769235598595,0.0,0
2018-05-27 17:03:17.680,81.7,0.0769235598595,0.0,0
2018-05-27 17:03:17.867,81.47,0.0769235598595,0.0,0
2018-05-27 17:03:18.121,81.63,0.0769235598595,0.0,0
2018-05-27 17:03:18.215,81.38,0.0769235598595,0.0,0
2018-05-27 17:03:18.392,80.67,0.0769235598595,0.0,0
2018-05-27 17:03:18.485,80.73,0.0769235598595,0.0,0
2018-05-27 17:03:18.578,80.68,0.0769235598595,0.0,0
2018-05-27 17:03:18.857,79.9,0.0769235598595,0.0,0
2018-05-27 17:03:19.019,79.22,0.0769235598595,0.0,0
2018-05-27 17:03:19.112,79.13,0.0769235598595,0.0,0
2018-05-27 17:03:19.196,79.48,0.0769235598595,0.0,0
2018-05-27 17:03:19.289,78.36,0.0769235598595,0.0,0
2018-05-27 17:03:19.373,78.78,0.0769235598595,0.0,0
2018-05-27 17:03:19.466,78.11,0.0769235598595,0.0,0
2018-05-27 17:03:19.559,78.35,0.0769235598595,0.0,0
2018-05-27 17:03:19.653,78.24,0.0769235598595,0.0,0
2018-05-27 17:03:19.746,78.17,0.0769235598595,0.0,0
2018-05-27 17:03:19.839,77.38,0.0769235598595,0.0,0
2018-05-27 17:03:20.001,77.78,0.0769235598595,0.0,0
2018-05-27 17:03:20.085,77.82,0.0769235598595,0.0,0
2018-05-27 17:03:20.178,78.07,0.0769235598595,0.0,0
2018-05-27 17:03:20.271,78.48,0.0769235598595,0.0,0
2018-05-27 17:03:20.355,78.32,0.0769235598595,0.0,0
2018-05-27 17:03:20.448,78.62,0.0769235598595,0.0,0
2018-05-27 17:03:20.541,79.73,0.0769235598595,0.0,0
2018-05-27 17:03:20.634,79.71,0.0769235598595,0.0,0
2018-05-27 17:03:20.727,79.28,0.0769235598595,0.0,0
2018-05-27 17:03:21.159,81.06,0.0769235598595,0.0,0
2018-05-27 17:03:21.252,81.29,0.0769235598595,0.0,0
2018-05-27 17:03:21.346,81.9,0.0769235598595,0.0,0
2018-05-27 17:03:21.532,82.06,0.0769235598595,0.0,0
2018-05-27 17:03:21.625,83.56,0.0769235598595,0.0,0
2018-05-27 17:03:21.709,83.12,0.0769235598595,0.0,0
2018-05-27 17:03:21.802,84.21,0.0769235598595,0.0,0
2018-05-27 17:03:21.895,83.89,0.0769235598595,0.0,0
2018-05-27 17:03:22.052,85.19,0.0769235598595,0.0,0
2018-05-27 17:03:22.225,85.71,0.0769235598595,0.0,0
2018-05-27 17:03:22.411,87.37,0.0769235598595,0.0,0
2018-05-27 17:03:22.588,88.06,0.0769235598595,0.0,0
2018-05-27 17:03:22.774,88.72,0.0769235598595,0.0,0
2018-05-27 17:03:22.867,89.58,0.0769235598595,0.0,0
2018-05-27 17:03:23.029,90.56,0.0769235598595,0.0,0
2018-05-27 17:03:23.215,91.21,0.0769235598595,0.0,0
2018-05-27 17:03:23.392,91.81,0.0769235598595,0.0,0
2018-05-27 17:03:23.486,92.31,0.0769235598595,0.0,0
2018-05-27 17:03:23.579,92.76,0.0769235598595,0.0,0
2018-05-27 17:03:23.672,93.15,0.0769235598595,0.0,0
2018-05-27 17:03:23.765,94.1,0.0769235598595,0.0,0
2018-05-27 17:03:23.858,95.08,0.0769235598595,0.0,0
2018-05-27 17:03:24.299,96.08,0.0769235598595,0.0,0
2018-05-27 17:03:24.560,97.95,0.0769235598595,0.0,0
2018-05-27 17:03:24.653,98.75,0.0769235598595,0.0,0
2018-05-27 17:03:24.747,99.24,0.0769235598595,0.0,0
2018-05-27 17:03:24.840,100.0,0.0769235598595,0.0,0
2018-05-27 17:03:25.095,99.9,0.0769235598595,0.0,0
2018-05-27 17:03:25.281,100.59,0.0769235598595,0.0,0
2018-05-27 17:03:25.374,102.65,0.0769235598595,0.0,0
2018-05-27 17:03:25.644,102.83,0.0769235598595,0.0,0
2018-05-27 17:03:25.737,103.54,0.0769235598595,0.0,0
2018-05-27 17:03:25.831,104.46,0.0769235598595,0.0,0
2018-05-27 17:03:25.924,105.27,0.0769235598595,0.0,0
2018-05-27 17:03:26.086,105.24,0.0769235598595,0.0,0
2018-05-27 17:03:26.356,107.31,0.0769235598595,0.0,0
2018-05-27 17:03:26.542,107.2,0.0769235598595,0.0,0
2018-05-27 17:03:26.635,108.34,0.0769235598595,0.0,0
2018-05-27 17:03:26.728,107.76,0.0769235598595,0.0,0
2018-05-27 17:03:26.914,107.99,0.0769235598595,0.0,0
2018-05-27 17:03:27.263,107.26,0.0769235598595,0.0,0
2018-05-27 17:03:27.440,105.95,0.0769235598595,0.0,0
2018-05-27 17:03:27.533,105.68,0.0769235598595,0.0,0
2018-05-27 17:03:27.626,106.15,0.0769235598595,0.0,0
2018-05-27 17:03:27.719,105.86,0.0769235598595,0.0,0
2018-05-27 17:03:27.812,104.98,0.0769235598595,0.0,0
2018-05-27 17:03:27.905,104.77,0.0769235598595,0.0,0
2018-05-27 17:03:28.160,104.11,0.0769235598595,0.0,0
2018-05-27 17:03:28.254,103.83,0.0769235598595,0.0,0
2018-05-27 17:03:28.337,103.86,0.0769235598595,0.0,0
2018-05-27 17:03:28.430,104.29,0.0769235598595,0.0,0
2018-05-27 17:03:28.524,103.59,0.0769235598595,0.0,0
2018-05-27 17:03:28.617,103.16,0.0769235598595,0.0,0
2018-05-27 17:03:28.710,102.5,0.0769235598595,0.0,0
2018-05-27 17:03:29.053,102.22,0.0769235598595,0.0,0
2018-05-27 17:03:29.142,102.07,0.0769235598595,0.0,0
2018-05-27 17:03:29.226,101.56,0.0769235598595,0.0,0
2018-05-27 17:03:29.403,100.64,0.0769235598595,0.0,0
2018-05-27 17:03:29.496,99.43,0.0769235598595,0.0,0
2018-05-27 17:03:29.589,99.6,0.0769235598595,0.0,0
2018-05-27 17:03:29.682,99.27,0.0769235598595,0.0,0
2018-05-27 17:03:29.775,99.99,0.0769235598595,0.0,0
2018-05-27 17:03:29.868,99.28,0.0769235598595,0.0,0
2018-05-27 17:03:30.030,99.31,0.0769235598595,0.0,0
2018-05-27 17:03:30.124,98.91,0.0769235598595,0.0,0
2018-05-27 17:03:30.207,98.8,0.0769235598595,0.0,0
2018-05-27 17:03:30.468,98.52,0.0769235598595,0.0,0
2018-05-27 17:03:30.561,97.6,0.0769235598595,0.0,0
2018-05-27 17:03:30.655,96.47,0.0769235598595,0.0,0
2018-05-27 17:03:30.738,96.93,0.0769235598595,0.0,0
2018-05-27 17:03:30.924,95.43,0.0769235598595,0.0,0
2018-05-27 17:03:31.087,96.26,0.0769235598595,0.0,0
2018-05-27 17:03:31.273,95.72,0.0769235598595,0.0,0
2018-05-27 17:03:31.356,95.63,0.0769235598595,0.0,0
2018-05-27 17:03:31.450,94.73,0.0769235598595,0.0,0
2018-05-27 17:03:31.543,94.59,0.0769235598595,0.0,0
2018-05-27 17:03:31.636,94.61,0.0769235598595,0.0,0
2018-05-27 17:03:31.720,94.32,0.0769235598595,0.0,0
2018-05-27 17:03:31.813,93.96,0.0769235598595,0.0,0
2018-05-27 17:03:31.906,93.8,0.0769235598595,0.0,0
2018-05-27 17:03:32.068,93.97,0.0769235598595,0.0,0
2018-05-27 17:03:32.338,94.92,0.0769235598595,0.0,0
2018-05-27 17:03:32.431,94.57,0.0769235598595,0.0,0
2018-05-27 17:03:32.785,95.12,0.0769235598595,0.0,0
2018-05-27 17:03:32.878,94.76,0.0769235598595,0.0,0
2018-05-27 17:03:33.133,95.53,0.0769235598595,0.0,0
2018-05-27 17:03:33.319,95.54,0.0769235598595,0.0,0
2018-05-27 17:03:33.403,96.01,0.0769235598595,0.0,0
2018-05-27 17:03:33.496,96.22,0.0769235598595,0.0,0
2018-05-27 17:03:33.590,95.93,0.0769235598595,0.0,0
2018-05-27 17:03:33.683,96.54,0.0769235598595,0.0,0
2018-05-27 17:03:33.776,97.04,0.0769235598595,0.0,0
2018-05-27 17:03:33.869,97.13,0.0769235598595,0.0,0
2018-05-27 17:03:34.031,97.12,0.0769235598595,0.0,0
2018-05-27 17:03:34.124,98.03,0.0769235598595,0.0,0
2018-05-27 17:03:34.217,97.35,0.0769235598595,0.0,0
2018-05-27 17:03:34.310,96.72,0.0769235598595,0.0,0
2018-05-27 17:03:34.580,95.18,0.0769235598595,0.0,0
2018-05-27 17:03:34.664,96.14,0.0769235598595,0.0,0
2018-05-27 17:03:34.757,95.91,0.0769235598595,0.0,0
2018-05-27 17:03:34.841,95.76,0.0769235598595,0.0,0
2018-05-27 17:03:35.003,95.29,0.0769235598595,0.0,0
2018-05-27 17:03:35.096,95.31,0.0769235598595,0.0,0
2018-05-27 17:03:35.283,93.4,0.0769235598595,0.0,0
2018-05-27 17:03:35.366,93.79,0.0769235598595,0.0,0
2018-05-27 17:03:35.459,93.62,0.0769235598595,0.0,0
2018-05-27 17:03:35.553,92.89,0.0769235598595,0.0,0
2018-05-27 17:03:35.646,92.73,0.0769235598595,0.0,0
2018-05-27 17:03:35.925,92.2,0.0769235598595,0.0,0
2018-05-27 17:03:36.087,91.86,0.0769235598595,0.0,0
2018-05-27 17:03:36.450,92.28,0.0769235598595,0.0,0
2018-05-27 17:03:36.730,92.65,0.0769235598595,0.0,0
2018-05-27 17:03:36.916,92.97,0.0769235598595,0.0,0
2018-05-27 17:03:37.171,93.9,0.0769235598595,0.0,0
2018-05-27 17:03:37.348,93.27,0.0769235598595,0.0,0
2018-05-27 17:03:37.441,94.26,0.0769235598595,0.0,0
2018-05-27 17:03:37.814,95.7,0.0769235598595,0.0,0
2018-05-27 17:03:37.907,95.7,0.0769235598595,0.0,0
2018-05-27 17:03:38.255,97.16,0.0769235598595,0.0,0
2018-05-27 17:03:38.432,97.53,0.0769235598595,0.0,0
2018-05-27 17:03:38.525,96.95,0.0769235598595,0.0,0
2018-05-27 17:03:38.618,98.01,0.0769235598595,0.0,0
2018-05-27 17:03:38.711,98.04,0.0769235598595,0.0,0
2018-05-27 17:03:38.898,99.62,0.0769235598595,0.0,0
2018-05-27 17:03:39.055,99.28,0.0769235598595,0.0,0
2018-05-27 17:03:39.143,100.64,0.0769235598595,0.0,0
2018-05-27 17:03:39.311,100.71,0.0769235598595,0.0,0
2018-05-27 17:03:40.646,106.55,0.0769235598595,0.0,0
2018-05-27 17:03:40.740,107.42,0.0769235598595,0.0,0
2018-05-27 17:03:40.833,108.57,0.0769235598595,0.0,0
2018-05-27 17:03:40.917,109.62,0.0769235598595,0.0,0
2018-05-27 17:03:41.349,110.04,0.0769235598595,0.0,0
2018-05-27 17:03:41.442,110.23,0.0769235598595,0.0,0
2018-05-27 17:03:41.535,112.28,0.0769235598595,0.0,0
2018-05-27 17:03:41.721,113.1,0.0769235598595,0.0,0
2018-05-27 17:03:41.805,113.56,0.0769235598595,0.0,0
2018-05-27 17:03:41.898,113.64,0.0769235598595,0.0,0
2018-05-27 17:03:42.055,114.58,0.0769235598595,0.0,0
2018-05-27 17:03:42.144,114.57,0.0769235598595,0.0,0
2018-05-27 17:03:42.228,114.95,0.0769235598595,0.0,0
2018-05-27 17:03:42.321,115.2,0.0769235598595,0.0,0
2018-05-27 17:03:42.498,115.91,0.0769235598595,0.0,0
2018-05-27 17:03:42.675,116.42,0.0769235598595,0.0,0
2018-05-27 17:03:42.768,117.48,0.0769235598595,0.0,0
2018-05-27 17:03:42.861,117.54,0.0769235598595,0.0,0
2018-05-27 17:03:43.209,118.92,0.0769235598595,0.0,0
2018-05-27 17:03:43.391,119.8,0.0769235598595,0.0,0
2018-05-27 17:03:43.479,119.64,0.0769235598595,0.0,0
2018-05-27 17:03:43.563,120.19,0.0718958536119,0.0250000003725,0
2018-05-27 17:03:43.749,120.96,0.0670836108562,0.0250000003725,0
2018-05-27 17:03:43.842,121.65,0.0670836108562,0.0,0
2018-05-27 17:03:44.004,121.05,0.0624839813418,0.0250000003725,0
2018-05-27 17:03:44.191,121.63,0.0624839813418,0.0,0
2018-05-27 17:03:44.461,121.5,0.0624839813418,0.0,0
2018-05-27 17:03:44.554,122.77,0.0624839813418,0.0,0
2018-05-27 17:03:44.740,122.63,0.0624839813418,0.0,0
2018-05-27 17:03:45.088,123.04,0.0580939601636,0.0250000003725,0
2018-05-27 17:03:45.181,122.85,0.0539103810626,0.0250000003725,0
2018-05-27 17:03:45.358,122.59,0.0539103810626,0.0250000003725,0
2018-05-27 17:03:45.451,121.45,0.0580939601636,0.0,0
2018-05-27 17:03:45.731,119.92,0.0580939601636,0.0,0
2018-05-27 17:03:45.917,119.92,0.0624839813418,0.0,0
2018-05-27 17:03:46.079,119.71,0.0624839813418,0.0,0
2018-05-27 17:03:46.349,117.42,0.0624839813418,0.0,0
2018-05-27 17:03:46.629,116.26,0.0624839813418,0.0,0
2018-05-27 17:03:47.070,113.57,0.0624839813418,0.0,0
2018-05-27 17:03:47.163,112.93,0.0670836108562,0.0,0
2018-05-27 17:03:47.256,112.22,0.0718958536119,0.0,0
2018-05-27 17:03:47.433,111.2,0.0769235598595,0.0,0
2018-05-27 17:03:47.806,108.74,0.0769235598595,0.0,0
2018-05-27 17:03:47.899,107.94,0.0769235598595,0.0,0
2018-05-27 17:03:48.056,107.2,0.0769235598595,0.0,0
2018-05-27 17:03:48.322,105.15,0.0769235598595,0.0,0
2018-05-27 17:03:48.601,102.42,0.0769235598595,0.0,0
2018-05-27 17:03:48.694,102.89,0.0769235598595,0.0,0
2018-05-27 17:03:49.852,98.15,0.0769235598595,0.0,0
2018-05-27 17:03:50.378,98.09,0.0769235598595,0.0,0
2018-05-27 17:03:50.452,97.37,0.0769235598595,0.0,0
2018-05-27 17:03:50.555,97.61,0.0769235598595,0.0,0
2018-05-27 17:03:50.741,97.17,0.0769235598595,0.0,0
2018-05-27 17:03:50.927,96.77,0.0769235598595,0.0,0
2018-05-27 17:03:51.070,95.9,0.0769235598595,0.0,0
2018-05-27 17:03:51.629,94.87,0.0769235598595,0.0,0
2018-05-27 17:03:51.816,94.56,0.0769235598595,0.0,0
2018-05-27 17:03:52.061,94.12,0.0769235598595,0.0,0
2018-05-27 17:03:52.154,94.15,0.0769235598595,0.0,0
2018-05-27 17:03:52.341,93.76,0.0769235598595,0.0,0
2018-05-27 17:03:52.424,92.36,0.0769235598595,0.0,0
2018-05-27 17:03:52.602,91.24,0.0769235598595,0.0,0
2018-05-27 17:03:52.778,90.5,0.0769235598595,0.0,0
2018-05-27 17:03:52.871,89.26,0.0769235598595,0.0,0
2018-05-27 17:03:53.033,88.37,0.0769235598595,0.0,0
2018-05-27 17:03:53.397,86.58,0.0769235598595,0.0,0
2018-05-27 17:03:53.490,85.88,0.0769235598595,0.0,0
2018-05-27 17:03:53.760,84.06,0.0769235598595,0.0,0
2018-05-27 17:03:54.005,82.77,0.0769235598595,0.0,0
2018-05-27 17:03:54.099,81.67,0.0769235598595,0.0,0
2018-05-27 17:03:54.192,80.97,0.0769235598595,0.0,0
2018-05-27 17:03:54.369,79.93,0.0769235598595,0.0,0
2018-05-27 17:03:54.555,78.36,0.0769235598595,0.0,0
2018-05-27 17:03:54.834,77.15,0.0769235598595,0.0,0
2018-05-27 17:03:55.090,75.99,0.0769235598595,0.0,0
2018-05-27 17:03:55.183,75.6,0.0769235598595,0.0,0
2018-05-27 17:03:55.276,75.02,0.0769235598595,0.0,0
2018-05-27 17:03:55.360,74.01,0.0769235598595,0.0,0
2018-05-27 17:03:55.453,74.07,0.0769235598595,0.0,0
2018-05-27 17:03:55.639,72.77,0.0769235598595,0.0,0
2018-05-27 17:03:55.732,73.3,0.0769235598595,0.0,0
2018-05-27 17:03:55.918,72.41,0.0769235598595,0.0,0
2018-05-27 17:03:56.350,71.83,0.0769235598595,0.0,0
2018-05-27 17:03:56.807,70.44,0.0769235598595,0.0,0
2018-05-27 17:03:56.900,71.0,0.0769235598595,0.0,0
2018-05-27 17:03:57.146,69.99,0.0769235598595,0.0,0
2018-05-27 17:03:57.397,69.66,0.0769235598595,0.0,0
2018-05-27 17:03:57.490,69.23,0.0769235598595,0.0,0
2018-05-27 17:03:57.676,68.35,0.0769235598595,0.0,0
2018-05-27 17:03:57.770,68.78,0.0769235598595,0.0,0
2018-05-27 17:03:58.295,66.13,0.0769235598595,0.0,0
2018-05-27 17:03:58.379,65.5,0.0769235598595,0.0,0
2018-05-27 17:03:58.565,64.74,0.0769235598595,0.0,0
2018-05-27 17:03:58.658,64.04,0.0769235598595,0.0,0
2018-05-27 17:03:59.006,62.86,0.0769235598595,0.0,0
2018-05-27 17:03:59.183,62.32,0.0769235598595,0.0,0
2018-05-27 17:03:59.276,62.8,0.0769235598595,0.0,0
2018-05-27 17:03:59.369,63.13,0.0769235598595,0.0,0
2018-05-27 17:03:59.453,62.89,0.0769250323814,0.0,0
2018-05-27 17:03:59.733,61.74,0.0769250323814,0.0,0
2018-05-27 17:03:59.816,61.72,0.0769250323814,0.0,0
2018-05-27 17:04:00.071,61.75,0.0769250323814,0.0,0
2018-05-27 17:04:00.342,61.38,0.0769250323814,0.0,0
2018-05-27 17:04:00.435,60.47,0.0769250323814,0.0,0
2018-05-27 17:04:00.523,61.04,0.0769250323814,0.0,0
2018-05-27 17:04:00.607,60.36,0.0769250323814,0.0,0
2018-05-27 17:04:00.789,60.39,0.0769250323814,0.0,0
2018-05-27 17:04:01.044,61.01,0.0769250323814,0.0,0
2018-05-27 17:04:01.137,60.56,0.0769250323814,0.0,0
2018-05-27 17:04:01.230,60.69,0.0769250323814,0.0,0
2018-05-27 17:04:01.323,61.06,0.0769250323814,0.0,0
2018-05-27 17:04:01.407,61.66,0.0769250323814,0.0,0
2018-05-27 17:04:01.500,61.17,0.0769250323814,0.0,0
2018-05-27 17:04:01.593,61.67,0.0769250323814,0.0,0
2018-05-27 17:04:01.686,62.66,0.0769250323814,0.0,0
2018-05-27 17:04:01.779,62.76,0.0769250323814,0.0,0
2018-05-27 17:04:02.034,63.45,0.0769250323814,0.0,0
2018-05-27 17:04:02.128,64.29,0.0769250323814,0.0,0
2018-05-27 17:04:02.221,64.98,0.0769250323814,0.0,0
2018-05-27 17:04:02.491,66.62,0.0769250323814,0.0,0
2018-05-27 17:04:02.770,68.08,0.0769250323814,0.0,0
2018-05-27 17:04:03.025,69.13,0.0769250323814,0.0,0
2018-05-27 17:04:03.118,70.53,0.0769250323814,0.0,0
2018-05-27 17:04:03.305,71.76,0.0769250323814,0.0,0
2018-05-27 17:04:03.472,71.89,0.0769250323814,0.0,0
2018-05-27 17:04:03.752,74.16,0.0769250323814,0.0,0
2018-05-27 17:04:03.845,75.77,0.0769250323814,0.0,0
2018-05-27 17:04:04.007,74.46,0.0769250323814,0.0,0
2018-05-27 17:04:04.100,76.24,0.0769250323814,0.0,0
2018-05-27 17:04:04.286,76.9,0.0769250323814,0.0,0
2018-05-27 17:04:04.370,78.64,0.0769250323814,0.0,0
2018-05-27 17:04:04.463,79.29,0.0769250323814,0.0,0
2018-05-27 17:04:04.556,79.16,0.0769250323814,0.0,0
2018-05-27 17:04:04.743,81.47,0.0769250323814,0.0,0
2018-05-27 17:04:04.929,81.58,0.0769250323814,0.0,0
2018-05-27 17:04:05.083,81.95,0.0769250323814,0.0,0
2018-05-27 17:04:05.175,82.27,0.0769250323814,0.0,0
2018-05-27 17:04:05.268,81.33,0.0769250323814,0.0,0
2018-05-27 17:04:05.538,81.59,0.0769250323814,0.0,0
2018-05-27 17:04:05.724,80.79,0.0769250323814,0.0,0
2018-05-27 17:04:05.901,80.17,0.0769250323814,0.0,0
2018-05-27 17:04:06.147,80.36,0.0769250323814,0.0,0
2018-05-27 17:04:06.230,80.55,0.0769250323814,0.0,0
2018-05-27 17:04:06.687,81.87,0.0769250323814,0.0,0
2018-05-27 17:04:06.873,81.61,0.0769250323814,0.0,0
2018-05-27 17:04:07.035,82.44,0.0769250323814,0.0,0
2018-05-27 17:04:07.128,82.99,0.0769250323814,0.0,0
2018-05-27 17:04:07.221,82.84,0.0769250323814,0.0,0
2018-05-27 17:04:07.314,82.84,0.0769250323814,0.0,0
2018-05-27 17:04:07.491,83.33,0.0769250323814,0.0,0
2018-05-27 17:04:07.575,84.19,0.0769250323814,0.0,0
2018-05-27 17:04:07.668,83.19,0.0769250323814,0.0,0
2018-05-27 17:04:08.007,84.9,0.0769250323814,0.0,0
2018-05-27 17:04:08.194,84.98,0.0769250323814,0.0,0
2018-05-27 17:04:08.278,84.92,0.0769250323814,0.0,0
2018-05-27 17:04:08.454,84.89,0.0769250323814,0.0,0
2018-05-27 17:04:08.641,85.06,0.0769250323814,0.0,0
2018-05-27 17:04:08.827,86.45,0.0769250323814,0.0,0
2018-05-27 17:04:08.920,86.48,0.0769250323814,0.0,0
2018-05-27 17:04:09.352,87.33,0.0769250323814,0.0,0
2018-05-27 17:04:09.538,86.87,0.0769250323814,0.0,0
2018-05-27 17:04:10.259,85.16,0.0769250323814,0.0,0
2018-05-27 17:04:10.436,84.43,0.0769250323814,0.0,0
2018-05-27 17:04:10.529,84.28,0.0769250323814,0.0,0
2018-05-27 17:04:10.715,84.51,0.0769250323814,0.0,0
2018-05-27 17:04:10.808,83.93,0.0769250323814,0.0,0
2018-05-27 17:04:10.902,83.82,0.0769250323814,0.0,0
2018-05-27 17:04:11.148,83.4,0.0769250323814,0.0,0
2018-05-27 17:04:11.231,82.98,0.0769250323814,0.0,0
2018-05-27 17:04:11.408,82.83,0.0769250323814,0.0,0
2018-05-27 17:04:11.594,82.47,0.0769250323814,0.0,0
2018-05-27 17:04:11.781,82.82,0.0769250323814,0.0,0
2018-05-27 17:04:12.212,83.08,0.0769250323814,0.0,0
2018-05-27 17:04:12.483,83.45,0.0769250323814,0.0,0
2018-05-27 17:04:12.566,83.15,0.0769250323814,0.0,0
2018-05-27 17:04:12.837,84.6,0.0769250323814,0.0,0
2018-05-27 17:04:12.930,84.33,0.0769250323814,0.0,0
2018-05-27 17:04:13.185,83.22,0.0769250323814,0.0,0
2018-05-27 17:04:13.641,81.87,0.0769250323814,0.0,0
2018-05-27 17:04:13.818,81.66,0.0769250323814,0.0,0
2018-05-27 17:04:14.073,82.02,0.0769250323814,0.0,0
2018-05-27 17:04:14.530,80.57,0.0769250323814,0.0,0
2018-05-27 17:04:14.706,80.42,0.0769250323814,0.0,0
2018-05-27 17:04:15.138,80.23,0.0769250323814,0.0,0
2018-05-27 17:04:15.418,80.42,0.0769250323814,0.0,0
2018-05-27 17:04:15.502,80.42,0.0769250323814,0.0,0
2018-05-27 17:04:15.595,80.25,0.0769250323814,0.0,0
2018-05-27 17:04:16.222,78.97,0.0769250323814,0.0,0
2018-05-27 17:04:16.586,78.2,0.0769250323814,0.0,0
2018-05-27 17:04:16.772,78.01,0.0769250323814,0.0,0
2018-05-27 17:04:16.865,78.01,0.0769250323814,0.0,0
2018-05-27 17:04:17.120,77.39,0.0769250323814,0.0,0
2018-05-27 17:04:17.391,76.6,0.0769250323814,0.0,0
2018-05-27 17:04:17.483,76.55,0.0769250323814,0.0,0
2018-05-27 17:04:17.660,76.18,0.0769250323814,0.0,0
2018-05-27 17:04:17.754,76.42,0.0769250323814,0.0,0
2018-05-27 17:04:17.847,75.96,0.0769250323814,0.0,0
2018-05-27 17:04:18.009,76.23,0.0769250323814,0.0,0
2018-05-27 17:04:18.102,74.8,0.0769250323814,0.0,0
2018-05-27 17:04:18.195,74.65,0.0769250323814,0.0,0
2018-05-27 17:04:18.372,75.11,0.0769250323814,0.0,0
2018-05-27 17:04:18.465,75.01,0.0769250323814,0.0,0
2018-05-27 17:04:18.651,74.56,0.0769250323814,0.0,0
2018-05-27 17:04:18.744,74.07,0.0769250323814,0.0,0
2018-05-27 17:04:19.186,73.98,0.0769250323814,0.0,0
2018-05-27 17:04:19.279,73.23,0.0769250323814,0.0,0
2018-05-27 17:04:19.642,72.94,0.0769250323814,0.0,0
2018-05-27 17:04:19.735,72.85,0.0769250323814,0.0,0
2018-05-27 17:04:19.828,72.72,0.0769250323814,0.0,0
2018-05-27 17:04:19.922,72.07,0.0769250323814,0.0,0
2018-05-27 17:04:20.083,72.64,0.0769250323814,0.0,0
2018-05-27 17:04:20.270,72.19,0.0769250323814,0.0,0
2018-05-27 17:04:20.354,72.8,0.0769250323814,0.0,0
2018-05-27 17:04:20.447,71.68,0.0769250323814,0.0,0
2018-05-27 17:04:20.624,72.18,0.0769250323814,0.0,0
2018-05-27 17:04:20.717,73.59,0.0769250323814,0.0,0
2018-05-27 17:04:20.810,73.07,0.0769250323814,0.0,0
2018-05-27 17:04:20.903,74.37,0.0769250323814,0.0,0
2018-05-27 17:04:21.060,73.7,0.0769250323814,0.0,0
2018-05-27 17:04:21.577,76.5,0.0769250323814,0.0,0
2018-05-27 17:04:21.670,77.14,0.0769250323814,0.0,0
2018-05-27 17:04:21.931,78.23,0.0769250323814,0.0,0
2018-05-27 17:04:22.093,78.13,0.0769250323814,0.0,0
2018-05-27 17:04:22.279,79.98,0.0769250323814,0.0,0
2018-05-27 17:04:22.363,79.6,0.0769250323814,0.0,0
2018-05-27 17:04:22.635,81.12,0.0769250323814,0.0,0
2018-05-27 17:04:22.723,82.2,0.0769250323814,0.0,0
2018-05-27 17:04:22.903,82.63,0.0769250323814,0.0,0
2018-05-27 17:04:23.061,83.24,0.0769250323814,0.0,0
2018-05-27 17:04:23.149,84.1,0.0769250323814,0.0,0
2018-05-27 17:04:23.326,84.02,0.0769250323814,0.0,0
2018-05-27 17:04:23.419,85.29,0.0769250323814,0.0,0
2018-05-27 17:04:23.512,85.1,0.0769250323814,0.0,0
2018-05-27 17:04:23.606,85.94,0.0769250323814,0.0,0
2018-05-27 17:04:23.792,86.23,0.0769250323814,0.0,0
2018-05-27 17:04:24.037,86.2,0.0769250323814,0.0,0
2018-05-27 17:04:24.131,86.71,0.0769250323814,0.0,0
2018-05-27 17:04:24.401,87.94,0.0769250323814,0.0,0
2018-05-27 17:04:24.494,86.86,0.0769250323814,0.0,0
2018-05-27 17:04:24.587,87.89,0.0769250323814,0.0,0
2018-05-27 17:04:24.680,88.05,0.0769250323814,0.0,0
2018-05-27 17:04:24.773,89.16,0.0769250323814,0.0,0
2018-05-27 17:04:24.857,89.39,0.0769250323814,0.0,0
2018-05-27 17:04:25.019,90.27,0.0769250323814,0.0,0
2018-05-27 17:04:25.112,90.52,0.0769250323814,0.0,0
2018-05-27 17:04:25.196,91.01,0.0769250323814,0.0,0
2018-05-27 17:04:25.466,91.21,0.0769250323814,0.0,0
2018-05-27 17:04:25.736,92.61,0.0769250323814,0.0,0
2018-05-27 17:04:25.829,92.94,0.0769250323814,0.0,0
2018-05-27 17:04:25.923,92.89,0.0769250323814,0.0,0
2018-05-27 17:04:26.084,93.34,0.0769250323814,0.0,0
2018-05-27 17:04:26.271,94.74,0.0769250323814,0.0,0
2018-05-27 17:04:26.364,95.06,0.0769250323814,0.0,0
2018-05-27 17:04:26.448,94.98,0.0769250323814,0.0,0
2018-05-27 17:04:26.541,95.88,0.0769250323814,0.0,0
2018-05-27 17:04:26.625,96.74,0.0769250323814,0.0,0
2018-05-27 17:04:26.718,96.18,0.0769250323814,0.0,0
2018-05-27 17:04:26.811,97.44,0.0769250323814,0.0,0
2018-05-27 17:04:26.904,97.38,0.0769250323814,0.0,0
2018-05-27 17:04:27.061,98.44,0.0769250323814,0.0,0
2018-05-27 17:04:27.317,99.31,0.0769250323814,0.0,0
2018-05-27 17:04:27.690,101.44,0.0769250323814,0.0,0
2018-05-27 17:04:27.876,102.26,0.0769250323814,0.0,0
2018-05-27 17:04:28.038,101.9,0.0769250323814,0.0,0
2018-05-27 17:04:28.215,103.3,0.0769250323814,0.0,0
2018-05-27 17:04:28.299,103.63,0.0769250323814,0.0,0
2018-05-27 17:04:28.569,104.06,0.0769250323814,0.0,0
2018-05-27 17:04:28.756,104.84,0.0769250323814,0.0,0
2018-05-27 17:04:28.839,104.87,0.0769250323814,0.0,0
2018-05-27 17:04:29.094,104.16,0.0769250323814,0.0,0
2018-05-27 17:04:29.187,103.05,0.0769250323814,0.0,0
2018-05-27 17:04:29.457,103.11,0.0769250323814,0.0,0
2018-05-27 17:04:29.551,101.87,0.0769250323814,0.0,0
2018-05-27 17:04:29.728,101.62,0.0769250323814,0.0,0
2018-05-27 17:04:29.914,101.75,0.0769250323814,0.0,0
2018-05-27 17:04:30.076,101.79,0.0769250323814,0.0,0
2018-05-27 17:04:30.262,100.32,0.0769250323814,0.0,0
2018-05-27 17:04:30.439,99.92,0.0769250323814,0.0,0
2018-05-27 17:04:30.625,99.51,0.0769250323814,0.0,0
2018-05-27 17:04:30.719,99.19,0.0769250323814,0.0,0
2018-05-27 17:04:30.807,98.53,0.0769250323814,0.0,0
2018-05-27 17:04:30.895,99.29,0.0769250323814,0.0,0
2018-05-27 17:04:31.048,98.51,0.0769250323814,0.0,0
2018-05-27 17:04:31.234,98.48,0.0769250323814,0.0,0
2018-05-27 17:04:31.420,97.18,0.0769250323814,0.0,0
2018-05-27 17:04:31.505,96.59,0.0769250323814,0.0,0
2018-05-27 17:04:31.691,96.17,0.0769250323814,0.0,0
2018-05-27 17:04:31.784,96.27,0.0769250323814,0.0,0
2018-05-27 17:04:31.877,95.58,0.0769250323814,0.0,0
2018-05-27 17:04:32.039,95.82,0.0769250323814,0.0,0
2018-05-27 17:04:32.132,95.83,0.0769250323814,0.0,0
2018-05-27 17:04:32.225,94.96,0.0769250323814,0.0,0
2018-05-27 17:04:32.318,94.71,0.0769250323814,0.0,0
2018-05-27 17:04:32.402,93.84,0.0769250323814,0.0,0
2018-05-27 17:04:32.579,92.89,0.0769250323814,0.0,0
2018-05-27 17:04:32.756,90.79,0.0769250323814,0.0,0
2018-05-27 17:04:33.011,90.35,0.0769250323814,0.0,0
2018-05-27 17:04:33.197,89.62,0.0769250323814,0.0,0
2018-05-27 17:04:33.290,89.93,0.0769250323814,0.0,0
2018-05-27 17:04:33.374,89.07,0.0769250323814,0.0,0
2018-05-27 17:04:33.560,88.47,0.0769250323814,0.0,0
2018-05-27 17:04:33.654,88.11,0.0769250323814,0.0,0
2018-05-27 17:04:33.747,87.49,0.0769250323814,0.0,0
2018-05-27 17:04:33.840,87.48,0.0769250323814,0.0,0
2018-05-27 17:04:34.095,87.4,0.0769250323814,0.0,0
2018-05-27 17:04:34.188,86.89,0.0769250323814,0.0,0
2018-05-27 17:04:34.365,86.54,0.0769250323814,0.0,0
2018-05-27 17:04:34.551,85.72,0.0769250323814,0.0,0
2018-05-27 17:04:34.645,85.98,0.0769250323814,0.0,0
2018-05-27 17:04:34.738,85.5,0.0769250323814,0.0,0
2018-05-27 17:04:34.831,85.26,0.0769250323814,0.0,0
2018-05-27 17:04:34.915,84.87,0.0769250323814,0.0,0
2018-05-27 17:04:35.076,84.42,0.0769250323814,0.0,0
2018-05-27 17:04:35.263,84.58,0.0769250323814,0.0,0
2018-05-27 17:04:35.440,84.41,0.0769250323814,0.0,0
2018-05-27 17:04:35.533,84.13,0.0769250323814,0.0,0
2018-05-27 17:04:35.626,84.08,0.0769250323814,0.0,0
2018-05-27 17:04:35.803,82.97,0.0769250323814,0.0,0
2018-05-27 17:04:35.887,83.86,0.0769250323814,0.0,0
2018-05-27 17:04:36.142,83.08,0.0769250323814,0.0,0
2018-05-27 17:04:36.328,82.43,0.0769250323814,0.0,0
2018-05-27 17:04:36.421,82.25,0.0769250323814,0.0,0
2018-05-27 17:04:36.514,82.4,0.0769250323814,0.0,0
2018-05-27 17:04:36.692,81.83,0.0769250323814,0.0,0
2018-05-27 17:04:36.887,80.86,0.0769250323814,0.0,0
2018-05-27 17:04:37.049,80.82,0.0769250323814,0.0,0
2018-05-27 17:04:37.235,81.22,0.0769250323814,0.0,0
2018-05-27 17:04:37.515,80.12,0.0769250323814,0.0,0
2018-05-27 17:04:37.608,79.85,0.0769250323814,0.0,0
2018-05-27 17:04:37.692,79.68,0.0769250323814,0.0,0
2018-05-27 17:04:37.785,79.5,0.0769250323814,0.0,0
2018-05-27 17:04:38.040,78.61,0.0769250323814,0.0,0
2018-05-27 17:04:38.133,78.65,0.0769250323814,0.0,0
2018-05-27 17:04:38.226,79.24,0.0769250323814,0.0,0
2018-05-27 17:04:38.319,78.58,0.0769250323814,0.0,0
2018-05-27 17:04:38.496,77.99,0.0769250323814,0.0,0
2018-05-27 17:04:38.673,77.41,0.0769250323814,0.0,0
2018-05-27 17:04:38.757,77.51,0.0769250323814,0.0,0
2018-05-27 17:04:38.850,76.69,0.0769250323814,0.0,0
2018-05-27 17:04:39.105,76.61,0.0769250323814,0.0,0
2018-05-27 17:04:39.198,76.14,0.0769250323814,0.0,0
2018-05-27 17:04:39.291,76.6,0.0769250323814,0.0,0
2018-05-27 17:04:39.375,76.12,0.0769250323814,0.0,0
2018-05-27 17:04:39.468,76.4,0.0769250323814,0.0,0
2018-05-27 17:04:39.561,76.42,0.0769250323814,0.0,0
2018-05-27 17:04:39.655,76.12,0.0769250323814,0.0,0
2018-05-27 17:04:39.748,76.07,0.0769250323814,0.0,0
2018-05-27 17:04:39.841,75.24,0.0769250323814,0.0,0
2018-05-27 17:04:40.003,75.07,0.0769250323814,0.0,0
2018-05-27 17:04:40.096,75.11,0.0769250323814,0.0,0
2018-05-27 17:04:40.366,75.19,0.0769250323814,0.0,0
2018-05-27 17:04:40.543,74.5,0.0769250323814,0.0,0
2018-05-27 17:04:40.636,74.68,0.0769250323814,0.0,0
2018-05-27 17:04:40.729,75.5,0.0769250323814,0.0,0
2018-05-27 17:04:40.822,75.48,0.0769250323814,0.0,0
2018-05-27 17:04:40.916,75.85,0.0769250323814,0.0,0
2018-05-27 17:04:41.170,75.54,0.0769250323814,0.0,0
2018-05-27 17:04:41.534,76.3,0.0769250323814,0.0,0
2018-05-27 17:04:41.813,75.72,0.0769250323814,0.0,0
2018-05-27 17:04:42.236,74.84,0.0769250323814,0.0,0
2018-05-27 17:04:42.515,74.72,0.0769250323814,0.0,0
2018-05-27 17:04:42.795,73.52,0.0769250323814,0.0,0
2018-05-27 17:04:43.041,73.76,0.0769250323814,0.0,0
2018-05-27 17:04:43.144,73.75,0.0769250323814,0.0,0
2018-05-27 17:04:43.329,73.17,0.0769250323814,0.0,0
2018-05-27 17:04:43.422,73.14,0.0769250323814,0.0,0
2018-05-27 17:04:43.515,73.16,0.0769250323814,0.0,0
2018-05-27 17:04:43.702,73.02,0.0769250323814,0.0,0
2018-05-27 17:04:43.888,72.86,0.0769250323814,0.0,0
2018-05-27 17:04:44.050,72.92,0.0769250323814,0.0,0
2018-05-27 17:04:44.237,72.4,0.0769250323814,0.0,0
2018-05-27 17:04:44.320,72.53,0.0769250323814,0.0,0
2018-05-27 17:04:44.404,72.32,0.0769250323814,0.0,0
2018-05-27 17:04:44.497,72.6,0.0769250323814,0.0,0
2018-05-27 17:04:44.590,71.66,0.0769250323814,0.0,0
2018-05-27 17:04:44.683,72.2,0.0769250323814,0.0,0
2018-05-27 17:04:44.776,71.93,0.0769250323814,0.0,0
2018-05-27 17:04:44.869,70.96,0.0769250323814,0.0,0
2018-05-27 17:04:45.125,71.25,0.0769250323814,0.0,0
2018-05-27 17:04:45.209,72.66,0.0769250323814,0.0,0
2018-05-27 17:04:45.385,70.81,0.0769250323814,0.0,0
2018-05-27 17:04:45.665,70.83,0.0769250323814,0.0,0
2018-05-27 17:04:46.013,70.04,0.0769250323814,0.0,0
2018-05-27 17:04:46.097,70.48,0.0769250323814,0.0,0
2018-05-27 17:04:46.190,69.42,0.0769250323814,0.0,0
2018-05-27 17:04:46.283,70.22,0.0769250323814,0.0,0
2018-05-27 17:04:46.553,69.45,0.0769250323814,0.0,0
2018-05-27 17:04:46.646,70.01,0.0769250323814,0.0,0
2018-05-27 17:04:46.739,69.13,0.0769250323814,0.0,0
2018-05-27 17:04:46.833,69.53,0.0769250323814,0.0,0
2018-05-27 17:04:47.171,68.65,0.0769250323814,0.0,0
2018-05-27 17:04:47.348,68.82,0.0769250323814,0.0,0
2018-05-27 17:04:47.441,68.03,0.0769250323814,0.0,0
2018-05-27 17:04:47.534,67.93,0.0769250323814,0.0,0
2018-05-27 17:04:47.805,68.07,0.0769250323814,0.0,0
2018-05-27 17:04:48.050,68.08,0.0769250323814,0.0,0
2018-05-27 17:04:48.236,67.56,0.0769250323814,0.0,0
2018-05-27 17:04:48.330,67.29,0.0769250323814,0.0,0
2018-05-27 17:04:48.423,67.13,0.0769250323814,0.0,0
2018-05-27 17:04:48.609,67.52,0.0769250323814,0.0,0
2018-05-27 17:04:48.786,66.74,0.0769250323814,0.0,0
2018-05-27 17:04:48.879,67.25,0.0769250323814,0.0,0
2018-05-27 17:04:49.134,67.33,0.0769250323814,0.0,0
2018-05-27 17:04:49.227,67.1,0.0769250323814,0.0,0
2018-05-27 17:04:49.404,67.93,0.0769250323814,0.0,0
2018-05-27 17:04:49.758,68.08,0.0769250323814,0.0,0
2018-05-27 17:04:50.013,69.89,0.0769250323814,0.0,0
2018-05-27 17:04:50.107,68.64,0.0769250323814,0.0,0
2018-05-27 17:04:50.292,69.14,0.0769250323814,0.0,0
2018-05-27 17:04:50.469,69.14,0.0769250323814,0.0,0
2018-05-27 17:04:50.563,69.04,0.0769250323814,0.0,0
2018-05-27 17:04:50.749,68.77,0.0769250323814,0.0,0
2018-05-27 17:04:50.842,69.32,0.0769250323814,0.0,0
2018-05-27 17:04:51.097,68.9,0.0769250323814,0.0,0
2018-05-27 17:04:51.190,68.62,0.0769250323814,0.0,0
2018-05-27 17:04:51.833,67.96,0.0769250323814,0.0,0
2018-05-27 17:04:51.926,69.04,0.0769250323814,0.0,0
2018-05-27 17:04:52.088,68.24,0.0769250323814,0.0,0
2018-05-27 17:04:52.274,67.91,0.0769250323814,0.0,0
2018-05-27 17:04:52.451,68.29,0.0769250323814,0.0,0
2018-05-27 17:04:52.544,68.47,0.0769250323814,0.0,0
2018-05-27 17:04:52.730,67.58,0.0769250323814,0.0,0
2018-05-27 17:04:53.265,69.36,0.0769250323814,0.0,0
2018-05-27 17:04:53.348,69.36,0.0769250323814,0.0,0
2018-05-27 17:04:53.535,70.04,0.0769250323814,0.0,0
2018-05-27 17:04:53.628,70.87,0.0769250323814,0.0,0
2018-05-27 17:04:54.237,72.37,0.0769250323814,0.0,0
2018-05-27 17:04:54.330,72.47,0.0769250323814,0.0,0
2018-05-27 17:04:54.702,74.28,0.0769250323814,0.0,0
2018-05-27 17:04:54.796,73.94,0.0769250323814,0.0,0
2018-05-27 17:04:54.889,74.78,0.0769250323814,0.0,0
2018-05-27 17:04:55.144,74.52,0.0769250323814,0.0,0
2018-05-27 17:04:55.404,76.58,0.0769250323814,0.0,0
2018-05-27 17:04:55.498,76.39,0.0769250323814,0.0,0
2018-05-27 17:04:55.684,77.51,0.0769250323814,0.0,0
2018-05-27 17:04:55.870,77.9,0.0769250323814,0.0,0
2018-05-27 17:04:56.209,79.03,0.0769250323814,0.0,0
2018-05-27 17:04:56.302,78.94,0.0769250323814,0.0,0
2018-05-27 17:04:56.479,80.1,0.0769250323814,0.0,0
2018-05-27 17:04:56.758,80.28,0.0769250323814,0.0,0
2018-05-27 17:04:57.367,83.2,0.0769250323814,0.0,0
2018-05-27 17:04:57.554,84.4,0.0769250323814,0.0,0
2018-05-27 17:04:57.647,84.63,0.0769250323814,0.0,0
2018-05-27 17:04:57.917,84.26,0.0769250323814,0.0,0
2018-05-27 17:04:58.079,85.41,0.0769250323814,0.0,0
2018-05-27 17:04:58.349,86.03,0.0769250323814,0.0,0
2018-05-27 17:04:58.535,86.24,0.0769250323814,0.0,0
2018-05-27 17:04:58.814,86.03,0.0769250323814,0.0,0
2018-05-27 17:04:58.908,84.86,0.0769250323814,0.0,0
2018-05-27 17:04:59.065,84.52,0.0769250323814,0.0,0
2018-05-27 17:04:59.153,85.21,0.0769250323814,0.0,0
2018-05-27 17:04:59.237,85.1,0.0769250323814,0.0,0
2018-05-27 17:04:59.423,84.4,0.0769250323814,0.0,0
2018-05-27 17:04:59.517,84.27,0.0769250323814,0.0,0
2018-05-27 17:04:59.786,84.96,0.0769250323814,0.0,0
2018-05-27 17:04:59.880,85.1,0.0769250323814,0.0,0
2018-05-27 17:05:00.135,86.11,0.0769250323814,0.0,0
2018-05-27 17:05:00.218,86.34,0.0769250323814,0.0,0
2018-05-27 17:05:00.312,85.68,0.0769250323814,0.0,0
2018-05-27 17:05:00.396,85.38,0.0769250323814,0.0,0
2018-05-27 17:05:00.489,86.81,0.0769250323814,0.0,0
2018-05-27 17:05:00.665,86.91,0.0769250323814,0.0,0
2018-05-27 17:05:00.759,86.38,0.0769250323814,0.0,0
2018-05-27 17:05:01.014,87.13,0.0769250323814,0.0,0
2018-05-27 17:05:01.107,86.87,0.0769250323814,0.0,0
2018-05-27 17:05:01.293,88.43,0.0769250323814,0.0,0
2018-05-27 17:05:01.470,87.8,0.0769250323814,0.0,0
2018-05-27 17:05:01.563,88.36,0.0769250323814,0.0,0
2018-05-27 17:05:01.656,88.16,0.0769250323814,0.0,0
2018-05-27 17:05:01.749,88.96,0.0769250323814,0.0,0
2018-05-27 17:05:01.842,88.13,0.0769250323814,0.0,0
2018-05-27 17:05:02.004,89.29,0.0769250323814,0.0,0
2018-05-27 17:05:02.191,89.82,0.0769250323814,0.0,0
2018-05-27 17:05:02.368,90.55,0.0769250323814,0.0,0
2018-05-27 17:05:02.461,90.31,0.0769250323814,0.0,0
2018-05-27 17:05:02.554,89.45,0.0769250323814,0.0,0
2018-05-27 17:05:02.647,89.56,0.0769250323814,0.0,0
2018-05-27 17:05:02.740,89.75,0.0769250323814,0.0,0
2018-05-27 17:05:02.833,89.06,0.0769250323814,0.0,0
2018-05-27 17:05:03.089,88.86,0.0769250323814,0.0,0
2018-05-27 17:05:03.172,89.55,0.0769250323814,0.0,0
2018-05-27 17:05:03.349,88.38,0.0769250323814,0.0,0
2018-05-27 17:05:03.442,87.65,0.0769250323814,0.0,0
2018-05-27 17:05:03.536,88.08,0.0769250323814,0.0,0
2018-05-27 17:05:03.815,87.67,0.0769250323814,0.0,0
2018-05-27 17:05:03.903,87.29,0.0769250323814,0.0,0
2018-05-27 17:05:04.060,86.59,0.0769250323814,0.0,0
2018-05-27 17:05:04.144,86.04,0.0769250323814,0.0,0
2018-05-27 17:05:04.237,85.4,0.0769250323814,0.0,0
2018-05-27 17:05:04.517,86.05,0.0769250323814,0.0,0
2018-05-27 17:05:04.610,85.4,0.0769250323814,0.0,0
2018-05-27 17:05:04.796,84.89,0.0769250323814,0.0,0
2018-05-27 17:05:04.880,84.94,0.0769250323814,0.0,0
2018-05-27 17:05:05.042,84.71,0.0769250323814,0.0,0
2018-05-27 17:05:05.135,83.64,0.0769250323814,0.0,0
2018-05-27 17:05:05.228,83.51,0.0769250323814,0.0,0
2018-05-27 17:05:05.321,82.93,0.0769250323814,0.0,0
2018-05-27 17:05:05.411,83.77,0.0769250323814,0.0,0
2018-05-27 17:05:05.498,82.42,0.0769250323814,0.0,0
2018-05-27 17:05:05.582,82.11,0.0769250323814,0.0,0
2018-05-27 17:05:05.666,82.72,0.0769250323814,0.0,0
2018-05-27 17:05:05.759,82.52,0.0769250323814,0.0,0
2018-05-27 17:05:05.852,82.14,0.0769250323814,0.0,0
2018-05-27 17:05:06.014,81.71,0.0769250323814,0.0,0
2018-05-27 17:05:06.107,83.13,0.0769250323814,0.0,0
2018-05-27 17:05:06.294,82.41,0.0769250323814,0.0,0
2018-05-27 17:05:06.377,83.31,0.0769250323814,0.0,0
2018-05-27 17:05:06.656,82.8,0.0769250323814,0.0,0
2018-05-27 17:05:06.750,82.62,0.0769250323814,0.0,0
2018-05-27 17:05:06.843,82.82,0.0769250323814,0.0,0
2018-05-27 17:05:07.005,81.86,0.0769250323814,0.0,0
2018-05-27 17:05:07.098,81.13,0.0769250323814,0.0,0
2018-05-27 17:05:07.191,80.53,0.0769250323814,0.0,0
2018-05-27 17:05:07.285,80.33,0.0769250323814,0.0,0
2018-05-27 17:05:07.368,79.27,0.0769250323814,0.0,0
2018-05-27 17:05:07.461,78.86,0.0769250323814,0.0,0
2018-05-27 17:05:07.554,78.32,0.0769250323814,0.0,0
2018-05-27 17:05:07.647,77.75,0.0769250323814,0.0,0
2018-05-27 17:05:07.833,76.76,0.0769250323814,0.0,0
2018-05-27 17:05:07.927,76.47,0.0769250323814,0.0,0
2018-05-27 17:05:08.359,75.44,0.0769250323814,0.0,0
2018-05-27 17:05:08.452,75.37,0.0769250323814,0.0,0
2018-05-27 17:05:08.545,75.14,0.0769250323814,0.0,0
2018-05-27 17:05:08.638,75.02,0.0769250323814,0.0,0
2018-05-27 17:05:08.731,74.49,0.0769250323814,0.0,0
2018-05-27 17:05:08.824,74.54,0.0769250323814,0.0,0
2018-05-27 17:05:09.172,74.11,0.0769250323814,0.0,0
2018-05-27 17:05:09.265,73.52,0.0769250323814,0.0,0
2018-05-27 17:05:09.442,73.13,0.0769250323814,0.0,0
2018-05-27 17:05:09.535,73.18,0.0769250323814,0.0,0
2018-05-27 17:05:10.154,71.58,0.0769250323814,0.0,0
2018-05-27 17:05:10.237,72.16,0.0769250323814,0.0,0
2018-05-27 17:05:10.424,71.68,0.0769250323814,0.0,0
2018-05-27 17:05:10.610,71.76,0.0769250323814,0.0,0
2018-05-27 17:05:10.796,71.49,0.0769250323814,0.0,0
2018-05-27 17:05:11.051,71.65,0.0769250323814,0.0,0
2018-05-27 17:05:11.414,72.54,0.0769250323814,0.0,0
2018-05-27 17:05:11.685,73.34,0.0769250323814,0.0,0
2018-05-27 17:05:11.778,74.18,0.0769250323814,0.0,0
2018-05-27 17:05:11.871,74.73,0.0769250323814,0.0,0
2018-05-27 17:05:12.126,75.42,0.0769250323814,0.0,0
2018-05-27 17:05:12.210,74.84,0.0769250323814,0.0,0
2018-05-27 17:05:12.293,76.49,0.0769250323814,0.0,0
2018-05-27 17:05:12.470,76.13,0.0769250323814,0.0,0
2018-05-27 17:05:12.564,77.28,0.0769250323814,0.0,0
2018-05-27 17:05:12.843,78.84,0.0769250323814,0.0,0
2018-05-27 17:05:13.089,78.7,0.0769250323814,0.0,0
2018-05-27 17:05:13.182,79.75,0.0769250323814,0.0,0
2018-05-27 17:05:13.359,79.82,0.0769250323814,0.0,0
2018-05-27 17:05:13.815,82.74,0.0769250323814,0.0,0
2018-05-27 17:05:13.908,82.37,0.0769250323814,0.0,0
2018-05-27 17:05:14.065,82.4,0.0769250323814,0.0,0
2018-05-27 17:05:14.238,83.2,0.0769250323814,0.0,0
2018-05-27 17:05:14.331,84.55,0.0769250323814,0.0,0
2018-05-27 17:05:14.424,84.44,0.0769250323814,0.0,0
2018-05-27 17:05:14.601,85.88,0.0769250323814,0.0,0
2018-05-27 17:05:14.880,86.77,0.0769250323814,0.0,0
2018-05-27 17:05:15.135,88.33,0.0769250323814,0.0,0
2018-05-27 17:05:15.228,88.92,0.0769250323814,0.0,0
2018-05-27 17:05:15.405,89.82,0.0769250323814,0.0,0
2018-05-27 17:05:15.499,89.9,0.0769250323814,0.0,0
2018-05-27 17:05:15.666,90.96,0.0769250323814,0.0,0
2018-05-27 17:05:15.759,91.58,0.0769250323814,0.0,0
2018-05-27 17:05:15.852,91.69,0.0769250323814,0.0,0
2018-05-27 17:05:16.014,91.9,0.0769250323814,0.0,0
2018-05-27 17:05:16.107,92.39,0.0769250323814,0.0,0
2018-05-27 17:05:16.201,92.57,0.0769250323814,0.0,0
2018-05-27 17:05:16.294,92.84,0.0769250323814,0.0,0
2018-05-27 17:05:16.377,92.97,0.0769250323814,0.0,0
2018-05-27 17:05:16.471,93.07,0.0769250323814,0.0,0
2018-05-27 17:05:16.564,93.28,0.0769250323814,0.0,0
2018-05-27 17:05:16.657,93.02,0.0769250323814,0.0,0
2018-05-27 17:05:16.750,92.78,0.0769250323814,0.0,0
2018-05-27 17:05:17.005,92.37,0.0769250323814,0.0,0
2018-05-27 17:05:17.098,92.14,0.0769250323814,0.0,0
2018-05-27 17:05:17.461,90.49,0.0769250323814,0.0,0
2018-05-27 17:05:17.555,90.57,0.0769250323814,0.0,0
2018-05-27 17:05:17.648,89.95,0.0769250323814,0.0,0
2018-05-27 17:05:17.834,89.54,0.0769250323814,0.0,0
2018-05-27 17:05:17.927,88.68,0.0769250323814,0.0,0
2018-05-27 17:05:18.089,89.61,0.0769250323814,0.0,0
2018-05-27 17:05:18.173,88.9,0.0769250323814,0.0,0
2018-05-27 17:05:18.266,89.09,0.0769250323814,0.0,0
2018-05-27 17:05:18.443,87.73,0.0769250323814,0.0,0
2018-05-27 17:05:18.536,87.77,0.0769250323814,0.0,0
2018-05-27 17:05:18.629,86.96,0.0769250323814,0.0,0
2018-05-27 17:05:18.723,87.35,0.0769250323814,0.0,0
2018-05-27 17:05:18.815,87.41,0.0769250323814,0.0,0
2018-05-27 17:05:18.904,87.07,0.0769250323814,0.0,0
2018-05-27 17:05:19.061,86.11,0.0769250323814,0.0,0
2018-05-27 17:05:19.145,85.76,0.0769250323814,0.0,0
2018-05-27 17:05:19.238,86.13,0.0769250323814,0.0,0
2018-05-27 17:05:19.517,84.59,0.0769250323814,0.0,0
2018-05-27 17:05:19.611,85.12,0.0769250323814,0.0,0
2018-05-27 17:05:19.694,85.47,0.0769250323814,0.0,0
2018-05-27 17:05:19.787,85.18,0.0769250323814,0.0,0
2018-05-27 17:05:19.881,85.11,0.0769250323814,0.0,0
2018-05-27 17:05:20.042,83.46,0.0769250323814,0.0,0
2018-05-27 17:05:20.229,83.01,0.0769250323814,0.0,0
2018-05-27 17:05:20.406,83.53,0.0769250323814,0.0,0
2018-05-27 17:05:20.499,83.31,0.0769250323814,0.0,0
2018-05-27 17:05:20.592,82.15,0.0769250323814,0.0,0
2018-05-27 17:05:20.862,82.02,0.0769250323814,0.0,0
2018-05-27 17:05:21.108,82.32,0.0769250323814,0.0,0
2018-05-27 17:05:21.201,81.34,0.0769250323814,0.0,0
2018-05-27 17:05:21.387,81.32,0.0769250323814,0.0,0
2018-05-27 17:05:21.472,81.59,0.0769250323814,0.0,0
2018-05-27 17:05:21.648,82.04,0.0769250323814,0.0,0
2018-05-27 17:05:22.089,82.93,0.0769250323814,0.0,0
2018-05-27 17:05:22.182,82.61,0.0769250323814,0.0,0
2018-05-27 17:05:22.360,82.84,0.0769250323814,0.0,0
2018-05-27 17:05:22.452,83.13,0.0769250323814,0.0,0
2018-05-27 17:05:22.546,83.3,0.0769250323814,0.0,0
2018-05-27 17:05:22.639,83.27,0.0769250323814,0.0,0
2018-05-27 17:05:22.732,83.58,0.0769250323814,0.0,0
2018-05-27 17:05:22.825,83.83,0.0769250323814,0.0,0
2018-05-27 17:05:22.918,84.46,0.0769250323814,0.0,0
2018-05-27 17:05:23.080,84.08,0.0769250323814,0.0,0
2018-05-27 17:05:23.173,84.11,0.0769250323814,0.0,0
2018-05-27 17:05:23.350,84.2,0.0769250323814,0.0,0
2018-05-27 17:05:23.443,85.18,0.0769250323814,0.0,0
2018-05-27 17:05:23.536,85.12,0.0769250323814,0.0,0
2018-05-27 17:05:23.629,85.4,0.0769250323814,0.0,0
2018-05-27 17:05:23.723,84.25,0.0769250323814,0.0,0
2018-05-27 17:05:23.816,84.12,0.0769250323814,0.0,0
2018-05-27 17:05:23.909,83.71,0.0769250323814,0.0,0
2018-05-27 17:05:24.238,83.65,0.0769250323814,0.0,0
2018-05-27 17:05:24.499,83.39,0.0769250323814,0.0,0
2018-05-27 17:05:24.685,82.78,0.0769250323814,0.0,0
2018-05-27 17:05:25.024,82.1,0.0769250323814,0.0,0
2018-05-27 17:05:25.201,81.31,0.0769250323814,0.0,0
2018-05-27 17:05:25.294,80.86,0.0769250323814,0.0,0
2018-05-27 17:05:25.555,81.11,0.0769250323814,0.0,0
2018-05-27 17:05:25.825,81.46,0.0769250323814,0.0,0
2018-05-27 17:05:26.267,81.6,0.0769250323814,0.0,0
2018-05-27 17:05:26.629,83.34,0.0769250323814,0.0,0
2018-05-27 17:05:26.909,84.26,0.0769250323814,0.0,0
2018-05-27 17:05:27.331,85.5,0.0769250323814,0.0,0
2018-05-27 17:05:27.518,87.09,0.0769250323814,0.0,0
2018-05-27 17:05:27.611,86.64,0.0769250323814,0.0,0
2018-05-27 17:05:27.704,87.69,0.0769250323814,0.0,0
2018-05-27 17:05:27.891,88.72,0.0769250323814,0.0,0
2018-05-27 17:05:28.043,88.79,0.0769250323814,0.0,0
2018-05-27 17:05:28.229,89.73,0.0769250323814,0.0,0
2018-05-27 17:05:28.322,90.08,0.0769250323814,0.0,0
2018-05-27 17:05:28.788,92.21,0.0769250323814,0.0,0
2018-05-27 17:05:28.881,92.89,0.0769250323814,0.0,0
2018-05-27 17:05:29.127,94.31,0.0769250323814,0.0,0
2018-05-27 17:05:29.210,94.64,0.0769250323814,0.0,0
2018-05-27 17:05:29.294,94.93,0.0769250323814,0.0,0
2018-05-27 17:05:29.387,94.77,0.0769250323814,0.0,0
2018-05-27 17:05:29.471,95.01,0.0769250323814,0.0,0
2018-05-27 17:05:29.564,95.94,0.0769250323814,0.0,0
2018-05-27 17:05:29.741,96.38,0.0769250323814,0.0,0
2018-05-27 17:05:29.834,96.31,0.0769250323814,0.0,0
2018-05-27 17:05:29.928,97.14,0.0769250323814,0.0,0
2018-05-27 17:05:30.183,97.97,0.0769250323814,0.0,0
2018-05-27 17:05:30.276,98.28,0.0769250323814,0.0,0
2018-05-27 17:05:30.360,98.79,0.0769250323814,0.0,0
2018-05-27 17:05:30.723,99.16,0.0769250323814,0.0,0
2018-05-27 17:05:30.816,99.46,0.0769250323814,0.0,0
2018-05-27 17:05:31.066,100.61,0.0769250323814,0.0,0
2018-05-27 17:05:31.155,101.03,0.0769250323814,0.0,0
2018-05-27 17:05:31.238,101.46,0.0769250323814,0.0,0
2018-05-27 17:05:31.425,101.49,0.0769250323814,0.0,0
2018-05-27 17:05:31.508,102.29,0.0769250323814,0.0,0
2018-05-27 17:05:31.602,101.85,0.0769250323814,0.0,0
2018-05-27 17:05:31.695,102.19,0.0769250323814,0.0,0
2018-05-27 17:05:31.788,103.46,0.0769250323814,0.0,0
2018-05-27 17:05:32.043,102.31,0.0769250323814,0.0,0
2018-05-27 17:05:32.779,100.06,0.0769250323814,0.0,0
2018-05-27 17:05:33.034,101.86,0.0769250323814,0.0,0
2018-05-27 17:05:33.127,101.66,0.0769250323814,0.0,0
2018-05-27 17:05:33.220,101.49,0.0769250323814,0.0,0
2018-05-27 17:05:33.313,101.43,0.0769250323814,0.0,0
2018-05-27 17:05:33.397,101.69,0.0769250323814,0.0,0
2018-05-27 17:05:33.490,102.15,0.0769250323814,0.0,0
2018-05-27 17:05:33.574,102.3,0.0769250323814,0.0,0
2018-05-27 17:05:33.667,103.5,0.0769250323814,0.0,0
2018-05-27 17:05:33.760,102.92,0.0769250323814,0.0,0
2018-05-27 17:05:33.853,103.23,0.0769250323814,0.0,0
2018-05-27 17:05:34.015,104.18,0.0769250323814,0.0,0
2018-05-27 17:05:34.108,104.35,0.0769250323814,0.0,0
2018-05-27 17:05:34.201,104.96,0.0769250323814,0.0,0
2018-05-27 17:05:34.294,104.67,0.0769250323814,0.0,0
2018-05-27 17:05:34.471,104.95,0.0769250323814,0.0,0
2018-05-27 17:05:34.565,104.71,0.0769250323814,0.0,0
2018-05-27 17:05:34.658,103.08,0.0769250323814,0.0,0
2018-05-27 17:05:34.844,102.86,0.0769250323814,0.0,0
2018-05-27 17:05:35.006,102.81,0.0769250323814,0.0,0
2018-05-27 17:05:35.192,102.54,0.0769250323814,0.0,0
2018-05-27 17:05:35.462,101.99,0.0769250323814,0.0,0
2018-05-27 17:05:35.555,101.17,0.0769250323814,0.0,0
2018-05-27 17:05:35.648,100.88,0.0769250323814,0.0,0
2018-05-27 17:05:35.742,99.45,0.0769250323814,0.0,0
2018-05-27 17:05:35.835,99.53,0.0769250323814,0.0,0
2018-05-27 17:05:35.928,99.13,0.0769250323814,0.0,0
2018-05-27 17:05:36.183,98.82,0.0769250323814,0.0,0
2018-05-27 17:05:36.276,98.6,0.0769250323814,0.0,0
2018-05-27 17:05:36.360,97.32,0.0769250323814,0.0,0
2018-05-27 17:05:36.453,97.02,0.0769250323814,0.0,0
2018-05-27 17:05:36.639,95.33,0.0769250323814,0.0,0
2018-05-27 17:05:36.732,94.75,0.0769250323814,0.0,0
2018-05-27 17:05:36.825,93.5,0.0769250323814,0.0,0
2018-05-27 17:05:36.918,92.33,0.0769250323814,0.0,0
2018-05-27 17:05:37.350,90.31,0.0769250323814,0.0,0
2018-05-27 17:05:37.444,89.94,0.0769250323814,0.0,0
2018-05-27 17:05:37.630,88.81,0.0769250323814,0.0,0
2018-05-27 17:05:38.066,86.14,0.0769250323814,0.0,0
2018-05-27 17:05:38.611,81.76,0.0769250323814,0.0,0
2018-05-27 17:05:38.797,80.19,0.0769250323814,0.0,0
2018-05-27 17:05:39.686,75.12,0.0769250323814,0.0,0
2018-05-27 17:05:40.378,72.97,0.0769250323814,0.0,0
2018-05-27 17:05:40.472,71.58,0.0769250323814,0.0,0
2018-05-27 17:05:40.565,72.03,0.0769250323814,0.0,0
2018-05-27 17:05:40.658,71.64,0.0769250323814,0.0,0
2018-05-27 17:05:40.742,71.17,0.0769250323814,0.0,0
2018-05-27 17:05:40.928,71.15,0.0769250323814,0.0,0
2018-05-27 17:05:41.090,70.92,0.0769250323814,0.0,0
2018-05-27 17:05:41.183,70.68,0.0769250323814,0.0,0
2018-05-27 17:05:41.276,70.14,0.0769250323814,0.0,0
2018-05-27 17:05:41.369,70.62,0.0769250323814,0.0,0
2018-05-27 17:05:41.462,70.31,0.0769250323814,0.0,0
2018-05-27 17:05:41.556,70.42,0.0769250323814,0.0,0
2018-05-27 17:05:41.649,70.17,0.0769250323814,0.0,0
2018-05-27 17:05:41.919,69.98,0.0769250323814,0.0,0
2018-05-27 17:05:42.174,69.67,0.0769250323814,0.0,0
2018-05-27 17:05:42.267,69.36,0.0769250323814,0.0,0
2018-05-27 17:05:42.351,69.76,0.0769250323814,0.0,0
2018-05-27 17:05:42.724,69.02,0.0769250323814,0.0,0
2018-05-27 17:05:43.053,68.94,0.0769250323814,0.0,0
2018-05-27 17:05:43.239,68.72,0.0769250323814,0.0,0
2018-05-27 17:05:43.788,67.73,0.0769250323814,0.0,0
2018-05-27 17:05:43.882,67.6,0.0769250323814,0.0,0
2018-05-27 17:05:44.043,67.43,0.0769250323814,0.0,0
2018-05-27 17:05:44.230,67.11,0.0769250323814,0.0,0
2018-05-27 17:05:44.500,66.88,0.0769250323814,0.0,0
2018-05-27 17:05:44.686,66.44,0.0769250323814,0.0,0
2018-05-27 17:05:45.034,66.47,0.0769250323814,0.0,0
2018-05-27 17:05:45.118,66.56,0.0769250323814,0.0,0
2018-05-27 17:05:45.213,65.86,0.0769250323814,0.0,0
2018-05-27 17:05:45.305,66.53,0.0769250323814,0.0,0
2018-05-27 17:05:45.388,66.45,0.0769250323814,0.0,0
2018-05-27 17:05:45.481,65.6,0.0769250323814,0.0,0
2018-05-27 17:05:45.667,65.36,0.0769250323814,0.0,0
2018-05-27 17:05:45.761,65.42,0.0769250323814,0.0,0
2018-05-27 17:05:46.006,66.08,0.0769250323814,0.0,0
2018-05-27 17:05:46.286,66.56,0.0769250323814,0.0,0
2018-05-27 17:05:46.556,68.15,0.0769250323814,0.0,0
2018-05-27 17:05:46.649,67.91,0.0769250323814,0.0,0
2018-05-27 17:05:46.826,67.76,0.0769250323814,0.0,0
2018-05-27 17:05:47.081,68.38,0.0769250323814,0.0,0
2018-05-27 17:05:47.174,69.45,0.0769250323814,0.0,0
2018-05-27 17:05:47.351,69.26,0.0769250323814,0.0,0
2018-05-27 17:05:47.537,68.62,0.0769250323814,0.0,0
2018-05-27 17:05:47.630,69.19,0.0769250323814,0.0,0
2018-05-27 17:05:47.724,68.56,0.0769250323814,0.0,0
2018-05-27 17:05:47.807,68.71,0.0769250323814,0.0,0
2018-05-27 17:05:47.891,68.65,0.0769250323814,0.0,0
2018-05-27 17:05:48.146,68.2,0.0769250323814,0.0,0
2018-05-27 17:05:48.239,68.08,0.0769250323814,0.0,0
2018-05-27 17:05:48.332,68.5,0.0769250323814,0.0,0
2018-05-27 17:05:48.425,68.11,0.0769250323814,0.0,0
2018-05-27 17:05:48.518,68.56,0.0769250323814,0.0,0
2018-05-27 17:05:48.612,68.2,0.0769250323814,0.0,0
2018-05-27 17:05:48.872,69.12,0.0769250323814,0.0,0
2018-05-27 17:05:49.137,69.97,0.0769250323814,0.0,0
2018-05-27 17:05:49.323,71.26,0.0769250323814,0.0,0
2018-05-27 17:05:49.407,71.24,0.0769250323814,0.0,0
2018-05-27 17:05:49.500,71.55,0.0769250323814,0.0,0
2018-05-27 17:05:49.593,72.06,0.0769250323814,0.0,0
2018-05-27 17:05:50.016,73.62,0.0769250323814,0.0,0
2018-05-27 17:05:50.109,74.29,0.0769250323814,0.0,0
2018-05-27 17:05:50.202,74.86,0.0769250323814,0.0,0
2018-05-27 17:05:50.388,75.94,0.0769250323814,0.0,0
2018-05-27 17:05:50.482,75.69,0.0769250323814,0.0,0
2018-05-27 17:05:50.658,76.77,0.0769250323814,0.0,0
2018-05-27 17:05:50.751,77.46,0.0769250323814,0.0,0
2018-05-27 17:05:50.844,78.11,0.0769250323814,0.0,0
2018-05-27 17:05:51.193,79.06,0.0769250323814,0.0,0
2018-05-27 17:05:51.286,78.69,0.0769250323814,0.0,0
2018-05-27 17:05:51.371,80.02,0.0769250323814,0.0,0
2018-05-27 17:05:51.463,80.36,0.0769250323814,0.0,0
2018-05-27 17:05:51.556,79.94,0.0769250323814,0.0,0
2018-05-27 17:05:51.649,80.68,0.0769250323814,0.0,0
2018-05-27 17:05:51.742,82.02,0.0769250323814,0.0,0
2018-05-27 17:05:51.835,82.04,0.0769250323814,0.0,0
2018-05-27 17:05:51.928,82.58,0.0769250323814,0.0,0
2018-05-27 17:05:52.183,82.52,0.0769250323814,0.0,0
2018-05-27 17:05:52.276,84.08,0.0769250323814,0.0,0
2018-05-27 17:05:52.454,84.41,0.0769250323814,0.0,0
2018-05-27 17:05:52.537,85.04,0.0769250323814,0.0,0
2018-05-27 17:05:52.817,86.37,0.0769250323814,0.0,0
2018-05-27 17:05:53.067,85.35,0.0769250323814,0.0,0
2018-05-27 17:05:53.155,85.87,0.0769250323814,0.0,0
2018-05-27 17:05:53.333,84.81,0.0769250323814,0.0,0
2018-05-27 17:05:53.426,84.6,0.0769250323814,0.0,0
2018-05-27 17:05:53.519,83.95,0.0769250323814,0.0,0
2018-05-27 17:05:53.705,84.35,0.0769250323814,0.0,0
2018-05-27 17:05:53.789,83.55,0.0769250323814,0.0,0
2018-05-27 17:05:53.882,84.0,0.0769250323814,0.0,0
2018-05-27 17:05:54.044,84.03,0.0769250323814,0.0,0
2018-05-27 17:05:54.230,84.45,0.0769250323814,0.0,0
2018-05-27 17:05:54.323,83.76,0.0769250323814,0.0,0
2018-05-27 17:05:54.500,85.0,0.0769250323814,0.0,0
2018-05-27 17:05:54.677,84.59,0.0769250323814,0.0,0
2018-05-27 17:05:55.109,85.9,0.0769250323814,0.0,0
2018-05-27 17:05:55.295,86.73,0.0769250323814,0.0,0
2018-05-27 17:05:55.472,87.62,0.0769250323814,0.0,0
2018-05-27 17:05:55.565,88.21,0.0769250323814,0.0,0
2018-05-27 17:05:55.658,88.18,0.0769250323814,0.0,0
2018-05-27 17:05:55.751,88.45,0.0769250323814,0.0,0
2018-05-27 17:05:55.844,88.66,0.0769250323814,0.0,0
2018-05-27 17:05:56.192,89.98,0.0769250323814,0.0,0
2018-05-27 17:05:56.285,89.88,0.0769250323814,0.0,0
2018-05-27 17:05:56.369,90.26,0.0769250323814,0.0,0
2018-05-27 17:05:56.462,91.18,0.0769250323814,0.0,0
2018-05-27 17:05:56.555,91.41,0.0769250323814,0.0,0
2018-05-27 17:05:57.183,90.49,0.0769250323814,0.0,0
2018-05-27 17:05:57.276,90.38,0.0769250323814,0.0,0
2018-05-27 17:05:57.462,90.06,0.0769250323814,0.0,0
2018-05-27 17:05:57.732,89.11,0.0769250323814,0.0,0
2018-05-27 17:05:57.918,88.67,0.0769250323814,0.0,0
2018-05-27 17:05:58.443,86.37,0.0769250323814,0.0,0
2018-05-27 17:05:58.536,86.52,0.0769250323814,0.0,0
2018-05-27 17:05:58.909,85.5,0.0769250323814,0.0,0
2018-05-27 17:05:59.067,85.24,0.0769250323814,0.0,0
2018-05-27 17:05:59.155,84.62,0.0769250323814,0.0,0
2018-05-27 17:05:59.238,85.28,0.0769250323814,0.0,0
2018-05-27 17:05:59.424,84.21,0.0769250323814,0.0,0
2018-05-27 17:05:59.704,84.22,0.0769250323814,0.0,0
2018-05-27 17:05:59.797,84.02,0.0769250323814,0.0,0
2018-05-27 17:06:00.238,84.31,0.0769250323814,0.0,0
2018-05-27 17:06:00.415,84.11,0.0769250323814,0.0,0
2018-05-27 17:06:00.592,85.43,0.0769250323814,0.0,0
2018-05-27 17:06:01.127,87.39,0.0769250323814,0.0,0
2018-05-27 17:06:01.387,88.18,0.0769250323814,0.0,0
2018-05-27 17:06:01.471,87.73,0.0769250323814,0.0,0
2018-05-27 17:06:01.657,88.0,0.0769250323814,0.0,0
2018-05-27 17:06:02.089,86.51,0.0769250323814,0.0,0
2018-05-27 17:06:02.368,86.05,0.0769250323814,0.0,0
2018-05-27 17:06:02.452,85.56,0.0769250323814,0.0,0
2018-05-27 17:06:02.638,85.47,0.0769250323814,0.0,0
2018-05-27 17:06:02.908,84.78,0.0769250323814,0.0,0
2018-05-27 17:06:03.065,84.2,0.0769250323814,0.0,0
2018-05-27 17:06:03.238,84.22,0.0769250323814,0.0,0
2018-05-27 17:06:03.331,83.62,0.0769250323814,0.0,0
2018-05-27 17:06:03.424,83.66,0.0769250323814,0.0,0
2018-05-27 17:06:03.610,83.9,0.0769250323814,0.0,0
2018-05-27 17:06:03.694,83.49,0.0769250323814,0.0,0
2018-05-27 17:06:03.787,82.55,0.0769250323814,0.0,0
2018-05-27 17:06:03.880,82.53,0.0769250323814,0.0,0
2018-05-27 17:06:04.228,81.14,0.0769250323814,0.0,0
2018-05-27 17:06:04.582,81.24,0.0769250323814,0.0,0
2018-05-27 17:06:04.666,80.86,0.0769250323814,0.0,0
2018-05-27 17:06:04.759,79.82,0.0769250323814,0.0,0
2018-05-27 17:06:05.200,79.72,0.0769250323814,0.0,0
2018-05-27 17:06:05.377,79.49,0.0769250323814,0.0,0
2018-05-27 17:06:05.656,78.55,0.0769250323814,0.0,0
2018-05-27 17:06:05.749,78.12,0.0769250323814,0.0,0
2018-05-27 17:06:05.833,78.98,0.0769250323814,0.0,0
2018-05-27 17:06:05.926,78.99,0.0769250323814,0.0,0
2018-05-27 17:06:06.628,80.14,0.0769250323814,0.0,0
2018-05-27 17:06:07.237,82.38,0.0769250323814,0.0,0
2018-05-27 17:06:07.525,82.51,0.0769250323814,0.0,0
2018-05-27 17:06:07.609,83.85,0.0769250323814,0.0,0
2018-05-27 17:06:07.702,83.92,0.0769250323814,0.0,0
2018-05-27 17:06:08.050,85.59,0.0769250323814,0.0,0
2018-05-27 17:06:08.144,86.06,0.0769250323814,0.0,0
2018-05-27 17:06:08.320,86.25,0.0769250323814,0.0,0
2018-05-27 17:06:08.413,86.76,0.0769250323814,0.0,0
2018-05-27 17:06:08.507,87.37,0.0769250323814,0.0,0
2018-05-27 17:06:08.693,87.18,0.0769250323814,0.0,0
2018-05-27 17:06:09.134,85.86,0.0769250323814,0.0,0
2018-05-27 17:06:09.311,85.98,0.0769250323814,0.0,0
2018-05-27 17:06:09.488,84.64,0.0769250323814,0.0,0
2018-05-27 17:06:09.572,84.29,0.0769250323814,0.0,0
2018-05-27 17:06:09.749,84.5,0.0769250323814,0.0,0
2018-05-27 17:06:10.097,83.5,0.0769250323814,0.0,0
2018-05-27 17:06:10.190,84.14,0.0769250323814,0.0,0
2018-05-27 17:06:10.730,83.78,0.0769250323814,0.0,0
2018-05-27 17:06:10.916,84.61,0.0769250323814,0.0,0
2018-05-27 17:06:11.264,85.02,0.0769250323814,0.0,0
2018-05-27 17:06:11.348,84.9,0.0769250323814,0.0,0
2018-05-27 17:06:11.441,85.69,0.0769250323814,0.0,0
2018-05-27 17:06:11.627,86.03,0.0769250323814,0.0,0
2018-05-27 17:06:11.813,85.83,0.0769250323814,0.0,0
2018-05-27 17:06:11.906,86.32,0.0769250323814,0.0,0
2018-05-27 17:06:12.063,86.97,0.0769250323814,0.0,0
2018-05-27 17:06:12.320,87.52,0.0769250323814,0.0,0
2018-05-27 17:06:12.413,88.17,0.0769250323814,0.0,0
2018-05-27 17:06:12.692,88.91,0.0769250323814,0.0,0
2018-05-27 17:06:12.785,88.08,0.0769250323814,0.0,0
2018-05-27 17:06:13.133,86.89,0.0769250323814,0.0,0
2018-05-27 17:06:13.310,86.95,0.0769250323814,0.0,0
2018-05-27 17:06:13.403,86.98,0.0769250323814,0.0,0
2018-05-27 17:06:13.496,86.52,0.0769250323814,0.0,0
2018-05-27 17:06:13.683,85.03,0.0769250323814,0.0,0
2018-05-27 17:06:13.869,85.67,0.0769250323814,0.0,0
2018-05-27 17:06:14.031,85.39,0.0769250323814,0.0,0
2018-05-27 17:06:14.217,85.42,0.0769250323814,0.0,0
2018-05-27 17:06:14.311,84.7,0.0769250323814,0.0,0
2018-05-27 17:06:14.478,84.7,0.0769250323814,0.0,0
2018-05-27 17:06:14.757,83.23,0.0769250323814,0.0,0
2018-05-27 17:06:15.013,83.86,0.0769250323814,0.0,0
2018-05-27 17:06:15.105,83.41,0.0769250323814,0.0,0
2018-05-27 17:06:15.198,82.35,0.0769250323814,0.0,0
2018-05-27 17:06:15.292,82.15,0.0769250323814,0.0,0
2018-05-27 17:06:15.375,82.71,0.0769250323814,0.0,0
2018-05-27 17:06:15.468,82.11,0.0769250323814,0.0,0
2018-05-27 17:06:15.654,81.64,0.0769250323814,0.0,0
2018-05-27 17:06:16.002,80.65,0.0769250323814,0.0,0
2018-05-27 17:06:16.096,80.75,0.0769250323814,0.0,0
2018-05-27 17:06:16.189,80.8,0.0769250323814,0.0,0
2018-05-27 17:06:16.283,80.96,0.0769250323814,0.0,0
2018-05-27 17:06:16.366,80.48,0.0769250323814,0.0,0
2018-05-27 17:06:16.552,80.19,0.0769250323814,0.0,0
2018-05-27 17:06:16.738,78.65,0.0769250323814,0.0,0
2018-05-27 17:06:17.087,78.37,0.0769250323814,0.0,0
2018-05-27 17:06:17.179,78.65,0.0769250323814,0.0,0
2018-05-27 17:06:17.363,78.54,0.0769250323814,0.0,0
2018-05-27 17:06:17.459,78.94,0.0769250323814,0.0,0
2018-05-27 17:06:17.552,78.99,0.0769250323814,0.0,0
2018-05-27 17:06:17.645,78.95,0.0769250323814,0.0,0
2018-05-27 17:06:17.831,80.79,0.0769250323814,0.0,0
2018-05-27 17:06:18.086,80.92,0.0769250323814,0.0,0
2018-05-27 17:06:18.170,81.48,0.0769250323814,0.0,0
2018-05-27 17:06:18.263,82.27,0.0769250323814,0.0,0
2018-05-27 17:06:18.347,82.08,0.0769250323814,0.0,0
2018-05-27 17:06:18.533,83.15,0.0769250323814,0.0,0
2018-05-27 17:06:18.626,82.31,0.0769250323814,0.0,0
2018-05-27 17:06:18.812,82.1,0.0769250323814,0.0,0
2018-05-27 17:06:19.058,81.67,0.0769250323814,0.0,0
2018-05-27 17:06:19.142,80.6,0.0769250323814,0.0,0
2018-05-27 17:06:19.235,81.84,0.0769250323814,0.0,0
2018-05-27 17:06:19.328,80.44,0.0769250323814,0.0,0
2018-05-27 17:06:19.505,80.52,0.0769250323814,0.0,0
2018-05-27 17:06:19.691,79.76,0.0769250323814,0.0,0
2018-05-27 17:06:19.784,79.28,0.0769250323814,0.0,0
2018-05-27 17:06:19.868,80.18,0.0769250323814,0.0,0
2018-05-27 17:06:20.123,78.69,0.0769250323814,0.0,0
2018-05-27 17:06:20.216,80.06,0.0769250323814,0.0,0
2018-05-27 17:06:20.393,79.84,0.0769250323814,0.0,0
2018-05-27 17:06:20.663,80.96,0.0769250323814,0.0,0
2018-05-27 17:06:21.011,81.8,0.0769250323814,0.0,0
2018-05-27 17:06:21.197,83.31,0.0769250323814,0.0,0
2018-05-27 17:06:21.290,83.87,0.0769250323814,0.0,0
2018-05-27 17:06:21.383,83.54,0.0769250323814,0.0,0
2018-05-27 17:06:21.560,84.42,0.0769250323814,0.0,0
2018-05-27 17:06:21.737,86.36,0.0769250323814,0.0,0
2018-05-27 17:06:21.830,86.11,0.0769250323814,0.0,0
2018-05-27 17:06:21.923,87.14,0.0769250323814,0.0,0
2018-05-27 17:06:22.178,87.42,0.0769250323814,0.0,0
2018-05-27 17:06:22.355,89.55,0.0769250323814,0.0,0
2018-05-27 17:06:22.449,90.21,0.0769250323814,0.0,0
2018-05-27 17:06:22.532,89.36,0.0769250323814,0.0,0
2018-05-27 17:06:22.625,89.15,0.0769250323814,0.0,0
2018-05-27 17:06:22.813,88.89,0.0769250323814,0.0,0
2018-05-27 17:06:22.905,88.73,0.0769250323814,0.0,0
2018-05-27 17:06:23.143,88.79,0.0769250323814,0.0,0
2018-05-27 17:06:23.234,87.9,0.0769250323814,0.0,0
2018-05-27 17:06:23.424,87.86,0.0769250323814,0.0,0
2018-05-27 17:06:23.513,87.74,0.0769250323814,0.0,0
2018-05-27 17:06:23.607,86.66,0.0769250323814,0.0,0
2018-05-27 17:06:23.775,86.56,0.0769250323814,0.0,0
2018-05-27 17:06:23.878,86.81,0.0769250323814,0.0,0
2018-05-27 17:06:24.038,85.87,0.0769250323814,0.0,0
2018-05-27 17:06:24.318,85.72,0.0769250323814,0.0,0
2018-05-27 17:06:24.495,84.73,0.0769250323814,0.0,0
2018-05-27 17:06:24.681,84.3,0.0769250323814,0.0,0
2018-05-27 17:06:24.774,84.57,0.0769250323814,0.0,0
2018-05-27 17:06:25.020,83.75,0.0769250323814,0.0,0
2018-05-27 17:06:25.103,83.35,0.0769250323814,0.0,0
2018-05-27 17:06:25.290,83.97,0.0769250323814,0.0,0
2018-05-27 17:06:25.383,82.59,0.0769250323814,0.0,0
2018-05-27 17:06:25.654,83.11,0.0769250323814,0.0,0
2018-05-27 17:06:25.830,82.59,0.0769250323814,0.0,0
2018-05-27 17:06:25.923,82.46,0.0769250323814,0.0,0
2018-05-27 17:06:26.178,81.65,0.0769250323814,0.0,0
2018-05-27 17:06:26.271,81.82,0.0769250323814,0.0,0
2018-05-27 17:06:26.448,82.25,0.0769250323814,0.0,0
2018-05-27 17:06:26.541,82.29,0.0769250323814,0.0,0
2018-05-27 17:06:26.718,83.54,0.0769250323814,0.0,0
2018-05-27 17:06:26.811,82.62,0.0769250323814,0.0,0
2018-05-27 17:06:27.061,84.61,0.0769250323814,0.0,0
2018-05-27 17:06:27.233,85.25,0.0769250323814,0.0,0
2018-05-27 17:06:27.327,85.64,0.0769250323814,0.0,0
2018-05-27 17:06:27.410,86.3,0.0769250323814,0.0,0
2018-05-27 17:06:27.504,86.48,0.0769250323814,0.0,0
2018-05-27 17:06:27.597,86.29,0.0769250323814,0.0,0
2018-05-27 17:06:27.690,86.78,0.0769250323814,0.0,0
2018-05-27 17:06:27.783,86.26,0.0769250323814,0.0,0
2018-05-27 17:06:28.038,86.29,0.0769250323814,0.0,0
2018-05-27 17:06:28.494,84.91,0.0769250323814,0.0,0
2018-05-27 17:06:28.587,85.21,0.0769250323814,0.0,0
2018-05-27 17:06:28.773,84.03,0.0769250323814,0.0,0
2018-05-27 17:06:28.857,84.28,0.0769250323814,0.0,0
2018-05-27 17:06:29.103,84.02,0.0769250323814,0.0,0
2018-05-27 17:06:29.280,83.24,0.0769250323814,0.0,0
2018-05-27 17:06:29.457,83.17,0.0769250323814,0.0,0
2018-05-27 17:06:29.550,82.34,0.0769250323814,0.0,0
2018-05-27 17:06:29.736,82.0,0.0769250323814,0.0,0
2018-05-27 17:06:29.820,81.49,0.0769250323814,0.0,0
2018-05-27 17:06:29.914,80.74,0.0769250323814,0.0,0
2018-05-27 17:06:30.075,80.72,0.0769250323814,0.0,0
2018-05-27 17:06:30.168,80.41,0.0769250323814,0.0,0
2018-05-27 17:06:30.261,79.88,0.0769250323814,0.0,0
2018-05-27 17:06:30.354,79.28,0.0769250323814,0.0,0
2018-05-27 17:06:30.438,79.12,0.0769250323814,0.0,0
2018-05-27 17:06:30.531,78.12,0.0769250323814,0.0,0
2018-05-27 17:06:30.624,78.03,0.0769250323814,0.0,0
2018-05-27 17:06:30.717,77.51,0.0769250323814,0.0,0
2018-05-27 17:06:30.810,76.69,0.0769250323814,0.0,0
2018-05-27 17:06:31.056,76.63,0.0769250323814,0.0,0
2018-05-27 17:06:31.140,76.41,0.0769250323814,0.0,0
2018-05-27 17:06:31.233,76.38,0.0769250323814,0.0,0
2018-05-27 17:06:31.326,75.81,0.0769250323814,0.0,0
2018-05-27 17:06:31.419,75.35,0.0769250323814,0.0,0
2018-05-27 17:06:31.503,75.07,0.0769250323814,0.0,0
2018-05-27 17:06:31.596,75.13,0.0769250323814,0.0,0
2018-05-27 17:06:31.773,74.11,0.0769250323814,0.0,0
2018-05-27 17:06:31.866,74.71,0.0769250323814,0.0,0
2018-05-27 17:06:32.028,74.31,0.0769250323814,0.0,0
2018-05-27 17:06:32.391,73.69,0.0769250323814,0.0,0
2018-05-27 17:06:32.754,73.09,0.0769250323814,0.0,0
2018-05-27 17:06:32.847,72.37,0.0769250323814,0.0,0
2018-05-27 17:06:33.289,72.14,0.0769250323814,0.0,0
2018-05-27 17:06:33.558,71.94,0.0769250323814,0.0,0
2018-05-27 17:06:33.745,70.95,0.0769250323814,0.0,0
2018-05-27 17:06:33.931,70.98,0.0769250323814,0.0,0
2018-05-27 17:06:34.186,70.95,0.0769250323814,0.0,0
2018-05-27 17:06:34.280,70.76,0.0769250323814,0.0,0
2018-05-27 17:06:34.456,70.84,0.0769250323814,0.0,0
2018-05-27 17:06:34.549,70.2,0.0769250323814,0.0,0
2018-05-27 17:06:34.642,70.7,0.0769250323814,0.0,0
2018-05-27 17:06:34.828,70.23,0.0769250323814,0.0,0
2018-05-27 17:06:34.921,70.25,0.0769250323814,0.0,0
2018-05-27 17:06:35.083,69.65,0.0769250323814,0.0,0
2018-05-27 17:06:35.270,69.41,0.0769250323814,0.0,0
2018-05-27 17:06:35.354,69.53,0.0769250323814,0.0,0
2018-05-27 17:06:35.446,70.68,0.0769250323814,0.0,0
2018-05-27 17:06:35.540,69.03,0.0769250323814,0.0,0
2018-05-27 17:06:35.726,68.91,0.0769250323814,0.0,0
2018-05-27 17:06:35.819,68.49,0.0769250323814,0.0,0
2018-05-27 17:06:35.912,68.83,0.0769250323814,0.0,0
2018-05-27 17:06:36.074,68.2,0.0769250323814,0.0,0
2018-05-27 17:06:36.167,68.28,0.0769250323814,0.0,0
2018-05-27 17:06:36.260,68.26,0.0769250323814,0.0,0
2018-05-27 17:06:36.437,68.28,0.0769250323814,0.0,0
2018-05-27 17:06:36.530,68.3,0.0769250323814,0.0,0
2018-05-27 17:06:36.623,67.51,0.0769250323814,0.0,0
2018-05-27 17:06:36.809,67.48,0.0769250323814,0.0,0
2018-05-27 17:06:36.903,67.27,0.0769250323814,0.0,0
2018-05-27 17:06:37.060,67.58,0.0769250323814,0.0,0
2018-05-27 17:06:37.153,66.7,0.0769250323814,0.0,0
2018-05-27 17:06:37.325,67.06,0.0769250323814,0.0,0
2018-05-27 17:06:37.409,66.82,0.0769250323814,0.0,0
2018-05-27 17:06:37.493,66.52,0.0769250323814,0.0,0
2018-05-27 17:06:37.586,66.57,0.0769250323814,0.0,0
2018-05-27 17:06:37.679,66.39,0.0769250323814,0.0,0
2018-05-27 17:06:37.772,67.01,0.0769250323814,0.0,0
2018-05-27 17:06:38.120,66.37,0.0769250323814,0.0,0
2018-05-27 17:06:38.213,65.9,0.0769250323814,0.0,0
2018-05-27 17:06:38.306,66.05,0.0769250323814,0.0,0
2018-05-27 17:06:38.390,65.66,0.0769250323814,0.0,0
2018-05-27 17:06:38.484,66.01,0.0769250323814,0.0,0
2018-05-27 17:06:38.660,65.81,0.0769250323814,0.0,0
2018-05-27 17:06:38.753,65.88,0.0769250323814,0.0,0
2018-05-27 17:06:38.847,65.69,0.0769250323814,0.0,0
2018-05-27 17:06:39.008,65.65,0.0769250323814,0.0,0
2018-05-27 17:06:39.101,65.41,0.0769250323814,0.0,0
2018-05-27 17:06:39.288,65.72,0.0769250323814,0.0,0
2018-05-27 17:06:39.465,65.59,0.0769250323814,0.0,0
2018-05-27 17:06:39.558,64.86,0.0769250323814,0.0,0
2018-05-27 17:06:39.651,65.06,0.0769250323814,0.0,0
2018-05-27 17:06:39.744,66.23,0.0769250323814,0.0,0
2018-05-27 17:06:39.837,66.52,0.0769250323814,0.0,0
2018-05-27 17:06:39.930,66.87,0.0769250323814,0.0,0
2018-05-27 17:06:40.092,66.95,0.0769250323814,0.0,0
2018-05-27 17:06:40.185,68.03,0.0769250323814,0.0,0
2018-05-27 17:06:40.278,68.08,0.0769250323814,0.0,0
2018-05-27 17:06:40.362,67.97,0.0769250323814,0.0,0
2018-05-27 17:06:40.548,69.49,0.0769250323814,0.0,0
2018-05-27 17:06:40.641,70.52,0.0769250323814,0.0,0
2018-05-27 17:06:40.734,70.54,0.0769250323814,0.0,0
2018-05-27 17:06:40.828,71.0,0.0769250323814,0.0,0
2018-05-27 17:06:41.176,70.44,0.0769250323814,0.0,0
2018-05-27 17:06:41.269,69.88,0.0769250323814,0.0,0
2018-05-27 17:06:41.446,70.55,0.0769250323814,0.0,0
2018-05-27 17:06:41.539,70.4,0.0769250323814,0.0,0
2018-05-27 17:06:41.725,71.14,0.0769250323814,0.0,0
2018-05-27 17:06:41.818,70.42,0.0769250323814,0.0,0
2018-05-27 17:06:41.911,71.93,0.0769250323814,0.0,0
2018-05-27 17:06:42.157,72.35,0.0769250323814,0.0,0
2018-05-27 17:06:42.427,74.34,0.0769250323814,0.0,0
2018-05-27 17:06:42.511,75.11,0.0769250323814,0.0,0
2018-05-27 17:06:42.790,76.38,0.0769250323814,0.0,0
2018-05-27 17:06:42.874,77.17,0.0769250323814,0.0,0
2018-05-27 17:06:43.129,78.45,0.0769250323814,0.0,0
2018-05-27 17:06:43.315,78.66,0.0769250323814,0.0,0
2018-05-27 17:06:43.408,78.02,0.0769250323814,0.0,0
2018-05-27 17:06:43.492,78.8,0.0769250323814,0.0,0
2018-05-27 17:06:43.585,78.6,0.0769250323814,0.0,0
2018-05-27 17:06:43.855,78.57,0.0769250323814,0.0,0
2018-05-27 17:06:44.008,78.58,0.0769250323814,0.0,0
2018-05-27 17:06:44.194,79.94,0.0769250323814,0.0,0
2018-05-27 17:06:44.557,81.28,0.0769250323814,0.0,0
2018-05-27 17:06:44.744,82.79,0.0769250323814,0.0,0
2018-05-27 17:06:45.175,84.76,0.0769250323814,0.0,0
2018-05-27 17:06:45.268,84.9,0.0769250323814,0.0,0
2018-05-27 17:06:45.445,85.43,0.0769250323814,0.0,0
2018-05-27 17:06:45.631,86.92,0.0769250323814,0.0,0
2018-05-27 17:06:46.166,88.87,0.0769250323814,0.0,0
2018-05-27 17:06:46.259,89.59,0.0769250323814,0.0,0
2018-05-27 17:06:46.343,88.71,0.0769250323814,0.0,0
2018-05-27 17:06:46.529,89.27,0.0769250323814,0.0,0
2018-05-27 17:06:46.622,89.36,0.0769250323814,0.0,0
2018-05-27 17:06:46.715,88.51,0.0769250323814,0.0,0
2018-05-27 17:06:46.808,89.13,0.0769250323814,0.0,0
2018-05-27 17:06:47.324,90.4,0.0769250323814,0.0,0
2018-05-27 17:06:48.044,93.03,0.0769250323814,0.0,0
2018-05-27 17:06:48.231,94.2,0.0769250323814,0.0,0
2018-05-27 17:06:48.491,94.6,0.0769250323814,0.0,0
2018-05-27 17:06:48.584,96.81,0.0769250323814,0.0,0
2018-05-27 17:06:48.678,97.21,0.0769250323814,0.0,0
2018-05-27 17:06:49.193,99.15,0.0769250323814,0.0,0
2018-05-27 17:06:49.286,99.11,0.0769250323814,0.0,0
2018-05-27 17:06:49.556,97.26,0.0769250323814,0.0,0
2018-05-27 17:06:49.743,97.55,0.0769250323814,0.0,0
2018-05-27 17:06:50.081,96.29,0.0769250323814,0.0,0
2018-05-27 17:06:50.175,96.63,0.0769250323814,0.0,0
2018-05-27 17:06:50.538,95.75,0.0769250323814,0.0,0
2018-05-27 17:06:50.631,95.49,0.0769250323814,0.0,0
2018-05-27 17:06:50.808,94.58,0.0769250323814,0.0,0
2018-05-27 17:06:51.058,93.37,0.0769250323814,0.0,0
2018-05-27 17:06:51.146,93.18,0.0769250323814,0.0,0
2018-05-27 17:06:51.510,92.21,0.0769250323814,0.0,0
2018-05-27 17:06:51.593,92.24,0.0769250323814,0.0,0
2018-05-27 17:06:51.687,92.41,0.0769250323814,0.0,0
2018-05-27 17:06:51.780,92.51,0.0769250323814,0.0,0
2018-05-27 17:06:51.874,92.09,0.0769250323814,0.0,0
2018-05-27 17:06:52.035,91.88,0.0769250323814,0.0,0
2018-05-27 17:06:52.128,91.6,0.0769250323814,0.0,0
2018-05-27 17:06:52.222,91.83,0.0769250323814,0.0,0
2018-05-27 17:06:52.305,92.37,0.0769250323814,0.0,0
2018-05-27 17:06:52.481,91.79,0.0769250323814,0.0,0
2018-05-27 17:06:52.565,90.95,0.0769250323814,0.0,0
2018-05-27 17:06:52.658,90.97,0.0769250323814,0.0,0
2018-05-27 17:06:52.752,90.08,0.0769250323814,0.0,0
2018-05-27 17:06:52.845,89.93,0.0769250323814,0.0,0
2018-05-27 17:06:53.090,90.05,0.0769250323814,0.0,0
2018-05-27 17:06:53.183,90.24,0.0769250323814,0.0,0
2018-05-27 17:06:53.277,89.28,0.0769250323814,0.0,0
2018-05-27 17:06:53.370,89.41,0.0769250323814,0.0,0
2018-05-27 17:06:53.453,88.93,0.0769250323814,0.0,0
2018-05-27 17:06:53.547,89.39,0.0769250323814,0.0,0
2018-05-27 17:06:53.640,89.64,0.0769250323814,0.0,0
2018-05-27 17:06:53.733,89.25,0.0769250323814,0.0,0
2018-05-27 17:06:53.826,89.38,0.0769250323814,0.0,0
2018-05-27 17:06:53.910,89.39,0.0769250323814,0.0,0
2018-05-27 17:06:54.072,89.27,0.0769250323814,0.0,0
2018-05-27 17:06:54.165,88.69,0.0769250323814,0.0,0
2018-05-27 17:06:54.342,87.96,0.0769250323814,0.0,0
2018-05-27 17:06:54.528,87.37,0.0769250323814,0.0,0
2018-05-27 17:06:54.621,87.39,0.0769250323814,0.0,0
2018-05-27 17:06:54.798,86.58,0.0769250323814,0.0,0
2018-05-27 17:06:54.882,86.01,0.0769250323814,0.0,0
2018-05-27 17:06:55.043,86.08,0.0769250323814,0.0,0
2018-05-27 17:06:55.137,86.13,0.0769250323814,0.0,0
2018-05-27 17:06:55.230,86.37,0.0769250323814,0.0,0
2018-05-27 17:06:55.407,85.09,0.0769250323814,0.0,0
2018-05-27 17:06:55.500,84.76,0.0769250323814,0.0,0
2018-05-27 17:06:55.584,85.46,0.0769250323814,0.0,0
2018-05-27 17:06:55.667,84.57,0.0769250323814,0.0,0
2018-05-27 17:06:55.760,84.42,0.0769250323814,0.0,0
2018-05-27 17:06:55.844,84.26,0.0769250323814,0.0,0
2018-05-27 17:06:56.006,83.93,0.0769250323814,0.0,0
2018-05-27 17:06:56.099,83.93,0.0769250323814,0.0,0
2018-05-27 17:06:56.193,83.0,0.0769250323814,0.0,0
2018-05-27 17:06:56.286,83.0,0.0769250323814,0.0,0
2018-05-27 17:06:56.369,82.89,0.0769250323814,0.0,0
2018-05-27 17:06:56.462,83.12,0.0769250323814,0.0,0
2018-05-27 17:06:56.556,82.29,0.0769250323814,0.0,0
2018-05-27 17:06:56.649,81.66,0.0769250323814,0.0,0
2018-05-27 17:06:56.742,82.12,0.0769250323814,0.0,0
2018-05-27 17:06:56.835,82.15,0.0769250323814,0.0,0
2018-05-27 17:06:56.928,81.04,0.0769250323814,0.0,0
2018-05-27 17:06:57.080,81.44,0.0769250323814,0.0,0
2018-05-27 17:06:57.192,80.21,0.0769250323814,0.0,0
2018-05-27 17:06:57.285,81.39,0.0769250323814,0.0,0
2018-05-27 17:06:57.370,80.09,0.0769250323814,0.0,0
2018-05-27 17:06:57.462,80.21,0.0769250323814,0.0,0
2018-05-27 17:06:57.556,80.22,0.0769250323814,0.0,0
2018-05-27 17:06:57.649,79.61,0.0769250323814,0.0,0
2018-05-27 17:06:57.835,78.88,0.0769250323814,0.0,0
2018-05-27 17:06:58.090,78.56,0.0769250323814,0.0,0
2018-05-27 17:06:58.183,79.61,0.0769250323814,0.0,0
2018-05-27 17:06:58.360,79.51,0.0769250323814,0.0,0
2018-05-27 17:06:58.453,80.41,0.0769250323814,0.0,0
2018-05-27 17:06:58.546,80.77,0.0769250323814,0.0,0
2018-05-27 17:06:58.639,81.24,0.0769250323814,0.0,0
2018-05-27 17:06:58.732,81.3,0.0769250323814,0.0,0
2018-05-27 17:06:58.919,82.09,0.0769250323814,0.0,0
2018-05-27 17:06:59.080,82.79,0.0769250323814,0.0,0
2018-05-27 17:06:59.174,82.76,0.0769250323814,0.0,0
2018-05-27 17:06:59.267,83.49,0.0769250323814,0.0,0
2018-05-27 17:06:59.350,84.1,0.0769250323814,0.0,0
2018-05-27 17:06:59.630,84.9,0.0769250323814,0.0,0
2018-05-27 17:06:59.723,85.62,0.0769250323814,0.0,0
2018-05-27 17:06:59.816,85.77,0.0769250323814,0.0,0
2018-05-27 17:06:59.909,87.62,0.0769250323814,0.0,0
2018-05-27 17:07:00.164,88.27,0.0769250323814,0.0,0
2018-05-27 17:07:00.341,88.75,0.0769250323814,0.0,0
2018-05-27 17:07:00.434,89.72,0.0769250323814,0.0,0
2018-05-27 17:07:00.620,90.6,0.0769250323814,0.0,0
2018-05-27 17:07:00.713,91.34,0.0769250323814,0.0,0
2018-05-27 17:07:02.024,98.16,0.0769250323814,0.0,0
2018-05-27 17:07:02.117,98.3,0.0769250323814,0.0,0
2018-05-27 17:07:02.471,97.23,0.0769250323814,0.0,0
2018-05-27 17:07:02.565,97.12,0.0769250323814,0.0,0
2018-05-27 17:07:02.927,96.38,0.0769250323814,0.0,0
2018-05-27 17:07:03.089,95.75,0.0769250323814,0.0,0
2018-05-27 17:07:03.182,96.16,0.0769250323814,0.0,0
2018-05-27 17:07:03.359,95.69,0.0769250323814,0.0,0
2018-05-27 17:07:03.443,94.42,0.0769250323814,0.0,0
2018-05-27 17:07:03.722,94.66,0.0769250323814,0.0,0
2018-05-27 17:07:03.815,94.69,0.0769250323814,0.0,0
2018-05-27 17:07:03.908,94.45,0.0769250323814,0.0,0
2018-05-27 17:07:04.070,94.92,0.0769250323814,0.0,0
2018-05-27 17:07:04.163,94.96,0.0769250323814,0.0,0
2018-05-27 17:07:04.341,94.53,0.0769250323814,0.0,0
2018-05-27 17:07:04.713,96.01,0.0769250323814,0.0,0
2018-05-27 17:07:04.806,96.16,0.0769250323814,0.0,0
2018-05-27 17:07:05.056,97.06,0.0769250323814,0.0,0
2018-05-27 17:07:05.145,97.18,0.0769250323814,0.0,0
2018-05-27 17:07:05.229,97.34,0.0769250323814,0.0,0
2018-05-27 17:07:05.415,98.13,0.0769250323814,0.0,0
2018-05-27 17:07:05.498,98.73,0.0769250323814,0.0,0
2018-05-27 17:07:05.592,98.64,0.0769250323814,0.0,0
2018-05-27 17:07:05.685,99.57,0.0769250323814,0.0,0
2018-05-27 17:07:05.778,99.92,0.0769250323814,0.0,0
2018-05-27 17:07:05.871,100.24,0.0769250323814,0.0,0
2018-05-27 17:07:06.033,100.84,0.0769250323814,0.0,0
2018-05-27 17:07:06.126,101.14,0.0769250323814,0.0,0
2018-05-27 17:07:06.219,100.45,0.0769250323814,0.0,0
2018-05-27 17:07:06.564,99.48,0.0769250323814,0.0,0
2018-05-27 17:07:06.750,98.09,0.0769250323814,0.0,0
2018-05-27 17:07:06.843,98.01,0.0769250323814,0.0,0
2018-05-27 17:07:06.927,97.71,0.0769250323814,0.0,0
2018-05-27 17:07:07.089,97.27,0.0769250323814,0.0,0
2018-05-27 17:07:07.182,96.41,0.0769250323814,0.0,0
2018-05-27 17:07:07.368,97.12,0.0769250323814,0.0,0
2018-05-27 17:07:07.638,96.23,0.0769250323814,0.0,0
2018-05-27 17:07:07.731,95.68,0.0769250323814,0.0,0
2018-05-27 17:07:07.824,95.99,0.0769250323814,0.0,0
2018-05-27 17:07:07.908,95.59,0.0769250323814,0.0,0
2018-05-27 17:07:08.163,94.69,0.0769250323814,0.0,0
2018-05-27 17:07:08.256,94.67,0.0769250323814,0.0,0
2018-05-27 17:07:08.433,94.12,0.0769250323814,0.0,0
2018-05-27 17:07:08.526,93.95,0.0769250323814,0.0,0
2018-05-27 17:07:08.619,93.5,0.0769250323814,0.0,0
2018-05-27 17:07:08.801,92.79,0.0769250323814,0.0,0
2018-05-27 17:07:09.042,92.35,0.0769250323814,0.0,0
2018-05-27 17:07:09.228,91.38,0.0769250323814,0.0,0
2018-05-27 17:07:09.414,91.7,0.0769250323814,0.0,0
2018-05-27 17:07:09.507,91.72,0.0769250323814,0.0,0
2018-05-27 17:07:09.777,93.27,0.0769250323814,0.0,0
2018-05-27 17:07:09.871,92.97,0.0769250323814,0.0,0
2018-05-27 17:07:10.032,92.96,0.0769250323814,0.0,0
2018-05-27 17:07:10.218,94.11,0.0769250323814,0.0,0
2018-05-27 17:07:10.405,94.89,0.0769250323814,0.0,0
2018-05-27 17:07:10.489,94.52,0.0769250323814,0.0,0
2018-05-27 17:07:10.665,95.24,0.0769250323814,0.0,0
2018-05-27 17:07:10.842,95.04,0.0769250323814,0.0,0
2018-05-27 17:07:11.004,94.18,0.0769250323814,0.0,0
2018-05-27 17:07:11.097,94.08,0.0769250323814,0.0,0
2018-05-27 17:07:11.191,93.44,0.0769250323814,0.0,0
2018-05-27 17:07:11.284,93.2,0.0769250323814,0.0,0
2018-05-27 17:07:11.372,93.0,0.0769250323814,0.0,0
2018-05-27 17:07:11.554,92.42,0.0769250323814,0.0,0
2018-05-27 17:07:11.647,92.03,0.0769250323814,0.0,0
2018-05-27 17:07:11.740,91.76,0.0769250323814,0.0,0
2018-05-27 17:07:11.926,91.55,0.0769250323814,0.0,0
2018-05-27 17:07:12.088,91.36,0.0769250323814,0.0,0
2018-05-27 17:07:12.358,88.81,0.0769250323814,0.0,0
2018-05-27 17:07:12.451,88.41,0.0769250323814,0.0,0
2018-05-27 17:07:12.637,87.76,0.0769250323814,0.0,0
2018-05-27 17:07:12.730,87.58,0.0769250323814,0.0,0
2018-05-27 17:07:12.917,87.45,0.0769250323814,0.0,0
2018-05-27 17:07:13.163,86.13,0.0769250323814,0.0,0
2018-05-27 17:07:13.442,86.13,0.0769250323814,0.0,0
2018-05-27 17:07:13.628,84.48,0.0769250323814,0.0,0
2018-05-27 17:07:13.721,85.06,0.0769250323814,0.0,0
2018-05-27 17:07:13.805,85.43,0.0769250323814,0.0,0
2018-05-27 17:07:13.898,85.13,0.0769250323814,0.0,0
2018-05-27 17:07:14.153,84.33,0.0769250323814,0.0,0
2018-05-27 17:07:14.241,83.34,0.0769250323814,0.0,0
2018-05-27 17:07:14.684,83.13,0.0769250323814,0.0,0
2018-05-27 17:07:14.870,82.46,0.0769250323814,0.0,0
2018-05-27 17:07:15.125,82.13,0.0769250323814,0.0,0
2018-05-27 17:07:15.851,80.18,0.0769250323814,0.0,0
2018-05-27 17:07:16.190,80.16,0.0769250323814,0.0,0
2018-05-27 17:07:16.284,79.61,0.0769250323814,0.0,0
2018-05-27 17:07:16.367,80.07,0.0769250323814,0.0,0
2018-05-27 17:07:16.553,78.63,0.0769250323814,0.0,0
2018-05-27 17:07:16.646,79.23,0.0769250323814,0.0,0
2018-05-27 17:07:16.739,78.97,0.0769250323814,0.0,0
2018-05-27 17:07:16.832,78.17,0.0769250323814,0.0,0
2018-05-27 17:07:16.925,78.51,0.0769250323814,0.0,0
2018-05-27 17:07:17.087,78.4,0.0769250323814,0.0,0
2018-05-27 17:07:17.180,78.34,0.0769250323814,0.0,0
2018-05-27 17:07:17.544,79.35,0.0769250323814,0.0,0
2018-05-27 17:07:17.730,80.98,0.0769250323814,0.0,0
2018-05-27 17:07:18.534,84.92,0.0769250323814,0.0,0
2018-05-27 17:07:18.627,85.85,0.0769250323814,0.0,0
2018-05-27 17:07:18.720,85.39,0.0769250323814,0.0,0
2018-05-27 17:07:18.813,86.69,0.0769250323814,0.0,0
2018-05-27 17:07:18.907,86.97,0.0769250323814,0.0,0
2018-05-27 17:07:19.162,87.41,0.0769250323814,0.0,0
2018-05-27 17:07:19.255,86.93,0.0769250323814,0.0,0
2018-05-27 17:07:19.338,86.7,0.0769250323814,0.0,0
2018-05-27 17:07:19.432,86.58,0.0769250323814,0.0,0
2018-05-27 17:07:19.618,85.57,0.0769250323814,0.0,0
2018-05-27 17:07:19.711,86.28,0.0769250323814,0.0,0
2018-05-27 17:07:19.804,86.16,0.0769250323814,0.0,0
2018-05-27 17:07:19.897,85.4,0.0769250323814,0.0,0
2018-05-27 17:07:20.059,85.32,0.0769250323814,0.0,0
2018-05-27 17:07:20.152,84.84,0.0769250323814,0.0,0
2018-05-27 17:07:20.329,84.98,0.0769250323814,0.0,0
2018-05-27 17:07:20.413,84.34,0.0769250323814,0.0,0
2018-05-27 17:07:20.506,83.79,0.0769250323814,0.0,0
2018-05-27 17:07:20.599,83.17,0.0769250323814,0.0,0
2018-05-27 17:07:20.692,83.97,0.0769250323814,0.0,0
2018-05-27 17:07:20.785,83.6,0.0769250323814,0.0,0
2018-05-27 17:07:20.878,83.41,0.0769250323814,0.0,0
2018-05-27 17:07:21.134,82.07,0.0769250323814,0.0,0
2018-05-27 17:07:21.217,82.84,0.0769250323814,0.0,0
2018-05-27 17:07:21.403,81.74,0.0769250323814,0.0,0
2018-05-27 17:07:21.487,82.58,0.0769250323814,0.0,0
2018-05-27 17:07:21.580,81.91,0.0769250323814,0.0,0
2018-05-27 17:07:21.757,81.45,0.0769250323814,0.0,0
2018-05-27 17:07:21.841,81.11,0.0769250323814,0.0,0
2018-05-27 17:07:22.189,80.01,0.0769250323814,0.0,0
2018-05-27 17:07:22.273,80.38,0.0769250323814,0.0,0
2018-05-27 17:07:22.543,80.33,0.0769250323814,0.0,0
2018-05-27 17:07:22.636,79.63,0.0769250323814,0.0,0
2018-05-27 17:07:22.915,80.3,0.0769250323814,0.0,0
2018-05-27 17:07:23.077,80.88,0.0769250323814,0.0,0
2018-05-27 17:07:23.170,80.79,0.0769250323814,0.0,0
2018-05-27 17:07:23.264,80.92,0.0769250323814,0.0,0
2018-05-27 17:07:23.450,81.12,0.0769250323814,0.0,0
2018-05-27 17:07:23.543,81.5,0.0769250323814,0.0,0
2018-05-27 17:07:23.729,81.85,0.0769250323814,0.0,0
2018-05-27 17:07:23.822,81.46,0.0769250323814,0.0,0
2018-05-27 17:07:23.915,82.19,0.0769250323814,0.0,0
2018-05-27 17:07:24.077,82.04,0.0769250323814,0.0,0
2018-05-27 17:07:24.170,82.07,0.0769250323814,0.0,0
2018-05-27 17:07:24.356,83.03,0.0769250323814,0.0,0
2018-05-27 17:07:24.440,82.45,0.0769250323814,0.0,0
2018-05-27 17:07:24.533,82.57,0.0769250323814,0.0,0
2018-05-27 17:07:24.627,83.28,0.0769250323814,0.0,0
2018-05-27 17:07:24.720,83.47,0.0769250323814,0.0,0
2018-05-27 17:07:24.813,83.07,0.0769250323814,0.0,0
2018-05-27 17:07:24.906,82.94,0.0769250323814,0.0,0
2018-05-27 17:07:25.068,83.41,0.0769250323814,0.0,0
2018-05-27 17:07:25.161,83.96,0.0769250323814,0.0,0
2018-05-27 17:07:25.339,83.95,0.0769250323814,0.0,0
2018-05-27 17:07:25.524,82.7,0.0769250323814,0.0,0
2018-05-27 17:07:25.617,83.67,0.0769250323814,0.0,0
2018-05-27 17:07:26.142,82.2,0.0769250323814,0.0,0
2018-05-27 17:07:26.412,81.85,0.0769250323814,0.0,0
2018-05-27 17:07:26.589,82.02,0.0769250323814,0.0,0
2018-05-27 17:07:26.682,82.53,0.0769250323814,0.0,0
2018-05-27 17:07:26.775,82.97,0.0769250323814,0.0,0
2018-05-27 17:07:26.868,82.85,0.0769250323814,0.0,0
2018-05-27 17:07:27.123,83.95,0.0769250323814,0.0,0
2018-05-27 17:07:27.384,84.37,0.0769250323814,0.0,0
2018-05-27 17:07:27.663,86.61,0.0769250323814,0.0,0
2018-05-27 17:07:27.756,86.04,0.0769250323814,0.0,0
2018-05-27 17:07:28.003,87.84,0.0769250323814,0.0,0
2018-05-27 17:07:28.095,88.31,0.0769250323814,0.0,0
2018-05-27 17:07:28.188,88.92,0.0769250323814,0.0,0
2018-05-27 17:07:28.281,88.58,0.0769250323814,0.0,0
2018-05-27 17:07:28.375,88.48,0.0769250323814,0.0,0
2018-05-27 17:07:28.551,87.82,0.0769250323814,0.0,0
2018-05-27 17:07:28.831,87.54,0.0769250323814,0.0,0
2018-05-27 17:07:29.076,85.88,0.0769250323814,0.0,0
2018-05-27 17:07:29.821,84.85,0.0769250323814,0.0,0
2018-05-27 17:07:29.915,84.52,0.0769250323814,0.0,0
2018-05-27 17:07:30.160,83.86,0.0769250323814,0.0,0
2018-05-27 17:07:30.346,83.3,0.0769250323814,0.0,0
2018-05-27 17:07:30.430,83.99,0.0769250323814,0.0,0
2018-05-27 17:07:30.616,82.49,0.0769250323814,0.0,0
2018-05-27 17:07:30.803,82.64,0.0769250323814,0.0,0
2018-05-27 17:07:30.891,82.09,0.0769250323814,0.0,0
2018-05-27 17:07:31.132,82.44,0.0769250323814,0.0,0
2018-05-27 17:07:31.318,81.55,0.0769250323814,0.0,0
2018-05-27 17:07:31.411,80.82,0.0769250323814,0.0,0
2018-05-27 17:07:31.487,81.32,0.0769250323814,0.0,0
2018-05-27 17:07:31.579,80.28,0.0769250323814,0.0,0
2018-05-27 17:07:31.672,80.41,0.0769250323814,0.0,0
2018-05-27 17:07:31.858,79.81,0.0769250323814,0.0,0
2018-05-27 17:07:32.020,79.92,0.0769250323814,0.0,0
2018-05-27 17:07:32.113,79.29,0.0769250323814,0.0,0
2018-05-27 17:07:32.291,79.36,0.0769250323814,0.0,0
2018-05-27 17:07:32.458,78.45,0.0769250323814,0.0,0
2018-05-27 17:07:32.644,78.38,0.0769250323814,0.0,0
2018-05-27 17:07:32.731,78.27,0.0769250323814,0.0,0
2018-05-27 17:07:32.821,78.39,0.0769250323814,0.0,0
2018-05-27 17:07:33.076,77.34,0.0769250323814,0.0,0
2018-05-27 17:07:33.350,77.11,0.0769250323814,0.0,0
2018-05-27 17:07:33.625,76.18,0.0769250323814,0.0,0
2018-05-27 17:07:33.719,76.09,0.0769250323814,0.0,0
2018-05-27 17:07:33.812,76.1,0.0769250323814,0.0,0
2018-05-27 17:07:33.905,75.73,0.0769250323814,0.0,0
2018-05-27 17:07:34.067,75.77,0.0769250323814,0.0,0
2018-05-27 17:07:34.430,74.78,0.0769250323814,0.0,0
2018-05-27 17:07:34.802,73.86,0.0769250323814,0.0,0
2018-05-27 17:07:34.895,73.65,0.0769250323814,0.0,0
2018-05-27 17:07:35.052,73.52,0.0769250323814,0.0,0
2018-05-27 17:07:35.141,73.28,0.0769250323814,0.0,0
2018-05-27 17:07:35.225,73.13,0.0769250323814,0.0,0
2018-05-27 17:07:35.308,73.37,0.0769250323814,0.0,0
2018-05-27 17:07:35.401,72.82,0.0769250323814,0.0,0
2018-05-27 17:07:35.485,72.68,0.0769250323814,0.0,0
2018-05-27 17:07:35.578,71.93,0.0769250323814,0.0,0
2018-05-27 17:07:36.550,70.63,0.0769250323814,0.0,0
2018-05-27 17:07:36.643,71.31,0.0769250323814,0.0,0
2018-05-27 17:07:36.830,70.2,0.0769250323814,0.0,0
2018-05-27 17:07:36.913,69.96,0.0769250323814,0.0,0
2018-05-27 17:07:37.075,70.49,0.0769250323814,0.0,0
2018-05-27 17:07:37.354,69.83,0.0769250323814,0.0,0
2018-05-27 17:07:37.438,69.91,0.0769250323814,0.0,0
2018-05-27 17:07:37.624,69.54,0.0769250323814,0.0,0
2018-05-27 17:07:37.708,69.32,0.0769250323814,0.0,0
2018-05-27 17:07:38.051,68.74,0.0769250323814,0.0,0
2018-05-27 17:07:38.140,69.14,0.0769250323814,0.0,0
2018-05-27 17:07:38.316,69.42,0.0769250323814,0.0,0
2018-05-27 17:07:38.493,69.68,0.0769250323814,0.0,0
2018-05-27 17:07:38.587,70.09,0.0769250323814,0.0,0
2018-05-27 17:07:38.680,70.54,0.0769250323814,0.0,0
2018-05-27 17:07:38.773,70.32,0.0769250323814,0.0,0
2018-05-27 17:07:39.121,72.68,0.0769250323814,0.0,0
2018-05-27 17:07:39.214,72.51,0.0769250323814,0.0,0
2018-05-27 17:07:39.670,73.09,0.0769250323814,0.0,0
2018-05-27 17:07:40.018,73.53,0.0769250323814,0.0,0
2018-05-27 17:07:40.204,72.85,0.0769250323814,0.0,0
2018-05-27 17:07:40.297,72.68,0.0769250323814,0.0,0
2018-05-27 17:07:40.382,72.54,0.0769250323814,0.0,0
2018-05-27 17:07:40.479,70.95,0.0769250323814,0.0,0
2018-05-27 17:07:40.567,71.59,0.0769250323814,0.0,0
2018-05-27 17:07:40.660,71.86,0.0769250323814,0.0,0
2018-05-27 17:07:40.744,72.14,0.0769250323814,0.0,0
2018-05-27 17:07:40.837,72.3,0.0769250323814,0.0,0
2018-05-27 17:07:41.092,71.92,0.0769250323814,0.0,0
2018-05-27 17:07:41.362,71.18,0.0769250323814,0.0,0
2018-05-27 17:07:41.455,71.79,0.0769250323814,0.0,0
2018-05-27 17:07:41.548,71.15,0.0769250323814,0.0,0
2018-05-27 17:07:41.641,71.04,0.0769250323814,0.0,0
2018-05-27 17:07:41.828,71.63,0.0769250323814,0.0,0
2018-05-27 17:07:41.921,71.47,0.0769250323814,0.0,0
2018-05-27 17:07:42.176,72.05,0.0769250323814,0.0,0
2018-05-27 17:07:42.269,72.62,0.0769250323814,0.0,0
2018-05-27 17:07:42.445,73.35,0.0769250323814,0.0,0
2018-05-27 17:07:42.818,74.48,0.0769250323814,0.0,0
2018-05-27 17:07:42.911,75.5,0.0769250323814,0.0,0
2018-05-27 17:07:43.073,76.09,0.0769250323814,0.0,0
2018-05-27 17:07:43.166,75.75,0.0769250323814,0.0,0
2018-05-27 17:07:43.259,76.51,0.0769250323814,0.0,0
2018-05-27 17:07:43.343,76.43,0.0769250323814,0.0,0
2018-05-27 17:07:43.436,76.38,0.0769250323814,0.0,0
2018-05-27 17:07:43.622,77.22,0.0769250323814,0.0,0
2018-05-27 17:07:43.715,77.35,0.0769250323814,0.0,0
2018-05-27 17:07:43.901,78.11,0.0769250323814,0.0,0
2018-05-27 17:07:44.063,79.51,0.0769250323814,0.0,0
2018-05-27 17:07:44.249,80.57,0.0769250323814,0.0,0
2018-05-27 17:07:44.334,80.39,0.0769250323814,0.0,0
2018-05-27 17:07:44.426,81.05,0.0769250323814,0.0,0
2018-05-27 17:07:44.519,81.8,0.0769250323814,0.0,0
2018-05-27 17:07:44.612,80.82,0.0769250323814,0.0,0
2018-05-27 17:07:44.706,81.39,0.0769250323814,0.0,0
2018-05-27 17:07:44.799,82.25,0.0769250323814,0.0,0
2018-05-27 17:07:45.137,80.7,0.0769250323814,0.0,0
2018-05-27 17:07:45.407,80.93,0.0769250323814,0.0,0
2018-05-27 17:07:45.491,80.59,0.0769250323814,0.0,0
2018-05-27 17:07:45.771,80.06,0.0769250323814,0.0,0
2018-05-27 17:07:45.864,80.03,0.0769250323814,0.0,0
2018-05-27 17:07:46.119,78.48,0.0769250323814,0.0,0
2018-05-27 17:07:46.212,79.26,0.0769250323814,0.0,0
2018-05-27 17:07:46.761,78.25,0.0769250323814,0.0,0
2018-05-27 17:07:47.017,78.24,0.0769250323814,0.0,0
2018-05-27 17:07:47.099,78.62,0.0769250323814,0.0,0
2018-05-27 17:07:47.369,79.02,0.0769250323814,0.0,0
2018-05-27 17:07:47.453,79.38,0.0769250323814,0.0,0
2018-05-27 17:07:47.816,81.25,0.0769250323814,0.0,0
2018-05-27 17:07:47.909,81.91,0.0769250323814,0.0,0
2018-05-27 17:07:48.071,81.67,0.0769250323814,0.0,0
2018-05-27 17:07:48.528,83.92,0.0769250323814,0.0,0
2018-05-27 17:07:48.798,86.07,0.0769250323814,0.0,0
2018-05-27 17:07:48.890,85.55,0.0769250323814,0.0,0
2018-05-27 17:07:49.048,85.6,0.0769250323814,0.0,0
2018-05-27 17:07:49.313,88.18,0.0769250323814,0.0,0
2018-05-27 17:07:49.397,87.66,0.0769250323814,0.0,0
2018-05-27 17:07:49.490,88.57,0.0769250323814,0.0,0
2018-05-27 17:07:49.583,88.48,0.0769250323814,0.0,0
2018-05-27 17:07:49.676,89.9,0.0769250323814,0.0,0
2018-05-27 17:07:49.769,90.33,0.0769250323814,0.0,0
2018-05-27 17:07:49.862,90.8,0.0769250323814,0.0,0
2018-05-27 17:07:50.210,92.55,0.0769250323814,0.0,0
2018-05-27 17:07:50.666,94.72,0.0769250323814,0.0,0
2018-05-27 17:07:50.750,94.09,0.0769250323814,0.0,0
2018-05-27 17:07:50.843,94.61,0.0769250323814,0.0,0
2018-05-27 17:07:51.191,93.17,0.0769250323814,0.0,0
2018-05-27 17:07:51.285,93.4,0.0769250323814,0.0,0
2018-05-27 17:07:51.461,91.87,0.0769250323814,0.0,0
2018-05-27 17:07:51.554,91.69,0.0769250323814,0.0,0
2018-05-27 17:07:51.741,90.93,0.0769250323814,0.0,0
2018-05-27 17:07:51.834,91.09,0.0769250323814,0.0,0
2018-05-27 17:07:51.927,90.91,0.0769250323814,0.0,0
2018-05-27 17:07:52.089,90.42,0.0769250323814,0.0,0
2018-05-27 17:07:52.359,90.07,0.0769250323814,0.0,0
2018-05-27 17:07:52.545,89.83,0.0769250323814,0.0,0
2018-05-27 17:07:52.917,88.44,0.0769250323814,0.0,0
2018-05-27 17:07:53.079,87.78,0.0769250323814,0.0,0
2018-05-27 17:07:53.172,87.95,0.0769250323814,0.0,0
2018-05-27 17:07:53.535,87.42,0.0769250323814,0.0,0
2018-05-27 17:07:53.721,85.99,0.0769250323814,0.0,0
2018-05-27 17:07:54.060,85.57,0.0769250323814,0.0,0
2018-05-27 17:07:54.423,85.8,0.0769250323814,0.0,0
2018-05-27 17:07:54.777,86.61,0.0769250323814,0.0,0
2018-05-27 17:07:54.870,86.88,0.0769250323814,0.0,0
2018-05-27 17:07:55.218,87.51,0.0769250323814,0.0,0
2018-05-27 17:07:55.404,88.5,0.0769250323814,0.0,0
2018-05-27 17:07:55.674,90.16,0.0769250323814,0.0,0
2018-05-27 17:07:55.767,90.91,0.0769250323814,0.0,0
2018-05-27 17:07:55.860,91.95,0.0769250323814,0.0,0
2018-05-27 17:07:56.022,92.19,0.0769250323814,0.0,0
2018-05-27 17:07:56.479,94.75,0.0769250323814,0.0,0
2018-05-27 17:07:56.925,93.25,0.0769250323814,0.0,0
2018-05-27 17:07:57.273,93.09,0.0769250323814,0.0,0
2018-05-27 17:07:57.450,92.67,0.0769250323814,0.0,0
2018-05-27 17:07:57.543,92.03,0.0769250323814,0.0,0
2018-05-27 17:07:57.823,89.55,0.0769250323814,0.0,0
2018-05-27 17:07:58.171,88.12,0.0769250323814,0.0,0
2018-05-27 17:07:58.264,87.53,0.0769250323814,0.0,0
2018-05-27 17:07:58.347,86.72,0.0769250323814,0.0,0
2018-05-27 17:07:58.441,85.79,0.0769250323814,0.0,0
2018-05-27 17:07:58.534,86.26,0.0769250323814,0.0,0
2018-05-27 17:07:58.627,86.17,0.0769250323814,0.0,0
2018-05-27 17:07:58.720,85.37,0.0769250323814,0.0,0
2018-05-27 17:07:59.068,85.03,0.0769250323814,0.0,0
2018-05-27 17:07:59.161,83.74,0.0769250323814,0.0,0
2018-05-27 17:07:59.254,83.63,0.0769250323814,0.0,0
2018-05-27 17:07:59.338,83.15,0.0769250323814,0.0,0
2018-05-27 17:07:59.431,82.84,0.0769250323814,0.0,0
2018-05-27 17:07:59.524,81.91,0.0769250323814,0.0,0
2018-05-27 17:07:59.710,81.37,0.0769250323814,0.0,0
2018-05-27 17:07:59.803,79.77,0.0769250323814,0.0,0
2018-05-27 17:07:59.896,79.62,0.0769250323814,0.0,0
2018-05-27 17:08:00.319,78.36,0.0769250323814,0.0,0
2018-05-27 17:08:00.682,77.4,0.0769250323814,0.0,0
2018-05-27 17:08:00.775,77.46,0.0769250323814,0.0,0
2018-05-27 17:08:00.868,77.37,0.0769250323814,0.0,0
2018-05-27 17:08:01.030,76.8,0.0769250323814,0.0,0
2018-05-27 17:08:01.309,76.31,0.0769250323814,0.0,0
2018-05-27 17:08:01.402,76.02,0.0769250323814,0.0,0
2018-05-27 17:08:02.011,74.53,0.0769250323814,0.0,0
2018-05-27 17:08:02.197,74.19,0.0769250323814,0.0,0
2018-05-27 17:08:02.375,74.46,0.0769250323814,0.0,0
2018-05-27 17:08:02.551,74.08,0.0769250323814,0.0,0
2018-05-27 17:08:02.644,73.22,0.0769250323814,0.0,0
2018-05-27 17:08:03.085,72.31,0.0769250323814,0.0,0
2018-05-27 17:08:03.272,72.29,0.0769250323814,0.0,0
2018-05-27 17:08:03.355,71.65,0.0769250323814,0.0,0
2018-05-27 17:08:03.542,71.35,0.0769250323814,0.0,0
2018-05-27 17:08:03.821,71.95,0.0769250323814,0.0,0
2018-05-27 17:08:03.914,70.91,0.0769250323814,0.0,0
2018-05-27 17:08:04.076,71.18,0.0769250323814,0.0,0
2018-05-27 17:08:04.262,71.77,0.0769250323814,0.0,0
2018-05-27 17:08:04.346,71.55,0.0769250323814,0.0,0
2018-05-27 17:08:04.439,72.64,0.0769250323814,0.0,0
2018-05-27 17:08:04.718,73.78,0.0769250323814,0.0,0
2018-05-27 17:08:04.811,73.51,0.0769250323814,0.0,0
2018-05-27 17:08:04.904,74.59,0.0769250323814,0.0,0
2018-05-27 17:08:05.066,74.17,0.0769250323814,0.0,0
2018-05-27 17:08:05.159,74.62,0.0769250323814,0.0,0
2018-05-27 17:08:05.252,75.8,0.0769250323814,0.0,0
2018-05-27 17:08:05.336,75.97,0.0769250323814,0.0,0
2018-05-27 17:08:05.429,76.92,0.0769250323814,0.0,0
2018-05-27 17:08:05.522,77.25,0.0769250323814,0.0,0
2018-05-27 17:08:05.615,77.66,0.0769250323814,0.0,0
2018-05-27 17:08:05.709,78.15,0.0769250323814,0.0,0
2018-05-27 17:08:05.802,79.03,0.0769250323814,0.0,0
2018-05-27 17:08:06.057,80.07,0.0769250323814,0.0,0
2018-05-27 17:08:06.150,80.19,0.0769250323814,0.0,0
2018-05-27 17:08:06.243,80.16,0.0769250323814,0.0,0
2018-05-27 17:08:06.420,81.61,0.0769250323814,0.0,0
2018-05-27 17:08:06.606,82.92,0.0769250323814,0.0,0
2018-05-27 17:08:06.699,82.6,0.0769250323814,0.0,0
2018-05-27 17:08:06.792,84.02,0.0769250323814,0.0,0
2018-05-27 17:08:07.042,84.34,0.0769250323814,0.0,0
2018-05-27 17:08:07.131,84.92,0.0769250323814,0.0,0
2018-05-27 17:08:07.308,86.14,0.0769250323814,0.0,0
2018-05-27 17:08:07.485,86.52,0.0769250323814,0.0,0
2018-05-27 17:08:07.755,88.42,0.0769250323814,0.0,0
2018-05-27 17:08:07.838,87.91,0.0769250323814,0.0,0
2018-05-27 17:08:08.000,88.61,0.0769250323814,0.0,0
2018-05-27 17:08:08.093,89.67,0.0769250323814,0.0,0
2018-05-27 17:08:08.186,89.88,0.0769250323814,0.0,0
2018-05-27 17:08:08.364,91.54,0.0769250323814,0.0,0
2018-05-27 17:08:08.540,92.17,0.0769250323814,0.0,0
2018-05-27 17:08:08.633,92.83,0.0769250323814,0.0,0
2018-05-27 17:08:08.726,93.34,0.0769250323814,0.0,0
2018-05-27 17:08:08.913,94.79,0.0769250323814,0.0,0
2018-05-27 17:08:09.074,95.74,0.0769250323814,0.0,0
2018-05-27 17:08:09.167,95.93,0.0769250323814,0.0,0
2018-05-27 17:08:09.261,96.5,0.0769250323814,0.0,0
2018-05-27 17:08:09.344,97.45,0.0769250323814,0.0,0
2018-05-27 17:08:09.437,97.63,0.0769250323814,0.0,0
2018-05-27 17:08:09.531,97.24,0.0769250323814,0.0,0
2018-05-27 17:08:09.624,98.83,0.0769250323814,0.0,0
2018-05-27 17:08:09.810,98.87,0.0769250323814,0.0,0
2018-05-27 17:08:09.903,100.44,0.0769250323814,0.0,0
2018-05-27 17:08:10.065,101.38,0.0769250323814,0.0,0
2018-05-27 17:08:10.158,101.87,0.0769250323814,0.0,0
2018-05-27 17:08:10.251,102.26,0.0769250323814,0.0,0
2018-05-27 17:08:10.428,102.34,0.0769250323814,0.0,0
2018-05-27 17:08:10.521,103.34,0.0769250323814,0.0,0
2018-05-27 17:08:10.614,104.63,0.0769250323814,0.0,0
2018-05-27 17:08:10.800,104.68,0.0769250323814,0.0,0
2018-05-27 17:08:10.893,105.29,0.0769250323814,0.0,0
2018-05-27 17:08:11.241,107.02,0.0769250323814,0.0,0
2018-05-27 17:08:11.511,108.29,0.0769250323814,0.0,0
2018-05-27 17:08:11.698,110.06,0.0769250323814,0.0,0
2018-05-27 17:08:11.884,111.19,0.0769250323814,0.0,0
2018-05-27 17:08:12.041,111.78,0.0769250323814,0.0,0
2018-05-27 17:08:12.297,113.27,0.0769250323814,0.0,0
2018-05-27 17:08:12.474,112.98,0.0769250323814,0.0,0
2018-05-27 17:08:12.567,113.13,0.0769250323814,0.0,0
2018-05-27 17:08:12.660,112.37,0.0769250323814,0.0,0
2018-05-27 17:08:12.753,112.44,0.0769250323814,0.0,0
2018-05-27 17:08:12.846,111.81,0.0769250323814,0.0,0
2018-05-27 17:08:13.008,111.78,0.0769250323814,0.0,0
2018-05-27 17:08:13.101,111.87,0.0769250323814,0.0,0
2018-05-27 17:08:13.185,110.84,0.0769250323814,0.0,0
2018-05-27 17:08:13.278,110.4,0.0769250323814,0.0,0
2018-05-27 17:08:13.371,111.1,0.0769250323814,0.0,0
2018-05-27 17:08:13.455,110.29,0.0769250323814,0.0,0
2018-05-27 17:08:13.548,109.95,0.0769250323814,0.0,0
2018-05-27 17:08:13.641,109.59,0.0769250323814,0.0,0
2018-05-27 17:08:13.734,108.28,0.0769250323814,0.0,0
2018-05-27 17:08:13.911,108.57,0.0769250323814,0.0,0
2018-05-27 17:08:14.073,108.59,0.0769250323814,0.0,0
2018-05-27 17:08:14.166,108.15,0.0769250323814,0.0,0
2018-05-27 17:08:14.352,107.92,0.0769250323814,0.0,0
2018-05-27 17:08:14.436,107.13,0.0769250323814,0.0,0
2018-05-27 17:08:14.622,105.08,0.0769250323814,0.0,0
2018-05-27 17:08:14.809,104.22,0.0769250323814,0.0,0
2018-05-27 17:08:14.892,104.07,0.0769250323814,0.0,0
2018-05-27 17:08:15.054,102.62,0.0769250323814,0.0,0
2018-05-27 17:08:15.148,102.1,0.0769250323814,0.0,0
2018-05-27 17:08:15.241,102.34,0.0769250323814,0.0,0
2018-05-27 17:08:15.599,100.07,0.0769250323814,0.0,0
2018-05-27 17:08:15.678,100.19,0.0769250323814,0.0,0
2018-05-27 17:08:15.771,99.2,0.0769250323814,0.0,0
2018-05-27 17:08:15.864,99.0,0.0769250323814,0.0,0
2018-05-27 17:08:16.026,98.85,0.0769250323814,0.0,0
2018-05-27 17:08:16.212,97.36,0.0769250323814,0.0,0
2018-05-27 17:08:16.305,97.38,0.0769250323814,0.0,0
2018-05-27 17:08:16.482,95.55,0.0769250323814,0.0,0
2018-05-27 17:08:16.668,95.11,0.0769250323814,0.0,0
2018-05-27 17:08:16.761,95.11,0.0769250323814,0.0,0
2018-05-27 17:08:17.016,93.51,0.0769250323814,0.0,0
2018-05-27 17:08:17.193,93.0,0.0769250323814,0.0,0
2018-05-27 17:08:17.286,92.51,0.0769250323814,0.0,0
2018-05-27 17:08:17.373,91.95,0.0769250323814,0.0,0
2018-05-27 17:08:17.547,90.65,0.0769250323814,0.0,0
2018-05-27 17:08:17.734,90.2,0.0769250323814,0.0,0
2018-05-27 17:08:17.817,89.79,0.0769250323814,0.0,0
2018-05-27 17:08:17.910,89.39,0.0769250323814,0.0,0
2018-05-27 17:08:18.072,88.7,0.0769250323814,0.0,0
2018-05-27 17:08:18.165,88.08,0.0769250323814,0.0,0
2018-05-27 17:08:18.258,87.49,0.0769250323814,0.0,0
2018-05-27 17:08:18.342,87.4,0.0769250323814,0.0,0
2018-05-27 17:08:18.435,87.22,0.0769250323814,0.0,0
2018-05-27 17:08:18.520,86.62,0.0769250323814,0.0,0
2018-05-27 17:08:18.612,86.11,0.0769250323814,0.0,0
2018-05-27 17:08:18.705,86.43,0.0769250323814,0.0,0
2018-05-27 17:08:18.799,85.54,0.0769250323814,0.0,0
2018-05-27 17:08:18.891,86.05,0.0769250323814,0.0,0
2018-05-27 17:08:19.053,85.77,0.0769250323814,0.0,0
2018-05-27 17:08:19.146,85.33,0.0769250323814,0.0,0
2018-05-27 17:08:19.239,85.13,0.0769250323814,0.0,0
2018-05-27 17:08:19.332,84.77,0.0769250323814,0.0,0
2018-05-27 17:08:19.426,84.3,0.0769250323814,0.0,0
2018-05-27 17:08:19.519,84.45,0.0769250323814,0.0,0
2018-05-27 17:08:19.612,84.4,0.0769250323814,0.0,0
2018-05-27 17:08:19.696,84.45,0.0769250323814,0.0,0
2018-05-27 17:08:19.789,83.71,0.0769250323814,0.0,0
2018-05-27 17:08:19.882,83.56,0.0769250323814,0.0,0
2018-05-27 17:08:20.039,83.7,0.0769250323814,0.0,0
2018-05-27 17:08:20.211,83.21,0.0769250323814,0.0,0
2018-05-27 17:08:20.304,83.31,0.0769250323814,0.0,0
2018-05-27 17:08:20.481,81.91,0.0769250323814,0.0,0
2018-05-27 17:08:20.574,81.75,0.0769250323814,0.0,0
2018-05-27 17:08:20.667,81.57,0.0769250323814,0.0,0
2018-05-27 17:08:20.760,81.54,0.0769250323814,0.0,0
2018-05-27 17:08:21.099,81.64,0.0769250323814,0.0,0
2018-05-27 17:08:21.462,82.16,0.0769250323814,0.0,0
2018-05-27 17:08:21.546,82.1,0.0769250323814,0.0,0
2018-05-27 17:08:21.639,83.15,0.0769250323814,0.0,0
2018-05-27 17:08:21.723,83.33,0.0769250323814,0.0,0
2018-05-27 17:08:21.816,83.3,0.0769250323814,0.0,0
2018-05-27 17:08:21.909,83.71,0.0769250323814,0.0,0
2018-05-27 17:08:22.164,85.2,0.0769250323814,0.0,0
2018-05-27 17:08:22.257,85.43,0.0769250323814,0.0,0
2018-05-27 17:08:22.527,85.69,0.0769250323814,0.0,0
2018-05-27 17:08:22.620,87.35,0.0769250323814,0.0,0
2018-05-27 17:08:22.900,88.01,0.0769250323814,0.0,0
2018-05-27 17:08:23.052,87.15,0.0769250323814,0.0,0
2018-05-27 17:08:23.145,87.3,0.0769250323814,0.0,0
2018-05-27 17:08:23.238,87.02,0.0769250323814,0.0,0
2018-05-27 17:08:23.425,86.65,0.0769250323814,0.0,0
2018-05-27 17:08:23.603,85.99,0.0769250323814,0.0,0
2018-05-27 17:08:23.695,86.64,0.0769250323814,0.0,0
2018-05-27 17:08:23.788,86.69,0.0769250323814,0.0,0
2018-05-27 17:08:23.881,87.58,0.0769250323814,0.0,0
2018-05-27 17:08:24.041,86.72,0.0769250323814,0.0,0
2018-05-27 17:08:24.126,85.39,0.0769250323814,0.0,0
2018-05-27 17:08:24.219,85.88,0.0769250323814,0.0,0
2018-05-27 17:08:24.308,85.97,0.0769250323814,0.0,0
2018-05-27 17:08:24.480,85.2,0.0769250323814,0.0,0
2018-05-27 17:08:24.573,85.13,0.0769250323814,0.0,0
2018-05-27 17:08:24.666,84.93,0.0769250323814,0.0,0
2018-05-27 17:08:24.853,83.94,0.0769250323814,0.0,0
2018-05-27 17:08:25.014,83.9,0.0769250323814,0.0,0
2018-05-27 17:08:25.108,82.78,0.0769250323814,0.0,0
2018-05-27 17:08:25.368,83.28,0.0769250323814,0.0,0
2018-05-27 17:08:25.461,83.83,0.0769250323814,0.0,0
2018-05-27 17:08:25.731,84.34,0.0769250323814,0.0,0
2018-05-27 17:08:25.825,86.04,0.0769250323814,0.0,0
2018-05-27 17:08:26.172,88.38,0.0769250323814,0.0,0
2018-05-27 17:08:26.266,90.11,0.0769250323814,0.0,0
2018-05-27 17:08:26.442,91.34,0.0769250323814,0.0,0
2018-05-27 17:08:26.536,92.56,0.0769250323814,0.0,0
2018-05-27 17:08:26.629,93.49,0.0769250323814,0.0,0
2018-05-27 17:08:26.723,94.36,0.0769250323814,0.0,0
2018-05-27 17:08:26.806,95.16,0.0769250323814,0.0,0
2018-05-27 17:08:26.899,96.19,0.0769250323814,0.0,0
2018-05-27 17:08:27.060,97.11,0.0769250323814,0.0,0
2018-05-27 17:08:27.247,98.46,0.0769250323814,0.0,0
2018-05-27 17:08:27.600,97.39,0.0769250323814,0.0,0
2018-05-27 17:08:27.694,97.32,0.0769250323814,0.0,0
2018-05-27 17:08:27.880,95.58,0.0769250323814,0.0,0
2018-05-27 17:08:28.042,95.66,0.0769250323814,0.0,0
2018-05-27 17:08:28.302,95.11,0.0769250323814,0.0,0
2018-05-27 17:08:28.395,95.2,0.0769250323814,0.0,0
2018-05-27 17:08:28.479,95.34,0.0769250323814,0.0,0
2018-05-27 17:08:28.759,95.29,0.0769250323814,0.0,0
2018-05-27 17:08:29.097,97.21,0.0769250323814,0.0,0
2018-05-27 17:08:29.190,98.29,0.0769250323814,0.0,0
2018-05-27 17:08:29.283,98.56,0.0769250323814,0.0,0
2018-05-27 17:08:29.377,99.69,0.0769250323814,0.0,0
2018-05-27 17:08:29.460,100.86,0.0769250323814,0.0,0
2018-05-27 17:08:29.553,102.04,0.0769250323814,0.0,0
2018-05-27 17:08:29.647,101.42,0.0769250323814,0.0,0
2018-05-27 17:08:29.740,101.35,0.0769250323814,0.0,0
2018-05-27 17:08:29.917,100.25,0.0769250323814,0.0,0
2018-05-27 17:08:30.078,100.31,0.0769250323814,0.0,0
2018-05-27 17:08:30.265,99.23,0.0769250323814,0.0,0
2018-05-27 17:08:30.348,98.93,0.0769250323814,0.0,0
2018-05-27 17:08:30.628,98.28,0.0769250323814,0.0,0
2018-05-27 17:08:30.814,97.63,0.0769250323814,0.0,0
2018-05-27 17:08:30.898,96.99,0.0769250323814,0.0,0
2018-05-27 17:08:31.246,95.92,0.0769250323814,0.0,0
2018-05-27 17:08:31.423,95.06,0.0769250323814,0.0,0
2018-05-27 17:08:31.516,94.69,0.0769250323814,0.0,0
2018-05-27 17:08:31.786,93.99,0.0769250323814,0.0,0
2018-05-27 17:08:32.125,93.46,0.0769250323814,0.0,0
2018-05-27 17:08:32.208,92.06,0.0769250323814,0.0,0
2018-05-27 17:08:32.386,92.38,0.0769250323814,0.0,0
2018-05-27 17:08:32.478,92.24,0.0769250323814,0.0,0
2018-05-27 17:08:33.385,91.81,0.0769250323814,0.0,0
2018-05-27 17:08:33.478,92.23,0.0769250323814,0.0,0
2018-05-27 17:08:33.757,91.85,0.0769250323814,0.0,0
2018-05-27 17:08:33.851,91.95,0.0769250323814,0.0,0
2018-05-27 17:08:34.199,92.08,0.0769250323814,0.0,0
2018-05-27 17:08:34.282,92.8,0.0769250323814,0.0,0
2018-05-27 17:08:34.459,93.81,0.0769250323814,0.0,0
2018-05-27 17:08:34.636,95.16,0.0769250323814,0.0,0
2018-05-27 17:08:34.729,95.57,0.0769250323814,0.0,0
2018-05-27 17:08:34.814,96.57,0.0769250323814,0.0,0
2018-05-27 17:08:35.254,99.26,0.0769250323814,0.0,0
2018-05-27 17:08:35.347,100.64,0.0769250323814,0.0,0
2018-05-27 17:08:35.524,102.45,0.0769250323814,0.0,0
2018-05-27 17:08:35.617,104.7,0.0769250323814,0.0,0
2018-05-27 17:08:35.794,107.23,0.0769250323814,0.0,0
2018-05-27 17:08:36.049,107.45,0.0769250323814,0.0,0
2018-05-27 17:08:36.328,106.25,0.0769250323814,0.0,0
2018-05-27 17:08:36.421,106.76,0.0769250323814,0.0,0
2018-05-27 17:08:36.598,105.18,0.0769250323814,0.0,0
2018-05-27 17:08:36.701,105.29,0.0769250323814,0.0,0
2018-05-27 17:08:37.049,103.17,0.0769250323814,0.0,0
2018-05-27 17:08:37.142,103.58,0.0769250323814,0.0,0
2018-05-27 17:08:37.235,103.32,0.0769250323814,0.0,0
2018-05-27 17:08:37.328,101.46,0.0769250323814,0.0,0
2018-05-27 17:08:37.421,102.15,0.0769250323814,0.0,0
2018-05-27 17:08:37.515,101.97,0.0769250323814,0.0,0
2018-05-27 17:08:37.598,101.96,0.0769250323814,0.0,0
2018-05-27 17:08:37.691,102.52,0.0769250323814,0.0,0
2018-05-27 17:08:37.784,102.46,0.0769250323814,0.0,0
2018-05-27 17:08:37.878,101.51,0.0769250323814,0.0,0
2018-05-27 17:08:38.123,103.56,0.0769250323814,0.0,0
2018-05-27 17:08:38.207,104.15,0.0769250323814,0.0,0
2018-05-27 17:08:38.384,106.1,0.0769250323814,0.0,0
2018-05-27 17:08:38.570,107.52,0.0769250323814,0.0,0
2018-05-27 17:08:38.663,109.57,0.0769250323814,0.0,0
2018-05-27 17:08:38.756,110.72,0.0769250323814,0.0,0
2018-05-27 17:08:39.011,113.74,0.0769250323814,0.0,0
2018-05-27 17:08:39.104,114.51,0.0769250323814,0.0,0
2018-05-27 17:08:39.197,116.34,0.0769250323814,0.0,0
2018-05-27 17:08:39.374,119.52,0.0769250323814,0.0,0
2018-05-27 17:08:39.467,120.18,0.0718971464389,0.0250000003725,0
2018-05-27 17:08:39.551,121.25,0.0718971464389,0.0,0
2018-05-27 17:08:39.635,123.11,0.0624849476843,0.0500000007451,0
2018-05-27 17:08:39.728,123.1,0.0539110636182,0.0500000007451,0
2018-05-27 17:08:39.821,123.46,0.0461494781833,0.0500000007451,0
2018-05-27 17:08:39.914,123.67,0.0425644113512,0.0250000003725,0
2018-05-27 17:08:40.076,122.47,0.0425644113512,0.0,0
2018-05-27 17:08:40.169,122.12,0.0425644113512,0.0,0
2018-05-27 17:08:40.253,121.21,0.0425644113512,0.0,0
2018-05-27 17:08:40.337,121.56,0.0425644113512,0.0,0
2018-05-27 17:08:40.430,120.54,0.0461494781833,0.0,0
2018-05-27 17:08:40.616,119.58,0.0461494781833,0.0,0
2018-05-27 17:08:40.709,118.93,0.0539110636182,0.0,0
2018-05-27 17:08:40.802,118.19,0.0624849476843,0.0,0
2018-05-27 17:08:40.895,117.48,0.0718971464389,0.0,0
2018-05-27 17:08:41.057,117.5,0.0769250323814,0.0,0
2018-05-27 17:08:41.141,116.03,0.0769250323814,0.0,0
2018-05-27 17:08:41.234,116.18,0.0769250323814,0.0,0
2018-05-27 17:08:41.327,115.73,0.0769250323814,0.0,0
2018-05-27 17:08:41.420,115.3,0.0769250323814,0.0,0
2018-05-27 17:08:41.504,115.35,0.0769250323814,0.0,0
2018-05-27 17:08:41.690,114.45,0.0769250323814,0.0,0
2018-05-27 17:08:41.783,112.95,0.0769250323814,0.0,0
2018-05-27 17:08:42.113,111.96,0.0769250323814,0.0,0
2018-05-27 17:08:42.206,110.76,0.0769250323814,0.0,0
2018-05-27 17:08:42.299,111.25,0.0769250323814,0.0,0
2018-05-27 17:08:42.392,110.37,0.0769250323814,0.0,0
2018-05-27 17:08:42.569,109.53,0.0769250323814,0.0,0
2018-05-27 17:08:42.746,108.57,0.0769250323814,0.0,0
2018-05-27 17:08:42.839,108.95,0.0769250323814,0.0,0
2018-05-27 17:08:43.001,108.7,0.0769250323814,0.0,0
2018-05-27 17:08:43.094,108.11,0.0769250323814,0.0,0
2018-05-27 17:08:43.271,108.65,0.0769250323814,0.0,0
2018-05-27 17:08:43.364,108.07,0.0769250323814,0.0,0
2018-05-27 17:08:43.448,108.36,0.0769250323814,0.0,0
2018-05-27 17:08:43.541,108.46,0.0769250323814,0.0,0
2018-05-27 17:08:43.634,109.12,0.0769250323814,0.0,0
2018-05-27 17:08:43.727,108.43,0.0769250323814,0.0,0
2018-05-27 17:08:43.913,109.36,0.0769250323814,0.0,0
2018-05-27 17:08:44.168,110.53,0.0769250323814,0.0,0
2018-05-27 17:08:44.261,110.95,0.0769250323814,0.0,0
2018-05-27 17:08:44.540,112.16,0.0769250323814,0.0,0
2018-05-27 17:08:44.727,112.89,0.0769250323814,0.0,0
2018-05-27 17:08:44.820,114.46,0.0769250323814,0.0,0
2018-05-27 17:08:44.904,115.64,0.0769250323814,0.0,0
2018-05-27 17:08:45.065,116.15,0.0769250323814,0.0,0
2018-05-27 17:08:45.335,120.26,0.0718971464389,0.0250000003725,0
2018-05-27 17:08:45.428,120.84,0.0670847350121,0.0250000003725,0
2018-05-27 17:08:45.615,123.13,0.0580947793705,0.0500000007451,0
2018-05-27 17:08:45.885,126.52,0.0580947793705,0.0,0
2018-05-27 17:08:46.046,127.8,0.0580947793705,0.0,0
2018-05-27 17:08:46.233,130.49,0.0499304660688,0.0500000007451,0
2018-05-27 17:08:46.326,130.9,0.0425644113512,0.0500000007451,0
2018-05-27 17:08:46.419,131.91,0.0359663544842,0.0500000007451,0
2018-05-27 17:08:46.503,133.94,0.0301030001583,0.0500000007451,0
2018-05-27 17:08:46.773,135.97,0.0425644125988,0.10000000149,0
2018-05-27 17:08:47.111,139.8,0.0624849499613,0.15000000596,0
2018-05-27 17:08:47.298,142.67,0.105386370013,0.22499999404,0
2018-05-27 17:08:47.465,145.25,0.188503704658,0.324999988079,0
2018-05-27 17:08:47.651,144.91,0.389222784218,0.449999988079,0
2018-05-27 17:08:47.744,146.19,0.95671903669,0.824999988079,0
2018-05-27 17:08:47.838,146.14,0.299999996735,0.0500000007451,0
2018-05-27 17:08:47.931,149.2,0.299999996735,0.925000011921,0
2018-05-27 17:08:48.186,149.67,0.299999996735,0.0,0
2018-05-27 17:08:48.455,152.46,0.299999996735,0.125,0
2018-05-27 17:08:48.539,153.15,0.299999996735,0.0750000029802,0
2018-05-27 17:08:48.632,155.0,0.299999996735,0.375,0
2018-05-27 17:08:48.726,154.54,0.299999996735,0.0,0
2018-05-27 17:08:48.819,155.75,0.299999996735,0.0250000003725,0
2018-05-27 17:08:48.912,157.45,0.299999996735,0.0,0
2018-05-27 17:08:49.074,156.89,0.459759593593,0.0,0
2018-05-27 17:08:49.167,158.71,0.430762419215,0.0,0
2018-05-27 17:08:49.260,158.32,0.0769250330703,0.0,0
2018-05-27 17:08:49.437,160.63,0.0769250330703,0.0,0
2018-05-27 17:08:49.530,160.3,0.0539110644697,0.0,0
2018-05-27 17:08:49.623,161.8,0.0425644118191,0.0,0
2018-05-27 17:08:49.716,161.79,0.064794111923,0.0250000003725,0
2018-05-27 17:08:49.809,163.19,0.0605143245894,0.0250000003725,0
2018-05-27 17:08:49.902,163.06,0.0605143245894,0.0250000003725,0
2018-05-27 17:08:50.064,164.83,0.0487931474123,0.0750000029802,0
2018-05-27 17:08:50.157,164.77,0.0386863594392,0.0750000029802,0
2018-05-27 17:08:50.250,166.22,0.0301030007193,0.0750000029802,0
2018-05-27 17:08:50.334,165.71,0.0386863619414,0.0750000029802,0
2018-05-27 17:08:50.520,167.33,0.0386863619414,0.0,0
2018-05-27 17:08:50.613,169.08,0.0386863619414,0.0,0
2018-05-27 17:08:50.706,168.61,0.0418812723788,0.0250000003725,0
2018-05-27 17:08:50.790,170.07,0.0418812723788,0.0250000003725,0
2018-05-27 17:08:50.884,169.31,0.0418812723788,0.0250000003725,0
2018-05-27 17:08:51.036,171.13,0.0487931503359,0.0750000029802,0
2018-05-27 17:08:51.130,170.61,0.0452490799255,0.0500000007451,0
2018-05-27 17:08:51.222,171.12,0.0452490799255,0.0750000029802,0
2018-05-27 17:08:51.315,173.18,0.0452490799255,0.0750000029802,0
2018-05-27 17:08:51.408,172.71,0.0452490799255,0.0750000029802,0
2018-05-27 17:08:51.493,173.4,0.0564227816551,0.0750000029802,0
2018-05-27 17:08:51.669,173.96,0.0564227816551,0.0,0
2018-05-27 17:08:51.762,176.27,0.0605143276453,0.0500000007451,0
2018-05-27 17:08:52.017,176.55,0.0605143276453,0.0250000003725,0
2018-05-27 17:08:52.194,178.7,0.0605143276453,0.0250000003725,0
2018-05-27 17:08:52.296,178.14,0.0487931500652,0.0,0
2018-05-27 17:08:52.380,179.04,0.0452490799255,0.0250000003725,0
2018-05-27 17:08:52.473,178.79,0.0386863617097,0.0250000003725,0
2018-05-27 17:08:52.566,180.03,0.0328009868141,0.0250000003725,0
2018-05-27 17:08:52.659,181.31,0.0356608264004,0.10000000149,0
2018-05-27 17:08:52.752,181.48,0.0386863610147,0.10000000149,0
2018-05-27 17:08:52.846,182.19,0.0525166945951,0.10000000149,0
2018-05-27 17:08:53.101,184.14,0.0692647899257,0.15000000596,0
2018-05-27 17:08:53.184,185.89,0.0891049055632,0.125,0
2018-05-27 17:08:53.361,184.94,0.131679073129,0.20000000298,0
2018-05-27 17:08:53.538,186.2,0.131679073129,0.0,0
2018-05-27 17:08:53.631,186.56,0.168475741046,0.15000000596,0
2018-05-27 17:08:53.724,187.31,0.201868734809,0.125,0
2018-05-27 17:08:53.901,187.15,0.323758819098,0.324999988079,0
2018-05-27 17:08:54.426,189.1,0.437056589864,0.324999988079,0
2018-05-27 17:08:54.612,190.68,0.464820799381,0.15000000596,0
2018-05-27 17:08:54.705,191.96,0.585368531032,0.300000011921,0
2018-05-27 17:08:54.799,192.29,0.299999996735,0.27500000596,0
2018-05-27 17:08:55.137,192.67,0.299999996735,0.34999999404,0
2018-05-27 17:08:55.323,192.97,0.299999996735,0.300000011921,0
2018-05-27 17:08:55.416,193.77,0.299999996735,0.27500000596,0
2018-05-27 17:08:55.603,195.93,0.299999996735,0.27500000596,0
2018-05-27 17:08:55.873,195.5,0.299999996735,0.22499999404,0
2018-05-27 17:08:56.118,197.0,0.299999996735,0.17499999702,0
2018-05-27 17:08:56.202,197.04,0.299999996735,0.17499999702,0
2018-05-27 17:08:56.388,199.09,0.299999996735,0.17499999702,0
2018-05-27 17:08:56.556,198.04,0.299999996735,0.17499999702,0
2018-05-27 17:08:56.649,200.18,0.299999996735,0.17499999702,0
2018-05-27 17:08:56.742,200.45,0.299999996735,0.17499999702,0
2018-05-27 17:08:56.835,199.89,0.299999996735,0.17499999702,0
2018-05-27 17:08:56.928,200.69,0.299999996735,0.17499999702,0
2018-05-27 17:08:57.276,202.35,0.299999996735,0.10000000149,0
2018-05-27 17:08:57.361,201.54,0.479057813837,0.17499999702,0
2018-05-27 17:08:57.453,203.24,0.43705658173,0.10000000149,0
2018-05-27 17:08:57.630,202.59,0.397179854822,0.10000000149,0
2018-05-27 17:08:57.723,203.4,0.347298311077,0.0750000029802,0
2018-05-27 17:08:57.816,203.92,0.301148407806,0.0750000029802,0
2018-05-27 17:08:58.164,204.25,0.258697448958,0.0750000029802,0
2018-05-27 17:08:58.341,206.38,0.229263391071,0.10000000149,0
2018-05-27 17:08:58.621,206.98,0.176491089238,0.0250000003725,0
2018-05-27 17:08:58.714,204.82,0.153104562435,0.10000000149,0
2018-05-27 17:08:59.062,203.48,0.153104562435,0.10000000149,0
2018-05-27 17:08:59.248,199.43,0.153104562435,0.17499999702,0
2018-05-27 17:08:59.704,192.05,0.210775002747,0.27500000596,0
2018-05-27 17:09:00.145,184.4,0.397179859643,0.524999976158,0
2018-05-27 17:09:00.322,183.08,0.371770803339,0.0250000003725,0
2018-05-27 17:09:00.415,180.73,0.335412171498,0.0,0
2018-05-27 17:09:00.508,178.2,0.312337726219,0.0250000003725,0
2018-05-27 17:09:00.695,174.07,0.268965423337,0.0,0
2018-05-27 17:09:01.406,162.24,0.258697441393,0.0,0
2018-05-27 17:09:01.592,159.23,0.219906267377,0.0,0
2018-05-27 17:09:01.685,158.2,0.184727700077,0.0,0
2018-05-27 17:09:01.778,156.32,0.131679064493,0.0,0
2018-05-27 17:09:02.028,152.03,0.0692647834607,0.0,0
2018-05-27 17:09:02.117,151.86,0.064794111923,0.0,0
2018-05-27 17:09:02.294,149.2,0.064794111923,0.0250000003725,0
2018-05-27 17:09:02.471,146.52,0.0564227787357,0.0500000007451,0
2018-05-27 17:09:02.564,144.0,0.04524907766,0.10000000149,0
2018-05-27 17:09:02.843,140.9,0.0386863610147,0.20000000298,0
2018-05-27 17:09:03.005,140.05,0.0692647892452,0.20000000298,0
2018-05-27 17:09:03.182,137.94,0.112179619522,0.20000000298,0
2018-05-27 17:09:03.452,137.12,0.18472771065,0.25,0
2018-05-27 17:09:03.545,136.11,0.193186605823,0.0250000003725,0
2018-05-27 17:09:03.638,135.72,0.290190306999,0.25,0
2018-05-27 17:09:03.908,134.79,0.464820803588,0.34999999404,0
2018-05-27 17:09:04.349,136.38,0.450820498467,0.0,0
2018-05-27 17:09:04.433,136.08,0.450820498467,0.0500000007451,0
2018-05-27 17:09:04.526,136.51,0.397179865427,0.0,0
2018-05-27 17:09:04.619,135.5,0.3123377338,0.0250000003725,0
2018-05-27 17:09:04.806,134.04,0.238847127238,0.0250000003725,0
2018-05-27 17:09:04.889,134.63,0.168475733389,0.0,0
2018-05-27 17:09:05.051,134.03,0.106100938622,0.0250000003725,0
2018-05-27 17:09:05.135,133.71,0.124967133596,0.10000000149,0
2018-05-27 17:09:05.312,133.75,0.0891049027683,0.10000000149,0
2018-05-27 17:09:05.684,132.62,0.0452490788957,0.10000000149,0
2018-05-27 17:09:06.116,130.9,0.0647941131616,0.125,0
2018-05-27 17:09:06.554,125.92,0.0891049035668,0.17499999702,0
2018-05-27 17:09:06.740,125.27,0.0945653895062,0.0250000003725,0
2018-05-27 17:09:06.833,123.29,0.0837263983936,0.0,0
2018-05-27 17:09:06.926,122.09,0.0790115187386,0.0,0
2018-05-27 17:09:07.181,119.64,0.0790115187386,0.0,0
2018-05-27 17:09:07.274,119.5,0.0744686974068,0.0,0
2018-05-27 17:09:07.451,117.1,0.0579799744107,0.0,0
2018-05-27 17:09:07.535,114.4,0.0440806353389,0.0,0
2018-05-27 17:09:07.628,113.53,0.0326118224062,0.0,0
2018-05-27 17:09:07.721,113.01,0.0409924045842,0.0,0
2018-05-27 17:09:07.814,110.29,0.0658918076042,0.0,0
2018-05-27 17:09:07.907,109.15,0.0700961009113,0.0,0
2018-05-27 17:09:08.339,104.07,0.0700961009113,0.0,0
2018-05-27 17:09:08.432,102.53,0.0700961009113,0.0,0
2018-05-27 17:09:08.525,99.83,0.0700961009113,0.0,0
2018-05-27 17:09:08.711,97.77,0.0700961009113,0.0,0
2018-05-27 17:09:08.804,97.02,0.0700961009113,0.0,0
2018-05-27 17:09:09.059,96.93,0.0700961009113,0.0,0
2018-05-27 17:09:09.153,96.49,0.0700961009113,0.0,0
2018-05-27 17:09:09.422,97.99,0.0700961009113,0.0,0
2018-05-27 17:09:09.516,98.19,0.0700961009113,0.0,0
2018-05-27 17:09:09.693,100.38,0.0700961009113,0.0,0
2018-05-27 17:09:09.786,100.57,0.0700961009113,0.0,0
2018-05-27 17:09:10.041,102.78,0.0700961009113,0.0,0
2018-05-27 17:09:10.227,104.85,0.0700961009113,0.0,0
2018-05-27 17:09:10.404,107.02,0.0700961009113,0.0,0
2018-05-27 17:09:10.497,109.91,0.0700961009113,0.0,0
2018-05-27 17:09:10.590,110.93,0.0700961009113,0.0,0
2018-05-27 17:09:10.776,113.39,0.0700961009113,0.0,0
2018-05-27 17:09:11.026,116.8,0.0700961009113,0.0,0
2018-05-27 17:09:11.199,119.73,0.0700961009113,0.0,0
2018-05-27 17:09:12.357,135.61,0.0409924039107,0.20000000298,0
2018-05-27 17:09:12.806,140.97,0.0326118229825,0.125,0
2018-05-27 17:09:13.152,144.43,0.0326118229825,0.0,0
2018-05-27 17:09:13.598,150.65,0.0326118229825,0.0,0
2018-05-27 17:09:13.692,151.43,0.0326118229825,0.0,0
2018-05-27 17:09:13.878,153.14,0.0326118229825,0.0,0
2018-05-27 17:09:14.133,155.23,0.0326118229825,0.0,0
2018-05-27 17:09:14.226,155.78,0.0326118229825,0.0,0
2018-05-27 17:09:14.403,157.9,0.0326118229825,0.0,0
2018-05-27 17:09:14.496,157.59,0.0326118229825,0.0,0
2018-05-27 17:09:15.030,163.95,0.0507159008943,0.0,0
2018-05-27 17:09:15.198,164.04,0.0700961009113,0.0,0
2018-05-27 17:09:15.292,165.94,0.0700961009113,0.0,0
2018-05-27 17:09:15.654,169.42,0.0700961009113,0.0,0
2018-05-27 17:09:16.086,170.98,0.0700961009113,0.0,0
2018-05-27 17:09:16.272,173.28,0.0700961009113,0.0,0
2018-05-27 17:09:16.709,176.19,0.0658918076042,0.0250000003725,0
2018-05-27 17:09:17.150,180.5,0.0658918076042,0.0,0
2018-05-27 17:09:17.337,181.0,0.0658918076042,0.0,0
2018-05-27 17:09:17.430,181.43,0.0618538024092,0.0250000003725,0
2018-05-27 17:09:17.523,181.97,0.0618538024092,0.0,0
2018-05-27 17:09:17.710,183.34,0.0579799741846,0.0250000003725,0
2018-05-27 17:09:17.802,183.98,0.0579799741846,0.0,0
2018-05-27 17:09:17.895,184.88,0.054268111812,0.0250000003725,0
2018-05-27 17:09:18.057,185.53,0.054268111812,0.0,0
2018-05-27 17:09:18.243,185.52,0.0507159006355,0.0250000003725,0
2018-05-27 17:09:18.336,185.23,0.054268111812,0.0,0
2018-05-27 17:09:18.430,186.22,0.0507159006355,0.0250000003725,0
2018-05-27 17:09:18.523,186.26,0.0507159006355,0.0,0
2018-05-27 17:09:18.616,185.88,0.054268111812,0.0,0
2018-05-27 17:09:18.709,187.24,0.054268111812,0.0,0
2018-05-27 17:09:18.793,187.44,0.0579799741846,0.0,0
2018-05-27 17:09:19.141,188.94,0.054268111812,0.0250000003725,0
2018-05-27 17:09:19.234,189.39,0.054268111812,0.0250000003725,0
2018-05-27 17:09:19.327,190.0,0.0507159006355,0.0250000003725,0
2018-05-27 17:09:19.597,190.79,0.0507159006355,0.0250000003725,0
2018-05-27 17:09:19.681,192.03,0.0409924036862,0.0750000029802,0
2018-05-27 17:09:19.774,192.02,0.0440806349146,0.0,0
2018-05-27 17:09:20.113,193.44,0.0409924036862,0.0250000003725,0
2018-05-27 17:09:20.196,194.04,0.0352609366965,0.0500000007451,0
2018-05-27 17:09:20.290,194.23,0.0326118235589,0.0750000029802,0
2018-05-27 17:09:20.373,195.25,0.0352609382774,0.0250000003725,0
2018-05-27 17:09:20.560,196.77,0.0409924056617,0.0750000029802,0
2018-05-27 17:09:20.653,197.66,0.0507159026539,0.10000000149,0
2018-05-27 17:09:20.746,197.03,0.0579799766712,0.0750000029802,0
2018-05-27 17:09:20.839,197.37,0.065891810613,0.0750000029802,0
2018-05-27 17:09:21.001,198.7,0.065891810613,0.0750000029802,0
2018-05-27 17:09:21.187,198.47,0.0790115221871,0.0750000029802,0
2018-05-27 17:09:21.457,201.3,0.083726401971,0.0500000007451,0
2018-05-27 17:09:21.550,200.34,0.083726401971,0.0500000007451,0
2018-05-27 17:09:21.643,201.47,0.0936792460594,0.125,0
2018-05-27 17:09:21.829,202.67,0.0936792460594,0.0250000003725,0
2018-05-27 17:09:21.922,203.4,0.0936792460594,0.0750000029802,0
2018-05-27 17:09:22.084,203.89,0.0886150876884,0.0750000029802,0
2018-05-27 17:09:22.177,204.18,0.0837264012555,0.0500000007451,0
2018-05-27 17:09:22.270,205.79,0.0790115211526,0.0500000007451,0
2018-05-27 17:09:22.447,205.38,0.0744686993994,0.0500000007451,0
2018-05-27 17:09:22.532,205.51,0.0700961027644,0.0500000007451,0
2018-05-27 17:09:22.624,207.67,0.0700961027644,0.0500000007451,0
2018-05-27 17:09:22.717,207.55,0.0700961027644,0.0500000007451,0
2018-05-27 17:09:22.810,208.64,0.0579799761061,0.0500000007451,0
2018-05-27 17:09:22.903,208.16,0.0579799761061,0.0250000003725,0
2018-05-27 17:09:23.158,209.29,0.0473209204639,0.0,0
2018-05-27 17:09:23.252,210.46,0.0380534652977,0.0,0
2018-05-27 17:09:23.335,211.15,0.0326118231746,0.0,0
2018-05-27 17:09:23.428,210.51,0.0352609380747,0.0750000029802,0
2018-05-27 17:09:23.521,211.54,0.0380534657247,0.0750000029802,0
2018-05-27 17:09:23.615,211.56,0.0326118235589,0.0,0
2018-05-27 17:09:23.894,212.82,0.0326118218683,0.0,0
2018-05-27 17:09:24.149,214.29,0.0380534638461,0.0,0
2018-05-27 17:09:24.326,214.4,0.0440806346789,0.0,0
2018-05-27 17:09:24.512,216.12,0.0472422407114,0.0,0
2018-05-27 17:09:24.791,218.26,0.0472422407114,0.0,0
2018-05-27 17:09:25.046,217.18,0.0472422407114,0.0,0
2018-05-27 17:09:25.131,218.29,0.0472422407114,0.0,0
2018-05-27 17:09:25.226,218.41,0.0578450764053,0.0,0
2018-05-27 17:09:25.316,219.06,0.0698927655796,0.0,0
2018-05-27 17:09:25.493,219.3,0.0698927655796,0.0,0
2018-05-27 17:09:25.586,218.41,0.0698927655796,0.0,0
2018-05-27 17:09:25.847,220.8,0.0698927655796,0.0,0
2018-05-27 17:09:26.009,219.67,0.0698927655796,0.0,0
2018-05-27 17:09:26.102,220.38,0.0698927655796,0.0,0
2018-05-27 17:09:26.744,222.44,0.0698927655796,0.0,0
2018-05-27 17:09:27.092,225.33,0.0698927655796,0.0,0
2018-05-27 17:09:27.362,226.15,0.0698927655796,0.0,0
2018-05-27 17:09:27.455,226.1,0.0698927655796,0.0,0
2018-05-27 17:09:27.642,225.75,0.0698927655796,0.0,0
2018-05-27 17:09:27.809,225.84,0.0698927655796,0.0,0
2018-05-27 17:09:27.902,224.73,0.0698927655796,0.0,0
2018-05-27 17:09:28.064,225.18,0.0698927655796,0.0,0
2018-05-27 17:09:28.157,226.08,0.0698927655796,0.0,0
2018-05-27 17:09:28.251,226.08,0.0698927655796,0.0,0
2018-05-27 17:09:28.520,225.17,0.0698927655796,0.0,0
2018-05-27 17:09:29.418,211.37,0.0698927655796,0.0,0
2018-05-27 17:09:29.511,209.12,0.0698927655796,0.0,0
2018-05-27 17:09:29.790,204.72,0.0698927655796,0.0,0
2018-05-27 17:09:29.883,203.19,0.0698927655796,0.0,0
2018-05-27 17:09:30.138,202.22,0.0657126797641,0.0250000003725,0
2018-05-27 17:09:30.232,200.42,0.0541532801723,0.0750000029802,0
2018-05-27 17:09:30.492,198.43,0.044018096793,0.0750000029802,0
2018-05-27 17:09:30.678,198.85,0.0352394219755,0.0750000029802,0
2018-05-27 17:09:30.864,196.35,0.0352394241549,0.10000000149,0
2018-05-27 17:09:31.021,195.84,0.0578450780352,0.17499999702,0
2018-05-27 17:09:31.194,193.68,0.0883005283941,0.17499999702,0
2018-05-27 17:09:31.287,192.95,0.14669361233,0.25,0
2018-05-27 17:09:31.557,189.37,0.14669361233,0.0,0
2018-05-27 17:09:31.920,187.98,0.160577484016,0.0500000007451,0
2018-05-27 17:09:32.082,187.79,0.153541658631,0.0,0
2018-05-27 17:09:32.175,188.81,0.140032367123,0.0250000003725,0
2018-05-27 17:09:32.268,190.74,0.133556898849,0.0500000007451,0
2018-05-27 17:09:32.356,189.37,0.115234149248,0.0,0
2018-05-27 17:09:32.436,190.06,0.0933331994953,0.0,0
2018-05-27 17:09:32.622,190.67,0.0616974801473,0.0,0
2018-05-27 17:09:32.715,190.51,0.0380194772482,0.0,0
2018-05-27 17:09:32.799,191.19,0.050619800676,0.0,0
2018-05-27 17:09:33.046,193.05,0.050619800676,0.0,0
2018-05-27 17:09:33.138,191.73,0.0578450766863,0.0,0
2018-05-27 17:09:33.231,192.78,0.0578450766863,0.0,0
2018-05-27 17:09:33.324,192.17,0.0616974802059,0.0,0
2018-05-27 17:09:33.417,193.44,0.0698927655796,0.0,0
2018-05-27 17:09:33.510,194.77,0.0698927655796,0.0,0
2018-05-27 17:09:33.603,195.07,0.0698927655796,0.0,0
2018-05-27 17:09:33.696,193.37,0.0698927655796,0.0,0
2018-05-27 17:09:33.789,194.39,0.0698927655796,0.0,0
2018-05-27 17:09:33.873,194.01,0.0698927655796,0.0,0
2018-05-27 17:09:34.128,195.89,0.0698927655796,0.0,0
2018-05-27 17:09:34.221,196.95,0.0657126797641,0.0250000003725,0
2018-05-27 17:09:34.314,196.13,0.0657126797641,0.0,0
2018-05-27 17:09:34.407,196.17,0.0657126797641,0.0,0
2018-05-27 17:09:34.584,196.24,0.0657126797641,0.0,0
2018-05-27 17:09:34.672,197.81,0.0657126797641,0.0,0
2018-05-27 17:09:34.761,197.61,0.0657126797641,0.0,0
2018-05-27 17:09:34.845,198.16,0.0657126797641,0.0,0
2018-05-27 17:09:35.007,198.81,0.0657126797641,0.0,0
2018-05-27 17:09:35.100,199.83,0.0657126797641,0.0,0
2018-05-27 17:09:35.193,199.46,0.0657126797641,0.0,0
2018-05-27 17:09:35.286,199.88,0.0698927655796,0.0,0
2018-05-27 17:09:35.371,199.99,0.0698927655796,0.0,0
2018-05-27 17:09:35.463,201.57,0.0698927655796,0.0,0
2018-05-27 17:09:35.556,200.49,0.0698927655796,0.0,0
2018-05-27 17:09:35.649,200.97,0.0698927655796,0.0,0
2018-05-27 17:09:35.742,202.77,0.0698927655796,0.0,0
2018-05-27 17:09:35.928,202.91,0.0698927655796,0.0,0
2018-05-27 17:09:36.090,203.54,0.0698927655796,0.0,0
2018-05-27 17:09:36.361,205.8,0.0698927655796,0.0,0
2018-05-27 17:09:36.640,206.45,0.0698927655796,0.0,0
2018-05-27 17:09:36.733,207.25,0.0698927655796,0.0,0
2018-05-27 17:09:36.826,207.2,0.0698927655796,0.0,0
2018-05-27 17:09:36.919,207.49,0.0698927655796,0.0,0
2018-05-27 17:09:37.081,207.71,0.0698927655796,0.0,0
2018-05-27 17:09:37.528,208.79,0.0698927655796,0.0,0
2018-05-27 17:09:37.621,207.51,0.0698927655796,0.0,0
2018-05-27 17:09:37.807,207.11,0.0698927655796,0.0,0
2018-05-27 17:09:37.900,208.42,0.0698927655796,0.0,0
2018-05-27 17:09:38.248,206.53,0.0698927655796,0.0,0
2018-05-27 17:09:38.611,206.3,0.0698927655796,0.0,0
2018-05-27 17:09:38.704,206.85,0.0698927655796,0.0,0
2018-05-27 17:09:38.797,206.32,0.0698927655796,0.0,0
2018-05-27 17:09:38.891,207.86,0.0698927655796,0.0,0
2018-05-27 17:09:39.052,205.45,0.0698927655796,0.0,0
2018-05-27 17:09:39.239,206.53,0.0698927655796,0.0,0
2018-05-27 17:09:39.332,208.15,0.0698927655796,0.0,0
2018-05-27 17:09:39.518,208.34,0.0698927655796,0.0,0
2018-05-27 17:09:39.611,207.93,0.0698927655796,0.0,0
2018-05-27 17:09:39.704,209.3,0.0698927655796,0.0,0
2018-05-27 17:09:39.797,208.08,0.0698927655796,0.0,0
2018-05-27 17:09:39.890,209.7,0.0698927655796,0.0,0
2018-05-27 17:09:40.053,208.01,0.0698927655796,0.0,0
2018-05-27 17:09:40.145,209.86,0.0698927655796,0.0,0
2018-05-27 17:09:40.332,210.24,0.0698927655796,0.0,0
2018-05-27 17:09:40.426,209.15,0.0698927655796,0.0,0
2018-05-27 17:09:40.508,209.09,0.0697437285521,0.0,0
2018-05-27 17:09:40.695,209.85,0.0697437285521,0.0,0
2018-05-27 17:09:40.881,211.09,0.0697437285521,0.0,0
2018-05-27 17:09:41.136,212.06,0.0697437285521,0.0,0
2018-05-27 17:09:41.229,211.32,0.0697437285521,0.0,0
2018-05-27 17:09:41.685,214.01,0.0697437285521,0.0,0
2018-05-27 17:09:41.778,212.94,0.0697437285521,0.0,0
2018-05-27 17:09:41.871,213.58,0.0697437285521,0.0,0
2018-05-27 17:09:42.033,214.17,0.0697437285521,0.0,0
2018-05-27 17:09:42.126,214.05,0.0697437285521,0.0,0
2018-05-27 17:09:42.219,215.78,0.0697437285521,0.0,0
2018-05-27 17:09:42.313,214.95,0.0697437285521,0.0,0
2018-05-27 17:09:42.396,216.59,0.0697437285521,0.0,0
2018-05-27 17:09:42.489,215.76,0.0697437285521,0.0,0
2018-05-27 17:09:42.862,217.67,0.0697437285521,0.0,0
2018-05-27 17:09:43.108,217.87,0.0697437285521,0.0,0
2018-05-27 17:09:43.191,218.17,0.0697437285521,0.0,0
2018-05-27 17:09:43.452,217.88,0.0697437285521,0.0,0
2018-05-27 17:09:43.545,219.05,0.0697437285521,0.0,0
2018-05-27 17:09:43.731,220.42,0.0697437285521,0.0,0
2018-05-27 17:09:43.918,219.83,0.0697437285521,0.0,0
2018-05-27 17:09:44.433,221.44,0.0697437285521,0.0,0
2018-05-27 17:09:44.619,224.0,0.0697437285521,0.0,0
2018-05-27 17:09:44.712,223.27,0.0697437285521,0.0,0
2018-05-27 17:09:44.806,222.54,0.0697437285521,0.0,0
2018-05-27 17:09:44.889,224.75,0.0697437285521,0.0,0
2018-05-27 17:09:45.051,224.44,0.0697437285521,0.0,0
2018-05-27 17:09:45.144,224.2,0.0697437285521,0.0,0
2018-05-27 17:09:45.237,224.68,0.0697437285521,0.0,0
2018-05-27 17:09:45.331,224.41,0.0697437285521,0.0,0
2018-05-27 17:09:45.424,225.05,0.0697437285521,0.0,0
2018-05-27 17:09:45.610,226.71,0.0697437285521,0.0,0
2018-05-27 17:09:46.135,227.8,0.0697437285521,0.0,0
2018-05-27 17:09:46.321,227.8,0.0697437285521,0.0,0
2018-05-27 17:09:46.414,227.76,0.0697437285521,0.0,0
2018-05-27 17:09:46.489,228.24,0.0697437285521,0.0,0
2018-05-27 17:09:46.582,228.08,0.0697437285521,0.0,0
2018-05-27 17:09:46.768,228.79,0.0697437285521,0.0,0
2018-05-27 17:09:47.018,230.61,0.0697437285521,0.0,0
2018-05-27 17:09:47.106,229.1,0.0697437285521,0.0,0
2018-05-27 17:09:47.547,231.14,0.0697437285521,0.0,0
2018-05-27 17:09:47.768,232.15,0.0697437285521,0.0,0
2018-05-27 17:09:48.018,232.15,0.0697437285521,0.0,0
2018-05-27 17:09:48.190,231.92,0.0697437285521,0.0,0
2018-05-27 17:09:48.284,232.24,0.0697437285521,0.0,0
2018-05-27 17:09:48.460,234.11,0.0697437285521,0.0,0
2018-05-27 17:09:48.553,234.6,0.0697437285521,0.0,0
2018-05-27 17:09:48.740,234.62,0.0697437285521,0.0,0
2018-05-27 17:09:48.833,235.06,0.0697437285521,0.0,0
2018-05-27 17:09:49.078,234.25,0.0697437285521,0.0,0
2018-05-27 17:09:49.171,234.6,0.0697437285521,0.0,0
2018-05-27 17:09:49.255,233.56,0.0697437285521,0.0,0
2018-05-27 17:09:49.339,235.16,0.0697437285521,0.0,0
2018-05-27 17:09:49.619,236.34,0.0697437285521,0.0,0
2018-05-27 17:09:49.712,235.01,0.0697437285521,0.0,0
2018-05-27 17:09:49.888,234.43,0.0697437285521,0.0,0
2018-05-27 17:09:50.330,225.59,0.0697437285521,0.0,0
2018-05-27 17:09:50.423,224.06,0.0697437285521,0.0,0
2018-05-27 17:09:50.516,222.1,0.0697437285521,0.0,0
2018-05-27 17:09:50.683,220.49,0.0697437285521,0.0,0
2018-05-27 17:09:50.777,218.08,0.0697437285521,0.0,0
2018-05-27 17:09:51.125,213.37,0.0697437285521,0.0,0
2018-05-27 17:09:51.218,212.57,0.0697437285521,0.0,0
2018-05-27 17:09:51.395,212.1,0.0697437285521,0.0,0
2018-05-27 17:09:51.488,209.78,0.0697437285521,0.0,0
2018-05-27 17:09:51.861,208.32,0.0697437285521,0.0,0
2018-05-27 17:09:52.022,208.24,0.0697437285521,0.0,0
2018-05-27 17:09:52.106,207.83,0.0697437285521,0.0,0
2018-05-27 17:09:52.190,206.99,0.0697437285521,0.0,0
2018-05-27 17:09:52.376,206.67,0.0697437285521,0.0,0
2018-05-27 17:09:52.460,206.09,0.0697437285521,0.0,0
2018-05-27 17:09:52.553,205.33,0.0697437285521,0.0,0
2018-05-27 17:09:52.646,205.68,0.0697437285521,0.0,0
2018-05-27 17:09:52.739,203.64,0.0697437285521,0.0,0
2018-05-27 17:09:52.925,204.46,0.0697437285521,0.0,0
2018-05-27 17:09:53.366,205.37,0.0697437285521,0.0,0
2018-05-27 17:09:53.534,205.62,0.0697437285521,0.0,0
2018-05-27 17:09:53.627,204.61,0.0697437285521,0.0,0
2018-05-27 17:09:53.711,204.52,0.0697437285521,0.0,0
2018-05-27 17:09:53.804,204.92,0.0697437285521,0.0,0
2018-05-27 17:09:53.897,204.17,0.0697437285521,0.0,0
2018-05-27 17:09:54.059,203.91,0.0697437285521,0.0,0
2018-05-27 17:09:54.152,205.86,0.0697437285521,0.0,0
2018-05-27 17:09:54.245,203.9,0.0697437285521,0.0,0
2018-05-27 17:09:54.422,205.91,0.0697437285521,0.0,0
2018-05-27 17:09:54.515,204.71,0.0697437285521,0.0,0
2018-05-27 17:09:54.702,205.72,0.0697437285521,0.0,0
2018-05-27 17:09:55.049,205.05,0.0697437285521,0.0,0
2018-05-27 17:09:55.143,207.51,0.0697437285521,0.0,0
2018-05-27 17:09:55.236,206.31,0.0697437285521,0.0,0
2018-05-27 17:09:55.515,208.85,0.0697437285521,0.0,0
2018-05-27 17:09:55.599,208.62,0.0697437285521,0.0,0
2018-05-27 17:09:55.692,207.7,0.0697437285521,0.0,0
2018-05-27 17:09:55.878,207.93,0.0697437285521,0.0,0
2018-05-27 17:09:56.040,209.94,0.0697437285521,0.0,0
2018-05-27 17:09:56.226,210.77,0.0697437285521,0.0,0
2018-05-27 17:09:56.496,210.58,0.0697437285521,0.0,0
2018-05-27 17:09:56.589,211.54,0.0697437285521,0.0,0
2018-05-27 17:09:56.766,211.57,0.0697437285521,0.0,0
2018-05-27 17:09:57.282,213.57,0.0697437285521,0.0,0
2018-05-27 17:09:57.459,214.21,0.0697437285521,0.0,0
2018-05-27 17:09:57.645,215.84,0.0697437285521,0.0,0
2018-05-27 17:09:58.179,218.35,0.0697437285521,0.0,0
2018-05-27 17:09:58.356,219.02,0.0697437285521,0.0,0
2018-05-27 17:09:58.542,217.73,0.0697437285521,0.0,0
2018-05-27 17:09:58.636,218.08,0.0697437285521,0.0,0
2018-05-27 17:09:58.729,219.07,0.0697437285521,0.0,0
2018-05-27 17:09:59.077,218.06,0.0697437285521,0.0,0
2018-05-27 17:09:59.338,216.78,0.0697437285521,0.0,0
2018-05-27 17:09:59.430,215.55,0.0697437285521,0.0,0
2018-05-27 17:09:59.524,215.0,0.0697437285521,0.0,0
2018-05-27 17:09:59.617,216.54,0.0655813736685,0.0250000003725,0
2018-05-27 17:09:59.701,214.8,0.0655813736685,0.0,0
2018-05-27 17:09:59.878,216.78,0.0655813736685,0.0,0
2018-05-27 17:10:00.039,215.17,0.0655813736685,0.0,0
2018-05-27 17:10:00.226,215.66,0.0655813736685,0.0,0
2018-05-27 17:10:00.309,214.09,0.0655813736685,0.0,0
2018-05-27 17:10:00.496,214.61,0.0655813736685,0.0,0
2018-05-27 17:10:00.672,214.06,0.0655813736685,0.0,0
2018-05-27 17:10:00.859,212.41,0.0655813736685,0.0,0
2018-05-27 17:10:01.188,210.32,0.0655813736685,0.0,0
2018-05-27 17:10:01.365,210.54,0.0697437285521,0.0,0
2018-05-27 17:10:01.458,209.05,0.0697437285521,0.0,0
2018-05-27 17:10:01.551,209.73,0.0697437285521,0.0,0
2018-05-27 17:10:01.644,207.65,0.0697437285521,0.0,0
2018-05-27 17:10:01.737,209.35,0.0697437285521,0.0,0
2018-05-27 17:10:01.831,208.71,0.0697437285521,0.0,0
2018-05-27 17:10:02.085,208.13,0.0697437285521,0.0,0
2018-05-27 17:10:02.179,210.77,0.0697437285521,0.0,0
2018-05-27 17:10:02.449,209.91,0.0697437285521,0.0,0
2018-05-27 17:10:02.542,210.97,0.0697437285521,0.0,0
2018-05-27 17:10:02.635,209.45,0.0697437285521,0.0,0
2018-05-27 17:10:02.728,211.5,0.0697437285521,0.0,0
2018-05-27 17:10:02.821,211.0,0.0697437285521,0.0,0
2018-05-27 17:10:02.914,212.64,0.0697437285521,0.0,0
2018-05-27 17:10:03.076,210.8,0.0697437285521,0.0,0
2018-05-27 17:10:03.337,213.2,0.0697437285521,0.0,0
2018-05-27 17:10:03.616,214.29,0.0697437285521,0.0,0
2018-05-27 17:10:03.802,214.96,0.0697437285521,0.0,0
2018-05-27 17:10:03.895,215.38,0.0697437285521,0.0,0
2018-05-27 17:10:04.057,217.32,0.0697437285521,0.0,0
2018-05-27 17:10:04.150,216.74,0.0697437285521,0.0,0
2018-05-27 17:10:04.244,217.47,0.0697437285521,0.0,0
2018-05-27 17:10:04.337,218.9,0.0697437285521,0.0,0
2018-05-27 17:10:04.420,217.59,0.0697437285521,0.0,0
2018-05-27 17:10:04.607,218.74,0.0697437285521,0.0,0
2018-05-27 17:10:04.700,218.42,0.0697437285521,0.0,0
2018-05-27 17:10:05.141,220.3,0.0697437285521,0.0,0
2018-05-27 17:10:05.234,221.06,0.0697437285521,0.0,0
2018-05-27 17:10:05.318,220.59,0.0697437285521,0.0,0
2018-05-27 17:10:05.504,223.06,0.0697437285521,0.0,0
2018-05-27 17:10:05.597,223.43,0.0697437285521,0.0,0
2018-05-27 17:10:05.690,223.03,0.0697437285521,0.0,0
2018-05-27 17:10:05.876,223.1,0.0697437285521,0.0,0
2018-05-27 17:10:06.038,224.82,0.0697437285521,0.0,0
2018-05-27 17:10:06.131,225.68,0.0697437285521,0.0,0
2018-05-27 17:10:06.225,225.6,0.0697437285521,0.0,0
2018-05-27 17:10:06.318,225.3,0.0697437285521,0.0,0
2018-05-27 17:10:06.495,226.8,0.0697437285521,0.0,0
2018-05-27 17:10:06.588,226.69,0.0697437285521,0.0,0
2018-05-27 17:10:06.681,226.77,0.0697437285521,0.0,0
2018-05-27 17:10:06.774,225.04,0.0697437285521,0.0,0
2018-05-27 17:10:07.029,226.61,0.0697437285521,0.0,0
2018-05-27 17:10:07.215,227.36,0.0697437285521,0.0,0
2018-05-27 17:10:07.308,228.06,0.0697437285521,0.0,0
2018-05-27 17:10:07.392,227.51,0.0697437285521,0.0,0
2018-05-27 17:10:07.485,227.13,0.0697437285521,0.0,0
2018-05-27 17:10:07.578,228.48,0.0697437285521,0.0,0
2018-05-27 17:10:07.671,228.79,0.0697437285521,0.0,0
2018-05-27 17:10:08.104,230.24,0.0697437285521,0.0,0
2018-05-27 17:10:08.187,230.51,0.0697437285521,0.0,0
2018-05-27 17:10:08.364,230.69,0.0697437285521,0.0,0
2018-05-27 17:10:08.457,230.85,0.0697437285521,0.0,0
2018-05-27 17:10:08.644,231.46,0.0697437285521,0.0,0
2018-05-27 17:10:08.736,232.27,0.0697437285521,0.0,0
2018-05-27 17:10:08.830,232.55,0.0697437285521,0.0,0
2018-05-27 17:10:08.923,233.35,0.0697437285521,0.0,0
2018-05-27 17:10:09.354,233.83,0.0697437285521,0.0,0
2018-05-27 17:10:09.438,235.01,0.0697437285521,0.0,0
2018-05-27 17:10:09.522,233.72,0.0697437285521,0.0,0
2018-05-27 17:10:09.615,234.37,0.0697437285521,0.0,0
2018-05-27 17:10:09.708,233.53,0.0697437285521,0.0,0
2018-05-27 17:10:09.894,232.88,0.0697437285521,0.0,0
2018-05-27 17:10:10.243,229.42,0.0697437285521,0.0,0
2018-05-27 17:10:10.328,228.2,0.0697437285521,0.0,0
2018-05-27 17:10:10.413,226.89,0.0697437285521,0.0,0
2018-05-27 17:10:10.503,225.27,0.0697437285521,0.0,0
2018-05-27 17:10:10.596,225.0,0.0697437285521,0.0,0
2018-05-27 17:10:10.689,224.3,0.0697437285521,0.0,0
2018-05-27 17:10:10.783,224.46,0.0697437285521,0.0,0
2018-05-27 17:10:11.037,219.73,0.0697437285521,0.0,0
2018-05-27 17:10:11.131,218.87,0.0697437285521,0.0,0
2018-05-27 17:10:11.401,215.17,0.0697437285521,0.0,0
2018-05-27 17:10:11.587,211.2,0.0697437285521,0.0,0
2018-05-27 17:10:11.866,209.81,0.0697437285521,0.0,0
2018-05-27 17:10:12.308,205.21,0.0697437285521,0.0,0
2018-05-27 17:10:12.577,202.34,0.0697437285521,0.0,0
2018-05-27 17:10:12.671,203.49,0.0697437285521,0.0,0
2018-05-27 17:10:12.857,200.34,0.0697437285521,0.0,0
2018-05-27 17:10:13.014,200.31,0.0697437285521,0.0,0
2018-05-27 17:10:13.186,200.62,0.0697444710925,0.0,0
2018-05-27 17:10:13.372,199.26,0.0697444710925,0.0,0
2018-05-27 17:10:13.456,199.37,0.0697444710925,0.0,0
2018-05-27 17:10:14.261,199.41,0.0697444710925,0.0,0
2018-05-27 17:10:14.437,200.1,0.0697444710925,0.0,0
2018-05-27 17:10:14.708,201.15,0.0697444710925,0.0,0
2018-05-27 17:10:14.791,201.61,0.0697444710925,0.0,0
2018-05-27 17:10:14.884,200.94,0.0697444710925,0.0,0
2018-05-27 17:10:15.046,200.43,0.0697444710925,0.0,0
2018-05-27 17:10:15.232,201.04,0.0697444710925,0.0,0
2018-05-27 17:10:15.326,199.99,0.0697444710925,0.0,0
2018-05-27 17:10:15.503,202.31,0.0697444710925,0.0,0
2018-05-27 17:10:15.596,202.15,0.0697444710925,0.0,0
2018-05-27 17:10:15.679,202.3,0.0697444710925,0.0,0
2018-05-27 17:10:15.773,202.45,0.0697444710925,0.0,0
2018-05-27 17:10:15.866,203.79,0.0697444710925,0.0,0
2018-05-27 17:10:16.121,202.76,0.0697444710925,0.0,0
2018-05-27 17:10:16.214,204.66,0.0697444710925,0.0,0
2018-05-27 17:10:16.307,203.2,0.0697444710925,0.0,0
2018-05-27 17:10:16.391,203.66,0.0697444710925,0.0,0
2018-05-27 17:10:16.484,204.6,0.0697444710925,0.0,0
2018-05-27 17:10:16.670,204.66,0.0697444710925,0.0,0
2018-05-27 17:10:16.763,205.95,0.0697444710925,0.0,0
2018-05-27 17:10:16.856,204.72,0.0697444710925,0.0,0
2018-05-27 17:10:17.102,206.48,0.0697444710925,0.0,0
2018-05-27 17:10:17.186,206.86,0.0697444710925,0.0,0
2018-05-27 17:10:17.279,205.94,0.0697444710925,0.0,0
2018-05-27 17:10:17.363,205.89,0.0697444710925,0.0,0
2018-05-27 17:10:17.456,207.93,0.0697444710925,0.0,0
2018-05-27 17:10:17.642,208.97,0.0697444710925,0.0,0
2018-05-27 17:10:17.736,208.43,0.0697444710925,0.0,0
2018-05-27 17:10:17.921,209.4,0.0697444710925,0.0,0
2018-05-27 17:10:18.083,210.56,0.0697444710925,0.0,0
2018-05-27 17:10:18.176,209.41,0.0697444710925,0.0,0
2018-05-27 17:10:18.269,212.0,0.0697444710925,0.0,0
2018-05-27 17:10:18.362,210.95,0.0697444710925,0.0,0
2018-05-27 17:10:18.539,210.47,0.0697444710925,0.0,0
2018-05-27 17:10:18.819,210.06,0.0697444710925,0.0,0
2018-05-27 17:10:19.167,206.1,0.0697444710925,0.0,0
2018-05-27 17:10:19.260,205.74,0.0697444710925,0.0,0
2018-05-27 17:10:19.353,204.07,0.0697444710925,0.0,0
2018-05-27 17:10:19.437,204.03,0.0697444710925,0.0,0
2018-05-27 17:10:19.530,203.36,0.0697444710925,0.0,0
2018-05-27 17:10:19.614,201.72,0.0697444710925,0.0,0
2018-05-27 17:10:19.893,200.53,0.0697444710925,0.0,0
2018-05-27 17:10:20.055,201.3,0.0697444710925,0.0,0
2018-05-27 17:10:20.241,198.97,0.0697444710925,0.0,0
2018-05-27 17:10:20.325,198.7,0.0697444710925,0.0,0
2018-05-27 17:10:20.502,197.58,0.0697444710925,0.0,0
2018-05-27 17:10:20.595,198.71,0.0697444710925,0.0,0
2018-05-27 17:10:20.781,197.89,0.0697444710925,0.0,0
2018-05-27 17:10:20.865,198.3,0.0697444710925,0.0,0
2018-05-27 17:10:21.120,199.73,0.0697444710925,0.0,0
2018-05-27 17:10:21.213,198.98,0.0697444710925,0.0,0
2018-05-27 17:10:21.306,198.55,0.0697444710925,0.0,0
2018-05-27 17:10:21.399,200.57,0.0697444710925,0.0,0
2018-05-27 17:10:21.474,198.98,0.0697444710925,0.0,0
2018-05-27 17:10:21.567,199.76,0.0697444710925,0.0,0
2018-05-27 17:10:21.827,202.49,0.0697444710925,0.0,0
2018-05-27 17:10:21.916,201.18,0.0697444710925,0.0,0
2018-05-27 17:10:22.073,202.79,0.0697444710925,0.0,0
2018-05-27 17:10:22.166,201.94,0.0697444710925,0.0,0
2018-05-27 17:10:22.259,203.14,0.0697444710925,0.0,0
2018-05-27 17:10:22.613,203.15,0.0697444710925,0.0,0
2018-05-27 17:10:22.883,203.79,0.0697444710925,0.0,0
2018-05-27 17:10:23.045,204.07,0.0697444710925,0.0,0
2018-05-27 17:10:23.231,204.92,0.0697444710925,0.0,0
2018-05-27 17:10:23.417,204.82,0.0697444710925,0.0,0
2018-05-27 17:10:23.511,206.17,0.0697444710925,0.0,0
2018-05-27 17:10:23.594,206.57,0.0697444710925,0.0,0
2018-05-27 17:10:23.687,205.94,0.0697444710925,0.0,0
2018-05-27 17:10:23.874,207.28,0.0697444710925,0.0,0
2018-05-27 17:10:24.035,206.87,0.0697444710925,0.0,0
2018-05-27 17:10:24.222,207.63,0.0697444710925,0.0,0
2018-05-27 17:10:24.315,209.25,0.0697444710925,0.0,0
2018-05-27 17:10:24.669,210.52,0.0697444710925,0.0,0
2018-05-27 17:10:24.855,210.96,0.0697444710925,0.0,0
2018-05-27 17:10:25.734,215.8,0.0697444710925,0.0,0
2018-05-27 17:10:25.920,218.29,0.0697444710925,0.0,0
2018-05-27 17:10:26.175,217.72,0.0697444710925,0.0,0
2018-05-27 17:10:26.352,218.61,0.0697444710925,0.0,0
2018-05-27 17:10:26.631,218.07,0.0697444710925,0.0,0
2018-05-27 17:10:26.724,218.92,0.0697444710925,0.0,0
2018-05-27 17:10:26.817,221.22,0.0697444710925,0.0,0
2018-05-27 17:10:27.072,220.62,0.0697444710925,0.0,0
2018-05-27 17:10:27.165,221.22,0.0697444710925,0.0,0
2018-05-27 17:10:27.258,222.53,0.0697444710925,0.0,0
2018-05-27 17:10:27.342,221.65,0.0697444710925,0.0,0
2018-05-27 17:10:27.435,222.35,0.0697444710925,0.0,0
2018-05-27 17:10:27.612,223.49,0.0697444710925,0.0,0
2018-05-27 17:10:27.705,223.14,0.0697444710925,0.0,0
2018-05-27 17:10:27.892,225.84,0.0697444710925,0.0,0
2018-05-27 17:10:28.147,225.52,0.0697444710925,0.0,0
2018-05-27 17:10:28.230,226.49,0.0697444710925,0.0,0
2018-05-27 17:10:28.323,226.04,0.0697444710925,0.0,0
2018-05-27 17:10:28.407,225.09,0.0697444710925,0.0,0
2018-05-27 17:10:28.500,225.11,0.0697444710925,0.0,0
2018-05-27 17:10:28.593,226.5,0.0697444710925,0.0,0
2018-05-27 17:10:28.687,227.18,0.0697444710925,0.0,0
2018-05-27 17:10:28.780,227.62,0.0697444710925,0.0,0
2018-05-27 17:10:28.874,228.27,0.0697444710925,0.0,0
2018-05-27 17:10:29.025,227.47,0.0697444710925,0.0,0
2018-05-27 17:10:29.211,229.03,0.0697444710925,0.0,0
2018-05-27 17:10:29.305,229.57,0.0697444710925,0.0,0
2018-05-27 17:10:29.390,228.89,0.0697444710925,0.0,0
2018-05-27 17:10:29.482,229.48,0.0697444710925,0.0,0
2018-05-27 17:10:29.575,229.59,0.0697444710925,0.0,0
2018-05-27 17:10:29.668,229.76,0.0697444710925,0.0,0
2018-05-27 17:10:29.761,230.01,0.0697444710925,0.0,0
2018-05-27 17:10:29.854,230.22,0.0697444710925,0.0,0
2018-05-27 17:10:30.100,232.86,0.0697444710925,0.0,0
2018-05-27 17:10:30.184,231.17,0.0697444710925,0.0,0
2018-05-27 17:10:30.277,230.99,0.0697444710925,0.0,0
2018-05-27 17:10:30.649,233.02,0.0697444710925,0.0,0
2018-05-27 17:10:30.919,234.83,0.0697444710925,0.0,0
2018-05-27 17:10:31.444,235.8,0.0697444710925,0.0,0
2018-05-27 17:10:31.816,235.68,0.0697444710925,0.0,0
2018-05-27 17:10:32.714,232.63,0.0697444710925,0.0,0
2018-05-27 17:10:32.807,231.63,0.0697444710925,0.0,0
2018-05-27 17:10:33.053,227.31,0.0697444710925,0.0,0
2018-05-27 17:10:33.239,221.24,0.0697444710925,0.0,0
2018-05-27 17:10:33.518,213.83,0.0697444710925,0.0,0
2018-05-27 17:10:33.611,210.67,0.0697444710925,0.0,0
2018-05-27 17:10:33.705,209.91,0.0697444710925,0.0,0
2018-05-27 17:10:34.043,204.73,0.0697444710925,0.0,0
2018-05-27 17:10:34.136,202.88,0.0697444710925,0.0,0
2018-05-27 17:10:34.229,201.64,0.0697444710925,0.0,0
2018-05-27 17:10:34.322,201.5,0.0697444710925,0.0,0
2018-05-27 17:10:34.416,199.21,0.0697444710925,0.0,0
2018-05-27 17:10:34.583,197.84,0.0697444710925,0.0,0
2018-05-27 17:10:34.769,194.79,0.0697444710925,0.0,0
2018-05-27 17:10:34.862,193.71,0.0697444710925,0.0,0
2018-05-27 17:10:35.117,193.14,0.0697444710925,0.0,0
2018-05-27 17:10:35.304,189.94,0.0697444710925,0.0,0
2018-05-27 17:10:35.481,190.51,0.0697444710925,0.0,0
2018-05-27 17:10:35.755,187.57,0.0697444710925,0.0,0
2018-05-27 17:10:35.844,187.55,0.0697444710925,0.0,0
2018-05-27 17:10:35.928,186.26,0.0697444710925,0.0,0
2018-05-27 17:10:36.359,187.72,0.0697444710925,0.0,0
2018-05-27 17:10:36.452,188.05,0.0697444710925,0.0,0
2018-05-27 17:10:36.546,188.71,0.0697444710925,0.0,0
2018-05-27 17:10:37.173,192.16,0.0697444710925,0.0,0
2018-05-27 17:10:37.266,191.31,0.0697444710925,0.0,0
2018-05-27 17:10:37.443,193.06,0.0697444710925,0.0,0
2018-05-27 17:10:37.536,192.13,0.0697444710925,0.0,0
2018-05-27 17:10:37.620,193.89,0.0697444710925,0.0,0
2018-05-27 17:10:37.806,193.21,0.0697444710925,0.0,0
2018-05-27 17:10:37.899,193.53,0.0697444710925,0.0,0
2018-05-27 17:10:38.154,195.39,0.0697444710925,0.0,0
2018-05-27 17:10:38.331,196.17,0.0697444710925,0.0,0
2018-05-27 17:10:38.517,195.78,0.0697444710925,0.0,0
2018-05-27 17:10:38.610,195.85,0.0697444710925,0.0,0
2018-05-27 17:10:38.797,197.58,0.0697444710925,0.0,0
2018-05-27 17:10:39.052,197.36,0.0697444710925,0.0,0
2018-05-27 17:10:39.238,198.55,0.0697444710925,0.0,0
2018-05-27 17:10:39.322,200.4,0.0697444710925,0.0,0
2018-05-27 17:10:39.415,199.47,0.0697444710925,0.0,0
2018-05-27 17:10:39.499,200.07,0.0697444710925,0.0,0
2018-05-27 17:10:39.871,201.55,0.0697444710925,0.0,0
2018-05-27 17:10:40.033,203.89,0.0697444710925,0.0,0
2018-05-27 17:10:40.750,207.4,0.0697444710925,0.0,0
2018-05-27 17:10:40.824,206.51,0.0697444710925,0.0,0
2018-05-27 17:10:41.079,206.58,0.0697444710925,0.0,0
2018-05-27 17:10:41.257,208.08,0.0697444710925,0.0,0
2018-05-27 17:10:41.349,206.66,0.0697444710925,0.0,0
2018-05-27 17:10:41.629,206.76,0.0697444710925,0.0,0
2018-05-27 17:10:41.722,205.78,0.0697444710925,0.0,0
2018-05-27 17:10:41.908,205.03,0.0697444710925,0.0,0
2018-05-27 17:10:42.070,205.87,0.0697444710925,0.0,0
2018-05-27 17:10:42.237,205.64,0.0697444710925,0.0,0
2018-05-27 17:10:42.331,205.47,0.0697444710925,0.0,0
2018-05-27 17:10:42.517,207.4,0.0697444710925,0.0,0
2018-05-27 17:10:42.610,205.23,0.0697444710925,0.0,0
2018-05-27 17:10:42.796,206.08,0.0697444710925,0.0,0
2018-05-27 17:10:42.889,207.74,0.0697444710925,0.0,0
2018-05-27 17:10:43.135,206.43,0.0697444710925,0.0,0
2018-05-27 17:10:43.228,207.71,0.0697444710925,0.0,0
2018-05-27 17:10:43.405,206.39,0.0697444710925,0.0,0
2018-05-27 17:10:43.498,206.96,0.0697444710925,0.0,0
2018-05-27 17:10:43.591,205.51,0.0697444710925,0.0,0
2018-05-27 17:10:43.684,207.97,0.0697444710925,0.0,0
2018-05-27 17:10:43.778,206.96,0.0697444710925,0.0,0
2018-05-27 17:10:44.032,207.45,0.0697444710925,0.0,0
2018-05-27 17:10:44.125,207.89,0.0697444710925,0.0,0
2018-05-27 17:10:44.219,207.74,0.0697444710925,0.0,0
2018-05-27 17:10:44.489,208.28,0.0697444710925,0.0,0
2018-05-27 17:10:44.582,209.25,0.0697444710925,0.0,0
2018-05-27 17:10:44.675,208.72,0.0697444710925,0.0,0
2018-05-27 17:10:45.013,210.14,0.0697444710925,0.0,0
2018-05-27 17:10:45.107,211.32,0.0697444710925,0.0,0
2018-05-27 17:10:45.381,211.29,0.0697444710925,0.0,0
2018-05-27 17:10:45.554,211.89,0.0697444710925,0.0,0
2018-05-27 17:10:45.637,213.13,0.0697444710925,0.0,0
2018-05-27 17:10:45.731,212.36,0.0697444710925,0.0,0
2018-05-27 17:10:45.917,213.48,0.0697444710925,0.0,0
2018-05-27 17:10:46.079,213.15,0.0697444710925,0.0,0
2018-05-27 17:10:46.358,215.17,0.0697444710925,0.0,0
2018-05-27 17:10:46.442,215.62,0.0697444710925,0.0,0
2018-05-27 17:10:46.814,217.03,0.0697444710925,0.0,0
2018-05-27 17:10:46.907,218.39,0.0697444710925,0.0,0
2018-05-27 17:10:47.162,217.68,0.0697444710925,0.0,0
2018-05-27 17:10:47.255,219.15,0.0697444710925,0.0,0
2018-05-27 17:10:47.339,218.01,0.0697444710925,0.0,0
2018-05-27 17:10:47.433,220.07,0.0697444710925,0.0,0
2018-05-27 17:10:47.516,219.57,0.0697444710925,0.0,0
2018-05-27 17:10:47.609,220.8,0.0697444710925,0.0,0
2018-05-27 17:10:47.702,220.53,0.0697444710925,0.0,0
2018-05-27 17:10:48.050,223.18,0.0697444710925,0.0,0
2018-05-27 17:10:48.136,221.64,0.0697444710925,0.0,0
2018-05-27 17:10:48.311,222.41,0.0697444710925,0.0,0
2018-05-27 17:10:48.404,221.68,0.0697444710925,0.0,0
2018-05-27 17:10:48.488,223.22,0.0697444710925,0.0,0
2018-05-27 17:10:48.669,224.29,0.0697444710925,0.0,0
2018-05-27 17:10:48.851,223.88,0.0697444710925,0.0,0
2018-05-27 17:10:49.008,226.47,0.0697444710925,0.0,0
2018-05-27 17:10:49.171,225.13,0.0697444710925,0.0,0
2018-05-27 17:10:49.357,225.55,0.0697444710925,0.0,0
2018-05-27 17:10:49.451,225.92,0.0697444710925,0.0,0
2018-05-27 17:10:49.544,226.57,0.0697444710925,0.0,0
2018-05-27 17:10:49.637,227.39,0.0697444710925,0.0,0
2018-05-27 17:10:49.823,228.61,0.0697444710925,0.0,0
2018-05-27 17:10:50.078,228.45,0.0697444710925,0.0,0
2018-05-27 17:10:50.171,229.05,0.0697444710925,0.0,0
2018-05-27 17:10:50.264,229.09,0.0697444710925,0.0,0
2018-05-27 17:10:50.357,228.54,0.0697444710925,0.0,0
2018-05-27 17:10:50.450,230.11,0.0697444710925,0.0,0
2018-05-27 17:10:50.637,229.14,0.0697444710925,0.0,0
2018-05-27 17:10:50.730,229.45,0.0697444710925,0.0,0
2018-05-27 17:10:50.823,230.31,0.0697444710925,0.0,0
2018-05-27 17:10:51.441,234.17,0.0697444710925,0.0,0
2018-05-27 17:10:51.627,233.58,0.0697444710925,0.0,0
2018-05-27 17:10:51.813,234.05,0.0697444710925,0.0,0
2018-05-27 17:10:51.907,234.8,0.0697444710925,0.0,0
2018-05-27 17:10:52.068,234.25,0.0697444710925,0.0,0
2018-05-27 17:10:52.153,236.21,0.0697444710925,0.0,0
2018-05-27 17:10:52.236,235.0,0.0697444710925,0.0,0
2018-05-27 17:10:52.329,234.73,0.0697444710925,0.0,0
2018-05-27 17:10:52.422,235.03,0.0697444710925,0.0,0
2018-05-27 17:10:52.515,233.58,0.0697444710925,0.0,0
2018-05-27 17:10:52.608,232.37,0.0697444710925,0.0,0
2018-05-27 17:10:52.795,230.19,0.0697444710925,0.0,0
2018-05-27 17:10:53.050,227.84,0.0697444710925,0.0,0
2018-05-27 17:10:53.143,226.34,0.0697444710925,0.0,0
2018-05-27 17:10:53.227,227.08,0.0697444710925,0.0,0
2018-05-27 17:10:53.320,225.74,0.0697444710925,0.0,0
2018-05-27 17:10:53.413,224.29,0.0697444710925,0.0,0
2018-05-27 17:10:53.497,224.41,0.0697444710925,0.0,0
2018-05-27 17:10:53.590,223.84,0.0697444710925,0.0,0
2018-05-27 17:10:53.683,221.77,0.0697444710925,0.0,0
2018-05-27 17:10:54.115,217.97,0.0697444710925,0.0,0
2018-05-27 17:10:54.208,218.29,0.0697444710925,0.0,0
2018-05-27 17:10:54.394,214.03,0.0697444710925,0.0,0
2018-05-27 17:10:54.478,213.34,0.0697444710925,0.0,0
2018-05-27 17:10:54.757,209.7,0.0697444710925,0.0,0
2018-05-27 17:10:55.087,208.56,0.0697444710925,0.0,0
2018-05-27 17:10:55.180,206.39,0.0697444710925,0.0,0
2018-05-27 17:10:55.357,204.55,0.0697444710925,0.0,0
2018-05-27 17:10:55.813,202.4,0.0697444710925,0.0,0
2018-05-27 17:10:55.906,201.77,0.0697444710925,0.0,0
2018-05-27 17:10:56.254,200.54,0.0697444710925,0.0,0
2018-05-27 17:10:56.338,199.67,0.0697444710925,0.0,0
2018-05-27 17:10:56.515,201.22,0.0697444710925,0.0,0
2018-05-27 17:10:56.608,200.35,0.0697444710925,0.0,0
2018-05-27 17:10:56.701,199.3,0.0697444710925,0.0,0
2018-05-27 17:10:56.794,198.62,0.0697444710925,0.0,0
2018-05-27 17:10:57.142,196.94,0.0697444710925,0.0,0
2018-05-27 17:10:57.329,198.07,0.0697444710925,0.0,0
2018-05-27 17:10:57.422,195.64,0.0697444710925,0.0,0
2018-05-27 17:10:57.515,195.56,0.0697444710925,0.0,0
2018-05-27 17:10:57.692,196.24,0.0697444710925,0.0,0
2018-05-27 17:10:57.785,197.43,0.0697444710925,0.0,0
2018-05-27 17:10:57.878,197.07,0.0697444710925,0.0,0
2018-05-27 17:10:58.040,196.04,0.0697444710925,0.0,0
2018-05-27 17:10:58.133,196.03,0.0697444710925,0.0,0
2018-05-27 17:10:58.226,196.4,0.0697444710925,0.0,0
2018-05-27 17:10:58.319,197.26,0.0697444710925,0.0,0
2018-05-27 17:10:58.589,196.85,0.0697444710925,0.0,0
2018-05-27 17:10:58.682,196.52,0.0697444710925,0.0,0
2018-05-27 17:10:58.775,198.22,0.0697444710925,0.0,0
2018-05-27 17:10:58.868,197.68,0.0697444710925,0.0,0
2018-05-27 17:10:59.030,197.51,0.0697444710925,0.0,0
2018-05-27 17:10:59.123,198.59,0.0697444710925,0.0,0
2018-05-27 17:10:59.216,199.52,0.0697444710925,0.0,0
2018-05-27 17:10:59.310,197.96,0.0697444710925,0.0,0
2018-05-27 17:10:59.393,198.84,0.0697444710925,0.0,0
2018-05-27 17:10:59.487,198.55,0.0697444710925,0.0,0
2018-05-27 17:10:59.580,200.6,0.0697444710925,0.0,0
2018-05-27 17:10:59.673,200.73,0.0697444710925,0.0,0
2018-05-27 17:10:59.766,200.0,0.0697444710925,0.0,0
2018-05-27 17:10:59.859,200.7,0.0697444710925,0.0,0
2018-05-27 17:11:00.021,201.69,0.0697444710925,0.0,0
2018-05-27 17:11:00.114,200.55,0.0697444710925,0.0,0
2018-05-27 17:11:00.207,202.49,0.0697444710925,0.0,0
2018-05-27 17:11:00.300,201.53,0.0697444710925,0.0,0
2018-05-27 17:11:00.384,202.99,0.0697444710925,0.0,0
2018-05-27 17:11:00.477,202.23,0.0697444710925,0.0,0
2018-05-27 17:11:00.570,202.87,0.0697444710925,0.0,0
2018-05-27 17:11:00.663,203.31,0.0697444710925,0.0,0
2018-05-27 17:11:00.756,203.7,0.0697444710925,0.0,0
2018-05-27 17:11:01.007,205.57,0.0697444710925,0.0,0
2018-05-27 17:11:01.179,205.43,0.0697444710925,0.0,0
2018-05-27 17:11:01.263,205.98,0.0697444710925,0.0,0
2018-05-27 17:11:01.356,206.61,0.0697444710925,0.0,0
2018-05-27 17:11:01.449,206.04,0.0697444710925,0.0,0
2018-05-27 17:11:01.542,208.58,0.0697444710925,0.0,0
2018-05-27 17:11:01.635,207.49,0.0697444710925,0.0,0
2018-05-27 17:11:01.728,209.79,0.0697444710925,0.0,0
2018-05-27 17:11:01.915,209.71,0.0697444710925,0.0,0
2018-05-27 17:11:02.076,209.25,0.0697444710925,0.0,0
2018-05-27 17:11:02.165,209.83,0.0697444710925,0.0,0
2018-05-27 17:11:02.514,210.5,0.0697444710925,0.0,0
2018-05-27 17:11:02.599,211.53,0.0697444710925,0.0,0
2018-05-27 17:11:02.691,209.69,0.0697444710925,0.0,0
2018-05-27 17:11:03.216,207.94,0.0697444710925,0.0,0
2018-05-27 17:11:03.300,206.26,0.0697444710925,0.0,0
2018-05-27 17:11:03.384,207.86,0.0697444710925,0.0,0
2018-05-27 17:11:03.663,209.55,0.0697444710925,0.0,0
2018-05-27 17:11:03.849,209.6,0.0697444710925,0.0,0
2018-05-27 17:11:04.006,208.92,0.0697444710925,0.0,0
2018-05-27 17:11:04.095,208.65,0.0697444710925,0.0,0
2018-05-27 17:11:04.272,208.89,0.0697444710925,0.0,0
2018-05-27 17:11:04.365,210.64,0.0697444710925,0.0,0
2018-05-27 17:11:04.635,210.62,0.0697444710925,0.0,0
2018-05-27 17:11:04.728,208.97,0.0697444710925,0.0,0
2018-05-27 17:11:04.915,208.81,0.0697444710925,0.0,0
2018-05-27 17:11:05.076,210.29,0.0697444710925,0.0,0
2018-05-27 17:11:05.253,209.4,0.0697444710925,0.0,0
2018-05-27 17:11:05.337,209.45,0.0697444710925,0.0,0
2018-05-27 17:11:05.430,209.64,0.0697444710925,0.0,0
2018-05-27 17:11:05.514,209.38,0.0697444710925,0.0,0
2018-05-27 17:11:05.700,210.51,0.0697444710925,0.0,0
2018-05-27 17:11:05.793,211.73,0.0697444710925,0.0,0
2018-05-27 17:11:05.886,210.05,0.0697444710925,0.0,0
2018-05-27 17:11:06.234,211.28,0.0697444710925,0.0,0
2018-05-27 17:11:06.327,213.04,0.0697444710925,0.0,0
2018-05-27 17:11:06.597,213.36,0.0697444710925,0.0,0
2018-05-27 17:11:06.774,213.23,0.0697444710925,0.0,0
2018-05-27 17:11:07.029,214.71,0.0697444710925,0.0,0
2018-05-27 17:11:07.486,217.06,0.0697444710925,0.0,0
2018-05-27 17:11:07.672,217.34,0.0697444710925,0.0,0
2018-05-27 17:11:07.849,218.05,0.0697444710925,0.0,0
2018-05-27 17:11:08.094,218.72,0.0697444710925,0.0,0
2018-05-27 17:11:08.272,219.04,0.0697444710925,0.0,0
2018-05-27 17:11:08.448,219.2,0.0697444710925,0.0,0
2018-05-27 17:11:08.541,218.23,0.0697444710925,0.0,0
2018-05-27 17:11:08.635,218.44,0.0697444710925,0.0,0
2018-05-27 17:11:08.728,220.52,0.0697444710925,0.0,0
2018-05-27 17:11:08.821,221.07,0.0697444710925,0.0,0
2018-05-27 17:11:08.914,219.37,0.0697444710925,0.0,0
2018-05-27 17:11:09.159,220.53,0.0697444710925,0.0,0
2018-05-27 17:11:09.429,221.57,0.0697444710925,0.0,0
2018-05-27 17:11:09.616,223.07,0.0697444710925,0.0,0
2018-05-27 17:11:09.700,222.61,0.0697444710925,0.0,0
2018-05-27 17:11:09.795,223.26,0.0697444710925,0.0,0
2018-05-27 17:11:10.048,224.67,0.0697444710925,0.0,0
2018-05-27 17:11:10.141,225.42,0.0697444710925,0.0,0
2018-05-27 17:11:10.234,223.99,0.0697444710925,0.0,0
2018-05-27 17:11:10.327,224.25,0.0697444710925,0.0,0
2018-05-27 17:11:10.504,225.76,0.0697444710925,0.0,0
2018-05-27 17:11:10.876,225.97,0.0697444710925,0.0,0
2018-05-27 17:11:11.029,225.36,0.0697444710925,0.0,0
2018-05-27 17:11:11.122,225.57,0.0697444710925,0.0,0
2018-05-27 17:11:11.215,226.85,0.0697444710925,0.0,0
2018-05-27 17:11:11.308,226.32,0.0697444710925,0.0,0
2018-05-27 17:11:11.401,227.23,0.0697444710925,0.0,0
2018-05-27 17:11:11.485,227.37,0.0697444710925,0.0,0
2018-05-27 17:11:11.579,227.79,0.0697444710925,0.0,0
2018-05-27 17:11:11.671,227.99,0.0697444710925,0.0,0
2018-05-27 17:11:12.112,228.31,0.0697444710925,0.0,0
2018-05-27 17:11:12.206,229.14,0.0697444710925,0.0,0
2018-05-27 17:11:12.299,228.58,0.0697444710925,0.0,0
2018-05-27 17:11:12.383,227.26,0.0697444710925,0.0,0
2018-05-27 17:11:12.569,226.08,0.0697444710925,0.0,0
2018-05-27 17:11:12.657,226.36,0.0697444710925,0.0,0
2018-05-27 17:11:12.746,225.27,0.0697444710925,0.0,0
2018-05-27 17:11:12.830,225.17,0.0697444710925,0.0,0
2018-05-27 17:11:12.923,224.19,0.0697444710925,0.0,0
2018-05-27 17:11:13.271,219.75,0.0697444710925,0.0,0
2018-05-27 17:11:13.438,218.93,0.0697444710925,0.0,0
2018-05-27 17:11:13.904,212.62,0.0697444710925,0.0,0
2018-05-27 17:11:14.606,202.31,0.0697444710925,0.0,0
2018-05-27 17:11:14.699,202.43,0.0697444710925,0.0,0
2018-05-27 17:11:14.792,199.96,0.0697444710925,0.0,0
2018-05-27 17:11:14.885,198.87,0.0697444710925,0.0,0
2018-05-27 17:11:15.140,196.97,0.0697444710925,0.0,0
2018-05-27 17:11:15.596,190.52,0.0697444710925,0.0,0
2018-05-27 17:11:15.690,188.92,0.0697444710925,0.0,0
2018-05-27 17:11:16.038,185.62,0.0655820278946,0.0250000003725,0
2018-05-27 17:11:16.224,183.21,0.0577466653555,0.0500000007451,0
2018-05-27 17:11:16.503,179.1,0.0409099676713,0.125,0
2018-05-27 17:11:16.782,177.25,0.0439724513843,0.22499999404,0
2018-05-27 17:11:16.876,177.04,0.109162829542,0.375,0
2018-05-27 17:11:17.037,176.28,0.109162829542,0.0,0
2018-05-27 17:11:17.587,173.0,0.114879107347,0.0250000003725,0
2018-05-27 17:11:17.773,170.94,0.114879107347,0.0,0
2018-05-27 17:11:18.020,169.95,0.114879107347,0.0,0
2018-05-27 17:11:18.112,170.98,0.114879107347,0.0,0
2018-05-27 17:11:18.382,167.05,0.109162829542,0.0,0
2018-05-27 17:11:18.475,166.73,0.0982651273447,0.0,0
2018-05-27 17:11:18.569,167.7,0.074072760538,0.0,0
2018-05-27 17:11:18.750,166.4,0.0408804801277,0.0,0
2018-05-27 17:11:19.270,164.22,0.0654713457509,0.0,0
2018-05-27 17:11:19.354,164.09,0.0654713457509,0.0,0
2018-05-27 17:11:19.447,165.05,0.0696188520818,0.0,0
2018-05-27 17:11:19.819,163.35,0.0696188520818,0.0,0
2018-05-27 17:11:20.167,162.0,0.0696188520818,0.0,0
2018-05-27 17:11:20.261,162.15,0.0696188520818,0.0,0
2018-05-27 17:11:20.354,161.9,0.0696188520818,0.0,0
2018-05-27 17:11:20.615,161.81,0.0696188520818,0.0,0
2018-05-27 17:11:20.708,162.17,0.0696188520818,0.0,0
2018-05-27 17:11:20.894,162.39,0.0696188520818,0.0,0
2018-05-27 17:11:21.149,161.56,0.0696188520818,0.0,0
2018-05-27 17:11:21.605,160.86,0.0696188520818,0.0,0
2018-05-27 17:11:21.698,159.56,0.0696188520818,0.0,0
2018-05-27 17:11:21.791,159.88,0.0696188520818,0.0,0
2018-05-27 17:11:21.884,158.56,0.0696188520818,0.0,0
2018-05-27 17:11:22.139,158.23,0.0696188520818,0.0,0
2018-05-27 17:11:22.232,157.03,0.0696188520818,0.0,0
2018-05-27 17:11:22.689,154.7,0.0696188520818,0.0,0
2018-05-27 17:11:22.875,152.18,0.0696188520818,0.0,0
2018-05-27 17:11:23.223,149.65,0.0696188520818,0.0,0
2018-05-27 17:11:23.586,147.25,0.0696188520818,0.0,0
2018-05-27 17:11:23.679,146.93,0.0696188520818,0.0,0
2018-05-27 17:11:23.772,144.81,0.0696188520818,0.0,0
2018-05-27 17:11:23.866,144.42,0.0696188520818,0.0,0
2018-05-27 17:11:24.027,143.79,0.0696188520818,0.0,0
2018-05-27 17:11:24.121,141.92,0.0696188520818,0.0,0
2018-05-27 17:11:24.214,142.03,0.0696188520818,0.0,0
2018-05-27 17:11:24.400,140.75,0.0696188520818,0.0,0
2018-05-27 17:11:24.763,137.91,0.0696188520818,0.0,0
2018-05-27 17:11:24.856,137.65,0.0696188520818,0.0,0
2018-05-27 17:11:25.111,137.01,0.0696188520818,0.0,0
2018-05-27 17:11:25.753,134.01,0.0654713457509,0.0250000003725,0
2018-05-27 17:11:25.847,133.58,0.0654713457509,0.0,0
2018-05-27 17:11:26.176,132.51,0.0576632825802,0.0500000007451,0
2018-05-27 17:11:26.270,133.55,0.0576632825802,0.0,0
2018-05-27 17:11:26.446,134.32,0.0439337617581,0.10000000149,0
2018-05-27 17:11:26.800,133.85,0.0439337617581,0.0,0
2018-05-27 17:11:26.884,133.01,0.0408804797281,0.0250000003725,0
2018-05-27 17:11:27.045,133.22,0.0408804797281,0.0,0
2018-05-27 17:11:27.139,132.74,0.0408804797281,0.0,0
2018-05-27 17:11:27.232,133.04,0.0408804797281,0.0,0
2018-05-27 17:11:27.585,132.38,0.0408804797281,0.0250000003725,0
2018-05-27 17:11:27.678,131.67,0.0379736240721,0.0250000003725,0
2018-05-27 17:11:28.017,130.76,0.0408804797281,0.0250000003725,0
2018-05-27 17:11:28.110,130.23,0.0408804797281,0.0,0
2018-05-27 17:11:28.473,128.4,0.0439337615251,0.0750000029802,0
2018-05-27 17:11:28.567,127.64,0.0439337615251,0.0,0
2018-05-27 17:11:28.660,127.75,0.0379736236498,0.0750000029802,0
2018-05-27 17:11:28.837,126.6,0.0325878630844,0.10000000149,0
2018-05-27 17:11:29.361,127.33,0.0408804814597,0.0750000029802,0
2018-05-27 17:11:29.529,126.89,0.0504902534676,0.0750000029802,0
2018-05-27 17:11:29.715,126.38,0.0576632853138,0.0750000029802,0
2018-05-27 17:11:29.902,127.08,0.0654713490224,0.0750000029802,0
2018-05-27 17:11:30.063,125.5,0.0654713490224,0.0250000003725,0
2018-05-27 17:11:30.250,127.23,0.0696188554853,0.0250000003725,0
2018-05-27 17:11:30.334,126.2,0.0614868461483,0.0250000003725,0
2018-05-27 17:11:30.418,127.74,0.0654713487195,0.0250000003725,0
2018-05-27 17:11:30.696,126.33,0.0576632850348,0.0250000003725,0
2018-05-27 17:11:30.883,126.43,0.0439337638086,0.0,0
2018-05-27 17:11:31.138,127.07,0.0408804814597,0.0500000007451,0
2018-05-27 17:11:31.231,126.76,0.0352103925907,0.0250000003725,0
2018-05-27 17:11:31.324,125.4,0.0325878616006,0.0,0
2018-05-27 17:11:31.510,126.97,0.0408804797281,0.0,0
2018-05-27 17:11:31.603,126.75,0.0439337617581,0.0,0
2018-05-27 17:11:31.696,125.82,0.047136159686,0.0,0
2018-05-27 17:11:31.789,125.49,0.0504902512182,0.0,0
2018-05-27 17:11:31.882,126.73,0.0539985048204,0.0,0
2018-05-27 17:11:32.044,125.88,0.0576632825802,0.0,0
2018-05-27 17:11:32.138,125.54,0.0576632825802,0.0,0
2018-05-27 17:11:32.230,126.29,0.0654713457509,0.0,0
2018-05-27 17:11:32.407,125.56,0.0696188520818,0.0,0
2018-05-27 17:11:32.500,126.63,0.0696188520818,0.0,0
2018-05-27 17:11:32.594,126.13,0.0696188520818,0.0,0
2018-05-27 17:11:32.780,125.93,0.0696188520818,0.0,0
2018-05-27 17:11:32.873,125.64,0.0696188520818,0.0,0
2018-05-27 17:11:33.221,125.97,0.0696188520818,0.0,0
2018-05-27 17:11:33.314,124.6,0.0696188520818,0.0,0
2018-05-27 17:11:33.491,125.33,0.0696188520818,0.0,0
2018-05-27 17:11:33.584,124.38,0.0696188520818,0.0,0
2018-05-27 17:11:33.677,124.35,0.0696188520818,0.0,0
2018-05-27 17:11:33.864,124.11,0.0696188520818,0.0,0
2018-05-27 17:11:34.025,124.0,0.0696188520818,0.0,0
2018-05-27 17:11:34.118,125.22,0.0696188520818,0.0,0
2018-05-27 17:11:34.295,124.97,0.0696188520818,0.0,0
2018-05-27 17:11:34.390,125.06,0.0696188520818,0.0,0
2018-05-27 17:11:34.659,123.0,0.0696188520818,0.0,0
2018-05-27 17:11:34.845,123.22,0.0696188520818,0.0,0
2018-05-27 17:11:35.006,122.54,0.0696188520818,0.0,0
2018-05-27 17:11:35.379,122.93,0.0696188520818,0.0,0
2018-05-27 17:11:35.658,123.45,0.0696188520818,0.0,0
2018-05-27 17:11:35.844,122.26,0.0696188520818,0.0,0
2018-05-27 17:11:36.006,123.31,0.0696188520818,0.0,0
2018-05-27 17:11:36.099,121.92,0.0696188520818,0.0,0
2018-05-27 17:11:36.374,123.21,0.0696188520818,0.0,0
2018-05-27 17:11:36.462,124.06,0.0696188520818,0.0,0
2018-05-27 17:11:36.546,123.13,0.0696188520818,0.0,0
2018-05-27 17:11:36.732,122.34,0.0696188520818,0.0,0
2018-05-27 17:11:36.826,122.41,0.0696188520818,0.0,0
2018-05-27 17:11:37.081,120.58,0.0696188520818,0.0,0
2018-05-27 17:11:37.164,121.8,0.0780531856522,0.0,0
2018-05-27 17:11:37.257,120.47,0.0780531856522,0.0,0
2018-05-27 17:11:37.342,121.2,0.0780531856522,0.0,0
2018-05-27 17:11:37.434,120.0,0.0780531856522,0.0,0
2018-05-27 17:11:37.527,120.32,0.0780531856522,0.0,0
2018-05-27 17:11:37.714,118.8,0.0780531856522,0.0,0
2018-05-27 17:11:37.807,119.16,0.0780531856522,0.0,0
2018-05-27 17:11:37.900,118.73,0.0780531856522,0.0,0
2018-05-27 17:11:38.136,118.57,0.0780531856522,0.0,0
2018-05-27 17:11:38.229,117.21,0.0780531856522,0.0,0
2018-05-27 17:11:38.322,118.14,0.0780531856522,0.0,0
2018-05-27 17:11:38.416,117.43,0.0780531856522,0.0,0
2018-05-27 17:11:38.499,117.64,0.0780531856522,0.0,0
2018-05-27 17:11:38.585,115.91,0.0780531856522,0.0,0
2018-05-27 17:11:38.769,115.13,0.0780531856522,0.0,0
2018-05-27 17:11:38.853,115.74,0.0780531856522,0.0,0
2018-05-27 17:11:39.024,114.7,0.0780531856522,0.0,0
2018-05-27 17:11:39.117,115.66,0.0780531856522,0.0,0
2018-05-27 17:11:39.210,114.42,0.0780531856522,0.0,0
2018-05-27 17:11:39.387,114.17,0.0780531856522,0.0,0
2018-05-27 17:11:39.481,113.76,0.0780531856522,0.0,0
2018-05-27 17:11:39.750,113.33,0.0780531856522,0.0,0
2018-05-27 17:11:39.844,113.32,0.0780531856522,0.0,0
2018-05-27 17:11:40.001,113.25,0.0780531856522,0.0,0
2018-05-27 17:11:40.173,112.97,0.0780531856522,0.0,0
2018-05-27 17:11:40.350,112.29,0.0780531856522,0.0,0
2018-05-27 17:11:40.443,113.29,0.0780531856522,0.0,0
2018-05-27 17:11:40.536,112.82,0.0780531856522,0.0,0
2018-05-27 17:11:40.629,113.2,0.0780531856522,0.0,0
2018-05-27 17:11:40.722,113.42,0.0780531856522,0.0,0
2018-05-27 17:11:40.816,112.7,0.0780531856522,0.0,0
2018-05-27 17:11:40.909,113.93,0.0780531856522,0.0,0
2018-05-27 17:11:41.070,113.04,0.0780531856522,0.0,0
2018-05-27 17:11:41.164,113.52,0.0780531856522,0.0,0
2018-05-27 17:11:41.247,113.69,0.0780531856522,0.0,0
2018-05-27 17:11:41.434,114.21,0.0780531856522,0.0,0
2018-05-27 17:11:41.620,113.72,0.0780531856522,0.0,0
2018-05-27 17:11:41.713,113.44,0.0780531856522,0.0,0
2018-05-27 17:11:41.806,114.07,0.0780531856522,0.0,0
2018-05-27 17:11:41.899,113.07,0.0780531856522,0.0,0
2018-05-27 17:11:42.061,114.3,0.0780531856522,0.0,0
2018-05-27 17:11:42.248,112.68,0.0780531856522,0.0,0
2018-05-27 17:11:42.331,113.98,0.0780531856522,0.0,0
2018-05-27 17:11:42.424,113.93,0.0780531856522,0.0,0
2018-05-27 17:11:42.517,114.0,0.0780531856522,0.0,0
2018-05-27 17:11:42.611,113.25,0.0780531856522,0.0,0
2018-05-27 17:11:42.704,113.82,0.0780531856522,0.0,0
2018-05-27 17:11:42.797,114.46,0.0780531856522,0.0,0
2018-05-27 17:11:42.890,114.26,0.0780531856522,0.0,0
2018-05-27 17:11:43.052,114.65,0.0780531856522,0.0,0
2018-05-27 17:11:43.145,113.83,0.0780531856522,0.0,0
2018-05-27 17:11:43.322,113.67,0.0780531856522,0.0,0
2018-05-27 17:11:43.406,114.12,0.0780531856522,0.0,0
2018-05-27 17:11:43.498,114.93,0.0780531856522,0.0,0
2018-05-27 17:11:43.685,114.92,0.0780531856522,0.0,0
2018-05-27 17:11:43.778,114.55,0.0780531856522,0.0,0
2018-05-27 17:11:43.861,114.76,0.0780531856522,0.0,0
2018-05-27 17:11:44.023,115.48,0.0780531856522,0.0,0
2018-05-27 17:11:44.117,114.49,0.0780531856522,0.0,0
2018-05-27 17:11:44.480,114.77,0.0780531856522,0.0,0
2018-05-27 17:11:44.573,115.03,0.0780531856522,0.0,0
2018-05-27 17:11:44.666,114.73,0.0780531856522,0.0,0
2018-05-27 17:11:44.931,115.0,0.0780531856522,0.0,0
2018-05-27 17:11:45.265,115.88,0.0780531856522,0.0,0
2018-05-27 17:11:45.628,115.6,0.0780531856522,0.0,0
2018-05-27 17:11:45.721,116.31,0.0780531856522,0.0,0
2018-05-27 17:11:46.256,116.25,0.0780531856522,0.0,0
2018-05-27 17:11:46.340,116.1,0.0780531856522,0.0,0
2018-05-27 17:11:46.433,116.82,0.0780531856522,0.0,0
2018-05-27 17:11:46.526,116.74,0.0780531856522,0.0,0
2018-05-27 17:11:46.786,117.02,0.0780531856522,0.0,0
2018-05-27 17:11:46.880,116.39,0.0780531856522,0.0,0
2018-05-27 17:11:47.135,117.12,0.0780531856522,0.0,0
2018-05-27 17:11:47.228,117.62,0.0780531856522,0.0,0
2018-05-27 17:11:47.404,117.28,0.0780531856522,0.0,0
2018-05-27 17:11:47.498,117.83,0.0780531856522,0.0,0
2018-05-27 17:11:47.591,117.27,0.0780531856522,0.0,0
2018-05-27 17:11:47.777,117.69,0.0780531856522,0.0,0
2018-05-27 17:11:47.870,117.68,0.0780531856522,0.0,0
2018-05-27 17:11:48.032,118.04,0.0780531856522,0.0,0
2018-05-27 17:11:48.125,117.51,0.0780531856522,0.0,0
2018-05-27 17:11:48.218,118.05,0.0780531856522,0.0,0
2018-05-27 17:11:48.311,117.83,0.0780531856522,0.0,0
2018-05-27 17:11:48.404,118.49,0.0780531856522,0.0,0
2018-05-27 17:11:48.497,117.5,0.0780531856522,0.0,0
2018-05-27 17:11:48.591,118.47,0.0780531856522,0.0,0
2018-05-27 17:11:48.684,117.58,0.0780531856522,0.0,0
2018-05-27 17:11:48.777,116.87,0.0780531856522,0.0,0
2018-05-27 17:11:48.870,117.29,0.0780531856522,0.0,0
2018-05-27 17:11:49.125,117.13,0.0780531856522,0.0,0
2018-05-27 17:11:49.218,116.31,0.0780531856522,0.0,0
2018-05-27 17:11:49.488,114.84,0.0780531856522,0.0,0
2018-05-27 17:11:49.582,115.56,0.0780531856522,0.0,0
2018-05-27 17:11:49.860,113.97,0.0780531856522,0.0,0
2018-05-27 17:11:50.022,114.05,0.0780531856522,0.0,0
2018-05-27 17:11:50.115,113.23,0.0780531856522,0.0,0
2018-05-27 17:11:50.302,112.96,0.0780531856522,0.0,0
2018-05-27 17:11:50.395,113.49,0.0780531856522,0.0,0
2018-05-27 17:11:50.479,113.19,0.0780531856522,0.0,0
2018-05-27 17:11:50.572,112.56,0.0780531856522,0.0,0
2018-05-27 17:11:50.851,112.81,0.0792401896653,0.0,0
2018-05-27 17:11:51.013,113.35,0.0792401896653,0.0,0
2018-05-27 17:11:51.106,112.53,0.0792401896653,0.0,0
2018-05-27 17:11:51.199,113.65,0.0792401896653,0.0,0
2018-05-27 17:11:51.376,113.18,0.0792401896653,0.0,0
2018-05-27 17:11:51.469,113.58,0.0792401896653,0.0,0
2018-05-27 17:11:51.655,114.14,0.0792401896653,0.0,0
2018-05-27 17:11:52.087,113.27,0.0792401896653,0.0,0
2018-05-27 17:11:52.180,114.49,0.0792401896653,0.0,0
2018-05-27 17:11:52.265,113.21,0.0792401896653,0.0,0
2018-05-27 17:11:52.357,113.84,0.0792401896653,0.0,0
2018-05-27 17:11:52.450,114.63,0.0792401896653,0.0,0
2018-05-27 17:11:52.813,112.91,0.0792401896653,0.0,0
2018-05-27 17:11:52.906,112.97,0.0792401896653,0.0,0
2018-05-27 17:11:53.068,113.38,0.0792401896653,0.0,0
2018-05-27 17:11:53.161,113.81,0.0792401896653,0.0,0
2018-05-27 17:11:53.525,113.96,0.0792401896653,0.0,0
2018-05-27 17:11:53.878,114.97,0.0792401896653,0.0,0
2018-05-27 17:11:54.040,114.44,0.0792401896653,0.0,0
2018-05-27 17:11:54.319,115.5,0.0792401896653,0.0,0
2018-05-27 17:11:54.496,115.14,0.0792401896653,0.0,0
2018-05-27 17:11:54.776,115.83,0.0792401896653,0.0,0
2018-05-27 17:11:54.869,116.03,0.0792401896653,0.0,0
2018-05-27 17:11:55.031,116.23,0.0792401896653,0.0,0
2018-05-27 17:11:55.217,115.99,0.0792401896653,0.0,0
2018-05-27 17:11:55.301,116.51,0.0792401896653,0.0,0
2018-05-27 17:11:55.394,117.77,0.0792401896653,0.0,0
2018-05-27 17:11:55.571,118.19,0.0792401896653,0.0,0
2018-05-27 17:11:55.757,118.64,0.0792401896653,0.0,0
2018-05-27 17:11:55.850,118.04,0.0792401896653,0.0,0
2018-05-27 17:11:56.189,119.48,0.0792401896653,0.0,0
2018-05-27 17:11:56.543,119.99,0.0792401896653,0.0,0
2018-05-27 17:11:56.636,119.99,0.0792401896653,0.0,0
2018-05-27 17:11:56.729,120.99,0.0792401896653,0.0,0
2018-05-27 17:11:56.915,120.91,0.0792401896653,0.0,0
2018-05-27 17:11:57.077,121.27,0.0792401896653,0.0,0
2018-05-27 17:11:57.170,121.33,0.0792401896653,0.0,0
2018-05-27 17:11:57.263,122.55,0.0792401896653,0.0,0
2018-05-27 17:11:57.431,122.47,0.0792401896653,0.0,0
2018-05-27 17:11:57.524,122.38,0.0792401896653,0.0,0
2018-05-27 17:11:57.617,123.57,0.0792401896653,0.0,0
2018-05-27 17:11:57.710,123.95,0.0792401896653,0.0,0
2018-05-27 17:11:57.887,124.35,0.0792401896653,0.0,0
2018-05-27 17:11:58.039,123.6,0.0792401896653,0.0,0
2018-05-27 17:11:58.133,124.54,0.0792401896653,0.0,0
2018-05-27 17:11:58.226,123.66,0.0792401896653,0.0,0
2018-05-27 17:11:58.319,124.37,0.0792401896653,0.0,0
2018-05-27 17:11:58.496,125.47,0.0792401896653,0.0,0
2018-05-27 17:11:58.673,125.24,0.0792401896653,0.0,0
2018-05-27 17:11:58.766,126.45,0.0792401896653,0.0,0
2018-05-27 17:11:58.859,127.45,0.0792401896653,0.0,0
2018-05-27 17:11:59.021,127.3,0.0792401896653,0.0,0
2018-05-27 17:11:59.114,127.1,0.0792401896653,0.0,0
2018-05-27 17:11:59.207,127.28,0.0792401896653,0.0,0
2018-05-27 17:11:59.300,128.69,0.0792401896653,0.0,0
2018-05-27 17:11:59.393,128.68,0.0792401896653,0.0,0
2018-05-27 17:11:59.570,129.38,0.0792401896653,0.0,0
2018-05-27 17:11:59.663,129.48,0.0792401896653,0.0,0
2018-05-27 17:11:59.756,129.19,0.0792401896653,0.0,0
2018-05-27 17:11:59.849,129.8,0.0792401896653,0.0,0
2018-05-27 17:12:00.011,129.71,0.0792401896653,0.0,0
2018-05-27 17:12:00.198,130.98,0.0792401896653,0.0,0
2018-05-27 17:12:00.291,131.58,0.0792401896653,0.0,0
2018-05-27 17:12:00.375,130.56,0.0792401896653,0.0,0
2018-05-27 17:12:00.468,131.12,0.0792401896653,0.0,0
2018-05-27 17:12:00.561,131.49,0.0792401896653,0.0,0
2018-05-27 17:12:00.645,130.39,0.0792401896653,0.0,0
2018-05-27 17:12:00.728,130.64,0.0792401896653,0.0,0
2018-05-27 17:12:00.821,130.12,0.0792401896653,0.0,0
2018-05-27 17:12:00.915,127.82,0.0792401896653,0.0,0
2018-05-27 17:12:01.076,128.4,0.0792401896653,0.0,0
2018-05-27 17:12:01.169,128.13,0.0792401896653,0.0,0
2018-05-27 17:12:01.346,127.3,0.0792401896653,0.0,0
2018-05-27 17:12:01.440,126.84,0.0792401896653,0.0,0
2018-05-27 17:12:01.533,126.99,0.0792401896653,0.0,0
2018-05-27 17:12:01.626,126.59,0.0792401896653,0.0,0
2018-05-27 17:12:01.719,125.85,0.0792401896653,0.0,0
2018-05-27 17:12:01.905,125.69,0.0792401896653,0.0,0
2018-05-27 17:12:02.067,124.29,0.0792401896653,0.0,0
2018-05-27 17:12:02.153,125.04,0.0792401896653,0.0,0
2018-05-27 17:12:02.340,123.89,0.0792401896653,0.0,0
2018-05-27 17:12:02.514,122.96,0.0792401896653,0.0,0
2018-05-27 17:12:02.607,123.43,0.0792401896653,0.0,0
2018-05-27 17:12:02.784,122.71,0.0792401896653,0.0,0
2018-05-27 17:12:03.132,121.5,0.0792401896653,0.0,0
2018-05-27 17:12:03.225,120.31,0.0792401896653,0.0,0
2018-05-27 17:12:03.318,120.8,0.0792401896653,0.0,0
2018-05-27 17:12:03.411,120.5,0.0792401896653,0.0,0
2018-05-27 17:12:03.486,120.16,0.0792401896653,0.0,0
2018-05-27 17:12:03.681,118.07,0.0792401896653,0.0,0
2018-05-27 17:12:03.775,118.48,0.0792401896653,0.0,0
2018-05-27 17:12:03.868,118.36,0.0792401896653,0.0,0
2018-05-27 17:12:04.030,118.87,0.0792401896653,0.0,0
2018-05-27 17:12:04.672,118.02,0.0792401896653,0.0,0
2018-05-27 17:12:05.206,117.43,0.0792401896653,0.0,0
2018-05-27 17:12:05.385,117.09,0.0792401896653,0.0,0
2018-05-27 17:12:05.849,114.94,0.0792401896653,0.0,0
2018-05-27 17:12:06.746,112.01,0.0792401896653,0.0,0
2018-05-27 17:12:06.839,111.69,0.0792401896653,0.0,0
2018-05-27 17:12:06.928,111.68,0.0792401896653,0.0,0
2018-05-27 17:12:07.085,110.74,0.0801922593948,0.0,0
2018-05-27 17:12:07.262,111.08,0.0801922593948,0.0,0
2018-05-27 17:12:07.346,110.64,0.0801922593948,0.0,0
2018-05-27 17:12:07.439,109.64,0.0801922593948,0.0,0
2018-05-27 17:12:07.532,109.72,0.0801922593948,0.0,0
2018-05-27 17:12:07.718,108.19,0.0801922593948,0.0,0
2018-05-27 17:12:07.905,107.04,0.0801922593948,0.0,0
2018-05-27 17:12:08.160,107.49,0.0801922593948,0.0,0
2018-05-27 17:12:08.253,106.37,0.0801922593948,0.0,0
2018-05-27 17:12:08.337,106.83,0.0801922593948,0.0,0
2018-05-27 17:12:08.430,105.36,0.0801922593948,0.0,0
2018-05-27 17:12:08.523,106.24,0.0801922593948,0.0,0
2018-05-27 17:12:08.616,105.48,0.0801922593948,0.0,0
2018-05-27 17:12:08.709,105.61,0.0801922593948,0.0,0
2018-05-27 17:12:08.895,105.74,0.0801922593948,0.0,0
2018-05-27 17:12:09.057,104.69,0.0801922593948,0.0,0
2018-05-27 17:12:09.150,104.87,0.0801922593948,0.0,0
2018-05-27 17:12:09.244,105.82,0.0801922593948,0.0,0
2018-05-27 17:12:09.327,105.43,0.0801922593948,0.0,0
2018-05-27 17:12:09.420,105.8,0.0801922593948,0.0,0
2018-05-27 17:12:09.504,104.76,0.0801922593948,0.0,0
2018-05-27 17:12:09.690,105.77,0.0801922593948,0.0,0
2018-05-27 17:12:09.783,106.35,0.0801922593948,0.0,0
2018-05-27 17:12:10.038,106.09,0.0801922593948,0.0,0
2018-05-27 17:12:10.131,106.5,0.0801922593948,0.0,0
2018-05-27 17:12:10.392,106.43,0.0801922593948,0.0,0
2018-05-27 17:12:10.578,107.31,0.0801922593948,0.0,0
2018-05-27 17:12:10.671,105.75,0.0801922593948,0.0,0
2018-05-27 17:12:11.020,105.13,0.0801922593948,0.0,0
2018-05-27 17:12:11.113,103.58,0.0801922593948,0.0,0
2018-05-27 17:12:11.290,101.28,0.0801922593948,0.0,0
2018-05-27 17:12:11.383,101.59,0.0801922593948,0.0,0
2018-05-27 17:12:11.747,97.25,0.0801922593948,0.0,0
2018-05-27 17:12:11.839,95.03,0.0801922593948,0.0,0
2018-05-27 17:12:12.001,94.43,0.0801922593948,0.0,0
2018-05-27 17:12:12.085,93.69,0.0801922593948,0.0,0
2018-05-27 17:12:12.168,92.32,0.0801922593948,0.0,0
2018-05-27 17:12:12.355,89.44,0.0801922593948,0.0,0
2018-05-27 17:12:12.438,87.37,0.0801922593948,0.0,0
2018-05-27 17:12:12.532,86.12,0.0801922593948,0.0,0
2018-05-27 17:12:12.625,85.13,0.0801922593948,0.0,0
2018-05-27 17:12:12.811,82.82,0.0801922593948,0.0,0
2018-05-27 17:12:13.066,80.3,0.0801922593948,0.0,0
2018-05-27 17:12:13.252,78.51,0.0801922593948,0.0,0
2018-05-27 17:12:13.429,76.78,0.0801922593948,0.0,0
2018-05-27 17:12:13.513,75.83,0.0801922593948,0.0,0
2018-05-27 17:12:13.690,74.8,0.0801922593948,0.0,0
2018-05-27 17:12:13.876,73.14,0.0801922593948,0.0,0
2018-05-27 17:12:14.038,72.21,0.0801922593948,0.0,0
2018-05-27 17:12:14.317,70.28,0.0801922593948,0.0,0
2018-05-27 17:12:14.494,68.81,0.0801922593948,0.0,0
2018-05-27 17:12:14.587,68.21,0.0801922593948,0.0,0
2018-05-27 17:12:14.680,69.07,0.0801922593948,0.0,0
2018-05-27 17:12:14.774,67.64,0.0801922593948,0.0,0
2018-05-27 17:12:14.867,66.65,0.0801922593948,0.0,0
2018-05-27 17:12:15.029,67.15,0.0801922593948,0.0,0
2018-05-27 17:12:15.122,67.07,0.0801922593948,0.0,0
2018-05-27 17:12:15.308,66.66,0.0801922593948,0.0,0
2018-05-27 17:12:15.392,66.68,0.0801922593948,0.0,0
2018-05-27 17:12:15.485,66.57,0.0801922593948,0.0,0
2018-05-27 17:12:15.764,67.11,0.0801922593948,0.0,0
2018-05-27 17:12:16.112,68.81,0.0801922593948,0.0,0
2018-05-27 17:12:16.382,69.49,0.0801922593948,0.0,0
2018-05-27 17:12:16.559,69.88,0.0801922593948,0.0,0
2018-05-27 17:12:16.652,69.79,0.0801922593948,0.0,0
2018-05-27 17:12:16.927,70.77,0.0801922593948,0.0,0
2018-05-27 17:12:17.168,71.42,0.0801922593948,0.0,0
2018-05-27 17:12:17.345,70.72,0.0801922593948,0.0,0
2018-05-27 17:12:17.624,70.57,0.0801922593948,0.0,0
2018-05-27 17:12:17.717,70.38,0.0801922593948,0.0,0
2018-05-27 17:12:17.811,70.06,0.0801922593948,0.0,0
2018-05-27 17:12:17.904,69.64,0.0801922593948,0.0,0
2018-05-27 17:12:18.233,69.03,0.0801922593948,0.0,0
2018-05-27 17:12:18.327,68.15,0.0801922593948,0.0,0
2018-05-27 17:12:18.419,68.1,0.0801922593948,0.0,0
2018-05-27 17:12:18.504,67.9,0.0801922593948,0.0,0
2018-05-27 17:12:18.866,67.06,0.0801922593948,0.0,0
2018-05-27 17:12:19.121,66.74,0.0801922593948,0.0,0
2018-05-27 17:12:19.391,66.41,0.0801922593948,0.0,0
2018-05-27 17:12:19.485,65.89,0.0801922593948,0.0,0
2018-05-27 17:12:19.578,65.86,0.0801922593948,0.0,0
2018-05-27 17:12:20.019,64.59,0.0801922593948,0.0,0
2018-05-27 17:12:20.568,63.84,0.0801922593948,0.0,0
2018-05-27 17:12:20.745,62.87,0.0801922593948,0.0,0
2018-05-27 17:12:21.438,61.99,0.0801922593948,0.0,0
2018-05-27 17:12:21.531,61.88,0.0801922593948,0.0,0
2018-05-27 17:12:21.624,62.1,0.0801922593948,0.0,0
2018-05-27 17:12:21.717,61.47,0.0801922593948,0.0,0
2018-05-27 17:12:21.810,60.72,0.0801922593948,0.0,0
2018-05-27 17:12:21.903,61.34,0.0801922593948,0.0,0
2018-05-27 17:12:22.159,60.92,0.0801922593948,0.0,0
2018-05-27 17:12:22.326,61.28,0.0801922593948,0.0,0
2018-05-27 17:12:22.425,60.66,0.0801922593948,0.0,0
2018-05-27 17:12:22.512,60.57,0.0801922593948,0.0,0
2018-05-27 17:12:22.605,60.88,0.0801922593948,0.0,0
2018-05-27 17:12:22.698,60.17,0.0801922593948,0.0,0
2018-05-27 17:12:23.047,60.88,0.0801922593948,0.0,0
2018-05-27 17:12:23.139,60.47,0.0801922593948,0.0,0
2018-05-27 17:12:23.223,60.26,0.0801922593948,0.0,0
2018-05-27 17:12:23.316,60.42,0.0801922593948,0.0,0
2018-05-27 17:12:23.400,60.26,0.091236659327,0.0,0
2018-05-27 17:12:23.493,60.33,0.091236659327,0.0,0
2018-05-27 17:12:23.586,61.43,0.091236659327,0.0,0
2018-05-27 17:12:23.680,60.53,0.091236659327,0.0,0
2018-05-27 17:12:23.857,60.12,0.091236659327,0.0,0
2018-05-27 17:12:24.018,59.86,0.091236659327,0.0,0
2018-05-27 17:12:24.298,59.4,0.091236659327,0.0,0
2018-05-27 17:12:24.475,60.8,0.091236659327,0.0,0
2018-05-27 17:12:24.568,60.54,0.091236659327,0.0,0
2018-05-27 17:12:24.661,60.71,0.091236659327,0.0,0
2018-05-27 17:12:24.754,61.78,0.091236659327,0.0,0
2018-05-27 17:12:24.931,62.01,0.091236659327,0.0,0
2018-05-27 17:12:25.084,62.97,0.091236659327,0.0,0
2018-05-27 17:12:25.167,63.41,0.091236659327,0.0,0
2018-05-27 17:12:25.345,62.96,0.091236659327,0.0,0
2018-05-27 17:12:25.530,63.93,0.091236659327,0.0,0
2018-05-27 17:12:25.810,65.01,0.091236659327,0.0,0
2018-05-27 17:12:25.903,66.19,0.091236659327,0.0,0
2018-05-27 17:12:26.065,65.97,0.091236659327,0.0,0
2018-05-27 17:12:26.251,66.84,0.091236659327,0.0,0
2018-05-27 17:12:26.336,66.91,0.091236659327,0.0,0
2018-05-27 17:12:26.521,68.56,0.091236659327,0.0,0
2018-05-27 17:12:26.605,68.85,0.091236659327,0.0,0
2018-05-27 17:12:26.791,69.84,0.091236659327,0.0,0
2018-05-27 17:12:26.884,70.01,0.091236659327,0.0,0
2018-05-27 17:12:27.046,70.66,0.091236659327,0.0,0
2018-05-27 17:12:27.139,70.82,0.091236659327,0.0,0
2018-05-27 17:12:27.232,70.86,0.091236659327,0.0,0
2018-05-27 17:12:27.316,71.59,0.091236659327,0.0,0
2018-05-27 17:12:27.409,72.22,0.091236659327,0.0,0
2018-05-27 17:12:27.503,72.09,0.091236659327,0.0,0
2018-05-27 17:12:27.586,72.95,0.091236659327,0.0,0
2018-05-27 17:12:27.679,73.1,0.091236659327,0.0,0
2018-05-27 17:12:27.772,73.55,0.091236659327,0.0,0
2018-05-27 17:12:27.866,73.63,0.091236659327,0.0,0
2018-05-27 17:12:28.018,74.73,0.091236659327,0.0,0
2018-05-27 17:12:28.111,74.03,0.091236659327,0.0,0
2018-05-27 17:12:28.204,74.44,0.091236659327,0.0,0
2018-05-27 17:12:28.297,75.77,0.091236659327,0.0,0
2018-05-27 17:12:28.381,75.65,0.091236659327,0.0,0
2018-05-27 17:12:28.474,76.1,0.091236659327,0.0,0
2018-05-27 17:12:28.651,76.62,0.091236659327,0.0,0
2018-05-27 17:12:28.744,77.58,0.091236659327,0.0,0
2018-05-27 17:12:28.838,77.0,0.091236659327,0.0,0
2018-05-27 17:12:29.083,77.51,0.091236659327,0.0,0
2018-05-27 17:12:29.167,78.22,0.091236659327,0.0,0
2018-05-27 17:12:29.260,78.92,0.091236659327,0.0,0
2018-05-27 17:12:29.344,78.59,0.091236659327,0.0,0
2018-05-27 17:12:29.446,79.16,0.091236659327,0.0,0
2018-05-27 17:12:29.726,79.92,0.091236659327,0.0,0
2018-05-27 17:12:29.819,80.25,0.091236659327,0.0,0
2018-05-27 17:12:29.912,80.62,0.091236659327,0.0,0
2018-05-27 17:12:30.260,81.61,0.091236659327,0.0,0
2018-05-27 17:12:30.344,80.68,0.091236659327,0.0,0
2018-05-27 17:12:30.437,81.45,0.091236659327,0.0,0
2018-05-27 17:12:30.623,82.13,0.091236659327,0.0,0
2018-05-27 17:12:30.717,81.25,0.091236659327,0.0,0
2018-05-27 17:12:30.810,82.21,0.091236659327,0.0,0
2018-05-27 17:12:30.903,82.43,0.091236659327,0.0,0
2018-05-27 17:12:31.065,82.56,0.091236659327,0.0,0
2018-05-27 17:12:31.157,83.18,0.091236659327,0.0,0
2018-05-27 17:12:31.334,83.58,0.091236659327,0.0,0
2018-05-27 17:12:31.428,83.39,0.091236659327,0.0,0
2018-05-27 17:12:31.521,83.97,0.091236659327,0.0,0
2018-05-27 17:12:31.800,84.5,0.091236659327,0.0,0
2018-05-27 17:12:32.242,82.96,0.091236659327,0.0,0
2018-05-27 17:12:32.325,83.77,0.091236659327,0.0,0
2018-05-27 17:12:32.418,83.39,0.091236659327,0.0,0
2018-05-27 17:12:32.595,82.64,0.091236659327,0.0,0
2018-05-27 17:12:32.688,82.54,0.091236659327,0.0,0
2018-05-27 17:12:32.781,82.39,0.091236659327,0.0,0
2018-05-27 17:12:33.036,81.5,0.091236659327,0.0,0
2018-05-27 17:12:33.130,81.87,0.091236659327,0.0,0
2018-05-27 17:12:33.316,80.53,0.091236659327,0.0,0
2018-05-27 17:12:33.772,80.01,0.091236659327,0.0,0
2018-05-27 17:12:33.865,79.82,0.091236659327,0.0,0
2018-05-27 17:12:34.381,79.82,0.091236659327,0.0,0
2018-05-27 17:12:34.474,80.07,0.091236659327,0.0,0
2018-05-27 17:12:34.847,81.64,0.091236659327,0.0,0
2018-05-27 17:12:35.092,82.63,0.091236659327,0.0,0
2018-05-27 17:12:35.185,82.5,0.091236659327,0.0,0
2018-05-27 17:12:35.809,85.55,0.091236659327,0.0,0
2018-05-27 17:12:36.064,86.24,0.091236659327,0.0,0
2018-05-27 17:12:36.157,86.33,0.091236659327,0.0,0
2018-05-27 17:12:36.335,86.45,0.091236659327,0.0,0
2018-05-27 17:12:36.428,85.94,0.091236659327,0.0,0
2018-05-27 17:12:36.511,85.22,0.091236659327,0.0,0
2018-05-27 17:12:37.046,84.29,0.091236659327,0.0,0
2018-05-27 17:12:37.139,83.87,0.091236659327,0.0,0
2018-05-27 17:12:37.326,83.43,0.091236659327,0.0,0
2018-05-27 17:12:37.418,83.3,0.091236659327,0.0,0
2018-05-27 17:12:37.511,83.16,0.091236659327,0.0,0
2018-05-27 17:12:37.791,82.86,0.091236659327,0.0,0
2018-05-27 17:12:38.139,82.79,0.091236659327,0.0,0
2018-05-27 17:12:38.325,84.17,0.091236659327,0.0,0
2018-05-27 17:12:38.595,84.19,0.091236659327,0.0,0
2018-05-27 17:12:38.688,84.4,0.091236659327,0.0,0
2018-05-27 17:12:39.036,85.57,0.091236659327,0.0,0
2018-05-27 17:12:39.130,85.69,0.0844253163287,0.0250000003725,0
2018-05-27 17:12:39.306,86.54,0.0844253163287,0.0,0
2018-05-27 17:12:39.576,86.9,0.0844576168899,0.0,0
2018-05-27 17:12:39.669,86.91,0.0844576168899,0.0,0
2018-05-27 17:12:39.856,88.85,0.0844576168899,0.0,0
2018-05-27 17:12:40.111,89.31,0.0844576168899,0.0,0
2018-05-27 17:12:40.204,90.13,0.0844576168899,0.0,0
2018-05-27 17:12:40.474,90.74,0.0844576168899,0.0,0
2018-05-27 17:12:40.567,91.45,0.0844576168899,0.0,0
2018-05-27 17:12:40.660,91.52,0.0844576168899,0.0,0
2018-05-27 17:12:41.092,92.65,0.0912736575507,0.0,0
2018-05-27 17:12:41.185,93.07,0.0912736575507,0.0,0
2018-05-27 17:12:41.278,94.1,0.0912736575507,0.0,0
2018-05-27 17:12:41.371,94.9,0.0912736575507,0.0,0
2018-05-27 17:12:41.455,95.31,0.0912736575507,0.0,0
2018-05-27 17:12:41.539,95.86,0.0912736575507,0.0,0
2018-05-27 17:12:41.632,95.99,0.0912736575507,0.0,0
2018-05-27 17:12:41.818,95.87,0.0912736575507,0.0,0
2018-05-27 17:12:41.902,97.39,0.0912736575507,0.0,0
2018-05-27 17:12:42.064,96.84,0.0912736575507,0.0,0
2018-05-27 17:12:42.250,98.36,0.0912736575507,0.0,0
2018-05-27 17:12:42.427,98.28,0.0912736575507,0.0,0
2018-05-27 17:12:42.511,97.86,0.0912736575507,0.0,0
2018-05-27 17:12:42.595,97.75,0.0912736575507,0.0,0
2018-05-27 17:12:42.781,96.8,0.0912736575507,0.0,0
2018-05-27 17:12:42.874,96.03,0.0912736575507,0.0,0
2018-05-27 17:12:43.129,96.9,0.0912736575507,0.0,0
2018-05-27 17:12:43.222,96.65,0.0912736575507,0.0,0
2018-05-27 17:12:43.316,97.08,0.0912736575507,0.0,0
2018-05-27 17:12:43.493,96.98,0.0912736575507,0.0,0
2018-05-27 17:12:43.679,97.49,0.0912736575507,0.0,0
2018-05-27 17:12:43.865,97.27,0.0912736575507,0.0,0
2018-05-27 17:12:44.120,97.18,0.0912736575507,0.0,0
2018-05-27 17:12:44.213,98.14,0.0912736575507,0.0,0
2018-05-27 17:12:44.306,98.25,0.0912736575507,0.0,0
2018-05-27 17:12:44.660,99.88,0.0912736575507,0.0,0
2018-05-27 17:12:44.753,100.5,0.0912736575507,0.0,0
2018-05-27 17:12:45.194,101.73,0.0912736575507,0.0,0
2018-05-27 17:12:45.464,102.67,0.0912736575507,0.0,0
2018-05-27 17:12:45.837,105.03,0.0912736575507,0.0,0
2018-05-27 17:12:46.083,105.12,0.0912736575507,0.0,0
2018-05-27 17:12:46.167,105.84,0.0912736575507,0.0,0
2018-05-27 17:12:46.530,107.6,0.0912736575507,0.0,0
2018-05-27 17:12:46.709,109.07,0.0912736575507,0.0,0
2018-05-27 17:12:46.884,109.07,0.0912736575507,0.0,0
2018-05-27 17:12:47.138,110.69,0.0912736575507,0.0,0
2018-05-27 17:12:47.511,111.41,0.0912736575507,0.0,0
2018-05-27 17:12:47.604,111.33,0.0912736575507,0.0,0
2018-05-27 17:12:47.688,110.53,0.0912736575507,0.0,0
2018-05-27 17:12:48.036,109.25,0.0912736575507,0.0,0
2018-05-27 17:12:48.129,109.54,0.0912736575507,0.0,0
2018-05-27 17:12:48.222,109.15,0.0912736575507,0.0,0
2018-05-27 17:12:48.315,108.34,0.0912736575507,0.0,0
2018-05-27 17:12:48.492,108.29,0.0912736575507,0.0,0
2018-05-27 17:12:48.586,106.99,0.0912736575507,0.0,0
2018-05-27 17:12:48.679,106.61,0.0912736575507,0.0,0
2018-05-27 17:12:48.865,106.16,0.0912736575507,0.0,0
2018-05-27 17:12:49.483,104.67,0.0912736575507,0.0,0
2018-05-27 17:12:49.576,104.5,0.0912736575507,0.0,0
2018-05-27 17:12:50.017,104.5,0.0912736575507,0.0,0
2018-05-27 17:12:50.111,104.27,0.0912736575507,0.0,0
2018-05-27 17:12:50.474,105.76,0.0912736575507,0.0,0
2018-05-27 17:12:50.567,105.42,0.0912736575507,0.0,0
2018-05-27 17:12:51.008,107.09,0.0912736575507,0.0,0
2018-05-27 17:12:51.101,107.75,0.0912736575507,0.0,0
2018-05-27 17:12:51.194,108.24,0.0912736575507,0.0,0
2018-05-27 17:12:51.371,108.24,0.0912736575507,0.0,0
2018-05-27 17:12:51.651,110.16,0.0912736575507,0.0,0
2018-05-27 17:12:51.744,111.16,0.0912736575507,0.0,0
2018-05-27 17:12:52.083,112.7,0.0912736575507,0.0,0
2018-05-27 17:12:52.343,113.92,0.0912736575507,0.0,0
2018-05-27 17:12:52.902,112.06,0.0912736575507,0.0,0
2018-05-27 17:12:53.157,111.76,0.0912736575507,0.0,0
2018-05-27 17:12:53.334,111.13,0.0912736575507,0.0,0
2018-05-27 17:12:53.520,110.09,0.0912736575507,0.0,0
2018-05-27 17:12:53.613,110.44,0.0912736575507,0.0,0
2018-05-27 17:12:53.800,109.98,0.0912736575507,0.0,0
2018-05-27 17:12:54.055,108.53,0.0912736575507,0.0,0
2018-05-27 17:12:54.697,107.17,0.0912736575507,0.0,0
2018-05-27 17:12:55.036,108.84,0.0912736575507,0.0,0
2018-05-27 17:12:55.408,110.86,0.0912736575507,0.0,0
2018-05-27 17:12:55.865,111.87,0.0912736575507,0.0,0
2018-05-27 17:12:56.027,113.96,0.0912736575507,0.0,0
2018-05-27 17:12:56.306,115.06,0.0912736575507,0.0,0
2018-05-27 17:12:56.576,117.34,0.0912736575507,0.0,0
2018-05-27 17:12:56.669,116.61,0.0912736575507,0.0,0
2018-05-27 17:12:56.855,118.01,0.0912736575507,0.0,0
2018-05-27 17:12:57.017,119.12,0.0912736575507,0.0,0
2018-05-27 17:12:57.110,119.21,0.0912736575507,0.0,0
2018-05-27 17:12:57.297,118.03,0.0912736575507,0.0,0
2018-05-27 17:12:57.390,118.58,0.0912736575507,0.0,0
2018-05-27 17:12:57.474,118.29,0.0912736575507,0.0,0
2018-05-27 17:12:57.567,118.63,0.0912736575507,0.0,0
2018-05-27 17:12:57.753,117.86,0.0912736575507,0.0,0
2018-05-27 17:12:58.008,116.32,0.0912736575507,0.0,0
2018-05-27 17:12:58.092,116.0,0.0912736575507,0.0,0
2018-05-27 17:12:58.185,116.85,0.0912736575507,0.0,0
2018-05-27 17:12:58.371,116.24,0.0912736575507,0.0,0
2018-05-27 17:12:58.837,113.49,0.0912736575507,0.0,0
2018-05-27 17:12:58.925,112.83,0.0912736575507,0.0,0
2018-05-27 17:12:59.259,111.53,0.0912736575507,0.0,0
2018-05-27 17:12:59.529,110.66,0.0912736575507,0.0,0
2018-05-27 17:12:59.800,110.06,0.0912783358228,0.0,0
2018-05-27 17:12:59.893,109.92,0.0912783358228,0.0,0
2018-05-27 17:13:00.222,109.37,0.0912783358228,0.0,0
2018-05-27 17:13:00.315,109.7,0.0912783358228,0.0,0
2018-05-27 17:13:00.492,109.08,0.0912783358228,0.0,0
2018-05-27 17:13:00.585,109.33,0.0912783358228,0.0,0
2018-05-27 17:13:00.678,110.07,0.0912783358228,0.0,0
2018-05-27 17:13:00.772,109.7,0.0912783358228,0.0,0
2018-05-27 17:13:00.865,110.78,0.0912783358228,0.0,0
2018-05-27 17:13:01.027,109.8,0.0912783358228,0.0,0
2018-05-27 17:13:01.111,110.78,0.0912783358228,0.0,0
2018-05-27 17:13:01.203,111.61,0.0912783358228,0.0,0
2018-05-27 17:13:01.297,111.65,0.0912783358228,0.0,0
2018-05-27 17:13:01.380,112.22,0.0912783358228,0.0,0
2018-05-27 17:13:01.473,113.43,0.0912783358228,0.0,0
2018-05-27 17:13:01.567,112.54,0.0912783358228,0.0,0
2018-05-27 17:13:01.660,113.82,0.0912783358228,0.0,0
2018-05-27 17:13:01.744,114.59,0.0912783358228,0.0,0
2018-05-27 17:13:01.837,114.82,0.0912783358228,0.0,0
2018-05-27 17:13:01.925,115.29,0.0912783358228,0.0,0
2018-05-27 17:13:02.082,116.52,0.0912783358228,0.0,0
2018-05-27 17:13:02.259,117.57,0.0912783358228,0.0,0
2018-05-27 17:13:02.436,118.74,0.0912783358228,0.0,0
2018-05-27 17:13:02.622,119.49,0.0912783358228,0.0,0
2018-05-27 17:13:02.716,119.4,0.0912783358228,0.0,0
2018-05-27 17:13:02.809,120.83,0.0912783358228,0.0,0
2018-05-27 17:13:03.064,120.64,0.0912783358228,0.0,0
2018-05-27 17:13:03.157,121.87,0.0912783358228,0.0,0
2018-05-27 17:13:03.250,121.95,0.0912783358228,0.0,0
2018-05-27 17:13:03.343,123.37,0.0912783358228,0.0,0
2018-05-27 17:13:03.520,122.53,0.0912783358228,0.0,0
2018-05-27 17:13:03.706,122.19,0.0912783358228,0.0,0
2018-05-27 17:13:03.800,121.89,0.0912783358228,0.0,0
2018-05-27 17:13:03.893,121.96,0.0912783358228,0.0,0
2018-05-27 17:13:04.231,120.25,0.0912783358228,0.0,0
2018-05-27 17:13:04.316,119.88,0.0912783358228,0.0,0
2018-05-27 17:13:04.408,118.62,0.0912783358228,0.0,0
2018-05-27 17:13:04.492,118.58,0.0912783358228,0.0,0
2018-05-27 17:13:04.585,119.34,0.0912783358228,0.0,0
2018-05-27 17:13:04.678,118.3,0.0912783358228,0.0,0
2018-05-27 17:13:04.771,117.44,0.0912783358228,0.0,0
2018-05-27 17:13:05.026,117.43,0.0912783358228,0.0,0
2018-05-27 17:13:05.120,117.48,0.0912783358228,0.0,0
2018-05-27 17:13:05.213,116.47,0.0912783358228,0.0,0
2018-05-27 17:13:05.483,115.68,0.0912783358228,0.0,0
2018-05-27 17:13:05.669,115.01,0.0912783358228,0.0,0
2018-05-27 17:13:05.855,114.09,0.0912783358228,0.0,0
2018-05-27 17:13:06.203,114.07,0.0912783358228,0.0,0
2018-05-27 17:13:06.297,112.66,0.0912783358228,0.0,0
2018-05-27 17:13:06.380,112.47,0.0912783358228,0.0,0
2018-05-27 17:13:06.473,112.96,0.0912783358228,0.0,0
2018-05-27 17:13:06.557,111.46,0.0912783358228,0.0,0
2018-05-27 17:13:06.650,111.81,0.0912783358228,0.0,0
2018-05-27 17:13:06.743,111.72,0.0912783358228,0.0,0
2018-05-27 17:13:06.837,110.64,0.0912783358228,0.0,0
2018-05-27 17:13:06.930,111.16,0.0912783358228,0.0,0
2018-05-27 17:13:07.092,109.74,0.0912783358228,0.0,0
2018-05-27 17:13:07.185,110.5,0.0912783358228,0.0,0
2018-05-27 17:13:07.366,109.81,0.0912783358228,0.0,0
2018-05-27 17:13:07.455,109.2,0.0912783358228,0.0,0
2018-05-27 17:13:07.539,109.23,0.0912783358228,0.0,0
2018-05-27 17:13:07.632,108.89,0.0912783358228,0.0,0
2018-05-27 17:13:07.725,107.8,0.0912783358228,0.0,0
2018-05-27 17:13:07.818,108.22,0.0912783358228,0.0,0
2018-05-27 17:13:07.911,108.1,0.0912783358228,0.0,0
2018-05-27 17:13:08.073,106.74,0.0912783358228,0.0,0
2018-05-27 17:13:08.166,106.59,0.0912783358228,0.0,0
2018-05-27 17:13:08.352,106.2,0.0912783358228,0.0,0
2018-05-27 17:13:08.539,105.91,0.0912783358228,0.0,0
2018-05-27 17:13:08.632,106.13,0.0912783358228,0.0,0
2018-05-27 17:13:08.725,105.91,0.0912783358228,0.0,0
2018-05-27 17:13:08.911,105.85,0.0912783358228,0.0,0
2018-05-27 17:13:09.073,105.69,0.0912783358228,0.0,0
2018-05-27 17:13:09.259,106.33,0.0912783358228,0.0,0
2018-05-27 17:13:09.343,106.97,0.0912783358228,0.0,0
2018-05-27 17:13:09.529,107.3,0.0912783358228,0.0,0
2018-05-27 17:13:09.622,107.73,0.0912783358228,0.0,0
2018-05-27 17:13:09.809,108.45,0.0912783358228,0.0,0
2018-05-27 17:13:09.902,109.72,0.0912783358228,0.0,0
2018-05-27 17:13:10.240,111.17,0.0912783358228,0.0,0
2018-05-27 17:13:10.334,111.76,0.0912783358228,0.0,0
2018-05-27 17:13:10.417,112.02,0.0912783358228,0.0,0
2018-05-27 17:13:10.604,113.4,0.0912783358228,0.0,0
2018-05-27 17:13:10.697,113.12,0.0912783358228,0.0,0
2018-05-27 17:13:10.883,114.58,0.0912783358228,0.0,0
2018-05-27 17:13:11.036,115.81,0.0912783358228,0.0,0
2018-05-27 17:13:11.492,116.12,0.0912783358228,0.0,0
2018-05-27 17:13:11.585,114.87,0.0912783358228,0.0,0
2018-05-27 17:13:11.679,114.93,0.0912783358228,0.0,0
2018-05-27 17:13:11.771,113.92,0.0912783358228,0.0,0
2018-05-27 17:13:11.865,114.32,0.0912783358228,0.0,0
2018-05-27 17:13:12.017,113.76,0.0912783358228,0.0,0
2018-05-27 17:13:12.203,113.63,0.0912783358228,0.0,0
2018-05-27 17:13:12.380,112.26,0.0912783358228,0.0,0
2018-05-27 17:13:12.473,112.23,0.0912783358228,0.0,0
2018-05-27 17:13:12.660,111.55,0.0912783358228,0.0,0
2018-05-27 17:13:12.753,110.06,0.0912783358228,0.0,0
2018-05-27 17:13:12.836,110.34,0.0912783358228,0.0,0
2018-05-27 17:13:12.930,109.87,0.0912783358228,0.0,0
2018-05-27 17:13:13.092,110.55,0.0912783358228,0.0,0
2018-05-27 17:13:13.185,109.3,0.0912783358228,0.0,0
2018-05-27 17:13:13.278,109.46,0.0912783358228,0.0,0
2018-05-27 17:13:13.371,108.32,0.0912783358228,0.0,0
2018-05-27 17:13:13.455,108.7,0.0912783358228,0.0,0
2018-05-27 17:13:13.632,107.95,0.0912783358228,0.0,0
2018-05-27 17:13:13.818,107.01,0.0912783358228,0.0,0
2018-05-27 17:13:14.073,107.09,0.0912783358228,0.0,0
2018-05-27 17:13:14.166,106.32,0.0912783358228,0.0,0
2018-05-27 17:13:14.259,105.76,0.0912783358228,0.0,0
2018-05-27 17:13:14.343,105.75,0.0912783358228,0.0,0
2018-05-27 17:13:14.436,105.76,0.0912783358228,0.0,0
2018-05-27 17:13:14.529,104.48,0.0912783358228,0.0,0
2018-05-27 17:13:14.622,104.8,0.0912783358228,0.0,0
2018-05-27 17:13:14.715,104.77,0.0912783358228,0.0,0
2018-05-27 17:13:14.892,103.49,0.0912783358228,0.0,0
2018-05-27 17:13:15.054,101.5,0.0912783358228,0.0,0
2018-05-27 17:13:15.240,99.35,0.0912783358228,0.0,0
2018-05-27 17:13:15.334,99.06,0.0912783358228,0.0,0
2018-05-27 17:13:15.427,98.15,0.0912783358228,0.0,0
2018-05-27 17:13:15.520,97.43,0.0912783358228,0.0,0
2018-05-27 17:13:15.613,95.96,0.0912783358228,0.0,0
2018-05-27 17:13:15.790,94.93,0.0912783358228,0.0,0
2018-05-27 17:13:15.889,94.18,0.0912783358228,0.0,0
2018-05-27 17:13:16.231,91.61,0.0912783358228,0.0,0
2018-05-27 17:13:16.324,90.42,0.0912783358228,0.0,0
2018-05-27 17:13:16.501,88.68,0.0912783358228,0.0,0
2018-05-27 17:13:16.678,88.06,0.0912783358228,0.0,0
2018-05-27 17:13:16.771,86.92,0.0912783358228,0.0,0
2018-05-27 17:13:16.864,86.64,0.0912783358228,0.0,0
2018-05-27 17:13:17.213,84.29,0.0912783358228,0.0,0
2018-05-27 17:13:17.390,83.02,0.0912783358228,0.0,0
2018-05-27 17:13:17.483,82.98,0.0912783358228,0.0,0
2018-05-27 17:13:17.753,80.86,0.0912783358228,0.0,0
2018-05-27 17:13:18.008,78.91,0.0912783358228,0.0,0
2018-05-27 17:13:18.101,79.06,0.0912783358228,0.0,0
2018-05-27 17:13:18.380,77.42,0.0912783358228,0.0,0
2018-05-27 17:13:18.464,76.25,0.0912783358228,0.0,0
2018-05-27 17:13:18.557,76.51,0.0912783358228,0.0,0
2018-05-27 17:13:18.650,76.23,0.0912783358228,0.0,0
2018-05-27 17:13:18.743,75.85,0.0912783358228,0.0,0
2018-05-27 17:13:18.836,75.3,0.0912783358228,0.0,0
2018-05-27 17:13:18.925,75.71,0.0912783358228,0.0,0
2018-05-27 17:13:19.166,74.6,0.0912783358228,0.0,0
2018-05-27 17:13:19.343,74.8,0.0912783358228,0.0,0
2018-05-27 17:13:19.436,74.3,0.0912783358228,0.0,0
2018-05-27 17:13:19.622,73.84,0.0912783358228,0.0,0
2018-05-27 17:13:19.808,73.31,0.0912783358228,0.0,0
2018-05-27 17:13:20.063,73.21,0.0912783358228,0.0,0
2018-05-27 17:13:20.157,73.11,0.0912783358228,0.0,0
2018-05-27 17:13:20.240,73.1,0.0912783358228,0.0,0
2018-05-27 17:13:20.427,72.73,0.0912783358228,0.0,0
2018-05-27 17:13:20.520,72.5,0.0912783358228,0.0,0
2018-05-27 17:13:20.613,71.97,0.0912783358228,0.0,0
2018-05-27 17:13:20.706,71.17,0.0912783358228,0.0,0
2018-05-27 17:13:20.799,71.69,0.0912783358228,0.0,0
2018-05-27 17:13:20.892,71.42,0.0912783358228,0.0,0
2018-05-27 17:13:21.054,71.43,0.0912783358228,0.0,0
2018-05-27 17:13:21.147,71.55,0.0912783358228,0.0,0
2018-05-27 17:13:21.231,70.96,0.0912783358228,0.0,0
2018-05-27 17:13:21.417,70.57,0.0912783358228,0.0,0
2018-05-27 17:13:21.501,69.95,0.0912783358228,0.0,0
2018-05-27 17:13:21.595,70.58,0.0912783358228,0.0,0
2018-05-27 17:13:21.781,70.02,0.0912783358228,0.0,0
2018-05-27 17:13:21.874,68.86,0.0912783358228,0.0,0
2018-05-27 17:13:22.035,69.68,0.0912783358228,0.0,0
2018-05-27 17:13:22.129,68.37,0.0912783358228,0.0,0
2018-05-27 17:13:22.222,69.46,0.0912783358228,0.0,0
2018-05-27 17:13:22.315,69.0,0.0912783358228,0.0,0
2018-05-27 17:13:22.408,69.58,0.0912783358228,0.0,0
2018-05-27 17:13:22.678,70.44,0.0912783358228,0.0,0
2018-05-27 17:13:22.771,71.14,0.0912783358228,0.0,0
2018-05-27 17:13:22.855,70.46,0.0912783358228,0.0,0
2018-05-27 17:13:23.017,71.3,0.0912783358228,0.0,0
2018-05-27 17:13:23.203,72.58,0.0912783358228,0.0,0
2018-05-27 17:13:23.296,72.78,0.0912783358228,0.0,0
2018-05-27 17:13:23.473,73.38,0.0912783358228,0.0,0
2018-05-27 17:13:23.566,74.27,0.0912783358228,0.0,0
2018-05-27 17:13:23.650,74.52,0.0912783358228,0.0,0
2018-05-27 17:13:24.082,76.24,0.0912783358228,0.0,0
2018-05-27 17:13:24.259,77.21,0.0912783358228,0.0,0
2018-05-27 17:13:24.436,76.99,0.0912783358228,0.0,0
2018-05-27 17:13:24.715,78.6,0.0912783358228,0.0,0
2018-05-27 17:13:25.063,79.19,0.0912783358228,0.0,0
2018-05-27 17:13:25.156,80.21,0.0912783358228,0.0,0
2018-05-27 17:13:25.250,79.59,0.0912783358228,0.0,0
2018-05-27 17:13:25.426,79.75,0.0912783358228,0.0,0
2018-05-27 17:13:25.510,79.25,0.0912783358228,0.0,0
2018-05-27 17:13:25.697,78.7,0.0912783358228,0.0,0
2018-05-27 17:13:25.790,78.31,0.0912783358228,0.0,0
2018-05-27 17:13:25.883,78.39,0.0912783358228,0.0,0
2018-05-27 17:13:26.045,78.51,0.0912783358228,0.0,0
2018-05-27 17:13:26.138,78.25,0.0912783358228,0.0,0
2018-05-27 17:13:26.231,77.53,0.0912783358228,0.0,0
2018-05-27 17:13:26.324,77.6,0.0912783358228,0.0,0
2018-05-27 17:13:26.501,77.31,0.0912783358228,0.0,0
2018-05-27 17:13:26.687,76.8,0.0912783358228,0.0,0
2018-05-27 17:13:27.035,75.39,0.0912783358228,0.0,0
2018-05-27 17:13:27.129,75.46,0.0912783358228,0.0,0
2018-05-27 17:13:27.315,76.29,0.0912783358228,0.0,0
2018-05-27 17:13:27.585,76.8,0.0912783358228,0.0,0
2018-05-27 17:13:27.771,78.27,0.0912783358228,0.0,0
2018-05-27 17:13:28.212,78.85,0.0912783358228,0.0,0
2018-05-27 17:13:28.390,79.27,0.0912783358228,0.0,0
2018-05-27 17:13:28.669,80.48,0.0912783358228,0.0,0
2018-05-27 17:13:29.296,82.3,0.0912783358228,0.0,0
2018-05-27 17:13:29.473,83.29,0.0912783358228,0.0,0
2018-05-27 17:13:29.566,82.49,0.0912783358228,0.0,0
2018-05-27 17:13:29.846,84.6,0.0912783358228,0.0,0
2018-05-27 17:13:30.287,85.39,0.0912783358228,0.0,0
2018-05-27 17:13:30.557,87.35,0.0912783358228,0.0,0
2018-05-27 17:13:30.926,87.76,0.0912783358228,0.0,0
2018-05-27 17:13:31.166,89.46,0.0912783358228,0.0,0
2018-05-27 17:13:31.436,90.23,0.0912783358228,0.0,0
2018-05-27 17:13:31.529,90.2,0.0912783358228,0.0,0
2018-05-27 17:13:31.706,91.58,0.0912783358228,0.0,0
2018-05-27 17:13:31.799,91.5,0.0912783358228,0.0,0
2018-05-27 17:13:32.128,90.94,0.0912783358228,0.0,0
2018-05-27 17:13:32.398,90.84,0.0912783358228,0.0,0
2018-05-27 17:13:32.678,89.51,0.0912783358228,0.0,0
2018-05-27 17:13:32.771,90.18,0.0912783358228,0.0,0
2018-05-27 17:13:32.864,90.29,0.0912783358228,0.0,0
2018-05-27 17:13:33.026,89.84,0.0912783358228,0.0,0
2018-05-27 17:13:33.212,89.16,0.0912783358228,0.0,0
2018-05-27 17:13:33.389,88.12,0.0912783358228,0.0,0
2018-05-27 17:13:33.482,88.44,0.0912783358228,0.0,0
2018-05-27 17:13:33.575,87.71,0.0912783358228,0.0,0
2018-05-27 17:13:33.668,86.94,0.0912783358228,0.0,0
2018-05-27 17:13:34.017,87.3,0.0912783358228,0.0,0
2018-05-27 17:13:34.110,87.33,0.0912783358228,0.0,0
2018-05-27 17:13:34.203,86.65,0.0912783358228,0.0,0
2018-05-27 17:13:34.296,85.9,0.0912783358228,0.0,0
2018-05-27 17:13:34.389,85.83,0.0912783358228,0.0,0
2018-05-27 17:13:34.473,86.01,0.0912783358228,0.0,0
2018-05-27 17:13:34.566,86.05,0.0912783358228,0.0,0
2018-05-27 17:13:34.659,85.93,0.0912783358228,0.0,0
2018-05-27 17:13:34.752,84.35,0.0912783358228,0.0,0
2018-05-27 17:13:34.845,85.12,0.0912783358228,0.0,0
2018-05-27 17:13:35.007,84.79,0.0912783358228,0.0,0
2018-05-27 17:13:35.100,85.61,0.0912783358228,0.0,0
2018-05-27 17:13:35.194,85.49,0.0912783358228,0.0,0
2018-05-27 17:13:35.370,85.68,0.0912783358228,0.0,0
2018-05-27 17:13:35.464,85.87,0.0912783358228,0.0,0
2018-05-27 17:13:35.557,86.08,0.0912783358228,0.0,0
2018-05-27 17:13:35.650,86.31,0.0912783358228,0.0,0
2018-05-27 17:13:35.743,86.3,0.0912783358228,0.0,0
2018-05-27 17:13:35.924,86.46,0.0912783358228,0.0,0
2018-05-27 17:13:36.082,86.81,0.0912783358228,0.0,0
2018-05-27 17:13:36.259,87.37,0.0912783358228,0.0,0
2018-05-27 17:13:36.352,87.75,0.0912783358228,0.0,0
2018-05-27 17:13:36.445,88.19,0.0912783358228,0.0,0
2018-05-27 17:13:36.538,87.84,0.0912783358228,0.0,0
2018-05-27 17:13:36.631,88.52,0.0912783358228,0.0,0
2018-05-27 17:13:36.817,89.21,0.0912783358228,0.0,0
2018-05-27 17:13:36.911,88.78,0.0912783358228,0.0,0
2018-05-27 17:13:37.072,89.72,0.0912783358228,0.0,0
2018-05-27 17:13:37.333,91.14,0.0912783358228,0.0,0
2018-05-27 17:13:37.426,90.28,0.0912783358228,0.0,0
2018-05-27 17:13:37.519,90.98,0.0912783358228,0.0,0
2018-05-27 17:13:37.613,91.29,0.0912783358228,0.0,0
2018-05-27 17:13:37.780,92.49,0.0912783358228,0.0,0
2018-05-27 17:13:38.026,92.69,0.0912783358228,0.0,0
2018-05-27 17:13:38.119,92.18,0.0912783358228,0.0,0
2018-05-27 17:13:38.212,91.97,0.0912783358228,0.0,0
2018-05-27 17:13:38.305,91.71,0.0912783358228,0.0,0
2018-05-27 17:13:38.389,91.53,0.0912783358228,0.0,0
2018-05-27 17:13:38.482,90.3,0.0912783358228,0.0,0
2018-05-27 17:13:38.575,90.08,0.0912783358228,0.0,0
2018-05-27 17:13:38.668,90.3,0.0912783358228,0.0,0
2018-05-27 17:13:38.752,90.54,0.0912783358228,0.0,0
2018-05-27 17:13:38.845,89.74,0.0912783358228,0.0,0
2018-05-27 17:13:39.100,89.91,0.0912783358228,0.0,0
2018-05-27 17:13:39.193,89.52,0.0912783358228,0.0,0
2018-05-27 17:13:39.287,89.61,0.0912783358228,0.0,0
2018-05-27 17:13:39.380,89.41,0.0912783358228,0.0,0
2018-05-27 17:13:39.463,89.05,0.0912783358228,0.0,0
2018-05-27 17:13:39.557,88.21,0.0912783358228,0.0,0
2018-05-27 17:13:39.734,87.44,0.0912783358228,0.0,0
2018-05-27 17:13:39.817,87.99,0.0912783358228,0.0,0
2018-05-27 17:13:40.072,87.87,0.0912783358228,0.0,0
2018-05-27 17:13:40.259,87.03,0.0912783358228,0.0,0
2018-05-27 17:13:40.343,86.93,0.0912783358228,0.0,0
2018-05-27 17:13:40.435,86.83,0.0912783358228,0.0,0
2018-05-27 17:13:40.529,86.44,0.0912783358228,0.0,0
2018-05-27 17:13:40.622,86.31,0.0912783358228,0.0,0
2018-05-27 17:13:40.715,85.86,0.0912783358228,0.0,0
2018-05-27 17:13:40.808,85.72,0.0912783358228,0.0,0
2018-05-27 17:13:40.901,85.65,0.0912783358228,0.0,0
2018-05-27 17:13:41.063,85.37,0.0912783358228,0.0,0
2018-05-27 17:13:41.156,85.51,0.0912783358228,0.0,0
2018-05-27 17:13:41.249,84.81,0.0912783358228,0.0,0
2018-05-27 17:13:41.334,84.13,0.0912783358228,0.0,0
2018-05-27 17:13:41.426,84.0,0.0912783358228,0.0,0
2018-05-27 17:13:41.510,83.6,0.0912783358228,0.0,0
2018-05-27 17:13:41.603,83.52,0.0912783358228,0.0,0
2018-05-27 17:13:41.696,82.75,0.0912783358228,0.0,0
2018-05-27 17:13:41.789,82.06,0.0912783358228,0.0,0
2018-05-27 17:13:41.873,82.16,0.0912783358228,0.0,0
2018-05-27 17:13:42.222,81.5,0.0912783358228,0.0,0
2018-05-27 17:13:42.305,80.9,0.0912783358228,0.0,0
2018-05-27 17:13:42.575,80.26,0.0912783358228,0.0,0
2018-05-27 17:13:42.761,79.33,0.0912783358228,0.0,0
2018-05-27 17:13:43.482,77.77,0.0912783358228,0.0,0
2018-05-27 17:13:43.668,77.92,0.0912783358228,0.0,0
2018-05-27 17:13:43.846,77.96,0.0912783358228,0.0,0
2018-05-27 17:13:44.007,77.61,0.0912783358228,0.0,0
2018-05-27 17:13:44.100,77.61,0.0912783358228,0.0,0
2018-05-27 17:13:44.193,77.37,0.0912783358228,0.0,0
2018-05-27 17:13:44.286,76.99,0.0912783358228,0.0,0
2018-05-27 17:13:44.817,76.09,0.0912783358228,0.0,0
2018-05-27 17:13:44.910,75.66,0.0912783358228,0.0,0
2018-05-27 17:13:45.072,75.46,0.0912783358228,0.0,0
2018-05-27 17:13:45.165,75.57,0.0912783358228,0.0,0
2018-05-27 17:13:45.258,75.16,0.0912783358228,0.0,0
2018-05-27 17:13:45.435,74.21,0.0912783358228,0.0,0
2018-05-27 17:13:45.622,73.52,0.0912783358228,0.0,0
2018-05-27 17:13:45.808,74.17,0.0912783358228,0.0,0
2018-05-27 17:13:46.063,74.15,0.0912783358228,0.0,0
2018-05-27 17:13:46.426,73.52,0.0912783358228,0.0,0
2018-05-27 17:13:46.519,73.23,0.0912783358228,0.0,0
2018-05-27 17:13:46.789,73.94,0.0912783358228,0.0,0
2018-05-27 17:13:46.882,75.08,0.0912783358228,0.0,0
2018-05-27 17:13:47.044,74.29,0.0912783358228,0.0,0
2018-05-27 17:13:47.137,74.53,0.0912783358228,0.0,0
2018-05-27 17:13:47.408,76.27,0.0912783358228,0.0,0
2018-05-27 17:13:47.594,75.98,0.0912783358228,0.0,0
2018-05-27 17:13:47.687,77.12,0.0912783358228,0.0,0
2018-05-27 17:13:47.873,77.13,0.0912783358228,0.0,0
2018-05-27 17:13:48.035,78.27,0.0912783358228,0.0,0
2018-05-27 17:13:48.128,77.82,0.0912783358228,0.0,0
2018-05-27 17:13:48.221,79.06,0.0912783358228,0.0,0
2018-05-27 17:13:48.314,79.09,0.0912783358228,0.0,0
2018-05-27 17:13:48.398,78.34,0.0912783358228,0.0,0
2018-05-27 17:13:48.491,77.83,0.0912783358228,0.0,0
2018-05-27 17:13:48.584,78.66,0.0912783358228,0.0,0
2018-05-27 17:13:48.677,77.36,0.0912783358228,0.0,0
2018-05-27 17:13:48.771,78.09,0.0912783358228,0.0,0
2018-05-27 17:13:48.864,78.49,0.0912783358228,0.0,0
2018-05-27 17:13:49.026,77.7,0.0912783358228,0.0,0
2018-05-27 17:13:49.119,77.0,0.0912783358228,0.0,0
2018-05-27 17:13:49.212,77.43,0.0912783358228,0.0,0
2018-05-27 17:13:49.389,76.98,0.0912783358228,0.0,0
2018-05-27 17:13:49.482,76.98,0.0912783358228,0.0,0
2018-05-27 17:13:49.668,76.67,0.0912783358228,0.0,0
2018-05-27 17:13:49.854,75.4,0.0912783358228,0.0,0
2018-05-27 17:13:50.016,75.8,0.0912783358228,0.0,0
2018-05-27 17:13:50.109,75.97,0.0912783358228,0.0,0
2018-05-27 17:13:50.202,75.36,0.0912783358228,0.0,0
2018-05-27 17:13:50.296,75.41,0.0912783358228,0.0,0
2018-05-27 17:13:50.370,74.26,0.0912783358228,0.0,0
2018-05-27 17:13:50.482,74.87,0.0912783358228,0.0,0
2018-05-27 17:13:50.575,74.88,0.0912783358228,0.0,0
2018-05-27 17:13:50.668,73.93,0.0912783358228,0.0,0
2018-05-27 17:13:50.761,74.8,0.0912783358228,0.0,0
2018-05-27 17:13:50.854,73.67,0.0912783358228,0.0,0
2018-05-27 17:13:51.016,73.71,0.0912783358228,0.0,0
2018-05-27 17:13:51.109,73.97,0.0912783358228,0.0,0
2018-05-27 17:13:51.295,73.41,0.0912783358228,0.0,0
2018-05-27 17:13:51.380,72.63,0.0912783358228,0.0,0
2018-05-27 17:13:51.566,72.97,0.0912783358228,0.0,0
2018-05-27 17:13:51.659,73.56,0.0912783358228,0.0,0
2018-05-27 17:13:51.752,75.58,0.0912783358228,0.0,0
2018-05-27 17:13:51.845,74.39,0.0912783358228,0.0,0
2018-05-27 17:13:52.007,75.06,0.0912783358228,0.0,0
2018-05-27 17:13:52.100,75.18,0.0912783358228,0.0,0
2018-05-27 17:13:52.193,76.22,0.0912783358228,0.0,0
2018-05-27 17:13:52.463,77.84,0.0912783358228,0.0,0
2018-05-27 17:13:52.556,77.63,0.0912783358228,0.0,0
2018-05-27 17:13:52.649,77.84,0.0912783358228,0.0,0
2018-05-27 17:13:52.742,78.22,0.0912783358228,0.0,0
2018-05-27 17:13:52.836,77.38,0.0912783358228,0.0,0
2018-05-27 17:13:53.081,77.28,0.0912783358228,0.0,0
2018-05-27 17:13:53.166,76.94,0.0912783358228,0.0,0
2018-05-27 17:13:53.258,77.19,0.0912783358228,0.0,0
2018-05-27 17:13:53.351,75.59,0.0912783358228,0.0,0
2018-05-27 17:13:53.444,76.09,0.0912783358228,0.0,0
2018-05-27 17:13:53.538,76.05,0.0912783358228,0.0,0
2018-05-27 17:13:53.631,75.45,0.0912783358228,0.0,0
2018-05-27 17:13:53.724,75.06,0.0912783358228,0.0,0
2018-05-27 17:13:53.910,75.2,0.0912783358228,0.0,0
2018-05-27 17:13:54.072,74.97,0.0912783358228,0.0,0
2018-05-27 17:13:54.259,74.41,0.0912783358228,0.0,0
2018-05-27 17:13:54.351,74.38,0.0912783358228,0.0,0
2018-05-27 17:13:54.435,74.24,0.0912783358228,0.0,0
2018-05-27 17:13:54.528,74.4,0.0912783358228,0.0,0
2018-05-27 17:13:54.714,74.0,0.0912783358228,0.0,0
2018-05-27 17:13:54.808,73.75,0.0912783358228,0.0,0
2018-05-27 17:13:54.901,72.97,0.0912783358228,0.0,0
2018-05-27 17:13:55.063,73.12,0.0912783358228,0.0,0
2018-05-27 17:13:55.249,73.31,0.0912783358228,0.0,0
2018-05-27 17:13:55.333,72.1,0.0912783358228,0.0,0
2018-05-27 17:13:55.416,72.56,0.0912783358228,0.0,0
2018-05-27 17:13:55.510,71.22,0.0912783358228,0.0,0
2018-05-27 17:13:55.686,71.83,0.0912783358228,0.0,0
2018-05-27 17:13:55.780,71.76,0.0912783358228,0.0,0
2018-05-27 17:13:55.873,71.22,0.0912783358228,0.0,0
2018-05-27 17:13:56.025,71.69,0.0912783358228,0.0,0
2018-05-27 17:13:56.211,71.02,0.0912783358228,0.0,0
2018-05-27 17:13:56.305,70.48,0.0912783358228,0.0,0
2018-05-27 17:13:56.388,70.99,0.0912783358228,0.0,0
2018-05-27 17:13:56.575,70.54,0.0912783358228,0.0,0
2018-05-27 17:13:56.668,69.84,0.0912783358228,0.0,0
2018-05-27 17:13:56.761,70.03,0.0912783358228,0.0,0
2018-05-27 17:13:56.854,69.47,0.0912783358228,0.0,0
2018-05-27 17:13:57.016,69.67,0.0912783358228,0.0,0
2018-05-27 17:13:57.286,69.0,0.0912783358228,0.0,0
2018-05-27 17:13:57.472,68.86,0.0912783358228,0.0,0
2018-05-27 17:13:57.565,69.35,0.0912783358228,0.0,0
2018-05-27 17:13:57.924,69.21,0.0912783358228,0.0,0
2018-05-27 17:13:58.081,69.51,0.0912783358228,0.0,0
2018-05-27 17:13:58.165,68.93,0.0912783358228,0.0,0
2018-05-27 17:13:58.351,68.96,0.0912783358228,0.0,0
2018-05-27 17:13:58.426,68.87,0.0912783358228,0.0,0
2018-05-27 17:13:58.780,70.58,0.0912783358228,0.0,0
2018-05-27 17:13:59.025,70.86,0.0912783358228,0.0,0
2018-05-27 17:13:59.211,71.2,0.0912783358228,0.0,0
2018-05-27 17:13:59.305,71.32,0.0912783358228,0.0,0
2018-05-27 17:13:59.398,71.98,0.0912783358228,0.0,0
2018-05-27 17:13:59.481,72.25,0.0912783358228,0.0,0
2018-05-27 17:13:59.658,73.01,0.0912783358228,0.0,0
2018-05-27 17:13:59.752,73.17,0.0912783358228,0.0,0
2018-05-27 17:14:00.006,73.89,0.0912783358228,0.0,0
2018-05-27 17:14:00.193,75.15,0.0912783358228,0.0,0
2018-05-27 17:14:00.379,75.55,0.0912783358228,0.0,0
2018-05-27 17:14:00.458,76.29,0.0912783358228,0.0,0
2018-05-27 17:14:00.724,77.85,0.0912783358228,0.0,0
2018-05-27 17:14:00.817,77.8,0.0912783358228,0.0,0
2018-05-27 17:14:01.165,78.12,0.0912783358228,0.0,0
2018-05-27 17:14:01.621,78.63,0.0912783358228,0.0,0
2018-05-27 17:14:01.900,78.19,0.0912783358228,0.0,0
2018-05-27 17:14:02.155,77.25,0.0912783358228,0.0,0
2018-05-27 17:14:02.249,77.57,0.0912783358228,0.0,0
2018-05-27 17:14:02.333,76.63,0.0912783358228,0.0,0
2018-05-27 17:14:02.519,76.66,0.0912783358228,0.0,0
2018-05-27 17:14:02.612,75.65,0.0912783358228,0.0,0
2018-05-27 17:14:02.705,75.78,0.0912783358228,0.0,0
2018-05-27 17:14:02.798,75.3,0.0912783358228,0.0,0
2018-05-27 17:14:04.137,72.88,0.0912783358228,0.0,0
2018-05-27 17:14:04.230,73.07,0.0912783358228,0.0,0
2018-05-27 17:14:04.324,72.39,0.0912783358228,0.0,0
2018-05-27 17:14:04.407,72.75,0.0912783358228,0.0,0
2018-05-27 17:14:04.500,72.04,0.0912783358228,0.0,0
2018-05-27 17:14:04.593,71.95,0.0912783358228,0.0,0
2018-05-27 17:14:04.686,71.12,0.0912783358228,0.0,0
2018-05-27 17:14:04.779,71.74,0.0912783358228,0.0,0
2018-05-27 17:14:04.873,71.89,0.0912783358228,0.0,0
2018-05-27 17:14:05.221,71.3,0.0912783358228,0.0,0
2018-05-27 17:14:05.315,71.11,0.0912783358228,0.0,0
2018-05-27 17:14:05.677,72.61,0.0912783358228,0.0,0
2018-05-27 17:14:05.770,73.09,0.0912783358228,0.0,0
2018-05-27 17:14:05.863,73.12,0.0912783358228,0.0,0
2018-05-27 17:14:06.025,74.09,0.0912783358228,0.0,0
2018-05-27 17:14:06.118,73.82,0.0912783358228,0.0,0
2018-05-27 17:14:06.211,74.99,0.0912783358228,0.0,0
2018-05-27 17:14:06.304,75.37,0.0912783358228,0.0,0
2018-05-27 17:14:06.388,76.17,0.0912783358228,0.0,0
2018-05-27 17:14:06.481,75.7,0.0912783358228,0.0,0
2018-05-27 17:14:06.574,76.22,0.0912783358228,0.0,0
2018-05-27 17:14:06.668,77.56,0.0912783358228,0.0,0
2018-05-27 17:14:06.761,77.35,0.0912783358228,0.0,0
2018-05-27 17:14:06.854,78.44,0.0912783358228,0.0,0
2018-05-27 17:14:07.109,80.14,0.0912783358228,0.0,0
2018-05-27 17:14:07.202,80.38,0.0912783358228,0.0,0
2018-05-27 17:14:07.295,80.56,0.0912783358228,0.0,0
2018-05-27 17:14:07.388,81.44,0.0912783358228,0.0,0
2018-05-27 17:14:07.472,81.54,0.0912783358228,0.0,0
2018-05-27 17:14:07.565,81.98,0.0912783358228,0.0,0
2018-05-27 17:14:07.658,82.7,0.0912783358228,0.0,0
2018-05-27 17:14:07.844,83.86,0.0912783358228,0.0,0
2018-05-27 17:14:08.006,84.33,0.0912783358228,0.0,0
2018-05-27 17:14:08.099,84.56,0.0912783358228,0.0,0
2018-05-27 17:14:08.286,86.08,0.0912783358228,0.0,0
2018-05-27 17:14:08.369,85.62,0.0912783358228,0.0,0
2018-05-27 17:14:08.463,85.82,0.0912783358228,0.0,0
2018-05-27 17:14:08.649,85.01,0.0912783358228,0.0,0
2018-05-27 17:14:08.742,85.56,0.0912783358228,0.0,0
2018-05-27 17:14:08.835,85.14,0.0912783358228,0.0,0
2018-05-27 17:14:08.923,84.41,0.0912783358228,0.0,0
2018-05-27 17:14:09.165,85.2,0.0912783358228,0.0,0
2018-05-27 17:14:09.351,83.99,0.0912783358228,0.0,0
2018-05-27 17:14:09.435,83.6,0.0912783358228,0.0,0
2018-05-27 17:14:09.528,83.5,0.0912783358228,0.0,0
2018-05-27 17:14:09.621,83.27,0.0912783358228,0.0,0
2018-05-27 17:14:09.714,83.06,0.0912783358228,0.0,0
2018-05-27 17:14:09.807,82.76,0.0912783358228,0.0,0
2018-05-27 17:14:09.900,81.74,0.0912783358228,0.0,0
2018-05-27 17:14:10.062,82.55,0.0912783358228,0.0,0
2018-05-27 17:14:10.156,82.19,0.0912783358228,0.0,0
2018-05-27 17:14:10.248,81.35,0.0912783358228,0.0,0
2018-05-27 17:14:10.332,81.7,0.0912783358228,0.0,0
2018-05-27 17:14:10.425,81.43,0.0912783358228,0.0,0
2018-05-27 17:14:10.509,81.26,0.0912783358228,0.0,0
2018-05-27 17:14:10.602,80.29,0.0912783358228,0.0,0
2018-05-27 17:14:10.695,80.93,0.0912783358228,0.0,0
2018-05-27 17:14:10.789,80.74,0.0912783358228,0.0,0
2018-05-27 17:14:10.872,79.37,0.0912783358228,0.0,0
2018-05-27 17:14:11.034,80.57,0.0912783358228,0.0,0
2018-05-27 17:14:11.127,80.15,0.0912783358228,0.0,0
2018-05-27 17:14:11.220,79.37,0.0912783358228,0.0,0
2018-05-27 17:14:11.404,79.13,0.0912783358228,0.0,0
2018-05-27 17:14:11.491,78.63,0.0912783358228,0.0,0
2018-05-27 17:14:11.658,78.23,0.0912783358228,0.0,0
2018-05-27 17:14:12.178,78.65,0.0912783358228,0.0,0
2018-05-27 17:14:12.267,79.13,0.0912783358228,0.0,0
2018-05-27 17:14:12.444,79.65,0.0912783358228,0.0,0
2018-05-27 17:14:12.621,80.57,0.0912783358228,0.0,0
2018-05-27 17:14:12.714,80.31,0.0912783358228,0.0,0
2018-05-27 17:14:12.807,80.7,0.0912783358228,0.0,0
2018-05-27 17:14:12.900,81.45,0.0912783358228,0.0,0
2018-05-27 17:14:13.155,81.51,0.0912783358228,0.0,0
2018-05-27 17:14:13.332,82.99,0.0912783358228,0.0,0
2018-05-27 17:14:13.602,84.05,0.0912783358228,0.0,0
2018-05-27 17:14:13.872,84.52,0.0912783358228,0.0,0
2018-05-27 17:14:14.025,85.49,0.0912783358228,0.0,0
2018-05-27 17:14:14.397,86.69,0.0912783358228,0.0,0
2018-05-27 17:14:14.481,86.58,0.0912783358228,0.0,0
2018-05-27 17:14:14.667,88.66,0.0912783358228,0.0,0
2018-05-27 17:14:14.854,89.14,0.0912783358228,0.0,0
2018-05-27 17:14:15.099,89.38,0.0912783358228,0.0,0
2018-05-27 17:14:15.369,90.28,0.0912783358228,0.0,0
2018-05-27 17:14:15.537,91.12,0.0912783358228,0.0,0
2018-05-27 17:14:15.816,91.71,0.0912783358228,0.0,0
2018-05-27 17:14:16.164,92.78,0.0912783358228,0.0,0
2018-05-27 17:14:16.351,93.3,0.0912783358228,0.0,0
2018-05-27 17:14:16.528,93.83,0.0912783358228,0.0,0
2018-05-27 17:14:16.714,94.12,0.0912783358228,0.0,0
2018-05-27 17:14:17.155,95.62,0.0912783358228,0.0,0
2018-05-27 17:14:17.416,94.73,0.0912783358228,0.0,0
2018-05-27 17:14:17.788,93.3,0.0912783358228,0.0,0
2018-05-27 17:14:17.872,93.11,0.0912783358228,0.0,0
2018-05-27 17:14:18.034,92.88,0.0912783358228,0.0,0
2018-05-27 17:14:18.304,91.94,0.0912783358228,0.0,0
2018-05-27 17:14:18.397,91.68,0.0912783358228,0.0,0
2018-05-27 17:14:18.760,91.32,0.0912783358228,0.0,0
2018-05-27 17:14:19.109,90.26,0.0912783358228,0.0,0
2018-05-27 17:14:19.285,89.83,0.0912783358228,0.0,0
2018-05-27 17:14:19.555,89.53,0.0912783358228,0.0,0
2018-05-27 17:14:19.742,88.92,0.0912783358228,0.0,0
2018-05-27 17:14:19.923,88.2,0.0912783358228,0.0,0
2018-05-27 17:14:20.350,87.07,0.0912783358228,0.0,0
2018-05-27 17:14:20.527,86.59,0.0912783358228,0.0,0
2018-05-27 17:14:20.621,86.8,0.0912783358228,0.0,0
2018-05-27 17:14:20.714,85.89,0.0912783358228,0.0,0
2018-05-27 17:14:20.807,86.16,0.0912783358228,0.0,0
2018-05-27 17:14:21.062,85.81,0.0912783358228,0.0,0
2018-05-27 17:14:21.341,85.1,0.0912783358228,0.0,0
2018-05-27 17:14:21.434,84.76,0.0912783358228,0.0,0
2018-05-27 17:14:21.621,84.56,0.0912783358228,0.0,0
2018-05-27 17:14:21.714,84.04,0.0912783358228,0.0,0
2018-05-27 17:14:21.900,82.91,0.0912783358228,0.0,0
2018-05-27 17:14:22.248,82.79,0.0912783358228,0.0,0
2018-05-27 17:14:22.425,82.95,0.0912783358228,0.0,0
2018-05-27 17:14:22.509,81.67,0.0912783358228,0.0,0
2018-05-27 17:14:22.602,81.45,0.0912783358228,0.0,0
2018-05-27 17:14:22.779,81.96,0.0912783358228,0.0,0
2018-05-27 17:14:22.872,81.36,0.0912783358228,0.0,0
2018-05-27 17:14:23.220,81.33,0.0912783358228,0.0,0
2018-05-27 17:14:23.304,81.91,0.0912783358228,0.0,0
2018-05-27 17:14:23.397,81.93,0.0912783358228,0.0,0
2018-05-27 17:14:23.481,82.09,0.0912783358228,0.0,0
2018-05-27 17:14:23.574,82.28,0.0912783358228,0.0,0
2018-05-27 17:14:23.667,81.66,0.0912783358228,0.0,0
2018-05-27 17:14:23.853,83.17,0.0912783358228,0.0,0
2018-05-27 17:14:24.015,82.56,0.0912783358228,0.0,0
2018-05-27 17:14:24.109,82.78,0.0912783358228,0.0,0
2018-05-27 17:14:24.285,84.07,0.0912783358228,0.0,0
2018-05-27 17:14:24.555,84.66,0.0912783358228,0.0,0
2018-05-27 17:14:24.648,84.45,0.0912783358228,0.0,0
2018-05-27 17:14:24.741,85.28,0.0912783358228,0.0,0
2018-05-27 17:14:24.835,84.57,0.0912783358228,0.0,0
2018-05-27 17:14:24.923,84.55,0.0912783358228,0.0,0
2018-05-27 17:14:25.080,85.56,0.0912783358228,0.0,0
2018-05-27 17:14:25.164,86.04,0.0912783358228,0.0,0
2018-05-27 17:14:25.257,85.33,0.0912783358228,0.0,0
2018-05-27 17:14:25.434,86.32,0.0912783358228,0.0,0
2018-05-27 17:14:25.527,86.84,0.0912783358228,0.0,0
2018-05-27 17:14:25.620,87.08,0.0912783358228,0.0,0
2018-05-27 17:14:25.798,87.05,0.0912783358228,0.0,0
2018-05-27 17:14:25.890,87.12,0.0912783358228,0.0,0
2018-05-27 17:14:26.052,88.06,0.0912783358228,0.0,0
2018-05-27 17:14:26.322,89.08,0.0912783358228,0.0,0
2018-05-27 17:14:26.406,88.04,0.0912783358228,0.0,0
2018-05-27 17:14:26.583,88.17,0.0912783358228,0.0,0
2018-05-27 17:14:26.676,87.93,0.0912783358228,0.0,0
2018-05-27 17:14:27.024,86.45,0.0912783358228,0.0,0
2018-05-27 17:14:27.117,86.78,0.0912783358228,0.0,0
2018-05-27 17:14:27.304,85.69,0.0912783358228,0.0,0
2018-05-27 17:14:27.388,86.03,0.0912783358228,0.0,0
2018-05-27 17:14:27.574,84.99,0.0912783358228,0.0,0
2018-05-27 17:14:28.108,84.96,0.0912783358228,0.0,0
2018-05-27 17:14:28.201,83.7,0.0912783358228,0.0,0
2018-05-27 17:14:28.378,84.22,0.0912783358228,0.0,0
2018-05-27 17:14:28.471,83.88,0.0912783358228,0.0,0
2018-05-27 17:14:28.564,82.87,0.0912783358228,0.0,0
2018-05-27 17:14:28.658,82.58,0.0912783358228,0.0,0
2018-05-27 17:14:28.751,82.89,0.0912783358228,0.0,0
2018-05-27 17:14:29.006,82.79,0.0912783358228,0.0,0
2018-05-27 17:14:29.099,82.28,0.0912783358228,0.0,0
2018-05-27 17:14:29.192,82.31,0.0912783358228,0.0,0
2018-05-27 17:14:29.285,82.91,0.0912783358228,0.0,0
2018-05-27 17:14:29.555,82.29,0.0912783358228,0.0,0
2018-05-27 17:14:29.732,83.54,0.0912783358228,0.0,0
2018-05-27 17:14:29.825,83.9,0.0912783358228,0.0,0
2018-05-27 17:14:29.912,83.92,0.0912783358228,0.0,0
2018-05-27 17:14:30.072,84.2,0.0912783358228,0.0,0
2018-05-27 17:14:30.155,83.95,0.0912783358228,0.0,0
2018-05-27 17:14:30.611,85.36,0.0912783358228,0.0,0
2018-05-27 17:14:30.704,85.77,0.0912783358228,0.0,0
2018-05-27 17:14:31.043,87.54,0.0912783358228,0.0,0
2018-05-27 17:14:31.136,87.96,0.0912783358228,0.0,0
2018-05-27 17:14:31.229,86.7,0.0912783358228,0.0,0
2018-05-27 17:14:31.322,88.02,0.0912783358228,0.0,0
2018-05-27 17:14:32.033,91.01,0.0912783358228,0.0,0
2018-05-27 17:14:32.127,91.12,0.0912783358228,0.0,0
2018-05-27 17:14:32.397,91.97,0.0912783358228,0.0,0
2018-05-27 17:14:32.490,92.32,0.0912783358228,0.0,0
2018-05-27 17:14:32.676,92.96,0.0912783358228,0.0,0
2018-05-27 17:14:33.108,93.99,0.0912783358228,0.0,0
2018-05-27 17:14:33.564,93.36,0.0912783358228,0.0,0
2018-05-27 17:14:33.751,92.75,0.0912783358228,0.0,0
2018-05-27 17:14:33.844,92.69,0.0912783358228,0.0,0
2018-05-27 17:14:34.192,91.59,0.0912783358228,0.0,0
2018-05-27 17:14:34.285,91.45,0.0912783358228,0.0,0
2018-05-27 17:14:34.555,91.43,0.0912783358228,0.0,0
2018-05-27 17:14:34.648,90.98,0.0912783358228,0.0,0
2018-05-27 17:14:35.080,90.27,0.0912783358228,0.0,0
2018-05-27 17:14:35.350,88.85,0.0912783358228,0.0,0
2018-05-27 17:14:35.434,89.06,0.0912783358228,0.0,0
2018-05-27 17:14:35.527,88.4,0.0912783358228,0.0,0
2018-05-27 17:14:35.620,88.59,0.0912783358228,0.0,0
2018-05-27 17:14:35.711,87.44,0.0912783358228,0.0,0
2018-05-27 17:14:35.890,87.72,0.0912783358228,0.0,0
2018-05-27 17:14:36.043,87.47,0.0912783358228,0.0,0
2018-05-27 17:14:36.322,86.72,0.0912783358228,0.0,0
2018-05-27 17:14:36.415,85.85,0.0912783358228,0.0,0
2018-05-27 17:14:36.499,85.51,0.0912783358228,0.0,0
2018-05-27 17:14:36.676,86.01,0.0912783358228,0.0,0
2018-05-27 17:14:36.769,85.01,0.0912783358228,0.0,0
2018-05-27 17:14:37.117,84.82,0.0912783358228,0.0,0
2018-05-27 17:14:37.303,84.78,0.0912783358228,0.0,0
2018-05-27 17:14:37.388,84.66,0.0912783358228,0.0,0
2018-05-27 17:14:37.480,84.55,0.0912783358228,0.0,0
2018-05-27 17:14:37.564,85.56,0.0912783358228,0.0,0
2018-05-27 17:14:37.751,85.69,0.0912783358228,0.0,0
2018-05-27 17:14:37.844,86.39,0.0912783358228,0.0,0
2018-05-27 17:14:38.192,88.12,0.0912783358228,0.0,0
2018-05-27 17:14:38.285,88.74,0.0912783358228,0.0,0
2018-05-27 17:14:38.369,88.84,0.0912783358228,0.0,0
2018-05-27 17:14:38.555,88.77,0.0912783358228,0.0,0
2018-05-27 17:14:38.741,89.54,0.0912783358228,0.0,0
2018-05-27 17:14:39.080,91.32,0.0912783358228,0.0,0
2018-05-27 17:14:39.164,91.37,0.0912783358228,0.0,0
2018-05-27 17:14:39.257,92.31,0.0912783358228,0.0,0
2018-05-27 17:14:39.620,93.71,0.0912783358228,0.0,0
2018-05-27 17:14:39.713,94.62,0.0912783358228,0.0,0
2018-05-27 17:14:39.899,95.02,0.0912783358228,0.0,0
2018-05-27 17:14:40.331,97.07,0.0912783358228,0.0,0
2018-05-27 17:14:40.424,97.4,0.0912783358228,0.0,0
2018-05-27 17:14:40.508,97.69,0.0912783358228,0.0,0
2018-05-27 17:14:40.788,98.82,0.0912783358228,0.0,0
2018-05-27 17:14:41.043,98.99,0.0912783358228,0.0,0
2018-05-27 17:14:41.406,100.9,0.0912783358228,0.0,0
2018-05-27 17:14:41.583,101.21,0.0912783358228,0.0,0
2018-05-27 17:14:41.676,99.75,0.0912783358228,0.0,0
2018-05-27 17:14:42.117,99.72,0.0912783358228,0.0,0
2018-05-27 17:14:42.210,99.67,0.0912783358228,0.0,0
2018-05-27 17:14:42.303,98.87,0.0912783358228,0.0,0
2018-05-27 17:14:42.387,98.8,0.0912783358228,0.0,0
2018-05-27 17:14:42.480,98.48,0.0912783358228,0.0,0
2018-05-27 17:14:42.760,97.2,0.0912783358228,0.0,0
2018-05-27 17:14:43.005,96.42,0.0912783358228,0.0,0
2018-05-27 17:14:43.285,95.55,0.0912783358228,0.0,0
2018-05-27 17:14:43.378,95.15,0.0912783358228,0.0,0
2018-05-27 17:14:43.741,94.26,0.0912783358228,0.0,0
2018-05-27 17:14:43.834,94.74,0.0912783358228,0.0,0
2018-05-27 17:14:43.927,94.34,0.0912783358228,0.0,0
2018-05-27 17:14:44.182,93.8,0.0912783358228,0.0,0
2018-05-27 17:14:44.275,93.21,0.0912783358228,0.0,0
2018-05-27 17:14:44.368,92.87,0.0912783358228,0.0,0
2018-05-27 17:14:44.629,92.2,0.0912783358228,0.0,0
2018-05-27 17:14:44.722,92.26,0.0912783358228,0.0,0
2018-05-27 17:14:44.909,92.65,0.0912783358228,0.0,0
2018-05-27 17:14:45.163,93.07,0.0912783358228,0.0,0
2018-05-27 17:14:45.257,93.22,0.0912783358228,0.0,0
2018-05-27 17:14:45.527,93.64,0.0912783358228,0.0,0
2018-05-27 17:14:45.807,94.34,0.0912783358228,0.0,0
2018-05-27 17:14:45.899,95.12,0.0912783358228,0.0,0
2018-05-27 17:14:46.061,95.12,0.0912783358228,0.0,0
2018-05-27 17:14:46.154,95.04,0.0912783358228,0.0,0
2018-05-27 17:14:46.331,96.1,0.0912783358228,0.0,0
2018-05-27 17:14:46.424,95.98,0.0912783358228,0.0,0
2018-05-27 17:14:46.610,96.71,0.0912783358228,0.0,0
2018-05-27 17:14:46.704,97.71,0.0912783358228,0.0,0
2018-05-27 17:14:46.797,97.99,0.0912783358228,0.0,0
2018-05-27 17:14:46.890,97.93,0.0912783358228,0.0,0
2018-05-27 17:14:47.052,97.89,0.0912783358228,0.0,0
2018-05-27 17:14:47.145,97.14,0.0912783358228,0.0,0
2018-05-27 17:14:47.238,97.07,0.0912783358228,0.0,0
2018-05-27 17:14:47.331,97.02,0.0912783358228,0.0,0
2018-05-27 17:14:47.424,96.59,0.0912783358228,0.0,0
2018-05-27 17:14:47.517,97.0,0.0912783358228,0.0,0
2018-05-27 17:14:47.610,95.99,0.0912783358228,0.0,0
2018-05-27 17:14:47.703,96.51,0.0912783358228,0.0,0
2018-05-27 17:14:47.797,95.98,0.0912783358228,0.0,0
2018-05-27 17:14:47.890,96.09,0.0912783358228,0.0,0
2018-05-27 17:14:48.052,95.65,0.0912783358228,0.0,0
2018-05-27 17:14:48.145,95.13,0.0912783358228,0.0,0
2018-05-27 17:14:48.238,95.22,0.0912783358228,0.0,0
2018-05-27 17:14:48.331,94.59,0.0912783358228,0.0,0
2018-05-27 17:14:48.424,93.87,0.0912783358228,0.0,0
2018-05-27 17:14:48.611,94.63,0.0912783358228,0.0,0
2018-05-27 17:14:48.703,95.08,0.0912783358228,0.0,0
2018-05-27 17:14:48.797,94.81,0.0912783358228,0.0,0
2018-05-27 17:14:49.052,95.39,0.0912783358228,0.0,0
2018-05-27 17:14:49.145,95.14,0.0912783358228,0.0,0
2018-05-27 17:14:49.238,94.9,0.0912783358228,0.0,0
2018-05-27 17:14:49.331,96.54,0.0912783358228,0.0,0
2018-05-27 17:14:49.424,96.39,0.0912783358228,0.0,0
2018-05-27 17:14:49.610,97.45,0.0912783358228,0.0,0
2018-05-27 17:14:49.694,97.69,0.0912783358228,0.0,0
2018-05-27 17:14:49.787,97.93,0.0912783358228,0.0,0
2018-05-27 17:14:49.880,98.34,0.0912783358228,0.0,0
2018-05-27 17:14:50.135,98.57,0.0912783358228,0.0,0
2018-05-27 17:14:50.322,99.02,0.0912783358228,0.0,0
2018-05-27 17:14:50.405,99.46,0.0912783358228,0.0,0
2018-05-27 17:14:50.499,100.44,0.0912783358228,0.0,0
2018-05-27 17:14:50.769,102.12,0.0912783358228,0.0,0
2018-05-27 17:14:51.024,102.08,0.0912783358228,0.0,0
2018-05-27 17:14:51.210,103.52,0.0912783358228,0.0,0
2018-05-27 17:14:51.573,103.95,0.0912783358228,0.0,0
2018-05-27 17:14:52.014,104.25,0.0912783358228,0.0,0
2018-05-27 17:14:52.107,105.35,0.0912783358228,0.0,0
2018-05-27 17:14:52.294,104.06,0.0912783358228,0.0,0
2018-05-27 17:14:52.387,104.1,0.0912783358228,0.0,0
2018-05-27 17:14:52.750,102.92,0.0912783358228,0.0,0
2018-05-27 17:14:52.843,102.59,0.0912783358228,0.0,0
2018-05-27 17:14:53.005,102.78,0.0912783358228,0.0,0
2018-05-27 17:14:53.098,102.63,0.0912783358228,0.0,0
2018-05-27 17:14:53.191,101.4,0.0912783358228,0.0,0
2018-05-27 17:14:53.284,101.54,0.0912783358228,0.0,0
2018-05-27 17:14:53.462,100.89,0.0912783358228,0.0,0
2018-05-27 17:14:53.554,101.53,0.0912783358228,0.0,0
2018-05-27 17:14:53.741,100.9,0.0912783358228,0.0,0
2018-05-27 17:14:53.834,99.91,0.0912783358228,0.0,0
2018-05-27 17:14:53.922,99.67,0.0912783358228,0.0,0
2018-05-27 17:14:54.080,100.59,0.0912783358228,0.0,0
2018-05-27 17:14:54.349,100.71,0.0912783358228,0.0,0
2018-05-27 17:14:54.433,100.79,0.0912783358228,0.0,0
2018-05-27 17:14:54.526,101.41,0.0912783358228,0.0,0
2018-05-27 17:14:54.620,101.57,0.0912783358228,0.0,0
2018-05-27 17:14:54.710,102.01,0.0912783358228,0.0,0
2018-05-27 17:14:54.796,101.72,0.0912783358228,0.0,0
2018-05-27 17:14:54.889,101.56,0.0912783358228,0.0,0
2018-05-27 17:14:55.144,102.38,0.0912783358228,0.0,0
2018-05-27 17:14:55.238,103.05,0.0912783358228,0.0,0
2018-05-27 17:14:55.326,103.27,0.0912783358228,0.0,0
2018-05-27 17:14:55.414,102.53,0.0912783358228,0.0,0
2018-05-27 17:14:55.601,103.52,0.0912783358228,0.0,0
2018-05-27 17:14:55.694,103.9,0.0912783358228,0.0,0
2018-05-27 17:14:55.787,104.78,0.0912783358228,0.0,0
2018-05-27 17:14:55.880,103.97,0.0912783358228,0.0,0
2018-05-27 17:14:56.135,104.9,0.0912783358228,0.0,0
2018-05-27 17:14:56.228,105.28,0.0912783358228,0.0,0
2018-05-27 17:14:56.322,104.4,0.0912783358228,0.0,0
2018-05-27 17:14:56.685,103.49,0.0912783358228,0.0,0
2018-05-27 17:14:56.778,103.71,0.0912783358228,0.0,0
2018-05-27 17:14:56.871,104.11,0.0912783358228,0.0,0
2018-05-27 17:14:57.126,103.19,0.0912783358228,0.0,0
2018-05-27 17:14:57.219,102.28,0.0912783358228,0.0,0
2018-05-27 17:14:57.396,101.73,0.0912783358228,0.0,0
2018-05-27 17:14:57.582,102.14,0.0912783358228,0.0,0
2018-05-27 17:14:57.675,101.45,0.0912783358228,0.0,0
2018-05-27 17:14:57.768,101.03,0.0912783358228,0.0,0
2018-05-27 17:14:57.861,100.87,0.0912783358228,0.0,0
2018-05-27 17:14:58.116,100.39,0.0912783358228,0.0,0
2018-05-27 17:14:58.209,100.72,0.0912783358228,0.0,0
2018-05-27 17:14:58.303,100.08,0.0912783358228,0.0,0
2018-05-27 17:14:58.480,100.64,0.0912783358228,0.0,0
2018-05-27 17:14:58.573,100.7,0.0912783358228,0.0,0
2018-05-27 17:14:58.759,101.43,0.0912783358228,0.0,0
2018-05-27 17:14:59.107,101.15,0.0912783358228,0.0,0
2018-05-27 17:14:59.200,101.1,0.0912783358228,0.0,0
2018-05-27 17:14:59.293,101.88,0.0912783358228,0.0,0
2018-05-27 17:14:59.386,102.68,0.0912783358228,0.0,0
2018-05-27 17:14:59.470,102.65,0.0912783358228,0.0,0
2018-05-27 17:14:59.656,102.41,0.0912783358228,0.0,0
2018-05-27 17:14:59.843,103.46,0.0912783358228,0.0,0
2018-05-27 17:15:00.005,103.64,0.0912783358228,0.0,0
2018-05-27 17:15:00.098,102.85,0.0912783358228,0.0,0
2018-05-27 17:15:00.191,103.14,0.0912783358228,0.0,0
2018-05-27 17:15:00.284,103.48,0.0912783358228,0.0,0
2018-05-27 17:15:00.377,104.78,0.0912783358228,0.0,0
2018-05-27 17:15:00.461,104.53,0.0912783358228,0.0,0
2018-05-27 17:15:00.554,103.8,0.0912783358228,0.0,0
2018-05-27 17:15:00.647,104.18,0.0912783358228,0.0,0
2018-05-27 17:15:00.740,104.74,0.0912783358228,0.0,0
2018-05-27 17:15:00.922,104.93,0.0912783358228,0.0,0
2018-05-27 17:15:01.079,104.82,0.0912783358228,0.0,0
2018-05-27 17:15:01.163,104.45,0.0912783358228,0.0,0
2018-05-27 17:15:01.256,104.42,0.0912783358228,0.0,0
2018-05-27 17:15:01.433,104.16,0.0912783358228,0.0,0
2018-05-27 17:15:01.526,103.83,0.0912783358228,0.0,0
2018-05-27 17:15:01.712,103.22,0.0912783358228,0.0,0
2018-05-27 17:15:01.899,102.89,0.0912783358228,0.0,0
2018-05-27 17:15:03.209,98.29,0.0912783358228,0.0,0
2018-05-27 17:15:03.302,97.91,0.0912783358228,0.0,0
2018-05-27 17:15:03.572,99.21,0.0912783358228,0.0,0
2018-05-27 17:15:03.666,99.13,0.0912783358228,0.0,0
2018-05-27 17:15:03.843,99.41,0.0912783358228,0.0,0
2018-05-27 17:15:04.098,99.39,0.0912783358228,0.0,0
2018-05-27 17:15:04.191,100.18,0.0912783358228,0.0,0
2018-05-27 17:15:04.461,102.11,0.0912783358228,0.0,0
2018-05-27 17:15:04.642,102.42,0.0912783358228,0.0,0
2018-05-27 17:15:04.731,103.05,0.0912783358228,0.0,0
2018-05-27 17:15:04.815,103.36,0.0912783358228,0.0,0
2018-05-27 17:15:05.069,103.86,0.0912783358228,0.0,0
2018-05-27 17:15:05.256,104.87,0.0912783358228,0.0,0
2018-05-27 17:15:05.340,105.73,0.0912783358228,0.0,0
2018-05-27 17:15:05.526,105.73,0.0912783358228,0.0,0
2018-05-27 17:15:05.712,105.33,0.0912783358228,0.0,0
2018-05-27 17:15:05.805,104.85,0.0912783358228,0.0,0
2018-05-27 17:15:05.898,105.69,0.0912783358228,0.0,0
2018-05-27 17:15:06.153,104.29,0.0912783358228,0.0,0
2018-05-27 17:15:06.332,104.2,0.0912783358228,0.0,0
2018-05-27 17:15:06.423,103.59,0.0912783358228,0.0,0
2018-05-27 17:15:06.516,103.69,0.0912783358228,0.0,0
2018-05-27 17:15:06.610,103.35,0.0912783358228,0.0,0
2018-05-27 17:15:06.777,102.83,0.0912783358228,0.0,0
2018-05-27 17:15:06.870,101.69,0.0912783358228,0.0,0
2018-05-27 17:15:07.032,101.64,0.0912783358228,0.0,0
2018-05-27 17:15:07.125,102.16,0.0912783358228,0.0,0
2018-05-27 17:15:07.218,101.9,0.0912783358228,0.0,0
2018-05-27 17:15:07.395,101.02,0.0912783358228,0.0,0
2018-05-27 17:15:07.582,100.46,0.0912783358228,0.0,0
2018-05-27 17:15:07.675,100.46,0.0912783358228,0.0,0
2018-05-27 17:15:08.023,98.79,0.0912783358228,0.0,0
2018-05-27 17:15:08.109,98.86,0.0912783358228,0.0,0
2018-05-27 17:15:08.293,98.68,0.0912783358228,0.0,0
2018-05-27 17:15:08.470,97.84,0.0912783358228,0.0,0
2018-05-27 17:15:08.563,96.85,0.0912783358228,0.0,0
2018-05-27 17:15:08.741,96.43,0.0912783358228,0.0,0
2018-05-27 17:15:08.836,97.55,0.0912783358228,0.0,0
2018-05-27 17:15:08.921,95.9,0.0912783358228,0.0,0
2018-05-27 17:15:09.172,96.37,0.0912783358228,0.0,0
2018-05-27 17:15:09.250,95.74,0.0912783358228,0.0,0
2018-05-27 17:15:09.526,94.78,0.0912783358228,0.0,0
2018-05-27 17:15:09.619,94.84,0.0912783358228,0.0,0
2018-05-27 17:15:09.712,95.27,0.0912783358228,0.0,0
2018-05-27 17:15:09.805,94.57,0.0912783358228,0.0,0
2018-05-27 17:15:09.898,94.67,0.0912783358228,0.0,0
2018-05-27 17:15:10.060,94.38,0.0912783358228,0.0,0
2018-05-27 17:15:10.246,93.73,0.0912783358228,0.0,0
2018-05-27 17:15:10.330,93.88,0.0912783358228,0.0,0
2018-05-27 17:15:10.516,92.65,0.0912783358228,0.0,0
2018-05-27 17:15:10.796,92.67,0.0912783358228,0.0,0
2018-05-27 17:15:11.228,91.29,0.0912783358228,0.0,0
2018-05-27 17:15:11.414,90.55,0.0912783358228,0.0,0
2018-05-27 17:15:11.498,91.24,0.0912783358228,0.0,0
2018-05-27 17:15:11.777,91.74,0.0912783358228,0.0,0
2018-05-27 17:15:12.032,91.73,0.0912783358228,0.0,0
2018-05-27 17:15:12.126,91.07,0.0912783358228,0.0,0
2018-05-27 17:15:13.013,89.15,0.0912783358228,0.0,0
2018-05-27 17:15:13.106,88.55,0.0912783358228,0.0,0
2018-05-27 17:15:13.470,87.81,0.0912783358228,0.0,0
2018-05-27 17:15:14.190,86.12,0.0912783358228,0.0,0
2018-05-27 17:15:14.283,86.08,0.0912783358228,0.0,0
2018-05-27 17:15:14.740,84.52,0.0912783358228,0.0,0
2018-05-27 17:15:15.162,84.0,0.0912783358228,0.0,0
2018-05-27 17:15:15.255,84.26,0.0912783358228,0.0,0
2018-05-27 17:15:15.526,83.37,0.0912783358228,0.0,0
2018-05-27 17:15:15.609,83.3,0.0912783358228,0.0,0
2018-05-27 17:15:15.702,82.51,0.0912783358228,0.0,0
2018-05-27 17:15:16.050,82.19,0.0912783358228,0.0,0
2018-05-27 17:15:16.237,80.92,0.0912783358228,0.0,0
2018-05-27 17:15:16.423,81.39,0.0912783358228,0.0,0
2018-05-27 17:15:16.517,81.13,0.0912783358228,0.0,0
2018-05-27 17:15:16.609,80.91,0.0912783358228,0.0,0
2018-05-27 17:15:16.795,80.81,0.0912783358228,0.0,0
2018-05-27 17:15:16.889,80.18,0.0912783358228,0.0,0
2018-05-27 17:15:17.050,79.61,0.0912783358228,0.0,0
2018-05-27 17:15:17.143,79.67,0.0912783358228,0.0,0
2018-05-27 17:15:17.330,79.19,0.0912783358228,0.0,0
2018-05-27 17:15:17.423,79.39,0.0912783358228,0.0,0
2018-05-27 17:15:17.516,79.12,0.0912783358228,0.0,0
2018-05-27 17:15:17.609,78.94,0.0912783358228,0.0,0
2018-05-27 17:15:17.795,77.76,0.0912783358228,0.0,0
2018-05-27 17:15:17.889,78.65,0.0912783358228,0.0,0
2018-05-27 17:15:18.050,78.24,0.0912783358228,0.0,0
2018-05-27 17:15:18.227,78.08,0.0912783358228,0.0,0
2018-05-27 17:15:18.414,76.71,0.0912783358228,0.0,0
2018-05-27 17:15:18.497,77.59,0.0912783358228,0.0,0
2018-05-27 17:15:18.581,76.45,0.0912783358228,0.0,0
2018-05-27 17:15:18.674,77.23,0.0912783358228,0.0,0
2018-05-27 17:15:18.767,76.52,0.0912783358228,0.0,0
2018-05-27 17:15:18.861,76.63,0.0912783358228,0.0,0
2018-05-27 17:15:19.209,75.93,0.0912783358228,0.0,0
2018-05-27 17:15:19.302,75.43,0.0912783358228,0.0,0
2018-05-27 17:15:19.386,74.92,0.0912783358228,0.0,0
2018-05-27 17:15:19.562,75.07,0.0912783358228,0.0,0
2018-05-27 17:15:19.656,75.06,0.0912783358228,0.0,0
2018-05-27 17:15:19.749,74.4,0.0912783358228,0.0,0
2018-05-27 17:15:19.842,75.06,0.0912783358228,0.0,0
2018-05-27 17:15:20.004,74.18,0.0912783358228,0.0,0
2018-05-27 17:15:20.097,74.54,0.0912783358228,0.0,0
2018-05-27 17:15:20.190,74.42,0.0912783358228,0.0,0
2018-05-27 17:15:20.283,73.5,0.0912783358228,0.0,0
2018-05-27 17:15:20.367,74.38,0.0912783358228,0.0,0
2018-05-27 17:15:20.460,73.2,0.0912783358228,0.0,0
2018-05-27 17:15:20.553,73.53,0.0912783358228,0.0,0
2018-05-27 17:15:20.646,72.97,0.0912783358228,0.0,0
2018-05-27 17:15:20.739,73.22,0.0912783358228,0.0,0
2018-05-27 17:15:20.833,72.94,0.0912783358228,0.0,0
2018-05-27 17:15:20.921,72.91,0.0912783358228,0.0,0
2018-05-27 17:15:21.078,72.56,0.0912783358228,0.0,0
2018-05-27 17:15:21.256,72.45,0.0912783358228,0.0,0
2018-05-27 17:15:21.339,71.25,0.0912783358228,0.0,0
2018-05-27 17:15:21.432,72.16,0.0912783358228,0.0,0
2018-05-27 17:15:21.525,71.82,0.0912783358228,0.0,0
2018-05-27 17:15:21.618,71.6,0.0912783358228,0.0,0
2018-05-27 17:15:21.711,71.53,0.0912783358228,0.0,0
2018-05-27 17:15:21.805,72.03,0.0912783358228,0.0,0
2018-05-27 17:15:21.898,71.56,0.0912783358228,0.0,0
2018-05-27 17:15:22.060,72.17,0.0912783358228,0.0,0
2018-05-27 17:15:22.153,71.7,0.0912783358228,0.0,0
2018-05-27 17:15:22.423,72.95,0.0912783358228,0.0,0
2018-05-27 17:15:22.600,73.57,0.0912783358228,0.0,0
2018-05-27 17:15:22.777,74.72,0.0912783358228,0.0,0
2018-05-27 17:15:23.022,75.41,0.0912783358228,0.0,0
2018-05-27 17:15:23.115,76.5,0.0912783358228,0.0,0
2018-05-27 17:15:23.209,76.79,0.0912783358228,0.0,0
2018-05-27 17:15:23.302,77.31,0.0912783358228,0.0,0
2018-05-27 17:15:23.386,77.84,0.0912783358228,0.0,0
2018-05-27 17:15:23.572,77.86,0.0912783358228,0.0,0
2018-05-27 17:15:23.656,78.66,0.0912783358228,0.0,0
2018-05-27 17:15:23.749,79.43,0.0912783358228,0.0,0
2018-05-27 17:15:23.842,80.08,0.0912783358228,0.0,0
2018-05-27 17:15:23.921,79.65,0.0912783358228,0.0,0
2018-05-27 17:15:24.090,80.51,0.0912783358228,0.0,0
2018-05-27 17:15:24.180,80.32,0.0912783358228,0.0,0
2018-05-27 17:15:24.534,79.71,0.0912783358228,0.0,0
2018-05-27 17:15:24.627,78.95,0.0912783358228,0.0,0
2018-05-27 17:15:24.814,79.0,0.0912783358228,0.0,0
2018-05-27 17:15:24.898,78.18,0.0912783358228,0.0,0
2018-05-27 17:15:25.059,78.53,0.0912783358228,0.0,0
2018-05-27 17:15:25.152,78.08,0.0912783358228,0.0,0
2018-05-27 17:15:25.423,77.61,0.0912783358228,0.0,0
2018-05-27 17:15:25.600,77.23,0.0912783358228,0.0,0
2018-05-27 17:15:25.693,76.99,0.0912783358228,0.0,0
2018-05-27 17:15:25.879,76.5,0.0912783358228,0.0,0
2018-05-27 17:15:26.134,76.3,0.0912783358228,0.0,0
2018-05-27 17:15:26.218,75.62,0.0912783358228,0.0,0
2018-05-27 17:15:26.311,75.91,0.0912783358228,0.0,0
2018-05-27 17:15:26.488,75.28,0.0912783358228,0.0,0
2018-05-27 17:15:26.581,75.39,0.0912783358228,0.0,0
2018-05-27 17:15:26.674,74.67,0.0912783358228,0.0,0
2018-05-27 17:15:26.767,75.16,0.0912783358228,0.0,0
2018-05-27 17:15:26.860,74.65,0.0912783358228,0.0,0
2018-05-27 17:15:27.385,73.68,0.0912783358228,0.0,0
2018-05-27 17:15:27.479,73.73,0.0912783358228,0.0,0
2018-05-27 17:15:27.571,74.69,0.0912783358228,0.0,0
2018-05-27 17:15:27.665,74.96,0.0912783358228,0.0,0
2018-05-27 17:15:27.758,75.25,0.0912783358228,0.0,0
2018-05-27 17:15:28.013,76.08,0.0912783358228,0.0,0
2018-05-27 17:15:28.199,76.68,0.0912783358228,0.0,0
2018-05-27 17:15:28.292,76.97,0.0912783358228,0.0,0
2018-05-27 17:15:28.562,78.42,0.0912783358228,0.0,0
2018-05-27 17:15:28.655,78.75,0.0912783358228,0.0,0
2018-05-27 17:15:28.748,78.78,0.0912783358228,0.0,0
2018-05-27 17:15:29.190,80.73,0.0912783358228,0.0,0
2018-05-27 17:15:29.553,82.23,0.0912783358228,0.0,0
2018-05-27 17:15:29.646,83.13,0.0912783358228,0.0,0
2018-05-27 17:15:29.739,83.52,0.0912783358228,0.0,0
2018-05-27 17:15:30.078,83.77,0.0912783358228,0.0,0
2018-05-27 17:15:30.255,82.84,0.0912783358228,0.0,0
2018-05-27 17:15:30.339,82.15,0.0912783358228,0.0,0
2018-05-27 17:15:30.432,83.36,0.0912783358228,0.0,0
2018-05-27 17:15:30.525,82.75,0.0912783358228,0.0,0
2018-05-27 17:15:30.804,81.58,0.0912783358228,0.0,0
2018-05-27 17:15:30.897,81.64,0.0912783358228,0.0,0
2018-05-27 17:15:31.153,80.99,0.0912783358228,0.0,0
2018-05-27 17:15:31.506,80.25,0.0912783358228,0.0,0
2018-05-27 17:15:31.599,79.91,0.0912783358228,0.0,0
2018-05-27 17:15:31.767,79.11,0.0912783358228,0.0,0
2018-05-27 17:15:32.040,78.73,0.0912783358228,0.0,0
2018-05-27 17:15:32.134,77.92,0.0912783358228,0.0,0
2018-05-27 17:15:32.217,78.5,0.0912783358228,0.0,0
2018-05-27 17:15:32.311,78.92,0.0912783358228,0.0,0
2018-05-27 17:15:32.674,80.32,0.0912783358228,0.0,0
2018-05-27 17:15:32.767,80.75,0.0912783358228,0.0,0
2018-05-27 17:15:32.860,80.46,0.0912783358228,0.0,0
2018-05-27 17:15:33.022,81.52,0.0912783358228,0.0,0
2018-05-27 17:15:33.106,81.88,0.0912783358228,0.0,0
2018-05-27 17:15:33.376,83.37,0.0912783358228,0.0,0
2018-05-27 17:15:33.469,83.95,0.0912783358228,0.0,0
2018-05-27 17:15:33.655,84.72,0.0912783358228,0.0,0
2018-05-27 17:15:33.748,85.33,0.0912783358228,0.0,0
2018-05-27 17:15:33.842,85.63,0.0912783358228,0.0,0
2018-05-27 17:15:34.003,87.57,0.0912783358228,0.0,0
2018-05-27 17:15:34.096,88.5,0.0912783358228,0.0,0
2018-05-27 17:15:34.189,88.34,0.0912783358228,0.0,0
2018-05-27 17:15:34.283,89.33,0.0912783358228,0.0,0
2018-05-27 17:15:34.366,89.08,0.0912783358228,0.0,0
2018-05-27 17:15:34.459,90.0,0.0912783358228,0.0,0
2018-05-27 17:15:34.553,90.14,0.0912783358228,0.0,0
2018-05-27 17:15:34.739,90.02,0.0912783358228,0.0,0
2018-05-27 17:15:34.832,89.04,0.0912783358228,0.0,0
2018-05-27 17:15:34.925,88.63,0.0912783358228,0.0,0
2018-05-27 17:15:35.087,89.48,0.0912783358228,0.0,0
2018-05-27 17:15:35.180,89.05,0.0912783358228,0.0,0
2018-05-27 17:15:35.366,88.31,0.0912783358228,0.0,0
2018-05-27 17:15:35.450,87.41,0.0912783358228,0.0,0
2018-05-27 17:15:35.535,87.44,0.0912783358228,0.0,0
2018-05-27 17:15:35.627,87.52,0.0912783358228,0.0,0
2018-05-27 17:15:35.720,87.29,0.0912783358228,0.0,0
2018-05-27 17:15:35.813,86.86,0.0912783358228,0.0,0
2018-05-27 17:15:36.059,86.41,0.0912783358228,0.0,0
2018-05-27 17:15:36.152,86.08,0.0912783358228,0.0,0
2018-05-27 17:15:36.236,86.45,0.0912783358228,0.0,0
2018-05-27 17:15:36.329,85.86,0.0912783358228,0.0,0
2018-05-27 17:15:36.422,84.89,0.0912783358228,0.0,0
2018-05-27 17:15:36.516,84.58,0.0912783358228,0.0,0
2018-05-27 17:15:36.599,84.77,0.0912783358228,0.0,0
2018-05-27 17:15:36.692,85.1,0.0912783358228,0.0,0
2018-05-27 17:15:36.785,84.45,0.0912783358228,0.0,0
2018-05-27 17:15:36.878,82.95,0.0912783358228,0.0,0
2018-05-27 17:15:37.040,83.1,0.0912783358228,0.0,0
2018-05-27 17:15:37.128,83.59,0.0912783358228,0.0,0
2018-05-27 17:15:37.217,83.43,0.0912783358228,0.0,0
2018-05-27 17:15:37.310,81.84,0.0912783358228,0.0,0
2018-05-27 17:15:37.404,82.18,0.0912783358228,0.0,0
2018-05-27 17:15:37.487,83.05,0.0912783358228,0.0,0
2018-05-27 17:15:37.581,82.38,0.0912783358228,0.0,0
2018-05-27 17:15:37.664,81.26,0.0912783358228,0.0,0
2018-05-27 17:15:37.757,81.89,0.0912783358228,0.0,0
2018-05-27 17:15:37.851,81.34,0.0912783358228,0.0,0
2018-05-27 17:15:38.012,81.0,0.0912783358228,0.0,0
2018-05-27 17:15:38.105,80.3,0.0912783358228,0.0,0
2018-05-27 17:15:38.199,80.88,0.0912783358228,0.0,0
2018-05-27 17:15:38.292,80.18,0.0912783358228,0.0,0
2018-05-27 17:15:38.375,79.54,0.0912783358228,0.0,0
2018-05-27 17:15:38.655,78.77,0.0912783358228,0.0,0
2018-05-27 17:15:39.003,78.48,0.0912783358228,0.0,0
2018-05-27 17:15:39.096,77.77,0.0912783358228,0.0,0
2018-05-27 17:15:39.282,78.02,0.0912783358228,0.0,0
2018-05-27 17:15:39.375,77.02,0.0912783358228,0.0,0
2018-05-27 17:15:39.459,77.19,0.0912783358228,0.0,0
2018-05-27 17:15:39.646,76.07,0.0912783358228,0.0,0
2018-05-27 17:15:39.729,76.89,0.0912783358228,0.0,0
2018-05-27 17:15:39.813,75.7,0.0912783358228,0.0,0
2018-05-27 17:15:39.907,76.33,0.0912783358228,0.0,0
2018-05-27 17:15:40.068,75.8,0.0912783358228,0.0,0
2018-05-27 17:15:40.161,75.52,0.0912783358228,0.0,0
2018-05-27 17:15:40.254,75.59,0.0912783358228,0.0,0
2018-05-27 17:15:40.432,75.1,0.0912783358228,0.0,0
2018-05-27 17:15:40.515,73.72,0.0912783358228,0.0,0
2018-05-27 17:15:40.608,74.28,0.0912783358228,0.0,0
2018-05-27 17:15:40.701,74.03,0.0912783358228,0.0,0
2018-05-27 17:15:40.794,73.89,0.0912783358228,0.0,0
2018-05-27 17:15:40.888,72.77,0.0912783358228,0.0,0
2018-05-27 17:15:41.049,73.32,0.0912783358228,0.0,0
2018-05-27 17:15:41.133,72.4,0.0912783358228,0.0,0
2018-05-27 17:15:41.227,72.34,0.0912783358228,0.0,0
2018-05-27 17:15:41.319,73.46,0.0912783358228,0.0,0
2018-05-27 17:15:41.496,73.78,0.0912783358228,0.0,0
2018-05-27 17:15:41.590,74.2,0.0912783358228,0.0,0
2018-05-27 17:15:41.683,74.56,0.0912783358228,0.0,0
2018-05-27 17:15:41.869,75.07,0.0912783358228,0.0,0
2018-05-27 17:15:42.031,75.83,0.0912783358228,0.0,0
2018-05-27 17:15:42.217,76.42,0.0912783358228,0.0,0
2018-05-27 17:15:42.478,78.09,0.0912783358228,0.0,0
2018-05-27 17:15:42.757,79.97,0.0912783358228,0.0,0
2018-05-27 17:15:43.106,82.66,0.0912783358228,0.0,0
2018-05-27 17:15:43.189,83.1,0.0912783358228,0.0,0
2018-05-27 17:15:43.459,86.0,0.0912783358228,0.0,0
2018-05-27 17:15:43.832,87.79,0.0912783358228,0.0,0
2018-05-27 17:15:43.920,88.35,0.0912783358228,0.0,0
2018-05-27 17:15:44.077,88.97,0.0912783358228,0.0,0
2018-05-27 17:15:44.254,90.5,0.0912783358228,0.0,0
2018-05-27 17:15:44.431,91.6,0.0912783358228,0.0,0
2018-05-27 17:15:45.319,97.78,0.0912783358228,0.0,0
2018-05-27 17:15:45.412,98.66,0.0912783358228,0.0,0
2018-05-27 17:15:45.580,98.83,0.0912783358228,0.0,0
2018-05-27 17:15:45.673,98.46,0.0912783358228,0.0,0
2018-05-27 17:15:46.021,97.96,0.0912783358228,0.0,0
2018-05-27 17:15:46.114,97.71,0.0912783358228,0.0,0
2018-05-27 17:15:46.208,97.07,0.0912783358228,0.0,0
2018-05-27 17:15:46.301,95.95,0.0912783358228,0.0,0
2018-05-27 17:15:46.757,94.54,0.0912783358228,0.0,0
2018-05-27 17:15:47.012,94.43,0.0912783358228,0.0,0
2018-05-27 17:15:47.198,93.58,0.0912783358228,0.0,0
2018-05-27 17:15:47.291,92.92,0.0912783358228,0.0,0
2018-05-27 17:15:47.375,93.32,0.0912783358228,0.0,0
2018-05-27 17:15:47.748,92.24,0.0912783358228,0.0,0
2018-05-27 17:15:47.841,91.67,0.0912783358228,0.0,0
2018-05-27 17:15:48.003,91.14,0.0912783358228,0.0,0
2018-05-27 17:15:48.282,90.16,0.0912783358228,0.0,0
2018-05-27 17:15:48.459,89.92,0.0912783358228,0.0,0
2018-05-27 17:15:48.552,89.49,0.0912783358228,0.0,0
2018-05-27 17:15:48.645,89.51,0.0912783358228,0.0,0
2018-05-27 17:15:48.738,89.11,0.0912783358228,0.0,0
2018-05-27 17:15:48.832,88.77,0.0912783358228,0.0,0
2018-05-27 17:15:48.920,88.38,0.0912783358228,0.0,0
2018-05-27 17:15:49.162,87.81,0.0912783358228,0.0,0
2018-05-27 17:15:49.254,87.48,0.0912783358228,0.0,0
2018-05-27 17:15:49.441,87.17,0.0912783358228,0.0,0
2018-05-27 17:15:49.534,86.88,0.0912783358228,0.0,0
2018-05-27 17:15:49.627,86.71,0.0912783358228,0.0,0
2018-05-27 17:15:49.711,86.99,0.0912783358228,0.0,0
2018-05-27 17:15:49.795,85.73,0.0912783358228,0.0,0
2018-05-27 17:15:49.888,85.11,0.0912783358228,0.0,0
2018-05-27 17:15:50.049,84.98,0.0912783358228,0.0,0
2018-05-27 17:15:50.133,85.37,0.0912783358228,0.0,0
2018-05-27 17:15:50.226,84.93,0.0912783358228,0.0,0
2018-05-27 17:15:50.319,85.11,0.0912783358228,0.0,0
2018-05-27 17:15:50.409,84.57,0.0912783358228,0.0,0
2018-05-27 17:15:50.673,83.65,0.0912783358228,0.0,0
2018-05-27 17:15:50.860,82.51,0.0912783358228,0.0,0
2018-05-27 17:15:51.022,83.52,0.0912783358228,0.0,0
2018-05-27 17:15:51.115,82.62,0.0912783358228,0.0,0
2018-05-27 17:15:51.301,82.16,0.0912783358228,0.0,0
2018-05-27 17:15:51.469,81.36,0.0912783358228,0.0,0
2018-05-27 17:15:51.562,81.43,0.0912783358228,0.0,0
2018-05-27 17:15:51.748,80.73,0.0912783358228,0.0,0
2018-05-27 17:15:51.841,80.39,0.0912783358228,0.0,0
2018-05-27 17:15:52.003,79.52,0.0912783358228,0.0,0
2018-05-27 17:15:52.096,80.38,0.0912783358228,0.0,0
2018-05-27 17:15:52.282,79.03,0.0912783358228,0.0,0
2018-05-27 17:15:52.367,79.6,0.0912783358228,0.0,0
2018-05-27 17:15:52.459,79.11,0.0912783358228,0.0,0
2018-05-27 17:15:52.552,78.32,0.0912783358228,0.0,0
2018-05-27 17:15:52.646,78.48,0.0912783358228,0.0,0
2018-05-27 17:15:52.739,77.91,0.0912783358228,0.0,0
2018-05-27 17:15:53.077,77.73,0.0912783358228,0.0,0
2018-05-27 17:15:53.161,77.6,0.0912783358228,0.0,0
2018-05-27 17:15:53.245,77.3,0.0912783358228,0.0,0
2018-05-27 17:15:53.431,76.88,0.0912783358228,0.0,0
2018-05-27 17:15:53.618,75.36,0.0912783358228,0.0,0
2018-05-27 17:15:53.711,75.99,0.0912783358228,0.0,0
2018-05-27 17:15:53.897,75.73,0.0912783358228,0.0,0
2018-05-27 17:15:54.059,76.06,0.0912783358228,0.0,0
2018-05-27 17:15:54.245,76.04,0.0912783358228,0.0,0
2018-05-27 17:15:54.329,76.16,0.0912783358228,0.0,0
2018-05-27 17:15:54.422,76.83,0.0912783358228,0.0,0
2018-05-27 17:15:54.506,77.06,0.0912783358228,0.0,0
2018-05-27 17:15:54.599,77.41,0.0912783358228,0.0,0
2018-05-27 17:15:54.785,78.28,0.0912783358228,0.0,0
2018-05-27 17:15:55.041,79.17,0.0912783358228,0.0,0
2018-05-27 17:15:55.227,81.02,0.0912783358228,0.0,0
2018-05-27 17:15:55.320,81.34,0.0912783358228,0.0,0
2018-05-27 17:15:55.404,82.17,0.0912783358228,0.0,0
2018-05-27 17:15:55.497,83.0,0.0912783358228,0.0,0
2018-05-27 17:15:55.590,83.74,0.0912783358228,0.0,0
2018-05-27 17:15:55.683,84.34,0.0912783358228,0.0,0
2018-05-27 17:15:55.776,85.71,0.0912783358228,0.0,0
2018-05-27 17:15:55.869,86.24,0.0912783358228,0.0,0
2018-05-27 17:15:56.115,87.02,0.0912783358228,0.0,0
2018-05-27 17:15:56.385,89.13,0.0912783358228,0.0,0
2018-05-27 17:15:56.852,92.92,0.0912783358228,0.0,0
2018-05-27 17:15:57.003,93.34,0.0912783358228,0.0,0
2018-05-27 17:15:57.283,92.82,0.0912783358228,0.0,0
2018-05-27 17:15:57.553,91.19,0.0912783358228,0.0,0
2018-05-27 17:15:57.740,91.31,0.0912783358228,0.0,0
2018-05-27 17:15:57.832,90.6,0.0912783358228,0.0,0
2018-05-27 17:15:58.087,89.89,0.0912783358228,0.0,0
2018-05-27 17:15:58.180,90.28,0.0912783358228,0.0,0
2018-05-27 17:15:58.367,90.08,0.0912783358228,0.0,0
2018-05-27 17:15:58.460,89.07,0.0912783358228,0.0,0
2018-05-27 17:15:58.553,89.0,0.0912783358228,0.0,0
2018-05-27 17:15:58.646,88.1,0.0912783358228,0.0,0
2018-05-27 17:15:58.740,88.27,0.0912783358228,0.0,0
2018-05-27 17:15:58.832,87.38,0.0912783358228,0.0,0
2018-05-27 17:15:58.925,87.74,0.0912783358228,0.0,0
2018-05-27 17:15:59.078,87.64,0.0912783358228,0.0,0
2018-05-27 17:15:59.162,87.47,0.0912783358228,0.0,0
2018-05-27 17:15:59.255,87.22,0.0912783358228,0.0,0
2018-05-27 17:15:59.339,86.04,0.0912783358228,0.0,0
2018-05-27 17:15:59.432,85.35,0.0912783358228,0.0,0
2018-05-27 17:15:59.692,85.51,0.0912783358228,0.0,0
2018-05-27 17:15:59.786,85.03,0.0912783358228,0.0,0
2018-05-27 17:15:59.879,85.37,0.0912783358228,0.0,0
2018-05-27 17:16:00.218,83.73,0.0912783358228,0.0,0
2018-05-27 17:16:00.767,82.91,0.0912783358228,0.0,0
2018-05-27 17:16:00.860,83.03,0.0912783358228,0.0,0
2018-05-27 17:16:01.115,82.66,0.0912783358228,0.0,0
2018-05-27 17:16:01.199,83.88,0.0912783358228,0.0,0
2018-05-27 17:16:01.302,84.22,0.0912783358228,0.0,0
2018-05-27 17:16:01.395,84.44,0.0912783358228,0.0,0
2018-05-27 17:16:01.478,84.02,0.0912783358228,0.0,0
2018-05-27 17:16:01.572,83.94,0.0912783358228,0.0,0
2018-05-27 17:16:01.665,85.15,0.0912783358228,0.0,0
2018-05-27 17:16:01.758,85.79,0.0912783358228,0.0,0
2018-05-27 17:16:02.106,86.58,0.0912783358228,0.0,0
2018-05-27 17:16:02.199,87.32,0.0912783358228,0.0,0
2018-05-27 17:16:02.469,89.48,0.0912783358228,0.0,0
2018-05-27 17:16:02.842,92.16,0.0912783358228,0.0,0
2018-05-27 17:16:03.003,92.92,0.0912783358228,0.0,0
2018-05-27 17:16:03.190,94.24,0.0912783358228,0.0,0
2018-05-27 17:16:03.460,96.51,0.0912783358228,0.0,0
2018-05-27 17:16:03.553,96.27,0.0912783358228,0.0,0
2018-05-27 17:16:03.646,96.28,0.0912783358228,0.0,0
2018-05-27 17:16:03.739,96.36,0.0912783358228,0.0,0
2018-05-27 17:16:04.078,95.3,0.0912783358228,0.0,0
2018-05-27 17:16:04.162,95.32,0.0912783358228,0.0,0
2018-05-27 17:16:04.255,94.47,0.0912783358228,0.0,0
2018-05-27 17:16:04.432,93.72,0.0912783358228,0.0,0
2018-05-27 17:16:04.600,93.57,0.0912783358228,0.0,0
2018-05-27 17:16:04.693,92.8,0.0912783358228,0.0,0
2018-05-27 17:16:04.879,92.24,0.0912783358228,0.0,0
2018-05-27 17:16:05.227,91.5,0.0912783358228,0.0,0
2018-05-27 17:16:05.320,91.13,0.0912783358228,0.0,0
2018-05-27 17:16:05.413,90.16,0.0912783358228,0.0,0
2018-05-27 17:16:05.590,91.01,0.0912783358228,0.0,0
2018-05-27 17:16:05.683,90.29,0.0912783358228,0.0,0
2018-05-27 17:16:05.870,90.17,0.0912783358228,0.0,0
2018-05-27 17:16:06.218,88.23,0.0912783358228,0.0,0
2018-05-27 17:16:06.395,87.42,0.0912783358228,0.0,0
2018-05-27 17:16:06.768,86.63,0.0912783358228,0.0,0
2018-05-27 17:16:07.013,86.29,0.0912783358228,0.0,0
2018-05-27 17:16:07.376,84.9,0.0912783358228,0.0,0
2018-05-27 17:16:07.469,84.69,0.0912783358228,0.0,0
2018-05-27 17:16:07.562,84.2,0.0912783358228,0.0,0
2018-05-27 17:16:07.749,84.28,0.0912783358228,0.0,0
2018-05-27 17:16:07.921,84.37,0.0912783358228,0.0,0
2018-05-27 17:16:08.162,82.95,0.0912783358228,0.0,0
2018-05-27 17:16:08.255,82.72,0.0912783358228,0.0,0
2018-05-27 17:16:08.339,83.29,0.0912783358228,0.0,0
2018-05-27 17:16:08.423,82.34,0.0912783358228,0.0,0
2018-05-27 17:16:08.516,81.95,0.0912783358228,0.0,0
2018-05-27 17:16:08.609,82.68,0.0912783358228,0.0,0
2018-05-27 17:16:08.693,81.62,0.0912783358228,0.0,0
2018-05-27 17:16:08.786,81.5,0.0912783358228,0.0,0
2018-05-27 17:16:09.041,81.72,0.0912783358228,0.0,0
2018-05-27 17:16:09.223,80.79,0.0912783358228,0.0,0
2018-05-27 17:16:09.404,80.57,0.0912783358228,0.0,0
2018-05-27 17:16:09.870,79.99,0.0912783358228,0.0,0
2018-05-27 17:16:10.032,80.91,0.0912783358228,0.0,0
2018-05-27 17:16:10.125,81.09,0.0912783358228,0.0,0
2018-05-27 17:16:10.302,80.95,0.0912783358228,0.0,0
2018-05-27 17:16:10.386,82.56,0.0912783358228,0.0,0
2018-05-27 17:16:10.758,84.87,0.0912783358228,0.0,0
2018-05-27 17:16:10.851,85.24,0.0912783358228,0.0,0
2018-05-27 17:16:11.013,86.34,0.0912783358228,0.0,0
2018-05-27 17:16:11.283,87.82,0.0912783358228,0.0,0
2018-05-27 17:16:11.553,89.3,0.0912783358228,0.0,0
2018-05-27 17:16:11.646,89.02,0.0912783358228,0.0,0
2018-05-27 17:16:11.740,89.9,0.0912783358228,0.0,0
2018-05-27 17:16:11.833,90.86,0.0912783358228,0.0,0
2018-05-27 17:16:11.921,91.57,0.0912783358228,0.0,0
2018-05-27 17:16:12.432,94.4,0.0912783358228,0.0,0
2018-05-27 17:16:12.525,94.61,0.0912783358228,0.0,0
2018-05-27 17:16:12.712,93.81,0.0912783358228,0.0,0
2018-05-27 17:16:12.796,93.66,0.0912783358228,0.0,0
2018-05-27 17:16:12.889,93.13,0.0912783358228,0.0,0
2018-05-27 17:16:13.134,91.15,0.0912783358228,0.0,0
2018-05-27 17:16:13.302,90.8,0.0912783358228,0.0,0
2018-05-27 17:16:13.498,91.19,0.0912783358228,0.0,0
2018-05-27 17:16:13.591,90.52,0.0912783358228,0.0,0
2018-05-27 17:16:13.777,89.51,0.0912783358228,0.0,0
2018-05-27 17:16:14.032,89.6,0.0912783358228,0.0,0
2018-05-27 17:16:14.219,89.21,0.0912783358228,0.0,0
2018-05-27 17:16:14.302,88.76,0.0912783358228,0.0,0
2018-05-27 17:16:15.107,86.02,0.0912783358228,0.0,0
2018-05-27 17:16:15.190,86.02,0.0912783358228,0.0,0
2018-05-27 17:16:15.367,86.02,0.0912783358228,0.0,0
2018-05-27 17:16:15.647,84.71,0.0912783358228,0.0,0
2018-05-27 17:16:15.740,84.81,0.0912783358228,0.0,0
2018-05-27 17:16:15.833,84.73,0.0912783358228,0.0,0
2018-05-27 17:16:15.922,83.79,0.0912783358228,0.0,0
2018-05-27 17:16:16.339,84.31,0.0912783358228,0.0,0
2018-05-27 17:16:16.433,84.64,0.0912783358228,0.0,0
2018-05-27 17:16:16.619,85.93,0.0912783358228,0.0,0
2018-05-27 17:16:16.712,86.01,0.0912783358228,0.0,0
2018-05-27 17:16:16.880,85.88,0.0912783358228,0.0,0
2018-05-27 17:16:17.041,87.67,0.0912783358228,0.0,0
2018-05-27 17:16:17.228,88.11,0.0912783358228,0.0,0
2018-05-27 17:16:17.582,89.4,0.0912783358228,0.0,0
2018-05-27 17:16:18.023,93.15,0.0912783358228,0.0,0
2018-05-27 17:16:18.116,94.23,0.0912783358228,0.0,0
2018-05-27 17:16:18.302,94.22,0.0912783358228,0.0,0
2018-05-27 17:16:18.386,94.52,0.0912783358228,0.0,0
2018-05-27 17:16:19.014,92.33,0.0912783358228,0.0,0
2018-05-27 17:16:19.107,92.34,0.0912783358228,0.0,0
2018-05-27 17:16:19.293,91.89,0.0912783358228,0.0,0
2018-05-27 17:16:19.377,90.74,0.0912783358228,0.0,0
2018-05-27 17:16:19.563,90.56,0.0912783358228,0.0,0
2018-05-27 17:16:19.656,90.14,0.0912783358228,0.0,0
2018-05-27 17:16:19.842,89.38,0.0912783358228,0.0,0
2018-05-27 17:16:20.004,88.8,0.0912783358228,0.0,0
2018-05-27 17:16:20.097,88.82,0.0912783358228,0.0,0
2018-05-27 17:16:20.368,88.24,0.0912783358228,0.0,0
2018-05-27 17:16:20.461,88.32,0.0912783358228,0.0,0
2018-05-27 17:16:20.833,86.92,0.0912783358228,0.0,0
2018-05-27 17:16:20.922,86.85,0.0912783358228,0.0,0
2018-05-27 17:16:21.349,84.69,0.0912783358228,0.0,0
2018-05-27 17:16:21.442,85.48,0.0912783358228,0.0,0
2018-05-27 17:16:21.535,85.36,0.0912783358228,0.0,0
2018-05-27 17:16:21.628,84.64,0.0912783358228,0.0,0
2018-05-27 17:16:21.721,83.84,0.0912783358228,0.0,0
2018-05-27 17:16:22.070,83.92,0.0912783358228,0.0,0
2018-05-27 17:16:22.340,82.15,0.0912783358228,0.0,0
2018-05-27 17:16:22.526,82.59,0.0912783358228,0.0,0
2018-05-27 17:16:22.619,81.78,0.0912783358228,0.0,0
2018-05-27 17:16:22.889,82.58,0.0912783358228,0.0,0
2018-05-27 17:16:23.051,82.49,0.0912783358228,0.0,0
2018-05-27 17:16:23.675,86.32,0.0912783358228,0.0,0
2018-05-27 17:16:23.768,85.73,0.0912783358228,0.0,0
2018-05-27 17:16:23.861,86.85,0.0912783358228,0.0,0
2018-05-27 17:16:24.116,88.04,0.0912783358228,0.0,0
2018-05-27 17:16:24.209,88.13,0.0912783358228,0.0,0
2018-05-27 17:16:24.303,89.82,0.0912783358228,0.0,0
2018-05-27 17:16:24.386,89.93,0.0912783358228,0.0,0
2018-05-27 17:16:24.573,91.82,0.0912783358228,0.0,0
2018-05-27 17:16:24.666,92.28,0.0912783358228,0.0,0
2018-05-27 17:16:24.759,92.97,0.0912783358228,0.0,0
2018-05-27 17:16:25.014,94.88,0.0912783358228,0.0,0
2018-05-27 17:16:25.377,95.96,0.0912783358228,0.0,0
2018-05-27 17:16:25.471,95.43,0.0912783358228,0.0,0
2018-05-27 17:16:25.750,94.88,0.0912783358228,0.0,0
2018-05-27 17:16:25.843,94.42,0.0912783358228,0.0,0
2018-05-27 17:16:26.191,93.57,0.0912783358228,0.0,0
2018-05-27 17:16:26.284,92.79,0.0912783358228,0.0,0
2018-05-27 17:16:26.368,93.82,0.0912783358228,0.0,0
2018-05-27 17:16:26.554,93.22,0.0912783358228,0.0,0
2018-05-27 17:16:26.740,92.11,0.0912783358228,0.0,0
2018-05-27 17:16:26.834,91.69,0.0912783358228,0.0,0
2018-05-27 17:16:27.079,90.93,0.0912783358228,0.0,0
2018-05-27 17:16:27.349,89.77,0.0912783358228,0.0,0
2018-05-27 17:16:27.442,89.57,0.0912783358228,0.0,0
2018-05-27 17:16:27.536,88.76,0.0912783358228,0.0,0
2018-05-27 17:16:27.815,89.29,0.0912783358228,0.0,0
2018-05-27 17:16:27.908,88.41,0.0912783358228,0.0,0
2018-05-27 17:16:28.070,88.54,0.0912783358228,0.0,0
2018-05-27 17:16:28.257,87.07,0.0912783358228,0.0,0
2018-05-27 17:16:28.340,86.98,0.0912783358228,0.0,0
2018-05-27 17:16:28.619,86.52,0.0912783358228,0.0,0
2018-05-27 17:16:28.712,86.21,0.0912783358228,0.0,0
2018-05-27 17:16:28.806,85.0,0.0912783358228,0.0,0
2018-05-27 17:16:28.890,85.38,0.0912783358228,0.0,0
2018-05-27 17:16:29.145,85.53,0.0912783358228,0.0,0
2018-05-27 17:16:29.238,85.19,0.0912783358228,0.0,0
2018-05-27 17:16:29.331,84.67,0.0912783358228,0.0,0
2018-05-27 17:16:29.424,84.4,0.0912783358228,0.0,0
2018-05-27 17:16:29.517,83.84,0.0912783358228,0.0,0
2018-05-27 17:16:29.703,83.57,0.0912783358228,0.0,0
2018-05-27 17:16:29.796,83.63,0.0912783358228,0.0,0
2018-05-27 17:16:29.890,82.8,0.0912783358228,0.0,0
2018-05-27 17:16:30.042,82.68,0.0912783358228,0.0,0
2018-05-27 17:16:30.135,82.87,0.0912783358228,0.0,0
2018-05-27 17:16:30.228,83.01,0.0912783358228,0.0,0
2018-05-27 17:16:30.321,83.29,0.0912783358228,0.0,0
2018-05-27 17:16:30.415,82.51,0.0912783358228,0.0,0
2018-05-27 17:16:30.592,83.63,0.0912783358228,0.0,0
2018-05-27 17:16:30.780,83.73,0.0912783358228,0.0,0
2018-05-27 17:16:30.862,84.18,0.0912783358228,0.0,0
2018-05-27 17:16:31.024,84.01,0.0912783358228,0.0,0
2018-05-27 17:16:31.117,84.28,0.0912783358228,0.0,0
2018-05-27 17:16:31.210,84.62,0.0912783358228,0.0,0
2018-05-27 17:16:31.303,84.54,0.0912783358228,0.0,0
2018-05-27 17:16:31.480,86.04,0.0912783358228,0.0,0
2018-05-27 17:16:31.573,85.77,0.0912783358228,0.0,0
2018-05-27 17:16:31.666,87.19,0.0912783358228,0.0,0
2018-05-27 17:16:31.759,87.53,0.0912783358228,0.0,0
2018-05-27 17:16:31.852,88.14,0.0912783358228,0.0,0
2018-05-27 17:16:32.014,87.89,0.0912783358228,0.0,0
2018-05-27 17:16:32.200,89.77,0.0912783358228,0.0,0
2018-05-27 17:16:32.294,90.74,0.0912783358228,0.0,0
2018-05-27 17:16:32.377,90.22,0.0912783358228,0.0,0
2018-05-27 17:16:32.471,91.66,0.0912783358228,0.0,0
2018-05-27 17:16:32.564,91.74,0.0912783358228,0.0,0
2018-05-27 17:16:32.843,94.58,0.0912783358228,0.0,0
2018-05-27 17:16:33.191,96.34,0.0912783358228,0.0,0
2018-05-27 17:16:33.284,97.4,0.0912783358228,0.0,0
2018-05-27 17:16:33.368,97.8,0.0912783358228,0.0,0
2018-05-27 17:16:33.461,97.7,0.0912783358228,0.0,0
2018-05-27 17:16:33.554,97.82,0.0912783358228,0.0,0
2018-05-27 17:16:33.648,97.49,0.0912783358228,0.0,0
2018-05-27 17:16:33.741,96.08,0.0912783358228,0.0,0
2018-05-27 17:16:33.834,96.82,0.0912783358228,0.0,0
2018-05-27 17:16:33.922,95.55,0.0912783358228,0.0,0
2018-05-27 17:16:34.079,95.87,0.0912783358228,0.0,0
2018-05-27 17:16:34.256,94.81,0.0912783358228,0.0,0
2018-05-27 17:16:34.340,95.6,0.0912783358228,0.0,0
2018-05-27 17:16:34.433,95.15,0.0912783358228,0.0,0
2018-05-27 17:16:34.787,94.09,0.0912783358228,0.0,0
2018-05-27 17:16:34.880,93.69,0.0912783358228,0.0,0
2018-05-27 17:16:35.042,93.39,0.0912783358228,0.0,0
2018-05-27 17:16:35.154,92.94,0.0912783358228,0.0,0
2018-05-27 17:16:35.247,92.62,0.0912783358228,0.0,0
2018-05-27 17:16:35.424,92.27,0.0912783358228,0.0,0
2018-05-27 17:16:35.508,91.84,0.0912783358228,0.0,0
2018-05-27 17:16:35.601,91.59,0.0912783358228,0.0,0
2018-05-27 17:16:35.694,91.53,0.0912783358228,0.0,0
2018-05-27 17:16:35.778,90.66,0.0912783358228,0.0,0
2018-05-27 17:16:35.871,90.3,0.0912783358228,0.0,0
2018-05-27 17:16:36.033,89.93,0.0912783358228,0.0,0
2018-05-27 17:16:36.210,89.36,0.0912783358228,0.0,0
2018-05-27 17:16:36.303,89.88,0.0912783358228,0.0,0
2018-05-27 17:16:36.387,89.46,0.0912783358228,0.0,0
2018-05-27 17:16:36.466,89.32,0.0912783358228,0.0,0
2018-05-27 17:16:36.573,88.99,0.0912783358228,0.0,0
2018-05-27 17:16:36.666,88.65,0.0912783358228,0.0,0
2018-05-27 17:16:36.750,88.15,0.0912783358228,0.0,0
2018-05-27 17:16:37.005,87.28,0.0912783358228,0.0,0
2018-05-27 17:16:37.098,87.51,0.0912783358228,0.0,0
2018-05-27 17:16:37.191,87.78,0.0912783358228,0.0,0
2018-05-27 17:16:37.457,85.88,0.0912783358228,0.0,0
2018-05-27 17:16:37.550,86.35,0.0912783358228,0.0,0
2018-05-27 17:16:37.722,85.91,0.0912783358228,0.0,0
2018-05-27 17:16:37.815,85.73,0.0912783358228,0.0,0
2018-05-27 17:16:37.908,85.26,0.0912783358228,0.0,0
2018-05-27 17:16:38.164,84.96,0.0912783358228,0.0,0
2018-05-27 17:16:38.257,84.66,0.0912783358228,0.0,0
2018-05-27 17:16:38.341,84.46,0.0912783358228,0.0,0
2018-05-27 17:16:38.434,83.97,0.0912783358228,0.0,0
2018-05-27 17:16:38.527,84.62,0.0912783358228,0.0,0
2018-05-27 17:16:38.620,84.86,0.0912783358228,0.0,0
2018-05-27 17:16:38.704,85.02,0.0912783358228,0.0,0
2018-05-27 17:16:38.797,84.88,0.0912783358228,0.0,0
2018-05-27 17:16:38.881,85.69,0.0912783358228,0.0,0
2018-05-27 17:16:39.042,86.07,0.0912783358228,0.0,0
2018-05-27 17:16:39.136,87.1,0.0912783358228,0.0,0
2018-05-27 17:16:39.229,87.23,0.0912783358228,0.0,0
2018-05-27 17:16:39.322,86.93,0.0912783358228,0.0,0
2018-05-27 17:16:39.499,88.51,0.0912783358228,0.0,0
2018-05-27 17:16:39.592,88.91,0.0912783358228,0.0,0
2018-05-27 17:16:39.685,90.1,0.0912783358228,0.0,0
2018-05-27 17:16:39.778,90.27,0.0912783358228,0.0,0
2018-05-27 17:16:39.871,90.79,0.0912783358228,0.0,0
2018-05-27 17:16:40.033,91.75,0.0912783358228,0.0,0
2018-05-27 17:16:40.219,93.25,0.0912783358228,0.0,0
2018-05-27 17:16:40.397,94.84,0.0912783358228,0.0,0
2018-05-27 17:16:40.489,95.92,0.0912783358228,0.0,0
2018-05-27 17:16:40.583,96.54,0.0912783358228,0.0,0
2018-05-27 17:16:40.676,96.82,0.0912783358228,0.0,0
2018-05-27 17:16:40.769,98.21,0.0912783358228,0.0,0
2018-05-27 17:16:40.862,98.54,0.0912783358228,0.0,0
2018-05-27 17:16:41.024,97.99,0.0912783358228,0.0,0
2018-05-27 17:16:41.396,97.33,0.0912783358228,0.0,0
2018-05-27 17:16:41.480,96.73,0.0912783358228,0.0,0
2018-05-27 17:16:41.667,96.7,0.0912783358228,0.0,0
2018-05-27 17:16:41.760,96.63,0.0912783358228,0.0,0
2018-05-27 17:16:42.015,96.43,0.0912783358228,0.0,0
2018-05-27 17:16:42.201,95.74,0.0912783358228,0.0,0
2018-05-27 17:16:42.387,93.93,0.0912783358228,0.0,0
2018-05-27 17:16:42.480,94.02,0.0912783358228,0.0,0
2018-05-27 17:16:42.573,93.84,0.0912783358228,0.0,0
2018-05-27 17:16:42.667,93.65,0.0912783358228,0.0,0
2018-05-27 17:16:42.760,93.64,0.0912783358228,0.0,0
2018-05-27 17:16:43.015,92.64,0.0912783358228,0.0,0
2018-05-27 17:16:43.201,92.05,0.0912783358228,0.0,0
2018-05-27 17:16:43.294,92.27,0.0912783358228,0.0,0
2018-05-27 17:16:43.471,91.71,0.0912783358228,0.0,0
2018-05-27 17:16:43.564,91.35,0.0912783358228,0.0,0
2018-05-27 17:16:43.750,90.73,0.0912783358228,0.0,0
2018-05-27 17:16:43.844,90.68,0.0912783358228,0.0,0
2018-05-27 17:16:44.192,89.85,0.0912783358228,0.0,0
2018-05-27 17:16:44.285,89.88,0.0912783358228,0.0,0
2018-05-27 17:16:44.369,89.32,0.0912783358228,0.0,0
2018-05-27 17:16:44.457,88.76,0.0912783358228,0.0,0
2018-05-27 17:16:44.629,88.83,0.0912783358228,0.0,0
2018-05-27 17:16:44.723,88.02,0.0912783358228,0.0,0
2018-05-27 17:16:44.816,88.19,0.0912783358228,0.0,0
2018-05-27 17:16:44.909,87.17,0.0912783358228,0.0,0
2018-05-27 17:16:45.071,86.97,0.0912783358228,0.0,0
2018-05-27 17:16:45.164,87.14,0.0912783358228,0.0,0
2018-05-27 17:16:45.341,86.72,0.0912783358228,0.0,0
2018-05-27 17:16:45.527,86.03,0.0912783358228,0.0,0
2018-05-27 17:16:45.620,85.96,0.0912783358228,0.0,0
2018-05-27 17:16:45.713,85.82,0.0912783358228,0.0,0
2018-05-27 17:16:45.806,85.58,0.0912783358228,0.0,0
2018-05-27 17:16:45.899,85.75,0.0912783358228,0.0,0
2018-05-27 17:16:46.061,85.14,0.0912783358228,0.0,0
2018-05-27 17:16:46.154,84.65,0.0912783358228,0.0,0
2018-05-27 17:16:46.248,84.15,0.0912783358228,0.0,0
2018-05-27 17:16:46.331,84.57,0.0912783358228,0.0,0
2018-05-27 17:16:46.425,84.04,0.0912783358228,0.0,0
2018-05-27 17:16:46.518,83.36,0.0912783358228,0.0,0
2018-05-27 17:16:46.611,82.91,0.0912783358228,0.0,0
2018-05-27 17:16:46.704,83.4,0.0912783358228,0.0,0
2018-05-27 17:16:46.797,83.4,0.0912783358228,0.0,0
2018-05-27 17:16:46.890,82.75,0.0912783358228,0.0,0
2018-05-27 17:16:47.220,82.02,0.0912783358228,0.0,0
2018-05-27 17:16:47.313,81.88,0.0912783358228,0.0,0
2018-05-27 17:16:47.406,80.99,0.0912783358228,0.0,0
2018-05-27 17:16:47.500,80.71,0.0912783358228,0.0,0
2018-05-27 17:16:47.592,81.3,0.0912783358228,0.0,0
2018-05-27 17:16:47.778,80.02,0.0912783358228,0.0,0
2018-05-27 17:16:47.872,80.38,0.0912783358228,0.0,0
2018-05-27 17:16:48.127,79.43,0.0912783358228,0.0,0
2018-05-27 17:16:48.397,79.38,0.0912783358228,0.0,0
2018-05-27 17:16:48.490,78.75,0.0912783358228,0.0,0
2018-05-27 17:16:48.769,77.84,0.0912783358228,0.0,0
2018-05-27 17:16:49.117,77.25,0.0912783358228,0.0,0
2018-05-27 17:16:49.304,77.43,0.0912783358228,0.0,0
2018-05-27 17:16:49.574,77.48,0.0912783358228,0.0,0
2018-05-27 17:16:49.667,78.22,0.0912783358228,0.0,0
2018-05-27 17:16:49.760,79.44,0.0912783358228,0.0,0
2018-05-27 17:16:49.853,79.61,0.0912783358228,0.0,0
2018-05-27 17:16:50.015,79.32,0.0912783358228,0.0,0
2018-05-27 17:16:50.099,80.44,0.0912783358228,0.0,0
2018-05-27 17:16:50.192,81.14,0.0912783358228,0.0,0
2018-05-27 17:16:50.285,80.95,0.0912783358228,0.0,0
2018-05-27 17:16:50.462,82.87,0.0912783358228,0.0,0
2018-05-27 17:16:50.555,83.09,0.0912783358228,0.0,0
2018-05-27 17:16:50.835,85.5,0.0912783358228,0.0,0
2018-05-27 17:16:50.923,86.2,0.0912783358228,0.0,0
2018-05-27 17:16:51.080,85.92,0.0912783358228,0.0,0
2018-05-27 17:16:51.257,87.48,0.0912783358228,0.0,0
2018-05-27 17:16:51.341,86.99,0.0912783358228,0.0,0
2018-05-27 17:16:51.527,85.75,0.0912783358228,0.0,0
2018-05-27 17:16:51.611,85.51,0.0912783358228,0.0,0
2018-05-27 17:16:51.704,85.96,0.0912783358228,0.0,0
2018-05-27 17:16:51.797,85.66,0.0912783358228,0.0,0
2018-05-27 17:16:52.052,85.15,0.0912783358228,0.0,0
2018-05-27 17:16:52.145,84.86,0.0912783358228,0.0,0
2018-05-27 17:16:52.238,84.09,0.0912783358228,0.0,0
2018-05-27 17:16:52.332,84.34,0.0912783358228,0.0,0
2018-05-27 17:16:52.425,84.14,0.0912783358228,0.0,0
2018-05-27 17:16:52.611,83.0,0.0912783358228,0.0,0
2018-05-27 17:16:52.788,83.4,0.0912783358228,0.0,0
2018-05-27 17:16:53.043,82.1,0.0912783358228,0.0,0
2018-05-27 17:16:53.136,82.22,0.0912783358228,0.0,0
2018-05-27 17:16:53.229,82.14,0.0912783358228,0.0,0
2018-05-27 17:16:53.322,82.14,0.0912783358228,0.0,0
2018-05-27 17:16:53.416,80.86,0.0912783358228,0.0,0
2018-05-27 17:16:53.500,81.67,0.0912783358228,0.0,0
2018-05-27 17:16:53.676,80.73,0.0912783358228,0.0,0
2018-05-27 17:16:53.769,80.63,0.0912783358228,0.0,0
2018-05-27 17:16:53.863,81.1,0.0912783358228,0.0,0
2018-05-27 17:16:54.025,79.92,0.0912783358228,0.0,0
2018-05-27 17:16:54.118,79.87,0.0912783358228,0.0,0
2018-05-27 17:16:54.211,79.99,0.0912783358228,0.0,0
2018-05-27 17:16:54.574,78.98,0.0912783358228,0.0,0
2018-05-27 17:16:54.760,78.28,0.0912783358228,0.0,0
2018-05-27 17:16:54.853,78.46,0.0912783358228,0.0,0
2018-05-27 17:16:55.108,77.85,0.0912783358228,0.0,0
2018-05-27 17:16:55.202,78.23,0.0912783358228,0.0,0
2018-05-27 17:16:55.369,77.7,0.0912783358228,0.0,0
2018-05-27 17:16:55.462,76.9,0.0912783358228,0.0,0
2018-05-27 17:16:55.555,76.8,0.0912783358228,0.0,0
2018-05-27 17:16:55.649,77.04,0.0912783358228,0.0,0
2018-05-27 17:16:55.923,75.59,0.0912783358228,0.0,0
2018-05-27 17:16:56.080,75.76,0.0912783358228,0.0,0
2018-05-27 17:16:56.164,75.3,0.0912783358228,0.0,0
2018-05-27 17:16:56.257,75.31,0.0912783358228,0.0,0
2018-05-27 17:16:56.528,74.72,0.0912783358228,0.0,0
2018-05-27 17:16:56.714,74.2,0.0912783358228,0.0,0
2018-05-27 17:16:56.807,74.2,0.0912783358228,0.0,0
2018-05-27 17:16:57.053,74.06,0.0912783358228,0.0,0
2018-05-27 17:16:57.230,73.71,0.0912783358228,0.0,0
2018-05-27 17:16:57.323,72.52,0.0912783358228,0.0,0
2018-05-27 17:16:57.593,72.66,0.0912783358228,0.0,0
2018-05-27 17:16:57.770,71.91,0.0912783358228,0.0,0
2018-05-27 17:16:58.211,70.39,0.0912783358228,0.0,0
2018-05-27 17:16:58.481,70.63,0.0912783358228,0.0,0
2018-05-27 17:16:58.761,69.32,0.0912783358228,0.0,0
2018-05-27 17:16:58.854,68.91,0.0912783358228,0.0,0
2018-05-27 17:16:59.109,68.71,0.0912783358228,0.0,0
2018-05-27 17:16:59.202,68.58,0.0912783358228,0.0,0
2018-05-27 17:16:59.295,69.28,0.0912783358228,0.0,0
2018-05-27 17:16:59.379,68.85,0.0912783358228,0.0,0
2018-05-27 17:16:59.835,67.0,0.0912783358228,0.0,0
2018-05-27 17:17:00.081,67.97,0.0912783358228,0.0,0
2018-05-27 17:17:00.435,67.8,0.0912783358228,0.0,0
2018-05-27 17:17:00.705,69.28,0.0912783358228,0.0,0
2018-05-27 17:17:00.872,69.78,0.0912783358228,0.0,0
2018-05-27 17:17:01.388,72.4,0.0912783358228,0.0,0
2018-05-27 17:17:01.481,72.73,0.0912783358228,0.0,0
2018-05-27 17:17:01.574,73.36,0.0912783358228,0.0,0
2018-05-27 17:17:02.193,77.41,0.0912783358228,0.0,0
2018-05-27 17:17:02.463,79.1,0.0912783358228,0.0,0
2018-05-27 17:17:03.347,86.62,0.0912783358228,0.0,0
2018-05-27 17:17:03.435,87.51,0.0912783358228,0.0,0
2018-05-27 17:17:03.696,88.91,0.0912783358228,0.0,0
2018-05-27 17:17:04.035,90.04,0.0912783358228,0.0,0
2018-05-27 17:17:04.221,89.38,0.0912783358228,0.0,0
2018-05-27 17:17:04.491,87.9,0.0912783358228,0.0,0
2018-05-27 17:17:04.678,87.99,0.0912783358228,0.0,0
2018-05-27 17:17:04.770,87.91,0.0912783358228,0.0,0
2018-05-27 17:17:04.863,87.63,0.0912783358228,0.0,0
2018-05-27 17:17:05.118,87.21,0.0912783358228,0.0,0
2018-05-27 17:17:05.212,85.91,0.0912783358228,0.0,0
2018-05-27 17:17:05.305,85.54,0.0912783358228,0.0,0
2018-05-27 17:17:05.389,85.97,0.0912783358228,0.0,0
2018-05-27 17:17:05.482,85.99,0.0912783358228,0.0,0
2018-05-27 17:17:05.575,85.83,0.0912783358228,0.0,0
2018-05-27 17:17:05.668,84.31,0.0912783358228,0.0,0
2018-05-27 17:17:05.761,85.1,0.0912783358228,0.0,0
2018-05-27 17:17:05.854,84.48,0.0912783358228,0.0,0
2018-05-27 17:17:06.016,84.8,0.0912783358228,0.0,0
2018-05-27 17:17:06.109,84.45,0.0912783358228,0.0,0
2018-05-27 17:17:06.296,83.18,0.0912783358228,0.0,0
2018-05-27 17:17:06.473,83.94,0.0912783358228,0.0,0
2018-05-27 17:17:06.556,82.58,0.0912783358228,0.0,0
2018-05-27 17:17:06.649,83.13,0.0912783358228,0.0,0
2018-05-27 17:17:06.743,82.94,0.0912783358228,0.0,0
2018-05-27 17:17:06.836,84.48,0.0912783358228,0.0,0
2018-05-27 17:17:06.924,84.13,0.0912783358228,0.0,0
2018-05-27 17:17:07.081,84.44,0.0912783358228,0.0,0
2018-05-27 17:17:07.165,84.91,0.0912783358228,0.0,0
2018-05-27 17:17:07.258,85.41,0.0912783358228,0.0,0
2018-05-27 17:17:07.435,86.17,0.0912783358228,0.0,0
2018-05-27 17:17:07.528,86.41,0.0912783358228,0.0,0
2018-05-27 17:17:07.622,86.79,0.0912783358228,0.0,0
2018-05-27 17:17:07.808,88.24,0.0912783358228,0.0,0
2018-05-27 17:17:07.901,88.49,0.0912783358228,0.0,0
2018-05-27 17:17:08.063,89.4,0.0912783358228,0.0,0
2018-05-27 17:17:08.156,90.05,0.0912783358228,0.0,0
2018-05-27 17:17:08.249,90.01,0.0912783358228,0.0,0
2018-05-27 17:17:08.334,90.39,0.0912783358228,0.0,0
2018-05-27 17:17:08.426,90.89,0.0912783358228,0.0,0
2018-05-27 17:17:08.510,92.32,0.0912783358228,0.0,0
2018-05-27 17:17:08.603,93.12,0.0912783358228,0.0,0
2018-05-27 17:17:08.696,93.94,0.0912783358228,0.0,0
2018-05-27 17:17:08.789,93.98,0.0912783358228,0.0,0
2018-05-27 17:17:08.873,95.52,0.0912783358228,0.0,0
2018-05-27 17:17:09.036,95.81,0.0912783358228,0.0,0
2018-05-27 17:17:09.119,96.83,0.0912783358228,0.0,0
2018-05-27 17:17:09.212,97.34,0.0912783358228,0.0,0
2018-05-27 17:17:09.305,98.05,0.0912783358228,0.0,0
2018-05-27 17:17:09.668,97.95,0.0912783358228,0.0,0
2018-05-27 17:17:09.761,97.51,0.0912783358228,0.0,0
2018-05-27 17:17:09.855,97.7,0.0912783358228,0.0,0
2018-05-27 17:17:10.007,96.86,0.0912783358228,0.0,0
2018-05-27 17:17:10.100,97.0,0.0912783358228,0.0,0
2018-05-27 17:17:10.193,97.21,0.0912783358228,0.0,0
2018-05-27 17:17:10.286,96.74,0.0912783358228,0.0,0
2018-05-27 17:17:10.463,95.75,0.0912783358228,0.0,0
2018-05-27 17:17:10.557,95.76,0.0912783358228,0.0,0
2018-05-27 17:17:10.650,95.03,0.0912783358228,0.0,0
2018-05-27 17:17:10.743,94.93,0.0912783358228,0.0,0
2018-05-27 17:17:10.929,94.92,0.0912783358228,0.0,0
2018-05-27 17:17:11.082,94.28,0.0912783358228,0.0,0
2018-05-27 17:17:11.165,93.57,0.0912783358228,0.0,0
2018-05-27 17:17:11.342,92.85,0.0912783358228,0.0,0
2018-05-27 17:17:11.436,92.61,0.0912783358228,0.0,0
2018-05-27 17:17:11.529,92.31,0.0912783358228,0.0,0
2018-05-27 17:17:11.706,90.94,0.0912783358228,0.0,0
2018-05-27 17:17:11.789,91.85,0.0912783358228,0.0,0
2018-05-27 17:17:12.138,90.98,0.0912783358228,0.0,0
2018-05-27 17:17:12.222,90.89,0.0912783358228,0.0,0
2018-05-27 17:17:12.305,90.42,0.0912783358228,0.0,0
2018-05-27 17:17:12.398,89.62,0.0912783358228,0.0,0
2018-05-27 17:17:12.482,90.12,0.0912783358228,0.0,0
2018-05-27 17:17:12.575,89.48,0.0912783358228,0.0,0
2018-05-27 17:17:12.669,90.16,0.0912783358228,0.0,0
2018-05-27 17:17:12.855,89.73,0.0912783358228,0.0,0
2018-05-27 17:17:13.110,89.75,0.0912783358228,0.0,0
2018-05-27 17:17:13.296,90.94,0.0912783358228,0.0,0
2018-05-27 17:17:13.380,90.84,0.0912783358228,0.0,0
2018-05-27 17:17:13.566,91.67,0.0912783358228,0.0,0
2018-05-27 17:17:13.659,92.34,0.0912783358228,0.0,0
2018-05-27 17:17:13.743,93.13,0.0912783358228,0.0,0
2018-05-27 17:17:13.925,95.12,0.0912783358228,0.0,0
2018-05-27 17:17:14.082,95.78,0.0912783358228,0.0,0
2018-05-27 17:17:14.166,96.86,0.0912783358228,0.0,0
2018-05-27 17:17:14.343,97.95,0.0912783358228,0.0,0
2018-05-27 17:17:14.436,98.83,0.0912783358228,0.0,0
2018-05-27 17:17:14.902,102.0,0.0912783358228,0.0,0
2018-05-27 17:17:15.157,103.35,0.0912783358228,0.0,0
2018-05-27 17:17:15.334,103.73,0.0912783358228,0.0,0
2018-05-27 17:17:15.520,103.62,0.0912783358228,0.0,0
2018-05-27 17:17:15.706,102.4,0.0912783358228,0.0,0
2018-05-27 17:17:15.800,102.62,0.0912783358228,0.0,0
2018-05-27 17:17:16.054,101.66,0.0912783358228,0.0,0
2018-05-27 17:17:16.428,100.92,0.0912783358228,0.0,0
2018-05-27 17:17:16.604,100.26,0.0912783358228,0.0,0
2018-05-27 17:17:16.697,99.23,0.0912783358228,0.0,0
2018-05-27 17:17:17.045,97.58,0.0912783358228,0.0,0
2018-05-27 17:17:17.129,97.84,0.0912783358228,0.0,0
2018-05-27 17:17:17.586,97.09,0.0912783358228,0.0,0
2018-05-27 17:17:17.855,96.15,0.0912783358228,0.0,0
2018-05-27 17:17:18.195,95.47,0.0912783358228,0.0,0
2018-05-27 17:17:18.380,94.85,0.0912783358228,0.0,0
2018-05-27 17:17:18.473,94.78,0.0912783358228,0.0,0
2018-05-27 17:17:18.753,93.74,0.0912783358228,0.0,0
2018-05-27 17:17:18.846,93.49,0.0912783358228,0.0,0
2018-05-27 17:17:19.008,92.93,0.0912783358228,0.0,0
2018-05-27 17:17:19.101,92.74,0.0912783358228,0.0,0
2018-05-27 17:17:19.194,92.41,0.0912783358228,0.0,0
2018-05-27 17:17:19.288,92.34,0.0912783358228,0.0,0
2018-05-27 17:17:19.371,91.89,0.0912783358228,0.0,0
2018-05-27 17:17:19.464,91.67,0.0912783358228,0.0,0
2018-05-27 17:17:19.650,90.39,0.0912783358228,0.0,0
2018-05-27 17:17:19.837,90.16,0.0912783358228,0.0,0
2018-05-27 17:17:19.925,89.52,0.0912783358228,0.0,0
2018-05-27 17:17:20.082,89.71,0.0912783358228,0.0,0
2018-05-27 17:17:20.166,89.52,0.0912783358228,0.0,0
2018-05-27 17:17:20.259,90.23,0.0912783358228,0.0,0
2018-05-27 17:17:20.436,89.68,0.0912783358228,0.0,0
2018-05-27 17:17:20.529,88.99,0.0912783358228,0.0,0
2018-05-27 17:17:20.716,90.46,0.0912783358228,0.0,0
2018-05-27 17:17:20.902,91.45,0.0912783358228,0.0,0
2018-05-27 17:17:21.064,92.15,0.0912783358228,0.0,0
2018-05-27 17:17:21.148,92.33,0.0912783358228,0.0,0
2018-05-27 17:17:21.241,92.83,0.0912783358228,0.0,0
2018-05-27 17:17:21.418,95.62,0.0912783358228,0.0,0
2018-05-27 17:17:21.501,96.45,0.0912783358228,0.0,0
2018-05-27 17:17:21.595,96.89,0.0912783358228,0.0,0
2018-05-27 17:17:21.688,97.68,0.0912783358228,0.0,0
2018-05-27 17:17:22.027,99.32,0.0912783358228,0.0,0
2018-05-27 17:17:22.120,100.31,0.0912783358228,0.0,0
2018-05-27 17:17:22.213,99.83,0.0912783358228,0.0,0
2018-05-27 17:17:22.306,101.88,0.0912783358228,0.0,0
2018-05-27 17:17:22.483,103.6,0.0912783358228,0.0,0
2018-05-27 17:17:22.753,104.63,0.0912783358228,0.0,0
2018-05-27 17:17:22.846,104.95,0.0912783358228,0.0,0
2018-05-27 17:17:23.008,105.04,0.0912783358228,0.0,0
2018-05-27 17:17:23.101,103.63,0.0912783358228,0.0,0
2018-05-27 17:17:23.194,103.58,0.0912783358228,0.0,0
2018-05-27 17:17:23.287,103.63,0.0912783358228,0.0,0
2018-05-27 17:17:23.371,103.25,0.0912783358228,0.0,0
2018-05-27 17:17:23.548,103.16,0.0912783358228,0.0,0
2018-05-27 17:17:23.725,101.48,0.0912783358228,0.0,0
2018-05-27 17:17:23.818,100.94,0.0912783358228,0.0,0
2018-05-27 17:17:24.073,101.15,0.0912783358228,0.0,0
2018-05-27 17:17:24.166,100.42,0.0912783358228,0.0,0
2018-05-27 17:17:24.343,100.54,0.0912783358228,0.0,0
2018-05-27 17:17:24.623,98.32,0.0912783358228,0.0,0
2018-05-27 17:17:24.809,98.11,0.0912783358228,0.0,0
2018-05-27 17:17:24.902,97.61,0.0912783358228,0.0,0
2018-05-27 17:17:25.157,97.75,0.0912783358228,0.0,0
2018-05-27 17:17:25.250,96.74,0.0912783358228,0.0,0
2018-05-27 17:17:25.334,96.8,0.0912783358228,0.0,0
2018-05-27 17:17:25.511,96.03,0.0912783358228,0.0,0
2018-05-27 17:17:25.604,96.15,0.0912783358228,0.0,0
2018-05-27 17:17:25.697,95.64,0.0912783358228,0.0,0
2018-05-27 17:17:25.790,95.06,0.0912783358228,0.0,0
2018-05-27 17:17:25.884,95.18,0.0912783358228,0.0,0
2018-05-27 17:17:26.139,93.64,0.0912783358228,0.0,0
2018-05-27 17:17:26.232,92.93,0.0912783358228,0.0,0
2018-05-27 17:17:26.316,93.6,0.0912783358228,0.0,0
2018-05-27 17:17:26.399,93.32,0.0912783358228,0.0,0
2018-05-27 17:17:26.493,93.14,0.0912783358228,0.0,0
2018-05-27 17:17:26.586,93.19,0.0912783358228,0.0,0
2018-05-27 17:17:26.679,93.16,0.0912783358228,0.0,0
2018-05-27 17:17:26.772,93.46,0.0912783358228,0.0,0
2018-05-27 17:17:26.865,93.74,0.0912783358228,0.0,0
2018-05-27 17:17:27.027,94.1,0.0912783358228,0.0,0
2018-05-27 17:17:27.120,94.74,0.0912783358228,0.0,0
2018-05-27 17:17:27.204,95.07,0.0912783358228,0.0,0
2018-05-27 17:17:27.297,95.09,0.0912783358228,0.0,0
2018-05-27 17:17:27.390,95.89,0.0912783358228,0.0,0
2018-05-27 17:17:27.660,98.29,0.0912783358228,0.0,0
2018-05-27 17:17:27.753,98.6,0.0912783358228,0.0,0
2018-05-27 17:17:27.846,98.69,0.0912783358228,0.0,0
2018-05-27 17:17:27.930,100.3,0.0912783358228,0.0,0
2018-05-27 17:17:28.092,100.91,0.0912783358228,0.0,0
2018-05-27 17:17:28.185,101.12,0.0912783358228,0.0,0
2018-05-27 17:17:28.455,103.76,0.0912783358228,0.0,0
2018-05-27 17:17:28.539,104.36,0.0912783358228,0.0,0
2018-05-27 17:17:28.632,103.99,0.0912783358228,0.0,0
2018-05-27 17:17:28.726,105.36,0.0912783358228,0.0,0
2018-05-27 17:17:28.809,105.69,0.0912783358228,0.0,0
2018-05-27 17:17:29.060,107.18,0.0912783358228,0.0,0
2018-05-27 17:17:29.241,106.57,0.0912783358228,0.0,0
2018-05-27 17:17:29.511,105.53,0.0912783358228,0.0,0
2018-05-27 17:17:29.604,105.2,0.0912783358228,0.0,0
2018-05-27 17:17:29.688,105.14,0.0912783358228,0.0,0
2018-05-27 17:17:29.781,104.96,0.0912783358228,0.0,0
2018-05-27 17:17:30.213,103.25,0.0912783358228,0.0,0
2018-05-27 17:17:30.483,103.27,0.0912783358228,0.0,0
2018-05-27 17:17:30.577,101.98,0.0912783358228,0.0,0
2018-05-27 17:17:30.670,102.53,0.0912783358228,0.0,0
2018-05-27 17:17:31.288,103.47,0.0912783358228,0.0,0
2018-05-27 17:17:31.381,104.19,0.0912783358228,0.0,0
2018-05-27 17:17:31.474,104.69,0.0912783358228,0.0,0
2018-05-27 17:17:31.567,104.11,0.0912783358228,0.0,0
2018-05-27 17:17:31.661,104.78,0.0912783358228,0.0,0
2018-05-27 17:17:31.926,104.07,0.0912783358228,0.0,0
2018-05-27 17:17:32.074,103.86,0.0912783358228,0.0,0
2018-05-27 17:17:32.167,103.51,0.0912783358228,0.0,0
2018-05-27 17:17:32.437,102.22,0.0912783358228,0.0,0
2018-05-27 17:17:32.530,101.58,0.0912783358228,0.0,0
2018-05-27 17:17:32.623,101.53,0.0912783358228,0.0,0
2018-05-27 17:17:32.716,101.54,0.0912783358228,0.0,0
2018-05-27 17:17:32.810,99.74,0.0912783358228,0.0,0
2018-05-27 17:17:32.903,99.92,0.0912783358228,0.0,0
2018-05-27 17:17:33.158,99.75,0.0912783358228,0.0,0
2018-05-27 17:17:33.251,99.71,0.0912783358228,0.0,0
2018-05-27 17:17:33.335,99.08,0.0912783358228,0.0,0
2018-05-27 17:17:33.512,98.61,0.0912783358228,0.0,0
2018-05-27 17:17:33.605,97.8,0.0912783358228,0.0,0
2018-05-27 17:17:33.698,97.84,0.0912783358228,0.0,0
2018-05-27 17:17:33.791,97.59,0.0912783358228,0.0,0
2018-05-27 17:17:33.875,97.23,0.0912783358228,0.0,0
2018-05-27 17:17:34.037,97.08,0.0912783358228,0.0,0
2018-05-27 17:17:34.122,96.96,0.0912783358228,0.0,0
2018-05-27 17:17:34.224,96.19,0.0912783358228,0.0,0
2018-05-27 17:17:34.316,95.57,0.0912783358228,0.0,0
2018-05-27 17:17:34.595,94.57,0.0912783358228,0.0,0
2018-05-27 17:17:34.782,94.52,0.0912783358228,0.0,0
2018-05-27 17:17:34.875,93.94,0.0912783358228,0.0,0
2018-05-27 17:17:35.037,94.4,0.0912783358228,0.0,0
2018-05-27 17:17:35.130,93.4,0.0912783358228,0.0,0
2018-05-27 17:17:35.223,93.27,0.0912783358228,0.0,0
2018-05-27 17:17:35.317,92.97,0.0912783358228,0.0,0
2018-05-27 17:17:35.400,92.25,0.0912783358228,0.0,0
2018-05-27 17:17:35.493,91.93,0.0912783358228,0.0,0
2018-05-27 17:17:35.586,91.69,0.0912783358228,0.0,0
2018-05-27 17:17:35.679,91.43,0.0912783358228,0.0,0
2018-05-27 17:17:35.773,90.95,0.0912783358228,0.0,0
2018-05-27 17:17:35.866,91.1,0.0912783358228,0.0,0
2018-05-27 17:17:36.028,90.89,0.0912783358228,0.0,0
2018-05-27 17:17:36.121,90.26,0.0912783358228,0.0,0
2018-05-27 17:17:36.214,90.05,0.0912783358228,0.0,0
2018-05-27 17:17:36.308,90.2,0.0912783358228,0.0,0
2018-05-27 17:17:36.391,89.88,0.0912783358228,0.0,0
2018-05-27 17:17:36.484,89.72,0.0912783358228,0.0,0
2018-05-27 17:17:36.670,89.03,0.0912783358228,0.0,0
2018-05-27 17:17:37.018,87.56,0.0912783358228,0.0,0
2018-05-27 17:17:37.111,87.71,0.0912783358228,0.0,0
2018-05-27 17:17:37.205,87.12,0.0912783358228,0.0,0
2018-05-27 17:17:37.288,87.25,0.0912783358228,0.0,0
2018-05-27 17:17:38.289,86.15,0.0912783358228,0.0,0
2018-05-27 17:17:38.372,86.62,0.0912783358228,0.0,0
2018-05-27 17:17:38.465,86.92,0.0912783358228,0.0,0
2018-05-27 17:17:38.652,87.86,0.0912783358228,0.0,0
2018-05-27 17:17:38.838,87.68,0.0912783358228,0.0,0
2018-05-27 17:17:38.927,88.45,0.0912783358228,0.0,0
2018-05-27 17:17:39.084,88.92,0.0912783358228,0.0,0
2018-05-27 17:17:39.261,90.13,0.0912783358228,0.0,0
2018-05-27 17:17:39.717,94.16,0.0912783358228,0.0,0
2018-05-27 17:17:39.903,95.3,0.0912783358228,0.0,0
2018-05-27 17:17:40.344,97.37,0.0912783358228,0.0,0
2018-05-27 17:17:40.438,97.64,0.0912783358228,0.0,0
2018-05-27 17:17:40.531,97.08,0.0912783358228,0.0,0
2018-05-27 17:17:40.624,96.76,0.0912783358228,0.0,0
2018-05-27 17:17:40.810,96.48,0.0912783358228,0.0,0
2018-05-27 17:17:41.233,94.78,0.0912783358228,0.0,0
2018-05-27 17:17:41.503,94.34,0.0912783358228,0.0,0
2018-05-27 17:17:42.214,91.67,0.0912783358228,0.0,0
2018-05-27 17:17:42.307,91.59,0.0912783358228,0.0,0
2018-05-27 17:17:42.475,91.34,0.0912783358228,0.0,0
2018-05-27 17:17:42.568,90.98,0.0912783358228,0.0,0
2018-05-27 17:17:42.754,90.96,0.0912783358228,0.0,0
2018-05-27 17:17:43.009,89.7,0.0912783358228,0.0,0
2018-05-27 17:17:43.102,88.97,0.0912783358228,0.0,0
2018-05-27 17:17:43.289,89.09,0.0912783358228,0.0,0
2018-05-27 17:17:43.373,88.71,0.0912783358228,0.0,0
2018-05-27 17:17:43.466,88.58,0.0912783358228,0.0,0
2018-05-27 17:17:43.927,86.86,0.0912783358228,0.0,0
2018-05-27 17:17:44.168,86.99,0.0912783358228,0.0,0
2018-05-27 17:17:44.903,86.47,0.0912783358228,0.0,0
2018-05-27 17:17:45.242,87.67,0.0912783358228,0.0,0
2018-05-27 17:17:45.606,88.55,0.0912783358228,0.0,0
2018-05-27 17:17:45.699,89.61,0.0912783358228,0.0,0
2018-05-27 17:17:45.792,90.36,0.0912783358228,0.0,0
2018-05-27 17:17:45.885,90.56,0.0912783358228,0.0,0
2018-05-27 17:17:46.131,92.54,0.0912783358228,0.0,0
2018-05-27 17:17:46.317,94.24,0.0912783358228,0.0,0
2018-05-27 17:17:46.410,94.78,0.0912783358228,0.0,0
2018-05-27 17:17:46.494,96.04,0.0912783358228,0.0,0
2018-05-27 17:17:46.587,96.45,0.0912783358228,0.0,0
2018-05-27 17:17:46.773,96.74,0.0912783358228,0.0,0
2018-05-27 17:17:47.383,102.27,0.0912783358228,0.0,0
2018-05-27 17:17:47.475,102.77,0.0912783358228,0.0,0
2018-05-27 17:17:47.569,103.41,0.0912783358228,0.0,0
2018-05-27 17:17:47.652,103.93,0.0912783358228,0.0,0
2018-05-27 17:17:47.927,106.23,0.0912783358228,0.0,0
2018-05-27 17:17:48.438,109.48,0.0912783358228,0.0,0
2018-05-27 17:17:48.531,108.94,0.0912783358228,0.0,0
2018-05-27 17:17:48.624,109.27,0.0912783358228,0.0,0
2018-05-27 17:17:48.904,113.04,0.0912783358228,0.0,0
2018-05-27 17:17:49.066,111.9,0.0912783358228,0.0,0
2018-05-27 17:17:49.336,110.85,0.0912783358228,0.0,0
2018-05-27 17:17:49.429,111.32,0.0912783358228,0.0,0
2018-05-27 17:17:49.513,111.27,0.0912783358228,0.0,0
2018-05-27 17:17:49.606,109.64,0.0912783358228,0.0,0
2018-05-27 17:17:49.699,109.0,0.0912783358228,0.0,0
2018-05-27 17:17:49.783,110.45,0.0912783358228,0.0,0
2018-05-27 17:17:50.047,108.86,0.0912783358228,0.0,0
2018-05-27 17:17:50.140,109.22,0.0912783358228,0.0,0
2018-05-27 17:17:50.401,106.73,0.0912783358228,0.0,0
2018-05-27 17:17:50.494,107.62,0.0912783358228,0.0,0
2018-05-27 17:17:50.587,106.28,0.0912783358228,0.0,0
2018-05-27 17:17:50.680,106.29,0.0912783358228,0.0,0
2018-05-27 17:17:51.122,105.14,0.0912783358228,0.0,0
2018-05-27 17:17:51.299,105.67,0.0912783358228,0.0,0
2018-05-27 17:17:51.476,103.53,0.0912783358228,0.0,0
2018-05-27 17:17:51.662,104.45,0.0912783358228,0.0,0
2018-05-27 17:17:51.755,105.08,0.0912783358228,0.0,0
2018-05-27 17:17:52.010,104.95,0.0912783358228,0.0,0
2018-05-27 17:17:52.094,104.76,0.0912783358228,0.0,0
2018-05-27 17:17:52.280,105.85,0.0912783358228,0.0,0
2018-05-27 17:17:52.541,109.06,0.0912783358228,0.0,0
2018-05-27 17:17:52.634,109.61,0.0912783358228,0.0,0
2018-05-27 17:17:52.727,109.52,0.0912783358228,0.0,0
2018-05-27 17:17:52.904,111.41,0.0912783358228,0.0,0
2018-05-27 17:17:53.066,111.51,0.0912783358228,0.0,0
2018-05-27 17:17:53.336,113.17,0.0912783358228,0.0,0
2018-05-27 17:17:53.606,114.65,0.0912783358228,0.0,0
2018-05-27 17:17:53.792,117.53,0.0912783358228,0.0,0
2018-05-27 17:17:54.047,119.71,0.0912783358228,0.0,0
2018-05-27 17:17:54.234,119.72,0.0912783358228,0.0,0
2018-05-27 17:17:54.327,119.14,0.0912783358228,0.0,0
2018-05-27 17:17:54.420,119.13,0.0912783358228,0.0,0
2018-05-27 17:17:54.587,117.85,0.0912783358228,0.0,0
2018-05-27 17:17:54.774,117.65,0.0912783358228,0.0,0
2018-05-27 17:17:55.122,115.39,0.0912783358228,0.0,0
2018-05-27 17:17:55.393,114.73,0.0912783358228,0.0,0
2018-05-27 17:17:55.485,114.79,0.0912783358228,0.0,0
2018-05-27 17:17:55.764,113.1,0.0912783358228,0.0,0
2018-05-27 17:17:55.858,112.66,0.0912783358228,0.0,0
2018-05-27 17:17:56.299,110.84,0.0912783358228,0.0,0
2018-05-27 17:17:56.476,111.17,0.0912783358228,0.0,0
2018-05-27 17:17:56.755,109.6,0.0912783358228,0.0,0
2018-05-27 17:17:56.848,108.71,0.0912783358228,0.0,0
2018-05-27 17:17:57.290,109.74,0.0912783358228,0.0,0
2018-05-27 17:17:57.560,109.71,0.0912783358228,0.0,0
2018-05-27 17:17:57.839,111.68,0.0912783358228,0.0,0
2018-05-27 17:17:58.094,112.0,0.0912783358228,0.0,0
2018-05-27 17:17:58.541,115.54,0.0912783358228,0.0,0
2018-05-27 17:17:58.634,116.99,0.0912783358228,0.0,0
2018-05-27 17:17:58.821,118.58,0.0912783358228,0.0,0
2018-05-27 17:17:58.914,117.83,0.0912783358228,0.0,0
2018-05-27 17:17:59.532,120.64,0.0912783358228,0.0,0
2018-05-27 17:17:59.718,119.63,0.0912783358228,0.0,0
2018-05-27 17:17:59.905,118.0,0.0912783358228,0.0,0
2018-05-27 17:18:00.154,118.04,0.0912783358228,0.0,0
2018-05-27 17:18:00.523,115.3,0.0912783358228,0.0,0
2018-05-27 17:18:00.793,114.83,0.0912783358228,0.0,0
2018-05-27 17:18:01.327,113.13,0.0912783358228,0.0,0
2018-05-27 17:18:01.411,113.55,0.0912783358228,0.0,0
2018-05-27 17:18:01.784,112.39,0.0912783358228,0.0,0
2018-05-27 17:18:02.030,112.34,0.0912783358228,0.0,0
2018-05-27 17:18:02.123,112.98,0.0912783358228,0.0,0
2018-05-27 17:18:02.393,113.55,0.0912783358228,0.0,0
2018-05-27 17:18:02.775,114.24,0.0912783358228,0.0,0
2018-05-27 17:18:02.868,114.15,0.0912783358228,0.0,0
2018-05-27 17:18:03.216,116.13,0.0912783358228,0.0,0
2018-05-27 17:18:03.393,116.67,0.0912783358228,0.0,0
2018-05-27 17:18:03.570,118.42,0.0912783358228,0.0,0
2018-05-27 17:18:03.849,120.63,0.0912783358228,0.0,0
2018-05-27 17:18:04.011,119.6,0.0912783358228,0.0,0
2018-05-27 17:18:04.104,118.58,0.0912783358228,0.0,0
2018-05-27 17:18:04.197,119.31,0.0912783358228,0.0,0
2018-05-27 17:18:04.290,118.28,0.0912783358228,0.0,0
2018-05-27 17:18:04.467,116.98,0.0912783358228,0.0,0
2018-05-27 17:18:04.654,116.93,0.0912783358228,0.0,0
2018-05-27 17:18:04.747,116.78,0.0912783358228,0.0,0
2018-05-27 17:18:05.169,114.51,0.0912783358228,0.0,0
2018-05-27 17:18:05.346,114.65,0.0912783358228,0.0,0
2018-05-27 17:18:05.449,114.43,0.0912783358228,0.0,0
2018-05-27 17:18:05.728,112.93,0.0912783358228,0.0,0
2018-05-27 17:18:05.915,111.68,0.0912783358228,0.0,0
2018-05-27 17:18:06.170,110.39,0.0912783358228,0.0,0
2018-05-27 17:18:06.253,110.67,0.0912783358228,0.0,0
2018-05-27 17:18:06.430,109.36,0.0912783358228,0.0,0
2018-05-27 17:18:06.523,109.79,0.0912783358228,0.0,0
2018-05-27 17:18:06.610,109.33,0.0912783358228,0.0,0
2018-05-27 17:18:06.700,108.37,0.0912783358228,0.0,0
2018-05-27 17:18:06.794,107.58,0.0912783358228,0.0,0
2018-05-27 17:18:06.887,107.93,0.0912783358228,0.0,0
2018-05-27 17:18:07.049,107.24,0.0912783358228,0.0,0
2018-05-27 17:18:07.142,106.8,0.0912783358228,0.0,0
2018-05-27 17:18:07.216,106.53,0.0912783358228,0.0,0
2018-05-27 17:18:07.403,106.72,0.0912783358228,0.0,0
2018-05-27 17:18:07.589,104.9,0.0912783358228,0.0,0
2018-05-27 17:18:07.682,105.53,0.0912783358228,0.0,0
2018-05-27 17:18:07.868,104.12,0.0912783358228,0.0,0
2018-05-27 17:18:08.030,103.32,0.0912783358228,0.0,0
2018-05-27 17:18:08.123,104.15,0.0912783358228,0.0,0
2018-05-27 17:18:08.216,104.0,0.0912783358228,0.0,0
2018-05-27 17:18:08.310,103.1,0.0912783358228,0.0,0
2018-05-27 17:18:08.486,103.46,0.0912783358228,0.0,0
2018-05-27 17:18:08.580,103.94,0.0912783358228,0.0,0
2018-05-27 17:18:08.766,103.86,0.0912783358228,0.0,0
2018-05-27 17:18:08.859,104.39,0.0912783358228,0.0,0
2018-05-27 17:18:09.021,105.22,0.0912783358228,0.0,0
2018-05-27 17:18:09.114,106.13,0.0912783358228,0.0,0
2018-05-27 17:18:09.207,106.25,0.0912783358228,0.0,0
2018-05-27 17:18:09.300,106.9,0.0912783358228,0.0,0
2018-05-27 17:18:09.384,107.98,0.0912783358228,0.0,0
2018-05-27 17:18:09.477,108.69,0.0912783358228,0.0,0
2018-05-27 17:18:09.570,108.58,0.0912783358228,0.0,0
2018-05-27 17:18:09.757,110.44,0.0912783358228,0.0,0
2018-05-27 17:18:09.850,110.32,0.0912783358228,0.0,0
2018-05-27 17:18:10.012,111.37,0.0912783358228,0.0,0
2018-05-27 17:18:10.184,111.96,0.0912783358228,0.0,0
2018-05-27 17:18:10.282,113.59,0.0912783358228,0.0,0
2018-05-27 17:18:10.459,113.34,0.0912783358228,0.0,0
2018-05-27 17:18:10.729,114.98,0.0912783358228,0.0,0
2018-05-27 17:18:10.906,113.83,0.0912783358228,0.0,0
2018-05-27 17:18:11.068,114.2,0.0912783358228,0.0,0
2018-05-27 17:18:11.161,112.87,0.0912783358228,0.0,0
2018-05-27 17:18:11.431,112.59,0.0912783358228,0.0,0
2018-05-27 17:18:11.608,112.72,0.0912783358228,0.0,0
2018-05-27 17:18:11.692,112.06,0.0912783358228,0.0,0
2018-05-27 17:18:11.878,112.04,0.0912783358228,0.0,0
2018-05-27 17:18:12.040,111.14,0.0912783358228,0.0,0
2018-05-27 17:18:12.133,111.45,0.0912783358228,0.0,0
2018-05-27 17:18:12.226,110.5,0.0912783358228,0.0,0
2018-05-27 17:18:12.319,110.11,0.0912783358228,0.0,0
2018-05-27 17:18:12.412,110.32,0.0912783358228,0.0,0
2018-05-27 17:18:12.580,109.3,0.0912783358228,0.0,0
2018-05-27 17:18:12.673,108.24,0.0912783358228,0.0,0
2018-05-27 17:18:13.021,107.67,0.0912783358228,0.0,0
2018-05-27 17:18:13.208,106.85,0.0912783358228,0.0,0
2018-05-27 17:18:13.301,106.37,0.0912783358228,0.0,0
2018-05-27 17:18:13.386,107.17,0.0912783358228,0.0,0
2018-05-27 17:18:13.478,107.77,0.0912783358228,0.0,0
2018-05-27 17:18:13.664,106.16,0.0912783358228,0.0,0
2018-05-27 17:18:13.757,107.48,0.0912783358228,0.0,0
2018-05-27 17:18:13.850,106.98,0.0912783358228,0.0,0
2018-05-27 17:18:14.012,107.54,0.0912783358228,0.0,0
2018-05-27 17:18:14.198,107.84,0.0912783358228,0.0,0
2018-05-27 17:18:14.292,108.45,0.0912783358228,0.0,0
2018-05-27 17:18:14.376,110.64,0.0912783358228,0.0,0
2018-05-27 17:18:14.468,111.17,0.0912783358228,0.0,0
2018-05-27 17:18:14.562,111.28,0.0912783358228,0.0,0
2018-05-27 17:18:14.655,112.44,0.0912783358228,0.0,0
2018-05-27 17:18:14.841,114.18,0.0912783358228,0.0,0
2018-05-27 17:18:14.929,114.97,0.0912783358228,0.0,0
2018-05-27 17:18:15.087,115.43,0.0912783358228,0.0,0
2018-05-27 17:18:15.171,115.89,0.0912783358228,0.0,0
2018-05-27 17:18:15.265,114.95,0.0912783358228,0.0,0
2018-05-27 17:18:15.441,114.34,0.0912783358228,0.0,0
2018-05-27 17:18:15.534,114.31,0.0912783358228,0.0,0
2018-05-27 17:18:15.627,113.73,0.0912783358228,0.0,0
2018-05-27 17:18:15.720,113.3,0.0912783358228,0.0,0
2018-05-27 17:18:15.906,113.18,0.0912783358228,0.0,0
2018-05-27 17:18:16.068,111.21,0.0912783358228,0.0,0
2018-05-27 17:18:16.171,111.42,0.0912783358228,0.0,0
2018-05-27 17:18:16.264,111.4,0.0912783358228,0.0,0
2018-05-27 17:18:16.441,110.12,0.0912783358228,0.0,0
2018-05-27 17:18:16.534,109.54,0.0912783358228,0.0,0
2018-05-27 17:18:16.720,109.18,0.0912783358228,0.0,0
2018-05-27 17:18:16.813,109.11,0.0912783358228,0.0,0
2018-05-27 17:18:17.059,109.02,0.0912783358228,0.0,0
2018-05-27 17:18:17.143,108.07,0.0912783358228,0.0,0
2018-05-27 17:18:17.236,107.29,0.0912783358228,0.0,0
2018-05-27 17:18:17.329,107.8,0.0912783358228,0.0,0
2018-05-27 17:18:17.422,107.16,0.0912783358228,0.0,0
2018-05-27 17:18:17.609,106.54,0.0912783358228,0.0,0
2018-05-27 17:18:17.702,105.96,0.0912783358228,0.0,0
2018-05-27 17:18:17.879,105.85,0.0912783358228,0.0,0
2018-05-27 17:18:18.040,105.84,0.0912783358228,0.0,0
2018-05-27 17:18:18.134,105.53,0.0912783358228,0.0,0
2018-05-27 17:18:18.320,103.45,0.0912783358228,0.0,0
2018-05-27 17:18:18.497,103.84,0.0912783358228,0.0,0
2018-05-27 17:18:18.674,103.21,0.0912783358228,0.0,0
2018-05-27 17:18:18.860,102.46,0.0912783358228,0.0,0
2018-05-27 17:18:19.022,101.72,0.0912783358228,0.0,0
2018-05-27 17:18:19.115,102.23,0.0912783358228,0.0,0
2018-05-27 17:18:19.208,101.91,0.0912783358228,0.0,0
2018-05-27 17:18:19.301,101.39,0.0912783358228,0.0,0
2018-05-27 17:18:19.385,101.09,0.0912783358228,0.0,0
2018-05-27 17:18:19.478,100.78,0.0912783358228,0.0,0
2018-05-27 17:18:19.655,100.39,0.0912783358228,0.0,0
2018-05-27 17:18:19.748,100.01,0.0912783358228,0.0,0
2018-05-27 17:18:19.842,99.84,0.0912783358228,0.0,0
2018-05-27 17:18:20.171,100.56,0.0912783358228,0.0,0
2018-05-27 17:18:20.264,100.93,0.0912783358228,0.0,0
2018-05-27 17:18:20.348,100.59,0.0912783358228,0.0,0
2018-05-27 17:18:20.534,100.17,0.0912783358228,0.0,0
2018-05-27 17:18:20.721,100.48,0.0912783358228,0.0,0
2018-05-27 17:18:20.907,101.42,0.0912783358228,0.0,0
2018-05-27 17:18:21.069,101.91,0.0912783358228,0.0,0
2018-05-27 17:18:21.255,101.81,0.0912783358228,0.0,0
2018-05-27 17:18:21.339,102.07,0.0912783358228,0.0,0
2018-05-27 17:18:21.432,101.89,0.0912783358228,0.0,0
2018-05-27 17:18:21.525,103.09,0.0912783358228,0.0,0
2018-05-27 17:18:21.618,103.4,0.0912783358228,0.0,0
2018-05-27 17:18:21.711,103.23,0.0912783358228,0.0,0
2018-05-27 17:18:21.805,104.95,0.0912783358228,0.0,0
2018-05-27 17:18:21.898,105.45,0.0912783358228,0.0,0
2018-05-27 17:18:22.330,104.21,0.0912783358228,0.0,0
2018-05-27 17:18:22.507,103.08,0.0912783358228,0.0,0
2018-05-27 17:18:22.600,102.25,0.0912783358228,0.0,0
2018-05-27 17:18:22.693,101.55,0.0912783358228,0.0,0
2018-05-27 17:18:22.786,101.35,0.0912783358228,0.0,0
2018-05-27 17:18:22.879,100.4,0.0912783358228,0.0,0
2018-05-27 17:18:23.041,100.02,0.0912783358228,0.0,0
2018-05-27 17:18:23.218,98.69,0.0912783358228,0.0,0
2018-05-27 17:18:23.311,98.15,0.0912783358228,0.0,0
2018-05-27 17:18:23.395,97.88,0.0912783358228,0.0,0
2018-05-27 17:18:23.581,97.14,0.0912783358228,0.0,0
2018-05-27 17:18:23.674,96.9,0.0912783358228,0.0,0
2018-05-27 17:18:23.767,95.92,0.0912783358228,0.0,0
2018-05-27 17:18:23.861,95.79,0.0912783358228,0.0,0
2018-05-27 17:18:24.022,95.1,0.0912783358228,0.0,0
2018-05-27 17:18:24.116,95.83,0.0912783358228,0.0,0
2018-05-27 17:18:24.199,95.03,0.0912783358228,0.0,0
2018-05-27 17:18:24.293,94.42,0.0912783358228,0.0,0
2018-05-27 17:18:24.376,93.92,0.0912783358228,0.0,0
2018-05-27 17:18:24.469,93.63,0.0912783358228,0.0,0
2018-05-27 17:18:24.563,93.02,0.0912783358228,0.0,0
2018-05-27 17:18:24.653,91.94,0.0912783358228,0.0,0
2018-05-27 17:18:24.744,90.73,0.0912783358228,0.0,0
2018-05-27 17:18:25.078,88.42,0.0912783358228,0.0,0
2018-05-27 17:18:25.432,87.42,0.0912783358228,0.0,0
2018-05-27 17:18:25.525,86.7,0.0912783358228,0.0,0
2018-05-27 17:18:25.805,85.65,0.0912783358228,0.0,0
2018-05-27 17:18:25.898,84.87,0.0912783358228,0.0,0
2018-05-27 17:18:26.144,82.85,0.0912783358228,0.0,0
2018-05-27 17:18:26.237,81.74,0.0912783358228,0.0,0
2018-05-27 17:18:26.330,81.33,0.0912783358228,0.0,0
2018-05-27 17:18:26.516,79.74,0.0912783358228,0.0,0
2018-05-27 17:18:26.610,78.59,0.0912783358228,0.0,0
2018-05-27 17:18:26.693,78.66,0.0912783358228,0.0,0
2018-05-27 17:18:26.786,77.35,0.0912783358228,0.0,0
2018-05-27 17:18:27.312,75.34,0.0912783358228,0.0,0
2018-05-27 17:18:27.489,74.54,0.0912783358228,0.0,0
2018-05-27 17:18:27.759,73.97,0.0912783358228,0.0,0
2018-05-27 17:18:27.846,74.28,0.0912783358228,0.0,0
2018-05-27 17:18:28.004,73.22,0.0912783358228,0.0,0
2018-05-27 17:18:28.097,73.84,0.0912783358228,0.0,0
2018-05-27 17:18:28.284,72.93,0.0912783358228,0.0,0
2018-05-27 17:18:28.372,72.06,0.0912783358228,0.0,0
2018-05-27 17:18:28.461,72.35,0.0912783358228,0.0,0
2018-05-27 17:18:28.732,71.37,0.0912783358228,0.0,0
2018-05-27 17:18:28.824,71.35,0.0912783358228,0.0,0
2018-05-27 17:18:28.917,70.98,0.0912783358228,0.0,0
2018-05-27 17:18:29.265,71.41,0.0912783358228,0.0,0
2018-05-27 17:18:29.349,70.87,0.0912783358228,0.0,0
2018-05-27 17:18:29.442,72.0,0.0912783358228,0.0,0
2018-05-27 17:18:29.536,72.36,0.0912783358228,0.0,0
2018-05-27 17:18:29.619,72.96,0.0912783358228,0.0,0
2018-05-27 17:18:29.805,73.06,0.0912783358228,0.0,0
2018-05-27 17:18:30.060,74.23,0.0912783358228,0.0,0
2018-05-27 17:18:30.153,74.6,0.0912783358228,0.0,0
2018-05-27 17:18:30.247,74.96,0.0912783358228,0.0,0
2018-05-27 17:18:30.331,75.37,0.0912783358228,0.0,0
2018-05-27 17:18:30.424,74.57,0.0912783358228,0.0,0
2018-05-27 17:18:30.694,74.06,0.0912783358228,0.0,0
2018-05-27 17:18:30.787,73.85,0.0912783358228,0.0,0
2018-05-27 17:18:30.880,73.9,0.0912783358228,0.0,0
2018-05-27 17:18:31.042,74.42,0.0912783358228,0.0,0
2018-05-27 17:18:31.135,74.68,0.0912783358228,0.0,0
2018-05-27 17:18:31.228,74.45,0.0912783358228,0.0,0
2018-05-27 17:18:31.591,76.37,0.0912783358228,0.0,0
2018-05-27 17:18:31.871,78.79,0.0912783358228,0.0,0
2018-05-27 17:18:32.024,79.07,0.0912783358228,0.0,0
2018-05-27 17:18:32.117,80.1,0.0912783358228,0.0,0
2018-05-27 17:18:32.573,84.0,0.0912783358228,0.0,0
2018-05-27 17:18:32.750,85.86,0.0912783358228,0.0,0
2018-05-27 17:18:33.350,89.74,0.0912783358228,0.0,0
2018-05-27 17:18:33.433,90.37,0.0912783358228,0.0,0
2018-05-27 17:18:33.620,89.95,0.0912783358228,0.0,0
2018-05-27 17:18:33.713,91.13,0.0912783358228,0.0,0
2018-05-27 17:18:33.807,91.77,0.0912783358228,0.0,0
2018-05-27 17:18:34.145,94.07,0.0912783358228,0.0,0
2018-05-27 17:18:34.238,95.86,0.0912783358228,0.0,0
2018-05-27 17:18:34.424,97.98,0.0912783358228,0.0,0
2018-05-27 17:18:34.508,98.39,0.0912783358228,0.0,0
2018-05-27 17:18:35.043,103.18,0.0912783358228,0.0,0
2018-05-27 17:18:35.685,101.72,0.0912783358228,0.0,0
2018-05-27 17:18:35.872,101.57,0.0912783358228,0.0,0
2018-05-27 17:18:36.024,102.27,0.0912783358228,0.0,0
2018-05-27 17:18:36.388,103.34,0.0912783358228,0.0,0
2018-05-27 17:18:36.760,107.18,0.0912783358228,0.0,0
2018-05-27 17:18:37.015,109.02,0.0912783358228,0.0,0
2018-05-27 17:18:37.108,110.83,0.0912783358228,0.0,0
2018-05-27 17:18:37.183,111.54,0.0912783358228,0.0,0
2018-05-27 17:18:37.285,112.4,0.0912783358228,0.0,0
2018-05-27 17:18:37.378,114.0,0.0912783358228,0.0,0
2018-05-27 17:18:37.546,116.07,0.0912783358228,0.0,0
2018-05-27 17:18:37.639,117.85,0.0912783358228,0.0,0
2018-05-27 17:18:37.732,118.85,0.0912783358228,0.0,0
2018-05-27 17:18:37.909,121.39,0.0912783358228,0.0,0
2018-05-27 17:18:38.071,123.65,0.0912783358228,0.0,0
2018-05-27 17:18:38.164,123.76,0.0912783358228,0.0,0
2018-05-27 17:18:38.258,124.91,0.0912783358228,0.0,0
2018-05-27 17:18:38.342,126.66,0.0912783358228,0.0,0
2018-05-27 17:18:38.435,126.78,0.0912783358228,0.0,0
2018-05-27 17:18:38.518,129.11,0.0912783358228,0.0,0
2018-05-27 17:18:38.789,131.21,0.084461701133,0.0250000003725,0
2018-05-27 17:18:39.137,135.49,0.0604507068098,0.10000000149,0
2018-05-27 17:18:39.230,136.44,0.0503265041511,0.0500000007451,0
2018-05-27 17:18:39.416,138.57,0.0373559793582,0.17499999702,0
2018-05-27 17:18:39.491,139.79,0.0984295474709,0.27500000596,0
2018-05-27 17:18:39.770,142.36,0.211574494463,0.300000011921,0
2018-05-27 17:18:39.863,143.8,0.331195199475,0.22499999404,0
2018-05-27 17:18:40.025,144.94,0.686264822914,0.47499999404,0
2018-05-27 17:18:40.118,144.9,0.299999996735,0.0250000003725,0
2018-05-27 17:18:40.211,146.06,0.299999996735,0.0,0
2018-05-27 17:18:40.305,146.07,0.299999996735,0.0,0
2018-05-27 17:18:40.390,145.83,0.299999996735,0.0,0
2018-05-27 17:18:40.575,144.52,0.299999996735,0.0,0
2018-05-27 17:18:40.668,143.67,0.428124443606,0.0,0
2018-05-27 17:18:40.761,142.66,0.274251146942,0.0250000003725,0
2018-05-27 17:18:40.854,141.54,0.148570453694,0.0250000003725,0
2018-05-27 17:18:41.109,140.72,0.0779753546907,0.0,0
2018-05-27 17:18:41.202,140.22,0.0659749106915,0.0250000003725,0
2018-05-27 17:18:41.296,139.64,0.0718147215765,0.0,0
2018-05-27 17:18:41.473,138.77,0.0604507068098,0.0500000007451,0
2018-05-27 17:18:41.659,138.15,0.0503265041511,0.0500000007451,0
2018-05-27 17:18:41.752,138.24,0.0413931335422,0.0500000007451,0
2018-05-27 17:18:42.175,137.45,0.0373559788355,0.0250000003725,0
2018-05-27 17:18:42.268,137.7,0.0335952601334,0.0250000003725,0
2018-05-27 17:18:42.352,139.08,0.0335952601334,0.0250000003725,0
2018-05-27 17:18:42.445,139.49,0.0335952601334,0.0250000003725,0
2018-05-27 17:18:42.538,140.53,0.0335952601334,0.0,0
2018-05-27 17:18:42.631,141.39,0.0373559788355,0.0,0
2018-05-27 17:18:42.724,142.1,0.0373559788355,0.0,0
2018-05-27 17:18:42.911,142.98,0.0457142687234,0.0,0
2018-05-27 17:18:43.166,144.86,0.0552365470952,0.0,0
2018-05-27 17:18:43.259,145.72,0.0659749106915,0.0,0
2018-05-27 17:18:43.510,146.58,0.0718147215765,0.0,0
2018-05-27 17:18:43.790,148.36,0.0659749106915,0.0500000007451,0
2018-05-27 17:18:44.046,148.36,0.0651913987427,0.0250000003725,0
2018-05-27 17:18:44.129,148.68,0.0651913987427,0.0250000003725,0
2018-05-27 17:18:44.315,148.1,0.0598026658935,0.0250000003725,0
2018-05-27 17:18:44.408,147.05,0.0598026658935,0.0,0
2018-05-27 17:18:44.660,148.61,0.0547126655481,0.0250000003725,0
2018-05-27 17:18:44.846,149.09,0.045405845264,0.0500000007451,0
2018-05-27 17:18:45.008,150.26,0.0411766077587,0.0250000003725,0
2018-05-27 17:18:45.288,149.31,0.0372212397995,0.0250000003725,0
2018-05-27 17:18:45.380,149.77,0.0335325642489,0.0250000003725,0
2018-05-27 17:18:45.473,149.26,0.0372212397995,0.0250000003725,0
2018-05-27 17:18:45.567,147.37,0.0411766077587,0.0,0
2018-05-27 17:18:45.660,146.91,0.045405845264,0.0,0
2018-05-27 17:18:45.846,146.68,0.0499157328631,0.0,0
2018-05-27 17:18:46.092,145.14,0.0499157328631,0.0,0
2018-05-27 17:18:46.269,143.91,0.0547126655481,0.0,0
2018-05-27 17:18:46.353,143.37,0.0651913987427,0.0,0
2018-05-27 17:18:46.446,142.71,0.0708841869679,0.0,0
2018-05-27 17:18:46.539,142.05,0.076886027894,0.0,0
2018-05-27 17:18:46.632,141.81,0.0832016100489,0.0,0
2018-05-27 17:18:46.725,139.87,0.0898353299608,0.0,0
2018-05-27 17:18:46.818,138.7,0.0898353299608,0.0,0
2018-05-27 17:18:46.902,137.6,0.0898353299608,0.0,0
2018-05-27 17:18:47.064,136.26,0.0898353299608,0.0,0
2018-05-27 17:18:47.157,135.27,0.0898353299608,0.0,0
2018-05-27 17:18:47.250,133.86,0.0898353299608,0.0,0
2018-05-27 17:18:47.334,133.77,0.0898353299608,0.0,0
2018-05-27 17:18:47.614,131.6,0.0832016100489,0.0250000003725,0
2018-05-27 17:18:47.707,131.08,0.076886027894,0.0250000003725,0
2018-05-27 17:18:47.791,131.08,0.076886027894,0.0,0
2018-05-27 17:18:47.884,129.87,0.0547126655481,0.10000000149,0
2018-05-27 17:18:48.046,129.96,0.0499157328631,0.0250000003725,0
2018-05-27 17:18:48.232,130.03,0.045405845264,0.0250000003725,0
2018-05-27 17:18:48.325,129.78,0.045405845264,0.0,0
2018-05-27 17:18:48.418,129.21,0.045405845264,0.0,0
2018-05-27 17:18:48.502,128.68,0.0372212397995,0.0500000007451,0
2018-05-27 17:18:48.679,128.49,0.0372212397995,0.0,0
2018-05-27 17:18:48.865,129.22,0.0411766077587,0.0,0
2018-05-27 17:18:49.027,128.88,0.045405845264,0.0,0
2018-05-27 17:18:49.214,128.01,0.045405845264,0.0,0
2018-05-27 17:18:49.391,128.37,0.0651913987427,0.0,0
2018-05-27 17:18:49.568,128.72,0.0708841869679,0.0,0
2018-05-27 17:18:50.093,129.5,0.076886027894,0.0,0
2018-05-27 17:18:50.270,132.84,0.076886027894,0.0,0
2018-05-27 17:18:50.447,132.9,0.076886027894,0.0,0
2018-05-27 17:18:50.540,133.2,0.0898353299608,0.0,0
2018-05-27 17:18:50.633,133.8,0.0898353299608,0.0,0
2018-05-27 17:18:50.727,135.07,0.0898353299608,0.0,0
2018-05-27 17:18:50.819,135.89,0.0898353299608,0.0,0
2018-05-27 17:18:50.913,136.57,0.0898353299608,0.0,0
2018-05-27 17:18:51.075,136.82,0.0898353299608,0.0,0
2018-05-27 17:18:51.158,136.6,0.0898353299608,0.0,0
2018-05-27 17:18:51.233,137.98,0.0898353299608,0.0,0
2018-05-27 17:18:51.335,137.93,0.0898353299608,0.0,0
2018-05-27 17:18:51.428,138.87,0.0898353299608,0.0,0
2018-05-27 17:18:51.521,139.24,0.0898353299608,0.0,0
2018-05-27 17:18:51.615,139.95,0.0898353299608,0.0,0
2018-05-27 17:18:51.801,140.2,0.0898353299608,0.0,0
2018-05-27 17:18:52.046,139.71,0.0898353299608,0.0,0
2018-05-27 17:18:52.233,136.44,0.0898353299608,0.0,0
2018-05-27 17:18:52.503,132.92,0.0898353299608,0.0,0
2018-05-27 17:18:52.596,132.4,0.0898353299608,0.0,0
2018-05-27 17:18:52.689,131.31,0.0898353299608,0.0,0
2018-05-27 17:18:52.773,130.17,0.0898353299608,0.0,0
2018-05-27 17:18:52.866,128.65,0.0832016100489,0.0250000003725,0
2018-05-27 17:18:53.028,126.75,0.0708841869679,0.0500000007451,0
2018-05-27 17:18:53.121,127.52,0.0708841869679,0.0,0
2018-05-27 17:18:53.214,125.92,0.0651913987427,0.0250000003725,0
2018-05-27 17:18:53.308,125.11,0.0651913987427,0.0,0
2018-05-27 17:18:53.391,124.95,0.0651913987427,0.0,0
2018-05-27 17:18:53.671,122.65,0.0651913987427,0.0,0
2018-05-27 17:18:54.093,120.59,0.0651913987427,0.0,0
2018-05-27 17:18:54.177,119.22,0.0651913987427,0.0,0
2018-05-27 17:18:54.354,118.58,0.0651913987427,0.0,0
2018-05-27 17:18:54.447,118.55,0.0708841869679,0.0,0
2018-05-27 17:18:54.634,117.48,0.0832016100489,0.0,0
2018-05-27 17:18:55.168,116.02,0.0832016100489,0.0,0
2018-05-27 17:18:55.261,115.96,0.0898353299608,0.0,0
2018-05-27 17:18:55.345,115.92,0.0898353299608,0.0,0
2018-05-27 17:18:55.802,115.72,0.0898353299608,0.0,0
2018-05-27 17:18:55.895,117.22,0.0898353299608,0.0,0
2018-05-27 17:18:56.057,116.99,0.0898353299608,0.0,0
2018-05-27 17:18:56.150,117.62,0.0898353299608,0.0,0
2018-05-27 17:18:56.243,117.46,0.0898353299608,0.0,0
2018-05-27 17:18:56.429,117.79,0.0898353299608,0.0,0
2018-05-27 17:18:56.513,118.08,0.0898353299608,0.0,0
2018-05-27 17:18:56.606,117.91,0.0898353299608,0.0,0
2018-05-27 17:18:56.699,119.32,0.0898353299608,0.0,0
2018-05-27 17:18:56.793,119.0,0.0898353299608,0.0,0
2018-05-27 17:18:56.886,120.24,0.0898353299608,0.0,0
2018-05-27 17:18:57.048,118.87,0.0898353299608,0.0,0
2018-05-27 17:18:57.141,119.5,0.0898353299608,0.0,0
2018-05-27 17:18:57.234,118.16,0.0898353299608,0.0,0
2018-05-27 17:18:57.327,117.8,0.0898353299608,0.0,0
2018-05-27 17:18:57.411,118.1,0.0898353299608,0.0,0
2018-05-27 17:18:57.597,117.39,0.0898353299608,0.0,0
2018-05-27 17:18:57.783,116.32,0.0898353299608,0.0,0
2018-05-27 17:18:57.877,116.12,0.0898353299608,0.0,0
2018-05-27 17:18:58.038,115.11,0.0898353299608,0.0,0
2018-05-27 17:18:58.132,116.79,0.0898353299608,0.0,0
2018-05-27 17:18:58.225,116.63,0.0898353299608,0.0,0
2018-05-27 17:18:58.318,116.57,0.089805254644,0.0,0
2018-05-27 17:18:58.402,116.57,0.089805254644,0.0,0
2018-05-27 17:18:58.495,117.51,0.089805254644,0.0,0
2018-05-27 17:18:58.588,116.93,0.089805254644,0.0,0
2018-05-27 17:18:58.681,117.9,0.089805254644,0.0,0
2018-05-27 17:18:58.774,117.26,0.089805254644,0.0,0
2018-05-27 17:18:58.868,118.54,0.089805254644,0.0,0
2018-05-27 17:18:59.206,119.27,0.089805254644,0.0,0
2018-05-27 17:18:59.299,120.89,0.089805254644,0.0,0
2018-05-27 17:18:59.383,121.2,0.089805254644,0.0,0
2018-05-27 17:18:59.476,122.31,0.089805254644,0.0,0
2018-05-27 17:18:59.570,122.76,0.089805254644,0.0,0
2018-05-27 17:18:59.663,123.23,0.089805254644,0.0,0
2018-05-27 17:18:59.756,124.79,0.089805254644,0.0,0
2018-05-27 17:18:59.849,125.22,0.089805254644,0.0,0
2018-05-27 17:19:00.011,125.5,0.089805254644,0.0,0
2018-05-27 17:19:00.104,125.44,0.089805254644,0.0,0
2018-05-27 17:19:00.286,126.74,0.0831753403323,0.0250000003725,0
2018-05-27 17:19:00.379,127.18,0.076863311839,0.0250000003725,0
2018-05-27 17:19:00.467,127.3,0.076863311839,0.0,0
2018-05-27 17:19:00.821,127.98,0.076863311839,0.0,0
2018-05-27 17:19:00.914,129.07,0.076863311839,0.0,0
2018-05-27 17:19:01.076,129.38,0.076863311839,0.0,0
2018-05-27 17:19:01.170,129.73,0.076863311839,0.0,0
2018-05-27 17:19:01.263,130.22,0.0651750496356,0.0500000007451,0
2018-05-27 17:19:01.356,131.34,0.0597891387467,0.0250000003725,0
2018-05-27 17:19:01.626,133.75,0.0597891387467,0.0,0
2018-05-27 17:19:01.710,134.57,0.0651750496356,0.0,0
2018-05-27 17:19:01.887,136.75,0.0708647764036,0.0,0
2018-05-27 17:19:02.049,137.55,0.0708647764036,0.0,0
2018-05-27 17:19:02.142,138.04,0.0708647764036,0.0,0
2018-05-27 17:19:02.328,139.79,0.0708647764036,0.0,0
2018-05-27 17:19:02.496,140.83,0.0708647764036,0.0,0
2018-05-27 17:19:02.775,141.27,0.0708647764036,0.0,0
2018-05-27 17:19:02.868,140.89,0.0831753403323,0.0,0
2018-05-27 17:19:03.030,140.1,0.089805254644,0.0,0
2018-05-27 17:19:03.487,135.32,0.089805254644,0.0,0
2018-05-27 17:19:03.673,132.66,0.089805254644,0.0,0
2018-05-27 17:19:03.766,130.78,0.089805254644,0.0,0
2018-05-27 17:19:03.859,129.97,0.0831753403323,0.0250000003725,0
2018-05-27 17:19:04.207,126.74,0.076863311839,0.0250000003725,0
2018-05-27 17:19:04.384,124.11,0.0651750496356,0.0500000007451,0
2018-05-27 17:19:04.477,122.91,0.0597891387467,0.0250000003725,0
2018-05-27 17:19:04.571,121.01,0.0547017258326,0.0250000003725,0
2018-05-27 17:19:04.850,119.41,0.0453993990388,0.0500000007451,0
2018-05-27 17:19:05.096,117.5,0.0453993990388,0.0,0
2018-05-27 17:19:05.180,116.17,0.0453993990388,0.0,0
2018-05-27 17:19:05.366,114.48,0.0453993990388,0.0,0
2018-05-27 17:19:05.543,111.84,0.0453993990388,0.0,0
2018-05-27 17:19:05.636,110.34,0.04990715148,0.0,0
2018-05-27 17:19:05.729,109.65,0.0547017258326,0.0,0
2018-05-27 17:19:06.329,102.91,0.0651750496356,0.0,0
2018-05-27 17:19:06.608,101.03,0.0708647764036,0.0,0
2018-05-27 17:19:07.134,100.1,0.076863311839,0.0,0
2018-05-27 17:19:07.674,105.1,0.089805254644,0.0,0
2018-05-27 17:19:08.022,109.78,0.089805254644,0.0,0
2018-05-27 17:19:08.115,111.67,0.089805254644,0.0,0
2018-05-27 17:19:08.208,112.82,0.089805254644,0.0,0
2018-05-27 17:19:08.302,114.85,0.089805254644,0.0,0
2018-05-27 17:19:08.567,118.85,0.089805254644,0.0,0
2018-05-27 17:19:08.656,120.14,0.089805254644,0.0,0
2018-05-27 17:19:08.926,124.92,0.089805254644,0.0,0
2018-05-27 17:19:09.181,126.54,0.089805254644,0.0,0
2018-05-27 17:19:09.367,130.15,0.089805254644,0.0,0
2018-05-27 17:19:09.619,133.11,0.089805254644,0.0,0
2018-05-27 17:19:09.712,134.02,0.089805254644,0.0,0
2018-05-27 17:19:09.805,135.68,0.089805254644,0.0,0
2018-05-27 17:19:09.898,136.31,0.089805254644,0.0,0
2018-05-27 17:19:10.060,137.27,0.089805254644,0.0,0
2018-05-27 17:19:10.246,139.19,0.0831753403323,0.0250000003725,0
2018-05-27 17:19:10.330,140.52,0.076863311839,0.0250000003725,0
2018-05-27 17:19:10.423,140.95,0.076863311839,0.0,0
2018-05-27 17:19:10.796,140.74,0.076863311839,0.0,0
2018-05-27 17:19:10.889,141.0,0.076863311839,0.0,0
2018-05-27 17:19:11.238,140.77,0.076863311839,0.0,0
2018-05-27 17:19:11.330,141.32,0.076863311839,0.0,0
2018-05-27 17:19:11.424,141.36,0.076863311839,0.0,0
2018-05-27 17:19:11.517,140.84,0.076863311839,0.0,0
2018-05-27 17:19:11.610,142.31,0.076863311839,0.0,0
2018-05-27 17:19:11.703,144.04,0.076863311839,0.0250000003725,0
2018-05-27 17:19:11.796,143.98,0.076863311839,0.0250000003725,0
2018-05-27 17:19:11.889,144.87,0.076863311839,0.0,0
2018-05-27 17:19:12.051,144.99,0.076863311839,0.0,0
2018-05-27 17:19:12.228,145.8,0.076863311839,0.0,0
2018-05-27 17:19:12.405,146.58,0.076863311839,0.0,0
2018-05-27 17:19:12.498,146.04,0.076863311839,0.0,0
2018-05-27 17:19:12.591,145.34,0.076863311839,0.0,0
2018-05-27 17:19:12.685,145.72,0.076863311839,0.0,0
2018-05-27 17:19:12.778,144.68,0.076863311839,0.0,0
2018-05-27 17:19:13.024,144.72,0.0831753403323,0.0,0
2018-05-27 17:19:13.117,146.69,0.089805254644,0.0,0
2018-05-27 17:19:13.303,146.65,0.089805254644,0.0,0
2018-05-27 17:19:13.396,145.6,0.089805254644,0.0,0
2018-05-27 17:19:13.573,143.59,0.089805254644,0.0,0
2018-05-27 17:19:13.750,141.02,0.089805254644,0.0,0
2018-05-27 17:19:14.089,134.37,0.089805254644,0.0,0
2018-05-27 17:19:14.275,132.03,0.089805254644,0.0,0
2018-05-27 17:19:14.359,130.95,0.089805254644,0.0,0
2018-05-27 17:19:14.546,127.14,0.089805254644,0.0,0
2018-05-27 17:19:14.629,126.01,0.089805254644,0.0,0
2018-05-27 17:19:14.806,122.83,0.0898031723818,0.0,0
2018-05-27 17:19:14.900,120.84,0.0898031723818,0.0,0
2018-05-27 17:19:15.248,116.35,0.0898031723818,0.0,0
2018-05-27 17:19:15.332,114.12,0.0898031723818,0.0,0
2018-05-27 17:19:15.425,114.06,0.0898031723818,0.0,0
2018-05-27 17:19:15.518,112.22,0.0898031723818,0.0,0
2018-05-27 17:19:15.797,113.75,0.0898031723818,0.0,0
2018-05-27 17:19:16.146,113.68,0.0898031723818,0.0,0
2018-05-27 17:19:16.239,113.14,0.0898031723818,0.0,0
2018-05-27 17:19:16.518,118.75,0.0898031723818,0.0,0
2018-05-27 17:19:16.602,119.35,0.0898031723818,0.0,0
2018-05-27 17:19:16.695,121.67,0.0898031723818,0.0,0
2018-05-27 17:19:16.788,122.69,0.0898031723818,0.0,0
2018-05-27 17:19:16.881,123.54,0.0898031723818,0.0,0
2018-05-27 17:19:17.323,124.56,0.0898031723818,0.0,0
2018-05-27 17:19:17.407,122.79,0.0898031723818,0.0,0
2018-05-27 17:19:17.500,122.65,0.0898031723818,0.0,0
2018-05-27 17:19:17.593,122.19,0.0898031723818,0.0,0
2018-05-27 17:19:17.779,121.71,0.0898031723818,0.0,0
2018-05-27 17:19:17.872,121.58,0.0898031723818,0.0,0
2018-05-27 17:19:18.034,120.74,0.0898031723818,0.0,0
2018-05-27 17:19:18.398,120.64,0.0898031723818,0.0,0
2018-05-27 17:19:18.491,121.53,0.0898031723818,0.0,0
2018-05-27 17:19:18.770,124.58,0.0898031723818,0.0,0
2018-05-27 17:19:19.025,125.58,0.0898031723818,0.0,0
2018-05-27 17:19:19.118,127.6,0.0898031723818,0.0,0
2018-05-27 17:19:19.389,130.03,0.0898031723818,0.0,0
2018-05-27 17:19:19.482,133.08,0.0898031723818,0.0,0
2018-05-27 17:19:19.575,134.13,0.0898031723818,0.0,0
2018-05-27 17:19:19.668,135.57,0.0898031723818,0.0,0
2018-05-27 17:19:20.277,142.17,0.0898031723818,0.0,0
2018-05-27 17:19:20.361,144.73,0.0898031723818,0.0,0
2018-05-27 17:19:20.454,144.4,0.0898031723818,0.0,0
2018-05-27 17:19:20.733,147.94,0.0768617390761,0.0500000007451,0
2018-05-27 17:19:20.920,150.75,0.07086343249,0.0250000003725,0
2018-05-27 17:19:21.175,150.61,0.07086343249,0.0,0
2018-05-27 17:19:21.538,155.29,0.07086343249,0.0,0
2018-05-27 17:19:21.622,155.2,0.07086343249,0.0,0
2018-05-27 17:19:21.808,158.17,0.07086343249,0.0,0
2018-05-27 17:19:21.901,159.92,0.07086343249,0.0,0
2018-05-27 17:19:22.063,159.5,0.07086343249,0.0,0
2018-05-27 17:19:22.427,163.57,0.07086343249,0.0,0
2018-05-27 17:19:22.520,163.5,0.07086343249,0.0,0
2018-05-27 17:19:22.613,165.38,0.0831735215403,0.0,0
2018-05-27 17:19:22.706,164.97,0.0898031723818,0.0,0
2018-05-27 17:19:23.054,167.07,0.0898031723818,0.0,0
2018-05-27 17:19:23.241,167.36,0.0768617390761,0.0500000007451,0
2018-05-27 17:19:23.501,171.82,0.0768617390761,0.0,0
2018-05-27 17:19:23.594,171.21,0.0768617390761,0.0,0
2018-05-27 17:19:23.688,172.1,0.07086343249,0.0250000003725,0
2018-05-27 17:19:23.874,175.1,0.07086343249,0.0,0
2018-05-27 17:19:24.027,174.57,0.0651739176774,0.0250000003725,0
2018-05-27 17:19:24.120,176.14,0.0651739176774,0.0,0
2018-05-27 17:19:24.306,176.13,0.0651739176774,0.0,0
2018-05-27 17:19:24.390,178.94,0.0651739176774,0.0,0
2018-05-27 17:19:24.483,179.39,0.0411717667647,0.125,0
2018-05-27 17:19:24.576,179.92,0.0372182255102,0.0750000029802,0
2018-05-27 17:19:24.669,180.24,0.0301030002562,0.0500000007451,0
2018-05-27 17:19:24.762,181.05,0.037218226876,0.0500000007451,0
2018-05-27 17:19:24.851,183.12,0.037218226876,0.0250000003725,0
2018-05-27 17:19:25.008,183.7,0.037218226876,0.0,0
2018-05-27 17:19:25.092,182.44,0.0453989545943,0.0750000029802,0
2018-05-27 17:19:25.278,184.6,0.0453989545943,0.0,0
2018-05-27 17:19:25.371,185.29,0.0453989545943,0.0,0
2018-05-27 17:19:25.549,185.42,0.0453989545943,0.0,0
2018-05-27 17:19:25.642,185.52,0.0335311602866,0.0,0
2018-05-27 17:19:25.735,186.02,0.0453989523821,0.0,0
2018-05-27 17:19:25.819,186.88,0.0547009680223,0.0,0
2018-05-27 17:19:26.064,187.35,0.0651739172649,0.0,0
2018-05-27 17:19:26.157,186.97,0.0708634320546,0.0,0
2018-05-27 17:19:26.251,187.95,0.0708634320546,0.0,0
2018-05-27 17:19:26.428,189.83,0.0898031723818,0.0,0
2018-05-27 17:19:26.522,190.21,0.0898031723818,0.0,0
2018-05-27 17:19:26.605,190.82,0.0898031723818,0.0,0
2018-05-27 17:19:26.698,191.27,0.0898031723818,0.0,0
2018-05-27 17:19:26.791,191.3,0.0898031723818,0.0,0
2018-05-27 17:19:26.884,191.84,0.0898031723818,0.0,0
2018-05-27 17:19:27.139,194.72,0.0898031723818,0.0,0
2018-05-27 17:19:27.232,193.87,0.0898031723818,0.0,0
2018-05-27 17:19:27.325,194.92,0.0898031723818,0.0,0
2018-05-27 17:19:27.419,194.85,0.0898031723818,0.0,0
2018-05-27 17:19:27.502,195.01,0.0898031723818,0.0,0
2018-05-27 17:19:27.689,197.58,0.0898031723818,0.0,0
2018-05-27 17:19:27.782,197.89,0.0898031723818,0.0,0
2018-05-27 17:19:27.875,197.89,0.0898031723818,0.0,0
2018-05-27 17:19:28.037,197.79,0.0898031723818,0.0,0
2018-05-27 17:19:28.223,199.06,0.0898031723818,0.0,0
2018-05-27 17:19:28.316,199.85,0.0898031723818,0.0,0
2018-05-27 17:19:28.410,200.33,0.0898031723818,0.0,0
2018-05-27 17:19:28.493,202.12,0.0898031723818,0.0,0
2018-05-27 17:19:28.587,202.25,0.0898031723818,0.0,0
2018-05-27 17:19:28.773,203.66,0.0898031723818,0.0,0
2018-05-27 17:19:28.866,203.47,0.0898031723818,0.0,0
2018-05-27 17:19:29.028,203.59,0.0898031723818,0.0,0
2018-05-27 17:19:29.214,204.23,0.0898031723818,0.0,0
2018-05-27 17:19:29.307,206.09,0.0898031723818,0.0,0
2018-05-27 17:19:29.484,206.07,0.0898031723818,0.0,0
2018-05-27 17:19:29.573,206.91,0.0898031723818,0.0,0
2018-05-27 17:19:29.661,208.18,0.0898031723818,0.0,0
2018-05-27 17:19:29.745,208.54,0.0898031723818,0.0,0
2018-05-27 17:19:29.838,208.3,0.0897431473313,0.0,0
2018-05-27 17:19:30.093,209.2,0.0897431473313,0.0,0
2018-05-27 17:19:30.186,211.05,0.0897431473313,0.0,0
2018-05-27 17:19:30.363,210.64,0.0897431473313,0.0,0
2018-05-27 17:19:30.457,211.31,0.0897431473313,0.0,0
2018-05-27 17:19:30.550,212.12,0.0897431473313,0.0,0
2018-05-27 17:19:30.736,214.0,0.0897431473313,0.0,0
2018-05-27 17:19:30.829,212.68,0.0897431473313,0.0,0
2018-05-27 17:19:30.922,213.93,0.0897431473313,0.0,0
2018-05-27 17:19:31.177,214.89,0.0897431473313,0.0,0
2018-05-27 17:19:31.271,216.11,0.0897431473313,0.0,0
2018-05-27 17:19:31.354,215.13,0.0897431473313,0.0,0
2018-05-27 17:19:31.448,217.39,0.0897431473313,0.0,0
2018-05-27 17:19:31.541,215.9,0.0897431473313,0.0,0
2018-05-27 17:19:31.634,216.15,0.0897431473313,0.0,0
2018-05-27 17:19:31.727,218.29,0.0897431473313,0.0,0
2018-05-27 17:19:31.913,218.05,0.0897431473313,0.0,0
2018-05-27 17:19:32.160,218.36,0.0897431473313,0.0,0
2018-05-27 17:19:32.243,217.95,0.0897431473313,0.0,0
2018-05-27 17:19:32.336,218.38,0.0897431473313,0.0,0
2018-05-27 17:19:32.429,220.52,0.0897431473313,0.0,0
2018-05-27 17:19:32.802,221.86,0.0897431473313,0.0,0
2018-05-27 17:19:32.895,221.85,0.0897431473313,0.0,0
2018-05-27 17:19:33.057,221.79,0.0897431473313,0.0,0
2018-05-27 17:19:33.151,221.56,0.0897431473313,0.0,0
2018-05-27 17:19:33.234,223.8,0.0897431473313,0.0,0
2018-05-27 17:19:33.411,224.95,0.0897431473313,0.0,0
2018-05-27 17:19:33.588,224.95,0.0897431473313,0.0,0
2018-05-27 17:19:33.672,224.46,0.0897431473313,0.0,0
2018-05-27 17:19:33.765,225.9,0.0897431473313,0.0,0
2018-05-27 17:19:34.015,225.66,0.0897431473313,0.0,0
2018-05-27 17:19:34.104,226.4,0.0897431473313,0.0,0
2018-05-27 17:19:34.187,225.6,0.0897431473313,0.0,0
2018-05-27 17:19:34.458,220.92,0.0897431473313,0.0,0
2018-05-27 17:19:34.551,217.87,0.0897431473313,0.0,0
2018-05-27 17:19:34.644,215.25,0.0897431473313,0.0,0
2018-05-27 17:19:34.737,213.67,0.0897431473313,0.0,0
2018-05-27 17:19:35.085,208.51,0.0897431473313,0.0,0
2018-05-27 17:19:35.262,204.12,0.0897431473313,0.0,0
2018-05-27 17:19:35.439,199.6,0.0897431473313,0.0,0
2018-05-27 17:19:35.625,196.44,0.0897431473313,0.0,0
2018-05-27 17:19:35.905,190.9,0.0897431473313,0.0,0
2018-05-27 17:19:36.057,190.92,0.0897431473313,0.0,0
2018-05-27 17:19:36.337,186.06,0.0897431473313,0.0,0
2018-05-27 17:19:36.430,185.88,0.0897431473313,0.0,0
2018-05-27 17:19:36.616,185.1,0.0897431473313,0.0,0
2018-05-27 17:19:36.915,185.4,0.0897431473313,0.0,0
2018-05-27 17:19:37.076,185.23,0.0897431473313,0.0,0
2018-05-27 17:19:37.170,184.3,0.0897431473313,0.0,0
2018-05-27 17:19:37.337,182.03,0.0831210909313,0.0250000003725,0
2018-05-27 17:19:37.431,181.26,0.0708246903188,0.0500000007451,0
2018-05-27 17:19:37.524,180.8,0.0597612017001,0.0500000007451,0
2018-05-27 17:19:37.803,180.33,0.0453860845254,0.0750000029802,0
2018-05-27 17:19:37.897,179.21,0.0372125974131,0.0500000007451,0
2018-05-27 17:19:38.058,178.22,0.0411627293129,0.125,0
2018-05-27 17:19:38.142,180.4,0.0546791340762,0.0750000029802,0
2018-05-27 17:19:38.235,179.82,0.0708246932759,0.0750000029802,0
2018-05-27 17:19:38.319,178.89,0.0831210942055,0.0500000007451,0
2018-05-27 17:19:38.412,179.38,0.0966866836984,0.0500000007451,0
2018-05-27 17:19:38.598,181.9,0.103955545492,0.0500000007451,0
2018-05-27 17:19:38.692,183.01,0.103955545492,0.0500000007451,0
2018-05-27 17:19:38.785,183.5,0.103955545492,0.0500000007451,0
2018-05-27 17:19:38.878,183.36,0.0897431502621,0.0250000003725,0
2018-05-27 17:19:39.030,182.47,0.083121093724,0.0250000003725,0
2018-05-27 17:19:39.124,183.05,0.0597612043499,0.0250000003725,0
2018-05-27 17:19:39.217,182.61,0.049889429809,0.0250000003725,0
2018-05-27 17:19:39.310,182.53,0.0411627293129,0.0250000003725,0
2018-05-27 17:19:39.403,183.4,0.0335285417173,0.0,0
2018-05-27 17:19:39.487,185.33,0.0335285404465,0.0,0
2018-05-27 17:19:39.762,185.23,0.0372125976974,0.0250000003725,0
2018-05-27 17:19:39.850,185.9,0.0411627278518,0.0250000003725,0
2018-05-27 17:19:40.003,186.32,0.0498894278015,0.0,0
2018-05-27 17:19:40.096,185.59,0.0498894278015,0.0250000003725,0
2018-05-27 17:19:40.189,186.53,0.0546791319437,0.0,0
2018-05-27 17:19:40.282,186.59,0.0597612017001,0.0,0
2018-05-27 17:19:40.459,187.98,0.0651412852751,0.0,0
2018-05-27 17:19:40.553,188.85,0.0708246903188,0.0,0
2018-05-27 17:19:40.730,188.96,0.0708246903188,0.0,0
2018-05-27 17:19:40.823,190.46,0.0708246903188,0.0,0
2018-05-27 17:19:40.916,190.78,0.0768164002541,0.0,0
2018-05-27 17:19:41.171,191.44,0.0831210909313,0.0,0
2018-05-27 17:19:41.264,190.71,0.0831210909313,0.0,0
2018-05-27 17:19:41.348,192.31,0.0897431473313,0.0,0
2018-05-27 17:19:41.441,192.87,0.0897431473313,0.0,0
2018-05-27 17:19:41.525,192.26,0.0897431473313,0.0,0
2018-05-27 17:19:41.618,193.57,0.0897431473313,0.0,0
2018-05-27 17:19:41.711,193.4,0.0897431473313,0.0,0
2018-05-27 17:19:41.805,193.32,0.0897431473313,0.0,0
2018-05-27 17:19:41.898,194.09,0.0897431473313,0.0,0
2018-05-27 17:19:42.059,195.24,0.0897431473313,0.0,0
2018-05-27 17:19:42.246,195.69,0.0897431473313,0.0,0
2018-05-27 17:19:42.330,197.22,0.0897431473313,0.0,0
2018-05-27 17:19:42.423,196.89,0.0897431473313,0.0,0
2018-05-27 17:19:42.516,197.18,0.0897431473313,0.0,0
2018-05-27 17:19:42.609,198.82,0.0897431473313,0.0,0
2018-05-27 17:19:42.702,199.34,0.0897431473313,0.0,0
2018-05-27 17:19:42.795,198.96,0.0897431473313,0.0,0
2018-05-27 17:19:42.889,198.92,0.0897431473313,0.0,0
2018-05-27 17:19:43.144,199.46,0.0897431473313,0.0,0
2018-05-27 17:19:43.237,198.21,0.0897431473313,0.0,0
2018-05-27 17:19:43.330,197.8,0.0916992853665,0.0,0
2018-05-27 17:19:43.600,194.65,0.0916992853665,0.0,0
2018-05-27 17:19:44.041,190.72,0.0916992853665,0.0,0
2018-05-27 17:19:44.135,190.41,0.0916992853665,0.0,0
2018-05-27 17:19:44.321,189.27,0.0916992853665,0.0,0
2018-05-27 17:19:44.405,187.43,0.0916992853665,0.0,0
2018-05-27 17:19:44.498,187.52,0.0916992853665,0.0,0
2018-05-27 17:19:44.777,187.54,0.0916992853665,0.0,0
2018-05-27 17:19:44.871,186.77,0.0916992853665,0.0,0
2018-05-27 17:19:45.126,187.37,0.0916992853665,0.0,0
2018-05-27 17:19:45.219,186.89,0.0916992853665,0.0,0
2018-05-27 17:19:45.396,186.08,0.0916992853665,0.0,0
2018-05-27 17:19:45.489,185.98,0.0916992853665,0.0,0
2018-05-27 17:19:45.582,186.35,0.0916992853665,0.0,0
2018-05-27 17:19:45.768,188.06,0.0916992853665,0.0,0
2018-05-27 17:19:45.862,188.26,0.0916992853665,0.0,0
2018-05-27 17:19:46.192,188.49,0.0916992853665,0.0,0
2018-05-27 17:19:46.377,189.7,0.0916992853665,0.0,0
2018-05-27 17:19:46.564,189.86,0.0916992853665,0.0,0
2018-05-27 17:19:46.657,191.11,0.0916992853665,0.0,0
2018-05-27 17:19:46.750,191.89,0.0916992853665,0.0,0
2018-05-27 17:19:46.834,190.31,0.0916992853665,0.0,0
2018-05-27 17:19:47.089,192.93,0.0916992853665,0.0,0
2018-05-27 17:19:47.182,193.6,0.0916992853665,0.0,0
2018-05-27 17:19:47.275,192.82,0.0916992853665,0.0,0
2018-05-27 17:19:47.536,194.83,0.0916992853665,0.0,0
2018-05-27 17:19:47.621,194.47,0.0916992853665,0.0,0
2018-05-27 17:19:47.806,195.96,0.0916992853665,0.0,0
2018-05-27 17:19:48.061,195.71,0.0916992853665,0.0,0
2018-05-27 17:19:48.248,197.7,0.0916992853665,0.0,0
2018-05-27 17:19:48.341,196.72,0.0916992853665,0.0,0
2018-05-27 17:19:48.425,198.36,0.0916992853665,0.0,0
2018-05-27 17:19:48.518,198.01,0.0916992853665,0.0,0
2018-05-27 17:19:48.612,198.0,0.0916992853665,0.0,0
2018-05-27 17:19:48.695,198.09,0.0916992853665,0.0,0
2018-05-27 17:19:48.788,199.08,0.0916992853665,0.0,0
2018-05-27 17:19:48.881,199.42,0.0916992853665,0.0,0
2018-05-27 17:19:49.229,201.97,0.0916992853665,0.0,0
2018-05-27 17:19:49.416,202.21,0.0916992853665,0.0,0
2018-05-27 17:19:49.509,202.26,0.0916992853665,0.0,0
2018-05-27 17:19:49.872,204.14,0.0916992853665,0.0,0
2018-05-27 17:19:50.220,205.26,0.0916992853665,0.0,0
2018-05-27 17:19:50.314,207.57,0.0916992853665,0.0,0
2018-05-27 17:19:50.491,207.17,0.0916992853665,0.0,0
2018-05-27 17:19:50.575,207.15,0.0916992853665,0.0,0
2018-05-27 17:19:50.658,207.85,0.0916992853665,0.0,0
2018-05-27 17:19:50.751,208.54,0.0916992853665,0.0,0
2018-05-27 17:19:51.193,209.86,0.0916992853665,0.0,0
2018-05-27 17:19:51.286,211.36,0.0916992853665,0.0,0
2018-05-27 17:19:51.463,211.8,0.0916992853665,0.0,0
2018-05-27 17:19:51.556,212.87,0.0916992853665,0.0,0
2018-05-27 17:19:51.742,212.36,0.0916992853665,0.0,0
2018-05-27 17:19:52.091,214.49,0.0916992853665,0.0,0
2018-05-27 17:19:52.184,215.99,0.0916992853665,0.0,0
2018-05-27 17:19:52.361,215.03,0.0916992853665,0.0,0
2018-05-27 17:19:52.538,215.8,0.0916992853665,0.0,0
2018-05-27 17:19:52.631,216.91,0.0916992853665,0.0,0
2018-05-27 17:19:52.724,217.31,0.0916992853665,0.0,0
2018-05-27 17:19:52.910,218.08,0.0916992853665,0.0,0
2018-05-27 17:19:53.072,219.22,0.0916992853665,0.0,0
2018-05-27 17:19:53.156,217.9,0.0916992853665,0.0,0
2018-05-27 17:19:53.334,218.81,0.0916992853665,0.0,0
2018-05-27 17:19:53.613,219.26,0.0916992853665,0.0,0
2018-05-27 17:19:53.706,220.98,0.0916992853665,0.0,0
2018-05-27 17:19:53.800,220.27,0.0916992853665,0.0,0
2018-05-27 17:19:53.892,220.28,0.0916992853665,0.0,0
2018-05-27 17:19:54.054,220.6,0.0916992853665,0.0,0
2018-05-27 17:19:54.241,222.44,0.0916992853665,0.0,0
2018-05-27 17:19:54.324,221.63,0.0916992853665,0.0,0
2018-05-27 17:19:54.417,222.41,0.0916992853665,0.0,0
2018-05-27 17:19:54.501,221.84,0.0916992853665,0.0,0
2018-05-27 17:19:54.688,223.86,0.0916992853665,0.0,0
2018-05-27 17:19:54.781,223.59,0.0916992853665,0.0,0
2018-05-27 17:19:55.027,224.48,0.0916992853665,0.0,0
2018-05-27 17:19:55.474,224.41,0.0916992853665,0.0,0
2018-05-27 17:19:55.651,224.96,0.0916992853665,0.0,0
2018-05-27 17:19:55.744,224.98,0.0916992853665,0.0,0
2018-05-27 17:19:56.725,228.17,0.0916992853665,0.0,0
2018-05-27 17:19:56.912,228.26,0.0916992853665,0.0,0
2018-05-27 17:19:57.167,227.81,0.0916992853665,0.0,0
2018-05-27 17:19:57.344,229.25,0.0916992853665,0.0,0
2018-05-27 17:19:57.437,229.35,0.0916992853665,0.0,0
2018-05-27 17:19:57.809,230.48,0.0916992853665,0.0,0
2018-05-27 17:19:57.903,227.52,0.0916992853665,0.0,0
2018-05-27 17:19:58.065,224.11,0.0916992853665,0.0,0
2018-05-27 17:19:58.158,222.09,0.0916992853665,0.0,0
2018-05-27 17:19:58.251,220.05,0.0916992853665,0.0,0
2018-05-27 17:19:58.335,217.06,0.0916992853665,0.0,0
2018-05-27 17:19:58.428,215.3,0.0916992853665,0.0,0
2018-05-27 17:19:58.521,213.86,0.0916992853665,0.0,0
2018-05-27 17:19:59.149,204.17,0.0916992853665,0.0,0
2018-05-27 17:19:59.242,202.01,0.0916992853665,0.0,0
2018-05-27 17:19:59.335,199.93,0.0916992853665,0.0,0
2018-05-27 17:19:59.428,201.23,0.0916992853665,0.0,0
2018-05-27 17:19:59.512,200.8,0.0916992853665,0.0,0
2018-05-27 17:19:59.698,198.54,0.0916992853665,0.0,0
2018-05-27 17:19:59.791,197.69,0.0916992853665,0.0,0
2018-05-27 17:19:59.885,198.34,0.0916992853665,0.0,0
2018-05-27 17:20:00.046,196.48,0.0916992853665,0.0,0
2018-05-27 17:20:00.140,195.95,0.0916992853665,0.0,0
2018-05-27 17:20:00.233,196.18,0.0927904618595,0.0,0
2018-05-27 17:20:00.410,197.39,0.0927904618595,0.0,0
2018-05-27 17:20:00.503,197.13,0.0927904618595,0.0,0
2018-05-27 17:20:00.689,195.68,0.0927904618595,0.0,0
2018-05-27 17:20:01.037,197.01,0.0927904618595,0.0,0
2018-05-27 17:20:01.224,198.61,0.0927904618595,0.0,0
2018-05-27 17:20:01.582,199.14,0.0927904618595,0.0,0
2018-05-27 17:20:01.675,197.7,0.0927904618595,0.0,0
2018-05-27 17:20:01.848,198.37,0.0927904618595,0.0,0
2018-05-27 17:20:02.010,198.54,0.0927904618595,0.0,0
2018-05-27 17:20:02.289,199.54,0.0927904618595,0.0,0
2018-05-27 17:20:02.373,199.95,0.0927904618595,0.0,0
2018-05-27 17:20:02.466,200.31,0.0927904618595,0.0,0
2018-05-27 17:20:02.643,202.33,0.0927904618595,0.0,0
2018-05-27 17:20:02.820,200.5,0.0927904618595,0.0,0
2018-05-27 17:20:03.168,202.05,0.0927904618595,0.0,0
2018-05-27 17:20:03.439,203.97,0.0927904618595,0.0,0
2018-05-27 17:20:04.346,207.85,0.0927904618595,0.0,0
2018-05-27 17:20:04.430,207.82,0.0927904618595,0.0,0
2018-05-27 17:20:04.513,206.83,0.0927904618595,0.0,0
2018-05-27 17:20:04.886,203.16,0.0927904618595,0.0,0
2018-05-27 17:20:05.048,203.59,0.0927904618595,0.0,0
2018-05-27 17:20:05.141,201.82,0.0927904618595,0.0,0
2018-05-27 17:20:05.327,201.09,0.0927904618595,0.0,0
2018-05-27 17:20:05.411,201.93,0.0927904618595,0.0,0
2018-05-27 17:20:05.504,200.17,0.0927904618595,0.0,0
2018-05-27 17:20:05.597,200.64,0.0927904618595,0.0,0
2018-05-27 17:20:06.039,200.4,0.0927904618595,0.0,0
2018-05-27 17:20:06.402,199.21,0.0927904618595,0.0,0
2018-05-27 17:20:06.588,197.26,0.0927904618595,0.0,0
2018-05-27 17:20:06.868,198.4,0.0927904618595,0.0,0
2018-05-27 17:20:07.374,197.3,0.0927904618595,0.0,0
2018-05-27 17:20:07.561,198.49,0.0927904618595,0.0,0
2018-05-27 17:20:07.747,198.65,0.0927904618595,0.0,0
2018-05-27 17:20:07.840,198.9,0.0927904618595,0.0,0
2018-05-27 17:20:08.095,198.44,0.0927904618595,0.0,0
2018-05-27 17:20:08.272,199.16,0.0927904618595,0.0,0
2018-05-27 17:20:08.356,199.46,0.0927904618595,0.0,0
2018-05-27 17:20:08.449,199.27,0.0927904618595,0.0,0
2018-05-27 17:20:08.533,199.66,0.0927904618595,0.0,0
2018-05-27 17:20:08.626,201.13,0.0927904618595,0.0,0
2018-05-27 17:20:08.719,200.08,0.0927904618595,0.0,0
2018-05-27 17:20:08.813,199.47,0.0927904618595,0.0,0
2018-05-27 17:20:08.896,200.43,0.0927904618595,0.0,0
2018-05-27 17:20:09.058,201.12,0.0927904618595,0.0,0
2018-05-27 17:20:09.151,201.23,0.0927904618595,0.0,0
2018-05-27 17:20:09.244,201.45,0.0927904618595,0.0,0
2018-05-27 17:20:09.328,201.76,0.0927904618595,0.0,0
2018-05-27 17:20:09.412,201.88,0.0927904618595,0.0,0
2018-05-27 17:20:09.598,203.19,0.0927904618595,0.0,0
2018-05-27 17:20:09.692,203.25,0.0927904618595,0.0,0
2018-05-27 17:20:10.031,204.11,0.0927904618595,0.0,0
2018-05-27 17:20:10.198,204.47,0.0927904618595,0.0,0
2018-05-27 17:20:10.291,203.53,0.0927904618595,0.0,0
2018-05-27 17:20:10.561,204.47,0.0927904618595,0.0,0
2018-05-27 17:20:10.738,206.74,0.0927904618595,0.0,0
2018-05-27 17:20:10.831,206.17,0.0927904618595,0.0,0
2018-05-27 17:20:10.925,206.62,0.0927904618595,0.0,0
2018-05-27 17:20:11.161,208.81,0.0927904618595,0.0,0
2018-05-27 17:20:11.254,208.54,0.0927904618595,0.0,0
2018-05-27 17:20:11.449,209.85,0.0927904618595,0.0,0
2018-05-27 17:20:11.542,209.55,0.0927904618595,0.0,0
2018-05-27 17:20:11.636,211.54,0.0927904618595,0.0,0
2018-05-27 17:20:11.729,210.0,0.0927904618595,0.0,0
2018-05-27 17:20:11.822,212.48,0.0927904618595,0.0,0
2018-05-27 17:20:12.077,211.54,0.0927904618595,0.0,0
2018-05-27 17:20:12.254,212.91,0.0927904618595,0.0,0
2018-05-27 17:20:12.347,212.8,0.0927904618595,0.0,0
2018-05-27 17:20:12.533,213.48,0.0927904618595,0.0,0
2018-05-27 17:20:12.720,215.21,0.0927904618595,0.0,0
2018-05-27 17:20:12.813,214.5,0.0927904618595,0.0,0
2018-05-27 17:20:12.906,214.94,0.0927904618595,0.0,0
2018-05-27 17:20:13.068,216.62,0.0927904618595,0.0,0
2018-05-27 17:20:13.161,214.79,0.0927904618595,0.0,0
2018-05-27 17:20:13.254,215.9,0.0927904618595,0.0,0
2018-05-27 17:20:13.338,215.99,0.0927904618595,0.0,0
2018-05-27 17:20:13.524,218.11,0.0927904618595,0.0,0
2018-05-27 17:20:13.617,216.77,0.0927904618595,0.0,0
2018-05-27 17:20:13.710,218.22,0.0927904618595,0.0,0
2018-05-27 17:20:14.058,217.17,0.0927904618595,0.0,0
2018-05-27 17:20:14.151,219.33,0.0927904618595,0.0,0
2018-05-27 17:20:14.608,219.86,0.0927904618595,0.0,0
2018-05-27 17:20:14.701,220.62,0.0927904618595,0.0,0
2018-05-27 17:20:14.794,220.51,0.0927904618595,0.0,0
2018-05-27 17:20:15.049,220.71,0.0927904618595,0.0,0
2018-05-27 17:20:15.142,222.17,0.0927904618595,0.0,0
2018-05-27 17:20:15.235,222.2,0.0927904618595,0.0,0
2018-05-27 17:20:15.319,222.41,0.0927904618595,0.0,0
2018-05-27 17:20:15.403,221.68,0.0927904618595,0.0,0
2018-05-27 17:20:15.496,222.39,0.0927904618595,0.0,0
2018-05-27 17:20:15.589,223.69,0.0927904618595,0.0,0
2018-05-27 17:20:15.775,223.19,0.0927904618595,0.0,0
2018-05-27 17:20:16.114,224.03,0.0927904618595,0.0,0
2018-05-27 17:20:16.198,225.64,0.0927904618595,0.0,0
2018-05-27 17:20:16.468,225.46,0.0927904618595,0.0,0
2018-05-27 17:20:17.086,227.01,0.0927904618595,0.0,0
2018-05-27 17:20:17.179,225.91,0.0927904618595,0.0,0
2018-05-27 17:20:17.272,225.48,0.0927904618595,0.0,0
2018-05-27 17:20:17.449,227.44,0.0927904618595,0.0,0
2018-05-27 17:20:17.533,226.69,0.0927904618595,0.0,0
2018-05-27 17:20:17.627,226.83,0.0927888424274,0.0,0
2018-05-27 17:20:17.803,227.37,0.0927888424274,0.0,0
2018-05-27 17:20:17.896,227.55,0.0927888424274,0.0,0
2018-05-27 17:20:18.058,227.6,0.0927888424274,0.0,0
2018-05-27 17:20:18.244,228.54,0.0927888424274,0.0,0
2018-05-27 17:20:18.328,228.9,0.0927888424274,0.0,0
2018-05-27 17:20:18.421,228.15,0.0927888424274,0.0,0
2018-05-27 17:20:18.515,227.94,0.0927888424274,0.0,0
2018-05-27 17:20:18.878,230.41,0.0927888424274,0.0,0
2018-05-27 17:20:19.226,229.98,0.0927888424274,0.0,0
2018-05-27 17:20:19.403,228.9,0.0927888424274,0.0,0
2018-05-27 17:20:19.496,227.99,0.0927888424274,0.0,0
2018-05-27 17:20:19.589,225.59,0.0927888424274,0.0,0
2018-05-27 17:20:19.868,216.8,0.0927888424274,0.0,0
2018-05-27 17:20:20.468,205.76,0.0927888424274,0.0,0
2018-05-27 17:20:20.561,205.42,0.0927888424274,0.0,0
2018-05-27 17:20:21.272,200.3,0.0927888424274,0.0,0
2018-05-27 17:20:21.366,198.03,0.0927888424274,0.0,0
2018-05-27 17:20:21.459,196.51,0.0927888424274,0.0,0
2018-05-27 17:20:21.552,197.45,0.0927888424274,0.0,0
2018-05-27 17:20:21.831,194.83,0.0927888424274,0.0,0
2018-05-27 17:20:21.924,196.53,0.0927888424274,0.0,0
2018-05-27 17:20:22.179,194.86,0.0927888424274,0.0,0
2018-05-27 17:20:22.273,194.76,0.0927888424274,0.0,0
2018-05-27 17:20:22.356,194.28,0.0927888424274,0.0,0
2018-05-27 17:20:22.542,194.26,0.0927888424274,0.0,0
2018-05-27 17:20:22.636,195.74,0.0927888424274,0.0,0
2018-05-27 17:20:22.729,196.11,0.0927888424274,0.0,0
2018-05-27 17:20:22.915,194.16,0.0927888424274,0.0,0
2018-05-27 17:20:23.170,195.26,0.0927888424274,0.0,0
2018-05-27 17:20:23.263,195.62,0.0927888424274,0.0,0
2018-05-27 17:20:23.347,196.01,0.0927888424274,0.0,0
2018-05-27 17:20:23.440,196.2,0.0927888424274,0.0,0
2018-05-27 17:20:23.533,194.65,0.0927888424274,0.0,0
2018-05-27 17:20:23.719,197.32,0.0927888424274,0.0,0
2018-05-27 17:20:23.813,197.34,0.0927888424274,0.0,0
2018-05-27 17:20:24.058,197.93,0.0927888424274,0.0,0
2018-05-27 17:20:24.133,196.88,0.0927888424274,0.0,0
2018-05-27 17:20:24.235,197.27,0.0927888424274,0.0,0
2018-05-27 17:20:24.421,199.36,0.0927888424274,0.0,0
2018-05-27 17:20:24.515,199.78,0.0927888424274,0.0,0
2018-05-27 17:20:24.608,198.49,0.0927888424274,0.0,0
2018-05-27 17:20:24.702,198.52,0.0927888424274,0.0,0
2018-05-27 17:20:24.785,199.24,0.0927888424274,0.0,0
2018-05-27 17:20:24.878,200.4,0.0927888424274,0.0,0
2018-05-27 17:20:25.040,200.1,0.0927888424274,0.0,0
2018-05-27 17:20:25.133,199.83,0.0927888424274,0.0,0
2018-05-27 17:20:25.226,201.1,0.0927888424274,0.0,0
2018-05-27 17:20:25.319,200.76,0.0927888424274,0.0,0
2018-05-27 17:20:25.584,201.97,0.0927888424274,0.0,0
2018-05-27 17:20:25.757,202.94,0.0927888424274,0.0,0
2018-05-27 17:20:25.850,204.59,0.0927888424274,0.0,0
2018-05-27 17:20:26.012,203.44,0.0927888424274,0.0,0
2018-05-27 17:20:26.105,205.5,0.0927888424274,0.0,0
2018-05-27 17:20:26.198,204.3,0.0927888424274,0.0,0
2018-05-27 17:20:26.468,206.14,0.0927888424274,0.0,0
2018-05-27 17:20:26.561,207.04,0.0927888424274,0.0,0
2018-05-27 17:20:26.654,207.23,0.0927888424274,0.0,0
2018-05-27 17:20:26.747,207.37,0.0927888424274,0.0,0
2018-05-27 17:20:27.095,207.21,0.0927888424274,0.0,0
2018-05-27 17:20:27.189,206.15,0.0927888424274,0.0,0
2018-05-27 17:20:27.459,204.63,0.0927888424274,0.0,0
2018-05-27 17:20:27.552,205.73,0.0927888424274,0.0,0
2018-05-27 17:20:27.645,203.7,0.0927888424274,0.0,0
2018-05-27 17:20:27.924,202.72,0.0927888424274,0.0,0
2018-05-27 17:20:28.086,204.08,0.0927888424274,0.0,0
2018-05-27 17:20:28.357,201.89,0.0927888424274,0.0,0
2018-05-27 17:20:28.449,203.54,0.0927888424274,0.0,0
2018-05-27 17:20:28.636,204.26,0.0927888424274,0.0,0
2018-05-27 17:20:28.822,202.69,0.0927888424274,0.0,0
2018-05-27 17:20:28.915,204.55,0.0927888424274,0.0,0
2018-05-27 17:20:29.068,205.44,0.0927888424274,0.0,0
2018-05-27 17:20:29.254,204.63,0.0927888424274,0.0,0
2018-05-27 17:20:29.431,204.62,0.0927888424274,0.0,0
2018-05-27 17:20:30.151,205.34,0.0927888424274,0.0,0
2018-05-27 17:20:30.245,205.4,0.0927888424274,0.0,0
2018-05-27 17:20:30.328,205.76,0.0927888424274,0.0,0
2018-05-27 17:20:30.422,205.8,0.0927888424274,0.0,0
2018-05-27 17:20:30.515,204.77,0.0927888424274,0.0,0
2018-05-27 17:20:30.608,207.03,0.0927888424274,0.0,0
2018-05-27 17:20:30.701,205.35,0.0927888424274,0.0,0
2018-05-27 17:20:30.882,207.72,0.0927888424274,0.0,0
2018-05-27 17:20:31.217,208.29,0.0927888424274,0.0,0
2018-05-27 17:20:31.310,207.3,0.0927888424274,0.0,0
2018-05-27 17:20:31.678,209.39,0.0927888424274,0.0,0
2018-05-27 17:20:31.771,208.62,0.0927888424274,0.0,0
2018-05-27 17:20:31.850,209.11,0.0927888424274,0.0,0
2018-05-27 17:20:32.012,210.71,0.0927888424274,0.0,0
2018-05-27 17:20:32.198,211.31,0.0927888424274,0.0,0
2018-05-27 17:20:32.291,209.95,0.0927888424274,0.0,0
2018-05-27 17:20:32.654,211.41,0.0927888424274,0.0,0
2018-05-27 17:20:32.747,213.72,0.0927888424274,0.0,0
2018-05-27 17:20:32.841,212.07,0.0927888424274,0.0,0
2018-05-27 17:20:33.002,213.01,0.0927888424274,0.0,0
2018-05-27 17:20:33.086,213.75,0.0927888424274,0.0,0
2018-05-27 17:20:33.179,215.31,0.0927888424274,0.0,0
2018-05-27 17:20:33.273,213.81,0.0927888424274,0.0,0
2018-05-27 17:20:33.449,214.69,0.0927888424274,0.0,0
2018-05-27 17:20:33.636,217.15,0.0927888424274,0.0,0
2018-05-27 17:20:33.729,215.62,0.0927888424274,0.0,0
2018-05-27 17:20:34.077,216.38,0.0927888424274,0.0,0
2018-05-27 17:20:34.719,219.83,0.0927888424274,0.0,0
2018-05-27 17:20:34.813,219.73,0.0927888424274,0.0,0
2018-05-27 17:20:34.906,219.01,0.0927888424274,0.0,0
2018-05-27 17:20:35.161,221.22,0.0927888424274,0.0,0
2018-05-27 17:20:35.431,221.53,0.0927888424274,0.0,0
2018-05-27 17:20:35.524,220.91,0.0927888424274,0.0,0
2018-05-27 17:20:35.617,221.46,0.0927888424274,0.0,0
2018-05-27 17:20:35.710,222.21,0.0927888424274,0.0,0
2018-05-27 17:20:35.897,223.35,0.0927888424274,0.0,0
2018-05-27 17:20:36.151,223.19,0.0927888424274,0.0,0
2018-05-27 17:20:36.245,223.31,0.0927888424274,0.0,0
2018-05-27 17:20:36.328,223.51,0.0927888424274,0.0,0
2018-05-27 17:20:36.421,223.97,0.0927888424274,0.0,0
2018-05-27 17:20:36.515,223.83,0.0927888424274,0.0,0
2018-05-27 17:20:36.608,224.74,0.0927888424274,0.0,0
2018-05-27 17:20:36.701,225.55,0.0927888424274,0.0,0
2018-05-27 17:20:36.794,225.79,0.0927888424274,0.0,0
2018-05-27 17:20:36.887,225.48,0.0927888424274,0.0,0
2018-05-27 17:20:37.142,224.98,0.0927888424274,0.0,0
2018-05-27 17:20:37.235,224.78,0.0927888424274,0.0,0
2018-05-27 17:20:37.505,225.79,0.0927888424274,0.0,0
2018-05-27 17:20:37.598,226.2,0.0927888424274,0.0,0
2018-05-27 17:20:37.692,226.34,0.0927888424274,0.0,0
2018-05-27 17:20:37.878,228.3,0.0927888424274,0.0,0
2018-05-27 17:20:38.133,228.81,0.0927888424274,0.0,0
2018-05-27 17:20:38.226,228.9,0.0927888424274,0.0,0
2018-05-27 17:20:38.589,229.64,0.0927888424274,0.0,0
2018-05-27 17:20:38.868,230.29,0.0927888424274,0.0,0
2018-05-27 17:20:39.384,230.38,0.0927888424274,0.0,0
2018-05-27 17:20:39.655,230.81,0.0927888424274,0.0,0
2018-05-27 17:20:39.738,230.91,0.0927888424274,0.0,0
2018-05-27 17:20:40.525,232.24,0.0927888424274,0.0,0
2018-05-27 17:20:40.887,231.64,0.0927888424274,0.0,0
2018-05-27 17:20:41.049,230.16,0.0927888424274,0.0,0
2018-05-27 17:20:41.329,223.26,0.0927888424274,0.0,0
2018-05-27 17:20:41.412,224.4,0.0927888424274,0.0,0
2018-05-27 17:20:41.598,220.14,0.0927888424274,0.0,0
2018-05-27 17:20:41.692,218.78,0.0927888424274,0.0,0
2018-05-27 17:20:42.226,214.95,0.0927888424274,0.0,0
2018-05-27 17:20:42.496,212.97,0.0927888424274,0.0,0
2018-05-27 17:20:42.589,211.23,0.0927888424274,0.0,0
2018-05-27 17:20:42.682,210.12,0.0927888424274,0.0,0
2018-05-27 17:20:42.775,211.28,0.0927888424274,0.0,0
2018-05-27 17:20:42.868,208.88,0.0927888424274,0.0,0
2018-05-27 17:20:43.114,210.66,0.0927888424274,0.0,0
2018-05-27 17:20:43.561,208.94,0.0927888424274,0.0,0
2018-05-27 17:20:43.654,209.17,0.0927888424274,0.0,0
2018-05-27 17:20:43.747,209.47,0.0927888424274,0.0,0
2018-05-27 17:20:43.840,208.36,0.0927888424274,0.0,0
2018-05-27 17:20:44.533,207.33,0.0927888424274,0.0,0
2018-05-27 17:20:44.626,209.0,0.0927888424274,0.0,0
2018-05-27 17:20:45.328,208.82,0.0927888424274,0.0,0
2018-05-27 17:20:45.421,210.35,0.0927888424274,0.0,0
2018-05-27 17:20:45.784,209.65,0.0927888424274,0.0,0
2018-05-27 17:20:46.039,211.1,0.0927888424274,0.0,0
2018-05-27 17:20:46.132,210.0,0.0927888424274,0.0,0
2018-05-27 17:20:46.589,212.53,0.0927888424274,0.0,0
2018-05-27 17:20:46.775,214.28,0.0927888424274,0.0,0
2018-05-27 17:20:47.114,213.52,0.0927888424274,0.0,0
2018-05-27 17:20:47.561,215.47,0.0927888424274,0.0,0
2018-05-27 17:20:47.654,215.7,0.0927888424274,0.0,0
2018-05-27 17:20:48.086,217.55,0.0927888424274,0.0,0
2018-05-27 17:20:48.179,218.17,0.0927888424274,0.0,0
2018-05-27 17:20:48.449,220.25,0.0927888424274,0.0,0
2018-05-27 17:20:48.635,218.77,0.0927888424274,0.0,0
2018-05-27 17:20:48.905,218.12,0.0927888424274,0.0,0
2018-05-27 17:20:49.067,219.11,0.0927888424274,0.0,0
2018-05-27 17:20:49.616,214.4,0.0927888424274,0.0,0
2018-05-27 17:20:50.141,215.05,0.0927888424274,0.0,0
2018-05-27 17:20:50.234,216.68,0.0927888424274,0.0,0
2018-05-27 17:20:50.598,215.14,0.0927888424274,0.0,0
2018-05-27 17:20:50.681,214.52,0.0927888424274,0.0,0
2018-05-27 17:20:50.774,216.2,0.0927888424274,0.0,0
2018-05-27 17:20:50.868,214.71,0.0927888424274,0.0,0
2018-05-27 17:20:51.123,216.32,0.0927888424274,0.0,0
2018-05-27 17:20:51.309,214.96,0.0927888424274,0.0,0
2018-05-27 17:20:51.397,214.99,0.0927888424274,0.0,0
2018-05-27 17:20:51.486,216.12,0.0927888424274,0.0,0
2018-05-27 17:20:51.571,214.83,0.0927888424274,0.0,0
2018-05-27 17:20:51.653,214.97,0.0927888424274,0.0,0
2018-05-27 17:20:51.746,215.45,0.0927888424274,0.0,0
2018-05-27 17:20:51.924,217.06,0.0927888424274,0.0,0
2018-05-27 17:20:52.085,215.86,0.0927888424274,0.0,0
2018-05-27 17:20:52.169,216.99,0.0927888424274,0.0,0
2018-05-27 17:20:52.346,217.86,0.0927888424274,0.0,0
2018-05-27 17:20:52.439,216.34,0.0927888424274,0.0,0
2018-05-27 17:20:52.523,216.64,0.0927888424274,0.0,0
2018-05-27 17:20:52.616,216.71,0.0927888424274,0.0,0
2018-05-27 17:20:52.709,218.6,0.0927888424274,0.0,0
2018-05-27 17:20:52.895,216.88,0.0927888424274,0.0,0
2018-05-27 17:20:53.057,217.4,0.0927888424274,0.0,0
2018-05-27 17:20:53.150,218.67,0.0927888424274,0.0,0
2018-05-27 17:20:53.243,217.77,0.0927888424274,0.0,0
2018-05-27 17:20:53.513,218.95,0.0927888424274,0.0,0
2018-05-27 17:20:53.793,219.13,0.0927888424274,0.0,0
2018-05-27 17:20:53.886,220.17,0.0927888424274,0.0,0
2018-05-27 17:20:54.048,221.29,0.0927888424274,0.0,0
2018-05-27 17:20:54.234,220.0,0.0927888424274,0.0,0
2018-05-27 17:20:54.420,222.19,0.0927888424274,0.0,0
2018-05-27 17:20:54.690,224.11,0.0938839639107,0.0,0
2018-05-27 17:20:54.877,224.01,0.0938839639107,0.0,0
2018-05-27 17:20:55.038,223.67,0.0938839639107,0.0,0
2018-05-27 17:20:55.131,224.61,0.0938839639107,0.0,0
2018-05-27 17:20:55.225,225.07,0.0938839639107,0.0,0
2018-05-27 17:20:55.318,225.07,0.0938839639107,0.0,0
2018-05-27 17:20:55.402,224.82,0.0938839639107,0.0,0
2018-05-27 17:20:55.588,225.35,0.0938839639107,0.0,0
2018-05-27 17:20:55.681,225.98,0.0938839639107,0.0,0
2018-05-27 17:20:55.774,227.14,0.0938839639107,0.0,0
2018-05-27 17:20:55.867,227.26,0.0938839639107,0.0,0
2018-05-27 17:20:56.029,227.98,0.0938839639107,0.0,0
2018-05-27 17:20:56.215,226.63,0.0938839639107,0.0,0
2018-05-27 17:20:56.397,228.43,0.0938839639107,0.0,0
2018-05-27 17:20:56.485,228.98,0.0938839639107,0.0,0
2018-05-27 17:20:56.569,227.57,0.0938839639107,0.0,0
2018-05-27 17:20:56.662,228.24,0.0938839639107,0.0,0
2018-05-27 17:20:56.755,228.55,0.0938839639107,0.0,0
2018-05-27 17:20:56.848,228.88,0.0938839639107,0.0,0
2018-05-27 17:20:57.103,230.6,0.0938839639107,0.0,0
2018-05-27 17:20:57.197,230.87,0.0938839639107,0.0,0
2018-05-27 17:20:57.467,230.54,0.0938839639107,0.0,0
2018-05-27 17:20:57.560,231.0,0.0938839639107,0.0,0
2018-05-27 17:20:57.653,231.6,0.0938839639107,0.0,0
2018-05-27 17:20:57.746,231.64,0.0938839639107,0.0,0
2018-05-27 17:20:57.839,231.8,0.0938839639107,0.0,0
2018-05-27 17:20:58.001,231.82,0.0938839639107,0.0,0
2018-05-27 17:20:58.094,232.05,0.0938839639107,0.0,0
2018-05-27 17:20:58.187,232.13,0.0938839639107,0.0,0
2018-05-27 17:20:58.280,231.79,0.0938839639107,0.0,0
2018-05-27 17:20:58.541,232.92,0.0938839639107,0.0,0
2018-05-27 17:20:58.634,234.11,0.0938839639107,0.0,0
2018-05-27 17:20:59.066,234.35,0.0938839639107,0.0,0
2018-05-27 17:20:59.420,235.56,0.0938839639107,0.0,0
2018-05-27 17:20:59.606,236.54,0.0938839639107,0.0,0
2018-05-27 17:20:59.699,235.78,0.0938839639107,0.0,0
2018-05-27 17:20:59.886,234.28,0.0938839639107,0.0,0
2018-05-27 17:21:00.131,233.88,0.0938839639107,0.0,0
2018-05-27 17:21:00.224,233.48,0.0938839639107,0.0,0
2018-05-27 17:21:00.410,233.09,0.0938839639107,0.0,0
2018-05-27 17:21:00.494,230.33,0.0938839639107,0.0,0
2018-05-27 17:21:00.587,229.49,0.0938839639107,0.0,0
2018-05-27 17:21:00.680,229.14,0.0938839639107,0.0,0
2018-05-27 17:21:00.857,227.01,0.0938839639107,0.0,0
2018-05-27 17:21:01.010,228.05,0.0938839639107,0.0,0
2018-05-27 17:21:01.382,222.71,0.0938839639107,0.0,0
2018-05-27 17:21:01.466,222.89,0.0938839639107,0.0,0
2018-05-27 17:21:01.643,221.54,0.0938839639107,0.0,0
2018-05-27 17:21:01.820,220.32,0.0938839639107,0.0,0
2018-05-27 17:21:01.913,218.57,0.0938839639107,0.0,0
2018-05-27 17:21:02.075,217.45,0.0938839639107,0.0,0
2018-05-27 17:21:02.159,216.29,0.0938839639107,0.0,0
2018-05-27 17:21:02.252,214.74,0.0938839639107,0.0,0
2018-05-27 17:21:02.429,214.37,0.0938839639107,0.0,0
2018-05-27 17:21:02.615,212.41,0.0938839639107,0.0,0
2018-05-27 17:21:02.801,210.27,0.0938839639107,0.0,0
2018-05-27 17:21:03.056,209.38,0.0938839639107,0.0,0
2018-05-27 17:21:03.243,207.7,0.0938839639107,0.0,0
2018-05-27 17:21:03.606,207.12,0.0938839639107,0.0,0
2018-05-27 17:21:03.792,205.67,0.0938839639107,0.0,0
2018-05-27 17:21:03.885,204.63,0.0938839639107,0.0,0
2018-05-27 17:21:04.233,203.66,0.0938839639107,0.0,0
2018-05-27 17:21:04.327,204.75,0.0938839639107,0.0,0
2018-05-27 17:21:04.410,204.81,0.0938839639107,0.0,0
2018-05-27 17:21:04.596,205.2,0.0938839639107,0.0,0
2018-05-27 17:21:04.689,203.62,0.0938839639107,0.0,0
2018-05-27 17:21:04.783,203.29,0.0938839639107,0.0,0
2018-05-27 17:21:04.876,204.2,0.0938839639107,0.0,0
2018-05-27 17:21:05.215,204.07,0.0938839639107,0.0,0
2018-05-27 17:21:05.392,205.14,0.0938839639107,0.0,0
2018-05-27 17:21:05.466,203.87,0.0938839639107,0.0,0
2018-05-27 17:21:05.559,205.72,0.0938839639107,0.0,0
2018-05-27 17:21:05.649,205.74,0.0938839639107,0.0,0
2018-05-27 17:21:05.736,204.31,0.0938839639107,0.0,0
2018-05-27 17:21:05.829,206.65,0.0938839639107,0.0,0
2018-05-27 17:21:05.922,205.42,0.0938839639107,0.0,0
2018-05-27 17:21:06.084,206.95,0.0938839639107,0.0,0
2018-05-27 17:21:06.270,206.47,0.0938839639107,0.0,0
2018-05-27 17:21:06.363,206.61,0.0938839639107,0.0,0
2018-05-27 17:21:06.447,206.53,0.0938839639107,0.0,0
2018-05-27 17:21:06.531,206.79,0.0938839639107,0.0,0
2018-05-27 17:21:06.624,207.21,0.0938839639107,0.0,0
2018-05-27 17:21:06.717,207.46,0.0938839639107,0.0,0
2018-05-27 17:21:06.810,207.2,0.0938839639107,0.0,0
2018-05-27 17:21:06.904,208.31,0.0938839639107,0.0,0
2018-05-27 17:21:07.065,207.76,0.0938839639107,0.0,0
2018-05-27 17:21:07.252,208.45,0.0938839639107,0.0,0
2018-05-27 17:21:07.345,209.39,0.0938839639107,0.0,0
2018-05-27 17:21:07.605,211.49,0.0938839639107,0.0,0
2018-05-27 17:21:07.698,210.65,0.0938839639107,0.0,0
2018-05-27 17:21:07.792,212.27,0.0938839639107,0.0,0
2018-05-27 17:21:08.140,212.59,0.0938839639107,0.0,0
2018-05-27 17:21:08.233,212.26,0.0938839639107,0.0,0
2018-05-27 17:21:08.326,214.75,0.0938839639107,0.0,0
2018-05-27 17:21:08.410,214.96,0.0938839639107,0.0,0
2018-05-27 17:21:08.503,214.5,0.0938839639107,0.0,0
2018-05-27 17:21:08.782,215.0,0.0938839639107,0.0,0
2018-05-27 17:21:08.875,215.11,0.0938839639107,0.0,0
2018-05-27 17:21:09.223,216.25,0.0938839639107,0.0,0
2018-05-27 17:21:09.493,217.84,0.0938839639107,0.0,0
2018-05-27 17:21:09.587,215.64,0.0938839639107,0.0,0
2018-05-27 17:21:09.680,215.63,0.0938839639107,0.0,0
2018-05-27 17:21:09.773,216.92,0.0938839639107,0.0,0
2018-05-27 17:21:09.866,214.91,0.0938839639107,0.0,0
2018-05-27 17:21:10.112,214.06,0.0938839639107,0.0,0
2018-05-27 17:21:10.288,213.74,0.0938839639107,0.0,0
2018-05-27 17:21:10.475,212.78,0.0938839639107,0.0,0
2018-05-27 17:21:10.568,213.82,0.0938839639107,0.0,0
2018-05-27 17:21:10.661,211.01,0.0938839639107,0.0,0
2018-05-27 17:21:10.754,211.82,0.0938839639107,0.0,0
2018-05-27 17:21:10.847,212.5,0.0938839639107,0.0,0
2018-05-27 17:21:11.009,211.8,0.0938839639107,0.0,0
2018-05-27 17:21:11.102,213.1,0.0938839639107,0.0,0
2018-05-27 17:21:11.195,211.92,0.0938839639107,0.0,0
2018-05-27 17:21:11.465,213.18,0.0938839639107,0.0,0
2018-05-27 17:21:11.558,212.48,0.0938839639107,0.0,0
2018-05-27 17:21:11.652,214.01,0.0938839639107,0.0,0
2018-05-27 17:21:11.745,212.47,0.0938839639107,0.0,0
2018-05-27 17:21:11.931,213.72,0.0938839639107,0.0,0
2018-05-27 17:21:12.093,213.07,0.0938839639107,0.0,0
2018-05-27 17:21:12.270,213.18,0.0938839639107,0.0,0
2018-05-27 17:21:12.363,214.5,0.0938839639107,0.0,0
2018-05-27 17:21:12.447,214.6,0.0938839639107,0.0,0
2018-05-27 17:21:12.624,214.02,0.0938839639107,0.0,0
2018-05-27 17:21:12.801,213.47,0.0938839639107,0.0,0
2018-05-27 17:21:12.894,214.55,0.0938839639107,0.0,0
2018-05-27 17:21:13.149,214.75,0.0938839639107,0.0,0
2018-05-27 17:21:13.242,215.97,0.0938839639107,0.0,0
2018-05-27 17:21:13.428,214.39,0.0938839639107,0.0,0
2018-05-27 17:21:13.521,215.95,0.0938839639107,0.0,0
2018-05-27 17:21:13.615,214.9,0.0938839639107,0.0,0
2018-05-27 17:21:13.698,215.89,0.0938839639107,0.0,0
2018-05-27 17:21:13.884,216.18,0.0938839639107,0.0,0
2018-05-27 17:21:14.046,216.91,0.0938839639107,0.0,0
2018-05-27 17:21:14.139,216.25,0.0938839639107,0.0,0
2018-05-27 17:21:14.232,217.42,0.0938839639107,0.0,0
2018-05-27 17:21:14.419,218.02,0.0938839639107,0.0,0
2018-05-27 17:21:14.503,219.36,0.0938839639107,0.0,0
2018-05-27 17:21:14.679,219.84,0.0938839639107,0.0,0
2018-05-27 17:21:14.772,218.61,0.0938839639107,0.0,0
2018-05-27 17:21:15.111,220.09,0.0938839639107,0.0,0
2018-05-27 17:21:15.195,219.77,0.0938839639107,0.0,0
2018-05-27 17:21:15.288,220.71,0.0938839639107,0.0,0
2018-05-27 17:21:15.558,220.82,0.0938839639107,0.0,0
2018-05-27 17:21:15.744,223.09,0.0938839639107,0.0,0
2018-05-27 17:21:16.092,222.2,0.0938839639107,0.0,0
2018-05-27 17:21:16.185,224.0,0.0938839639107,0.0,0
2018-05-27 17:21:16.279,224.85,0.0938839639107,0.0,0
2018-05-27 17:21:16.362,223.42,0.0938839639107,0.0,0
2018-05-27 17:21:16.455,224.2,0.0938839639107,0.0,0
2018-05-27 17:21:16.539,223.9,0.0938839639107,0.0,0
2018-05-27 17:21:16.633,225.11,0.0938839639107,0.0,0
2018-05-27 17:21:16.725,224.6,0.0938839639107,0.0,0
2018-05-27 17:21:16.819,225.25,0.0938839639107,0.0,0
2018-05-27 17:21:16.912,226.73,0.0938839639107,0.0,0
2018-05-27 17:21:17.073,226.34,0.0938839639107,0.0,0
2018-05-27 17:21:17.167,225.87,0.0938839639107,0.0,0
2018-05-27 17:21:17.260,225.23,0.0938839639107,0.0,0
2018-05-27 17:21:17.539,226.73,0.0938839639107,0.0,0
2018-05-27 17:21:17.632,226.77,0.0938839639107,0.0,0
2018-05-27 17:21:17.725,228.35,0.0938839639107,0.0,0
2018-05-27 17:21:17.818,228.62,0.0938839639107,0.0,0
2018-05-27 17:21:17.911,229.03,0.0938839639107,0.0,0
2018-05-27 17:21:18.073,227.97,0.0938839639107,0.0,0
2018-05-27 17:21:18.166,229.0,0.0938839639107,0.0,0
2018-05-27 17:21:18.260,228.73,0.0938839639107,0.0,0
2018-05-27 17:21:18.436,229.99,0.0938839639107,0.0,0
2018-05-27 17:21:18.529,230.06,0.0938839639107,0.0,0
2018-05-27 17:21:18.622,230.05,0.0938839639107,0.0,0
2018-05-27 17:21:18.716,230.64,0.0938839639107,0.0,0
2018-05-27 17:21:18.810,231.01,0.0938839639107,0.0,0
2018-05-27 17:21:18.883,230.8,0.0938839639107,0.0,0
2018-05-27 17:21:19.045,230.99,0.0938839639107,0.0,0
2018-05-27 17:21:19.138,230.32,0.0938839639107,0.0,0
2018-05-27 17:21:19.324,231.62,0.0938839639107,0.0,0
2018-05-27 17:21:19.417,231.87,0.0938839639107,0.0,0
2018-05-27 17:21:19.594,231.45,0.0938839639107,0.0,0
2018-05-27 17:21:20.194,232.68,0.0938839639107,0.0,0
2018-05-27 17:21:20.287,232.7,0.0938839639107,0.0,0
2018-05-27 17:21:20.371,232.77,0.0938839639107,0.0,0
2018-05-27 17:21:20.650,232.66,0.0938839639107,0.0,0
2018-05-27 17:21:21.184,235.86,0.0938839639107,0.0,0
2018-05-27 17:21:21.277,235.08,0.0938839639107,0.0,0
2018-05-27 17:21:21.454,234.06,0.0938839639107,0.0,0
2018-05-27 17:21:21.547,233.16,0.0938839639107,0.0,0
2018-05-27 17:21:21.724,232.44,0.0938839639107,0.0,0
2018-05-27 17:21:22.072,230.48,0.0938839639107,0.0,0
2018-05-27 17:21:22.165,229.41,0.0938839639107,0.0,0
2018-05-27 17:21:22.259,228.55,0.0938839639107,0.0,0
2018-05-27 17:21:22.528,224.7,0.0938839639107,0.0,0
2018-05-27 17:21:23.063,219.35,0.0938839639107,0.0,0
2018-05-27 17:21:23.156,217.29,0.0938839639107,0.0,0
2018-05-27 17:21:23.519,214.94,0.0938839639107,0.0,0
2018-05-27 17:21:23.612,212.6,0.0938839639107,0.0,0
2018-05-27 17:21:23.705,213.56,0.0938839639107,0.0,0
2018-05-27 17:21:23.799,211.97,0.0938839639107,0.0,0
2018-05-27 17:21:23.891,210.95,0.0938839639107,0.0,0
2018-05-27 17:21:24.053,211.11,0.0938839639107,0.0,0
2018-05-27 17:21:24.240,211.5,0.0938839639107,0.0,0
2018-05-27 17:21:24.416,208.77,0.0938839639107,0.0,0
2018-05-27 17:21:24.509,210.38,0.0938839639107,0.0,0
2018-05-27 17:21:24.789,207.57,0.0938839639107,0.0,0
2018-05-27 17:21:25.118,207.33,0.0938839639107,0.0,0
2018-05-27 17:21:25.211,204.49,0.0938839639107,0.0,0
2018-05-27 17:21:25.565,204.3,0.0938839639107,0.0,0
2018-05-27 17:21:25.658,204.88,0.0938839639107,0.0,0
2018-05-27 17:21:25.751,203.54,0.0938839639107,0.0,0
2018-05-27 17:21:25.844,203.54,0.0938839639107,0.0,0
2018-05-27 17:21:26.276,205.41,0.0938839639107,0.0,0
2018-05-27 17:21:26.453,204.22,0.0938839639107,0.0,0
2018-05-27 17:21:26.621,204.77,0.0938839639107,0.0,0
2018-05-27 17:21:26.807,205.46,0.0938839639107,0.0,0
2018-05-27 17:21:26.900,205.41,0.0938839639107,0.0,0
2018-05-27 17:21:27.062,207.29,0.0938839639107,0.0,0
2018-05-27 17:21:27.155,205.33,0.0938839639107,0.0,0
2018-05-27 17:21:27.248,207.07,0.0938839639107,0.0,0
2018-05-27 17:21:27.341,206.36,0.0938839639107,0.0,0
2018-05-27 17:21:27.695,207.55,0.0938839639107,0.0,0
2018-05-27 17:21:28.043,209.62,0.0938839639107,0.0,0
2018-05-27 17:21:28.229,210.43,0.0938839639107,0.0,0
2018-05-27 17:21:28.685,211.16,0.0938839639107,0.0,0
2018-05-27 17:21:28.778,213.15,0.0938839639107,0.0,0
2018-05-27 17:21:28.872,212.35,0.0938839639107,0.0,0
2018-05-27 17:21:29.220,213.51,0.0938839639107,0.0,0
2018-05-27 17:21:29.490,215.7,0.0938839639107,0.0,0
2018-05-27 17:21:29.676,216.38,0.0938839639107,0.0,0
2018-05-27 17:21:29.769,216.62,0.0938839639107,0.0,0
2018-05-27 17:21:29.862,215.69,0.0938839639107,0.0,0
2018-05-27 17:21:30.275,218.43,0.0938839639107,0.0,0
2018-05-27 17:21:30.359,217.11,0.0938839639107,0.0,0
2018-05-27 17:21:30.638,215.73,0.0938839639107,0.0,0
2018-05-27 17:21:30.731,216.31,0.0938839639107,0.0,0
2018-05-27 17:21:31.079,213.68,0.0938839639107,0.0,0
2018-05-27 17:21:31.433,212.98,0.0938839639107,0.0,0
2018-05-27 17:21:31.806,212.52,0.0938839639107,0.0,0
2018-05-27 17:21:32.238,211.38,0.0938839639107,0.0,0
2018-05-27 17:21:32.331,212.35,0.0938839639107,0.0,0
2018-05-27 17:21:32.424,210.5,0.0938839639107,0.0,0
2018-05-27 17:21:32.517,210.51,0.0938839639107,0.0,0
2018-05-27 17:21:32.611,210.65,0.0938839639107,0.0,0
2018-05-27 17:21:32.694,209.68,0.0938839639107,0.0,0
2018-05-27 17:21:32.787,208.65,0.0938839639107,0.0,0
2018-05-27 17:21:33.042,207.83,0.0938839639107,0.0,0
2018-05-27 17:21:33.135,207.98,0.0938839639107,0.0,0
2018-05-27 17:21:33.322,207.92,0.0938839639107,0.0,0
2018-05-27 17:21:33.405,207.68,0.0938839639107,0.0,0
2018-05-27 17:21:33.498,206.62,0.0938839639107,0.0,0
2018-05-27 17:21:33.591,207.22,0.0938839639107,0.0,0
2018-05-27 17:21:33.684,206.74,0.0938839639107,0.0,0
2018-05-27 17:21:33.777,206.03,0.0938839639107,0.0,0
2018-05-27 17:21:33.870,206.54,0.0938839639107,0.0,0
2018-05-27 17:21:34.144,207.98,0.0938839639107,0.0,0
2018-05-27 17:21:34.330,208.03,0.0938839639107,0.0,0
2018-05-27 17:21:34.433,208.79,0.0938839639107,0.0,0
2018-05-27 17:21:34.619,209.69,0.0938839639107,0.0,0
2018-05-27 17:21:34.805,210.69,0.0938839639107,0.0,0
2018-05-27 17:21:35.060,211.26,0.0938839639107,0.0,0
2018-05-27 17:21:35.330,211.78,0.0938839639107,0.0,0
2018-05-27 17:21:35.609,214.29,0.0938839639107,0.0,0
2018-05-27 17:21:35.702,212.89,0.0938839639107,0.0,0
2018-05-27 17:21:35.796,213.69,0.0938839639107,0.0,0
2018-05-27 17:21:36.144,214.71,0.0938839639107,0.0,0
2018-05-27 17:21:36.227,215.76,0.0938839639107,0.0,0
2018-05-27 17:21:36.404,216.61,0.0938839639107,0.0,0
2018-05-27 17:21:36.497,218.12,0.0938839639107,0.0,0
2018-05-27 17:21:36.684,216.98,0.0938839639107,0.0,0
2018-05-27 17:21:36.870,218.53,0.0938839639107,0.0,0
2018-05-27 17:21:37.032,217.56,0.0938839639107,0.0,0
2018-05-27 17:21:37.116,218.13,0.0938839639107,0.0,0
2018-05-27 17:21:37.302,218.69,0.0938839639107,0.0,0
2018-05-27 17:21:37.479,219.8,0.0938839639107,0.0,0
2018-05-27 17:21:37.655,220.09,0.0938839639107,0.0,0
2018-05-27 17:21:37.749,221.99,0.0938839639107,0.0,0
2018-05-27 17:21:37.832,220.84,0.0938839639107,0.0,0
2018-05-27 17:21:37.926,222.51,0.0938839639107,0.0,0
2018-05-27 17:21:38.087,222.91,0.0938839639107,0.0,0
2018-05-27 17:21:38.180,221.67,0.0938839639107,0.0,0
2018-05-27 17:21:38.450,222.02,0.0938839639107,0.0,0
2018-05-27 17:21:38.720,223.32,0.0938839639107,0.0,0
2018-05-27 17:21:38.814,224.64,0.0938839639107,0.0,0
2018-05-27 17:21:39.162,226.21,0.0938839639107,0.0,0
2018-05-27 17:21:39.255,226.5,0.0938839639107,0.0,0
2018-05-27 17:21:39.348,226.03,0.0938839639107,0.0,0
2018-05-27 17:21:39.432,226.58,0.0938839639107,0.0,0
2018-05-27 17:21:39.525,227.76,0.0938839639107,0.0,0
2018-05-27 17:21:39.702,225.89,0.0938839639107,0.0,0
2018-05-27 17:21:39.795,227.33,0.0938839639107,0.0,0
2018-05-27 17:21:40.515,229.16,0.0938839639107,0.0,0
2018-05-27 17:21:40.608,228.88,0.0938839639107,0.0,0
2018-05-27 17:21:40.701,228.95,0.0938839639107,0.0,0
2018-05-27 17:21:40.888,230.03,0.0938839639107,0.0,0
2018-05-27 17:21:41.142,229.4,0.0938839639107,0.0,0
2018-05-27 17:21:41.422,230.77,0.0938839639107,0.0,0
2018-05-27 17:21:41.515,231.09,0.0938839639107,0.0,0
2018-05-27 17:21:41.692,233.59,0.0938839639107,0.0,0
2018-05-27 17:21:41.785,233.7,0.0938839639107,0.0,0
2018-05-27 17:21:41.878,233.84,0.0938839639107,0.0,0
2018-05-27 17:21:42.040,232.8,0.0938839639107,0.0,0
2018-05-27 17:21:42.133,233.72,0.0938839639107,0.0,0
2018-05-27 17:21:42.226,233.47,0.0938839639107,0.0,0
2018-05-27 17:21:42.319,233.33,0.0936686097692,0.0,0
2018-05-27 17:21:42.403,234.89,0.0936686097692,0.0,0
2018-05-27 17:21:42.497,234.13,0.0936686097692,0.0,0
2018-05-27 17:21:42.580,232.68,0.0936686097692,0.0,0
2018-05-27 17:21:42.766,230.74,0.0936686097692,0.0,0
2018-05-27 17:21:42.859,229.84,0.0936686097692,0.0,0
2018-05-27 17:21:43.016,229.49,0.0936686097692,0.0,0
2018-05-27 17:21:43.105,229.41,0.0936686097692,0.0,0
2018-05-27 17:21:43.459,222.55,0.0936686097692,0.0,0
2018-05-27 17:21:43.831,218.75,0.0936686097692,0.0,0
2018-05-27 17:21:43.924,218.44,0.0936686097692,0.0,0
2018-05-27 17:21:44.272,214.65,0.0936686097692,0.0,0
2018-05-27 17:21:44.356,213.98,0.0936686097692,0.0,0
2018-05-27 17:21:44.719,210.49,0.0936686097692,0.0,0
2018-05-27 17:21:44.896,210.87,0.0936686097692,0.0,0
2018-05-27 17:21:45.235,210.16,0.0936686097692,0.0,0
2018-05-27 17:21:45.328,207.53,0.0936686097692,0.0,0
2018-05-27 17:21:45.421,209.77,0.0936686097692,0.0,0
2018-05-27 17:21:45.598,206.98,0.0936686097692,0.0,0
2018-05-27 17:21:45.691,207.92,0.0936686097692,0.0,0
2018-05-27 17:21:45.868,205.37,0.0936686097692,0.0,0
2018-05-27 17:21:46.030,208.15,0.0936686097692,0.0,0
2018-05-27 17:21:46.216,207.08,0.0936686097692,0.0,0
2018-05-27 17:21:46.309,206.18,0.0936686097692,0.0,0
2018-05-27 17:21:46.393,205.77,0.0936686097692,0.0,0
2018-05-27 17:21:46.486,206.78,0.0936686097692,0.0,0
2018-05-27 17:21:46.579,204.8,0.0936686097692,0.0,0
2018-05-27 17:21:47.002,205.59,0.0936686097692,0.0,0
2018-05-27 17:21:47.095,204.76,0.0936686097692,0.0,0
2018-05-27 17:21:47.188,206.43,0.0936686097692,0.0,0
2018-05-27 17:21:47.365,205.15,0.0936686097692,0.0,0
2018-05-27 17:21:47.458,206.13,0.0936686097692,0.0,0
2018-05-27 17:21:47.551,205.67,0.0936686097692,0.0,0
2018-05-27 17:21:47.728,207.26,0.0936686097692,0.0,0
2018-05-27 17:21:47.905,206.24,0.0936686097692,0.0,0
2018-05-27 17:21:48.057,206.45,0.0936686097692,0.0,0
2018-05-27 17:21:48.244,206.18,0.0936686097692,0.0,0
2018-05-27 17:21:48.337,208.25,0.0936686097692,0.0,0
2018-05-27 17:21:48.514,206.84,0.0936686097692,0.0,0
2018-05-27 17:21:48.607,208.94,0.0936686097692,0.0,0
2018-05-27 17:21:48.700,207.31,0.0936686097692,0.0,0
2018-05-27 17:21:48.793,209.48,0.0936686097692,0.0,0
2018-05-27 17:21:49.048,209.12,0.0936686097692,0.0,0
2018-05-27 17:21:49.141,208.27,0.0936686097692,0.0,0
2018-05-27 17:21:49.234,209.82,0.0936686097692,0.0,0
2018-05-27 17:21:49.411,209.96,0.0936686097692,0.0,0
2018-05-27 17:21:49.504,211.73,0.0936686097692,0.0,0
2018-05-27 17:21:49.597,209.8,0.0936686097692,0.0,0
2018-05-27 17:21:49.690,211.7,0.0936686097692,0.0,0
2018-05-27 17:21:49.877,211.8,0.0936686097692,0.0,0
2018-05-27 17:21:50.038,213.49,0.0936686097692,0.0,0
2018-05-27 17:21:50.215,213.21,0.0936686097692,0.0,0
2018-05-27 17:21:50.578,216.06,0.0936686097692,0.0,0
2018-05-27 17:21:50.765,217.25,0.0936686097692,0.0,0
2018-05-27 17:21:51.187,216.88,0.0936686097692,0.0,0
2018-05-27 17:21:51.458,215.89,0.0936686097692,0.0,0
2018-05-27 17:21:51.634,214.65,0.0936686097692,0.0,0
2018-05-27 17:21:51.737,213.7,0.0936686097692,0.0,0
2018-05-27 17:21:51.923,212.08,0.0936686097692,0.0,0
2018-05-27 17:21:52.355,210.25,0.0936686097692,0.0,0
2018-05-27 17:21:52.448,210.27,0.0936686097692,0.0,0
2018-05-27 17:21:52.541,208.82,0.0936686097692,0.0,0
2018-05-27 17:21:52.634,209.74,0.0936686097692,0.0,0
2018-05-27 17:21:52.727,208.3,0.0936686097692,0.0,0
2018-05-27 17:21:52.820,210.02,0.0936686097692,0.0,0
2018-05-27 17:21:52.913,208.86,0.0936686097692,0.0,0
2018-05-27 17:21:53.168,209.18,0.0936686097692,0.0,0
2018-05-27 17:21:53.346,209.88,0.0936686097692,0.0,0
2018-05-27 17:21:53.531,209.72,0.0936686097692,0.0,0
2018-05-27 17:21:53.625,211.03,0.0936686097692,0.0,0
2018-05-27 17:21:53.718,210.02,0.0936686097692,0.0,0
2018-05-27 17:21:53.904,209.52,0.0936686097692,0.0,0
2018-05-27 17:21:54.252,211.02,0.0936686097692,0.0,0
2018-05-27 17:21:54.336,210.68,0.0936686097692,0.0,0
2018-05-27 17:21:54.615,212.72,0.0936686097692,0.0,0
2018-05-27 17:21:54.708,211.13,0.0936686097692,0.0,0
2018-05-27 17:21:54.801,213.2,0.0936686097692,0.0,0
2018-05-27 17:21:54.895,211.35,0.0936686097692,0.0,0
2018-05-27 17:21:55.056,211.82,0.0936686097692,0.0,0
2018-05-27 17:21:55.336,213.78,0.0936686097692,0.0,0
2018-05-27 17:21:55.419,212.69,0.0936686097692,0.0,0
2018-05-27 17:21:55.513,213.6,0.0936686097692,0.0,0
2018-05-27 17:21:55.606,213.39,0.0936686097692,0.0,0
2018-05-27 17:21:55.699,214.3,0.0936686097692,0.0,0
2018-05-27 17:21:55.792,213.61,0.0936686097692,0.0,0
2018-05-27 17:21:55.885,214.57,0.0936686097692,0.0,0
2018-05-27 17:21:56.047,215.58,0.0936686097692,0.0,0
2018-05-27 17:21:56.141,214.65,0.0936686097692,0.0,0
2018-05-27 17:21:56.224,215.28,0.0936686097692,0.0,0
2018-05-27 17:21:56.410,216.93,0.0936686097692,0.0,0
2018-05-27 17:21:56.494,216.74,0.0936686097692,0.0,0
2018-05-27 17:21:56.587,217.67,0.0936686097692,0.0,0
2018-05-27 17:21:56.773,216.69,0.0936686097692,0.0,0
2018-05-27 17:21:57.029,217.48,0.0936686097692,0.0,0
2018-05-27 17:21:57.205,217.74,0.0936686097692,0.0,0
2018-05-27 17:21:57.391,219.37,0.0936686097692,0.0,0
2018-05-27 17:21:57.475,219.17,0.0936686097692,0.0,0
2018-05-27 17:21:57.652,220.0,0.0936686097692,0.0,0
2018-05-27 17:21:57.922,220.96,0.0936686097692,0.0,0
2018-05-27 17:21:58.270,220.36,0.0936686097692,0.0,0
2018-05-27 17:21:58.363,222.05,0.0947954465579,0.0,0
2018-05-27 17:21:58.447,222.66,0.0947954465579,0.0,0
2018-05-27 17:21:58.624,223.26,0.0947954465579,0.0,0
2018-05-27 17:21:58.717,223.12,0.0947954465579,0.0,0
2018-05-27 17:21:58.903,223.17,0.0947954465579,0.0,0
2018-05-27 17:21:59.065,224.07,0.0947954465579,0.0,0
2018-05-27 17:21:59.158,226.03,0.0947954465579,0.0,0
2018-05-27 17:21:59.251,225.71,0.0947954465579,0.0,0
2018-05-27 17:21:59.429,225.49,0.0947954465579,0.0,0
2018-05-27 17:21:59.512,224.77,0.0947954465579,0.0,0
2018-05-27 17:21:59.605,225.41,0.0947954465579,0.0,0
2018-05-27 17:21:59.698,225.59,0.0947954465579,0.0,0
2018-05-27 17:21:59.792,226.23,0.0947954465579,0.0,0
2018-05-27 17:21:59.885,227.19,0.0947954465579,0.0,0
2018-05-27 17:22:00.233,227.25,0.0947954465579,0.0,0
2018-05-27 17:22:00.326,226.73,0.0947954465579,0.0,0
2018-05-27 17:22:00.410,228.48,0.0947954465579,0.0,0
2018-05-27 17:22:00.689,229.11,0.0947954465579,0.0,0
2018-05-27 17:22:00.782,228.4,0.0947954465579,0.0,0
2018-05-27 17:22:00.875,227.49,0.0947954465579,0.0,0
2018-05-27 17:22:01.037,228.2,0.0947954465579,0.0,0
2018-05-27 17:22:01.130,227.88,0.0947954465579,0.0,0
2018-05-27 17:22:01.316,228.78,0.0947954465579,0.0,0
2018-05-27 17:22:02.028,230.01,0.0947954465579,0.0,0
2018-05-27 17:22:02.121,229.84,0.0947954465579,0.0,0
2018-05-27 17:22:02.214,228.95,0.0947954465579,0.0,0
2018-05-27 17:22:02.577,231.39,0.0947954465579,0.0,0
2018-05-27 17:22:02.763,232.04,0.0947954465579,0.0,0
2018-05-27 17:22:03.186,232.44,0.0947954465579,0.0,0
2018-05-27 17:22:03.465,233.35,0.0947954465579,0.0,0
2018-05-27 17:22:03.558,233.13,0.0947954465579,0.0,0
2018-05-27 17:22:03.651,233.24,0.0947954465579,0.0,0
2018-05-27 17:22:03.744,231.88,0.0947954465579,0.0,0
2018-05-27 17:22:03.837,230.83,0.0947954465579,0.0,0
2018-05-27 17:22:03.931,229.98,0.0947954465579,0.0,0
2018-05-27 17:22:04.085,227.26,0.0947954465579,0.0,0
2018-05-27 17:22:04.176,227.5,0.0947954465579,0.0,0
2018-05-27 17:22:04.353,225.05,0.0947954465579,0.0,0
2018-05-27 17:22:04.447,225.08,0.0947954465579,0.0,0
2018-05-27 17:22:04.530,225.41,0.0947954465579,0.0,0
2018-05-27 17:22:04.619,223.46,0.0947954465579,0.0,0
2018-05-27 17:22:04.707,223.54,0.0947954465579,0.0,0
2018-05-27 17:22:04.791,220.98,0.0947954465579,0.0,0
2018-05-27 17:22:05.139,218.76,0.0947954465579,0.0,0
2018-05-27 17:22:05.317,216.23,0.0947954465579,0.0,0
2018-05-27 17:22:05.409,216.51,0.0947954465579,0.0,0
2018-05-27 17:22:05.502,216.67,0.0947954465579,0.0,0
2018-05-27 17:22:05.595,213.88,0.0947954465579,0.0,0
2018-05-27 17:22:05.781,214.81,0.0947954465579,0.0,0
2018-05-27 17:22:05.874,212.68,0.0947954465579,0.0,0
2018-05-27 17:22:06.130,211.46,0.0947954465579,0.0,0
2018-05-27 17:22:06.223,211.36,0.0947954465579,0.0,0
2018-05-27 17:22:06.306,210.57,0.0947954465579,0.0,0
2018-05-27 17:22:06.399,211.27,0.0947954465579,0.0,0
2018-05-27 17:22:06.669,210.32,0.0947954465579,0.0,0
2018-05-27 17:22:07.013,208.65,0.0947954465579,0.0,0
2018-05-27 17:22:07.185,206.78,0.0947954465579,0.0,0
2018-05-27 17:22:07.278,207.88,0.0947954465579,0.0,0
2018-05-27 17:22:07.455,204.99,0.0947954465579,0.0,0
2018-05-27 17:22:07.735,205.67,0.0947954465579,0.0,0
2018-05-27 17:22:07.911,204.87,0.0947954465579,0.0,0
2018-05-27 17:22:08.073,204.32,0.0947954465579,0.0,0
2018-05-27 17:22:08.157,204.87,0.0947954465579,0.0,0
2018-05-27 17:22:08.790,207.26,0.0947954465579,0.0,0
2018-05-27 17:22:08.883,206.42,0.0947954465579,0.0,0
2018-05-27 17:22:09.585,207.98,0.0947954465579,0.0,0
2018-05-27 17:22:09.772,208.8,0.0947954465579,0.0,0
2018-05-27 17:22:10.213,211.07,0.0947954465579,0.0,0
2018-05-27 17:22:10.306,209.86,0.0947954465579,0.0,0
2018-05-27 17:22:10.390,210.68,0.0947954465579,0.0,0
2018-05-27 17:22:10.483,212.55,0.0947954465579,0.0,0
2018-05-27 17:22:10.576,210.56,0.0947954465579,0.0,0
2018-05-27 17:22:10.669,212.07,0.0947954465579,0.0,0
2018-05-27 17:22:10.762,212.66,0.0947954465579,0.0,0
2018-05-27 17:22:10.855,213.22,0.0947954465579,0.0,0
2018-05-27 17:22:11.012,213.29,0.0947954465579,0.0,0
2018-05-27 17:22:11.101,214.24,0.0947954465579,0.0,0
2018-05-27 17:22:11.185,213.58,0.0947954465579,0.0,0
2018-05-27 17:22:11.548,215.84,0.0947954465579,0.0,0
2018-05-27 17:22:11.827,216.5,0.0947954465579,0.0,0
2018-05-27 17:22:11.920,217.24,0.0947954465579,0.0,0
2018-05-27 17:22:12.445,216.05,0.0947954465579,0.0,0
2018-05-27 17:22:12.631,214.09,0.0947954465579,0.0,0
2018-05-27 17:22:12.715,213.48,0.0947954465579,0.0,0
2018-05-27 17:22:12.808,212.6,0.0947954465579,0.0,0
2018-05-27 17:22:13.240,211.99,0.0947954465579,0.0,0
2018-05-27 17:22:13.520,212.04,0.0947954465579,0.0,0
2018-05-27 17:22:13.706,212.11,0.0947954465579,0.0,0
2018-05-27 17:22:13.892,211.47,0.0947954465579,0.0,0
2018-05-27 17:22:14.054,210.22,0.0947954465579,0.0,0
2018-05-27 17:22:14.147,211.84,0.0947954465579,0.0,0
2018-05-27 17:22:14.408,211.8,0.0947954465579,0.0,0
2018-05-27 17:22:14.501,210.83,0.0947954465579,0.0,0
2018-05-27 17:22:14.594,211.9,0.0947954465579,0.0,0
2018-05-27 17:22:14.687,210.32,0.0947954465579,0.0,0
2018-05-27 17:22:14.873,211.67,0.0947954465579,0.0,0
2018-05-27 17:22:15.035,211.41,0.0947954465579,0.0,0
2018-05-27 17:22:15.119,211.69,0.0947954465579,0.0,0
2018-05-27 17:22:15.212,212.76,0.0947954465579,0.0,0
2018-05-27 17:22:15.305,211.64,0.0947954465579,0.0,0
2018-05-27 17:22:15.398,213.13,0.0969616581141,0.0,0
2018-05-27 17:22:15.482,211.94,0.0969616581141,0.0,0
2018-05-27 17:22:15.668,212.56,0.0969616581141,0.0,0
2018-05-27 17:22:15.761,214.09,0.0969616581141,0.0,0
2018-05-27 17:22:16.007,214.29,0.0969616581141,0.0,0
2018-05-27 17:22:16.091,214.45,0.0969616581141,0.0,0
2018-05-27 17:22:16.184,213.04,0.0969616581141,0.0,0
2018-05-27 17:22:16.370,214.37,0.0969616581141,0.0,0
2018-05-27 17:22:16.454,215.41,0.0969616581141,0.0,0
2018-05-27 17:22:16.547,213.25,0.0969616581141,0.0,0
2018-05-27 17:22:16.724,215.5,0.0969616581141,0.0,0
2018-05-27 17:22:16.817,217.18,0.0969616581141,0.0,0
2018-05-27 17:22:16.901,216.36,0.0969616581141,0.0,0
2018-05-27 17:22:17.063,218.0,0.0969616581141,0.0,0
2018-05-27 17:22:17.249,216.52,0.0969616581141,0.0,0
2018-05-27 17:22:17.417,219.27,0.0969616581141,0.0,0
2018-05-27 17:22:17.510,218.36,0.0969616581141,0.0,0
2018-05-27 17:22:17.603,217.89,0.0969616581141,0.0,0
2018-05-27 17:22:17.696,219.5,0.0969616581141,0.0,0
2018-05-27 17:22:17.789,218.59,0.0969616581141,0.0,0
2018-05-27 17:22:17.882,219.09,0.0969616581141,0.0,0
2018-05-27 17:22:18.044,219.24,0.0969616581141,0.0,0
2018-05-27 17:22:18.137,220.96,0.0969616581141,0.0,0
2018-05-27 17:22:18.230,220.64,0.0969616581141,0.0,0
2018-05-27 17:22:18.407,221.38,0.0969616581141,0.0,0
2018-05-27 17:22:18.593,221.91,0.0969616581141,0.0,0
2018-05-27 17:22:18.687,223.25,0.0969616581141,0.0,0
2018-05-27 17:22:18.780,223.55,0.0969616581141,0.0,0
2018-05-27 17:22:19.128,224.01,0.0969616581141,0.0,0
2018-05-27 17:22:19.212,224.91,0.0969616581141,0.0,0
2018-05-27 17:22:19.305,224.01,0.0969616581141,0.0,0
2018-05-27 17:22:19.388,225.84,0.0969616581141,0.0,0
2018-05-27 17:22:19.482,225.83,0.0969616581141,0.0,0
2018-05-27 17:22:19.575,225.77,0.0969616581141,0.0,0
2018-05-27 17:22:20.100,226.2,0.0969616581141,0.0,0
2018-05-27 17:22:20.184,227.49,0.0969616581141,0.0,0
2018-05-27 17:22:20.277,228.07,0.0969616581141,0.0,0
2018-05-27 17:22:20.370,227.37,0.0969616581141,0.0,0
2018-05-27 17:22:20.454,228.66,0.0969616581141,0.0,0
2018-05-27 17:22:20.547,227.53,0.0969616581141,0.0,0
2018-05-27 17:22:20.640,228.17,0.0969616581141,0.0,0
2018-05-27 17:22:20.733,229.76,0.0969616581141,0.0,0
2018-05-27 17:22:21.062,231.0,0.0969616581141,0.0,0
2018-05-27 17:22:21.155,231.14,0.0969616581141,0.0,0
2018-05-27 17:22:21.249,231.37,0.0969616581141,0.0,0
2018-05-27 17:22:21.332,231.32,0.0969616581141,0.0,0
2018-05-27 17:22:21.426,230.57,0.0969616581141,0.0,0
2018-05-27 17:22:21.519,231.86,0.0969616581141,0.0,0
2018-05-27 17:22:21.612,231.41,0.0969616581141,0.0,0
2018-05-27 17:22:21.696,233.33,0.0969616581141,0.0,0
2018-05-27 17:22:21.882,233.98,0.0969616581141,0.0,0
2018-05-27 17:22:22.044,234.21,0.0969616581141,0.0,0
2018-05-27 17:22:22.137,234.67,0.0969616581141,0.0,0
2018-05-27 17:22:22.323,234.48,0.0969616581141,0.0,0
2018-05-27 17:22:22.677,235.0,0.0969616581141,0.0,0
2018-05-27 17:22:22.863,233.62,0.0969616581141,0.0,0
2018-05-27 17:22:23.025,234.21,0.0969616581141,0.0,0
2018-05-27 17:22:23.118,235.31,0.0969616581141,0.0,0
2018-05-27 17:22:23.211,235.38,0.0969616581141,0.0,0
2018-05-27 17:22:23.304,235.44,0.0969616581141,0.0,0
2018-05-27 17:22:23.389,234.99,0.0969616581141,0.0,0
2018-05-27 17:22:23.481,234.28,0.0969616581141,0.0,0
2018-05-27 17:22:23.761,235.06,0.0969616581141,0.0,0
2018-05-27 17:22:24.011,234.83,0.0969616581141,0.0,0
2018-05-27 17:22:24.183,236.39,0.0969616581141,0.0,0
2018-05-27 17:22:24.277,235.87,0.0969616581141,0.0,0
2018-05-27 17:22:24.360,234.94,0.0969616581141,0.0,0
2018-05-27 17:22:24.453,235.85,0.0969616581141,0.0,0
2018-05-27 17:22:24.919,233.91,0.0969616581141,0.0,0
2018-05-27 17:22:25.444,223.99,0.0969616581141,0.0,0
2018-05-27 17:22:25.724,219.15,0.0969616581141,0.0,0
2018-05-27 17:22:26.072,215.97,0.0969616581141,0.0,0
2018-05-27 17:22:26.249,211.86,0.0969616581141,0.0,0
2018-05-27 17:22:26.342,212.23,0.0969616581141,0.0,0
2018-05-27 17:22:27.053,207.94,0.0969616581141,0.0,0
2018-05-27 17:22:27.146,208.72,0.0969616581141,0.0,0
2018-05-27 17:22:27.332,206.99,0.0969616581141,0.0,0
2018-05-27 17:22:27.426,205.31,0.0969616581141,0.0,0
2018-05-27 17:22:28.044,204.31,0.0969616581141,0.0,0
2018-05-27 17:22:28.137,206.97,0.0969616581141,0.0,0
2018-05-27 17:22:28.230,205.35,0.0969616581141,0.0,0
2018-05-27 17:22:28.323,207.11,0.0969616581141,0.0,0
2018-05-27 17:22:28.416,205.71,0.0969616581141,0.0,0
2018-05-27 17:22:28.509,206.37,0.0969616581141,0.0,0
2018-05-27 17:22:28.603,205.23,0.0969616581141,0.0,0
2018-05-27 17:22:28.686,205.47,0.0969616581141,0.0,0
2018-05-27 17:22:28.873,206.52,0.0969616581141,0.0,0
2018-05-27 17:22:29.034,206.05,0.0969616581141,0.0,0
2018-05-27 17:22:29.128,207.37,0.0969616581141,0.0,0
2018-05-27 17:22:29.221,206.76,0.0969616581141,0.0,0
2018-05-27 17:22:29.314,208.35,0.0969616581141,0.0,0
2018-05-27 17:22:29.407,206.22,0.0969616581141,0.0,0
2018-05-27 17:22:29.491,205.98,0.0969616581141,0.0,0
2018-05-27 17:22:29.575,207.04,0.0969616581141,0.0,0
2018-05-27 17:22:29.668,208.32,0.0969616581141,0.0,0
2018-05-27 17:22:29.761,207.66,0.0969616581141,0.0,0
2018-05-27 17:22:29.854,209.29,0.0969616581141,0.0,0
2018-05-27 17:22:30.011,208.57,0.0969616581141,0.0,0
2018-05-27 17:22:30.100,207.79,0.0969616581141,0.0,0
2018-05-27 17:22:30.277,208.53,0.0969616581141,0.0,0
2018-05-27 17:22:30.360,208.87,0.0969978098583,0.0,0
2018-05-27 17:22:30.453,210.37,0.0969978098583,0.0,0
2018-05-27 17:22:30.547,208.56,0.0969978098583,0.0,0
2018-05-27 17:22:30.640,209.86,0.0969978098583,0.0,0
2018-05-27 17:22:30.733,209.5,0.0969978098583,0.0,0
2018-05-27 17:22:30.826,211.31,0.0969978098583,0.0,0
2018-05-27 17:22:30.919,210.28,0.0969978098583,0.0,0
2018-05-27 17:22:31.081,211.53,0.0969978098583,0.0,0
2018-05-27 17:22:31.174,210.28,0.0969978098583,0.0,0
2018-05-27 17:22:31.258,210.81,0.0969978098583,0.0,0
2018-05-27 17:22:31.351,211.41,0.0969978098583,0.0,0
2018-05-27 17:22:31.435,211.49,0.0969978098583,0.0,0
2018-05-27 17:22:31.528,212.92,0.0969978098583,0.0,0
2018-05-27 17:22:31.612,214.04,0.0969978098583,0.0,0
2018-05-27 17:22:31.799,212.98,0.0969978098583,0.0,0
2018-05-27 17:22:31.891,215.15,0.0969978098583,0.0,0
2018-05-27 17:22:32.416,215.76,0.0969978098583,0.0,0
2018-05-27 17:22:32.509,215.14,0.0969978098583,0.0,0
2018-05-27 17:22:33.221,214.59,0.0969978098583,0.0,0
2018-05-27 17:22:33.407,215.07,0.0969978098583,0.0,0
2018-05-27 17:22:33.491,213.94,0.0969978098583,0.0,0
2018-05-27 17:22:33.677,212.22,0.0969978098583,0.0,0
2018-05-27 17:22:33.854,211.48,0.0969978098583,0.0,0
2018-05-27 17:22:34.016,211.4,0.0969978098583,0.0,0
2018-05-27 17:22:34.109,211.23,0.0969978098583,0.0,0
2018-05-27 17:22:34.202,209.91,0.0969978098583,0.0,0
2018-05-27 17:22:34.295,212.0,0.0969978098583,0.0,0
2018-05-27 17:22:34.463,210.87,0.0969978098583,0.0,0
2018-05-27 17:22:34.556,210.98,0.0969978098583,0.0,0
2018-05-27 17:22:34.649,210.25,0.0969978098583,0.0,0
2018-05-27 17:22:34.835,209.26,0.0969978098583,0.0,0
2018-05-27 17:22:34.928,209.88,0.0969978098583,0.0,0
2018-05-27 17:22:35.184,209.05,0.0969978098583,0.0,0
2018-05-27 17:22:35.267,209.05,0.0969978098583,0.0,0
2018-05-27 17:22:35.351,209.08,0.0969978098583,0.0,0
2018-05-27 17:22:35.444,206.89,0.0969978098583,0.0,0
2018-05-27 17:22:35.714,208.0,0.0969978098583,0.0,0
2018-05-27 17:22:35.807,209.05,0.0969978098583,0.0,0
2018-05-27 17:22:36.146,209.02,0.0969978098583,0.0,0
2018-05-27 17:22:36.612,209.92,0.0969978098583,0.0,0
2018-05-27 17:22:36.705,209.29,0.0969978098583,0.0,0
2018-05-27 17:22:36.798,211.07,0.0969978098583,0.0,0
2018-05-27 17:22:36.891,210.32,0.0969978098583,0.0,0
2018-05-27 17:22:37.044,210.19,0.0969978098583,0.0,0
2018-05-27 17:22:37.137,212.03,0.0969978098583,0.0,0
2018-05-27 17:22:37.230,210.36,0.0969978098583,0.0,0
2018-05-27 17:22:37.323,210.89,0.0969978098583,0.0,0
2018-05-27 17:22:37.416,211.81,0.0969978098583,0.0,0
2018-05-27 17:22:37.593,212.14,0.0969978098583,0.0,0
2018-05-27 17:22:37.686,214.04,0.0969978098583,0.0,0
2018-05-27 17:22:37.780,212.55,0.0969978098583,0.0,0
2018-05-27 17:22:37.863,214.38,0.0969978098583,0.0,0
2018-05-27 17:22:38.025,213.39,0.0969978098583,0.0,0
2018-05-27 17:22:38.211,213.88,0.0969978098583,0.0,0
2018-05-27 17:22:38.398,216.3,0.0969978098583,0.0,0
2018-05-27 17:22:38.570,215.09,0.0969978098583,0.0,0
2018-05-27 17:22:38.835,217.37,0.0969978098583,0.0,0
2018-05-27 17:22:38.929,216.43,0.0969978098583,0.0,0
2018-05-27 17:22:39.184,218.55,0.0969978098583,0.0,0
2018-05-27 17:22:39.267,217.82,0.0969978098583,0.0,0
2018-05-27 17:22:39.360,218.71,0.0969978098583,0.0,0
2018-05-27 17:22:39.444,218.37,0.0969978098583,0.0,0
2018-05-27 17:22:39.612,218.01,0.0969978098583,0.0,0
2018-05-27 17:22:39.705,218.08,0.0969978098583,0.0,0
2018-05-27 17:22:39.799,219.9,0.0969978098583,0.0,0
2018-05-27 17:22:39.882,218.24,0.0969978098583,0.0,0
2018-05-27 17:22:40.044,220.25,0.0969978098583,0.0,0
2018-05-27 17:22:40.137,220.88,0.0969978098583,0.0,0
2018-05-27 17:22:40.230,219.13,0.0969978098583,0.0,0
2018-05-27 17:22:40.323,219.33,0.0969978098583,0.0,0
2018-05-27 17:22:40.416,221.49,0.0969978098583,0.0,0
2018-05-27 17:22:40.603,220.49,0.0969978098583,0.0,0
2018-05-27 17:22:40.677,221.03,0.0969978098583,0.0,0
2018-05-27 17:22:40.789,221.66,0.0969978098583,0.0,0
2018-05-27 17:22:41.044,220.45,0.0969978098583,0.0,0
2018-05-27 17:22:41.137,218.77,0.0969978098583,0.0,0
2018-05-27 17:22:41.416,215.03,0.0969978098583,0.0,0
2018-05-27 17:22:41.500,215.38,0.0969978098583,0.0,0
2018-05-27 17:22:41.612,211.47,0.0969978098583,0.0,0
2018-05-27 17:22:41.705,211.29,0.0969978098583,0.0,0
2018-05-27 17:22:42.044,207.71,0.0969978098583,0.0,0
2018-05-27 17:22:42.137,205.07,0.0969978098583,0.0,0
2018-05-27 17:22:42.230,204.44,0.0969978098583,0.0,0
2018-05-27 17:22:42.416,201.27,0.0969978098583,0.0,0
2018-05-27 17:22:42.509,200.96,0.0969978098583,0.0,0
2018-05-27 17:22:42.603,198.81,0.0969978098583,0.0,0
2018-05-27 17:22:42.696,197.09,0.0969978098583,0.0,0
2018-05-27 17:22:42.789,197.01,0.0969978098583,0.0,0
2018-05-27 17:22:42.873,195.28,0.0969978098583,0.0,0
2018-05-27 17:22:43.221,192.51,0.0969978098583,0.0,0
2018-05-27 17:22:44.156,185.78,0.0969978098583,0.0,0
2018-05-27 17:22:44.249,185.05,0.0969978098583,0.0,0
2018-05-27 17:22:44.426,184.96,0.0969978098583,0.0,0
2018-05-27 17:22:44.519,183.58,0.0894502176799,0.0250000003725,0
2018-05-27 17:22:44.612,182.48,0.0822822488691,0.0250000003725,0
2018-05-27 17:22:45.044,180.85,0.0754885939707,0.0250000003725,0
2018-05-27 17:22:45.221,177.75,0.0572944771868,0.0750000029802,0
2018-05-27 17:22:45.491,176.54,0.042238125367,0.0750000029802,0
2018-05-27 17:22:45.584,175.83,0.0301030011086,0.0750000029802,0
2018-05-27 17:22:45.770,175.59,0.0572944816373,0.15000000596,0
2018-05-27 17:22:46.109,174.2,0.140547089839,0.27500000596,0
2018-05-27 17:22:46.202,172.25,0.272458768303,0.27500000596,0
2018-05-27 17:22:46.472,170.67,0.349472139685,0.125,0
2018-05-27 17:22:46.649,169.29,0.366181834212,0.0500000007451,0
2018-05-27 17:22:46.742,169.97,0.383330062063,0.0500000007451,0
2018-05-27 17:22:47.174,168.04,0.383330062063,0.0250000003725,0
2018-05-27 17:22:47.268,166.87,0.333199825535,0.0,0
2018-05-27 17:22:47.361,165.53,0.286994564643,0.0,0
2018-05-27 17:22:47.799,164.93,0.244676854902,0.0,0
2018-05-27 17:22:47.892,163.34,0.171513936327,0.0,0
2018-05-27 17:22:48.053,163.19,0.0754724337308,0.0,0
2018-05-27 17:22:48.147,162.11,0.0378781463916,0.0,0
2018-05-27 17:22:48.239,161.65,0.0629898411246,0.0,0
2018-05-27 17:22:48.333,160.91,0.0754724313684,0.0,0
2018-05-27 17:22:48.696,159.16,0.0894282259132,0.0,0
2018-05-27 17:22:48.789,157.69,0.0969725727247,0.0,0
2018-05-27 17:22:49.230,156.36,0.0969725727247,0.0,0
2018-05-27 17:22:49.603,154.97,0.0969725727247,0.0,0
2018-05-27 17:22:49.780,154.88,0.0969725727247,0.0,0
2018-05-27 17:22:50.221,151.67,0.0969725727247,0.0,0
2018-05-27 17:22:50.761,149.31,0.0969725727247,0.0,0
2018-05-27 17:22:50.854,148.37,0.0969725727247,0.0,0
2018-05-27 17:22:51.011,147.54,0.0969725727247,0.0,0
2018-05-27 17:22:51.184,146.96,0.0969725727247,0.0,0
2018-05-27 17:22:51.267,146.34,0.0969725727247,0.0,0
2018-05-27 17:22:51.640,145.66,0.0969725727247,0.0,0
2018-05-27 17:22:51.919,143.47,0.0969725727247,0.0,0
2018-05-27 17:22:52.174,142.75,0.0969725727247,0.0,0
2018-05-27 17:22:52.351,142.31,0.0969725727247,0.0,0
2018-05-27 17:22:52.622,142.49,0.0969725727247,0.0,0
2018-05-27 17:22:52.715,141.59,0.0969725727247,0.0,0
2018-05-27 17:22:53.519,141.98,0.0969725727247,0.0,0
2018-05-27 17:22:53.612,141.84,0.0969725727247,0.0,0
2018-05-27 17:22:53.696,141.42,0.0969725727247,0.0,0
2018-05-27 17:22:54.137,141.49,0.0969725727247,0.0,0
2018-05-27 17:22:54.230,140.68,0.0969725727247,0.0,0
2018-05-27 17:22:54.584,140.76,0.0969725727247,0.0,0
2018-05-27 17:22:56.090,135.76,0.0969725727247,0.0,0
2018-05-27 17:22:56.184,135.64,0.0969725727247,0.0,0
2018-05-27 17:22:56.277,134.57,0.0969725727247,0.0,0
2018-05-27 17:22:56.640,133.32,0.0969725727247,0.0,0
2018-05-27 17:22:56.919,133.26,0.0969725727247,0.0,0
2018-05-27 17:22:57.081,132.73,0.0969725727247,0.0,0
2018-05-27 17:22:57.267,132.4,0.0969725727247,0.0,0
2018-05-27 17:22:57.351,133.7,0.0969725727247,0.0,0
2018-05-27 17:22:57.621,132.09,0.0969725727247,0.0,0
2018-05-27 17:22:57.891,131.4,0.0969725727247,0.0,0
2018-05-27 17:22:58.053,131.75,0.0969725727247,0.0,0
2018-05-27 17:22:58.323,132.71,0.0969725727247,0.0,0
2018-05-27 17:22:58.500,132.6,0.0969725727247,0.0,0
2018-05-27 17:22:58.593,133.02,0.0969725727247,0.0,0
2018-05-27 17:22:58.873,131.12,0.0969725727247,0.0,0
2018-05-27 17:22:59.211,131.78,0.0969725727247,0.0,0
2018-05-27 17:22:59.398,129.76,0.0969725727247,0.0,0
2018-05-27 17:22:59.855,128.78,0.0969725727247,0.0,0
2018-05-27 17:23:00.006,127.26,0.0969725727247,0.0,0
2018-05-27 17:23:00.090,128.17,0.0969725727247,0.0,0
2018-05-27 17:23:00.454,127.42,0.0969725727247,0.0,0
2018-05-27 17:23:00.547,126.8,0.0969725727247,0.0,0
2018-05-27 17:23:00.724,126.47,0.0969725727247,0.0,0
2018-05-27 17:23:01.249,127.21,0.0969725727247,0.0,0
2018-05-27 17:23:01.520,127.0,0.0969725727247,0.0,0
2018-05-27 17:23:01.612,127.31,0.0969725727247,0.0,0
2018-05-27 17:23:02.044,126.29,0.0969725727247,0.0,0
2018-05-27 17:23:02.137,126.48,0.0969725727247,0.0,0
2018-05-27 17:23:02.230,126.68,0.0969725727247,0.0,0
2018-05-27 17:23:02.323,125.67,0.0969725727247,0.0,0
2018-05-27 17:23:02.416,126.22,0.0969725727247,0.0,0
2018-05-27 17:23:02.509,126.7,0.0969725727247,0.0,0
2018-05-27 17:23:02.603,126.9,0.0969725727247,0.0,0
2018-05-27 17:23:02.696,126.35,0.0969725727247,0.0,0
2018-05-27 17:23:02.789,125.98,0.0969725727247,0.0,0
2018-05-27 17:23:02.882,126.75,0.0969725727247,0.0,0
2018-05-27 17:23:03.034,126.2,0.0969725727247,0.0,0
2018-05-27 17:23:03.407,126.36,0.0969725727247,0.0,0
2018-05-27 17:23:03.584,126.65,0.0969725727247,0.0,0
2018-05-27 17:23:03.677,126.7,0.0969725727247,0.0,0
2018-05-27 17:23:03.761,128.07,0.0969725727247,0.0,0
2018-05-27 17:23:04.011,128.33,0.0969725727247,0.0,0
2018-05-27 17:23:04.100,128.19,0.0894282259132,0.0250000003725,0
2018-05-27 17:23:04.184,126.96,0.0894282259132,0.0,0
2018-05-27 17:23:04.277,128.95,0.0894282259132,0.0,0
2018-05-27 17:23:04.454,127.57,0.0894282259132,0.0,0
2018-05-27 17:23:04.537,129.11,0.0894282259132,0.0,0
2018-05-27 17:23:04.630,128.13,0.0894282259132,0.0,0
2018-05-27 17:23:04.724,127.73,0.0894282259132,0.0,0
2018-05-27 17:23:04.807,128.57,0.0894282259132,0.0,0
2018-05-27 17:23:04.891,127.97,0.0894282259132,0.0,0
2018-05-27 17:23:05.053,129.09,0.0894282259132,0.0,0
2018-05-27 17:23:05.323,129.22,0.0969725727247,0.0,0
2018-05-27 17:23:05.509,128.77,0.0969725727247,0.0,0
2018-05-27 17:23:05.696,128.51,0.0969725727247,0.0,0
2018-05-27 17:23:05.789,129.96,0.0969725727247,0.0,0
2018-05-27 17:23:05.882,129.96,0.0969725727247,0.0,0
2018-05-27 17:23:06.044,129.73,0.0969725727247,0.0,0
2018-05-27 17:23:06.137,129.46,0.0969725727247,0.0,0
2018-05-27 17:23:06.230,129.23,0.0969725727247,0.0,0
2018-05-27 17:23:06.407,128.93,0.0969725727247,0.0,0
2018-05-27 17:23:06.491,130.61,0.0969725727247,0.0,0
2018-05-27 17:23:06.584,130.89,0.0969725727247,0.0,0
2018-05-27 17:23:06.677,130.67,0.096264859634,0.0,0
2018-05-27 17:23:06.770,129.7,0.096264859634,0.0,0
2018-05-27 17:23:07.025,130.27,0.096264859634,0.0,0
2018-05-27 17:23:07.118,131.67,0.096264859634,0.0,0
2018-05-27 17:23:07.202,131.04,0.096264859634,0.0,0
2018-05-27 17:23:07.388,131.01,0.096264859634,0.0,0
2018-05-27 17:23:07.556,131.31,0.096264859634,0.0,0
2018-05-27 17:23:07.742,132.31,0.096264859634,0.0,0
2018-05-27 17:23:07.836,132.62,0.0888114509774,0.0250000003725,0
2018-05-27 17:23:07.919,131.9,0.0888114509774,0.0,0
2018-05-27 17:23:08.081,132.4,0.0888114509774,0.0,0
2018-05-27 17:23:08.174,132.16,0.0888114509774,0.0,0
2018-05-27 17:23:08.267,133.12,0.0888114509774,0.0,0
2018-05-27 17:23:08.351,132.5,0.0888114509774,0.0,0
2018-05-27 17:23:08.537,132.91,0.0888114509774,0.0,0
2018-05-27 17:23:08.630,133.46,0.0888114509774,0.0,0
2018-05-27 17:23:08.714,133.88,0.0888114509774,0.0,0
2018-05-27 17:23:08.807,133.78,0.0888114509774,0.0,0
2018-05-27 17:23:08.900,133.42,0.096264859634,0.0,0
2018-05-27 17:23:09.155,133.56,0.096264859634,0.0,0
2018-05-27 17:23:09.249,133.79,0.096264859634,0.0,0
2018-05-27 17:23:09.332,134.92,0.096264859634,0.0,0
2018-05-27 17:23:09.426,134.77,0.096264859634,0.0,0
2018-05-27 17:23:09.519,134.87,0.096264859634,0.0,0
2018-05-27 17:23:09.696,134.39,0.096264859634,0.0,0
2018-05-27 17:23:09.789,135.16,0.096264859634,0.0,0
2018-05-27 17:23:09.882,135.39,0.096264859634,0.0,0
2018-05-27 17:23:10.137,136.52,0.096264859634,0.0,0
2018-05-27 17:23:10.230,135.76,0.096264859634,0.0,0
2018-05-27 17:23:10.323,136.29,0.096264859634,0.0,0
2018-05-27 17:23:10.416,136.08,0.096264859634,0.0,0
2018-05-27 17:23:10.603,136.28,0.096264859634,0.0,0
2018-05-27 17:23:10.686,136.18,0.096264859634,0.0,0
2018-05-27 17:23:10.873,136.59,0.096264859634,0.0,0
2018-05-27 17:23:11.034,136.81,0.096264859634,0.0,0
2018-05-27 17:23:11.128,137.24,0.096264859634,0.0,0
2018-05-27 17:23:11.221,137.74,0.096264859634,0.0,0
2018-05-27 17:23:11.314,137.71,0.096264859634,0.0,0
2018-05-27 17:23:11.407,137.65,0.096264859634,0.0,0
2018-05-27 17:23:11.491,136.9,0.096264859634,0.0,0
2018-05-27 17:23:11.574,137.09,0.096264859634,0.0,0
2018-05-27 17:23:11.668,137.66,0.096264859634,0.0,0
2018-05-27 17:23:11.761,137.36,0.096264859634,0.0,0
2018-05-27 17:23:12.011,138.77,0.096264859634,0.0,0
2018-05-27 17:23:12.183,137.98,0.096264859634,0.0,0
2018-05-27 17:23:12.277,138.16,0.096264859634,0.0,0
2018-05-27 17:23:12.453,138.27,0.096264859634,0.0,0
2018-05-27 17:23:12.640,138.29,0.096264859634,0.0,0
2018-05-27 17:23:12.733,138.14,0.096264859634,0.0,0
2018-05-27 17:23:12.910,140.0,0.096264859634,0.0,0
2018-05-27 17:23:13.072,140.17,0.096264859634,0.0,0
2018-05-27 17:23:13.165,139.79,0.096264859634,0.0,0
2018-05-27 17:23:13.351,139.7,0.096264859634,0.0,0
2018-05-27 17:23:13.435,138.93,0.096264859634,0.0,0
2018-05-27 17:23:13.528,138.8,0.096264859634,0.0,0
2018-05-27 17:23:13.612,138.62,0.096264859634,0.0,0
2018-05-27 17:23:13.705,139.15,0.096264859634,0.0,0
2018-05-27 17:23:13.798,138.98,0.096264859634,0.0,0
2018-05-27 17:23:14.146,136.99,0.096264859634,0.0,0
2018-05-27 17:23:14.333,136.05,0.096264859634,0.0,0
2018-05-27 17:23:14.425,135.68,0.096264859634,0.0,0
2018-05-27 17:23:14.519,136.15,0.096264859634,0.0,0
2018-05-27 17:23:14.602,135.4,0.096264859634,0.0,0
2018-05-27 17:23:15.044,133.59,0.096264859634,0.0,0
2018-05-27 17:23:15.230,133.43,0.096264859634,0.0,0
2018-05-27 17:23:15.323,134.41,0.096264859634,0.0,0
2018-05-27 17:23:15.500,133.03,0.096264859634,0.0,0
2018-05-27 17:23:15.593,132.98,0.096264859634,0.0,0
2018-05-27 17:23:15.686,133.32,0.096264859634,0.0,0
2018-05-27 17:23:15.779,132.46,0.096264859634,0.0,0
2018-05-27 17:23:16.034,132.35,0.096264859634,0.0,0
2018-05-27 17:23:16.128,131.84,0.096264859634,0.0,0
2018-05-27 17:23:16.221,130.57,0.096264859634,0.0,0
2018-05-27 17:23:16.398,131.12,0.096264859634,0.0,0
2018-05-27 17:23:16.584,128.53,0.096264859634,0.0,0
2018-05-27 17:23:16.668,129.42,0.096264859634,0.0,0
2018-05-27 17:23:16.846,127.86,0.096264859634,0.0,0
2018-05-27 17:23:17.006,127.99,0.096264859634,0.0,0
2018-05-27 17:23:17.183,126.67,0.096264859634,0.0,0
2018-05-27 17:23:17.361,125.81,0.096264859634,0.0,0
2018-05-27 17:23:17.454,125.65,0.096264859634,0.0,0
2018-05-27 17:23:17.537,126.82,0.096264859634,0.0,0
2018-05-27 17:23:17.630,126.27,0.096264859634,0.0,0
2018-05-27 17:23:17.714,126.21,0.096264859634,0.0,0
2018-05-27 17:23:18.155,125.67,0.096264859634,0.0,0
2018-05-27 17:23:18.249,125.91,0.096264859634,0.0,0
2018-05-27 17:23:18.519,125.34,0.096264859634,0.0,0
2018-05-27 17:23:18.705,125.59,0.096264859634,0.0,0
2018-05-27 17:23:18.798,125.37,0.096264859634,0.0,0
2018-05-27 17:23:18.891,125.34,0.096264859634,0.0,0
2018-05-27 17:23:19.053,124.89,0.096264859634,0.0,0
2018-05-27 17:23:19.146,124.59,0.096264859634,0.0,0
2018-05-27 17:23:19.519,122.43,0.096264859634,0.0,0
2018-05-27 17:23:19.705,121.71,0.096264859634,0.0,0
2018-05-27 17:23:19.798,121.93,0.096264859634,0.0,0
2018-05-27 17:23:20.053,121.16,0.096264859634,0.0,0
2018-05-27 17:23:20.146,121.2,0.096264859634,0.0,0
2018-05-27 17:23:20.416,119.76,0.096264859634,0.0,0
2018-05-27 17:23:20.509,120.02,0.096264859634,0.0,0
2018-05-27 17:23:20.882,119.54,0.096264859634,0.0,0
2018-05-27 17:23:21.044,119.96,0.0962660942521,0.0,0
2018-05-27 17:23:21.137,119.8,0.0962660942521,0.0,0
2018-05-27 17:23:21.407,119.26,0.0962660942521,0.0,0
2018-05-27 17:23:21.500,118.64,0.0962660942521,0.0,0
2018-05-27 17:23:21.686,117.98,0.0962660942521,0.0,0
2018-05-27 17:23:21.779,117.57,0.0962660942521,0.0,0
2018-05-27 17:23:21.872,117.62,0.0962660942521,0.0,0
2018-05-27 17:23:22.127,116.76,0.0962660942521,0.0,0
2018-05-27 17:23:22.221,116.05,0.0962660942521,0.0,0
2018-05-27 17:23:22.397,115.77,0.0962660942521,0.0,0
2018-05-27 17:23:22.491,115.3,0.0962660942521,0.0,0
2018-05-27 17:23:23.011,114.51,0.0962660942521,0.0,0
2018-05-27 17:23:23.183,115.34,0.0962660942521,0.0,0
2018-05-27 17:23:23.368,115.99,0.0962660942521,0.0,0
2018-05-27 17:23:23.453,114.65,0.0962660942521,0.0,0
2018-05-27 17:23:23.826,114.86,0.0962660942521,0.0,0
2018-05-27 17:23:24.081,114.59,0.0962660942521,0.0,0
2018-05-27 17:23:24.258,115.45,0.0962660942521,0.0,0
2018-05-27 17:23:24.351,116.22,0.0962660942521,0.0,0
2018-05-27 17:23:24.799,116.28,0.0962660942521,0.0,0
2018-05-27 17:23:25.230,116.3,0.0962660942521,0.0,0
2018-05-27 17:23:25.509,116.33,0.0962660942521,0.0,0
2018-05-27 17:23:25.695,116.47,0.0962660942521,0.0,0
2018-05-27 17:23:25.789,117.14,0.0962660942521,0.0,0
2018-05-27 17:23:25.872,117.87,0.0962660942521,0.0,0
2018-05-27 17:23:26.034,116.17,0.0962660942521,0.0,0
2018-05-27 17:23:26.221,117.26,0.0962660942521,0.0,0
2018-05-27 17:23:26.314,116.99,0.0962660942521,0.0,0
2018-05-27 17:23:26.407,118.01,0.0962660942521,0.0,0
2018-05-27 17:23:26.584,117.13,0.0962660942521,0.0,0
2018-05-27 17:23:26.677,118.12,0.0962660942521,0.0,0
2018-05-27 17:23:26.761,117.5,0.0962660942521,0.0,0
2018-05-27 17:23:27.011,117.02,0.0962660942521,0.0,0
2018-05-27 17:23:27.099,117.89,0.0962660942521,0.0,0
2018-05-27 17:23:27.183,118.34,0.0962660942521,0.0,0
2018-05-27 17:23:27.360,118.1,0.0962660942521,0.0,0
2018-05-27 17:23:27.453,117.6,0.0962660942521,0.0,0
2018-05-27 17:23:27.546,118.83,0.0962660942521,0.0,0
2018-05-27 17:23:27.640,117.62,0.0962660942521,0.0,0
2018-05-27 17:23:27.733,118.48,0.0962660942521,0.0,0
2018-05-27 17:23:27.826,116.9,0.0962660942521,0.0,0
2018-05-27 17:23:27.919,117.61,0.0962660942521,0.0,0
2018-05-27 17:23:28.174,117.33,0.0962660942521,0.0,0
2018-05-27 17:23:28.267,118.57,0.0962660942521,0.0,0
2018-05-27 17:23:28.353,118.37,0.0962660942521,0.0,0
2018-05-27 17:23:28.444,118.19,0.0962660942521,0.0,0
2018-05-27 17:23:28.537,117.24,0.0962660942521,0.0,0
2018-05-27 17:23:28.630,118.19,0.0962660942521,0.0,0
2018-05-27 17:23:28.723,118.1,0.0962660942521,0.0,0
2018-05-27 17:23:28.807,116.98,0.0962660942521,0.0,0
2018-05-27 17:23:28.891,118.34,0.0962660942521,0.0,0
2018-05-27 17:23:29.053,117.88,0.0962660942521,0.0,0
2018-05-27 17:23:29.146,118.87,0.0962660942521,0.0,0
2018-05-27 17:23:29.239,117.68,0.0962660942521,0.0,0
2018-05-27 17:23:29.323,118.6,0.0962660942521,0.0,0
2018-05-27 17:23:29.407,118.76,0.0962660942521,0.0,0
2018-05-27 17:23:29.500,118.94,0.0962660942521,0.0,0
2018-05-27 17:23:29.593,117.84,0.0962660942521,0.0,0
2018-05-27 17:23:29.686,118.81,0.0962660942521,0.0,0
2018-05-27 17:23:29.779,117.86,0.0962660942521,0.0,0
2018-05-27 17:23:29.872,118.73,0.0962660942521,0.0,0
2018-05-27 17:23:30.211,118.31,0.0962660942521,0.0,0
2018-05-27 17:23:30.304,118.92,0.0962660942521,0.0,0
2018-05-27 17:23:30.397,118.52,0.0962660942521,0.0,0
2018-05-27 17:23:30.481,118.61,0.0962660942521,0.0,0
2018-05-27 17:23:30.574,118.3,0.0962660942521,0.0,0
2018-05-27 17:23:30.667,118.61,0.0962660942521,0.0,0
2018-05-27 17:23:30.760,118.02,0.0962660942521,0.0,0
2018-05-27 17:23:31.011,118.38,0.0962660942521,0.0,0
2018-05-27 17:23:31.099,118.63,0.0962660942521,0.0,0
2018-05-27 17:23:31.183,118.17,0.0962660942521,0.0,0
2018-05-27 17:23:31.276,119.01,0.0962660942521,0.0,0
2018-05-27 17:23:31.369,118.72,0.0962660942521,0.0,0
2018-05-27 17:23:31.453,118.22,0.0962660942521,0.0,0
2018-05-27 17:23:31.546,119.48,0.0962660942521,0.0,0
2018-05-27 17:23:31.639,119.75,0.0962660942521,0.0,0
2018-05-27 17:23:31.732,119.27,0.0962660942521,0.0,0
2018-05-27 17:23:31.816,119.38,0.0962660942521,0.0,0
2018-05-27 17:23:31.909,119.81,0.0962660942521,0.0,0
2018-05-27 17:23:32.071,120.78,0.0962660942521,0.0,0
2018-05-27 17:23:32.164,120.28,0.0962660942521,0.0,0
2018-05-27 17:23:32.257,121.54,0.0962660942521,0.0,0
2018-05-27 17:23:32.527,122.22,0.0962660942521,0.0,0
2018-05-27 17:23:32.621,121.84,0.0962660942521,0.0,0
2018-05-27 17:23:32.714,123.04,0.0962660942521,0.0,0
2018-05-27 17:23:32.797,123.17,0.0962660942521,0.0,0
2018-05-27 17:23:32.891,124.02,0.0962660942521,0.0,0
2018-05-27 17:23:33.052,123.61,0.0962660942521,0.0,0
2018-05-27 17:23:33.416,124.85,0.0962660942521,0.0,0
2018-05-27 17:23:33.686,125.06,0.0962660942521,0.0,0
2018-05-27 17:23:34.313,125.61,0.0962660942521,0.0,0
2018-05-27 17:23:34.397,124.86,0.0962660942521,0.0,0
2018-05-27 17:23:34.490,124.66,0.0962660942521,0.0,0
2018-05-27 17:23:34.574,125.09,0.0962660942521,0.0,0
2018-05-27 17:23:35.010,124.21,0.0962660942521,0.0,0
2018-05-27 17:23:35.183,122.39,0.0962660942521,0.0,0
2018-05-27 17:23:35.276,122.88,0.0962660942521,0.0,0
2018-05-27 17:23:35.528,122.08,0.0962660942521,0.0,0
2018-05-27 17:23:35.900,119.78,0.0962660942521,0.0,0
2018-05-27 17:23:36.061,120.64,0.0962660942521,0.0,0
2018-05-27 17:23:36.518,117.69,0.096264859634,0.0,0
2018-05-27 17:23:36.704,117.75,0.096264859634,0.0,0
2018-05-27 17:23:36.798,116.82,0.096264859634,0.0,0
2018-05-27 17:23:36.890,117.37,0.096264859634,0.0,0
2018-05-27 17:23:37.052,117.06,0.096264859634,0.0,0
2018-05-27 17:23:37.145,116.99,0.096264859634,0.0,0
2018-05-27 17:23:37.238,115.91,0.096264859634,0.0,0
2018-05-27 17:23:37.332,116.26,0.096264859634,0.0,0
2018-05-27 17:23:37.415,115.99,0.096264859634,0.0,0
2018-05-27 17:23:37.508,114.06,0.096264859634,0.0,0
2018-05-27 17:23:37.601,115.47,0.096264859634,0.0,0
2018-05-27 17:23:37.695,114.52,0.096264859634,0.0,0
2018-05-27 17:23:37.788,115.75,0.096264859634,0.0,0
2018-05-27 17:23:38.229,115.94,0.096264859634,0.0,0
2018-05-27 17:23:38.322,115.1,0.096264859634,0.0,0
2018-05-27 17:23:38.406,115.66,0.096264859634,0.0,0
2018-05-27 17:23:38.499,115.17,0.096264859634,0.0,0
2018-05-27 17:23:38.592,116.18,0.096264859634,0.0,0
2018-05-27 17:23:38.685,115.74,0.096264859634,0.0,0
2018-05-27 17:23:38.778,116.77,0.096264859634,0.0,0
2018-05-27 17:23:38.871,116.88,0.096264859634,0.0,0
2018-05-27 17:23:39.033,117.57,0.096264859634,0.0,0
2018-05-27 17:23:39.220,118.04,0.096264859634,0.0,0
2018-05-27 17:23:39.313,118.43,0.096264859634,0.0,0
2018-05-27 17:23:39.397,118.89,0.096264859634,0.0,0
2018-05-27 17:23:39.490,118.92,0.096264859634,0.0,0
2018-05-27 17:23:39.583,119.94,0.096264859634,0.0,0
2018-05-27 17:23:39.676,119.43,0.096264859634,0.0,0
2018-05-27 17:23:39.769,120.07,0.096264859634,0.0,0
2018-05-27 17:23:39.862,119.06,0.096264859634,0.0,0
2018-05-27 17:23:40.024,117.9,0.096264859634,0.0,0
2018-05-27 17:23:40.118,118.39,0.096264859634,0.0,0
2018-05-27 17:23:40.387,117.26,0.096264859634,0.0,0
2018-05-27 17:23:40.759,114.97,0.096264859634,0.0,0
2018-05-27 17:23:41.098,114.75,0.096264859634,0.0,0
2018-05-27 17:23:41.182,114.9,0.096264859634,0.0,0
2018-05-27 17:23:41.266,115.35,0.096264859634,0.0,0
2018-05-27 17:23:41.350,115.42,0.096264859634,0.0,0
2018-05-27 17:23:41.443,114.93,0.096264859634,0.0,0
2018-05-27 17:23:41.527,115.15,0.096264859634,0.0,0
2018-05-27 17:23:41.620,114.93,0.096264859634,0.0,0
2018-05-27 17:23:41.713,115.41,0.096264859634,0.0,0
2018-05-27 17:23:41.890,115.04,0.096264859634,0.0,0
2018-05-27 17:23:42.052,116.02,0.096264859634,0.0,0
2018-05-27 17:23:42.145,115.08,0.096264859634,0.0,0
2018-05-27 17:23:42.238,116.3,0.096264859634,0.0,0
2018-05-27 17:23:42.424,116.77,0.096264859634,0.0,0
2018-05-27 17:23:42.517,115.57,0.096264859634,0.0,0
2018-05-27 17:23:42.610,117.28,0.096264859634,0.0,0
2018-05-27 17:23:42.703,117.13,0.096264859634,0.0,0
2018-05-27 17:23:42.797,116.95,0.096264859634,0.0,0
2018-05-27 17:23:43.042,118.3,0.096264859634,0.0,0
2018-05-27 17:23:43.405,117.99,0.096264859634,0.0,0
2018-05-27 17:23:43.499,117.4,0.096264859634,0.0,0
2018-05-27 17:23:43.852,118.1,0.096264859634,0.0,0
2018-05-27 17:23:44.108,118.05,0.096264859634,0.0,0
2018-05-27 17:23:44.289,118.83,0.096264859634,0.0,0
2018-05-27 17:23:44.647,120.07,0.096264859634,0.0,0
2018-05-27 17:23:44.741,119.81,0.096264859634,0.0,0
2018-05-27 17:23:44.834,119.14,0.096264859634,0.0,0
2018-05-27 17:23:44.927,120.79,0.096264859634,0.0,0
2018-05-27 17:23:45.089,120.31,0.096264859634,0.0,0
2018-05-27 17:23:45.172,121.15,0.096264859634,0.0,0
2018-05-27 17:23:45.359,121.74,0.096264859634,0.0,0
2018-05-27 17:23:45.619,120.12,0.096264859634,0.0,0
2018-05-27 17:23:45.713,119.85,0.096264859634,0.0,0
2018-05-27 17:23:46.051,118.38,0.096264859634,0.0,0
2018-05-27 17:23:46.144,118.2,0.096264859634,0.0,0
2018-05-27 17:23:46.237,117.21,0.096264859634,0.0,0
2018-05-27 17:23:47.135,109.86,0.096264859634,0.0,0
2018-05-27 17:23:47.414,105.24,0.096264859634,0.0,0
2018-05-27 17:23:47.498,103.99,0.096264859634,0.0,0
2018-05-27 17:23:47.591,102.06,0.096264859634,0.0,0
2018-05-27 17:23:47.684,100.84,0.096264859634,0.0,0
2018-05-27 17:23:47.861,97.12,0.096264859634,0.0,0
2018-05-27 17:23:48.023,96.38,0.096264859634,0.0,0
2018-05-27 17:23:48.116,94.65,0.096264859634,0.0,0
2018-05-27 17:23:48.303,92.03,0.096264859634,0.0,0
2018-05-27 17:23:48.386,91.07,0.096264859634,0.0,0
2018-05-27 17:23:48.479,89.46,0.096264859634,0.0,0
2018-05-27 17:23:48.656,86.67,0.096264859634,0.0,0
2018-05-27 17:23:48.740,85.24,0.096264859634,0.0,0
2018-05-27 17:23:48.833,83.44,0.096264859634,0.0,0
2018-05-27 17:23:49.088,81.73,0.096264859634,0.0,0
2018-05-27 17:23:49.181,80.48,0.096264859634,0.0,0
2018-05-27 17:23:49.358,78.53,0.096264859634,0.0,0
2018-05-27 17:23:49.451,77.49,0.096264859634,0.0,0
2018-05-27 17:23:49.545,76.14,0.096264859634,0.0,0
2018-05-27 17:23:49.638,75.1,0.096264859634,0.0,0
2018-05-27 17:23:49.731,73.85,0.096264859634,0.0,0
2018-05-27 17:23:49.917,71.82,0.096264859634,0.0,0
2018-05-27 17:23:50.172,70.04,0.096264859634,0.0,0
2018-05-27 17:23:50.265,68.27,0.096264859634,0.0,0
2018-05-27 17:23:50.443,66.33,0.096264859634,0.0,0
2018-05-27 17:23:51.060,60.85,0.096264859634,0.0,0
2018-05-27 17:23:51.330,58.48,0.096264859634,0.0,0
2018-05-27 17:23:51.516,58.67,0.096264859634,0.0,0
2018-05-27 17:23:51.610,57.41,0.096264859634,0.0,0
2018-05-27 17:23:51.880,56.79,0.096264859634,0.0,0
2018-05-27 17:23:52.042,56.71,0.096264859634,0.0,0
2018-05-27 17:23:52.135,56.26,0.096264859634,0.0,0
2018-05-27 17:23:52.228,56.27,0.096264859634,0.0,0
2018-05-27 17:23:52.321,55.97,0.0888114509774,0.0250000003725,0
2018-05-27 17:23:52.405,55.25,0.0817312432701,0.0250000003725,0
2018-05-27 17:23:52.498,54.86,0.075019021737,0.0250000003725,0
2018-05-27 17:23:52.591,55.43,0.0686691957929,0.0250000003725,0
2018-05-27 17:23:52.684,55.32,0.0626757748515,0.0250000003725,0
2018-05-27 17:23:52.870,54.64,0.0626757748515,0.0,0
2018-05-27 17:23:53.032,54.33,0.0626757748515,0.0,0
2018-05-27 17:23:53.125,55.09,0.0626757748515,0.0,0
2018-05-27 17:23:53.218,54.16,0.0626757748515,0.0,0
2018-05-27 17:23:53.311,54.09,0.0626757748515,0.0,0
2018-05-27 17:23:53.395,53.11,0.0686691957929,0.0,0
2018-05-27 17:23:53.581,52.97,0.075019021737,0.0,0
2018-05-27 17:23:53.675,52.77,0.0817312432701,0.0,0
2018-05-27 17:23:53.861,52.11,0.0888114509774,0.0,0
2018-05-27 17:23:54.023,52.04,0.096264859634,0.0,0
2018-05-27 17:23:54.209,51.93,0.096264859634,0.0,0
2018-05-27 17:23:54.302,50.77,0.0817312432701,0.0500000007451,0
2018-05-27 17:23:54.386,50.57,0.0686691957929,0.0500000007451,0
2018-05-27 17:23:54.479,51.15,0.0570323439619,0.0500000007451,0
2018-05-27 17:23:54.572,50.9,0.0467675266759,0.0500000007451,0
2018-05-27 17:23:54.665,51.28,0.0378140438461,0.0500000007451,0
2018-05-27 17:23:54.758,50.96,0.0338078573404,0.0250000003725,0
2018-05-27 17:23:55.008,51.75,0.0338078587187,0.0500000007451,0
2018-05-27 17:23:55.097,52.3,0.0421309773343,0.0500000007451,0
2018-05-27 17:23:55.181,52.74,0.0517320415135,0.0500000007451,0
2018-05-27 17:23:55.544,54.36,0.0570323459183,0.0250000003725,0
2018-05-27 17:23:55.637,54.72,0.0517320415135,0.0250000003725,0
2018-05-27 17:23:55.731,55.54,0.0421309773343,0.0,0
2018-05-27 17:23:55.824,56.16,0.0338078587187,0.0,0
2018-05-27 17:23:55.917,56.28,0.0338078573404,0.0,0
2018-05-27 17:23:56.171,57.08,0.0421309757338,0.0,0
2018-05-27 17:23:56.255,57.9,0.0467675266759,0.0,0
2018-05-27 17:23:56.516,60.13,0.0570323439619,0.0,0
2018-05-27 17:23:57.041,64.66,0.0686691957929,0.0,0
2018-05-27 17:23:57.134,65.32,0.0817312432701,0.0,0
2018-05-27 17:23:57.227,65.76,0.0888114509774,0.0,0
2018-05-27 17:23:57.320,66.81,0.096264859634,0.0,0
2018-05-27 17:23:57.404,67.24,0.096264859634,0.0,0
2018-05-27 17:23:57.498,68.19,0.096264859634,0.0,0
2018-05-27 17:23:57.581,68.33,0.096264859634,0.0,0
2018-05-27 17:23:57.674,69.29,0.096264859634,0.0,0
2018-05-27 17:23:57.767,68.59,0.096264859634,0.0,0
2018-05-27 17:23:58.022,68.72,0.096264859634,0.0,0
2018-05-27 17:23:58.302,67.38,0.096264859634,0.0,0
2018-05-27 17:23:58.395,68.28,0.096264859634,0.0,0
2018-05-27 17:23:58.572,68.42,0.096264859634,0.0,0
2018-05-27 17:23:59.097,70.65,0.096264859634,0.0,0
2018-05-27 17:23:59.181,70.85,0.096264859634,0.0,0
2018-05-27 17:23:59.348,71.68,0.096264859634,0.0,0
2018-05-27 17:23:59.535,73.29,0.096264859634,0.0,0
2018-05-27 17:23:59.711,74.53,0.096264859634,0.0,0
2018-05-27 17:23:59.898,76.31,0.096264859634,0.0,0
2018-05-27 17:24:00.050,76.77,0.096264859634,0.0,0
2018-05-27 17:24:00.423,80.05,0.096264859634,0.0,0
2018-05-27 17:24:00.516,80.06,0.096264859634,0.0,0
2018-05-27 17:24:00.609,81.13,0.096264859634,0.0,0
2018-05-27 17:24:00.795,82.94,0.096264859634,0.0,0
2018-05-27 17:24:01.143,83.57,0.096264859634,0.0,0
2018-05-27 17:24:01.404,85.48,0.096264859634,0.0,0
2018-05-27 17:24:01.497,85.81,0.096264859634,0.0,0
2018-05-27 17:24:01.590,86.17,0.096264859634,0.0,0
2018-05-27 17:24:01.776,88.75,0.096264859634,0.0,0
2018-05-27 17:24:01.870,88.76,0.096264859634,0.0,0
2018-05-27 17:24:02.031,89.68,0.096264859634,0.0,0
2018-05-27 17:24:02.208,90.17,0.096264859634,0.0,0
2018-05-27 17:24:02.665,92.73,0.096264859634,0.0,0
2018-05-27 17:24:02.848,93.07,0.096264859634,0.0,0
2018-05-27 17:24:03.087,92.61,0.096264859634,0.0,0
2018-05-27 17:24:03.367,91.89,0.096264859634,0.0,0
2018-05-27 17:24:03.450,91.63,0.096264859634,0.0,0
2018-05-27 17:24:03.543,91.01,0.096264859634,0.0,0
2018-05-27 17:24:03.720,90.78,0.096264859634,0.0,0
2018-05-27 17:24:03.897,91.38,0.096264859634,0.0,0
2018-05-27 17:24:04.059,91.48,0.096264859634,0.0,0
2018-05-27 17:24:04.516,93.19,0.096264859634,0.0,0
2018-05-27 17:24:04.609,92.87,0.096264859634,0.0,0
2018-05-27 17:24:04.702,93.39,0.096264859634,0.0,0
2018-05-27 17:24:05.143,96.04,0.096264859634,0.0,0
2018-05-27 17:24:05.785,99.74,0.096264859634,0.0,0
2018-05-27 17:24:05.879,100.57,0.096264859634,0.0,0
2018-05-27 17:24:06.134,102.46,0.096264859634,0.0,0
2018-05-27 17:24:06.227,102.15,0.096264859634,0.0,0
2018-05-27 17:24:06.320,103.6,0.096264859634,0.0,0
2018-05-27 17:24:06.413,104.81,0.096264859634,0.0,0
2018-05-27 17:24:06.497,105.28,0.096264859634,0.0,0
2018-05-27 17:24:06.590,106.03,0.096264859634,0.0,0
2018-05-27 17:24:06.683,106.1,0.096264859634,0.0,0
2018-05-27 17:24:06.860,107.21,0.096264859634,0.0,0
2018-05-27 17:24:07.115,108.44,0.096264859634,0.0,0
2018-05-27 17:24:07.208,109.4,0.096264859634,0.0,0
2018-05-27 17:24:07.394,110.38,0.096264859634,0.0,0
2018-05-27 17:24:07.566,111.79,0.096264859634,0.0,0
2018-05-27 17:24:07.655,111.58,0.096264859634,0.0,0
2018-05-27 17:24:07.832,111.33,0.096264859634,0.0,0
2018-05-27 17:24:08.180,110.65,0.096264859634,0.0,0
2018-05-27 17:24:08.450,109.65,0.096264859634,0.0,0
2018-05-27 17:24:08.543,108.7,0.096264859634,0.0,0
2018-05-27 17:24:08.636,108.21,0.096264859634,0.0,0
2018-05-27 17:24:08.729,108.5,0.0961645929157,0.0,0
2018-05-27 17:24:08.823,107.68,0.0961645929157,0.0,0
2018-05-27 17:24:08.916,107.78,0.0961645929157,0.0,0
2018-05-27 17:24:09.078,108.5,0.0961645929157,0.0,0
2018-05-27 17:24:09.171,107.94,0.0961645929157,0.0,0
2018-05-27 17:24:09.264,107.6,0.0961645929157,0.0,0
2018-05-27 17:24:09.348,108.39,0.0961645929157,0.0,0
2018-05-27 17:24:09.524,108.77,0.0961645929157,0.0,0
2018-05-27 17:24:09.711,109.18,0.0961645929157,0.0,0
2018-05-27 17:24:09.897,109.43,0.0961645929157,0.0,0
2018-05-27 17:24:10.245,111.37,0.0961645929157,0.0,0
2018-05-27 17:24:10.422,110.92,0.0961645929157,0.0,0
2018-05-27 17:24:10.794,111.28,0.0961645929157,0.0,0
2018-05-27 17:24:10.888,110.18,0.0961645929157,0.0,0
2018-05-27 17:24:11.143,110.35,0.0961645929157,0.0,0
2018-05-27 17:24:11.515,108.53,0.0961645929157,0.0,0
2018-05-27 17:24:11.608,108.78,0.0961645929157,0.0,0
2018-05-27 17:24:11.701,108.44,0.0961645929157,0.0,0
2018-05-27 17:24:11.786,106.53,0.0961645929157,0.0,0
2018-05-27 17:24:11.879,106.67,0.0961645929157,0.0,0
2018-05-27 17:24:12.040,107.06,0.0961645929157,0.0,0
2018-05-27 17:24:12.226,106.25,0.0961645929157,0.0,0
2018-05-27 17:24:12.319,106.03,0.0961645929157,0.0,0
2018-05-27 17:24:12.585,105.39,0.0961645929157,0.0,0
2018-05-27 17:24:12.850,104.84,0.0961645929157,0.0,0
2018-05-27 17:24:13.087,104.18,0.0961645929157,0.0,0
2018-05-27 17:24:13.180,103.97,0.0961645929157,0.0,0
2018-05-27 17:24:13.366,102.29,0.0961645929157,0.0,0
2018-05-27 17:24:13.627,100.88,0.0961645929157,0.0,0
2018-05-27 17:24:13.804,101.39,0.0961645929157,0.0,0
2018-05-27 17:24:14.049,100.73,0.0961645929157,0.0,0
2018-05-27 17:24:14.329,99.37,0.0961645929157,0.0,0
2018-05-27 17:24:14.422,98.78,0.0961645929157,0.0,0
2018-05-27 17:24:14.506,99.03,0.0961645929157,0.0,0
2018-05-27 17:24:14.785,98.33,0.0961645929157,0.0,0
2018-05-27 17:24:15.403,96.5,0.0961645929157,0.0,0
2018-05-27 17:24:15.496,95.98,0.0961645929157,0.0,0
2018-05-27 17:24:16.124,97.22,0.0961645929157,0.0,0
2018-05-27 17:24:16.217,97.16,0.0961645929157,0.0,0
2018-05-27 17:24:16.580,98.42,0.0961645929157,0.0,0
2018-05-27 17:24:16.859,98.96,0.0961645929157,0.0,0
2018-05-27 17:24:17.115,100.76,0.0961645929157,0.0,0
2018-05-27 17:24:17.468,102.47,0.0961645929157,0.0,0
2018-05-27 17:24:17.645,103.71,0.0961645929157,0.0,0
2018-05-27 17:24:17.831,105.88,0.0961645929157,0.0,0
2018-05-27 17:24:17.925,105.27,0.0961645929157,0.0,0
2018-05-27 17:24:18.170,107.46,0.0961645929157,0.0,0
2018-05-27 17:24:18.617,110.49,0.0961645929157,0.0,0
2018-05-27 17:24:18.711,109.89,0.0961645929157,0.0,0
2018-05-27 17:24:18.896,109.73,0.0961645929157,0.0,0
2018-05-27 17:24:19.058,108.83,0.0961645929157,0.0,0
2018-05-27 17:24:19.151,108.42,0.0961645929157,0.0,0
2018-05-27 17:24:19.515,107.88,0.0961645929157,0.0,0
2018-05-27 17:24:19.608,107.04,0.0961645929157,0.0,0
2018-05-27 17:24:20.319,105.7,0.0961645929157,0.0,0
2018-05-27 17:24:20.412,103.89,0.0961645929157,0.0,0
2018-05-27 17:24:20.589,103.5,0.0961645929157,0.0,0
2018-05-27 17:24:21.123,102.4,0.0961645929157,0.0,0
2018-05-27 17:24:21.310,102.31,0.0961645929157,0.0,0
2018-05-27 17:24:21.395,102.12,0.0961645929157,0.0,0
2018-05-27 17:24:21.673,102.18,0.0961645929157,0.0,0
2018-05-27 17:24:22.114,103.33,0.0961645929157,0.0,0
2018-05-27 17:24:22.207,104.21,0.0961645929157,0.0,0
2018-05-27 17:24:22.291,105.07,0.0961645929157,0.0,0
2018-05-27 17:24:22.645,106.98,0.0961645929157,0.0,0
2018-05-27 17:24:22.924,109.19,0.0961645929157,0.0,0
2018-05-27 17:24:23.180,109.48,0.0961645929157,0.0,0
2018-05-27 17:24:23.347,111.02,0.0961645929157,0.0,0
2018-05-27 17:24:23.542,111.67,0.0961645929157,0.0,0
2018-05-27 17:24:23.636,114.06,0.0961645929157,0.0,0
2018-05-27 17:24:23.822,115.37,0.0961645929157,0.0,0
2018-05-27 17:24:24.077,116.19,0.0961645929157,0.0,0
2018-05-27 17:24:24.170,116.28,0.0961645929157,0.0,0
2018-05-27 17:24:24.264,117.94,0.0961645929157,0.0,0
2018-05-27 17:24:24.347,117.11,0.0961645929157,0.0,0
2018-05-27 17:24:24.430,117.76,0.0961645929157,0.0,0
2018-05-27 17:24:24.524,119.4,0.0961645929157,0.0,0
2018-05-27 17:24:24.710,119.69,0.0961645929157,0.0,0
2018-05-27 17:24:25.058,122.4,0.0961645929157,0.0,0
2018-05-27 17:24:25.151,121.9,0.0961645929157,0.0,0
2018-05-27 17:24:25.328,121.09,0.0961645929157,0.0,0
2018-05-27 17:24:25.701,119.91,0.0961645929157,0.0,0
2018-05-27 17:24:25.794,119.74,0.0961645929157,0.0,0
2018-05-27 17:24:26.049,118.75,0.0961645929157,0.0,0
2018-05-27 17:24:26.319,117.58,0.0961645929157,0.0,0
2018-05-27 17:24:26.589,118.65,0.0961645929157,0.0,0
2018-05-27 17:24:26.682,118.19,0.0961645929157,0.0,0
2018-05-27 17:24:26.868,119.75,0.0961645929157,0.0,0
2018-05-27 17:24:27.031,120.97,0.0961645929157,0.0,0
2018-05-27 17:24:27.114,120.33,0.0961645929157,0.0,0
2018-05-27 17:24:27.207,121.68,0.0961645929157,0.0,0
2018-05-27 17:24:27.300,120.95,0.0961645929157,0.0,0
2018-05-27 17:24:27.393,121.69,0.0961645929157,0.0,0
2018-05-27 17:24:27.486,123.0,0.0961645929157,0.0,0
2018-05-27 17:24:27.672,123.79,0.0961645929157,0.0,0
2018-05-27 17:24:27.766,124.23,0.0961645929157,0.0,0
2018-05-27 17:24:27.859,123.91,0.0961645929157,0.0,0
2018-05-27 17:24:28.104,124.09,0.0961645929157,0.0,0
2018-05-27 17:24:28.198,125.38,0.0961645929157,0.0,0
2018-05-27 17:24:28.291,126.67,0.0961645929157,0.0,0
2018-05-27 17:24:28.384,126.63,0.11122396252,0.0,0
2018-05-27 17:24:28.552,127.13,0.11122396252,0.0,0
2018-05-27 17:24:28.738,127.36,0.11122396252,0.0,0
2018-05-27 17:24:28.924,128.99,0.11122396252,0.0,0
2018-05-27 17:24:29.086,128.98,0.11122396252,0.0,0
2018-05-27 17:24:29.170,130.62,0.11122396252,0.0,0
2018-05-27 17:24:29.440,130.77,0.11122396252,0.0,0
2018-05-27 17:24:29.523,132.17,0.11122396252,0.0,0
2018-05-27 17:24:29.617,131.73,0.11122396252,0.0,0
2018-05-27 17:24:29.710,132.05,0.11122396252,0.0,0
2018-05-27 17:24:29.793,133.28,0.11122396252,0.0,0
2018-05-27 17:24:30.048,134.16,0.11122396252,0.0,0
2018-05-27 17:24:30.142,133.93,0.11122396252,0.0,0
2018-05-27 17:24:30.328,133.11,0.11122396252,0.0,0
2018-05-27 17:24:30.421,132.75,0.11122396252,0.0,0
2018-05-27 17:24:30.598,132.47,0.11122396252,0.0,0
2018-05-27 17:24:30.682,131.43,0.11122396252,0.0,0
2018-05-27 17:24:31.030,130.74,0.11122396252,0.0,0
2018-05-27 17:24:31.123,130.57,0.11122396252,0.0,0
2018-05-27 17:24:31.402,129.0,0.11122396252,0.0,0
2018-05-27 17:24:31.486,126.83,0.11122396252,0.0,0
2018-05-27 17:24:31.570,128.29,0.11122396252,0.0,0
2018-05-27 17:24:31.756,126.2,0.11122396252,0.0,0
2018-05-27 17:24:32.006,126.69,0.11122396252,0.0,0
2018-05-27 17:24:32.179,125.39,0.11122396252,0.0,0
2018-05-27 17:24:32.272,123.59,0.11122396252,0.0,0
2018-05-27 17:24:32.356,124.92,0.11122396252,0.0,0
2018-05-27 17:24:32.542,123.74,0.11122396252,0.0,0
2018-05-27 17:24:32.635,123.64,0.11122396252,0.0,0
2018-05-27 17:24:32.728,122.49,0.11122396252,0.0,0
2018-05-27 17:24:32.821,121.95,0.11122396252,0.0,0
2018-05-27 17:24:32.896,121.38,0.11122396252,0.0,0
2018-05-27 17:24:33.169,120.14,0.11122396252,0.0,0
2018-05-27 17:24:33.262,119.27,0.11122396252,0.0,0
2018-05-27 17:24:33.346,118.92,0.11122396252,0.0,0
2018-05-27 17:24:33.439,117.63,0.11122396252,0.0,0
2018-05-27 17:24:33.532,117.4,0.11122396252,0.0,0
2018-05-27 17:24:33.616,116.12,0.11122396252,0.0,0
2018-05-27 17:24:33.709,116.23,0.11122396252,0.0,0
2018-05-27 17:24:33.803,115.04,0.11122396252,0.0,0
2018-05-27 17:24:33.896,115.3,0.11122396252,0.0,0
2018-05-27 17:24:34.151,114.36,0.11122396252,0.0,0
2018-05-27 17:24:34.244,113.84,0.11122396252,0.0,0
2018-05-27 17:24:34.328,112.94,0.11122396252,0.0,0
2018-05-27 17:24:34.421,113.81,0.11122396252,0.0,0
2018-05-27 17:24:34.504,112.33,0.11122396252,0.0,0
2018-05-27 17:24:34.598,112.56,0.11122396252,0.0,0
2018-05-27 17:24:34.691,112.52,0.11122396252,0.0,0
2018-05-27 17:24:34.784,111.33,0.11122396252,0.0,0
2018-05-27 17:24:34.877,111.5,0.11122396252,0.0,0
2018-05-27 17:24:35.039,110.12,0.11122396252,0.0,0
2018-05-27 17:24:35.133,110.54,0.11122396252,0.0,0
2018-05-27 17:24:35.216,110.37,0.11122396252,0.0,0
2018-05-27 17:24:35.309,110.32,0.11122396252,0.0,0
2018-05-27 17:24:35.402,109.23,0.11122396252,0.0,0
2018-05-27 17:24:35.588,108.21,0.11122396252,0.0,0
2018-05-27 17:24:35.681,108.6,0.11122396252,0.0,0
2018-05-27 17:24:35.868,107.35,0.11122396252,0.0,0
2018-05-27 17:24:36.030,107.6,0.11122396252,0.0,0
2018-05-27 17:24:36.123,107.38,0.11122396252,0.0,0
2018-05-27 17:24:36.206,107.59,0.11122396252,0.0,0
2018-05-27 17:24:36.299,107.06,0.11122396252,0.0,0
2018-05-27 17:24:36.383,106.27,0.11122396252,0.0,0
2018-05-27 17:24:36.476,106.17,0.11122396252,0.0,0
2018-05-27 17:24:36.569,105.96,0.11122396252,0.0,0
2018-05-27 17:24:36.663,105.39,0.11122396252,0.0,0
2018-05-27 17:24:36.756,104.95,0.11122396252,0.0,0
2018-05-27 17:24:36.849,105.12,0.11122396252,0.0,0
2018-05-27 17:24:37.178,104.06,0.11122396252,0.0,0
2018-05-27 17:24:37.271,102.92,0.11122396252,0.0,0
2018-05-27 17:24:37.365,102.94,0.11122396252,0.0,0
2018-05-27 17:24:37.532,102.41,0.11122396252,0.0,0
2018-05-27 17:24:37.793,103.36,0.11122396252,0.0,0
2018-05-27 17:24:37.895,103.23,0.11122396252,0.0,0
2018-05-27 17:24:38.150,102.98,0.11122396252,0.0,0
2018-05-27 17:24:38.243,103.64,0.11122396252,0.0,0
2018-05-27 17:24:38.430,102.83,0.11122396252,0.0,0
2018-05-27 17:24:38.607,103.78,0.11122396252,0.0,0
2018-05-27 17:24:38.700,104.26,0.11122396252,0.0,0
2018-05-27 17:24:38.793,104.76,0.11122396252,0.0,0
2018-05-27 17:24:38.886,104.23,0.11122396252,0.0,0
2018-05-27 17:24:39.048,105.3,0.11122396252,0.0,0
2018-05-27 17:24:39.234,105.42,0.11122396252,0.0,0
2018-05-27 17:24:39.327,104.6,0.11122396252,0.0,0
2018-05-27 17:24:39.420,104.51,0.11122396252,0.0,0
2018-05-27 17:24:39.504,104.21,0.11122396252,0.0,0
2018-05-27 17:24:39.597,104.04,0.11122396252,0.0,0
2018-05-27 17:24:39.783,102.72,0.11122396252,0.0,0
2018-05-27 17:24:39.877,102.91,0.11122396252,0.0,0
2018-05-27 17:24:40.038,103.18,0.11122396252,0.0,0
2018-05-27 17:24:40.131,102.79,0.11122396252,0.0,0
2018-05-27 17:24:40.225,101.22,0.11122396252,0.0,0
2018-05-27 17:24:40.318,101.42,0.11122396252,0.0,0
2018-05-27 17:24:40.402,100.85,0.11122396252,0.0,0
2018-05-27 17:24:40.681,101.01,0.11122396252,0.0,0
2018-05-27 17:24:40.774,100.83,0.11122396252,0.0,0
2018-05-27 17:24:41.029,99.39,0.11122396252,0.0,0
2018-05-27 17:24:41.486,98.35,0.11122396252,0.0,0
2018-05-27 17:24:41.569,98.49,0.11122396252,0.0,0
2018-05-27 17:24:41.662,97.85,0.11122396252,0.0,0
2018-05-27 17:24:42.094,96.72,0.122645988678,0.0,0
2018-05-27 17:24:42.272,96.3,0.122645988678,0.0,0
2018-05-27 17:24:42.634,94.32,0.122645988678,0.0,0
2018-05-27 17:24:42.821,92.4,0.122645988678,0.0,0
2018-05-27 17:24:42.914,91.61,0.122645988678,0.0,0
2018-05-27 17:24:43.263,88.66,0.122645988678,0.0,0
2018-05-27 17:24:43.345,88.0,0.122645988678,0.0,0
2018-05-27 17:24:43.522,86.25,0.122645988678,0.0,0
2018-05-27 17:24:43.709,86.0,0.122645988678,0.0,0
2018-05-27 17:24:43.802,85.82,0.122645988678,0.0,0
2018-05-27 17:24:43.895,84.52,0.122645988678,0.0,0
2018-05-27 17:24:44.057,84.51,0.122645988678,0.0,0
2018-05-27 17:24:44.150,83.16,0.122645988678,0.0,0
2018-05-27 17:24:44.327,81.57,0.122645988678,0.0,0
2018-05-27 17:24:44.420,80.76,0.122645988678,0.0,0
2018-05-27 17:24:44.597,79.51,0.122645988678,0.0,0
2018-05-27 17:24:44.690,78.88,0.122645988678,0.0,0
2018-05-27 17:24:44.783,78.12,0.122645988678,0.0,0
2018-05-27 17:24:44.876,77.51,0.122645988678,0.0,0
2018-05-27 17:24:45.038,76.19,0.122645988678,0.0,0
2018-05-27 17:24:45.132,75.62,0.122645988678,0.0,0
2018-05-27 17:24:45.215,75.33,0.122645988678,0.0,0
2018-05-27 17:24:45.308,74.67,0.122645988678,0.0,0
2018-05-27 17:24:45.671,70.72,0.122645988678,0.0,0
2018-05-27 17:24:45.764,70.49,0.122645988678,0.0,0
2018-05-27 17:24:45.848,70.38,0.122645988678,0.0,0
2018-05-27 17:24:46.010,69.28,0.122645988678,0.0,0
2018-05-27 17:24:46.196,68.72,0.122645988678,0.0,0
2018-05-27 17:24:46.289,69.14,0.122645988678,0.0,0
2018-05-27 17:24:46.466,68.3,0.122645988678,0.0,0
2018-05-27 17:24:46.550,67.36,0.122645988678,0.0,0
2018-05-27 17:24:46.727,67.81,0.122645988678,0.0,0
2018-05-27 17:24:46.895,66.87,0.122645988678,0.0,0
2018-05-27 17:24:47.075,67.07,0.122645988678,0.0,0
2018-05-27 17:24:47.168,66.78,0.122645988678,0.0,0
2018-05-27 17:24:47.261,65.76,0.122645988678,0.0,0
2018-05-27 17:24:47.438,66.36,0.122645988678,0.0,0
2018-05-27 17:24:47.522,65.18,0.122645988678,0.0,0
2018-05-27 17:24:47.615,65.56,0.122645988678,0.0,0
2018-05-27 17:24:47.895,65.05,0.122645988678,0.0,0
2018-05-27 17:24:48.056,64.59,0.122645988678,0.0,0
2018-05-27 17:24:48.243,64.28,0.122645988678,0.0,0
2018-05-27 17:24:48.336,64.1,0.122645988678,0.0,0
2018-05-27 17:24:48.429,64.03,0.122645988678,0.0,0
2018-05-27 17:24:48.522,63.77,0.122645988678,0.0,0
2018-05-27 17:24:48.699,63.66,0.122645988678,0.0,0
2018-05-27 17:24:48.792,63.05,0.122645988678,0.0,0
2018-05-27 17:24:48.885,62.98,0.122645988678,0.0,0
2018-05-27 17:24:49.047,62.72,0.122645988678,0.0,0
2018-05-27 17:24:49.327,62.03,0.122645988678,0.0,0
2018-05-27 17:24:49.410,62.05,0.122645988678,0.0,0
2018-05-27 17:24:49.503,61.58,0.122645988678,0.0,0
2018-05-27 17:24:49.596,61.33,0.122645988678,0.0,0
2018-05-27 17:24:49.690,61.09,0.122645988678,0.0,0
2018-05-27 17:24:49.783,60.63,0.122645988678,0.0,0
2018-05-27 17:24:50.112,60.3,0.122645988678,0.0,0
2018-05-27 17:24:50.309,60.52,0.122645988678,0.0,0
2018-05-27 17:24:50.578,61.13,0.122645988678,0.0,0
2018-05-27 17:24:50.662,61.54,0.122645988678,0.0,0
2018-05-27 17:24:50.848,62.31,0.122645988678,0.0,0
2018-05-27 17:24:51.005,63.96,0.122645988678,0.0,0
2018-05-27 17:24:51.093,63.21,0.122645988678,0.0,0
2018-05-27 17:24:51.177,62.97,0.122645988678,0.0,0
2018-05-27 17:24:51.540,62.97,0.122645988678,0.0,0
2018-05-27 17:24:51.820,62.38,0.122645988678,0.0,0
2018-05-27 17:24:51.913,62.56,0.122645988678,0.0,0
2018-05-27 17:24:52.429,60.8,0.122645988678,0.0,0
2018-05-27 17:24:52.876,60.02,0.122645988678,0.0,0
2018-05-27 17:24:53.037,59.96,0.122645988678,0.0,0
2018-05-27 17:24:53.317,59.33,0.122645988678,0.0,0
2018-05-27 17:24:53.410,58.5,0.122645988678,0.0,0
2018-05-27 17:24:53.587,58.43,0.122645988678,0.0,0
2018-05-27 17:24:53.680,57.64,0.122645988678,0.0,0
2018-05-27 17:24:53.866,57.05,0.122645988678,0.0,0
2018-05-27 17:24:54.028,57.66,0.122645988678,0.0,0
2018-05-27 17:24:54.401,56.91,0.122645988678,0.0,0
2018-05-27 17:24:54.484,57.26,0.122645988678,0.0,0
2018-05-27 17:24:54.857,58.69,0.122645988678,0.0,0
2018-05-27 17:24:55.112,60.39,0.122645988678,0.0,0
2018-05-27 17:24:55.205,60.49,0.122645988678,0.0,0
2018-05-27 17:24:55.391,61.54,0.122645988678,0.0,0
2018-05-27 17:24:55.568,61.97,0.122645988678,0.0,0
2018-05-27 17:24:55.661,63.58,0.122645988678,0.0,0
2018-05-27 17:24:55.838,63.97,0.122645988678,0.0,0
2018-05-27 17:24:55.922,65.15,0.122645988678,0.0,0
2018-05-27 17:24:56.270,67.12,0.122645988678,0.0,0
2018-05-27 17:24:56.717,69.65,0.122645988678,0.0,0
2018-05-27 17:24:57.056,72.27,0.122645988678,0.0,0
2018-05-27 17:24:57.419,74.99,0.122645988678,0.0,0
2018-05-27 17:24:57.512,75.51,0.122645988678,0.0,0
2018-05-27 17:24:57.605,76.77,0.122645988678,0.0,0
2018-05-27 17:24:58.046,79.29,0.122645988678,0.0,0
2018-05-27 17:24:58.233,79.75,0.122645988678,0.0,0
2018-05-27 17:24:58.326,81.52,0.122645988678,0.0,0
2018-05-27 17:24:58.410,81.01,0.122645988678,0.0,0
2018-05-27 17:24:58.503,82.21,0.122645988678,0.0,0
2018-05-27 17:24:58.782,84.49,0.122645988678,0.0,0
2018-05-27 17:24:58.875,84.27,0.122645988678,0.0,0
2018-05-27 17:24:59.037,84.91,0.122645988678,0.0,0
2018-05-27 17:24:59.316,87.78,0.122645988678,0.0,0
2018-05-27 17:24:59.400,87.83,0.122918244258,0.0,0
2018-05-27 17:24:59.493,87.81,0.122918244258,0.0,0
2018-05-27 17:24:59.586,88.9,0.122918244258,0.0,0
2018-05-27 17:24:59.680,89.04,0.122918244258,0.0,0
2018-05-27 17:24:59.773,89.42,0.122918244258,0.0,0
2018-05-27 17:24:59.866,89.49,0.122918244258,0.0,0
2018-05-27 17:25:00.028,88.51,0.122918244258,0.0,0
2018-05-27 17:25:00.214,89.09,0.122918244258,0.0,0
2018-05-27 17:25:00.307,89.01,0.122918244258,0.0,0
2018-05-27 17:25:00.391,87.93,0.122918244258,0.0,0
2018-05-27 17:25:00.484,87.31,0.122918244258,0.0,0
2018-05-27 17:25:00.577,87.29,0.122918244258,0.0,0
2018-05-27 17:25:00.670,86.77,0.122918244258,0.0,0
2018-05-27 17:25:00.763,86.0,0.122918244258,0.0,0
2018-05-27 17:25:00.856,87.1,0.122918244258,0.0,0
2018-05-27 17:25:01.018,87.11,0.122918244258,0.0,0
2018-05-27 17:25:01.111,86.35,0.122918244258,0.0,0
2018-05-27 17:25:01.204,86.26,0.122918244258,0.0,0
2018-05-27 17:25:01.298,84.96,0.122918244258,0.0,0
2018-05-27 17:25:01.382,84.51,0.122918244258,0.0,0
2018-05-27 17:25:01.475,85.13,0.122918244258,0.0,0
2018-05-27 17:25:01.568,84.52,0.122918244258,0.0,0
2018-05-27 17:25:01.661,84.06,0.122918244258,0.0,0
2018-05-27 17:25:01.754,83.89,0.122918244258,0.0,0
2018-05-27 17:25:02.004,84.17,0.122918244258,0.0,0
2018-05-27 17:25:02.093,83.71,0.122918244258,0.0,0
2018-05-27 17:25:02.177,83.84,0.122918244258,0.0,0
2018-05-27 17:25:02.353,84.96,0.122918244258,0.0,0
2018-05-27 17:25:02.447,84.88,0.122918244258,0.0,0
2018-05-27 17:25:02.540,84.88,0.122918244258,0.0,0
2018-05-27 17:25:02.633,85.14,0.122918244258,0.0,0
2018-05-27 17:25:02.726,85.08,0.122918244258,0.0,0
2018-05-27 17:25:02.819,86.4,0.122918244258,0.0,0
2018-05-27 17:25:02.912,86.56,0.122918244258,0.0,0
2018-05-27 17:25:03.074,87.31,0.122918244258,0.0,0
2018-05-27 17:25:03.167,87.37,0.122918244258,0.0,0
2018-05-27 17:25:03.261,86.94,0.122918244258,0.0,0
2018-05-27 17:25:03.344,86.95,0.122918244258,0.0,0
2018-05-27 17:25:03.521,88.27,0.122918244258,0.0,0
2018-05-27 17:25:03.605,87.62,0.122918244258,0.0,0
2018-05-27 17:25:03.698,87.72,0.122918244258,0.0,0
2018-05-27 17:25:03.791,87.18,0.122918244258,0.0,0
2018-05-27 17:25:03.884,86.4,0.122918244258,0.0,0
2018-05-27 17:25:04.139,86.96,0.122918244258,0.0,0
2018-05-27 17:25:04.232,86.56,0.122918244258,0.0,0
2018-05-27 17:25:04.419,85.14,0.122918244258,0.0,0
2018-05-27 17:25:04.586,85.63,0.122918244258,0.0,0
2018-05-27 17:25:04.772,84.12,0.122918244258,0.0,0
2018-05-27 17:25:04.865,84.69,0.122918244258,0.0,0
2018-05-27 17:25:05.028,83.91,0.122918244258,0.0,0
2018-05-27 17:25:05.121,84.19,0.122918244258,0.0,0
2018-05-27 17:25:05.214,83.97,0.122918244258,0.0,0
2018-05-27 17:25:05.390,83.51,0.122918244258,0.0,0
2018-05-27 17:25:05.484,83.49,0.122918244258,0.0,0
2018-05-27 17:25:05.577,82.85,0.122918244258,0.0,0
2018-05-27 17:25:05.670,83.23,0.122918244258,0.0,0
2018-05-27 17:25:05.763,82.9,0.122918244258,0.0,0
2018-05-27 17:25:06.009,83.48,0.122918244258,0.0,0
2018-05-27 17:25:06.102,84.22,0.122918244258,0.0,0
2018-05-27 17:25:06.283,84.52,0.122918244258,0.0,0
2018-05-27 17:25:06.362,85.13,0.122918244258,0.0,0
2018-05-27 17:25:06.549,85.7,0.122918244258,0.0,0
2018-05-27 17:25:06.642,86.21,0.122918244258,0.0,0
2018-05-27 17:25:06.735,86.23,0.122918244258,0.0,0
2018-05-27 17:25:06.828,87.26,0.122918244258,0.0,0
2018-05-27 17:25:06.921,87.63,0.122918244258,0.0,0
2018-05-27 17:25:07.084,88.18,0.122918244258,0.0,0
2018-05-27 17:25:07.167,87.75,0.122918244258,0.0,0
2018-05-27 17:25:07.260,88.85,0.122918244258,0.0,0
2018-05-27 17:25:07.437,90.17,0.122918244258,0.0,0
2018-05-27 17:25:07.521,90.35,0.122918244258,0.0,0
2018-05-27 17:25:07.614,91.0,0.122918244258,0.0,0
2018-05-27 17:25:07.884,91.37,0.122918244258,0.0,0
2018-05-27 17:25:08.046,92.27,0.122918244258,0.0,0
2018-05-27 17:25:08.139,92.72,0.122918244258,0.0,0
2018-05-27 17:25:08.232,93.0,0.122918244258,0.0,0
2018-05-27 17:25:08.494,93.88,0.122918244258,0.0,0
2018-05-27 17:25:08.586,95.08,0.122918244258,0.0,0
2018-05-27 17:25:08.772,95.4,0.122918244258,0.0,0
2018-05-27 17:25:08.865,96.08,0.122918244258,0.0,0
2018-05-27 17:25:09.195,97.65,0.122918244258,0.0,0
2018-05-27 17:25:09.306,98.5,0.122918244258,0.0,0
2018-05-27 17:25:09.399,99.03,0.122918244258,0.0,0
2018-05-27 17:25:09.576,99.17,0.122918244258,0.0,0
2018-05-27 17:25:10.111,96.16,0.122918244258,0.0,0
2018-05-27 17:25:11.073,95.27,0.122918244258,0.0,0
2018-05-27 17:25:11.530,96.14,0.122918244258,0.0,0
2018-05-27 17:25:11.623,95.93,0.122918244258,0.0,0
2018-05-27 17:25:11.800,96.67,0.122918244258,0.0,0
2018-05-27 17:25:11.893,97.02,0.122918244258,0.0,0
2018-05-27 17:25:12.054,98.15,0.122918244258,0.0,0
2018-05-27 17:25:12.241,98.55,0.122918244258,0.0,0
2018-05-27 17:25:12.604,98.82,0.122918244258,0.0,0
2018-05-27 17:25:12.883,99.25,0.122918244258,0.0,0
2018-05-27 17:25:13.138,99.39,0.122918244258,0.0,0
2018-05-27 17:25:13.231,98.52,0.122918244258,0.0,0
2018-05-27 17:25:13.883,97.05,0.122918244258,0.0,0
2018-05-27 17:25:14.045,96.69,0.122918244258,0.0,0
2018-05-27 17:25:14.231,95.61,0.122918244258,0.0,0
2018-05-27 17:25:14.324,94.64,0.122918244258,0.0,0
2018-05-27 17:25:14.417,95.23,0.122918244258,0.0,0
2018-05-27 17:25:14.501,95.36,0.122918244258,0.0,0
2018-05-27 17:25:14.594,94.12,0.122918244258,0.0,0
2018-05-27 17:25:14.771,94.3,0.122918244258,0.0,0
2018-05-27 17:25:15.026,93.99,0.122918244258,0.0,0
2018-05-27 17:25:15.119,93.57,0.122918244258,0.0,0
2018-05-27 17:25:15.212,92.71,0.122918244258,0.0,0
2018-05-27 17:25:15.399,92.14,0.122918244258,0.0,0
2018-05-27 17:25:15.566,92.4,0.122918244258,0.0,0
2018-05-27 17:25:15.659,92.72,0.122918244258,0.0,0
2018-05-27 17:25:16.007,93.48,0.122918244258,0.0,0
2018-05-27 17:25:16.091,92.74,0.122918244258,0.0,0
2018-05-27 17:25:16.175,92.81,0.122918244258,0.0,0
2018-05-27 17:25:16.352,92.68,0.122918244258,0.0,0
2018-05-27 17:25:16.445,92.85,0.122918244258,0.0,0
2018-05-27 17:25:16.724,94.24,0.122918244258,0.0,0
2018-05-27 17:25:16.911,93.02,0.122918244258,0.0,0
2018-05-27 17:25:17.072,92.77,0.122918244258,0.0,0
2018-05-27 17:25:17.166,92.25,0.122918244258,0.0,0
2018-05-27 17:25:17.342,91.39,0.122918244258,0.0,0
2018-05-27 17:25:17.436,91.54,0.122918244258,0.0,0
2018-05-27 17:25:17.529,91.79,0.122918244258,0.0,0
2018-05-27 17:25:17.612,91.93,0.122918244258,0.0,0
2018-05-27 17:25:17.799,91.92,0.122918244258,0.0,0
2018-05-27 17:25:18.054,91.36,0.122918244258,0.0,0
2018-05-27 17:25:18.147,90.95,0.122918244258,0.0,0
2018-05-27 17:25:18.240,90.19,0.122918244258,0.0,0
2018-05-27 17:25:18.333,90.29,0.122918244258,0.0,0
2018-05-27 17:25:18.417,89.61,0.122918244258,0.0,0
2018-05-27 17:25:18.510,88.57,0.122918244258,0.0,0
2018-05-27 17:25:18.603,88.31,0.122918244258,0.0,0
2018-05-27 17:25:18.696,87.32,0.122918244258,0.0,0
2018-05-27 17:25:18.882,87.15,0.122918244258,0.0,0
2018-05-27 17:25:19.044,86.41,0.122918244258,0.0,0
2018-05-27 17:25:19.137,85.5,0.122918244258,0.0,0
2018-05-27 17:25:19.324,84.45,0.122918244258,0.0,0
2018-05-27 17:25:19.417,83.83,0.122918244258,0.0,0
2018-05-27 17:25:19.510,83.26,0.122918244258,0.0,0
2018-05-27 17:25:19.603,81.82,0.122918244258,0.0,0
2018-05-27 17:25:19.696,81.33,0.122918244258,0.0,0
2018-05-27 17:25:19.789,79.74,0.122918244258,0.0,0
2018-05-27 17:25:19.883,80.52,0.122918244258,0.0,0
2018-05-27 17:25:20.044,79.56,0.122918244258,0.0,0
2018-05-27 17:25:20.221,77.72,0.122918244258,0.0,0
2018-05-27 17:25:20.399,76.14,0.122918244258,0.0,0
2018-05-27 17:25:20.491,75.77,0.122918244258,0.0,0
2018-05-27 17:25:20.677,73.84,0.122918244258,0.0,0
2018-05-27 17:25:20.771,72.86,0.122918244258,0.0,0
2018-05-27 17:25:20.854,72.37,0.122918244258,0.0,0
2018-05-27 17:25:21.016,71.8,0.122918244258,0.0,0
2018-05-27 17:25:21.109,71.4,0.122918244258,0.0,0
2018-05-27 17:25:21.202,69.78,0.122918244258,0.0,0
2018-05-27 17:25:21.295,69.7,0.122918244258,0.0,0
2018-05-27 17:25:21.379,69.08,0.122918244258,0.0,0
2018-05-27 17:25:21.472,69.32,0.122918244258,0.0,0
2018-05-27 17:25:21.565,68.64,0.122918244258,0.0,0
2018-05-27 17:25:21.658,68.79,0.122918244258,0.0,0
2018-05-27 17:25:21.840,68.67,0.122918244258,0.0,0
2018-05-27 17:25:21.929,68.34,0.122918244258,0.0,0
2018-05-27 17:25:22.081,68.2,0.122918244258,0.0,0
2018-05-27 17:25:22.174,68.21,0.122918244258,0.0,0
2018-05-27 17:25:22.351,66.92,0.122918244258,0.0,0
2018-05-27 17:25:22.631,67.07,0.122918244258,0.0,0
2018-05-27 17:25:22.807,66.86,0.122918244258,0.0,0
2018-05-27 17:25:23.044,66.01,0.122918244258,0.0,0
2018-05-27 17:25:23.137,66.32,0.122918244258,0.0,0
2018-05-27 17:25:23.230,65.41,0.122918244258,0.0,0
2018-05-27 17:25:23.686,61.63,0.122918244258,0.0,0
2018-05-27 17:25:23.779,60.72,0.122918244258,0.0,0
2018-05-27 17:25:23.873,59.3,0.122918244258,0.0,0
2018-05-27 17:25:24.127,57.71,0.122918244258,0.0,0
2018-05-27 17:25:24.314,55.7,0.122918244258,0.0,0
2018-05-27 17:25:24.397,55.9,0.122918244258,0.0,0
2018-05-27 17:25:24.584,54.21,0.122918244258,0.0,0
2018-05-27 17:25:24.770,52.57,0.122918244258,0.0,0
2018-05-27 17:25:24.863,51.14,0.122918244258,0.0,0
2018-05-27 17:25:25.025,50.66,0.122918244258,0.0,0
2018-05-27 17:25:25.211,50.37,0.111958584125,0.0250000003725,0
2018-05-27 17:25:25.388,48.93,0.101621471241,0.0250000003725,0
2018-05-27 17:25:25.667,46.62,0.0918981594707,0.0250000003725,0
2018-05-27 17:25:25.760,45.4,0.0827790888342,0.0250000003725,0
2018-05-27 17:25:25.854,45.2,0.0742538115607,0.0250000003725,0
2018-05-27 17:25:26.015,45.11,0.066310914812,0.0250000003725,0
2018-05-27 17:25:26.101,44.92,0.0589379412499,0.0250000003725,0
2018-05-27 17:25:26.565,45.11,0.0521213091201,0.0250000003725,0
2018-05-27 17:25:26.658,44.92,0.0458462341507,0.0250000003725,0
2018-05-27 17:25:27.174,44.38,0.0458462341507,0.0,0
2018-05-27 17:25:27.444,45.48,0.0521213091201,0.0,0
2018-05-27 17:25:27.630,46.57,0.0589379412499,0.0,0
2018-05-27 17:25:27.891,47.84,0.066310914812,0.0,0
2018-05-27 17:25:28.145,49.42,0.0742538115607,0.0,0
2018-05-27 17:25:28.239,49.86,0.0827790888342,0.0,0
2018-05-27 17:25:28.602,50.42,0.0918981594707,0.0,0
2018-05-27 17:25:28.881,50.01,0.101621471241,0.0,0
2018-05-27 17:25:29.229,49.21,0.111958584125,0.0,0
2018-05-27 17:25:30.024,48.52,0.122918244258,0.0,0
2018-05-27 17:25:30.117,48.16,0.122918244258,0.0,0
2018-05-27 17:25:30.210,48.03,0.122918244258,0.0,0
2018-05-27 17:25:30.657,47.4,0.122918244258,0.0,0
2018-05-27 17:25:30.750,47.25,0.122918244258,0.0,0
2018-05-27 17:25:31.089,47.29,0.122872311463,0.0,0
2018-05-27 17:25:32.164,45.9,0.122872311463,0.0,0
2018-05-27 17:25:32.341,46.5,0.122872311463,0.0,0
2018-05-27 17:25:32.424,46.92,0.122872311463,0.0,0
2018-05-27 17:25:32.611,47.41,0.122872311463,0.0,0
2018-05-27 17:25:32.694,48.2,0.122872311463,0.0,0
2018-05-27 17:25:32.788,48.7,0.122872311463,0.0,0
2018-05-27 17:25:33.210,50.2,0.122872311463,0.0,0
2018-05-27 17:25:33.303,50.93,0.122872311463,0.0,0
2018-05-27 17:25:33.396,51.37,0.122872311463,0.0,0
2018-05-27 17:25:33.564,52.86,0.122872311463,0.0,0
2018-05-27 17:25:33.657,53.09,0.122872311463,0.0,0
2018-05-27 17:25:33.750,53.66,0.122872311463,0.0,0
2018-05-27 17:25:33.843,53.82,0.122872311463,0.0,0
2018-05-27 17:25:34.350,56.67,0.122872311463,0.0,0
2018-05-27 17:25:34.443,56.76,0.122872311463,0.0,0
2018-05-27 17:25:34.527,57.54,0.122872311463,0.0,0
2018-05-27 17:25:34.620,58.0,0.122872311463,0.0,0
2018-05-27 17:25:34.703,57.95,0.122872311463,0.0,0
2018-05-27 17:25:34.797,59.29,0.122872311463,0.0,0
2018-05-27 17:25:34.881,59.54,0.122872311463,0.0,0
2018-05-27 17:25:35.042,59.31,0.122872311463,0.0,0
2018-05-27 17:25:35.135,60.06,0.122872311463,0.0,0
2018-05-27 17:25:35.322,61.53,0.122872311463,0.0,0
2018-05-27 17:25:35.415,61.98,0.122872311463,0.0,0
2018-05-27 17:25:35.499,62.26,0.122872311463,0.0,0
2018-05-27 17:25:35.592,63.6,0.122872311463,0.0,0
2018-05-27 17:25:35.685,64.28,0.122872311463,0.0,0
2018-05-27 17:25:35.778,64.89,0.122872311463,0.0,0
2018-05-27 17:25:35.862,65.84,0.122872311463,0.0,0
2018-05-27 17:25:36.117,67.47,0.122872311463,0.0,0
2018-05-27 17:25:36.210,67.55,0.122872311463,0.0,0
2018-05-27 17:25:36.303,68.25,0.122872311463,0.0,0
2018-05-27 17:25:36.396,68.58,0.122872311463,0.0,0
2018-05-27 17:25:36.480,69.32,0.122872311463,0.0,0
2018-05-27 17:25:36.931,73.26,0.122872311463,0.0,0
2018-05-27 17:25:37.089,73.2,0.122872311463,0.0,0
2018-05-27 17:25:37.172,74.5,0.122872311463,0.0,0
2018-05-27 17:25:37.349,75.63,0.122872311463,0.0,0
2018-05-27 17:25:37.722,78.39,0.122872311463,0.0,0
2018-05-27 17:25:37.908,79.45,0.122872311463,0.0,0
2018-05-27 17:25:38.163,80.73,0.122872311463,0.0,0
2018-05-27 17:25:38.256,81.43,0.122872311463,0.0,0
2018-05-27 17:25:38.349,82.18,0.122872311463,0.0,0
2018-05-27 17:25:38.433,83.0,0.122872311463,0.0,0
2018-05-27 17:25:38.517,82.8,0.122872311463,0.0,0
2018-05-27 17:25:38.610,83.51,0.122872311463,0.0,0
2018-05-27 17:25:38.703,85.1,0.122872311463,0.0,0
2018-05-27 17:25:38.796,85.48,0.122872311463,0.0,0
2018-05-27 17:25:38.890,85.84,0.122872311463,0.0,0
2018-05-27 17:25:39.051,85.89,0.122872311463,0.0,0
2018-05-27 17:25:39.237,87.42,0.122872311463,0.0,0
2018-05-27 17:25:39.330,87.57,0.122872311463,0.0,0
2018-05-27 17:25:39.414,88.04,0.122872311463,0.0,0
2018-05-27 17:25:39.694,87.72,0.122872311463,0.0,0
2018-05-27 17:25:39.787,87.11,0.122872311463,0.0,0
2018-05-27 17:25:39.880,86.63,0.122872311463,0.0,0
2018-05-27 17:25:40.042,85.95,0.122872311463,0.0,0
2018-05-27 17:25:40.135,86.23,0.122872311463,0.0,0
2018-05-27 17:25:40.321,85.26,0.122872311463,0.0,0
2018-05-27 17:25:40.414,85.33,0.122872311463,0.0,0
2018-05-27 17:25:40.489,85.56,0.122872311463,0.0,0
2018-05-27 17:25:40.675,84.56,0.122872311463,0.0,0
2018-05-27 17:25:40.768,84.32,0.122872311463,0.0,0
2018-05-27 17:25:41.116,83.91,0.122872311463,0.0,0
2018-05-27 17:25:41.209,83.41,0.122872311463,0.0,0
2018-05-27 17:25:41.395,82.02,0.122872311463,0.0,0
2018-05-27 17:25:41.488,82.18,0.122872311463,0.0,0
2018-05-27 17:25:41.768,81.01,0.122872311463,0.0,0
2018-05-27 17:25:41.861,81.03,0.122872311463,0.0,0
2018-05-27 17:25:42.023,80.65,0.122872311463,0.0,0
2018-05-27 17:25:42.303,80.1,0.122872311463,0.0,0
2018-05-27 17:25:42.395,79.78,0.122872311463,0.0,0
2018-05-27 17:25:42.479,79.35,0.122872311463,0.0,0
2018-05-27 17:25:42.665,79.56,0.122872311463,0.0,0
2018-05-27 17:25:42.852,80.25,0.122872311463,0.0,0
2018-05-27 17:25:43.107,80.64,0.122872311463,0.0,0
2018-05-27 17:25:43.377,81.76,0.122872311463,0.0,0
2018-05-27 17:25:43.563,81.49,0.122872311463,0.0,0
2018-05-27 17:25:44.824,84.1,0.122872311463,0.0,0
2018-05-27 17:25:45.078,85.35,0.122872311463,0.0,0
2018-05-27 17:25:45.172,85.41,0.122872311463,0.0,0
2018-05-27 17:25:45.442,85.31,0.122872311463,0.0,0
2018-05-27 17:25:45.535,86.41,0.122872311463,0.0,0
2018-05-27 17:25:45.907,87.9,0.122872311463,0.0,0
2018-05-27 17:25:46.069,88.17,0.122872311463,0.0,0
2018-05-27 17:25:46.525,91.72,0.122872311463,0.0,0
2018-05-27 17:25:47.320,96.81,0.122872311463,0.0,0
2018-05-27 17:25:47.591,98.53,0.122872311463,0.0,0
2018-05-27 17:25:47.870,98.18,0.122872311463,0.0,0
2018-05-27 17:25:48.032,97.51,0.122872311463,0.0,0
2018-05-27 17:25:48.479,96.15,0.122872311463,0.0,0
2018-05-27 17:25:48.572,95.48,0.122872311463,0.0,0
2018-05-27 17:25:49.078,93.57,0.122872311463,0.0,0
2018-05-27 17:25:49.442,93.01,0.122872311463,0.0,0
2018-05-27 17:25:49.907,93.59,0.122872311463,0.0,0
2018-05-27 17:25:50.069,94.61,0.122872311463,0.0,0
2018-05-27 17:25:50.255,94.69,0.122872311463,0.0,0
2018-05-27 17:25:50.618,98.24,0.122872311463,0.0,0
2018-05-27 17:25:50.702,99.01,0.122872311463,0.0,0
2018-05-27 17:25:50.795,99.78,0.122872311463,0.0,0
2018-05-27 17:25:51.143,103.23,0.122872311463,0.0,0
2018-05-27 17:25:51.237,103.08,0.122872311463,0.0,0
2018-05-27 17:25:51.330,104.59,0.122872311463,0.0,0
2018-05-27 17:25:51.786,107.71,0.122872311463,0.0,0
2018-05-27 17:25:51.879,107.45,0.122872311463,0.0,0
2018-05-27 17:25:52.227,106.1,0.122872311463,0.0,0
2018-05-27 17:25:52.413,104.05,0.122872311463,0.0,0
2018-05-27 17:25:52.600,103.48,0.122872311463,0.0,0
2018-05-27 17:25:52.879,100.98,0.122872311463,0.0,0
2018-05-27 17:25:53.041,101.06,0.122872311463,0.0,0
2018-05-27 17:25:53.134,101.14,0.122872311463,0.0,0
2018-05-27 17:25:53.227,100.49,0.122872311463,0.0,0
2018-05-27 17:25:53.320,99.4,0.122872311463,0.0,0
2018-05-27 17:25:53.404,98.83,0.122872311463,0.0,0
2018-05-27 17:25:53.497,98.89,0.122872311463,0.0,0
2018-05-27 17:25:53.590,98.8,0.122872311463,0.0,0
2018-05-27 17:25:53.776,97.5,0.122872311463,0.0,0
2018-05-27 17:25:54.124,96.43,0.122872311463,0.0,0
2018-05-27 17:25:54.218,95.49,0.122872311463,0.0,0
2018-05-27 17:25:54.311,95.15,0.122872311463,0.0,0
2018-05-27 17:25:54.395,94.63,0.122872311463,0.0,0
2018-05-27 17:25:54.488,94.13,0.122872311463,0.0,0
2018-05-27 17:25:54.674,92.78,0.122872311463,0.0,0
2018-05-27 17:25:55.208,88.02,0.122872311463,0.0,0
2018-05-27 17:25:55.385,87.28,0.122872311463,0.0,0
2018-05-27 17:25:55.478,85.8,0.122872311463,0.0,0
2018-05-27 17:25:56.199,83.5,0.122872311463,0.0,0
2018-05-27 17:25:56.376,82.26,0.122872311463,0.0,0
2018-05-27 17:25:56.469,82.52,0.122872311463,0.0,0
2018-05-27 17:25:56.562,82.08,0.122872311463,0.0,0
2018-05-27 17:25:56.655,81.53,0.122872311463,0.0,0
2018-05-27 17:25:56.748,81.97,0.122872311463,0.0,0
2018-05-27 17:25:56.842,81.35,0.122872311463,0.0,0
2018-05-27 17:25:57.087,81.99,0.122872311463,0.0,0
2018-05-27 17:25:57.264,83.54,0.122872311463,0.0,0
2018-05-27 17:25:57.544,83.3,0.122872311463,0.0,0
2018-05-27 17:25:57.637,84.14,0.122872311463,0.0,0
2018-05-27 17:25:57.730,85.06,0.122872311463,0.0,0
2018-05-27 17:25:57.814,83.69,0.122872311463,0.0,0
2018-05-27 17:25:57.907,84.79,0.122872311463,0.0,0
2018-05-27 17:25:58.162,84.12,0.122872311463,0.0,0
2018-05-27 17:25:58.348,83.41,0.122872311463,0.0,0
2018-05-27 17:25:58.432,82.92,0.122872311463,0.0,0
2018-05-27 17:25:58.618,82.12,0.122872311463,0.0,0
2018-05-27 17:25:58.702,82.05,0.122872311463,0.0,0
2018-05-27 17:25:58.795,80.8,0.122872311463,0.0,0
2018-05-27 17:25:58.888,81.93,0.122872311463,0.0,0
2018-05-27 17:25:59.050,81.11,0.122872311463,0.0,0
2018-05-27 17:25:59.320,82.24,0.122872311463,0.0,0
2018-05-27 17:25:59.497,82.08,0.122872311463,0.0,0
2018-05-27 17:25:59.590,83.38,0.122872311463,0.0,0
2018-05-27 17:25:59.683,83.87,0.122872311463,0.0,0
2018-05-27 17:25:59.776,83.19,0.122872311463,0.0,0
2018-05-27 17:25:59.869,84.7,0.122872311463,0.0,0
2018-05-27 17:26:00.395,87.04,0.122872311463,0.0,0
2018-05-27 17:26:00.674,89.25,0.122872311463,0.0,0
2018-05-27 17:26:00.767,90.13,0.122872311463,0.0,0
2018-05-27 17:26:00.860,90.93,0.122872311463,0.0,0
2018-05-27 17:26:01.022,91.37,0.122872311463,0.0,0
2018-05-27 17:26:01.115,91.26,0.122872311463,0.0,0
2018-05-27 17:26:01.208,90.82,0.122872311463,0.0,0
2018-05-27 17:26:01.386,89.52,0.122872311463,0.0,0
2018-05-27 17:26:01.478,89.84,0.122872311463,0.0,0
2018-05-27 17:26:01.571,88.14,0.122872311463,0.0,0
2018-05-27 17:26:01.757,88.62,0.122872311463,0.0,0
2018-05-27 17:26:01.850,87.95,0.122872311463,0.0,0
2018-05-27 17:26:02.105,87.79,0.122872311463,0.0,0
2018-05-27 17:26:02.292,87.56,0.122872311463,0.0,0
2018-05-27 17:26:02.469,87.88,0.122872311463,0.0,0
2018-05-27 17:26:02.655,89.51,0.122872311463,0.0,0
2018-05-27 17:26:02.748,89.97,0.122872311463,0.0,0
2018-05-27 17:26:02.841,90.36,0.122872311463,0.0,0
2018-05-27 17:26:03.087,93.1,0.122872311463,0.0,0
2018-05-27 17:26:03.264,94.53,0.122872311463,0.0,0
2018-05-27 17:26:03.720,99.15,0.122872311463,0.0,0
2018-05-27 17:26:03.813,99.9,0.122872311463,0.0,0
2018-05-27 17:26:04.338,105.58,0.122872311463,0.0,0
2018-05-27 17:26:04.432,105.11,0.122872311463,0.0,0
2018-05-27 17:26:04.515,107.37,0.122872311463,0.0,0
2018-05-27 17:26:04.879,107.37,0.122872311463,0.0,0
2018-05-27 17:26:05.133,107.2,0.122872311463,0.0,0
2018-05-27 17:26:05.394,105.84,0.122872311463,0.0,0
2018-05-27 17:26:05.581,106.57,0.122872311463,0.0,0
2018-05-27 17:26:05.664,107.01,0.122872311463,0.0,0
2018-05-27 17:26:05.850,106.74,0.122872311463,0.0,0
2018-05-27 17:26:06.012,106.47,0.122872311463,0.0,0
2018-05-27 17:26:06.277,104.76,0.122872311463,0.0,0
2018-05-27 17:26:06.636,102.62,0.122872311463,0.0,0
2018-05-27 17:26:06.906,100.94,0.122872311463,0.0,0
2018-05-27 17:26:07.161,102.36,0.122872311463,0.0,0
2018-05-27 17:26:07.254,101.47,0.122872311463,0.0,0
2018-05-27 17:26:07.347,101.9,0.122872311463,0.0,0
2018-05-27 17:26:07.692,103.04,0.122872311463,0.0,0
2018-05-27 17:26:07.785,102.72,0.122872311463,0.0,0
2018-05-27 17:26:08.133,100.74,0.122872311463,0.0,0
2018-05-27 17:26:08.412,100.48,0.122872311463,0.0,0
2018-05-27 17:26:08.497,100.32,0.122872311463,0.0,0
2018-05-27 17:26:08.580,101.23,0.122872311463,0.0,0
2018-05-27 17:26:08.673,101.71,0.122872311463,0.0,0
2018-05-27 17:26:08.859,102.0,0.122872311463,0.0,0
2018-05-27 17:26:09.301,106.47,0.122872311463,0.0,0
2018-05-27 17:26:09.589,111.67,0.122872311463,0.0,0
2018-05-27 17:26:09.776,112.85,0.122872311463,0.0,0
2018-05-27 17:26:10.031,115.56,0.122872311463,0.0,0
2018-05-27 17:26:10.124,117.34,0.122872311463,0.0,0
2018-05-27 17:26:10.394,116.97,0.122872311463,0.0,0
2018-05-27 17:26:10.487,116.81,0.122872311463,0.0,0
2018-05-27 17:26:10.571,115.19,0.122872311463,0.0,0
2018-05-27 17:26:10.757,113.46,0.122872311463,0.0,0
2018-05-27 17:26:10.850,111.43,0.122872311463,0.0,0
2018-05-27 17:26:11.012,111.5,0.122872311463,0.0,0
2018-05-27 17:26:11.105,109.28,0.122872311463,0.0,0
2018-05-27 17:26:11.198,108.18,0.122872311463,0.0,0
2018-05-27 17:26:11.654,104.35,0.122872311463,0.0,0
2018-05-27 17:26:11.841,101.97,0.122872311463,0.0,0
2018-05-27 17:26:11.929,101.29,0.122872311463,0.0,0
2018-05-27 17:26:12.170,99.73,0.122872311463,0.0,0
2018-05-27 17:26:12.264,99.06,0.122872311463,0.0,0
2018-05-27 17:26:12.533,96.76,0.122872311463,0.0,0
2018-05-27 17:26:12.813,95.71,0.122872311463,0.0,0
2018-05-27 17:26:13.068,95.2,0.122872311463,0.0,0
2018-05-27 17:26:13.161,95.64,0.122872311463,0.0,0
2018-05-27 17:26:13.245,95.92,0.122872311463,0.0,0
2018-05-27 17:26:13.338,95.72,0.122872311463,0.0,0
2018-05-27 17:26:13.431,95.25,0.122872311463,0.0,0
2018-05-27 17:26:13.524,94.76,0.122872311463,0.0,0
2018-05-27 17:26:13.608,94.26,0.122872311463,0.0,0
2018-05-27 17:26:13.701,93.58,0.122872311463,0.0,0
2018-05-27 17:26:13.785,92.64,0.122872311463,0.0,0
2018-05-27 17:26:13.878,91.11,0.122872311463,0.0,0
2018-05-27 17:26:14.133,89.56,0.122872311463,0.0,0
2018-05-27 17:26:14.226,88.29,0.122872311463,0.0,0
2018-05-27 17:26:14.319,87.86,0.122872311463,0.0,0
2018-05-27 17:26:14.496,87.05,0.122872311463,0.0,0
2018-05-27 17:26:14.589,87.33,0.122872311463,0.0,0
2018-05-27 17:26:14.775,87.99,0.122872311463,0.0,0
2018-05-27 17:26:14.868,88.89,0.122872311463,0.0,0
2018-05-27 17:26:15.031,88.91,0.122872311463,0.0,0
2018-05-27 17:26:15.124,89.77,0.122872311463,0.0,0
2018-05-27 17:26:15.207,89.95,0.122872311463,0.0,0
2018-05-27 17:26:15.477,93.63,0.122872311463,0.0,0
2018-05-27 17:26:15.570,94.82,0.122872311463,0.0,0
2018-05-27 17:26:15.664,96.17,0.122872311463,0.0,0
2018-05-27 17:26:15.757,96.95,0.122872311463,0.0,0
2018-05-27 17:26:15.850,97.98,0.122872311463,0.0,0
2018-05-27 17:26:16.012,98.57,0.122872311463,0.0,0
2018-05-27 17:26:16.105,98.46,0.122872311463,0.0,0
2018-05-27 17:26:16.384,100.84,0.122872311463,0.0,0
2018-05-27 17:26:16.468,100.88,0.122872311463,0.0,0
2018-05-27 17:26:16.654,101.82,0.122872311463,0.0,0
2018-05-27 17:26:16.840,103.82,0.122872311463,0.0,0
2018-05-27 17:26:16.929,105.1,0.122872311463,0.0,0
2018-05-27 17:26:17.170,107.43,0.122872311463,0.0,0
2018-05-27 17:26:17.347,107.65,0.122872311463,0.0,0
2018-05-27 17:26:17.542,108.68,0.122872311463,0.0,0
2018-05-27 17:26:17.635,109.5,0.122872311463,0.0,0
2018-05-27 17:26:17.729,110.7,0.122872311463,0.0,0
2018-05-27 17:26:17.822,111.87,0.122872311463,0.0,0
2018-05-27 17:26:17.906,112.58,0.122872311463,0.0,0
2018-05-27 17:26:18.161,115.37,0.122872311463,0.0,0
2018-05-27 17:26:18.254,116.68,0.122872311463,0.0,0
2018-05-27 17:26:18.337,116.73,0.122872311463,0.0,0
2018-05-27 17:26:18.431,116.59,0.122872311463,0.0,0
2018-05-27 17:26:18.524,115.41,0.122872311463,0.0,0
2018-05-27 17:26:18.617,114.37,0.122872311463,0.0,0
2018-05-27 17:26:18.710,112.92,0.122872311463,0.0,0
2018-05-27 17:26:18.794,112.03,0.122872311463,0.0,0
2018-05-27 17:26:19.067,109.8,0.122872311463,0.0,0
2018-05-27 17:26:19.160,108.42,0.122872311463,0.0,0
2018-05-27 17:26:19.254,107.13,0.122872311463,0.0,0
2018-05-27 17:26:19.347,106.14,0.122872311463,0.0,0
2018-05-27 17:26:19.524,104.63,0.122872311463,0.0,0
2018-05-27 17:26:19.617,104.34,0.122872311463,0.0,0
2018-05-27 17:26:19.710,103.4,0.122872311463,0.0,0
2018-05-27 17:26:19.794,104.52,0.122872311463,0.0,0
2018-05-27 17:26:19.887,103.56,0.122872311463,0.0,0
2018-05-27 17:26:20.049,104.15,0.122872311463,0.0,0
2018-05-27 17:26:20.142,103.31,0.122872311463,0.0,0
2018-05-27 17:26:20.235,104.02,0.122872311463,0.0,0
2018-05-27 17:26:20.328,102.85,0.122872311463,0.0,0
2018-05-27 17:26:20.421,102.59,0.122872311463,0.0,0
2018-05-27 17:26:20.514,101.38,0.122872311463,0.0,0
2018-05-27 17:26:20.701,99.92,0.122872311463,0.0,0
2018-05-27 17:26:20.784,99.74,0.122872311463,0.0,0
2018-05-27 17:26:20.877,100.41,0.122872311463,0.0,0
2018-05-27 17:26:21.030,100.94,0.122872311463,0.0,0
2018-05-27 17:26:21.216,103.09,0.122872311463,0.0,0
2018-05-27 17:26:21.310,103.48,0.122872311463,0.0,0
2018-05-27 17:26:21.486,102.76,0.122872311463,0.0,0
2018-05-27 17:26:21.579,103.97,0.122872311463,0.0,0
2018-05-27 17:26:21.672,104.11,0.122872311463,0.0,0
2018-05-27 17:26:21.766,104.75,0.122872311463,0.0,0
2018-05-27 17:26:21.859,104.13,0.122872311463,0.0,0
2018-05-27 17:26:22.021,103.22,0.122872311463,0.0,0
2018-05-27 17:26:22.104,102.35,0.122872311463,0.0,0
2018-05-27 17:26:22.198,100.64,0.122872311463,0.0,0
2018-05-27 17:26:22.291,99.61,0.122872311463,0.0,0
2018-05-27 17:26:22.384,97.69,0.122872311463,0.0,0
2018-05-27 17:26:22.561,94.4,0.122872311463,0.0,0
2018-05-27 17:26:22.654,92.32,0.122872311463,0.0,0
2018-05-27 17:26:22.747,91.03,0.122872311463,0.0,0
2018-05-27 17:26:22.840,89.86,0.122872311463,0.0,0
2018-05-27 17:26:23.086,87.14,0.122872311463,0.0,0
2018-05-27 17:26:23.170,85.61,0.122872311463,0.0,0
2018-05-27 17:26:23.263,84.49,0.122872311463,0.0,0
2018-05-27 17:26:23.346,82.76,0.122872311463,0.0,0
2018-05-27 17:26:23.440,82.01,0.122872311463,0.0,0
2018-05-27 17:26:23.533,80.5,0.122872311463,0.0,0
2018-05-27 17:26:23.626,78.56,0.122872311463,0.0,0
2018-05-27 17:26:23.803,75.19,0.122872311463,0.0,0
2018-05-27 17:26:23.896,74.03,0.122872311463,0.0,0
2018-05-27 17:26:24.235,68.96,0.122872311463,0.0,0
2018-05-27 17:26:24.328,67.2,0.122872311463,0.0,0
2018-05-27 17:26:24.421,65.6,0.122872311463,0.0,0
2018-05-27 17:26:24.506,64.59,0.122872311463,0.0,0
2018-05-27 17:26:24.784,60.57,0.122872311463,0.0,0
2018-05-27 17:26:24.877,59.98,0.122872311463,0.0,0
2018-05-27 17:26:25.039,58.14,0.122872311463,0.0,0
2018-05-27 17:26:25.225,58.17,0.122872311463,0.0,0
2018-05-27 17:26:25.496,59.73,0.122872311463,0.0,0
2018-05-27 17:26:25.579,59.37,0.122872311463,0.0,0
2018-05-27 17:26:25.672,59.71,0.122872311463,0.0,0
2018-05-27 17:26:25.765,59.73,0.122872311463,0.0,0
2018-05-27 17:26:25.859,59.29,0.122872311463,0.0,0
2018-05-27 17:26:26.114,59.72,0.122872311463,0.0,0
2018-05-27 17:26:26.207,60.13,0.122872311463,0.0,0
2018-05-27 17:26:26.384,59.81,0.122872311463,0.0,0
2018-05-27 17:26:26.477,59.84,0.122872311463,0.0,0
2018-05-27 17:26:26.570,59.94,0.122872311463,0.0,0
2018-05-27 17:26:26.663,59.9,0.122872311463,0.0,0
2018-05-27 17:26:26.756,59.63,0.122872311463,0.0,0
2018-05-27 17:26:26.849,59.94,0.122872311463,0.0,0
2018-05-27 17:26:27.104,59.95,0.122872311463,0.0,0
2018-05-27 17:26:27.197,59.91,0.122872311463,0.0,0
2018-05-27 17:26:27.384,59.91,0.122872311463,0.0,0
2018-05-27 17:26:27.468,60.18,0.122872311463,0.0,0
2018-05-27 17:26:27.560,60.26,0.122872311463,0.0,0
2018-05-27 17:26:27.654,59.74,0.122872311463,0.0,0
2018-05-27 17:26:27.747,59.75,0.122872311463,0.0,0
2018-05-27 17:26:28.170,60.24,0.122872311463,0.0,0
2018-05-27 17:26:28.365,59.68,0.122872311463,0.0,0
2018-05-27 17:26:28.449,60.04,0.122872311463,0.0,0
2018-05-27 17:26:28.635,60.2,0.122872311463,0.0,0
2018-05-27 17:26:28.728,59.92,0.122872311463,0.0,0
2018-05-27 17:26:28.821,60.0,0.122872311463,0.0,0
2018-05-27 17:26:28.914,60.06,0.122872311463,0.0,0
2018-05-27 17:26:29.076,60.29,0.122872311463,0.0,0
2018-05-27 17:26:29.169,60.02,0.122872311463,0.0,0
2018-05-27 17:26:29.263,59.85,0.122872311463,0.0,0
2018-05-27 17:26:29.346,59.71,0.122872311463,0.0,0
2018-05-27 17:26:29.439,59.59,0.122872311463,0.0,0
2018-05-27 17:26:29.532,60.01,0.122872311463,0.0,0
2018-05-27 17:26:29.626,60.43,0.122872311463,0.0,0
2018-05-27 17:26:29.719,60.32,0.122872311463,0.0,0
2018-05-27 17:26:29.905,61.14,0.122872311463,0.0,0
2018-05-27 17:26:30.067,60.42,0.122872311463,0.0,0
2018-05-27 17:26:30.160,59.82,0.122872311463,0.0,0
2018-05-27 17:26:30.244,60.07,0.122872311463,0.0,0
2018-05-27 17:26:30.337,59.85,0.122872311463,0.0,0
2018-05-27 17:26:30.421,59.8,0.122872311463,0.0,0
2018-05-27 17:26:30.598,60.21,0.122872311463,0.0,0
2018-05-27 17:26:30.691,60.22,0.122872311463,0.0,0
2018-05-27 17:26:30.784,60.09,0.122872311463,0.0,0
2018-05-27 17:26:30.877,59.26,0.122872311463,0.0,0
2018-05-27 17:26:31.123,60.07,0.122872311463,0.0,0
2018-05-27 17:26:31.216,58.35,0.122872311463,0.0,0
2018-05-27 17:26:31.402,56.76,0.122872311463,0.0,0
2018-05-27 17:26:31.579,55.44,0.122872311463,0.0,0
2018-05-27 17:26:31.672,53.72,0.122872311463,0.0,0
2018-05-27 17:26:31.765,53.15,0.122872311463,0.0,0
2018-05-27 17:26:32.113,50.23,0.122872311463,0.0,0
2018-05-27 17:26:32.299,48.46,0.122872311463,0.0,0
2018-05-27 17:26:32.393,47.64,0.122872311463,0.0,0
2018-05-27 17:26:32.477,46.27,0.122872311463,0.0,0
2018-05-27 17:26:32.570,45.43,0.122872311463,0.0,0
2018-05-27 17:26:32.756,44.02,0.122872311463,0.0,0
2018-05-27 17:26:32.849,43.02,0.122872311463,0.0,0
2018-05-27 17:26:33.095,41.94,0.122872311463,0.0,0
2018-05-27 17:26:33.188,40.76,0.122872311463,0.0,0
2018-05-27 17:26:33.281,39.81,0.0918693745013,0.0750000029802,0
2018-05-27 17:26:33.374,38.32,0.0662953169527,0.0750000029802,0
2018-05-27 17:26:33.458,37.5,0.0458401111466,0.0750000029802,0
2018-05-27 17:26:33.914,32.5,0.0521124244091,0.17499999702,0
2018-05-27 17:26:34.076,31.03,0.122872315493,0.20000000298,0
2018-05-27 17:26:34.169,30.06,0.250569522394,0.22499999404,0
2018-05-27 17:26:34.262,29.28,0.409968348253,0.20000000298,0
2018-05-27 17:26:34.346,28.52,0.586068551013,0.17499999702,0
2018-05-27 17:26:34.439,27.31,0.299999996735,0.300000011921,0
2018-05-27 17:26:34.625,25.38,0.299999996735,0.574999988079,0
2018-05-27 17:26:34.718,23.64,0.299999996735,0.47499999404,0
2018-05-27 17:26:35.253,15.51,0.299999996735,0.875,0
2018-05-27 17:26:35.430,11.22,0.299999996735,0.324999988079,0
2018-05-27 17:26:35.514,9.18,0.299999996735,1.0,0
2018-05-27 17:26:35.700,4.41,0.299999996735,0.20000000298,0
2018-05-27 17:26:35.877,1.71,0.299999996735,1.0,0
2018-05-27 17:26:36.318,0.38,0.299999996735,0.0750000029802,0
2018-05-27 17:26:36.495,0.27,0.299999996735,0.550000011921,0
2018-05-27 17:26:36.672,0.22,0.299999996735,0.0,0
2018-05-27 17:26:36.765,0.19,0.299999996735,0.20000000298,0
2018-05-27 17:26:37.020,0.0,0.299999996735,0.0,0
2018-05-27 17:26:37.113,0.0,0.299999996735,0.125,0
2018-05-27 17:26:37.476,0.0,0.299999996735,0.0,0
2018-05-27 17:26:37.569,0.0,0.299999996735,0.125,0
2018-05-27 17:26:37.662,0.0,0.299999996735,0.0,0
2018-05-27 17:26:37.756,0.0,0.39117581711,0.125,0
2018-05-27 17:26:37.849,0.0,0.341201435468,0.0,0
2018-05-27 17:26:38.011,0.0,0.0881959215069,0.0,0
2018-05-27 17:26:38.104,0.0,0.0881959215069,0.0,0
2018-05-27 17:26:38.197,0.0,0.042027439269,0.0,0
2018-05-27 17:26:38.374,0.0,0.042027439269,0.0,0
2018-05-27 17:26:38.928,0.0,0.037749866269,0.0,0
2018-05-27 17:26:39.355,0.0,0.037749866269,0.0,0
2018-05-27 17:26:39.448,0.0,0.0623619949481,0.0,0
2018-05-27 17:26:39.914,0.0,0.0623619949481,0.0,0
2018-05-27 17:26:40.076,0.0,0.0955587307627,0.0,0
2018-05-27 17:26:40.169,0.0,0.0955587307627,0.0,0
2018-05-27 17:26:40.346,0.0,0.0955587307627,0.0,0
2018-05-27 17:26:40.439,0.0,0.0955587307627,0.0,0
2018-05-27 17:26:40.532,0.0,0.0955587307627,0.0,0
2018-05-27 17:26:40.625,0.0,0.0955587307627,0.0,0
2018-05-27 17:26:40.718,0.0,0.0955587307627,0.0,0
2018-05-27 17:26:40.904,0.0,0.0955587307627,0.0,0
2018-05-27 17:26:41.066,0.0,0.0955587307627,0.0,0
2018-05-27 17:26:41.159,0.0,0.0955587307627,0.0,0
2018-05-27 17:26:41.253,0.0,0.0955587307627,0.0,0
2018-05-27 17:26:41.336,0.0,0.0955587307627,0.0,0
2018-05-27 17:26:41.616,0.0,0.0955587307627,0.0,0
2018-05-27 17:26:41.709,0.0,0.0955587307627,0.0,0
2018-05-27 17:26:41.802,0.0,0.0955587307627,0.0,0
2018-05-27 17:26:42.243,0.0,0.0955587307627,0.0,0
2018-05-27 17:26:42.337,0.0,0.0955587307627,0.0,0
2018-05-27 17:26:42.793,0.0,0.0955587307627,0.0,0
2018-05-27 17:26:42.886,0.0,0.0955587307627,0.0,0
2018-05-27 17:26:43.048,0.0,0.0955587307627,0.0,0
2018-05-27 17:26:43.141,0.0,0.0955587307627,0.0,0
2018-05-27 17:26:43.234,0.0,0.0955587307627,0.0,0
2018-05-27 17:26:43.690,8.36,0.0955587307627,0.0,0
2018-05-27 17:26:43.783,9.56,0.0955587307627,0.0,0
2018-05-27 17:26:44.132,13.37,0.0955587307627,0.0,0
2018-05-27 17:26:44.765,22.79,0.0745662978772,0.0750000029802,0
2018-05-27 17:26:44.858,23.85,0.037749866269,0.17499999702,0
2018-05-27 17:26:45.010,25.23,0.0377498665148,0.10000000149,0
2018-05-27 17:26:45.290,29.22,0.111404278401,0.300000011921,0
2018-05-27 17:26:45.373,30.71,0.325391811263,0.449999988079,0
2018-05-27 17:26:45.467,32.2,0.444990340771,0.17499999702,0
2018-05-27 17:26:45.643,34.56,0.873855029871,0.47499999404,0
2018-05-27 17:26:45.820,37.21,0.299999996735,0.34999999404,0
2018-05-27 17:26:46.075,40.04,0.299999996735,0.22499999404,0
2018-05-27 17:26:46.168,41.16,0.299999996735,0.125,0
2018-05-27 17:26:46.346,44.18,0.299999996735,0.125,0
2018-05-27 17:26:46.439,45.44,0.299999996735,0.125,0
2018-05-27 17:26:46.522,46.68,0.299999996735,0.0500000007451,0
2018-05-27 17:26:46.616,48.34,0.299999996735,0.0500000007451,0
2018-05-27 17:26:47.047,54.83,0.299999996735,0.0250000003725,0
2018-05-27 17:26:47.141,56.13,0.299999996735,0.0,0
2018-05-27 17:26:47.234,58.3,0.310004496248,0.0,0
2018-05-27 17:26:47.504,59.35,0.138034910037,0.0,0
2018-05-27 17:26:48.038,59.54,0.06828887347,0.0,0
2018-05-27 17:26:48.131,59.65,0.0420274395993,0.0,0
2018-05-27 17:26:48.225,59.61,0.0377498659618,0.0,0
2018-05-27 17:26:48.308,59.09,0.0623619945194,0.0,0
2018-05-27 17:26:48.487,59.51,0.0745662983581,0.0,0
2018-05-27 17:26:48.671,59.4,0.0881959205442,0.0,0
2018-05-27 17:26:48.764,60.22,0.0955587307627,0.0,0
2018-05-27 17:26:49.019,59.9,0.0955587307627,0.0,0
2018-05-27 17:26:49.206,60.7,0.0955587307627,0.0,0
2018-05-27 17:26:49.671,60.52,0.0955587307627,0.0,0
2018-05-27 17:26:50.299,60.44,0.0955587307627,0.0,0
2018-05-27 17:26:50.476,60.5,0.0955587307627,0.0,0
2018-05-27 17:26:50.662,59.91,0.0955587307627,0.0,0
2018-05-27 17:26:50.848,60.25,0.0955587307627,0.0,0
2018-05-27 17:26:51.010,60.41,0.0955587307627,0.0,0
2018-05-27 17:26:51.103,60.32,0.0955587307627,0.0,0
2018-05-27 17:26:51.196,59.7,0.0955587307627,0.0,0
2018-05-27 17:26:51.290,59.7,0.0955587307627,0.0,0
2018-05-27 17:26:51.382,60.17,0.0955587307627,0.0,0
2018-05-27 17:26:51.559,60.34,0.0955587307627,0.0,0
2018-05-27 17:26:51.652,59.81,0.0955587307627,0.0,0
2018-05-27 17:26:51.839,60.54,0.0955587307627,0.0,0
2018-05-27 17:26:51.927,60.02,0.0955587307627,0.0,0
2018-05-27 17:26:52.261,60.43,0.0955587307627,0.0,0
2018-05-27 17:26:52.354,59.58,0.0955587307627,0.0,0
2018-05-27 17:26:52.448,59.76,0.0955587307627,0.0,0
2018-05-27 17:26:52.541,60.39,0.0955587307627,0.0,0
2018-05-27 17:26:52.634,60.35,0.0955587307627,0.0,0
2018-05-27 17:26:52.820,59.5,0.0955587307627,0.0,0
2018-05-27 17:26:52.913,60.77,0.0955587307627,0.0,0
2018-05-27 17:26:53.075,60.38,0.0955587307627,0.0,0
2018-05-27 17:26:53.168,59.58,0.0955587307627,0.0,0
2018-05-27 17:26:53.457,60.13,0.0955587307627,0.0,0
2018-05-27 17:26:53.727,59.77,0.0955587307627,0.0,0
2018-05-27 17:26:53.913,60.62,0.0955587307627,0.0,0
2018-05-27 17:26:54.075,60.11,0.0955587307627,0.0,0
2018-05-27 17:26:54.168,60.16,0.0955587307627,0.0,0
2018-05-27 17:26:54.261,60.28,0.0955587307627,0.0,0
2018-05-27 17:26:54.345,60.01,0.0955587307627,0.0,0
2018-05-27 17:26:54.438,59.9,0.0955587307627,0.0,0
2018-05-27 17:26:54.531,60.34,0.0955587307627,0.0,0
2018-05-27 17:26:54.717,59.9,0.0955587307627,0.0,0
2018-05-27 17:26:54.811,59.74,0.0880149732222,0.0,0
2018-05-27 17:26:54.894,59.69,0.0880149732222,0.0,0
2018-05-27 17:26:55.140,60.26,0.0880149732222,0.0,0
2018-05-27 17:26:55.233,59.97,0.0880149732222,0.0,0
2018-05-27 17:26:55.410,60.34,0.0880149732222,0.0,0
2018-05-27 17:26:55.494,60.2,0.0880149732222,0.0,0
2018-05-27 17:26:55.680,60.45,0.0880149732222,0.0,0
2018-05-27 17:26:55.773,60.61,0.0880149732222,0.0,0
2018-05-27 17:26:56.112,60.38,0.0880149732222,0.0,0
2018-05-27 17:26:56.205,59.86,0.0880149732222,0.0,0
2018-05-27 17:26:56.298,59.87,0.0880149732222,0.0,0
2018-05-27 17:26:56.382,60.02,0.0880149732222,0.0,0
2018-05-27 17:26:56.475,60.37,0.0880149732222,0.0,0
2018-05-27 17:26:56.568,60.28,0.0880149732222,0.0,0
2018-05-27 17:26:56.661,59.68,0.0880149732222,0.0,0
2018-05-27 17:26:57.000,59.91,0.0880149732222,0.0,0
2018-05-27 17:26:57.093,60.37,0.0880149732222,0.0,0
2018-05-27 17:26:57.186,60.22,0.0880149732222,0.0,0
2018-05-27 17:26:57.280,59.99,0.0880149732222,0.0,0
2018-05-27 17:26:57.457,59.69,0.0880149732222,0.0,0
2018-05-27 17:26:57.727,59.88,0.0880149732222,0.0,0
2018-05-27 17:26:57.820,59.77,0.0880149732222,0.0,0
2018-05-27 17:26:58.168,60.18,0.0880149732222,0.0,0
2018-05-27 17:26:58.345,60.28,0.0880149732222,0.0,0
2018-05-27 17:26:58.624,60.41,0.0880149732222,0.0,0
2018-05-27 17:26:58.708,60.6,0.0880149732222,0.0,0
2018-05-27 17:26:58.801,60.4,0.0880149732222,0.0,0
2018-05-27 17:26:58.885,60.34,0.0880149732222,0.0,0
2018-05-27 17:26:59.140,60.25,0.0880149732222,0.0,0
2018-05-27 17:26:59.326,60.42,0.0880149732222,0.0,0
2018-05-27 17:26:59.875,60.33,0.0880149732222,0.0,0
2018-05-27 17:27:00.130,60.49,0.0880149732222,0.0,0
2018-05-27 17:27:00.401,59.72,0.0880149732222,0.0,0
2018-05-27 17:27:01.466,62.86,0.0880149732222,0.0,0
2018-05-27 17:27:01.652,64.82,0.0880149732222,0.0,0
2018-05-27 17:27:01.745,66.26,0.0880149732222,0.0,0
2018-05-27 17:27:01.834,66.26,0.0880149732222,0.0,0
2018-05-27 17:27:01.929,69.94,0.0880149732222,0.0,0
2018-05-27 17:27:02.167,70.33,0.0880149732222,0.0,0
2018-05-27 17:27:02.438,75.39,0.0880149732222,0.0,0
2018-05-27 17:27:02.531,76.26,0.0880149732222,0.0,0
2018-05-27 17:27:02.903,81.8,0.0880149732222,0.0,0
2018-05-27 17:27:03.252,87.64,0.0880149732222,0.0,0
2018-05-27 17:27:03.344,88.86,0.0880149732222,0.0,0
2018-05-27 17:27:03.614,91.38,0.0880149732222,0.0,0
2018-05-27 17:27:03.708,91.6,0.0880149732222,0.0,0
2018-05-27 17:27:03.802,93.95,0.0880149732222,0.0,0
2018-05-27 17:27:04.503,101.97,0.0880149732222,0.0,0
2018-05-27 17:27:04.596,102.8,0.0880149732222,0.0,0
2018-05-27 17:27:04.876,105.96,0.0880149732222,0.0,0
2018-05-27 17:27:05.037,105.85,0.0880149732222,0.0,0
2018-05-27 17:27:05.130,107.61,0.0880149732222,0.0,0
2018-05-27 17:27:05.223,109.74,0.0880149732222,0.0,0
2018-05-27 17:27:05.316,109.39,0.0880149732222,0.0,0
2018-05-27 17:27:05.493,112.58,0.0880149732222,0.0,0
2018-05-27 17:27:05.587,112.68,0.0880149732222,0.0,0
2018-05-27 17:27:05.866,118.46,0.0880149732222,0.0,0
2018-05-27 17:27:06.028,118.13,0.0880149732222,0.0,0
2018-05-27 17:27:06.121,120.7,0.0880149732222,0.0,0
2018-05-27 17:27:06.214,121.45,0.0880149732222,0.0,0
2018-05-27 17:27:06.307,122.84,0.0880149732222,0.0,0
2018-05-27 17:27:06.391,123.25,0.0880149732222,0.0,0
2018-05-27 17:27:06.484,124.42,0.0880149732222,0.0,0
2018-05-27 17:27:06.577,126.22,0.0880149732222,0.0,0
2018-05-27 17:27:06.671,126.87,0.0880149732222,0.0,0
2018-05-27 17:27:06.763,127.83,0.0880149732222,0.0,0
2018-05-27 17:27:06.856,129.41,0.0880149732222,0.0,0
2018-05-27 17:27:07.018,130.98,0.0880149732222,0.0,0
2018-05-27 17:27:07.111,131.67,0.0880149732222,0.0,0
2018-05-27 17:27:07.204,132.55,0.0880149732222,0.0,0
2018-05-27 17:27:07.298,133.2,0.0880149732222,0.0,0
2018-05-27 17:27:07.381,134.58,0.0880149732222,0.0,0
2018-05-27 17:27:07.475,136.38,0.0880149732222,0.0,0
2018-05-27 17:27:07.661,139.1,0.0880149732222,0.0,0
2018-05-27 17:27:07.847,141.76,0.0880149732222,0.0,0
2018-05-27 17:27:08.009,142.75,0.0880149732222,0.0,0
2018-05-27 17:27:08.195,143.46,0.0880149732222,0.0,0
2018-05-27 17:27:08.288,144.47,0.0880149732222,0.0,0
2018-05-27 17:27:08.381,145.73,0.0880149732222,0.0,0
2018-05-27 17:27:08.465,145.66,0.0880149732222,0.0,0
2018-05-27 17:27:08.558,147.05,0.0880149732222,0.0,0
2018-05-27 17:27:08.651,147.75,0.0880149732222,0.0,0
2018-05-27 17:27:08.744,149.32,0.0880149732222,0.0,0
2018-05-27 17:27:08.838,150.14,0.0880149732222,0.0,0
2018-05-27 17:27:08.926,151.17,0.0880149732222,0.0,0
2018-05-27 17:27:09.167,151.62,0.0880149732222,0.0,0
2018-05-27 17:27:09.353,154.41,0.0816110877962,0.0250000003725,0
2018-05-27 17:27:09.437,154.48,0.075510190698,0.0250000003725,0
2018-05-27 17:27:09.530,152.65,0.075510190698,0.0,0
2018-05-27 17:27:09.623,152.68,0.075510190698,0.0,0
2018-05-27 17:27:09.716,152.05,0.075510190698,0.0,0
2018-05-27 17:27:09.810,151.99,0.075510190698,0.0,0
2018-05-27 17:27:09.903,150.07,0.075510190698,0.0,0
2018-05-27 17:27:10.065,150.26,0.075510190698,0.0,0
2018-05-27 17:27:10.158,149.68,0.075510190698,0.0,0
2018-05-27 17:27:10.251,149.37,0.075510190698,0.0,0
2018-05-27 17:27:10.344,148.28,0.0816110877962,0.0,0
2018-05-27 17:27:10.530,145.75,0.0880149732222,0.0,0
2018-05-27 17:27:10.716,146.24,0.0880149732222,0.0,0
2018-05-27 17:27:10.903,144.48,0.0880149732222,0.0,0
2018-05-27 17:27:11.065,143.38,0.0880160498791,0.0,0
2018-05-27 17:27:11.335,141.65,0.0880160498791,0.0,0
2018-05-27 17:27:11.428,141.29,0.0880160498791,0.0,0
2018-05-27 17:27:11.521,140.95,0.0880160498791,0.0,0
2018-05-27 17:27:11.707,139.55,0.0880160498791,0.0,0
2018-05-27 17:27:11.800,139.05,0.0880160498791,0.0,0
2018-05-27 17:27:12.232,137.72,0.0880160498791,0.0,0
2018-05-27 17:27:12.595,135.45,0.0880160498791,0.0,0
2018-05-27 17:27:12.688,134.6,0.0880160498791,0.0,0
2018-05-27 17:27:12.875,133.68,0.0880160498791,0.0,0
2018-05-27 17:27:13.130,133.04,0.0880160498791,0.0,0
2018-05-27 17:27:13.400,130.93,0.0880160498791,0.0,0
2018-05-27 17:27:13.483,131.26,0.0880160498791,0.0,0
2018-05-27 17:27:13.577,131.11,0.0880160498791,0.0,0
2018-05-27 17:27:14.112,127.77,0.0880160498791,0.0,0
2018-05-27 17:27:14.390,127.25,0.0880160498791,0.0,0
2018-05-27 17:27:14.474,126.2,0.0880160498791,0.0,0
2018-05-27 17:27:14.567,126.44,0.0880160498791,0.0,0
2018-05-27 17:27:14.753,124.77,0.0880160498791,0.0,0
2018-05-27 17:27:14.847,124.32,0.0880160498791,0.0,0
2018-05-27 17:27:15.092,124.23,0.0880160498791,0.0,0
2018-05-27 17:27:15.185,124.92,0.0880160498791,0.0,0
2018-05-27 17:27:15.455,124.47,0.0880160498791,0.0,0
2018-05-27 17:27:15.539,122.83,0.0880160498791,0.0,0
2018-05-27 17:27:15.632,124.01,0.0880160498791,0.0,0
2018-05-27 17:27:15.809,124.48,0.0880160498791,0.0,0
2018-05-27 17:27:16.064,123.07,0.0880160498791,0.0,0
2018-05-27 17:27:16.157,124.01,0.0880160498791,0.0,0
2018-05-27 17:27:16.250,123.35,0.0880160498791,0.0,0
2018-05-27 17:27:16.427,123.89,0.0880160498791,0.0,0
2018-05-27 17:27:16.512,123.53,0.0880160498791,0.0,0
2018-05-27 17:27:16.688,122.94,0.0880160498791,0.0,0
2018-05-27 17:27:16.781,123.99,0.0880160498791,0.0,0
2018-05-27 17:27:17.130,124.8,0.0880160498791,0.0,0
2018-05-27 17:27:17.223,124.15,0.0880160498791,0.0,0
2018-05-27 17:27:17.316,123.91,0.0880160498791,0.0,0
2018-05-27 17:27:17.576,125.86,0.0880160498791,0.0,0
2018-05-27 17:27:17.660,124.37,0.0880160498791,0.0,0
2018-05-27 17:27:17.753,125.11,0.0880160498791,0.0,0
2018-05-27 17:27:17.846,123.53,0.0880160498791,0.0,0
2018-05-27 17:27:18.008,121.97,0.0880160498791,0.0,0
2018-05-27 17:27:18.092,121.52,0.0880160498791,0.0,0
2018-05-27 17:27:18.455,118.24,0.0880160498791,0.0,0
2018-05-27 17:27:18.539,117.4,0.0880160498791,0.0,0
2018-05-27 17:27:18.632,115.61,0.0880160498791,0.0,0
2018-05-27 17:27:18.725,115.57,0.0880160498791,0.0,0
2018-05-27 17:27:18.809,113.59,0.0880160498791,0.0,0
2018-05-27 17:27:18.902,113.31,0.0880160498791,0.0,0
2018-05-27 17:27:19.157,111.63,0.0880160498791,0.0,0
2018-05-27 17:27:19.250,112.53,0.0880160498791,0.0,0
2018-05-27 17:27:19.343,110.83,0.0880160498791,0.0,0
2018-05-27 17:27:19.427,110.07,0.0880160498791,0.0,0
2018-05-27 17:27:19.511,109.92,0.0880160498791,0.0,0
2018-05-27 17:27:19.604,110.13,0.0880160498791,0.0,0
2018-05-27 17:27:19.697,108.98,0.0880160498791,0.0,0
2018-05-27 17:27:19.790,109.19,0.0880160498791,0.0,0
2018-05-27 17:27:19.884,108.43,0.0880160498791,0.0,0
2018-05-27 17:27:20.045,107.56,0.0880160498791,0.0,0
2018-05-27 17:27:20.139,106.73,0.0880160498791,0.0,0
2018-05-27 17:27:20.232,106.55,0.0880160498791,0.0,0
2018-05-27 17:27:20.325,105.28,0.0880160498791,0.0,0
2018-05-27 17:27:20.409,104.61,0.0880160498791,0.0,0
2018-05-27 17:27:20.502,104.33,0.0880160498791,0.0,0
2018-05-27 17:27:20.595,103.83,0.0880160498791,0.0,0
2018-05-27 17:27:20.688,103.5,0.0880160498791,0.0,0
2018-05-27 17:27:20.781,102.35,0.0880160498791,0.0,0
2018-05-27 17:27:20.874,101.84,0.0880160498791,0.0,0
2018-05-27 17:27:21.129,102.04,0.0880160498791,0.0,0
2018-05-27 17:27:21.315,101.1,0.0880160498791,0.0,0
2018-05-27 17:27:21.400,100.25,0.0880160498791,0.0,0
2018-05-27 17:27:21.492,100.43,0.0880160498791,0.0,0
2018-05-27 17:27:21.585,99.64,0.0880160498791,0.0,0
2018-05-27 17:27:21.679,99.62,0.0880160498791,0.0,0
2018-05-27 17:27:21.865,99.26,0.0880160498791,0.0,0
2018-05-27 17:27:22.306,97.08,0.0880160498791,0.0,0
2018-05-27 17:27:22.390,97.11,0.0880160498791,0.0,0
2018-05-27 17:27:22.483,96.44,0.0880160498791,0.0,0
2018-05-27 17:27:22.669,96.92,0.0880160498791,0.0,0
2018-05-27 17:27:22.762,96.52,0.0880160498791,0.0,0
2018-05-27 17:27:22.855,95.98,0.0880160498791,0.0,0
2018-05-27 17:27:23.017,95.63,0.0880160498791,0.0,0
2018-05-27 17:27:23.203,95.11,0.0880160498791,0.0,0
2018-05-27 17:27:23.474,94.42,0.0880160498791,0.0,0
2018-05-27 17:27:23.567,94.16,0.0880160498791,0.0,0
2018-05-27 17:27:23.660,94.1,0.0880160498791,0.0,0
2018-05-27 17:27:23.753,93.85,0.0880160498791,0.0,0
2018-05-27 17:27:23.846,93.7,0.0880160498791,0.0,0
2018-05-27 17:27:24.008,93.19,0.0880160498791,0.0,0
2018-05-27 17:27:24.352,91.11,0.0880160498791,0.0,0
2018-05-27 17:27:24.744,90.12,0.0880160498791,0.0,0
2018-05-27 17:27:25.084,91.26,0.0880160498791,0.0,0
2018-05-27 17:27:25.436,92.58,0.0880160498791,0.0,0
2018-05-27 17:27:25.529,92.85,0.0880160498791,0.0,0
2018-05-27 17:27:25.623,93.07,0.0880160498791,0.0,0
2018-05-27 17:27:25.706,92.01,0.0880160498791,0.0,0
2018-05-27 17:27:26.045,92.54,0.0880160498791,0.0,0
2018-05-27 17:27:26.138,92.22,0.0880160498791,0.0,0
2018-05-27 17:27:26.231,91.9,0.0880160498791,0.0,0
2018-05-27 17:27:26.409,90.95,0.0880160498791,0.0,0
2018-05-27 17:27:26.501,91.07,0.0880160498791,0.0,0
2018-05-27 17:27:26.594,91.41,0.0880160498791,0.0,0
2018-05-27 17:27:26.688,91.23,0.0880160498791,0.0,0
2018-05-27 17:27:26.781,90.48,0.0880160498791,0.0,0
2018-05-27 17:27:26.874,90.55,0.0880160498791,0.0,0
2018-05-27 17:27:27.036,90.24,0.0880160498791,0.0,0
2018-05-27 17:27:27.129,89.65,0.0880160498791,0.0,0
2018-05-27 17:27:27.222,89.69,0.0880160498791,0.0,0
2018-05-27 17:27:27.315,88.83,0.0880160498791,0.0,0
2018-05-27 17:27:27.408,88.96,0.0880160498791,0.0,0
2018-05-27 17:27:27.492,88.29,0.0880160498791,0.0,0
2018-05-27 17:27:27.585,88.18,0.0880160498791,0.0,0
2018-05-27 17:27:27.678,87.42,0.0880160498791,0.0,0
2018-05-27 17:27:27.771,87.93,0.0880160498791,0.0,0
2018-05-27 17:27:27.864,88.15,0.0880160498791,0.0,0
2018-05-27 17:27:28.026,87.3,0.0880160498791,0.0,0
2018-05-27 17:27:28.119,86.69,0.0880160498791,0.0,0
2018-05-27 17:27:28.213,85.85,0.0880160498791,0.0,0
2018-05-27 17:27:28.306,86.22,0.0880160498791,0.0,0
2018-05-27 17:27:28.390,86.29,0.0880160498791,0.0,0
2018-05-27 17:27:28.483,86.15,0.0880160498791,0.0,0
2018-05-27 17:27:28.566,86.23,0.0880160498791,0.0,0
2018-05-27 17:27:28.660,84.91,0.0880160498791,0.0,0
2018-05-27 17:27:28.753,84.9,0.0880160498791,0.0,0
2018-05-27 17:27:29.008,84.85,0.0880160498791,0.0,0
2018-05-27 17:27:29.101,84.51,0.0880160498791,0.0,0
2018-05-27 17:27:29.194,84.65,0.0880160498791,0.0,0
2018-05-27 17:27:29.372,83.95,0.0880160498791,0.0,0
2018-05-27 17:27:29.464,84.19,0.0880160498791,0.0,0
2018-05-27 17:27:29.557,83.75,0.0880160498791,0.0,0
2018-05-27 17:27:29.650,83.73,0.0880160498791,0.0,0
2018-05-27 17:27:29.743,84.1,0.0880160498791,0.0,0
2018-05-27 17:27:29.925,84.87,0.0880160498791,0.0,0
2018-05-27 17:27:30.166,85.2,0.0880160498791,0.0,0
2018-05-27 17:27:30.259,85.11,0.0880160498791,0.0,0
2018-05-27 17:27:30.343,86.09,0.0880160498791,0.0,0
2018-05-27 17:27:30.436,86.84,0.0880160498791,0.0,0
2018-05-27 17:27:30.529,86.36,0.0880160498791,0.0,0
2018-05-27 17:27:30.715,87.09,0.0880160498791,0.0,0
2018-05-27 17:27:30.808,87.02,0.0880160498791,0.0,0
2018-05-27 17:27:30.902,88.39,0.0880160498791,0.0,0
2018-05-27 17:27:31.063,88.94,0.0880160498791,0.0,0
2018-05-27 17:27:31.156,89.33,0.0880160498791,0.0,0
2018-05-27 17:27:31.250,89.16,0.0880160498791,0.0,0
2018-05-27 17:27:31.334,88.41,0.0880160498791,0.0,0
2018-05-27 17:27:31.604,88.69,0.0880160498791,0.0,0
2018-05-27 17:27:31.883,89.34,0.0880160498791,0.0,0
2018-05-27 17:27:32.045,88.52,0.0880160498791,0.0,0
2018-05-27 17:27:32.492,88.06,0.0880160498791,0.0,0
2018-05-27 17:27:32.585,87.23,0.0880160498791,0.0,0
2018-05-27 17:27:32.771,86.68,0.0880160498791,0.0,0
2018-05-27 17:27:32.864,86.24,0.0880160498791,0.0,0
2018-05-27 17:27:33.110,85.82,0.0880160498791,0.0,0
2018-05-27 17:27:33.473,84.03,0.0880160498791,0.0,0
2018-05-27 17:27:33.650,82.85,0.0880160498791,0.0,0
2018-05-27 17:27:33.743,82.71,0.0880160498791,0.0,0
2018-05-27 17:27:34.166,81.09,0.0880160498791,0.0,0
2018-05-27 17:27:34.436,80.41,0.0880160498791,0.0,0
2018-05-27 17:27:34.529,79.58,0.0880160498791,0.0,0
2018-05-27 17:27:34.715,78.53,0.0880160498791,0.0,0
2018-05-27 17:27:35.054,77.67,0.0880160498791,0.0,0
2018-05-27 17:27:35.147,77.57,0.0880160498791,0.0,0
2018-05-27 17:27:35.231,77.02,0.0880160498791,0.0,0
2018-05-27 17:27:35.324,77.24,0.0880160498791,0.0,0
2018-05-27 17:27:35.417,75.63,0.0880160498791,0.0,0
2018-05-27 17:27:35.510,75.98,0.0880160498791,0.0,0
2018-05-27 17:27:35.603,75.61,0.0880160498791,0.0,0
2018-05-27 17:27:36.221,74.45,0.0880160498791,0.0,0
2018-05-27 17:27:36.314,75.0,0.0880160498791,0.0,0
2018-05-27 17:27:36.398,74.11,0.0880160498791,0.0,0
2018-05-27 17:27:36.491,73.69,0.0880160498791,0.0,0
2018-05-27 17:27:36.585,74.54,0.0880160498791,0.0,0
2018-05-27 17:27:36.761,74.05,0.0880160498791,0.0,0
2018-05-27 17:27:36.855,73.03,0.0880160498791,0.0,0
2018-05-27 17:27:37.016,73.93,0.0880160498791,0.0,0
2018-05-27 17:27:37.110,72.76,0.0880160498791,0.0,0
2018-05-27 17:27:37.389,72.41,0.0880160498791,0.0,0
2018-05-27 17:27:37.473,72.79,0.0880160498791,0.0,0
2018-05-27 17:27:37.566,71.52,0.0880160498791,0.0,0
2018-05-27 17:27:37.650,72.25,0.0880160498791,0.0,0
2018-05-27 17:27:37.836,71.42,0.0880160498791,0.0,0
2018-05-27 17:27:38.342,71.5,0.0880160498791,0.0,0
2018-05-27 17:27:38.529,70.89,0.0880160498791,0.0,0
2018-05-27 17:27:38.622,70.17,0.0880160498791,0.0,0
2018-05-27 17:27:38.715,70.3,0.0880160498791,0.0,0
2018-05-27 17:27:38.808,69.56,0.0880160498791,0.0,0
2018-05-27 17:27:39.156,70.01,0.0880160498791,0.0,0
2018-05-27 17:27:39.249,69.85,0.0880160498791,0.0,0
2018-05-27 17:27:39.333,70.14,0.0880160498791,0.0,0
2018-05-27 17:27:39.426,69.28,0.0880160498791,0.0,0
2018-05-27 17:27:39.510,69.26,0.0880160498791,0.0,0
2018-05-27 17:27:39.603,69.39,0.0880160498791,0.0,0
2018-05-27 17:27:39.789,68.96,0.0880160498791,0.0,0
2018-05-27 17:27:40.044,68.49,0.0880160498791,0.0,0
2018-05-27 17:27:40.137,68.97,0.0880160498791,0.0,0
2018-05-27 17:27:40.231,68.08,0.0880160498791,0.0,0
2018-05-27 17:27:40.316,68.15,0.0880160498791,0.0,0
2018-05-27 17:27:40.398,68.71,0.0880160498791,0.0,0
2018-05-27 17:27:40.491,68.43,0.0880160498791,0.0,0
2018-05-27 17:27:40.679,68.64,0.0880160498791,0.0,0
2018-05-27 17:27:40.773,69.84,0.0880160498791,0.0,0
2018-05-27 17:27:41.026,70.49,0.0880160498791,0.0,0
2018-05-27 17:27:41.212,71.75,0.0880160498791,0.0,0
2018-05-27 17:27:41.482,72.23,0.0880160498791,0.0,0
2018-05-27 17:27:41.575,72.71,0.0880160498791,0.0,0
2018-05-27 17:27:42.016,74.17,0.0880160498791,0.0,0
2018-05-27 17:27:42.109,74.89,0.0880160498791,0.0,0
2018-05-27 17:27:42.203,75.08,0.0880160498791,0.0,0
2018-05-27 17:27:42.286,75.57,0.0880160498791,0.0,0
2018-05-27 17:27:42.379,75.95,0.0880160498791,0.0,0
2018-05-27 17:27:42.463,76.41,0.0880160498791,0.0,0
2018-05-27 17:27:42.649,77.2,0.0880160498791,0.0,0
2018-05-27 17:27:42.836,78.43,0.0880160498791,0.0,0
2018-05-27 17:27:42.924,78.61,0.0880160498791,0.0,0
2018-05-27 17:27:43.081,79.11,0.0880160498791,0.0,0
2018-05-27 17:27:43.165,78.97,0.0880160498791,0.0,0
2018-05-27 17:27:43.444,80.48,0.0880160498791,0.0,0
2018-05-27 17:27:43.538,81.1,0.0880160498791,0.0,0
2018-05-27 17:27:43.817,83.17,0.0880160498791,0.0,0
2018-05-27 17:27:43.911,82.28,0.0880160498791,0.0,0
2018-05-27 17:27:44.165,83.48,0.0880160498791,0.0,0
2018-05-27 17:27:44.258,84.66,0.0880160498791,0.0,0
2018-05-27 17:27:44.351,84.59,0.0880160498791,0.0,0
2018-05-27 17:27:44.435,84.36,0.0880160498791,0.0,0
2018-05-27 17:27:44.528,84.38,0.0880160498791,0.0,0
2018-05-27 17:27:44.621,84.15,0.0880160498791,0.0,0
2018-05-27 17:27:44.714,84.13,0.0880160498791,0.0,0
2018-05-27 17:27:44.901,82.92,0.0880160498791,0.0,0
2018-05-27 17:27:45.063,82.71,0.0880160498791,0.0,0
2018-05-27 17:27:45.696,81.8,0.0880160498791,0.0,0
2018-05-27 17:27:45.789,80.69,0.0880160498791,0.0,0
2018-05-27 17:27:46.134,80.58,0.0880160498791,0.0,0
2018-05-27 17:27:46.221,80.86,0.0880160498791,0.0,0
2018-05-27 17:27:46.398,80.43,0.0880160498791,0.0,0
2018-05-27 17:27:46.565,79.57,0.0880160498791,0.0,0
2018-05-27 17:27:46.668,79.8,0.0880160498791,0.0,0
2018-05-27 17:27:46.854,78.91,0.0880160498791,0.0,0
2018-05-27 17:27:47.016,79.01,0.0880160498791,0.0,0
2018-05-27 17:27:47.202,78.77,0.0880160498791,0.0,0
2018-05-27 17:27:47.295,78.15,0.0880160498791,0.0,0
2018-05-27 17:27:47.565,78.06,0.0880160498791,0.0,0
2018-05-27 17:27:47.752,77.85,0.0880160498791,0.0,0
2018-05-27 17:27:47.845,77.31,0.0880160498791,0.0,0
2018-05-27 17:27:47.919,77.63,0.0880160498791,0.0,0
2018-05-27 17:27:48.193,76.64,0.0880160498791,0.0,0
2018-05-27 17:27:48.286,77.04,0.0880160498791,0.0,0
2018-05-27 17:27:48.370,75.65,0.0880160498791,0.0,0
2018-05-27 17:27:48.463,76.12,0.0880160498791,0.0,0
2018-05-27 17:27:48.556,76.12,0.0880160498791,0.0,0
2018-05-27 17:27:48.649,75.53,0.0880160498791,0.0,0
2018-05-27 17:27:49.165,74.68,0.0880160498791,0.0,0
2018-05-27 17:27:49.342,74.73,0.0880160498791,0.0,0
2018-05-27 17:27:49.528,74.36,0.0880160498791,0.0,0
2018-05-27 17:27:49.621,73.34,0.0880160498791,0.0,0
2018-05-27 17:27:49.807,73.65,0.0880160498791,0.0,0
2018-05-27 17:27:49.900,73.63,0.0880160498791,0.0,0
2018-05-27 17:27:50.062,72.59,0.0880160498791,0.0,0
2018-05-27 17:27:50.155,72.48,0.0880160498791,0.0,0
2018-05-27 17:27:50.249,73.14,0.0880160498791,0.0,0
2018-05-27 17:27:50.509,72.69,0.0880160498791,0.0,0
2018-05-27 17:27:50.593,72.12,0.0880160498791,0.0,0
2018-05-27 17:27:50.686,72.5,0.0880160498791,0.0,0
2018-05-27 17:27:50.779,72.42,0.0880160498791,0.0,0
2018-05-27 17:27:51.034,72.18,0.0880160498791,0.0,0
2018-05-27 17:27:51.128,71.8,0.0880160498791,0.0,0
2018-05-27 17:27:51.397,71.49,0.0880160498791,0.0,0
2018-05-27 17:27:51.481,70.55,0.0880160498791,0.0,0
2018-05-27 17:27:51.574,70.7,0.0880160498791,0.0,0
2018-05-27 17:27:51.668,70.13,0.0880160498791,0.0,0
2018-05-27 17:27:51.854,70.71,0.0880160498791,0.0,0
2018-05-27 17:27:52.016,70.8,0.0880160498791,0.0,0
2018-05-27 17:27:52.193,70.61,0.0880160498791,0.0,0
2018-05-27 17:27:52.286,69.44,0.0880160498791,0.0,0
2018-05-27 17:27:52.369,69.74,0.0880160498791,0.0,0
2018-05-27 17:27:52.463,70.32,0.0880160498791,0.0,0
2018-05-27 17:27:52.644,70.18,0.0880160498791,0.0,0
2018-05-27 17:27:53.351,69.33,0.0880160498791,0.0,0
2018-05-27 17:27:53.435,69.26,0.0880160498791,0.0,0
2018-05-27 17:27:53.528,69.15,0.0880160498791,0.0,0
2018-05-27 17:27:53.621,67.93,0.0880160498791,0.0,0
2018-05-27 17:27:53.807,68.62,0.0880160498791,0.0,0
2018-05-27 17:27:54.155,70.45,0.0880160498791,0.0,0
2018-05-27 17:27:54.323,72.4,0.0880160498791,0.0,0
2018-05-27 17:27:54.500,72.96,0.0880160498791,0.0,0
2018-05-27 17:27:54.593,72.9,0.0880160498791,0.0,0
2018-05-27 17:27:54.687,74.03,0.0880160498791,0.0,0
2018-05-27 17:27:54.863,74.74,0.0880160498791,0.0,0
2018-05-27 17:27:55.025,74.95,0.0880160498791,0.0,0
2018-05-27 17:27:55.211,76.52,0.0880160498791,0.0,0
2018-05-27 17:27:55.397,77.11,0.0880160498791,0.0,0
2018-05-27 17:27:55.481,78.06,0.0880160498791,0.0,0
2018-05-27 17:27:55.751,80.12,0.0880160498791,0.0,0
2018-05-27 17:27:56.285,82.11,0.0880160498791,0.0,0
2018-05-27 17:27:56.649,84.21,0.0880160498791,0.0,0
2018-05-27 17:27:56.923,86.53,0.0880160498791,0.0,0
2018-05-27 17:27:57.164,86.99,0.0880160498791,0.0,0
2018-05-27 17:27:57.257,87.26,0.0880160498791,0.0,0
2018-05-27 17:27:57.434,89.39,0.0880160498791,0.0,0
2018-05-27 17:27:57.621,90.08,0.0880160498791,0.0,0
2018-05-27 17:27:57.714,90.53,0.0880160498791,0.0,0
2018-05-27 17:27:58.146,92.29,0.0880160498791,0.0,0
2018-05-27 17:27:58.229,91.52,0.0880160498791,0.0,0
2018-05-27 17:27:59.389,96.05,0.0880160498791,0.0,0
2018-05-27 17:27:59.481,95.45,0.0880160498791,0.0,0
2018-05-27 17:27:59.574,95.31,0.0880160498791,0.0,0
2018-05-27 17:27:59.844,94.41,0.0880160498791,0.0,0
2018-05-27 17:28:00.006,94.13,0.0880160498791,0.0,0
2018-05-27 17:28:00.192,93.79,0.0880160498791,0.0,0
2018-05-27 17:28:00.555,92.62,0.0880160498791,0.0,0
2018-05-27 17:28:00.923,92.06,0.0880160498791,0.0,0
2018-05-27 17:28:01.341,91.48,0.0880160498791,0.0,0
2018-05-27 17:28:01.434,90.43,0.0880160498791,0.0,0
2018-05-27 17:28:01.620,91.2,0.0880160498791,0.0,0
2018-05-27 17:28:01.807,91.63,0.0880160498791,0.0,0
2018-05-27 17:28:02.229,93.5,0.0880160498791,0.0,0
2018-05-27 17:28:02.322,93.52,0.0880160498791,0.0,0
2018-05-27 17:28:02.685,95.24,0.0880160498791,0.0,0
2018-05-27 17:28:03.406,100.74,0.0880160498791,0.0,0
2018-05-27 17:28:03.583,101.44,0.0880160498791,0.0,0
2018-05-27 17:28:03.769,101.81,0.0880160498791,0.0,0
2018-05-27 17:28:04.024,102.0,0.0880160498791,0.0,0
2018-05-27 17:28:04.117,101.71,0.0880160498791,0.0,0
2018-05-27 17:28:04.471,100.32,0.0880160498791,0.0,0
2018-05-27 17:28:04.564,99.67,0.0880160498791,0.0,0
2018-05-27 17:28:04.657,100.48,0.0880160498791,0.0,0
2018-05-27 17:28:04.844,99.79,0.0880160498791,0.0,0
2018-05-27 17:28:05.006,99.24,0.0880160498791,0.0,0
2018-05-27 17:28:05.192,97.97,0.0880160498791,0.0,0
2018-05-27 17:28:05.378,98.09,0.0880160498791,0.0,0
2018-05-27 17:28:05.565,97.56,0.0880160498791,0.0,0
2018-05-27 17:28:06.005,95.45,0.0880160498791,0.0,0
2018-05-27 17:28:06.099,95.84,0.0880160498791,0.0,0
2018-05-27 17:28:06.192,95.28,0.0880160498791,0.0,0
2018-05-27 17:28:06.285,95.05,0.0880160498791,0.0,0
2018-05-27 17:28:06.378,94.89,0.0880160498791,0.0,0
2018-05-27 17:28:06.648,93.91,0.0880160498791,0.0,0
2018-05-27 17:28:06.741,94.22,0.0880160498791,0.0,0
2018-05-27 17:28:06.834,93.75,0.0880160498791,0.0,0
2018-05-27 17:28:07.164,93.58,0.0880160498791,0.0,0
2018-05-27 17:28:07.341,92.94,0.0880160498791,0.0,0
2018-05-27 17:28:07.434,92.63,0.0880160498791,0.0,0
2018-05-27 17:28:07.527,92.23,0.0880160498791,0.0,0
2018-05-27 17:28:07.713,91.65,0.0880160498791,0.0,0
2018-05-27 17:28:08.154,90.19,0.0880160498791,0.0,0
2018-05-27 17:28:08.331,90.2,0.0880160498791,0.0,0
2018-05-27 17:28:08.508,89.89,0.0880160498791,0.0,0
2018-05-27 17:28:08.881,89.23,0.0880160498791,0.0,0
2018-05-27 17:28:09.136,88.36,0.0880160498791,0.0,0
2018-05-27 17:28:09.499,87.58,0.0880160498791,0.0,0
2018-05-27 17:28:09.592,87.27,0.0880160498791,0.0,0
2018-05-27 17:28:09.685,87.23,0.0880160498791,0.0,0
2018-05-27 17:28:09.871,85.94,0.0880160498791,0.0,0
2018-05-27 17:28:10.126,85.35,0.0880160498791,0.0,0
2018-05-27 17:28:10.303,86.11,0.0880160498791,0.0,0
2018-05-27 17:28:10.396,84.61,0.0880160498791,0.0,0
2018-05-27 17:28:10.480,85.04,0.0880160498791,0.0,0
2018-05-27 17:28:10.573,85.28,0.0880160498791,0.0,0
2018-05-27 17:28:10.666,85.24,0.0880160498791,0.0,0
2018-05-27 17:28:10.853,83.48,0.0880160498791,0.0,0
2018-05-27 17:28:11.014,83.7,0.0880160498791,0.0,0
2018-05-27 17:28:11.108,83.05,0.0880160498791,0.0,0
2018-05-27 17:28:11.202,83.94,0.0880160498791,0.0,0
2018-05-27 17:28:11.294,83.65,0.0880160498791,0.0,0
2018-05-27 17:28:11.471,82.07,0.0880160498791,0.0,0
2018-05-27 17:28:11.564,82.91,0.0880160498791,0.0,0
2018-05-27 17:28:11.657,83.04,0.0880160498791,0.0,0
2018-05-27 17:28:11.750,81.61,0.0880160498791,0.0,0
2018-05-27 17:28:11.843,81.64,0.0880160498791,0.0,0
2018-05-27 17:28:12.005,81.99,0.0880160498791,0.0,0
2018-05-27 17:28:12.191,81.56,0.0880160498791,0.0,0
2018-05-27 17:28:12.452,80.35,0.0880160498791,0.0,0
2018-05-27 17:28:12.536,80.62,0.0880160498791,0.0,0
2018-05-27 17:28:12.722,79.29,0.0880160498791,0.0,0
2018-05-27 17:28:12.815,80.09,0.0880160498791,0.0,0
2018-05-27 17:28:12.908,79.86,0.0880160498791,0.0,0
2018-05-27 17:28:13.061,79.23,0.0880160498791,0.0,0
2018-05-27 17:28:13.333,80.88,0.0880160498791,0.0,0
2018-05-27 17:28:13.424,80.77,0.0880160498791,0.0,0
2018-05-27 17:28:13.517,81.65,0.0880160498791,0.0,0
2018-05-27 17:28:13.610,82.03,0.0880160498791,0.0,0
2018-05-27 17:28:13.699,82.19,0.0880160498791,0.0,0
2018-05-27 17:28:13.880,83.23,0.0880160498791,0.0,0
2018-05-27 17:28:14.219,84.69,0.0880160498791,0.0,0
2018-05-27 17:28:14.396,85.85,0.0880160498791,0.0,0
2018-05-27 17:28:14.583,85.93,0.0880160498791,0.0,0
2018-05-27 17:28:14.759,87.46,0.0880160498791,0.0,0
2018-05-27 17:28:14.852,88.51,0.0880160498791,0.0,0
2018-05-27 17:28:15.014,88.23,0.0880160498791,0.0,0
2018-05-27 17:28:15.107,88.84,0.0880160498791,0.0,0
2018-05-27 17:28:15.294,87.16,0.0880160498791,0.0,0
2018-05-27 17:28:15.387,87.56,0.0880160498791,0.0,0
2018-05-27 17:28:15.471,86.75,0.0880160498791,0.0,0
2018-05-27 17:28:15.657,87.4,0.0880160498791,0.0,0
2018-05-27 17:28:15.750,87.23,0.0880160498791,0.0,0
2018-05-27 17:28:15.843,87.07,0.0880160498791,0.0,0
2018-05-27 17:28:16.005,85.89,0.0880160498791,0.0,0
2018-05-27 17:28:16.098,85.87,0.0880160498791,0.0,0
2018-05-27 17:28:16.284,85.94,0.0880160498791,0.0,0
2018-05-27 17:28:16.461,85.37,0.0880160498791,0.0,0
2018-05-27 17:28:16.549,84.87,0.0880160498791,0.0,0
2018-05-27 17:28:16.722,85.0,0.0880160498791,0.0,0
2018-05-27 17:28:16.815,83.55,0.0880160498791,0.0,0
2018-05-27 17:28:16.908,83.67,0.0880160498791,0.0,0
2018-05-27 17:28:17.070,83.02,0.0880160498791,0.0,0
2018-05-27 17:28:17.163,83.85,0.0880160498791,0.0,0
2018-05-27 17:28:17.340,83.29,0.0880160498791,0.0,0
2018-05-27 17:28:17.433,82.24,0.0880160498791,0.0,0
2018-05-27 17:28:17.526,82.96,0.0880160498791,0.0,0
2018-05-27 17:28:17.619,82.92,0.0880160498791,0.0,0
2018-05-27 17:28:17.712,82.2,0.0880160498791,0.0,0
2018-05-27 17:28:17.806,82.14,0.0880160498791,0.0,0
2018-05-27 17:28:17.899,82.09,0.0880160498791,0.0,0
2018-05-27 17:28:18.061,81.9,0.0880160498791,0.0,0
2018-05-27 17:28:18.154,81.43,0.0880160498791,0.0,0
2018-05-27 17:28:18.247,81.46,0.0880160498791,0.0,0
2018-05-27 17:28:18.331,81.46,0.0880160498791,0.0,0
2018-05-27 17:28:18.424,81.47,0.0880160498791,0.0,0
2018-05-27 17:28:18.517,80.42,0.0880160498791,0.0,0
2018-05-27 17:28:18.601,80.62,0.0880160498791,0.0,0
2018-05-27 17:28:18.787,79.85,0.0880160498791,0.0,0
2018-05-27 17:28:18.880,80.01,0.0880160498791,0.0,0
2018-05-27 17:28:19.042,80.4,0.0880160498791,0.0,0
2018-05-27 17:28:19.135,80.43,0.0880160498791,0.0,0
2018-05-27 17:28:19.228,80.5,0.0880160498791,0.0,0
2018-05-27 17:28:19.321,80.21,0.0880160498791,0.0,0
2018-05-27 17:28:19.405,81.72,0.0880160498791,0.0,0
2018-05-27 17:28:19.498,81.3,0.0880160498791,0.0,0
2018-05-27 17:28:19.591,82.28,0.0880160498791,0.0,0
2018-05-27 17:28:19.778,83.08,0.0880160498791,0.0,0
2018-05-27 17:28:19.871,83.93,0.0880160498791,0.0,0
2018-05-27 17:28:20.032,83.75,0.0880160498791,0.0,0
2018-05-27 17:28:20.126,84.61,0.0880160498791,0.0,0
2018-05-27 17:28:20.219,84.97,0.0880160498791,0.0,0
2018-05-27 17:28:20.312,85.95,0.0880160498791,0.0,0
2018-05-27 17:28:20.396,85.92,0.0880160498791,0.0,0
2018-05-27 17:28:20.489,86.28,0.0880160498791,0.0,0
2018-05-27 17:28:20.582,86.58,0.0880160498791,0.0,0
2018-05-27 17:28:20.675,86.5,0.0880160498791,0.0,0
2018-05-27 17:28:20.768,87.75,0.0880160498791,0.0,0
2018-05-27 17:28:20.861,88.15,0.0880160498791,0.0,0
2018-05-27 17:28:21.023,89.0,0.0880160498791,0.0,0
2018-05-27 17:28:21.116,89.07,0.0880160498791,0.0,0
2018-05-27 17:28:21.200,88.7,0.0880160498791,0.0,0
2018-05-27 17:28:21.293,89.35,0.0880160498791,0.0,0
2018-05-27 17:28:21.470,89.97,0.0880160498791,0.0,0
2018-05-27 17:28:21.564,90.64,0.0880160498791,0.0,0
2018-05-27 17:28:21.656,91.11,0.0880160498791,0.0,0
2018-05-27 17:28:21.750,92.02,0.0880160498791,0.0,0
2018-05-27 17:28:21.843,92.19,0.0880160498791,0.0,0
2018-05-27 17:28:22.004,92.38,0.0880160498791,0.0,0
2018-05-27 17:28:22.192,92.08,0.0880160498791,0.0,0
2018-05-27 17:28:22.284,91.89,0.0880160498791,0.0,0
2018-05-27 17:28:22.377,91.91,0.0880160498791,0.0,0
2018-05-27 17:28:22.563,91.07,0.0880160498791,0.0,0
2018-05-27 17:28:22.647,91.13,0.0880160498791,0.0,0
2018-05-27 17:28:22.740,90.53,0.0880160498791,0.0,0
2018-05-27 17:28:23.070,89.16,0.0880160498791,0.0,0
2018-05-27 17:28:23.248,89.48,0.0880160498791,0.0,0
2018-05-27 17:28:23.340,89.51,0.0880160498791,0.0,0
2018-05-27 17:28:23.433,88.62,0.0880160498791,0.0,0
2018-05-27 17:28:23.619,87.94,0.0880160498791,0.0,0
2018-05-27 17:28:23.703,87.97,0.0880160498791,0.0,0
2018-05-27 17:28:23.796,87.59,0.0880160498791,0.0,0
2018-05-27 17:28:23.880,87.83,0.0880160498791,0.0,0
2018-05-27 17:28:24.042,87.96,0.0880160498791,0.0,0
2018-05-27 17:28:24.135,87.46,0.0880160498791,0.0,0
2018-05-27 17:28:24.228,86.5,0.0880160498791,0.0,0
2018-05-27 17:28:24.321,86.29,0.0880160498791,0.0,0
2018-05-27 17:28:24.414,86.37,0.0880160498791,0.0,0
2018-05-27 17:28:24.675,85.77,0.0880160498791,0.0,0
2018-05-27 17:28:24.768,85.46,0.0880160498791,0.0,0
2018-05-27 17:28:25.023,85.48,0.0880160498791,0.0,0
2018-05-27 17:28:25.116,85.08,0.0880160498791,0.0,0
2018-05-27 17:28:25.209,85.34,0.0880160498791,0.0,0
2018-05-27 17:28:25.302,84.13,0.0880160498791,0.0,0
2018-05-27 17:28:25.387,84.1,0.0880160498791,0.0,0
2018-05-27 17:28:25.479,84.96,0.0880160498791,0.0,0
2018-05-27 17:28:25.572,84.35,0.0880160498791,0.0,0
2018-05-27 17:28:25.666,83.02,0.0880160498791,0.0,0
2018-05-27 17:28:25.759,83.64,0.0880160498791,0.0,0
2018-05-27 17:28:25.852,82.55,0.0880160498791,0.0,0
2018-05-27 17:28:26.014,83.29,0.0880160498791,0.0,0
2018-05-27 17:28:26.107,83.31,0.0880160498791,0.0,0
2018-05-27 17:28:26.200,81.88,0.0880160498791,0.0,0
2018-05-27 17:28:26.377,82.91,0.0880160498791,0.0,0
2018-05-27 17:28:26.470,82.56,0.0880160498791,0.0,0
2018-05-27 17:28:26.563,81.73,0.0880160498791,0.0,0
2018-05-27 17:28:26.656,82.4,0.0880160498791,0.0,0
2018-05-27 17:28:26.749,82.49,0.0880160498791,0.0,0
2018-05-27 17:28:26.842,82.62,0.0880160498791,0.0,0
2018-05-27 17:28:27.004,82.9,0.0880160498791,0.0,0
2018-05-27 17:28:27.097,83.02,0.0880160498791,0.0,0
2018-05-27 17:28:27.190,82.38,0.0880160498791,0.0,0
2018-05-27 17:28:27.367,83.76,0.0880160498791,0.0,0
2018-05-27 17:28:27.460,83.87,0.0880160498791,0.0,0
2018-05-27 17:28:27.647,85.0,0.0880160498791,0.0,0
2018-05-27 17:28:27.921,85.67,0.0880160498791,0.0,0
2018-05-27 17:28:28.079,85.78,0.0880160498791,0.0,0
2018-05-27 17:28:28.432,87.47,0.0880160498791,0.0,0
2018-05-27 17:28:28.526,88.31,0.0880160498791,0.0,0
2018-05-27 17:28:28.796,89.64,0.0880160498791,0.0,0
2018-05-27 17:28:29.228,90.59,0.0880160498791,0.0,0
2018-05-27 17:28:29.321,90.57,0.0880160498791,0.0,0
2018-05-27 17:28:29.498,90.27,0.0880160498791,0.0,0
2018-05-27 17:28:29.777,89.66,0.0880160498791,0.0,0
2018-05-27 17:28:29.861,88.83,0.0880160498791,0.0,0
2018-05-27 17:28:30.209,88.39,0.0880160498791,0.0,0
2018-05-27 17:28:30.302,88.27,0.0880160498791,0.0,0
2018-05-27 17:28:30.395,87.22,0.0880160498791,0.0,0
2018-05-27 17:28:30.479,87.91,0.0880160498791,0.0,0
2018-05-27 17:28:30.572,87.79,0.0880160498791,0.0,0
2018-05-27 17:28:30.665,87.62,0.0880160498791,0.0,0
2018-05-27 17:28:30.749,86.66,0.0880160498791,0.0,0
2018-05-27 17:28:30.842,86.31,0.0880160498791,0.0,0
2018-05-27 17:28:31.004,86.83,0.0880160498791,0.0,0
2018-05-27 17:28:31.097,86.96,0.0880160498791,0.0,0
2018-05-27 17:28:31.190,86.09,0.0880160498791,0.0,0
2018-05-27 17:28:31.376,85.19,0.0880160498791,0.0,0
2018-05-27 17:28:31.460,84.75,0.0880160498791,0.0,0
2018-05-27 17:28:31.642,85.48,0.0880160498791,0.0,0
2018-05-27 17:28:31.730,84.12,0.0880160498791,0.0,0
2018-05-27 17:28:31.814,83.94,0.0880160498791,0.0,0
2018-05-27 17:28:31.907,84.68,0.0880160498791,0.0,0
2018-05-27 17:28:32.069,84.46,0.0880160498791,0.0,0
2018-05-27 17:28:32.162,83.88,0.0880160498791,0.0,0
2018-05-27 17:28:32.348,82.66,0.0880160498791,0.0,0
2018-05-27 17:28:32.525,83.2,0.0880160498791,0.0,0
2018-05-27 17:28:32.619,82.93,0.0880160498791,0.0,0
2018-05-27 17:28:32.712,81.78,0.0880160498791,0.0,0
2018-05-27 17:28:32.898,82.61,0.0880160498791,0.0,0
2018-05-27 17:28:33.060,81.52,0.0880160498791,0.0,0
2018-05-27 17:28:33.246,81.99,0.0880160498791,0.0,0
2018-05-27 17:28:33.330,81.82,0.0880160498791,0.0,0
2018-05-27 17:28:33.507,81.21,0.0880160498791,0.0,0
2018-05-27 17:28:33.600,80.88,0.0880160498791,0.0,0
2018-05-27 17:28:33.786,80.4,0.0880160498791,0.0,0
2018-05-27 17:28:33.879,80.94,0.0880160498791,0.0,0
2018-05-27 17:28:34.134,79.81,0.0880160498791,0.0,0
2018-05-27 17:28:34.227,79.68,0.0880160498791,0.0,0
2018-05-27 17:28:34.320,79.37,0.0880160498791,0.0,0
2018-05-27 17:28:34.404,79.02,0.0880160498791,0.0,0
2018-05-27 17:28:34.497,79.3,0.0880160498791,0.0,0
2018-05-27 17:28:34.684,78.11,0.0880160498791,0.0,0
2018-05-27 17:28:34.870,78.22,0.0880160498791,0.0,0
2018-05-27 17:28:35.032,77.89,0.0880160498791,0.0,0
2018-05-27 17:28:35.218,77.88,0.0880160498791,0.0,0
2018-05-27 17:28:35.311,76.56,0.0880160498791,0.0,0
2018-05-27 17:28:35.488,77.21,0.0880160498791,0.0,0
2018-05-27 17:28:35.581,76.19,0.0880160498791,0.0,0
2018-05-27 17:28:35.674,76.41,0.0880160498791,0.0,0
2018-05-27 17:28:35.767,76.68,0.0880160498791,0.0,0
2018-05-27 17:28:35.860,75.59,0.0880160498791,0.0,0
2018-05-27 17:28:36.115,74.88,0.0880160498791,0.0,0
2018-05-27 17:28:36.385,74.96,0.0880160498791,0.0,0
2018-05-27 17:28:36.479,74.99,0.0880160498791,0.0,0
2018-05-27 17:28:36.572,74.09,0.0880160498791,0.0,0
2018-05-27 17:28:36.665,74.35,0.0880160498791,0.0,0
2018-05-27 17:28:36.751,73.4,0.0880160498791,0.0,0
2018-05-27 17:28:36.842,73.31,0.0880160498791,0.0,0
2018-05-27 17:28:37.004,74.35,0.0880160498791,0.0,0
2018-05-27 17:28:37.098,73.15,0.0880160498791,0.0,0
2018-05-27 17:28:37.283,72.97,0.0880160498791,0.0,0
2018-05-27 17:28:37.563,72.28,0.0880160498791,0.0,0
2018-05-27 17:28:37.929,71.8,0.0880160498791,0.0,0
2018-05-27 17:28:38.180,70.85,0.0880160498791,0.0,0
2018-05-27 17:28:38.367,70.69,0.0880160498791,0.0,0
2018-05-27 17:28:38.460,71.21,0.0880160498791,0.0,0
2018-05-27 17:28:38.553,70.0,0.0880160498791,0.0,0
2018-05-27 17:28:38.823,69.87,0.0880160498791,0.0,0
2018-05-27 17:28:38.908,69.46,0.0880160498791,0.0,0
2018-05-27 17:28:39.343,69.14,0.0880160498791,0.0,0
2018-05-27 17:28:39.423,68.65,0.0880160498791,0.0,0
2018-05-27 17:28:39.516,68.55,0.0880160498791,0.0,0
2018-05-27 17:28:39.609,67.88,0.0880160498791,0.0,0
2018-05-27 17:28:39.693,68.43,0.0880160498791,0.0,0
2018-05-27 17:28:39.870,67.59,0.0880160498791,0.0,0
2018-05-27 17:28:40.031,67.76,0.0880160498791,0.0,0
2018-05-27 17:28:40.218,67.18,0.0880160498791,0.0,0
2018-05-27 17:28:40.395,66.64,0.0880160498791,0.0,0
2018-05-27 17:28:40.488,66.78,0.0880160498791,0.0,0
2018-05-27 17:28:40.581,66.47,0.0880160498791,0.0,0
2018-05-27 17:28:40.758,65.5,0.0880160498791,0.0,0
2018-05-27 17:28:41.106,65.68,0.0880160498791,0.0,0
2018-05-27 17:28:41.199,65.37,0.0880160498791,0.0,0
2018-05-27 17:28:41.469,65.02,0.0880160498791,0.0,0
2018-05-27 17:28:41.739,65.84,0.0880160498791,0.0,0
2018-05-27 17:28:41.832,65.15,0.0880160498791,0.0,0
2018-05-27 17:28:42.078,66.37,0.0880160498791,0.0,0
2018-05-27 17:28:42.339,67.39,0.0880160498791,0.0,0
2018-05-27 17:28:42.525,68.02,0.0880160498791,0.0,0
2018-05-27 17:28:42.897,70.27,0.0880160498791,0.0,0
2018-05-27 17:28:43.059,70.09,0.0880160498791,0.0,0
2018-05-27 17:28:43.515,72.18,0.0880160498791,0.0,0
2018-05-27 17:28:43.785,71.09,0.0880160498791,0.0,0
2018-05-27 17:28:43.879,71.24,0.0880160498791,0.0,0
2018-05-27 17:28:44.134,71.0,0.0880160498791,0.0,0
2018-05-27 17:28:44.217,70.37,0.0880160498791,0.0,0
2018-05-27 17:28:44.404,70.05,0.0880160498791,0.0,0
2018-05-27 17:28:44.487,70.25,0.0880160498791,0.0,0
2018-05-27 17:28:44.674,70.0,0.0880160498791,0.0,0
2018-05-27 17:28:44.767,69.65,0.0880160498791,0.0,0
2018-05-27 17:28:45.199,68.65,0.0880160498791,0.0,0
2018-05-27 17:28:45.376,68.38,0.0880160498791,0.0,0
2018-05-27 17:28:45.469,67.92,0.0880160498791,0.0,0
2018-05-27 17:28:45.655,67.75,0.0880160498791,0.0,0
2018-05-27 17:28:45.925,67.06,0.0880160498791,0.0,0
2018-05-27 17:28:46.078,67.38,0.0880160498791,0.0,0
2018-05-27 17:28:46.348,65.71,0.0880160498791,0.0,0
2018-05-27 17:28:46.525,66.54,0.0880160498791,0.0,0
2018-05-27 17:28:46.795,67.03,0.0880160498791,0.0,0
2018-05-27 17:28:46.878,66.58,0.0880160498791,0.0,0
2018-05-27 17:28:47.133,67.65,0.0880160498791,0.0,0
2018-05-27 17:28:47.413,69.17,0.0880160498791,0.0,0
2018-05-27 17:28:47.590,69.61,0.0880160498791,0.0,0
2018-05-27 17:28:47.683,70.45,0.0880160498791,0.0,0
2018-05-27 17:28:47.776,70.4,0.0880160498791,0.0,0
2018-05-27 17:28:48.124,72.31,0.0880160498791,0.0,0
2018-05-27 17:28:48.217,73.67,0.0880160498791,0.0,0
2018-05-27 17:28:48.394,74.54,0.0880160498791,0.0,0
2018-05-27 17:28:48.580,76.09,0.0880160498791,0.0,0
2018-05-27 17:28:48.673,76.14,0.0880160498791,0.0,0
2018-05-27 17:28:48.767,76.77,0.0880160498791,0.0,0
2018-05-27 17:28:48.860,77.58,0.0880160498791,0.0,0
2018-05-27 17:28:49.021,78.65,0.0880160498791,0.0,0
2018-05-27 17:28:49.115,78.94,0.0880160498791,0.0,0
2018-05-27 17:28:49.208,79.62,0.0880160498791,0.0,0
2018-05-27 17:28:49.301,80.3,0.0880160498791,0.0,0
2018-05-27 17:28:49.385,80.93,0.0880160498791,0.0,0
2018-05-27 17:28:49.478,80.81,0.0880160498791,0.0,0
2018-05-27 17:28:49.571,83.0,0.0880160498791,0.0,0
2018-05-27 17:28:49.664,83.05,0.0880160498791,0.0,0
2018-05-27 17:28:49.757,83.32,0.0880160498791,0.0,0
2018-05-27 17:28:49.850,84.02,0.0880160498791,0.0,0
2018-05-27 17:28:50.012,84.35,0.0880160498791,0.0,0
2018-05-27 17:28:50.105,86.06,0.0880160498791,0.0,0
2018-05-27 17:28:50.198,86.46,0.0880160498791,0.0,0
2018-05-27 17:28:50.292,87.54,0.0880160498791,0.0,0
2018-05-27 17:28:50.375,87.54,0.0880160498791,0.0,0
2018-05-27 17:28:50.469,88.03,0.0880160498791,0.0,0
2018-05-27 17:28:50.562,88.65,0.0880160498791,0.0,0
2018-05-27 17:28:50.655,88.86,0.0880160498791,0.0,0
2018-05-27 17:28:50.748,90.4,0.0880160498791,0.0,0
2018-05-27 17:28:50.841,91.35,0.0880160498791,0.0,0
2018-05-27 17:28:51.003,91.73,0.0880160498791,0.0,0
2018-05-27 17:28:51.096,92.39,0.0880160498791,0.0,0
2018-05-27 17:28:51.189,92.96,0.0880160498791,0.0,0
2018-05-27 17:28:51.282,93.63,0.0880160498791,0.0,0
2018-05-27 17:28:51.375,93.91,0.0880160498791,0.0,0
2018-05-27 17:28:51.459,93.54,0.0880160498791,0.0,0
2018-05-27 17:28:51.552,93.24,0.0880160498791,0.0,0
2018-05-27 17:28:51.645,92.92,0.0880160498791,0.0,0
2018-05-27 17:28:51.738,92.56,0.0880160498791,0.0,0
2018-05-27 17:28:51.832,92.22,0.0880160498791,0.0,0
2018-05-27 17:28:52.077,91.29,0.0880160498791,0.0,0
2018-05-27 17:28:52.254,90.73,0.0880160498791,0.0,0
2018-05-27 17:28:52.347,90.38,0.0880160498791,0.0,0
2018-05-27 17:28:52.431,90.58,0.0880160498791,0.0,0
2018-05-27 17:28:52.524,90.2,0.0880160498791,0.0,0
2018-05-27 17:28:52.617,90.1,0.0880160498791,0.0,0
2018-05-27 17:28:52.710,90.07,0.0880160498791,0.0,0
2018-05-27 17:28:52.897,89.29,0.0880160498791,0.0,0
2018-05-27 17:28:53.059,88.44,0.0880160498791,0.0,0
2018-05-27 17:28:53.152,89.08,0.0880160498791,0.0,0
2018-05-27 17:28:53.235,88.87,0.0880160498791,0.0,0
2018-05-27 17:28:53.329,89.22,0.0880160498791,0.0,0
2018-05-27 17:28:53.412,89.7,0.0880160498791,0.0,0
2018-05-27 17:28:53.599,90.15,0.0880160498791,0.0,0
2018-05-27 17:28:53.785,91.39,0.0880160498791,0.0,0
2018-05-27 17:28:53.869,90.55,0.0880160498791,0.0,0
2018-05-27 17:28:54.124,91.82,0.0880160498791,0.0,0
2018-05-27 17:28:54.217,92.5,0.0880160498791,0.0,0
2018-05-27 17:28:54.310,92.94,0.0880160498791,0.0,0
2018-05-27 17:28:54.403,92.87,0.0880160498791,0.0,0
2018-05-27 17:28:54.664,95.38,0.0880160498791,0.0,0
2018-05-27 17:28:54.757,96.03,0.0880160498791,0.0,0
2018-05-27 17:28:55.012,97.3,0.0880160498791,0.0,0
2018-05-27 17:28:55.105,98.31,0.0880160498791,0.0,0
2018-05-27 17:28:55.291,100.51,0.0880160498791,0.0,0
2018-05-27 17:28:55.384,100.85,0.0880160498791,0.0,0
2018-05-27 17:28:55.478,101.14,0.0880160498791,0.0,0
2018-05-27 17:28:55.561,101.51,0.0880160498791,0.0,0
2018-05-27 17:28:55.654,102.29,0.0880160498791,0.0,0
2018-05-27 17:28:55.748,103.71,0.0880160498791,0.0,0
2018-05-27 17:28:55.841,104.08,0.0880160498791,0.0,0
2018-05-27 17:28:56.003,103.98,0.0880160498791,0.0,0
2018-05-27 17:28:56.189,106.14,0.0880160498791,0.0,0
2018-05-27 17:28:56.367,107.08,0.0880160498791,0.0,0
2018-05-27 17:28:57.161,105.62,0.0880160498791,0.0,0
2018-05-27 17:28:57.245,105.41,0.0880160498791,0.0,0
2018-05-27 17:28:57.329,105.56,0.0880160498791,0.0,0
2018-05-27 17:28:57.422,103.94,0.0880160498791,0.0,0
2018-05-27 17:28:57.598,104.29,0.0880160498791,0.0,0
2018-05-27 17:28:57.692,104.02,0.0880160498791,0.0,0
2018-05-27 17:28:57.785,102.89,0.0880160498791,0.0,0
2018-05-27 17:28:58.403,100.81,0.0880160498791,0.0,0
2018-05-27 17:28:58.757,98.91,0.0880160498791,0.0,0
2018-05-27 17:28:59.012,99.27,0.0880160498791,0.0,0
2018-05-27 17:28:59.291,97.91,0.0880160498791,0.0,0
2018-05-27 17:28:59.384,97.01,0.0880160498791,0.0,0
2018-05-27 17:28:59.664,96.16,0.0880160498791,0.0,0
2018-05-27 17:28:59.841,95.99,0.0880160498791,0.0,0
2018-05-27 17:29:00.002,95.55,0.0880160498791,0.0,0
2018-05-27 17:29:00.189,95.79,0.0880160498791,0.0,0
2018-05-27 17:29:00.282,94.98,0.0880160498791,0.0,0
2018-05-27 17:29:00.454,94.24,0.0880160498791,0.0,0
2018-05-27 17:29:00.645,94.3,0.0880160498791,0.0,0
2018-05-27 17:29:00.831,92.99,0.0880160498791,0.0,0
2018-05-27 17:29:01.077,92.42,0.0880160498791,0.0,0
2018-05-27 17:29:01.161,92.28,0.0880160498791,0.0,0
2018-05-27 17:29:01.343,93.06,0.0880160498791,0.0,0
2018-05-27 17:29:01.431,92.6,0.0880160498791,0.0,0
2018-05-27 17:29:01.524,92.57,0.0880160498791,0.0,0
2018-05-27 17:29:01.617,92.65,0.0880160498791,0.0,0
2018-05-27 17:29:01.702,93.91,0.0880160498791,0.0,0
2018-05-27 17:29:01.794,93.67,0.0880160498791,0.0,0
2018-05-27 17:29:01.887,93.62,0.0880160498791,0.0,0
2018-05-27 17:29:02.049,93.78,0.0880160498791,0.0,0
2018-05-27 17:29:02.133,93.53,0.0880160498791,0.0,0
2018-05-27 17:29:02.226,93.8,0.0880160498791,0.0,0
2018-05-27 17:29:02.319,94.06,0.0880160498791,0.0,0
2018-05-27 17:29:02.496,94.0,0.0880160498791,0.0,0
2018-05-27 17:29:02.580,93.29,0.0880160498791,0.0,0
2018-05-27 17:29:02.673,92.51,0.0880160498791,0.0,0
2018-05-27 17:29:02.766,92.22,0.0880160498791,0.0,0
2018-05-27 17:29:02.859,91.85,0.0880160498791,0.0,0
2018-05-27 17:29:03.021,91.5,0.0880160498791,0.0,0
2018-05-27 17:29:03.114,91.27,0.0880160498791,0.0,0
2018-05-27 17:29:03.487,90.48,0.0880160498791,0.0,0
2018-05-27 17:29:03.571,90.57,0.0880160498791,0.0,0
2018-05-27 17:29:03.664,89.55,0.0880160498791,0.0,0
2018-05-27 17:29:03.850,90.15,0.0880160498791,0.0,0
2018-05-27 17:29:04.012,89.72,0.0880160498791,0.0,0
2018-05-27 17:29:04.105,89.78,0.0880160498791,0.0,0
2018-05-27 17:29:04.198,89.49,0.0880160498791,0.0,0
2018-05-27 17:29:04.468,88.14,0.0880160498791,0.0,0
2018-05-27 17:29:04.561,87.89,0.0880160498791,0.0,0
2018-05-27 17:29:04.654,88.19,0.0880160498791,0.0,0
2018-05-27 17:29:04.748,87.7,0.0880160498791,0.0,0
2018-05-27 17:29:04.841,88.9,0.0880160498791,0.0,0
2018-05-27 17:29:05.002,88.97,0.0880160498791,0.0,0
2018-05-27 17:29:05.096,89.28,0.0880160498791,0.0,0
2018-05-27 17:29:05.282,89.79,0.0880160498791,0.0,0
2018-05-27 17:29:05.366,88.99,0.0880160498791,0.0,0
2018-05-27 17:29:05.459,89.66,0.0880160498791,0.0,0
2018-05-27 17:29:05.552,89.47,0.0880160498791,0.0,0
2018-05-27 17:29:05.738,89.97,0.0880160498791,0.0,0
2018-05-27 17:29:05.831,89.81,0.0880160498791,0.0,0
2018-05-27 17:29:06.077,91.79,0.0880160498791,0.0,0
2018-05-27 17:29:06.161,91.42,0.0880160498791,0.0,0
2018-05-27 17:29:06.254,92.74,0.0880160498791,0.0,0
2018-05-27 17:29:06.338,92.37,0.0880160498791,0.0,0
2018-05-27 17:29:06.617,94.15,0.0880160498791,0.0,0
2018-05-27 17:29:06.804,96.67,0.0880160498791,0.0,0
2018-05-27 17:29:07.058,97.58,0.0880160498791,0.0,0
2018-05-27 17:29:07.152,98.96,0.0880160498791,0.0,0
2018-05-27 17:29:07.329,100.04,0.0880160498791,0.0,0
2018-05-27 17:29:07.422,99.55,0.0880160498791,0.0,0
2018-05-27 17:29:07.515,100.78,0.0880160498791,0.0,0
2018-05-27 17:29:07.701,102.12,0.0880160498791,0.0,0
2018-05-27 17:29:07.878,102.98,0.0880160498791,0.0,0
2018-05-27 17:29:08.133,101.16,0.0880160498791,0.0,0
2018-05-27 17:29:08.217,101.07,0.0880160498791,0.0,0
2018-05-27 17:29:08.403,101.36,0.0880160498791,0.0,0
2018-05-27 17:29:08.487,100.7,0.0880160498791,0.0,0
2018-05-27 17:29:08.580,100.76,0.0880160498791,0.0,0
2018-05-27 17:29:08.673,100.86,0.0880160498791,0.0,0
2018-05-27 17:29:08.766,99.96,0.0880160498791,0.0,0
2018-05-27 17:29:08.859,99.32,0.0880160498791,0.0,0
2018-05-27 17:29:09.114,98.25,0.0880160498791,0.0,0
2018-05-27 17:29:09.198,98.39,0.0880160498791,0.0,0
2018-05-27 17:29:09.291,97.21,0.0880160498791,0.0,0
2018-05-27 17:29:09.375,97.56,0.0880160498791,0.0,0
2018-05-27 17:29:09.561,97.12,0.0880160498791,0.0,0
2018-05-27 17:29:09.654,97.45,0.0880160498791,0.0,0
2018-05-27 17:29:09.748,96.93,0.0880160498791,0.0,0
2018-05-27 17:29:10.003,96.35,0.0880160498791,0.0,0
2018-05-27 17:29:10.086,96.27,0.0880160498791,0.0,0
2018-05-27 17:29:10.179,96.03,0.0880160498791,0.0,0
2018-05-27 17:29:10.273,95.35,0.0880160498791,0.0,0
2018-05-27 17:29:10.366,95.27,0.0880160498791,0.0,0
2018-05-27 17:29:10.450,95.28,0.0880160498791,0.0,0
2018-05-27 17:29:10.627,94.45,0.0880160498791,0.0,0
2018-05-27 17:29:10.804,94.15,0.0880160498791,0.0,0
2018-05-27 17:29:10.897,93.76,0.0880160498791,0.0,0
2018-05-27 17:29:11.058,93.54,0.0880160498791,0.0,0
2018-05-27 17:29:11.245,92.86,0.0880160498791,0.0,0
2018-05-27 17:29:11.329,92.73,0.0880160498791,0.0,0
2018-05-27 17:29:11.422,92.85,0.0880160498791,0.0,0
2018-05-27 17:29:11.506,93.2,0.0880160498791,0.0,0
2018-05-27 17:29:11.599,93.35,0.0880160498791,0.0,0
2018-05-27 17:29:11.692,93.9,0.0880160498791,0.0,0
2018-05-27 17:29:11.785,94.5,0.0880160498791,0.0,0
2018-05-27 17:29:11.878,94.71,0.0880160498791,0.0,0
2018-05-27 17:29:12.133,96.1,0.0880160498791,0.0,0
2018-05-27 17:29:12.226,97.03,0.0880160498791,0.0,0
2018-05-27 17:29:12.412,97.92,0.0880160498791,0.0,0
2018-05-27 17:29:12.496,98.94,0.0880160498791,0.0,0
2018-05-27 17:29:12.673,99.83,0.0880160498791,0.0,0
2018-05-27 17:29:12.766,100.74,0.0880160498791,0.0,0
2018-05-27 17:29:12.859,100.43,0.0880160498791,0.0,0
2018-05-27 17:29:13.114,101.7,0.0880160498791,0.0,0
2018-05-27 17:29:13.207,103.72,0.0880160498791,0.0,0
2018-05-27 17:29:13.487,104.38,0.0880160498791,0.0,0
2018-05-27 17:29:13.580,106.35,0.0880160498791,0.0,0
2018-05-27 17:29:13.673,106.03,0.0880160498791,0.0,0
2018-05-27 17:29:13.766,107.17,0.0880160498791,0.0,0
2018-05-27 17:29:14.012,109.22,0.0880160498791,0.0,0
2018-05-27 17:29:14.105,109.54,0.0880160498791,0.0,0
2018-05-27 17:29:14.189,109.9,0.0880160498791,0.0,0
2018-05-27 17:29:14.375,109.93,0.0880160498791,0.0,0
2018-05-27 17:29:14.459,110.36,0.0880160498791,0.0,0
2018-05-27 17:29:14.640,110.05,0.0880160498791,0.0,0
2018-05-27 17:29:14.729,108.82,0.0880160498791,0.0,0
2018-05-27 17:29:14.813,108.89,0.0880160498791,0.0,0
2018-05-27 17:29:14.906,108.44,0.0880160498791,0.0,0
2018-05-27 17:29:15.068,108.66,0.0880160498791,0.0,0
2018-05-27 17:29:15.161,107.81,0.0880160498791,0.0,0
2018-05-27 17:29:15.254,107.86,0.0880160498791,0.0,0
2018-05-27 17:29:15.338,107.73,0.0880160498791,0.0,0
2018-05-27 17:29:15.431,106.78,0.0880160498791,0.0,0
2018-05-27 17:29:15.524,106.64,0.0880160498791,0.0,0
2018-05-27 17:29:15.608,106.0,0.0880160498791,0.0,0
2018-05-27 17:29:15.785,106.01,0.0880160498791,0.0,0
2018-05-27 17:29:15.878,105.17,0.0880160498791,0.0,0
2018-05-27 17:29:16.040,105.27,0.0880160498791,0.0,0
2018-05-27 17:29:16.133,105.37,0.0880160498791,0.0,0
2018-05-27 17:29:16.310,104.62,0.0880160498791,0.0,0
2018-05-27 17:29:16.487,103.02,0.0880160498791,0.0,0
2018-05-27 17:29:16.580,102.91,0.0880160498791,0.0,0
2018-05-27 17:29:16.860,102.05,0.0880160498791,0.0,0
2018-05-27 17:29:17.022,101.7,0.0880160498791,0.0,0
2018-05-27 17:29:17.106,101.58,0.0880160498791,0.0,0
2018-05-27 17:29:17.198,101.06,0.0880160498791,0.0,0
2018-05-27 17:29:17.291,100.82,0.0880160498791,0.0,0
2018-05-27 17:29:17.384,101.13,0.0880160498791,0.0,0
2018-05-27 17:29:17.469,100.7,0.0880160498791,0.0,0
2018-05-27 17:29:17.561,100.7,0.0880160498791,0.0,0
2018-05-27 17:29:17.738,99.99,0.0880160498791,0.0,0
2018-05-27 17:29:17.831,99.38,0.0880160498791,0.0,0
2018-05-27 17:29:17.920,98.52,0.0880160498791,0.0,0
2018-05-27 17:29:18.077,98.46,0.0880160498791,0.0,0
2018-05-27 17:29:18.161,98.45,0.0880160498791,0.0,0
2018-05-27 17:29:18.254,97.9,0.0880160498791,0.0,0
2018-05-27 17:29:18.338,98.23,0.0880160498791,0.0,0
2018-05-27 17:29:18.431,97.45,0.0880160498791,0.0,0
2018-05-27 17:29:18.524,96.84,0.0880160498791,0.0,0
2018-05-27 17:29:18.617,97.19,0.0880160498791,0.0,0
2018-05-27 17:29:18.710,96.54,0.0880160498791,0.0,0
2018-05-27 17:29:19.058,96.47,0.0880160498791,0.0,0
2018-05-27 17:29:19.152,95.83,0.0880160498791,0.0,0
2018-05-27 17:29:19.329,95.54,0.0880160498791,0.0,0
2018-05-27 17:29:19.422,95.57,0.0880160498791,0.0,0
2018-05-27 17:29:19.692,94.12,0.0880160498791,0.0,0
2018-05-27 17:29:19.878,93.86,0.0880160498791,0.0,0
2018-05-27 17:29:20.040,93.72,0.0880160498791,0.0,0
2018-05-27 17:29:20.133,93.47,0.0880160498791,0.0,0
2018-05-27 17:29:20.226,93.12,0.0880160498791,0.0,0
2018-05-27 17:29:20.310,92.37,0.0880160498791,0.0,0
2018-05-27 17:29:20.403,92.01,0.0880160498791,0.0,0
2018-05-27 17:29:20.581,90.92,0.0880160498791,0.0,0
2018-05-27 17:29:20.673,90.96,0.0880160498791,0.0,0
2018-05-27 17:29:20.859,90.24,0.0880160498791,0.0,0
2018-05-27 17:29:21.198,89.79,0.0880160498791,0.0,0
2018-05-27 17:29:21.291,89.87,0.0880160498791,0.0,0
2018-05-27 17:29:21.561,88.33,0.0880160498791,0.0,0
2018-05-27 17:29:21.655,88.33,0.0880160498791,0.0,0
2018-05-27 17:29:21.748,87.82,0.0880160498791,0.0,0
2018-05-27 17:29:22.003,87.02,0.0880160498791,0.0,0
2018-05-27 17:29:22.087,87.51,0.0880160498791,0.0,0
2018-05-27 17:29:22.180,87.62,0.0880160498791,0.0,0
2018-05-27 17:29:22.273,87.06,0.0880160498791,0.0,0
2018-05-27 17:29:22.627,85.71,0.0880160498791,0.0,0
2018-05-27 17:29:22.720,85.58,0.0880160498791,0.0,0
2018-05-27 17:29:22.813,85.39,0.0880160498791,0.0,0
2018-05-27 17:29:22.897,85.56,0.0880160498791,0.0,0
2018-05-27 17:29:23.059,85.2,0.0880160498791,0.0,0
2018-05-27 17:29:23.152,85.15,0.0880160498791,0.0,0
2018-05-27 17:29:23.245,83.65,0.0880160498791,0.0,0
2018-05-27 17:29:23.339,83.67,0.0880160498791,0.0,0
2018-05-27 17:29:23.599,83.17,0.0880160498791,0.0,0
2018-05-27 17:29:23.785,82.83,0.0880160498791,0.0,0
2018-05-27 17:29:24.310,81.2,0.0880160498791,0.0,0
2018-05-27 17:29:24.403,81.05,0.0880160498791,0.0,0
2018-05-27 17:29:24.487,80.76,0.0880160498791,0.0,0
2018-05-27 17:29:24.580,81.05,0.0880160498791,0.0,0
2018-05-27 17:29:24.766,80.1,0.0880160498791,0.0,0
2018-05-27 17:29:24.860,80.16,0.0880160498791,0.0,0
2018-05-27 17:29:25.115,79.41,0.0880160498791,0.0,0
2018-05-27 17:29:25.375,78.9,0.0880160498791,0.0,0
2018-05-27 17:29:25.468,78.75,0.0880160498791,0.0,0
2018-05-27 17:29:25.655,78.12,0.0880160498791,0.0,0
2018-05-27 17:29:25.748,78.45,0.0880160498791,0.0,0
2018-05-27 17:29:26.003,76.97,0.0880160498791,0.0,0
2018-05-27 17:29:26.180,76.57,0.0880160498791,0.0,0
2018-05-27 17:29:26.366,76.78,0.0880160498791,0.0,0
2018-05-27 17:29:26.450,76.51,0.0880160498791,0.0,0
2018-05-27 17:29:26.534,76.54,0.0880160498791,0.0,0
2018-05-27 17:29:27.059,75.34,0.0880160498791,0.0,0
2018-05-27 17:29:27.329,75.79,0.0880160498791,0.0,0
2018-05-27 17:29:27.422,76.5,0.0880160498791,0.0,0
2018-05-27 17:29:27.599,77.42,0.0880160498791,0.0,0
2018-05-27 17:29:27.692,77.85,0.0880160498791,0.0,0
2018-05-27 17:29:27.785,78.46,0.0880160498791,0.0,0
2018-05-27 17:29:27.878,78.27,0.0880160498791,0.0,0
2018-05-27 17:29:28.133,80.22,0.0880160498791,0.0,0
2018-05-27 17:29:28.403,81.65,0.0880160498791,0.0,0
2018-05-27 17:29:28.496,82.5,0.0880160498791,0.0,0
2018-05-27 17:29:28.673,83.95,0.0880160498791,0.0,0
2018-05-27 17:29:28.860,85.53,0.0880160498791,0.0,0
2018-05-27 17:29:29.021,84.82,0.0880160498791,0.0,0
2018-05-27 17:29:29.385,85.09,0.0880160498791,0.0,0
2018-05-27 17:29:29.478,83.86,0.0880160498791,0.0,0
2018-05-27 17:29:29.571,84.19,0.0880160498791,0.0,0
2018-05-27 17:29:29.664,83.89,0.0880160498791,0.0,0
2018-05-27 17:29:29.757,83.91,0.0880160498791,0.0,0
2018-05-27 17:29:29.850,83.06,0.0880160498791,0.0,0
2018-05-27 17:29:30.012,82.75,0.0880160498791,0.0,0
2018-05-27 17:29:30.105,82.65,0.0880160498791,0.0,0
2018-05-27 17:29:30.198,83.01,0.0880160498791,0.0,0
2018-05-27 17:29:30.375,82.07,0.0880160498791,0.0,0
2018-05-27 17:29:30.468,81.69,0.0880160498791,0.0,0
2018-05-27 17:29:30.562,81.84,0.0880160498791,0.0,0
2018-05-27 17:29:30.841,80.82,0.0880160498791,0.0,0
2018-05-27 17:29:31.096,80.76,0.0880160498791,0.0,0
2018-05-27 17:29:31.282,79.08,0.0880160498791,0.0,0
2018-05-27 17:29:31.368,80.1,0.0880160498791,0.0,0
2018-05-27 17:29:31.552,78.48,0.0880160498791,0.0,0
2018-05-27 17:29:31.645,79.32,0.0880160498791,0.0,0
2018-05-27 17:29:32.720,76.57,0.0880160498791,0.0,0
2018-05-27 17:29:32.813,76.76,0.0880160498791,0.0,0
2018-05-27 17:29:33.059,76.37,0.0880160498791,0.0,0
2018-05-27 17:29:33.245,75.87,0.0880160498791,0.0,0
2018-05-27 17:29:33.329,74.98,0.0880160498791,0.0,0
2018-05-27 17:29:33.422,74.5,0.0880160498791,0.0,0
2018-05-27 17:29:33.599,74.75,0.0880160498791,0.0,0
2018-05-27 17:29:33.869,74.63,0.0880160498791,0.0,0
2018-05-27 17:29:34.031,73.73,0.0880160498791,0.0,0
2018-05-27 17:29:34.217,73.46,0.0880160498791,0.0,0
2018-05-27 17:29:34.310,73.66,0.0880160498791,0.0,0
2018-05-27 17:29:34.394,72.9,0.0880160498791,0.0,0
2018-05-27 17:29:34.487,73.16,0.0880160498791,0.0,0
2018-05-27 17:29:34.571,72.53,0.0880160498791,0.0,0
2018-05-27 17:29:35.012,72.59,0.0880160498791,0.0,0
2018-05-27 17:29:35.105,71.42,0.0880160498791,0.0,0
2018-05-27 17:29:35.198,72.05,0.0880160498791,0.0,0
2018-05-27 17:29:35.292,70.17,0.0880160498791,0.0,0
2018-05-27 17:29:35.562,71.24,0.0880160498791,0.0,0
2018-05-27 17:29:35.748,71.25,0.0880160498791,0.0,0
2018-05-27 17:29:36.003,70.74,0.0880160498791,0.0,0
2018-05-27 17:29:36.189,72.17,0.0880160498791,0.0,0
2018-05-27 17:29:36.366,72.62,0.0880160498791,0.0,0
2018-05-27 17:29:36.459,73.29,0.0880160498791,0.0,0
2018-05-27 17:29:36.739,74.95,0.0880160498791,0.0,0
2018-05-27 17:29:36.832,75.12,0.0880160498791,0.0,0
2018-05-27 17:29:36.920,75.38,0.0880160498791,0.0,0
2018-05-27 17:29:37.077,75.76,0.0880160498791,0.0,0
2018-05-27 17:29:37.161,76.51,0.0880160498791,0.0,0
2018-05-27 17:29:37.254,76.52,0.0880160498791,0.0,0
2018-05-27 17:29:37.338,77.62,0.0880160498791,0.0,0
2018-05-27 17:29:37.431,78.45,0.0880160498791,0.0,0
2018-05-27 17:29:37.524,78.34,0.0880160498791,0.0,0
2018-05-27 17:29:37.617,79.95,0.0880160498791,0.0,0
2018-05-27 17:29:37.711,80.63,0.0880160498791,0.0,0
2018-05-27 17:29:37.804,80.66,0.0880160498791,0.0,0
2018-05-27 17:29:37.897,81.83,0.0880160498791,0.0,0
2018-05-27 17:29:38.059,82.48,0.0880160498791,0.0,0
2018-05-27 17:29:38.329,84.88,0.0880160498791,0.0,0
2018-05-27 17:29:38.776,87.73,0.0880160498791,0.0,0
2018-05-27 17:29:39.031,89.52,0.0880160498791,0.0,0
2018-05-27 17:29:39.581,93.78,0.0880160498791,0.0,0
2018-05-27 17:29:39.665,93.38,0.0880160498791,0.0,0
2018-05-27 17:29:39.850,94.54,0.0880160498791,0.0,0
2018-05-27 17:29:40.385,98.75,0.0880160498791,0.0,0
2018-05-27 17:29:40.645,100.11,0.0880160498791,0.0,0
2018-05-27 17:29:40.739,99.08,0.0880160498791,0.0,0
2018-05-27 17:29:40.832,98.97,0.0880160498791,0.0,0
2018-05-27 17:29:41.077,98.85,0.0880160498791,0.0,0
2018-05-27 17:29:41.161,98.17,0.0880160498791,0.0,0
2018-05-27 17:29:41.254,97.77,0.0880160498791,0.0,0
2018-05-27 17:29:41.431,97.19,0.0880160498791,0.0,0
2018-05-27 17:29:41.515,96.73,0.0880160498791,0.0,0
2018-05-27 17:29:41.785,96.38,0.0880160498791,0.0,0
2018-05-27 17:29:42.124,95.5,0.0880160498791,0.0,0
2018-05-27 17:29:42.217,94.72,0.0880160498791,0.0,0
2018-05-27 17:29:42.394,94.08,0.0880160498791,0.0,0
2018-05-27 17:29:42.673,93.24,0.0880160498791,0.0,0
2018-05-27 17:29:42.850,92.88,0.0880160498791,0.0,0
2018-05-27 17:29:43.012,92.41,0.0880160498791,0.0,0
2018-05-27 17:29:43.292,92.8,0.0880160498791,0.0,0
2018-05-27 17:29:43.385,93.07,0.0880160498791,0.0,0
2018-05-27 17:29:43.562,93.94,0.0880160498791,0.0,0
2018-05-27 17:29:43.645,94.32,0.0880160498791,0.0,0
2018-05-27 17:29:43.832,94.96,0.0880160498791,0.0,0
2018-05-27 17:29:44.161,96.82,0.0880160498791,0.0,0
2018-05-27 17:29:45.059,100.0,0.0880160498791,0.0,0
2018-05-27 17:29:45.152,99.89,0.0880160498791,0.0,0
2018-05-27 17:29:45.245,99.12,0.0880160498791,0.0,0
2018-05-27 17:29:45.422,98.57,0.0880160498791,0.0,0
2018-05-27 17:29:45.785,96.69,0.0880160498791,0.0,0
2018-05-27 17:29:46.133,96.32,0.0880160498791,0.0,0
2018-05-27 17:29:46.218,95.87,0.0880160498791,0.0,0
2018-05-27 17:29:46.403,95.33,0.0880160498791,0.0,0
2018-05-27 17:29:46.683,94.97,0.0880160498791,0.0,0
2018-05-27 17:29:46.776,94.59,0.0880160498791,0.0,0
2018-05-27 17:29:46.850,93.72,0.0880160498791,0.0,0
2018-05-27 17:29:47.292,92.46,0.0880160498791,0.0,0
2018-05-27 17:29:47.748,90.45,0.0880160498791,0.0,0
2018-05-27 17:29:47.841,90.33,0.0880160498791,0.0,0
2018-05-27 17:29:48.096,90.93,0.0880160498791,0.0,0
2018-05-27 17:29:48.189,90.14,0.0880160498791,0.0,0
2018-05-27 17:29:48.367,89.82,0.0880160498791,0.0,0
2018-05-27 17:29:48.459,90.09,0.0880160498791,0.0,0
2018-05-27 17:29:48.920,88.4,0.0880160498791,0.0,0
2018-05-27 17:29:49.254,86.99,0.0880160498791,0.0,0
2018-05-27 17:29:49.431,87.05,0.0880160498791,0.0,0
2018-05-27 17:29:49.524,86.95,0.0880160498791,0.0,0
2018-05-27 17:29:49.618,86.5,0.0880160498791,0.0,0
2018-05-27 17:29:49.711,86.62,0.0880160498791,0.0,0
2018-05-27 17:29:49.804,85.97,0.0880160498791,0.0,0
2018-05-27 17:29:49.897,85.54,0.0880160498791,0.0,0
2018-05-27 17:29:50.152,84.96,0.0880160498791,0.0,0
2018-05-27 17:29:50.329,84.77,0.0880160498791,0.0,0
2018-05-27 17:29:50.422,84.43,0.0880160498791,0.0,0
2018-05-27 17:29:50.506,84.67,0.0880160498791,0.0,0
2018-05-27 17:29:50.599,84.45,0.0880160498791,0.0,0
2018-05-27 17:29:50.776,83.13,0.0880160498791,0.0,0
2018-05-27 17:29:50.869,83.12,0.0880160498791,0.0,0
2018-05-27 17:29:51.394,84.36,0.0880160498791,0.0,0
2018-05-27 17:29:51.664,85.37,0.0880160498791,0.0,0
2018-05-27 17:29:52.096,86.29,0.0880160498791,0.0,0
2018-05-27 17:29:52.646,90.85,0.0880160498791,0.0,0
2018-05-27 17:29:52.832,91.66,0.0880160498791,0.0,0
2018-05-27 17:29:53.362,95.47,0.0880160498791,0.0,0
2018-05-27 17:29:53.534,96.09,0.0880160498791,0.0,0
2018-05-27 17:29:53.720,98.34,0.0880160498791,0.0,0
2018-05-27 17:29:53.813,98.7,0.0880160498791,0.0,0
2018-05-27 17:29:53.906,97.91,0.0880160498791,0.0,0
2018-05-27 17:29:54.068,97.22,0.0880160498791,0.0,0
2018-05-27 17:29:54.342,96.43,0.0880160498791,0.0,0
2018-05-27 17:29:54.432,96.08,0.0880160498791,0.0,0
2018-05-27 17:29:54.515,95.3,0.0880160498791,0.0,0
2018-05-27 17:29:54.608,95.63,0.0880160498791,0.0,0
2018-05-27 17:29:54.785,94.22,0.0880160498791,0.0,0
2018-05-27 17:29:54.879,94.15,0.0880160498791,0.0,0
2018-05-27 17:29:55.040,94.35,0.0880160498791,0.0,0
2018-05-27 17:29:55.134,94.37,0.0880160498791,0.0,0
2018-05-27 17:29:55.320,93.31,0.0880160498791,0.0,0
2018-05-27 17:29:55.404,92.45,0.0880160498791,0.0,0
2018-05-27 17:29:55.590,91.84,0.0880160498791,0.0,0
2018-05-27 17:29:55.683,91.53,0.0880160498791,0.0,0
2018-05-27 17:29:55.869,91.34,0.0880160498791,0.0,0
2018-05-27 17:29:56.031,91.45,0.0880160498791,0.0,0
2018-05-27 17:29:56.217,90.64,0.0880160498791,0.0,0
2018-05-27 17:29:56.310,90.62,0.0880160498791,0.0,0
2018-05-27 17:29:56.394,90.72,0.0880160498791,0.0,0
2018-05-27 17:29:56.487,89.7,0.0880160498791,0.0,0
2018-05-27 17:29:56.580,89.52,0.0880160498791,0.0,0
2018-05-27 17:29:56.767,88.42,0.0880160498791,0.0,0
2018-05-27 17:29:56.860,88.86,0.0880160498791,0.0,0
2018-05-27 17:29:57.022,87.96,0.0880160498791,0.0,0
2018-05-27 17:29:57.115,87.49,0.0880160498791,0.0,0
2018-05-27 17:29:57.478,88.34,0.0880160498791,0.0,0
2018-05-27 17:29:57.664,88.46,0.0880160498791,0.0,0
2018-05-27 17:29:57.757,88.38,0.0880160498791,0.0,0
2018-05-27 17:29:57.851,88.73,0.0880160498791,0.0,0
2018-05-27 17:29:58.105,89.35,0.0880160498791,0.0,0
2018-05-27 17:29:58.199,89.57,0.0880160498791,0.0,0
2018-05-27 17:29:58.292,90.29,0.0880160498791,0.0,0
2018-05-27 17:29:58.375,90.12,0.0880160498791,0.0,0
2018-05-27 17:29:58.469,90.8,0.0880160498791,0.0,0
2018-05-27 17:29:58.562,90.88,0.0880160498791,0.0,0
2018-05-27 17:29:58.748,90.77,0.0880160498791,0.0,0
2018-05-27 17:29:58.841,91.42,0.0880160498791,0.0,0
2018-05-27 17:29:59.003,92.1,0.0880160498791,0.0,0
2018-05-27 17:29:59.096,92.6,0.0880160498791,0.0,0
2018-05-27 17:29:59.189,92.68,0.0880160498791,0.0,0
2018-05-27 17:29:59.283,92.99,0.0880160498791,0.0,0
2018-05-27 17:29:59.366,94.47,0.0880160498791,0.0,0
2018-05-27 17:29:59.459,94.57,0.0880160498791,0.0,0
2018-05-27 17:29:59.646,95.05,0.0880160498791,0.0,0
2018-05-27 17:29:59.925,98.21,0.0880160498791,0.0,0
2018-05-27 17:30:00.087,98.65,0.0880160498791,0.0,0
2018-05-27 17:30:00.273,97.24,0.0880160498791,0.0,0
2018-05-27 17:30:00.366,97.14,0.0880160498791,0.0,0
2018-05-27 17:30:00.646,96.8,0.0880160498791,0.0,0
2018-05-27 17:30:00.739,96.12,0.0880160498791,0.0,0
2018-05-27 17:30:00.832,96.48,0.0880160498791,0.0,0
2018-05-27 17:30:00.920,95.61,0.0880160498791,0.0,0
2018-05-27 17:30:01.082,95.08,0.0880160498791,0.0,0
2018-05-27 17:30:01.254,94.94,0.0880160498791,0.0,0
2018-05-27 17:30:01.342,94.46,0.0880160498791,0.0,0
2018-05-27 17:30:01.427,94.48,0.0880160498791,0.0,0
2018-05-27 17:30:01.516,93.8,0.0880160498791,0.0,0
2018-05-27 17:30:01.692,92.59,0.0880160498791,0.0,0
2018-05-27 17:30:01.785,92.28,0.0880160498791,0.0,0
2018-05-27 17:30:02.040,91.9,0.0880160498791,0.0,0
2018-05-27 17:30:02.133,91.67,0.0880160498791,0.0,0
2018-05-27 17:30:02.227,91.36,0.0880160498791,0.0,0
2018-05-27 17:30:02.403,91.59,0.0880160498791,0.0,0
2018-05-27 17:30:02.497,91.28,0.0880160498791,0.0,0
2018-05-27 17:30:02.590,91.28,0.0880160498791,0.0,0
2018-05-27 17:30:02.776,92.05,0.0880160498791,0.0,0
2018-05-27 17:30:02.869,91.74,0.0880160498791,0.0,0
2018-05-27 17:30:03.031,91.01,0.0880160498791,0.0,0
2018-05-27 17:30:03.124,90.89,0.0880160498791,0.0,0
2018-05-27 17:30:03.217,90.35,0.0880160498791,0.0,0
2018-05-27 17:30:03.310,90.01,0.0880160498791,0.0,0
2018-05-27 17:30:03.394,89.24,0.0880160498791,0.0,0
2018-05-27 17:30:03.487,89.0,0.0880160498791,0.0,0
2018-05-27 17:30:03.580,88.61,0.0880160498791,0.0,0
2018-05-27 17:30:03.674,88.96,0.0880160498791,0.0,0
2018-05-27 17:30:03.767,88.58,0.0880160498791,0.0,0
2018-05-27 17:30:03.860,88.54,0.0880160498791,0.0,0
2018-05-27 17:30:04.022,88.3,0.0880160498791,0.0,0
2018-05-27 17:30:04.115,89.02,0.0880160498791,0.0,0
2018-05-27 17:30:04.208,87.57,0.0880160498791,0.0,0
2018-05-27 17:30:04.301,87.87,0.0880160498791,0.0,0
2018-05-27 17:30:04.385,87.02,0.0880160498791,0.0,0
2018-05-27 17:30:04.478,88.32,0.0880160498791,0.0,0
2018-05-27 17:30:04.571,88.27,0.0880160498791,0.0,0
2018-05-27 17:30:04.851,87.95,0.0880160498791,0.0,0
2018-05-27 17:30:05.012,87.92,0.0880160498791,0.0,0
2018-05-27 17:30:05.106,88.6,0.0880160498791,0.0,0
2018-05-27 17:30:05.292,88.53,0.0880160498791,0.0,0
2018-05-27 17:30:05.376,89.07,0.0880160498791,0.0,0
2018-05-27 17:30:05.469,88.8,0.0880160498791,0.0,0
2018-05-27 17:30:05.655,89.96,0.0880160498791,0.0,0
2018-05-27 17:30:05.748,90.17,0.0880160498791,0.0,0
2018-05-27 17:30:05.841,91.03,0.0880160498791,0.0,0
2018-05-27 17:30:06.003,91.15,0.0880160498791,0.0,0
2018-05-27 17:30:06.096,91.83,0.0880160498791,0.0,0
2018-05-27 17:30:06.190,92.22,0.0880160498791,0.0,0
2018-05-27 17:30:06.283,92.7,0.0880160498791,0.0,0
2018-05-27 17:30:06.367,93.41,0.0880160498791,0.0,0
2018-05-27 17:30:06.460,93.94,0.0880160498791,0.0,0
2018-05-27 17:30:06.553,94.43,0.0880160498791,0.0,0
2018-05-27 17:30:06.921,96.68,0.0880160498791,0.0,0
2018-05-27 17:30:07.078,97.71,0.0880160498791,0.0,0
2018-05-27 17:30:07.162,97.78,0.0880160498791,0.0,0
2018-05-27 17:30:07.618,97.71,0.0880160498791,0.0,0
2018-05-27 17:30:07.712,96.91,0.0880160498791,0.0,0
2018-05-27 17:30:07.898,96.3,0.0880160498791,0.0,0
2018-05-27 17:30:08.153,95.62,0.0880160498791,0.0,0
2018-05-27 17:30:08.236,94.87,0.0880160498791,0.0,0
2018-05-27 17:30:08.329,94.85,0.0880160498791,0.0,0
2018-05-27 17:30:08.404,95.36,0.0880160498791,0.0,0
2018-05-27 17:30:08.506,94.6,0.0880160498791,0.0,0
2018-05-27 17:30:08.693,93.79,0.0880160498791,0.0,0
2018-05-27 17:30:08.786,94.03,0.0880160498791,0.0,0
2018-05-27 17:30:08.879,93.79,0.0880160498791,0.0,0
2018-05-27 17:30:09.041,93.06,0.0880160498791,0.0,0
2018-05-27 17:30:09.134,92.64,0.0880160498791,0.0,0
2018-05-27 17:30:09.227,92.37,0.0880160498791,0.0,0
2018-05-27 17:30:09.311,92.73,0.0880160498791,0.0,0
2018-05-27 17:30:09.404,92.4,0.0880160498791,0.0,0
2018-05-27 17:30:09.497,91.93,0.0880160498791,0.0,0
2018-05-27 17:30:09.590,91.81,0.0880160498791,0.0,0
2018-05-27 17:30:09.684,91.23,0.0880160498791,0.0,0
2018-05-27 17:30:09.777,90.89,0.0880160498791,0.0,0
2018-05-27 17:30:09.870,90.72,0.0880160498791,0.0,0
2018-05-27 17:30:10.032,90.28,0.0880160498791,0.0,0
2018-05-27 17:30:10.125,90.31,0.0880160498791,0.0,0
2018-05-27 17:30:10.218,90.22,0.0880160498791,0.0,0
2018-05-27 17:30:10.311,89.92,0.0880160498791,0.0,0
2018-05-27 17:30:10.395,89.19,0.0880160498791,0.0,0
2018-05-27 17:30:10.488,88.81,0.0880160498791,0.0,0
2018-05-27 17:30:10.767,89.79,0.0880160498791,0.0,0
2018-05-27 17:30:11.022,90.39,0.0880160498791,0.0,0
2018-05-27 17:30:11.116,91.06,0.0880160498791,0.0,0
2018-05-27 17:30:11.209,91.06,0.0880160498791,0.0,0
2018-05-27 17:30:11.302,91.12,0.0880160498791,0.0,0
2018-05-27 17:30:11.386,91.28,0.0880160498791,0.0,0
2018-05-27 17:30:11.479,92.08,0.0880160498791,0.0,0
2018-05-27 17:30:11.572,92.44,0.0880160498791,0.0,0
2018-05-27 17:30:11.665,92.79,0.0880160498791,0.0,0
2018-05-27 17:30:11.758,93.42,0.0880160498791,0.0,0
2018-05-27 17:30:11.851,93.96,0.0880160498791,0.0,0
2018-05-27 17:30:12.106,94.38,0.0880160498791,0.0,0
2018-05-27 17:30:12.376,96.62,0.0880160498791,0.0,0
2018-05-27 17:30:12.563,97.48,0.0880160498791,0.0,0
2018-05-27 17:30:12.656,99.1,0.0880160498791,0.0,0
2018-05-27 17:30:12.749,99.48,0.0880160498791,0.0,0
2018-05-27 17:30:12.842,99.11,0.0880160498791,0.0,0
2018-05-27 17:30:13.004,100.19,0.0880160498791,0.0,0
2018-05-27 17:30:13.097,100.31,0.0880160498791,0.0,0
2018-05-27 17:30:13.460,103.95,0.0880160498791,0.0,0
2018-05-27 17:30:13.554,104.49,0.0880160498791,0.0,0
2018-05-27 17:30:13.647,105.21,0.0880160498791,0.0,0
2018-05-27 17:30:13.833,105.28,0.0880160498791,0.0,0
2018-05-27 17:30:14.079,103.72,0.0880160498791,0.0,0
2018-05-27 17:30:14.246,103.96,0.0880160498791,0.0,0
2018-05-27 17:30:14.507,103.49,0.0880160498791,0.0,0
2018-05-27 17:30:14.694,102.32,0.0880160498791,0.0,0
2018-05-27 17:30:14.787,101.15,0.0880160498791,0.0,0
2018-05-27 17:30:15.032,101.6,0.0880160498791,0.0,0
2018-05-27 17:30:15.219,101.24,0.0880160498791,0.0,0
2018-05-27 17:30:15.302,100.95,0.0880160498791,0.0,0
2018-05-27 17:30:15.390,100.77,0.0880160498791,0.0,0
2018-05-27 17:30:15.484,99.31,0.0880160498791,0.0,0
2018-05-27 17:30:15.572,99.36,0.0880160498791,0.0,0
2018-05-27 17:30:15.666,99.03,0.0880160498791,0.0,0
2018-05-27 17:30:16.107,98.54,0.0880160498791,0.0,0
2018-05-27 17:30:16.293,97.58,0.0880160498791,0.0,0
2018-05-27 17:30:16.656,97.58,0.0880160498791,0.0,0
2018-05-27 17:30:17.004,98.5,0.0880160498791,0.0,0
2018-05-27 17:30:17.191,98.77,0.0880160498791,0.0,0
2018-05-27 17:30:17.371,97.97,0.0880160498791,0.0,0
2018-05-27 17:30:17.461,96.51,0.0880160498791,0.0,0
2018-05-27 17:30:17.740,96.2,0.0880160498791,0.0,0
2018-05-27 17:30:17.833,95.4,0.0880160498791,0.0,0
2018-05-27 17:30:17.922,96.02,0.0880160498791,0.0,0
2018-05-27 17:30:18.079,95.23,0.0880160498791,0.0,0
2018-05-27 17:30:18.256,94.98,0.0880160498791,0.0,0
2018-05-27 17:30:18.629,94.35,0.0880160498791,0.0,0
2018-05-27 17:30:18.722,94.18,0.0880160498791,0.0,0
2018-05-27 17:30:18.908,95.07,0.0880160498791,0.0,0
2018-05-27 17:30:19.256,95.84,0.0880160498791,0.0,0
2018-05-27 17:30:19.433,96.59,0.0880160498791,0.0,0
2018-05-27 17:30:19.526,96.78,0.0880160498791,0.0,0
2018-05-27 17:30:19.619,97.27,0.0880160498791,0.0,0
2018-05-27 17:30:19.713,97.45,0.0880160498791,0.0,0
2018-05-27 17:30:19.806,97.8,0.0880160498791,0.0,0
2018-05-27 17:30:19.899,96.9,0.0880160498791,0.0,0
2018-05-27 17:30:20.061,97.74,0.0880160498791,0.0,0
2018-05-27 17:30:20.331,99.01,0.0880160498791,0.0,0
2018-05-27 17:30:20.424,100.5,0.0880160498791,0.0,0
2018-05-27 17:30:20.694,102.07,0.0880160498791,0.0,0
2018-05-27 17:30:20.787,101.19,0.0880160498791,0.0,0
2018-05-27 17:30:21.042,101.84,0.0880160498791,0.0,0
2018-05-27 17:30:21.135,103.97,0.0880160498791,0.0,0
2018-05-27 17:30:21.582,107.57,0.0880160498791,0.0,0
2018-05-27 17:30:21.862,107.31,0.0880160498791,0.0,0
2018-05-27 17:30:22.024,107.74,0.0880160498791,0.0,0
2018-05-27 17:30:22.117,107.04,0.0880160498791,0.0,0
2018-05-27 17:30:22.201,106.35,0.0880160498791,0.0,0
2018-05-27 17:30:22.294,106.03,0.0880160498791,0.0,0
2018-05-27 17:30:22.643,105.48,0.0880160498791,0.0,0
2018-05-27 17:30:22.922,104.58,0.0880160498791,0.0,0
2018-05-27 17:30:23.163,103.31,0.0880160498791,0.0,0
2018-05-27 17:30:23.787,105.48,0.0880160498791,0.0,0
2018-05-27 17:30:23.881,105.93,0.0880160498791,0.0,0
2018-05-27 17:30:24.042,106.5,0.0880160498791,0.0,0
2018-05-27 17:30:24.313,105.82,0.0880160498791,0.0,0
2018-05-27 17:30:24.396,106.82,0.0880160498791,0.0,0
2018-05-27 17:30:24.676,107.9,0.0880160498791,0.0,0
2018-05-27 17:30:24.862,108.56,0.0880160498791,0.0,0
2018-05-27 17:30:25.024,108.67,0.0880160498791,0.0,0
2018-05-27 17:30:25.117,109.75,0.0880160498791,0.0,0
2018-05-27 17:30:25.201,109.8,0.0880160498791,0.0,0
2018-05-27 17:30:25.657,111.38,0.0880160498791,0.0,0
2018-05-27 17:30:25.750,110.14,0.0880160498791,0.0,0
2018-05-27 17:30:25.844,110.52,0.0880160498791,0.0,0
2018-05-27 17:30:26.089,111.89,0.0880160498791,0.0,0
2018-05-27 17:30:26.182,111.48,0.0880160498791,0.0,0
2018-05-27 17:30:26.452,112.58,0.0880160498791,0.0,0
2018-05-27 17:30:26.629,112.13,0.0880160498791,0.0,0
2018-05-27 17:30:26.723,112.41,0.0880160498791,0.0,0
2018-05-27 17:30:26.806,111.68,0.0880160498791,0.0,0
2018-05-27 17:30:26.900,110.98,0.0880160498791,0.0,0
2018-05-27 17:30:27.154,110.81,0.0880160498791,0.0,0
2018-05-27 17:30:27.248,109.85,0.0880160498791,0.0,0
2018-05-27 17:30:27.332,108.7,0.0880160498791,0.0,0
2018-05-27 17:30:27.425,110.1,0.0880160498791,0.0,0
2018-05-27 17:30:27.509,109.79,0.0880160498791,0.0,0
2018-05-27 17:30:27.592,108.84,0.0880160498791,0.0,0
2018-05-27 17:30:27.685,108.98,0.0880160498791,0.0,0
2018-05-27 17:30:27.779,109.93,0.0880160498791,0.0,0
2018-05-27 17:30:27.872,109.44,0.0880160498791,0.0,0
2018-05-27 17:30:28.033,109.5,0.0880160498791,0.0,0
2018-05-27 17:30:28.127,110.21,0.0880160498791,0.0,0
2018-05-27 17:30:28.220,109.76,0.0880160498791,0.0,0
2018-05-27 17:30:28.313,110.64,0.0880160498791,0.0,0
2018-05-27 17:30:28.397,110.81,0.0880160498791,0.0,0
2018-05-27 17:30:28.490,110.6,0.0880160498791,0.0,0
2018-05-27 17:30:28.583,111.2,0.0880160498791,0.0,0
2018-05-27 17:30:28.769,109.79,0.0880160498791,0.0,0
2018-05-27 17:30:29.024,108.43,0.0880160498791,0.0,0
2018-05-27 17:30:29.117,107.88,0.0880160498791,0.0,0
2018-05-27 17:30:29.304,106.66,0.0880160498791,0.0,0
2018-05-27 17:30:29.388,107.05,0.0880160498791,0.0,0
2018-05-27 17:30:29.667,105.12,0.0880160498791,0.0,0
2018-05-27 17:30:29.760,105.53,0.0880160498791,0.0,0
2018-05-27 17:30:29.853,105.26,0.0880160498791,0.0,0
2018-05-27 17:30:30.015,105.29,0.0880160498791,0.0,0
2018-05-27 17:30:30.108,104.3,0.0880160498791,0.0,0
2018-05-27 17:30:30.201,103.53,0.0880160498791,0.0,0
2018-05-27 17:30:30.378,103.92,0.0880160498791,0.0,0
2018-05-27 17:30:30.565,101.72,0.0880160498791,0.0,0
2018-05-27 17:30:30.658,102.26,0.0880160498791,0.0,0
2018-05-27 17:30:30.751,102.28,0.0880160498791,0.0,0
2018-05-27 17:30:30.844,101.73,0.0880160498791,0.0,0
2018-05-27 17:30:31.006,101.68,0.0880160498791,0.0,0
2018-05-27 17:30:31.192,100.11,0.0880160498791,0.0,0
2018-05-27 17:30:31.285,99.76,0.0880160498791,0.0,0
2018-05-27 17:30:31.369,99.41,0.0880160498791,0.0,0
2018-05-27 17:30:31.462,99.51,0.0880160498791,0.0,0
2018-05-27 17:30:31.648,100.48,0.0880160498791,0.0,0
2018-05-27 17:30:31.742,100.09,0.0880160498791,0.0,0
2018-05-27 17:30:31.835,99.74,0.0880160498791,0.0,0
2018-05-27 17:30:32.081,99.4,0.0880160498791,0.0,0
2018-05-27 17:30:32.164,99.66,0.0880160498791,0.0,0
2018-05-27 17:30:32.257,99.06,0.0880160498791,0.0,0
2018-05-27 17:30:32.434,98.16,0.0880160498791,0.0,0
2018-05-27 17:30:32.621,97.82,0.0880160498791,0.0,0
2018-05-27 17:30:32.807,98.09,0.0880160498791,0.0,0
2018-05-27 17:30:32.900,97.2,0.0880160498791,0.0,0
2018-05-27 17:30:33.053,97.19,0.0880160498791,0.0,0
2018-05-27 17:30:33.146,96.96,0.0880160498791,0.0,0
2018-05-27 17:30:33.230,96.67,0.0880160498791,0.0,0
2018-05-27 17:30:33.323,96.9,0.0880160498791,0.0,0
2018-05-27 17:30:33.407,95.73,0.0880160498791,0.0,0
2018-05-27 17:30:33.500,95.75,0.0880160498791,0.0,0
2018-05-27 17:30:33.593,96.11,0.0880160498791,0.0,0
2018-05-27 17:30:33.686,95.29,0.0880160498791,0.0,0
2018-05-27 17:30:34.034,94.33,0.0880160498791,0.0,0
2018-05-27 17:30:34.127,93.16,0.0880160498791,0.0,0
2018-05-27 17:30:34.584,93.15,0.0880160498791,0.0,0
2018-05-27 17:30:35.295,90.64,0.0880160498791,0.0,0
2018-05-27 17:30:35.751,89.38,0.0880160498791,0.0,0
2018-05-27 17:30:36.006,89.9,0.0880160498791,0.0,0
2018-05-27 17:30:36.193,90.35,0.0880160498791,0.0,0
2018-05-27 17:30:36.463,91.36,0.0880160498791,0.0,0
2018-05-27 17:30:36.733,91.53,0.0880160498791,0.0,0
2018-05-27 17:30:36.910,91.8,0.0880160498791,0.0,0
2018-05-27 17:30:37.072,92.23,0.0880160498791,0.0,0
2018-05-27 17:30:37.435,95.9,0.0880160498791,0.0,0
2018-05-27 17:30:37.714,97.38,0.0880160498791,0.0,0
2018-05-27 17:30:37.807,98.05,0.0880160498791,0.0,0
2018-05-27 17:30:38.062,100.93,0.0880160498791,0.0,0
2018-05-27 17:30:38.603,104.7,0.0880160498791,0.0,0
2018-05-27 17:30:38.696,105.6,0.0880160498791,0.0,0
2018-05-27 17:30:38.882,106.59,0.0880160498791,0.0,0
2018-05-27 17:30:39.044,107.83,0.0880160498791,0.0,0
2018-05-27 17:30:39.137,108.4,0.0880160498791,0.0,0
2018-05-27 17:30:39.230,108.76,0.0880160498791,0.0,0
2018-05-27 17:30:39.323,109.92,0.0880160498791,0.0,0
2018-05-27 17:30:39.407,110.87,0.0880160498791,0.0,0
2018-05-27 17:30:39.500,110.6,0.0880160498791,0.0,0
2018-05-27 17:30:39.593,111.69,0.0880160498791,0.0,0
2018-05-27 17:30:39.687,111.99,0.0880160498791,0.0,0
2018-05-27 17:30:39.780,111.94,0.0880160498791,0.0,0
2018-05-27 17:30:39.873,114.21,0.0880160498791,0.0,0
2018-05-27 17:30:40.221,115.77,0.0880160498791,0.0,0
2018-05-27 17:30:40.398,115.67,0.0880160498791,0.0,0
2018-05-27 17:30:40.491,116.86,0.0880160498791,0.0,0
2018-05-27 17:30:40.584,116.8,0.0880160498791,0.0,0
2018-05-27 17:30:40.677,117.51,0.0880160498791,0.0,0
2018-05-27 17:30:40.771,116.79,0.0880160498791,0.0,0
2018-05-27 17:30:41.026,115.93,0.0880160498791,0.0,0
2018-05-27 17:30:41.119,115.94,0.0880160498791,0.0,0
2018-05-27 17:30:41.212,115.25,0.0880160498791,0.0,0
2018-05-27 17:30:41.305,115.41,0.0880160498791,0.0,0
2018-05-27 17:30:41.389,114.9,0.0880160498791,0.0,0
2018-05-27 17:30:41.575,114.33,0.0880160498791,0.0,0
2018-05-27 17:30:41.762,113.52,0.0880160498791,0.0,0
2018-05-27 17:30:41.855,112.59,0.0880160498791,0.0,0
2018-05-27 17:30:42.017,113.02,0.0880160498791,0.0,0
2018-05-27 17:30:42.110,111.24,0.0880160498791,0.0,0
2018-05-27 17:30:42.203,111.72,0.0880160498791,0.0,0
2018-05-27 17:30:42.380,110.81,0.0880160498791,0.0,0
2018-05-27 17:30:42.473,111.65,0.0880160498791,0.0,0
2018-05-27 17:30:42.566,112.1,0.0880160498791,0.0,0
2018-05-27 17:30:42.659,111.58,0.0880160498791,0.0,0
2018-05-27 17:30:42.752,111.98,0.0880160498791,0.0,0
2018-05-27 17:30:42.846,111.94,0.0880160498791,0.0,0
2018-05-27 17:30:43.100,112.81,0.0880160498791,0.0,0
2018-05-27 17:30:43.194,112.27,0.0880160498791,0.0,0
2018-05-27 17:30:43.380,113.48,0.0880160498791,0.0,0
2018-05-27 17:30:43.464,113.87,0.0880160498791,0.0,0
2018-05-27 17:30:43.557,114.53,0.0880160498791,0.0,0
2018-05-27 17:30:43.650,113.39,0.0880160498791,0.0,0
2018-05-27 17:30:43.836,114.72,0.0880160498791,0.0,0
2018-05-27 17:30:43.925,116.24,0.0880160498791,0.0,0
2018-05-27 17:30:44.082,116.52,0.0880160498791,0.0,0
2018-05-27 17:30:44.175,117.8,0.0880160498791,0.0,0
2018-05-27 17:30:44.259,118.22,0.0880160498791,0.0,0
2018-05-27 17:30:44.445,118.83,0.0880160498791,0.0,0
2018-05-27 17:30:44.538,120.7,0.0880160498791,0.0,0
2018-05-27 17:30:44.632,120.94,0.0880160498791,0.0,0
2018-05-27 17:30:44.725,122.61,0.0880160498791,0.0,0
2018-05-27 17:30:44.818,123.57,0.0880160498791,0.0,0
2018-05-27 17:30:44.911,123.6,0.0880160498791,0.0,0
2018-05-27 17:30:45.073,125.02,0.0880160498791,0.0,0
2018-05-27 17:30:45.166,125.48,0.0880160498791,0.0,0
2018-05-27 17:30:45.260,126.24,0.0880160498791,0.0,0
2018-05-27 17:30:45.343,127.48,0.0880160498791,0.0,0
2018-05-27 17:30:45.436,127.63,0.0880160498791,0.0,0
2018-05-27 17:30:45.529,128.58,0.0880160498791,0.0,0
2018-05-27 17:30:45.622,128.58,0.0880160498791,0.0,0
2018-05-27 17:30:45.715,130.22,0.0880160498791,0.0,0
2018-05-27 17:30:45.809,130.07,0.0880160498791,0.0,0
2018-05-27 17:30:45.902,129.4,0.0880160498791,0.0,0
2018-05-27 17:30:46.064,128.93,0.0880160498791,0.0,0
2018-05-27 17:30:46.157,128.18,0.0880160498791,0.0,0
2018-05-27 17:30:46.334,127.87,0.0880160498791,0.0,0
2018-05-27 17:30:46.427,126.6,0.0880160498791,0.0,0
2018-05-27 17:30:46.511,127.09,0.0880160498791,0.0,0
2018-05-27 17:30:46.697,125.84,0.0880160498791,0.0,0
2018-05-27 17:30:46.790,125.86,0.0880160498791,0.0,0
2018-05-27 17:30:47.139,125.03,0.0880160498791,0.0,0
2018-05-27 17:30:47.315,124.02,0.0880160498791,0.0,0
2018-05-27 17:30:47.492,123.39,0.0880160498791,0.0,0
2018-05-27 17:30:47.585,123.94,0.0880160498791,0.0,0
2018-05-27 17:30:47.865,122.95,0.0880160498791,0.0,0
2018-05-27 17:30:48.027,123.36,0.0880160498791,0.0,0
2018-05-27 17:30:48.111,123.91,0.0880160498791,0.0,0
2018-05-27 17:30:48.204,123.25,0.0880160498791,0.0,0
2018-05-27 17:30:48.474,123.38,0.0880160498791,0.0,0
2018-05-27 17:30:48.651,122.63,0.0880160498791,0.0,0
2018-05-27 17:30:48.828,121.84,0.0880160498791,0.0,0
2018-05-27 17:30:48.912,121.75,0.0880160498791,0.0,0
2018-05-27 17:30:49.073,121.04,0.0880160498791,0.0,0
2018-05-27 17:30:49.260,119.28,0.0880160498791,0.0,0
2018-05-27 17:30:49.437,119.63,0.0880160498791,0.0,0
2018-05-27 17:30:49.520,119.17,0.0880160498791,0.0,0
2018-05-27 17:30:49.697,118.06,0.0880160498791,0.0,0
2018-05-27 17:30:49.791,118.12,0.0880160498791,0.0,0
2018-05-27 17:30:49.884,117.61,0.0880160498791,0.0,0
2018-05-27 17:30:50.139,117.01,0.0880160498791,0.0,0
2018-05-27 17:30:50.232,115.98,0.0880160498791,0.0,0
2018-05-27 17:30:50.325,115.85,0.0880160498791,0.0,0
2018-05-27 17:30:50.409,115.96,0.0880160498791,0.0,0
2018-05-27 17:30:50.502,114.42,0.0880160498791,0.0,0
2018-05-27 17:30:50.595,115.69,0.0880160498791,0.0,0
2018-05-27 17:30:50.688,114.77,0.0880160498791,0.0,0
2018-05-27 17:30:50.781,115.75,0.0880160498791,0.0,0
2018-05-27 17:30:50.875,114.78,0.0880160498791,0.0,0
2018-05-27 17:30:51.036,115.65,0.0880160498791,0.0,0
2018-05-27 17:30:51.130,114.77,0.0880160498791,0.0,0
2018-05-27 17:30:51.223,115.77,0.0880160498791,0.0,0
2018-05-27 17:30:51.400,115.6,0.0880160498791,0.0,0
2018-05-27 17:30:51.493,115.09,0.0880160498791,0.0,0
2018-05-27 17:30:51.586,116.22,0.0880160498791,0.0,0
2018-05-27 17:30:51.679,115.86,0.0880160498791,0.0,0
2018-05-27 17:30:52.120,119.79,0.0880160498791,0.0,0
2018-05-27 17:30:52.213,121.26,0.0880160498791,0.0,0
2018-05-27 17:30:52.390,122.9,0.0880160498791,0.0,0
2018-05-27 17:30:52.484,123.01,0.0880160498791,0.0,0
2018-05-27 17:30:52.577,124.03,0.0880160498791,0.0,0
2018-05-27 17:30:52.670,125.48,0.0880160498791,0.0,0
2018-05-27 17:30:52.856,126.51,0.0880160498791,0.0,0
2018-05-27 17:30:53.111,128.94,0.0880160498791,0.0,0
2018-05-27 17:30:53.204,129.98,0.0880160498791,0.0,0
2018-05-27 17:30:53.297,128.91,0.0880160498791,0.0,0
2018-05-27 17:30:53.381,131.27,0.0880160498791,0.0,0
2018-05-27 17:30:53.568,133.14,0.0880160498791,0.0,0
2018-05-27 17:30:53.661,133.32,0.0880160498791,0.0,0
2018-05-27 17:30:53.754,133.38,0.0880160498791,0.0,0
2018-05-27 17:30:53.847,135.41,0.0880160498791,0.0,0
2018-05-27 17:30:54.009,136.15,0.0880160498791,0.0,0
2018-05-27 17:30:54.372,140.73,0.0880160498791,0.0,0
2018-05-27 17:30:54.465,141.51,0.0880160498791,0.0,0
2018-05-27 17:30:54.558,142.29,0.0880160498791,0.0,0
2018-05-27 17:30:54.651,142.8,0.0880160498791,0.0,0
2018-05-27 17:30:54.745,144.05,0.0880160498791,0.0,0
2018-05-27 17:30:54.926,145.93,0.0816120288239,0.0250000003725,0
2018-05-27 17:30:55.083,146.91,0.0755110049962,0.0250000003725,0
2018-05-27 17:30:55.260,149.13,0.0697088086466,0.0250000003725,0
2018-05-27 17:30:55.447,151.62,0.0589828540005,0.0500000007451,0
2018-05-27 17:30:55.819,155.0,0.0450145563481,0.0750000029802,0
2018-05-27 17:30:55.912,155.75,0.0334527308154,0.125,0
2018-05-27 17:30:56.074,157.45,0.109084052802,0.34999999404,0
2018-05-27 17:30:56.159,157.8,0.189709030043,0.22499999404,0
2018-05-27 17:30:56.254,157.9,0.211299106088,0.0500000007451,0
2018-05-27 17:30:56.343,158.95,0.22260655862,0.0250000003725,0
2018-05-27 17:30:56.428,160.88,0.22260655862,0.0250000003725,0
2018-05-27 17:30:56.521,160.33,0.22260655862,0.0250000003725,0
2018-05-27 17:30:56.605,161.07,0.22260655862,0.0250000003725,0
2018-05-27 17:30:56.782,162.49,0.211299106088,0.0250000003725,0
2018-05-27 17:30:56.875,164.28,0.189709029264,0.0250000003725,0
2018-05-27 17:30:57.223,165.62,0.150578819594,0.0250000003725,0
2018-05-27 17:30:57.494,169.03,0.0697088089837,0.0750000029802,0
2018-05-27 17:30:58.298,173.85,0.0334527310741,0.0250000003725,0
2018-05-27 17:30:58.382,175.13,0.0370498992811,0.0750000029802,0
2018-05-27 17:30:58.568,176.29,0.0450145591318,0.0750000029802,0
2018-05-27 17:30:58.661,177.73,0.0697088127751,0.15000000596,0
2018-05-27 17:30:58.848,179.53,0.0816120338546,0.0750000029802,0
2018-05-27 17:30:59.196,181.08,0.0880160551551,0.0500000007451,0
2018-05-27 17:30:59.289,181.89,0.0880160551551,0.0250000003725,0
2018-05-27 17:30:59.466,184.57,0.0880160551551,0.0250000003725,0
2018-05-27 17:30:59.652,185.7,0.0816120338546,0.0,0
2018-05-27 17:30:59.745,186.87,0.0642010038655,0.0,0
2018-05-27 17:31:00.084,184.57,0.058982857706,0.0,0
2018-05-27 17:31:00.168,185.8,0.0450145594482,0.0,0
2018-05-27 17:31:00.261,185.98,0.0334527315915,0.0,0
2018-05-27 17:31:00.531,187.31,0.0493951357874,0.0,0
2018-05-27 17:31:00.811,186.54,0.0642009999502,0.0,0
2018-05-27 17:31:00.904,185.08,0.0755110049962,0.0,0
2018-05-27 17:31:01.159,183.23,0.0816120288239,0.0,0
2018-05-27 17:31:01.243,181.67,0.0880160498791,0.0,0
2018-05-27 17:31:01.336,181.05,0.0816120288239,0.0250000003725,0
2018-05-27 17:31:01.513,180.34,0.0697088086466,0.0500000007451,0
2018-05-27 17:31:01.606,179.73,0.0589828540005,0.0500000007451,0
2018-05-27 17:31:01.699,178.44,0.0493951361239,0.0500000007451,0
2018-05-27 17:31:01.792,178.87,0.0493951361239,0.0,0
2018-05-27 17:31:01.885,177.96,0.0450145566644,0.0250000003725,0
2018-05-27 17:31:02.234,179.82,0.0450145566644,0.0,0
2018-05-27 17:31:02.401,179.46,0.0450145566644,0.0,0
2018-05-27 17:31:02.774,177.22,0.0409015979631,0.0250000003725,0
2018-05-27 17:31:03.029,178.91,0.0409015979631,0.0,0
2018-05-27 17:31:03.206,177.4,0.0409015979631,0.0250000003725,0
2018-05-27 17:31:03.299,178.12,0.0408006134402,0.0500000007451,0
2018-05-27 17:31:03.476,175.14,0.0369869201388,0.0750000029802,0
2018-05-27 17:31:03.569,175.27,0.033423355588,0.0750000029802,0
2018-05-27 17:31:03.653,173.18,0.0692790444561,0.25,0
2018-05-27 17:31:03.839,172.16,0.198057782709,0.425000011921,0
2018-05-27 17:31:04.187,169.35,0.267924595872,0.15000000596,0
2018-05-27 17:31:04.280,167.98,0.30746823545,0.0750000029802,0
2018-05-27 17:31:04.448,168.4,0.335559151875,0.0750000029802,0
2018-05-27 17:31:04.541,166.34,0.380307074534,0.0750000029802,0
2018-05-27 17:31:04.634,164.44,0.395922792656,0.0500000007451,0
2018-05-27 17:31:04.727,164.22,0.395922792656,0.0500000007451,0
2018-05-27 17:31:04.820,161.57,0.395922792656,0.0750000029802,0
2018-05-27 17:31:05.075,158.69,0.395922792656,0.0750000029802,0
2018-05-27 17:31:05.168,158.02,0.280761493633,0.0500000007451,0
2018-05-27 17:31:05.904,152.33,0.11568205783,0.0250000003725,0
2018-05-27 17:31:06.159,151.65,0.0750085094534,0.0,0
2018-05-27 17:31:06.523,147.74,0.0586827432413,0.0,0
2018-05-27 17:31:06.606,147.34,0.0448710012684,0.0,0
2018-05-27 17:31:06.700,147.69,0.033423357844,0.0,0
2018-05-27 17:31:06.793,147.78,0.033423355588,0.0,0
2018-05-27 17:31:06.886,149.3,0.0408006128529,0.0,0
2018-05-27 17:31:07.141,149.77,0.0538063558703,0.0,0
2018-05-27 17:31:07.225,150.64,0.0448709991401,0.125,0
2018-05-27 17:31:07.318,152.41,0.0334233566135,0.125,0
2018-05-27 17:31:07.588,155.07,0.0492042893007,0.17499999702,0
2018-05-27 17:31:07.774,157.71,0.100900332616,0.22499999404,0
2018-05-27 17:31:07.867,157.58,0.158186401533,0.17499999702,0
2018-05-27 17:31:08.123,159.5,0.158186401533,0.0,0
2018-05-27 17:31:08.206,160.11,0.158186401533,0.0,0
2018-05-27 17:31:08.299,162.69,0.167658879644,0.0250000003725,0
2018-05-27 17:31:08.569,164.86,0.177460332535,0.0250000003725,0
2018-05-27 17:31:08.663,164.35,0.1875926905,0.0250000003725,0
2018-05-27 17:31:08.756,166.73,0.140220031322,0.0,0
2018-05-27 17:31:09.011,166.48,0.100900332088,0.0,0
2018-05-27 17:31:09.458,171.02,0.0692790411276,0.0500000007451,0
2018-05-27 17:31:09.542,172.33,0.036986920908,0.0500000007451,0
2018-05-27 17:31:09.635,172.23,0.0448709988271,0.0250000003725,0
2018-05-27 17:31:09.728,172.52,0.0408006134402,0.0250000003725,0
2018-05-27 17:31:09.821,172.97,0.0369869204135,0.0250000003725,0
2018-05-27 17:31:09.914,175.71,0.0369869204135,0.0250000003725,0
2018-05-27 17:31:10.262,176.41,0.0301030004768,0.0750000029802,0
2018-05-27 17:31:10.626,179.35,0.0586827421203,0.20000000298,0
2018-05-27 17:31:10.807,181.87,0.0586827421203,0.0,0
2018-05-27 17:31:11.058,182.92,0.0586827421203,0.0,0
2018-05-27 17:31:11.607,184.88,0.0586827421203,0.0500000007451,0
2018-05-27 17:31:11.691,186.73,0.0538063582709,0.0250000003725,0
2018-05-27 17:31:11.886,185.7,0.0538063582709,0.0250000003725,0
2018-05-27 17:31:12.048,186.27,0.0538063582709,0.0250000003725,0
2018-05-27 17:31:12.141,187.24,0.0538063582709,0.0250000003725,0
2018-05-27 17:31:12.235,187.4,0.0538063582709,0.0250000003725,0
2018-05-27 17:31:12.328,187.43,0.0448710003294,0.0250000003725,0
2018-05-27 17:31:12.421,187.27,0.0408006134402,0.0250000003725,0
2018-05-27 17:31:12.505,188.41,0.0369869204135,0.0250000003725,0
2018-05-27 17:31:12.598,188.59,0.0334233561008,0.0250000003725,0
2018-05-27 17:31:12.682,190.38,0.0369869204135,0.0250000003725,0
2018-05-27 17:31:12.775,190.72,0.0369869204135,0.0250000003725,0
2018-05-27 17:31:12.868,190.18,0.0408006134402,0.0,0
2018-05-27 17:31:13.030,190.2,0.0408006134402,0.0250000003725,0
2018-05-27 17:31:13.123,191.0,0.0448709988271,0.0,0
2018-05-27 17:31:13.216,191.08,0.0448709988271,0.0250000003725,0
2018-05-27 17:31:13.309,192.35,0.0448709988271,0.0250000003725,0
2018-05-27 17:31:13.393,192.12,0.0492042893673,0.0,0
2018-05-27 17:31:13.486,192.39,0.0492042893673,0.0250000003725,0
2018-05-27 17:31:13.663,192.55,0.0538063562233,0.0,0
2018-05-27 17:31:13.756,194.95,0.058682739953,0.0,0
2018-05-27 17:31:14.011,194.95,0.0638386628864,0.0,0
2018-05-27 17:31:14.291,197.16,0.0638386628864,0.0,0
2018-05-27 17:31:14.468,198.58,0.069279042459,0.0,0
2018-05-27 17:31:14.561,197.79,0.069279042459,0.0,0
2018-05-27 17:31:14.654,198.56,0.0750085051634,0.0,0
2018-05-27 17:31:14.747,199.61,0.0810314008342,0.0,0
2018-05-27 17:31:14.929,200.77,0.0810314008342,0.0,0
2018-05-27 17:31:15.086,199.31,0.0873518170311,0.0,0
2018-05-27 17:31:15.440,203.07,0.0873518170311,0.0,0
2018-05-27 17:31:15.627,202.86,0.0873518170311,0.0,0
2018-05-27 17:31:15.906,205.88,0.0873518170311,0.0,0
2018-05-27 17:31:16.068,204.54,0.0873518170311,0.0,0
2018-05-27 17:31:16.329,208.26,0.0873518170311,0.0,0
2018-05-27 17:31:16.422,207.16,0.0873518170311,0.0,0
2018-05-27 17:31:16.608,208.36,0.0873518170311,0.0,0
2018-05-27 17:31:16.794,209.18,0.0873518170311,0.0,0
2018-05-27 17:31:16.887,211.41,0.0873518170311,0.0,0
2018-05-27 17:31:17.049,211.0,0.0873518170311,0.0,0
2018-05-27 17:31:17.143,212.5,0.0873518170311,0.0,0
2018-05-27 17:31:17.226,212.97,0.0873518170311,0.0,0
2018-05-27 17:31:17.403,213.4,0.0873518170311,0.0,0
2018-05-27 17:31:17.496,213.72,0.0873518170311,0.0,0
2018-05-27 17:31:17.590,215.53,0.0873518170311,0.0,0
2018-05-27 17:31:17.683,214.66,0.0873518170311,0.0,0
2018-05-27 17:31:17.776,214.5,0.0873518170311,0.0,0
2018-05-27 17:31:17.870,216.4,0.0873518170311,0.0,0
2018-05-27 17:31:18.022,216.34,0.0873518170311,0.0,0
2018-05-27 17:31:18.208,216.07,0.0873518170311,0.0,0
2018-05-27 17:31:18.478,218.12,0.0873518170311,0.0,0
2018-05-27 17:31:18.571,219.21,0.0873518170311,0.0,0
2018-05-27 17:31:18.748,220.28,0.0873518170311,0.0,0
2018-05-27 17:31:18.930,221.59,0.0873518170311,0.0,0
2018-05-27 17:31:19.087,221.16,0.0873518170311,0.0,0
2018-05-27 17:31:19.171,222.81,0.0873518170311,0.0,0
2018-05-27 17:31:19.264,223.09,0.0873518170311,0.0,0
2018-05-27 17:31:19.441,223.64,0.0860093939815,0.0,0
2018-05-27 17:31:19.534,223.93,0.0860093939815,0.0,0
2018-05-27 17:31:19.618,223.79,0.0860093939815,0.0,0
2018-05-27 17:31:19.888,225.31,0.0860093939815,0.0,0
2018-05-27 17:31:20.329,227.28,0.0860093939815,0.0,0
2018-05-27 17:31:20.506,227.75,0.0860093939815,0.0,0
2018-05-27 17:31:20.693,228.18,0.0860093939815,0.0,0
2018-05-27 17:31:20.786,228.34,0.0860093939815,0.0,0
2018-05-27 17:31:20.879,227.71,0.0860093939815,0.0,0
2018-05-27 17:31:21.041,227.25,0.0860093939815,0.0,0
2018-05-27 17:31:21.227,227.61,0.0860093939815,0.0,0
2018-05-27 17:31:21.320,228.58,0.0860093939815,0.0,0
2018-05-27 17:31:21.497,229.57,0.0860093939815,0.0,0
2018-05-27 17:31:21.683,229.84,0.0860093939815,0.0,0
2018-05-27 17:31:21.777,230.06,0.0860093939815,0.0,0
2018-05-27 17:31:21.870,227.94,0.0860093939815,0.0,0
2018-05-27 17:31:22.032,225.12,0.0860093939815,0.0,0
2018-05-27 17:31:22.125,225.11,0.0860093939815,0.0,0
2018-05-27 17:31:22.218,222.64,0.0860093939815,0.0,0
2018-05-27 17:31:22.311,222.7,0.0860093939815,0.0,0
2018-05-27 17:31:22.395,219.79,0.0860093939815,0.0,0
2018-05-27 17:31:22.488,219.15,0.0860093939815,0.0,0
2018-05-27 17:31:22.581,217.61,0.0860093939815,0.0,0
2018-05-27 17:31:22.674,215.61,0.0860093939815,0.0,0
2018-05-27 17:31:22.861,213.63,0.0860093939815,0.0,0
2018-05-27 17:31:23.022,211.97,0.0860093939815,0.0,0
2018-05-27 17:31:23.116,211.44,0.0860093939815,0.0,0
2018-05-27 17:31:23.209,208.11,0.0860093939815,0.0,0
2018-05-27 17:31:23.302,207.24,0.0860093939815,0.0,0
2018-05-27 17:31:23.386,205.72,0.0860093939815,0.0,0
2018-05-27 17:31:23.572,202.88,0.0860093939815,0.0,0
2018-05-27 17:31:24.106,192.64,0.0860093939815,0.0,0
2018-05-27 17:31:24.200,190.74,0.0860093939815,0.0,0
2018-05-27 17:31:24.558,187.16,0.0860093939815,0.0,0
2018-05-27 17:31:25.163,181.54,0.0860093939815,0.0,0
2018-05-27 17:31:25.342,180.08,0.0684094305563,0.0750000029802,0
2018-05-27 17:31:25.433,180.7,0.0533139208655,0.0750000029802,0
2018-05-27 17:31:25.703,177.14,0.0333636159094,0.17499999702,0
2018-05-27 17:31:25.889,177.21,0.0445797046385,0.0750000029802,0
2018-05-27 17:31:26.228,177.07,0.0445797046385,0.0,0
2018-05-27 17:31:26.321,176.6,0.0445797046385,0.0,0
2018-05-27 17:31:26.498,177.26,0.0445797046385,0.0,0
2018-05-27 17:31:26.591,177.12,0.0445797046385,0.0,0
2018-05-27 17:31:26.684,174.66,0.0533139232102,0.0500000007451,0
2018-05-27 17:31:26.778,175.21,0.0631051472515,0.0500000007451,0
2018-05-27 17:31:26.871,175.3,0.0488172937747,0.0,0
2018-05-27 17:31:27.126,175.46,0.0368589434317,0.0,0
2018-05-27 17:31:27.209,175.21,0.0488172922132,0.0,0
2018-05-27 17:31:27.303,175.48,0.0631051454038,0.0,0
2018-05-27 17:31:27.386,173.7,0.0631051454038,0.0,0
2018-05-27 17:31:27.480,175.34,0.0631051454038,0.0,0
2018-05-27 17:31:27.573,175.09,0.0631051454038,0.0,0
2018-05-27 17:31:27.666,174.97,0.0631051454038,0.0,0
2018-05-27 17:31:27.759,175.64,0.073992162478,0.0,0
2018-05-27 17:31:27.852,175.74,0.0860093939815,0.0,0
2018-05-27 17:31:28.107,178.4,0.0860093939815,0.0,0
2018-05-27 17:31:28.293,178.48,0.0860093939815,0.0,0
2018-05-27 17:31:28.377,180.36,0.0631051454038,0.10000000149,0
2018-05-27 17:31:28.470,180.69,0.0445797031687,0.10000000149,0
2018-05-27 17:31:28.564,180.81,0.0333636159094,0.125,0
2018-05-27 17:31:28.657,182.01,0.036858943701,0.0250000003725,0
2018-05-27 17:31:28.750,181.21,0.0405955591573,0.0250000003725,0
2018-05-27 17:31:29.000,182.71,0.0445797043323,0.0250000003725,0
2018-05-27 17:31:29.089,184.06,0.0445797043323,0.0,0
2018-05-27 17:31:29.173,183.61,0.0445797043323,0.0,0
2018-05-27 17:31:29.266,183.66,0.0445797043323,0.0,0
2018-05-27 17:31:29.350,184.53,0.0445797043323,0.0,0
2018-05-27 17:31:29.443,184.97,0.030102999994,0.0,0
2018-05-27 17:31:29.536,185.34,0.0445797034749,0.0,0
2018-05-27 17:31:29.620,186.82,0.0684094309618,0.0,0
2018-05-27 17:31:29.713,187.51,0.073992162478,0.0,0
2018-05-27 17:31:29.797,187.18,0.0798575093129,0.0,0
2018-05-27 17:31:29.890,187.48,0.0860093939815,0.0,0
2018-05-27 17:31:30.052,187.73,0.0860093939815,0.0,0
2018-05-27 17:31:30.145,189.22,0.0860093939815,0.0,0
2018-05-27 17:31:30.238,189.75,0.0860093939815,0.0,0
2018-05-27 17:31:30.331,190.1,0.0860093939815,0.0,0
2018-05-27 17:31:30.424,188.95,0.0860093939815,0.0,0
2018-05-27 17:31:30.508,187.96,0.0860093939815,0.0,0
2018-05-27 17:31:30.695,185.44,0.0860093939815,0.0,0
2018-05-27 17:31:31.043,183.34,0.0860093939815,0.0,0
2018-05-27 17:31:31.219,183.5,0.0860093939815,0.0,0
2018-05-27 17:31:31.564,186.02,0.0860093939815,0.0,0
2018-05-27 17:31:32.630,178.87,0.0684094305563,0.0750000029802,0
2018-05-27 17:31:32.723,178.32,0.0488172922132,0.10000000149,0
2018-05-27 17:31:32.816,177.07,0.0301030002283,0.125,0
2018-05-27 17:31:33.164,173.78,0.033363616161,0.0250000003725,0
2018-05-27 17:31:33.518,171.0,0.0405955594449,0.0500000007451,0
2018-05-27 17:31:33.611,169.08,0.0488172941,0.0500000007451,0
2018-05-27 17:31:33.704,169.5,0.0580748781724,0.0500000007451,0
2018-05-27 17:31:33.798,168.39,0.0684094329083,0.0500000007451,0
2018-05-27 17:31:33.890,168.19,0.0860093967024,0.0750000029802,0
2018-05-27 17:31:34.052,169.55,0.0991873141411,0.0500000007451,0
2018-05-27 17:31:34.146,168.54,0.0798575114615,0.0,0
2018-05-27 17:31:34.239,168.93,0.0580748781724,0.0,0
2018-05-27 17:31:34.323,168.62,0.0405955597324,0.0250000003725,0
2018-05-27 17:31:34.499,169.19,0.0368589442397,0.0,0
2018-05-27 17:31:34.593,170.25,0.0301030004627,0.0,0
2018-05-27 17:31:35.034,173.56,0.0368589424082,0.0,0
2018-05-27 17:31:35.127,173.72,0.0445797028625,0.0,0
2018-05-27 17:31:35.211,173.22,0.0532203456067,0.0,0
2018-05-27 17:31:35.304,175.28,0.0682443860748,0.0,0
2018-05-27 17:31:35.388,175.39,0.0796348647639,0.0,0
2018-05-27 17:31:35.481,176.21,0.0796348647639,0.0,0
2018-05-27 17:31:35.667,177.97,0.0796348647639,0.0,0
2018-05-27 17:31:35.854,179.13,0.0857548612879,0.0,0
2018-05-27 17:31:36.015,180.06,0.0629658771632,0.10000000149,0
2018-05-27 17:31:36.099,181.84,0.0487437169777,0.0750000029802,0
2018-05-27 17:31:36.379,184.8,0.0487437169777,0.0,0
2018-05-27 17:31:36.462,183.25,0.0487437169777,0.0,0
2018-05-27 17:31:36.547,184.92,0.0487437169777,0.0,0
2018-05-27 17:31:36.640,185.3,0.0487437169777,0.0,0
2018-05-27 17:31:36.817,184.77,0.0487437169777,0.0,0
2018-05-27 17:31:36.910,185.45,0.0487437169777,0.0,0
2018-05-27 17:31:37.071,186.61,0.0487437169777,0.0,0
2018-05-27 17:31:37.155,187.24,0.0487437169777,0.0,0
2018-05-27 17:31:37.239,187.71,0.0682443856712,0.0,0
2018-05-27 17:31:37.416,188.11,0.0857548612879,0.0,0
2018-05-27 17:31:37.500,189.06,0.0857548612879,0.0,0
2018-05-27 17:31:37.686,189.85,0.0857548612879,0.0,0
2018-05-27 17:31:37.779,189.59,0.0857548612879,0.0,0
2018-05-27 17:31:37.873,190.43,0.0857548612879,0.0,0
2018-05-27 17:31:38.034,191.62,0.0857548612879,0.0,0
2018-05-27 17:31:38.314,192.82,0.0857548612879,0.0,0
2018-05-27 17:31:38.771,196.46,0.0857548612879,0.0,0
2018-05-27 17:31:39.212,197.47,0.0857548612879,0.0,0
2018-05-27 17:31:39.388,198.79,0.0857548612879,0.0,0
2018-05-27 17:31:39.482,198.22,0.0796348647639,0.0250000003725,0
2018-05-27 17:31:39.575,198.96,0.0737993368221,0.0250000003725,0
2018-05-27 17:31:39.668,199.08,0.0682443860748,0.0250000003725,0
2018-05-27 17:31:40.007,200.79,0.0682443860748,0.0,0
2018-05-27 17:31:40.100,200.62,0.0682443860748,0.0,0
2018-05-27 17:31:40.193,202.55,0.0682443860748,0.0,0
2018-05-27 17:31:40.375,201.58,0.0682443860748,0.0,0
2018-05-27 17:31:40.463,201.8,0.0682443860748,0.0,0
2018-05-27 17:31:40.547,202.59,0.0682443860748,0.0,0
2018-05-27 17:31:40.827,204.21,0.0682443860748,0.0,0
2018-05-27 17:31:40.910,204.42,0.0737993368221,0.0,0
2018-05-27 17:31:41.072,205.38,0.0796348647639,0.0,0
2018-05-27 17:31:41.165,204.13,0.0857548612879,0.0,0
2018-05-27 17:31:41.258,206.72,0.0857548612879,0.0,0
2018-05-27 17:31:41.435,206.12,0.0857548612879,0.0,0
2018-05-27 17:31:41.520,206.45,0.0857548612879,0.0,0
2018-05-27 17:31:41.612,208.25,0.0857548612879,0.0,0
2018-05-27 17:31:41.706,207.32,0.0857548612879,0.0,0
2018-05-27 17:31:41.799,208.94,0.0857548612879,0.0,0
2018-05-27 17:31:41.892,208.18,0.0857548612879,0.0,0
2018-05-27 17:31:42.054,209.81,0.0857548612879,0.0,0
2018-05-27 17:31:42.147,208.98,0.0857548612879,0.0,0
2018-05-27 17:31:42.240,211.07,0.0857548612879,0.0,0
2018-05-27 17:31:42.333,209.05,0.0857548612879,0.0,0
2018-05-27 17:31:42.501,212.54,0.0857548612879,0.0,0
2018-05-27 17:31:42.603,211.96,0.0857548612879,0.0,0
2018-05-27 17:31:42.696,211.91,0.0857548612879,0.0,0
2018-05-27 17:31:42.789,212.68,0.0857548612879,0.0,0
2018-05-27 17:31:42.883,211.54,0.0857548612879,0.0,0
2018-05-27 17:31:43.044,213.05,0.0857548612879,0.0,0
2018-05-27 17:31:43.138,214.8,0.0857548612879,0.0,0
2018-05-27 17:31:43.324,215.44,0.0857548612879,0.0,0
2018-05-27 17:31:43.408,214.62,0.0857548612879,0.0,0
2018-05-27 17:31:43.501,215.43,0.0857548612879,0.0,0
2018-05-27 17:31:43.594,214.97,0.0857548612879,0.0,0
2018-05-27 17:31:43.687,215.7,0.0857548612879,0.0,0
2018-05-27 17:31:43.780,216.96,0.0857548612879,0.0,0
2018-05-27 17:31:43.873,216.03,0.0857548612879,0.0,0
2018-05-27 17:31:44.678,217.66,0.0857548612879,0.0,0
2018-05-27 17:31:44.771,218.5,0.0857548612879,0.0,0
2018-05-27 17:31:44.864,219.97,0.0857548612879,0.0,0
2018-05-27 17:31:45.026,219.7,0.0857548612879,0.0,0
2018-05-27 17:31:45.120,219.6,0.0857548612879,0.0,0
2018-05-27 17:31:45.390,220.17,0.0857548612879,0.0,0
2018-05-27 17:31:45.567,220.68,0.0857548612879,0.0,0
2018-05-27 17:31:45.660,221.1,0.0857548612879,0.0,0
2018-05-27 17:31:46.343,222.63,0.0857548612879,0.0,0
2018-05-27 17:31:46.436,221.11,0.0857548612879,0.0,0
2018-05-27 17:31:46.893,207.28,0.0857548612879,0.0,0
2018-05-27 17:31:47.045,205.67,0.0857548612879,0.0,0
2018-05-27 17:31:47.139,204.24,0.0857548612879,0.0,0
2018-05-27 17:31:47.418,198.34,0.0857548612879,0.0,0
2018-05-27 17:31:47.502,196.86,0.0857548612879,0.0,0
2018-05-27 17:31:47.688,196.57,0.0857548612879,0.0,0
2018-05-27 17:31:47.865,195.14,0.0857548612879,0.0,0
2018-05-27 17:31:48.213,192.36,0.0857548612879,0.0,0
2018-05-27 17:31:48.307,193.34,0.0857548612879,0.0,0
2018-05-27 17:31:48.577,191.75,0.0857548612879,0.0,0
2018-05-27 17:31:48.847,187.82,0.0857548612879,0.0,0
2018-05-27 17:31:49.004,187.23,0.0857548612879,0.0,0
2018-05-27 17:31:49.092,187.0,0.0857548612879,0.0,0
2018-05-27 17:31:49.170,185.61,0.0857548612879,0.0,0
2018-05-27 17:31:49.446,186.55,0.0857548612879,0.0,0
2018-05-27 17:31:49.633,186.56,0.0857548612879,0.0,0
2018-05-27 17:31:49.810,185.8,0.0857548612879,0.0,0
2018-05-27 17:31:49.894,187.41,0.0857548612879,0.0,0
2018-05-27 17:31:50.055,186.75,0.0737993368221,0.0500000007451,0
2018-05-27 17:31:50.242,187.94,0.0629658771632,0.0500000007451,0
2018-05-27 17:31:50.428,187.49,0.0532203459499,0.0500000007451,0
2018-05-27 17:31:50.884,189.98,0.0532203459499,0.0,0
2018-05-27 17:31:51.140,190.3,0.0532203459499,0.0,0
2018-05-27 17:31:51.419,191.99,0.0532203459499,0.0,0
2018-05-27 17:31:51.503,191.0,0.0532203459499,0.0,0
2018-05-27 17:31:51.596,192.08,0.0532205811827,0.0,0
2018-05-27 17:31:51.689,194.02,0.0532205811827,0.0,0
2018-05-27 17:31:52.028,194.85,0.0532205811827,0.0,0
2018-05-27 17:31:52.121,195.16,0.0629662272112,0.0,0
2018-05-27 17:31:52.214,194.09,0.0737998214289,0.0,0
2018-05-27 17:31:52.484,194.85,0.0857555009121,0.0,0
2018-05-27 17:31:52.755,197.68,0.0857555009121,0.0,0
2018-05-27 17:31:53.820,203.53,0.0857555009121,0.0,0
2018-05-27 17:31:54.075,204.47,0.0857555009121,0.0,0
2018-05-27 17:31:54.168,204.01,0.0857555009121,0.0,0
2018-05-27 17:31:54.345,203.74,0.0857555009121,0.0,0
2018-05-27 17:31:54.522,206.97,0.0857555009121,0.0,0
2018-05-27 17:31:54.615,205.08,0.0857555009121,0.0,0
2018-05-27 17:31:55.038,202.47,0.0857555009121,0.0,0
2018-05-27 17:31:55.122,202.37,0.0857555009121,0.0,0
2018-05-27 17:31:55.476,201.93,0.0857555009121,0.0,0
2018-05-27 17:31:55.662,199.1,0.0857555009121,0.0,0
2018-05-27 17:31:56.010,196.78,0.0857555009121,0.0,0
2018-05-27 17:31:56.374,198.44,0.0857555009121,0.0,0
2018-05-27 17:31:56.737,199.17,0.0857555009121,0.0,0
2018-05-27 17:31:56.830,200.42,0.0857555009121,0.0,0
2018-05-27 17:31:57.439,201.22,0.0857555009121,0.0,0
2018-05-27 17:31:57.523,201.31,0.0857555009121,0.0,0
2018-05-27 17:31:57.616,199.55,0.0857555009121,0.0,0
2018-05-27 17:31:57.886,201.16,0.0857555009121,0.0,0
2018-05-27 17:31:58.048,201.26,0.0857555009121,0.0,0
2018-05-27 17:31:58.234,201.96,0.0857555009121,0.0,0
2018-05-27 17:31:58.327,201.73,0.0857555009121,0.0,0
2018-05-27 17:31:58.598,202.52,0.0857555009121,0.0,0
2018-05-27 17:31:58.691,202.46,0.0857555009121,0.0,0
2018-05-27 17:31:58.784,200.47,0.0857555009121,0.0,0
2018-05-27 17:31:59.039,200.4,0.0857555009121,0.0,0
2018-05-27 17:31:59.132,198.85,0.0857555009121,0.0,0
2018-05-27 17:31:59.225,200.85,0.0857555009121,0.0,0
2018-05-27 17:31:59.402,201.15,0.0857555009121,0.0,0
2018-05-27 17:31:59.486,201.45,0.0857555009121,0.0,0
2018-05-27 17:31:59.598,201.9,0.0857555009121,0.0,0
2018-05-27 17:31:59.775,200.74,0.0857555009121,0.0,0
2018-05-27 17:31:59.868,201.26,0.0857555009121,0.0,0
2018-05-27 17:32:00.030,203.75,0.0857555009121,0.0,0
2018-05-27 17:32:00.123,202.63,0.0857555009121,0.0,0
2018-05-27 17:32:00.216,203.62,0.0857555009121,0.0,0
2018-05-27 17:32:00.309,203.74,0.0857555009121,0.0,0
2018-05-27 17:32:00.393,204.52,0.0857555009121,0.0,0
2018-05-27 17:32:00.486,204.68,0.0857555009121,0.0,0
2018-05-27 17:32:00.663,207.49,0.0857555009121,0.0,0
2018-05-27 17:32:00.756,206.25,0.0857555009121,0.0,0
2018-05-27 17:32:01.007,208.8,0.0857555009121,0.0,0
2018-05-27 17:32:01.272,210.14,0.0857555009121,0.0,0
2018-05-27 17:32:01.449,210.31,0.0857555009121,0.0,0
2018-05-27 17:32:01.542,210.41,0.0857555009121,0.0,0
2018-05-27 17:32:01.636,211.48,0.0857555009121,0.0,0
2018-05-27 17:32:01.729,211.85,0.0857555009121,0.0,0
2018-05-27 17:32:01.915,212.76,0.0857555009121,0.0,0
2018-05-27 17:32:02.170,214.42,0.0857555009121,0.0,0
2018-05-27 17:32:02.263,214.75,0.0857555009121,0.0,0
2018-05-27 17:32:02.347,214.84,0.0857555009121,0.0,0
2018-05-27 17:32:02.440,215.17,0.0857555009121,0.0,0
2018-05-27 17:32:02.524,215.25,0.0857555009121,0.0,0
2018-05-27 17:32:02.617,216.48,0.0857555009121,0.0,0
2018-05-27 17:32:02.803,216.07,0.0857555009121,0.0,0
2018-05-27 17:32:02.897,217.31,0.0857555009121,0.0,0
2018-05-27 17:32:03.058,218.98,0.0857555009121,0.0,0
2018-05-27 17:32:03.245,219.28,0.0857555009121,0.0,0
2018-05-27 17:32:03.422,220.09,0.0857555009121,0.0,0
2018-05-27 17:32:03.515,220.43,0.0857555009121,0.0,0
2018-05-27 17:32:03.609,221.71,0.0857555009121,0.0,0
2018-05-27 17:32:03.701,221.79,0.0857555009121,0.0,0
2018-05-27 17:32:03.794,221.24,0.0857555009121,0.0,0
2018-05-27 17:32:03.887,221.68,0.0857555009121,0.0,0
2018-05-27 17:32:04.226,222.67,0.0857555009121,0.0,0
2018-05-27 17:32:04.319,224.5,0.0857555009121,0.0,0
2018-05-27 17:32:04.403,223.34,0.0857555009121,0.0,0
2018-05-27 17:32:04.590,225.04,0.0857555009121,0.0,0
2018-05-27 17:32:04.683,226.43,0.0857555009121,0.0,0
2018-05-27 17:32:04.776,226.61,0.0857555009121,0.0,0
2018-05-27 17:32:05.031,226.03,0.0857555009121,0.0,0
2018-05-27 17:32:05.208,227.21,0.0857555009121,0.0,0
2018-05-27 17:32:05.301,227.1,0.0857555009121,0.0,0
2018-05-27 17:32:05.385,226.91,0.0857555009121,0.0,0
2018-05-27 17:32:05.478,227.11,0.0857555009121,0.0,0
2018-05-27 17:32:05.571,228.79,0.0857555009121,0.0,0
2018-05-27 17:32:05.846,228.48,0.0857555009121,0.0,0
2018-05-27 17:32:06.096,229.34,0.0857555009121,0.0,0
2018-05-27 17:32:06.357,230.39,0.0857555009121,0.0,0
2018-05-27 17:32:06.450,230.66,0.0857555009121,0.0,0
2018-05-27 17:32:06.627,230.9,0.0857555009121,0.0,0
2018-05-27 17:32:06.720,231.49,0.0857555009121,0.0,0
2018-05-27 17:32:06.897,231.56,0.0857555009121,0.0,0
2018-05-27 17:32:07.059,231.86,0.0857555009121,0.0,0
2018-05-27 17:32:07.152,232.27,0.0796354242821,0.0250000003725,0
2018-05-27 17:32:07.330,233.24,0.0737998214289,0.0250000003725,0
2018-05-27 17:32:07.609,231.84,0.0737998214289,0.0,0
2018-05-27 17:32:07.702,230.84,0.0737998214289,0.0,0
2018-05-27 17:32:07.796,228.54,0.0737998214289,0.0,0
2018-05-27 17:32:07.888,226.92,0.0737998214289,0.0,0
2018-05-27 17:32:08.050,225.02,0.0737998214289,0.0,0
2018-05-27 17:32:08.330,218.97,0.0737998214289,0.0,0
2018-05-27 17:32:08.423,215.94,0.0737998214289,0.0,0
2018-05-27 17:32:08.693,211.77,0.0737998214289,0.0,0
2018-05-27 17:32:09.041,205.46,0.0932113970018,0.0,0
2018-05-27 17:32:09.134,204.58,0.101316861567,0.0,0
2018-05-27 17:32:09.321,201.05,0.101316861567,0.0,0
2018-05-27 17:32:09.404,200.14,0.101316861567,0.0,0
2018-05-27 17:32:09.497,199.28,0.101316861567,0.0,0
2018-05-27 17:32:09.591,198.75,0.101316861567,0.0,0
2018-05-27 17:32:09.777,195.42,0.101316861567,0.0,0
2018-05-27 17:32:10.395,189.38,0.101316861567,0.0,0
2018-05-27 17:32:10.582,186.49,0.101316861567,0.0,0
2018-05-27 17:32:10.861,183.78,0.101316861567,0.0,0
2018-05-27 17:32:11.023,182.97,0.101316861567,0.0,0
2018-05-27 17:32:11.116,182.11,0.101316861567,0.0,0
2018-05-27 17:32:11.209,181.45,0.101316861567,0.0,0
2018-05-27 17:32:11.386,178.43,0.101316861567,0.0,0
2018-05-27 17:32:11.572,177.78,0.101316861567,0.0,0
2018-05-27 17:32:11.666,177.98,0.101316861567,0.0,0
2018-05-27 17:32:11.759,178.69,0.101316861567,0.0,0
2018-05-27 17:32:12.088,179.37,0.101316861567,0.0,0
2018-05-27 17:32:12.181,177.81,0.101316861567,0.0,0
2018-05-27 17:32:12.275,177.29,0.101316861567,0.0,0
2018-05-27 17:32:12.368,176.81,0.101316861567,0.0,0
2018-05-27 17:32:12.545,177.98,0.101316861567,0.0,0
2018-05-27 17:32:12.722,180.54,0.101316861567,0.0,0
2018-05-27 17:32:12.815,180.72,0.101316861567,0.0,0
2018-05-27 17:32:12.909,180.06,0.101316861567,0.0,0
2018-05-27 17:32:13.060,179.82,0.101316861567,0.0,0
2018-05-27 17:32:13.256,180.79,0.0855239637254,0.0500000007451,0
2018-05-27 17:32:13.341,181.84,0.0855239637254,0.0,0
2018-05-27 17:32:13.526,183.01,0.0855239637254,0.0,0
2018-05-27 17:32:13.619,182.79,0.0855239637254,0.0,0
2018-05-27 17:32:13.713,182.74,0.0855239637254,0.0,0
2018-05-27 17:32:13.806,182.94,0.0855239637254,0.0,0
2018-05-27 17:32:13.899,183.5,0.0855239637254,0.0,0
2018-05-27 17:32:14.061,183.16,0.0855239637254,0.0,0
2018-05-27 17:32:14.154,183.41,0.0855239637254,0.0,0
2018-05-27 17:32:14.247,183.89,0.0855239637254,0.0,0
2018-05-27 17:32:14.517,186.21,0.101316861567,0.0,0
2018-05-27 17:32:14.703,187.39,0.101316861567,0.0,0
2018-05-27 17:32:14.797,187.82,0.101316861567,0.0,0
2018-05-27 17:32:14.890,188.91,0.101316861567,0.0,0
2018-05-27 17:32:15.145,189.51,0.101316861567,0.0,0
2018-05-27 17:32:15.331,191.17,0.101316861567,0.0,0
2018-05-27 17:32:15.425,192.21,0.101316861567,0.0,0
2018-05-27 17:32:15.508,191.61,0.101316861567,0.0,0
2018-05-27 17:32:15.601,192.61,0.101316861567,0.0,0
2018-05-27 17:32:15.694,193.66,0.101316861567,0.0,0
2018-05-27 17:32:15.881,194.05,0.101316861567,0.0,0
2018-05-27 17:32:16.043,193.42,0.101316861567,0.0,0
2018-05-27 17:32:16.136,196.26,0.101316861567,0.0,0
2018-05-27 17:32:16.322,194.14,0.101316861567,0.0,0
2018-05-27 17:32:16.415,193.21,0.101316861567,0.0,0
2018-05-27 17:32:16.592,191.42,0.101316861567,0.0,0
2018-05-27 17:32:16.778,189.1,0.101316861567,0.0,0
2018-05-27 17:32:17.220,188.58,0.101316861567,0.0,0
2018-05-27 17:32:17.490,185.52,0.101316861567,0.0,0
2018-05-27 17:32:17.583,185.09,0.101316861567,0.0,0
2018-05-27 17:32:17.676,184.78,0.101316861567,0.0,0
2018-05-27 17:32:17.769,183.6,0.101316861567,0.0,0
2018-05-27 17:32:18.117,181.81,0.101316861567,0.0,0
2018-05-27 17:32:18.210,181.57,0.101316861567,0.0,0
2018-05-27 17:32:18.387,181.98,0.101316861567,0.0,0
2018-05-27 17:32:18.574,180.82,0.101316861567,0.0,0
2018-05-27 17:32:18.667,179.91,0.101316861567,0.0,0
2018-05-27 17:32:18.853,179.84,0.101316861567,0.0,0
2018-05-27 17:32:19.099,179.0,0.101316861567,0.0,0
2018-05-27 17:32:19.266,178.77,0.101316861567,0.0,0
2018-05-27 17:32:19.350,179.6,0.101316861567,0.0,0
2018-05-27 17:32:19.443,181.14,0.101316861567,0.0,0
2018-05-27 17:32:19.527,179.51,0.101316861567,0.0,0
2018-05-27 17:32:19.620,180.29,0.101316861567,0.0,0
2018-05-27 17:32:19.714,181.26,0.101316861567,0.0,0
2018-05-27 17:32:19.891,182.87,0.101316861567,0.0,0
2018-05-27 17:32:20.239,184.15,0.101316861567,0.0,0
2018-05-27 17:32:20.333,184.21,0.101316861567,0.0,0
2018-05-27 17:32:20.425,184.73,0.101316861567,0.0,0
2018-05-27 17:32:20.518,185.42,0.101316861567,0.0,0
2018-05-27 17:32:20.602,185.34,0.101316861567,0.0,0
2018-05-27 17:32:20.714,186.96,0.101316861567,0.0,0
2018-05-27 17:32:21.062,187.71,0.101316861567,0.0,0
2018-05-27 17:32:21.155,188.2,0.101316861567,0.0,0
2018-05-27 17:32:21.332,190.07,0.101316861567,0.0,0
2018-05-27 17:32:21.425,189.55,0.101316861567,0.0,0
2018-05-27 17:32:21.602,191.97,0.101316861567,0.0,0
2018-05-27 17:32:21.695,191.05,0.101316861567,0.0,0
2018-05-27 17:32:21.788,191.03,0.101316861567,0.0,0
2018-05-27 17:32:21.882,191.87,0.101316861567,0.0,0
2018-05-27 17:32:22.136,194.43,0.101316861567,0.0,0
2018-05-27 17:32:22.229,194.44,0.101316861567,0.0,0
2018-05-27 17:32:22.416,194.57,0.101316861567,0.0,0
2018-05-27 17:32:22.593,195.34,0.101316861567,0.0,0
2018-05-27 17:32:22.686,195.02,0.101316861567,0.0,0
2018-05-27 17:32:22.779,196.66,0.101316861567,0.0,0
2018-05-27 17:32:22.872,198.09,0.101316861567,0.0,0
2018-05-27 17:32:23.034,197.43,0.101316861567,0.0,0
2018-05-27 17:32:23.127,197.67,0.101316861567,0.0,0
2018-05-27 17:32:23.220,199.86,0.101316861567,0.0,0
2018-05-27 17:32:23.397,200.85,0.101316861567,0.0,0
2018-05-27 17:32:23.490,200.48,0.101316861567,0.0,0
2018-05-27 17:32:23.583,201.97,0.101316861567,0.0,0
2018-05-27 17:32:23.677,202.46,0.101316861567,0.0,0
2018-05-27 17:32:23.770,201.76,0.106581439986,0.0,0
2018-05-27 17:32:24.574,206.93,0.106581439986,0.0,0
2018-05-27 17:32:24.760,208.14,0.106581439986,0.0,0
2018-05-27 17:32:24.854,210.02,0.106581439986,0.0,0
2018-05-27 17:32:25.276,211.21,0.106581439986,0.0,0
2018-05-27 17:32:25.360,211.4,0.106581439986,0.0,0
2018-05-27 17:32:25.453,213.07,0.106581439986,0.0,0
2018-05-27 17:32:25.546,212.14,0.106581439986,0.0,0
2018-05-27 17:32:25.807,213.42,0.106581439986,0.0,0
2018-05-27 17:32:25.900,213.35,0.106581439986,0.0,0
2018-05-27 17:32:26.062,212.79,0.106581439986,0.0,0
2018-05-27 17:32:26.146,211.95,0.106581439986,0.0,0
2018-05-27 17:32:26.239,209.1,0.106581439986,0.0,0
2018-05-27 17:32:26.332,207.44,0.106581439986,0.0,0
2018-05-27 17:32:26.425,205.79,0.106581439986,0.0,0
2018-05-27 17:32:26.518,204.8,0.106581439986,0.0,0
2018-05-27 17:32:26.612,204.66,0.106581439986,0.0,0
2018-05-27 17:32:26.705,204.76,0.106581439986,0.0,0
2018-05-27 17:32:26.798,204.76,0.106581439986,0.0,0
2018-05-27 17:32:27.053,205.13,0.106581439986,0.0,0
2018-05-27 17:32:27.137,205.75,0.106581439986,0.0,0
2018-05-27 17:32:27.323,207.13,0.106581439986,0.0,0
2018-05-27 17:32:27.416,209.22,0.106581439986,0.0,0
2018-05-27 17:32:27.509,208.63,0.106581439986,0.0,0
2018-05-27 17:32:27.696,209.67,0.106581439986,0.0,0
2018-05-27 17:32:27.789,211.68,0.106581439986,0.0,0
2018-05-27 17:32:28.128,212.19,0.106581439986,0.0,0
2018-05-27 17:32:28.314,212.73,0.106581439986,0.0,0
2018-05-27 17:32:28.398,213.23,0.106581439986,0.0,0
2018-05-27 17:32:28.491,214.04,0.106581439986,0.0,0
2018-05-27 17:32:28.677,214.3,0.106581439986,0.0,0
2018-05-27 17:32:28.864,216.94,0.106581439986,0.0,0
2018-05-27 17:32:29.016,217.65,0.106581439986,0.0,0
2018-05-27 17:32:29.295,218.82,0.106581439986,0.0,0
2018-05-27 17:32:29.556,217.86,0.106581439986,0.0,0
2018-05-27 17:32:29.826,220.1,0.106581439986,0.0,0
2018-05-27 17:32:30.072,221.06,0.106581439986,0.0,0
2018-05-27 17:32:30.249,221.53,0.106581439986,0.0,0
2018-05-27 17:32:30.891,224.17,0.106581439986,0.0,0
2018-05-27 17:32:31.053,224.98,0.106581439986,0.0,0
2018-05-27 17:32:31.239,224.23,0.106581439986,0.0,0
2018-05-27 17:32:31.323,225.59,0.106581439986,0.0,0
2018-05-27 17:32:31.416,225.44,0.106581439986,0.0,0
2018-05-27 17:32:31.603,222.75,0.106581439986,0.0,0
2018-05-27 17:32:31.789,221.27,0.106581439986,0.0,0
2018-05-27 17:32:32.044,216.82,0.106581439986,0.0,0
2018-05-27 17:32:32.137,214.6,0.106581439986,0.0,0
2018-05-27 17:32:32.407,208.3,0.106581439986,0.0,0
2018-05-27 17:32:32.687,204.22,0.106581439986,0.0,0
2018-05-27 17:32:32.873,198.97,0.106581439986,0.0,0
2018-05-27 17:32:33.221,196.73,0.106581439986,0.0,0
2018-05-27 17:32:33.389,195.94,0.106581439986,0.0,0
2018-05-27 17:32:33.482,192.98,0.106581439986,0.0,0
2018-05-27 17:32:33.761,192.44,0.106581439986,0.0,0
2018-05-27 17:32:34.100,191.68,0.106581439986,0.0,0
2018-05-27 17:32:34.184,189.38,0.106581439986,0.0,0
2018-05-27 17:32:34.277,189.39,0.106581439986,0.0,0
2018-05-27 17:32:34.454,188.4,0.106581439986,0.0,0
2018-05-27 17:32:34.640,186.03,0.106581439986,0.0,0
2018-05-27 17:32:34.827,185.59,0.106581439986,0.0,0
2018-05-27 17:32:34.920,184.44,0.106581439986,0.0,0
2018-05-27 17:32:35.165,184.94,0.106581439986,0.0,0
2018-05-27 17:32:35.789,185.05,0.106581439986,0.0,0
2018-05-27 17:32:36.137,185.25,0.106581439986,0.0,0
2018-05-27 17:32:36.230,185.07,0.106581439986,0.0,0
2018-05-27 17:32:37.128,186.64,0.106581439986,0.0,0
2018-05-27 17:32:37.761,189.6,0.106581439986,0.0,0
2018-05-27 17:32:37.855,189.71,0.106581439986,0.0,0
2018-05-27 17:32:38.361,192.11,0.106581439986,0.0,0
2018-05-27 17:32:38.547,193.63,0.106581439986,0.0,0
2018-05-27 17:32:38.640,192.67,0.106581439986,0.0,0
2018-05-27 17:32:38.734,192.81,0.106581439986,0.0,0
2018-05-27 17:32:38.827,191.29,0.106581439986,0.0,0
2018-05-27 17:32:39.175,189.92,0.106581439986,0.0,0
2018-05-27 17:32:39.445,187.21,0.106581439986,0.0,0
2018-05-27 17:32:39.631,188.62,0.106581439986,0.0,0
2018-05-27 17:32:39.901,187.04,0.106581439986,0.0,0
2018-05-27 17:32:40.175,188.16,0.106581439986,0.0,0
2018-05-27 17:32:40.529,192.3,0.106581439986,0.0,0
2018-05-27 17:32:40.622,191.28,0.106581439986,0.0,0
2018-05-27 17:32:40.901,192.43,0.106581439986,0.0,0
2018-05-27 17:32:41.156,194.46,0.106581439986,0.0,0
2018-05-27 17:32:41.510,195.66,0.106581439986,0.0,0
2018-05-27 17:32:41.604,195.54,0.106581439986,0.0,0
2018-05-27 17:32:41.873,193.14,0.106581439986,0.0,0
2018-05-27 17:32:42.026,195.42,0.106581439986,0.0,0
2018-05-27 17:32:42.389,195.37,0.106581439986,0.0,0
2018-05-27 17:32:42.669,195.47,0.106581439986,0.0,0
2018-05-27 17:32:42.780,195.07,0.106581439986,0.0,0
2018-05-27 17:32:42.874,195.54,0.106581439986,0.0,0
2018-05-27 17:32:43.129,196.83,0.106581439986,0.0,0
2018-05-27 17:32:43.222,195.82,0.106581439986,0.0,0
2018-05-27 17:32:43.315,196.15,0.106581439986,0.0,0
2018-05-27 17:32:43.399,196.29,0.106581439986,0.0,0
2018-05-27 17:32:43.669,197.73,0.106581439986,0.0,0
2018-05-27 17:32:43.855,198.49,0.106581439986,0.0,0
2018-05-27 17:32:44.184,199.02,0.106581439986,0.0,0
2018-05-27 17:32:44.278,199.52,0.106581439986,0.0,0
2018-05-27 17:32:44.361,200.1,0.106581439986,0.0,0
2018-05-27 17:32:44.455,201.69,0.106581439986,0.0,0
2018-05-27 17:32:44.548,201.11,0.108678308293,0.0,0
2018-05-27 17:32:44.641,200.51,0.108678308293,0.0,0
2018-05-27 17:32:44.920,202.02,0.108678308293,0.0,0
2018-05-27 17:32:45.175,202.98,0.108678308293,0.0,0
2018-05-27 17:32:45.268,203.92,0.108678308293,0.0,0
2018-05-27 17:32:45.352,204.8,0.108678308293,0.0,0
2018-05-27 17:32:45.529,204.85,0.108678308293,0.0,0
2018-05-27 17:32:45.715,206.74,0.108678308293,0.0,0
2018-05-27 17:32:45.809,205.67,0.108678308293,0.0,0
2018-05-27 17:32:45.902,207.85,0.108678308293,0.0,0
2018-05-27 17:32:46.063,207.41,0.108678308293,0.0,0
2018-05-27 17:32:46.157,208.67,0.108678308293,0.0,0
2018-05-27 17:32:46.241,209.26,0.108678308293,0.0,0
2018-05-27 17:32:46.334,208.45,0.108678308293,0.0,0
2018-05-27 17:32:46.427,209.96,0.108678308293,0.0,0
2018-05-27 17:32:46.520,209.33,0.108678308293,0.0,0
2018-05-27 17:32:46.613,210.87,0.108678308293,0.0,0
2018-05-27 17:32:46.706,209.9,0.108678308293,0.0,0
2018-05-27 17:32:46.799,212.1,0.108678308293,0.0,0
2018-05-27 17:32:46.892,211.39,0.108678308293,0.0,0
2018-05-27 17:32:47.054,212.16,0.108678308293,0.0,0
2018-05-27 17:32:47.148,214.0,0.108678308293,0.0,0
2018-05-27 17:32:47.231,214.42,0.108678308293,0.0,0
2018-05-27 17:32:47.324,213.49,0.108678308293,0.0,0
2018-05-27 17:32:47.417,214.6,0.108678308293,0.0,0
2018-05-27 17:32:47.511,215.59,0.108678308293,0.0,0
2018-05-27 17:32:47.604,214.57,0.108678308293,0.0,0
2018-05-27 17:32:47.697,216.09,0.108678308293,0.0,0
2018-05-27 17:32:47.883,216.0,0.108678308293,0.0,0
2018-05-27 17:32:48.129,216.89,0.108678308293,0.0,0
2018-05-27 17:32:48.222,217.89,0.108678308293,0.0,0
2018-05-27 17:32:48.315,219.44,0.108678308293,0.0,0
2018-05-27 17:32:48.492,220.32,0.108678308293,0.0,0
2018-05-27 17:32:48.585,218.89,0.108678308293,0.0,0
2018-05-27 17:32:48.678,219.62,0.108678308293,0.0,0
2018-05-27 17:32:48.772,220.17,0.108678308293,0.0,0
2018-05-27 17:32:48.865,221.4,0.108678308293,0.0,0
2018-05-27 17:32:49.203,223.31,0.108678308293,0.0,0
2018-05-27 17:32:49.296,222.17,0.108678308293,0.0,0
2018-05-27 17:32:49.558,224.46,0.108678308293,0.0,0
2018-05-27 17:32:49.651,224.28,0.108678308293,0.0,0
2018-05-27 17:32:49.734,223.92,0.108678308293,0.0,0
2018-05-27 17:32:49.911,224.28,0.108678308293,0.0,0
2018-05-27 17:32:50.073,225.44,0.108678308293,0.0,0
2018-05-27 17:32:50.157,226.71,0.108678308293,0.0,0
2018-05-27 17:32:50.250,225.33,0.108678308293,0.0,0
2018-05-27 17:32:50.334,226.49,0.108678308293,0.0,0
2018-05-27 17:32:50.427,226.37,0.108678308293,0.0,0
2018-05-27 17:32:50.613,225.96,0.108678308293,0.0,0
2018-05-27 17:32:50.893,226.46,0.108678308293,0.0,0
2018-05-27 17:32:51.054,226.75,0.108678308293,0.0,0
2018-05-27 17:32:51.148,226.89,0.108678308293,0.0,0
2018-05-27 17:32:51.241,228.34,0.108678308293,0.0,0
2018-05-27 17:32:51.334,228.67,0.108678308293,0.0,0
2018-05-27 17:32:51.427,228.89,0.108678308293,0.0,0
2018-05-27 17:32:51.511,227.3,0.108678308293,0.0,0
2018-05-27 17:32:51.883,229.99,0.108678308293,0.0,0
2018-05-27 17:32:52.045,229.76,0.108678308293,0.0,0
2018-05-27 17:32:52.138,230.01,0.108678308293,0.0,0
2018-05-27 17:32:52.232,230.75,0.108678308293,0.0,0
2018-05-27 17:32:52.409,228.93,0.108678308293,0.0,0
2018-05-27 17:32:52.502,230.22,0.108678308293,0.0,0
2018-05-27 17:32:52.595,229.34,0.108678308293,0.0,0
2018-05-27 17:32:52.688,230.07,0.108678308293,0.0,0
2018-05-27 17:32:52.772,230.35,0.108678308293,0.0,0
2018-05-27 17:32:52.865,230.51,0.108678308293,0.0,0
2018-05-27 17:32:53.027,231.13,0.108678308293,0.0,0
2018-05-27 17:32:53.120,230.98,0.108678308293,0.0,0
2018-05-27 17:32:53.213,230.68,0.108678308293,0.0,0
2018-05-27 17:32:53.390,231.61,0.108678308293,0.0,0
2018-05-27 17:32:53.669,231.83,0.108678308293,0.0,0
2018-05-27 17:32:53.763,231.87,0.108678308293,0.0,0
2018-05-27 17:32:54.013,232.34,0.108678308293,0.0,0
2018-05-27 17:32:54.185,232.64,0.108678308293,0.0,0
2018-05-27 17:32:54.455,231.95,0.108678308293,0.0,0
2018-05-27 17:32:54.548,229.68,0.108678308293,0.0,0
2018-05-27 17:32:54.642,225.86,0.108678308293,0.0,0
2018-05-27 17:32:54.735,223.47,0.108678308293,0.0,0
2018-05-27 17:32:54.822,224.1,0.108678308293,0.0,0
2018-05-27 17:32:55.074,218.46,0.108678308293,0.0,0
2018-05-27 17:32:55.157,217.4,0.108678308293,0.0,0
2018-05-27 17:32:55.251,216.12,0.108678308293,0.0,0
2018-05-27 17:32:55.604,212.53,0.108678308293,0.0,0
2018-05-27 17:32:56.232,208.05,0.108678308293,0.0,0
2018-05-27 17:32:56.325,205.44,0.108678308293,0.0,0
2018-05-27 17:32:56.502,207.01,0.108678308293,0.0,0
2018-05-27 17:32:56.782,204.66,0.108678308293,0.0,0
2018-05-27 17:32:56.875,204.35,0.108678308293,0.0,0
2018-05-27 17:32:57.037,205.46,0.108678308293,0.0,0
2018-05-27 17:32:57.223,206.14,0.108678308293,0.0,0
2018-05-27 17:32:57.316,205.49,0.108678308293,0.0,0
2018-05-27 17:32:57.400,205.25,0.108678308293,0.0,0
2018-05-27 17:32:57.586,204.96,0.108678308293,0.0,0
2018-05-27 17:32:57.679,204.52,0.108678308293,0.0,0
2018-05-27 17:32:57.772,205.61,0.108678308293,0.0,0
2018-05-27 17:32:57.866,204.47,0.108678308293,0.0,0
2018-05-27 17:32:58.027,205.39,0.108678308293,0.0,0
2018-05-27 17:32:58.120,203.53,0.108678308293,0.0,0
2018-05-27 17:32:58.214,205.43,0.108678308293,0.0,0
2018-05-27 17:32:58.307,204.14,0.108678308293,0.0,0
2018-05-27 17:32:58.391,204.21,0.108678308293,0.0,0
2018-05-27 17:32:58.484,203.35,0.108678308293,0.0,0
2018-05-27 17:32:58.577,205.9,0.108678308293,0.0,0
2018-05-27 17:32:58.670,205.07,0.108678308293,0.0,0
2018-05-27 17:32:59.013,205.01,0.108678308293,0.0,0
2018-05-27 17:32:59.102,206.16,0.108678308293,0.0,0
2018-05-27 17:32:59.186,206.39,0.108678308293,0.0,0
2018-05-27 17:32:59.279,206.5,0.108678308293,0.0,0
2018-05-27 17:32:59.363,206.44,0.108678308293,0.0,0
2018-05-27 17:32:59.456,206.81,0.108678308293,0.0,0
2018-05-27 17:32:59.549,207.09,0.108678308293,0.0,0
2018-05-27 17:32:59.642,207.06,0.108678308293,0.0,0
2018-05-27 17:32:59.735,207.96,0.108678308293,0.0,0
2018-05-27 17:32:59.922,208.54,0.108678308293,0.0,0
2018-05-27 17:33:00.083,208.69,0.108678308293,0.0,0
2018-05-27 17:33:00.270,210.05,0.108678308293,0.0,0
2018-05-27 17:33:00.354,211.12,0.108678308293,0.0,0
2018-05-27 17:33:00.447,210.49,0.108678308293,0.0,0
2018-05-27 17:33:00.531,210.6,0.108678308293,0.0,0
2018-05-27 17:33:00.624,211.67,0.108678308293,0.0,0
2018-05-27 17:33:00.810,212.42,0.108678308293,0.0,0
2018-05-27 17:33:00.903,214.29,0.108678308293,0.0,0
2018-05-27 17:33:01.158,215.03,0.108678308293,0.0,0
2018-05-27 17:33:01.242,214.54,0.108678308293,0.0,0
2018-05-27 17:33:01.335,215.43,0.108678308293,0.0,0
2018-05-27 17:33:01.428,214.92,0.108678308293,0.0,0
2018-05-27 17:33:01.521,215.92,0.108678308293,0.0,0
2018-05-27 17:33:01.614,217.16,0.108678308293,0.0,0
2018-05-27 17:33:01.708,215.61,0.108678308293,0.0,0
2018-05-27 17:33:01.801,216.9,0.108678308293,0.0,0
2018-05-27 17:33:02.326,213.62,0.108678308293,0.0,0
2018-05-27 17:33:02.410,213.66,0.108678308293,0.0,0
2018-05-27 17:33:02.503,210.41,0.108678308293,0.0,0
2018-05-27 17:33:02.596,211.14,0.108678308293,0.0,0
2018-05-27 17:33:02.782,210.93,0.108678308293,0.0,0
2018-05-27 17:33:02.875,211.51,0.108678308293,0.0,0
2018-05-27 17:33:03.121,210.61,0.108678308293,0.0,0
2018-05-27 17:33:03.214,212.69,0.108678308293,0.0,0
2018-05-27 17:33:03.484,210.46,0.108678308293,0.0,0
2018-05-27 17:33:03.577,212.12,0.108678308293,0.0,0
2018-05-27 17:33:03.671,210.29,0.108678308293,0.0,0
2018-05-27 17:33:04.000,209.62,0.108678308293,0.0,0
2018-05-27 17:33:04.186,208.92,0.108678308293,0.0,0
2018-05-27 17:33:04.280,209.27,0.108678308293,0.0,0
2018-05-27 17:33:04.370,209.56,0.108678308293,0.0,0
2018-05-27 17:33:04.447,209.76,0.108678308293,0.0,0
2018-05-27 17:33:04.540,209.26,0.108678308293,0.0,0
2018-05-27 17:33:04.606,209.58,0.108678308293,0.0,0
2018-05-27 17:33:04.708,209.33,0.108678308293,0.0,0
2018-05-27 17:33:04.885,210.7,0.108678308293,0.0,0
2018-05-27 17:33:05.224,210.48,0.108678308293,0.0,0
2018-05-27 17:33:05.401,212.46,0.108678308293,0.0,0
2018-05-27 17:33:05.494,210.97,0.108678308293,0.0,0
2018-05-27 17:33:05.587,211.67,0.108678308293,0.0,0
2018-05-27 17:33:05.773,211.12,0.108678308293,0.0,0
2018-05-27 17:33:05.866,213.54,0.108678308293,0.0,0
2018-05-27 17:33:06.019,213.43,0.108678308293,0.0,0
2018-05-27 17:33:06.298,213.73,0.108678308293,0.0,0
2018-05-27 17:33:06.391,212.8,0.108678308293,0.0,0
2018-05-27 17:33:06.475,213.15,0.108678308293,0.0,0
2018-05-27 17:33:06.643,215.1,0.108678308293,0.0,0
2018-05-27 17:33:06.736,213.64,0.108678308293,0.0,0
2018-05-27 17:33:06.922,215.68,0.108678308293,0.0,0
2018-05-27 17:33:07.177,216.1,0.108678308293,0.0,0
2018-05-27 17:33:07.270,216.9,0.108678308293,0.0,0
2018-05-27 17:33:07.354,218.43,0.108678308293,0.0,0
2018-05-27 17:33:07.531,218.83,0.108678308293,0.0,0
2018-05-27 17:33:07.811,218.48,0.108678308293,0.0,0
2018-05-27 17:33:07.904,218.66,0.108678308293,0.0,0
2018-05-27 17:33:08.066,217.54,0.108678308293,0.0,0
2018-05-27 17:33:08.159,218.66,0.108678308293,0.0,0
2018-05-27 17:33:08.252,220.19,0.108678308293,0.0,0
2018-05-27 17:33:08.336,219.09,0.108678308293,0.0,0
2018-05-27 17:33:08.523,221.12,0.108678308293,0.0,0
2018-05-27 17:33:08.885,221.2,0.108678308293,0.0,0
2018-05-27 17:33:09.233,222.55,0.108678308293,0.0,0
2018-05-27 17:33:09.412,223.57,0.108678308293,0.0,0
2018-05-27 17:33:09.597,222.98,0.108678308293,0.0,0
2018-05-27 17:33:09.690,223.08,0.108678308293,0.0,0
2018-05-27 17:33:09.783,223.6,0.108678308293,0.0,0
2018-05-27 17:33:10.038,225.84,0.108678308293,0.0,0
2018-05-27 17:33:10.224,224.71,0.108678308293,0.0,0
2018-05-27 17:33:10.317,224.96,0.108678308293,0.0,0
2018-05-27 17:33:10.401,225.47,0.108678308293,0.0,0
2018-05-27 17:33:10.495,224.74,0.108678308293,0.0,0
2018-05-27 17:33:10.585,226.59,0.108678308293,0.0,0
2018-05-27 17:33:10.764,226.22,0.108678308293,0.0,0
2018-05-27 17:33:10.858,226.39,0.108678308293,0.0,0
2018-05-27 17:33:11.015,227.74,0.108678308293,0.0,0
2018-05-27 17:33:11.187,226.73,0.108678308293,0.0,0
2018-05-27 17:33:11.262,226.31,0.108678308293,0.0,0
2018-05-27 17:33:11.364,227.49,0.108678308293,0.0,0
2018-05-27 17:33:11.457,226.82,0.108678308293,0.0,0
2018-05-27 17:33:11.644,227.13,0.108678308293,0.0,0
2018-05-27 17:33:11.727,229.32,0.108678308293,0.0,0
2018-05-27 17:33:12.159,228.67,0.108678308293,0.0,0
2018-05-27 17:33:12.253,229.69,0.108678308293,0.0,0
2018-05-27 17:33:12.699,231.36,0.108678308293,0.0,0
2018-05-27 17:33:12.886,231.13,0.108678308293,0.0,0
2018-05-27 17:33:13.048,230.46,0.108678308293,0.0,0
2018-05-27 17:33:13.141,230.96,0.108677079822,0.0,0
2018-05-27 17:33:13.234,231.62,0.108677079822,0.0,0
2018-05-27 17:33:13.411,230.37,0.108677079822,0.0,0
2018-05-27 17:33:14.225,232.7,0.0996103537828,0.0250000003725,0
2018-05-27 17:33:14.318,232.84,0.0996103537828,0.0,0
2018-05-27 17:33:14.402,234.23,0.0996103537828,0.0,0
2018-05-27 17:33:14.495,233.61,0.0910291708752,0.0250000003725,0
2018-05-27 17:33:14.775,226.61,0.0910291708752,0.0,0
2018-05-27 17:33:14.867,224.36,0.0910291708752,0.0,0
2018-05-27 17:33:15.392,215.0,0.0910291708752,0.0,0
2018-05-27 17:33:16.271,205.96,0.0910291708752,0.0,0
2018-05-27 17:33:16.448,203.3,0.0910291708752,0.0,0
2018-05-27 17:33:16.626,203.31,0.0910291708752,0.0,0
2018-05-27 17:33:16.711,203.98,0.0996103537828,0.0,0
2018-05-27 17:33:16.808,202.07,0.0996103537828,0.0,0
2018-05-27 17:33:16.896,201.44,0.0996103537828,0.0,0
2018-05-27 17:33:17.150,201.81,0.108677079822,0.0,0
2018-05-27 17:33:17.700,204.28,0.108677079822,0.0,0
2018-05-27 17:33:17.886,202.63,0.108677079822,0.0,0
2018-05-27 17:33:18.048,202.4,0.108677079822,0.0,0
2018-05-27 17:33:18.234,203.49,0.108677079822,0.0,0
2018-05-27 17:33:18.318,203.36,0.108677079822,0.0,0
2018-05-27 17:33:18.495,202.72,0.108677079822,0.0,0
2018-05-27 17:33:18.681,204.26,0.108677079822,0.0,0
2018-05-27 17:33:18.868,205.08,0.108677079822,0.0,0
2018-05-27 17:33:19.123,204.01,0.108677079822,0.0,0
2018-05-27 17:33:19.393,204.92,0.108677079822,0.0,0
2018-05-27 17:33:19.561,204.9,0.108677079822,0.0,0
2018-05-27 17:33:19.654,206.51,0.108677079822,0.0,0
2018-05-27 17:33:19.924,205.61,0.108677079822,0.0,0
2018-05-27 17:33:20.085,205.7,0.108677079822,0.0,0
2018-05-27 17:33:20.179,205.99,0.108677079822,0.0,0
2018-05-27 17:33:20.356,208.24,0.108677079822,0.0,0
2018-05-27 17:33:20.542,208.35,0.108677079822,0.0,0
2018-05-27 17:33:20.626,208.84,0.108677079822,0.0,0
2018-05-27 17:33:21.244,209.02,0.108677079822,0.0,0
2018-05-27 17:33:21.337,209.88,0.108677079822,0.0,0
2018-05-27 17:33:21.617,211.88,0.108677079822,0.0,0
2018-05-27 17:33:21.700,213.0,0.108677079822,0.0,0
2018-05-27 17:33:21.793,211.67,0.108677079822,0.0,0
2018-05-27 17:33:22.421,214.61,0.108677079822,0.0,0
2018-05-27 17:33:22.505,215.24,0.108677079822,0.0,0
2018-05-27 17:33:23.309,214.35,0.108677079822,0.0,0
2018-05-27 17:33:23.394,213.88,0.108677079822,0.0,0
2018-05-27 17:33:23.486,213.17,0.108677079822,0.0,0
2018-05-27 17:33:23.766,212.47,0.108677079822,0.0,0
2018-05-27 17:33:23.859,210.35,0.108677079822,0.0,0
2018-05-27 17:33:24.105,209.33,0.108677079822,0.0,0
2018-05-27 17:33:24.284,209.84,0.108677079822,0.0,0
2018-05-27 17:33:24.365,211.44,0.108677079822,0.0,0
2018-05-27 17:33:24.552,211.74,0.108677079822,0.0,0
2018-05-27 17:33:24.906,209.34,0.108677079822,0.0,0
2018-05-27 17:33:25.067,210.92,0.108677079822,0.0,0
2018-05-27 17:33:25.160,209.16,0.108677079822,0.0,0
2018-05-27 17:33:25.338,211.35,0.108677079822,0.0,0
2018-05-27 17:33:25.524,211.97,0.108677079822,0.0,0
2018-05-27 17:33:25.608,210.76,0.108677079822,0.0,0
2018-05-27 17:33:25.701,210.93,0.108677079822,0.0,0
2018-05-27 17:33:25.794,210.68,0.108677079822,0.0,0
2018-05-27 17:33:25.887,211.37,0.108677079822,0.0,0
2018-05-27 17:33:26.049,211.42,0.108677079822,0.0,0
2018-05-27 17:33:26.142,212.66,0.108677079822,0.0,0
2018-05-27 17:33:26.328,213.05,0.108677079822,0.0,0
2018-05-27 17:33:26.421,212.06,0.108677079822,0.0,0
2018-05-27 17:33:26.515,211.82,0.108677079822,0.0,0
2018-05-27 17:33:26.598,212.56,0.108677079822,0.0,0
2018-05-27 17:33:26.785,212.49,0.108677079822,0.0,0
2018-05-27 17:33:27.039,213.66,0.108677079822,0.0,0
2018-05-27 17:33:27.226,214.76,0.108677079822,0.0,0
2018-05-27 17:33:27.319,214.1,0.108677079822,0.0,0
2018-05-27 17:33:27.403,215.05,0.108677079822,0.0,0
2018-05-27 17:33:27.496,214.09,0.108677079822,0.0,0
2018-05-27 17:33:27.589,214.86,0.108677079822,0.0,0
2018-05-27 17:33:27.868,217.01,0.108677079822,0.0,0
2018-05-27 17:33:28.030,217.71,0.108677079822,0.0,0
2018-05-27 17:33:28.123,216.53,0.108677079822,0.0,0
2018-05-27 17:33:28.216,217.17,0.108677079822,0.0,0
2018-05-27 17:33:28.310,218.64,0.108677079822,0.0,0
2018-05-27 17:33:28.394,218.78,0.108677079822,0.0,0
2018-05-27 17:33:28.486,219.02,0.108677079822,0.0,0
2018-05-27 17:33:28.580,217.22,0.108677079822,0.0,0
2018-05-27 17:33:28.850,218.97,0.108677079822,0.0,0
2018-05-27 17:33:29.002,218.88,0.108677079822,0.0,0
2018-05-27 17:33:29.095,220.05,0.108677079822,0.0,0
2018-05-27 17:33:29.188,221.63,0.108677079822,0.0,0
2018-05-27 17:33:29.365,222.05,0.108677079822,0.0,0
2018-05-27 17:33:29.458,222.64,0.108677079822,0.0,0
2018-05-27 17:33:29.552,221.4,0.108677079822,0.0,0
2018-05-27 17:33:29.645,221.91,0.108677079822,0.0,0
2018-05-27 17:33:29.738,222.48,0.108677079822,0.0,0
2018-05-27 17:33:29.915,222.83,0.108677079822,0.0,0
2018-05-27 17:33:30.067,223.58,0.108677079822,0.0,0
2018-05-27 17:33:30.151,224.31,0.108677079822,0.0,0
2018-05-27 17:33:30.244,225.08,0.108677079822,0.0,0
2018-05-27 17:33:30.337,225.72,0.108677079822,0.0,0
2018-05-27 17:33:30.514,226.15,0.108677079822,0.0,0
2018-05-27 17:33:30.607,226.44,0.108677079822,0.0,0
2018-05-27 17:33:30.794,225.32,0.108677079822,0.0,0
2018-05-27 17:33:31.039,226.75,0.108677079822,0.0,0
2018-05-27 17:33:31.132,227.19,0.108677079822,0.0,0
2018-05-27 17:33:31.225,227.14,0.108678319782,0.0,0
2018-05-27 17:33:31.319,225.45,0.108678319782,0.0,0
2018-05-27 17:33:31.412,226.58,0.108678319782,0.0,0
2018-05-27 17:33:31.496,228.52,0.108678319782,0.0,0
2018-05-27 17:33:31.589,228.98,0.108678319782,0.0,0
2018-05-27 17:33:31.682,228.34,0.108678319782,0.0,0
2018-05-27 17:33:31.775,227.97,0.108678319782,0.0,0
2018-05-27 17:33:32.016,227.49,0.108678319782,0.0,0
2018-05-27 17:33:32.188,229.91,0.108678319782,0.0,0
2018-05-27 17:33:32.263,230.73,0.108678319782,0.0,0
2018-05-27 17:33:32.468,231.05,0.108678319782,0.0,0
2018-05-27 17:33:32.551,229.85,0.108678319782,0.0,0
2018-05-27 17:33:32.645,230.16,0.108678319782,0.0,0
2018-05-27 17:33:32.924,230.99,0.108678319782,0.0,0
2018-05-27 17:33:33.179,231.33,0.108678319782,0.0,0
2018-05-27 17:33:33.356,233.48,0.108678319782,0.0,0
2018-05-27 17:33:33.449,234.25,0.0996114307487,0.0250000003725,0
2018-05-27 17:33:33.533,233.03,0.0910300964246,0.0250000003725,0
2018-05-27 17:33:34.058,234.26,0.0829274725415,0.0250000003725,0
2018-05-27 17:33:34.151,234.5,0.0752961515656,0.0250000003725,0
2018-05-27 17:33:34.430,233.66,0.0681281192761,0.0250000003725,0
2018-05-27 17:33:34.523,232.35,0.0614147102399,0.0250000003725,0
2018-05-27 17:33:34.616,230.97,0.0614147102399,0.0,0
2018-05-27 17:33:34.710,230.74,0.0614147102399,0.0,0
2018-05-27 17:33:34.887,230.25,0.0614147102399,0.0,0
2018-05-27 17:33:35.048,229.12,0.0614147102399,0.0,0
2018-05-27 17:33:35.141,228.19,0.0681281192761,0.0,0
2018-05-27 17:33:35.328,224.35,0.0752961515656,0.0,0
2018-05-27 17:33:35.505,224.57,0.0829274725415,0.0,0
2018-05-27 17:33:35.691,220.11,0.0910300964246,0.0,0
2018-05-27 17:33:35.775,218.62,0.0996114307487,0.0,0
2018-05-27 17:33:35.868,218.06,0.108678319782,0.0,0
2018-05-27 17:33:36.030,218.44,0.108678319782,0.0,0
2018-05-27 17:33:36.216,214.24,0.108678319782,0.0,0
2018-05-27 17:33:36.393,212.39,0.108678319782,0.0,0
2018-05-27 17:33:36.486,211.27,0.108678319782,0.0,0
2018-05-27 17:33:36.672,210.17,0.108678319782,0.0,0
2018-05-27 17:33:37.188,204.2,0.108678319782,0.0,0
2018-05-27 17:33:37.737,201.56,0.108678319782,0.0,0
2018-05-27 17:33:37.831,199.63,0.108678319782,0.0,0
2018-05-27 17:33:38.178,197.41,0.108678319782,0.0,0
2018-05-27 17:33:38.440,196.99,0.108678319782,0.0,0
2018-05-27 17:33:38.626,197.58,0.108678319782,0.0,0
2018-05-27 17:33:38.812,197.1,0.108678319782,0.0,0
2018-05-27 17:33:38.905,196.42,0.108678319782,0.0,0
2018-05-27 17:33:39.160,198.09,0.108678319782,0.0,0
2018-05-27 17:33:39.253,195.9,0.108678319782,0.0,0
2018-05-27 17:33:39.337,197.21,0.108678319782,0.0,0
2018-05-27 17:33:39.430,196.91,0.108678319782,0.0,0
2018-05-27 17:33:39.514,197.41,0.108678319782,0.0,0
2018-05-27 17:33:39.700,197.74,0.108678319782,0.0,0
2018-05-27 17:33:39.784,196.49,0.108678319782,0.0,0
2018-05-27 17:33:39.877,198.63,0.108678319782,0.0,0
2018-05-27 17:33:40.040,198.21,0.108678319782,0.0,0
2018-05-27 17:33:40.123,199.24,0.108678319782,0.0,0
2018-05-27 17:33:40.216,198.31,0.108678319782,0.0,0
2018-05-27 17:33:40.309,197.25,0.108678319782,0.0,0
2018-05-27 17:33:40.486,199.56,0.108678319782,0.0,0
2018-05-27 17:33:40.672,198.79,0.108678319782,0.0,0
2018-05-27 17:33:40.765,198.9,0.108678319782,0.0,0
2018-05-27 17:33:41.015,200.77,0.108678319782,0.0,0
2018-05-27 17:33:41.104,200.11,0.108678319782,0.0,0
2018-05-27 17:33:41.281,200.78,0.108678319782,0.0,0
2018-05-27 17:33:41.458,200.87,0.108678319782,0.0,0
2018-05-27 17:33:41.644,201.52,0.108678319782,0.0,0
2018-05-27 17:33:41.728,201.43,0.108678319782,0.0,0
2018-05-27 17:33:41.905,202.31,0.108678319782,0.0,0
2018-05-27 17:33:42.067,204.12,0.108678319782,0.0,0
2018-05-27 17:33:42.160,203.41,0.108678319782,0.0,0
2018-05-27 17:33:42.338,202.68,0.108678319782,0.0,0
2018-05-27 17:33:42.430,202.7,0.108678319782,0.0,0
2018-05-27 17:33:42.523,200.86,0.108678319782,0.0,0
2018-05-27 17:33:42.616,201.26,0.108678319782,0.0,0
2018-05-27 17:33:42.709,200.27,0.108678319782,0.0,0
2018-05-27 17:33:42.802,198.72,0.108678319782,0.0,0
2018-05-27 17:33:42.895,198.19,0.108678319782,0.0,0
2018-05-27 17:33:43.057,198.6,0.108678319782,0.0,0
2018-05-27 17:33:43.150,196.77,0.108678319782,0.0,0
2018-05-27 17:33:43.243,195.82,0.108678319782,0.0,0
2018-05-27 17:33:43.337,196.44,0.108678319782,0.0,0
2018-05-27 17:33:43.430,196.65,0.108678319782,0.0,0
2018-05-27 17:33:43.607,196.11,0.108678319782,0.0,0
2018-05-27 17:33:43.886,193.57,0.108678319782,0.0,0
2018-05-27 17:33:44.141,194.05,0.108678319782,0.0,0
2018-05-27 17:33:44.318,193.33,0.108678319782,0.0,0
2018-05-27 17:33:44.495,193.93,0.108678319782,0.0,0
2018-05-27 17:33:44.775,194.7,0.108678319782,0.0,0
2018-05-27 17:33:45.029,194.91,0.108678319782,0.0,0
2018-05-27 17:33:45.122,195.94,0.108678319782,0.0,0
2018-05-27 17:33:45.215,194.92,0.108678319782,0.0,0
2018-05-27 17:33:45.309,195.2,0.108678319782,0.0,0
2018-05-27 17:33:45.485,195.86,0.108678319782,0.0,0
2018-05-27 17:33:45.674,198.37,0.108678319782,0.0,0
2018-05-27 17:33:45.858,196.62,0.108678319782,0.0,0
2018-05-27 17:33:46.104,197.84,0.108678319782,0.0,0
2018-05-27 17:33:46.187,197.75,0.108678319782,0.0,0
2018-05-27 17:33:46.281,198.57,0.108678319782,0.0,0
2018-05-27 17:33:46.374,199.48,0.108678319782,0.0,0
2018-05-27 17:33:46.458,199.53,0.108678319782,0.0,0
2018-05-27 17:33:46.634,199.57,0.108678319782,0.0,0
2018-05-27 17:33:46.728,199.43,0.108665720953,0.0,0
2018-05-27 17:33:46.811,199.9,0.108665720953,0.0,0
2018-05-27 17:33:46.904,199.83,0.108665720953,0.0,0
2018-05-27 17:33:47.066,201.23,0.108665720953,0.0,0
2018-05-27 17:33:47.159,199.91,0.108665720953,0.0,0
2018-05-27 17:33:47.253,200.85,0.108665720953,0.0,0
2018-05-27 17:33:47.337,200.89,0.108665720953,0.0,0
2018-05-27 17:33:47.616,201.31,0.108665720953,0.0,0
2018-05-27 17:33:47.709,203.51,0.108665720953,0.0,0
2018-05-27 17:33:47.802,202.48,0.108665720953,0.0,0
2018-05-27 17:33:48.243,204.54,0.108665720953,0.0,0
2018-05-27 17:33:48.337,203.59,0.108665720953,0.0,0
2018-05-27 17:33:48.513,204.56,0.108665720953,0.0,0
2018-05-27 17:33:48.606,204.59,0.108665720953,0.0,0
2018-05-27 17:33:48.700,203.62,0.108665720953,0.0,0
2018-05-27 17:33:48.886,205.11,0.108665720953,0.0,0
2018-05-27 17:33:49.048,206.16,0.108665720953,0.0,0
2018-05-27 17:33:49.141,204.95,0.108665720953,0.0,0
2018-05-27 17:33:49.234,207.45,0.108665720953,0.0,0
2018-05-27 17:33:49.411,207.06,0.108665720953,0.0,0
2018-05-27 17:33:49.597,207.94,0.108665720953,0.0,0
2018-05-27 17:33:49.783,208.8,0.108665720953,0.0,0
2018-05-27 17:33:49.876,210.64,0.108665720953,0.0,0
2018-05-27 17:33:50.131,210.74,0.108665720953,0.0,0
2018-05-27 17:33:50.224,210.68,0.108665720953,0.0,0
2018-05-27 17:33:50.318,212.04,0.108665720953,0.0,0
2018-05-27 17:33:50.401,213.01,0.108665720953,0.0,0
2018-05-27 17:33:50.495,211.2,0.108665720953,0.0,0
2018-05-27 17:33:50.588,212.3,0.108665720953,0.0,0
2018-05-27 17:33:50.681,213.72,0.108665720953,0.0,0
2018-05-27 17:33:50.867,214.77,0.108665720953,0.0,0
2018-05-27 17:33:51.029,214.36,0.108665720953,0.0,0
2018-05-27 17:33:51.122,214.08,0.108665720953,0.0,0
2018-05-27 17:33:51.215,216.62,0.108665720953,0.0,0
2018-05-27 17:33:51.309,215.24,0.108665720953,0.0,0
2018-05-27 17:33:51.392,216.49,0.108665720953,0.0,0
2018-05-27 17:33:51.672,218.14,0.108665720953,0.0,0
2018-05-27 17:33:51.765,217.25,0.108665720953,0.0,0
2018-05-27 17:33:51.858,217.05,0.108665720953,0.0,0
2018-05-27 17:33:52.015,217.03,0.108665720953,0.0,0
2018-05-27 17:33:52.104,218.24,0.108665720953,0.0,0
2018-05-27 17:33:52.187,217.46,0.108665720953,0.0,0
2018-05-27 17:33:52.280,218.52,0.108665720953,0.0,0
2018-05-27 17:33:52.364,218.57,0.108665720953,0.0,0
2018-05-27 17:33:52.457,219.36,0.108665720953,0.0,0
2018-05-27 17:33:52.550,220.67,0.108665720953,0.0,0
2018-05-27 17:33:52.644,219.9,0.108665720953,0.0,0
2018-05-27 17:33:52.729,221.13,0.108665720953,0.0,0
2018-05-27 17:33:52.824,221.15,0.108665720953,0.0,0
2018-05-27 17:33:52.914,220.56,0.108665720953,0.0,0
2018-05-27 17:33:53.168,222.95,0.108665720953,0.0,0
2018-05-27 17:33:53.262,223.2,0.108665720953,0.0,0
2018-05-27 17:33:53.347,222.7,0.108665720953,0.0,0
2018-05-27 17:33:53.448,222.35,0.108665720953,0.0,0
2018-05-27 17:33:53.541,222.28,0.108665720953,0.0,0
2018-05-27 17:33:53.625,222.79,0.108665720953,0.0,0
2018-05-27 17:33:53.811,223.47,0.108665720953,0.0,0
2018-05-27 17:33:54.159,225.7,0.108665720953,0.0,0
2018-05-27 17:33:54.429,226.77,0.108665720953,0.0,0
2018-05-27 17:33:54.522,226.56,0.108665720953,0.0,0
2018-05-27 17:33:54.699,225.72,0.108665720953,0.0,0
2018-05-27 17:33:54.885,227.91,0.108665720953,0.0,0
2018-05-27 17:33:55.504,229.3,0.108665720953,0.0,0
2018-05-27 17:33:55.690,228.83,0.108665720953,0.0,0
2018-05-27 17:33:55.783,228.92,0.108665720953,0.0,0
2018-05-27 17:33:55.876,229.19,0.108665720953,0.0,0
2018-05-27 17:33:56.038,228.94,0.108665720953,0.0,0
2018-05-27 17:33:56.224,228.82,0.108665720953,0.0,0
2018-05-27 17:33:56.587,231.68,0.108665720953,0.0,0
2018-05-27 17:33:57.392,226.96,0.108665720953,0.0,0
2018-05-27 17:33:57.580,224.35,0.108665720953,0.0,0
2018-05-27 17:33:57.671,222.35,0.108665720953,0.0,0
2018-05-27 17:33:57.857,219.24,0.108665720953,0.0,0
2018-05-27 17:33:58.015,217.83,0.108665720953,0.0,0
2018-05-27 17:33:58.103,216.03,0.108665720953,0.0,0
2018-05-27 17:33:58.187,215.87,0.108665720953,0.0,0
2018-05-27 17:33:58.280,215.12,0.108665720953,0.0,0
2018-05-27 17:33:58.457,214.63,0.108665720953,0.0,0
2018-05-27 17:33:58.550,211.91,0.108665720953,0.0,0
2018-05-27 17:33:58.644,211.24,0.108665720953,0.0,0
2018-05-27 17:33:59.178,206.61,0.108665720953,0.0,0
2018-05-27 17:33:59.271,205.6,0.108665720953,0.0,0
2018-05-27 17:33:59.624,203.2,0.108665720953,0.0,0
2018-05-27 17:33:59.718,200.07,0.108665720953,0.0,0
2018-05-27 17:34:00.159,197.96,0.108665720953,0.0,0
2018-05-27 17:34:00.429,197.72,0.108665720953,0.0,0
2018-05-27 17:34:00.801,195.49,0.108665720953,0.0,0
2018-05-27 17:34:01.056,195.04,0.108665720953,0.0,0
2018-05-27 17:34:01.150,194.69,0.108665720953,0.0,0
2018-05-27 17:34:01.876,195.81,0.108665720953,0.0,0
2018-05-27 17:34:02.131,197.93,0.108665720953,0.0,0
2018-05-27 17:34:02.485,198.8,0.108665720953,0.0,0
2018-05-27 17:34:02.578,198.01,0.108665720953,0.0,0
2018-05-27 17:34:02.671,197.79,0.108665720953,0.0,0
2018-05-27 17:34:03.014,199.79,0.108665720953,0.0,0
2018-05-27 17:34:03.550,200.5,0.108665720953,0.0,0
2018-05-27 17:34:03.922,200.85,0.108665720953,0.0,0
2018-05-27 17:34:04.270,202.27,0.108665720953,0.0,0
2018-05-27 17:34:04.364,204.17,0.108665720953,0.0,0
2018-05-27 17:34:04.634,205.9,0.108665720953,0.0,0
2018-05-27 17:34:04.904,205.71,0.108665720953,0.0,0
2018-05-27 17:34:05.066,207.7,0.108665720953,0.0,0
2018-05-27 17:34:05.149,207.67,0.108665720953,0.0,0
2018-05-27 17:34:05.429,205.56,0.108665720953,0.0,0
2018-05-27 17:34:05.522,207.31,0.108665720953,0.0,0
2018-05-27 17:34:05.801,204.92,0.108665720953,0.0,0
2018-05-27 17:34:06.056,204.3,0.108665720953,0.0,0
2018-05-27 17:34:06.503,202.91,0.108665720953,0.0,0
2018-05-27 17:34:06.596,203.37,0.108665720953,0.0,0
2018-05-27 17:34:06.689,204.71,0.108665720953,0.0,0
2018-05-27 17:34:06.783,203.14,0.108665720953,0.0,0
2018-05-27 17:34:07.038,204.16,0.108665720953,0.0,0
2018-05-27 17:34:07.391,205.74,0.108665720953,0.0,0
2018-05-27 17:34:07.485,204.94,0.108665720953,0.0,0
2018-05-27 17:34:07.853,207.89,0.108665720953,0.0,0
2018-05-27 17:34:08.010,206.36,0.108665720953,0.0,0
2018-05-27 17:34:08.280,206.92,0.108665720953,0.0,0
2018-05-27 17:34:08.457,208.77,0.108665720953,0.0,0
2018-05-27 17:34:08.736,208.03,0.108665720953,0.0,0
2018-05-27 17:34:08.820,207.37,0.108665720953,0.0,0
2018-05-27 17:34:08.913,210.32,0.108665720953,0.0,0
2018-05-27 17:34:09.252,209.15,0.108665720953,0.0,0
2018-05-27 17:34:09.336,209.19,0.108665720953,0.0,0
2018-05-27 17:34:09.429,210.59,0.108665720953,0.0,0
2018-05-27 17:34:09.522,208.47,0.108665720953,0.0,0
2018-05-27 17:34:09.606,209.5,0.108665720953,0.0,0
2018-05-27 17:34:09.699,210.83,0.108665720953,0.0,0
2018-05-27 17:34:09.792,210.15,0.108665720953,0.0,0
2018-05-27 17:34:09.885,211.41,0.108665720953,0.0,0
2018-05-27 17:34:10.047,209.27,0.108665720953,0.0,0
2018-05-27 17:34:10.140,211.52,0.108665720953,0.0,0
2018-05-27 17:34:10.233,210.37,0.108665720953,0.0,0
2018-05-27 17:34:10.326,210.84,0.108665720953,0.0,0
2018-05-27 17:34:10.410,210.64,0.108665720953,0.0,0
2018-05-27 17:34:10.503,212.67,0.108665720953,0.0,0
2018-05-27 17:34:10.596,211.58,0.108665720953,0.0,0
2018-05-27 17:34:10.689,213.93,0.108665720953,0.0,0
2018-05-27 17:34:10.876,213.07,0.108665720953,0.0,0
2018-05-27 17:34:11.131,213.7,0.108665720953,0.0,0
2018-05-27 17:34:11.224,214.92,0.108665720953,0.0,0
2018-05-27 17:34:11.401,216.05,0.108665720953,0.0,0
2018-05-27 17:34:11.680,217.33,0.108665720953,0.0,0
2018-05-27 17:34:11.773,216.15,0.108665720953,0.0,0
2018-05-27 17:34:11.867,216.95,0.108665720953,0.0,0
2018-05-27 17:34:12.028,218.84,0.108665720953,0.0,0
2018-05-27 17:34:12.391,218.56,0.108665720953,0.0,0
2018-05-27 17:34:12.475,218.17,0.108665720953,0.0,0
2018-05-27 17:34:12.652,219.09,0.108665720953,0.0,0
2018-05-27 17:34:12.745,219.79,0.108665720953,0.0,0
2018-05-27 17:34:12.838,220.7,0.108665720953,0.0,0
2018-05-27 17:34:12.922,220.39,0.108665720953,0.0,0
2018-05-27 17:34:13.084,220.91,0.108665720953,0.0,0
2018-05-27 17:34:13.177,222.05,0.108665720953,0.0,0
2018-05-27 17:34:13.270,221.74,0.108665720953,0.0,0
2018-05-27 17:34:13.363,220.67,0.108665720953,0.0,0
2018-05-27 17:34:13.540,222.18,0.108665720953,0.0,0
2018-05-27 17:34:13.633,222.14,0.108665720953,0.0,0
2018-05-27 17:34:13.726,222.46,0.108665720953,0.0,0
2018-05-27 17:34:13.820,223.92,0.108665720953,0.0,0
2018-05-27 17:34:13.913,224.48,0.108665720953,0.0,0
2018-05-27 17:34:14.252,225.75,0.108665720953,0.0,0
2018-05-27 17:34:14.428,225.3,0.108665720953,0.0,0
2018-05-27 17:34:14.522,226.17,0.108665720953,0.0,0
2018-05-27 17:34:14.708,226.73,0.108665720953,0.0,0
2018-05-27 17:34:14.801,226.22,0.108665720953,0.0,0
2018-05-27 17:34:15.047,227.76,0.108665720953,0.0,0
2018-05-27 17:34:15.140,227.61,0.108665720953,0.0,0
2018-05-27 17:34:15.233,227.17,0.108665720953,0.0,0
2018-05-27 17:34:15.419,227.19,0.108665720953,0.0,0
2018-05-27 17:34:15.503,229.25,0.108665720953,0.0,0
2018-05-27 17:34:15.596,229.54,0.108665720953,0.0,0
2018-05-27 17:34:15.866,229.51,0.108665720953,0.0,0
2018-05-27 17:34:16.307,230.22,0.108665720953,0.0,0
2018-05-27 17:34:17.093,234.26,0.108665720953,0.0,0
2018-05-27 17:34:17.186,234.48,0.108665720953,0.0,0
2018-05-27 17:34:17.279,234.84,0.0996004880357,0.0250000003725,0
2018-05-27 17:34:17.363,232.76,0.0910206921918,0.0250000003725,0
2018-05-27 17:34:17.456,234.19,0.0829194908277,0.0250000003725,0
2018-05-27 17:34:17.643,233.82,0.0829194908277,0.0,0
2018-05-27 17:34:17.829,232.15,0.0829194908277,0.0,0
2018-05-27 17:34:17.922,230.89,0.0829194908277,0.0,0
2018-05-27 17:34:18.177,228.58,0.0829194908277,0.0,0
2018-05-27 17:34:18.270,227.26,0.0829194908277,0.0,0
2018-05-27 17:34:18.354,227.15,0.0829194908277,0.0,0
2018-05-27 17:34:18.447,226.43,0.0829194908277,0.0,0
2018-05-27 17:34:18.540,224.23,0.0910206921918,0.0,0
2018-05-27 17:34:19.251,215.5,0.0996004880357,0.0,0
2018-05-27 17:34:19.421,214.43,0.108665720953,0.0,0
2018-05-27 17:34:19.596,212.34,0.108665720953,0.0,0
2018-05-27 17:34:19.876,209.14,0.108665720953,0.0,0
2018-05-27 17:34:20.037,209.3,0.108665720953,0.0,0
2018-05-27 17:34:20.130,207.16,0.108665720953,0.0,0
2018-05-27 17:34:20.773,203.6,0.108665720953,0.0,0
2018-05-27 17:34:21.028,200.76,0.108665720953,0.0,0
2018-05-27 17:34:21.121,201.87,0.108665720953,0.0,0
2018-05-27 17:34:21.307,199.22,0.108665720953,0.0,0
2018-05-27 17:34:21.391,198.58,0.108665720953,0.0,0
2018-05-27 17:34:21.484,200.64,0.108665720953,0.0,0
2018-05-27 17:34:21.670,198.38,0.108665720953,0.0,0
2018-05-27 17:34:21.763,199.97,0.108665720953,0.0,0
2018-05-27 17:34:22.102,197.96,0.108664933395,0.0,0
2018-05-27 17:34:22.363,197.58,0.108664933395,0.0,0
2018-05-27 17:34:22.531,197.66,0.108664933395,0.0,0
2018-05-27 17:34:22.624,197.63,0.108664933395,0.0,0
2018-05-27 17:34:22.717,196.19,0.108664933395,0.0,0
2018-05-27 17:34:22.894,195.56,0.108664933395,0.0,0
2018-05-27 17:34:23.056,194.45,0.108664933395,0.0,0
2018-05-27 17:34:23.149,195.89,0.108664933395,0.0,0
2018-05-27 17:34:23.242,196.58,0.108664933395,0.0,0
2018-05-27 17:34:23.428,195.31,0.108664933395,0.0,0
2018-05-27 17:34:23.521,196.56,0.108664933395,0.0,0
2018-05-27 17:34:23.615,197.2,0.108664933395,0.0,0
2018-05-27 17:34:23.708,195.82,0.108664933395,0.0,0
2018-05-27 17:34:23.801,195.95,0.108664933395,0.0,0
2018-05-27 17:34:23.894,196.31,0.108664933395,0.0,0
2018-05-27 17:34:24.046,196.26,0.108664933395,0.0,0
2018-05-27 17:34:24.139,197.93,0.108664933395,0.0,0
2018-05-27 17:34:24.233,198.04,0.108664933395,0.0,0
2018-05-27 17:34:24.410,198.44,0.108664933395,0.0,0
2018-05-27 17:34:24.503,197.72,0.108664933395,0.0,0
2018-05-27 17:34:24.596,197.41,0.108664933395,0.0,0
2018-05-27 17:34:24.689,199.42,0.108664933395,0.0,0
2018-05-27 17:34:24.782,198.29,0.108664933395,0.0,0
2018-05-27 17:34:24.866,199.77,0.108664933395,0.0,0
2018-05-27 17:34:25.028,198.82,0.108664933395,0.0,0
2018-05-27 17:34:25.121,198.97,0.108664933395,0.0,0
2018-05-27 17:34:25.307,198.67,0.108664933395,0.0,0
2018-05-27 17:34:25.484,199.77,0.108664933395,0.0,0
2018-05-27 17:34:25.577,200.58,0.108664933395,0.0,0
2018-05-27 17:34:25.754,202.13,0.108664933395,0.0,0
2018-05-27 17:34:25.838,202.42,0.108664933395,0.0,0
2018-05-27 17:34:25.931,201.79,0.108664933395,0.0,0
2018-05-27 17:34:26.093,201.88,0.108664933395,0.0,0
2018-05-27 17:34:26.279,200.79,0.108664933395,0.0,0
2018-05-27 17:34:26.372,200.1,0.108664933395,0.0,0
2018-05-27 17:34:26.540,197.86,0.108664933395,0.0,0
2018-05-27 17:34:26.633,198.86,0.108664933395,0.0,0
2018-05-27 17:34:27.428,191.31,0.108664933395,0.0,0
2018-05-27 17:34:27.611,189.94,0.108664933395,0.0,0
2018-05-27 17:34:27.698,189.14,0.108664933395,0.0,0
2018-05-27 17:34:28.122,187.73,0.108664933395,0.0,0
2018-05-27 17:34:28.400,186.88,0.108664933395,0.0,0
2018-05-27 17:34:28.586,187.01,0.108664933395,0.0,0
2018-05-27 17:34:28.773,186.04,0.108664933395,0.0,0
2018-05-27 17:34:28.867,186.12,0.108664933395,0.0,0
2018-05-27 17:34:29.028,186.42,0.108664933395,0.0,0
2018-05-27 17:34:29.121,186.66,0.108664933395,0.0,0
2018-05-27 17:34:29.391,189.07,0.108664933395,0.0,0
2018-05-27 17:34:29.484,189.46,0.108664933395,0.0,0
2018-05-27 17:34:29.577,189.89,0.108664933395,0.0,0
2018-05-27 17:34:30.013,191.27,0.108664933395,0.0,0
2018-05-27 17:34:30.102,190.53,0.108664933395,0.0,0
2018-05-27 17:34:30.279,192.89,0.108664933395,0.0,0
2018-05-27 17:34:30.372,191.85,0.108664933395,0.0,0
2018-05-27 17:34:30.456,192.93,0.108664933395,0.0,0
2018-05-27 17:34:30.549,193.45,0.108664933395,0.0,0
2018-05-27 17:34:30.642,192.48,0.108664933395,0.0,0
2018-05-27 17:34:30.735,192.8,0.108664933395,0.0,0
2018-05-27 17:34:30.829,193.01,0.108664933395,0.0,0
2018-05-27 17:34:30.922,194.18,0.108664933395,0.0,0
2018-05-27 17:34:31.084,195.4,0.108664933395,0.0,0
2018-05-27 17:34:31.167,194.69,0.108664933395,0.0,0
2018-05-27 17:34:31.260,195.85,0.108664933395,0.0,0
2018-05-27 17:34:31.344,195.66,0.108664933395,0.0,0
2018-05-27 17:34:31.717,197.3,0.108664933395,0.0,0
2018-05-27 17:34:31.810,198.13,0.108664933395,0.0,0
2018-05-27 17:34:31.903,196.86,0.108664933395,0.0,0
2018-05-27 17:34:32.065,197.42,0.108664933395,0.0,0
2018-05-27 17:34:32.149,197.95,0.108664933395,0.0,0
2018-05-27 17:34:32.242,197.69,0.108664933395,0.0,0
2018-05-27 17:34:32.335,199.9,0.108664933395,0.0,0
2018-05-27 17:34:32.428,198.45,0.108664933395,0.0,0
2018-05-27 17:34:32.707,200.64,0.108664933395,0.0,0
2018-05-27 17:34:32.801,201.23,0.108664933395,0.0,0
2018-05-27 17:34:32.894,203.16,0.108664933395,0.0,0
2018-05-27 17:34:33.046,203.3,0.108664933395,0.0,0
2018-05-27 17:34:33.139,202.57,0.108664933395,0.0,0
2018-05-27 17:34:33.232,202.49,0.108664933395,0.0,0
2018-05-27 17:34:33.419,203.94,0.108664933395,0.0,0
2018-05-27 17:34:33.502,204.31,0.108664933395,0.0,0
2018-05-27 17:34:33.595,205.77,0.108664933395,0.0,0
2018-05-27 17:34:33.689,204.78,0.108664933395,0.0,0
2018-05-27 17:34:33.782,205.95,0.108664933395,0.0,0
2018-05-27 17:34:33.866,206.37,0.108664933395,0.0,0
2018-05-27 17:34:34.027,205.83,0.108664933395,0.0,0
2018-05-27 17:34:34.307,207.79,0.108664933395,0.0,0
2018-05-27 17:34:34.481,208.18,0.108664933395,0.0,0
2018-05-27 17:34:34.651,208.87,0.108664933395,0.0,0
2018-05-27 17:34:34.931,210.38,0.108664933395,0.0,0
2018-05-27 17:34:35.092,210.61,0.108664933395,0.0,0
2018-05-27 17:34:35.177,210.44,0.108664933395,0.0,0
2018-05-27 17:34:35.269,212.11,0.108664933395,0.0,0
2018-05-27 17:34:36.148,215.45,0.108664933395,0.0,0
2018-05-27 17:34:36.241,214.57,0.108664933395,0.0,0
2018-05-27 17:34:36.334,214.57,0.108664933395,0.0,0
2018-05-27 17:34:36.614,215.23,0.108664933395,0.0,0
2018-05-27 17:34:36.707,217.34,0.108664933395,0.0,0
2018-05-27 17:34:36.791,216.47,0.108664933395,0.0,0
2018-05-27 17:34:36.884,217.94,0.108664933395,0.0,0
2018-05-27 17:34:37.046,216.1,0.108664933395,0.0,0
2018-05-27 17:34:37.139,217.21,0.109847520136,0.0,0
2018-05-27 17:34:37.325,217.83,0.109847520136,0.0,0
2018-05-27 17:34:37.446,219.41,0.109847520136,0.0,0
2018-05-27 17:34:37.698,218.31,0.109847520136,0.0,0
2018-05-27 17:34:37.874,218.64,0.109847520136,0.0,0
2018-05-27 17:34:38.036,219.42,0.109847520136,0.0,0
2018-05-27 17:34:38.129,220.59,0.109847520136,0.0,0
2018-05-27 17:34:38.669,221.03,0.109847520136,0.0,0
2018-05-27 17:34:38.762,221.38,0.109847520136,0.0,0
2018-05-27 17:34:38.856,222.12,0.109847520136,0.0,0
2018-05-27 17:34:39.455,222.64,0.109847520136,0.0,0
2018-05-27 17:34:39.548,223.21,0.109847520136,0.0,0
2018-05-27 17:34:39.641,222.9,0.109847520136,0.0,0
2018-05-27 17:34:39.828,224.83,0.109847520136,0.0,0
2018-05-27 17:34:40.176,223.75,0.109847520136,0.0,0
2018-05-27 17:34:40.529,227.01,0.109847520136,0.0,0
2018-05-27 17:34:40.716,227.03,0.109847520136,0.0,0
2018-05-27 17:34:40.809,225.37,0.109847520136,0.0,0
2018-05-27 17:34:40.903,224.73,0.109847520136,0.0,0
2018-05-27 17:34:41.250,225.27,0.109847520136,0.0,0
2018-05-27 17:34:41.520,224.68,0.109847520136,0.0,0
2018-05-27 17:34:41.613,225.33,0.109847520136,0.0,0
2018-05-27 17:34:41.895,227.06,0.109847520136,0.0,0
2018-05-27 17:34:42.054,225.74,0.109847520136,0.0,0
2018-05-27 17:34:42.147,224.67,0.109847520136,0.0,0
2018-05-27 17:34:42.613,223.14,0.109847520136,0.0,0
2018-05-27 17:34:42.800,221.1,0.109847520136,0.0,0
2018-05-27 17:34:43.148,217.11,0.109847520136,0.0,0
2018-05-27 17:34:43.231,218.54,0.109847520136,0.0,0
2018-05-27 17:34:43.501,214.65,0.109847520136,0.0,0
2018-05-27 17:34:43.594,215.52,0.109847520136,0.0,0
2018-05-27 17:34:44.212,211.99,0.109847520136,0.0,0
2018-05-27 17:34:44.306,212.5,0.109847520136,0.0,0
2018-05-27 17:34:44.482,210.1,0.109847520136,0.0,0
2018-05-27 17:34:44.576,211.36,0.109847520136,0.0,0
2018-05-27 17:34:44.669,208.88,0.109847520136,0.0,0
2018-05-27 17:34:45.184,209.03,0.109847520136,0.0,0
2018-05-27 17:34:45.454,210.0,0.109847520136,0.0,0
2018-05-27 17:34:45.734,210.82,0.109847520136,0.0,0
2018-05-27 17:34:45.818,210.7,0.109847520136,0.0,0
2018-05-27 17:34:45.911,211.66,0.109847520136,0.0,0
2018-05-27 17:34:46.063,212.82,0.109847520136,0.0,0
2018-05-27 17:34:46.426,213.05,0.109847520136,0.0,0
2018-05-27 17:34:46.696,213.6,0.109847520136,0.0,0
2018-05-27 17:34:46.883,212.25,0.109847520136,0.0,0
2018-05-27 17:34:47.687,215.02,0.109847520136,0.0,0
2018-05-27 17:34:47.780,214.88,0.109847520136,0.0,0
2018-05-27 17:34:47.873,216.65,0.109847520136,0.0,0
2018-05-27 17:34:48.221,217.43,0.109847520136,0.0,0
2018-05-27 17:34:48.399,218.06,0.109847520136,0.0,0
2018-05-27 17:34:48.761,217.79,0.109847520136,0.0,0
2018-05-27 17:34:48.859,218.34,0.109847520136,0.0,0
2018-05-27 17:34:49.105,218.64,0.109847520136,0.0,0
2018-05-27 17:34:49.454,216.89,0.109847520136,0.0,0
2018-05-27 17:34:49.547,215.44,0.109847520136,0.0,0
2018-05-27 17:34:49.733,213.59,0.109847520136,0.0,0
2018-05-27 17:34:49.910,213.16,0.109847520136,0.0,0
2018-05-27 17:34:50.249,213.71,0.109847520136,0.0,0
2018-05-27 17:34:50.426,211.34,0.109847520136,0.0,0
2018-05-27 17:34:50.705,211.85,0.109847520136,0.0,0
2018-05-27 17:34:50.892,210.81,0.109847520136,0.0,0
2018-05-27 17:34:51.147,210.09,0.109847520136,0.0,0
2018-05-27 17:34:51.333,210.48,0.109847520136,0.0,0
2018-05-27 17:34:51.426,210.86,0.109847520136,0.0,0
2018-05-27 17:34:51.613,210.52,0.109847520136,0.0,0
2018-05-27 17:34:51.799,210.64,0.109847520136,0.0,0
2018-05-27 17:34:52.044,212.18,0.109847520136,0.0,0
2018-05-27 17:34:52.137,210.0,0.109847520136,0.0,0
2018-05-27 17:34:52.230,210.23,0.109847520136,0.0,0
2018-05-27 17:34:52.323,210.11,0.109847520136,0.0,0
2018-05-27 17:34:52.416,209.82,0.109847520136,0.0,0
2018-05-27 17:34:52.510,211.52,0.109847520136,0.0,0
2018-05-27 17:34:52.696,211.83,0.109847520136,0.0,0
2018-05-27 17:34:53.034,212.44,0.109847520136,0.0,0
2018-05-27 17:34:53.128,210.95,0.109847520136,0.0,0
2018-05-27 17:34:53.407,211.33,0.109847520136,0.0,0
2018-05-27 17:34:53.491,211.18,0.109847520136,0.0,0
2018-05-27 17:34:53.584,213.35,0.109847520136,0.0,0
2018-05-27 17:34:53.668,212.58,0.109847520136,0.0,0
2018-05-27 17:34:53.761,213.55,0.109847520136,0.0,0
2018-05-27 17:34:54.011,211.97,0.109847520136,0.0,0
2018-05-27 17:34:54.100,213.49,0.109847520136,0.0,0
2018-05-27 17:34:54.183,213.16,0.109847520136,0.0,0
2018-05-27 17:34:54.277,215.46,0.109847520136,0.0,0
2018-05-27 17:34:54.360,215.71,0.109847520136,0.0,0
2018-05-27 17:34:54.547,215.59,0.109847520136,0.0,0
2018-05-27 17:34:54.826,216.68,0.109847520136,0.0,0
2018-05-27 17:34:54.919,218.34,0.109847520136,0.0,0
2018-05-27 17:34:55.174,216.91,0.109847520136,0.0,0
2018-05-27 17:34:55.267,218.36,0.109847520136,0.0,0
2018-05-27 17:34:55.351,217.71,0.109847520136,0.0,0
2018-05-27 17:34:55.444,217.69,0.109847520136,0.0,0
2018-05-27 17:34:55.528,218.28,0.109847520136,0.0,0
2018-05-27 17:34:55.714,219.04,0.109847520136,0.0,0
2018-05-27 17:34:55.807,217.95,0.109847520136,0.0,0
2018-05-27 17:34:55.900,218.48,0.109847520136,0.0,0
2018-05-27 17:34:56.062,221.04,0.109847520136,0.0,0
2018-05-27 17:34:56.155,221.54,0.109847520136,0.0,0
2018-05-27 17:34:56.248,219.09,0.109847520136,0.0,0
2018-05-27 17:34:56.333,221.35,0.109847520136,0.0,0
2018-05-27 17:34:56.518,221.26,0.109912375237,0.0,0
2018-05-27 17:34:56.612,221.85,0.109912375237,0.0,0
2018-05-27 17:34:56.705,223.54,0.109912375237,0.0,0
2018-05-27 17:34:56.799,223.01,0.109912375237,0.0,0
2018-05-27 17:34:56.891,222.2,0.109912375237,0.0,0
2018-05-27 17:34:57.053,222.73,0.109912375237,0.0,0
2018-05-27 17:34:57.146,223.39,0.109912375237,0.0,0
2018-05-27 17:34:57.239,224.92,0.109912375237,0.0,0
2018-05-27 17:34:57.333,225.05,0.109912375237,0.0,0
2018-05-27 17:34:57.416,223.68,0.109912375237,0.0,0
2018-05-27 17:34:57.509,224.5,0.109912375237,0.0,0
2018-05-27 17:34:57.602,225.81,0.109912375237,0.0,0
2018-05-27 17:34:57.695,226.27,0.109912375237,0.0,0
2018-05-27 17:34:57.788,225.77,0.109912375237,0.0,0
2018-05-27 17:34:57.881,224.89,0.109912375237,0.0,0
2018-05-27 17:34:58.043,224.95,0.109912375237,0.0,0
2018-05-27 17:34:58.136,225.88,0.109912375237,0.0,0
2018-05-27 17:34:58.230,225.99,0.109912375237,0.0,0
2018-05-27 17:34:58.323,226.27,0.109912375237,0.0,0
2018-05-27 17:34:58.406,225.7,0.109912375237,0.0,0
2018-05-27 17:34:58.500,226.57,0.109912375237,0.0,0
2018-05-27 17:34:58.593,227.26,0.109912375237,0.0,0
2018-05-27 17:34:58.686,227.06,0.109912375237,0.0,0
2018-05-27 17:34:58.779,228.16,0.109912375237,0.0,0
2018-05-27 17:34:58.872,228.01,0.109912375237,0.0,0
2018-05-27 17:34:59.127,229.93,0.109912375237,0.0,0
2018-05-27 17:34:59.397,229.55,0.109912375237,0.0,0
2018-05-27 17:34:59.769,229.71,0.109912375237,0.0,0
2018-05-27 17:34:59.863,230.69,0.109912375237,0.0,0
2018-05-27 17:35:00.211,231.61,0.109912375237,0.0,0
2018-05-27 17:35:00.304,232.22,0.109912375237,0.0,0
2018-05-27 17:35:00.481,232.21,0.109912375237,0.0,0
2018-05-27 17:35:00.667,233.83,0.109912375237,0.0,0
2018-05-27 17:35:00.760,233.46,0.109912375237,0.0,0
2018-05-27 17:35:00.853,234.05,0.109912375237,0.0,0
2018-05-27 17:35:01.183,233.36,0.109912375237,0.0,0
2018-05-27 17:35:01.276,232.63,0.109912375237,0.0,0
2018-05-27 17:35:01.369,231.27,0.109912375237,0.0,0
2018-05-27 17:35:01.453,229.11,0.109912375237,0.0,0
2018-05-27 17:35:01.546,228.61,0.109912375237,0.0,0
2018-05-27 17:35:01.825,225.8,0.109912375237,0.0,0
2018-05-27 17:35:01.918,225.28,0.109912375237,0.0,0
2018-05-27 17:35:02.164,222.75,0.109912375237,0.0,0
2018-05-27 17:35:02.341,220.32,0.109912375237,0.0,0
2018-05-27 17:35:02.620,217.36,0.109912375237,0.0,0
2018-05-27 17:35:02.890,216.77,0.109912375237,0.0,0
2018-05-27 17:35:03.416,211.89,0.109912375237,0.0,0
2018-05-27 17:35:03.508,211.29,0.109912375237,0.0,0
2018-05-27 17:35:03.695,210.86,0.109912375237,0.0,0
2018-05-27 17:35:03.788,211.39,0.109912375237,0.0,0
2018-05-27 17:35:03.881,209.39,0.109912375237,0.0,0
2018-05-27 17:35:04.043,211.7,0.109912375237,0.0,0
2018-05-27 17:35:04.136,209.84,0.109912375237,0.0,0
2018-05-27 17:35:04.230,210.54,0.109912375237,0.0,0
2018-05-27 17:35:04.313,210.17,0.109912375237,0.0,0
2018-05-27 17:35:04.490,210.42,0.109912375237,0.0,0
2018-05-27 17:35:04.676,210.18,0.109912375237,0.0,0
2018-05-27 17:35:04.862,210.15,0.109912375237,0.0,0
2018-05-27 17:35:05.117,209.86,0.109912375237,0.0,0
2018-05-27 17:35:05.210,208.54,0.109912375237,0.0,0
2018-05-27 17:35:05.397,208.06,0.109912375237,0.0,0
2018-05-27 17:35:05.480,208.42,0.109912375237,0.0,0
2018-05-27 17:35:05.574,209.78,0.109912375237,0.0,0
2018-05-27 17:35:05.667,208.63,0.109912375237,0.0,0
2018-05-27 17:35:05.930,207.7,0.109912375237,0.0,0
2018-05-27 17:35:06.089,208.64,0.109912375237,0.0,0
2018-05-27 17:35:06.174,209.72,0.109912375237,0.0,0
2018-05-27 17:35:06.350,208.37,0.109912375237,0.0,0
2018-05-27 17:35:06.443,209.82,0.109912375237,0.0,0
2018-05-27 17:35:06.527,209.98,0.109912375237,0.0,0
2018-05-27 17:35:06.620,208.75,0.109912375237,0.0,0
2018-05-27 17:35:06.713,210.26,0.109912375237,0.0,0
2018-05-27 17:35:06.807,208.73,0.109912375237,0.0,0
2018-05-27 17:35:07.052,210.67,0.109912375237,0.0,0
2018-05-27 17:35:07.146,208.89,0.109912375237,0.0,0
2018-05-27 17:35:07.332,209.01,0.109912375237,0.0,0
2018-05-27 17:35:07.425,209.82,0.109912375237,0.0,0
2018-05-27 17:35:07.704,211.22,0.109912375237,0.0,0
2018-05-27 17:35:07.798,209.92,0.109912375237,0.0,0
2018-05-27 17:35:07.881,210.46,0.109912375237,0.0,0
2018-05-27 17:35:08.043,211.68,0.109912375237,0.0,0
2018-05-27 17:35:08.136,210.21,0.109912375237,0.0,0
2018-05-27 17:35:08.229,212.52,0.109912375237,0.0,0
2018-05-27 17:35:08.602,212.21,0.109912375237,0.0,0
2018-05-27 17:35:08.789,212.94,0.109912375237,0.0,0
2018-05-27 17:35:08.872,214.87,0.109912375237,0.0,0
2018-05-27 17:35:09.034,214.03,0.109912375237,0.0,0
2018-05-27 17:35:09.220,214.97,0.109912375237,0.0,0
2018-05-27 17:35:10.099,215.63,0.109912375237,0.0,0
2018-05-27 17:35:10.183,214.83,0.109912375237,0.0,0
2018-05-27 17:35:10.276,215.22,0.109912375237,0.0,0
2018-05-27 17:35:10.640,212.72,0.109912375237,0.0,0
2018-05-27 17:35:10.733,213.18,0.109912375237,0.0,0
2018-05-27 17:35:10.919,212.37,0.109912375237,0.0,0
2018-05-27 17:35:11.174,211.14,0.109912375237,0.0,0
2018-05-27 17:35:11.351,211.97,0.109912375237,0.0,0
2018-05-27 17:35:11.444,210.5,0.109912375237,0.0,0
2018-05-27 17:35:11.528,210.67,0.109912375237,0.0,0
2018-05-27 17:35:11.621,212.06,0.109912375237,0.0,0
2018-05-27 17:35:11.714,209.66,0.109912375237,0.0,0
2018-05-27 17:35:11.807,211.76,0.109912375237,0.0,0
2018-05-27 17:35:12.156,210.94,0.109912375237,0.0,0
2018-05-27 17:35:12.333,210.77,0.109912375237,0.0,0
2018-05-27 17:35:12.426,212.22,0.109912375237,0.0,0
2018-05-27 17:35:12.519,210.23,0.109912375237,0.0,0
2018-05-27 17:35:12.612,212.17,0.109912375237,0.0,0
2018-05-27 17:35:12.705,211.7,0.109912375237,0.0,0
2018-05-27 17:35:12.799,211.29,0.109912375237,0.0,0
2018-05-27 17:35:12.891,212.12,0.109912375237,0.0,0
2018-05-27 17:35:13.053,211.86,0.109912375237,0.0,0
2018-05-27 17:35:13.147,212.92,0.109912375237,0.0,0
2018-05-27 17:35:13.240,210.8,0.109912375237,0.0,0
2018-05-27 17:35:13.323,211.67,0.109912375237,0.0,0
2018-05-27 17:35:13.603,211.42,0.109912375237,0.0,0
2018-05-27 17:35:13.696,212.45,0.109912375237,0.0,0
2018-05-27 17:35:13.789,210.37,0.109912375237,0.0,0
2018-05-27 17:35:13.882,212.14,0.109912375237,0.0,0
2018-05-27 17:35:14.044,212.0,0.109912375237,0.0,0
2018-05-27 17:35:14.138,211.34,0.109912375237,0.0,0
2018-05-27 17:35:14.231,212.77,0.109912375237,0.0,0
2018-05-27 17:35:14.407,210.92,0.109912375237,0.0,0
2018-05-27 17:35:14.678,214.17,0.109912375237,0.0,0
2018-05-27 17:35:15.120,214.7,0.109912375237,0.0,0
2018-05-27 17:35:15.203,213.43,0.109912375237,0.0,0
2018-05-27 17:35:15.296,215.1,0.109912375237,0.0,0
2018-05-27 17:35:15.473,217.19,0.109912375237,0.0,0
2018-05-27 17:35:15.641,215.82,0.109912375237,0.0,0
2018-05-27 17:35:15.827,217.71,0.109912375237,0.0,0
2018-05-27 17:35:16.063,217.02,0.109912375237,0.0,0
2018-05-27 17:35:16.156,219.11,0.109912375237,0.0,0
2018-05-27 17:35:16.250,217.78,0.109912375237,0.0,0
2018-05-27 17:35:16.343,217.78,0.109912375237,0.0,0
2018-05-27 17:35:16.436,218.37,0.109912375237,0.0,0
2018-05-27 17:35:16.622,218.52,0.109912375237,0.0,0
2018-05-27 17:35:16.715,218.44,0.109912375237,0.0,0
2018-05-27 17:35:16.808,220.41,0.109912375237,0.0,0
2018-05-27 17:35:17.063,220.18,0.109912375237,0.0,0
2018-05-27 17:35:17.240,220.72,0.109912375237,0.0,0
2018-05-27 17:35:17.520,222.28,0.109912375237,0.0,0
2018-05-27 17:35:17.613,221.81,0.109912375237,0.0,0
2018-05-27 17:35:17.706,221.57,0.109912375237,0.0,0
2018-05-27 17:35:17.799,221.91,0.109912375237,0.0,0
2018-05-27 17:35:17.892,223.28,0.109912375237,0.0,0
2018-05-27 17:35:18.054,223.67,0.109912375237,0.0,0
2018-05-27 17:35:18.148,223.58,0.109912375237,0.0,0
2018-05-27 17:35:18.324,224.61,0.109912375237,0.0,0
2018-05-27 17:35:18.417,224.27,0.109912375237,0.0,0
2018-05-27 17:35:18.510,223.44,0.109912375237,0.0,0
2018-05-27 17:35:18.604,224.55,0.109912375237,0.0,0
2018-05-27 17:35:18.697,224.85,0.109912375237,0.0,0
2018-05-27 17:35:18.790,225.27,0.109912375237,0.0,0
2018-05-27 17:35:18.883,226.19,0.109912375237,0.0,0
2018-05-27 17:35:19.045,226.52,0.109912375237,0.0,0
2018-05-27 17:35:19.222,225.82,0.109912375237,0.0,0
2018-05-27 17:35:19.492,225.38,0.109912375237,0.0,0
2018-05-27 17:35:19.585,226.26,0.109912375237,0.0,0
2018-05-27 17:35:19.771,227.68,0.109912375237,0.0,0
2018-05-27 17:35:19.865,228.04,0.109912375237,0.0,0
2018-05-27 17:35:20.027,227.51,0.109912375237,0.0,0
2018-05-27 17:35:20.120,227.12,0.109912375237,0.0,0
2018-05-27 17:35:20.213,227.39,0.109912375237,0.0,0
2018-05-27 17:35:20.306,227.75,0.109912375237,0.0,0
2018-05-27 17:35:20.483,229.18,0.109912375237,0.0,0
2018-05-27 17:35:20.855,228.55,0.109912375237,0.0,0
2018-05-27 17:35:21.012,229.67,0.109912375237,0.0,0
2018-05-27 17:35:21.362,230.37,0.109912375237,0.0,0
2018-05-27 17:35:21.911,230.26,0.109912375237,0.0,0
2018-05-27 17:35:22.064,230.54,0.109912375237,0.0,0
2018-05-27 17:35:22.521,229.83,0.109912375237,0.0,0
2018-05-27 17:35:22.791,226.3,0.109912375237,0.0,0
2018-05-27 17:35:23.503,220.31,0.109912375237,0.0,0
2018-05-27 17:35:23.865,217.51,0.109912375237,0.0,0
2018-05-27 17:35:24.307,213.24,0.109912375237,0.0,0
2018-05-27 17:35:24.483,212.28,0.109912375237,0.0,0
2018-05-27 17:35:24.660,212.14,0.109912375237,0.0,0
2018-05-27 17:35:24.735,212.48,0.109912375237,0.0,0
2018-05-27 17:35:24.837,212.69,0.109912375237,0.0,0
2018-05-27 17:35:24.931,211.25,0.109912375237,0.0,0
2018-05-27 17:35:25.269,208.88,0.109912375237,0.0,0
2018-05-27 17:35:25.353,208.65,0.109912375237,0.0,0
2018-05-27 17:35:25.800,208.35,0.109912375237,0.0,0
2018-05-27 17:35:25.893,208.87,0.109912375237,0.0,0
2018-05-27 17:35:26.148,209.11,0.109912375237,0.0,0
2018-05-27 17:35:26.335,208.99,0.109912375237,0.0,0
2018-05-27 17:35:26.521,208.87,0.109912375237,0.0,0
2018-05-27 17:35:27.046,208.66,0.109912375237,0.0,0
2018-05-27 17:35:27.139,208.04,0.109912375237,0.0,0
2018-05-27 17:35:27.419,208.25,0.109912375237,0.0,0
2018-05-27 17:35:27.773,209.53,0.109912375237,0.0,0
2018-05-27 17:35:27.866,208.53,0.109912375237,0.0,0
2018-05-27 17:35:28.028,209.87,0.109912375237,0.0,0
2018-05-27 17:35:28.307,208.24,0.109912375237,0.0,0
2018-05-27 17:35:28.485,209.81,0.109912375237,0.0,0
2018-05-27 17:35:28.572,209.71,0.109912375237,0.0,0
2018-05-27 17:35:28.931,211.85,0.109912375237,0.0,0
2018-05-27 17:35:29.549,213.4,0.109912375237,0.0,0
2018-05-27 17:35:29.643,211.49,0.109912375237,0.0,0
2018-05-27 17:35:29.736,213.15,0.109912375237,0.0,0
2018-05-27 17:35:30.084,215.61,0.109912375237,0.0,0
2018-05-27 17:35:30.270,214.39,0.109912375237,0.0,0
2018-05-27 17:35:30.354,214.83,0.109912375237,0.0,0
2018-05-27 17:35:30.531,216.21,0.109912375237,0.0,0
2018-05-27 17:35:30.624,217.68,0.109912375237,0.0,0
2018-05-27 17:35:31.159,216.3,0.109912375237,0.0,0
2018-05-27 17:35:31.429,217.06,0.109912375237,0.0,0
2018-05-27 17:35:31.522,215.65,0.109912375237,0.0,0
2018-05-27 17:35:31.615,215.15,0.109912375237,0.0,0
2018-05-27 17:35:31.894,213.06,0.109912375237,0.0,0
2018-05-27 17:35:32.056,215.02,0.109912375237,0.0,0
2018-05-27 17:35:32.150,213.23,0.109912375237,0.0,0
2018-05-27 17:35:32.243,213.31,0.109912375237,0.0,0
2018-05-27 17:35:32.419,214.13,0.109912375237,0.0,0
2018-05-27 17:35:32.689,212.71,0.109912375237,0.0,0
2018-05-27 17:35:32.783,213.21,0.109912375237,0.0,0
2018-05-27 17:35:32.876,212.17,0.109912375237,0.0,0
2018-05-27 17:35:33.131,211.75,0.109912375237,0.0,0
2018-05-27 17:35:33.308,212.12,0.109912375237,0.0,0
2018-05-27 17:35:33.392,211.87,0.109912375237,0.0,0
2018-05-27 17:35:33.485,214.37,0.109912375237,0.0,0
2018-05-27 17:35:33.671,211.94,0.109912375237,0.0,0
2018-05-27 17:35:33.764,212.43,0.109912375237,0.0,0
2018-05-27 17:35:34.014,210.9,0.109912375237,0.0,0
2018-05-27 17:35:34.103,212.54,0.109912375237,0.0,0
2018-05-27 17:35:34.457,212.43,0.109912375237,0.0,0
2018-05-27 17:35:34.550,212.93,0.109912375237,0.0,0
2018-05-27 17:35:34.643,214.25,0.109912375237,0.0,0
2018-05-27 17:35:34.727,214.28,0.109912375237,0.0,0
2018-05-27 17:35:34.820,212.11,0.109912375237,0.0,0
2018-05-27 17:35:34.904,213.38,0.109912375237,0.0,0
2018-05-27 17:35:35.066,212.9,0.109912375237,0.0,0
2018-05-27 17:35:35.252,212.62,0.109912375237,0.0,0
2018-05-27 17:35:35.336,214.3,0.109912375237,0.0,0
2018-05-27 17:35:35.429,213.46,0.109912375237,0.0,0
2018-05-27 17:35:35.523,215.25,0.109912375237,0.0,0
2018-05-27 17:35:35.699,215.05,0.109912375237,0.0,0
2018-05-27 17:35:35.783,215.86,0.109912375237,0.0,0
2018-05-27 17:35:35.876,215.19,0.109912375237,0.0,0
2018-05-27 17:35:36.124,215.7,0.109912375237,0.0,0
2018-05-27 17:35:36.215,216.87,0.109912375237,0.0,0
2018-05-27 17:35:36.308,216.78,0.109912375237,0.0,0
2018-05-27 17:35:36.401,216.15,0.109912375237,0.0,0
2018-05-27 17:35:36.588,218.8,0.109912375237,0.0,0
2018-05-27 17:35:36.674,218.09,0.109912375237,0.0,0
2018-05-27 17:35:36.765,218.43,0.109912375237,0.0,0
2018-05-27 17:35:36.858,216.79,0.109912375237,0.0,0
2018-05-27 17:35:37.103,218.25,0.109912375237,0.0,0
2018-05-27 17:35:37.280,218.71,0.109912375237,0.0,0
2018-05-27 17:35:37.373,219.59,0.109912375237,0.0,0
2018-05-27 17:35:37.467,220.87,0.109912375237,0.0,0
2018-05-27 17:35:37.560,220.41,0.109912375237,0.0,0
2018-05-27 17:35:37.653,219.9,0.109912375237,0.0,0
2018-05-27 17:35:37.746,220.49,0.109912375237,0.0,0
2018-05-27 17:35:37.833,220.81,0.109912375237,0.0,0
2018-05-27 17:35:37.923,221.71,0.109912375237,0.0,0
2018-05-27 17:35:38.178,223.2,0.109912375237,0.0,0
2018-05-27 17:35:38.346,222.36,0.109912375237,0.0,0
2018-05-27 17:35:38.439,222.4,0.109912375237,0.0,0
2018-05-27 17:35:38.523,223.99,0.109912375237,0.0,0
2018-05-27 17:35:38.616,223.05,0.109912375237,0.0,0
2018-05-27 17:35:38.709,223.09,0.109912375237,0.0,0
2018-05-27 17:35:38.802,223.55,0.109912375237,0.0,0
2018-05-27 17:35:39.057,226.03,0.109912375237,0.0,0
2018-05-27 17:35:39.150,226.04,0.109912375237,0.0,0
2018-05-27 17:35:39.243,225.82,0.109912375237,0.0,0
2018-05-27 17:35:39.337,224.52,0.109912375237,0.0,0
2018-05-27 17:35:39.513,226.89,0.109912375237,0.0,0
2018-05-27 17:35:39.607,227.13,0.109912375237,0.0,0
2018-05-27 17:35:39.700,225.91,0.109912375237,0.0,0
2018-05-27 17:35:39.793,225.6,0.109912375237,0.0,0
2018-05-27 17:35:39.886,226.79,0.109912375237,0.0,0
2018-05-27 17:35:40.048,227.2,0.109912375237,0.0,0
2018-05-27 17:35:40.234,228.1,0.109912375237,0.0,0
2018-05-27 17:35:40.327,228.06,0.109912375237,0.0,0
2018-05-27 17:35:40.411,228.14,0.109912375237,0.0,0
2018-05-27 17:35:40.504,227.76,0.109912375237,0.0,0
2018-05-27 17:35:40.597,228.5,0.109912375237,0.0,0
2018-05-27 17:35:40.877,229.71,0.109912375237,0.0,0
2018-05-27 17:35:41.132,229.64,0.109912375237,0.0,0
2018-05-27 17:35:41.225,229.75,0.109912375237,0.0,0
2018-05-27 17:35:41.318,229.95,0.109912375237,0.0,0
2018-05-27 17:35:41.495,231.76,0.109912375237,0.0,0
2018-05-27 17:35:41.588,231.89,0.109912375237,0.0,0
2018-05-27 17:35:41.681,233.19,0.100683100251,0.0250000003725,0
2018-05-27 17:35:41.774,233.39,0.0919509351645,0.0250000003725,0
2018-05-27 17:35:42.029,233.17,0.0919509351645,0.0,0
2018-05-27 17:35:42.122,233.15,0.0919509351645,0.0,0
2018-05-27 17:35:42.309,234.11,0.0919509351645,0.0,0
2018-05-27 17:35:42.392,232.69,0.0919509351645,0.0,0
2018-05-27 17:35:42.672,232.73,0.0919509351645,0.0,0
2018-05-27 17:35:42.765,231.69,0.0919509351645,0.0,0
2018-05-27 17:35:43.015,231.22,0.0837088715635,0.0250000003725,0
2018-05-27 17:35:43.188,229.02,0.0759493174518,0.0250000003725,0
2018-05-27 17:35:43.271,228.66,0.0837088715635,0.0,0
2018-05-27 17:35:43.355,226.57,0.0919509351645,0.0,0
2018-05-27 17:35:43.532,224.04,0.0919509351645,0.0,0
2018-05-27 17:35:43.625,223.18,0.0919509351645,0.0,0
2018-05-27 17:35:43.718,221.91,0.0919509351645,0.0,0
2018-05-27 17:35:44.336,215.82,0.0919509351645,0.0,0
2018-05-27 17:35:44.513,214.91,0.0919509351645,0.0,0
2018-05-27 17:35:44.886,210.29,0.0919509351645,0.0,0
2018-05-27 17:35:45.141,210.03,0.100682901029,0.0,0
2018-05-27 17:35:45.327,211.48,0.109912145792,0.0,0
2018-05-27 17:35:45.420,209.82,0.109912145792,0.0,0
2018-05-27 17:35:45.504,209.91,0.109912145792,0.0,0
2018-05-27 17:35:45.784,209.91,0.109912145792,0.0,0
2018-05-27 17:35:46.122,209.36,0.109912145792,0.0,0
2018-05-27 17:35:46.215,208.08,0.109912145792,0.0,0
2018-05-27 17:35:46.401,207.24,0.109912145792,0.0,0
2018-05-27 17:35:46.485,206.81,0.109912145792,0.0,0
2018-05-27 17:35:46.672,206.96,0.109912145792,0.0,0
2018-05-27 17:35:46.760,206.65,0.109912145792,0.0,0
2018-05-27 17:35:47.094,206.46,0.109912145792,0.0,0
2018-05-27 17:35:47.187,207.4,0.109912145792,0.0,0
2018-05-27 17:35:47.280,206.07,0.109912145792,0.0,0
2018-05-27 17:35:47.457,207.44,0.109912145792,0.0,0
2018-05-27 17:35:47.550,205.9,0.109912145792,0.0,0
2018-05-27 17:35:47.644,207.3,0.109912145792,0.0,0
2018-05-27 17:35:47.737,205.2,0.109912145792,0.0,0
2018-05-27 17:35:47.830,206.29,0.109912145792,0.0,0
2018-05-27 17:35:47.923,204.92,0.109912145792,0.0,0
2018-05-27 17:35:48.178,206.93,0.109912145792,0.0,0
2018-05-27 17:35:48.271,204.77,0.109912145792,0.0,0
2018-05-27 17:35:48.355,204.34,0.109912145792,0.0,0
2018-05-27 17:35:48.448,207.31,0.109912145792,0.0,0
2018-05-27 17:35:48.532,207.5,0.109912145792,0.0,0
2018-05-27 17:35:48.625,206.03,0.109912145792,0.0,0
2018-05-27 17:35:48.718,207.46,0.109912145792,0.0,0
2018-05-27 17:35:48.811,206.9,0.109912145792,0.0,0
2018-05-27 17:35:48.904,208.09,0.109912145792,0.0,0
2018-05-27 17:35:49.066,207.07,0.109912145792,0.0,0
2018-05-27 17:35:49.159,207.84,0.109912145792,0.0,0
2018-05-27 17:35:49.253,206.4,0.109912145792,0.0,0
2018-05-27 17:35:49.336,207.24,0.109912145792,0.0,0
2018-05-27 17:35:49.429,208.71,0.109912145792,0.0,0
2018-05-27 17:35:49.522,207.39,0.109912145792,0.0,0
2018-05-27 17:35:49.616,208.37,0.109912145792,0.0,0
2018-05-27 17:35:49.709,207.69,0.109912145792,0.0,0
2018-05-27 17:35:49.802,208.78,0.109912145792,0.0,0
2018-05-27 17:35:49.895,208.73,0.109912145792,0.0,0
2018-05-27 17:35:50.057,210.0,0.109912145792,0.0,0
2018-05-27 17:35:50.150,209.7,0.109912145792,0.0,0
2018-05-27 17:35:50.243,210.83,0.109912145792,0.0,0
2018-05-27 17:35:50.327,210.99,0.109912145792,0.0,0
2018-05-27 17:35:50.420,209.68,0.109912145792,0.0,0
2018-05-27 17:35:50.597,211.18,0.109912145792,0.0,0
2018-05-27 17:35:50.690,212.84,0.109912145792,0.0,0
2018-05-27 17:35:50.783,211.97,0.109912145792,0.0,0
2018-05-27 17:35:51.122,212.84,0.109912145792,0.0,0
2018-05-27 17:35:51.215,213.23,0.109912145792,0.0,0
2018-05-27 17:35:51.578,213.54,0.109912145792,0.0,0
2018-05-27 17:35:51.671,215.85,0.109912145792,0.0,0
2018-05-27 17:35:51.765,214.29,0.109912145792,0.0,0
2018-05-27 17:35:51.853,216.3,0.109912145792,0.0,0
2018-05-27 17:35:52.280,215.74,0.109912145792,0.0,0
2018-05-27 17:35:52.457,214.36,0.109912145792,0.0,0
2018-05-27 17:35:52.550,213.0,0.109912145792,0.0,0
2018-05-27 17:35:52.634,211.97,0.109912145792,0.0,0
2018-05-27 17:35:52.727,213.26,0.109912145792,0.0,0
2018-05-27 17:35:52.811,211.49,0.109912145792,0.0,0
2018-05-27 17:35:53.159,211.75,0.109912145792,0.0,0
2018-05-27 17:35:53.252,210.47,0.109912145792,0.0,0
2018-05-27 17:35:53.336,210.78,0.109912145792,0.0,0
2018-05-27 17:35:53.429,212.18,0.109912145792,0.0,0
2018-05-27 17:35:53.522,210.59,0.109912145792,0.0,0
2018-05-27 17:35:53.615,210.92,0.109912145792,0.0,0
2018-05-27 17:35:53.709,212.31,0.109912145792,0.0,0
2018-05-27 17:35:53.802,210.48,0.109912145792,0.0,0
2018-05-27 17:35:53.895,212.23,0.109912145792,0.0,0
2018-05-27 17:35:54.057,210.8,0.109912145792,0.0,0
2018-05-27 17:35:54.150,212.61,0.109912145792,0.0,0
2018-05-27 17:35:54.243,211.07,0.109912145792,0.0,0
2018-05-27 17:35:54.336,211.56,0.109912145792,0.0,0
2018-05-27 17:35:54.430,212.92,0.109912145792,0.0,0
2018-05-27 17:35:54.513,212.71,0.109912145792,0.0,0
2018-05-27 17:35:54.606,211.71,0.109912145792,0.0,0
2018-05-27 17:35:54.699,213.11,0.109912145792,0.0,0
2018-05-27 17:35:54.792,211.24,0.109912145792,0.0,0
2018-05-27 17:35:54.886,212.11,0.109912145792,0.0,0
2018-05-27 17:35:55.047,213.42,0.109912145792,0.0,0
2018-05-27 17:35:55.140,212.56,0.109912145792,0.0,0
2018-05-27 17:35:55.234,213.83,0.109912145792,0.0,0
2018-05-27 17:35:55.504,212.49,0.109912145792,0.0,0
2018-05-27 17:35:55.597,214.4,0.109912145792,0.0,0
2018-05-27 17:35:55.690,212.11,0.109912145792,0.0,0
2018-05-27 17:35:55.876,213.66,0.109912145792,0.0,0
2018-05-27 17:35:56.038,213.71,0.109912145792,0.0,0
2018-05-27 17:35:56.224,213.39,0.109912145792,0.0,0
2018-05-27 17:35:56.317,214.07,0.109912145792,0.0,0
2018-05-27 17:35:56.494,216.02,0.109912145792,0.0,0
2018-05-27 17:35:56.587,214.89,0.109912145792,0.0,0
2018-05-27 17:35:56.681,214.91,0.109912145792,0.0,0
2018-05-27 17:35:56.867,215.75,0.109912145792,0.0,0
2018-05-27 17:35:57.029,216.55,0.109912145792,0.0,0
2018-05-27 17:35:57.122,218.12,0.109912145792,0.0,0
2018-05-27 17:35:57.215,217.3,0.109912145792,0.0,0
2018-05-27 17:35:57.308,217.67,0.109912145792,0.0,0
2018-05-27 17:35:57.392,217.78,0.109912145792,0.0,0
2018-05-27 17:35:57.485,217.75,0.109912145792,0.0,0
2018-05-27 17:35:57.671,219.52,0.109912145792,0.0,0
2018-05-27 17:35:57.858,219.04,0.109912145792,0.0,0
2018-05-27 17:35:58.015,218.87,0.109911108639,0.0,0
2018-05-27 17:35:58.103,219.59,0.109911108639,0.0,0
2018-05-27 17:35:58.187,219.02,0.109911108639,0.0,0
2018-05-27 17:35:58.271,220.6,0.109911108639,0.0,0
2018-05-27 17:35:58.448,221.81,0.109911108639,0.0,0
2018-05-27 17:35:58.532,220.99,0.109911108639,0.0,0
2018-05-27 17:35:58.811,221.29,0.109911108639,0.0,0
2018-05-27 17:35:58.904,221.06,0.109911108639,0.0,0
2018-05-27 17:35:59.066,222.57,0.109911108639,0.0,0
2018-05-27 17:35:59.159,224.3,0.109911108639,0.0,0
2018-05-27 17:35:59.253,223.86,0.109911108639,0.0,0
2018-05-27 17:35:59.429,224.61,0.109911108639,0.0,0
2018-05-27 17:35:59.522,223.88,0.109911108639,0.0,0
2018-05-27 17:35:59.616,223.76,0.109911108639,0.0,0
2018-05-27 17:35:59.708,224.27,0.109911108639,0.0,0
2018-05-27 17:35:59.802,224.36,0.109911108639,0.0,0
2018-05-27 17:35:59.895,224.66,0.109911108639,0.0,0
2018-05-27 17:36:00.057,225.99,0.109911108639,0.0,0
2018-05-27 17:36:00.150,225.53,0.109911108639,0.0,0
2018-05-27 17:36:00.336,225.2,0.109911108639,0.0,0
2018-05-27 17:36:00.523,224.97,0.109911108639,0.0,0
2018-05-27 17:36:00.615,225.9,0.109911108639,0.0,0
2018-05-27 17:36:00.699,225.73,0.109911108639,0.0,0
2018-05-27 17:36:00.792,225.15,0.109911108639,0.0,0
2018-05-27 17:36:00.885,226.28,0.109911108639,0.0,0
2018-05-27 17:36:01.047,226.67,0.109911108639,0.0,0
2018-05-27 17:36:01.140,226.63,0.109911108639,0.0,0
2018-05-27 17:36:01.327,227.78,0.109911108639,0.0,0
2018-05-27 17:36:01.597,227.66,0.109911108639,0.0,0
2018-05-27 17:36:01.690,227.89,0.109911108639,0.0,0
2018-05-27 17:36:01.783,229.15,0.109911108639,0.0,0
2018-05-27 17:36:02.038,229.54,0.109911108639,0.0,0
2018-05-27 17:36:02.131,228.68,0.109911108639,0.0,0
2018-05-27 17:36:02.401,228.4,0.109911108639,0.0,0
2018-05-27 17:36:02.587,229.89,0.109911108639,0.0,0
2018-05-27 17:36:02.774,229.8,0.109911108639,0.0,0
2018-05-27 17:36:03.485,229.95,0.109911108639,0.0,0
2018-05-27 17:36:03.857,231.68,0.109911108639,0.0,0
2018-05-27 17:36:04.014,230.07,0.109911108639,0.0,0
2018-05-27 17:36:04.373,232.15,0.109911108639,0.0,0
2018-05-27 17:36:04.466,232.48,0.109911108639,0.0,0
2018-05-27 17:36:04.746,232.31,0.109911108639,0.0,0
2018-05-27 17:36:04.839,231.07,0.109911108639,0.0,0
2018-05-27 17:36:05.094,229.76,0.109911108639,0.0,0
2018-05-27 17:36:05.187,227.86,0.109911108639,0.0,0
2018-05-27 17:36:05.457,226.39,0.109911108639,0.0,0
2018-05-27 17:36:05.643,223.2,0.109911108639,0.0,0
2018-05-27 17:36:05.904,220.81,0.109911108639,0.0,0
2018-05-27 17:36:06.159,217.95,0.109911108639,0.0,0
2018-05-27 17:36:06.252,217.46,0.109911108639,0.0,0
2018-05-27 17:36:06.438,217.62,0.109911108639,0.0,0
2018-05-27 17:36:06.531,216.53,0.109911108639,0.0,0
2018-05-27 17:36:06.718,214.91,0.109911108639,0.0,0
2018-05-27 17:36:06.811,213.27,0.109911108639,0.0,0
2018-05-27 17:36:06.904,213.97,0.109911108639,0.0,0
2018-05-27 17:36:07.066,211.1,0.109911108639,0.0,0
2018-05-27 17:36:07.252,212.84,0.109911108639,0.0,0
2018-05-27 17:36:07.615,211.8,0.109911108639,0.0,0
2018-05-27 17:36:07.708,212.08,0.109911108639,0.0,0
2018-05-27 17:36:08.420,208.48,0.109911108639,0.0,0
2018-05-27 17:36:08.503,209.2,0.109911108639,0.0,0
2018-05-27 17:36:08.597,208.13,0.109911108639,0.0,0
2018-05-27 17:36:08.690,208.39,0.109911108639,0.0,0
2018-05-27 17:36:09.038,207.23,0.109911108639,0.0,0
2018-05-27 17:36:09.224,207.14,0.109911108639,0.0,0
2018-05-27 17:36:09.485,207.99,0.109911108639,0.0,0
2018-05-27 17:36:09.662,207.82,0.109911108639,0.0,0
2018-05-27 17:36:09.745,207.45,0.109911108639,0.0,0
2018-05-27 17:36:10.187,207.68,0.109911108639,0.0,0
2018-05-27 17:36:10.280,209.22,0.109911108639,0.0,0
2018-05-27 17:36:10.718,210.93,0.109911108639,0.0,0
2018-05-27 17:36:10.904,210.72,0.109911108639,0.0,0
2018-05-27 17:36:11.159,211.24,0.109911108639,0.0,0
2018-05-27 17:36:11.252,213.07,0.109911108639,0.0,0
2018-05-27 17:36:12.056,215.19,0.109911108639,0.0,0
2018-05-27 17:36:12.326,217.42,0.109911108639,0.0,0
2018-05-27 17:36:12.419,215.96,0.109911108639,0.0,0
2018-05-27 17:36:12.503,217.08,0.109911108639,0.0,0
2018-05-27 17:36:12.876,216.78,0.109911108639,0.0,0
2018-05-27 17:36:13.038,216.62,0.109911108639,0.0,0
2018-05-27 17:36:13.121,216.1,0.109911108639,0.0,0
2018-05-27 17:36:13.215,217.16,0.109911108639,0.0,0
2018-05-27 17:36:13.308,217.78,0.109911108639,0.0,0
2018-05-27 17:36:13.392,216.75,0.109911108639,0.0,0
2018-05-27 17:36:14.014,213.98,0.109911108639,0.0,0
2018-05-27 17:36:14.103,214.75,0.109911108639,0.0,0
2018-05-27 17:36:14.280,215.83,0.109911108639,0.0,0
2018-05-27 17:36:14.364,213.99,0.109911108639,0.0,0
2018-05-27 17:36:14.550,212.3,0.109911108639,0.0,0
2018-05-27 17:36:14.643,213.69,0.109911108639,0.0,0
2018-05-27 17:36:14.727,212.23,0.109911108639,0.0,0
2018-05-27 17:36:14.820,213.33,0.109911108639,0.0,0
2018-05-27 17:36:14.904,214.07,0.109911108639,0.0,0
2018-05-27 17:36:15.066,212.68,0.109911108639,0.0,0
2018-05-27 17:36:15.159,213.03,0.109911108639,0.0,0
2018-05-27 17:36:15.252,214.3,0.109911108639,0.0,0
2018-05-27 17:36:15.336,214.52,0.109911108639,0.0,0
2018-05-27 17:36:15.513,213.04,0.109911108639,0.0,0
2018-05-27 17:36:15.606,212.83,0.109911108639,0.0,0
2018-05-27 17:36:15.699,214.48,0.109911108639,0.0,0
2018-05-27 17:36:15.792,212.8,0.109911108639,0.0,0
2018-05-27 17:36:15.885,213.56,0.109911108639,0.0,0
2018-05-27 17:36:16.047,215.09,0.109911108639,0.0,0
2018-05-27 17:36:16.140,213.81,0.109911108639,0.0,0
2018-05-27 17:36:16.233,215.35,0.109911108639,0.0,0
2018-05-27 17:36:16.326,213.53,0.109911108639,0.0,0
2018-05-27 17:36:16.411,214.85,0.109911108639,0.0,0
2018-05-27 17:36:16.503,214.11,0.109911108639,0.0,0
2018-05-27 17:36:16.690,215.06,0.109911108639,0.0,0
2018-05-27 17:36:16.876,216.36,0.109911108639,0.0,0
2018-05-27 17:36:17.038,214.37,0.109911108639,0.0,0
2018-05-27 17:36:17.131,214.23,0.109911108639,0.0,0
2018-05-27 17:36:17.308,215.64,0.109911108639,0.0,0
2018-05-27 17:36:17.587,216.51,0.109911108639,0.0,0
2018-05-27 17:36:17.773,216.55,0.109911108639,0.0,0
2018-05-27 17:36:17.867,217.41,0.109911108639,0.0,0
2018-05-27 17:36:18.112,217.94,0.109911108639,0.0,0
2018-05-27 17:36:18.205,218.83,0.109911108639,0.0,0
2018-05-27 17:36:18.299,217.55,0.109911108639,0.0,0
2018-05-27 17:36:18.475,218.4,0.109911108639,0.0,0
2018-05-27 17:36:18.559,219.01,0.109911108639,0.0,0
2018-05-27 17:36:19.271,220.39,0.109911108639,0.0,0
2018-05-27 17:36:19.448,221.94,0.109911108639,0.0,0
2018-05-27 17:36:19.532,223.43,0.109911108639,0.0,0
2018-05-27 17:36:19.625,222.71,0.109911108639,0.0,0
2018-05-27 17:36:19.708,222.29,0.109911108639,0.0,0
2018-05-27 17:36:19.802,223.52,0.109911108639,0.0,0
2018-05-27 17:36:19.895,224.2,0.109911108639,0.0,0
2018-05-27 17:36:20.056,222.98,0.109911108639,0.0,0
2018-05-27 17:36:20.150,223.43,0.109911108639,0.0,0
2018-05-27 17:36:20.243,224.26,0.109911108639,0.0,0
2018-05-27 17:36:20.429,225.19,0.109911108639,0.0,0
2018-05-27 17:36:20.522,225.0,0.109911108639,0.0,0
2018-05-27 17:36:20.606,224.8,0.109911108639,0.0,0
2018-05-27 17:36:20.699,225.88,0.109911108639,0.0,0
2018-05-27 17:36:20.792,226.4,0.109911108639,0.0,0
2018-05-27 17:36:20.885,226.31,0.109911108639,0.0,0
2018-05-27 17:36:21.047,225.34,0.109911108639,0.0,0
2018-05-27 17:36:21.233,225.62,0.109911108639,0.0,0
2018-05-27 17:36:21.327,225.45,0.109911108639,0.0,0
2018-05-27 17:36:21.597,226.32,0.109911108639,0.0,0
2018-05-27 17:36:21.690,226.75,0.109911108639,0.0,0
2018-05-27 17:36:21.783,227.57,0.109911108639,0.0,0
2018-05-27 17:36:21.876,227.31,0.109911108639,0.0,0
2018-05-27 17:36:22.038,228.34,0.109911108639,0.0,0
2018-05-27 17:36:22.131,228.23,0.109911108639,0.0,0
2018-05-27 17:36:22.224,230.09,0.109911108639,0.0,0
2018-05-27 17:36:22.317,230.59,0.109911108639,0.0,0
2018-05-27 17:36:22.410,230.54,0.109911108639,0.0,0
2018-05-27 17:36:22.774,230.12,0.109911108639,0.0,0
2018-05-27 17:36:23.122,230.28,0.109911108639,0.0,0
2018-05-27 17:36:23.215,230.48,0.109911108639,0.0,0
2018-05-27 17:36:23.485,231.88,0.109911108639,0.0,0
2018-05-27 17:36:23.764,232.61,0.109911108639,0.0,0
2018-05-27 17:36:24.015,232.07,0.109911108639,0.0,0
2018-05-27 17:36:24.103,231.84,0.109911108639,0.0,0
2018-05-27 17:36:24.280,231.81,0.109911108639,0.0,0
2018-05-27 17:36:24.550,228.53,0.109911108639,0.0,0
2018-05-27 17:36:24.643,228.21,0.109911108639,0.0,0
2018-05-27 17:36:24.736,226.87,0.109911108639,0.0,0
2018-05-27 17:36:24.830,227.58,0.109911108639,0.0,0
2018-05-27 17:36:24.923,226.51,0.109911108639,0.0,0
2018-05-27 17:36:25.178,223.71,0.109911108639,0.0,0
2018-05-27 17:36:25.271,223.0,0.109911108639,0.0,0
2018-05-27 17:36:25.364,222.34,0.109911108639,0.0,0
2018-05-27 17:36:25.550,221.18,0.109911108639,0.0,0
2018-05-27 17:36:25.644,219.58,0.109911108639,0.0,0
2018-05-27 17:36:26.532,215.84,0.109911108639,0.0,0
2018-05-27 17:36:26.886,213.63,0.109911108639,0.0,0
2018-05-27 17:36:27.048,214.62,0.109911108639,0.0,0
2018-05-27 17:36:27.234,213.74,0.109911108639,0.0,0
2018-05-27 17:36:27.411,213.48,0.109911108639,0.0,0
2018-05-27 17:36:27.597,212.77,0.109911108639,0.0,0
2018-05-27 17:36:27.783,210.97,0.109911108639,0.0,0
2018-05-27 17:36:27.876,212.43,0.109911108639,0.0,0
2018-05-27 17:36:28.224,214.02,0.109911108639,0.0,0
2018-05-27 17:36:28.318,212.13,0.109911108639,0.0,0
2018-05-27 17:36:28.588,212.02,0.109911108639,0.0,0
2018-05-27 17:36:28.774,211.25,0.109911108639,0.0,0
2018-05-27 17:36:28.867,209.88,0.109911108639,0.0,0
2018-05-27 17:36:29.029,212.77,0.109911108639,0.0,0
2018-05-27 17:36:29.122,210.23,0.109911108639,0.0,0
2018-05-27 17:36:29.215,210.74,0.109911108639,0.0,0
2018-05-27 17:36:29.308,211.48,0.109911108639,0.0,0
2018-05-27 17:36:29.392,211.02,0.109911108639,0.0,0
2018-05-27 17:36:29.485,210.78,0.109911108639,0.0,0
2018-05-27 17:36:29.671,210.69,0.109911108639,0.0,0
2018-05-27 17:36:29.765,211.59,0.109911108639,0.0,0
2018-05-27 17:36:30.015,210.59,0.109911108639,0.0,0
2018-05-27 17:36:30.104,210.87,0.109911108639,0.0,0
2018-05-27 17:36:30.188,210.61,0.109911108639,0.0,0
2018-05-27 17:36:30.280,211.85,0.109911108639,0.0,0
2018-05-27 17:36:30.373,210.1,0.109911108639,0.0,0
2018-05-27 17:36:30.467,211.11,0.109911108639,0.0,0
2018-05-27 17:36:30.560,209.2,0.109911108639,0.0,0
2018-05-27 17:36:30.653,211.51,0.109911108639,0.0,0
2018-05-27 17:36:30.839,210.47,0.109911108639,0.0,0
2018-05-27 17:36:31.094,210.07,0.109911108639,0.0,0
2018-05-27 17:36:31.187,211.73,0.109911108639,0.0,0
2018-05-27 17:36:31.281,210.65,0.109911108639,0.0,0
2018-05-27 17:36:31.364,210.5,0.109911108639,0.0,0
2018-05-27 17:36:31.457,212.44,0.109911108639,0.0,0
2018-05-27 17:36:31.550,211.22,0.109911108639,0.0,0
2018-05-27 17:36:31.644,211.39,0.109911108639,0.0,0
2018-05-27 17:36:31.737,212.3,0.109911108639,0.0,0
2018-05-27 17:36:31.923,213.48,0.109911108639,0.0,0
2018-05-27 17:36:32.085,212.58,0.109911108639,0.0,0
2018-05-27 17:36:32.178,213.6,0.109911108639,0.0,0
2018-05-27 17:36:32.271,214.87,0.109911108639,0.0,0
2018-05-27 17:36:32.355,215.05,0.109911108639,0.0,0
2018-05-27 17:36:32.532,215.01,0.109911108639,0.0,0
2018-05-27 17:36:32.625,215.09,0.109911108639,0.0,0
2018-05-27 17:36:32.709,215.02,0.109911108639,0.0,0
2018-05-27 17:36:32.895,217.77,0.109911108639,0.0,0
2018-05-27 17:36:33.057,216.1,0.109911108639,0.0,0
2018-05-27 17:36:33.150,215.96,0.109911108639,0.0,0
2018-05-27 17:36:33.337,214.95,0.109911108639,0.0,0
2018-05-27 17:36:33.430,214.72,0.109911108639,0.0,0
2018-05-27 17:36:33.523,215.38,0.109911108639,0.0,0
2018-05-27 17:36:33.709,213.21,0.109911108639,0.0,0
2018-05-27 17:36:33.802,212.73,0.109911108639,0.0,0
2018-05-27 17:36:34.057,211.79,0.109911108639,0.0,0
2018-05-27 17:36:34.243,210.32,0.109911108639,0.0,0
2018-05-27 17:36:34.430,210.29,0.109911108639,0.0,0
2018-05-27 17:36:34.886,206.85,0.109911108639,0.0,0
2018-05-27 17:36:35.048,204.79,0.109911108639,0.0,0
2018-05-27 17:36:35.141,204.53,0.109911108639,0.0,0
2018-05-27 17:36:35.234,203.06,0.109911108639,0.0,0
2018-05-27 17:36:35.327,202.12,0.109911108639,0.0,0
2018-05-27 17:36:35.411,201.48,0.109911108639,0.0,0
2018-05-27 17:36:35.597,203.16,0.109911108639,0.0,0
2018-05-27 17:36:35.690,203.85,0.109911108639,0.0,0
2018-05-27 17:36:35.783,203.07,0.109911108639,0.0,0
2018-05-27 17:36:35.876,202.36,0.109911108639,0.0,0
2018-05-27 17:36:36.038,204.51,0.109911108639,0.0,0
2018-05-27 17:36:36.132,203.62,0.109911108639,0.0,0
2018-05-27 17:36:36.318,203.46,0.109911108639,0.0,0
2018-05-27 17:36:36.402,203.8,0.109911108639,0.0,0
2018-05-27 17:36:36.588,203.73,0.109911108639,0.0,0
2018-05-27 17:36:36.681,202.39,0.109911108639,0.0,0
2018-05-27 17:36:36.775,201.58,0.109911108639,0.0,0
2018-05-27 17:36:37.029,200.23,0.109911108639,0.0,0
2018-05-27 17:36:37.122,201.09,0.109911108639,0.0,0
2018-05-27 17:36:37.215,202.78,0.109911108639,0.0,0
2018-05-27 17:36:37.309,201.82,0.109911108639,0.0,0
2018-05-27 17:36:37.392,201.09,0.109911108639,0.0,0
2018-05-27 17:36:37.485,201.93,0.109911108639,0.0,0
2018-05-27 17:36:37.579,203.58,0.109911108639,0.0,0
2018-05-27 17:36:37.672,202.34,0.109911108639,0.0,0
2018-05-27 17:36:37.765,203.84,0.109911108639,0.0,0
2018-05-27 17:36:38.015,203.19,0.109911108639,0.0,0
2018-05-27 17:36:38.104,203.31,0.109911108639,0.0,0
2018-05-27 17:36:38.188,203.1,0.109911108639,0.0,0
2018-05-27 17:36:38.365,205.15,0.109911108639,0.0,0
2018-05-27 17:36:38.448,205.58,0.109911108639,0.0,0
2018-05-27 17:36:38.541,204.98,0.109911108639,0.0,0
2018-05-27 17:36:38.625,205.34,0.109911108639,0.0,0
2018-05-27 17:36:38.718,206.65,0.109911108639,0.0,0
2018-05-27 17:36:38.811,206.48,0.109911108639,0.0,0
2018-05-27 17:36:38.905,206.51,0.109911108639,0.0,0
2018-05-27 17:36:39.253,208.6,0.109911108639,0.0,0
2018-05-27 17:36:39.336,208.63,0.109911108639,0.0,0
2018-05-27 17:36:39.430,209.02,0.109911108639,0.0,0
2018-05-27 17:36:39.616,210.23,0.109911108639,0.0,0
2018-05-27 17:36:39.886,212.06,0.109911108639,0.0,0
2018-05-27 17:36:40.132,211.36,0.109911108639,0.0,0
2018-05-27 17:36:40.318,213.41,0.109911108639,0.0,0
2018-05-27 17:36:40.765,215.76,0.109911108639,0.0,0
2018-05-27 17:36:40.858,214.63,0.109911108639,0.0,0
2018-05-27 17:36:41.187,216.57,0.109911108639,0.0,0
2018-05-27 17:36:41.356,217.14,0.109911108639,0.0,0
2018-05-27 17:36:41.458,216.63,0.109911108639,0.0,0
2018-05-27 17:36:41.551,218.66,0.109911108639,0.0,0
2018-05-27 17:36:41.644,218.09,0.109911108639,0.0,0
2018-05-27 17:36:41.737,218.25,0.109911108639,0.0,0
2018-05-27 17:36:41.830,218.35,0.109911108639,0.0,0
2018-05-27 17:36:42.076,219.65,0.109911108639,0.0,0
2018-05-27 17:36:42.169,219.65,0.109911108639,0.0,0
2018-05-27 17:36:42.262,218.27,0.109911108639,0.0,0
2018-05-27 17:36:42.346,219.97,0.109911108639,0.0,0
2018-05-27 17:36:42.439,219.77,0.109911108639,0.0,0
2018-05-27 17:36:42.532,219.67,0.109911108639,0.0,0
2018-05-27 17:36:42.625,221.42,0.109911108639,0.0,0
2018-05-27 17:36:42.718,221.56,0.109911108639,0.0,0
2018-05-27 17:36:42.811,220.38,0.109911108639,0.0,0
2018-05-27 17:36:42.895,222.57,0.109911108639,0.0,0
2018-05-27 17:36:43.057,222.35,0.109911108639,0.0,0
2018-05-27 17:36:43.243,221.57,0.109911108639,0.0,0
2018-05-27 17:36:43.523,223.48,0.109911108639,0.0,0
2018-05-27 17:36:43.616,223.18,0.109911108639,0.0,0
2018-05-27 17:36:43.709,223.59,0.109911108639,0.0,0
2018-05-27 17:36:43.793,224.74,0.109911108639,0.0,0
2018-05-27 17:36:43.886,223.38,0.109911108639,0.0,0
2018-05-27 17:36:44.048,223.88,0.109911108639,0.0,0
2018-05-27 17:36:44.142,223.84,0.109911108639,0.0,0
2018-05-27 17:36:44.597,225.23,0.109911108639,0.0,0
2018-05-27 17:36:44.867,226.16,0.109911108639,0.0,0
2018-05-27 17:36:45.030,225.77,0.109911108639,0.0,0
2018-05-27 17:36:45.122,227.44,0.109911108639,0.0,0
2018-05-27 17:36:45.215,227.42,0.109911108639,0.0,0
2018-05-27 17:36:45.402,226.8,0.109911108639,0.0,0
2018-05-27 17:36:45.486,226.4,0.109911108639,0.0,0
2018-05-27 17:36:45.574,225.86,0.109911108639,0.0,0
2018-05-27 17:36:45.663,226.27,0.109911108639,0.0,0
2018-05-27 17:36:46.001,227.04,0.109911108639,0.0,0
2018-05-27 17:36:46.094,226.93,0.109911108639,0.0,0
2018-05-27 17:36:46.188,227.17,0.109911108639,0.0,0
2018-05-27 17:36:46.271,228.86,0.109911108639,0.0,0
2018-05-27 17:36:46.355,228.2,0.109911108639,0.0,0
2018-05-27 17:36:46.448,227.7,0.109911108639,0.0,0
2018-05-27 17:36:46.541,228.46,0.109911108639,0.0,0
2018-05-27 17:36:46.635,228.83,0.109911108639,0.0,0
2018-05-27 17:36:46.720,228.58,0.109911108639,0.0,0
2018-05-27 17:36:47.337,228.99,0.109911108639,0.0,0
2018-05-27 17:36:47.617,223.47,0.109911108639,0.0,0
2018-05-27 17:36:47.709,223.28,0.109911108639,0.0,0
2018-05-27 17:36:47.802,222.46,0.109911108639,0.0,0
2018-05-27 17:36:48.151,218.21,0.109911108639,0.0,0
2018-05-27 17:36:48.243,218.76,0.109911108639,0.0,0
2018-05-27 17:36:48.337,218.7,0.109911108639,0.0,0
2018-05-27 17:36:48.886,212.52,0.109911108639,0.0,0
2018-05-27 17:36:49.141,209.78,0.109911108639,0.0,0
2018-05-27 17:36:49.588,210.08,0.109911108639,0.0,0
2018-05-27 17:36:50.299,210.62,0.109911108639,0.0,0
2018-05-27 17:36:50.388,210.36,0.109911108639,0.0,0
2018-05-27 17:36:51.281,209.77,0.109911108639,0.0,0
2018-05-27 17:36:51.458,212.39,0.109911108639,0.0,0
2018-05-27 17:36:51.551,210.18,0.109911108639,0.0,0
2018-05-27 17:36:51.737,211.81,0.109911108639,0.0,0
2018-05-27 17:36:51.830,211.16,0.109911108639,0.0,0
2018-05-27 17:36:52.076,212.95,0.109911108639,0.0,0
2018-05-27 17:36:52.430,212.57,0.109911108639,0.0,0
2018-05-27 17:36:53.151,214.26,0.109911108639,0.0,0
2018-05-27 17:36:53.337,215.89,0.109911108639,0.0,0
2018-05-27 17:36:53.430,214.88,0.109911108639,0.0,0
2018-05-27 17:36:53.523,215.15,0.109911108639,0.0,0
2018-05-27 17:36:53.616,217.32,0.109911108639,0.0,0
2018-05-27 17:36:53.803,216.3,0.109911108639,0.0,0
2018-05-27 17:36:54.048,217.82,0.109911108639,0.0,0
2018-05-27 17:36:54.234,217.9,0.109911108639,0.0,0
2018-05-27 17:36:54.421,218.93,0.109911108639,0.0,0
2018-05-27 17:36:54.504,218.69,0.109911108639,0.0,0
2018-05-27 17:36:54.868,217.6,0.109911108639,0.0,0
2018-05-27 17:36:55.029,217.05,0.109911108639,0.0,0
2018-05-27 17:36:55.123,217.06,0.109911108639,0.0,0
2018-05-27 17:36:55.216,216.71,0.109911108639,0.0,0
2018-05-27 17:36:55.402,215.68,0.109911108639,0.0,0
2018-05-27 17:36:55.486,213.94,0.109911108639,0.0,0
2018-05-27 17:36:55.747,213.03,0.109911108639,0.0,0
2018-05-27 17:36:56.002,211.66,0.109911108639,0.0,0
2018-05-27 17:36:56.095,213.72,0.109911108639,0.0,0
2018-05-27 17:36:56.188,212.07,0.109911108639,0.0,0
2018-05-27 17:36:56.365,212.52,0.109911108639,0.0,0
2018-05-27 17:36:56.551,210.61,0.109911108639,0.0,0
2018-05-27 17:36:56.830,211.59,0.109911108639,0.0,0
2018-05-27 17:36:56.924,213.29,0.109911108639,0.0,0
2018-05-27 17:36:57.272,211.48,0.109911108639,0.0,0
2018-05-27 17:36:57.356,213.71,0.109911108639,0.0,0
2018-05-27 17:36:57.439,213.63,0.109911108639,0.0,0
2018-05-27 17:36:57.542,213.37,0.109911108639,0.0,0
2018-05-27 17:36:57.626,213.54,0.109911108639,0.0,0
2018-05-27 17:36:57.719,212.33,0.109911108639,0.0,0
2018-05-27 17:36:57.812,211.91,0.109911108639,0.0,0
2018-05-27 17:36:57.905,213.85,0.109911108639,0.0,0
2018-05-27 17:36:58.067,212.16,0.109911108639,0.0,0
2018-05-27 17:36:58.160,214.32,0.109911108639,0.0,0
2018-05-27 17:36:58.253,212.41,0.109911108639,0.0,0
2018-05-27 17:36:58.337,213.54,0.109911108639,0.0,0
2018-05-27 17:36:58.709,213.13,0.109911108639,0.0,0
2018-05-27 17:36:58.803,214.84,0.109911108639,0.0,0
2018-05-27 17:36:58.896,213.72,0.109911108639,0.0,0
2018-05-27 17:36:59.058,214.27,0.109911108639,0.0,0
2018-05-27 17:36:59.151,215.71,0.109911108639,0.0,0
2018-05-27 17:36:59.421,215.37,0.109911108639,0.0,0
2018-05-27 17:36:59.514,217.11,0.109911108639,0.0,0
2018-05-27 17:37:00.328,217.64,0.109911108639,0.0,0
2018-05-27 17:37:00.598,218.48,0.109911108639,0.0,0
2018-05-27 17:37:00.691,220.35,0.109911108639,0.0,0
2018-05-27 17:37:00.784,219.08,0.109911108639,0.0,0
2018-05-27 17:37:01.132,221.38,0.109911108639,0.0,0
2018-05-27 17:37:01.319,220.89,0.109911108639,0.0,0
2018-05-27 17:37:01.402,221.71,0.109911108639,0.0,0
2018-05-27 17:37:01.496,220.74,0.109911108639,0.0,0
2018-05-27 17:37:01.589,221.04,0.109911108639,0.0,0
2018-05-27 17:37:01.775,223.45,0.109911108639,0.0,0
2018-05-27 17:37:01.868,223.03,0.109911108639,0.0,0
2018-05-27 17:37:02.123,223.38,0.109911108639,0.0,0
2018-05-27 17:37:02.216,223.97,0.109911108639,0.0,0
2018-05-27 17:37:02.300,222.76,0.109911108639,0.0,0
2018-05-27 17:37:02.393,224.24,0.109911108639,0.0,0
2018-05-27 17:37:02.486,224.68,0.109911108639,0.0,0
2018-05-27 17:37:02.673,226.06,0.109911108639,0.0,0
2018-05-27 17:37:02.850,225.28,0.109911108639,0.0,0
2018-05-27 17:37:03.011,226.25,0.109911108639,0.0,0
2018-05-27 17:37:03.095,224.43,0.109911108639,0.0,0
2018-05-27 17:37:03.281,225.8,0.109911108639,0.0,0
2018-05-27 17:37:03.367,225.27,0.109911108639,0.0,0
2018-05-27 17:37:03.449,227.48,0.109911108639,0.0,0
2018-05-27 17:37:03.542,227.86,0.109911108639,0.0,0
2018-05-27 17:37:03.635,227.02,0.109911108639,0.0,0
2018-05-27 17:37:03.719,226.77,0.109911108639,0.0,0
2018-05-27 17:37:03.812,227.09,0.109911108639,0.0,0
2018-05-27 17:37:03.905,228.95,0.109911108639,0.0,0
2018-05-27 17:37:04.058,227.3,0.109911108639,0.0,0
2018-05-27 17:37:04.151,227.71,0.109911108639,0.0,0
2018-05-27 17:37:04.244,227.6,0.109911108639,0.0,0
2018-05-27 17:37:04.337,228.42,0.109911108639,0.0,0
2018-05-27 17:37:04.710,230.52,0.109911108639,0.0,0
2018-05-27 17:37:04.803,230.43,0.109911108639,0.0,0
2018-05-27 17:37:05.048,229.55,0.109911108639,0.0,0
2018-05-27 17:37:05.141,229.9,0.109911108639,0.0,0
2018-05-27 17:37:05.235,229.9,0.109911108639,0.0,0
2018-05-27 17:37:05.328,230.63,0.109911108639,0.0,0
2018-05-27 17:37:05.421,230.17,0.109911108639,0.0,0
2018-05-27 17:37:05.598,232.04,0.109911108639,0.0,0
2018-05-27 17:37:05.691,232.45,0.109911108639,0.0,0
2018-05-27 17:37:05.784,232.58,0.109911108639,0.0,0
2018-05-27 17:37:05.868,230.96,0.109911108639,0.0,0
2018-05-27 17:37:06.030,231.11,0.109911108639,0.0,0
2018-05-27 17:37:06.216,231.51,0.109911108639,0.0,0
2018-05-27 17:37:06.309,231.88,0.109911108639,0.0,0
2018-05-27 17:37:06.393,233.69,0.109911108639,0.0,0
2018-05-27 17:37:06.579,234.01,0.109911108639,0.0,0
2018-05-27 17:37:06.668,233.92,0.109911108639,0.0,0
2018-05-27 17:37:06.756,232.8,0.109911108639,0.0,0
2018-05-27 17:37:06.840,234.69,0.109911108639,0.0,0
2018-05-27 17:37:07.188,231.23,0.109911108639,0.0,0
2018-05-27 17:37:07.365,227.84,0.109911108639,0.0,0
2018-05-27 17:37:07.458,227.36,0.109911108639,0.0,0
2018-05-27 17:37:07.542,228.77,0.109911108639,0.0,0
2018-05-27 17:37:07.719,225.14,0.109911108639,0.0,0
2018-05-27 17:37:07.905,224.01,0.109911108639,0.0,0
2018-05-27 17:37:08.254,220.0,0.109911108639,0.0,0
2018-05-27 17:37:08.430,218.11,0.109911108639,0.0,0
2018-05-27 17:37:08.523,218.24,0.109911108639,0.0,0
2018-05-27 17:37:08.803,215.66,0.109911108639,0.0,0
2018-05-27 17:37:08.896,213.81,0.109911108639,0.0,0
2018-05-27 17:37:09.607,209.83,0.109911108639,0.0,0
2018-05-27 17:37:09.793,209.11,0.109911108639,0.0,0
2018-05-27 17:37:10.049,207.96,0.109911108639,0.0,0
2018-05-27 17:37:10.514,207.48,0.109911108639,0.0,0
2018-05-27 17:37:10.607,206.96,0.109911108639,0.0,0
2018-05-27 17:37:10.794,206.1,0.109911108639,0.0,0
2018-05-27 17:37:10.868,206.42,0.109911108639,0.0,0
2018-05-27 17:37:11.142,205.38,0.109911108639,0.0,0
2018-05-27 17:37:11.235,206.6,0.109911108639,0.0,0
2018-05-27 17:37:11.328,205.27,0.109911108639,0.0,0
2018-05-27 17:37:11.412,204.95,0.109911108639,0.0,0
2018-05-27 17:37:11.505,205.02,0.109911108639,0.0,0
2018-05-27 17:37:11.691,204.78,0.109911108639,0.0,0
2018-05-27 17:37:11.784,206.5,0.109911108639,0.0,0
2018-05-27 17:37:11.867,204.59,0.109911108639,0.0,0
2018-05-27 17:37:12.114,205.19,0.109911108639,0.0,0
2018-05-27 17:37:12.210,206.55,0.109911108639,0.0,0
2018-05-27 17:37:12.300,206.12,0.109911108639,0.0,0
2018-05-27 17:37:12.392,205.68,0.109911108639,0.0,0
2018-05-27 17:37:12.468,205.87,0.109911108639,0.0,0
2018-05-27 17:37:12.561,207.32,0.109911108639,0.0,0
2018-05-27 17:37:12.654,206.31,0.109911108639,0.0,0
2018-05-27 17:37:12.747,206.98,0.109911108639,0.0,0
2018-05-27 17:37:12.840,205.87,0.109911108639,0.0,0
2018-05-27 17:37:13.095,206.83,0.109911108639,0.0,0
2018-05-27 17:37:13.188,207.54,0.109911108639,0.0,0
2018-05-27 17:37:13.282,207.19,0.109911108639,0.0,0
2018-05-27 17:37:13.365,207.45,0.109911108639,0.0,0
2018-05-27 17:37:13.458,208.4,0.109911108639,0.0,0
2018-05-27 17:37:13.551,208.1,0.109911108639,0.0,0
2018-05-27 17:37:13.645,209.15,0.109911108639,0.0,0
2018-05-27 17:37:13.738,208.89,0.109911108639,0.0,0
2018-05-27 17:37:13.831,210.81,0.109911108639,0.0,0
2018-05-27 17:37:13.924,209.11,0.109911108639,0.0,0
2018-05-27 17:37:14.086,211.0,0.109911108639,0.0,0
2018-05-27 17:37:14.179,210.36,0.109911108639,0.0,0
2018-05-27 17:37:14.272,212.06,0.109911108639,0.0,0
2018-05-27 17:37:14.356,212.96,0.109911108639,0.0,0
2018-05-27 17:37:14.449,211.3,0.109911108639,0.0,0
2018-05-27 17:37:14.719,214.17,0.109911108639,0.0,0
2018-05-27 17:37:14.812,212.62,0.109911108639,0.0,0
2018-05-27 17:37:15.338,214.85,0.109911108639,0.0,0
2018-05-27 17:37:15.703,214.43,0.109911108639,0.0,0
2018-05-27 17:37:15.784,213.37,0.109911108639,0.0,0
2018-05-27 17:37:15.877,213.37,0.109911108639,0.0,0
2018-05-27 17:37:16.039,212.68,0.109911108639,0.0,0
2018-05-27 17:37:16.216,210.17,0.109911108639,0.0,0
2018-05-27 17:37:17.300,206.76,0.109911108639,0.0,0
2018-05-27 17:37:17.393,208.79,0.109911108639,0.0,0
2018-05-27 17:37:17.477,208.67,0.109911108639,0.0,0
2018-05-27 17:37:17.561,208.7,0.109911108639,0.0,0
2018-05-27 17:37:17.654,207.05,0.109911108639,0.0,0
2018-05-27 17:37:17.747,208.88,0.109911108639,0.0,0
2018-05-27 17:37:17.840,207.13,0.109911108639,0.0,0
2018-05-27 17:37:18.002,208.7,0.109911108639,0.0,0
2018-05-27 17:37:18.095,207.25,0.109911108639,0.0,0
2018-05-27 17:37:18.188,208.47,0.109911108639,0.0,0
2018-05-27 17:37:18.281,207.77,0.109911108639,0.0,0
2018-05-27 17:37:18.375,208.96,0.109911108639,0.0,0
2018-05-27 17:37:18.459,208.39,0.109911108639,0.0,0
2018-05-27 17:37:18.635,206.87,0.109911108639,0.0,0
2018-05-27 17:37:18.719,206.88,0.109911108639,0.0,0
2018-05-27 17:37:19.254,207.54,0.109911108639,0.0,0
2018-05-27 17:37:19.347,206.16,0.109911108639,0.0,0
2018-05-27 17:37:19.430,205.79,0.109911108639,0.0,0
2018-05-27 17:37:19.524,206.38,0.109911108639,0.0,0
2018-05-27 17:37:19.617,205.99,0.109911108639,0.0,0
2018-05-27 17:37:19.710,206.92,0.109911108639,0.0,0
2018-05-27 17:37:19.803,206.9,0.109911108639,0.0,0
2018-05-27 17:37:19.896,206.56,0.109911108639,0.0,0
2018-05-27 17:37:20.151,206.9,0.109911108639,0.0,0
2018-05-27 17:37:20.244,208.9,0.109911108639,0.0,0
2018-05-27 17:37:20.514,209.18,0.109911108639,0.0,0
2018-05-27 17:37:20.607,209.74,0.109911108639,0.0,0
2018-05-27 17:37:20.701,210.21,0.109911108639,0.0,0
2018-05-27 17:37:20.794,211.4,0.109911108639,0.0,0
2018-05-27 17:37:20.887,210.17,0.109911108639,0.0,0
2018-05-27 17:37:21.049,212.41,0.109911108639,0.0,0
2018-05-27 17:37:21.142,210.92,0.109911108639,0.0,0
2018-05-27 17:37:21.235,213.29,0.109911108639,0.0,0
2018-05-27 17:37:21.328,211.47,0.109911108639,0.0,0
2018-05-27 17:37:21.421,212.71,0.109911108639,0.0,0
2018-05-27 17:37:21.514,213.72,0.109911108639,0.0,0
2018-05-27 17:37:21.701,215.35,0.109911108639,0.0,0
2018-05-27 17:37:21.794,214.79,0.109911108639,0.0,0
2018-05-27 17:37:21.887,214.62,0.109911108639,0.0,0
2018-05-27 17:37:22.049,216.28,0.109911108639,0.0,0
2018-05-27 17:37:22.235,215.8,0.109911108639,0.0,0
2018-05-27 17:37:22.412,216.78,0.109911108639,0.0,0
2018-05-27 17:37:22.505,218.0,0.109911108639,0.0,0
2018-05-27 17:37:22.691,217.39,0.109911108639,0.0,0
2018-05-27 17:37:22.784,218.76,0.109911108639,0.0,0
2018-05-27 17:37:23.132,218.58,0.109911108639,0.0,0
2018-05-27 17:37:23.226,219.69,0.109911108639,0.0,0
2018-05-27 17:37:23.402,220.76,0.109911108639,0.0,0
2018-05-27 17:37:23.589,219.86,0.109911108639,0.0,0
2018-05-27 17:37:23.775,221.75,0.109911108639,0.0,0
2018-05-27 17:37:23.868,221.78,0.109911108639,0.0,0
2018-05-27 17:37:24.030,221.57,0.109911108639,0.0,0
2018-05-27 17:37:24.216,222.79,0.109911108639,0.0,0
2018-05-27 17:37:24.309,223.75,0.109911108639,0.0,0
2018-05-27 17:37:24.393,222.71,0.109911108639,0.0,0
2018-05-27 17:37:24.486,224.01,0.109911108639,0.0,0
2018-05-27 17:37:24.579,224.2,0.109911108639,0.0,0
2018-05-27 17:37:24.766,222.82,0.109911108639,0.0,0
2018-05-27 17:37:24.859,224.35,0.109911108639,0.0,0
2018-05-27 17:37:25.105,224.18,0.109911108639,0.0,0
2018-05-27 17:37:25.189,225.82,0.109911108639,0.0,0
2018-05-27 17:37:25.281,225.48,0.109911108639,0.0,0
2018-05-27 17:37:25.365,225.39,0.109911108639,0.0,0
2018-05-27 17:37:25.449,224.46,0.109911108639,0.0,0
2018-05-27 17:37:25.635,224.32,0.109911108639,0.0,0
2018-05-27 17:37:25.728,225.07,0.109911108639,0.0,0
2018-05-27 17:37:25.905,225.14,0.109911108639,0.0,0
2018-05-27 17:37:26.160,226.09,0.109911108639,0.0,0
2018-05-27 17:37:26.253,227.19,0.109911108639,0.0,0
2018-05-27 17:37:26.337,225.38,0.109911108639,0.0,0
2018-05-27 17:37:26.617,226.39,0.109911108639,0.0,0
2018-05-27 17:37:27.151,228.26,0.109911108639,0.0,0
2018-05-27 17:37:27.692,228.72,0.109911108639,0.0,0
2018-05-27 17:37:28.132,229.7,0.109911108639,0.0,0
2018-05-27 17:37:28.225,230.56,0.109911108639,0.0,0
2018-05-27 17:37:28.318,230.42,0.109911108639,0.0,0
2018-05-27 17:37:29.458,230.75,0.109911108639,0.0,0
2018-05-27 17:37:29.815,226.5,0.109911108639,0.0,0
2018-05-27 17:37:30.160,223.82,0.109911108639,0.0,0
2018-05-27 17:37:30.250,220.98,0.109911108639,0.0,0
2018-05-27 17:37:30.338,221.14,0.109911108639,0.0,0
2018-05-27 17:37:30.514,219.43,0.109911108639,0.0,0
2018-05-27 17:37:30.607,216.9,0.109911108639,0.0,0
2018-05-27 17:37:30.691,216.69,0.109911108639,0.0,0
2018-05-27 17:37:30.775,214.78,0.109911108639,0.0,0
2018-05-27 17:37:31.030,213.01,0.109911108639,0.0,0
2018-05-27 17:37:31.672,210.4,0.109911108639,0.0,0
2018-05-27 17:37:31.766,209.86,0.109911108639,0.0,0
2018-05-27 17:37:31.859,210.63,0.109911108639,0.0,0
2018-05-27 17:37:32.020,209.2,0.109911108639,0.0,0
2018-05-27 17:37:32.747,211.22,0.109911108639,0.0,0
2018-05-27 17:37:33.188,211.66,0.109911108639,0.0,0
2018-05-27 17:37:33.281,210.13,0.109911108639,0.0,0
2018-05-27 17:37:33.374,210.79,0.109911108639,0.0,0
2018-05-27 17:37:33.458,210.23,0.109911108639,0.0,0
2018-05-27 17:37:33.551,211.62,0.109911108639,0.0,0
2018-05-27 17:37:33.644,211.25,0.109911108639,0.0,0
2018-05-27 17:37:33.831,210.48,0.109911108639,0.0,0
2018-05-27 17:37:33.914,211.0,0.109911108639,0.0,0
2018-05-27 17:37:34.430,211.52,0.109911108639,0.0,0
2018-05-27 17:37:34.886,213.65,0.109911108639,0.0,0
2018-05-27 17:37:35.682,216.45,0.109911108639,0.0,0
2018-05-27 17:37:36.030,217.41,0.109911108639,0.0,0
2018-05-27 17:37:36.123,217.71,0.109911108639,0.0,0
2018-05-27 17:37:36.216,219.12,0.109911108639,0.0,0
2018-05-27 17:37:36.393,218.51,0.109911108639,0.0,0
2018-05-27 17:37:36.654,216.68,0.109911108639,0.0,0
2018-05-27 17:37:36.747,215.44,0.109911108639,0.0,0
2018-05-27 17:37:36.840,214.41,0.109911108639,0.0,0
2018-05-27 17:37:37.002,215.09,0.109911108639,0.0,0
2018-05-27 17:37:37.095,211.8,0.109911108639,0.0,0
2018-05-27 17:37:37.281,212.41,0.109911108639,0.0,0
2018-05-27 17:37:37.458,209.98,0.109911108639,0.0,0
2018-05-27 17:37:37.551,210.96,0.109911108639,0.0,0
2018-05-27 17:37:37.924,209.73,0.109911108639,0.0,0
2018-05-27 17:37:38.085,208.82,0.109911108639,0.0,0
2018-05-27 17:37:38.272,207.91,0.109911108639,0.0,0
2018-05-27 17:37:38.532,206.02,0.109911108639,0.0,0
2018-05-27 17:37:38.626,205.37,0.109911108639,0.0,0
2018-05-27 17:37:38.905,205.19,0.109911108639,0.0,0
2018-05-27 17:37:39.067,202.86,0.109911108639,0.0,0
2018-05-27 17:37:39.160,203.06,0.109911108639,0.0,0
2018-05-27 17:37:39.254,204.78,0.109911108639,0.0,0
2018-05-27 17:37:39.337,204.93,0.109911108639,0.0,0
2018-05-27 17:37:39.523,204.75,0.109911108639,0.0,0
2018-05-27 17:37:39.709,203.41,0.109911108639,0.0,0
2018-05-27 17:37:39.803,205.4,0.109911108639,0.0,0
2018-05-27 17:37:40.057,205.94,0.109911108639,0.0,0
2018-05-27 17:37:40.337,205.56,0.109911108639,0.0,0
2018-05-27 17:37:40.430,205.75,0.109911108639,0.0,0
2018-05-27 17:37:40.523,206.05,0.109911108639,0.0,0
2018-05-27 17:37:40.616,206.02,0.109911108639,0.0,0
2018-05-27 17:37:40.709,207.48,0.109911108639,0.0,0
2018-05-27 17:37:40.896,207.85,0.109911108639,0.0,0
2018-05-27 17:37:41.151,208.9,0.109911108639,0.0,0
2018-05-27 17:37:41.244,207.84,0.109911108639,0.0,0
2018-05-27 17:37:41.327,208.02,0.109911108639,0.0,0
2018-05-27 17:37:41.421,209.9,0.109911108639,0.0,0
2018-05-27 17:37:41.691,210.73,0.109911108639,0.0,0
2018-05-27 17:37:41.877,210.96,0.109911108639,0.0,0
2018-05-27 17:37:42.039,211.73,0.109911108639,0.0,0
2018-05-27 17:37:42.132,211.89,0.109911108639,0.0,0
2018-05-27 17:37:42.225,213.01,0.109911108639,0.0,0
2018-05-27 17:37:42.402,213.65,0.109911108639,0.0,0
2018-05-27 17:37:42.486,214.24,0.109911108639,0.0,0
2018-05-27 17:37:42.579,213.43,0.109911108639,0.0,0
2018-05-27 17:37:42.672,215.66,0.109911108639,0.0,0
2018-05-27 17:37:42.858,215.4,0.109911108639,0.0,0
2018-05-27 17:37:43.281,217.4,0.109911108639,0.0,0
2018-05-27 17:37:43.374,217.78,0.109911108639,0.0,0
2018-05-27 17:37:43.458,219.04,0.109911108639,0.0,0
2018-05-27 17:37:43.551,218.8,0.109911108639,0.0,0
2018-05-27 17:37:43.644,217.83,0.109911108639,0.0,0
2018-05-27 17:37:43.738,217.93,0.109911108639,0.0,0
2018-05-27 17:37:43.831,220.06,0.109911108639,0.0,0
2018-05-27 17:37:43.914,218.99,0.109911108639,0.0,0
2018-05-27 17:37:44.160,219.25,0.109911108639,0.0,0
2018-05-27 17:37:44.253,221.14,0.109911108639,0.0,0
2018-05-27 17:37:44.346,220.06,0.109911108639,0.0,0
2018-05-27 17:37:44.523,220.99,0.109911108639,0.0,0
2018-05-27 17:37:44.617,220.17,0.109911108639,0.0,0
2018-05-27 17:37:44.700,222.53,0.109911108639,0.0,0
2018-05-27 17:37:44.793,221.63,0.109911108639,0.0,0
2018-05-27 17:37:44.886,222.04,0.109911108639,0.0,0
2018-05-27 17:37:45.048,222.89,0.109911108639,0.0,0
2018-05-27 17:37:45.141,224.19,0.109911108639,0.0,0
2018-05-27 17:37:45.234,223.9,0.109911108639,0.0,0
2018-05-27 17:37:45.328,223.45,0.109911108639,0.0,0
2018-05-27 17:37:45.514,224.54,0.109911108639,0.0,0
2018-05-27 17:37:45.607,225.07,0.109911108639,0.0,0
2018-05-27 17:37:45.700,226.14,0.109911108639,0.0,0
2018-05-27 17:37:45.886,225.8,0.109911108639,0.0,0
2018-05-27 17:37:46.048,225.72,0.109911108639,0.0,0
2018-05-27 17:37:46.141,225.25,0.109911108639,0.0,0
2018-05-27 17:37:46.225,226.66,0.109911108639,0.0,0
2018-05-27 17:37:46.318,226.76,0.109911108639,0.0,0
2018-05-27 17:37:46.411,227.07,0.109911108639,0.0,0
2018-05-27 17:37:46.775,228.71,0.109911108639,0.0,0
2018-05-27 17:37:46.868,228.22,0.109911108639,0.0,0
2018-05-27 17:37:47.029,228.76,0.109911108639,0.0,0
2018-05-27 17:37:47.560,230.13,0.109911108639,0.0,0
2018-05-27 17:37:47.653,229.55,0.109911108639,0.0,0
2018-05-27 17:37:47.840,229.45,0.109911108639,0.0,0
2018-05-27 17:37:47.923,229.33,0.109911108639,0.0,0
2018-05-27 17:37:48.178,230.01,0.109911108639,0.0,0
2018-05-27 17:37:48.271,230.83,0.109911108639,0.0,0
2018-05-27 17:37:48.356,228.75,0.109911108639,0.0,0
2018-05-27 17:37:48.449,230.22,0.109911108639,0.0,0
2018-05-27 17:37:48.532,231.1,0.109911108639,0.0,0
2018-05-27 17:37:48.718,230.41,0.109911108639,0.0,0
2018-05-27 17:37:48.905,227.18,0.109911108639,0.0,0
2018-05-27 17:37:49.793,219.95,0.109911108639,0.0,0
2018-05-27 17:37:50.234,216.52,0.109911108639,0.0,0
2018-05-27 17:37:50.412,213.7,0.109911108639,0.0,0
2018-05-27 17:37:50.504,212.49,0.109911108639,0.0,0
2018-05-27 17:37:50.877,208.17,0.109911108639,0.0,0
2018-05-27 17:37:51.132,208.29,0.109911108639,0.0,0
2018-05-27 17:37:51.225,208.71,0.109911108639,0.0,0
2018-05-27 17:37:51.495,206.72,0.109911108639,0.0,0
2018-05-27 17:37:51.681,207.48,0.109911108639,0.0,0
2018-05-27 17:37:52.029,205.75,0.109911108639,0.0,0
2018-05-27 17:37:52.122,206.19,0.109911108639,0.0,0
2018-05-27 17:37:52.215,204.4,0.109911108639,0.0,0
2018-05-27 17:37:52.393,204.28,0.109911108639,0.0,0
2018-05-27 17:37:52.672,206.0,0.109911108639,0.0,0
2018-05-27 17:37:52.858,205.68,0.109911108639,0.0,0
2018-05-27 17:37:53.020,203.7,0.109911108639,0.0,0
2018-05-27 17:37:53.206,205.86,0.109911108639,0.0,0
2018-05-27 17:37:53.294,205.51,0.109911108639,0.0,0
2018-05-27 17:37:53.383,204.58,0.109911108639,0.0,0
2018-05-27 17:37:53.560,205.39,0.109911108639,0.0,0
2018-05-27 17:37:53.653,204.27,0.109911108639,0.0,0
2018-05-27 17:37:53.746,204.78,0.109911108639,0.0,0
2018-05-27 17:37:53.839,205.61,0.109911108639,0.0,0
2018-05-27 17:37:54.002,204.25,0.109911108639,0.0,0
2018-05-27 17:37:54.085,204.22,0.109911108639,0.0,0
2018-05-27 17:37:54.178,206.34,0.109911108639,0.0,0
2018-05-27 17:37:54.271,205.64,0.109911108639,0.0,0
2018-05-27 17:37:54.364,206.7,0.109911108639,0.0,0
2018-05-27 17:37:54.448,207.25,0.109911108639,0.0,0
2018-05-27 17:37:54.532,207.64,0.109911108639,0.0,0
2018-05-27 17:37:54.625,206.18,0.109911108639,0.0,0
2018-05-27 17:37:54.718,206.97,0.109911108639,0.0,0
2018-05-27 17:37:54.812,205.94,0.109911108639,0.0,0
2018-05-27 17:37:54.905,208.18,0.109911108639,0.0,0
2018-05-27 17:37:55.057,208.08,0.109911108639,0.0,0
2018-05-27 17:37:55.150,206.5,0.109911108639,0.0,0
2018-05-27 17:37:55.886,210.51,0.109911108639,0.0,0
2018-05-27 17:37:56.141,210.51,0.109911108639,0.0,0
2018-05-27 17:37:56.327,211.57,0.109911108639,0.0,0
2018-05-27 17:37:56.504,211.45,0.109911108639,0.0,0
2018-05-27 17:37:56.597,212.01,0.109911108639,0.0,0
2018-05-27 17:37:56.681,211.63,0.109911108639,0.0,0
2018-05-27 17:37:56.775,213.89,0.109911108639,0.0,0
2018-05-27 17:37:56.867,212.52,0.109911108639,0.0,0
2018-05-27 17:37:57.029,214.65,0.109911108639,0.0,0
2018-05-27 17:37:57.122,214.76,0.109911108639,0.0,0
2018-05-27 17:37:57.215,214.46,0.109911108639,0.0,0
2018-05-27 17:37:57.308,215.55,0.109911108639,0.0,0
2018-05-27 17:37:57.402,213.71,0.109911108639,0.0,0
2018-05-27 17:37:57.485,214.62,0.109911108639,0.0,0
2018-05-27 17:37:57.662,211.2,0.109911108639,0.0,0
2018-05-27 17:37:58.001,210.54,0.109911108639,0.0,0
2018-05-27 17:37:58.365,206.97,0.109911108639,0.0,0
2018-05-27 17:37:58.448,206.32,0.109911108639,0.0,0
2018-05-27 17:37:58.625,206.55,0.109911108639,0.0,0
2018-05-27 17:37:58.904,204.59,0.109911108639,0.0,0
2018-05-27 17:37:59.066,204.48,0.109911108639,0.0,0
2018-05-27 17:37:59.159,205.98,0.109911108639,0.0,0
2018-05-27 17:37:59.253,204.67,0.109911108639,0.0,0
2018-05-27 17:37:59.336,203.98,0.109911108639,0.0,0
2018-05-27 17:37:59.430,204.21,0.109911108639,0.0,0
2018-05-27 17:37:59.523,203.56,0.109911108639,0.0,0
2018-05-27 17:37:59.607,204.15,0.109911108639,0.0,0
2018-05-27 17:37:59.886,204.11,0.109911108639,0.0,0
2018-05-27 17:38:00.048,205.38,0.109911108639,0.0,0
2018-05-27 17:38:00.141,204.3,0.109911108639,0.0,0
2018-05-27 17:38:00.234,204.97,0.109911108639,0.0,0
2018-05-27 17:38:00.327,204.9,0.109911108639,0.0,0
2018-05-27 17:38:00.420,203.65,0.109911108639,0.0,0
2018-05-27 17:38:00.513,206.92,0.109911108639,0.0,0
2018-05-27 17:38:00.607,205.32,0.109911108639,0.0,0
2018-05-27 17:38:00.690,205.43,0.109911108639,0.0,0
2018-05-27 17:38:00.783,206.83,0.109911108639,0.0,0
2018-05-27 17:38:00.876,205.56,0.109911108639,0.0,0
2018-05-27 17:38:01.038,206.29,0.109911108639,0.0,0
2018-05-27 17:38:01.401,206.57,0.109911108639,0.0,0
2018-05-27 17:38:01.495,206.59,0.109911108639,0.0,0
2018-05-27 17:38:01.578,206.57,0.109911108639,0.0,0
2018-05-27 17:38:01.765,206.96,0.109911108639,0.0,0
2018-05-27 17:38:01.858,207.81,0.109911108639,0.0,0
2018-05-27 17:38:02.103,208.25,0.109911108639,0.0,0
2018-05-27 17:38:02.187,208.77,0.109911108639,0.0,0
2018-05-27 17:38:02.280,208.2,0.109911108639,0.0,0
2018-05-27 17:38:02.374,208.99,0.109911108639,0.0,0
2018-05-27 17:38:02.457,209.23,0.109911108639,0.0,0
2018-05-27 17:38:02.550,209.02,0.109911108639,0.0,0
2018-05-27 17:38:02.644,211.17,0.109911108639,0.0,0
2018-05-27 17:38:02.737,210.49,0.109911108639,0.0,0
2018-05-27 17:38:02.830,211.99,0.109911108639,0.0,0
2018-05-27 17:38:03.085,212.26,0.109911108639,0.0,0
2018-05-27 17:38:03.271,212.28,0.109911108639,0.0,0
2018-05-27 17:38:03.355,212.84,0.109911108639,0.0,0
2018-05-27 17:38:03.448,214.46,0.109911108639,0.0,0
2018-05-27 17:38:03.532,213.42,0.109911108639,0.0,0
2018-05-27 17:38:03.718,214.17,0.109911108639,0.0,0
2018-05-27 17:38:03.811,216.27,0.109911108639,0.0,0
2018-05-27 17:38:04.066,215.86,0.109911108639,0.0,0
2018-05-27 17:38:04.160,217.49,0.109911108639,0.0,0
2018-05-27 17:38:04.252,216.84,0.109911108639,0.0,0
2018-05-27 17:38:04.346,217.15,0.109911108639,0.0,0
2018-05-27 17:38:04.709,218.55,0.109911108639,0.0,0
2018-05-27 17:38:04.802,217.99,0.109911108639,0.0,0
2018-05-27 17:38:04.895,218.5,0.109911108639,0.0,0
2018-05-27 17:38:05.150,218.92,0.109911108639,0.0,0
2018-05-27 17:38:05.420,220.4,0.109911108639,0.0,0
2018-05-27 17:38:05.504,221.07,0.109911108639,0.0,0
2018-05-27 17:38:05.597,221.13,0.109911108639,0.0,0
2018-05-27 17:38:05.690,220.8,0.109911108639,0.0,0
2018-05-27 17:38:05.876,223.51,0.109911108639,0.0,0
2018-05-27 17:38:06.485,225.32,0.109911108639,0.0,0
2018-05-27 17:38:06.578,224.91,0.109911108639,0.0,0
2018-05-27 17:38:06.665,226.11,0.109911108639,0.0,0
2018-05-27 17:38:06.839,225.0,0.109911108639,0.0,0
2018-05-27 17:38:07.276,224.7,0.109911108639,0.0,0
2018-05-27 17:38:07.355,225.88,0.109911108639,0.0,0
2018-05-27 17:38:07.448,225.6,0.109911108639,0.0,0
2018-05-27 17:38:07.632,228.1,0.109911108639,0.0,0
2018-05-27 17:38:07.718,227.35,0.109911108639,0.0,0
2018-05-27 17:38:07.811,227.45,0.109911108639,0.0,0
2018-05-27 17:38:07.904,227.63,0.109911108639,0.0,0
2018-05-27 17:38:08.066,226.7,0.109911108639,0.0,0
2018-05-27 17:38:08.159,227.69,0.109911108639,0.0,0
2018-05-27 17:38:08.886,230.99,0.109911108639,0.0,0
2018-05-27 17:38:09.327,232.35,0.109911108639,0.0,0
2018-05-27 17:38:09.504,233.17,0.109911108639,0.0,0
2018-05-27 17:38:09.783,235.48,0.109911108639,0.0,0
2018-05-27 17:38:10.038,235.8,0.109911108639,0.0,0
2018-05-27 17:38:10.681,235.26,0.109911108639,0.0,0
2018-05-27 17:38:10.774,235.34,0.109911108639,0.0,0
2018-05-27 17:38:10.867,235.13,0.109911108639,0.0,0
2018-05-27 17:38:11.029,234.44,0.109911108639,0.0,0
2018-05-27 17:38:11.485,220.31,0.109911108639,0.0,0
2018-05-27 17:38:11.578,219.66,0.109911108639,0.0,0
2018-05-27 17:38:11.671,216.64,0.109911108639,0.0,0
2018-05-27 17:38:12.015,209.29,0.109911108639,0.0,0
2018-05-27 17:38:12.280,203.55,0.109911108639,0.0,0
2018-05-27 17:38:12.364,201.31,0.109911108639,0.0,0
2018-05-27 17:38:12.457,199.3,0.109911108639,0.0,0
2018-05-27 17:38:12.736,196.6,0.109911108639,0.0,0
2018-05-27 17:38:12.913,194.91,0.109911108639,0.0,0
2018-05-27 17:38:13.075,193.71,0.109911108639,0.0,0
2018-05-27 17:38:13.429,193.83,0.109911108639,0.0,0
2018-05-27 17:38:13.615,192.35,0.109911108639,0.0,0
2018-05-27 17:38:13.802,193.09,0.109911108639,0.0,0
2018-05-27 17:38:13.895,194.88,0.109911108639,0.0,0
2018-05-27 17:38:14.057,195.39,0.109911108639,0.0,0
2018-05-27 17:38:14.131,194.11,0.109911108639,0.0,0
2018-05-27 17:38:14.243,194.08,0.109911108639,0.0,0
2018-05-27 17:38:14.336,194.12,0.109911108639,0.0,0
2018-05-27 17:38:14.783,196.77,0.109911108639,0.0,0
2018-05-27 17:38:15.122,196.6,0.109911108639,0.0,0
2018-05-27 17:38:15.215,196.22,0.109911108639,0.0,0
2018-05-27 17:38:15.746,198.14,0.109911108639,0.0,0
2018-05-27 17:38:16.084,198.39,0.109911108639,0.0,0
2018-05-27 17:38:16.271,199.33,0.109911108639,0.0,0
2018-05-27 17:38:16.448,199.93,0.109911108639,0.0,0
2018-05-27 17:38:16.532,200.42,0.109911108639,0.0,0
2018-05-27 17:38:16.718,199.68,0.109911108639,0.0,0
2018-05-27 17:38:16.904,200.43,0.109911108639,0.0,0
2018-05-27 17:38:17.252,201.21,0.109911108639,0.0,0
2018-05-27 17:38:17.336,202.17,0.109911108639,0.0,0
2018-05-27 17:38:17.429,201.62,0.109911108639,0.0,0
2018-05-27 17:38:17.523,203.46,0.109911108639,0.0,0
2018-05-27 17:38:18.234,204.62,0.109911108639,0.0,0
2018-05-27 17:38:18.327,207.13,0.109911108639,0.0,0
2018-05-27 17:38:18.504,206.56,0.109911108639,0.0,0
2018-05-27 17:38:18.587,206.75,0.109911108639,0.0,0
2018-05-27 17:38:18.681,208.04,0.109911108639,0.0,0
2018-05-27 17:38:18.774,207.32,0.109911108639,0.0,0
2018-05-27 17:38:18.867,208.21,0.109911108639,0.0,0
2018-05-27 17:38:19.028,208.42,0.109911108639,0.0,0
2018-05-27 17:38:19.215,208.55,0.109911108639,0.0,0
2018-05-27 17:38:19.308,209.61,0.109911108639,0.0,0
2018-05-27 17:38:19.671,209.43,0.109911108639,0.0,0
2018-05-27 17:38:19.857,208.93,0.109911108639,0.0,0
2018-05-27 17:38:20.014,208.43,0.109911108639,0.0,0
2018-05-27 17:38:20.364,210.33,0.109911108639,0.0,0
2018-05-27 17:38:20.550,211.19,0.109911108639,0.0,0
2018-05-27 17:38:20.829,210.0,0.109911108639,0.0,0
2018-05-27 17:38:21.084,210.38,0.109911108639,0.0,0
2018-05-27 17:38:21.261,209.74,0.109911108639,0.0,0
2018-05-27 17:38:21.438,211.6,0.109911108639,0.0,0
2018-05-27 17:38:21.531,210.13,0.109911108639,0.0,0
2018-05-27 17:38:21.624,212.18,0.109911108639,0.0,0
2018-05-27 17:38:21.811,211.04,0.109911108639,0.0,0
2018-05-27 17:38:22.149,211.22,0.109911108639,0.0,0
2018-05-27 17:38:22.243,212.4,0.109911108639,0.0,0
2018-05-27 17:38:22.522,211.95,0.109911108639,0.0,0
2018-05-27 17:38:22.615,211.12,0.109911108639,0.0,0
2018-05-27 17:38:22.708,212.46,0.109911108639,0.0,0
2018-05-27 17:38:22.801,211.72,0.109911108639,0.0,0
2018-05-27 17:38:22.895,213.41,0.109911108639,0.0,0
2018-05-27 17:38:23.150,212.45,0.109911108639,0.0,0
2018-05-27 17:38:23.233,212.22,0.109911108639,0.0,0
2018-05-27 17:38:23.327,213.63,0.109911108639,0.0,0
2018-05-27 17:38:23.420,211.99,0.109911108639,0.0,0
2018-05-27 17:38:23.503,212.6,0.109911108639,0.0,0
2018-05-27 17:38:23.597,212.74,0.109911108639,0.0,0
2018-05-27 17:38:23.690,214.28,0.109911108639,0.0,0
2018-05-27 17:38:23.783,213.69,0.109911108639,0.0,0
2018-05-27 17:38:23.867,213.72,0.109911108639,0.0,0
2018-05-27 17:38:24.028,213.36,0.109911108639,0.0,0
2018-05-27 17:38:24.122,215.84,0.109911108639,0.0,0
2018-05-27 17:38:24.215,214.89,0.109911108639,0.0,0
2018-05-27 17:38:24.308,215.28,0.109911108639,0.0,0
2018-05-27 17:38:24.485,217.02,0.109911108639,0.0,0
2018-05-27 17:38:24.578,216.29,0.109911108639,0.0,0
2018-05-27 17:38:24.671,216.09,0.109911108639,0.0,0
2018-05-27 17:38:24.759,216.95,0.109911108639,0.0,0
2018-05-27 17:38:24.848,216.28,0.109911108639,0.0,0
2018-05-27 17:38:25.000,215.87,0.109911108639,0.0,0
2018-05-27 17:38:25.094,217.07,0.109911108639,0.0,0
2018-05-27 17:38:25.187,218.47,0.109911108639,0.0,0
2018-05-27 17:38:25.280,217.47,0.109911108639,0.0,0
2018-05-27 17:38:25.373,216.87,0.109911108639,0.0,0
2018-05-27 17:38:25.457,216.71,0.109911108639,0.0,0
2018-05-27 17:38:25.541,219.16,0.109911108639,0.0,0
2018-05-27 17:38:25.634,217.93,0.109911108639,0.0,0
2018-05-27 17:38:25.722,218.81,0.109911108639,0.0,0
2018-05-27 17:38:25.803,220.14,0.109911108639,0.0,0
2018-05-27 17:38:25.895,219.41,0.109911108639,0.0,0
2018-05-27 17:38:26.056,218.58,0.109911108639,0.0,0
2018-05-27 17:38:26.243,220.43,0.109911108639,0.0,0
2018-05-27 17:38:26.336,219.94,0.109911108639,0.0,0
2018-05-27 17:38:26.429,219.6,0.109911108639,0.0,0
2018-05-27 17:38:26.523,220.72,0.109911108639,0.0,0
2018-05-27 17:38:26.615,221.94,0.109911108639,0.0,0
2018-05-27 17:38:26.708,222.03,0.109911108639,0.0,0
2018-05-27 17:38:26.802,220.72,0.109911108639,0.0,0
2018-05-27 17:38:26.894,221.31,0.109911108639,0.0,0
2018-05-27 17:38:27.056,221.58,0.109911108639,0.0,0
2018-05-27 17:38:27.150,223.15,0.109911108639,0.0,0
2018-05-27 17:38:27.243,222.83,0.109911108639,0.0,0
2018-05-27 17:38:27.336,221.3,0.109911108639,0.0,0
2018-05-27 17:38:27.419,223.67,0.109911108639,0.0,0
2018-05-27 17:38:27.513,222.37,0.109911108639,0.0,0
2018-05-27 17:38:27.692,223.92,0.109911108639,0.0,0
2018-05-27 17:38:27.783,223.33,0.109911108639,0.0,0
2018-05-27 17:38:28.038,223.56,0.109911108639,0.0,0
2018-05-27 17:38:28.131,224.54,0.109911108639,0.0,0
2018-05-27 17:38:28.308,224.41,0.109911108639,0.0,0
2018-05-27 17:38:28.485,224.41,0.109911108639,0.0,0
2018-05-27 17:38:28.578,224.4,0.109911108639,0.0,0
2018-05-27 17:38:28.671,225.06,0.109911108639,0.0,0
2018-05-27 17:38:28.764,225.37,0.109911108639,0.0,0
2018-05-27 17:38:28.857,226.0,0.109911108639,0.0,0
2018-05-27 17:38:29.014,224.88,0.109911108639,0.0,0
2018-05-27 17:38:29.103,225.03,0.109911108639,0.0,0
2018-05-27 17:38:29.457,226.72,0.109911108639,0.0,0
2018-05-27 17:38:29.550,226.28,0.109911108639,0.0,0
2018-05-27 17:38:29.736,225.15,0.109911108639,0.0,0
2018-05-27 17:38:29.829,226.26,0.109911108639,0.0,0
2018-05-27 17:38:30.085,226.71,0.109911108639,0.0,0
2018-05-27 17:38:30.168,226.24,0.109911108639,0.0,0
2018-05-27 17:38:30.261,226.44,0.109911108639,0.0,0
2018-05-27 17:38:30.345,228.4,0.109911108639,0.0,0
2018-05-27 17:38:30.438,227.95,0.109911108639,0.0,0
2018-05-27 17:38:30.531,227.76,0.109911108639,0.0,0
2018-05-27 17:38:30.624,227.36,0.109911108639,0.0,0
2018-05-27 17:38:30.718,227.34,0.109911108639,0.0,0
2018-05-27 17:38:30.811,227.22,0.109911108639,0.0,0
2018-05-27 17:38:30.894,228.71,0.109911108639,0.0,0
2018-05-27 17:38:31.242,228.82,0.109911108639,0.0,0
2018-05-27 17:38:31.336,228.21,0.109911108639,0.0,0
2018-05-27 17:38:32.419,230.35,0.109911108639,0.0,0
2018-05-27 17:38:32.596,230.24,0.109911108639,0.0,0
2018-05-27 17:38:32.783,231.35,0.109911108639,0.0,0
2018-05-27 17:38:32.876,231.5,0.109911108639,0.0,0
2018-05-27 17:38:33.037,231.38,0.109911108639,0.0,0
2018-05-27 17:38:33.131,231.14,0.109911108639,0.0,0
2018-05-27 17:38:33.680,225.52,0.109911108639,0.0,0
2018-05-27 17:38:34.014,221.09,0.109911108639,0.0,0
2018-05-27 17:38:34.186,219.64,0.109911108639,0.0,0
2018-05-27 17:38:34.279,217.95,0.109911108639,0.0,0
2018-05-27 17:38:34.373,219.49,0.109911108639,0.0,0
2018-05-27 17:38:34.447,217.99,0.109911108639,0.0,0
2018-05-27 17:38:34.540,216.23,0.109911108639,0.0,0
2018-05-27 17:38:34.717,215.52,0.109911108639,0.0,0
2018-05-27 17:38:34.810,216.9,0.109911108639,0.0,0
2018-05-27 17:38:35.065,213.97,0.109911108639,0.0,0
2018-05-27 17:38:35.158,215.49,0.109911108639,0.0,0
2018-05-27 17:38:35.252,213.38,0.109911108639,0.0,0
2018-05-27 17:38:35.336,215.21,0.109911108639,0.0,0
2018-05-27 17:38:35.428,214.14,0.109911108639,0.0,0
2018-05-27 17:38:35.615,213.84,0.109911108639,0.0,0
2018-05-27 17:38:35.708,213.39,0.109911108639,0.0,0
2018-05-27 17:38:35.801,215.29,0.109911108639,0.0,0
2018-05-27 17:38:36.056,213.88,0.109911108639,0.0,0
2018-05-27 17:38:36.242,214.07,0.109911108639,0.0,0
2018-05-27 17:38:36.326,213.56,0.109911108639,0.0,0
2018-05-27 17:38:36.419,213.5,0.109911108639,0.0,0
2018-05-27 17:38:36.513,214.82,0.109911108639,0.0,0
2018-05-27 17:38:36.699,215.48,0.109911108639,0.0,0
2018-05-27 17:38:36.792,214.3,0.109911108639,0.0,0
2018-05-27 17:38:36.885,213.79,0.109911108639,0.0,0
2018-05-27 17:38:37.047,215.05,0.109911108639,0.0,0
2018-05-27 17:38:37.233,214.05,0.109911108639,0.0,0
2018-05-27 17:38:37.326,215.34,0.109911108639,0.0,0
2018-05-27 17:38:37.420,213.09,0.109911108639,0.0,0
2018-05-27 17:38:37.513,214.65,0.109911108639,0.0,0
2018-05-27 17:38:37.605,214.58,0.109911108639,0.0,0
2018-05-27 17:38:37.698,214.25,0.109911108639,0.0,0
2018-05-27 17:38:37.885,214.02,0.109911108639,0.0,0
2018-05-27 17:38:38.047,214.15,0.109911108639,0.0,0
2018-05-27 17:38:38.140,216.36,0.109911108639,0.0,0
2018-05-27 17:38:38.326,215.65,0.109911108639,0.0,0
2018-05-27 17:38:38.410,215.67,0.109911108639,0.0,0
2018-05-27 17:38:38.596,217.68,0.109911108639,0.0,0
2018-05-27 17:38:38.689,216.54,0.109911108639,0.0,0
2018-05-27 17:38:38.782,217.15,0.109911108639,0.0,0
2018-05-27 17:38:38.875,218.38,0.109911108639,0.0,0
2018-05-27 17:38:39.037,217.57,0.109911108639,0.0,0
2018-05-27 17:38:39.224,219.7,0.109911108639,0.0,0
2018-05-27 17:38:39.317,219.14,0.109911108639,0.0,0
2018-05-27 17:38:39.680,218.64,0.109911108639,0.0,0
2018-05-27 17:38:39.866,217.49,0.109911108639,0.0,0
2018-05-27 17:38:40.028,217.27,0.109911108639,0.0,0
2018-05-27 17:38:40.307,216.09,0.109911108639,0.0,0
2018-05-27 17:38:40.484,214.35,0.109911108639,0.0,0
2018-05-27 17:38:40.577,215.15,0.109911108639,0.0,0
2018-05-27 17:38:40.670,212.64,0.109911108639,0.0,0
2018-05-27 17:38:41.112,212.72,0.109911108639,0.0,0
2018-05-27 17:38:41.205,210.71,0.109911108639,0.0,0
2018-05-27 17:38:41.386,211.56,0.109911108639,0.0,0
2018-05-27 17:38:41.475,211.03,0.109911108639,0.0,0
2018-05-27 17:38:41.559,212.54,0.109911108639,0.0,0
2018-05-27 17:38:41.746,212.35,0.109911108639,0.0,0
2018-05-27 17:38:41.922,210.73,0.109911108639,0.0,0
2018-05-27 17:38:42.167,210.8,0.109911108639,0.0,0
2018-05-27 17:38:42.261,212.68,0.109911108639,0.0,0
2018-05-27 17:38:42.344,212.73,0.109911108639,0.0,0
2018-05-27 17:38:42.438,211.46,0.109911108639,0.0,0
2018-05-27 17:38:42.531,212.17,0.109911108639,0.0,0
2018-05-27 17:38:42.614,211.21,0.109911108639,0.0,0
2018-05-27 17:38:42.708,213.04,0.109911108639,0.0,0
2018-05-27 17:38:42.801,211.8,0.109911108639,0.0,0
2018-05-27 17:38:43.056,211.85,0.109911108639,0.0,0
2018-05-27 17:38:43.149,212.25,0.109911108639,0.0,0
2018-05-27 17:38:43.242,213.04,0.109911108639,0.0,0
2018-05-27 17:38:43.335,212.56,0.109911108639,0.0,0
2018-05-27 17:38:43.428,214.08,0.109911108639,0.0,0
2018-05-27 17:38:43.521,212.37,0.109911108639,0.0,0
2018-05-27 17:38:43.615,213.11,0.109911108639,0.0,0
2018-05-27 17:38:43.708,214.24,0.109911108639,0.0,0
2018-05-27 17:38:43.791,214.38,0.109911108639,0.0,0
2018-05-27 17:38:43.884,212.93,0.109911108639,0.0,0
2018-05-27 17:38:44.047,213.19,0.109911108639,0.0,0
2018-05-27 17:38:44.233,213.71,0.109911108639,0.0,0
2018-05-27 17:38:44.326,215.18,0.109911108639,0.0,0
2018-05-27 17:38:44.419,214.33,0.109911108639,0.0,0
2018-05-27 17:38:44.587,215.97,0.109911108639,0.0,0
2018-05-27 17:38:44.681,215.12,0.109911108639,0.0,0
2018-05-27 17:38:44.866,216.87,0.109911108639,0.0,0
2018-05-27 17:38:45.020,215.91,0.109911108639,0.0,0
2018-05-27 17:38:45.112,217.38,0.109911108639,0.0,0
2018-05-27 17:38:45.298,216.92,0.109911108639,0.0,0
2018-05-27 17:38:45.391,218.36,0.109911108639,0.0,0
2018-05-27 17:38:45.484,216.52,0.109911108639,0.0,0
2018-05-27 17:38:45.577,217.05,0.109911108639,0.0,0
2018-05-27 17:38:45.754,217.38,0.109911108639,0.0,0
2018-05-27 17:38:45.852,218.91,0.109911108639,0.0,0
2018-05-27 17:38:46.009,218.23,0.109911108639,0.0,0
2018-05-27 17:38:46.177,218.74,0.109911108639,0.0,0
2018-05-27 17:38:46.271,219.86,0.109911108639,0.0,0
2018-05-27 17:38:46.726,220.52,0.109911108639,0.0,0
2018-05-27 17:38:46.820,221.15,0.109911108639,0.0,0
2018-05-27 17:38:47.074,220.34,0.109911108639,0.0,0
2018-05-27 17:38:47.167,220.85,0.109911108639,0.0,0
2018-05-27 17:38:47.261,223.2,0.109911108639,0.0,0
2018-05-27 17:38:47.437,221.79,0.109911108639,0.0,0
2018-05-27 17:38:47.530,223.03,0.109911108639,0.0,0
2018-05-27 17:38:47.624,223.59,0.109911108639,0.0,0
2018-05-27 17:38:47.810,223.17,0.109911108639,0.0,0
2018-05-27 17:38:47.903,223.1,0.109911108639,0.0,0
2018-05-27 17:38:48.065,224.82,0.109911108639,0.0,0
2018-05-27 17:38:48.158,224.8,0.109911108639,0.0,0
2018-05-27 17:38:48.344,224.17,0.109911108639,0.0,0
2018-05-27 17:38:48.428,225.82,0.109911108639,0.0,0
2018-05-27 17:38:48.521,225.93,0.109911108639,0.0,0
2018-05-27 17:38:48.707,224.22,0.109911108639,0.0,0
2018-05-27 17:38:48.801,225.57,0.109911108639,0.0,0
2018-05-27 17:38:48.894,225.24,0.109911108639,0.0,0
2018-05-27 17:38:49.055,225.49,0.109911108639,0.0,0
2018-05-27 17:38:49.242,226.58,0.109911108639,0.0,0
2018-05-27 17:38:49.335,226.08,0.109911108639,0.0,0
2018-05-27 17:38:49.512,227.64,0.109911108639,0.0,0
2018-05-27 17:38:49.605,227.4,0.109911108639,0.0,0
2018-05-27 17:38:49.698,226.91,0.109911108639,0.0,0
2018-05-27 17:38:49.884,226.5,0.109911108639,0.0,0
2018-05-27 17:38:50.223,228.84,0.109911108639,0.0,0
2018-05-27 17:38:50.680,229.8,0.109911108639,0.0,0
2018-05-27 17:38:51.027,229.93,0.109911108639,0.0,0
2018-05-27 17:38:51.214,229.66,0.109911108639,0.0,0
2018-05-27 17:38:51.400,229.02,0.109911108639,0.0,0
2018-05-27 17:38:51.763,231.4,0.109911108639,0.0,0
2018-05-27 17:38:51.856,230.45,0.109911108639,0.0,0
2018-05-27 17:38:52.013,229.77,0.109911108639,0.0,0
2018-05-27 17:38:52.540,232.29,0.109911108639,0.0,0
2018-05-27 17:38:52.633,231.61,0.109911108639,0.0,0
2018-05-27 17:38:52.726,232.9,0.109911108639,0.0,0
2018-05-27 17:38:53.707,227.94,0.109911108639,0.0,0
2018-05-27 17:38:53.800,227.15,0.109911108639,0.0,0
2018-05-27 17:38:53.893,224.17,0.109911108639,0.0,0
2018-05-27 17:38:54.800,215.8,0.109911108639,0.0,0
2018-05-27 17:38:54.893,216.47,0.109911108639,0.0,0
2018-05-27 17:38:55.055,217.59,0.109911108639,0.0,0
2018-05-27 17:38:55.148,215.93,0.109911108639,0.0,0
2018-05-27 17:38:55.242,215.9,0.109911108639,0.0,0
2018-05-27 17:38:55.418,215.38,0.109911108639,0.0,0
2018-05-27 17:38:55.688,213.83,0.109911108639,0.0,0
2018-05-27 17:38:55.782,213.19,0.109911108639,0.0,0
2018-05-27 17:38:56.130,212.46,0.109911108639,0.0,0
2018-05-27 17:38:56.213,212.19,0.109911108639,0.0,0
2018-05-27 17:38:56.307,210.06,0.109911108639,0.0,0
2018-05-27 17:38:56.670,207.36,0.109911108639,0.0,0
2018-05-27 17:38:56.763,209.4,0.109911108639,0.0,0
2018-05-27 17:38:57.014,207.36,0.109911108639,0.0,0
2018-05-27 17:38:57.102,208.35,0.109911108639,0.0,0
2018-05-27 17:38:57.642,209.8,0.109911108639,0.0,0
2018-05-27 17:38:57.819,208.15,0.109911108639,0.0,0
2018-05-27 17:38:57.912,210.65,0.109911108639,0.0,0
2018-05-27 17:38:58.344,211.31,0.109911108639,0.0,0
2018-05-27 17:38:58.437,209.69,0.109911108639,0.0,0
2018-05-27 17:38:58.530,211.56,0.109911108639,0.0,0
2018-05-27 17:38:59.493,214.77,0.109911108639,0.0,0
2018-05-27 17:38:59.679,215.09,0.109911108639,0.0,0
2018-05-27 17:39:00.213,216.72,0.109911108639,0.0,0
2018-05-27 17:39:00.306,216.5,0.109911108639,0.0,0
2018-05-27 17:39:00.567,216.93,0.109911108639,0.0,0
2018-05-27 17:39:00.651,217.89,0.109911108639,0.0,0
2018-05-27 17:39:00.744,217.92,0.109911108639,0.0,0
2018-05-27 17:39:00.930,217.87,0.109911108639,0.0,0
2018-05-27 17:39:01.185,215.82,0.109911108639,0.0,0
2018-05-27 17:39:01.362,216.2,0.109911108639,0.0,0
2018-05-27 17:39:01.549,213.62,0.109911108639,0.0,0
2018-05-27 17:39:01.642,215.06,0.109911108639,0.0,0
2018-05-27 17:39:01.828,212.89,0.109911108639,0.0,0
2018-05-27 17:39:02.083,213.08,0.109911108639,0.0,0
2018-05-27 17:39:02.176,214.34,0.109911108639,0.0,0
2018-05-27 17:39:02.902,212.64,0.109911108639,0.0,0
2018-05-27 17:39:03.064,212.3,0.109911108639,0.0,0
2018-05-27 17:39:03.427,211.39,0.109911108639,0.0,0
2018-05-27 17:39:03.521,213.03,0.109911108639,0.0,0
2018-05-27 17:39:03.614,211.32,0.109911108639,0.0,0
2018-05-27 17:39:03.707,212.72,0.109911108639,0.0,0
2018-05-27 17:39:03.800,211.01,0.109911108639,0.0,0
2018-05-27 17:39:03.893,211.0,0.109911108639,0.0,0
2018-05-27 17:39:04.055,210.59,0.109911108639,0.0,0
2018-05-27 17:39:04.148,210.44,0.109911108639,0.0,0
2018-05-27 17:39:04.241,210.99,0.109911108639,0.0,0
2018-05-27 17:39:04.335,210.89,0.109911108639,0.0,0
2018-05-27 17:39:04.418,210.36,0.109911108639,0.0,0
2018-05-27 17:39:04.604,209.3,0.109911108639,0.0,0
2018-05-27 17:39:04.697,211.34,0.109911108639,0.0,0
2018-05-27 17:39:04.791,210.95,0.109911108639,0.0,0
2018-05-27 17:39:04.884,211.06,0.109911108639,0.0,0
2018-05-27 17:39:05.325,211.02,0.109911108639,0.0,0
2018-05-27 17:39:05.409,212.79,0.109911108639,0.0,0
2018-05-27 17:39:05.595,215.27,0.109911108639,0.0,0
2018-05-27 17:39:05.781,214.57,0.109911108639,0.0,0
2018-05-27 17:39:05.874,215.41,0.109911108639,0.0,0
2018-05-27 17:39:06.036,215.05,0.109911108639,0.0,0
2018-05-27 17:39:06.130,215.94,0.109911108639,0.0,0
2018-05-27 17:39:06.391,217.11,0.109911108639,0.0,0
2018-05-27 17:39:06.679,218.38,0.109911108639,0.0,0
2018-05-27 17:39:06.772,217.17,0.109911108639,0.0,0
2018-05-27 17:39:07.027,219.73,0.109911108639,0.0,0
2018-05-27 17:39:07.204,220.15,0.109911108639,0.0,0
2018-05-27 17:39:07.297,220.36,0.109911108639,0.0,0
2018-05-27 17:39:07.385,221.25,0.109911108639,0.0,0
2018-05-27 17:39:07.474,222.05,0.109911108639,0.0,0
2018-05-27 17:39:07.558,222.18,0.109911108639,0.0,0
2018-05-27 17:39:07.744,220.58,0.109911108639,0.0,0
2018-05-27 17:39:07.921,222.64,0.109911108639,0.0,0
2018-05-27 17:39:08.073,223.9,0.109911108639,0.0,0
2018-05-27 17:39:08.250,223.14,0.109911108639,0.0,0
2018-05-27 17:39:08.427,223.73,0.109911108639,0.0,0
2018-05-27 17:39:08.520,223.83,0.109911108639,0.0,0
2018-05-27 17:39:08.613,225.16,0.109911108639,0.0,0
2018-05-27 17:39:08.707,226.1,0.109911108639,0.0,0
2018-05-27 17:39:08.800,225.29,0.109911108639,0.0,0
2018-05-27 17:39:09.055,224.78,0.109911108639,0.0,0
2018-05-27 17:39:09.148,225.42,0.109911108639,0.0,0
2018-05-27 17:39:09.241,225.96,0.109911108639,0.0,0
2018-05-27 17:39:09.334,226.11,0.109911108639,0.0,0
2018-05-27 17:39:09.521,227.83,0.109911108639,0.0,0
2018-05-27 17:39:09.707,226.95,0.109911108639,0.0,0
2018-05-27 17:39:09.800,227.43,0.109911108639,0.0,0
2018-05-27 17:39:09.893,227.12,0.109911108639,0.0,0
2018-05-27 17:39:10.055,227.12,0.109911108639,0.0,0
2018-05-27 17:39:10.148,227.55,0.109911108639,0.0,0
2018-05-27 17:39:10.241,227.5,0.109911108639,0.0,0
2018-05-27 17:39:10.334,228.62,0.109911108639,0.0,0
2018-05-27 17:39:10.520,229.64,0.109911108639,0.0,0
2018-05-27 17:39:10.707,230.25,0.109911108639,0.0,0
2018-05-27 17:39:11.055,230.63,0.109911108639,0.0,0
2018-05-27 17:39:11.148,230.38,0.109911108639,0.0,0
2018-05-27 17:39:11.241,230.73,0.109911108639,0.0,0
2018-05-27 17:39:11.334,231.53,0.109911108639,0.0,0
2018-05-27 17:39:11.427,231.54,0.109911108639,0.0,0
2018-05-27 17:39:11.707,231.53,0.109911108639,0.0,0
2018-05-27 17:39:11.800,231.81,0.109911108639,0.0,0
2018-05-27 17:39:11.893,231.67,0.109911108639,0.0,0
2018-05-27 17:39:12.055,231.78,0.109911108639,0.0,0
2018-05-27 17:39:12.334,233.21,0.109911108639,0.0,0
2018-05-27 17:39:12.427,231.95,0.109911108639,0.0,0
2018-05-27 17:39:12.613,229.28,0.109911108639,0.0,0
2018-05-27 17:39:12.707,228.25,0.109911108639,0.0,0
2018-05-27 17:39:12.800,226.79,0.109911108639,0.0,0
2018-05-27 17:39:13.045,226.52,0.109911108639,0.0,0
2018-05-27 17:39:13.325,222.58,0.109911108639,0.0,0
2018-05-27 17:39:13.502,220.14,0.109911108639,0.0,0
2018-05-27 17:39:13.678,218.4,0.109911108639,0.0,0
2018-05-27 17:39:13.772,217.99,0.109911108639,0.0,0
2018-05-27 17:39:13.855,217.46,0.109911108639,0.0,0
2018-05-27 17:39:14.017,217.03,0.109911108639,0.0,0
2018-05-27 17:39:14.110,217.76,0.109911108639,0.0,0
2018-05-27 17:39:14.203,215.59,0.109911108639,0.0,0
2018-05-27 17:39:14.558,213.88,0.109911108639,0.0,0
2018-05-27 17:39:14.641,213.77,0.109911108639,0.0,0
2018-05-27 17:39:14.734,215.01,0.109911108639,0.0,0
2018-05-27 17:39:14.916,214.15,0.109911108639,0.0,0
2018-05-27 17:39:15.427,212.15,0.109911108639,0.0,0
2018-05-27 17:39:15.613,211.88,0.109911108639,0.0,0
2018-05-27 17:39:15.706,210.35,0.109911108639,0.0,0
2018-05-27 17:39:15.883,210.57,0.109911108639,0.0,0
2018-05-27 17:39:16.045,210.56,0.109911108639,0.0,0
2018-05-27 17:39:16.138,210.39,0.109911108639,0.0,0
2018-05-27 17:39:16.501,211.58,0.109911108639,0.0,0
2018-05-27 17:39:16.585,210.78,0.109911108639,0.0,0
2018-05-27 17:39:16.678,209.97,0.109911108639,0.0,0
2018-05-27 17:39:16.772,210.09,0.109911108639,0.0,0
2018-05-27 17:39:16.865,210.87,0.109911108639,0.0,0
2018-05-27 17:39:17.027,209.91,0.109911108639,0.0,0
2018-05-27 17:39:17.120,211.11,0.109911108639,0.0,0
2018-05-27 17:39:17.306,211.29,0.109911108639,0.0,0
2018-05-27 17:39:17.399,209.26,0.109911108639,0.0,0
2018-05-27 17:39:17.576,210.25,0.109911108639,0.0,0
2018-05-27 17:39:17.660,209.7,0.109911108639,0.0,0
2018-05-27 17:39:17.744,209.07,0.109911108639,0.0,0
2018-05-27 17:39:17.837,210.8,0.109911108639,0.0,0
2018-05-27 17:39:17.930,209.32,0.109911108639,0.0,0
2018-05-27 17:39:18.092,210.9,0.109911108639,0.0,0
2018-05-27 17:39:18.278,211.37,0.109911108639,0.0,0
2018-05-27 17:39:18.362,211.49,0.109911108639,0.0,0
2018-05-27 17:39:18.455,209.93,0.109911108639,0.0,0
2018-05-27 17:39:18.548,210.44,0.109911108639,0.0,0
2018-05-27 17:39:18.641,209.87,0.109911108639,0.0,0
2018-05-27 17:39:18.827,210.75,0.109911108639,0.0,0
2018-05-27 17:39:18.920,209.8,0.109911108639,0.0,0
2018-05-27 17:39:19.082,211.84,0.109911108639,0.0,0
2018-05-27 17:39:19.175,210.84,0.109911108639,0.0,0
2018-05-27 17:39:19.269,211.86,0.109911108639,0.0,0
2018-05-27 17:39:19.352,212.37,0.109911108639,0.0,0
2018-05-27 17:39:19.445,211.15,0.109911108639,0.0,0
2018-05-27 17:39:19.529,212.98,0.109911108639,0.0,0
2018-05-27 17:39:19.622,212.11,0.109911108639,0.0,0
2018-05-27 17:39:19.809,211.66,0.109911108639,0.0,0
2018-05-27 17:39:19.902,212.97,0.109911108639,0.0,0
2018-05-27 17:39:20.064,214.89,0.109911108639,0.0,0
2018-05-27 17:39:20.157,213.94,0.109911108639,0.0,0
2018-05-27 17:39:20.343,214.43,0.109911108639,0.0,0
2018-05-27 17:39:20.520,214.89,0.109911108639,0.0,0
2018-05-27 17:39:20.613,215.77,0.109911108639,0.0,0
2018-05-27 17:39:20.799,216.61,0.109911108639,0.0,0
2018-05-27 17:39:21.147,214.15,0.109911108639,0.0,0
2018-05-27 17:39:21.241,213.87,0.109911108639,0.0,0
2018-05-27 17:39:21.324,212.1,0.109911108639,0.0,0
2018-05-27 17:39:21.408,211.69,0.109911108639,0.0,0
2018-05-27 17:39:21.501,212.84,0.109911108639,0.0,0
2018-05-27 17:39:21.594,210.53,0.109911108639,0.0,0
2018-05-27 17:39:21.781,208.83,0.109911108639,0.0,0
2018-05-27 17:39:22.036,208.29,0.109911108639,0.0,0
2018-05-27 17:39:22.130,207.12,0.109911108639,0.0,0
2018-05-27 17:39:22.213,206.38,0.109911108639,0.0,0
2018-05-27 17:39:22.389,206.61,0.109911108639,0.0,0
2018-05-27 17:39:22.483,206.23,0.109911108639,0.0,0
2018-05-27 17:39:22.576,204.79,0.109911108639,0.0,0
2018-05-27 17:39:22.846,203.94,0.109911108639,0.0,0
2018-05-27 17:39:22.930,203.81,0.109911108639,0.0,0
2018-05-27 17:39:23.091,204.07,0.109911108639,0.0,0
2018-05-27 17:39:23.185,203.18,0.109911108639,0.0,0
2018-05-27 17:39:23.278,203.05,0.109911108639,0.0,0
2018-05-27 17:39:23.371,205.18,0.109911108639,0.0,0
2018-05-27 17:39:23.465,203.75,0.109911108639,0.0,0
2018-05-27 17:39:23.557,204.91,0.109911108639,0.0,0
2018-05-27 17:39:23.650,203.86,0.109911108639,0.0,0
2018-05-27 17:39:23.837,205.58,0.109911108639,0.0,0
2018-05-27 17:39:23.930,204.48,0.109911108639,0.0,0
2018-05-27 17:39:24.092,205.81,0.109911108639,0.0,0
2018-05-27 17:39:24.185,205.17,0.109911108639,0.0,0
2018-05-27 17:39:24.278,205.76,0.109911108639,0.0,0
2018-05-27 17:39:24.363,205.43,0.109911108639,0.0,0
2018-05-27 17:39:24.455,204.97,0.109911108639,0.0,0
2018-05-27 17:39:24.548,204.85,0.109911108639,0.0,0
2018-05-27 17:39:24.734,204.24,0.109911108639,0.0,0
2018-05-27 17:39:24.921,205.94,0.109911108639,0.0,0
2018-05-27 17:39:25.082,207.5,0.109911108639,0.0,0
2018-05-27 17:39:25.175,206.0,0.109911108639,0.0,0
2018-05-27 17:39:25.268,206.84,0.109911108639,0.0,0
2018-05-27 17:39:25.352,207.57,0.109911108639,0.0,0
2018-05-27 17:39:25.445,205.94,0.109911108639,0.0,0
2018-05-27 17:39:25.538,208.26,0.109911108639,0.0,0
2018-05-27 17:39:25.632,206.87,0.109911108639,0.0,0
2018-05-27 17:39:25.725,207.74,0.109911108639,0.0,0
2018-05-27 17:39:25.818,207.55,0.109911108639,0.0,0
2018-05-27 17:39:25.911,208.19,0.109911108639,0.0,0
2018-05-27 17:39:26.073,207.61,0.109911108639,0.0,0
2018-05-27 17:39:26.334,209.4,0.109911108639,0.0,0
2018-05-27 17:39:26.427,209.2,0.109911108639,0.0,0
2018-05-27 17:39:26.520,210.95,0.109911108639,0.0,0
2018-05-27 17:39:26.613,210.29,0.109911108639,0.0,0
2018-05-27 17:39:26.706,211.62,0.109911108639,0.0,0
2018-05-27 17:39:26.799,210.3,0.109911108639,0.0,0
2018-05-27 17:39:27.054,212.09,0.109911108639,0.0,0
2018-05-27 17:39:27.240,213.65,0.109911108639,0.0,0
2018-05-27 17:39:27.334,212.46,0.109911108639,0.0,0
2018-05-27 17:39:27.427,214.89,0.109911108639,0.0,0
2018-05-27 17:39:27.520,214.24,0.109911108639,0.0,0
2018-05-27 17:39:27.790,215.19,0.109911108639,0.0,0
2018-05-27 17:39:28.045,215.51,0.109911108639,0.0,0
2018-05-27 17:39:28.408,217.6,0.109911108639,0.0,0
2018-05-27 17:39:28.687,218.41,0.109911108639,0.0,0
2018-05-27 17:39:28.874,218.2,0.109911108639,0.0,0
2018-05-27 17:39:29.035,220.22,0.109911108639,0.0,0
2018-05-27 17:39:29.129,219.68,0.109911108639,0.0,0
2018-05-27 17:39:29.222,218.61,0.109911108639,0.0,0
2018-05-27 17:39:29.315,219.97,0.109911108639,0.0,0
2018-05-27 17:39:29.492,220.24,0.109911108639,0.0,0
2018-05-27 17:39:29.678,221.63,0.109911108639,0.0,0
2018-05-27 17:39:29.854,221.7,0.109911108639,0.0,0
2018-05-27 17:39:30.017,222.47,0.109911108639,0.0,0
2018-05-27 17:39:30.203,222.0,0.109911108639,0.0,0
2018-05-27 17:39:30.296,223.26,0.109911108639,0.0,0
2018-05-27 17:39:30.389,224.2,0.109911108639,0.0,0
2018-05-27 17:39:30.473,222.7,0.109911108639,0.0,0
2018-05-27 17:39:30.557,222.94,0.109911108639,0.0,0
2018-05-27 17:39:30.650,223.61,0.109911108639,0.0,0
2018-05-27 17:39:30.743,223.99,0.109911108639,0.0,0
2018-05-27 17:39:30.836,225.02,0.109911108639,0.0,0
2018-05-27 17:39:31.184,226.06,0.109911108639,0.0,0
2018-05-27 17:39:31.464,225.92,0.109911108639,0.0,0
2018-05-27 17:39:31.557,225.37,0.109911108639,0.0,0
2018-05-27 17:39:31.734,226.9,0.109911108639,0.0,0
2018-05-27 17:39:31.827,225.88,0.109911108639,0.0,0
2018-05-27 17:39:32.166,227.45,0.109911108639,0.0,0
2018-05-27 17:39:32.343,228.36,0.109911108639,0.0,0
2018-05-27 17:39:32.883,228.46,0.109911108639,0.0,0
2018-05-27 17:39:33.138,228.1,0.109911108639,0.0,0
2018-05-27 17:39:33.398,228.63,0.109911108639,0.0,0
2018-05-27 17:39:34.203,229.25,0.109911108639,0.0,0
2018-05-27 17:39:34.743,228.3,0.109911108639,0.0,0
2018-05-27 17:39:35.091,227.22,0.109911108639,0.0,0
2018-05-27 17:39:35.184,226.26,0.109911108639,0.0,0
2018-05-27 17:39:35.370,223.26,0.109911108639,0.0,0
2018-05-27 17:39:35.454,224.02,0.109911108639,0.0,0
2018-05-27 17:39:35.538,220.77,0.109911108639,0.0,0
2018-05-27 17:39:35.808,218.76,0.109911108639,0.0,0
2018-05-27 17:39:36.063,215.74,0.109911108639,0.0,0
2018-05-27 17:39:36.156,215.91,0.109911108639,0.0,0
2018-05-27 17:39:36.249,216.27,0.109911108639,0.0,0
2018-05-27 17:39:36.426,213.79,0.109911108639,0.0,0
2018-05-27 17:39:36.519,212.3,0.109911108639,0.0,0
2018-05-27 17:39:36.612,213.49,0.109911108639,0.0,0
2018-05-27 17:39:36.696,213.72,0.109911108639,0.0,0
2018-05-27 17:39:36.789,211.74,0.109911108639,0.0,0
2018-05-27 17:39:37.137,211.72,0.109911108639,0.0,0
2018-05-27 17:39:37.324,211.95,0.109911108639,0.0,0
2018-05-27 17:39:37.603,210.95,0.109911108639,0.0,0
2018-05-27 17:39:37.687,210.72,0.109911108639,0.0,0
2018-05-27 17:39:37.873,210.48,0.109911108639,0.0,0
2018-05-27 17:39:38.035,213.14,0.109911108639,0.0,0
2018-05-27 17:39:38.128,211.21,0.109911108639,0.0,0
2018-05-27 17:39:38.221,211.63,0.109911108639,0.0,0
2018-05-27 17:39:39.277,210.98,0.109911108639,0.0,0
2018-05-27 17:39:39.361,211.53,0.109911108639,0.0,0
2018-05-27 17:39:39.454,210.94,0.109911108639,0.0,0
2018-05-27 17:39:39.920,212.15,0.109911108639,0.0,0
2018-05-27 17:39:40.081,213.66,0.109911108639,0.0,0
2018-05-27 17:39:40.174,212.48,0.109911108639,0.0,0
2018-05-27 17:39:40.361,211.29,0.109911108639,0.0,0
2018-05-27 17:39:40.715,215.0,0.109911108639,0.0,0
2018-05-27 17:39:40.882,214.83,0.109911108639,0.0,0
2018-05-27 17:39:41.230,215.67,0.109911108639,0.0,0
2018-05-27 17:39:41.603,218.52,0.109911108639,0.0,0
2018-05-27 17:39:41.789,217.82,0.109911108639,0.0,0
2018-05-27 17:39:41.882,218.3,0.109911108639,0.0,0
2018-05-27 17:39:42.137,218.71,0.109911108639,0.0,0
2018-05-27 17:39:42.230,218.18,0.109911108639,0.0,0
2018-05-27 17:39:42.677,217.69,0.109911108639,0.0,0
2018-05-27 17:39:42.863,214.82,0.109911108639,0.0,0
2018-05-27 17:39:43.025,215.49,0.109911108639,0.0,0
2018-05-27 17:39:43.305,213.77,0.109911108639,0.0,0
2018-05-27 17:39:44.011,210.9,0.109911108639,0.0,0
2018-05-27 17:39:44.100,210.79,0.109911108639,0.0,0
2018-05-27 17:39:44.370,208.74,0.109911108639,0.0,0
2018-05-27 17:39:44.556,209.07,0.109911108639,0.0,0
2018-05-27 17:39:44.649,209.98,0.109911108639,0.0,0
2018-05-27 17:39:44.835,208.73,0.109911108639,0.0,0
2018-05-27 17:39:44.929,207.85,0.109911108639,0.0,0
2018-05-27 17:39:45.090,207.78,0.109911108639,0.0,0
2018-05-27 17:39:45.183,206.85,0.109911108639,0.0,0
2018-05-27 17:39:45.454,203.32,0.109911108639,0.0,0
2018-05-27 17:39:45.640,202.71,0.109911108639,0.0,0
2018-05-27 17:39:45.733,202.37,0.109911108639,0.0,0
2018-05-27 17:39:45.826,202.19,0.109911108639,0.0,0
2018-05-27 17:39:45.919,200.69,0.109911108639,0.0,0
2018-05-27 17:39:46.081,201.76,0.109911108639,0.0,0
2018-05-27 17:39:46.174,201.6,0.109911108639,0.0,0
2018-05-27 17:39:46.267,200.33,0.109911108639,0.0,0
2018-05-27 17:39:46.351,200.36,0.109911108639,0.0,0
2018-05-27 17:39:46.444,200.81,0.109911108639,0.0,0
2018-05-27 17:39:46.537,202.13,0.109911108639,0.0,0
2018-05-27 17:39:46.724,201.74,0.109911108639,0.0,0
2018-05-27 17:39:46.807,201.11,0.109911108639,0.0,0
2018-05-27 17:39:46.900,202.87,0.109911108639,0.0,0
2018-05-27 17:39:47.062,202.1,0.109911108639,0.0,0
2018-05-27 17:39:47.156,203.87,0.109911108639,0.0,0
2018-05-27 17:39:47.332,204.02,0.109911108639,0.0,0
2018-05-27 17:39:47.425,203.21,0.109911108639,0.0,0
2018-05-27 17:39:47.519,205.33,0.109911108639,0.0,0
2018-05-27 17:39:47.612,204.39,0.109911108639,0.0,0
2018-05-27 17:39:47.705,206.65,0.109911108639,0.0,0
2018-05-27 17:39:47.798,205.56,0.109911108639,0.0,0
2018-05-27 17:39:47.891,205.91,0.109911108639,0.0,0
2018-05-27 17:39:48.054,206.77,0.109911108639,0.0,0
2018-05-27 17:39:48.323,208.3,0.109911108639,0.0,0
2018-05-27 17:39:48.500,208.75,0.109911108639,0.0,0
2018-05-27 17:39:48.593,209.26,0.109911108639,0.0,0
2018-05-27 17:39:48.779,210.12,0.109911108639,0.0,0
2018-05-27 17:39:48.873,211.32,0.109911108639,0.0,0
2018-05-27 17:39:49.025,212.36,0.109911108639,0.0,0
2018-05-27 17:39:49.118,210.93,0.109911108639,0.0,0
2018-05-27 17:39:49.211,213.22,0.109911108639,0.0,0
2018-05-27 17:39:49.477,214.23,0.109911108639,0.0,0
2018-05-27 17:39:49.570,212.52,0.109911108639,0.0,0
2018-05-27 17:39:49.658,213.99,0.109911108639,0.0,0
2018-05-27 17:39:49.742,214.47,0.109911108639,0.0,0
2018-05-27 17:39:49.835,215.27,0.109911108639,0.0,0
2018-05-27 17:39:49.929,214.64,0.109911108639,0.0,0
2018-05-27 17:39:50.090,215.03,0.109911108639,0.0,0
2018-05-27 17:39:50.174,215.17,0.109911108639,0.0,0
2018-05-27 17:39:50.267,215.96,0.109911108639,0.0,0
2018-05-27 17:39:50.360,217.14,0.109911108639,0.0,0
2018-05-27 17:39:50.444,218.08,0.109911108639,0.0,0
2018-05-27 17:39:50.537,217.81,0.109911108639,0.0,0
2018-05-27 17:39:50.630,217.43,0.109911108639,0.0,0
2018-05-27 17:39:50.723,217.75,0.109911108639,0.0,0
2018-05-27 17:39:51.062,218.56,0.109911108639,0.0,0
2018-05-27 17:39:51.155,217.4,0.109911108639,0.0,0
2018-05-27 17:39:51.248,218.87,0.109911108639,0.0,0
2018-05-27 17:39:51.333,218.48,0.109911108639,0.0,0
2018-05-27 17:39:52.323,221.76,0.109911108639,0.0,0
2018-05-27 17:39:52.416,221.71,0.109911108639,0.0,0
2018-05-27 17:39:52.509,221.99,0.109911108639,0.0,0
2018-05-27 17:39:52.602,223.28,0.109911108639,0.0,0
2018-05-27 17:39:52.872,224.54,0.109911108639,0.0,0
2018-05-27 17:39:53.220,224.24,0.109911108639,0.0,0
2018-05-27 17:39:53.490,225.57,0.109911108639,0.0,0
2018-05-27 17:39:53.667,226.37,0.109911108639,0.0,0
2018-05-27 17:39:53.853,225.65,0.109911108639,0.0,0
2018-05-27 17:39:54.099,226.84,0.109911108639,0.0,0
2018-05-27 17:39:54.276,226.45,0.109911108639,0.0,0
2018-05-27 17:39:54.360,225.88,0.109911108639,0.0,0
2018-05-27 17:39:54.546,226.3,0.109911108639,0.0,0
2018-05-27 17:39:54.826,227.08,0.109911108639,0.0,0
2018-05-27 17:39:54.919,228.46,0.109911108639,0.0,0
2018-05-27 17:39:55.080,228.67,0.109911108639,0.0,0
2018-05-27 17:39:55.714,229.25,0.109911108639,0.0,0
2018-05-27 17:39:55.807,228.12,0.109911108639,0.0,0
2018-05-27 17:39:55.900,228.76,0.109911108639,0.0,0
2018-05-27 17:39:56.155,228.8,0.109911108639,0.0,0
2018-05-27 17:39:56.333,227.76,0.109911108639,0.0,0
2018-05-27 17:39:56.425,226.92,0.109911108639,0.0,0
2018-05-27 17:39:56.704,222.8,0.109911108639,0.0,0
2018-05-27 17:39:57.146,219.0,0.109911108639,0.0,0
2018-05-27 17:39:57.425,216.92,0.109911108639,0.0,0
2018-05-27 17:39:57.611,216.88,0.109911108639,0.0,0
2018-05-27 17:39:57.704,214.26,0.109911108639,0.0,0
2018-05-27 17:39:58.052,212.51,0.109911108639,0.0,0
2018-05-27 17:39:58.145,212.93,0.109911108639,0.0,0
2018-05-27 17:39:58.332,211.12,0.109911108639,0.0,0
2018-05-27 17:39:58.416,211.19,0.109911108639,0.0,0
2018-05-27 17:39:58.509,211.79,0.109911108639,0.0,0
2018-05-27 17:39:58.695,211.17,0.109911108639,0.0,0
2018-05-27 17:39:58.788,208.11,0.109911108639,0.0,0
2018-05-27 17:39:58.881,210.62,0.109911108639,0.0,0
2018-05-27 17:39:59.323,209.43,0.109911108639,0.0,0
2018-05-27 17:39:59.406,208.4,0.109911108639,0.0,0
2018-05-27 17:39:59.499,209.13,0.109911108639,0.0,0
2018-05-27 17:39:59.686,207.73,0.109911108639,0.0,0
2018-05-27 17:39:59.779,207.33,0.109911108639,0.0,0
2018-05-27 17:39:59.860,207.6,0.109911108639,0.0,0
2018-05-27 17:40:00.024,208.06,0.109911108639,0.0,0
2018-05-27 17:40:00.211,208.04,0.109911108639,0.0,0
2018-05-27 17:40:00.304,207.8,0.109911108639,0.0,0
2018-05-27 17:40:00.482,207.69,0.109911108639,0.0,0
2018-05-27 17:40:00.652,207.7,0.109911108639,0.0,0
2018-05-27 17:40:00.741,206.89,0.109911108639,0.0,0
2018-05-27 17:40:00.834,208.81,0.109911108639,0.0,0
2018-05-27 17:40:00.928,207.13,0.109911108639,0.0,0
2018-05-27 17:40:01.080,207.23,0.109911108639,0.0,0
2018-05-27 17:40:01.183,207.31,0.109911108639,0.0,0
2018-05-27 17:40:01.276,209.24,0.109911108639,0.0,0
2018-05-27 17:40:01.369,207.49,0.109911108639,0.0,0
2018-05-27 17:40:01.453,207.45,0.109911108639,0.0,0
2018-05-27 17:40:01.540,208.31,0.109911108639,0.0,0
2018-05-27 17:40:01.630,209.47,0.109911108639,0.0,0
2018-05-27 17:40:01.816,210.17,0.109911108639,0.0,0
2018-05-27 17:40:01.909,209.26,0.109911108639,0.0,0
2018-05-27 17:40:02.155,211.2,0.109911108639,0.0,0
2018-05-27 17:40:02.248,209.99,0.109911108639,0.0,0
2018-05-27 17:40:02.335,210.72,0.109911108639,0.0,0
2018-05-27 17:40:02.415,212.23,0.109911108639,0.0,0
2018-05-27 17:40:02.508,211.7,0.109911108639,0.0,0
2018-05-27 17:40:02.602,213.3,0.109911108639,0.0,0
2018-05-27 17:40:02.695,211.61,0.109911108639,0.0,0
2018-05-27 17:40:02.779,212.69,0.109911108639,0.0,0
2018-05-27 17:40:02.872,212.69,0.109911108639,0.0,0
2018-05-27 17:40:03.033,214.97,0.109911108639,0.0,0
2018-05-27 17:40:03.127,214.07,0.109911108639,0.0,0
2018-05-27 17:40:03.406,212.92,0.109911108639,0.0,0
2018-05-27 17:40:03.490,211.23,0.109911108639,0.0,0
2018-05-27 17:40:03.583,212.12,0.109911108639,0.0,0
2018-05-27 17:40:04.452,207.31,0.109911108639,0.0,0
2018-05-27 17:40:04.639,206.07,0.109911108639,0.0,0
2018-05-27 17:40:04.825,204.66,0.109911108639,0.0,0
2018-05-27 17:40:04.918,205.31,0.109911108639,0.0,0
2018-05-27 17:40:05.173,206.06,0.109911108639,0.0,0
2018-05-27 17:40:05.350,205.06,0.109911108639,0.0,0
2018-05-27 17:40:05.443,205.51,0.109911108639,0.0,0
2018-05-27 17:40:05.527,205.58,0.109911108639,0.0,0
2018-05-27 17:40:05.713,205.0,0.109911108639,0.0,0
2018-05-27 17:40:05.899,203.8,0.109911108639,0.0,0
2018-05-27 17:40:06.061,205.64,0.109911108639,0.0,0
2018-05-27 17:40:06.248,203.92,0.109911108639,0.0,0
2018-05-27 17:40:06.341,203.27,0.109911108639,0.0,0
2018-05-27 17:40:06.424,203.0,0.109911108639,0.0,0
2018-05-27 17:40:06.518,202.07,0.109911108639,0.0,0
2018-05-27 17:40:06.611,204.08,0.109911108639,0.0,0
2018-05-27 17:40:06.704,202.43,0.109911108639,0.0,0
2018-05-27 17:40:06.797,203.74,0.109911108639,0.0,0
2018-05-27 17:40:06.890,204.52,0.109911108639,0.0,0
2018-05-27 17:40:07.052,203.44,0.109911108639,0.0,0
2018-05-27 17:40:07.238,202.34,0.109911108639,0.0,0
2018-05-27 17:40:07.331,202.57,0.109911108639,0.0,0
2018-05-27 17:40:07.424,203.1,0.109911108639,0.0,0
2018-05-27 17:40:07.517,200.64,0.109911108639,0.0,0
2018-05-27 17:40:07.611,200.07,0.109911108639,0.0,0
2018-05-27 17:40:07.704,201.51,0.109911108639,0.0,0
2018-05-27 17:40:07.797,200.35,0.109911108639,0.0,0
2018-05-27 17:40:07.890,199.55,0.109911108639,0.0,0
2018-05-27 17:40:08.052,200.35,0.109911108639,0.0,0
2018-05-27 17:40:08.145,197.65,0.109911108639,0.0,0
2018-05-27 17:40:08.238,197.62,0.109911108639,0.0,0
2018-05-27 17:40:08.331,198.07,0.109911108639,0.0,0
2018-05-27 17:40:08.424,197.16,0.109911108639,0.0,0
2018-05-27 17:40:08.517,197.71,0.109911108639,0.0,0
2018-05-27 17:40:08.611,198.32,0.109911108639,0.0,0
2018-05-27 17:40:08.704,199.95,0.109911108639,0.0,0
2018-05-27 17:40:08.797,198.73,0.109911108639,0.0,0
2018-05-27 17:40:08.890,199.37,0.109911108639,0.0,0
2018-05-27 17:40:09.052,200.88,0.109911108639,0.0,0
2018-05-27 17:40:09.145,200.15,0.109911108639,0.0,0
2018-05-27 17:40:09.238,201.0,0.109911108639,0.0,0
2018-05-27 17:40:09.415,202.27,0.109911108639,0.0,0
2018-05-27 17:40:09.601,201.4,0.109911108639,0.0,0
2018-05-27 17:40:09.881,204.16,0.109911108639,0.0,0
2018-05-27 17:40:10.042,204.28,0.109911108639,0.0,0
2018-05-27 17:40:10.229,206.39,0.109911108639,0.0,0
2018-05-27 17:40:10.322,205.29,0.109911108639,0.0,0
2018-05-27 17:40:10.415,207.13,0.109911108639,0.0,0
2018-05-27 17:40:10.499,207.48,0.109911108639,0.0,0
2018-05-27 17:40:10.592,207.08,0.109911108639,0.0,0
2018-05-27 17:40:11.312,211.09,0.109911108639,0.0,0
2018-05-27 17:40:11.583,211.71,0.109911108639,0.0,0
2018-05-27 17:40:11.676,211.64,0.109911108639,0.0,0
2018-05-27 17:40:11.769,212.26,0.109911108639,0.0,0
2018-05-27 17:40:11.862,213.31,0.109911108639,0.0,0
2018-05-27 17:40:12.024,212.67,0.109911108639,0.0,0
2018-05-27 17:40:12.117,214.71,0.109911108639,0.0,0
2018-05-27 17:40:12.387,214.23,0.109911108639,0.0,0
2018-05-27 17:40:12.573,215.47,0.109911108639,0.0,0
2018-05-27 17:40:12.666,215.89,0.109911108639,0.0,0
2018-05-27 17:40:12.759,217.31,0.109911108639,0.0,0
2018-05-27 17:40:12.852,216.85,0.109911108639,0.0,0
2018-05-27 17:40:13.009,217.55,0.109911108639,0.0,0
2018-05-27 17:40:13.098,216.36,0.109911108639,0.0,0
2018-05-27 17:40:13.275,217.68,0.109911108639,0.0,0
2018-05-27 17:40:13.368,217.41,0.109911108639,0.0,0
2018-05-27 17:40:13.648,218.35,0.109911108639,0.0,0
2018-05-27 17:40:13.834,220.19,0.109911108639,0.0,0
2018-05-27 17:40:13.927,218.74,0.109911108639,0.0,0
2018-05-27 17:40:14.089,219.32,0.109911108639,0.0,0
2018-05-27 17:40:14.182,220.94,0.109911108639,0.0,0
2018-05-27 17:40:14.647,222.28,0.109911108639,0.0,0
2018-05-27 17:40:14.834,221.18,0.109911108639,0.0,0
2018-05-27 17:40:14.910,222.23,0.109911108639,0.0,0
2018-05-27 17:40:15.080,222.28,0.109911108639,0.0,0
2018-05-27 17:40:15.173,222.02,0.109911108639,0.0,0
2018-05-27 17:40:15.266,222.41,0.109911108639,0.0,0
2018-05-27 17:40:15.722,225.83,0.109911108639,0.0,0
2018-05-27 17:40:16.238,225.46,0.109911108639,0.0,0
2018-05-27 17:40:16.703,226.03,0.109911108639,0.0,0
2018-05-27 17:40:17.498,225.83,0.109911108639,0.0,0
2018-05-27 17:40:17.685,224.82,0.109911108639,0.0,0
2018-05-27 17:40:17.778,224.67,0.109911108639,0.0,0
2018-05-27 17:40:18.023,224.81,0.109911108639,0.0,0
2018-05-27 17:40:18.116,225.21,0.109911108639,0.0,0
2018-05-27 17:40:18.573,224.86,0.109911108639,0.0,0
2018-05-27 17:40:18.666,224.58,0.109911108639,0.0,0
2018-05-27 17:40:18.759,225.56,0.109911108639,0.0,0
2018-05-27 17:40:19.009,222.45,0.109911108639,0.0,0
2018-05-27 17:40:19.098,223.44,0.109911108639,0.0,0
2018-05-27 17:40:19.182,221.51,0.109911108639,0.0,0
2018-05-27 17:40:19.275,220.5,0.109911108639,0.0,0
2018-05-27 17:40:19.359,219.64,0.109911108639,0.0,0
2018-05-27 17:40:19.452,219.34,0.109911108639,0.0,0
2018-05-27 17:40:20.443,215.47,0.109911108639,0.0,0
2018-05-27 17:40:20.526,216.44,0.109911108639,0.0,0
2018-05-27 17:40:20.712,215.25,0.109911108639,0.0,0
2018-05-27 17:40:20.806,215.44,0.109911108639,0.0,0
2018-05-27 17:40:20.899,214.71,0.109911108639,0.0,0
2018-05-27 17:40:21.154,215.95,0.109911108639,0.0,0
2018-05-27 17:40:21.517,214.12,0.109911108639,0.0,0
2018-05-27 17:40:21.610,212.91,0.109911108639,0.0,0
2018-05-27 17:40:21.889,211.99,0.109911108639,0.0,0
2018-05-27 17:40:22.051,211.82,0.109911108639,0.0,0
2018-05-27 17:40:22.237,211.17,0.109911108639,0.0,0
2018-05-27 17:40:22.330,209.28,0.109911108639,0.0,0
2018-05-27 17:40:22.601,208.11,0.109911108639,0.0,0
2018-05-27 17:40:22.694,208.72,0.109911108639,0.0,0
2018-05-27 17:40:23.684,208.59,0.109911108639,0.0,0
2018-05-27 17:40:23.777,209.69,0.109911108639,0.0,0
2018-05-27 17:40:23.871,210.24,0.109911108639,0.0,0
2018-05-27 17:40:24.025,211.58,0.109911108639,0.0,0
2018-05-27 17:40:24.116,210.44,0.109911108639,0.0,0
2018-05-27 17:40:24.302,210.75,0.109911108639,0.0,0
2018-05-27 17:40:24.386,211.58,0.109911108639,0.0,0
2018-05-27 17:40:24.647,212.73,0.109911108639,0.0,0
2018-05-27 17:40:24.927,213.01,0.109911108639,0.0,0
2018-05-27 17:40:25.088,215.4,0.109911108639,0.0,0
2018-05-27 17:40:25.731,214.62,0.109911108639,0.0,0
2018-05-27 17:40:26.079,211.4,0.109911108639,0.0,0
2018-05-27 17:40:26.265,211.46,0.109911108639,0.0,0
2018-05-27 17:40:26.526,209.64,0.109911108639,0.0,0
2018-05-27 17:40:26.619,211.25,0.109911108639,0.0,0
2018-05-27 17:40:26.889,210.34,0.109911108639,0.0,0
2018-05-27 17:40:27.051,210.91,0.109911108639,0.0,0
2018-05-27 17:40:27.144,209.55,0.109911108639,0.0,0
2018-05-27 17:40:27.237,210.93,0.109911108639,0.0,0
2018-05-27 17:40:27.423,211.19,0.109911108639,0.0,0
2018-05-27 17:40:27.610,211.37,0.109911108639,0.0,0
2018-05-27 17:40:27.703,209.03,0.109911108639,0.0,0
2018-05-27 17:40:27.880,211.02,0.109911108639,0.0,0
2018-05-27 17:40:28.042,212.35,0.109911108639,0.0,0
2018-05-27 17:40:28.228,211.99,0.109911108639,0.0,0
2018-05-27 17:40:28.321,210.82,0.109911108639,0.0,0
2018-05-27 17:40:28.414,212.79,0.109911108639,0.0,0
2018-05-27 17:40:28.591,212.08,0.109911108639,0.0,0
2018-05-27 17:40:28.768,212.04,0.109911108639,0.0,0
2018-05-27 17:40:28.861,213.11,0.109911108639,0.0,0
2018-05-27 17:40:29.116,212.42,0.109911108639,0.0,0
2018-05-27 17:40:29.302,212.95,0.109911108639,0.0,0
2018-05-27 17:40:29.395,214.04,0.109911108639,0.0,0
2018-05-27 17:40:29.479,213.66,0.109911108639,0.0,0
2018-05-27 17:40:29.572,213.87,0.109911108639,0.0,0
2018-05-27 17:40:29.661,215.15,0.109911108639,0.0,0
2018-05-27 17:40:29.749,214.14,0.109911108639,0.0,0
2018-05-27 17:40:29.833,214.27,0.109911108639,0.0,0
2018-05-27 17:40:29.898,215.76,0.109911108639,0.0,0
2018-05-27 17:40:30.079,214.27,0.109911108639,0.0,0
2018-05-27 17:40:30.172,215.49,0.109911108639,0.0,0
2018-05-27 17:40:30.358,215.91,0.109911108639,0.0,0
2018-05-27 17:40:30.442,216.83,0.109911108639,0.0,0
2018-05-27 17:40:30.526,218.18,0.109911108639,0.0,0
2018-05-27 17:40:30.712,217.02,0.109911108639,0.0,0
2018-05-27 17:40:30.805,219.21,0.109911108639,0.0,0
2018-05-27 17:40:31.060,217.53,0.109911108639,0.0,0
2018-05-27 17:40:31.153,218.29,0.109911108639,0.0,0
2018-05-27 17:40:31.246,219.91,0.109911108639,0.0,0
2018-05-27 17:40:31.330,219.02,0.109911108639,0.0,0
2018-05-27 17:40:31.423,220.61,0.109911108639,0.0,0
2018-05-27 17:40:31.516,218.86,0.109911108639,0.0,0
2018-05-27 17:40:31.609,219.91,0.109911108639,0.0,0
2018-05-27 17:40:31.702,220.62,0.109911108639,0.0,0
2018-05-27 17:40:31.796,221.96,0.109911108639,0.0,0
2018-05-27 17:40:32.051,221.16,0.109911108639,0.0,0
2018-05-27 17:40:32.144,221.34,0.109911108639,0.0,0
2018-05-27 17:40:32.331,222.55,0.109911108639,0.0,0
2018-05-27 17:40:32.423,221.75,0.109911108639,0.0,0
2018-05-27 17:40:32.889,224.31,0.109911108639,0.0,0
2018-05-27 17:40:33.144,224.1,0.109911108639,0.0,0
2018-05-27 17:40:33.331,225.86,0.109911108639,0.0,0
2018-05-27 17:40:33.424,225.35,0.109911108639,0.0,0
2018-05-27 17:40:33.516,226.6,0.109911108639,0.0,0
2018-05-27 17:40:33.609,226.35,0.109911108639,0.0,0
2018-05-27 17:40:33.702,224.78,0.109911108639,0.0,0
2018-05-27 17:40:34.050,225.92,0.109911108639,0.0,0
2018-05-27 17:40:34.144,226.76,0.109911108639,0.0,0
2018-05-27 17:40:34.237,227.94,0.109911108639,0.0,0
2018-05-27 17:40:34.330,228.17,0.109911108639,0.0,0
2018-05-27 17:40:34.507,227.07,0.109911108639,0.0,0
2018-05-27 17:40:34.600,227.85,0.109911108639,0.0,0
2018-05-27 17:40:34.693,228.19,0.109911108639,0.0,0
2018-05-27 17:40:34.786,228.66,0.109911108639,0.0,0
2018-05-27 17:40:35.320,229.64,0.109911108639,0.0,0
2018-05-27 17:40:35.404,229.7,0.109911108639,0.0,0
2018-05-27 17:40:35.498,229.55,0.109911108639,0.0,0
2018-05-27 17:40:35.591,230.11,0.109911108639,0.0,0
2018-05-27 17:40:35.684,230.06,0.109911108639,0.0,0
2018-05-27 17:40:35.870,230.41,0.109911108639,0.0,0
2018-05-27 17:40:36.032,230.85,0.109911108639,0.0,0
2018-05-27 17:40:36.125,231.07,0.109911108639,0.0,0
2018-05-27 17:40:36.218,232.28,0.109911108639,0.0,0
2018-05-27 17:40:36.395,230.86,0.109911108639,0.0,0
2018-05-27 17:40:36.674,231.58,0.109911108639,0.0,0
2018-05-27 17:40:36.767,231.45,0.109911108639,0.0,0
2018-05-27 17:40:37.022,231.75,0.109911108639,0.0,0
2018-05-27 17:40:37.115,231.76,0.109911108639,0.0,0
2018-05-27 17:40:37.292,231.7,0.109911108639,0.0,0
2018-05-27 17:40:37.572,228.55,0.109911108639,0.0,0
2018-05-27 17:40:37.758,227.53,0.109911108639,0.0,0
2018-05-27 17:40:38.008,225.16,0.109911108639,0.0,0
2018-05-27 17:40:38.274,222.36,0.109911108639,0.0,0
2018-05-27 17:40:38.358,221.59,0.109911108639,0.0,0
2018-05-27 17:40:38.451,220.77,0.109911108639,0.0,0
2018-05-27 17:40:38.628,219.39,0.109911108639,0.0,0
2018-05-27 17:40:38.711,218.38,0.109911108639,0.0,0
2018-05-27 17:40:38.898,218.38,0.109911108639,0.0,0
2018-05-27 17:40:39.059,218.12,0.109911108639,0.0,0
2018-05-27 17:40:39.516,213.44,0.109911108639,0.0,0
2018-05-27 17:40:39.609,213.15,0.109911108639,0.0,0
2018-05-27 17:40:39.702,213.48,0.109911108639,0.0,0
2018-05-27 17:40:39.795,212.11,0.109911108639,0.0,0
2018-05-27 17:40:39.888,212.22,0.109911108639,0.0,0
2018-05-27 17:40:40.050,209.74,0.109911108639,0.0,0
2018-05-27 17:40:40.413,209.46,0.109911108639,0.0,0
2018-05-27 17:40:40.506,209.54,0.109911108639,0.0,0
2018-05-27 17:40:40.600,209.36,0.109911108639,0.0,0
2018-05-27 17:40:41.041,207.89,0.109911108639,0.0,0
2018-05-27 17:40:41.134,208.31,0.109911108639,0.0,0
2018-05-27 17:40:41.320,208.3,0.109911108639,0.0,0
2018-05-27 17:40:41.404,207.25,0.109911108639,0.0,0
2018-05-27 17:40:41.497,205.83,0.109911108639,0.0,0
2018-05-27 17:40:41.590,207.07,0.109911108639,0.0,0
2018-05-27 17:40:41.683,206.8,0.109911108639,0.0,0
2018-05-27 17:40:41.776,206.94,0.109911108639,0.0,0
2018-05-27 17:40:41.869,206.56,0.109911108639,0.0,0
2018-05-27 17:40:42.031,206.25,0.109911108639,0.0,0
2018-05-27 17:40:42.124,207.61,0.109911108639,0.0,0
2018-05-27 17:40:42.311,208.32,0.109911108639,0.0,0
2018-05-27 17:40:42.394,207.73,0.109911108639,0.0,0
2018-05-27 17:40:42.488,207.03,0.109911108639,0.0,0
2018-05-27 17:40:42.581,208.68,0.109911108639,0.0,0
2018-05-27 17:40:42.674,207.64,0.109911108639,0.0,0
2018-05-27 17:40:42.767,209.27,0.109911108639,0.0,0
2018-05-27 17:40:42.860,206.64,0.109911108639,0.0,0
2018-05-27 17:40:43.022,209.73,0.109911108639,0.0,0
2018-05-27 17:40:43.115,206.95,0.109911108639,0.0,0
2018-05-27 17:40:43.208,209.86,0.109911108639,0.0,0
2018-05-27 17:40:43.301,208.12,0.109911108639,0.0,0
2018-05-27 17:40:43.385,208.24,0.109911108639,0.0,0
2018-05-27 17:40:43.478,208.94,0.109911108639,0.0,0
2018-05-27 17:40:43.664,209.16,0.109911108639,0.0,0
2018-05-27 17:40:43.758,209.47,0.109911108639,0.0,0
2018-05-27 17:40:43.851,209.45,0.109911108639,0.0,0
2018-05-27 17:40:44.008,209.08,0.109911108639,0.0,0
2018-05-27 17:40:44.190,210.53,0.109911108639,0.0,0
2018-05-27 17:40:44.282,211.93,0.109911108639,0.0,0
2018-05-27 17:40:44.550,213.52,0.109911108639,0.0,0
2018-05-27 17:40:44.644,212.52,0.109911108639,0.0,0
2018-05-27 17:40:44.720,212.76,0.109911108639,0.0,0
2018-05-27 17:40:44.813,214.0,0.109911108639,0.0,0
2018-05-27 17:40:44.906,214.22,0.109911108639,0.0,0
2018-05-27 17:40:45.068,214.33,0.109911108639,0.0,0
2018-05-27 17:40:45.422,217.34,0.109911108639,0.0,0
2018-05-27 17:40:46.487,209.57,0.109911108639,0.0,0
2018-05-27 17:40:46.580,210.49,0.109911108639,0.0,0
2018-05-27 17:40:47.385,205.75,0.109911108639,0.0,0
2018-05-27 17:40:47.478,205.4,0.109911108639,0.0,0
2018-05-27 17:40:47.664,205.12,0.109911108639,0.0,0
2018-05-27 17:40:47.757,206.34,0.109911108639,0.0,0
2018-05-27 17:40:48.007,204.4,0.109911108639,0.0,0
2018-05-27 17:40:48.180,207.21,0.109911108639,0.0,0
2018-05-27 17:40:48.273,205.56,0.109911108639,0.0,0
2018-05-27 17:40:48.450,207.25,0.109911108639,0.0,0
2018-05-27 17:40:48.543,206.17,0.109911108639,0.0,0
2018-05-27 17:40:48.636,206.64,0.109911108639,0.0,0
2018-05-27 17:40:48.729,205.94,0.109911108639,0.0,0
2018-05-27 17:40:48.915,206.02,0.109911108639,0.0,0
2018-05-27 17:40:49.077,205.34,0.109911108639,0.0,0
2018-05-27 17:40:49.170,207.22,0.109911108639,0.0,0
2018-05-27 17:40:49.524,205.62,0.109911108639,0.0,0
2018-05-27 17:40:49.710,203.65,0.109911108639,0.0,0
2018-05-27 17:40:49.803,203.13,0.109911108639,0.0,0
2018-05-27 17:40:49.896,203.39,0.109911108639,0.0,0
2018-05-27 17:40:50.058,204.8,0.109911108639,0.0,0
2018-05-27 17:40:50.338,203.82,0.109911108639,0.0,0
2018-05-27 17:40:50.431,203.94,0.109911108639,0.0,0
2018-05-27 17:40:50.617,204.18,0.109911108639,0.0,0
2018-05-27 17:40:50.710,206.31,0.109911108639,0.0,0
2018-05-27 17:40:50.803,205.41,0.109911108639,0.0,0
2018-05-27 17:40:50.896,207.18,0.109911108639,0.0,0
2018-05-27 17:40:51.058,206.3,0.109911108639,0.0,0
2018-05-27 17:40:51.151,207.41,0.109911108639,0.0,0
2018-05-27 17:40:51.245,207.26,0.109911108639,0.0,0
2018-05-27 17:40:51.328,207.71,0.109911108639,0.0,0
2018-05-27 17:40:51.421,208.48,0.109911108639,0.0,0
2018-05-27 17:40:51.515,208.77,0.109911108639,0.0,0
2018-05-27 17:40:51.887,210.08,0.109911108639,0.0,0
2018-05-27 17:40:52.235,212.91,0.109911108639,0.0,0
2018-05-27 17:40:52.329,211.56,0.109911108639,0.0,0
2018-05-27 17:40:52.421,212.54,0.109911108639,0.0,0
2018-05-27 17:40:52.607,213.24,0.109911108639,0.0,0
2018-05-27 17:40:52.701,214.55,0.109911108639,0.0,0
2018-05-27 17:40:52.887,214.09,0.109911108639,0.0,0
2018-05-27 17:40:53.235,215.41,0.109911108639,0.0,0
2018-05-27 17:40:53.514,216.81,0.109911108639,0.0,0
2018-05-27 17:40:53.700,216.95,0.109911108639,0.0,0
2018-05-27 17:40:53.794,217.09,0.109911108639,0.0,0
2018-05-27 17:40:53.887,218.56,0.109911108639,0.0,0
2018-05-27 17:40:54.048,217.56,0.109911108639,0.0,0
2018-05-27 17:40:54.235,217.89,0.109911108639,0.0,0
2018-05-27 17:40:54.328,219.02,0.109911108639,0.0,0
2018-05-27 17:40:54.505,219.25,0.109911108639,0.0,0
2018-05-27 17:40:54.598,217.85,0.109911108639,0.0,0
2018-05-27 17:40:54.691,218.76,0.109911108639,0.0,0
2018-05-27 17:40:54.784,221.12,0.109911108639,0.0,0
2018-05-27 17:40:55.039,220.26,0.109911108639,0.0,0
2018-05-27 17:40:55.132,220.4,0.109911108639,0.0,0
2018-05-27 17:40:55.225,221.86,0.109911108639,0.0,0
2018-05-27 17:40:55.318,222.95,0.109911108639,0.0,0
2018-05-27 17:40:55.505,221.44,0.109911108639,0.0,0
2018-05-27 17:40:55.598,221.62,0.109911108639,0.0,0
2018-05-27 17:40:56.039,223.26,0.109911108639,0.0,0
2018-05-27 17:40:56.318,224.09,0.109911108639,0.0,0
2018-05-27 17:40:56.588,224.61,0.109911108639,0.0,0
2018-05-27 17:40:56.868,225.99,0.109911108639,0.0,0
2018-05-27 17:40:57.123,224.37,0.109911108639,0.0,0
2018-05-27 17:40:57.216,224.72,0.109911108639,0.0,0
2018-05-27 17:40:57.402,226.0,0.109911108639,0.0,0
2018-05-27 17:40:57.570,225.69,0.109911108639,0.0,0
2018-05-27 17:40:58.006,225.63,0.109911108639,0.0,0
2018-05-27 17:40:58.095,224.77,0.109911108639,0.0,0
2018-05-27 17:40:58.179,226.53,0.109911108639,0.0,0
2018-05-27 17:40:58.272,226.25,0.109911108639,0.0,0
2018-05-27 17:40:58.356,224.88,0.109911108639,0.0,0
2018-05-27 17:40:58.542,226.83,0.109911108639,0.0,0
2018-05-27 17:40:58.636,226.35,0.109911108639,0.0,0
2018-05-27 17:40:58.728,225.97,0.109911108639,0.0,0
2018-05-27 17:40:59.430,226.14,0.109911108639,0.0,0
2018-05-27 17:40:59.523,225.91,0.109911108639,0.0,0
2018-05-27 17:40:59.616,223.51,0.109911108639,0.0,0
2018-05-27 17:40:59.709,222.24,0.109911108639,0.0,0
2018-05-27 17:41:00.048,220.15,0.109911108639,0.0,0
2018-05-27 17:41:00.327,216.2,0.109911108639,0.0,0
2018-05-27 17:41:00.690,216.23,0.109911108639,0.0,0
2018-05-27 17:41:00.784,214.34,0.109911108639,0.0,0
2018-05-27 17:41:01.039,212.96,0.109911108639,0.0,0
2018-05-27 17:41:01.132,211.84,0.109911108639,0.0,0
2018-05-27 17:41:01.225,212.58,0.109911108639,0.0,0
2018-05-27 17:41:01.588,210.26,0.109911108639,0.0,0
2018-05-27 17:41:01.774,211.55,0.109911108639,0.0,0
2018-05-27 17:41:02.402,210.52,0.109911108639,0.0,0
2018-05-27 17:41:02.485,210.92,0.109911108639,0.0,0
2018-05-27 17:41:02.569,209.84,0.109911108639,0.0,0
2018-05-27 17:41:03.355,210.2,0.109911108639,0.0,0
2018-05-27 17:41:03.448,209.19,0.109911108639,0.0,0
2018-05-27 17:41:03.727,210.91,0.109911108639,0.0,0
2018-05-27 17:41:04.075,210.79,0.109911108639,0.0,0
2018-05-27 17:41:04.262,211.39,0.109911108639,0.0,0
2018-05-27 17:41:04.429,212.23,0.109911108639,0.0,0
2018-05-27 17:41:04.802,211.3,0.109911108639,0.0,0
2018-05-27 17:41:05.699,214.06,0.109911108639,0.0,0
2018-05-27 17:41:06.131,215.72,0.109911108639,0.0,0
2018-05-27 17:41:06.485,217.38,0.109911108639,0.0,0
2018-05-27 17:41:07.382,216.23,0.109911108639,0.0,0
2018-05-27 17:41:07.476,216.85,0.109911108639,0.0,0
2018-05-27 17:41:07.564,215.19,0.109911108639,0.0,0
2018-05-27 17:41:07.736,214.21,0.109911108639,0.0,0
2018-05-27 17:41:07.829,211.88,0.109911108639,0.0,0
2018-05-27 17:41:08.084,209.84,0.109911108639,0.0,0
2018-05-27 17:41:08.177,209.22,0.109911108639,0.0,0
2018-05-27 17:41:08.271,208.27,0.109911108639,0.0,0
2018-05-27 17:41:08.354,208.34,0.109911108639,0.0,0
2018-05-27 17:41:08.541,208.2,0.109911108639,0.0,0
2018-05-27 17:41:08.820,207.74,0.109911108639,0.0,0
2018-05-27 17:41:09.168,207.01,0.109911108639,0.0,0
2018-05-27 17:41:09.345,207.4,0.109911108639,0.0,0
2018-05-27 17:41:09.438,206.95,0.109911108639,0.0,0
2018-05-27 17:41:09.522,207.15,0.109911108639,0.0,0
2018-05-27 17:41:09.801,207.68,0.109911108639,0.0,0
2018-05-27 17:41:09.894,207.56,0.109911108639,0.0,0
2018-05-27 17:41:10.056,208.12,0.109911108639,0.0,0
2018-05-27 17:41:10.149,207.15,0.109911108639,0.0,0
2018-05-27 17:41:10.336,207.94,0.109911108639,0.0,0
2018-05-27 17:41:10.429,208.48,0.109911108639,0.0,0
2018-05-27 17:41:10.522,208.92,0.109911108639,0.0,0
2018-05-27 17:41:10.615,209.0,0.109911108639,0.0,0
2018-05-27 17:41:10.708,209.56,0.109911108639,0.0,0
2018-05-27 17:41:10.894,210.87,0.109911108639,0.0,0
2018-05-27 17:41:11.056,208.94,0.109911108639,0.0,0
2018-05-27 17:41:11.149,211.04,0.109911108639,0.0,0
2018-05-27 17:41:11.242,210.65,0.109911108639,0.0,0
2018-05-27 17:41:11.336,211.05,0.109911108639,0.0,0
2018-05-27 17:41:11.419,211.83,0.109911108639,0.0,0
2018-05-27 17:41:11.512,210.46,0.109911108639,0.0,0
2018-05-27 17:41:11.699,211.62,0.109911108639,0.0,0
2018-05-27 17:41:11.792,211.28,0.109911108639,0.0,0
2018-05-27 17:41:11.885,213.65,0.109911108639,0.0,0
2018-05-27 17:41:12.047,212.15,0.109911108639,0.0,0
2018-05-27 17:41:12.140,214.71,0.109911108639,0.0,0
2018-05-27 17:41:12.233,214.19,0.109911108639,0.0,0
2018-05-27 17:41:12.326,213.93,0.109911108639,0.0,0
2018-05-27 17:41:12.410,214.49,0.109911108639,0.0,0
2018-05-27 17:41:12.503,214.92,0.109911108639,0.0,0
2018-05-27 17:41:12.596,215.79,0.109911108639,0.0,0
2018-05-27 17:41:12.782,216.16,0.109911108639,0.0,0
2018-05-27 17:41:12.876,216.93,0.109911108639,0.0,0
2018-05-27 17:41:13.037,216.5,0.109911108639,0.0,0
2018-05-27 17:41:13.130,217.05,0.109911108639,0.0,0
2018-05-27 17:41:13.317,217.36,0.109911108639,0.0,0
2018-05-27 17:41:13.400,217.94,0.109911108639,0.0,0
2018-05-27 17:41:13.587,217.73,0.109911108639,0.0,0
2018-05-27 17:41:13.680,219.19,0.109911108639,0.0,0
2018-05-27 17:41:13.773,218.55,0.109911108639,0.0,0
2018-05-27 17:41:13.866,219.32,0.109911108639,0.0,0
2018-05-27 17:41:14.028,219.3,0.109911108639,0.0,0
2018-05-27 17:41:14.121,221.21,0.109911108639,0.0,0
2018-05-27 17:41:14.214,220.14,0.109911108639,0.0,0
2018-05-27 17:41:14.307,220.34,0.109911108639,0.0,0
2018-05-27 17:41:14.400,221.24,0.109911108639,0.0,0
2018-05-27 17:41:14.484,220.57,0.109911108639,0.0,0
2018-05-27 17:41:14.764,223.79,0.109911108639,0.0,0
2018-05-27 17:41:14.856,222.87,0.109911108639,0.0,0
2018-05-27 17:41:15.102,224.47,0.109911108639,0.0,0
2018-05-27 17:41:15.279,225.46,0.109911108639,0.0,0
2018-05-27 17:41:15.363,224.44,0.109911108639,0.0,0
2018-05-27 17:41:15.456,224.18,0.109911108639,0.0,0
2018-05-27 17:41:15.549,225.03,0.109911108639,0.0,0
2018-05-27 17:41:15.642,225.76,0.109911108639,0.0,0
2018-05-27 17:41:15.735,226.33,0.109911108639,0.0,0
2018-05-27 17:41:15.829,225.86,0.109911108639,0.0,0
2018-05-27 17:41:15.922,225.02,0.109911108639,0.0,0
2018-05-27 17:41:16.084,225.33,0.109911108639,0.0,0
2018-05-27 17:41:16.270,225.84,0.109911108639,0.0,0
2018-05-27 17:41:16.540,227.45,0.109911108639,0.0,0
2018-05-27 17:41:16.633,227.5,0.109911108639,0.0,0
2018-05-27 17:41:16.726,228.07,0.109911108639,0.0,0
2018-05-27 17:41:16.819,228.58,0.109911108639,0.0,0
2018-05-27 17:41:16.912,228.63,0.109911108639,0.0,0
2018-05-27 17:41:17.260,230.42,0.109911108639,0.0,0
2018-05-27 17:41:17.540,231.07,0.109911108639,0.0,0
2018-05-27 17:41:17.726,231.95,0.109911108639,0.0,0
2018-05-27 17:41:17.819,232.21,0.109911108639,0.0,0
2018-05-27 17:41:17.912,232.34,0.109911108639,0.0,0
2018-05-27 17:41:18.167,232.99,0.109911108639,0.0,0
2018-05-27 17:41:18.260,233.18,0.109911108639,0.0,0
2018-05-27 17:41:18.344,233.01,0.109911108639,0.0,0
2018-05-27 17:41:18.437,232.79,0.109911108639,0.0,0
2018-05-27 17:41:18.614,233.66,0.109911108639,0.0,0
2018-05-27 17:41:18.707,232.9,0.109911108639,0.0,0
2018-05-27 17:41:18.800,231.62,0.109911108639,0.0,0
2018-05-27 17:41:19.149,228.63,0.109911108639,0.0,0
2018-05-27 17:41:19.242,226.5,0.109911108639,0.0,0
2018-05-27 17:41:19.335,225.26,0.109911108639,0.0,0
2018-05-27 17:41:19.428,224.76,0.109911108639,0.0,0
2018-05-27 17:41:19.707,222.11,0.109911108639,0.0,0
2018-05-27 17:41:19.800,221.6,0.109911108639,0.0,0
2018-05-27 17:41:20.055,218.61,0.109911108639,0.0,0
2018-05-27 17:41:20.148,218.63,0.109911108639,0.0,0
2018-05-27 17:41:20.242,216.57,0.109911108639,0.0,0
2018-05-27 17:41:20.512,214.58,0.109911108639,0.0,0
2018-05-27 17:41:20.605,214.28,0.109911108639,0.0,0
2018-05-27 17:41:20.698,212.82,0.109911108639,0.0,0
2018-05-27 17:41:20.884,210.86,0.109911108639,0.0,0
2018-05-27 17:41:21.046,210.48,0.109911108639,0.0,0
2018-05-27 17:41:21.139,210.47,0.109911108639,0.0,0
2018-05-27 17:41:21.232,208.73,0.109911108639,0.0,0
2018-05-27 17:41:21.325,209.67,0.109911108639,0.0,0
2018-05-27 17:41:21.502,206.72,0.109911108639,0.0,0
2018-05-27 17:41:21.595,208.66,0.109911108639,0.0,0
2018-05-27 17:41:22.027,205.81,0.109911108639,0.0,0
2018-05-27 17:41:22.120,205.13,0.109911108639,0.0,0
2018-05-27 17:41:22.409,204.75,0.109911108639,0.0,0
2018-05-27 17:41:22.493,203.62,0.109911108639,0.0,0
2018-05-27 17:41:22.586,205.1,0.109911108639,0.0,0
2018-05-27 17:41:22.671,203.47,0.109911108639,0.0,0
2018-05-27 17:41:22.763,204.27,0.109911108639,0.0,0
2018-05-27 17:41:22.856,202.83,0.109911108639,0.0,0
2018-05-27 17:41:23.004,204.0,0.109911108639,0.0,0
2018-05-27 17:41:23.204,202.08,0.109911108639,0.0,0
2018-05-27 17:41:23.297,203.77,0.109911108639,0.0,0
2018-05-27 17:41:23.390,202.97,0.109911108639,0.0,0
2018-05-27 17:41:23.558,202.23,0.109911108639,0.0,0
2018-05-27 17:41:23.642,202.7,0.109911108639,0.0,0
2018-05-27 17:41:23.828,203.01,0.109911108639,0.0,0
2018-05-27 17:41:23.921,201.88,0.109911108639,0.0,0
2018-05-27 17:41:24.083,201.94,0.109911108639,0.0,0
2018-05-27 17:41:24.176,202.8,0.109911108639,0.0,0
2018-05-27 17:41:24.269,201.22,0.109911108639,0.0,0
2018-05-27 17:41:24.362,203.16,0.109911108639,0.0,0
2018-05-27 17:41:24.446,202.06,0.109911108639,0.0,0
2018-05-27 17:41:24.539,202.65,0.109911108639,0.0,0
2018-05-27 17:41:24.632,201.99,0.109911108639,0.0,0
2018-05-27 17:41:24.725,203.06,0.109911108639,0.0,0
2018-05-27 17:41:24.819,202.53,0.109911108639,0.0,0
2018-05-27 17:41:24.912,202.44,0.109911108639,0.0,0
2018-05-27 17:41:25.073,203.75,0.109911108639,0.0,0
2018-05-27 17:41:25.167,202.76,0.109911108639,0.0,0
2018-05-27 17:41:25.260,204.47,0.109911108639,0.0,0
2018-05-27 17:41:25.343,203.83,0.109911108639,0.0,0
2018-05-27 17:41:25.437,204.2,0.109911108639,0.0,0
2018-05-27 17:41:25.520,205.16,0.109911108639,0.0,0
2018-05-27 17:41:25.614,203.82,0.109911108639,0.0,0
2018-05-27 17:41:25.707,205.5,0.109911108639,0.0,0
2018-05-27 17:41:25.800,204.23,0.109911108639,0.0,0
2018-05-27 17:41:25.893,205.2,0.109911108639,0.0,0
2018-05-27 17:41:26.055,205.03,0.109911108639,0.0,0
2018-05-27 17:41:26.148,204.92,0.109911108639,0.0,0
2018-05-27 17:41:26.232,205.01,0.109911108639,0.0,0
2018-05-27 17:41:26.325,207.45,0.109911108639,0.0,0
2018-05-27 17:41:26.418,205.82,0.109911108639,0.0,0
2018-05-27 17:41:26.502,205.85,0.109911108639,0.0,0
2018-05-27 17:41:26.595,208.72,0.109911108639,0.0,0
2018-05-27 17:41:26.688,206.96,0.109911108639,0.0,0
2018-05-27 17:41:26.874,208.67,0.109911108639,0.0,0
2018-05-27 17:41:27.036,210.5,0.109911108639,0.0,0
2018-05-27 17:41:27.129,209.45,0.109911108639,0.0,0
2018-05-27 17:41:27.306,210.69,0.109911108639,0.0,0
2018-05-27 17:41:27.399,212.34,0.109911108639,0.0,0
2018-05-27 17:41:27.483,212.52,0.109911108639,0.0,0
2018-05-27 17:41:27.576,211.61,0.109911108639,0.0,0
2018-05-27 17:41:27.669,213.83,0.109911108639,0.0,0
2018-05-27 17:41:28.101,213.6,0.109911108639,0.0,0
2018-05-27 17:41:28.194,211.95,0.109911108639,0.0,0
2018-05-27 17:41:28.548,211.26,0.109911108639,0.0,0
2018-05-27 17:41:28.641,208.64,0.109911108639,0.0,0
2018-05-27 17:41:28.818,209.13,0.109911108639,0.0,0
2018-05-27 17:41:29.074,207.74,0.109911108639,0.0,0
2018-05-27 17:41:29.259,206.47,0.109911108639,0.0,0
2018-05-27 17:41:29.362,205.86,0.109911108639,0.0,0
2018-05-27 17:41:29.455,204.66,0.109911108639,0.0,0
2018-05-27 17:41:29.734,204.13,0.109911108639,0.0,0
2018-05-27 17:41:29.827,204.5,0.109911108639,0.0,0
2018-05-27 17:41:29.920,203.01,0.109911108639,0.0,0
2018-05-27 17:41:30.082,201.96,0.109911108639,0.0,0
2018-05-27 17:41:30.175,204.03,0.109911108639,0.0,0
2018-05-27 17:41:30.362,203.97,0.109911108639,0.0,0
2018-05-27 17:41:30.538,203.24,0.109911108639,0.0,0
2018-05-27 17:41:30.632,203.19,0.109911108639,0.0,0
2018-05-27 17:41:30.725,204.73,0.109911108639,0.0,0
2018-05-27 17:41:30.818,203.77,0.109911108639,0.0,0
2018-05-27 17:41:30.911,203.97,0.109911108639,0.0,0
2018-05-27 17:41:31.074,204.42,0.109911108639,0.0,0
2018-05-27 17:41:31.166,202.92,0.109911108639,0.0,0
2018-05-27 17:41:31.259,205.2,0.109911108639,0.0,0
2018-05-27 17:41:31.352,204.62,0.109911108639,0.0,0
2018-05-27 17:41:31.436,205.36,0.109911108639,0.0,0
2018-05-27 17:41:31.520,204.98,0.109911108639,0.0,0
2018-05-27 17:41:31.613,205.46,0.109911108639,0.0,0
2018-05-27 17:41:31.799,205.02,0.109911108639,0.0,0
2018-05-27 17:41:32.231,207.26,0.109911108639,0.0,0
2018-05-27 17:41:32.324,205.55,0.109911108639,0.0,0
2018-05-27 17:41:32.417,207.41,0.109911108639,0.0,0
2018-05-27 17:41:32.501,207.61,0.109911108639,0.0,0
2018-05-27 17:41:32.688,207.9,0.109911108639,0.0,0
2018-05-27 17:41:32.874,207.7,0.109911108639,0.0,0
2018-05-27 17:41:33.035,206.95,0.109911108639,0.0,0
2018-05-27 17:41:33.222,207.91,0.109911108639,0.0,0
2018-05-27 17:41:33.408,209.57,0.109911108639,0.0,0
2018-05-27 17:41:33.492,209.82,0.109911108639,0.0,0
2018-05-27 17:41:33.678,209.96,0.109911108639,0.0,0
2018-05-27 17:41:33.771,212.32,0.109911108639,0.0,0
2018-05-27 17:41:34.119,213.74,0.109911108639,0.0,0
2018-05-27 17:41:34.212,212.97,0.109911108639,0.0,0
2018-05-27 17:41:34.305,214.57,0.109911108639,0.0,0
2018-05-27 17:41:34.398,214.7,0.109911108639,0.0,0
2018-05-27 17:41:34.482,215.56,0.109911108639,0.0,0
2018-05-27 17:41:34.659,215.83,0.109911108639,0.0,0
2018-05-27 17:41:34.752,216.13,0.109911108639,0.0,0
2018-05-27 17:41:35.002,216.62,0.109911108639,0.0,0
2018-05-27 17:41:35.268,218.56,0.109911108639,0.0,0
2018-05-27 17:41:35.445,218.28,0.109911108639,0.0,0
2018-05-27 17:41:35.538,216.98,0.109911108639,0.0,0
2018-05-27 17:41:35.892,218.15,0.109911108639,0.0,0
2018-05-27 17:41:36.054,219.5,0.109911108639,0.0,0
2018-05-27 17:41:36.147,220.43,0.109911108639,0.0,0
2018-05-27 17:41:36.334,219.32,0.109911108639,0.0,0
2018-05-27 17:41:36.426,219.98,0.109911108639,0.0,0
2018-05-27 17:41:36.613,220.8,0.109911108639,0.0,0
2018-05-27 17:41:36.706,219.88,0.109911108639,0.0,0
2018-05-27 17:41:36.789,221.94,0.109911108639,0.0,0
2018-05-27 17:41:37.044,220.66,0.109911108639,0.0,0
2018-05-27 17:41:37.138,221.88,0.109911108639,0.0,0
2018-05-27 17:41:37.231,223.07,0.109911108639,0.0,0
2018-05-27 17:41:37.324,222.02,0.109911108639,0.0,0
2018-05-27 17:41:37.408,223.03,0.109911108639,0.0,0
2018-05-27 17:41:37.501,222.88,0.109911108639,0.0,0
2018-05-27 17:41:37.594,221.99,0.109911108639,0.0,0
2018-05-27 17:41:37.780,222.74,0.109911108639,0.0,0
2018-05-27 17:41:38.128,224.18,0.109911108639,0.0,0
2018-05-27 17:41:38.315,224.01,0.109911108639,0.0,0
2018-05-27 17:41:38.407,224.05,0.109911108639,0.0,0
2018-05-27 17:41:38.594,225.53,0.109911108639,0.0,0
2018-05-27 17:41:38.780,224.8,0.109911108639,0.0,0
2018-05-27 17:41:38.873,224.22,0.109911108639,0.0,0
2018-05-27 17:41:39.035,225.02,0.109911108639,0.0,0
2018-05-27 17:41:39.128,225.94,0.109911108639,0.0,0
2018-05-27 17:41:39.221,225.35,0.109911108639,0.0,0
2018-05-27 17:41:39.314,226.33,0.109911108639,0.0,0
2018-05-27 17:41:39.491,225.87,0.109911108639,0.0,0
2018-05-27 17:41:39.584,225.78,0.109911108639,0.0,0
2018-05-27 17:41:39.677,226.66,0.109911108639,0.0,0
2018-05-27 17:41:39.864,227.3,0.109911108639,0.0,0
2018-05-27 17:41:40.295,227.94,0.109911108639,0.0,0
2018-05-27 17:41:40.659,228.95,0.109911108639,0.0,0
2018-05-27 17:41:41.007,229.31,0.109911108639,0.0,0
2018-05-27 17:41:41.091,228.34,0.109911108639,0.0,0
2018-05-27 17:41:41.444,230.09,0.109911108639,0.0,0
2018-05-27 17:41:41.538,229.74,0.109911108639,0.0,0
2018-05-27 17:41:42.053,231.28,0.109911108639,0.0,0
2018-05-27 17:41:42.240,230.98,0.109911108639,0.0,0
2018-05-27 17:41:42.426,230.04,0.109911108639,0.0,0
2018-05-27 17:41:43.239,221.95,0.109911108639,0.0,0
2018-05-27 17:41:43.332,220.21,0.109911108639,0.0,0
2018-05-27 17:41:43.603,218.45,0.109911108639,0.0,0
2018-05-27 17:41:43.789,216.25,0.109911108639,0.0,0
2018-05-27 17:41:44.510,213.95,0.109911108639,0.0,0
2018-05-27 17:41:44.779,212.17,0.109911108639,0.0,0
2018-05-27 17:41:44.872,211.75,0.109911108639,0.0,0
2018-05-27 17:41:45.220,210.15,0.109911108639,0.0,0
2018-05-27 17:41:45.398,208.2,0.109911108639,0.0,0
2018-05-27 17:41:45.668,207.84,0.109911108639,0.0,0
2018-05-27 17:41:46.202,210.36,0.109911108639,0.0,0
2018-05-27 17:41:46.379,208.65,0.109911108639,0.0,0
2018-05-27 17:41:46.472,209.35,0.109911108639,0.0,0
2018-05-27 17:41:46.565,209.57,0.109911108639,0.0,0
2018-05-27 17:41:46.844,209.5,0.109911108639,0.0,0
2018-05-27 17:41:47.001,210.31,0.109911108639,0.0,0
2018-05-27 17:41:47.267,210.61,0.109911108639,0.0,0
2018-05-27 17:41:47.360,211.19,0.109911108639,0.0,0
2018-05-27 17:41:47.444,210.92,0.109911108639,0.0,0
2018-05-27 17:41:47.537,212.77,0.109911108639,0.0,0
2018-05-27 17:41:47.630,211.88,0.109911108639,0.0,0
2018-05-27 17:41:47.723,214.19,0.109911108639,0.0,0
2018-05-27 17:41:47.816,212.44,0.109911108639,0.0,0
2018-05-27 17:41:48.071,214.25,0.109911108639,0.0,0
2018-05-27 17:41:48.248,214.08,0.109911108639,0.0,0
2018-05-27 17:41:48.611,217.03,0.109911108639,0.0,0
2018-05-27 17:41:49.136,217.48,0.109911108639,0.0,0
2018-05-27 17:41:49.229,217.2,0.109911108639,0.0,0
2018-05-27 17:41:49.592,215.94,0.109911108639,0.0,0
2018-05-27 17:41:49.685,215.25,0.109911108639,0.0,0
2018-05-27 17:41:49.778,216.51,0.109911108639,0.0,0
2018-05-27 17:41:50.126,214.62,0.109911108639,0.0,0
2018-05-27 17:41:50.220,211.75,0.109911108639,0.0,0
2018-05-27 17:41:51.117,209.81,0.109911108639,0.0,0
2018-05-27 17:41:51.210,211.54,0.109911108639,0.0,0
2018-05-27 17:41:51.303,209.65,0.109911108639,0.0,0
2018-05-27 17:41:51.387,210.13,0.109911108639,0.0,0
2018-05-27 17:41:51.480,211.18,0.109911108639,0.0,0
2018-05-27 17:41:51.573,209.58,0.109911108639,0.0,0
2018-05-27 17:41:51.666,211.7,0.109911108639,0.0,0
2018-05-27 17:41:51.760,210.02,0.109911108639,0.0,0
2018-05-27 17:41:51.854,210.64,0.109911108639,0.0,0
2018-05-27 17:41:52.201,211.35,0.109911108639,0.0,0
2018-05-27 17:41:52.294,210.78,0.109911108639,0.0,0
2018-05-27 17:41:52.387,212.41,0.109911108639,0.0,0
2018-05-27 17:41:52.471,212.59,0.109911108639,0.0,0
2018-05-27 17:41:52.564,211.28,0.109911108639,0.0,0
2018-05-27 17:41:52.824,212.1,0.109911108639,0.0,0
2018-05-27 17:41:52.920,213.04,0.109911108639,0.0,0
2018-05-27 17:41:53.079,212.17,0.109911108639,0.0,0
2018-05-27 17:41:53.173,212.25,0.109911108639,0.0,0
2018-05-27 17:41:53.266,213.88,0.109911108639,0.0,0
2018-05-27 17:41:53.452,213.72,0.109911108639,0.0,0
2018-05-27 17:41:53.545,212.75,0.109911108639,0.0,0
2018-05-27 17:41:53.638,213.34,0.109911108639,0.0,0
2018-05-27 17:41:53.914,213.97,0.109911108639,0.0,0
2018-05-27 17:41:54.079,215.08,0.109911108639,0.0,0
2018-05-27 17:41:54.163,216.07,0.109911108639,0.0,0
2018-05-27 17:41:54.256,214.7,0.109911108639,0.0,0
2018-05-27 17:41:54.610,215.96,0.109911108639,0.0,0
2018-05-27 17:41:54.703,218.71,0.109911108639,0.0,0
2018-05-27 17:41:54.796,218.05,0.109911108639,0.0,0
2018-05-27 17:41:54.890,217.71,0.109911108639,0.0,0
2018-05-27 17:41:55.051,217.86,0.109911108639,0.0,0
2018-05-27 17:41:55.144,218.9,0.109911108639,0.0,0
2018-05-27 17:41:55.237,218.12,0.109911108639,0.0,0
2018-05-27 17:41:55.330,218.93,0.109911108639,0.0,0
2018-05-27 17:41:55.424,220.05,0.109911108639,0.0,0
2018-05-27 17:41:55.517,219.83,0.109911108639,0.0,0
2018-05-27 17:41:55.787,220.52,0.109911108639,0.0,0
2018-05-27 17:41:55.880,221.26,0.109911108639,0.0,0
2018-05-27 17:41:56.042,223.03,0.109911108639,0.0,0
2018-05-27 17:41:56.228,221.05,0.109911108639,0.0,0
2018-05-27 17:41:56.321,221.71,0.109911108639,0.0,0
2018-05-27 17:41:56.405,222.39,0.109911108639,0.0,0
2018-05-27 17:41:56.591,222.85,0.109911108639,0.0,0
2018-05-27 17:41:56.768,222.6,0.109911108639,0.0,0
2018-05-27 17:41:56.861,224.27,0.109911108639,0.0,0
2018-05-27 17:41:57.023,224.07,0.109911108639,0.0,0
2018-05-27 17:41:57.116,225.7,0.109911108639,0.0,0
2018-05-27 17:41:57.302,225.94,0.109911108639,0.0,0
2018-05-27 17:41:57.479,226.56,0.109911108639,0.0,0
2018-05-27 17:41:57.656,224.5,0.109911108639,0.0,0
2018-05-27 17:41:57.749,225.54,0.109911108639,0.0,0
2018-05-27 17:41:57.842,227.1,0.109911108639,0.0,0
2018-05-27 17:41:57.931,225.55,0.109911108639,0.0,0
2018-05-27 17:41:58.088,225.86,0.109911108639,0.0,0
2018-05-27 17:41:58.266,226.51,0.109911108639,0.0,0
2018-05-27 17:41:58.349,228.08,0.109911108639,0.0,0
2018-05-27 17:41:58.442,227.43,0.109911108639,0.0,0
2018-05-27 17:41:58.535,228.33,0.109911108639,0.0,0
2018-05-27 17:41:58.628,228.69,0.109911108639,0.0,0
2018-05-27 17:41:58.721,228.27,0.109911108639,0.0,0
2018-05-27 17:41:58.814,228.24,0.109911108639,0.0,0
2018-05-27 17:41:58.907,228.28,0.109911108639,0.0,0
2018-05-27 17:41:59.255,229.06,0.109911108639,0.0,0
2018-05-27 17:41:59.339,230.89,0.109911108639,0.0,0
2018-05-27 17:41:59.516,230.45,0.109911108639,0.0,0
2018-05-27 17:41:59.702,230.03,0.109911108639,0.0,0
2018-05-27 17:41:59.795,230.34,0.109911108639,0.0,0
2018-05-27 17:41:59.889,230.71,0.109909204333,0.0,0
2018-05-27 17:42:00.134,232.15,0.109909204333,0.0,0
2018-05-27 17:42:00.227,232.02,0.109909204333,0.0,0
2018-05-27 17:42:00.320,232.02,0.109909204333,0.0,0
2018-05-27 17:42:00.590,232.26,0.109909204333,0.0,0
2018-05-27 17:42:00.684,232.32,0.109909204333,0.0,0
2018-05-27 17:42:01.478,232.9,0.109909204333,0.0,0
2018-05-27 17:42:01.572,233.57,0.109909204333,0.0,0
2018-05-27 17:42:01.665,232.1,0.109909204333,0.0,0
2018-05-27 17:42:01.758,231.45,0.109909204333,0.0,0
2018-05-27 17:42:01.851,230.5,0.109909204333,0.0,0
2018-05-27 17:42:02.013,228.95,0.109909204333,0.0,0
2018-05-27 17:42:02.106,228.12,0.109909204333,0.0,0
2018-05-27 17:42:02.199,226.74,0.109909204333,0.0,0
2018-05-27 17:42:02.385,224.96,0.109909204333,0.0,0
2018-05-27 17:42:02.469,224.57,0.109909204333,0.0,0
2018-05-27 17:42:02.562,222.9,0.109909204333,0.0,0
2018-05-27 17:42:02.748,222.21,0.109909204333,0.0,0
2018-05-27 17:42:03.078,218.51,0.109909204333,0.0,0
2018-05-27 17:42:03.171,218.03,0.109909204333,0.0,0
2018-05-27 17:42:03.795,213.12,0.109909204333,0.0,0
2018-05-27 17:42:04.050,212.83,0.109909204333,0.0,0
2018-05-27 17:42:04.329,208.62,0.109909204333,0.0,0
2018-05-27 17:42:04.422,209.58,0.109909204333,0.0,0
2018-05-27 17:42:04.506,209.03,0.109909204333,0.0,0
2018-05-27 17:42:04.692,208.39,0.109909204333,0.0,0
2018-05-27 17:42:05.040,204.69,0.109909204333,0.0,0
2018-05-27 17:42:05.226,204.04,0.109909204333,0.0,0
2018-05-27 17:42:05.320,203.35,0.109909204333,0.0,0
2018-05-27 17:42:05.403,201.63,0.109909204333,0.0,0
2018-05-27 17:42:05.590,200.55,0.109909204333,0.0,0
2018-05-27 17:42:05.683,198.43,0.109909204333,0.0,0
2018-05-27 17:42:06.031,197.79,0.109909204333,0.0,0
2018-05-27 17:42:06.124,198.29,0.109909204333,0.0,0
2018-05-27 17:42:06.217,198.33,0.109909204333,0.0,0
2018-05-27 17:42:06.310,196.81,0.109909204333,0.0,0
2018-05-27 17:42:06.394,198.06,0.109909204333,0.0,0
2018-05-27 17:42:06.487,197.28,0.109909204333,0.0,0
2018-05-27 17:42:06.580,196.06,0.109909204333,0.0,0
2018-05-27 17:42:06.673,196.53,0.109909204333,0.0,0
2018-05-27 17:42:06.766,196.36,0.109909204333,0.0,0
2018-05-27 17:42:06.859,194.32,0.109909204333,0.0,0
2018-05-27 17:42:07.021,194.7,0.109909204333,0.0,0
2018-05-27 17:42:07.114,194.9,0.109909204333,0.0,0
2018-05-27 17:42:07.207,194.92,0.109909204333,0.0,0
2018-05-27 17:42:07.295,193.75,0.109909204333,0.0,0
2018-05-27 17:42:07.390,194.72,0.109909204333,0.0,0
2018-05-27 17:42:07.478,195.54,0.109909204333,0.0,0
2018-05-27 17:42:07.664,194.3,0.109909204333,0.0,0
2018-05-27 17:42:07.757,194.94,0.109909204333,0.0,0
2018-05-27 17:42:08.012,195.64,0.109909204333,0.0,0
2018-05-27 17:42:08.096,196.86,0.109909204333,0.0,0
2018-05-27 17:42:08.189,196.6,0.109909204333,0.0,0
2018-05-27 17:42:08.282,196.91,0.109909204333,0.0,0
2018-05-27 17:42:08.459,196.39,0.109909204333,0.0,0
2018-05-27 17:42:08.543,197.97,0.109909204333,0.0,0
2018-05-27 17:42:08.636,198.58,0.109909204333,0.0,0
2018-05-27 17:42:08.729,199.9,0.109909204333,0.0,0
2018-05-27 17:42:08.813,200.43,0.109909204333,0.0,0
2018-05-27 17:42:08.906,199.94,0.109909204333,0.0,0
2018-05-27 17:42:09.067,200.2,0.109909204333,0.0,0
2018-05-27 17:42:09.161,201.88,0.109909204333,0.0,0
2018-05-27 17:42:09.254,201.11,0.109909204333,0.0,0
2018-05-27 17:42:09.338,202.7,0.109909204333,0.0,0
2018-05-27 17:42:09.431,201.41,0.109909204333,0.0,0
2018-05-27 17:42:09.515,202.69,0.109909204333,0.0,0
2018-05-27 17:42:09.607,203.5,0.109909204333,0.0,0
2018-05-27 17:42:09.701,203.75,0.109909204333,0.0,0
2018-05-27 17:42:10.049,204.6,0.109909204333,0.0,0
2018-05-27 17:42:10.142,206.0,0.109909204333,0.0,0
2018-05-27 17:42:10.328,206.92,0.109909204333,0.0,0
2018-05-27 17:42:10.421,206.25,0.109909204333,0.0,0
2018-05-27 17:42:10.514,206.63,0.109909204333,0.0,0
2018-05-27 17:42:10.794,207.02,0.109909204333,0.0,0
2018-05-27 17:42:11.048,206.23,0.109909204333,0.0,0
2018-05-27 17:42:11.142,204.95,0.109909204333,0.0,0
2018-05-27 17:42:11.235,204.79,0.109909204333,0.0,0
2018-05-27 17:42:11.328,204.3,0.109909204333,0.0,0
2018-05-27 17:42:11.607,203.44,0.109909204333,0.0,0
2018-05-27 17:42:11.701,204.2,0.109909204333,0.0,0
2018-05-27 17:42:11.793,203.7,0.109909204333,0.0,0
2018-05-27 17:42:12.048,205.56,0.109909204333,0.0,0
2018-05-27 17:42:12.328,204.86,0.109909204333,0.0,0
2018-05-27 17:42:12.421,206.35,0.109909204333,0.0,0
2018-05-27 17:42:12.691,205.29,0.109909204333,0.0,0
2018-05-27 17:42:12.775,205.13,0.109909204333,0.0,0
2018-05-27 17:42:12.868,206.5,0.109909204333,0.0,0
2018-05-27 17:42:13.030,204.19,0.109909204333,0.0,0
2018-05-27 17:42:13.123,206.3,0.109909204333,0.0,0
2018-05-27 17:42:13.216,205.22,0.109909204333,0.0,0
2018-05-27 17:42:13.486,204.75,0.109909204333,0.0,0
2018-05-27 17:42:13.579,205.83,0.109909204333,0.0,0
2018-05-27 17:42:13.663,206.22,0.109909204333,0.0,0
2018-05-27 17:42:13.849,205.79,0.109909204333,0.0,0
2018-05-27 17:42:14.197,207.59,0.109909204333,0.0,0
2018-05-27 17:42:14.290,205.96,0.109909204333,0.0,0
2018-05-27 17:42:14.383,207.34,0.109909204333,0.0,0
2018-05-27 17:42:14.560,206.71,0.109909204333,0.0,0
2018-05-27 17:42:14.653,207.82,0.109909204333,0.0,0
2018-05-27 17:42:14.746,207.17,0.109909204333,0.0,0
2018-05-27 17:42:14.928,207.91,0.113267629403,0.0,0
2018-05-27 17:42:15.085,206.67,0.113267629403,0.0,0
2018-05-27 17:42:15.169,206.43,0.113267629403,0.0,0
2018-05-27 17:42:15.346,208.15,0.113267629403,0.0,0
2018-05-27 17:42:15.439,207.21,0.113267629403,0.0,0
2018-05-27 17:42:15.532,208.79,0.113267629403,0.0,0
2018-05-27 17:42:15.625,208.45,0.113267629403,0.0,0
2018-05-27 17:42:15.718,209.8,0.113267629403,0.0,0
2018-05-27 17:42:15.812,209.41,0.113267629403,0.0,0
2018-05-27 17:42:16.169,210.41,0.113267629403,0.0,0
2018-05-27 17:42:16.439,212.77,0.113267629403,0.0,0
2018-05-27 17:42:16.532,211.91,0.113267629403,0.0,0
2018-05-27 17:42:16.811,213.77,0.113267629403,0.0,0
2018-05-27 17:42:17.066,214.85,0.113267629403,0.0,0
2018-05-27 17:42:17.439,217.82,0.113267629403,0.0,0
2018-05-27 17:42:17.718,217.66,0.113267629403,0.0,0
2018-05-27 17:42:17.904,217.91,0.113267629403,0.0,0
2018-05-27 17:42:18.159,219.49,0.113267629403,0.0,0
2018-05-27 17:42:18.252,219.01,0.113267629403,0.0,0
2018-05-27 17:42:18.346,218.85,0.113267629403,0.0,0
2018-05-27 17:42:18.429,219.5,0.113267629403,0.0,0
2018-05-27 17:42:18.606,220.87,0.113267629403,0.0,0
2018-05-27 17:42:18.700,220.11,0.113267629403,0.0,0
2018-05-27 17:42:18.783,221.35,0.113267629403,0.0,0
2018-05-27 17:42:19.038,221.98,0.113267629403,0.0,0
2018-05-27 17:42:19.224,223.71,0.113267629403,0.0,0
2018-05-27 17:42:19.411,222.71,0.113267629403,0.0,0
2018-05-27 17:42:19.494,224.69,0.113267629403,0.0,0
2018-05-27 17:42:19.588,224.46,0.113267629403,0.0,0
2018-05-27 17:42:19.681,224.09,0.113267629403,0.0,0
2018-05-27 17:42:19.765,226.19,0.113267629403,0.0,0
2018-05-27 17:42:20.020,224.97,0.113267629403,0.0,0
2018-05-27 17:42:20.206,224.61,0.113267629403,0.0,0
2018-05-27 17:42:20.299,225.8,0.113267629403,0.0,0
2018-05-27 17:42:20.392,226.18,0.113267629403,0.0,0
2018-05-27 17:42:20.569,225.44,0.113267629403,0.0,0
2018-05-27 17:42:21.103,228.56,0.113267629403,0.0,0
2018-05-27 17:42:21.196,229.86,0.113267629403,0.0,0
2018-05-27 17:42:21.290,229.54,0.113267629403,0.0,0
2018-05-27 17:42:22.345,230.73,0.113267629403,0.0,0
2018-05-27 17:42:22.625,229.9,0.113267629403,0.0,0
2018-05-27 17:42:22.904,226.34,0.113267629403,0.0,0
2018-05-27 17:42:23.066,226.25,0.113267629403,0.0,0
2018-05-27 17:42:23.159,225.56,0.113267629403,0.0,0
2018-05-27 17:42:23.336,221.98,0.113267629403,0.0,0
2018-05-27 17:42:23.513,220.56,0.113267629403,0.0,0
2018-05-27 17:42:23.792,217.66,0.113267629403,0.0,0
2018-05-27 17:42:23.885,216.63,0.113267629403,0.0,0
2018-05-27 17:42:24.234,214.22,0.113267629403,0.0,0
2018-05-27 17:42:24.317,213.31,0.113267629403,0.0,0
2018-05-27 17:42:24.494,212.31,0.113267629403,0.0,0
2018-05-27 17:42:24.587,212.66,0.113267629403,0.0,0
2018-05-27 17:42:24.681,210.95,0.113267629403,0.0,0
2018-05-27 17:42:25.289,207.74,0.113267629403,0.0,0
2018-05-27 17:42:25.383,207.64,0.113267629403,0.0,0
2018-05-27 17:42:25.569,207.39,0.113267629403,0.0,0
2018-05-27 17:42:25.839,207.95,0.113267629403,0.0,0
2018-05-27 17:42:25.927,207.62,0.113267629403,0.0,0
2018-05-27 17:42:26.085,204.97,0.113267629403,0.0,0
2018-05-27 17:42:26.531,207.07,0.113267629403,0.0,0
2018-05-27 17:42:26.710,205.55,0.113267629403,0.0,0
2018-05-27 17:42:26.792,205.42,0.113267629403,0.0,0
2018-05-27 17:42:26.885,205.86,0.113267629403,0.0,0
2018-05-27 17:42:27.047,204.52,0.113267629403,0.0,0
2018-05-27 17:42:27.140,204.44,0.113267629403,0.0,0
2018-05-27 17:42:27.420,204.8,0.113267629403,0.0,0
2018-05-27 17:42:27.680,203.01,0.113267629403,0.0,0
2018-05-27 17:42:27.867,204.84,0.113267629403,0.0,0
2018-05-27 17:42:28.393,205.24,0.113267629403,0.0,0
2018-05-27 17:42:28.485,204.74,0.113267629403,0.0,0
2018-05-27 17:42:28.764,204.92,0.113267629403,0.0,0
2018-05-27 17:42:28.857,206.57,0.113267629403,0.0,0
2018-05-27 17:42:29.112,207.63,0.113267629403,0.0,0
2018-05-27 17:42:29.205,206.44,0.113267629403,0.0,0
2018-05-27 17:42:29.299,206.94,0.113267629403,0.0,0
2018-05-27 17:42:30.373,210.92,0.113267629403,0.0,0
2018-05-27 17:42:30.461,210.54,0.113267629403,0.0,0
2018-05-27 17:42:30.550,213.11,0.113267629403,0.0,0
2018-05-27 17:42:31.075,213.48,0.113267629403,0.0,0
2018-05-27 17:42:31.438,215.98,0.113267629403,0.0,0
2018-05-27 17:42:31.624,217.51,0.113267629403,0.0,0
2018-05-27 17:42:31.904,217.34,0.113267629403,0.0,0
2018-05-27 17:42:32.159,215.39,0.113267629403,0.0,0
2018-05-27 17:42:32.345,215.33,0.113267629403,0.0,0
2018-05-27 17:42:32.429,215.76,0.113267629403,0.0,0
2018-05-27 17:42:32.699,211.71,0.113267629403,0.0,0
2018-05-27 17:42:33.140,208.31,0.113267629403,0.0,0
2018-05-27 17:42:33.410,210.04,0.113267629403,0.0,0
2018-05-27 17:42:33.587,208.61,0.113267629403,0.0,0
2018-05-27 17:42:33.680,209.21,0.113267629403,0.0,0
2018-05-27 17:42:33.867,208.05,0.113267629403,0.0,0
2018-05-27 17:42:34.122,208.05,0.113267629403,0.0,0
2018-05-27 17:42:34.205,206.86,0.113267629403,0.0,0
2018-05-27 17:42:34.476,207.2,0.113267629403,0.0,0
2018-05-27 17:42:34.662,204.31,0.113267629403,0.0,0
2018-05-27 17:42:34.755,205.01,0.113267629403,0.0,0
2018-05-27 17:42:34.848,202.33,0.113267629403,0.0,0
2018-05-27 17:42:35.010,202.93,0.113267629403,0.0,0
2018-05-27 17:42:35.094,202.07,0.113267629403,0.0,0
2018-05-27 17:42:35.187,201.01,0.113267629403,0.0,0
2018-05-27 17:42:35.280,199.18,0.113321512456,0.0,0
2018-05-27 17:42:35.457,196.34,0.113321512456,0.0,0
2018-05-27 17:42:35.541,196.87,0.113321512456,0.0,0
2018-05-27 17:42:35.717,194.98,0.113321512456,0.0,0
2018-05-27 17:42:35.811,193.49,0.113321512456,0.0,0
2018-05-27 17:42:35.904,193.61,0.113321512456,0.0,0
2018-05-27 17:42:36.159,192.26,0.113321512456,0.0,0
2018-05-27 17:42:36.244,193.87,0.113321512456,0.0,0
2018-05-27 17:42:36.419,194.15,0.113321512456,0.0,0
2018-05-27 17:42:36.513,195.19,0.113321512456,0.0,0
2018-05-27 17:42:36.596,195.16,0.113321512456,0.0,0
2018-05-27 17:42:36.876,196.12,0.113321512456,0.0,0
2018-05-27 17:42:37.038,197.34,0.113321512456,0.0,0
2018-05-27 17:42:37.121,197.07,0.113321512456,0.0,0
2018-05-27 17:42:37.215,198.53,0.113321512456,0.0,0
2018-05-27 17:42:37.485,198.44,0.113321512456,0.0,0
2018-05-27 17:42:37.661,199.95,0.113321512456,0.0,0
2018-05-27 17:42:37.848,201.03,0.113321512456,0.0,0
2018-05-27 17:42:38.196,202.51,0.113321512456,0.0,0
2018-05-27 17:42:38.289,202.85,0.113321512456,0.0,0
2018-05-27 17:42:38.466,205.38,0.113321512456,0.0,0
2018-05-27 17:42:38.554,205.54,0.113321512456,0.0,0
2018-05-27 17:42:38.727,205.38,0.113321512456,0.0,0
2018-05-27 17:42:38.820,206.72,0.113321512456,0.0,0
2018-05-27 17:42:38.913,206.08,0.113321512456,0.0,0
2018-05-27 17:42:39.075,207.15,0.113321512456,0.0,0
2018-05-27 17:42:39.168,207.04,0.113321512456,0.0,0
2018-05-27 17:42:39.354,207.83,0.113321512456,0.0,0
2018-05-27 17:42:39.438,207.62,0.113321512456,0.0,0
2018-05-27 17:42:39.531,209.44,0.113321512456,0.0,0
2018-05-27 17:42:39.624,209.34,0.113321512456,0.0,0
2018-05-27 17:42:39.717,211.0,0.113321512456,0.0,0
2018-05-27 17:42:39.810,210.02,0.113321512456,0.0,0
2018-05-27 17:42:39.903,211.97,0.113321512456,0.0,0
2018-05-27 17:42:40.065,211.78,0.113321512456,0.0,0
2018-05-27 17:42:40.158,211.45,0.113321512456,0.0,0
2018-05-27 17:42:40.252,212.11,0.113321512456,0.0,0
2018-05-27 17:42:40.336,212.91,0.113321512456,0.0,0
2018-05-27 17:42:40.522,213.38,0.113321512456,0.0,0
2018-05-27 17:42:40.606,213.82,0.113321512456,0.0,0
2018-05-27 17:42:40.699,215.19,0.113321512456,0.0,0
2018-05-27 17:42:40.792,214.54,0.113321512456,0.0,0
2018-05-27 17:42:41.689,218.92,0.113321512456,0.0,0
2018-05-27 17:42:41.782,218.35,0.113321512456,0.0,0
2018-05-27 17:42:41.875,217.62,0.113321512456,0.0,0
2018-05-27 17:42:42.037,217.76,0.113321512456,0.0,0
2018-05-27 17:42:42.400,217.53,0.113321512456,0.0,0
2018-05-27 17:42:42.587,221.05,0.113321512456,0.0,0
2018-05-27 17:42:42.680,221.05,0.113321512456,0.0,0
2018-05-27 17:42:42.773,219.2,0.113321512456,0.0,0
2018-05-27 17:42:43.214,221.24,0.113321512456,0.0,0
2018-05-27 17:42:43.308,221.41,0.113321512456,0.0,0
2018-05-27 17:42:43.391,222.61,0.113321512456,0.0,0
2018-05-27 17:42:43.577,222.12,0.113321512456,0.0,0
2018-05-27 17:42:43.671,222.76,0.113321512456,0.0,0
2018-05-27 17:42:43.857,224.64,0.113321512456,0.0,0
2018-05-27 17:42:44.019,223.72,0.113321512456,0.0,0
2018-05-27 17:42:44.112,223.36,0.113321512456,0.0,0
2018-05-27 17:42:44.298,224.29,0.113321512456,0.0,0
2018-05-27 17:42:44.382,224.54,0.113321512456,0.0,0
2018-05-27 17:42:44.475,224.81,0.113321512456,0.0,0
2018-05-27 17:42:44.661,225.55,0.113321512456,0.0,0
2018-05-27 17:42:45.009,225.78,0.113321512456,0.0,0
2018-05-27 17:42:45.289,224.96,0.113321512456,0.0,0
2018-05-27 17:42:45.829,221.21,0.113321512456,0.0,0
2018-05-27 17:42:46.075,218.71,0.113321512456,0.0,0
2018-05-27 17:42:46.168,217.92,0.113321512456,0.0,0
2018-05-27 17:42:46.261,218.08,0.113321512456,0.0,0
2018-05-27 17:42:46.531,214.3,0.113321512456,0.0,0
2018-05-27 17:42:46.717,211.84,0.113321512456,0.0,0
2018-05-27 17:42:46.810,211.73,0.113321512456,0.0,0
2018-05-27 17:42:47.065,208.97,0.113321512456,0.0,0
2018-05-27 17:42:47.419,206.13,0.113321512456,0.0,0
2018-05-27 17:42:47.596,205.42,0.113321512456,0.0,0
2018-05-27 17:42:47.782,202.43,0.113321512456,0.0,0
2018-05-27 17:42:48.307,202.78,0.113321512456,0.0,0
2018-05-27 17:42:48.400,200.95,0.113321512456,0.0,0
2018-05-27 17:42:48.670,202.95,0.113321512456,0.0,0
2018-05-27 17:42:48.764,200.97,0.113321512456,0.0,0
2018-05-27 17:42:49.009,199.9,0.113321512456,0.0,0
2018-05-27 17:42:49.102,201.56,0.113321512456,0.0,0
2018-05-27 17:42:49.195,199.62,0.113321512456,0.0,0
2018-05-27 17:42:49.382,201.87,0.113321512456,0.0,0
2018-05-27 17:42:49.466,202.45,0.113321512456,0.0,0
2018-05-27 17:42:49.559,200.7,0.113321512456,0.0,0
2018-05-27 17:42:49.652,201.03,0.113321512456,0.0,0
2018-05-27 17:42:49.740,200.94,0.113321512456,0.0,0
2018-05-27 17:42:49.829,202.7,0.113321512456,0.0,0
2018-05-27 17:42:50.074,201.96,0.113321512456,0.0,0
2018-05-27 17:42:50.168,201.04,0.113321512456,0.0,0
2018-05-27 17:42:50.261,203.59,0.113321512456,0.0,0
2018-05-27 17:42:50.344,203.2,0.113321512456,0.0,0
2018-05-27 17:42:50.437,202.36,0.113321512456,0.0,0
2018-05-27 17:42:50.531,202.37,0.113321512456,0.0,0
2018-05-27 17:42:50.624,204.02,0.113321512456,0.0,0
2018-05-27 17:42:50.717,203.28,0.113321512456,0.0,0
2018-05-27 17:42:50.810,204.62,0.113321512456,0.0,0
2018-05-27 17:42:50.903,203.52,0.113321512456,0.0,0
2018-05-27 17:42:51.066,203.62,0.113321512456,0.0,0
2018-05-27 17:42:51.149,202.74,0.113321512456,0.0,0
2018-05-27 17:42:51.242,205.1,0.113476447462,0.0,0
2018-05-27 17:42:51.326,205.56,0.113476447462,0.0,0
2018-05-27 17:42:51.419,204.72,0.113476447462,0.0,0
2018-05-27 17:42:51.596,206.86,0.113476447462,0.0,0
2018-05-27 17:42:51.689,205.8,0.113476447462,0.0,0
2018-05-27 17:42:51.782,206.05,0.113476447462,0.0,0
2018-05-27 17:42:51.875,206.55,0.113476447462,0.0,0
2018-05-27 17:42:52.028,206.53,0.113476447462,0.0,0
2018-05-27 17:42:52.214,208.22,0.113476447462,0.0,0
2018-05-27 17:42:52.577,210.24,0.113476447462,0.0,0
2018-05-27 17:42:52.764,211.89,0.113476447462,0.0,0
2018-05-27 17:42:52.847,211.76,0.113476447462,0.0,0
2018-05-27 17:42:53.102,211.76,0.113476447462,0.0,0
2018-05-27 17:42:53.465,207.37,0.113476447462,0.0,0
2018-05-27 17:42:53.558,207.02,0.113476447462,0.0,0
2018-05-27 17:42:53.828,206.16,0.113476447462,0.0,0
2018-05-27 17:42:53.912,205.52,0.113476447462,0.0,0
2018-05-27 17:42:54.260,202.29,0.113476447462,0.0,0
2018-05-27 17:42:54.353,202.08,0.113476447462,0.0,0
2018-05-27 17:42:54.707,202.1,0.113476447462,0.0,0
2018-05-27 17:42:54.800,201.04,0.113476447462,0.0,0
2018-05-27 17:42:54.884,201.51,0.113476447462,0.0,0
2018-05-27 17:42:55.139,201.85,0.113476447462,0.0,0
2018-05-27 17:42:55.232,201.67,0.113476447462,0.0,0
2018-05-27 17:42:55.325,203.25,0.113476447462,0.0,0
2018-05-27 17:42:55.502,202.37,0.113476447462,0.0,0
2018-05-27 17:42:55.595,202.74,0.113476447462,0.0,0
2018-05-27 17:42:55.688,204.5,0.113476447462,0.0,0
2018-05-27 17:42:55.781,203.07,0.113476447462,0.0,0
2018-05-27 17:42:56.036,203.21,0.113476447462,0.0,0
2018-05-27 17:42:56.130,202.75,0.113476447462,0.0,0
2018-05-27 17:42:56.223,205.04,0.113476447462,0.0,0
2018-05-27 17:42:56.493,204.74,0.113476447462,0.0,0
2018-05-27 17:42:56.679,203.91,0.113476447462,0.0,0
2018-05-27 17:42:56.772,205.88,0.113476447462,0.0,0
2018-05-27 17:42:57.027,206.41,0.113476447462,0.0,0
2018-05-27 17:42:57.214,205.96,0.113476447462,0.0,0
2018-05-27 17:42:57.390,205.63,0.113476447462,0.0,0
2018-05-27 17:42:57.483,206.37,0.113476447462,0.0,0
2018-05-27 17:42:57.576,206.4,0.113476447462,0.0,0
2018-05-27 17:42:57.669,206.09,0.113476447462,0.0,0
2018-05-27 17:42:57.846,207.45,0.113476447462,0.0,0
2018-05-27 17:42:58.008,207.03,0.113476447462,0.0,0
2018-05-27 17:42:58.101,208.47,0.113476447462,0.0,0
2018-05-27 17:42:58.288,208.92,0.113476447462,0.0,0
2018-05-27 17:42:58.372,208.86,0.113476447462,0.0,0
2018-05-27 17:42:58.464,209.99,0.113476447462,0.0,0
2018-05-27 17:42:58.558,210.15,0.113476447462,0.0,0
2018-05-27 17:42:58.651,210.85,0.113476447462,0.0,0
2018-05-27 17:42:58.744,210.69,0.113476447462,0.0,0
2018-05-27 17:42:58.837,212.68,0.113476447462,0.0,0
2018-05-27 17:42:59.083,211.61,0.113476447462,0.0,0
2018-05-27 17:42:59.166,213.17,0.113476447462,0.0,0
2018-05-27 17:42:59.259,212.94,0.113476447462,0.0,0
2018-05-27 17:42:59.343,213.46,0.113476447462,0.0,0
2018-05-27 17:42:59.623,214.83,0.113476447462,0.0,0
2018-05-27 17:42:59.809,216.31,0.113476447462,0.0,0
2018-05-27 17:42:59.902,216.45,0.113476447462,0.0,0
2018-05-27 17:43:00.064,217.69,0.113476447462,0.0,0
2018-05-27 17:43:00.250,217.05,0.113476447462,0.0,0
2018-05-27 17:43:00.343,217.37,0.113476447462,0.0,0
2018-05-27 17:43:00.427,217.64,0.113476447462,0.0,0
2018-05-27 17:43:00.511,218.72,0.113476447462,0.0,0
2018-05-27 17:43:00.697,219.66,0.113476447462,0.0,0
2018-05-27 17:43:00.762,219.45,0.113476447462,0.0,0
2018-05-27 17:43:00.874,220.93,0.113476447462,0.0,0
2018-05-27 17:43:01.129,221.22,0.113476447462,0.0,0
2018-05-27 17:43:01.222,221.32,0.113476447462,0.0,0
2018-05-27 17:43:01.315,221.24,0.113476447462,0.0,0
2018-05-27 17:43:01.399,221.3,0.113476447462,0.0,0
2018-05-27 17:43:01.492,221.56,0.113476447462,0.0,0
2018-05-27 17:43:01.586,223.98,0.113476447462,0.0,0
2018-05-27 17:43:01.678,224.5,0.113476447462,0.0,0
2018-05-27 17:43:02.576,226.31,0.113476447462,0.0,0
2018-05-27 17:43:02.669,226.5,0.113476447462,0.0,0
2018-05-27 17:43:02.855,225.17,0.113476447462,0.0,0
2018-05-27 17:43:03.017,224.91,0.113476447462,0.0,0
2018-05-27 17:43:03.110,225.4,0.113476447462,0.0,0
2018-05-27 17:43:03.389,226.34,0.113476447462,0.0,0
2018-05-27 17:43:04.101,224.95,0.113476447462,0.0,0
2018-05-27 17:43:04.194,225.04,0.113476447462,0.0,0
2018-05-27 17:43:04.464,225.12,0.113476447462,0.0,0
2018-05-27 17:43:04.557,224.64,0.113476447462,0.0,0
2018-05-27 17:43:04.925,225.87,0.113476447462,0.0,0
2018-05-27 17:43:05.259,226.71,0.113476447462,0.0,0
2018-05-27 17:43:05.529,228.13,0.113476447462,0.0,0
2018-05-27 17:43:05.622,227.59,0.113476447462,0.0,0
2018-05-27 17:43:06.138,227.74,0.113476447462,0.0,0
2018-05-27 17:43:06.678,230.02,0.113476447462,0.0,0
2018-05-27 17:43:06.771,230.91,0.113476447462,0.0,0
2018-05-27 17:43:06.864,230.92,0.113476447462,0.0,0
2018-05-27 17:43:07.212,231.57,0.113476447462,0.0,0
2018-05-27 17:43:07.398,228.26,0.113476447462,0.0,0
2018-05-27 17:43:07.575,224.89,0.113476447462,0.0,0
2018-05-27 17:43:07.668,223.97,0.113476447462,0.0,0
2018-05-27 17:43:07.854,219.62,0.113476447462,0.0,0
2018-05-27 17:43:08.110,218.87,0.113476447462,0.0,0
2018-05-27 17:43:08.193,217.46,0.113476447462,0.0,0
2018-05-27 17:43:08.286,217.29,0.113476447462,0.0,0
2018-05-27 17:43:08.463,214.31,0.113476447462,0.0,0
2018-05-27 17:43:08.641,210.93,0.113943942806,0.0,0
2018-05-27 17:43:08.733,211.77,0.113943942806,0.0,0
2018-05-27 17:43:08.901,208.87,0.113943942806,0.0,0
2018-05-27 17:43:09.342,206.99,0.113943942806,0.0,0
2018-05-27 17:43:09.621,205.52,0.113943942806,0.0,0
2018-05-27 17:43:09.715,206.8,0.113943942806,0.0,0
2018-05-27 17:43:09.808,205.69,0.113943942806,0.0,0
2018-05-27 17:43:10.156,205.45,0.113943942806,0.0,0
2018-05-27 17:43:10.427,204.31,0.113943942806,0.0,0
2018-05-27 17:43:10.510,203.03,0.113943942806,0.0,0
2018-05-27 17:43:10.882,204.68,0.113943942806,0.0,0
2018-05-27 17:43:11.324,206.34,0.113943942806,0.0,0
2018-05-27 17:43:11.500,205.86,0.113943942806,0.0,0
2018-05-27 17:43:11.593,206.89,0.113943942806,0.0,0
2018-05-27 17:43:11.780,207.64,0.113943942806,0.0,0
2018-05-27 17:43:12.221,207.02,0.113943942806,0.0,0
2018-05-27 17:43:12.314,207.33,0.113943942806,0.0,0
2018-05-27 17:43:12.398,207.53,0.113943942806,0.0,0
2018-05-27 17:43:12.584,208.52,0.113943942806,0.0,0
2018-05-27 17:43:12.770,209.01,0.113943942806,0.0,0
2018-05-27 17:43:12.863,210.11,0.113943942806,0.0,0
2018-05-27 17:43:13.025,209.53,0.113943942806,0.0,0
2018-05-27 17:43:13.388,213.11,0.113943942806,0.0,0
2018-05-27 17:43:13.481,212.58,0.113943942806,0.0,0
2018-05-27 17:43:13.668,214.68,0.113943942806,0.0,0
2018-05-27 17:43:14.658,214.44,0.113943942806,0.0,0
2018-05-27 17:43:15.006,211.79,0.113943942806,0.0,0
2018-05-27 17:43:15.286,209.67,0.113943942806,0.0,0
2018-05-27 17:43:15.369,209.2,0.113943942806,0.0,0
2018-05-27 17:43:15.462,209.95,0.113943942806,0.0,0
2018-05-27 17:43:15.556,207.94,0.113943942806,0.0,0
2018-05-27 17:43:15.649,208.34,0.113943942806,0.0,0
2018-05-27 17:43:15.928,206.22,0.113943942806,0.0,0
2018-05-27 17:43:16.164,206.44,0.113943942806,0.0,0
2018-05-27 17:43:16.258,207.02,0.113943942806,0.0,0
2018-05-27 17:43:17.146,204.7,0.113943942806,0.0,0
2018-05-27 17:43:17.416,201.53,0.113943942806,0.0,0
2018-05-27 17:43:17.500,201.04,0.113943942806,0.0,0
2018-05-27 17:43:17.593,203.55,0.113943942806,0.0,0
2018-05-27 17:43:17.686,201.85,0.113943942806,0.0,0
2018-05-27 17:43:17.779,202.43,0.113943942806,0.0,0
2018-05-27 17:43:17.863,202.36,0.113943942806,0.0,0
2018-05-27 17:43:18.025,204.44,0.113943942806,0.0,0
2018-05-27 17:43:18.118,203.3,0.113943942806,0.0,0
2018-05-27 17:43:18.211,204.06,0.113943942806,0.0,0
2018-05-27 17:43:18.304,203.89,0.113943942806,0.0,0
2018-05-27 17:43:18.388,204.32,0.113943942806,0.0,0
2018-05-27 17:43:18.481,204.04,0.113943942806,0.0,0
2018-05-27 17:43:18.574,205.8,0.113943942806,0.0,0
2018-05-27 17:43:18.667,203.88,0.113943942806,0.0,0
2018-05-27 17:43:18.751,204.59,0.113943942806,0.0,0
2018-05-27 17:43:18.844,205.31,0.113943942806,0.0,0
2018-05-27 17:43:19.099,205.42,0.113943942806,0.0,0
2018-05-27 17:43:19.192,205.59,0.113943942806,0.0,0
2018-05-27 17:43:19.285,206.14,0.113943942806,0.0,0
2018-05-27 17:43:19.378,208.11,0.113943942806,0.0,0
2018-05-27 17:43:19.555,207.16,0.113943942806,0.0,0
2018-05-27 17:43:19.648,209.39,0.113943942806,0.0,0
2018-05-27 17:43:19.741,208.62,0.113943942806,0.0,0
2018-05-27 17:43:19.835,210.26,0.113943942806,0.0,0
2018-05-27 17:43:20.080,210.04,0.113943942806,0.0,0
2018-05-27 17:43:20.537,213.34,0.113943942806,0.0,0
2018-05-27 17:43:21.164,215.02,0.113943942806,0.0,0
2018-05-27 17:43:21.257,215.07,0.113943942806,0.0,0
2018-05-27 17:43:21.343,215.6,0.113943942806,0.0,0
2018-05-27 17:43:21.434,216.16,0.113943942806,0.0,0
2018-05-27 17:43:21.518,216.11,0.113943942806,0.0,0
2018-05-27 17:43:21.611,217.38,0.113943942806,0.0,0
2018-05-27 17:43:21.704,217.68,0.113943942806,0.0,0
2018-05-27 17:43:21.798,216.76,0.113943942806,0.0,0
2018-05-27 17:43:21.881,219.05,0.113943942806,0.0,0
2018-05-27 17:43:22.043,217.28,0.113943942806,0.0,0
2018-05-27 17:43:22.220,218.2,0.113943942806,0.0,0
2018-05-27 17:43:22.304,219.32,0.113943942806,0.0,0
2018-05-27 17:43:22.406,220.78,0.113943942806,0.0,0
2018-05-27 17:43:22.499,219.37,0.113943942806,0.0,0
2018-05-27 17:43:22.685,220.57,0.113943942806,0.0,0
2018-05-27 17:43:22.778,222.03,0.113943942806,0.0,0
2018-05-27 17:43:22.872,221.9,0.113943942806,0.0,0
2018-05-27 17:43:23.127,221.64,0.113943942806,0.0,0
2018-05-27 17:43:23.313,223.93,0.113943942806,0.0,0
2018-05-27 17:43:23.397,222.63,0.113943942806,0.0,0
2018-05-27 17:43:23.490,223.94,0.113943942806,0.0,0
2018-05-27 17:43:23.583,224.87,0.113943942806,0.0,0
2018-05-27 17:43:23.676,225.42,0.113943942806,0.0,0
2018-05-27 17:43:23.862,224.48,0.113943942806,0.0,0
2018-05-27 17:43:24.024,225.22,0.113943942806,0.0,0
2018-05-27 17:43:24.117,225.55,0.113943942806,0.0,0
2018-05-27 17:43:24.303,226.71,0.113943942806,0.0,0
2018-05-27 17:43:24.480,225.52,0.113943942806,0.0,0
2018-05-27 17:43:24.573,226.67,0.113943942806,0.0,0
2018-05-27 17:43:24.760,228.04,0.113943942806,0.0,0
2018-05-27 17:43:24.853,228.67,0.113943942806,0.0,0
2018-05-27 17:43:25.014,227.94,0.113943942806,0.0,0
2018-05-27 17:43:25.284,229.64,0.113943942806,0.0,0
2018-05-27 17:43:25.377,230.13,0.113943942806,0.0,0
2018-05-27 17:43:25.461,228.39,0.113943942806,0.0,0
2018-05-27 17:43:25.834,229.33,0.113943942806,0.0,0
2018-05-27 17:43:25.922,231.4,0.113943942806,0.0,0
2018-05-27 17:43:26.256,230.4,0.113943942806,0.0,0
2018-05-27 17:43:26.349,230.83,0.114159846561,0.0,0
2018-05-27 17:43:26.433,231.26,0.114159846561,0.0,0
2018-05-27 17:43:26.619,230.86,0.114159846561,0.0,0
2018-05-27 17:43:26.806,231.18,0.114159846561,0.0,0
2018-05-27 17:43:26.889,230.83,0.114159846561,0.0,0
2018-05-27 17:43:27.042,230.16,0.114159846561,0.0,0
2018-05-27 17:43:27.135,229.67,0.114159846561,0.0,0
2018-05-27 17:43:27.228,228.04,0.114159846561,0.0,0
2018-05-27 17:43:27.591,224.0,0.114159846561,0.0,0
2018-05-27 17:43:27.684,222.92,0.114159846561,0.0,0
2018-05-27 17:43:27.871,222.7,0.114159846561,0.0,0
2018-05-27 17:43:28.126,218.73,0.114159846561,0.0,0
2018-05-27 17:43:28.219,218.3,0.114159846561,0.0,0
2018-05-27 17:43:28.405,216.84,0.114159846561,0.0,0
2018-05-27 17:43:28.489,217.03,0.114159846561,0.0,0
2018-05-27 17:43:28.582,214.06,0.114159846561,0.0,0
2018-05-27 17:43:29.116,209.52,0.114159846561,0.0,0
2018-05-27 17:43:29.479,207.72,0.114159846561,0.0,0
2018-05-27 17:43:29.665,205.86,0.114159846561,0.0,0
2018-05-27 17:43:30.013,204.35,0.114159846561,0.0,0
2018-05-27 17:43:30.107,205.43,0.114159846561,0.0,0
2018-05-27 17:43:30.200,203.12,0.114159846561,0.0,0
2018-05-27 17:43:30.470,203.78,0.114159846561,0.0,0
2018-05-27 17:43:30.749,202.61,0.114159846561,0.0,0
2018-05-27 17:43:30.842,200.98,0.114159846561,0.0,0
2018-05-27 17:43:31.097,201.21,0.114159846561,0.0,0
2018-05-27 17:43:31.190,202.05,0.114159846561,0.0,0
2018-05-27 17:43:31.283,204.19,0.114159846561,0.0,0
2018-05-27 17:43:31.554,204.69,0.114159846561,0.0,0
2018-05-27 17:43:31.637,203.29,0.114159846561,0.0,0
2018-05-27 17:43:31.721,203.1,0.114159846561,0.0,0
2018-05-27 17:43:31.814,204.91,0.114159846561,0.0,0
2018-05-27 17:43:31.907,203.1,0.114159846561,0.0,0
2018-05-27 17:43:32.069,204.76,0.114159846561,0.0,0
2018-05-27 17:43:32.255,203.67,0.114159846561,0.0,0
2018-05-27 17:43:32.340,203.94,0.114159846561,0.0,0
2018-05-27 17:43:32.525,204.57,0.114159846561,0.0,0
2018-05-27 17:43:32.618,206.06,0.114159846561,0.0,0
2018-05-27 17:43:32.712,204.76,0.114159846561,0.0,0
2018-05-27 17:43:32.795,204.94,0.114159846561,0.0,0
2018-05-27 17:43:32.879,205.07,0.114159846561,0.0,0
2018-05-27 17:43:33.042,206.53,0.114159846561,0.0,0
2018-05-27 17:43:33.134,205.02,0.114159846561,0.0,0
2018-05-27 17:43:33.311,205.44,0.114159846561,0.0,0
2018-05-27 17:43:33.404,206.63,0.114159846561,0.0,0
2018-05-27 17:43:33.497,204.91,0.114159846561,0.0,0
2018-05-27 17:43:33.590,207.6,0.114159846561,0.0,0
2018-05-27 17:43:33.776,207.74,0.114159846561,0.0,0
2018-05-27 17:43:33.860,208.19,0.114159846561,0.0,0
2018-05-27 17:43:34.022,206.66,0.114159846561,0.0,0
2018-05-27 17:43:34.115,208.87,0.114159846561,0.0,0
2018-05-27 17:43:34.301,209.79,0.114159846561,0.0,0
2018-05-27 17:43:34.385,210.36,0.114159846561,0.0,0
2018-05-27 17:43:34.478,210.14,0.114159846561,0.0,0
2018-05-27 17:43:34.665,210.12,0.114159846561,0.0,0
2018-05-27 17:43:34.851,212.87,0.114159846561,0.0,0
2018-05-27 17:43:35.012,211.55,0.114159846561,0.0,0
2018-05-27 17:43:35.106,213.42,0.114159846561,0.0,0
2018-05-27 17:43:35.292,213.19,0.114159846561,0.0,0
2018-05-27 17:43:35.376,212.76,0.114159846561,0.0,0
2018-05-27 17:43:35.562,212.95,0.114159846561,0.0,0
2018-05-27 17:43:35.739,212.63,0.114159846561,0.0,0
2018-05-27 17:43:36.077,210.04,0.114159846561,0.0,0
2018-05-27 17:43:36.161,210.79,0.114159846561,0.0,0
2018-05-27 17:43:36.524,208.07,0.114159846561,0.0,0
2018-05-27 17:43:36.618,207.6,0.114159846561,0.0,0
2018-05-27 17:43:36.711,206.0,0.114159846561,0.0,0
2018-05-27 17:43:37.059,205.11,0.114159846561,0.0,0
2018-05-27 17:43:37.245,204.93,0.114159846561,0.0,0
2018-05-27 17:43:37.329,204.66,0.114159846561,0.0,0
2018-05-27 17:43:37.422,205.58,0.114159846561,0.0,0
2018-05-27 17:43:37.506,206.1,0.114159846561,0.0,0
2018-05-27 17:43:37.599,204.33,0.114159846561,0.0,0
2018-05-27 17:43:37.692,204.98,0.114159846561,0.0,0
2018-05-27 17:43:37.785,202.79,0.114159846561,0.0,0
2018-05-27 17:43:38.040,203.76,0.114159846561,0.0,0
2018-05-27 17:43:38.133,201.73,0.114159846561,0.0,0
2018-05-27 17:43:38.412,202.24,0.114159846561,0.0,0
2018-05-27 17:43:38.496,202.55,0.114159846561,0.0,0
2018-05-27 17:43:38.682,203.01,0.114159846561,0.0,0
2018-05-27 17:43:38.869,204.2,0.114159846561,0.0,0
2018-05-27 17:43:39.124,203.03,0.114159846561,0.0,0
2018-05-27 17:43:39.217,202.32,0.114159846561,0.0,0
2018-05-27 17:43:39.859,201.2,0.114159846561,0.0,0
2018-05-27 17:43:40.021,199.79,0.114159846561,0.0,0
2018-05-27 17:43:40.114,200.07,0.114159846561,0.0,0
2018-05-27 17:43:40.207,201.2,0.114159846561,0.0,0
2018-05-27 17:43:40.384,200.13,0.114159846561,0.0,0
2018-05-27 17:43:40.477,200.02,0.114159846561,0.0,0
2018-05-27 17:43:40.663,201.4,0.114159846561,0.0,0
2018-05-27 17:43:40.757,201.66,0.114159846561,0.0,0
2018-05-27 17:43:40.850,203.71,0.114159846561,0.0,0
2018-05-27 17:43:41.198,203.83,0.114159846561,0.0,0
2018-05-27 17:43:41.281,204.17,0.114159846561,0.0,0
2018-05-27 17:43:41.369,205.72,0.114159846561,0.0,0
2018-05-27 17:43:41.458,204.28,0.114159846561,0.0,0
2018-05-27 17:43:41.551,206.59,0.114159846561,0.0,0
2018-05-27 17:43:41.738,207.72,0.114159846561,0.0,0
2018-05-27 17:43:41.831,207.19,0.114159846561,0.0,0
2018-05-27 17:43:41.924,208.45,0.114159846561,0.0,0
2018-05-27 17:43:42.086,208.06,0.114159846561,0.0,0
2018-05-27 17:43:42.174,208.64,0.114159846561,0.0,0
2018-05-27 17:43:42.263,210.12,0.114159846561,0.0,0
2018-05-27 17:43:42.439,209.51,0.114159846561,0.0,0
2018-05-27 17:43:42.533,211.23,0.114159846561,0.0,0
2018-05-27 17:43:42.812,211.92,0.114159846561,0.0,0
2018-05-27 17:43:42.905,211.52,0.114159846561,0.0,0
2018-05-27 17:43:43.058,212.04,0.114159846561,0.0,0
2018-05-27 17:43:43.151,214.16,0.114159846561,0.0,0
2018-05-27 17:43:43.337,213.9,0.114159846561,0.0,0
2018-05-27 17:43:43.430,215.39,0.114159846561,0.0,0
2018-05-27 17:43:43.523,213.65,0.114159846561,0.0,0
2018-05-27 17:43:43.616,215.21,0.114159846561,0.0,0
2018-05-27 17:43:43.709,215.66,0.114159846561,0.0,0
2018-05-27 17:43:43.896,216.22,0.114159846561,0.0,0
2018-05-27 17:43:44.057,217.14,0.114159846561,0.0,0
2018-05-27 17:43:44.337,219.14,0.114159846561,0.0,0
2018-05-27 17:43:44.430,217.72,0.114159846561,0.0,0
2018-05-27 17:43:44.616,219.39,0.114159846561,0.0,0
2018-05-27 17:43:44.709,219.79,0.114159846561,0.0,0
2018-05-27 17:43:44.802,218.33,0.114159846561,0.0,0
2018-05-27 17:43:44.895,218.88,0.114159846561,0.0,0
2018-05-27 17:43:45.058,220.47,0.114159846561,0.0,0
2018-05-27 17:43:45.234,221.77,0.114159846561,0.0,0
2018-05-27 17:43:45.327,221.12,0.114159846561,0.0,0
2018-05-27 17:43:45.420,220.85,0.114159846561,0.0,0
2018-05-27 17:43:45.597,221.37,0.114159846561,0.0,0
2018-05-27 17:43:45.690,221.37,0.114159846561,0.0,0
2018-05-27 17:43:45.877,224.14,0.114159846561,0.0,0
2018-05-27 17:43:46.029,222.82,0.114159846561,0.0,0
2018-05-27 17:43:46.122,222.81,0.114159846561,0.0,0
2018-05-27 17:43:46.215,224.67,0.114159846561,0.0,0
2018-05-27 17:43:46.308,224.81,0.114159846561,0.0,0
2018-05-27 17:43:46.569,223.92,0.114159846561,0.0,0
2018-05-27 17:43:46.662,224.23,0.114159846561,0.0,0
2018-05-27 17:43:47.197,225.74,0.114159846561,0.0,0
2018-05-27 17:43:47.290,225.24,0.114159846561,0.0,0
2018-05-27 17:43:47.560,225.58,0.114159846561,0.0,0
2018-05-27 17:43:47.653,224.64,0.114159846561,0.0,0
2018-05-27 17:43:47.746,224.89,0.114159846561,0.0,0
2018-05-27 17:43:48.001,224.75,0.114159846561,0.0,0
2018-05-27 17:43:48.280,225.53,0.114159846561,0.0,0
2018-05-27 17:43:48.643,225.6,0.114159846561,0.0,0
2018-05-27 17:43:48.736,224.85,0.114159846561,0.0,0
2018-05-27 17:43:48.830,225.36,0.114159846561,0.0,0
2018-05-27 17:43:49.075,225.59,0.114159846561,0.0,0
2018-05-27 17:43:49.708,224.84,0.114159846561,0.0,0
2018-05-27 17:43:49.802,223.29,0.114159846561,0.0,0
2018-05-27 17:43:50.056,221.16,0.114159846561,0.0,0
2018-05-27 17:43:50.140,220.52,0.114159846561,0.0,0
2018-05-27 17:43:50.317,218.07,0.114159846561,0.0,0
2018-05-27 17:43:50.587,215.86,0.114159846561,0.0,0
2018-05-27 17:43:50.773,213.37,0.114159846561,0.0,0
2018-05-27 17:43:50.867,212.95,0.114159846561,0.0,0
2018-05-27 17:43:51.019,211.88,0.114159846561,0.0,0
2018-05-27 17:43:51.112,212.76,0.114159846561,0.0,0
2018-05-27 17:43:51.205,210.74,0.114159846561,0.0,0
2018-05-27 17:43:51.298,211.67,0.114159846561,0.0,0
2018-05-27 17:43:51.382,210.25,0.114159846561,0.0,0
2018-05-27 17:43:51.475,208.74,0.114159846561,0.0,0
2018-05-27 17:43:52.093,206.51,0.114159846561,0.0,0
2018-05-27 17:43:52.363,207.51,0.114159846561,0.0,0
2018-05-27 17:43:52.456,205.11,0.114159846561,0.0,0
2018-05-27 17:43:52.731,205.29,0.114159846561,0.0,0
2018-05-27 17:43:53.251,204.64,0.114159846561,0.0,0
2018-05-27 17:43:53.336,204.84,0.114159846561,0.0,0
2018-05-27 17:43:53.428,204.32,0.114159846561,0.0,0
2018-05-27 17:43:53.605,206.11,0.114159846561,0.0,0
2018-05-27 17:43:54.214,207.39,0.114159846561,0.0,0
2018-05-27 17:43:54.577,206.97,0.114159846561,0.0,0
2018-05-27 17:43:54.763,207.45,0.114159846561,0.0,0
2018-05-27 17:43:54.846,208.01,0.114159846561,0.0,0
2018-05-27 17:43:55.102,207.92,0.114159846561,0.0,0
2018-05-27 17:43:55.828,210.94,0.114159846561,0.0,0
2018-05-27 17:43:56.158,212.76,0.114159846561,0.0,0
2018-05-27 17:43:56.251,214.21,0.114159846561,0.0,0
2018-05-27 17:43:56.335,214.76,0.114159846561,0.0,0
2018-05-27 17:43:56.521,214.21,0.114159846561,0.0,0
2018-05-27 17:43:56.614,215.84,0.114159846561,0.0,0
2018-05-27 17:43:57.148,216.07,0.114159846561,0.0,0
2018-05-27 17:43:57.335,216.26,0.114159846561,0.0,0
2018-05-27 17:43:57.595,215.79,0.114159846561,0.0,0
2018-05-27 17:43:57.688,214.79,0.114159846561,0.0,0
2018-05-27 17:43:57.782,215.77,0.114159846561,0.0,0
2018-05-27 17:43:58.036,213.23,0.114159846561,0.0,0
2018-05-27 17:43:58.223,211.36,0.114159846561,0.0,0
2018-05-27 17:43:58.316,212.43,0.114159846561,0.0,0
2018-05-27 17:43:58.595,209.56,0.114159846561,0.0,0
2018-05-27 17:43:58.688,210.18,0.114159846561,0.0,0
2018-05-27 17:43:58.875,209.56,0.114159846561,0.0,0
2018-05-27 17:43:59.129,209.93,0.114159846561,0.0,0
2018-05-27 17:43:59.409,209.61,0.114159846561,0.0,0
2018-05-27 17:43:59.586,206.67,0.114159846561,0.0,0
2018-05-27 17:43:59.679,207.54,0.114159846561,0.0,0
2018-05-27 17:43:59.772,206.12,0.114159846561,0.0,0
2018-05-27 17:43:59.865,207.54,0.114159846561,0.0,0
2018-05-27 17:44:00.027,206.73,0.114159846561,0.0,0
2018-05-27 17:44:00.120,206.91,0.114159846561,0.0,0
2018-05-27 17:44:00.399,203.9,0.114159846561,0.0,0
2018-05-27 17:44:00.483,203.25,0.114159846561,0.0,0
2018-05-27 17:44:00.576,201.3,0.114159846561,0.0,0
2018-05-27 17:44:00.762,201.1,0.114159846561,0.0,0
2018-05-27 17:44:00.856,198.72,0.114159846561,0.0,0
2018-05-27 17:44:01.018,197.09,0.114159846561,0.0,0
2018-05-27 17:44:01.110,197.82,0.114159846561,0.0,0
2018-05-27 17:44:01.204,195.58,0.114159846561,0.0,0
2018-05-27 17:44:01.297,194.48,0.114159846561,0.0,0
2018-05-27 17:44:01.380,194.46,0.114159846561,0.0,0
2018-05-27 17:44:01.474,194.06,0.114159846561,0.0,0
2018-05-27 17:44:01.753,196.25,0.114159846561,0.0,0
2018-05-27 17:44:01.846,195.72,0.114159846561,0.0,0
2018-05-27 17:44:02.008,196.09,0.114159846561,0.0,0
2018-05-27 17:44:02.278,198.17,0.114159846561,0.0,0
2018-05-27 17:44:02.557,199.4,0.114159846561,0.0,0
2018-05-27 17:44:02.837,200.65,0.114159846561,0.0,0
2018-05-27 17:44:03.091,201.33,0.114159846561,0.0,0
2018-05-27 17:44:03.278,203.52,0.114159846561,0.0,0
2018-05-27 17:44:03.362,204.48,0.114159846561,0.0,0
2018-05-27 17:44:03.455,203.38,0.114159846561,0.0,0
2018-05-27 17:44:03.641,204.37,0.114159846561,0.0,0
2018-05-27 17:44:03.920,206.16,0.114159846561,0.0,0
2018-05-27 17:44:04.073,205.94,0.114159846561,0.0,0
2018-05-27 17:44:04.157,206.07,0.114159846561,0.0,0
2018-05-27 17:44:04.333,208.1,0.114159846561,0.0,0
2018-05-27 17:44:04.427,208.34,0.114159846561,0.0,0
2018-05-27 17:44:04.520,209.17,0.114159846561,0.0,0
2018-05-27 17:44:04.613,208.54,0.114159846561,0.0,0
2018-05-27 17:44:04.706,209.79,0.114159846561,0.0,0
2018-05-27 17:44:05.054,209.28,0.114159846561,0.0,0
2018-05-27 17:44:05.138,210.81,0.114159846561,0.0,0
2018-05-27 17:44:05.231,210.49,0.114159846561,0.0,0
2018-05-27 17:44:05.315,210.95,0.114159846561,0.0,0
2018-05-27 17:44:05.398,211.74,0.114159846561,0.0,0
2018-05-27 17:44:05.492,213.27,0.114159846561,0.0,0
2018-05-27 17:44:05.586,211.5,0.114159846561,0.0,0
2018-05-27 17:44:05.762,213.07,0.114159846561,0.0,0
2018-05-27 17:44:06.017,213.41,0.114159846561,0.0,0
2018-05-27 17:44:06.110,214.05,0.114159846561,0.0,0
2018-05-27 17:44:06.203,215.51,0.114159846561,0.0,0
2018-05-27 17:44:06.389,215.1,0.114159846561,0.0,0
2018-05-27 17:44:06.473,215.33,0.114159846561,0.0,0
2018-05-27 17:44:06.566,217.01,0.114159846561,0.0,0
2018-05-27 17:44:06.752,216.57,0.114159846561,0.0,0
2018-05-27 17:44:07.007,218.05,0.114159846561,0.0,0
2018-05-27 17:44:07.100,217.45,0.114159846561,0.0,0
2018-05-27 17:44:07.193,217.81,0.114159846561,0.0,0
2018-05-27 17:44:07.370,218.61,0.114159846561,0.0,0
2018-05-27 17:44:07.463,218.52,0.114159846561,0.0,0
2018-05-27 17:44:08.356,219.61,0.114159846561,0.0,0
2018-05-27 17:44:08.528,220.5,0.114159846561,0.0,0
2018-05-27 17:44:08.622,221.04,0.114159846561,0.0,0
2018-05-27 17:44:08.808,222.37,0.114159846561,0.0,0
2018-05-27 17:44:08.892,221.86,0.114159846561,0.0,0
2018-05-27 17:44:09.054,223.58,0.114159846561,0.0,0
2018-05-27 17:44:09.147,223.49,0.114159846561,0.0,0
2018-05-27 17:44:09.240,222.97,0.114159846561,0.0,0
2018-05-27 17:44:09.334,222.25,0.114159846561,0.0,0
2018-05-27 17:44:09.612,223.94,0.114159846561,0.0,0
2018-05-27 17:44:09.705,224.91,0.114159846561,0.0,0
2018-05-27 17:44:09.798,224.61,0.114159846561,0.0,0
2018-05-27 17:44:10.035,225.02,0.114159846561,0.0,0
2018-05-27 17:44:10.128,224.62,0.114159846561,0.0,0
2018-05-27 17:44:10.221,225.25,0.114159846561,0.0,0
2018-05-27 17:44:10.314,226.6,0.114159846561,0.0,0
2018-05-27 17:44:10.407,226.91,0.114159846561,0.0,0
2018-05-27 17:44:10.491,225.14,0.114159846561,0.0,0
2018-05-27 17:44:10.584,226.11,0.114159846561,0.0,0
2018-05-27 17:44:10.668,225.72,0.114159846561,0.0,0
2018-05-27 17:44:11.016,225.46,0.114159846561,0.0,0
2018-05-27 17:44:11.202,226.65,0.114159846561,0.0,0
2018-05-27 17:44:11.295,226.35,0.114159846561,0.0,0
2018-05-27 17:44:11.388,225.55,0.114159846561,0.0,0
2018-05-27 17:44:11.472,225.34,0.114159846561,0.0,0
2018-05-27 17:44:11.658,221.88,0.114159846561,0.0,0
2018-05-27 17:44:11.844,218.7,0.114159846561,0.0,0
2018-05-27 17:44:12.370,214.41,0.114159846561,0.0,0
2018-05-27 17:44:12.556,212.28,0.114159846561,0.0,0
2018-05-27 17:44:12.649,213.21,0.114159846561,0.0,0
2018-05-27 17:44:12.742,211.07,0.114159846561,0.0,0
2018-05-27 17:44:12.835,210.73,0.114159846561,0.0,0
2018-05-27 17:44:13.183,209.52,0.114159846561,0.0,0
2018-05-27 17:44:13.276,208.15,0.114159846561,0.0,0
2018-05-27 17:44:13.453,209.46,0.114159846561,0.0,0
2018-05-27 17:44:13.635,207.74,0.114159846561,0.0,0
2018-05-27 17:44:13.723,208.61,0.114159846561,0.0,0
2018-05-27 17:44:13.807,208.08,0.114159846561,0.0,0
2018-05-27 17:44:13.900,206.94,0.114159846561,0.0,0
2018-05-27 17:44:14.062,208.83,0.114159846561,0.0,0
2018-05-27 17:44:14.155,207.39,0.114159846561,0.0,0
2018-05-27 17:44:14.341,205.79,0.114159846561,0.0,0
2018-05-27 17:44:14.425,206.43,0.114159846561,0.0,0
2018-05-27 17:44:14.518,206.76,0.114159846561,0.0,0
2018-05-27 17:44:14.611,206.23,0.114159846561,0.0,0
2018-05-27 17:44:14.704,207.12,0.114159846561,0.0,0
2018-05-27 17:44:14.798,206.67,0.114159846561,0.0,0
2018-05-27 17:44:14.891,206.77,0.114159846561,0.0,0
2018-05-27 17:44:15.052,206.95,0.114159846561,0.0,0
2018-05-27 17:44:15.146,206.19,0.114159846561,0.0,0
2018-05-27 17:44:15.229,206.47,0.114159846561,0.0,0
2018-05-27 17:44:15.323,207.45,0.114159846561,0.0,0
2018-05-27 17:44:15.406,207.22,0.114159846561,0.0,0
2018-05-27 17:44:15.499,206.67,0.114159846561,0.0,0
2018-05-27 17:44:15.593,207.8,0.114159846561,0.0,0
2018-05-27 17:44:15.686,207.33,0.114159846561,0.0,0
2018-05-27 17:44:15.872,207.39,0.114159846561,0.0,0
2018-05-27 17:44:16.034,209.35,0.114159846561,0.0,0
2018-05-27 17:44:16.127,206.69,0.114159846561,0.0,0
2018-05-27 17:44:16.220,209.69,0.114159846561,0.0,0
2018-05-27 17:44:16.304,209.3,0.114159846561,0.0,0
2018-05-27 17:44:16.387,208.26,0.114159846561,0.0,0
2018-05-27 17:44:16.481,208.14,0.114159846561,0.0,0
2018-05-27 17:44:16.574,208.58,0.114159846561,0.0,0
2018-05-27 17:44:16.853,210.02,0.114159846561,0.0,0
2018-05-27 17:44:17.108,210.73,0.114159846561,0.0,0
2018-05-27 17:44:17.201,210.89,0.114159846561,0.0,0
2018-05-27 17:44:17.387,211.57,0.114159846561,0.0,0
2018-05-27 17:44:17.471,211.71,0.114159846561,0.0,0
2018-05-27 17:44:17.564,212.5,0.114159846561,0.0,0
2018-05-27 17:44:17.750,213.08,0.114159846561,0.0,0
2018-05-27 17:44:17.844,214.95,0.114159846561,0.0,0
2018-05-27 17:44:18.182,214.5,0.114159846561,0.0,0
2018-05-27 17:44:18.453,216.51,0.114159846561,0.0,0
2018-05-27 17:44:18.825,214.33,0.114159846561,0.0,0
2018-05-27 17:44:18.914,214.72,0.114159846561,0.0,0
2018-05-27 17:44:19.331,211.56,0.114159846561,0.0,0
2018-05-27 17:44:19.424,212.3,0.114159846561,0.0,0
2018-05-27 17:44:19.517,210.87,0.114159846561,0.0,0
2018-05-27 17:44:19.611,211.8,0.114159846561,0.0,0
2018-05-27 17:44:19.787,209.36,0.114159846561,0.0,0
2018-05-27 17:44:19.871,209.81,0.114159846561,0.0,0
2018-05-27 17:44:20.126,210.31,0.114159846561,0.0,0
2018-05-27 17:44:20.219,208.27,0.114159846561,0.0,0
2018-05-27 17:44:20.312,209.48,0.114159846561,0.0,0
2018-05-27 17:44:20.406,209.07,0.114159846561,0.0,0
2018-05-27 17:44:20.490,209.26,0.114159846561,0.0,0
2018-05-27 17:44:20.676,209.42,0.114159846561,0.0,0
2018-05-27 17:44:20.769,211.15,0.114159846561,0.0,0
2018-05-27 17:44:20.862,208.26,0.114159846561,0.0,0
2018-05-27 17:44:21.024,210.78,0.114159846561,0.0,0
2018-05-27 17:44:21.117,209.03,0.114159846561,0.0,0
2018-05-27 17:44:21.210,209.61,0.114159846561,0.0,0
2018-05-27 17:44:21.303,209.68,0.114159846561,0.0,0
2018-05-27 17:44:21.396,210.05,0.114159846561,0.0,0
2018-05-27 17:44:21.481,209.08,0.114159846561,0.0,0
2018-05-27 17:44:21.564,210.07,0.114159846561,0.0,0
2018-05-27 17:44:21.657,211.37,0.114159846561,0.0,0
2018-05-27 17:44:21.843,211.45,0.114159846561,0.0,0
2018-05-27 17:44:22.005,209.33,0.114159846561,0.0,0
2018-05-27 17:44:22.284,210.92,0.114159846561,0.0,0
2018-05-27 17:44:22.368,211.13,0.114159846561,0.0,0
2018-05-27 17:44:22.463,212.53,0.114159846561,0.0,0
2018-05-27 17:44:22.647,212.77,0.114159846561,0.0,0
2018-05-27 17:44:22.740,210.9,0.114159846561,0.0,0
2018-05-27 17:44:22.834,211.8,0.114159846561,0.0,0
2018-05-27 17:44:23.089,212.33,0.114159846561,0.0,0
2018-05-27 17:44:23.182,213.61,0.114159846561,0.0,0
2018-05-27 17:44:23.359,213.03,0.114159846561,0.0,0
2018-05-27 17:44:23.545,215.57,0.114159846561,0.0,0
2018-05-27 17:44:23.731,215.02,0.114159846561,0.0,0
2018-05-27 17:44:23.824,216.17,0.114159846561,0.0,0
2018-05-27 17:44:23.912,216.69,0.114159846561,0.0,0
2018-05-27 17:44:24.070,216.34,0.114159846561,0.0,0
2018-05-27 17:44:24.154,217.58,0.114159846561,0.0,0
2018-05-27 17:44:24.237,216.84,0.114159846561,0.0,0
2018-05-27 17:44:24.330,217.65,0.114159846561,0.0,0
2018-05-27 17:44:24.424,216.62,0.114159846561,0.0,0
2018-05-27 17:44:24.517,217.59,0.114159846561,0.0,0
2018-05-27 17:44:24.610,218.69,0.114159846561,0.0,0
2018-05-27 17:44:24.703,217.59,0.114159846561,0.0,0
2018-05-27 17:44:24.889,219.61,0.114159846561,0.0,0
2018-05-27 17:44:25.051,218.55,0.114159846561,0.0,0
2018-05-27 17:44:25.144,218.39,0.114159846561,0.0,0
2018-05-27 17:44:25.498,219.36,0.114159846561,0.0,0
2018-05-27 17:44:25.777,222.12,0.114159846561,0.0,0
2018-05-27 17:44:25.870,221.6,0.114159846561,0.0,0
2018-05-27 17:44:26.032,222.01,0.114159846561,0.0,0
2018-05-27 17:44:26.126,222.66,0.114159846561,0.0,0
2018-05-27 17:44:26.405,223.89,0.114159846561,0.0,0
2018-05-27 17:44:26.488,224.55,0.114159846561,0.0,0
2018-05-27 17:44:26.582,225.19,0.114159846561,0.0,0
2018-05-27 17:44:26.675,224.95,0.114159846561,0.0,0
2018-05-27 17:44:26.768,223.92,0.114159846561,0.0,0
2018-05-27 17:44:26.861,224.47,0.114159846561,0.0,0
2018-05-27 17:44:27.209,226.63,0.114159846561,0.0,0
2018-05-27 17:44:27.293,225.23,0.114159846561,0.0,0
2018-05-27 17:44:27.377,226.45,0.114159846561,0.0,0
2018-05-27 17:44:27.470,226.03,0.114159846561,0.0,0
2018-05-27 17:44:27.563,225.58,0.114159846561,0.0,0
2018-05-27 17:44:27.656,226.62,0.114159846561,0.0,0
2018-05-27 17:44:27.749,226.65,0.114159846561,0.0,0
2018-05-27 17:44:27.842,226.31,0.114159846561,0.0,0
2018-05-27 17:44:28.190,228.92,0.114159846561,0.0,0
2018-05-27 17:44:28.274,227.73,0.114159846561,0.0,0
2018-05-27 17:44:28.451,229.09,0.114159846561,0.0,0
2018-05-27 17:44:28.637,229.66,0.114159846561,0.0,0
2018-05-27 17:44:28.730,229.55,0.114159846561,0.0,0
2018-05-27 17:44:29.153,231.03,0.114159846561,0.0,0
2018-05-27 17:44:29.246,230.87,0.114159846561,0.0,0
2018-05-27 17:44:29.423,232.7,0.114159846561,0.0,0
2018-05-27 17:44:29.516,232.7,0.114159846561,0.0,0
2018-05-27 17:44:29.777,233.67,0.114159846561,0.0,0
2018-05-27 17:44:29.861,232.24,0.114159846561,0.0,0
2018-05-27 17:44:30.209,233.07,0.114159846561,0.0,0
2018-05-27 17:44:30.479,233.42,0.114159846561,0.0,0
2018-05-27 17:44:30.562,232.84,0.114159846561,0.0,0
2018-05-27 17:44:30.749,234.51,0.114159846561,0.0,0
2018-05-27 17:44:30.842,234.27,0.114159846561,0.0,0
2018-05-27 17:44:31.553,235.11,0.114159846561,0.0,0
2018-05-27 17:44:31.739,235.41,0.114159846561,0.0,0
2018-05-27 17:44:31.832,235.56,0.114159846561,0.0,0
2018-05-27 17:44:32.087,233.67,0.114159846561,0.0,0
2018-05-27 17:44:32.544,224.54,0.114159846561,0.0,0
2018-05-27 17:44:32.916,218.5,0.114159846561,0.0,0
2018-05-27 17:44:33.078,217.36,0.114159846561,0.0,0
2018-05-27 17:44:33.264,216.43,0.114159846561,0.0,0
2018-05-27 17:44:33.357,215.67,0.114159846561,0.0,0
2018-05-27 17:44:33.441,214.5,0.114159846561,0.0,0
2018-05-27 17:44:33.618,214.93,0.114159846561,0.0,0
2018-05-27 17:44:33.804,214.41,0.114159846561,0.0,0
2018-05-27 17:44:33.897,213.5,0.114159846561,0.0,0
2018-05-27 17:44:34.329,213.56,0.114159846561,0.0,0
2018-05-27 17:44:34.515,211.99,0.114159846561,0.0,0
2018-05-27 17:44:34.795,210.68,0.114159846561,0.0,0
2018-05-27 17:44:35.049,210.89,0.114159846561,0.0,0
2018-05-27 17:44:35.236,210.96,0.114159846561,0.0,0
2018-05-27 17:44:35.413,210.73,0.114159846561,0.0,0
2018-05-27 17:44:35.590,212.44,0.114159846561,0.0,0
2018-05-27 17:44:35.869,211.96,0.114159846561,0.0,0
2018-05-27 17:44:36.487,212.7,0.114159846561,0.0,0
2018-05-27 17:44:36.580,212.6,0.114159846561,0.0,0
2018-05-27 17:44:36.766,211.94,0.114159846561,0.0,0
2018-05-27 17:44:36.859,212.92,0.114159846561,0.0,0
2018-05-27 17:44:37.114,213.07,0.114159846561,0.0,0
2018-05-27 17:44:37.468,215.02,0.114159846561,0.0,0
2018-05-27 17:44:37.561,214.11,0.114159846561,0.0,0
2018-05-27 17:44:37.654,214.51,0.114159846561,0.0,0
2018-05-27 17:44:37.841,215.17,0.114159846561,0.0,0
2018-05-27 17:44:38.459,218.14,0.114159846561,0.0,0
2018-05-27 17:44:38.636,218.67,0.114159846561,0.0,0
2018-05-27 17:44:38.729,217.27,0.114159846561,0.0,0
2018-05-27 17:44:38.822,218.0,0.114159846561,0.0,0
2018-05-27 17:44:39.710,217.09,0.114159846561,0.0,0
2018-05-27 17:44:39.803,215.86,0.114159846561,0.0,0
2018-05-27 17:44:39.896,215.96,0.114159846561,0.0,0
2018-05-27 17:44:40.049,215.95,0.114159846561,0.0,0
2018-05-27 17:44:40.235,216.44,0.114159846561,0.0,0
2018-05-27 17:44:40.328,216.54,0.114159846561,0.0,0
2018-05-27 17:44:40.766,214.24,0.114159846561,0.0,0
2018-05-27 17:44:40.859,216.37,0.114159846561,0.0,0
2018-05-27 17:44:41.300,214.08,0.114159846561,0.0,0
2018-05-27 17:44:41.393,215.23,0.114159846561,0.0,0
2018-05-27 17:44:41.477,215.17,0.114159846561,0.0,0
2018-05-27 17:44:41.570,216.67,0.114159846561,0.0,0
2018-05-27 17:44:41.654,215.13,0.114159846561,0.0,0
2018-05-27 17:44:42.002,215.52,0.114159846561,0.0,0
2018-05-27 17:44:42.095,216.17,0.114159846561,0.0,0
2018-05-27 17:44:42.366,214.91,0.114159846561,0.0,0
2018-05-27 17:44:42.458,215.91,0.114159846561,0.0,0
2018-05-27 17:44:42.551,214.05,0.114159846561,0.0,0
2018-05-27 17:44:42.737,215.71,0.114159846561,0.0,0
2018-05-27 17:44:42.830,213.41,0.114159846561,0.0,0
2018-05-27 17:44:42.924,214.69,0.114159846561,0.0,0
2018-05-27 17:44:43.085,215.17,0.114159846561,0.0,0
2018-05-27 17:44:43.178,214.05,0.114159846561,0.0,0
2018-05-27 17:44:43.272,215.3,0.114159846561,0.0,0
2018-05-27 17:44:43.365,216.6,0.114159846561,0.0,0
2018-05-27 17:44:43.449,215.9,0.114159846561,0.0,0
2018-05-27 17:44:43.542,215.12,0.114159846561,0.0,0
2018-05-27 17:44:43.635,215.52,0.114159846561,0.0,0
2018-05-27 17:44:43.728,217.08,0.114159846561,0.0,0
2018-05-27 17:44:43.909,217.44,0.114159846561,0.0,0
2018-05-27 17:44:44.150,216.57,0.114159846561,0.0,0
2018-05-27 17:44:44.327,217.57,0.114159846561,0.0,0
2018-05-27 17:44:44.420,217.56,0.114159846561,0.0,0
2018-05-27 17:44:44.504,217.0,0.114159846561,0.0,0
2018-05-27 17:44:44.774,218.04,0.114159846561,0.0,0
2018-05-27 17:44:44.867,219.65,0.114159846561,0.0,0
2018-05-27 17:44:45.122,219.11,0.114159846561,0.0,0
2018-05-27 17:44:45.299,219.25,0.114159846561,0.0,0
2018-05-27 17:44:45.392,220.26,0.114159846561,0.0,0
2018-05-27 17:44:45.476,219.55,0.114159846561,0.0,0
2018-05-27 17:44:45.569,220.43,0.114159846561,0.0,0
2018-05-27 17:44:45.662,221.72,0.114159846561,0.0,0
2018-05-27 17:44:45.755,221.95,0.114159846561,0.0,0
2018-05-27 17:44:45.849,221.63,0.114159846561,0.0,0
2018-05-27 17:44:46.011,220.96,0.114159846561,0.0,0
2018-05-27 17:44:46.103,221.98,0.114159846561,0.0,0
2018-05-27 17:44:46.197,223.09,0.114159846561,0.0,0
2018-05-27 17:44:46.290,221.91,0.114159846561,0.0,0
2018-05-27 17:44:46.467,222.74,0.114159846561,0.0,0
2018-05-27 17:44:46.560,222.58,0.114159846561,0.0,0
2018-05-27 17:44:46.644,223.63,0.114159846561,0.0,0
2018-05-27 17:44:46.737,223.39,0.114159846561,0.0,0
2018-05-27 17:44:46.923,223.21,0.114159846561,0.0,0
2018-05-27 17:44:47.178,224.34,0.114159846561,0.0,0
2018-05-27 17:44:47.271,225.21,0.114159846561,0.0,0
2018-05-27 17:44:47.448,224.81,0.114159846561,0.0,0
2018-05-27 17:44:47.537,224.6,0.114159846561,0.0,0
2018-05-27 17:44:47.625,224.79,0.114159846561,0.0,0
2018-05-27 17:44:47.709,225.79,0.114159846561,0.0,0
2018-05-27 17:44:47.802,224.95,0.114159846561,0.0,0
2018-05-27 17:44:48.057,225.05,0.114159846561,0.0,0
2018-05-27 17:44:48.243,226.02,0.114159846561,0.0,0
2018-05-27 17:44:48.336,226.87,0.114159846561,0.0,0
2018-05-27 17:44:48.523,226.61,0.114159846561,0.0,0
2018-05-27 17:44:48.606,226.31,0.114159846561,0.0,0
2018-05-27 17:44:48.699,226.79,0.114159846561,0.0,0
2018-05-27 17:44:48.885,227.99,0.114159846561,0.0,0
2018-05-27 17:44:49.047,227.41,0.114159846561,0.0,0
2018-05-27 17:44:49.140,227.52,0.114159846561,0.0,0
2018-05-27 17:44:49.327,228.02,0.114159846561,0.0,0
2018-05-27 17:44:49.420,227.26,0.114159846561,0.0,0
2018-05-27 17:44:49.504,228.95,0.114159846561,0.0,0
2018-05-27 17:44:49.587,228.2,0.114159846561,0.0,0
2018-05-27 17:44:49.867,229.01,0.114159846561,0.0,0
2018-05-27 17:44:50.028,228.57,0.114159846561,0.0,0
2018-05-27 17:44:50.122,230.11,0.114159846561,0.0,0
2018-05-27 17:44:50.215,230.33,0.114159846561,0.0,0
2018-05-27 17:44:50.485,229.61,0.114159846561,0.0,0
2018-05-27 17:44:50.671,229.1,0.114159846561,0.0,0
2018-05-27 17:44:50.764,229.32,0.114159846561,0.0,0
2018-05-27 17:44:50.857,229.41,0.114159846561,0.0,0
2018-05-27 17:44:51.112,230.06,0.114159846561,0.0,0
2018-05-27 17:44:51.205,230.56,0.114159846561,0.0,0
2018-05-27 17:44:51.382,231.21,0.114159846561,0.0,0
2018-05-27 17:44:51.475,231.38,0.114159846561,0.0,0
2018-05-27 17:44:51.568,231.32,0.114159846561,0.0,0
2018-05-27 17:44:51.661,231.38,0.114159846561,0.0,0
2018-05-27 17:44:51.848,231.51,0.114159846561,0.0,0
2018-05-27 17:44:52.000,231.82,0.114159846561,0.0,0
2018-05-27 17:44:52.270,232.73,0.114159846561,0.0,0
2018-05-27 17:44:52.448,231.9,0.114159846561,0.0,0
2018-05-27 17:44:52.542,231.67,0.114159846561,0.0,0
2018-05-27 17:44:52.708,232.31,0.114159846561,0.0,0
2018-05-27 17:44:53.056,227.41,0.114159846561,0.0,0
2018-05-27 17:44:53.149,226.78,0.114159846561,0.0,0
2018-05-27 17:44:53.522,221.49,0.114159846561,0.0,0
2018-05-27 17:44:53.708,220.14,0.114159846561,0.0,0
2018-05-27 17:44:53.894,217.47,0.114159846561,0.0,0
2018-05-27 17:44:54.056,216.55,0.114159846561,0.0,0
2018-05-27 17:44:54.149,216.59,0.114159846561,0.0,0
2018-05-27 17:44:54.335,214.15,0.114159846561,0.0,0
2018-05-27 17:44:54.428,214.88,0.114159846561,0.0,0
2018-05-27 17:44:54.522,212.72,0.114159846561,0.0,0
2018-05-27 17:44:54.698,212.09,0.114159846561,0.0,0
2018-05-27 17:44:54.791,212.17,0.114159846561,0.0,0
2018-05-27 17:44:54.884,211.46,0.114159846561,0.0,0
2018-05-27 17:44:55.139,210.73,0.114159846561,0.0,0
2018-05-27 17:44:55.232,212.32,0.114159846561,0.0,0
2018-05-27 17:44:55.493,211.96,0.114159846561,0.0,0
2018-05-27 17:44:55.587,210.54,0.114159846561,0.0,0
2018-05-27 17:44:55.680,212.12,0.114159846561,0.0,0
2018-05-27 17:44:55.773,210.02,0.114159846561,0.0,0
2018-05-27 17:44:55.866,211.53,0.114159846561,0.0,0
2018-05-27 17:44:56.028,209.6,0.114159846561,0.0,0
2018-05-27 17:44:56.121,210.32,0.114159846561,0.0,0
2018-05-27 17:44:56.214,211.04,0.114159846561,0.0,0
2018-05-27 17:44:56.391,210.57,0.114159846561,0.0,0
2018-05-27 17:44:56.484,211.49,0.114159846561,0.0,0
2018-05-27 17:44:56.577,210.4,0.114159846561,0.0,0
2018-05-27 17:44:56.670,212.2,0.114159846561,0.0,0
2018-05-27 17:44:56.763,210.37,0.114159846561,0.0,0
2018-05-27 17:44:56.856,211.18,0.114159846561,0.0,0
2018-05-27 17:44:57.111,210.56,0.114159846561,0.0,0
2018-05-27 17:44:57.204,212.35,0.114159846561,0.0,0
2018-05-27 17:44:57.297,211.05,0.114159846561,0.0,0
2018-05-27 17:44:57.381,210.24,0.114159846561,0.0,0
2018-05-27 17:44:57.474,211.64,0.114159846561,0.0,0
2018-05-27 17:44:57.567,212.15,0.114159846561,0.0,0
2018-05-27 17:44:57.661,211.28,0.114159846561,0.0,0
2018-05-27 17:44:57.847,211.76,0.114159846561,0.0,0
2018-05-27 17:44:58.009,213.73,0.114159846561,0.0,0
2018-05-27 17:44:58.102,212.91,0.114159846561,0.0,0
2018-05-27 17:44:58.195,212.52,0.114159846561,0.0,0
2018-05-27 17:44:58.372,215.27,0.114159846561,0.0,0
2018-05-27 17:44:58.465,214.12,0.114159846561,0.0,0
2018-05-27 17:44:58.558,213.47,0.114159846561,0.0,0
2018-05-27 17:44:58.651,215.71,0.114159846561,0.0,0
2018-05-27 17:44:58.744,215.24,0.114159846561,0.0,0
2018-05-27 17:44:58.930,217.11,0.114159846561,0.0,0
2018-05-27 17:44:59.092,216.22,0.114159846561,0.0,0
2018-05-27 17:44:59.185,216.11,0.114159846561,0.0,0
2018-05-27 17:44:59.270,216.77,0.114159846561,0.0,0
2018-05-27 17:44:59.642,217.98,0.114159846561,0.0,0
2018-05-27 17:44:59.820,217.55,0.114159846561,0.0,0
2018-05-27 17:44:59.912,219.96,0.114159846561,0.0,0
2018-05-27 17:45:00.167,217.9,0.114159846561,0.0,0
2018-05-27 17:45:00.260,217.62,0.114159846561,0.0,0
2018-05-27 17:45:00.353,218.2,0.114159846561,0.0,0
2018-05-27 17:45:00.697,214.66,0.114159846561,0.0,0
2018-05-27 17:45:00.884,213.16,0.114159846561,0.0,0
2018-05-27 17:45:01.045,212.53,0.114159846561,0.0,0
2018-05-27 17:45:01.138,210.36,0.114159846561,0.0,0
2018-05-27 17:45:01.400,210.15,0.114159846561,0.0,0
2018-05-27 17:45:01.492,211.15,0.114159846561,0.0,0
2018-05-27 17:45:01.585,210.27,0.114159846561,0.0,0
2018-05-27 17:45:01.679,210.94,0.114159846561,0.0,0
2018-05-27 17:45:01.772,208.76,0.114159846561,0.0,0
2018-05-27 17:45:01.865,209.45,0.114159846561,0.0,0
2018-05-27 17:45:02.120,208.54,0.114159846561,0.0,0
2018-05-27 17:45:02.306,208.05,0.114159846561,0.0,0
2018-05-27 17:45:02.390,208.08,0.114159846561,0.0,0
2018-05-27 17:45:02.576,207.91,0.114159846561,0.0,0
2018-05-27 17:45:02.669,207.26,0.114159846561,0.0,0
2018-05-27 17:45:02.762,208.04,0.114159846561,0.0,0
2018-05-27 17:45:02.855,207.22,0.114159846561,0.0,0
2018-05-27 17:45:03.017,208.1,0.114159846561,0.0,0
2018-05-27 17:45:03.110,207.43,0.114159846561,0.0,0
2018-05-27 17:45:03.203,207.97,0.114159846561,0.0,0
2018-05-27 17:45:03.381,207.54,0.114159846561,0.0,0
2018-05-27 17:45:03.660,209.26,0.114159846561,0.0,0
2018-05-27 17:45:03.846,209.58,0.114159846561,0.0,0
2018-05-27 17:45:04.008,209.03,0.114159846561,0.0,0
2018-05-27 17:45:04.101,209.91,0.114159846561,0.0,0
2018-05-27 17:45:04.194,209.14,0.114159846561,0.0,0
2018-05-27 17:45:04.371,210.9,0.114159846561,0.0,0
2018-05-27 17:45:04.557,211.24,0.114159846561,0.0,0
2018-05-27 17:45:04.836,211.48,0.114159846561,0.0,0
2018-05-27 17:45:04.930,210.67,0.114159846561,0.0,0
2018-05-27 17:45:05.184,211.44,0.114159846561,0.0,0
2018-05-27 17:45:05.278,213.97,0.114159846561,0.0,0
2018-05-27 17:45:05.455,213.59,0.114159846561,0.0,0
2018-05-27 17:45:05.641,215.4,0.114159846561,0.0,0
2018-05-27 17:45:05.827,214.29,0.114159846561,0.0,0
2018-05-27 17:45:05.920,216.07,0.114159846561,0.0,0
2018-05-27 17:45:06.082,215.19,0.114159846561,0.0,0
2018-05-27 17:45:06.268,217.19,0.114159846561,0.0,0
2018-05-27 17:45:06.445,217.68,0.114159846561,0.0,0
2018-05-27 17:45:07.408,220.46,0.114159846561,0.0,0
2018-05-27 17:45:07.669,219.73,0.114159846561,0.0,0
2018-05-27 17:45:07.768,221.11,0.114159846561,0.0,0
2018-05-27 17:45:07.855,222.16,0.114159846561,0.0,0
2018-05-27 17:45:08.017,220.67,0.114159846561,0.0,0
2018-05-27 17:45:08.194,221.88,0.114159846561,0.0,0
2018-05-27 17:45:08.287,220.67,0.114159846561,0.0,0
2018-05-27 17:45:08.370,222.88,0.114159846561,0.0,0
2018-05-27 17:45:08.464,222.32,0.114159846561,0.0,0
2018-05-27 17:45:08.557,221.82,0.114159846561,0.0,0
2018-05-27 17:45:08.650,221.88,0.114159846561,0.0,0
2018-05-27 17:45:08.743,224.47,0.114159846561,0.0,0
2018-05-27 17:45:09.092,223.74,0.114159846561,0.0,0
2018-05-27 17:45:09.278,223.84,0.114159846561,0.0,0
2018-05-27 17:45:09.547,225.01,0.114159846561,0.0,0
2018-05-27 17:45:09.641,225.77,0.114159846561,0.0,0
2018-05-27 17:45:09.827,226.85,0.114159846561,0.0,0
2018-05-27 17:45:10.082,226.12,0.114159846561,0.0,0
2018-05-27 17:45:10.352,227.77,0.114159846561,0.0,0
2018-05-27 17:45:10.817,226.87,0.114159846561,0.0,0
2018-05-27 17:45:11.063,228.52,0.114159846561,0.0,0
2018-05-27 17:45:11.520,229.65,0.114159846561,0.0,0
2018-05-27 17:45:11.603,228.99,0.114159846561,0.0,0
2018-05-27 17:45:11.789,228.99,0.114159846561,0.0,0
2018-05-27 17:45:11.882,229.03,0.114159846561,0.0,0
2018-05-27 17:45:12.864,232.09,0.114159846561,0.0,0
2018-05-27 17:45:13.119,232.81,0.114159846561,0.0,0
2018-05-27 17:45:13.212,233.29,0.114159846561,0.0,0
2018-05-27 17:45:13.390,231.49,0.114159846561,0.0,0
2018-05-27 17:45:13.482,230.74,0.114159846561,0.0,0
2018-05-27 17:45:13.575,229.88,0.114159846561,0.0,0
2018-05-27 17:45:13.762,226.68,0.114159846561,0.0,0
2018-05-27 17:45:13.854,226.63,0.114159846561,0.0,0
2018-05-27 17:45:14.016,226.65,0.114159846561,0.0,0
2018-05-27 17:45:14.295,222.14,0.114159846561,0.0,0
2018-05-27 17:45:14.379,223.13,0.114159846561,0.0,0
2018-05-27 17:45:14.659,218.66,0.114159846561,0.0,0
2018-05-27 17:45:14.752,219.88,0.114159846561,0.0,0
2018-05-27 17:45:14.845,216.57,0.114159846561,0.0,0
2018-05-27 17:45:15.007,215.44,0.114159846561,0.0,0
2018-05-27 17:45:15.100,216.34,0.114159846561,0.0,0
2018-05-27 17:45:15.193,213.73,0.114159846561,0.0,0
2018-05-27 17:45:15.556,211.73,0.114159846561,0.0,0
2018-05-27 17:45:15.835,209.17,0.114159846561,0.0,0
2018-05-27 17:45:16.091,208.2,0.114159846561,0.0,0
2018-05-27 17:45:16.361,208.78,0.114159846561,0.0,0
2018-05-27 17:45:16.547,208.41,0.114159846561,0.0,0
2018-05-27 17:45:16.919,208.51,0.114159846561,0.0,0
2018-05-27 17:45:17.351,209.61,0.114159846561,0.0,0
2018-05-27 17:45:17.444,207.07,0.114159846561,0.0,0
2018-05-27 17:45:17.537,209.29,0.114159846561,0.0,0
2018-05-27 17:45:17.817,207.46,0.114159846561,0.0,0
2018-05-27 17:45:17.905,206.46,0.114159846561,0.0,0
2018-05-27 17:45:18.062,209.6,0.114159846561,0.0,0
2018-05-27 17:45:18.416,208.96,0.114159846561,0.0,0
2018-05-27 17:45:18.509,209.36,0.114159846561,0.0,0
2018-05-27 17:45:18.602,209.15,0.114159846561,0.0,0
2018-05-27 17:45:19.044,210.68,0.114159846561,0.0,0
2018-05-27 17:45:19.230,211.06,0.114159846561,0.0,0
2018-05-27 17:45:19.407,212.31,0.114159846561,0.0,0
2018-05-27 17:45:19.491,212.63,0.114159846561,0.0,0
2018-05-27 17:45:19.584,213.68,0.114159846561,0.0,0
2018-05-27 17:45:19.677,214.11,0.114159846561,0.0,0
2018-05-27 17:45:19.770,214.0,0.114159846561,0.0,0
2018-05-27 17:45:19.863,214.8,0.114159846561,0.0,0
2018-05-27 17:45:20.118,216.55,0.114159846561,0.0,0
2018-05-27 17:45:20.211,215.67,0.114159846561,0.0,0
2018-05-27 17:45:20.481,215.94,0.114159846561,0.0,0
2018-05-27 17:45:20.574,217.51,0.114159846561,0.0,0
2018-05-27 17:45:21.099,216.93,0.114159846561,0.0,0
2018-05-27 17:45:21.183,215.8,0.114159846561,0.0,0
2018-05-27 17:45:21.276,214.78,0.114159846561,0.0,0
2018-05-27 17:45:21.733,210.37,0.114159846561,0.0,0
2018-05-27 17:45:21.919,209.38,0.114159846561,0.0,0
2018-05-27 17:45:22.081,210.63,0.114159846561,0.0,0
2018-05-27 17:45:22.160,208.79,0.114159846561,0.0,0
2018-05-27 17:45:22.351,210.31,0.114159846561,0.0,0
2018-05-27 17:45:22.444,208.85,0.114159846561,0.0,0
2018-05-27 17:45:22.537,209.94,0.114159846561,0.0,0
2018-05-27 17:45:22.816,206.96,0.114159846561,0.0,0
2018-05-27 17:45:22.905,207.54,0.114159846561,0.0,0
2018-05-27 17:45:23.146,207.25,0.114159846561,0.0,0
2018-05-27 17:45:23.239,205.87,0.114159846561,0.0,0
2018-05-27 17:45:23.332,207.29,0.114159846561,0.0,0
2018-05-27 17:45:23.416,206.19,0.114159846561,0.0,0
2018-05-27 17:45:23.509,203.51,0.114159846561,0.0,0
2018-05-27 17:45:23.695,202.05,0.114159846561,0.0,0
2018-05-27 17:45:23.788,201.08,0.114159846561,0.0,0
2018-05-27 17:45:24.043,198.01,0.114159846561,0.0,0
2018-05-27 17:45:24.127,198.32,0.114159846561,0.0,0
2018-05-27 17:45:24.220,197.03,0.114159846561,0.0,0
2018-05-27 17:45:24.304,195.77,0.114159846561,0.0,0
2018-05-27 17:45:24.397,195.73,0.114159846561,0.0,0
2018-05-27 17:45:24.481,195.38,0.114159846561,0.0,0
2018-05-27 17:45:24.574,194.02,0.114159846561,0.0,0
2018-05-27 17:45:24.667,196.33,0.114159846561,0.0,0
2018-05-27 17:45:24.854,195.72,0.114159846561,0.0,0
2018-05-27 17:45:25.006,197.42,0.114159846561,0.0,0
2018-05-27 17:45:25.099,195.57,0.114159846561,0.0,0
2018-05-27 17:45:25.192,195.78,0.114159846561,0.0,0
2018-05-27 17:45:25.462,198.6,0.114159846561,0.0,0
2018-05-27 17:45:25.555,198.16,0.114159846561,0.0,0
2018-05-27 17:45:25.742,198.96,0.114159846561,0.0,0
2018-05-27 17:45:25.835,200.49,0.114159846561,0.0,0
2018-05-27 17:45:26.080,199.86,0.114159846561,0.0,0
2018-05-27 17:45:26.173,200.42,0.114159846561,0.0,0
2018-05-27 17:45:26.360,201.47,0.114159846561,0.0,0
2018-05-27 17:45:26.443,201.98,0.114159846561,0.0,0
2018-05-27 17:45:26.630,203.9,0.114159846561,0.0,0
2018-05-27 17:45:26.724,203.16,0.114159846561,0.0,0
2018-05-27 17:45:26.890,203.58,0.114159846561,0.0,0
2018-05-27 17:45:27.052,204.86,0.114159846561,0.0,0
2018-05-27 17:45:27.145,204.95,0.114159846561,0.0,0
2018-05-27 17:45:27.239,205.19,0.114159846561,0.0,0
2018-05-27 17:45:27.332,207.32,0.114159846561,0.0,0
2018-05-27 17:45:27.518,207.6,0.114159846561,0.0,0
2018-05-27 17:45:27.611,207.38,0.114159846561,0.0,0
2018-05-27 17:45:27.704,208.58,0.114159846561,0.0,0
2018-05-27 17:45:27.788,209.08,0.114159846561,0.0,0
2018-05-27 17:45:27.881,208.28,0.114159846561,0.0,0
2018-05-27 17:45:28.136,209.79,0.114159846561,0.0,0
2018-05-27 17:45:28.229,210.63,0.114159846561,0.0,0
2018-05-27 17:45:28.322,210.0,0.114159846561,0.0,0
2018-05-27 17:45:28.490,210.91,0.114159846561,0.0,0
2018-05-27 17:45:28.583,210.87,0.114159846561,0.0,0
2018-05-27 17:45:28.769,211.93,0.114159846561,0.0,0
2018-05-27 17:45:28.862,213.26,0.114159846561,0.0,0
2018-05-27 17:45:29.024,212.06,0.114159846561,0.0,0
2018-05-27 17:45:29.117,212.85,0.114159846561,0.0,0
2018-05-27 17:45:29.211,214.11,0.114159846561,0.0,0
2018-05-27 17:45:29.294,214.65,0.114159846561,0.0,0
2018-05-27 17:45:29.378,214.78,0.114159846561,0.0,0
2018-05-27 17:45:29.471,214.48,0.114159846561,0.0,0
2018-05-27 17:45:29.564,214.49,0.114159846561,0.0,0
2018-05-27 17:45:29.657,215.83,0.114159846561,0.0,0
2018-05-27 17:45:29.751,215.43,0.114159846561,0.0,0
2018-05-27 17:45:29.844,214.59,0.114159846561,0.0,0
2018-05-27 17:45:30.099,216.21,0.114159846561,0.0,0
2018-05-27 17:45:30.452,216.76,0.114159846561,0.0,0
2018-05-27 17:45:30.918,219.3,0.114159846561,0.0,0
2018-05-27 17:45:31.080,218.8,0.114159846561,0.0,0
2018-05-27 17:45:31.164,219.65,0.114159846561,0.0,0
2018-05-27 17:45:31.257,219.18,0.114159846561,0.0,0
2018-05-27 17:45:31.434,219.87,0.114159846561,0.0,0
2018-05-27 17:45:31.611,220.3,0.114159846561,0.0,0
2018-05-27 17:45:31.704,219.64,0.114159846561,0.0,0
2018-05-27 17:45:31.797,220.01,0.114159846561,0.0,0
2018-05-27 17:45:32.136,221.92,0.114159846561,0.0,0
2018-05-27 17:45:32.229,223.01,0.114159846561,0.0,0
2018-05-27 17:45:32.322,222.59,0.114159846561,0.0,0
2018-05-27 17:45:32.415,221.54,0.114159846561,0.0,0
2018-05-27 17:45:32.499,223.23,0.114159846561,0.0,0
2018-05-27 17:45:32.583,222.42,0.114159846561,0.0,0
2018-05-27 17:45:32.676,224.3,0.114159846561,0.0,0
2018-05-27 17:45:32.862,223.52,0.114159846561,0.0,0
2018-05-27 17:45:33.210,224.19,0.114159846561,0.0,0
2018-05-27 17:45:33.303,225.95,0.114159846561,0.0,0
2018-05-27 17:45:33.480,224.98,0.114159846561,0.0,0
2018-05-27 17:45:33.573,225.72,0.114159846561,0.0,0
2018-05-27 17:45:33.667,226.77,0.114159846561,0.0,0
2018-05-27 17:45:33.750,225.62,0.114159846561,0.0,0
2018-05-27 17:45:33.843,225.85,0.114159846561,0.0,0
2018-05-27 17:45:34.005,225.78,0.114159846561,0.0,0
2018-05-27 17:45:34.098,226.88,0.114159846561,0.0,0
2018-05-27 17:45:34.192,226.89,0.114159846561,0.0,0
2018-05-27 17:45:34.378,225.3,0.114159846561,0.0,0
2018-05-27 17:45:34.461,226.94,0.114159846561,0.0,0
2018-05-27 17:45:34.638,224.61,0.114159846561,0.0,0
2018-05-27 17:45:34.825,226.47,0.114159846561,0.0,0
2018-05-27 17:45:34.918,226.8,0.114159846561,0.0,0
2018-05-27 17:45:35.080,226.61,0.114159846561,0.0,0
2018-05-27 17:45:35.165,225.34,0.114159846561,0.0,0
2018-05-27 17:45:35.256,226.85,0.114159846561,0.0,0
2018-05-27 17:45:35.350,227.07,0.114159846561,0.0,0
2018-05-27 17:45:35.694,224.02,0.114159846561,0.0,0
2018-05-27 17:45:35.865,221.32,0.114159846561,0.0,0
2018-05-27 17:45:36.117,221.38,0.114159846561,0.0,0
2018-05-27 17:45:36.210,219.59,0.114159846561,0.0,0
2018-05-27 17:45:36.295,219.61,0.114159846561,0.0,0
2018-05-27 17:45:36.852,213.97,0.114159846561,0.0,0
2018-05-27 17:45:37.108,211.46,0.114159846561,0.0,0
2018-05-27 17:45:37.284,211.96,0.114159846561,0.0,0
2018-05-27 17:45:37.368,211.06,0.114159846561,0.0,0
2018-05-27 17:45:37.461,208.97,0.114159846561,0.0,0
2018-05-27 17:45:37.555,210.32,0.114159846561,0.0,0
2018-05-27 17:45:37.741,210.11,0.114159846561,0.0,0
2018-05-27 17:45:37.834,208.21,0.114159846561,0.0,0
2018-05-27 17:45:37.927,209.59,0.114159846561,0.0,0
2018-05-27 17:45:38.182,208.81,0.114159846561,0.0,0
2018-05-27 17:45:38.266,207.27,0.114159846561,0.0,0
2018-05-27 17:45:38.350,207.29,0.114159846561,0.0,0
2018-05-27 17:45:38.443,207.04,0.114159846561,0.0,0
2018-05-27 17:45:38.536,207.22,0.114159846561,0.0,0
2018-05-27 17:45:38.629,207.04,0.114159846561,0.0,0
2018-05-27 17:45:38.722,207.87,0.114159846561,0.0,0
2018-05-27 17:45:38.904,207.18,0.114159846561,0.0,0
2018-05-27 17:45:39.061,208.01,0.114159846561,0.0,0
2018-05-27 17:45:39.145,207.89,0.114159846561,0.0,0
2018-05-27 17:45:39.238,208.12,0.114159846561,0.0,0
2018-05-27 17:45:39.331,208.19,0.114159846561,0.0,0
2018-05-27 17:45:39.508,209.8,0.114159846561,0.0,0
2018-05-27 17:45:39.601,208.27,0.114159846561,0.0,0
2018-05-27 17:45:39.694,210.15,0.114159846561,0.0,0
2018-05-27 17:45:39.778,209.81,0.114159846561,0.0,0
2018-05-27 17:45:39.873,209.27,0.114159846561,0.0,0
2018-05-27 17:45:40.033,210.22,0.114159846561,0.0,0
2018-05-27 17:45:40.117,210.12,0.114159846561,0.0,0
2018-05-27 17:45:40.210,208.87,0.114159846561,0.0,0
2018-05-27 17:45:40.303,211.04,0.114159846561,0.0,0
2018-05-27 17:45:40.396,208.92,0.114159846561,0.0,0
2018-05-27 17:45:40.480,209.62,0.114159846561,0.0,0
2018-05-27 17:45:40.657,210.29,0.114159846561,0.0,0
2018-05-27 17:45:40.750,212.25,0.114159846561,0.0,0
2018-05-27 17:45:40.843,211.58,0.114159846561,0.0,0
2018-05-27 17:45:41.005,212.82,0.114159846561,0.0,0
2018-05-27 17:45:41.098,212.54,0.114159846561,0.0,0
2018-05-27 17:45:41.192,212.99,0.114159846561,0.0,0
2018-05-27 17:45:41.639,214.79,0.114159846561,0.0,0
2018-05-27 17:45:42.080,216.64,0.114159846561,0.0,0
2018-05-27 17:45:42.266,215.29,0.114159846561,0.0,0
2018-05-27 17:45:42.536,215.92,0.114159846561,0.0,0
2018-05-27 17:45:42.630,213.89,0.114159846561,0.0,0
2018-05-27 17:45:42.723,214.3,0.114159846561,0.0,0
2018-05-27 17:45:42.904,214.17,0.114159846561,0.0,0
2018-05-27 17:45:43.061,211.75,0.114159846561,0.0,0
2018-05-27 17:45:43.146,211.58,0.114159846561,0.0,0
2018-05-27 17:45:43.238,211.49,0.114159846561,0.0,0
2018-05-27 17:45:43.415,211.4,0.114159846561,0.0,0
2018-05-27 17:45:43.592,209.38,0.114159846561,0.0,0
2018-05-27 17:45:43.686,211.1,0.114159846561,0.0,0
2018-05-27 17:45:43.779,208.51,0.114159846561,0.0,0
2018-05-27 17:45:43.872,210.49,0.114159846561,0.0,0
2018-05-27 17:45:44.034,208.58,0.114159846561,0.0,0
2018-05-27 17:45:44.210,209.62,0.114159846561,0.0,0
2018-05-27 17:45:44.304,211.09,0.114159846561,0.0,0
2018-05-27 17:45:44.480,209.67,0.114159846561,0.0,0
2018-05-27 17:45:44.574,211.23,0.114159846561,0.0,0
2018-05-27 17:45:44.667,209.43,0.114159846561,0.0,0
2018-05-27 17:45:44.853,209.41,0.114159846561,0.0,0
2018-05-27 17:45:45.015,211.26,0.114159846561,0.0,0
2018-05-27 17:45:45.285,209.47,0.114159846561,0.0,0
2018-05-27 17:45:45.462,211.07,0.114159846561,0.0,0
2018-05-27 17:45:45.555,209.28,0.114159846561,0.0,0
2018-05-27 17:45:45.741,210.05,0.114159846561,0.0,0
2018-05-27 17:45:45.835,210.92,0.114159846561,0.0,0
2018-05-27 17:45:45.929,209.85,0.114159846561,0.0,0
2018-05-27 17:45:46.173,210.64,0.114159846561,0.0,0
2018-05-27 17:45:46.350,212.11,0.114159846561,0.0,0
2018-05-27 17:45:46.443,210.78,0.114159846561,0.0,0
2018-05-27 17:45:46.537,212.37,0.114159846561,0.0,0
2018-05-27 17:45:46.723,212.69,0.114159846561,0.0,0
2018-05-27 17:45:46.816,211.48,0.114159846561,0.0,0
2018-05-27 17:45:46.904,213.17,0.114159846561,0.0,0
2018-05-27 17:45:47.145,212.12,0.114159846561,0.0,0
2018-05-27 17:45:47.239,214.32,0.114159846561,0.0,0
2018-05-27 17:45:47.332,213.76,0.114159846561,0.0,0
2018-05-27 17:45:47.425,213.26,0.114159846561,0.0,0
2018-05-27 17:45:47.518,214.8,0.114159846561,0.0,0
2018-05-27 17:45:47.611,215.09,0.114159846561,0.0,0
2018-05-27 17:45:47.704,214.88,0.114159846561,0.0,0
2018-05-27 17:45:47.881,216.98,0.114159846561,0.0,0
2018-05-27 17:45:48.136,216.25,0.114159846561,0.0,0
2018-05-27 17:45:48.220,217.11,0.114159846561,0.0,0
2018-05-27 17:45:48.313,216.19,0.114159846561,0.0,0
2018-05-27 17:45:48.397,216.55,0.114159846561,0.0,0
2018-05-27 17:45:48.490,217.71,0.114159846561,0.0,0
2018-05-27 17:45:48.584,219.22,0.114159846561,0.0,0
2018-05-27 17:45:48.667,217.44,0.114159846561,0.0,0
2018-05-27 17:45:49.015,217.63,0.114159846561,0.0,0
2018-05-27 17:45:49.202,219.58,0.114159846561,0.0,0
2018-05-27 17:45:49.390,219.59,0.114159846561,0.0,0
2018-05-27 17:45:49.565,220.14,0.114159846561,0.0,0
2018-05-27 17:45:49.751,221.35,0.114159846561,0.0,0
2018-05-27 17:45:49.844,221.01,0.114159846561,0.0,0
2018-05-27 17:45:50.183,221.04,0.114159846561,0.0,0
2018-05-27 17:45:50.276,221.55,0.114159846561,0.0,0
2018-05-27 17:45:50.369,223.63,0.114159846561,0.0,0
2018-05-27 17:45:50.453,222.46,0.114159846561,0.0,0
2018-05-27 17:45:50.546,222.5,0.114159846561,0.0,0
2018-05-27 17:45:50.826,223.96,0.114159846561,0.0,0
2018-05-27 17:45:51.071,225.19,0.114159846561,0.0,0
2018-05-27 17:45:51.164,224.67,0.114159846561,0.0,0
2018-05-27 17:45:51.346,225.63,0.114159846561,0.0,0
2018-05-27 17:45:51.434,225.78,0.114159846561,0.0,0
2018-05-27 17:45:51.695,224.76,0.114159846561,0.0,0
2018-05-27 17:45:51.788,224.89,0.114159846561,0.0,0
2018-05-27 17:45:51.881,225.67,0.114159846561,0.0,0
2018-05-27 17:45:52.127,225.66,0.114159846561,0.0,0
2018-05-27 17:45:52.211,227.17,0.114159846561,0.0,0
2018-05-27 17:45:52.304,226.73,0.114159846561,0.0,0
2018-05-27 17:45:52.760,228.37,0.114159846561,0.0,0
2018-05-27 17:45:53.109,226.59,0.114159846561,0.0,0
2018-05-27 17:45:53.202,228.07,0.114159846561,0.0,0
2018-05-27 17:45:53.295,228.45,0.114159846561,0.0,0
2018-05-27 17:45:53.379,228.05,0.114159846561,0.0,0
2018-05-27 17:45:53.565,228.38,0.114159846561,0.0,0
2018-05-27 17:45:53.658,227.71,0.114159846561,0.0,0
2018-05-27 17:45:53.751,228.51,0.114159846561,0.0,0
2018-05-27 17:45:54.006,228.93,0.114159846561,0.0,0
2018-05-27 17:45:54.192,229.02,0.114159846561,0.0,0
2018-05-27 17:45:54.286,229.07,0.114159846561,0.0,0
2018-05-27 17:45:54.556,229.78,0.114159846561,0.0,0
2018-05-27 17:45:54.649,229.7,0.114159846561,0.0,0
2018-05-27 17:45:54.835,230.9,0.114159846561,0.0,0
2018-05-27 17:45:54.928,230.11,0.114159846561,0.0,0
2018-05-27 17:45:55.183,231.08,0.114159846561,0.0,0
2018-05-27 17:45:55.276,229.88,0.114159846561,0.0,0
2018-05-27 17:45:55.453,229.97,0.114159846561,0.0,0
2018-05-27 17:45:55.640,227.4,0.114159846561,0.0,0
2018-05-27 17:45:55.733,226.47,0.114159846561,0.0,0
2018-05-27 17:45:55.826,224.46,0.114159846561,0.0,0
2018-05-27 17:45:55.919,223.54,0.114159846561,0.0,0
2018-05-27 17:45:56.174,222.71,0.114159846561,0.0,0
2018-05-27 17:45:56.631,216.65,0.114159846561,0.0,0
2018-05-27 17:45:56.719,215.72,0.114159846561,0.0,0
2018-05-27 17:45:56.905,215.28,0.114159846561,0.0,0
2018-05-27 17:45:57.063,212.42,0.114159846561,0.0,0
2018-05-27 17:45:57.146,211.48,0.114159846561,0.0,0
2018-05-27 17:45:57.239,210.94,0.114159846561,0.0,0
2018-05-27 17:45:57.333,210.53,0.114159846561,0.0,0
2018-05-27 17:45:57.425,208.71,0.114159846561,0.0,0
2018-05-27 17:45:57.519,209.87,0.114159846561,0.0,0
2018-05-27 17:45:57.612,208.67,0.114159846561,0.0,0
2018-05-27 17:45:58.230,208.13,0.114159846561,0.0,0
2018-05-27 17:45:58.323,206.99,0.114159846561,0.0,0
2018-05-27 17:45:58.677,206.76,0.114159846561,0.0,0
2018-05-27 17:45:58.863,206.11,0.114159846561,0.0,0
2018-05-27 17:45:59.295,206.5,0.114159846561,0.0,0
2018-05-27 17:45:59.659,207.21,0.114159846561,0.0,0
2018-05-27 17:45:59.929,208.1,0.114159846561,0.0,0
2018-05-27 17:46:00.184,209.01,0.114159846561,0.0,0
2018-05-27 17:46:00.370,209.48,0.114159846561,0.0,0
2018-05-27 17:46:00.547,207.98,0.114159846561,0.0,0
2018-05-27 17:46:00.640,209.62,0.114159846561,0.0,0
2018-05-27 17:46:00.733,208.7,0.114159846561,0.0,0
2018-05-27 17:46:00.826,209.6,0.114159846561,0.0,0
2018-05-27 17:46:01.072,210.04,0.114159846561,0.0,0
2018-05-27 17:46:01.165,209.48,0.114159846561,0.0,0
2018-05-27 17:46:01.347,211.36,0.114159846561,0.0,0
2018-05-27 17:46:01.435,210.77,0.114159846561,0.0,0
2018-05-27 17:46:01.519,210.73,0.114159846561,0.0,0
2018-05-27 17:46:01.696,211.64,0.114159846561,0.0,0
2018-05-27 17:46:01.882,212.26,0.114159846561,0.0,0
2018-05-27 17:46:02.044,213.78,0.114159846561,0.0,0
2018-05-27 17:46:02.137,213.61,0.114159846561,0.0,0
2018-05-27 17:46:02.323,214.65,0.114159846561,0.0,0
2018-05-27 17:46:02.584,215.8,0.114159846561,0.0,0
2018-05-27 17:46:02.864,216.55,0.114159846561,0.0,0
2018-05-27 17:46:03.026,215.74,0.114159846561,0.0,0
2018-05-27 17:46:03.119,216.06,0.114159846561,0.0,0
2018-05-27 17:46:03.677,213.17,0.114159846561,0.0,0
2018-05-27 17:46:04.025,209.65,0.114159846561,0.0,0
2018-05-27 17:46:04.119,209.58,0.114159846561,0.0,0
2018-05-27 17:46:04.212,209.91,0.114159846561,0.0,0
2018-05-27 17:46:04.482,208.69,0.114159846561,0.0,0
2018-05-27 17:46:04.668,207.97,0.114159846561,0.0,0
2018-05-27 17:46:04.761,206.34,0.114159846561,0.0,0
2018-05-27 17:46:05.016,206.47,0.114159846561,0.0,0
2018-05-27 17:46:05.203,206.38,0.114159846561,0.0,0
2018-05-27 17:46:05.296,206.25,0.114159846561,0.0,0
2018-05-27 17:46:05.379,205.51,0.114159846561,0.0,0
2018-05-27 17:46:05.473,207.44,0.114159846561,0.0,0
2018-05-27 17:46:05.659,207.09,0.114159846561,0.0,0
2018-05-27 17:46:05.845,207.31,0.114159846561,0.0,0
2018-05-27 17:46:06.100,206.75,0.114159846561,0.0,0
2018-05-27 17:46:06.193,205.98,0.114159846561,0.0,0
2018-05-27 17:46:06.287,207.81,0.114159846561,0.0,0
2018-05-27 17:46:06.389,207.03,0.114159846561,0.0,0
2018-05-27 17:46:06.482,206.99,0.114159846561,0.0,0
2018-05-27 17:46:06.575,206.54,0.114159846561,0.0,0
2018-05-27 17:46:06.668,207.73,0.114159846561,0.0,0
2018-05-27 17:46:06.854,208.29,0.114159846561,0.0,0
2018-05-27 17:46:07.110,208.74,0.114159846561,0.0,0
2018-05-27 17:46:07.297,209.18,0.114159846561,0.0,0
2018-05-27 17:46:07.380,209.08,0.114159846561,0.0,0
2018-05-27 17:46:07.473,209.66,0.114159846561,0.0,0
2018-05-27 17:46:07.566,209.35,0.114159846561,0.0,0
2018-05-27 17:46:07.659,210.18,0.114159846561,0.0,0
2018-05-27 17:46:07.752,209.95,0.114159846561,0.0,0
2018-05-27 17:46:08.092,210.07,0.114159846561,0.0,0
2018-05-27 17:46:08.352,212.26,0.114159846561,0.0,0
2018-05-27 17:46:08.445,213.77,0.114159846561,0.0,0
2018-05-27 17:46:08.538,211.67,0.114159846561,0.0,0
2018-05-27 17:46:08.799,213.75,0.114159846561,0.0,0
2018-05-27 17:46:08.906,214.17,0.114159846561,0.0,0
2018-05-27 17:46:09.063,215.11,0.114159846561,0.0,0
2018-05-27 17:46:09.147,215.13,0.114159846561,0.0,0
2018-05-27 17:46:09.240,216.49,0.114159846561,0.0,0
2018-05-27 17:46:09.334,217.34,0.114159846561,0.0,0
2018-05-27 17:46:09.426,217.31,0.114159846561,0.0,0
2018-05-27 17:46:09.519,217.4,0.114159846561,0.0,0
2018-05-27 17:46:09.612,217.73,0.114159846561,0.0,0
2018-05-27 17:46:09.706,216.75,0.114159846561,0.0,0
2018-05-27 17:46:09.790,219.25,0.114159846561,0.0,0
2018-05-27 17:46:10.044,218.3,0.114159846561,0.0,0
2018-05-27 17:46:10.138,219.86,0.114159846561,0.0,0
2018-05-27 17:46:10.324,219.0,0.114159846561,0.0,0
2018-05-27 17:46:10.417,219.59,0.114159846561,0.0,0
2018-05-27 17:46:10.501,219.1,0.114159846561,0.0,0
2018-05-27 17:46:10.594,219.15,0.114159846561,0.0,0
2018-05-27 17:46:10.678,220.52,0.114159846561,0.0,0
2018-05-27 17:46:10.771,220.61,0.114159846561,0.0,0
2018-05-27 17:46:10.864,221.8,0.114159846561,0.0,0
2018-05-27 17:46:11.026,221.78,0.114159846561,0.0,0
2018-05-27 17:46:11.119,221.99,0.114159846561,0.0,0
2018-05-27 17:46:11.212,221.17,0.114159846561,0.0,0
2018-05-27 17:46:11.305,223.44,0.114159846561,0.0,0
2018-05-27 17:46:11.398,223.89,0.114159846561,0.0,0
2018-05-27 17:46:11.482,222.87,0.114159846561,0.0,0
2018-05-27 17:46:11.566,222.77,0.114159846561,0.0,0
2018-05-27 17:46:11.659,223.24,0.114159846561,0.0,0
2018-05-27 17:46:11.846,224.79,0.114159846561,0.0,0
2018-05-27 17:46:12.007,225.47,0.114159846561,0.0,0
2018-05-27 17:46:12.100,224.57,0.114159846561,0.0,0
2018-05-27 17:46:12.194,225.34,0.114159846561,0.0,0
2018-05-27 17:46:12.287,224.62,0.114159846561,0.0,0
2018-05-27 17:46:12.371,226.54,0.114159846561,0.0,0
2018-05-27 17:46:12.548,226.17,0.114159846561,0.0,0
2018-05-27 17:46:12.641,227.34,0.114159846561,0.0,0
2018-05-27 17:46:12.734,227.17,0.114159846561,0.0,0
2018-05-27 17:46:12.827,226.91,0.114159846561,0.0,0
2018-05-27 17:46:12.920,225.75,0.114159846561,0.0,0
2018-05-27 17:46:13.082,225.17,0.114159846561,0.0,0
2018-05-27 17:46:13.175,225.96,0.114159846561,0.0,0
2018-05-27 17:46:13.268,225.82,0.114159846561,0.0,0
2018-05-27 17:46:13.352,226.69,0.114159846561,0.0,0
2018-05-27 17:46:13.538,227.19,0.114159846561,0.0,0
2018-05-27 17:46:13.725,227.25,0.114159846561,0.0,0
2018-05-27 17:46:13.818,226.79,0.114159846561,0.0,0
2018-05-27 17:46:13.906,228.22,0.114159846561,0.0,0
2018-05-27 17:46:14.063,227.67,0.114159846561,0.0,0
2018-05-27 17:46:14.240,229.02,0.114159846561,0.0,0
2018-05-27 17:46:14.417,227.86,0.114159846561,0.0,0
2018-05-27 17:46:14.604,228.98,0.114159846561,0.0,0
2018-05-27 17:46:14.697,229.0,0.114159846561,0.0,0
2018-05-27 17:46:14.883,229.79,0.114159846561,0.0,0
2018-05-27 17:46:15.045,230.81,0.114159846561,0.0,0
2018-05-27 17:46:15.138,230.67,0.114159846561,0.0,0
2018-05-27 17:46:15.325,231.56,0.114159846561,0.0,0
2018-05-27 17:46:15.408,230.28,0.114159846561,0.0,0
2018-05-27 17:46:15.585,231.7,0.114159846561,0.0,0
2018-05-27 17:46:15.678,231.82,0.114159846561,0.0,0
2018-05-27 17:46:15.771,232.23,0.114159846561,0.0,0
2018-05-27 17:46:16.119,232.71,0.114159846561,0.0,0
2018-05-27 17:46:16.213,232.95,0.114159846561,0.0,0
2018-05-27 17:46:16.296,231.89,0.114159846561,0.0,0
2018-05-27 17:46:16.380,233.56,0.114159846561,0.0,0
2018-05-27 17:46:16.473,232.63,0.114159846561,0.0,0
2018-05-27 17:46:16.567,231.15,0.114159846561,0.0,0
2018-05-27 17:46:16.660,229.91,0.114159846561,0.0,0
2018-05-27 17:46:17.101,224.41,0.114159846561,0.0,0
2018-05-27 17:46:17.185,224.64,0.114159846561,0.0,0
2018-05-27 17:46:17.278,222.49,0.114159846561,0.0,0
2018-05-27 17:46:17.727,216.82,0.114159846561,0.0,0
2018-05-27 17:46:17.906,215.71,0.114159846561,0.0,0
2018-05-27 17:46:18.064,215.74,0.114159846561,0.0,0
2018-05-27 17:46:18.325,213.06,0.114159846561,0.0,0
2018-05-27 17:46:18.595,211.1,0.114159846561,0.0,0
2018-05-27 17:46:18.680,209.93,0.114159846561,0.0,0
2018-05-27 17:46:18.763,209.58,0.114159846561,0.0,0
2018-05-27 17:46:18.858,209.65,0.114159846561,0.0,0
2018-05-27 17:46:19.017,210.03,0.114159846561,0.0,0
2018-05-27 17:46:19.194,207.94,0.114159846561,0.0,0
2018-05-27 17:46:19.269,209.4,0.114159846561,0.0,0
2018-05-27 17:46:19.381,207.34,0.114159846561,0.0,0
2018-05-27 17:46:19.651,206.44,0.114159846561,0.0,0
2018-05-27 17:46:19.744,207.86,0.114159846561,0.0,0
2018-05-27 17:46:19.837,206.37,0.114159846561,0.0,0
2018-05-27 17:46:19.930,207.0,0.114159846561,0.0,0
2018-05-27 17:46:20.092,205.88,0.114159846561,0.0,0
2018-05-27 17:46:20.185,204.82,0.114159846561,0.0,0
2018-05-27 17:46:20.269,204.6,0.114159846561,0.0,0
2018-05-27 17:46:20.446,206.37,0.11600562831,0.0,0
2018-05-27 17:46:20.539,204.34,0.11600562831,0.0,0
2018-05-27 17:46:20.632,206.12,0.11600562831,0.0,0
2018-05-27 17:46:20.725,204.93,0.11600562831,0.0,0
2018-05-27 17:46:20.818,206.03,0.11600562831,0.0,0
2018-05-27 17:46:20.907,205.26,0.11600562831,0.0,0
2018-05-27 17:46:21.064,204.9,0.11600562831,0.0,0
2018-05-27 17:46:21.148,204.89,0.11600562831,0.0,0
2018-05-27 17:46:21.241,204.45,0.11600562831,0.0,0
2018-05-27 17:46:21.334,206.95,0.11600562831,0.0,0
2018-05-27 17:46:21.521,206.68,0.11600562831,0.0,0
2018-05-27 17:46:21.614,206.27,0.11600562831,0.0,0
2018-05-27 17:46:21.707,206.88,0.11600562831,0.0,0
2018-05-27 17:46:21.800,205.62,0.11600562831,0.0,0
2018-05-27 17:46:21.894,207.68,0.11600562831,0.0,0
2018-05-27 17:46:22.046,207.76,0.11600562831,0.0,0
2018-05-27 17:46:22.139,206.66,0.11600562831,0.0,0
2018-05-27 17:46:22.232,207.42,0.11600562831,0.0,0
2018-05-27 17:46:22.325,207.39,0.11600562831,0.0,0
2018-05-27 17:46:22.418,208.05,0.11600562831,0.0,0
2018-05-27 17:46:22.511,208.47,0.11600562831,0.0,0
2018-05-27 17:46:22.604,209.13,0.11600562831,0.0,0
2018-05-27 17:46:22.791,209.59,0.11600562831,0.0,0
2018-05-27 17:46:22.874,210.23,0.11600562831,0.0,0
2018-05-27 17:46:23.120,210.73,0.11600562831,0.0,0
2018-05-27 17:46:23.213,212.36,0.11600562831,0.0,0
2018-05-27 17:46:23.306,211.44,0.11600562831,0.0,0
2018-05-27 17:46:23.400,212.32,0.11600562831,0.0,0
2018-05-27 17:46:23.483,211.84,0.11600562831,0.0,0
2018-05-27 17:46:23.577,214.47,0.11600562831,0.0,0
2018-05-27 17:46:23.660,214.61,0.11600562831,0.0,0
2018-05-27 17:46:24.102,212.49,0.11600562831,0.0,0
2018-05-27 17:46:24.465,210.65,0.11600562831,0.0,0
2018-05-27 17:46:24.558,211.7,0.11600562831,0.0,0
2018-05-27 17:46:24.828,208.31,0.11600562831,0.0,0
2018-05-27 17:46:24.921,207.44,0.11600562831,0.0,0
2018-05-27 17:46:25.176,205.85,0.11600562831,0.0,0
2018-05-27 17:46:25.530,205.16,0.11600562831,0.0,0
2018-05-27 17:46:25.614,204.61,0.11600562831,0.0,0
2018-05-27 17:46:25.707,205.97,0.11600562831,0.0,0
2018-05-27 17:46:25.800,205.34,0.11600562831,0.0,0
2018-05-27 17:46:25.893,205.86,0.11600562831,0.0,0
2018-05-27 17:46:26.055,204.46,0.11600562831,0.0,0
2018-05-27 17:46:26.148,204.47,0.11600562831,0.0,0
2018-05-27 17:46:26.241,205.53,0.11600562831,0.0,0
2018-05-27 17:46:26.335,204.12,0.11600562831,0.0,0
2018-05-27 17:46:26.428,206.1,0.11600562831,0.0,0
2018-05-27 17:46:26.512,206.27,0.11600562831,0.0,0
2018-05-27 17:46:26.605,205.47,0.11600562831,0.0,0
2018-05-27 17:46:26.698,206.61,0.11600562831,0.0,0
2018-05-27 17:46:26.791,204.63,0.11600562831,0.0,0
2018-05-27 17:46:26.884,205.81,0.11600562831,0.0,0
2018-05-27 17:46:27.046,205.96,0.11600562831,0.0,0
2018-05-27 17:46:27.139,204.99,0.11600562831,0.0,0
2018-05-27 17:46:27.232,207.02,0.11600562831,0.0,0
2018-05-27 17:46:27.325,205.12,0.11600562831,0.0,0
2018-05-27 17:46:27.409,205.0,0.11600562831,0.0,0
2018-05-27 17:46:46.746,207.63,0.11600562831,0.0,0
2018-05-27 17:46:46.839,207.2,0.11600562831,0.0,0
2018-05-27 17:46:47.094,207.24,0.11600562831,0.0,0
2018-05-27 17:46:47.365,205.83,0.11600562831,0.0,0
2018-05-27 17:46:47.737,206.17,0.11600562831,0.0,0
2018-05-27 17:46:47.830,207.52,0.11600562831,0.0,0
2018-05-27 17:46:47.923,205.97,0.11600562831,0.0,0
2018-05-27 17:46:48.085,206.52,0.11600562831,0.0,0
2018-05-27 17:46:48.271,206.72,0.11600562831,0.0,0
2018-05-27 17:46:48.355,207.12,0.11600562831,0.0,0
2018-05-27 17:46:48.541,205.7,0.11600562831,0.0,0
2018-05-27 17:46:48.634,206.5,0.11600562831,0.0,0
2018-05-27 17:46:48.909,208.21,0.11600562831,0.0,0
2018-05-27 17:46:49.066,206.05,0.11600562831,0.0,0
2018-05-27 17:46:49.150,205.84,0.11600562831,0.0,0
2018-05-27 17:46:49.234,207.01,0.11600562831,0.0,0
2018-05-27 17:46:49.327,208.88,0.11600562831,0.0,0
2018-05-27 17:46:49.411,208.07,0.11600562831,0.0,0
2018-05-27 17:46:49.681,208.09,0.11600562831,0.0,0
2018-05-27 17:46:49.774,208.51,0.11600562831,0.0,0
2018-05-27 17:46:49.867,208.2,0.11600562831,0.0,0
2018-05-27 17:46:50.113,210.14,0.11600562831,0.0,0
2018-05-27 17:46:50.383,211.47,0.11600562831,0.0,0
2018-05-27 17:46:50.470,211.95,0.11600562831,0.0,0
2018-05-27 17:46:50.560,209.72,0.11600562831,0.0,0
2018-05-27 17:46:50.653,212.0,0.11600562831,0.0,0
2018-05-27 17:46:50.746,212.52,0.11600562831,0.0,0
2018-05-27 17:46:51.002,213.95,0.11600562831,0.0,0
2018-05-27 17:46:51.088,214.73,0.11600562831,0.0,0
2018-05-27 17:46:51.271,213.42,0.11600562831,0.0,0
2018-05-27 17:46:51.364,215.74,0.11600562831,0.0,0
2018-05-27 17:46:51.448,216.24,0.11600562831,0.0,0
2018-05-27 17:46:51.542,214.64,0.11600562831,0.0,0
2018-05-27 17:46:51.625,216.51,0.11600562831,0.0,0
2018-05-27 17:46:51.709,216.76,0.11600562831,0.0,0
2018-05-27 17:46:51.895,216.87,0.11600562831,0.0,0
2018-05-27 17:46:52.057,217.24,0.11600562831,0.0,0
2018-05-27 17:46:52.150,218.34,0.11600562831,0.0,0
2018-05-27 17:46:52.337,217.03,0.11600562831,0.0,0
2018-05-27 17:46:52.430,219.75,0.11600562831,0.0,0
2018-05-27 17:46:52.513,218.59,0.11600562831,0.0,0
2018-05-27 17:46:52.607,220.29,0.11600562831,0.0,0
2018-05-27 17:46:52.700,219.88,0.11600562831,0.0,0
2018-05-27 17:46:52.793,219.34,0.116004040079,0.0,0
2018-05-27 17:46:53.048,221.78,0.116004040079,0.0,0
2018-05-27 17:46:53.141,222.83,0.116004040079,0.0,0
2018-05-27 17:46:53.234,221.46,0.116004040079,0.0,0
2018-05-27 17:46:53.327,221.89,0.116004040079,0.0,0
2018-05-27 17:46:53.420,221.9,0.116004040079,0.0,0
2018-05-27 17:46:53.504,221.79,0.116004040079,0.0,0
2018-05-27 17:46:53.597,223.02,0.116004040079,0.0,0
2018-05-27 17:46:53.691,223.58,0.116004040079,0.0,0
2018-05-27 17:46:53.784,224.81,0.116004040079,0.0,0
2018-05-27 17:46:53.877,225.38,0.116004040079,0.0,0
2018-05-27 17:46:54.132,224.07,0.116004040079,0.0,0
2018-05-27 17:46:54.225,224.25,0.116004040079,0.0,0
2018-05-27 17:46:54.318,225.04,0.116004040079,0.0,0
2018-05-27 17:46:54.402,225.23,0.116004040079,0.0,0
2018-05-27 17:46:54.495,225.09,0.116004040079,0.0,0
2018-05-27 17:46:54.588,225.97,0.116004040079,0.0,0
2018-05-27 17:46:54.681,225.66,0.116004040079,0.0,0
2018-05-27 17:46:54.774,226.61,0.116004040079,0.0,0
2018-05-27 17:46:54.868,226.53,0.116004040079,0.0,0
2018-05-27 17:46:55.122,226.42,0.116004040079,0.0,0
2018-05-27 17:46:55.216,225.93,0.116004040079,0.0,0
2018-05-27 17:46:55.309,226.83,0.116004040079,0.0,0
2018-05-27 17:46:55.393,228.34,0.116004040079,0.0,0
2018-05-27 17:46:55.579,229.03,0.116004040079,0.0,0
2018-05-27 17:46:55.765,228.36,0.116004040079,0.0,0
2018-05-27 17:46:56.113,228.74,0.116004040079,0.0,0
2018-05-27 17:46:56.206,230.3,0.116004040079,0.0,0
2018-05-27 17:46:56.476,231.62,0.116004040079,0.0,0
2018-05-27 17:46:56.570,231.38,0.116004040079,0.0,0
2018-05-27 17:46:56.663,230.88,0.116004040079,0.0,0
2018-05-27 17:46:56.756,231.0,0.116004040079,0.0,0
2018-05-27 17:46:56.849,231.02,0.116004040079,0.0,0
2018-05-27 17:46:57.011,231.1,0.116004040079,0.0,0
2018-05-27 17:46:57.365,232.02,0.116004040079,0.0,0
2018-05-27 17:46:57.458,231.01,0.116004040079,0.0,0
2018-05-27 17:46:57.551,231.21,0.116004040079,0.0,0
2018-05-27 17:46:57.644,229.65,0.116004040079,0.0,0
2018-05-27 17:46:57.830,226.73,0.116004040079,0.0,0
2018-05-27 17:46:57.924,226.72,0.116004040079,0.0,0
2018-05-27 17:46:58.085,225.04,0.116004040079,0.0,0
2018-05-27 17:46:58.262,222.97,0.116004040079,0.0,0
2018-05-27 17:46:58.710,218.15,0.116004040079,0.0,0
2018-05-27 17:46:58.803,218.34,0.116004040079,0.0,0
2018-05-27 17:46:59.141,216.21,0.116004040079,0.0,0
2018-05-27 17:46:59.235,214.65,0.116004040079,0.0,0
2018-05-27 17:46:59.412,212.66,0.116004040079,0.0,0
2018-05-27 17:46:59.495,212.26,0.116004040079,0.0,0
2018-05-27 17:46:59.682,210.41,0.116004040079,0.0,0
2018-05-27 17:46:59.775,209.93,0.116004040079,0.0,0
2018-05-27 17:47:00.207,209.13,0.116004040079,0.0,0
2018-05-27 17:47:00.300,207.06,0.116004040079,0.0,0
2018-05-27 17:47:00.393,207.65,0.116004040079,0.0,0
2018-05-27 17:47:00.663,205.91,0.116004040079,0.0,0
2018-05-27 17:47:00.747,206.01,0.116004040079,0.0,0
2018-05-27 17:47:01.188,205.04,0.116004040079,0.0,0
2018-05-27 17:47:01.281,206.36,0.116004040079,0.0,0
2018-05-27 17:47:01.374,204.46,0.116004040079,0.0,0
2018-05-27 17:47:01.458,203.46,0.116004040079,0.0,0
2018-05-27 17:47:01.821,202.05,0.116004040079,0.0,0
2018-05-27 17:47:02.170,200.72,0.116004040079,0.0,0
2018-05-27 17:47:02.263,203.06,0.116004040079,0.0,0
2018-05-27 17:47:02.356,200.72,0.116004040079,0.0,0
2018-05-27 17:47:02.440,201.45,0.116004040079,0.0,0
2018-05-27 17:47:02.524,201.98,0.116004040079,0.0,0
2018-05-27 17:47:02.710,201.39,0.116004040079,0.0,0
2018-05-27 17:47:02.803,201.09,0.116004040079,0.0,0
2018-05-27 17:47:02.896,200.5,0.116004040079,0.0,0
2018-05-27 17:47:03.151,201.6,0.116004040079,0.0,0
2018-05-27 17:47:03.337,201.72,0.116004040079,0.0,0
2018-05-27 17:47:03.421,201.78,0.116004040079,0.0,0
2018-05-27 17:47:03.505,201.13,0.116004040079,0.0,0
2018-05-27 17:47:03.682,203.04,0.116004040079,0.0,0
2018-05-27 17:47:03.775,201.42,0.116004040079,0.0,0
2018-05-27 17:47:03.868,202.92,0.116004040079,0.0,0
2018-05-27 17:47:04.123,202.68,0.116004040079,0.0,0
2018-05-27 17:47:04.216,204.13,0.116004040079,0.0,0
2018-05-27 17:47:04.393,203.77,0.116004040079,0.0,0
2018-05-27 17:47:04.486,203.06,0.116004040079,0.0,0
2018-05-27 17:47:04.579,205.36,0.116004040079,0.0,0
2018-05-27 17:47:04.766,205.95,0.116004040079,0.0,0
2018-05-27 17:47:04.859,204.42,0.116004040079,0.0,0
2018-05-27 17:47:05.207,206.73,0.116004040079,0.0,0
2018-05-27 17:47:05.477,207.29,0.116004040079,0.0,0
2018-05-27 17:47:05.570,208.18,0.116004040079,0.0,0
2018-05-27 17:47:05.663,208.84,0.116004040079,0.0,0
2018-05-27 17:47:05.850,210.26,0.116004040079,0.0,0
2018-05-27 17:47:06.011,210.21,0.116004040079,0.0,0
2018-05-27 17:47:06.375,213.34,0.116004040079,0.0,0
2018-05-27 17:47:06.654,213.27,0.116004040079,0.0,0
2018-05-27 17:47:07.282,208.67,0.116004040079,0.0,0
2018-05-27 17:47:07.459,208.94,0.116004040079,0.0,0
2018-05-27 17:47:07.645,206.86,0.116004040079,0.0,0
2018-05-27 17:47:07.738,205.86,0.116004040079,0.0,0
2018-05-27 17:47:07.831,205.76,0.116004040079,0.0,0
2018-05-27 17:47:08.086,202.74,0.116004040079,0.0,0
2018-05-27 17:47:08.273,202.26,0.116004040079,0.0,0
2018-05-27 17:47:08.449,200.51,0.116004040079,0.0,0
2018-05-27 17:47:08.636,199.02,0.116004040079,0.0,0
2018-05-27 17:47:08.729,198.75,0.116004040079,0.0,0
2018-05-27 17:47:08.910,199.24,0.116004040079,0.0,0
2018-05-27 17:47:09.067,199.94,0.116004040079,0.0,0
2018-05-27 17:47:09.151,200.56,0.116004040079,0.0,0
2018-05-27 17:47:09.328,200.12,0.116004040079,0.0,0
2018-05-27 17:47:09.421,199.97,0.116004040079,0.0,0
2018-05-27 17:47:09.515,201.16,0.116004040079,0.0,0
2018-05-27 17:47:09.608,200.21,0.116004040079,0.0,0
2018-05-27 17:47:09.701,200.36,0.116004040079,0.0,0
2018-05-27 17:47:09.887,199.39,0.116004040079,0.0,0
2018-05-27 17:47:10.049,198.15,0.116004040079,0.0,0
2018-05-27 17:47:10.226,196.59,0.116004040079,0.0,0
2018-05-27 17:47:10.767,197.0,0.116004040079,0.0,0
2018-05-27 17:47:10.850,197.74,0.116004040079,0.0,0
2018-05-27 17:47:11.012,197.84,0.116004040079,0.0,0
2018-05-27 17:47:11.105,198.98,0.116004040079,0.0,0
2018-05-27 17:47:11.198,199.95,0.116004040079,0.0,0
2018-05-27 17:47:11.291,197.99,0.116004040079,0.0,0
2018-05-27 17:47:11.468,199.03,0.116004040079,0.0,0
2018-05-27 17:47:11.561,199.91,0.116004040079,0.0,0
2018-05-27 17:47:11.654,200.58,0.116004040079,0.0,0
2018-05-27 17:47:11.831,201.14,0.116004040079,0.0,0
2018-05-27 17:47:11.924,202.24,0.116004040079,0.0,0
2018-05-27 17:47:12.086,203.36,0.116004040079,0.0,0
2018-05-27 17:47:12.273,203.62,0.116004040079,0.0,0
2018-05-27 17:47:12.366,203.15,0.116004040079,0.0,0
2018-05-27 17:47:12.449,204.07,0.116004040079,0.0,0
2018-05-27 17:47:12.724,206.39,0.116004040079,0.0,0
2018-05-27 17:47:12.813,204.96,0.116004040079,0.0,0
2018-05-27 17:47:13.058,207.42,0.116004040079,0.0,0
2018-05-27 17:47:13.151,207.25,0.116004040079,0.0,0
2018-05-27 17:47:13.328,209.08,0.116004040079,0.0,0
2018-05-27 17:47:13.422,208.15,0.116004040079,0.0,0
2018-05-27 17:47:13.505,208.17,0.116004040079,0.0,0
2018-05-27 17:47:14.030,210.09,0.116004040079,0.0,0
2018-05-27 17:47:14.124,210.71,0.116004040079,0.0,0
2018-05-27 17:47:14.403,212.88,0.116004040079,0.0,0
2018-05-27 17:47:14.487,213.45,0.116004040079,0.0,0
2018-05-27 17:47:14.580,212.48,0.116004040079,0.0,0
2018-05-27 17:47:14.673,213.73,0.116004040079,0.0,0
2018-05-27 17:47:14.859,213.98,0.116004040079,0.0,0
2018-05-27 17:47:15.021,214.29,0.116004040079,0.0,0
2018-05-27 17:47:15.114,215.96,0.116004040079,0.0,0
2018-05-27 17:47:15.207,214.81,0.116004040079,0.0,0
2018-05-27 17:47:15.301,216.62,0.116004040079,0.0,0
2018-05-27 17:47:15.385,215.38,0.116004040079,0.0,0
2018-05-27 17:47:15.571,216.15,0.116004040079,0.0,0
2018-05-27 17:47:15.757,218.31,0.116004040079,0.0,0
2018-05-27 17:47:15.850,217.99,0.116004040079,0.0,0
2018-05-27 17:47:16.012,217.93,0.116004040079,0.0,0
2018-05-27 17:47:16.105,217.71,0.116004040079,0.0,0
2018-05-27 17:47:16.198,218.79,0.116004040079,0.0,0
2018-05-27 17:47:16.561,218.71,0.116004040079,0.0,0
2018-05-27 17:47:16.654,220.79,0.116004040079,0.0,0
2018-05-27 17:47:16.748,220.86,0.116004040079,0.0,0
2018-05-27 17:47:17.189,221.39,0.116004040079,0.0,0
2018-05-27 17:47:17.543,222.91,0.116004040079,0.0,0
2018-05-27 17:47:17.729,223.0,0.116004040079,0.0,0
2018-05-27 17:47:18.245,223.94,0.116004040079,0.0,0
2018-05-27 17:47:18.414,224.46,0.116004040079,0.0,0
2018-05-27 17:47:18.608,225.25,0.116004040079,0.0,0
2018-05-27 17:47:18.785,226.03,0.116004040079,0.0,0
2018-05-27 17:47:19.040,225.59,0.116004040079,0.0,0
2018-05-27 17:47:19.673,226.44,0.116004040079,0.0,0
2018-05-27 17:47:19.859,225.14,0.116004040079,0.0,0
2018-05-27 17:47:20.301,226.46,0.116004040079,0.0,0
2018-05-27 17:47:20.394,226.43,0.116004040079,0.0,0
2018-05-27 17:47:20.664,226.47,0.116004040079,0.0,0
2018-05-27 17:47:20.850,225.96,0.116004040079,0.0,0
2018-05-27 17:47:21.012,225.13,0.116004040079,0.0,0
2018-05-27 17:47:21.105,225.5,0.116004040079,0.0,0
2018-05-27 17:47:21.198,226.17,0.116004040079,0.0,0
2018-05-27 17:47:21.291,224.92,0.116004040079,0.0,0
2018-05-27 17:47:21.384,225.87,0.116004040079,0.0,0
2018-05-27 17:47:21.738,225.09,0.116004040079,0.0,0
2018-05-27 17:47:21.831,222.45,0.116004040079,0.0,0
2018-05-27 17:47:22.273,220.06,0.116004040079,0.0,0
2018-05-27 17:47:22.450,218.16,0.116004040079,0.0,0
2018-05-27 17:47:22.538,219.02,0.116004040079,0.0,0
2018-05-27 17:47:22.627,215.44,0.116004040079,0.0,0
2018-05-27 17:47:22.710,215.85,0.116004040079,0.0,0
2018-05-27 17:47:23.245,211.56,0.116004040079,0.0,0
2018-05-27 17:47:23.328,210.9,0.116004040079,0.0,0
2018-05-27 17:47:23.422,208.71,0.116004040079,0.0,0
2018-05-27 17:47:23.785,207.84,0.116004040079,0.0,0
2018-05-27 17:47:24.226,205.73,0.116004040079,0.0,0
2018-05-27 17:47:24.403,205.63,0.116004040079,0.0,0
2018-05-27 17:47:24.870,205.48,0.116004040079,0.0,0
2018-05-27 17:47:25.124,206.54,0.116004040079,0.0,0
2018-05-27 17:47:25.217,207.77,0.116004040079,0.0,0
2018-05-27 17:47:25.589,208.73,0.116004040079,0.0,0
2018-05-27 17:47:25.766,207.0,0.116004040079,0.0,0
2018-05-27 17:47:26.114,209.0,0.116004040079,0.0,0
2018-05-27 17:47:26.207,207.93,0.116004040079,0.0,0
2018-05-27 17:47:26.748,210.63,0.116004040079,0.0,0
2018-05-27 17:47:26.841,211.47,0.116004040079,0.0,0
2018-05-27 17:47:27.003,213.07,0.116004040079,0.0,0
2018-05-27 17:47:27.096,212.44,0.116004040079,0.0,0
2018-05-27 17:47:27.189,213.68,0.116004040079,0.0,0
2018-05-27 17:47:27.282,211.71,0.116004040079,0.0,0
2018-05-27 17:47:27.375,213.34,0.116004040079,0.0,0
2018-05-27 17:47:27.552,215.05,0.116004040079,0.0,0
2018-05-27 17:47:27.636,214.85,0.116004040079,0.0,0
2018-05-27 17:47:27.729,216.11,0.116004040079,0.0,0
2018-05-27 17:47:27.915,216.88,0.116004040079,0.0,0
2018-05-27 17:47:28.077,215.82,0.116004040079,0.0,0
2018-05-27 17:47:28.440,215.09,0.116004040079,0.0,0
2018-05-27 17:47:28.524,214.88,0.116004040079,0.0,0
2018-05-27 17:47:28.710,211.85,0.116004040079,0.0,0
2018-05-27 17:47:28.804,212.05,0.116004040079,0.0,0
2018-05-27 17:47:29.328,208.33,0.116004040079,0.0,0
2018-05-27 17:47:29.422,206.74,0.116004040079,0.0,0
2018-05-27 17:47:29.599,207.87,0.116004040079,0.0,0
2018-05-27 17:47:29.692,205.8,0.116004040079,0.0,0
2018-05-27 17:47:29.776,206.05,0.116004040079,0.0,0
2018-05-27 17:47:30.030,205.34,0.116004040079,0.0,0
2018-05-27 17:47:30.124,206.31,0.116004040079,0.0,0
2018-05-27 17:47:30.487,206.94,0.116004040079,0.0,0
2018-05-27 17:47:30.673,206.07,0.116004040079,0.0,0
2018-05-27 17:47:30.766,204.35,0.116004040079,0.0,0
2018-05-27 17:47:31.114,204.14,0.116004040079,0.0,0
2018-05-27 17:47:31.207,206.12,0.116004040079,0.0,0
2018-05-27 17:47:31.384,204.49,0.116004040079,0.0,0
2018-05-27 17:47:31.468,204.81,0.116004040079,0.0,0
2018-05-27 17:47:31.654,205.61,0.116004040079,0.0,0
2018-05-27 17:47:31.738,205.52,0.116004040079,0.0,0
2018-05-27 17:47:31.831,206.27,0.116004040079,0.0,0
2018-05-27 17:47:31.924,205.65,0.116004040079,0.0,0
2018-05-27 17:47:32.086,206.88,0.116004040079,0.0,0
2018-05-27 17:47:32.180,206.44,0.116004040079,0.0,0
2018-05-27 17:47:32.365,206.98,0.116004040079,0.0,0
2018-05-27 17:47:32.450,207.28,0.116004040079,0.0,0
2018-05-27 17:47:32.533,207.09,0.116004040079,0.0,0
2018-05-27 17:47:32.626,207.49,0.116004040079,0.0,0
2018-05-27 17:47:32.729,207.54,0.116004040079,0.0,0
2018-05-27 17:47:32.910,208.65,0.116004040079,0.0,0
2018-05-27 17:47:33.068,209.33,0.116004040079,0.0,0
2018-05-27 17:47:33.245,209.1,0.116004040079,0.0,0
2018-05-27 17:47:33.329,210.21,0.116004040079,0.0,0
2018-05-27 17:47:33.422,211.86,0.116004040079,0.0,0
2018-05-27 17:47:33.515,210.74,0.116004040079,0.0,0
2018-05-27 17:47:33.887,213.05,0.116004040079,0.0,0
2018-05-27 17:47:34.142,214.72,0.116004040079,0.0,0
2018-05-27 17:47:34.235,213.28,0.116004040079,0.0,0
2018-05-27 17:47:34.319,214.28,0.116004040079,0.0,0
2018-05-27 17:47:34.403,214.89,0.116004040079,0.0,0
2018-05-27 17:47:34.496,214.77,0.116004040079,0.0,0
2018-05-27 17:47:34.589,215.6,0.116004040079,0.0,0
2018-05-27 17:47:34.682,216.92,0.116004040079,0.0,0
2018-05-27 17:47:34.775,215.95,0.116004040079,0.0,0
2018-05-27 17:47:34.869,216.0,0.116004040079,0.0,0
2018-05-27 17:47:35.124,216.94,0.116004040079,0.0,0
2018-05-27 17:47:35.207,217.9,0.116004040079,0.0,0
2018-05-27 17:47:35.300,218.27,0.116004040079,0.0,0
2018-05-27 17:47:35.384,219.11,0.116004040079,0.0,0
2018-05-27 17:47:35.477,217.03,0.116004040079,0.0,0
2018-05-27 17:47:35.571,217.54,0.116004040079,0.0,0
2018-05-27 17:47:35.664,219.15,0.116004040079,0.0,0
2018-05-27 17:47:36.012,220.25,0.116004040079,0.0,0
2018-05-27 17:47:36.096,219.19,0.116004040079,0.0,0
2018-05-27 17:47:36.189,220.66,0.116004040079,0.0,0
2018-05-27 17:47:36.282,221.23,0.116004040079,0.0,0
2018-05-27 17:47:36.366,220.61,0.116004040079,0.0,0
2018-05-27 17:47:36.459,222.04,0.116004040079,0.0,0
2018-05-27 17:47:36.636,222.56,0.116004040079,0.0,0
2018-05-27 17:47:36.729,222.79,0.116004040079,0.0,0
2018-05-27 17:47:36.813,222.76,0.116004040079,0.0,0
2018-05-27 17:47:36.915,221.74,0.116004040079,0.0,0
2018-05-27 17:47:37.170,223.04,0.116004040079,0.0,0
2018-05-27 17:47:37.263,223.84,0.116004040079,0.0,0
2018-05-27 17:47:37.441,224.44,0.116004040079,0.0,0
2018-05-27 17:47:37.617,223.76,0.116004040079,0.0,0
2018-05-27 17:47:37.803,225.29,0.116004040079,0.0,0
2018-05-27 17:47:37.897,224.66,0.116004040079,0.0,0
2018-05-27 17:47:38.058,223.81,0.116004040079,0.0,0
2018-05-27 17:47:38.151,224.11,0.116004040079,0.0,0
2018-05-27 17:47:38.245,225.11,0.116004040079,0.0,0
2018-05-27 17:47:38.329,224.88,0.116004040079,0.0,0
2018-05-27 17:47:38.515,224.94,0.116004040079,0.0,0
2018-05-27 17:47:38.608,225.97,0.116004040079,0.0,0
2018-05-27 17:47:38.701,227.22,0.116004040079,0.0,0
2018-05-27 17:47:38.794,226.94,0.116004040079,0.0,0
2018-05-27 17:47:38.887,226.0,0.116004040079,0.0,0
2018-05-27 17:47:39.142,225.92,0.116004040079,0.0,0
2018-05-27 17:47:39.235,225.32,0.116004040079,0.0,0
2018-05-27 17:47:39.328,226.19,0.116004040079,0.0,0
2018-05-27 17:47:39.505,226.84,0.116004040079,0.0,0
2018-05-27 17:47:39.598,226.49,0.116004040079,0.0,0
2018-05-27 17:47:39.692,226.67,0.116004040079,0.0,0
2018-05-27 17:47:39.785,226.8,0.116004040079,0.0,0
2018-05-27 17:47:39.878,227.49,0.116004040079,0.0,0
2018-05-27 17:47:40.040,227.78,0.116004040079,0.0,0
2018-05-27 17:47:40.133,227.37,0.116004040079,0.0,0
2018-05-27 17:47:40.217,227.44,0.116004040079,0.0,0
2018-05-27 17:47:40.310,227.22,0.116004040079,0.0,0
2018-05-27 17:47:40.394,229.69,0.116004040079,0.0,0
2018-05-27 17:47:40.580,229.98,0.116004040079,0.0,0
2018-05-27 17:47:40.766,229.44,0.116004040079,0.0,0
2018-05-27 17:47:40.859,229.23,0.116004040079,0.0,0
2018-05-27 17:47:41.021,229.74,0.116004040079,0.0,0
2018-05-27 17:47:41.301,229.19,0.116004040079,0.0,0
2018-05-27 17:47:41.384,230.98,0.116240493884,0.0,0
2018-05-27 17:47:41.571,231.78,0.116240493884,0.0,0
2018-05-27 17:47:41.757,231.8,0.116240493884,0.0,0
2018-05-27 17:47:41.850,231.1,0.116240493884,0.0,0
2018-05-27 17:47:42.012,229.16,0.116240493884,0.0,0
2018-05-27 17:47:42.198,226.1,0.116240493884,0.0,0
2018-05-27 17:47:42.291,224.24,0.116240493884,0.0,0
2018-05-27 17:47:42.375,225.41,0.116240493884,0.0,0
2018-05-27 17:47:42.468,223.25,0.116240493884,0.0,0
2018-05-27 17:47:42.747,220.88,0.116240493884,0.0,0
2018-05-27 17:47:42.841,219.01,0.116240493884,0.0,0
2018-05-27 17:47:43.189,217.22,0.116240493884,0.0,0
2018-05-27 17:47:43.366,214.54,0.116240493884,0.0,0
2018-05-27 17:47:43.645,210.53,0.116240493884,0.0,0
2018-05-27 17:47:43.831,209.97,0.116240493884,0.0,0
2018-05-27 17:47:44.179,208.14,0.116240493884,0.0,0
2018-05-27 17:47:44.449,206.87,0.116240493884,0.0,0
2018-05-27 17:47:44.729,205.8,0.116240493884,0.0,0
2018-05-27 17:47:45.078,206.39,0.116240493884,0.0,0
2018-05-27 17:47:45.161,206.42,0.116240493884,0.0,0
2018-05-27 17:47:45.254,205.03,0.116240493884,0.0,0
2018-05-27 17:47:45.516,206.43,0.116240493884,0.0,0
2018-05-27 17:47:45.608,205.04,0.116240493884,0.0,0
2018-05-27 17:47:45.701,206.04,0.116240493884,0.0,0
2018-05-27 17:47:45.795,205.13,0.116240493884,0.0,0
2018-05-27 17:47:45.887,205.12,0.116240493884,0.0,0
2018-05-27 17:47:46.049,207.48,0.116240493884,0.0,0
2018-05-27 17:47:46.142,206.12,0.116240493884,0.0,0
2018-05-27 17:47:46.235,207.34,0.116240493884,0.0,0
2018-05-27 17:47:46.328,206.15,0.116240493884,0.0,0
2018-05-27 17:47:46.421,208.05,0.116240493884,0.0,0
2018-05-27 17:47:46.598,207.04,0.116240493884,0.0,0
2018-05-27 17:47:46.692,208.58,0.116240493884,0.0,0
2018-05-27 17:47:46.785,207.4,0.116240493884,0.0,0
2018-05-27 17:47:46.869,207.49,0.116240493884,0.0,0
2018-05-27 17:47:47.030,209.44,0.116240493884,0.0,0
2018-05-27 17:47:47.123,208.2,0.116240493884,0.0,0
2018-05-27 17:47:47.217,209.85,0.116240493884,0.0,0
2018-05-27 17:47:47.394,208.5,0.116240493884,0.0,0
2018-05-27 17:47:47.487,210.57,0.116240493884,0.0,0
2018-05-27 17:47:47.673,211.16,0.116240493884,0.0,0
2018-05-27 17:47:47.766,209.95,0.116240493884,0.0,0
2018-05-27 17:47:47.859,210.95,0.116240493884,0.0,0
2018-05-27 17:47:48.021,212.18,0.116240493884,0.0,0
2018-05-27 17:47:48.114,211.28,0.116240493884,0.0,0
2018-05-27 17:47:48.300,212.3,0.116240493884,0.0,0
2018-05-27 17:47:48.385,212.41,0.116240493884,0.0,0
2018-05-27 17:47:48.570,214.92,0.116240493884,0.0,0
2018-05-27 17:47:48.664,213.96,0.116240493884,0.0,0
2018-05-27 17:47:48.850,216.0,0.116240493884,0.0,0
2018-05-27 17:47:49.375,212.66,0.116240493884,0.0,0
2018-05-27 17:47:49.561,213.61,0.116240493884,0.0,0
2018-05-27 17:47:49.747,212.26,0.116240493884,0.0,0
2018-05-27 17:47:49.841,209.97,0.116240493884,0.0,0
2018-05-27 17:47:50.002,210.52,0.116240493884,0.0,0
2018-05-27 17:47:50.096,208.18,0.116240493884,0.0,0
2018-05-27 17:47:50.189,208.86,0.116240493884,0.0,0
2018-05-27 17:47:50.542,207.54,0.116240493884,0.0,0
2018-05-27 17:47:50.636,205.19,0.116240493884,0.0,0
2018-05-27 17:47:50.822,204.37,0.116240493884,0.0,0
2018-05-27 17:47:51.068,203.17,0.116240493884,0.0,0
2018-05-27 17:47:51.151,202.15,0.116240493884,0.0,0
2018-05-27 17:47:51.235,202.28,0.116240493884,0.0,0
2018-05-27 17:47:51.328,203.52,0.116240493884,0.0,0
2018-05-27 17:47:51.515,204.39,0.116240493884,0.0,0
2018-05-27 17:47:51.682,203.34,0.116240493884,0.0,0
2018-05-27 17:47:52.031,205.02,0.116240493884,0.0,0
2018-05-27 17:47:52.114,205.13,0.116240493884,0.0,0
2018-05-27 17:47:52.207,203.98,0.116240493884,0.0,0
2018-05-27 17:47:52.300,204.26,0.116240493884,0.0,0
2018-05-27 17:47:52.477,205.83,0.116240493884,0.0,0
2018-05-27 17:47:52.570,204.54,0.116240493884,0.0,0
2018-05-27 17:47:52.664,206.16,0.116240493884,0.0,0
2018-05-27 17:47:52.757,205.42,0.116240493884,0.0,0
2018-05-27 17:47:52.850,206.13,0.116240493884,0.0,0
2018-05-27 17:47:53.096,205.18,0.116240493884,0.0,0
2018-05-27 17:47:53.366,206.29,0.116240493884,0.0,0
2018-05-27 17:47:53.459,206.45,0.116240493884,0.0,0
2018-05-27 17:47:53.645,206.24,0.116240493884,0.0,0
2018-05-27 17:47:53.822,207.68,0.116240493884,0.0,0
2018-05-27 17:47:54.077,208.62,0.116240493884,0.0,0
2018-05-27 17:47:54.356,208.73,0.116240493884,0.0,0
2018-05-27 17:47:54.431,209.52,0.116240493884,0.0,0
2018-05-27 17:47:54.534,209.49,0.116240493884,0.0,0
2018-05-27 17:47:54.617,209.74,0.116240493884,0.0,0
2018-05-27 17:47:54.710,211.64,0.116240493884,0.0,0
2018-05-27 17:47:55.151,211.8,0.116240493884,0.0,0
2018-05-27 17:47:55.328,213.72,0.116240493884,0.0,0
2018-05-27 17:47:55.515,214.01,0.116240493884,0.0,0
2018-05-27 17:47:55.691,215.62,0.116240493884,0.0,0
2018-05-27 17:47:55.775,215.72,0.116240493884,0.0,0
2018-05-27 17:47:55.868,215.29,0.116240493884,0.0,0
2018-05-27 17:47:56.030,215.32,0.116240493884,0.0,0
2018-05-27 17:47:56.580,217.57,0.116240493884,0.0,0
2018-05-27 17:47:56.673,216.73,0.116240493884,0.0,0
2018-05-27 17:47:56.766,217.69,0.116240493884,0.0,0
2018-05-27 17:47:56.859,219.33,0.116240493884,0.0,0
2018-05-27 17:47:57.114,218.5,0.116240493884,0.0,0
2018-05-27 17:47:57.207,218.08,0.116240493884,0.0,0
2018-05-27 17:47:57.300,219.56,0.116240493884,0.0,0
2018-05-27 17:47:57.384,218.37,0.116240493884,0.0,0
2018-05-27 17:47:57.477,219.79,0.116240493884,0.0,0
2018-05-27 17:47:57.570,218.94,0.116240493884,0.0,0
2018-05-27 17:47:57.664,218.69,0.116240493884,0.0,0
2018-05-27 17:47:58.375,221.48,0.116240493884,0.0,0
2018-05-27 17:47:58.470,222.64,0.116240493884,0.0,0
2018-05-27 17:47:58.561,223.13,0.116240493884,0.0,0
2018-05-27 17:47:58.654,222.15,0.116240493884,0.0,0
2018-05-27 17:47:58.747,222.49,0.116240493884,0.0,0
2018-05-27 17:47:58.924,223.42,0.116240493884,0.0,0
2018-05-27 17:47:59.086,223.15,0.116240493884,0.0,0
2018-05-27 17:47:59.272,225.28,0.116240493884,0.0,0
2018-05-27 17:47:59.366,225.2,0.116240493884,0.0,0
2018-05-27 17:47:59.543,224.73,0.116240493884,0.0,0
2018-05-27 17:47:59.803,225.48,0.116240493884,0.0,0
2018-05-27 17:48:00.058,225.29,0.116240493884,0.0,0
2018-05-27 17:48:00.329,225.48,0.116240493884,0.0,0
2018-05-27 17:48:00.421,224.68,0.116240493884,0.0,0
2018-05-27 17:48:00.608,225.67,0.116240493884,0.0,0
2018-05-27 17:48:00.794,227.18,0.116240493884,0.0,0
2018-05-27 17:48:01.235,226.46,0.116240493884,0.0,0
2018-05-27 17:48:01.328,227.43,0.116240493884,0.0,0
2018-05-27 17:48:01.682,227.17,0.116240493884,0.0,0
2018-05-27 17:48:01.775,228.78,0.116240493884,0.0,0
2018-05-27 17:48:01.868,229.0,0.116240493884,0.0,0
2018-05-27 17:48:02.393,228.37,0.116240493884,0.0,0
2018-05-27 17:48:03.021,228.66,0.116240493884,0.0,0
2018-05-27 17:48:03.207,226.06,0.116240493884,0.0,0
2018-05-27 17:48:03.385,225.77,0.116240493884,0.0,0
2018-05-27 17:48:03.570,221.74,0.116240493884,0.0,0
2018-05-27 17:48:04.002,218.95,0.116240493884,0.0,0
2018-05-27 17:48:04.095,218.43,0.116240493884,0.0,0
2018-05-27 17:48:04.282,215.38,0.116240493884,0.0,0
2018-05-27 17:48:04.365,214.43,0.116240493884,0.0,0
2018-05-27 17:48:04.459,214.49,0.116240493884,0.0,0
2018-05-27 17:48:04.552,212.2,0.116240493884,0.0,0
2018-05-27 17:48:04.645,212.15,0.116240493884,0.0,0
2018-05-27 17:48:04.738,212.96,0.116240493884,0.0,0
2018-05-27 17:48:05.273,208.68,0.116240493884,0.0,0
2018-05-27 17:48:06.058,209.11,0.116240493884,0.0,0
2018-05-27 17:48:06.152,209.84,0.116240493884,0.0,0
2018-05-27 17:48:06.542,208.76,0.116240493884,0.0,0
2018-05-27 17:48:07.151,210.7,0.116240493884,0.0,0
2018-05-27 17:48:07.328,209.22,0.116240493884,0.0,0
2018-05-27 17:48:07.421,209.5,0.116240493884,0.0,0
2018-05-27 17:48:07.608,210.12,0.116240493884,0.0,0
2018-05-27 17:48:07.701,211.51,0.116240493884,0.0,0
2018-05-27 17:48:07.878,210.17,0.116240493884,0.0,0
2018-05-27 17:48:08.133,210.54,0.116240493884,0.0,0
2018-05-27 17:48:08.319,210.51,0.116240493884,0.0,0
2018-05-27 17:48:08.766,212.48,0.116240493884,0.0,0
2018-05-27 17:48:08.850,214.43,0.116240493884,0.0,0
2018-05-27 17:48:09.105,215.4,0.116240493884,0.0,0
2018-05-27 17:48:09.375,214.84,0.116240493884,0.0,0
2018-05-27 17:48:09.831,217.23,0.116240493884,0.0,0
2018-05-27 17:48:09.924,218.41,0.116240493884,0.0,0
2018-05-27 17:48:10.179,216.8,0.116240493884,0.0,0
2018-05-27 17:48:10.356,216.32,0.116240493884,0.0,0
2018-05-27 17:48:10.635,213.98,0.116240493884,0.0,0
2018-05-27 17:48:10.822,211.44,0.116240493884,0.0,0
2018-05-27 17:48:11.151,209.63,0.116240493884,0.0,0
2018-05-27 17:48:11.245,209.87,0.116240493884,0.0,0
2018-05-27 17:48:11.514,208.01,0.116240493884,0.0,0
2018-05-27 17:48:11.701,205.67,0.116240493884,0.0,0
2018-05-27 17:48:11.794,204.72,0.116240493884,0.0,0
2018-05-27 17:48:11.887,203.46,0.116240493884,0.0,0
2018-05-27 17:48:12.235,204.2,0.116240493884,0.0,0
2018-05-27 17:48:12.328,202.67,0.116240493884,0.0,0
2018-05-27 17:48:12.496,203.54,0.116240493884,0.0,0
2018-05-27 17:48:12.589,202.42,0.116240493884,0.0,0
2018-05-27 17:48:12.682,204.98,0.116240493884,0.0,0
2018-05-27 17:48:12.860,203.66,0.116240493884,0.0,0
2018-05-27 17:48:13.021,204.4,0.116240493884,0.0,0
2018-05-27 17:48:13.114,204.4,0.116240493884,0.0,0
2018-05-27 17:48:13.207,204.63,0.116240493884,0.0,0
2018-05-27 17:48:13.300,206.21,0.116240493884,0.0,0
2018-05-27 17:48:13.385,206.45,0.116240493884,0.0,0
2018-05-27 17:48:13.477,205.21,0.116240493884,0.0,0
2018-05-27 17:48:13.570,206.43,0.116240493884,0.0,0
2018-05-27 17:48:13.663,205.1,0.116240493884,0.0,0
2018-05-27 17:48:14.012,206.48,0.116240493884,0.0,0
2018-05-27 17:48:14.099,207.02,0.116240493884,0.0,0
2018-05-27 17:48:14.189,206.8,0.116240493884,0.0,0
2018-05-27 17:48:14.375,207.38,0.116240493884,0.0,0
2018-05-27 17:48:14.459,207.46,0.116240493884,0.0,0
2018-05-27 17:48:14.645,208.31,0.116240493884,0.0,0
2018-05-27 17:48:14.738,207.44,0.116240493884,0.0,0
2018-05-27 17:48:14.822,208.6,0.116240493884,0.0,0
2018-05-27 17:48:14.915,208.88,0.116240493884,0.0,0
2018-05-27 17:48:15.170,209.45,0.116240493884,0.0,0
2018-05-27 17:48:15.263,211.01,0.116240493884,0.0,0
2018-05-27 17:48:15.794,213.38,0.116240493884,0.0,0
2018-05-27 17:48:16.039,212.49,0.116240493884,0.0,0
2018-05-27 17:48:16.123,213.3,0.116240493884,0.0,0
2018-05-27 17:48:16.216,213.79,0.116240493884,0.0,0
2018-05-27 17:48:16.310,215.49,0.116240493884,0.0,0
2018-05-27 17:48:16.393,215.68,0.116240493884,0.0,0
2018-05-27 17:48:16.486,215.11,0.116240493884,0.0,0
2018-05-27 17:48:16.580,215.26,0.116240493884,0.0,0
2018-05-27 17:48:16.673,216.22,0.116240493884,0.0,0
2018-05-27 17:48:16.766,216.23,0.116240493884,0.0,0
2018-05-27 17:48:16.859,216.3,0.116240493884,0.0,0
2018-05-27 17:48:17.021,217.77,0.116240493884,0.0,0
2018-05-27 17:48:17.114,217.3,0.116240493884,0.0,0
2018-05-27 17:48:17.207,217.58,0.116240493884,0.0,0
2018-05-27 17:48:17.300,218.37,0.116240493884,0.0,0
2018-05-27 17:48:17.478,219.51,0.116240493884,0.0,0
2018-05-27 17:48:17.570,218.53,0.116240493884,0.0,0
2018-05-27 17:48:17.663,217.84,0.116240493884,0.0,0
2018-05-27 17:48:17.757,218.78,0.116240493884,0.0,0
2018-05-27 17:48:17.850,220.3,0.116240493884,0.0,0
2018-05-27 17:48:18.011,219.83,0.116240493884,0.0,0
2018-05-27 17:48:18.105,220.42,0.116240493884,0.0,0
2018-05-27 17:48:18.198,220.21,0.116240493884,0.0,0
2018-05-27 17:48:18.282,219.59,0.116240493884,0.0,0
2018-05-27 17:48:18.375,220.76,0.116240493884,0.0,0
2018-05-27 17:48:18.459,220.92,0.116240493884,0.0,0
2018-05-27 17:48:18.552,221.3,0.116240493884,0.0,0
2018-05-27 17:48:18.645,221.59,0.116240493884,0.0,0
2018-05-27 17:48:18.738,222.93,0.116240493884,0.0,0
2018-05-27 17:48:18.831,223.72,0.116240493884,0.0,0
2018-05-27 17:48:19.086,223.03,0.116240493884,0.0,0
2018-05-27 17:48:19.179,222.97,0.116240493884,0.0,0
2018-05-27 17:48:19.263,223.2,0.116240493884,0.0,0
2018-05-27 17:48:19.356,223.46,0.116240493884,0.0,0
2018-05-27 17:48:19.440,224.12,0.116240493884,0.0,0
2018-05-27 17:48:19.524,224.21,0.116240493884,0.0,0
2018-05-27 17:48:19.710,225.38,0.116240493884,0.0,0
2018-05-27 17:48:19.803,224.59,0.116240493884,0.0,0
2018-05-27 17:48:20.058,225.26,0.116240493884,0.0,0
2018-05-27 17:48:20.151,225.25,0.116240493884,0.0,0
2018-05-27 17:48:20.244,225.63,0.116240493884,0.0,0
2018-05-27 17:48:20.328,224.63,0.116240493884,0.0,0
2018-05-27 17:48:20.701,227.42,0.116240493884,0.0,0
2018-05-27 17:48:20.794,227.7,0.116240493884,0.0,0
2018-05-27 17:48:20.878,226.01,0.116240493884,0.0,0
2018-05-27 17:48:21.216,227.22,0.116240493884,0.0,0
2018-05-27 17:48:21.486,228.81,0.116240493884,0.0,0
2018-05-27 17:48:21.757,229.01,0.116240493884,0.0,0
2018-05-27 17:48:21.850,229.71,0.116240493884,0.0,0
2018-05-27 17:48:22.012,229.0,0.116240493884,0.0,0
2018-05-27 17:48:22.291,230.08,0.116240493884,0.0,0
2018-05-27 17:48:22.468,229.26,0.116240493884,0.0,0
2018-05-27 17:48:22.552,230.6,0.116240493884,0.0,0
2018-05-27 17:48:22.738,230.31,0.116240493884,0.0,0
2018-05-27 17:48:22.831,230.38,0.116240493884,0.0,0
2018-05-27 17:48:22.924,230.39,0.116240493884,0.0,0
2018-05-27 17:48:23.086,229.87,0.116240493884,0.0,0
2018-05-27 17:48:23.272,230.1,0.116240493884,0.0,0
2018-05-27 17:48:23.362,232.9,0.116240493884,0.0,0
2018-05-27 17:48:23.636,233.25,0.116240493884,0.0,0
2018-05-27 17:48:23.729,233.55,0.116240493884,0.0,0
2018-05-27 17:48:23.822,232.9,0.116240493884,0.0,0
2018-05-27 17:48:23.910,232.13,0.116240493884,0.0,0
2018-05-27 17:48:24.067,231.78,0.116240493884,0.0,0
2018-05-27 17:48:24.151,230.68,0.116240493884,0.0,0
2018-05-27 17:48:24.245,229.64,0.116240493884,0.0,0
2018-05-27 17:48:24.422,225.11,0.116240493884,0.0,0
2018-05-27 17:48:24.608,222.85,0.116240493884,0.0,0
2018-05-27 17:48:25.403,216.19,0.116240493884,0.0,0
2018-05-27 17:48:25.496,213.21,0.116240493884,0.0,0
2018-05-27 17:48:25.682,212.74,0.116240493884,0.0,0
2018-05-27 17:48:25.775,210.79,0.116240493884,0.0,0
2018-05-27 17:48:26.030,209.38,0.116240493884,0.0,0
2018-05-27 17:48:26.300,207.81,0.116240493884,0.0,0
2018-05-27 17:48:26.384,208.64,0.116240493884,0.0,0
2018-05-27 17:48:26.478,207.65,0.116240493884,0.0,0
2018-05-27 17:48:26.664,207.19,0.116240493884,0.0,0
2018-05-27 17:48:26.757,206.14,0.116240493884,0.0,0
2018-05-27 17:48:27.096,204.49,0.116240493884,0.0,0
2018-05-27 17:48:27.189,206.84,0.116240493884,0.0,0
2018-05-27 17:48:27.366,204.43,0.116240493884,0.0,0
2018-05-27 17:48:27.552,203.53,0.116240493884,0.0,0
2018-05-27 17:48:27.645,204.05,0.116240493884,0.0,0
2018-05-27 17:48:27.738,205.13,0.116240493884,0.0,0
2018-05-27 17:48:27.915,203.61,0.116240493884,0.0,0
2018-05-27 17:48:28.170,203.99,0.116240493884,0.0,0
2018-05-27 17:48:28.263,205.06,0.116240493884,0.0,0
2018-05-27 17:48:28.441,204.46,0.116240493884,0.0,0
2018-05-27 17:48:28.524,204.53,0.116240493884,0.0,0
2018-05-27 17:48:28.617,203.49,0.116240493884,0.0,0
2018-05-27 17:48:28.794,206.19,0.116240493884,0.0,0
2018-05-27 17:48:28.887,205.43,0.116240493884,0.0,0
2018-05-27 17:48:29.142,205.25,0.116240493884,0.0,0
2018-05-27 17:48:29.236,207.35,0.116240493884,0.0,0
2018-05-27 17:48:29.329,206.03,0.116240493884,0.0,0
2018-05-27 17:48:29.422,206.57,0.116240493884,0.0,0
2018-05-27 17:48:29.515,207.08,0.116240493884,0.0,0
2018-05-27 17:48:29.608,206.67,0.116240493884,0.0,0
2018-05-27 17:48:29.692,207.5,0.116240493884,0.0,0
2018-05-27 17:48:29.869,208.25,0.116240493884,0.0,0
2018-05-27 17:48:30.031,209.22,0.116240493884,0.0,0
2018-05-27 17:48:30.124,209.13,0.116240493884,0.0,0
2018-05-27 17:48:30.217,210.56,0.116240493884,0.0,0
2018-05-27 17:48:30.311,210.17,0.116240493884,0.0,0
2018-05-27 17:48:30.385,210.59,0.116240493884,0.0,0
2018-05-27 17:48:30.478,210.23,0.116240493884,0.0,0
2018-05-27 17:48:30.571,212.69,0.116240493884,0.0,0
2018-05-27 17:48:30.664,211.12,0.116240493884,0.0,0
2018-05-27 17:48:30.757,212.37,0.116240493884,0.0,0
2018-05-27 17:48:30.930,212.09,0.116240493884,0.0,0
2018-05-27 17:48:31.105,213.84,0.116240493884,0.0,0
2018-05-27 17:48:31.291,210.9,0.116240493884,0.0,0
2018-05-27 17:48:31.463,209.58,0.116240493884,0.0,0
2018-05-27 17:48:31.911,206.71,0.116240493884,0.0,0
2018-05-27 17:48:32.068,204.15,0.116240493884,0.0,0
2018-05-27 17:48:32.152,203.4,0.116240493884,0.0,0
2018-05-27 17:48:32.335,202.12,0.116240493884,0.0,0
2018-05-27 17:48:32.776,199.48,0.116240493884,0.0,0
2018-05-27 17:48:33.031,200.45,0.116240493884,0.0,0
2018-05-27 17:48:33.124,200.87,0.116240493884,0.0,0
2018-05-27 17:48:33.310,200.21,0.116240493884,0.0,0
2018-05-27 17:48:33.403,200.27,0.116240493884,0.0,0
2018-05-27 17:48:33.571,200.02,0.116240493884,0.0,0
2018-05-27 17:48:34.012,199.22,0.116240493884,0.0,0
2018-05-27 17:48:34.198,199.18,0.116240493884,0.0,0
2018-05-27 17:48:34.292,199.45,0.116240493884,0.0,0
2018-05-27 17:48:34.376,200.27,0.116240493884,0.0,0
2018-05-27 17:48:34.469,201.38,0.116240493884,0.0,0
2018-05-27 17:48:34.748,202.67,0.116240493884,0.0,0
2018-05-27 17:48:34.841,201.5,0.116240493884,0.0,0
2018-05-27 17:48:35.003,201.33,0.116240493884,0.0,0
2018-05-27 17:48:35.646,203.67,0.116240493884,0.0,0
2018-05-27 17:48:35.739,203.12,0.116240493884,0.0,0
2018-05-27 17:48:35.832,203.08,0.116240493884,0.0,0
2018-05-27 17:48:36.087,204.01,0.116240493884,0.0,0
2018-05-27 17:48:36.180,205.43,0.116240493884,0.0,0
2018-05-27 17:48:36.823,205.99,0.116240493884,0.0,0
2018-05-27 17:48:36.911,207.22,0.116240493884,0.0,0
2018-05-27 17:48:37.152,208.86,0.116240493884,0.0,0
2018-05-27 17:48:37.246,208.19,0.116240493884,0.0,0
2018-05-27 17:48:37.422,209.28,0.116240493884,0.0,0
2018-05-27 17:48:37.683,211.41,0.116240493884,0.0,0
2018-05-27 17:48:37.776,210.48,0.116240493884,0.0,0
2018-05-27 17:48:38.031,211.11,0.116240493884,0.0,0
2018-05-27 17:48:38.115,213.32,0.116240493884,0.0,0
2018-05-27 17:48:38.208,212.48,0.116240493884,0.0,0
2018-05-27 17:48:39.003,214.99,0.116240493884,0.0,0
2018-05-27 17:48:39.096,216.91,0.116240493884,0.0,0
2018-05-27 17:48:39.283,216.42,0.116240493884,0.0,0
2018-05-27 17:48:39.366,216.1,0.116240493884,0.0,0
2018-05-27 17:48:39.553,218.42,0.116240493884,0.0,0
2018-05-27 17:48:39.646,217.77,0.116240493884,0.0,0
2018-05-27 17:48:39.739,217.66,0.116240493884,0.0,0
2018-05-27 17:48:39.911,219.05,0.116240493884,0.0,0
2018-05-27 17:48:40.068,217.37,0.116240493884,0.0,0
2018-05-27 17:48:40.329,219.52,0.116240493884,0.0,0
2018-05-27 17:48:40.413,219.97,0.116240493884,0.0,0
2018-05-27 17:48:40.506,220.05,0.116240493884,0.0,0
2018-05-27 17:48:40.590,220.56,0.116240493884,0.0,0
2018-05-27 17:48:40.683,220.62,0.116240493884,0.0,0
2018-05-27 17:48:40.776,218.88,0.116240493884,0.0,0
2018-05-27 17:48:40.869,219.38,0.116240493884,0.0,0
2018-05-27 17:48:41.031,221.88,0.116240493884,0.0,0
2018-05-27 17:48:41.124,221.35,0.116240493884,0.0,0
2018-05-27 17:48:41.394,221.51,0.116240493884,0.0,0
2018-05-27 17:48:41.488,221.42,0.116240493884,0.0,0
2018-05-27 17:48:41.767,224.17,0.116240493884,0.0,0
2018-05-27 17:48:41.860,223.74,0.116240493884,0.0,0
2018-05-27 17:48:42.851,226.62,0.116240493884,0.0,0
2018-05-27 17:48:43.199,226.0,0.116240493884,0.0,0
2018-05-27 17:48:44.004,226.1,0.116240493884,0.0,0
2018-05-27 17:48:44.190,224.97,0.116240493884,0.0,0
2018-05-27 17:48:44.274,225.93,0.116240493884,0.0,0
2018-05-27 17:48:44.367,226.02,0.116240493884,0.0,0
2018-05-27 17:48:44.833,221.39,0.116240493884,0.0,0
2018-05-27 17:48:45.357,216.74,0.116240493884,0.0,0
2018-05-27 17:48:45.898,211.7,0.116240493884,0.0,0
2018-05-27 17:48:46.059,209.57,0.116240493884,0.0,0
2018-05-27 17:48:46.246,207.38,0.116240493884,0.0,0
2018-05-27 17:48:46.423,207.0,0.116240493884,0.0,0
2018-05-27 17:48:46.600,204.86,0.116240493884,0.0,0
2018-05-27 17:48:46.683,203.6,0.116240493884,0.0,0
2018-05-27 17:48:47.125,203.01,0.116240493884,0.0,0
2018-05-27 17:48:47.395,201.04,0.116240493884,0.0,0
2018-05-27 17:48:47.488,202.38,0.116240493884,0.0,0
2018-05-27 17:48:48.479,201.28,0.116240493884,0.0,0
2018-05-27 17:48:48.572,200.75,0.116240493884,0.0,0
2018-05-27 17:48:48.665,200.17,0.116240493884,0.0,0
2018-05-27 17:48:48.758,201.39,0.116240493884,0.0,0
2018-05-27 17:48:49.106,201.77,0.116240493884,0.0,0
2018-05-27 17:48:49.199,200.9,0.116240493884,0.0,0
2018-05-27 17:48:49.283,200.75,0.116240493884,0.0,0
2018-05-27 17:48:49.749,203.58,0.116240493884,0.0,0
2018-05-27 17:48:49.842,201.62,0.116240493884,0.0,0
2018-05-27 17:48:50.274,203.18,0.116240493884,0.0,0
2018-05-27 17:48:50.632,204.11,0.116240493884,0.0,0
2018-05-27 17:48:50.814,205.76,0.116240493884,0.0,0
2018-05-27 17:48:51.060,205.02,0.116240493884,0.0,0
2018-05-27 17:48:51.144,205.54,0.116240493884,0.0,0
2018-05-27 17:48:51.330,205.75,0.116240493884,0.0,0
2018-05-27 17:48:51.423,207.92,0.116240493884,0.0,0
2018-05-27 17:48:51.693,208.77,0.116240493884,0.0,0
2018-05-27 17:48:52.041,208.74,0.116240493884,0.0,0
2018-05-27 17:48:52.135,210.55,0.116240493884,0.0,0
2018-05-27 17:48:52.321,211.86,0.116240493884,0.0,0
2018-05-27 17:48:52.498,210.87,0.116240493884,0.0,0
2018-05-27 17:48:52.684,212.48,0.116240493884,0.0,0
2018-05-27 17:48:52.777,212.36,0.116240493884,0.0,0
2018-05-27 17:48:52.870,213.77,0.116240493884,0.0,0
2018-05-27 17:48:53.125,212.93,0.116240493884,0.0,0
2018-05-27 17:48:53.395,210.15,0.116240493884,0.0,0
2018-05-27 17:48:53.488,211.02,0.116240493884,0.0,0
2018-05-27 17:48:53.675,209.32,0.116240493884,0.0,0
2018-05-27 17:48:53.768,207.42,0.116240493884,0.0,0
2018-05-27 17:48:54.023,205.82,0.116240493884,0.0,0
2018-05-27 17:48:54.116,206.57,0.116240493884,0.0,0
2018-05-27 17:48:54.209,203.98,0.116240493884,0.0,0
2018-05-27 17:48:54.479,204.69,0.116240493884,0.0,0
2018-05-27 17:48:54.572,202.33,0.116240493884,0.0,0
2018-05-27 17:48:54.852,201.74,0.116240493884,0.0,0
2018-05-27 17:48:55.106,202.04,0.116240493884,0.0,0
2018-05-27 17:48:55.200,202.08,0.116240493884,0.0,0
2018-05-27 17:48:55.283,200.97,0.116240493884,0.0,0
2018-05-27 17:48:55.377,202.28,0.116240493884,0.0,0
2018-05-27 17:48:55.470,200.86,0.116240493884,0.0,0
2018-05-27 17:48:55.563,201.45,0.116240493884,0.0,0
2018-05-27 17:48:55.656,202.72,0.116240493884,0.0,0
2018-05-27 17:48:55.749,201.68,0.116240493884,0.0,0
2018-05-27 17:48:55.842,203.2,0.116240493884,0.0,0
2018-05-27 17:48:56.097,201.89,0.116240493884,0.0,0
2018-05-27 17:48:56.190,203.49,0.116240493884,0.0,0
2018-05-27 17:48:56.274,202.64,0.116240493884,0.0,0
2018-05-27 17:48:56.367,202.61,0.116240493884,0.0,0
2018-05-27 17:48:56.461,201.32,0.116240493884,0.0,0
2018-05-27 17:48:56.554,203.21,0.116240493884,0.0,0
2018-05-27 17:48:56.740,201.52,0.116240493884,0.0,0
2018-05-27 17:48:56.926,202.36,0.116240493884,0.0,0
2018-05-27 17:48:57.088,203.78,0.116240493884,0.0,0
2018-05-27 17:48:57.181,202.67,0.116240493884,0.0,0
2018-05-27 17:48:57.275,201.93,0.116240493884,0.0,0
2018-05-27 17:48:57.451,204.4,0.116240493884,0.0,0
2018-05-27 17:48:57.544,203.46,0.116240493884,0.0,0
2018-05-27 17:48:57.637,204.48,0.116240493884,0.0,0
2018-05-27 17:48:57.731,204.82,0.116240493884,0.0,0
2018-05-27 17:48:57.912,204.27,0.116240493884,0.0,0
2018-05-27 17:48:58.153,207.28,0.116240493884,0.0,0
2018-05-27 17:48:58.246,206.03,0.116240493884,0.0,0
2018-05-27 17:48:58.330,206.69,0.116240493884,0.0,0
2018-05-27 17:48:58.423,208.95,0.116240493884,0.0,0
2018-05-27 17:48:58.516,207.73,0.116240493884,0.0,0
2018-05-27 17:48:58.777,209.81,0.116240493884,0.0,0
2018-05-27 17:48:58.870,209.63,0.116240493884,0.0,0
2018-05-27 17:48:59.032,210.46,0.116240493884,0.0,0
2018-05-27 17:48:59.125,211.24,0.116240493884,0.0,0
2018-05-27 17:48:59.218,210.66,0.116240493884,0.0,0
2018-05-27 17:48:59.312,212.48,0.116240493884,0.0,0
2018-05-27 17:48:59.395,212.86,0.116240493884,0.0,0
2018-05-27 17:48:59.489,212.57,0.116240493884,0.0,0
2018-05-27 17:48:59.675,214.56,0.116240493884,0.0,0
2018-05-27 17:48:59.759,214.47,0.116240493884,0.0,0
2018-05-27 17:48:59.852,214.26,0.116240493884,0.0,0
2018-05-27 17:49:00.014,215.37,0.116240493884,0.0,0
2018-05-27 17:49:00.107,216.16,0.116240493884,0.0,0
2018-05-27 17:49:00.200,215.29,0.116240493884,0.0,0
2018-05-27 17:49:00.377,216.09,0.116240493884,0.0,0
2018-05-27 17:49:00.470,217.91,0.116240493884,0.0,0
2018-05-27 17:49:00.554,217.15,0.116240493884,0.0,0
2018-05-27 17:49:00.647,217.58,0.116240493884,0.0,0
2018-05-27 17:49:00.740,217.45,0.116240493884,0.0,0
2018-05-27 17:49:00.833,217.69,0.116240493884,0.0,0
2018-05-27 17:49:01.088,219.14,0.116240493884,0.0,0
2018-05-27 17:49:01.172,219.41,0.116240493884,0.0,0
2018-05-27 17:49:01.265,218.88,0.116240493884,0.0,0
2018-05-27 17:49:01.442,219.57,0.116240493884,0.0,0
2018-05-27 17:49:01.526,220.82,0.116240493884,0.0,0
2018-05-27 17:49:01.619,221.35,0.116240493884,0.0,0
2018-05-27 17:49:01.712,219.34,0.116240493884,0.0,0
2018-05-27 17:49:02.051,221.09,0.116240493884,0.0,0
2018-05-27 17:49:02.144,221.52,0.116240493884,0.0,0
2018-05-27 17:49:02.237,222.83,0.116240493884,0.0,0
2018-05-27 17:49:02.330,222.42,0.116240493884,0.0,0
2018-05-27 17:49:02.424,221.4,0.116240493884,0.0,0
2018-05-27 17:49:02.517,221.95,0.116240493884,0.0,0
2018-05-27 17:49:02.610,222.82,0.116240493884,0.0,0
2018-05-27 17:49:02.703,223.87,0.116240493884,0.0,0
2018-05-27 17:49:02.797,223.55,0.116240493884,0.0,0
2018-05-27 17:49:02.880,224.13,0.116240493884,0.0,0
2018-05-27 17:49:03.042,225.1,0.116240493884,0.0,0
2018-05-27 17:49:03.125,223.85,0.116240493884,0.0,0
2018-05-27 17:49:03.219,224.88,0.116240493884,0.0,0
2018-05-27 17:49:03.312,226.12,0.116240493884,0.0,0
2018-05-27 17:49:03.405,226.49,0.116240493884,0.0,0
2018-05-27 17:49:03.582,225.63,0.116240493884,0.0,0
2018-05-27 17:49:03.666,225.45,0.116240493884,0.0,0
2018-05-27 17:49:03.759,225.27,0.116240493884,0.0,0
2018-05-27 17:49:04.014,226.36,0.116240493884,0.0,0
2018-05-27 17:49:04.107,227.6,0.116240493884,0.0,0
2018-05-27 17:49:04.470,227.34,0.116240493884,0.0,0
2018-05-27 17:49:04.647,227.46,0.116240493884,0.0,0
2018-05-27 17:49:04.740,227.82,0.116240493884,0.0,0
2018-05-27 17:49:04.833,228.21,0.116240493884,0.0,0
2018-05-27 17:49:05.181,228.45,0.116240493884,0.0,0
2018-05-27 17:49:05.275,227.14,0.116240493884,0.0,0
2018-05-27 17:49:05.545,222.99,0.116240493884,0.0,0
2018-05-27 17:49:05.824,219.83,0.116240493884,0.0,0
2018-05-27 17:49:05.912,219.65,0.116240493884,0.0,0
2018-05-27 17:49:06.247,214.88,0.116240493884,0.0,0
2018-05-27 17:49:06.340,214.13,0.116240493884,0.0,0
2018-05-27 17:49:06.433,213.13,0.116240493884,0.0,0
2018-05-27 17:49:06.526,211.82,0.116240493884,0.0,0
2018-05-27 17:49:06.806,209.61,0.116240493884,0.0,0
2018-05-27 17:49:07.154,205.58,0.116240493884,0.0,0
2018-05-27 17:49:07.248,206.22,0.116240493884,0.0,0
2018-05-27 17:49:07.331,205.46,0.116240493884,0.0,0
2018-05-27 17:49:07.517,202.26,0.116240493884,0.0,0
2018-05-27 17:49:07.796,199.88,0.116240493884,0.0,0
2018-05-27 17:49:08.582,192.24,0.116240493884,0.0,0
2018-05-27 17:49:08.759,190.1,0.116240493884,0.0,0
2018-05-27 17:49:08.852,189.63,0.116240493884,0.0,0
2018-05-27 17:49:09.107,188.27,0.116240493884,0.0,0
2018-05-27 17:49:09.200,186.6,0.116240493884,0.0,0
2018-05-27 17:49:09.470,185.88,0.116240493884,0.0,0
2018-05-27 17:49:09.647,186.84,0.116240493884,0.0,0
2018-05-27 17:49:09.927,185.31,0.116240493884,0.0,0
2018-05-27 17:49:10.079,183.06,0.116240493884,0.0,0
2018-05-27 17:49:10.172,183.22,0.116240493884,0.0,0
2018-05-27 17:49:10.266,183.72,0.116240493884,0.0,0
2018-05-27 17:49:10.443,184.53,0.116240493884,0.0,0
2018-05-27 17:49:10.527,183.54,0.106173451714,0.0250000003725,0
2018-05-27 17:49:10.620,182.46,0.106173451714,0.0,0
2018-05-27 17:49:10.713,181.42,0.0966637515544,0.0250000003725,0
2018-05-27 17:49:10.899,183.02,0.0966637515544,0.0,0
2018-05-27 17:49:11.154,184.12,0.0966637515544,0.0,0
2018-05-27 17:49:11.238,185.52,0.0966637515544,0.0,0
2018-05-27 17:49:11.424,186.74,0.0966637515544,0.0,0
2018-05-27 17:49:11.517,186.53,0.0966637515544,0.0,0
2018-05-27 17:49:11.610,187.15,0.0966637515544,0.0,0
2018-05-27 17:49:11.703,187.42,0.0966637515544,0.0,0
2018-05-27 17:49:11.797,187.47,0.106173451714,0.0,0
2018-05-27 17:49:11.890,187.07,0.106173451714,0.0,0
2018-05-27 17:49:12.052,187.55,0.116240493884,0.0,0
2018-05-27 17:49:12.135,188.58,0.116240493884,0.0,0
2018-05-27 17:49:12.219,187.8,0.116240493884,0.0,0
2018-05-27 17:49:13.014,190.83,0.116240493884,0.0,0
2018-05-27 17:49:13.107,190.3,0.116240493884,0.0,0
2018-05-27 17:49:13.200,192.03,0.116240493884,0.0,0
2018-05-27 17:49:13.294,193.26,0.116240493884,0.0,0
2018-05-27 17:49:13.378,192.48,0.116240493884,0.0,0
2018-05-27 17:49:13.471,193.84,0.116240493884,0.0,0
2018-05-27 17:49:13.741,195.95,0.116240493884,0.0,0
2018-05-27 17:49:13.834,195.45,0.116240493884,0.0,0
2018-05-27 17:49:13.927,195.98,0.116240493884,0.0,0
2018-05-27 17:49:14.182,198.17,0.116240493884,0.0,0
2018-05-27 17:49:14.359,199.4,0.116240493884,0.0,0
2018-05-27 17:49:14.541,199.13,0.116240493884,0.0,0
2018-05-27 17:49:14.629,198.48,0.116240493884,0.0,0
2018-05-27 17:49:14.899,199.12,0.116240493884,0.0,0
2018-05-27 17:49:15.061,197.46,0.116240493884,0.0,0
2018-05-27 17:49:15.154,196.95,0.116240493884,0.0,0
2018-05-27 17:49:15.611,194.47,0.116240493884,0.0,0
2018-05-27 17:49:15.797,195.68,0.116240493884,0.0,0
2018-05-27 17:49:16.145,194.67,0.116240493884,0.0,0
2018-05-27 17:49:16.238,192.99,0.116240493884,0.0,0
2018-05-27 17:49:16.424,195.28,0.116240493884,0.0,0
2018-05-27 17:49:16.601,195.94,0.116240493884,0.0,0
2018-05-27 17:49:16.694,195.13,0.116240493884,0.0,0
2018-05-27 17:49:16.778,196.14,0.116240493884,0.0,0
2018-05-27 17:49:16.871,194.73,0.116240493884,0.0,0
2018-05-27 17:49:17.033,195.12,0.116240493884,0.0,0
2018-05-27 17:49:17.126,194.63,0.116240493884,0.0,0
2018-05-27 17:49:17.220,196.34,0.116240493884,0.0,0
2018-05-27 17:49:17.313,196.69,0.116240493884,0.0,0
2018-05-27 17:49:17.396,197.33,0.116240493884,0.0,0
2018-05-27 17:49:17.583,196.76,0.116240493884,0.0,0
2018-05-27 17:49:17.676,196.44,0.116240493884,0.0,0
2018-05-27 17:49:17.769,198.55,0.116240493884,0.0,0
2018-05-27 17:49:17.862,197.47,0.116240493884,0.0,0
2018-05-27 17:49:18.117,198.31,0.116240493884,0.0,0
2018-05-27 17:49:18.303,197.7,0.116240493884,0.0,0
2018-05-27 17:49:18.480,198.44,0.116240493884,0.0,0
2018-05-27 17:49:18.573,198.99,0.116240493884,0.0,0
2018-05-27 17:49:18.666,200.24,0.116240493884,0.0,0
2018-05-27 17:49:18.853,198.94,0.116240493884,0.0,0
2018-05-27 17:49:19.015,200.81,0.116240493884,0.0,0
2018-05-27 17:49:19.108,199.95,0.116240493884,0.0,0
2018-05-27 17:49:19.294,201.48,0.116240493884,0.0,0
2018-05-27 17:49:19.378,201.91,0.116240493884,0.0,0
2018-05-27 17:49:19.471,201.14,0.116240493884,0.0,0
2018-05-27 17:49:19.564,200.12,0.116240493884,0.0,0
2018-05-27 17:49:19.657,202.73,0.116240493884,0.0,0
2018-05-27 17:49:19.750,201.39,0.116240493884,0.0,0
2018-05-27 17:49:19.843,201.77,0.116240493884,0.0,0
2018-05-27 17:49:20.005,203.77,0.116240493884,0.0,0
2018-05-27 17:49:20.099,203.15,0.116240493884,0.0,0
2018-05-27 17:49:20.368,204.52,0.116240493884,0.0,0
2018-05-27 17:49:20.546,204.91,0.116240493884,0.0,0
2018-05-27 17:49:20.639,206.9,0.116240493884,0.0,0
2018-05-27 17:49:20.913,208.31,0.116240493884,0.0,0
2018-05-27 17:49:21.070,207.18,0.116240493884,0.0,0
2018-05-27 17:49:21.154,207.31,0.116240493884,0.0,0
2018-05-27 17:49:21.424,208.43,0.116240493884,0.0,0
2018-05-27 17:49:21.508,209.09,0.116240493884,0.0,0
2018-05-27 17:49:21.692,209.99,0.116240493884,0.0,0
2018-05-27 17:49:21.778,211.32,0.116240493884,0.0,0
2018-05-27 17:49:21.871,211.05,0.116240493884,0.0,0
2018-05-27 17:49:22.033,212.47,0.116240493884,0.0,0
2018-05-27 17:49:22.220,212.76,0.116240493884,0.0,0
2018-05-27 17:49:22.490,214.01,0.116240493884,0.0,0
2018-05-27 17:49:22.667,214.42,0.116240493884,0.0,0
2018-05-27 17:49:22.760,215.72,0.11628648275,0.0,0
2018-05-27 17:49:22.853,215.43,0.11628648275,0.0,0
2018-05-27 17:49:23.015,215.48,0.11628648275,0.0,0
2018-05-27 17:49:23.108,216.88,0.11628648275,0.0,0
2018-05-27 17:49:23.201,216.04,0.11628648275,0.0,0
2018-05-27 17:49:23.379,217.01,0.11628648275,0.0,0
2018-05-27 17:49:23.471,217.86,0.11628648275,0.0,0
2018-05-27 17:49:23.657,217.24,0.11628648275,0.0,0
2018-05-27 17:49:23.750,217.75,0.11628648275,0.0,0
2018-05-27 17:49:24.555,220.05,0.11628648275,0.0,0
2018-05-27 17:49:24.648,220.44,0.11628648275,0.0,0
2018-05-27 17:49:24.741,221.34,0.11628648275,0.0,0
2018-05-27 17:49:24.834,223.12,0.11628648275,0.0,0
2018-05-27 17:49:25.090,222.2,0.11628648275,0.0,0
2018-05-27 17:49:25.825,225.81,0.11628648275,0.0,0
2018-05-27 17:49:26.248,225.47,0.11628648275,0.0,0
2018-05-27 17:49:26.611,224.56,0.11628648275,0.0,0
2018-05-27 17:49:26.704,226.06,0.11628648275,0.0,0
2018-05-27 17:49:26.788,224.98,0.11628648275,0.0,0
2018-05-27 17:49:26.881,224.84,0.11628648275,0.0,0
2018-05-27 17:49:27.044,225.2,0.11628648275,0.0,0
2018-05-27 17:49:27.127,225.72,0.11628648275,0.0,0
2018-05-27 17:49:27.313,224.83,0.11628648275,0.0,0
2018-05-27 17:49:27.499,225.59,0.11628648275,0.0,0
2018-05-27 17:49:27.592,225.3,0.11628648275,0.0,0
2018-05-27 17:49:27.779,224.65,0.11628648275,0.0,0
2018-05-27 17:49:28.388,221.09,0.11628648275,0.0,0
2018-05-27 17:49:28.667,219.45,0.11628648275,0.0,0
2018-05-27 17:49:29.555,210.29,0.11628648275,0.0,0
2018-05-27 17:49:29.742,209.56,0.11628648275,0.0,0
2018-05-27 17:49:30.267,207.42,0.11628648275,0.0,0
2018-05-27 17:49:30.355,207.66,0.11628648275,0.0,0
2018-05-27 17:49:30.611,205.72,0.11628648275,0.0,0
2018-05-27 17:49:30.705,205.42,0.11628648275,0.0,0
2018-05-27 17:49:30.881,205.61,0.11628648275,0.0,0
2018-05-27 17:49:31.043,204.21,0.11628648275,0.0,0
2018-05-27 17:49:31.323,205.58,0.11628648275,0.0,0
2018-05-27 17:49:31.500,204.6,0.11628648275,0.0,0
2018-05-27 17:49:31.872,206.01,0.11628648275,0.0,0
2018-05-27 17:49:32.034,205.2,0.11628648275,0.0,0
2018-05-27 17:49:32.220,204.3,0.11628648275,0.0,0
2018-05-27 17:49:32.314,205.47,0.11628648275,0.0,0
2018-05-27 17:49:32.863,206.24,0.11628648275,0.0,0
2018-05-27 17:49:33.025,204.89,0.11628648275,0.0,0
2018-05-27 17:49:33.575,205.98,0.11628648275,0.0,0
2018-05-27 17:49:33.761,206.52,0.11628648275,0.0,0
2018-05-27 17:49:34.109,208.29,0.11628648275,0.0,0
2018-05-27 17:49:34.295,209.07,0.11628648275,0.0,0
2018-05-27 17:49:34.472,207.64,0.11628648275,0.0,0
2018-05-27 17:49:34.565,208.97,0.11628648275,0.0,0
2018-05-27 17:49:34.658,207.75,0.11628648275,0.0,0
2018-05-27 17:49:34.752,209.74,0.11628648275,0.0,0
2018-05-27 17:49:35.193,210.63,0.11628648275,0.0,0
2018-05-27 17:49:35.277,210.82,0.11628648275,0.0,0
2018-05-27 17:49:35.454,212.63,0.11628648275,0.0,0
2018-05-27 17:49:35.826,212.8,0.11628648275,0.0,0
2018-05-27 17:49:35.917,213.7,0.11628648275,0.0,0
2018-05-27 17:49:36.077,215.43,0.11628648275,0.0,0
2018-05-27 17:49:36.184,214.38,0.11628648275,0.0,0
2018-05-27 17:49:36.277,214.66,0.11628648275,0.0,0
2018-05-27 17:49:36.361,215.16,0.11628648275,0.0,0
2018-05-27 17:49:36.454,216.31,0.11628648275,0.0,0
2018-05-27 17:49:37.072,210.63,0.11628648275,0.0,0
2018-05-27 17:49:37.156,209.08,0.11628648275,0.0,0
2018-05-27 17:49:37.333,209.78,0.11628648275,0.0,0
2018-05-27 17:49:37.426,207.6,0.11628648275,0.0,0
2018-05-27 17:49:37.519,208.15,0.11628648275,0.0,0
2018-05-27 17:49:37.612,206.15,0.11628648275,0.0,0
2018-05-27 17:49:37.799,204.69,0.11628648275,0.0,0
2018-05-27 17:49:38.054,205.57,0.11628648275,0.0,0
2018-05-27 17:49:38.137,205.8,0.11628648275,0.0,0
2018-05-27 17:49:38.230,203.49,0.11628648275,0.0,0
2018-05-27 17:49:38.324,205.02,0.11628648275,0.0,0
2018-05-27 17:49:38.501,203.23,0.11628648275,0.0,0
2018-05-27 17:49:38.594,202.79,0.11628648275,0.0,0
2018-05-27 17:49:38.780,202.39,0.11628648275,0.0,0
2018-05-27 17:49:38.864,203.59,0.11628648275,0.0,0
2018-05-27 17:49:39.026,204.26,0.11628648275,0.0,0
2018-05-27 17:49:39.212,203.26,0.11628648275,0.0,0
2018-05-27 17:49:39.305,204.74,0.11628648275,0.0,0
2018-05-27 17:49:39.660,204.77,0.11628648275,0.0,0
2018-05-27 17:49:39.743,204.72,0.11628648275,0.0,0
2018-05-27 17:49:39.836,205.12,0.11628648275,0.0,0
2018-05-27 17:49:40.091,206.05,0.11628648275,0.0,0
2018-05-27 17:49:40.184,205.33,0.11628648275,0.0,0
2018-05-27 17:49:40.277,206.25,0.11628648275,0.0,0
2018-05-27 17:49:40.370,205.03,0.11628648275,0.0,0
2018-05-27 17:49:40.455,205.12,0.11628648275,0.0,0
2018-05-27 17:49:40.548,206.27,0.11628648275,0.0,0
2018-05-27 17:49:40.636,206.41,0.11628648275,0.0,0
2018-05-27 17:49:40.725,206.27,0.11628648275,0.0,0
2018-05-27 17:49:40.902,206.52,0.11628648275,0.0,0
2018-05-27 17:49:41.063,206.8,0.11628648275,0.0,0
2018-05-27 17:49:41.156,206.05,0.11628648275,0.0,0
2018-05-27 17:49:41.249,208.17,0.11628648275,0.0,0
2018-05-27 17:49:41.333,207.87,0.11628648275,0.0,0
2018-05-27 17:49:41.426,206.8,0.11628648275,0.0,0
2018-05-27 17:49:41.520,208.52,0.11628648275,0.0,0
2018-05-27 17:49:41.613,208.18,0.11628648275,0.0,0
2018-05-27 17:49:41.697,208.21,0.11628648275,0.0,0
2018-05-27 17:49:41.790,208.77,0.11628648275,0.0,0
2018-05-27 17:49:41.883,209.28,0.11628648275,0.0,0
2018-05-27 17:49:42.045,209.63,0.11628648275,0.0,0
2018-05-27 17:49:42.138,211.66,0.11628648275,0.0,0
2018-05-27 17:49:42.231,209.77,0.11628648275,0.0,0
2018-05-27 17:49:42.408,212.69,0.11628648275,0.0,0
2018-05-27 17:49:42.501,211.04,0.11628648275,0.0,0
2018-05-27 17:49:42.687,213.22,0.11628648275,0.0,0
2018-05-27 17:49:42.781,213.13,0.11628648275,0.0,0
2018-05-27 17:49:42.874,214.38,0.11628648275,0.0,0
2018-05-27 17:49:43.036,213.85,0.11628648275,0.0,0
2018-05-27 17:49:43.129,214.76,0.11628648275,0.0,0
2018-05-27 17:49:43.222,215.64,0.11628648275,0.0,0
2018-05-27 17:49:43.399,215.49,0.11628648275,0.0,0
2018-05-27 17:49:43.492,215.76,0.11628648275,0.0,0
2018-05-27 17:49:43.678,217.05,0.11628648275,0.0,0
2018-05-27 17:49:43.771,217.1,0.11628648275,0.0,0
2018-05-27 17:49:43.864,218.97,0.11628648275,0.0,0
2018-05-27 17:49:44.026,218.76,0.11628648275,0.0,0
2018-05-27 17:49:44.120,217.59,0.11628648275,0.0,0
2018-05-27 17:49:44.213,218.84,0.11628648275,0.0,0
2018-05-27 17:49:44.296,217.26,0.11628648275,0.0,0
2018-05-27 17:49:44.389,218.45,0.11628648275,0.0,0
2018-05-27 17:49:44.483,219.97,0.11628648275,0.0,0
2018-05-27 17:49:44.576,218.99,0.11628648275,0.0,0
2018-05-27 17:49:44.669,219.51,0.11628648275,0.0,0
2018-05-27 17:49:44.762,219.94,0.11628648275,0.0,0
2018-05-27 17:49:45.110,220.61,0.11628648275,0.0,0
2018-05-27 17:49:45.203,220.51,0.11628648275,0.0,0
2018-05-27 17:49:45.297,221.66,0.11628648275,0.0,0
2018-05-27 17:49:45.473,222.96,0.11628648275,0.0,0
2018-05-27 17:49:45.660,221.62,0.11628648275,0.0,0
2018-05-27 17:49:45.753,222.25,0.11628648275,0.0,0
2018-05-27 17:49:45.846,222.52,0.11628648275,0.0,0
2018-05-27 17:49:46.008,224.3,0.11628648275,0.0,0
2018-05-27 17:49:46.101,223.87,0.11628648275,0.0,0
2018-05-27 17:49:46.194,223.22,0.11628648275,0.0,0
2018-05-27 17:49:46.381,223.82,0.11628648275,0.0,0
2018-05-27 17:49:46.474,224.44,0.11628648275,0.0,0
2018-05-27 17:49:46.567,225.8,0.11628648275,0.0,0
2018-05-27 17:49:46.660,226.14,0.11628648275,0.0,0
2018-05-27 17:49:46.753,225.34,0.11628648275,0.0,0
2018-05-27 17:49:47.101,225.7,0.11628648275,0.0,0
2018-05-27 17:49:47.194,225.66,0.11628648275,0.0,0
2018-05-27 17:49:47.343,226.84,0.11628648275,0.0,0
2018-05-27 17:49:47.455,226.93,0.11628648275,0.0,0
2018-05-27 17:49:48.157,226.65,0.11628648275,0.0,0
2018-05-27 17:49:48.250,228.33,0.11628648275,0.0,0
2018-05-27 17:49:48.335,226.4,0.11628648275,0.0,0
2018-05-27 17:49:48.428,227.28,0.11628648275,0.0,0
2018-05-27 17:49:48.604,228.12,0.11628648275,0.0,0
2018-05-27 17:49:49.223,229.26,0.11628648275,0.0,0
2018-05-27 17:49:49.306,228.36,0.11628648275,0.0,0
2018-05-27 17:49:49.399,228.61,0.11628648275,0.0,0
2018-05-27 17:49:49.493,229.31,0.11628648275,0.0,0
2018-05-27 17:49:49.586,230.24,0.11628648275,0.0,0
2018-05-27 17:49:49.679,230.18,0.11628648275,0.0,0
2018-05-27 17:49:50.120,228.63,0.11628648275,0.0,0
2018-05-27 17:49:50.213,227.51,0.11628648275,0.0,0
2018-05-27 17:49:50.307,225.64,0.11628648275,0.0,0
2018-05-27 17:49:50.390,226.35,0.11628648275,0.0,0
2018-05-27 17:49:50.483,224.97,0.11628648275,0.0,0
2018-05-27 17:49:50.763,219.69,0.11628648275,0.0,0
2018-05-27 17:49:50.856,220.15,0.11628648275,0.0,0
2018-05-27 17:49:51.018,218.01,0.11628648275,0.0,0
2018-05-27 17:49:51.111,216.38,0.11628648275,0.0,0
2018-05-27 17:49:51.204,216.05,0.11628648275,0.0,0
2018-05-27 17:49:51.474,212.22,0.11628648275,0.0,0
2018-05-27 17:49:51.660,210.73,0.11628648275,0.0,0
2018-05-27 17:49:51.847,209.43,0.11628648275,0.0,0
2018-05-27 17:49:52.009,207.8,0.11628648275,0.0,0
2018-05-27 17:49:52.102,207.86,0.11628648275,0.0,0
2018-05-27 17:49:52.288,206.07,0.11628648275,0.0,0
2018-05-27 17:49:52.465,205.17,0.11628648275,0.0,0
2018-05-27 17:49:52.558,202.86,0.11628648275,0.0,0
2018-05-27 17:49:52.651,204.49,0.11628648275,0.0,0
2018-05-27 17:49:52.744,202.28,0.11628648275,0.0,0
2018-05-27 17:49:52.838,202.26,0.11628648275,0.0,0
2018-05-27 17:49:53.186,201.94,0.11628648275,0.0,0
2018-05-27 17:49:53.279,200.87,0.11628648275,0.0,0
2018-05-27 17:49:53.363,200.04,0.11628648275,0.0,0
2018-05-27 17:49:53.456,198.22,0.11628648275,0.0,0
2018-05-27 17:49:53.549,199.06,0.11628648275,0.0,0
2018-05-27 17:49:53.642,200.81,0.11628648275,0.0,0
2018-05-27 17:49:53.735,199.89,0.11628648275,0.0,0
2018-05-27 17:49:53.828,199.16,0.11628648275,0.0,0
2018-05-27 17:49:53.917,199.71,0.11628648275,0.0,0
2018-05-27 17:49:54.158,200.91,0.11628648275,0.0,0
2018-05-27 17:49:54.335,201.82,0.11628648275,0.0,0
2018-05-27 17:49:54.428,200.44,0.11628648275,0.0,0
2018-05-27 17:49:54.521,201.09,0.11628648275,0.0,0
2018-05-27 17:49:54.614,203.0,0.11628648275,0.0,0
2018-05-27 17:49:54.707,201.92,0.11628648275,0.0,0
2018-05-27 17:49:54.801,202.58,0.11628648275,0.0,0
2018-05-27 17:49:54.894,202.61,0.11628648275,0.0,0
2018-05-27 17:49:55.223,202.82,0.11628648275,0.0,0
2018-05-27 17:49:55.316,204.15,0.11628648275,0.0,0
2018-05-27 17:49:55.409,203.32,0.11628648275,0.0,0
2018-05-27 17:49:55.493,204.63,0.11628648275,0.0,0
2018-05-27 17:49:55.586,203.19,0.11628648275,0.0,0
2018-05-27 17:49:55.680,205.18,0.11628648275,0.0,0
2018-05-27 17:49:55.763,204.88,0.11628648275,0.0,0
2018-05-27 17:49:55.857,203.21,0.11628648275,0.0,0
2018-05-27 17:49:56.018,204.04,0.11628648275,0.0,0
2018-05-27 17:49:56.111,205.13,0.11628648275,0.0,0
2018-05-27 17:49:56.205,204.56,0.11628648275,0.0,0
2018-05-27 17:49:56.298,205.85,0.11628648275,0.0,0
2018-05-27 17:49:56.391,205.42,0.11628648275,0.0,0
2018-05-27 17:49:56.568,207.04,0.11628648275,0.0,0
2018-05-27 17:49:56.745,206.33,0.11628648275,0.0,0
2018-05-27 17:49:56.838,207.8,0.11628648275,0.0,0
2018-05-27 17:49:56.931,206.96,0.11628648275,0.0,0
2018-05-27 17:49:57.093,209.45,0.11628648275,0.0,0
2018-05-27 17:49:57.270,209.1,0.11628648275,0.0,0
2018-05-27 17:49:57.358,209.59,0.11628648275,0.0,0
2018-05-27 17:49:57.531,211.92,0.11628648275,0.0,0
2018-05-27 17:49:58.140,209.86,0.11628648275,0.0,0
2018-05-27 17:49:58.233,211.62,0.11628648275,0.0,0
2018-05-27 17:49:58.671,206.88,0.11628648275,0.0,0
2018-05-27 17:49:58.764,206.47,0.11628648275,0.0,0
2018-05-27 17:49:59.019,204.69,0.11628648275,0.0,0
2018-05-27 17:49:59.112,206.19,0.11628648275,0.0,0
2018-05-27 17:49:59.475,204.25,0.11628648275,0.0,0
2018-05-27 17:49:59.559,204.23,0.11628648275,0.0,0
2018-05-27 17:49:59.745,205.1,0.11628648275,0.0,0
2018-05-27 17:50:00.000,204.97,0.11628648275,0.0,0
2018-05-27 17:50:00.093,202.94,0.11628648275,0.0,0
2018-05-27 17:50:00.186,203.89,0.11628648275,0.0,0
2018-05-27 17:50:00.457,203.3,0.11628648275,0.0,0
2018-05-27 17:50:00.550,205.12,0.11628648275,0.0,0
2018-05-27 17:50:00.829,204.01,0.11628648275,0.0,0
2018-05-27 17:50:01.159,204.46,0.11628648275,0.0,0
2018-05-27 17:50:01.242,204.87,0.11628648275,0.0,0
2018-05-27 17:50:01.336,206.24,0.11628648275,0.0,0
2018-05-27 17:50:01.429,205.37,0.11628648275,0.0,0
2018-05-27 17:50:01.522,205.97,0.11628648275,0.0,0
2018-05-27 17:50:01.708,206.43,0.11628648275,0.0,0
2018-05-27 17:50:01.895,205.71,0.11628648275,0.0,0
2018-05-27 17:50:02.149,205.46,0.11628648275,0.0,0
2018-05-27 17:50:02.243,208.21,0.11628648275,0.0,0
2018-05-27 17:50:02.327,208.26,0.11628648275,0.0,0
2018-05-27 17:50:02.410,208.42,0.11628648275,0.0,0
2018-05-27 17:50:02.503,206.38,0.11628648275,0.0,0
2018-05-27 17:50:02.597,209.49,0.11628648275,0.0,0
2018-05-27 17:50:02.690,206.88,0.11628648275,0.0,0
2018-05-27 17:50:02.783,209.68,0.11628648275,0.0,0
2018-05-27 17:50:02.876,207.39,0.11628648275,0.0,0
2018-05-27 17:50:03.038,210.38,0.11628648275,0.0,0
2018-05-27 17:50:03.215,209.96,0.11628648275,0.0,0
2018-05-27 17:50:03.392,209.64,0.11628648275,0.0,0
2018-05-27 17:50:03.485,212.13,0.11628648275,0.0,0
2018-05-27 17:50:04.103,214.36,0.11628648275,0.0,0
2018-05-27 17:50:04.196,212.16,0.11628648275,0.0,0
2018-05-27 17:50:04.290,213.56,0.11628648275,0.0,0
2018-05-27 17:50:04.373,213.71,0.11628648275,0.0,0
2018-05-27 17:50:04.467,215.55,0.11628648275,0.0,0
2018-05-27 17:50:04.653,214.77,0.11628648275,0.0,0
2018-05-27 17:50:05.644,216.79,0.11628648275,0.0,0
2018-05-27 17:50:05.914,217.74,0.11628648275,0.0,0
2018-05-27 17:50:06.066,217.74,0.11628648275,0.0,0
2018-05-27 17:50:06.159,219.29,0.11628648275,0.0,0
2018-05-27 17:50:06.346,218.06,0.11628648275,0.0,0
2018-05-27 17:50:06.430,220.06,0.11628648275,0.0,0
2018-05-27 17:50:07.327,222.15,0.11628648275,0.0,0
2018-05-27 17:50:07.420,222.67,0.11628648275,0.0,0
2018-05-27 17:50:07.504,222.09,0.11628648275,0.0,0
2018-05-27 17:50:07.597,223.37,0.11628648275,0.0,0
2018-05-27 17:50:07.877,222.91,0.11628648275,0.0,0
2018-05-27 17:50:08.039,223.05,0.11628648275,0.0,0
2018-05-27 17:50:08.225,224.74,0.11628648275,0.0,0
2018-05-27 17:50:08.318,223.89,0.11628648275,0.0,0
2018-05-27 17:50:08.495,225.53,0.11628648275,0.0,0
2018-05-27 17:50:08.775,224.28,0.11628648275,0.0,0
2018-05-27 17:50:08.868,224.18,0.11628648275,0.0,0
2018-05-27 17:50:09.309,226.53,0.11628648275,0.0,0
2018-05-27 17:50:09.393,225.08,0.11628648275,0.0,0
2018-05-27 17:50:09.579,226.41,0.11628648275,0.0,0
2018-05-27 17:50:09.859,224.89,0.11628648275,0.0,0
2018-05-27 17:50:10.207,226.01,0.11628648275,0.0,0
2018-05-27 17:50:10.756,226.68,0.11628648275,0.0,0
2018-05-27 17:50:10.849,225.92,0.11628648275,0.0,0
2018-05-27 17:50:11.291,222.17,0.11628648275,0.0,0
2018-05-27 17:50:11.375,218.87,0.11628648275,0.0,0
2018-05-27 17:50:12.095,210.23,0.11628648275,0.0,0
2018-05-27 17:50:12.188,208.04,0.11628648275,0.0,0
2018-05-27 17:50:12.459,203.14,0.11628648275,0.0,0
2018-05-27 17:50:12.645,201.76,0.11628648275,0.0,0
2018-05-27 17:50:12.920,196.62,0.11628648275,0.0,0
2018-05-27 17:50:13.161,195.33,0.11628648275,0.0,0
2018-05-27 17:50:13.255,194.93,0.11628648275,0.0,0
2018-05-27 17:50:13.338,193.77,0.11628648275,0.0,0
2018-05-27 17:50:13.431,192.85,0.11628648275,0.0,0
2018-05-27 17:50:13.608,189.96,0.11628648275,0.0,0
2018-05-27 17:50:13.701,190.25,0.11628648275,0.0,0
2018-05-27 17:50:13.794,189.97,0.11628648275,0.0,0
2018-05-27 17:50:13.887,189.46,0.11628648275,0.0,0
2018-05-27 17:50:14.133,186.75,0.11628648275,0.0,0
2018-05-27 17:50:14.226,186.19,0.11628648275,0.0,0
2018-05-27 17:50:14.412,186.52,0.11628648275,0.0,0
2018-05-27 17:50:14.589,185.26,0.11628648275,0.0,0
2018-05-27 17:50:14.682,185.14,0.11628648275,0.0,0
2018-05-27 17:50:14.776,185.04,0.11628648275,0.0,0
2018-05-27 17:50:14.869,184.61,0.11628648275,0.0,0
2018-05-27 17:50:15.114,186.29,0.11628648275,0.0,0
2018-05-27 17:50:15.208,185.78,0.11628648275,0.0,0
2018-05-27 17:50:15.394,185.98,0.11628648275,0.0,0
2018-05-27 17:50:15.757,185.03,0.11628648275,0.0,0
2018-05-27 17:50:16.096,185.55,0.11628648275,0.0,0
2018-05-27 17:50:16.552,188.19,0.11628648275,0.0,0
2018-05-27 17:50:16.906,188.61,0.11628648275,0.0,0
2018-05-27 17:50:17.161,188.03,0.11628648275,0.0,0
2018-05-27 17:50:17.254,189.09,0.11628648275,0.0,0
2018-05-27 17:50:17.431,189.95,0.11628648275,0.0,0
2018-05-27 17:50:17.515,190.58,0.11628648275,0.0,0
2018-05-27 17:50:17.608,190.13,0.11628648275,0.0,0
2018-05-27 17:50:17.795,190.78,0.11628648275,0.0,0
2018-05-27 17:50:18.599,190.48,0.11628648275,0.0,0
2018-05-27 17:50:18.692,189.65,0.11628648275,0.0,0
2018-05-27 17:50:19.134,187.42,0.11628648275,0.0,0
2018-05-27 17:50:19.227,186.58,0.11628648275,0.0,0
2018-05-27 17:50:19.314,186.31,0.11628648275,0.0,0
2018-05-27 17:50:19.776,186.02,0.11628648275,0.0,0
2018-05-27 17:50:20.479,189.9,0.11628648275,0.0,0
2018-05-27 17:50:20.665,189.22,0.11628648275,0.0,0
2018-05-27 17:50:20.758,189.21,0.11628648275,0.0,0
2018-05-27 17:50:21.013,190.38,0.11628648275,0.0,0
2018-05-27 17:50:21.106,191.0,0.11628648275,0.0,0
2018-05-27 17:50:21.199,192.59,0.11628648275,0.0,0
2018-05-27 17:50:21.292,192.58,0.11628648275,0.0,0
2018-05-27 17:50:21.479,192.09,0.11628648275,0.0,0
2018-05-27 17:50:21.656,193.57,0.11628648275,0.0,0
2018-05-27 17:50:21.842,192.74,0.11628648275,0.0,0
2018-05-27 17:50:22.097,194.04,0.11628648275,0.0,0
2018-05-27 17:50:22.190,193.92,0.11628648275,0.0,0
2018-05-27 17:50:22.460,195.49,0.11628648275,0.0,0
2018-05-27 17:50:22.548,194.79,0.11628648275,0.0,0
2018-05-27 17:50:22.637,195.61,0.11628648275,0.0,0
2018-05-27 17:50:22.814,195.75,0.11628648275,0.0,0
2018-05-27 17:50:22.907,194.83,0.11628648275,0.0,0
2018-05-27 17:50:23.162,195.79,0.11628648275,0.0,0
2018-05-27 17:50:23.246,195.94,0.11628648275,0.0,0
2018-05-27 17:50:23.330,196.62,0.11628648275,0.0,0
2018-05-27 17:50:23.423,196.5,0.11628648275,0.0,0
2018-05-27 17:50:23.516,197.55,0.11628648275,0.0,0
2018-05-27 17:50:23.600,197.39,0.11628648275,0.0,0
2018-05-27 17:50:23.693,198.47,0.11628648275,0.0,0
2018-05-27 17:50:23.786,197.84,0.11628648275,0.0,0
2018-05-27 17:50:23.880,197.48,0.11628648275,0.0,0
2018-05-27 17:50:24.032,197.94,0.11628648275,0.0,0
2018-05-27 17:50:24.125,197.52,0.11628648275,0.0,0
2018-05-27 17:50:24.218,199.37,0.11628648275,0.0,0
2018-05-27 17:50:24.311,198.41,0.11628648275,0.0,0
2018-05-27 17:50:24.404,198.51,0.11628648275,0.0,0
2018-05-27 17:50:24.488,198.68,0.11628648275,0.0,0
2018-05-27 17:50:24.581,198.71,0.11628648275,0.0,0
2018-05-27 17:50:24.768,198.74,0.11628648275,0.0,0
2018-05-27 17:50:24.852,199.73,0.11628648275,0.0,0
2018-05-27 17:50:25.013,199.32,0.11628648275,0.0,0
2018-05-27 17:50:25.107,201.43,0.11628648275,0.0,0
2018-05-27 17:50:25.200,200.81,0.11628648275,0.0,0
2018-05-27 17:50:25.377,201.39,0.11628648275,0.0,0
2018-05-27 17:50:25.470,202.07,0.11628648275,0.0,0
2018-05-27 17:50:25.647,203.25,0.11628648275,0.0,0
2018-05-27 17:50:25.740,202.29,0.11628648275,0.0,0
2018-05-27 17:50:25.833,203.85,0.11628648275,0.0,0
2018-05-27 17:50:26.079,203.94,0.11628648275,0.0,0
2018-05-27 17:50:26.163,204.87,0.11628648275,0.0,0
2018-05-27 17:50:26.340,203.95,0.11628648275,0.0,0
2018-05-27 17:50:26.433,205.3,0.11628648275,0.0,0
2018-05-27 17:50:26.517,205.29,0.11628648275,0.0,0
2018-05-27 17:50:26.610,204.61,0.11628648275,0.0,0
2018-05-27 17:50:26.703,205.11,0.11628648275,0.0,0
2018-05-27 17:50:26.796,205.78,0.11628648275,0.0,0
2018-05-27 17:50:26.889,205.65,0.11628648275,0.0,0
2018-05-27 17:50:27.051,207.54,0.11628648275,0.0,0
2018-05-27 17:50:27.144,206.53,0.11628648275,0.0,0
2018-05-27 17:50:27.237,207.84,0.11628648275,0.0,0
2018-05-27 17:50:27.331,206.98,0.11628648275,0.0,0
2018-05-27 17:50:27.415,207.62,0.11628648275,0.0,0
2018-05-27 17:50:27.508,209.5,0.11628648275,0.0,0
2018-05-27 17:50:27.601,208.48,0.11628648275,0.0,0
2018-05-27 17:50:27.694,209.96,0.11628648275,0.0,0
2018-05-27 17:50:27.880,210.93,0.11628648275,0.0,0
2018-05-27 17:50:28.042,209.49,0.11628648275,0.0,0
2018-05-27 17:50:28.135,210.18,0.11628648275,0.0,0
2018-05-27 17:50:28.228,210.39,0.11628648275,0.0,0
2018-05-27 17:50:28.322,210.99,0.11628648275,0.0,0
2018-05-27 17:50:28.591,211.9,0.11628648275,0.0,0
2018-05-27 17:50:28.685,213.25,0.11628648275,0.0,0
2018-05-27 17:50:28.778,212.58,0.11628648275,0.0,0
2018-05-27 17:50:28.871,212.15,0.11628648275,0.0,0
2018-05-27 17:50:29.033,214.18,0.11628648275,0.0,0
2018-05-27 17:50:29.126,212.93,0.11628648275,0.0,0
2018-05-27 17:50:29.219,214.35,0.11628648275,0.0,0
2018-05-27 17:50:29.303,213.51,0.11628648275,0.0,0
2018-05-27 17:50:29.387,214.0,0.11628648275,0.0,0
2018-05-27 17:50:29.564,214.23,0.11628648275,0.0,0
2018-05-27 17:50:29.647,214.81,0.11628648275,0.0,0
2018-05-27 17:50:30.005,217.43,0.11628648275,0.0,0
2018-05-27 17:50:30.191,216.79,0.11628648275,0.0,0
2018-05-27 17:50:30.377,217.14,0.138058545864,0.0,0
2018-05-27 17:50:30.545,218.29,0.138058545864,0.0,0
2018-05-27 17:50:30.629,217.84,0.138058545864,0.0,0
2018-05-27 17:50:30.722,218.97,0.138058545864,0.0,0
2018-05-27 17:50:30.815,218.92,0.138058545864,0.0,0
2018-05-27 17:50:30.908,219.02,0.138058545864,0.0,0
2018-05-27 17:50:31.070,218.63,0.138058545864,0.0,0
2018-05-27 17:50:31.256,218.53,0.138058545864,0.0,0
2018-05-27 17:50:31.433,218.99,0.138058545864,0.0,0
2018-05-27 17:50:31.713,221.4,0.138058545864,0.0,0
2018-05-27 17:50:31.806,219.9,0.138058545864,0.0,0
2018-05-27 17:50:31.899,220.27,0.138058545864,0.0,0
2018-05-27 17:50:32.061,220.45,0.138058545864,0.0,0
2018-05-27 17:50:32.154,220.67,0.138058545864,0.0,0
2018-05-27 17:50:32.247,221.48,0.138058545864,0.0,0
2018-05-27 17:50:32.331,222.54,0.138058545864,0.0,0
2018-05-27 17:50:32.424,221.79,0.138058545864,0.0,0
2018-05-27 17:50:32.601,223.24,0.138058545864,0.0,0
2018-05-27 17:50:32.881,221.88,0.138058545864,0.0,0
2018-05-27 17:50:33.042,222.83,0.138058545864,0.0,0
2018-05-27 17:50:33.136,223.65,0.138058545864,0.0,0
2018-05-27 17:50:33.229,224.05,0.138058545864,0.0,0
2018-05-27 17:50:33.406,224.38,0.138058545864,0.0,0
2018-05-27 17:50:33.685,223.53,0.138058545864,0.0,0
2018-05-27 17:50:33.778,223.46,0.138058545864,0.0,0
2018-05-27 17:50:34.220,225.33,0.138058545864,0.0,0
2018-05-27 17:50:34.313,224.88,0.138058545864,0.0,0
2018-05-27 17:50:34.397,226.18,0.138058545864,0.0,0
2018-05-27 17:50:34.490,225.8,0.138058545864,0.0,0
2018-05-27 17:50:35.117,225.78,0.138058545864,0.0,0
2018-05-27 17:50:35.211,225.21,0.138058545864,0.0,0
2018-05-27 17:50:35.388,223.49,0.138058545864,0.0,0
2018-05-27 17:50:35.574,222.59,0.138058545864,0.0,0
2018-05-27 17:50:35.667,220.84,0.138058545864,0.0,0
2018-05-27 17:50:35.760,220.31,0.138058545864,0.0,0
2018-05-27 17:50:35.853,220.03,0.138058545864,0.0,0
2018-05-27 17:50:36.015,219.93,0.138058545864,0.0,0
2018-05-27 17:50:36.285,216.64,0.138058545864,0.0,0
2018-05-27 17:50:36.378,216.57,0.138058545864,0.0,0
2018-05-27 17:50:36.472,217.24,0.138058545864,0.0,0
2018-05-27 17:50:36.658,215.45,0.138058545864,0.0,0
2018-05-27 17:50:37.276,212.85,0.138058545864,0.0,0
2018-05-27 17:50:37.365,214.25,0.138058545864,0.0,0
2018-05-27 17:50:37.453,213.27,0.138058545864,0.0,0
2018-05-27 17:50:37.537,213.11,0.138058545864,0.0,0
2018-05-27 17:50:37.714,212.24,0.138058545864,0.0,0
2018-05-27 17:50:37.900,212.13,0.138058545864,0.0,0
2018-05-27 17:50:38.155,212.02,0.138058545864,0.0,0
2018-05-27 17:50:38.249,212.47,0.138058545864,0.0,0
2018-05-27 17:50:38.332,212.52,0.138058545864,0.0,0
2018-05-27 17:50:38.509,213.24,0.138058545864,0.0,0
2018-05-27 17:50:38.789,214.23,0.138058545864,0.0,0
2018-05-27 17:50:38.882,212.52,0.138058545864,0.0,0
2018-05-27 17:50:39.230,212.43,0.138058545864,0.0,0
2018-05-27 17:50:39.323,214.35,0.138058545864,0.0,0
2018-05-27 17:50:39.416,212.17,0.138058545864,0.0,0
2018-05-27 17:50:39.500,213.09,0.138058545864,0.0,0
2018-05-27 17:50:39.593,212.77,0.138058545864,0.0,0
2018-05-27 17:50:39.686,215.0,0.138058545864,0.0,0
2018-05-27 17:50:39.873,213.82,0.138058545864,0.0,0
2018-05-27 17:50:40.034,215.29,0.138058545864,0.0,0
2018-05-27 17:50:40.128,214.57,0.138058545864,0.0,0
2018-05-27 17:50:40.221,216.23,0.138058545864,0.0,0
2018-05-27 17:50:40.314,215.65,0.138058545864,0.0,0
2018-05-27 17:50:40.491,216.09,0.138058545864,0.0,0
2018-05-27 17:50:40.770,216.57,0.138058545864,0.0,0
2018-05-27 17:50:41.026,218.2,0.138058545864,0.0,0
2018-05-27 17:50:41.119,216.89,0.138058545864,0.0,0
2018-05-27 17:50:41.212,217.17,0.138058545864,0.0,0
2018-05-27 17:50:41.398,218.31,0.138058545864,0.0,0
2018-05-27 17:50:41.668,218.13,0.138058545864,0.0,0
2018-05-27 17:50:42.016,217.46,0.138058545864,0.0,0
2018-05-27 17:50:42.566,214.65,0.138058545864,0.0,0
2018-05-27 17:50:42.752,213.39,0.138058545864,0.0,0
2018-05-27 17:50:43.007,211.96,0.138058545864,0.0,0
2018-05-27 17:50:43.100,212.26,0.138058545864,0.0,0
2018-05-27 17:50:43.287,211.52,0.138058545864,0.0,0
2018-05-27 17:50:43.371,210.54,0.138058545864,0.0,0
2018-05-27 17:50:43.464,211.65,0.138058545864,0.0,0
2018-05-27 17:50:43.650,209.44,0.138058545864,0.0,0
2018-05-27 17:50:43.743,207.94,0.138058545864,0.0,0
2018-05-27 17:50:43.925,208.19,0.138058545864,0.0,0
2018-05-27 17:50:44.073,208.12,0.138058545864,0.0,0
2018-05-27 17:50:44.445,208.46,0.138058545864,0.0,0
2018-05-27 17:50:44.538,208.87,0.138058545864,0.0,0
2018-05-27 17:50:44.631,208.61,0.138058545864,0.0,0
2018-05-27 17:50:44.725,209.26,0.138058545864,0.0,0
2018-05-27 17:50:44.817,209.45,0.138058545864,0.0,0
2018-05-27 17:50:44.902,208.65,0.138058545864,0.0,0
2018-05-27 17:50:45.063,210.12,0.138058545864,0.0,0
2018-05-27 17:50:45.156,209.76,0.138058545864,0.0,0
2018-05-27 17:50:45.250,210.64,0.138058545864,0.0,0
2018-05-27 17:50:45.427,209.18,0.138058545864,0.0,0
2018-05-27 17:50:45.511,209.55,0.138058545864,0.0,0
2018-05-27 17:50:45.604,209.95,0.138058545864,0.0,0
2018-05-27 17:50:45.874,209.31,0.138058545864,0.0,0
2018-05-27 17:50:46.036,211.51,0.138058545864,0.0,0
2018-05-27 17:50:46.129,210.96,0.138058545864,0.0,0
2018-05-27 17:50:46.222,211.75,0.138058545864,0.0,0
2018-05-27 17:50:46.315,210.68,0.138058545864,0.0,0
2018-05-27 17:50:46.399,210.77,0.138058545864,0.0,0
2018-05-27 17:50:46.492,211.86,0.138058545864,0.0,0
2018-05-27 17:50:46.669,213.7,0.138058545864,0.0,0
2018-05-27 17:50:46.762,212.59,0.138058545864,0.0,0
2018-05-27 17:50:46.855,213.5,0.138058545864,0.0,0
2018-05-27 17:50:47.110,213.51,0.138058545864,0.0,0
2018-05-27 17:50:47.753,215.32,0.138058545864,0.0,0
2018-05-27 17:50:48.008,216.24,0.138058545864,0.0,0
2018-05-27 17:50:48.194,217.8,0.138058545864,0.0,0
2018-05-27 17:50:48.288,217.09,0.138058545864,0.0,0
2018-05-27 17:50:48.744,217.37,0.138058545864,0.0,0
2018-05-27 17:50:48.837,217.19,0.138058545864,0.0,0
2018-05-27 17:50:48.925,217.2,0.138058545864,0.0,0
2018-05-27 17:50:49.344,217.87,0.138058545864,0.0,0
2018-05-27 17:50:49.437,218.01,0.138058545864,0.0,0
2018-05-27 17:50:49.623,218.79,0.138058545864,0.0,0
2018-05-27 17:50:49.716,218.79,0.138058545864,0.0,0
2018-05-27 17:50:49.809,218.86,0.138058545864,0.0,0
2018-05-27 17:50:49.902,220.65,0.138058545864,0.0,0
2018-05-27 17:50:51.027,221.58,0.138058545864,0.0,0
2018-05-27 17:50:51.111,222.03,0.138058545864,0.0,0
2018-05-27 17:50:51.475,221.96,0.138058545864,0.0,0
2018-05-27 17:50:51.567,222.11,0.138058545864,0.0,0
2018-05-27 17:50:51.661,223.86,0.138058545864,0.0,0
2018-05-27 17:50:51.847,223.55,0.138058545864,0.0,0
2018-05-27 17:50:52.009,222.26,0.138058545864,0.0,0
2018-05-27 17:50:52.372,223.89,0.138058545864,0.0,0
2018-05-27 17:50:52.819,224.88,0.138058545864,0.0,0
2018-05-27 17:50:52.903,226.32,0.138058545864,0.0,0
2018-05-27 17:50:53.065,226.45,0.138058545864,0.0,0
2018-05-27 17:50:53.158,226.36,0.138058545864,0.0,0
2018-05-27 17:50:53.521,225.3,0.138058545864,0.0,0
2018-05-27 17:50:53.894,226.1,0.138058545864,0.0,0
2018-05-27 17:50:54.335,225.58,0.138058545864,0.0,0
2018-05-27 17:50:55.140,225.44,0.138058545864,0.0,0
2018-05-27 17:50:55.233,226.85,0.138058545864,0.0,0
2018-05-27 17:50:55.419,226.3,0.138058545864,0.0,0
2018-05-27 17:50:55.503,225.5,0.138058545864,0.0,0
2018-05-27 17:50:55.596,226.26,0.138058545864,0.0,0
2018-05-27 17:50:55.690,227.07,0.138058545864,0.0,0
2018-05-27 17:50:55.866,225.23,0.138058545864,0.0,0
2018-05-27 17:50:56.214,225.69,0.138058545864,0.0,0
2018-05-27 17:50:56.484,225.05,0.138058545864,0.0,0
2018-05-27 17:50:56.755,221.39,0.138058545864,0.0,0
2018-05-27 17:50:56.848,219.7,0.138058545864,0.0,0
2018-05-27 17:50:57.103,218.88,0.138058545864,0.0,0
2018-05-27 17:50:57.289,216.75,0.138058545864,0.0,0
2018-05-27 17:50:57.643,214.53,0.138058545864,0.0,0
2018-05-27 17:50:57.727,214.44,0.138058545864,0.0,0
2018-05-27 17:50:57.820,215.35,0.138058545864,0.0,0
2018-05-27 17:50:57.913,214.49,0.138058545864,0.0,0
2018-05-27 17:50:58.168,215.24,0.138058545864,0.0,0
2018-05-27 17:50:58.345,215.71,0.138058545864,0.0,0
2018-05-27 17:50:58.885,213.41,0.138058545864,0.0,0
2018-05-27 17:50:59.141,215.78,0.138058545864,0.0,0
2018-05-27 17:50:59.401,215.92,0.138058545864,0.0,0
2018-05-27 17:50:59.494,213.74,0.138058545864,0.0,0
2018-05-27 17:50:59.587,214.87,0.138058545864,0.0,0
2018-05-27 17:50:59.867,215.43,0.138058545864,0.0,0
2018-05-27 17:51:00.029,216.36,0.138058545864,0.0,0
2018-05-27 17:51:00.206,214.8,0.138058545864,0.0,0
2018-05-27 17:51:00.476,216.46,0.138058545864,0.0,0
2018-05-27 17:51:00.569,217.16,0.138058545864,0.0,0
2018-05-27 17:51:01.196,217.53,0.138058545864,0.0,0
2018-05-27 17:51:01.373,218.04,0.138058545864,0.0,0
2018-05-27 17:51:02.346,217.36,0.138058545864,0.0,0
2018-05-27 17:51:02.439,217.96,0.138058545864,0.0,0
2018-05-27 17:51:02.709,219.46,0.138058545864,0.0,0
2018-05-27 17:51:03.048,216.34,0.138058545864,0.0,0
2018-05-27 17:51:03.141,217.0,0.138058545864,0.0,0
2018-05-27 17:51:03.327,216.67,0.138058545864,0.0,0
2018-05-27 17:51:03.426,216.73,0.138058545864,0.0,0
2018-05-27 17:51:03.700,215.49,0.138058545864,0.0,0
2018-05-27 17:51:03.886,214.02,0.138058545864,0.0,0
2018-05-27 17:51:04.238,212.44,0.138058545864,0.0,0
2018-05-27 17:51:04.334,213.74,0.138058545864,0.0,0
2018-05-27 17:51:04.607,214.34,0.138058545864,0.0,0
2018-05-27 17:51:04.700,212.28,0.138058545864,0.0,0
2018-05-27 17:51:04.793,213.8,0.138058545864,0.0,0
2018-05-27 17:51:04.868,214.81,0.138058545864,0.0,0
2018-05-27 17:51:05.598,213.59,0.138058545864,0.0,0
2018-05-27 17:51:05.691,213.43,0.138058545864,0.0,0
2018-05-27 17:51:05.785,215.07,0.138058545864,0.0,0
2018-05-27 17:51:05.868,214.59,0.138058545864,0.0,0
2018-05-27 17:51:06.030,214.93,0.138058545864,0.0,0
2018-05-27 17:51:06.123,214.67,0.138058545864,0.0,0
2018-05-27 17:51:06.309,214.62,0.138058545864,0.0,0
2018-05-27 17:51:06.402,214.02,0.138058545864,0.0,0
2018-05-27 17:51:06.486,214.49,0.138058545864,0.0,0
2018-05-27 17:51:06.580,214.96,0.138058545864,0.0,0
2018-05-27 17:51:06.672,216.09,0.138058545864,0.0,0
2018-05-27 17:51:06.756,216.1,0.138058545864,0.0,0
2018-05-27 17:51:06.849,214.64,0.138058545864,0.0,0
2018-05-27 17:51:07.104,216.75,0.138058545864,0.0,0
2018-05-27 17:51:07.290,215.55,0.138058545864,0.0,0
2018-05-27 17:51:07.374,215.94,0.138058545864,0.0,0
2018-05-27 17:51:07.556,216.74,0.138058545864,0.0,0
2018-05-27 17:51:07.644,218.64,0.138058545864,0.0,0
2018-05-27 17:51:07.728,216.55,0.138058545864,0.0,0
2018-05-27 17:51:07.821,218.15,0.138058545864,0.0,0
2018-05-27 17:51:07.914,217.52,0.138058545864,0.0,0
2018-05-27 17:51:08.169,218.19,0.138058545864,0.0,0
2018-05-27 17:51:08.262,219.4,0.138058545864,0.0,0
2018-05-27 17:51:08.356,218.41,0.138058545864,0.0,0
2018-05-27 17:51:08.439,219.68,0.138058545864,0.0,0
2018-05-27 17:51:08.523,219.49,0.138058545864,0.0,0
2018-05-27 17:51:08.710,218.38,0.138058545864,0.0,0
2018-05-27 17:51:08.803,218.44,0.138058545864,0.0,0
2018-05-27 17:51:08.896,219.76,0.138058545864,0.0,0
2018-05-27 17:51:09.058,219.46,0.138058545864,0.0,0
2018-05-27 17:51:09.151,219.04,0.138058545864,0.0,0
2018-05-27 17:51:09.244,219.72,0.138058545864,0.0,0
2018-05-27 17:51:09.337,220.52,0.138058545864,0.0,0
2018-05-27 17:51:09.430,220.44,0.138058545864,0.0,0
2018-05-27 17:51:09.514,221.14,0.138058545864,0.0,0
2018-05-27 17:51:10.235,221.29,0.138058545864,0.0,0
2018-05-27 17:51:10.328,223.18,0.138058545864,0.0,0
2018-05-27 17:51:10.411,222.04,0.138058545864,0.0,0
2018-05-27 17:51:10.691,223.48,0.138058545864,0.0,0
2018-05-27 17:51:10.784,223.72,0.138058545864,0.0,0
2018-05-27 17:51:10.877,222.61,0.138058545864,0.0,0
2018-05-27 17:51:11.039,222.61,0.138058545864,0.0,0
2018-05-27 17:51:11.132,223.71,0.138058545864,0.0,0
2018-05-27 17:51:11.225,224.69,0.138058545864,0.0,0
2018-05-27 17:51:11.319,224.31,0.138058545864,0.0,0
2018-05-27 17:51:11.402,224.64,0.138058545864,0.0,0
2018-05-27 17:51:11.495,225.53,0.138058545864,0.0,0
2018-05-27 17:51:11.682,225.25,0.138058545864,0.0,0
2018-05-27 17:51:11.775,224.85,0.138058545864,0.0,0
2018-05-27 17:51:11.868,225.04,0.138058545864,0.0,0
2018-05-27 17:51:12.030,224.4,0.138058545864,0.0,0
2018-05-27 17:51:12.123,225.57,0.138058545864,0.0,0
2018-05-27 17:51:12.216,227.04,0.138058545864,0.0,0
2018-05-27 17:51:12.309,226.66,0.138058545864,0.0,0
2018-05-27 17:51:13.114,225.96,0.138058545864,0.0,0
2018-05-27 17:51:13.290,226.89,0.138058545864,0.0,0
2018-05-27 17:51:13.384,226.82,0.138058545864,0.0,0
2018-05-27 17:51:13.570,226.47,0.138058545864,0.0,0
2018-05-27 17:51:13.663,227.09,0.138058545864,0.0,0
2018-05-27 17:51:14.011,228.61,0.138058545864,0.0,0
2018-05-27 17:51:14.104,228.61,0.138058545864,0.0,0
2018-05-27 17:51:14.198,229.13,0.138058545864,0.0,0
2018-05-27 17:51:14.374,228.05,0.138058545864,0.0,0
2018-05-27 17:51:14.468,228.45,0.138058545864,0.0,0
2018-05-27 17:51:14.561,228.12,0.138058545864,0.0,0
2018-05-27 17:51:14.654,229.62,0.138058545864,0.0,0
2018-05-27 17:51:14.742,228.66,0.138058545864,0.0,0
2018-05-27 17:51:14.835,227.93,0.138058545864,0.0,0
2018-05-27 17:51:14.924,228.78,0.138058545864,0.0,0
2018-05-27 17:51:15.170,229.58,0.138058545864,0.0,0
2018-05-27 17:51:15.430,229.53,0.138058545864,0.0,0
2018-05-27 17:51:15.524,229.56,0.138058545864,0.0,0
2018-05-27 17:51:16.235,231.95,0.138058545864,0.0,0
2018-05-27 17:51:16.412,230.21,0.138058545864,0.0,0
2018-05-27 17:51:16.505,229.89,0.138058545864,0.0,0
2018-05-27 17:51:17.128,225.84,0.138058545864,0.0,0
2018-05-27 17:51:17.216,225.18,0.138058545864,0.0,0
2018-05-27 17:51:17.766,222.06,0.138058545864,0.0,0
2018-05-27 17:51:18.011,220.24,0.138058545864,0.0,0
2018-05-27 17:51:18.766,215.71,0.138058545864,0.0,0
2018-05-27 17:51:18.859,214.31,0.138058545864,0.0,0
2018-05-27 17:51:19.020,214.4,0.138058545864,0.0,0
2018-05-27 17:51:19.300,214.13,0.138058545864,0.0,0
2018-05-27 17:51:19.393,212.7,0.138058545864,0.0,0
2018-05-27 17:51:19.477,212.91,0.138058545864,0.0,0
2018-05-27 17:51:19.570,212.03,0.138058545864,0.0,0
2018-05-27 17:51:19.663,213.34,0.138058545864,0.0,0
2018-05-27 17:51:19.756,211.85,0.138058545864,0.0,0
2018-05-27 17:51:19.850,212.31,0.138058545864,0.0,0
2018-05-27 17:51:20.011,213.83,0.138058545864,0.0,0
2018-05-27 17:51:20.104,212.41,0.138058545864,0.0,0
2018-05-27 17:51:20.197,213.26,0.138058545864,0.0,0
2018-05-27 17:51:20.291,211.37,0.138058545864,0.0,0
2018-05-27 17:51:20.561,213.67,0.138058545864,0.0,0
2018-05-27 17:51:20.654,212.34,0.138058545864,0.0,0
2018-05-27 17:51:20.747,214.33,0.138058545864,0.0,0
2018-05-27 17:51:20.840,212.61,0.138058545864,0.0,0
2018-05-27 17:51:20.928,213.54,0.138058545864,0.0,0
2018-05-27 17:51:21.086,213.14,0.138058545864,0.0,0
2018-05-27 17:51:21.169,212.15,0.138058545864,0.0,0
2018-05-27 17:51:21.346,213.42,0.138058545864,0.0,0
2018-05-27 17:51:21.430,213.61,0.138058545864,0.0,0
2018-05-27 17:51:21.523,214.46,0.138058545864,0.0,0
2018-05-27 17:51:21.617,215.88,0.138058545864,0.0,0
2018-05-27 17:51:21.710,215.0,0.138058545864,0.0,0
2018-05-27 17:51:21.896,216.19,0.138058545864,0.0,0
2018-05-27 17:51:22.058,216.62,0.138058545864,0.0,0
2018-05-27 17:51:22.142,216.02,0.138058545864,0.0,0
2018-05-27 17:51:22.421,216.89,0.138058545864,0.0,0
2018-05-27 17:51:22.505,218.54,0.138058545864,0.0,0
2018-05-27 17:51:22.691,217.5,0.138058545864,0.0,0
2018-05-27 17:51:22.784,219.45,0.138058545864,0.0,0
2018-05-27 17:51:23.216,218.19,0.138058545864,0.0,0
2018-05-27 17:51:23.402,217.61,0.138058545864,0.0,0
2018-05-27 17:51:23.486,217.92,0.138058545864,0.0,0
2018-05-27 17:51:23.672,215.68,0.138058545864,0.0,0
2018-05-27 17:51:23.859,214.11,0.138058545864,0.0,0
2018-05-27 17:51:24.011,214.6,0.138058545864,0.0,0
2018-05-27 17:51:24.384,211.35,0.138058545864,0.0,0
2018-05-27 17:51:24.561,211.44,0.138058545864,0.0,0
2018-05-27 17:51:24.654,210.22,0.138058545864,0.0,0
2018-05-27 17:51:24.831,211.92,0.138058545864,0.0,0
2018-05-27 17:51:24.915,210.39,0.138058545864,0.0,0
2018-05-27 17:51:25.076,211.02,0.138058545864,0.0,0
2018-05-27 17:51:25.710,211.22,0.138058545864,0.0,0
2018-05-27 17:51:25.896,211.9,0.138058545864,0.0,0
2018-05-27 17:51:26.058,211.21,0.138058545864,0.0,0
2018-05-27 17:51:26.151,212.16,0.138058545864,0.0,0
2018-05-27 17:51:26.328,210.86,0.138058545864,0.0,0
2018-05-27 17:51:26.505,211.19,0.138058545864,0.0,0
2018-05-27 17:51:26.598,213.03,0.138058545864,0.0,0
2018-05-27 17:51:26.691,211.2,0.138058545864,0.0,0
2018-05-27 17:51:26.784,213.62,0.138058545864,0.0,0
2018-05-27 17:51:26.877,211.5,0.138058545864,0.0,0
2018-05-27 17:51:27.132,213.02,0.138058545864,0.0,0
2018-05-27 17:51:27.225,212.42,0.138058545864,0.0,0
2018-05-27 17:51:27.402,212.67,0.138058545864,0.0,0
2018-05-27 17:51:27.496,213.26,0.138058545864,0.0,0
2018-05-27 17:51:27.589,212.86,0.138058545864,0.0,0
2018-05-27 17:51:27.682,214.04,0.138058545864,0.0,0
2018-05-27 17:51:27.775,213.29,0.138058545864,0.0,0
2018-05-27 17:51:27.868,213.72,0.138058545864,0.0,0
2018-05-27 17:51:28.030,214.5,0.138058545864,0.0,0
2018-05-27 17:51:28.310,215.8,0.138058545864,0.0,0
2018-05-27 17:51:28.393,216.72,0.138058545864,0.0,0
2018-05-27 17:51:28.486,215.4,0.138058545864,0.0,0
2018-05-27 17:51:28.673,217.32,0.138058545864,0.0,0
2018-05-27 17:51:28.859,216.29,0.138058545864,0.0,0
2018-05-27 17:51:29.114,217.93,0.138058545864,0.0,0
2018-05-27 17:51:29.207,217.9,0.138058545864,0.0,0
2018-05-27 17:51:29.384,217.59,0.138058545864,0.0,0
2018-05-27 17:51:29.477,219.0,0.138058545864,0.0,0
2018-05-27 17:51:29.570,219.33,0.138058545864,0.0,0
2018-05-27 17:51:30.198,219.36,0.138058545864,0.0,0
2018-05-27 17:51:30.291,220.74,0.138058545864,0.0,0
2018-05-27 17:51:30.654,220.61,0.138058545864,0.0,0
2018-05-27 17:51:30.840,221.94,0.138058545864,0.0,0
2018-05-27 17:51:31.076,221.56,0.138058545864,0.0,0
2018-05-27 17:51:31.170,221.43,0.138058545864,0.0,0
2018-05-27 17:51:31.347,221.39,0.138058545864,0.0,0
2018-05-27 17:51:31.440,221.56,0.138058545864,0.0,0
2018-05-27 17:51:31.598,222.08,0.138058545864,0.0,0
2018-05-27 17:51:31.710,222.85,0.138058545864,0.0,0
2018-05-27 17:51:31.803,224.33,0.138058545864,0.0,0
2018-05-27 17:51:31.896,224.22,0.138058545864,0.0,0
2018-05-27 17:51:32.142,224.55,0.138058545864,0.0,0
2018-05-27 17:51:32.235,224.71,0.138058545864,0.0,0
2018-05-27 17:51:32.496,223.69,0.138058545864,0.0,0
2018-05-27 17:51:32.589,223.67,0.138058545864,0.0,0
2018-05-27 17:51:32.682,225.06,0.138058545864,0.0,0
2018-05-27 17:51:33.030,225.32,0.138058545864,0.0,0
2018-05-27 17:51:33.207,225.98,0.138058545864,0.0,0
2018-05-27 17:51:33.393,225.65,0.138058545864,0.0,0
2018-05-27 17:51:33.477,226.65,0.138058545864,0.0,0
2018-05-27 17:51:33.663,225.79,0.138058545864,0.0,0
2018-05-27 17:51:34.095,226.19,0.138058545864,0.0,0
2018-05-27 17:51:34.458,226.95,0.138058545864,0.0,0
2018-05-27 17:51:34.905,226.48,0.138058545864,0.0,0
2018-05-27 17:51:35.421,228.58,0.138058545864,0.0,0
2018-05-27 17:51:35.691,227.84,0.138058545864,0.0,0
2018-05-27 17:51:36.132,229.19,0.138058545864,0.0,0
2018-05-27 17:51:36.226,229.04,0.138058545864,0.0,0
2018-05-27 17:51:36.868,230.59,0.138058545864,0.0,0
2018-05-27 17:51:37.030,231.04,0.138058545864,0.0,0
2018-05-27 17:51:37.123,231.05,0.138058545864,0.0,0
2018-05-27 17:51:37.673,228.57,0.138058545864,0.0,0
2018-05-27 17:51:37.766,227.36,0.138058545864,0.0,0
2018-05-27 17:51:38.019,224.76,0.138058545864,0.0,0
2018-05-27 17:51:38.105,225.29,0.138058545864,0.0,0
2018-05-27 17:51:38.281,221.99,0.138058545864,0.0,0
2018-05-27 17:51:38.557,220.94,0.138058545864,0.0,0
2018-05-27 17:51:38.729,219.2,0.138058545864,0.0,0
2018-05-27 17:51:38.822,217.31,0.138058545864,0.0,0
2018-05-27 17:51:38.915,216.31,0.138058545864,0.0,0
2018-05-27 17:51:39.077,216.61,0.138058545864,0.0,0
2018-05-27 17:51:39.263,212.78,0.138058545864,0.0,0
2018-05-27 17:51:39.347,211.7,0.138058545864,0.0,0
2018-05-27 17:51:39.626,209.51,0.138058545864,0.0,0
2018-05-27 17:51:39.719,209.02,0.138058545864,0.0,0
2018-05-27 17:51:39.812,208.82,0.138058545864,0.0,0
2018-05-27 17:51:39.905,208.87,0.138058545864,0.0,0
2018-05-27 17:51:40.067,208.8,0.138058545864,0.0,0
2018-05-27 17:51:40.523,209.62,0.138058545864,0.0,0
2018-05-27 17:51:40.617,210.97,0.138058545864,0.0,0
2018-05-27 17:51:40.896,209.31,0.138058545864,0.0,0
2018-05-27 17:51:41.337,211.34,0.138058545864,0.0,0
2018-05-27 17:51:41.794,212.11,0.138058545864,0.0,0
2018-05-27 17:51:42.393,213.03,0.138058545864,0.0,0
2018-05-27 17:51:42.486,213.32,0.138058545864,0.0,0
2018-05-27 17:51:43.291,215.68,0.138058545864,0.0,0
2018-05-27 17:51:43.374,215.25,0.138058545864,0.0,0
2018-05-27 17:51:43.560,217.27,0.138058545864,0.0,0
2018-05-27 17:51:43.747,216.34,0.138058545864,0.0,0
2018-05-27 17:51:44.803,216.93,0.138058545864,0.0,0
2018-05-27 17:51:44.886,216.5,0.138058545864,0.0,0
2018-05-27 17:51:45.141,215.86,0.138058545864,0.0,0
2018-05-27 17:51:45.327,215.89,0.138058545864,0.0,0
2018-05-27 17:51:45.420,214.23,0.138058545864,0.0,0
2018-05-27 17:51:45.690,214.42,0.138058545864,0.0,0
2018-05-27 17:51:45.784,215.81,0.138058545864,0.0,0
2018-05-27 17:51:45.867,215.64,0.138058545864,0.0,0
2018-05-27 17:51:46.122,214.38,0.138058545864,0.0,0
2018-05-27 17:51:46.215,215.32,0.138058545864,0.0,0
2018-05-27 17:51:46.309,213.65,0.138058545864,0.0,0
2018-05-27 17:51:46.402,214.92,0.138058545864,0.0,0
2018-05-27 17:51:46.579,215.7,0.138058545864,0.0,0
2018-05-27 17:51:46.672,213.39,0.138058545864,0.0,0
2018-05-27 17:51:46.756,215.09,0.138058545864,0.0,0
2018-05-27 17:51:46.849,214.78,0.138058545864,0.0,0
2018-05-27 17:51:47.010,216.05,0.138058545864,0.0,0
2018-05-27 17:51:47.104,214.83,0.138058545864,0.0,0
2018-05-27 17:51:47.197,214.46,0.138058545864,0.0,0
2018-05-27 17:51:47.290,215.9,0.138058545864,0.0,0
2018-05-27 17:51:47.468,215.29,0.138058545864,0.0,0
2018-05-27 17:51:47.551,216.21,0.138058545864,0.0,0
2018-05-27 17:51:47.634,215.22,0.138058545864,0.0,0
2018-05-27 17:51:47.727,215.78,0.138058545864,0.0,0
2018-05-27 17:51:47.821,214.62,0.138058545864,0.0,0
2018-05-27 17:51:47.895,215.52,0.138058545864,0.0,0
2018-05-27 17:51:48.076,216.65,0.138058545864,0.0,0
2018-05-27 17:51:48.169,215.07,0.138058545864,0.0,0
2018-05-27 17:51:48.262,215.96,0.138058545864,0.0,0
2018-05-27 17:51:48.346,214.99,0.138058545864,0.0,0
2018-05-27 17:51:48.523,215.99,0.138058545864,0.0,0
2018-05-27 17:51:48.606,216.69,0.138058545864,0.0,0
2018-05-27 17:51:48.699,217.95,0.138058545864,0.0,0
2018-05-27 17:51:48.793,217.73,0.138058545864,0.0,0
2018-05-27 17:51:48.886,216.7,0.138058545864,0.0,0
2018-05-27 17:51:49.047,217.48,0.138058545864,0.0,0
2018-05-27 17:51:49.318,218.63,0.138058545864,0.0,0
2018-05-27 17:51:49.401,219.8,0.138058545864,0.0,0
2018-05-27 17:51:49.588,219.11,0.138058545864,0.0,0
2018-05-27 17:51:49.681,218.58,0.138058545864,0.0,0
2018-05-27 17:51:49.774,219.82,0.138058545864,0.0,0
2018-05-27 17:51:49.867,219.36,0.138058545864,0.0,0
2018-05-27 17:51:50.029,219.92,0.138058545864,0.0,0
2018-05-27 17:51:50.113,220.12,0.138058545864,0.0,0
2018-05-27 17:51:50.299,220.18,0.138058545864,0.0,0
2018-05-27 17:51:50.392,220.63,0.138058545864,0.0,0
2018-05-27 17:51:50.476,220.76,0.138058545864,0.0,0
2018-05-27 17:51:50.569,222.52,0.138058545864,0.0,0
2018-05-27 17:51:50.662,221.82,0.138058545864,0.0,0
2018-05-27 17:51:50.755,220.87,0.138058545864,0.0,0
2018-05-27 17:51:51.001,222.29,0.138058545864,0.0,0
2018-05-27 17:51:51.187,222.56,0.138058545864,0.0,0
2018-05-27 17:51:51.280,222.78,0.138058545864,0.0,0
2018-05-27 17:51:51.373,224.17,0.138058545864,0.0,0
2018-05-27 17:51:51.457,222.52,0.138058545864,0.0,0
2018-05-27 17:51:51.541,223.6,0.138058545864,0.0,0
2018-05-27 17:51:51.625,224.27,0.138058545864,0.0,0
2018-05-27 17:51:51.718,224.66,0.138058545864,0.0,0
2018-05-27 17:51:51.802,223.85,0.138058545864,0.0,0
2018-05-27 17:51:51.895,224.89,0.138058545864,0.0,0
2018-05-27 17:51:52.056,224.74,0.138058545864,0.0,0
2018-05-27 17:51:52.150,224.39,0.138058545864,0.0,0
2018-05-27 17:51:52.243,225.05,0.138058545864,0.0,0
2018-05-27 17:51:52.420,226.32,0.138058545864,0.0,0
2018-05-27 17:51:52.513,225.24,0.138058545864,0.0,0
2018-05-27 17:51:52.606,224.68,0.138058545864,0.0,0
2018-05-27 17:51:52.699,225.3,0.138058545864,0.0,0
2018-05-27 17:51:52.792,225.53,0.138058545864,0.0,0
2018-05-27 17:51:52.885,225.81,0.138058545864,0.0,0
2018-05-27 17:51:53.047,226.04,0.138058545864,0.0,0
2018-05-27 17:51:53.140,226.1,0.138058545864,0.0,0
2018-05-27 17:51:53.233,225.85,0.138058545864,0.0,0
2018-05-27 17:51:53.326,225.81,0.138058545864,0.0,0
2018-05-27 17:51:53.420,225.09,0.138058545864,0.0,0
2018-05-27 17:51:53.596,227.38,0.138058545864,0.0,0
2018-05-27 17:51:53.783,225.44,0.138058545864,0.0,0
2018-05-27 17:51:54.494,227.51,0.138058545864,0.0,0
2018-05-27 17:51:54.587,227.22,0.138058545864,0.0,0
2018-05-27 17:51:55.113,228.85,0.138058545864,0.0,0
2018-05-27 17:51:55.205,228.33,0.138058545864,0.0,0
2018-05-27 17:51:55.298,228.64,0.138058545864,0.0,0
2018-05-27 17:51:55.382,228.5,0.138058545864,0.0,0
2018-05-27 17:51:55.568,229.82,0.138058545864,0.0,0
2018-05-27 17:51:55.661,229.85,0.138058545864,0.0,0
2018-05-27 17:51:55.754,229.49,0.138058545864,0.0,0
2018-05-27 17:51:56.103,228.78,0.138058545864,0.0,0
2018-05-27 17:51:56.196,229.14,0.138058545864,0.0,0
2018-05-27 17:51:56.745,230.58,0.138058545864,0.0,0
2018-05-27 17:51:57.084,230.97,0.138058545864,0.0,0
2018-05-27 17:51:57.168,231.86,0.138058545864,0.0,0
2018-05-27 17:51:57.354,231.96,0.138058545864,0.0,0
2018-05-27 17:51:57.438,230.75,0.138058545864,0.0,0
2018-05-27 17:51:57.531,231.08,0.138058545864,0.0,0
2018-05-27 17:51:57.624,230.02,0.138058545864,0.0,0
2018-05-27 17:51:57.801,229.4,0.138058545864,0.0,0
2018-05-27 17:51:57.894,228.13,0.138058545864,0.0,0
2018-05-27 17:51:58.056,226.19,0.138058545864,0.0,0
2018-05-27 17:51:58.326,224.56,0.138058545864,0.0,0
2018-05-27 17:51:58.587,221.41,0.138058545864,0.0,0
2018-05-27 17:51:58.773,219.91,0.138058545864,0.0,0
2018-05-27 17:51:59.121,217.92,0.138058545864,0.0,0
2018-05-27 17:51:59.214,214.6,0.138058545864,0.0,0
2018-05-27 17:51:59.307,214.92,0.138058545864,0.0,0
2018-05-27 17:51:59.391,214.29,0.138058545864,0.0,0
2018-05-27 17:51:59.670,212.82,0.138058545864,0.0,0
2018-05-27 17:51:59.856,212.07,0.138058545864,0.0,0
2018-05-27 17:52:00.018,213.76,0.138058545864,0.0,0
2018-05-27 17:52:00.111,212.34,0.138058545864,0.0,0
2018-05-27 17:52:00.204,212.6,0.138058545864,0.0,0
2018-05-27 17:52:00.298,213.89,0.138058545864,0.0,0
2018-05-27 17:52:00.391,212.0,0.138058545864,0.0,0
2018-05-27 17:52:00.475,212.21,0.138058545864,0.0,0
2018-05-27 17:52:00.661,212.98,0.138058545864,0.0,0
2018-05-27 17:52:00.754,211.14,0.138058545864,0.0,0
2018-05-27 17:52:00.847,212.64,0.138058545864,0.0,0
2018-05-27 17:52:01.102,212.41,0.138058545864,0.0,0
2018-05-27 17:52:01.195,210.84,0.138058545864,0.0,0
2018-05-27 17:52:01.288,211.61,0.138058545864,0.0,0
2018-05-27 17:52:01.466,212.97,0.138058545864,0.0,0
2018-05-27 17:52:01.652,213.17,0.138058545864,0.0,0
2018-05-27 17:52:01.745,211.58,0.138058545864,0.0,0
2018-05-27 17:52:01.838,212.3,0.138058545864,0.0,0
2018-05-27 17:52:02.083,213.73,0.138058545864,0.0,0
2018-05-27 17:52:02.167,213.93,0.138058545864,0.0,0
2018-05-27 17:52:02.261,211.96,0.138058545864,0.0,0
2018-05-27 17:52:02.344,214.0,0.138058545864,0.0,0
2018-05-27 17:52:02.437,213.01,0.138058545864,0.0,0
2018-05-27 17:52:02.530,214.21,0.138058545864,0.0,0
2018-05-27 17:52:02.614,213.27,0.138058545864,0.0,0
2018-05-27 17:52:02.801,213.59,0.138058545864,0.0,0
2018-05-27 17:52:02.893,214.92,0.138058545864,0.0,0
2018-05-27 17:52:03.055,213.85,0.138058545864,0.0,0
2018-05-27 17:52:03.149,214.42,0.138058545864,0.0,0
2018-05-27 17:52:03.232,214.57,0.138058545864,0.0,0
2018-05-27 17:52:03.325,216.21,0.138058545864,0.0,0
2018-05-27 17:52:03.418,216.11,0.138058545864,0.0,0
2018-05-27 17:52:03.595,216.54,0.138058545864,0.0,0
2018-05-27 17:52:03.688,216.77,0.138058545864,0.0,0
2018-05-27 17:52:03.782,217.81,0.138058545864,0.0,0
2018-05-27 17:52:03.875,216.75,0.138058545864,0.0,0
2018-05-27 17:52:04.213,217.4,0.138058545864,0.0,0
2018-05-27 17:52:04.307,219.66,0.138058545864,0.0,0
2018-05-27 17:52:04.400,218.45,0.138058545864,0.0,0
2018-05-27 17:52:04.483,219.24,0.138058545864,0.0,0
2018-05-27 17:52:04.577,218.6,0.138058545864,0.0,0
2018-05-27 17:52:04.670,217.86,0.138058545864,0.0,0
2018-05-27 17:52:04.856,217.44,0.138058545864,0.0,0
2018-05-27 17:52:05.008,217.77,0.138058545864,0.0,0
2018-05-27 17:52:05.195,215.17,0.138058545864,0.0,0
2018-05-27 17:52:05.558,212.36,0.138058545864,0.0,0
2018-05-27 17:52:05.741,211.47,0.138058545864,0.0,0
2018-05-27 17:52:05.912,211.93,0.138058545864,0.0,0
2018-05-27 17:52:06.074,210.11,0.138058545864,0.0,0
2018-05-27 17:52:06.167,212.1,0.138058545864,0.0,0
2018-05-27 17:52:06.344,209.98,0.138058545864,0.0,0
2018-05-27 17:52:06.437,212.03,0.138058545864,0.0,0
2018-05-27 17:52:06.530,210.75,0.138058545864,0.0,0
2018-05-27 17:52:06.614,212.26,0.138058545864,0.0,0
2018-05-27 17:52:06.800,212.22,0.138058545864,0.0,0
2018-05-27 17:52:06.893,210.75,0.138058545864,0.0,0
2018-05-27 17:52:07.055,212.89,0.138058545864,0.0,0
2018-05-27 17:52:07.148,210.84,0.138058545864,0.0,0
2018-05-27 17:52:07.241,211.28,0.138058545864,0.0,0
2018-05-27 17:52:07.427,210.71,0.138058545864,0.0,0
2018-05-27 17:52:07.521,212.53,0.138058545864,0.0,0
2018-05-27 17:52:07.604,212.91,0.138058545864,0.0,0
2018-05-27 17:52:07.697,211.62,0.138058545864,0.0,0
2018-05-27 17:52:07.790,211.79,0.138058545864,0.0,0
2018-05-27 17:52:07.884,212.43,0.138058545864,0.0,0
2018-05-27 17:52:08.045,211.22,0.138058545864,0.0,0
2018-05-27 17:52:08.138,213.48,0.138058545864,0.0,0
2018-05-27 17:52:08.232,211.97,0.138058545864,0.0,0
2018-05-27 17:52:08.325,213.63,0.138058545864,0.0,0
2018-05-27 17:52:08.502,213.28,0.138058545864,0.0,0
2018-05-27 17:52:08.596,212.96,0.138058545864,0.0,0
2018-05-27 17:52:08.781,212.54,0.138058545864,0.0,0
2018-05-27 17:52:08.874,213.27,0.138058545864,0.0,0
2018-05-27 17:52:09.036,214.78,0.138058545864,0.0,0
2018-05-27 17:52:09.222,214.4,0.138058545864,0.0,0
2018-05-27 17:52:09.315,214.54,0.138058545864,0.0,0
2018-05-27 17:52:09.399,215.89,0.138058545864,0.0,0
2018-05-27 17:52:09.585,215.47,0.138058545864,0.0,0
2018-05-27 17:52:09.678,216.71,0.138058545864,0.0,0
2018-05-27 17:52:09.772,214.87,0.138058545864,0.0,0
2018-05-27 17:52:10.390,217.43,0.138058545864,0.0,0
2018-05-27 17:52:10.669,217.14,0.138058545864,0.0,0
2018-05-27 17:52:10.855,218.86,0.138058545864,0.0,0
2018-05-27 17:52:11.017,218.43,0.138058545864,0.0,0
2018-05-27 17:52:11.110,218.75,0.138058545864,0.0,0
2018-05-27 17:52:11.203,220.44,0.138058545864,0.0,0
2018-05-27 17:52:11.660,220.3,0.138058545864,0.0,0
2018-05-27 17:52:11.753,220.44,0.138058545864,0.0,0
2018-05-27 17:52:12.092,222.27,0.138058545864,0.0,0
2018-05-27 17:52:12.362,222.72,0.138058545864,0.0,0
2018-05-27 17:52:12.445,222.48,0.138058545864,0.0,0
2018-05-27 17:52:12.539,223.15,0.138058545864,0.0,0
2018-05-27 17:52:12.632,222.04,0.138058545864,0.0,0
2018-05-27 17:52:12.725,222.62,0.138058545864,0.0,0
2018-05-27 17:52:12.818,222.74,0.138058545864,0.0,0
2018-05-27 17:52:13.073,224.37,0.138058545864,0.0,0
2018-05-27 17:52:13.166,223.82,0.138058545864,0.0,0
2018-05-27 17:52:13.250,224.61,0.138058545864,0.0,0
2018-05-27 17:52:13.427,223.92,0.138058545864,0.0,0
2018-05-27 17:52:14.222,225.46,0.138058545864,0.0,0
2018-05-27 17:52:14.315,226.08,0.138058545864,0.0,0
2018-05-27 17:52:14.399,225.24,0.138058545864,0.0,0
2018-05-27 17:52:14.492,225.16,0.138058545864,0.0,0
2018-05-27 17:52:15.110,226.4,0.138058545864,0.0,0
2018-05-27 17:52:15.567,227.59,0.138058545864,0.0,0
2018-05-27 17:52:15.651,226.41,0.138058545864,0.0,0
2018-05-27 17:52:15.744,226.95,0.138058545864,0.0,0
2018-05-27 17:52:17.055,228.48,0.138058545864,0.0,0
2018-05-27 17:52:17.698,228.96,0.138058545864,0.0,0
2018-05-27 17:52:17.884,229.03,0.138058545864,0.0,0
2018-05-27 17:52:18.046,230.69,0.138058545864,0.0,0
2018-05-27 17:52:18.325,230.55,0.138058545864,0.0,0
2018-05-27 17:52:18.409,229.93,0.138058545864,0.0,0
2018-05-27 17:52:18.502,229.81,0.138058545864,0.0,0
2018-05-27 17:52:18.595,229.83,0.138058545864,0.0,0
2018-05-27 17:52:19.130,228.55,0.138058545864,0.0,0
2018-05-27 17:52:19.493,224.19,0.138058545864,0.0,0
2018-05-27 17:52:20.120,220.04,0.138058545864,0.0,0
2018-05-27 17:52:20.391,217.43,0.138058545864,0.0,0
2018-05-27 17:52:20.484,217.55,0.138058545864,0.0,0
2018-05-27 17:52:20.577,218.57,0.138058545864,0.0,0
2018-05-27 17:52:20.763,216.28,0.138058545864,0.0,0
2018-05-27 17:52:20.849,216.4,0.138058545864,0.0,0
2018-05-27 17:52:21.028,217.0,0.138058545864,0.0,0
2018-05-27 17:52:21.112,215.42,0.138058545864,0.0,0
2018-05-27 17:52:21.577,214.63,0.138058545864,0.0,0
2018-05-27 17:52:21.670,214.56,0.138058545864,0.0,0
2018-05-27 17:52:21.856,214.18,0.138058545864,0.0,0
2018-05-27 17:52:22.288,214.03,0.138058545864,0.0,0
2018-05-27 17:52:22.372,215.82,0.138058545864,0.0,0
2018-05-27 17:52:22.559,215.8,0.138058545864,0.0,0
2018-05-27 17:52:22.745,213.81,0.138058545864,0.0,0
2018-05-27 17:52:23.167,215.78,0.138058545864,0.0,0
2018-05-27 17:52:24.149,217.74,0.138058545864,0.0,0
2018-05-27 17:52:24.242,217.74,0.138058545864,0.0,0
2018-05-27 17:52:24.335,217.99,0.138058545864,0.0,0
2018-05-27 17:52:24.885,219.73,0.138058545864,0.0,0
2018-05-27 17:52:25.047,218.89,0.138058545864,0.0,0
2018-05-27 17:52:25.419,217.56,0.138058545864,0.0,0
2018-05-27 17:52:25.503,219.5,0.138058545864,0.0,0
2018-05-27 17:52:25.596,217.7,0.138058545864,0.0,0
2018-05-27 17:52:25.680,218.13,0.138058545864,0.0,0
2018-05-27 17:52:25.773,216.33,0.138058545864,0.0,0
2018-05-27 17:52:25.866,216.2,0.138058545864,0.0,0
2018-05-27 17:52:26.028,217.61,0.138058545864,0.0,0
2018-05-27 17:52:26.215,215.41,0.138058545864,0.0,0
2018-05-27 17:52:26.485,214.43,0.138058545864,0.0,0
2018-05-27 17:52:27.466,213.27,0.138058545864,0.0,0
2018-05-27 17:52:27.559,211.2,0.138058545864,0.0,0
2018-05-27 17:52:27.652,212.57,0.138058545864,0.0,0
2018-05-27 17:52:27.746,212.46,0.138058545864,0.0,0
2018-05-27 17:52:27.839,211.53,0.138058545864,0.0,0
2018-05-27 17:52:27.927,212.39,0.138058545864,0.0,0
2018-05-27 17:52:28.084,213.6,0.138058545864,0.0,0
2018-05-27 17:52:28.262,214.19,0.138058545864,0.0,0
2018-05-27 17:52:28.345,213.94,0.138058545864,0.0,0
2018-05-27 17:52:28.522,212.24,0.138058545864,0.0,0
2018-05-27 17:52:28.615,212.96,0.138058545864,0.0,0
2018-05-27 17:52:28.708,214.33,0.138058545864,0.0,0
2018-05-27 17:52:28.802,212.69,0.138058545864,0.0,0
2018-05-27 17:52:28.895,214.71,0.138058545864,0.0,0
2018-05-27 17:52:29.057,213.86,0.138058545864,0.0,0
2018-05-27 17:52:29.150,213.3,0.138058545864,0.0,0
2018-05-27 17:52:29.243,214.73,0.138058545864,0.0,0
2018-05-27 17:52:29.336,213.57,0.138058545864,0.0,0
2018-05-27 17:52:29.429,214.15,0.138058545864,0.0,0
2018-05-27 17:52:29.615,214.02,0.138058545864,0.0,0
2018-05-27 17:52:29.802,215.2,0.138058545864,0.0,0
2018-05-27 17:52:30.047,215.25,0.138058545864,0.0,0
2018-05-27 17:52:30.141,215.48,0.138058545864,0.0,0
2018-05-27 17:52:30.234,217.11,0.138058545864,0.0,0
2018-05-27 17:52:30.327,215.17,0.138058545864,0.0,0
2018-05-27 17:52:30.411,217.76,0.138058545864,0.0,0
2018-05-27 17:52:30.510,216.29,0.138058545864,0.0,0
2018-05-27 17:52:30.588,216.98,0.138058545864,0.0,0
2018-05-27 17:52:30.774,218.86,0.138058545864,0.0,0
2018-05-27 17:52:31.029,219.04,0.138058545864,0.0,0
2018-05-27 17:52:31.122,218.16,0.138058545864,0.0,0
2018-05-27 17:52:31.299,219.2,0.138058545864,0.0,0
2018-05-27 17:52:31.383,218.74,0.138058545864,0.0,0
2018-05-27 17:52:31.476,219.25,0.138058545864,0.0,0
2018-05-27 17:52:31.662,218.66,0.138058545864,0.0,0
2018-05-27 17:52:31.755,219.17,0.138058545864,0.0,0
2018-05-27 17:52:31.849,220.15,0.138058545864,0.0,0
2018-05-27 17:52:32.094,220.66,0.138058545864,0.0,0
2018-05-27 17:52:32.187,221.92,0.138058545864,0.0,0
2018-05-27 17:52:32.281,221.05,0.138058545864,0.0,0
2018-05-27 17:52:32.374,221.23,0.138058545864,0.0,0
2018-05-27 17:52:32.541,221.65,0.138058545864,0.0,0
2018-05-27 17:52:32.635,223.06,0.138058545864,0.0,0
2018-05-27 17:52:32.718,221.83,0.138058545864,0.0,0
2018-05-27 17:52:32.812,223.5,0.138058545864,0.0,0
2018-05-27 17:52:32.895,221.89,0.138058545864,0.0,0
2018-05-27 17:52:33.057,222.98,0.138058545864,0.0,0
2018-05-27 17:52:33.150,223.97,0.138058545864,0.0,0
2018-05-27 17:52:33.337,223.35,0.138058545864,0.0,0
2018-05-27 17:52:33.430,223.44,0.138058545864,0.0,0
2018-05-27 17:52:33.513,225.05,0.138058545864,0.0,0
2018-05-27 17:52:33.607,224.18,0.138058545864,0.0,0
2018-05-27 17:52:33.700,224.61,0.138058545864,0.0,0
2018-05-27 17:52:33.793,224.17,0.138058545864,0.0,0
2018-05-27 17:52:33.886,225.28,0.138058545864,0.0,0
2018-05-27 17:52:34.048,226.75,0.138058545864,0.0,0
2018-05-27 17:52:34.141,226.83,0.138058545864,0.0,0
2018-05-27 17:52:34.234,226.21,0.138058545864,0.0,0
2018-05-27 17:52:34.327,225.36,0.138058545864,0.0,0
2018-05-27 17:52:34.402,226.14,0.138058545864,0.0,0
2018-05-27 17:52:34.514,226.11,0.138058545864,0.0,0
2018-05-27 17:52:34.607,224.32,0.138058545864,0.0,0
2018-05-27 17:52:34.700,225.29,0.138058545864,0.0,0
2018-05-27 17:52:34.793,226.81,0.138058545864,0.0,0
2018-05-27 17:52:34.886,227.05,0.138058545864,0.0,0
2018-05-27 17:52:35.048,226.32,0.138058545864,0.0,0
2018-05-27 17:52:35.141,226.33,0.138058545864,0.0,0
2018-05-27 17:52:35.327,225.68,0.138058545864,0.0,0
2018-05-27 17:52:35.411,227.52,0.138058545864,0.0,0
2018-05-27 17:52:35.504,227.85,0.138058545864,0.0,0
2018-05-27 17:52:35.598,227.2,0.138058545864,0.0,0
2018-05-27 17:52:35.691,227.55,0.138058545864,0.0,0
2018-05-27 17:52:35.784,227.21,0.138058545864,0.0,0
2018-05-27 17:52:35.877,227.51,0.138058545864,0.0,0
2018-05-27 17:52:36.039,227.31,0.138058545864,0.0,0
2018-05-27 17:52:36.132,227.35,0.138058545864,0.0,0
2018-05-27 17:52:36.225,228.19,0.138058545864,0.0,0
2018-05-27 17:52:36.318,228.4,0.138058545864,0.0,0
2018-05-27 17:52:36.402,228.63,0.138058545864,0.0,0
2018-05-27 17:52:36.495,227.9,0.138058545864,0.0,0
2018-05-27 17:52:36.588,228.42,0.138058545864,0.0,0
2018-05-27 17:52:36.682,228.48,0.138058545864,0.0,0
2018-05-27 17:52:36.868,229.6,0.138058545864,0.0,0
2018-05-27 17:52:37.030,228.9,0.138058545864,0.0,0
2018-05-27 17:52:37.216,229.83,0.138058545864,0.0,0
2018-05-27 17:52:37.309,229.28,0.138058545864,0.0,0
2018-05-27 17:52:37.486,230.28,0.138058545864,0.0,0
2018-05-27 17:52:37.579,230.27,0.138058545864,0.0,0
2018-05-27 17:52:37.672,230.44,0.138058545864,0.0,0
2018-05-27 17:52:37.859,229.98,0.138058545864,0.0,0
2018-05-27 17:52:38.020,230.45,0.138058545864,0.0,0
2018-05-27 17:52:38.114,230.61,0.138058545864,0.0,0
2018-05-27 17:52:38.207,230.43,0.138058545864,0.0,0
2018-05-27 17:52:38.300,231.54,0.138058545864,0.0,0
2018-05-27 17:52:38.384,231.57,0.138058545864,0.0,0
2018-05-27 17:52:38.477,231.25,0.138058545864,0.0,0
2018-05-27 17:52:39.291,221.09,0.138058545864,0.0,0
2018-05-27 17:52:39.468,219.23,0.138058545864,0.0,0
2018-05-27 17:52:39.561,215.87,0.138058545864,0.0,0
2018-05-27 17:52:39.654,215.9,0.138058545864,0.0,0
2018-05-27 17:52:40.086,211.19,0.138058545864,0.0,0
2018-05-27 17:52:40.263,211.04,0.138058545864,0.0,0
2018-05-27 17:52:40.356,208.4,0.138058545864,0.0,0
2018-05-27 17:52:40.533,208.72,0.138058545864,0.0,0
2018-05-27 17:52:40.626,206.28,0.138058545864,0.0,0
2018-05-27 17:52:40.813,205.47,0.138058545864,0.0,0
2018-05-27 17:52:41.067,204.02,0.138058545864,0.0,0
2018-05-27 17:52:41.244,204.16,0.138058545864,0.0,0
2018-05-27 17:52:41.328,203.64,0.138058545864,0.0,0
2018-05-27 17:52:41.421,205.27,0.138058545864,0.0,0
2018-05-27 17:52:41.515,203.47,0.138058545864,0.0,0
2018-05-27 17:52:41.608,205.01,0.138058545864,0.0,0
2018-05-27 17:52:41.701,203.52,0.138058545864,0.0,0
2018-05-27 17:52:41.794,203.44,0.138058545864,0.0,0
2018-05-27 17:52:41.887,204.37,0.138058545864,0.0,0
2018-05-27 17:52:42.049,202.33,0.138058545864,0.0,0
2018-05-27 17:52:42.133,202.14,0.138058545864,0.0,0
2018-05-27 17:52:42.226,203.32,0.138058545864,0.0,0
2018-05-27 17:52:42.319,202.27,0.138058545864,0.0,0
2018-05-27 17:52:42.496,202.14,0.138058545864,0.0,0
2018-05-27 17:52:42.589,202.67,0.138058545864,0.0,0
2018-05-27 17:52:42.682,201.99,0.138058545864,0.0,0
2018-05-27 17:52:42.775,202.62,0.138058545864,0.0,0
2018-05-27 17:52:42.869,203.78,0.138058545864,0.0,0
2018-05-27 17:52:43.021,204.52,0.138058545864,0.0,0
2018-05-27 17:52:43.114,202.44,0.138058545864,0.0,0
2018-05-27 17:52:43.207,203.98,0.138058545864,0.0,0
2018-05-27 17:52:43.384,205.23,0.138058545864,0.0,0
2018-05-27 17:52:43.571,205.39,0.138058545864,0.0,0
2018-05-27 17:52:43.664,203.7,0.138058545864,0.0,0
2018-05-27 17:52:43.841,205.7,0.138058545864,0.0,0
2018-05-27 17:52:44.003,205.22,0.138058545864,0.0,0
2018-05-27 17:52:44.086,205.48,0.138058545864,0.0,0
2018-05-27 17:52:44.170,205.76,0.138058545864,0.0,0
2018-05-27 17:52:44.263,205.76,0.138058545864,0.0,0
2018-05-27 17:52:44.347,205.97,0.138058545864,0.0,0
2018-05-27 17:52:44.440,207.75,0.138058545864,0.0,0
2018-05-27 17:52:44.534,205.88,0.138058545864,0.0,0
2018-05-27 17:52:44.617,207.13,0.138058545864,0.0,0
2018-05-27 17:52:44.710,208.95,0.138058545864,0.0,0
2018-05-27 17:52:44.794,208.04,0.138058545864,0.0,0
2018-05-27 17:52:44.888,208.6,0.138058545864,0.0,0
2018-05-27 17:52:45.133,209.55,0.138058545864,0.0,0
2018-05-27 17:52:45.319,209.48,0.138058545864,0.0,0
2018-05-27 17:52:45.403,210.68,0.138058545864,0.0,0
2018-05-27 17:52:45.496,212.18,0.138058545864,0.0,0
2018-05-27 17:52:45.590,210.94,0.138058545864,0.0,0
2018-05-27 17:52:46.031,212.91,0.138058545864,0.0,0
2018-05-27 17:52:46.124,211.04,0.138058545864,0.0,0
2018-05-27 17:52:46.767,207.8,0.138058545864,0.0,0
2018-05-27 17:52:46.860,206.34,0.138058545864,0.0,0
2018-05-27 17:52:47.022,204.96,0.138058545864,0.0,0
2018-05-27 17:52:47.301,205.46,0.138058545864,0.0,0
2018-05-27 17:52:47.571,202.59,0.138058545864,0.0,0
2018-05-27 17:52:47.758,202.5,0.138058545864,0.0,0
2018-05-27 17:52:47.851,202.66,0.138058545864,0.0,0
2018-05-27 17:52:48.013,202.3,0.138058545864,0.0,0
2018-05-27 17:52:48.106,201.37,0.138058545864,0.0,0
2018-05-27 17:52:48.199,203.8,0.138058545864,0.0,0
2018-05-27 17:52:48.377,202.06,0.138058545864,0.0,0
2018-05-27 17:52:48.469,201.99,0.138058545864,0.0,0
2018-05-27 17:52:48.562,203.86,0.138058545864,0.0,0
2018-05-27 17:52:48.749,202.73,0.138058545864,0.0,0
2018-05-27 17:52:48.930,203.15,0.138058545864,0.0,0
2018-05-27 17:52:49.265,203.39,0.138058545864,0.0,0
2018-05-27 17:52:49.349,202.59,0.138058545864,0.0,0
2018-05-27 17:52:49.442,203.75,0.138058545864,0.0,0
2018-05-27 17:52:49.535,202.49,0.138058545864,0.0,0
2018-05-27 17:52:49.628,203.92,0.138058545864,0.0,0
2018-05-27 17:52:50.069,203.53,0.138058545864,0.0,0
2018-05-27 17:52:50.340,204.18,0.138058545864,0.0,0
2018-05-27 17:52:50.433,205.59,0.138058545864,0.0,0
2018-05-27 17:52:50.526,205.18,0.138058545864,0.0,0
2018-05-27 17:52:50.619,205.42,0.138058545864,0.0,0
2018-05-27 17:52:50.703,205.31,0.138058545864,0.0,0
2018-05-27 17:52:51.051,208.03,0.138058545864,0.0,0
2018-05-27 17:52:51.135,208.52,0.138058545864,0.0,0
2018-05-27 17:52:51.228,207.39,0.138058545864,0.0,0
2018-05-27 17:52:51.321,209.53,0.138058545864,0.0,0
2018-05-27 17:52:51.405,209.92,0.138058545864,0.0,0
2018-05-27 17:52:51.498,208.73,0.138058545864,0.0,0
2018-05-27 17:52:51.592,210.36,0.138058545864,0.0,0
2018-05-27 17:52:51.685,208.96,0.138058545864,0.0,0
2018-05-27 17:52:51.871,211.13,0.138058545864,0.0,0
2018-05-27 17:52:52.034,210.48,0.138058545864,0.0,0
2018-05-27 17:52:52.126,211.73,0.138058545864,0.0,0
2018-05-27 17:52:52.210,212.35,0.138058545864,0.0,0
2018-05-27 17:52:52.583,212.63,0.138058545864,0.0,0
2018-05-27 17:52:52.769,214.52,0.138058545864,0.0,0
2018-05-27 17:52:52.862,214.25,0.138058545864,0.0,0
2018-05-27 17:52:53.378,216.25,0.138058545864,0.0,0
2018-05-27 17:52:53.732,216.73,0.138058545864,0.0,0
2018-05-27 17:52:53.825,218.38,0.138058545864,0.0,0
2018-05-27 17:52:53.919,217.2,0.138058545864,0.0,0
2018-05-27 17:52:54.174,219.01,0.138058545864,0.0,0
2018-05-27 17:52:54.267,218.98,0.138058545864,0.0,0
2018-05-27 17:52:54.444,218.44,0.138058545864,0.0,0
2018-05-27 17:52:54.528,219.47,0.138058545864,0.0,0
2018-05-27 17:52:54.798,219.48,0.138058545864,0.0,0
2018-05-27 17:52:55.137,219.44,0.138058545864,0.0,0
2018-05-27 17:52:55.230,220.57,0.138058545864,0.0,0
2018-05-27 17:52:55.323,221.74,0.138058545864,0.0,0
2018-05-27 17:52:55.509,221.44,0.138058545864,0.0,0
2018-05-27 17:52:55.603,221.11,0.138058545864,0.0,0
2018-05-27 17:52:55.696,221.72,0.138058545864,0.0,0
2018-05-27 17:52:55.789,223.21,0.138058545864,0.0,0
2018-05-27 17:52:55.873,222.01,0.138058545864,0.0,0
2018-05-27 17:52:56.491,223.24,0.138058545864,0.0,0
2018-05-27 17:52:56.854,223.33,0.138058545864,0.0,0
2018-05-27 17:52:57.016,224.53,0.138058545864,0.0,0
2018-05-27 17:52:57.473,225.53,0.138058545864,0.0,0
2018-05-27 17:52:57.654,225.71,0.138058545864,0.0,0
2018-05-27 17:52:59.054,228.6,0.138058545864,0.0,0
2018-05-27 17:52:59.502,227.91,0.138058545864,0.0,0
2018-05-27 17:53:00.036,228.57,0.138058545864,0.0,0
2018-05-27 17:53:00.306,229.27,0.138058545864,0.0,0
2018-05-27 17:53:00.398,228.19,0.138058545864,0.0,0
2018-05-27 17:53:00.577,226.57,0.138058545864,0.0,0
2018-05-27 17:53:01.176,219.78,0.138058545864,0.0,0
2018-05-27 17:53:01.269,218.66,0.138058545864,0.0,0
2018-05-27 17:53:01.353,217.65,0.138058545864,0.0,0
2018-05-27 17:53:01.437,216.55,0.138058545864,0.0,0
2018-05-27 17:53:01.530,215.34,0.138058545864,0.0,0
2018-05-27 17:53:01.623,216.48,0.138058545864,0.0,0
2018-05-27 17:53:01.894,212.62,0.138058545864,0.0,0
2018-05-27 17:53:02.791,208.48,0.138058545864,0.0,0
2018-05-27 17:53:02.885,207.89,0.138058545864,0.0,0
2018-05-27 17:53:03.326,208.76,0.138058545864,0.0,0
2018-05-27 17:53:03.503,209.94,0.138058545864,0.0,0
2018-05-27 17:53:03.689,210.46,0.138058545864,0.0,0
2018-05-27 17:53:03.876,210.94,0.138058545864,0.0,0
2018-05-27 17:53:04.131,210.1,0.138058545864,0.0,0
2018-05-27 17:53:04.401,209.7,0.138058545864,0.0,0
2018-05-27 17:53:04.494,211.66,0.138058545864,0.0,0
2018-05-27 17:53:04.587,210.79,0.138058545864,0.0,0
2018-05-27 17:53:05.029,210.75,0.138058545864,0.0,0
2018-05-27 17:53:05.765,214.35,0.138058545864,0.0,0
2018-05-27 17:53:06.206,214.56,0.138058545864,0.0,0
2018-05-27 17:53:06.383,215.65,0.138058545864,0.0,0
2018-05-27 17:53:06.476,216.66,0.138058545864,0.0,0
2018-05-27 17:53:07.272,217.32,0.138058545864,0.0,0
2018-05-27 17:53:07.355,218.29,0.138058545864,0.0,0
2018-05-27 17:53:07.449,218.04,0.138058545864,0.0,0
2018-05-27 17:53:07.533,218.35,0.138058545864,0.0,0
2018-05-27 17:53:07.886,216.52,0.138058545864,0.0,0
2018-05-27 17:53:08.235,214.9,0.138058545864,0.0,0
2018-05-27 17:53:08.328,214.03,0.138058545864,0.0,0
2018-05-27 17:53:08.784,212.62,0.138058545864,0.0,0
2018-05-27 17:53:08.878,211.36,0.138058545864,0.0,0
2018-05-27 17:53:09.039,212.8,0.138058545864,0.0,0
2018-05-27 17:53:09.133,210.52,0.138058545864,0.0,0
2018-05-27 17:53:09.319,209.44,0.138058545864,0.0,0
2018-05-27 17:53:09.412,210.08,0.138058545864,0.0,0
2018-05-27 17:53:09.505,208.5,0.138058545864,0.0,0
2018-05-27 17:53:09.598,209.02,0.138058545864,0.0,0
2018-05-27 17:53:09.785,207.99,0.138058545864,0.0,0
2018-05-27 17:53:09.878,207.36,0.138058545864,0.0,0
2018-05-27 17:53:10.133,207.28,0.138058545864,0.0,0
2018-05-27 17:53:10.227,208.16,0.138058545864,0.0,0
2018-05-27 17:53:10.310,208.6,0.138058545864,0.0,0
2018-05-27 17:53:10.403,208.41,0.138058545864,0.0,0
2018-05-27 17:53:10.589,208.95,0.138058545864,0.0,0
2018-05-27 17:53:10.683,208.79,0.138058545864,0.0,0
2018-05-27 17:53:10.869,208.72,0.138058545864,0.0,0
2018-05-27 17:53:11.031,210.69,0.138058545864,0.0,0
2018-05-27 17:53:11.124,209.0,0.138058545864,0.0,0
2018-05-27 17:53:11.217,210.69,0.138058545864,0.0,0
2018-05-27 17:53:11.310,210.07,0.138058545864,0.0,0
2018-05-27 17:53:11.488,211.89,0.138058545864,0.0,0
2018-05-27 17:53:11.580,210.32,0.138058545864,0.0,0
2018-05-27 17:53:11.674,211.06,0.138058545864,0.0,0
2018-05-27 17:53:11.860,210.88,0.138058545864,0.0,0
2018-05-27 17:53:12.023,212.95,0.138058545864,0.0,0
2018-05-27 17:53:12.115,211.98,0.138058545864,0.0,0
2018-05-27 17:53:12.301,212.19,0.138058545864,0.0,0
2018-05-27 17:53:12.385,214.5,0.138058545864,0.0,0
2018-05-27 17:53:12.478,213.91,0.138058545864,0.0,0
2018-05-27 17:53:12.571,215.59,0.138058545864,0.0,0
2018-05-27 17:53:13.451,217.03,0.138058545864,0.0,0
2018-05-27 17:53:13.544,218.32,0.138058545864,0.0,0
2018-05-27 17:53:13.721,218.17,0.138058545864,0.0,0
2018-05-27 17:53:13.814,218.78,0.138058545864,0.0,0
2018-05-27 17:53:13.907,217.6,0.138058545864,0.0,0
2018-05-27 17:53:14.060,219.6,0.138058545864,0.0,0
2018-05-27 17:53:14.153,218.68,0.138058545864,0.0,0
2018-05-27 17:53:14.330,219.12,0.138058545864,0.0,0
2018-05-27 17:53:14.423,219.82,0.138058545864,0.0,0
2018-05-27 17:53:14.516,220.23,0.138058545864,0.0,0
2018-05-27 17:53:14.609,220.65,0.138058545864,0.0,0
2018-05-27 17:53:14.703,220.13,0.138058545864,0.0,0
2018-05-27 17:53:14.880,221.32,0.138058545864,0.0,0
2018-05-27 17:53:15.042,220.65,0.138058545864,0.0,0
2018-05-27 17:53:15.135,221.27,0.138058545864,0.0,0
2018-05-27 17:53:15.228,222.94,0.138058545864,0.0,0
2018-05-27 17:53:15.321,223.19,0.138058545864,0.0,0
2018-05-27 17:53:15.405,222.53,0.138058545864,0.0,0
2018-05-27 17:53:15.498,223.87,0.138058545864,0.0,0
2018-05-27 17:53:15.591,223.72,0.138058545864,0.0,0
2018-05-27 17:53:15.768,224.78,0.138058545864,0.0,0
2018-05-27 17:53:15.861,224.35,0.138058545864,0.0,0
2018-05-27 17:53:16.023,223.84,0.138058545864,0.0,0
2018-05-27 17:53:16.209,224.44,0.138058545864,0.0,0
2018-05-27 17:53:16.386,224.56,0.138058545864,0.0,0
2018-05-27 17:53:17.089,226.75,0.138058545864,0.0,0
2018-05-27 17:53:17.182,225.34,0.138058545864,0.0,0
2018-05-27 17:53:17.275,225.96,0.138058545864,0.0,0
2018-05-27 17:53:17.452,226.95,0.138058545864,0.0,0
2018-05-27 17:53:17.620,226.36,0.138058545864,0.0,0
2018-05-27 17:53:18.052,228.84,0.138058545864,0.0,0
2018-05-27 17:53:18.145,227.91,0.138058545864,0.0,0
2018-05-27 17:53:18.238,227.72,0.138058545864,0.0,0
2018-05-27 17:53:18.425,228.44,0.138058545864,0.0,0
2018-05-27 17:53:18.601,229.46,0.138058545864,0.0,0
2018-05-27 17:53:18.695,228.73,0.138058545864,0.0,0
2018-05-27 17:53:18.881,229.31,0.138058545864,0.0,0
2018-05-27 17:53:19.043,228.69,0.138058545864,0.0,0
2018-05-27 17:53:19.136,229.18,0.138058545864,0.0,0
2018-05-27 17:53:19.406,231.03,0.138058545864,0.0,0
2018-05-27 17:53:19.593,230.26,0.138058545864,0.0,0
2018-05-27 17:53:19.779,231.37,0.138058545864,0.0,0
2018-05-27 17:53:19.872,231.53,0.138058545864,0.0,0
2018-05-27 17:53:20.220,230.78,0.138058545864,0.0,0
2018-05-27 17:53:20.584,230.24,0.138058545864,0.0,0
2018-05-27 17:53:20.677,228.22,0.138058545864,0.0,0
2018-05-27 17:53:21.025,227.52,0.138058545864,0.0,0
2018-05-27 17:53:21.118,226.62,0.138058545864,0.0,0
2018-05-27 17:53:21.212,225.44,0.138058545864,0.0,0
2018-05-27 17:53:21.854,216.88,0.138058545864,0.0,0
2018-05-27 17:53:22.011,217.58,0.138058545864,0.0,0
2018-05-27 17:53:22.100,214.19,0.138058545864,0.0,0
2018-05-27 17:53:22.277,213.07,0.138058545864,0.0,0
2018-05-27 17:53:22.370,213.36,0.138058545864,0.0,0
2018-05-27 17:53:22.454,213.0,0.138058545864,0.0,0
2018-05-27 17:53:22.547,210.31,0.138058545864,0.0,0
2018-05-27 17:53:22.724,209.25,0.138058545864,0.0,0
2018-05-27 17:53:22.818,210.02,0.138058545864,0.0,0
2018-05-27 17:53:22.911,208.62,0.138058545864,0.0,0
2018-05-27 17:53:23.157,209.61,0.138058545864,0.0,0
2018-05-27 17:53:23.334,206.86,0.138058545864,0.0,0
2018-05-27 17:53:23.427,208.14,0.138058545864,0.0,0
2018-05-27 17:53:23.613,207.07,0.138058545864,0.0,0
2018-05-27 17:53:23.706,206.07,0.138058545864,0.0,0
2018-05-27 17:53:23.800,207.25,0.138058545864,0.0,0
2018-05-27 17:53:23.893,205.87,0.138058545864,0.0,0
2018-05-27 17:53:24.045,205.8,0.138058545864,0.0,0
2018-05-27 17:53:24.138,207.95,0.138058545864,0.0,0
2018-05-27 17:53:24.232,206.28,0.138058545864,0.0,0
2018-05-27 17:53:24.409,206.96,0.138058545864,0.0,0
2018-05-27 17:53:24.502,206.88,0.138058545864,0.0,0
2018-05-27 17:53:24.595,206.5,0.138058545864,0.0,0
2018-05-27 17:53:24.688,206.8,0.138058545864,0.0,0
2018-05-27 17:53:24.781,206.37,0.138058545864,0.0,0
2018-05-27 17:53:24.865,207.19,0.138058545864,0.0,0
2018-05-27 17:53:25.027,207.66,0.138058545864,0.0,0
2018-05-27 17:53:25.120,207.24,0.138058545864,0.0,0
2018-05-27 17:53:25.307,207.42,0.138058545864,0.0,0
2018-05-27 17:53:25.390,208.21,0.138058545864,0.0,0
2018-05-27 17:53:25.484,208.52,0.138058545864,0.0,0
2018-05-27 17:53:25.577,208.45,0.138058545864,0.0,0
2018-05-27 17:53:25.665,209.29,0.138058545864,0.0,0
2018-05-27 17:53:25.754,208.91,0.138058545864,0.0,0
2018-05-27 17:53:25.838,209.01,0.138058545864,0.0,0
2018-05-27 17:53:25.931,210.65,0.138058545864,0.0,0
2018-05-27 17:53:26.093,209.79,0.138058545864,0.0,0
2018-05-27 17:53:26.186,211.01,0.138058545864,0.0,0
2018-05-27 17:53:26.279,209.35,0.138058545864,0.0,0
2018-05-27 17:53:26.363,208.72,0.138058545864,0.0,0
2018-05-27 17:53:26.456,211.72,0.138058545864,0.0,0
2018-05-27 17:53:26.540,211.04,0.138058545864,0.0,0
2018-05-27 17:53:26.624,210.32,0.138058545864,0.0,0
2018-05-27 17:53:26.717,212.74,0.138058545864,0.0,0
2018-05-27 17:53:26.810,211.42,0.138058545864,0.0,0
2018-05-27 17:53:26.903,213.7,0.138058545864,0.0,0
2018-05-27 17:53:27.065,212.95,0.138058545864,0.0,0
2018-05-27 17:53:27.158,213.02,0.138058545864,0.0,0
2018-05-27 17:53:27.252,214.33,0.138058545864,0.0,0
2018-05-27 17:53:27.335,215.04,0.138058545864,0.0,0
2018-05-27 17:53:27.429,213.7,0.138058545864,0.0,0
2018-05-27 17:53:27.522,214.36,0.138058545864,0.0,0
2018-05-27 17:53:27.801,215.59,0.138058545864,0.0,0
2018-05-27 17:53:28.150,216.48,0.138058545864,0.0,0
2018-05-27 17:53:28.336,215.96,0.138058545864,0.0,0
2018-05-27 17:53:28.606,215.31,0.138058545864,0.0,0
2018-05-27 17:53:28.699,215.54,0.138058545864,0.0,0
2018-05-27 17:53:28.792,213.65,0.138058545864,0.0,0
2018-05-27 17:53:29.141,210.93,0.138058545864,0.0,0
2018-05-27 17:53:29.234,213.04,0.138058545864,0.0,0
2018-05-27 17:53:30.202,207.62,0.138058545864,0.0,0
2018-05-27 17:53:30.290,208.21,0.138058545864,0.0,0
2018-05-27 17:53:30.374,209.3,0.138058545864,0.0,0
2018-05-27 17:53:30.551,207.66,0.138058545864,0.0,0
2018-05-27 17:53:30.644,209.32,0.138058545864,0.0,0
2018-05-27 17:53:30.737,208.32,0.138058545864,0.0,0
2018-05-27 17:53:30.831,209.49,0.138058545864,0.0,0
2018-05-27 17:53:30.914,209.11,0.138058545864,0.0,0
2018-05-27 17:53:31.076,208.03,0.138058545864,0.0,0
2018-05-27 17:53:31.263,208.21,0.138058545864,0.0,0
2018-05-27 17:53:31.347,207.68,0.138058545864,0.0,0
2018-05-27 17:53:31.440,210.2,0.138058545864,0.0,0
2018-05-27 17:53:31.533,208.81,0.138058545864,0.0,0
2018-05-27 17:53:31.720,208.82,0.138058545864,0.0,0
2018-05-27 17:53:32.067,209.55,0.138058545864,0.0,0
2018-05-27 17:53:32.161,210.68,0.138058545864,0.0,0
2018-05-27 17:53:32.338,210.29,0.138058545864,0.0,0
2018-05-27 17:53:32.524,209.93,0.138058545864,0.0,0
2018-05-27 17:53:32.617,211.27,0.138058545864,0.0,0
2018-05-27 17:53:32.711,211.89,0.138058545864,0.0,0
2018-05-27 17:53:32.804,210.9,0.138058545864,0.0,0
2018-05-27 17:53:32.897,213.09,0.138058545864,0.0,0
2018-05-27 17:53:33.059,211.82,0.138058545864,0.0,0
2018-05-27 17:53:33.152,214.13,0.138058545864,0.0,0
2018-05-27 17:53:33.245,212.84,0.138058545864,0.0,0
2018-05-27 17:53:33.329,214.19,0.138058545864,0.0,0
2018-05-27 17:53:33.441,213.99,0.138058545864,0.0,0
2018-05-27 17:53:33.627,213.84,0.138058545864,0.0,0
2018-05-27 17:53:33.906,215.34,0.138058545864,0.0,0
2018-05-27 17:53:34.068,216.01,0.138058545864,0.0,0
2018-05-27 17:53:34.711,217.71,0.138058545864,0.0,0
2018-05-27 17:53:34.804,217.44,0.138058545864,0.0,0
2018-05-27 17:53:35.060,219.99,0.138058545864,0.0,0
2018-05-27 17:53:35.423,219.92,0.138058545864,0.0,0
2018-05-27 17:53:35.516,220.97,0.138058545864,0.0,0
2018-05-27 17:53:35.609,220.56,0.138058545864,0.0,0
2018-05-27 17:53:35.702,219.89,0.138058545864,0.0,0
2018-05-27 17:53:35.889,222.02,0.138058545864,0.0,0
2018-05-27 17:53:36.051,221.64,0.138058545864,0.0,0
2018-05-27 17:53:36.321,221.98,0.138058545864,0.0,0
2018-05-27 17:53:36.499,223.18,0.138058545864,0.0,0
2018-05-27 17:53:37.391,224.06,0.138058545864,0.0,0
2018-05-27 17:53:37.480,226.0,0.138058545864,0.0,0
2018-05-27 17:53:37.564,224.38,0.138058545864,0.0,0
2018-05-27 17:53:37.657,223.99,0.138058545864,0.0,0
2018-05-27 17:53:37.834,224.2,0.138058545864,0.0,0
2018-05-27 17:53:37.927,225.12,0.138058545864,0.0,0
2018-05-27 17:53:38.275,226.83,0.138058545864,0.0,0
2018-05-27 17:53:38.452,225.87,0.138058545864,0.0,0
2018-05-27 17:53:38.545,225.97,0.138058545864,0.0,0
2018-05-27 17:53:38.638,227.13,0.138058545864,0.0,0
2018-05-27 17:53:38.732,227.04,0.138058545864,0.0,0
2018-05-27 17:53:38.815,226.3,0.138058545864,0.0,0
2018-05-27 17:53:39.164,226.99,0.138058545864,0.0,0
2018-05-27 17:53:39.347,226.34,0.138058545864,0.0,0
2018-05-27 17:53:39.425,226.91,0.138058545864,0.0,0
2018-05-27 17:53:40.034,227.58,0.138058545864,0.0,0
2018-05-27 17:53:40.127,228.22,0.138058545864,0.0,0
2018-05-27 17:53:40.220,228.64,0.138058545864,0.0,0
2018-05-27 17:53:40.863,228.78,0.138058545864,0.0,0
2018-05-27 17:53:41.109,227.92,0.138058545864,0.0,0
2018-05-27 17:53:41.547,228.27,0.138058545864,0.0,0
2018-05-27 17:53:41.640,228.34,0.138058545864,0.0,0
2018-05-27 17:53:41.733,228.44,0.138058545864,0.0,0
2018-05-27 17:53:42.444,225.38,0.138058545864,0.0,0
2018-05-27 17:53:42.808,222.22,0.138058545864,0.0,0
2018-05-27 17:53:43.156,218.94,0.138058545864,0.0,0
2018-05-27 17:53:43.334,217.34,0.138058545864,0.0,0
2018-05-27 17:53:43.426,217.97,0.138058545864,0.0,0
2018-05-27 17:53:43.510,215.31,0.138058545864,0.0,0
2018-05-27 17:53:44.324,212.96,0.138058545864,0.0,0
2018-05-27 17:53:44.688,210.79,0.138058545864,0.0,0
2018-05-27 17:53:44.874,210.98,0.138058545864,0.0,0
2018-05-27 17:53:45.399,212.07,0.138058545864,0.0,0
2018-05-27 17:53:45.772,213.49,0.138058545864,0.0,0
2018-05-27 17:53:46.288,213.61,0.138058545864,0.0,0
2018-05-27 17:53:46.735,213.47,0.138058545864,0.0,0
2018-05-27 17:53:48.233,218.49,0.138058545864,0.0,0
2018-05-27 17:53:48.326,218.92,0.138058545864,0.0,0
2018-05-27 17:53:49.773,216.28,0.138058545864,0.0,0
2018-05-27 17:53:50.024,214.9,0.138058545864,0.0,0
2018-05-27 17:53:50.476,212.88,0.138058545864,0.0,0
2018-05-27 17:53:50.755,213.76,0.138058545864,0.0,0
2018-05-27 17:53:50.848,211.18,0.138058545864,0.0,0
2018-05-27 17:53:51.010,211.11,0.138058545864,0.0,0
2018-05-27 17:53:51.103,210.23,0.138058545864,0.0,0
2018-05-27 17:53:51.196,208.61,0.138058545864,0.0,0
2018-05-27 17:53:51.290,209.41,0.138058545864,0.0,0
2018-05-27 17:53:51.560,208.79,0.138058545864,0.0,0
2018-05-27 17:53:51.644,209.49,0.138058545864,0.0,0
2018-05-27 17:53:51.737,208.39,0.138058545864,0.0,0
2018-05-27 17:53:51.923,208.89,0.138058545864,0.0,0
2018-05-27 17:53:52.077,208.63,0.138058545864,0.0,0
2018-05-27 17:53:52.169,210.14,0.138058545864,0.0,0
2018-05-27 17:53:52.262,209.08,0.138058545864,0.0,0
2018-05-27 17:53:52.346,208.93,0.138058545864,0.0,0
2018-05-27 17:53:52.439,209.81,0.138058545864,0.0,0
2018-05-27 17:53:52.532,209.15,0.138058545864,0.0,0
2018-05-27 17:53:52.625,209.79,0.138058545864,0.0,0
2018-05-27 17:53:52.718,210.34,0.138058545864,0.0,0
2018-05-27 17:53:52.811,209.79,0.138058545864,0.0,0
2018-05-27 17:53:52.895,209.96,0.138058545864,0.0,0
2018-05-27 17:53:53.150,210.23,0.138058545864,0.0,0
2018-05-27 17:53:53.243,211.9,0.138058545864,0.0,0
2018-05-27 17:53:53.429,211.66,0.138058545864,0.0,0
2018-05-27 17:53:53.522,211.43,0.138058545864,0.0,0
2018-05-27 17:53:53.616,211.12,0.138058545864,0.0,0
2018-05-27 17:53:53.802,212.3,0.138058545864,0.0,0
2018-05-27 17:53:53.886,211.22,0.138058545864,0.0,0
2018-05-27 17:53:54.047,212.67,0.138058545864,0.0,0
2018-05-27 17:53:54.234,214.16,0.138058545864,0.0,0
2018-05-27 17:53:55.024,216.55,0.138058545864,0.0,0
2018-05-27 17:53:55.113,217.84,0.138058545864,0.0,0
2018-05-27 17:53:55.289,217.89,0.138058545864,0.0,0
2018-05-27 17:53:55.373,217.78,0.138058545864,0.0,0
2018-05-27 17:53:55.466,218.36,0.138058545864,0.0,0
2018-05-27 17:53:55.559,217.31,0.138058545864,0.0,0
2018-05-27 17:53:55.652,218.56,0.138058545864,0.0,0
2018-05-27 17:53:55.736,218.56,0.138058545864,0.0,0
2018-05-27 17:53:55.829,219.47,0.138058545864,0.0,0
2018-05-27 17:53:55.922,220.19,0.138058545864,0.0,0
2018-05-27 17:53:56.084,219.46,0.138058545864,0.0,0
2018-05-27 17:53:56.177,219.44,0.138058545864,0.0,0
2018-05-27 17:53:56.271,220.4,0.138058545864,0.0,0
2018-05-27 17:53:56.354,220.14,0.138058545864,0.0,0
2018-05-27 17:53:56.447,221.45,0.138058545864,0.0,0
2018-05-27 17:53:56.541,222.02,0.138058545864,0.0,0
2018-05-27 17:53:56.634,221.37,0.138058545864,0.0,0
2018-05-27 17:53:56.727,221.51,0.138058545864,0.0,0
2018-05-27 17:53:56.820,221.44,0.138058545864,0.0,0
2018-05-27 17:53:57.168,222.92,0.138058545864,0.0,0
2018-05-27 17:53:57.261,222.11,0.138058545864,0.0,0
2018-05-27 17:53:57.345,223.43,0.138058545864,0.0,0
2018-05-27 17:53:57.531,223.57,0.138058545864,0.0,0
2018-05-27 17:53:57.624,223.83,0.138058545864,0.0,0
2018-05-27 17:53:57.717,224.57,0.138058545864,0.0,0
2018-05-27 17:53:57.810,225.74,0.138058545864,0.0,0
2018-05-27 17:53:57.904,225.5,0.138058545864,0.0,0
2018-05-27 17:53:58.066,225.75,0.138058545864,0.0,0
2018-05-27 17:53:58.159,224.95,0.138058545864,0.0,0
2018-05-27 17:53:58.252,225.0,0.138058545864,0.0,0
2018-05-27 17:53:58.345,224.86,0.138058545864,0.0,0
2018-05-27 17:53:58.428,226.12,0.138058545864,0.0,0
2018-05-27 17:53:58.512,225.86,0.138058545864,0.0,0
2018-05-27 17:53:58.605,226.49,0.138058545864,0.0,0
2018-05-27 17:53:58.699,226.45,0.138058545864,0.0,0
2018-05-27 17:53:58.787,226.05,0.138058545864,0.0,0
2018-05-27 17:53:59.037,227.53,0.138058545864,0.0,0
2018-05-27 17:53:59.130,227.55,0.138058545864,0.0,0
2018-05-27 17:53:59.410,226.93,0.138058545864,0.0,0
2018-05-27 17:53:59.675,227.31,0.138058545864,0.0,0
2018-05-27 17:53:59.754,228.09,0.138058545864,0.0,0
2018-05-27 17:53:59.847,227.25,0.138058545864,0.0,0
2018-05-27 17:54:00.009,227.45,0.138058545864,0.0,0
2018-05-27 17:54:00.102,226.77,0.138058545864,0.0,0
2018-05-27 17:54:00.195,227.37,0.138058545864,0.0,0
2018-05-27 17:54:00.288,227.55,0.138058545864,0.0,0
2018-05-27 17:54:00.382,228.51,0.138058545864,0.0,0
2018-05-27 17:54:00.465,227.84,0.138058545864,0.0,0
2018-05-27 17:54:00.559,227.85,0.138058545864,0.0,0
2018-05-27 17:54:00.745,227.64,0.138058545864,0.0,0
2018-05-27 17:54:00.838,228.42,0.138058545864,0.0,0
2018-05-27 17:54:01.093,228.8,0.138058545864,0.0,0
2018-05-27 17:54:01.186,229.52,0.138058545864,0.0,0
2018-05-27 17:54:01.279,228.65,0.138058545864,0.0,0
2018-05-27 17:54:01.372,228.73,0.138058545864,0.0,0
2018-05-27 17:54:01.456,228.48,0.138058545864,0.0,0
2018-05-27 17:54:01.549,228.24,0.138058545864,0.0,0
2018-05-27 17:54:01.735,229.14,0.138058545864,0.0,0
2018-05-27 17:54:01.921,229.66,0.138058545864,0.0,0
2018-05-27 17:54:02.176,229.89,0.138058545864,0.0,0
2018-05-27 17:54:02.270,230.26,0.138058545864,0.0,0
2018-05-27 17:54:02.446,229.6,0.138058545864,0.0,0
2018-05-27 17:54:02.540,228.22,0.138058545864,0.0,0
2018-05-27 17:54:02.633,227.86,0.138058545864,0.0,0
2018-05-27 17:54:02.726,226.52,0.138058545864,0.0,0
2018-05-27 17:54:03.167,223.58,0.138058545864,0.0,0
2018-05-27 17:54:03.623,217.46,0.138058545864,0.0,0
2018-05-27 17:54:04.157,211.78,0.138058545864,0.0,0
2018-05-27 17:54:04.427,211.58,0.138058545864,0.0,0
2018-05-27 17:54:04.614,208.91,0.138058545864,0.0,0
2018-05-27 17:54:04.707,207.32,0.138058545864,0.0,0
2018-05-27 17:54:04.800,208.08,0.138058545864,0.0,0
2018-05-27 17:54:04.893,207.11,0.138058545864,0.0,0
2018-05-27 17:54:05.148,206.58,0.138058545864,0.0,0
2018-05-27 17:54:05.241,208.18,0.138058545864,0.0,0
2018-05-27 17:54:05.334,206.36,0.138058545864,0.0,0
2018-05-27 17:54:05.418,205.81,0.138058545864,0.0,0
2018-05-27 17:54:05.511,206.86,0.138058545864,0.0,0
2018-05-27 17:54:05.604,206.31,0.138058545864,0.0,0
2018-05-27 17:54:05.697,205.96,0.138058545864,0.0,0
2018-05-27 17:54:05.791,207.56,0.138058545864,0.0,0
2018-05-27 17:54:06.045,207.52,0.138058545864,0.0,0
2018-05-27 17:54:06.139,206.0,0.138058545864,0.0,0
2018-05-27 17:54:06.232,207.75,0.138058545864,0.0,0
2018-05-27 17:54:06.409,207.1,0.138058545864,0.0,0
2018-05-27 17:54:06.502,208.22,0.138058545864,0.0,0
2018-05-27 17:54:06.595,207.06,0.138058545864,0.0,0
2018-05-27 17:54:06.688,208.55,0.138058545864,0.0,0
2018-05-27 17:54:06.781,207.43,0.138058545864,0.0,0
2018-05-27 17:54:06.874,208.54,0.138058545864,0.0,0
2018-05-27 17:54:07.120,207.83,0.138058545864,0.0,0
2018-05-27 17:54:07.213,209.46,0.138058545864,0.0,0
2018-05-27 17:54:07.399,209.38,0.138058545864,0.0,0
2018-05-27 17:54:07.476,207.82,0.138058545864,0.0,0
2018-05-27 17:54:07.567,209.6,0.138058545864,0.0,0
2018-05-27 17:54:07.660,208.42,0.138058545864,0.0,0
2018-05-27 17:54:07.753,209.85,0.138058545864,0.0,0
2018-05-27 17:54:07.846,207.95,0.138058545864,0.0,0
2018-05-27 17:54:08.008,210.42,0.138058545864,0.0,0
2018-05-27 17:54:08.101,209.13,0.138058545864,0.0,0
2018-05-27 17:54:08.194,209.97,0.138058545864,0.0,0
2018-05-27 17:54:08.287,209.48,0.138058545864,0.0,0
2018-05-27 17:54:08.380,210.64,0.138058545864,0.0,0
2018-05-27 17:54:08.464,210.04,0.138058545864,0.0,0
2018-05-27 17:54:08.548,211.02,0.138058545864,0.0,0
2018-05-27 17:54:09.445,214.61,0.138058545864,0.0,0
2018-05-27 17:54:09.538,216.14,0.138058545864,0.0,0
2018-05-27 17:54:09.911,215.29,0.138058545864,0.0,0
2018-05-27 17:54:10.073,214.92,0.138058545864,0.0,0
2018-05-27 17:54:10.343,215.47,0.138058545864,0.0,0
2018-05-27 17:54:10.436,213.81,0.138058545864,0.0,0
2018-05-27 17:54:10.622,212.28,0.138058545864,0.0,0
2018-05-27 17:54:10.808,212.55,0.138058545864,0.0,0
2018-05-27 17:54:11.063,211.0,0.138058545864,0.0,0
2018-05-27 17:54:11.250,209.69,0.138058545864,0.0,0
2018-05-27 17:54:11.343,208.11,0.138058545864,0.0,0
2018-05-27 17:54:11.603,209.2,0.138058545864,0.0,0
2018-05-27 17:54:11.696,207.47,0.138058545864,0.0,0
2018-05-27 17:54:11.790,209.3,0.138058545864,0.0,0
2018-05-27 17:54:12.687,209.02,0.138058545864,0.0,0
2018-05-27 17:54:12.780,209.27,0.138058545864,0.0,0
2018-05-27 17:54:13.035,210.08,0.138058545864,0.0,0
2018-05-27 17:54:13.128,209.32,0.138058545864,0.0,0
2018-05-27 17:54:13.221,211.03,0.138058545864,0.0,0
2018-05-27 17:54:13.398,210.01,0.138058545864,0.0,0
2018-05-27 17:54:14.110,211.6,0.138058545864,0.0,0
2018-05-27 17:54:14.193,212.08,0.138058545864,0.0,0
2018-05-27 17:54:14.286,211.25,0.138058545864,0.0,0
2018-05-27 17:54:14.379,212.96,0.138058545864,0.0,0
2018-05-27 17:54:14.463,212.01,0.138058545864,0.0,0
2018-05-27 17:54:14.547,211.56,0.138058545864,0.0,0
2018-05-27 17:54:14.640,213.58,0.138058545864,0.0,0
2018-05-27 17:54:14.826,213.63,0.138058545864,0.0,0
2018-05-27 17:54:15.073,214.36,0.138058545864,0.0,0
2018-05-27 17:54:15.165,213.51,0.138058545864,0.0,0
2018-05-27 17:54:15.351,214.7,0.138058545864,0.0,0
2018-05-27 17:54:15.435,216.15,0.138058545864,0.0,0
2018-05-27 17:54:15.528,214.08,0.138058545864,0.0,0
2018-05-27 17:54:15.621,215.55,0.138058545864,0.0,0
2018-05-27 17:54:15.715,216.88,0.138058545864,0.0,0
2018-05-27 17:54:15.807,216.82,0.138058545864,0.0,0
2018-05-27 17:54:16.146,217.63,0.138058545864,0.0,0
2018-05-27 17:54:16.239,217.97,0.138058545864,0.0,0
2018-05-27 17:54:16.407,217.45,0.138058545864,0.0,0
2018-05-27 17:54:16.500,219.17,0.138058545864,0.0,0
2018-05-27 17:54:17.565,219.83,0.138058545864,0.0,0
2018-05-27 17:54:17.658,219.13,0.138058545864,0.0,0
2018-05-27 17:54:17.752,221.52,0.138058545864,0.0,0
2018-05-27 17:54:17.845,221.06,0.138058545864,0.0,0
2018-05-27 17:54:17.928,221.48,0.138058545864,0.0,0
2018-05-27 17:54:18.090,221.86,0.138058545864,0.0,0
2018-05-27 17:54:18.174,221.2,0.138058545864,0.0,0
2018-05-27 17:54:18.444,222.9,0.138058545864,0.0,0
2018-05-27 17:54:18.537,223.11,0.138058545864,0.0,0
2018-05-27 17:54:18.630,221.85,0.138058545864,0.0,0
2018-05-27 17:54:18.714,223.67,0.138058545864,0.0,0
2018-05-27 17:54:18.900,222.32,0.138058545864,0.0,0
2018-05-27 17:54:19.062,223.21,0.138058545864,0.0,0
2018-05-27 17:54:19.156,223.24,0.138058545864,0.0,0
2018-05-27 17:54:19.342,225.27,0.138058545864,0.0,0
2018-05-27 17:54:19.425,223.2,0.138058545864,0.0,0
2018-05-27 17:54:19.882,226.3,0.138058545864,0.0,0
2018-05-27 17:54:20.230,225.15,0.138058545864,0.0,0
2018-05-27 17:54:21.127,226.77,0.138058545864,0.0,0
2018-05-27 17:54:21.211,227.28,0.138058545864,0.0,0
2018-05-27 17:54:21.397,226.51,0.138058545864,0.0,0
2018-05-27 17:54:21.481,227.63,0.138058545864,0.0,0
2018-05-27 17:54:21.765,228.1,0.138058545864,0.0,0
2018-05-27 17:54:22.099,228.03,0.138058545864,0.0,0
2018-05-27 17:54:22.192,228.37,0.138058545864,0.0,0
2018-05-27 17:54:22.285,228.21,0.138058545864,0.0,0
2018-05-27 17:54:22.909,230.35,0.138058545864,0.0,0
2018-05-27 17:54:23.071,229.52,0.138058545864,0.0,0
2018-05-27 17:54:23.341,230.13,0.138058545864,0.0,0
2018-05-27 17:54:23.518,230.25,0.138058545864,0.0,0
2018-05-27 17:54:23.891,229.78,0.138058545864,0.0,0
2018-05-27 17:54:24.146,227.63,0.138058545864,0.0,0
2018-05-27 17:54:24.695,222.7,0.138058545864,0.0,0
2018-05-27 17:54:25.136,217.85,0.138058545864,0.0,0
2018-05-27 17:54:25.229,217.43,0.138058545864,0.0,0
2018-05-27 17:54:25.415,215.0,0.138058545864,0.0,0
2018-05-27 17:54:26.033,209.27,0.138058545864,0.0,0
2018-05-27 17:54:26.127,209.39,0.138058545864,0.0,0
2018-05-27 17:54:26.219,207.12,0.138058545864,0.0,0
2018-05-27 17:54:26.312,207.97,0.138058545864,0.0,0
2018-05-27 17:54:26.671,204.32,0.138058545864,0.0,0
2018-05-27 17:54:26.764,205.72,0.138058545864,0.0,0
2018-05-27 17:54:26.852,203.73,0.138058545864,0.0,0
2018-05-27 17:54:27.005,204.39,0.138058545864,0.0,0
2018-05-27 17:54:27.744,204.99,0.138058545864,0.0,0
2018-05-27 17:54:27.852,207.25,0.138058545864,0.0,0
2018-05-27 17:54:28.004,207.68,0.138058545864,0.0,0
2018-05-27 17:54:28.098,206.46,0.138058545864,0.0,0
2018-05-27 17:54:28.191,207.37,0.138058545864,0.0,0
2018-05-27 17:54:28.284,206.26,0.138058545864,0.0,0
2018-05-27 17:54:28.377,208.55,0.138058545864,0.0,0
2018-05-27 17:54:28.908,208.4,0.138058545864,0.0,0
2018-05-27 17:54:29.256,210.54,0.138058545864,0.0,0
2018-05-27 17:54:29.702,212.07,0.138058545864,0.0,0
2018-05-27 17:54:30.050,212.01,0.138058545864,0.0,0
2018-05-27 17:54:30.237,213.54,0.138058545864,0.0,0
2018-05-27 17:54:30.516,212.74,0.138058545864,0.0,0
2018-05-27 17:54:31.395,215.82,0.138058545864,0.0,0
2018-05-27 17:54:31.581,212.41,0.138058545864,0.0,0
2018-05-27 17:54:32.017,210.29,0.138058545864,0.0,0
2018-05-27 17:54:32.106,209.38,0.138058545864,0.0,0
2018-05-27 17:54:32.822,205.12,0.138058545864,0.0,0
2018-05-27 17:54:32.916,202.61,0.138058545864,0.0,0
2018-05-27 17:54:33.171,201.24,0.138058545864,0.0,0
2018-05-27 17:54:33.254,202.0,0.138058545864,0.0,0
2018-05-27 17:54:33.431,199.96,0.138058545864,0.0,0
2018-05-27 17:54:33.524,199.7,0.138058545864,0.0,0
2018-05-27 17:54:33.617,200.94,0.138058545864,0.0,0
2018-05-27 17:54:33.804,199.26,0.138058545864,0.0,0
2018-05-27 17:54:33.897,200.35,0.138058545864,0.0,0
2018-05-27 17:54:34.059,198.38,0.138058545864,0.0,0
2018-05-27 17:54:34.142,199.35,0.138058545864,0.0,0
2018-05-27 17:54:34.235,197.62,0.138058545864,0.0,0
2018-05-27 17:54:34.328,196.49,0.138058545864,0.0,0
2018-05-27 17:54:34.515,195.5,0.138058545864,0.0,0
2018-05-27 17:54:34.608,195.15,0.138058545864,0.0,0
2018-05-27 17:54:34.794,195.53,0.138058545864,0.0,0
2018-05-27 17:54:35.049,194.79,0.138058545864,0.0,0
2018-05-27 17:54:35.133,195.97,0.138058545864,0.0,0
2018-05-27 17:54:35.226,194.88,0.138058545864,0.0,0
2018-05-27 17:54:35.319,194.74,0.138058545864,0.0,0
2018-05-27 17:54:35.496,194.28,0.138058545864,0.0,0
2018-05-27 17:54:35.682,196.24,0.138058545864,0.0,0
2018-05-27 17:54:36.019,196.16,0.138058545864,0.0,0
2018-05-27 17:54:36.191,194.07,0.138058545864,0.0,0
2018-05-27 17:54:36.365,188.57,0.138058545864,0.0,0
2018-05-27 17:54:36.458,186.38,0.138058545864,0.0,0
2018-05-27 17:54:36.542,183.56,0.138058545864,0.0,0
2018-05-27 17:54:36.635,181.12,0.12504656064,0.0250000003725,0
2018-05-27 17:54:36.723,178.58,0.0806434671136,0.10000000149,0
2018-05-27 17:54:36.812,176.59,0.0549982624494,0.0750000029802,0
2018-05-27 17:54:36.896,175.16,0.0412947246271,0.15000000596,0
2018-05-27 17:54:37.057,172.73,0.198046611856,0.34999999404,0
2018-05-27 17:54:37.151,171.24,0.271084886952,0.10000000149,0
2018-05-27 17:54:37.244,168.41,0.334638577309,0.0750000029802,0
2018-05-27 17:54:37.337,165.69,0.571455609688,0.22499999404,0
2018-05-27 17:54:37.449,162.07,0.299999996735,0.15000000596,0
2018-05-27 17:54:37.542,161.0,0.299999996735,0.25,0
2018-05-27 17:54:37.635,158.15,0.299999996735,0.15000000596,0
2018-05-27 17:54:37.728,156.36,0.299999996735,0.22499999404,0
2018-05-27 17:54:37.821,152.63,0.299999996735,0.0750000029802,0
2018-05-27 17:54:38.076,147.63,0.299999996735,0.0500000007451,0
2018-05-27 17:54:38.346,139.21,0.299999996735,0.0,0
2018-05-27 17:54:38.439,136.0,0.299999996735,0.0250000003725,0
2018-05-27 17:54:38.625,130.94,0.299999996735,0.0250000003725,0
2018-05-27 17:54:38.718,128.16,0.431277956356,0.0250000003725,0
2018-05-27 17:54:38.811,125.5,0.291426355544,0.0,0
2018-05-27 17:54:38.904,122.2,0.151856098626,0.0500000007451,0
2018-05-27 17:54:39.159,116.65,0.125046561393,0.10000000149,0
2018-05-27 17:54:39.253,114.45,0.0806434705513,0.125,0
2018-05-27 17:54:39.522,107.96,0.101339268487,0.125,0
2018-05-27 17:54:39.615,105.2,0.166448056982,0.17499999702,0
2018-05-27 17:54:39.709,102.92,0.251580998777,0.125,0
2018-05-27 17:54:39.802,101.28,0.405833539931,0.20000000298,0
2018-05-27 17:54:39.895,98.4,0.381247392228,0.0,0
2018-05-27 17:54:40.057,96.64,0.357516737599,0.0,0
2018-05-27 17:54:40.150,93.67,0.357516737599,0.0,0
2018-05-27 17:54:40.336,88.63,0.312609626017,0.0,0
2018-05-27 17:54:40.420,86.55,0.232910095818,0.0,0
2018-05-27 17:54:40.513,82.47,0.151856095454,0.0,0
2018-05-27 17:54:40.606,81.04,0.090621327387,0.0,0
2018-05-27 17:54:40.699,79.34,0.0353972495763,0.0,0
2018-05-27 17:54:40.792,77.16,0.054998263009,0.0,0
2018-05-27 17:54:40.885,74.27,0.138058545864,0.0,0
2018-05-27 17:54:41.047,70.68,0.138058545864,0.0,0
2018-05-27 17:54:41.141,68.19,0.138058545864,0.0,0
2018-05-27 17:54:41.233,66.22,0.138058545864,0.0,0
2018-05-27 17:54:41.326,63.69,0.138058545864,0.0,0
2018-05-27 17:54:41.419,61.91,0.138058545864,0.0,0
2018-05-27 17:54:41.503,59.52,0.138058545864,0.0,0
2018-05-27 17:54:41.596,57.83,0.138058545864,0.0,0
2018-05-27 17:54:41.782,54.51,0.138058545864,0.0,0
2018-05-27 17:54:41.876,53.84,0.138058545864,0.0,0
2018-05-27 17:54:42.028,53.66,0.138058545864,0.0,0
2018-05-27 17:54:42.214,56.67,0.138058545864,0.0,0
2018-05-27 17:54:42.307,57.9,0.138058545864,0.0,0
2018-05-27 17:54:42.400,59.64,0.138058545864,0.0,0
2018-05-27 17:54:42.577,60.46,0.138058545864,0.0,0
2018-05-27 17:54:42.670,59.79,0.138058545864,0.0,0
2018-05-27 17:54:42.764,60.52,0.138058545864,0.0,0
2018-05-27 17:54:42.852,60.34,0.138058545864,0.0,0
2018-05-27 17:54:43.009,60.38,0.138058545864,0.0,0
2018-05-27 17:54:43.093,60.41,0.138058545864,0.0,0
2018-05-27 17:54:43.279,60.4,0.138058545864,0.0,0
2018-05-27 17:54:43.363,60.58,0.138058545864,0.0,0
2018-05-27 17:54:43.456,60.0,0.138058545864,0.0,0
2018-05-27 17:54:43.540,59.98,0.138058545864,0.0,0
2018-05-27 17:54:43.726,60.05,0.138058545864,0.0,0
2018-05-27 17:54:43.819,60.07,0.138058545864,0.0,0
2018-05-27 17:54:44.065,60.52,0.138058545864,0.0,0
2018-05-27 17:54:44.158,60.03,0.138058545864,0.0,0
2018-05-27 17:54:44.335,60.08,0.138058545864,0.0,0
2018-05-27 17:54:44.428,60.4,0.138058545864,0.0,0
2018-05-27 17:54:44.521,60.27,0.138058545864,0.0,0
2018-05-27 17:54:44.614,59.8,0.138058545864,0.0,0
2018-05-27 17:54:44.707,60.27,0.138058545864,0.0,0
2018-05-27 17:54:44.800,59.56,0.138058545864,0.0,0
2018-05-27 17:54:44.893,59.56,0.138058545864,0.0,0
2018-05-27 17:54:45.055,60.46,0.138058545864,0.0,0
2018-05-27 17:54:45.148,60.33,0.138058545864,0.0,0
2018-05-27 17:54:45.241,59.96,0.138058545864,0.0,0
2018-05-27 17:54:45.334,60.08,0.138058545864,0.0,0
2018-05-27 17:54:45.428,60.59,0.138058545864,0.0,0
2018-05-27 17:54:45.511,60.13,0.138058545864,0.0,0
2018-05-27 17:54:45.604,60.11,0.138058545864,0.0,0
2018-05-27 17:54:45.698,60.17,0.138058545864,0.0,0
2018-05-27 17:54:45.791,59.74,0.138058545864,0.0,0
2018-05-27 17:54:45.884,60.1,0.138058545864,0.0,0
2018-05-27 17:54:46.046,59.6,0.138058545864,0.0,0
2018-05-27 17:54:46.139,60.24,0.138058545864,0.0,0
2018-05-27 17:54:46.232,59.32,0.138058545864,0.0,0
2018-05-27 17:54:46.325,59.63,0.138058545864,0.0,0
2018-05-27 17:54:46.418,60.22,0.138058545864,0.0,0
2018-05-27 17:54:46.595,59.87,0.138058545864,0.0,0
2018-05-27 17:54:46.688,59.69,0.138058545864,0.0,0
2018-05-27 17:54:46.874,60.03,0.138058545864,0.0,0
2018-05-27 17:54:47.036,60.04,0.138058545864,0.0,0
2018-05-27 17:54:47.129,59.84,0.138058545864,0.0,0
2018-05-27 17:54:47.222,59.63,0.138058545864,0.0,0
2018-05-27 17:54:47.315,59.96,0.138058545864,0.0,0
2018-05-27 17:54:47.399,59.67,0.138058545864,0.0,0
2018-05-27 17:54:47.585,60.32,0.138058545864,0.0,0
2018-05-27 17:54:47.771,59.74,0.138058545864,0.0,0
2018-05-27 17:54:47.865,59.37,0.138058545864,0.0,0
2018-05-27 17:54:48.026,57.16,0.138058545864,0.0,0
2018-05-27 17:54:48.119,57.04,0.138058545864,0.0,0
2018-05-27 17:54:48.306,54.56,0.138058545864,0.0,0
2018-05-27 17:54:48.389,53.61,0.138058545864,0.0,0
2018-05-27 17:54:48.483,52.32,0.138058545864,0.0,0
2018-05-27 17:54:48.576,51.68,0.138058545864,0.0,0
2018-05-27 17:54:48.669,50.3,0.12504656064,0.0250000003725,0
2018-05-27 17:54:48.762,49.78,0.112810386877,0.0250000003725,0
2018-05-27 17:54:48.855,49.11,0.101339266172,0.0250000003725,0
2018-05-27 17:54:49.012,48.11,0.0713912312486,0.0750000029802,0
2018-05-27 17:54:49.101,46.97,0.0478206683369,0.0750000029802,0
2018-05-27 17:54:49.184,46.8,0.03539724716,0.0500000007451,0
2018-05-27 17:54:49.454,44.06,0.0412947246271,0.0750000029802,0
2018-05-27 17:54:49.538,41.86,0.0713912370804,0.10000000149,0
2018-05-27 17:54:49.631,41.49,0.101339273445,0.0750000029802,0
2018-05-27 17:54:49.724,40.23,0.138058555651,0.0750000029802,0
2018-05-27 17:54:50.156,36.01,0.215067154185,0.15000000596,0
2018-05-27 17:54:50.426,33.03,0.271084901795,0.10000000149,0
2018-05-27 17:54:51.044,23.25,0.602095154293,0.34999999404,0
2018-05-27 17:54:51.137,21.81,0.299999996735,0.17499999702,0
2018-05-27 17:54:51.231,19.82,0.299999996735,0.17499999702,0
2018-05-27 17:54:51.315,18.32,0.299999996735,0.17499999702,0
2018-05-27 17:54:51.407,16.74,0.299999996735,0.125,0
2018-05-27 17:54:51.593,12.9,0.299999996735,0.125,0
2018-05-27 17:54:51.882,6.91,0.299999996735,0.10000000149,0
2018-05-27 17:54:52.044,4.73,0.299999996735,0.10000000149,0
2018-05-27 17:54:52.137,3.02,0.299999996735,0.10000000149,0
2018-05-27 17:54:52.323,1.44,0.299999996735,0.10000000149,0
2018-05-27 17:54:52.416,0.82,0.299999996735,0.10000000149,0
2018-05-27 17:54:52.509,0.58,0.299999996735,0.10000000149,0
2018-05-27 17:54:52.602,0.44,0.299999996735,0.10000000149,0
2018-05-27 17:54:52.696,0.36,0.405833547386,0.0,0
2018-05-27 17:54:53.034,0.23,0.291426360185,0.0,0
2018-05-27 17:54:53.220,0.0,0.198046615569,0.0,0
2018-05-27 17:54:53.314,0.0,0.138058550657,0.0,0
2018-05-27 17:54:53.407,0.0,0.0906213304702,0.0,0
2018-05-27 17:54:53.584,0.0,0.054998265695,0.0,0
2018-05-27 17:54:53.677,0.0,0.0301030005602,0.0,0
2018-05-27 17:54:53.854,0.0,0.054998263009,0.0,0
2018-05-27 17:54:54.011,0.0,0.0906213267703,0.0,0
2018-05-27 17:54:54.099,0.0,0.138058545864,0.0,0
2018-05-27 17:54:54.360,0.0,0.138058545864,0.0,0
2018-05-27 17:54:54.630,0.0,0.138058545864,0.0,0
2018-05-27 17:54:55.164,0.0,0.138058545864,0.0,0
2018-05-27 17:54:55.257,0.0,0.138058545864,0.0,0
2018-05-27 17:54:55.341,0.0,0.138058545864,0.0,0
2018-05-27 17:54:55.527,0.0,0.138058545864,0.0,0
2018-05-27 17:54:55.620,0.0,0.138058545864,0.0,0
2018-05-27 17:54:55.807,0.0,0.138058545864,0.0,0
2018-05-27 17:54:55.900,0.0,0.138058545864,0.0,0
2018-05-27 17:54:56.061,0.0,0.138058545864,0.0,0
2018-05-27 17:54:56.890,0.0,0.138058545864,0.0,0
2018-05-27 17:54:57.052,0.0,0.138058545864,0.0,0
2018-05-27 17:54:57.145,0.0,0.138058545864,0.0,0
2018-05-27 17:54:57.238,0.0,0.138058545864,0.0,0
2018-05-27 17:54:57.517,0.0,0.138058545864,0.0,0
2018-05-27 17:54:57.610,0.0,0.138058545864,0.0,0
2018-05-27 17:54:57.890,0.0,0.138058545864,0.0,0
2018-05-27 17:54:58.145,0.0,0.138058545864,0.0,0
2018-05-27 17:54:58.424,0.0,0.138058545864,0.0,0
2018-05-27 17:54:58.517,0.0,0.138058545864,0.0,0
2018-05-27 17:54:58.601,0.0,0.138058545864,0.0,0
2018-05-27 17:54:58.694,0.0,0.138058545864,0.0,0
2018-05-27 17:54:58.787,0.0,0.138058545864,0.0,0
2018-05-27 17:54:59.228,0.0,0.138058545864,0.0,0
2018-05-27 17:54:59.405,0.0,0.138058545864,0.0,0
2018-05-27 17:54:59.778,0.0,0.138058545864,0.0,0
2018-05-27 17:55:00.386,5.41,0.138058545864,0.0,0
2018-05-27 17:55:00.568,7.34,0.138058545864,0.0,0
2018-05-27 17:55:00.917,12.27,0.138058545864,0.0,0
2018-05-27 17:55:01.079,13.7,0.138058545864,0.0,0
2018-05-27 17:55:01.164,14.77,0.138058545864,0.0,0
2018-05-27 17:55:01.256,16.2,0.12504656064,0.0250000003725,0
2018-05-27 17:55:01.619,21.71,0.101339266172,0.0500000007451,0
2018-05-27 17:55:02.033,26.68,0.0478206683369,0.15000000596,0
2018-05-27 17:55:02.237,29.76,0.0412947237021,0.125,0
2018-05-27 17:55:02.321,30.77,0.0906213327827,0.15000000596,0
2018-05-27 17:55:02.497,33.26,0.215067142497,0.22499999404,0
2018-05-27 17:55:02.684,36.11,0.357516739335,0.17499999702,0
2018-05-27 17:55:02.777,37.76,0.633604860027,0.25,0
2018-05-27 17:55:03.209,42.86,0.299999996735,0.0250000003725,0
2018-05-27 17:55:03.302,43.85,0.299999996735,0.0750000029802,0
2018-05-27 17:55:03.385,45.88,0.299999996735,0.0750000029802,0
2018-05-27 17:55:03.479,47.07,0.299999996735,0.0750000029802,0
2018-05-27 17:55:03.758,52.21,0.299999996735,0.0750000029802,0
2018-05-27 17:55:04.180,58.69,0.299999996735,0.0,0
2018-05-27 17:55:04.273,60.04,0.431277948645,0.0,0
2018-05-27 17:55:04.543,59.1,0.232910102619,0.0,0
2018-05-27 17:55:04.814,59.21,0.125046567035,0.0,0
2018-05-27 17:55:04.907,59.8,0.0353972516592,0.0,0
2018-05-27 17:55:05.161,59.31,0.0301030020508,0.0,0
2018-05-27 17:55:05.255,60.06,0.0478206678267,0.0,0
2018-05-27 17:55:05.422,60.56,0.0713912305859,0.0,0
2018-05-27 17:55:05.599,59.87,0.101339265346,0.0,0
2018-05-27 17:55:05.692,60.17,0.138058545864,0.0,0
2018-05-27 17:55:05.785,59.66,0.138058545864,0.0,0
2018-05-27 17:55:05.872,59.34,0.138058545864,0.0,0
2018-05-27 17:55:06.133,60.36,0.138058545864,0.0,0
2018-05-27 17:55:06.199,60.19,0.138058545864,0.0,0
2018-05-27 17:55:06.394,60.33,0.138058545864,0.0,0
2018-05-27 17:55:06.748,60.4,0.138058545864,0.0,0
2018-05-27 17:55:06.832,60.71,0.138058545864,0.0,0
2018-05-27 17:55:07.366,59.66,0.138058545864,0.0,0
2018-05-27 17:55:07.450,59.54,0.138058545864,0.0,0
2018-05-27 17:55:07.533,60.09,0.138058545864,0.0,0
2018-05-27 17:55:07.627,60.26,0.138058545864,0.0,0
2018-05-27 17:55:07.720,60.34,0.138058545864,0.0,0
2018-05-27 17:55:07.813,60.28,0.138058545864,0.0,0
2018-05-27 17:55:07.906,60.15,0.138058545864,0.0,0
2018-05-27 17:55:08.161,60.13,0.138058545864,0.0,0
2018-05-27 17:55:08.254,60.23,0.138058545864,0.0,0
2018-05-27 17:55:08.338,60.41,0.138058545864,0.0,0
2018-05-27 17:55:08.524,60.39,0.138058545864,0.0,0
2018-05-27 17:55:08.617,60.24,0.138058545864,0.0,0
2018-05-27 17:55:08.710,60.36,0.138058545864,0.0,0
2018-05-27 17:55:08.896,59.32,0.138058545864,0.0,0
2018-05-27 17:55:09.058,60.5,0.138058545864,0.0,0
2018-05-27 17:55:09.151,59.59,0.138058545864,0.0,0
2018-05-27 17:55:09.245,59.73,0.138058545864,0.0,0
2018-05-27 17:55:09.328,59.44,0.138058545864,0.0,0
2018-05-27 17:55:09.421,60.7,0.138058545864,0.0,0
2018-05-27 17:55:09.514,60.36,0.138058545864,0.0,0
2018-05-27 17:55:09.701,60.0,0.138058545864,0.0,0
2018-05-27 17:55:09.794,59.58,0.138058545864,0.0,0
2018-05-27 17:55:09.887,59.88,0.138058545864,0.0,0
2018-05-27 17:55:10.049,60.3,0.138058545864,0.0,0
2018-05-27 17:55:10.142,59.98,0.138058545864,0.0,0
2018-05-27 17:55:10.226,59.42,0.138058545864,0.0,0
2018-05-27 17:55:10.319,60.04,0.138058545864,0.0,0
2018-05-27 17:55:10.589,60.13,0.138058545864,0.0,0
2018-05-27 17:55:10.877,60.18,0.138058545864,0.0,0
2018-05-27 17:55:11.039,59.46,0.138058545864,0.0,0
2018-05-27 17:55:11.123,60.26,0.138058545864,0.0,0
2018-05-27 17:55:11.216,59.94,0.138058545864,0.0,0
2018-05-27 17:55:11.309,59.77,0.138058545864,0.0,0
2018-05-27 17:55:11.579,60.14,0.138058545864,0.0,0
2018-05-27 17:55:11.859,60.44,0.138058545864,0.0,0
2018-05-27 17:55:12.011,59.98,0.138058545864,0.0,0
2018-05-27 17:55:12.197,60.12,0.138058545864,0.0,0
2018-05-27 17:55:12.383,59.72,0.138058545864,0.0,0
2018-05-27 17:55:12.467,59.54,0.138058545864,0.0,0
2018-05-27 17:55:12.551,61.07,0.138058545864,0.0,0
2018-05-27 17:55:12.821,60.02,0.138058545864,0.0,0
2018-05-27 17:55:13.700,60.41,0.138058545864,0.0,0
2018-05-27 17:55:13.793,60.74,0.138058545864,0.0,0
2018-05-27 17:55:14.141,60.19,0.138058545864,0.0,0
2018-05-27 17:55:14.690,59.54,0.138058545864,0.0,0
2018-05-27 17:55:14.783,60.23,0.138058545864,0.0,0
2018-05-27 17:55:15.038,60.18,0.138058545864,0.0,0
2018-05-27 17:55:15.131,59.88,0.138058545864,0.0,0
2018-05-27 17:55:15.224,60.13,0.138058545864,0.0,0
2018-05-27 17:55:15.401,60.25,0.138058545864,0.0,0
2018-05-27 17:55:15.587,60.38,0.138058545864,0.0,0
2018-05-27 17:55:15.681,59.74,0.138058545864,0.0,0
2018-05-27 17:55:15.867,60.59,0.138058545864,0.0,0
2018-05-27 17:55:16.122,60.04,0.138058545864,0.0,0
2018-05-27 17:55:16.215,59.99,0.138058545864,0.0,0
2018-05-27 17:55:16.578,60.56,0.138058545864,0.0,0
2018-05-27 17:55:16.671,59.89,0.138058545864,0.0,0
2018-05-27 17:55:16.764,60.09,0.138058545864,0.0,0
2018-05-27 17:55:16.857,60.3,0.138058545864,0.0,0
2018-05-27 17:55:17.205,60.69,0.138058545864,0.0,0
2018-05-27 17:55:17.475,59.79,0.138058545864,0.0,0
2018-05-27 17:55:17.568,60.57,0.138058545864,0.0,0
2018-05-27 17:55:17.845,59.63,0.138058545864,0.0,0
2018-05-27 17:55:18.103,61.48,0.138058545864,0.0,0
2018-05-27 17:55:18.196,62.46,0.138058545864,0.0,0
2018-05-27 17:55:18.289,64.87,0.138058545864,0.0,0
2018-05-27 17:55:18.382,66.14,0.138058545864,0.0,0
2018-05-27 17:55:18.466,68.26,0.138058545864,0.0,0
2018-05-27 17:55:18.550,69.71,0.138058545864,0.0,0
2018-05-27 17:55:18.726,72.7,0.138058545864,0.0,0
2018-05-27 17:55:18.829,75.06,0.138058545864,0.0,0
2018-05-27 17:55:19.335,83.63,0.138058545864,0.0,0
2018-05-27 17:55:19.428,85.51,0.138058545864,0.0,0
2018-05-27 17:55:19.521,87.77,0.138058545864,0.0,0
2018-05-27 17:55:19.614,89.88,0.138058545864,0.0,0
2018-05-27 17:55:19.708,92.43,0.138058545864,0.0,0
2018-05-27 17:55:19.801,93.18,0.138058545864,0.0,0
2018-05-27 17:55:19.894,94.4,0.138058545864,0.0,0
2018-05-27 17:55:20.139,96.86,0.138058545864,0.0,0
2018-05-27 17:55:20.233,97.99,0.138058545864,0.0,0
2018-05-27 17:55:20.326,99.73,0.138058545864,0.0,0
2018-05-27 17:55:20.419,101.16,0.138058545864,0.0,0
2018-05-27 17:55:20.596,103.43,0.138058545864,0.0,0
2018-05-27 17:55:20.689,103.3,0.138058545864,0.0,0
2018-05-27 17:55:20.782,105.56,0.138058545864,0.0,0
2018-05-27 17:55:21.121,108.86,0.138058545864,0.0,0
2018-05-27 17:55:21.214,110.92,0.138058545864,0.0,0
2018-05-27 17:55:21.400,113.72,0.138058545864,0.0,0
2018-05-27 17:55:21.577,115.83,0.138058545864,0.0,0
2018-05-27 17:55:21.670,118.67,0.138058545864,0.0,0
2018-05-27 17:55:21.763,119.48,0.138058545864,0.0,0
2018-05-27 17:55:22.102,123.68,0.138058545864,0.0,0
2018-05-27 17:55:22.288,125.92,0.138058545864,0.0,0
2018-05-27 17:55:22.381,127.83,0.12504656064,0.0250000003725,0
2018-05-27 17:55:22.549,129.96,0.112810386877,0.0250000003725,0
2018-05-27 17:55:22.726,131.58,0.101339266172,0.0250000003725,0
2018-05-27 17:55:22.809,134.15,0.0906213267703,0.0250000003725,0
2018-05-27 17:55:22.902,134.68,0.035397249243,0.17499999702,0
2018-05-27 17:55:23.064,135.31,0.0806434684027,0.20000000298,0
2018-05-27 17:55:23.157,136.36,0.181842464425,0.20000000298,0
2018-05-27 17:55:23.250,137.16,0.334638575636,0.20000000298,0
2018-05-27 17:55:23.334,138.83,0.334638575636,0.0,0
2018-05-27 17:55:23.428,140.16,0.334638575636,0.0,0
2018-05-27 17:55:23.604,142.39,0.312609630846,0.0,0
2018-05-27 17:55:23.698,143.3,0.334638575636,0.0500000007451,0
2018-05-27 17:55:23.790,144.6,0.357516742807,0.0500000007451,0
2018-05-27 17:55:23.884,145.14,0.381247397627,0.0500000007451,0
2018-05-27 17:55:24.138,147.38,0.271084891405,0.0500000007451,0
2018-05-27 17:55:24.232,148.34,0.181842469133,0.0750000029802,0
2018-05-27 17:55:24.409,149.65,0.125046566095,0.10000000149,0
2018-05-27 17:55:24.502,150.45,0.0806434712675,0.10000000149,0
2018-05-27 17:55:24.595,151.24,0.151856103913,0.15000000596,0
2018-05-27 17:55:24.688,152.55,0.271084891405,0.17499999702,0
2018-05-27 17:55:24.781,152.36,0.431277954428,0.17499999702,0
2018-05-27 17:55:25.036,155.26,0.602095145034,0.20000000298,0
2018-05-27 17:55:25.129,154.68,0.299999996735,0.20000000298,0
2018-05-27 17:55:25.315,157.37,0.299999996735,0.27500000596,0
2018-05-27 17:55:25.399,158.36,0.299999996735,0.324999988079,0
2018-05-27 17:55:25.492,158.36,0.299999996735,0.324999988079,0
2018-05-27 17:55:25.585,160.13,0.299999996735,0.300000011921,0
2018-05-27 17:55:25.678,159.09,0.299999996735,0.25,0
2018-05-27 17:55:25.771,160.97,0.299999996735,0.34999999404,0
2018-05-27 17:55:25.865,160.8,0.299999996735,0.375,0
2018-05-27 17:55:26.026,163.25,0.299999996735,0.375,0
2018-05-27 17:55:26.120,162.69,0.299999996735,0.0,0
2018-05-27 17:55:26.213,163.9,0.299999996735,0.0250000003725,0
2018-05-27 17:55:26.389,165.16,0.299999996735,0.0250000003725,0
2018-05-27 17:55:26.483,166.26,0.299999996735,0.0,0
2018-05-27 17:55:26.576,166.4,0.299999996735,0.0,0
2018-05-27 17:55:26.762,168.8,0.299999996735,0.10000000149,0
2018-05-27 17:55:27.017,169.09,0.299999996735,0.0250000003725,0
2018-05-27 17:55:27.110,170.94,0.381247392228,0.0,0
2018-05-27 17:55:27.203,169.58,0.232910099899,0.20000000298,0
2018-05-27 17:55:27.380,172.09,0.071391235755,0.0750000029802,0
2018-05-27 17:55:27.566,174.18,0.138058553653,0.15000000596,0
2018-05-27 17:55:27.659,174.77,0.151856103913,0.0500000007451,0
2018-05-27 17:55:27.846,172.36,0.291426358638,0.22499999404,0
2018-05-27 17:55:28.003,171.45,0.512785176963,0.22499999404,0
2018-05-27 17:55:28.361,168.82,0.299999996735,0.22499999404,0
2018-05-27 17:55:28.445,167.17,0.299999996735,0.300000011921,0
2018-05-27 17:55:28.808,164.47,0.299999996735,0.0750000029802,0
2018-05-27 17:55:29.240,163.97,0.299999996735,0.0,0
2018-05-27 17:55:29.333,164.45,0.299999996735,0.0,0
2018-05-27 17:55:29.426,163.8,0.299999996735,0.0250000003725,0
2018-05-27 17:55:29.519,165.01,0.299999996735,0.0,0
2018-05-27 17:55:29.612,165.26,0.299999996735,0.0,0
2018-05-27 17:55:29.892,166.15,0.457583172508,0.15000000596,0
2018-05-27 17:55:30.054,165.89,0.334638584,0.10000000149,0
2018-05-27 17:55:30.137,166.42,0.232910113501,0.10000000149,0
2018-05-27 17:55:30.324,167.51,0.112810393765,0.10000000149,0
2018-05-27 17:55:30.417,167.06,0.0806434719837,0.0,0
2018-05-27 17:55:30.500,168.64,0.0906213320118,0.0250000003725,0
2018-05-27 17:55:30.780,169.7,0.101339271792,0.0250000003725,0
2018-05-27 17:55:31.025,169.56,0.101339271792,0.0250000003725,0
2018-05-27 17:55:31.305,171.45,0.101339271792,0.0,0
2018-05-27 17:55:31.398,170.78,0.112810392882,0.0250000003725,0
2018-05-27 17:55:31.659,173.34,0.054998265695,0.0,0
2018-05-27 17:55:32.002,174.83,0.0301030005602,0.0,0
2018-05-27 17:55:32.082,174.37,0.054998263009,0.0,0
2018-05-27 17:55:32.174,176.45,0.0906213267703,0.0,0
2018-05-27 17:55:32.715,179.03,0.0906213267703,0.0,0
2018-05-27 17:55:33.155,182.51,0.0806434671136,0.0500000007451,0
2018-05-27 17:55:33.248,183.39,0.0906213267703,0.0,0
2018-05-27 17:55:33.425,182.83,0.101339266172,0.0,0
2018-05-27 17:55:33.518,183.06,0.0906213267703,0.0250000003725,0
2018-05-27 17:55:33.705,184.56,0.0549982635686,0.125,0
2018-05-27 17:55:33.798,184.23,0.0353972491597,0.125,0
2018-05-27 17:55:33.882,184.83,0.0713912331042,0.125,0
2018-05-27 17:55:34.137,185.87,0.125046561393,0.125,0
2018-05-27 17:55:34.230,186.3,0.138058546663,0.0250000003725,0
2018-05-27 17:55:34.416,188.04,0.151856096511,0.0250000003725,0
2018-05-27 17:55:34.509,188.36,0.138058546663,0.0250000003725,0
2018-05-27 17:55:34.695,189.39,0.151856096511,0.0250000003725,0
2018-05-27 17:55:34.788,188.46,0.181842463248,0.0500000007451,0
2018-05-27 17:55:35.034,189.99,0.181842463248,0.0250000003725,0
2018-05-27 17:55:35.127,190.22,0.125046562333,0.0250000003725,0
2018-05-27 17:55:35.220,191.1,0.0806434691189,0.0250000003725,0
2018-05-27 17:55:35.313,190.3,0.0478206712962,0.0250000003725,0
2018-05-27 17:55:35.583,191.18,0.0353972479932,0.0250000003725,0
2018-05-27 17:55:35.677,191.13,0.0353972479932,0.0250000003725,0
2018-05-27 17:55:36.108,192.22,0.0353972479932,0.0250000003725,0
2018-05-27 17:55:36.565,194.8,0.0412947210195,0.0,0
2018-05-27 17:55:36.653,196.31,0.0478206693574,0.0,0
2018-05-27 17:55:36.741,195.55,0.0628486823466,0.0,0
2018-05-27 17:55:36.825,196.83,0.0713912319113,0.0,0
2018-05-27 17:55:37.080,196.42,0.0806434671136,0.0,0
2018-05-27 17:55:37.173,197.57,0.0906213267703,0.0,0
2018-05-27 17:55:37.527,199.48,0.101339266172,0.0,0
2018-05-27 17:55:37.806,200.78,0.112810386877,0.0,0
2018-05-27 17:55:37.900,200.12,0.12504656064,0.0,0
2018-05-27 17:55:38.061,200.51,0.138058545864,0.0,0
2018-05-27 17:55:38.248,201.22,0.138058545864,0.0,0
2018-05-27 17:55:38.424,202.27,0.138058545864,0.0,0
2018-05-27 17:55:38.518,203.76,0.138058545864,0.0,0
2018-05-27 17:55:38.611,202.66,0.138058545864,0.0,0
2018-05-27 17:55:38.704,203.73,0.138058545864,0.0,0
2018-05-27 17:55:38.797,205.12,0.138058545864,0.0,0
2018-05-27 17:55:39.052,206.01,0.138058545864,0.0,0
2018-05-27 17:55:39.331,205.75,0.138058545864,0.0,0
2018-05-27 17:55:39.508,208.22,0.138058545864,0.0,0
2018-05-27 17:55:39.601,207.09,0.138058545864,0.0,0
2018-05-27 17:55:39.694,209.53,0.138058545864,0.0,0
2018-05-27 17:55:40.037,210.34,0.138058545864,0.0,0
2018-05-27 17:55:40.126,209.94,0.138058545864,0.0,0
2018-05-27 17:55:40.219,211.48,0.138058545864,0.0,0
2018-05-27 17:55:41.107,213.54,0.138058545864,0.0,0
2018-05-27 17:55:41.294,214.29,0.138058545864,0.0,0
2018-05-27 17:55:41.387,215.3,0.138058545864,0.0,0
2018-05-27 17:55:41.731,216.21,0.138058545864,0.0,0
2018-05-27 17:55:41.917,217.57,0.138058545864,0.0,0
2018-05-27 17:55:42.266,219.21,0.138058545864,0.0,0
2018-05-27 17:55:42.899,218.79,0.138058545864,0.0,0
2018-05-27 17:55:43.237,217.21,0.138058545864,0.0,0
2018-05-27 17:55:43.330,216.54,0.138058545864,0.0,0
2018-05-27 17:55:43.610,218.08,0.138058545864,0.0,0
2018-05-27 17:55:43.889,218.35,0.138058545864,0.0,0
2018-05-27 17:55:44.414,215.61,0.138058545864,0.0,0
2018-05-27 17:55:44.498,216.56,0.138058545864,0.0,0
2018-05-27 17:55:44.870,214.03,0.138058545864,0.0,0
2018-05-27 17:55:45.572,211.1,0.138058545864,0.0,0
2018-05-27 17:55:45.842,211.87,0.138058545864,0.0,0
2018-05-27 17:55:45.931,212.47,0.138058545864,0.0,0
2018-05-27 17:55:46.442,213.05,0.138058545864,0.0,0
2018-05-27 17:55:46.619,211.85,0.138058545864,0.0,0
2018-05-27 17:55:47.246,212.95,0.138058545864,0.0,0
2018-05-27 17:55:47.330,212.21,0.138058545864,0.0,0
2018-05-27 17:55:47.609,214.14,0.138058545864,0.0,0
2018-05-27 17:55:47.702,213.22,0.138058545864,0.0,0
2018-05-27 17:55:47.795,212.65,0.138058545864,0.0,0
2018-05-27 17:55:48.050,213.03,0.138058545864,0.0,0
2018-05-27 17:55:48.330,213.78,0.138058545864,0.0,0
2018-05-27 17:55:48.423,214.92,0.138058545864,0.0,0
2018-05-27 17:55:48.693,214.13,0.138058545864,0.0,0
2018-05-27 17:55:49.497,216.07,0.138058545864,0.0,0
2018-05-27 17:55:49.776,217.47,0.138058545864,0.0,0
2018-05-27 17:55:50.031,217.28,0.138058545864,0.0,0
2018-05-27 17:55:50.125,217.87,0.138058545864,0.0,0
2018-05-27 17:55:50.199,218.06,0.138058545864,0.0,0
2018-05-27 17:55:50.311,219.35,0.138058545864,0.0,0
2018-05-27 17:55:50.581,217.89,0.138058545864,0.0,0
2018-05-27 17:55:50.767,220.13,0.138058545864,0.0,0
2018-05-27 17:55:51.292,219.91,0.138058545864,0.0,0
2018-05-27 17:55:51.469,219.51,0.138058545864,0.0,0
2018-05-27 17:55:51.562,221.14,0.138058545864,0.0,0
2018-05-27 17:55:51.748,219.99,0.138058545864,0.0,0
2018-05-27 17:55:51.930,219.49,0.138058545864,0.0,0
2018-05-27 17:55:52.171,219.15,0.138058545864,0.0,0
2018-05-27 17:55:52.357,220.54,0.138058545864,0.0,0
2018-05-27 17:55:52.441,219.01,0.138058545864,0.0,0
2018-05-27 17:55:52.524,218.9,0.138058545864,0.0,0
2018-05-27 17:55:52.794,219.38,0.138058545864,0.0,0
2018-05-27 17:55:52.888,220.07,0.138058545864,0.0,0
2018-05-27 17:55:53.142,218.74,0.138058545864,0.0,0
2018-05-27 17:55:53.236,218.48,0.138058545864,0.0,0
2018-05-27 17:55:53.329,220.1,0.138058545864,0.0,0
2018-05-27 17:55:53.422,218.42,0.138058545864,0.0,0
2018-05-27 17:55:53.515,217.87,0.138058545864,0.0,0
2018-05-27 17:55:53.608,219.62,0.138058545864,0.0,0
2018-05-27 17:55:53.692,217.89,0.138058545864,0.0,0
2018-05-27 17:55:53.785,219.38,0.138058545864,0.0,0
2018-05-27 17:55:53.878,219.92,0.138058545864,0.0,0
2018-05-27 17:55:54.040,218.03,0.138058545864,0.0,0
2018-05-27 17:55:54.133,218.41,0.138058545864,0.0,0
2018-05-27 17:55:54.319,218.45,0.138058545864,0.0,0
2018-05-27 17:55:54.412,218.63,0.138058545864,0.0,0
2018-05-27 17:55:54.496,218.49,0.138058545864,0.0,0
2018-05-27 17:55:54.580,219.84,0.138058545864,0.0,0
2018-05-27 17:55:54.673,218.29,0.138058545864,0.0,0
2018-05-27 17:55:54.766,218.69,0.138058545864,0.0,0
2018-05-27 17:55:54.859,219.78,0.138058545864,0.0,0
2018-05-27 17:55:55.114,218.28,0.138058545864,0.0,0
2018-05-27 17:55:55.207,218.43,0.138058545864,0.0,0
2018-05-27 17:55:55.385,218.72,0.138058545864,0.0,0
2018-05-27 17:55:55.570,220.37,0.138058545864,0.0,0
2018-05-27 17:55:55.664,220.33,0.138058545864,0.0,0
2018-05-27 17:55:56.012,222.67,0.138058545864,0.0,0
2018-05-27 17:55:56.105,221.76,0.138058545864,0.0,0
2018-05-27 17:55:56.198,221.33,0.138058545864,0.0,0
2018-05-27 17:55:56.747,224.56,0.138058545864,0.0,0
2018-05-27 17:55:56.929,225.12,0.138058545864,0.0,0
2018-05-27 17:55:57.086,225.63,0.138058545864,0.0,0
2018-05-27 17:55:57.170,223.78,0.138058545864,0.0,0
2018-05-27 17:55:57.263,224.67,0.138058545864,0.0,0
2018-05-27 17:55:57.347,224.33,0.138058545864,0.0,0
2018-05-27 17:55:57.440,224.98,0.138058545864,0.0,0
2018-05-27 17:55:57.524,225.76,0.138058545864,0.0,0
2018-05-27 17:55:57.617,225.58,0.138058545864,0.0,0
2018-05-27 17:55:57.711,224.58,0.138058545864,0.0,0
2018-05-27 17:55:57.794,226.17,0.138058545864,0.0,0
2018-05-27 17:55:57.887,225.87,0.138058545864,0.0,0
2018-05-27 17:55:58.049,225.51,0.138058545864,0.0,0
2018-05-27 17:55:58.142,225.1,0.138058545864,0.0,0
2018-05-27 17:55:58.235,226.22,0.138058545864,0.0,0
2018-05-27 17:55:58.328,226.32,0.138058545864,0.0,0
2018-05-27 17:55:58.421,226.33,0.138058545864,0.0,0
2018-05-27 17:55:58.598,226.59,0.138058545864,0.0,0
2018-05-27 17:55:58.691,227.13,0.138058545864,0.0,0
2018-05-27 17:55:58.878,227.53,0.138058545864,0.0,0
2018-05-27 17:55:59.039,227.98,0.138058545864,0.0,0
2018-05-27 17:55:59.132,229.34,0.138058545864,0.0,0
2018-05-27 17:55:59.226,229.33,0.138058545864,0.0,0
2018-05-27 17:55:59.319,229.69,0.138058545864,0.0,0
2018-05-27 17:55:59.412,229.78,0.138058545864,0.0,0
2018-05-27 17:55:59.496,227.81,0.138058545864,0.0,0
2018-05-27 17:55:59.588,228.82,0.138058545864,0.0,0
2018-05-27 17:55:59.682,228.59,0.138058545864,0.0,0
2018-05-27 17:55:59.775,228.28,0.138058545864,0.0,0
2018-05-27 17:55:59.868,228.98,0.138058545864,0.0,0
2018-05-27 17:56:00.123,229.98,0.138058545864,0.0,0
2018-05-27 17:56:00.216,230.74,0.138058545864,0.0,0
2018-05-27 17:56:00.309,230.96,0.138058545864,0.0,0
2018-05-27 17:56:00.393,229.41,0.138058545864,0.0,0
2018-05-27 17:56:00.486,228.87,0.138058545864,0.0,0
2018-05-27 17:56:00.579,229.0,0.138058545864,0.0,0
2018-05-27 17:56:00.672,229.81,0.138058545864,0.0,0
2018-05-27 17:56:00.765,229.8,0.138058545864,0.0,0
2018-05-27 17:56:01.020,230.0,0.138058545864,0.0,0
2018-05-27 17:56:01.206,230.51,0.138058545864,0.0,0
2018-05-27 17:56:01.300,230.37,0.138058545864,0.0,0
2018-05-27 17:56:01.383,231.13,0.138058545864,0.0,0
2018-05-27 17:56:01.477,230.44,0.138058545864,0.0,0
2018-05-27 17:56:01.663,230.67,0.138058545864,0.0,0
2018-05-27 17:56:01.756,230.75,0.138058545864,0.0,0
2018-05-27 17:56:02.011,230.17,0.138058545864,0.0,0
2018-05-27 17:56:02.197,230.57,0.138058545864,0.0,0
2018-05-27 17:56:02.290,230.49,0.138058545864,0.0,0
2018-05-27 17:56:02.383,231.59,0.138058545864,0.0,0
2018-05-27 17:56:02.560,233.1,0.138058545864,0.0,0
2018-05-27 17:56:02.653,233.21,0.138058545864,0.0,0
2018-05-27 17:56:02.746,233.08,0.138058545864,0.0,0
2018-05-27 17:56:02.839,232.36,0.138058545864,0.0,0
2018-05-27 17:56:02.928,232.34,0.138058545864,0.0,0
2018-05-27 17:56:03.085,233.3,0.138058545864,0.0,0
2018-05-27 17:56:03.262,233.05,0.138058545864,0.0,0
2018-05-27 17:56:03.346,233.53,0.138058545864,0.0,0
2018-05-27 17:56:03.439,234.51,0.138058545864,0.0,0
2018-05-27 17:56:03.532,233.42,0.138058545864,0.0,0
2018-05-27 17:56:03.625,233.56,0.138058545864,0.0,0
2018-05-27 17:56:03.718,232.64,0.138058545864,0.0,0
2018-05-27 17:56:03.802,230.3,0.138058545864,0.0,0
2018-05-27 17:56:03.886,230.1,0.138058545864,0.0,0
2018-05-27 17:56:04.048,230.1,0.138058545864,0.0,0
2018-05-27 17:56:04.132,227.79,0.138058545864,0.0,0
2018-05-27 17:56:04.318,227.26,0.138058545864,0.0,0
2018-05-27 17:56:04.402,224.8,0.138058545864,0.0,0
2018-05-27 17:56:04.495,223.41,0.138058545864,0.0,0
2018-05-27 17:56:04.681,223.43,0.138058545864,0.0,0
2018-05-27 17:56:04.867,219.74,0.138058545864,0.0,0
2018-05-27 17:56:05.020,219.99,0.138058545864,0.0,0
2018-05-27 17:56:05.290,216.66,0.138058545864,0.0,0
2018-05-27 17:56:05.376,215.55,0.138058545864,0.0,0
2018-05-27 17:56:05.467,213.9,0.138058545864,0.0,0
2018-05-27 17:56:05.746,212.75,0.138058545864,0.0,0
2018-05-27 17:56:05.839,212.75,0.138058545864,0.0,0
2018-05-27 17:56:06.262,211.82,0.138058545864,0.0,0
2018-05-27 17:56:06.438,210.51,0.138058545864,0.0,0
2018-05-27 17:56:06.522,210.3,0.138058545864,0.0,0
2018-05-27 17:56:06.606,211.15,0.138058545864,0.0,0
2018-05-27 17:56:06.792,210.67,0.138058545864,0.0,0
2018-05-27 17:56:06.885,209.29,0.138058545864,0.0,0
2018-05-27 17:56:07.140,208.05,0.138058545864,0.0,0
2018-05-27 17:56:07.420,209.15,0.138058545864,0.0,0
2018-05-27 17:56:07.504,208.83,0.138058545864,0.0,0
2018-05-27 17:56:07.680,207.45,0.138058545864,0.0,0
2018-05-27 17:56:07.867,207.27,0.138058545864,0.0,0
2018-05-27 17:56:08.029,208.11,0.138058545864,0.0,0
2018-05-27 17:56:08.122,207.85,0.138058545864,0.0,0
2018-05-27 17:56:08.308,208.29,0.138058545864,0.0,0
2018-05-27 17:56:08.392,209.12,0.138058545864,0.0,0
2018-05-27 17:56:08.485,208.7,0.138058545864,0.0,0
2018-05-27 17:56:08.578,209.53,0.138058545864,0.0,0
2018-05-27 17:56:08.671,208.69,0.138058545864,0.0,0
2018-05-27 17:56:08.764,210.66,0.138058545864,0.0,0
2018-05-27 17:56:09.019,210.71,0.138058545864,0.0,0
2018-05-27 17:56:09.205,211.48,0.138058545864,0.0,0
2018-05-27 17:56:09.298,209.75,0.138058545864,0.0,0
2018-05-27 17:56:09.392,211.79,0.138058545864,0.0,0
2018-05-27 17:56:09.485,210.8,0.138058545864,0.0,0
2018-05-27 17:56:09.661,211.21,0.138058545864,0.0,0
2018-05-27 17:56:09.755,212.61,0.138058545864,0.0,0
2018-05-27 17:56:09.848,212.55,0.138058545864,0.0,0
2018-05-27 17:56:10.010,213.74,0.138058545864,0.0,0
2018-05-27 17:56:10.196,213.57,0.138058545864,0.0,0
2018-05-27 17:56:10.373,215.92,0.138058545864,0.0,0
2018-05-27 17:56:10.466,215.08,0.138058545864,0.0,0
2018-05-27 17:56:10.559,214.91,0.138058545864,0.0,0
2018-05-27 17:56:10.652,216.89,0.138058545864,0.0,0
2018-05-27 17:56:10.745,216.36,0.138058545864,0.0,0
2018-05-27 17:56:10.838,216.57,0.138058545864,0.0,0
2018-05-27 17:56:11.084,216.41,0.138058545864,0.0,0
2018-05-27 17:56:11.168,216.09,0.138058545864,0.0,0
2018-05-27 17:56:11.345,213.93,0.138058545864,0.0,0
2018-05-27 17:56:11.438,215.17,0.138058545864,0.0,0
2018-05-27 17:56:11.708,211.71,0.138058545864,0.0,0
2018-05-27 17:56:12.056,211.28,0.138058545864,0.0,0
2018-05-27 17:56:12.233,208.79,0.138058545864,0.0,0
2018-05-27 17:56:12.419,209.06,0.138058545864,0.0,0
2018-05-27 17:56:12.503,209.83,0.138058545864,0.0,0
2018-05-27 17:56:12.689,210.07,0.138058545864,0.0,0
2018-05-27 17:56:12.782,208.87,0.138058545864,0.0,0
2018-05-27 17:56:12.875,211.09,0.138058545864,0.0,0
2018-05-27 17:56:13.037,209.81,0.138058545864,0.0,0
2018-05-27 17:56:13.121,209.06,0.138058545864,0.0,0
2018-05-27 17:56:13.214,210.74,0.138058545864,0.0,0
2018-05-27 17:56:13.307,208.72,0.138058545864,0.0,0
2018-05-27 17:56:13.484,210.51,0.138058545864,0.0,0
2018-05-27 17:56:13.670,209.9,0.138058545864,0.0,0
2018-05-27 17:56:13.763,211.87,0.138058545864,0.0,0
2018-05-27 17:56:13.848,211.44,0.138058545864,0.0,0
2018-05-27 17:56:14.009,209.92,0.138058545864,0.0,0
2018-05-27 17:56:14.195,210.38,0.138058545864,0.0,0
2018-05-27 17:56:14.288,210.75,0.138058545864,0.0,0
2018-05-27 17:56:14.381,211.66,0.138058545864,0.0,0
2018-05-27 17:56:14.461,211.71,0.138058545864,0.0,0
2018-05-27 17:56:14.557,212.46,0.138058545864,0.0,0
2018-05-27 17:56:14.642,210.89,0.138058545864,0.0,0
2018-05-27 17:56:14.912,212.8,0.138058545864,0.0,0
2018-05-27 17:56:15.158,211.55,0.138058545864,0.0,0
2018-05-27 17:56:15.327,213.57,0.138058545864,0.0,0
2018-05-27 17:56:15.503,213.19,0.138058545864,0.0,0
2018-05-27 17:56:15.595,213.42,0.138058545864,0.0,0
2018-05-27 17:56:15.689,214.25,0.138058545864,0.0,0
2018-05-27 17:56:15.782,213.97,0.138058545864,0.0,0
2018-05-27 17:56:15.875,215.22,0.138058545864,0.0,0
2018-05-27 17:56:16.037,214.91,0.138058545864,0.0,0
2018-05-27 17:56:16.130,214.69,0.138058545864,0.0,0
2018-05-27 17:56:16.409,216.18,0.138058545864,0.0,0
2018-05-27 17:56:16.493,215.63,0.138058545864,0.0,0
2018-05-27 17:56:16.586,216.6,0.138058545864,0.0,0
2018-05-27 17:56:16.670,217.05,0.138058545864,0.0,0
2018-05-27 17:56:16.763,217.58,0.138058545864,0.0,0
2018-05-27 17:56:17.018,218.23,0.138058545864,0.0,0
2018-05-27 17:56:17.111,217.41,0.138058545864,0.0,0
2018-05-27 17:56:17.297,219.24,0.138058545864,0.0,0
2018-05-27 17:56:17.474,219.87,0.138058545864,0.0,0
2018-05-27 17:56:17.651,221.48,0.138058545864,0.0,0
2018-05-27 17:56:17.744,219.46,0.138058545864,0.0,0
2018-05-27 17:56:18.260,221.38,0.138058545864,0.0,0
2018-05-27 17:56:18.437,222.14,0.138058545864,0.0,0
2018-05-27 17:56:18.521,223.56,0.138058545864,0.0,0
2018-05-27 17:56:18.614,224.27,0.138058545864,0.0,0
2018-05-27 17:56:18.707,223.06,0.138058545864,0.0,0
2018-05-27 17:56:18.884,225.41,0.138058545864,0.0,0
2018-05-27 17:56:19.046,224.17,0.138058545864,0.0,0
2018-05-27 17:56:19.129,225.86,0.138058545864,0.0,0
2018-05-27 17:56:19.222,226.15,0.138058545864,0.0,0
2018-05-27 17:56:19.316,225.63,0.138058545864,0.0,0
2018-05-27 17:56:19.409,224.81,0.138058545864,0.0,0
2018-05-27 17:56:19.493,226.19,0.138058545864,0.0,0
2018-05-27 17:56:20.297,227.1,0.138058545864,0.0,0
2018-05-27 17:56:20.390,226.89,0.138058545864,0.0,0
2018-05-27 17:56:20.474,228.85,0.138058545864,0.0,0
2018-05-27 17:56:20.567,229.3,0.138058545864,0.0,0
2018-05-27 17:56:20.753,229.01,0.138058545864,0.0,0
2018-05-27 17:56:21.185,230.97,0.138058545864,0.0,0
2018-05-27 17:56:21.455,230.18,0.138058545864,0.0,0
2018-05-27 17:56:22.157,232.71,0.138058545864,0.0,0
2018-05-27 17:56:22.427,233.81,0.138058545864,0.0,0
2018-05-27 17:56:22.520,234.35,0.138058545864,0.0,0
2018-05-27 17:56:22.604,235.5,0.138058545864,0.0,0
2018-05-27 17:56:22.697,235.3,0.138058545864,0.0,0
2018-05-27 17:56:24.222,234.19,0.138058545864,0.0,0
2018-05-27 17:56:24.315,233.41,0.138058545864,0.0,0
2018-05-27 17:56:24.408,233.45,0.138058545864,0.0,0
2018-05-27 17:56:24.492,234.93,0.138058545864,0.0,0
2018-05-27 17:56:24.585,234.9,0.138058545864,0.0,0
2018-05-27 17:56:25.026,233.11,0.138058545864,0.0,0
2018-05-27 17:56:25.119,231.51,0.138058545864,0.0,0
2018-05-27 17:56:25.212,230.15,0.138058545864,0.0,0
2018-05-27 17:56:25.482,226.18,0.138058545864,0.0,0
2018-05-27 17:56:26.203,220.36,0.138058545864,0.0,0
2018-05-27 17:56:26.296,219.6,0.138058545864,0.0,0
2018-05-27 17:56:26.380,219.24,0.138058545864,0.0,0
2018-05-27 17:56:26.473,218.48,0.138058545864,0.0,0
2018-05-27 17:56:26.752,216.72,0.138058545864,0.0,0
2018-05-27 17:56:27.194,218.29,0.138058545864,0.0,0
2018-05-27 17:56:27.552,218.55,0.138058545864,0.0,0
2018-05-27 17:56:27.645,216.9,0.138058545864,0.0,0
2018-05-27 17:56:28.063,217.45,0.138058545864,0.0,0
2018-05-27 17:56:28.519,216.69,0.138058545864,0.0,0
2018-05-27 17:56:28.706,217.87,0.138058545864,0.0,0
2018-05-27 17:56:29.137,217.31,0.138058545864,0.0,0
2018-05-27 17:56:29.324,217.08,0.138058545864,0.0,0
2018-05-27 17:56:29.510,218.89,0.138058545864,0.0,0
2018-05-27 17:56:30.407,218.77,0.138058545864,0.0,0
2018-05-27 17:56:31.109,220.94,0.138058545864,0.0,0
2018-05-27 17:56:31.296,219.69,0.138058545864,0.0,0
2018-05-27 17:56:31.380,221.09,0.138058545864,0.0,0
2018-05-27 17:56:31.743,220.88,0.138058545864,0.0,0
2018-05-27 17:56:32.082,222.02,0.138058545864,0.0,0
2018-05-27 17:56:32.166,221.84,0.138058545864,0.0,0
2018-05-27 17:56:32.343,222.44,0.138058545864,0.0,0
2018-05-27 17:56:32.613,222.08,0.138058545864,0.0,0
2018-05-27 17:56:33.055,223.06,0.138058545864,0.0,0
2018-05-27 17:56:33.148,221.77,0.138058545864,0.0,0
2018-05-27 17:56:33.325,222.63,0.138058545864,0.0,0
2018-05-27 17:56:33.418,221.57,0.138058545864,0.0,0
2018-05-27 17:56:33.502,222.78,0.138058545864,0.0,0
2018-05-27 17:56:33.688,220.91,0.138058545864,0.0,0
2018-05-27 17:56:33.782,220.82,0.138058545864,0.0,0
2018-05-27 17:56:33.875,222.42,0.138058545864,0.0,0
2018-05-27 17:56:34.391,221.85,0.138058545864,0.0,0
2018-05-27 17:56:34.850,219.57,0.138058545864,0.0,0
2018-05-27 17:56:35.009,221.48,0.138058545864,0.0,0
2018-05-27 17:56:35.112,219.88,0.138058545864,0.0,0
2018-05-27 17:56:35.205,221.57,0.138058545864,0.0,0
2018-05-27 17:56:35.391,220.02,0.138058545864,0.0,0
2018-05-27 17:56:35.475,221.91,0.138058545864,0.0,0
2018-05-27 17:56:35.653,221.54,0.138058545864,0.0,0
2018-05-27 17:56:35.839,220.5,0.138058545864,0.0,0
2018-05-27 17:56:35.931,220.9,0.138058545864,0.0,0
2018-05-27 17:56:36.085,220.42,0.138058545864,0.0,0
2018-05-27 17:56:36.802,221.55,0.138058545864,0.0,0
2018-05-27 17:56:36.895,222.0,0.138058545864,0.0,0
2018-05-27 17:56:37.057,223.03,0.138058545864,0.0,0
2018-05-27 17:56:37.244,222.25,0.138058545864,0.0,0
2018-05-27 17:56:37.430,223.02,0.138058545864,0.0,0
2018-05-27 17:56:37.514,222.27,0.138058545864,0.0,0
2018-05-27 17:56:37.607,223.37,0.138058545864,0.0,0
2018-05-27 17:56:37.700,223.43,0.138058545864,0.0,0
2018-05-27 17:56:37.793,225.12,0.138058545864,0.0,0
2018-05-27 17:56:38.598,225.13,0.138058545864,0.0,0
2018-05-27 17:56:38.692,224.65,0.138058545864,0.0,0
2018-05-27 17:56:38.785,225.14,0.138058545864,0.0,0
2018-05-27 17:56:38.878,226.68,0.138058545864,0.0,0
2018-05-27 17:56:39.590,227.27,0.138058545864,0.0,0
2018-05-27 17:56:39.776,227.09,0.138058545864,0.0,0
2018-05-27 17:56:40.031,227.64,0.138058545864,0.0,0
2018-05-27 17:56:40.124,227.23,0.138058545864,0.0,0
2018-05-27 17:56:40.218,227.79,0.138058545864,0.0,0
2018-05-27 17:56:40.395,227.88,0.138058545864,0.0,0
2018-05-27 17:56:40.488,227.52,0.138058545864,0.0,0
2018-05-27 17:56:40.581,228.87,0.138058545864,0.0,0
2018-05-27 17:56:40.674,228.49,0.138058545864,0.0,0
2018-05-27 17:56:40.767,228.81,0.138058545864,0.0,0
2018-05-27 17:56:40.861,228.55,0.138058545864,0.0,0
2018-05-27 17:56:41.022,228.61,0.138058545864,0.0,0
2018-05-27 17:56:41.116,229.56,0.138058545864,0.0,0
2018-05-27 17:56:41.209,229.79,0.138058545864,0.0,0
2018-05-27 17:56:41.386,229.84,0.138058545864,0.0,0
2018-05-27 17:56:41.479,230.61,0.138058545864,0.0,0
2018-05-27 17:56:41.759,230.31,0.138058545864,0.0,0
2018-05-27 17:56:41.834,230.78,0.138058545864,0.0,0
2018-05-27 17:56:41.930,230.88,0.138058545864,0.0,0
2018-05-27 17:56:42.079,232.44,0.138058545864,0.0,0
2018-05-27 17:56:42.351,231.34,0.138058545864,0.0,0
2018-05-27 17:56:42.442,231.12,0.138058545864,0.0,0
2018-05-27 17:56:42.713,232.16,0.138058545864,0.0,0
2018-05-27 17:56:42.809,232.44,0.138058545864,0.0,0
2018-05-27 17:56:42.908,231.9,0.138058545864,0.0,0
2018-05-27 17:56:43.061,231.65,0.138058545864,0.0,0
2018-05-27 17:56:43.154,231.74,0.138058545864,0.0,0
2018-05-27 17:56:43.247,232.0,0.138058545864,0.0,0
2018-05-27 17:56:43.331,232.69,0.138058545864,0.0,0
2018-05-27 17:56:43.424,232.35,0.138058545864,0.0,0
2018-05-27 17:56:43.518,232.86,0.138058545864,0.0,0
2018-05-27 17:56:43.704,233.47,0.138058545864,0.0,0
2018-05-27 17:56:43.797,233.51,0.138058545864,0.0,0
2018-05-27 17:56:43.890,233.4,0.138058545864,0.0,0
2018-05-27 17:56:44.052,232.68,0.138058545864,0.0,0
2018-05-27 17:56:44.145,232.25,0.138058545864,0.0,0
2018-05-27 17:56:44.322,232.14,0.138058545864,0.0,0
2018-05-27 17:56:44.416,232.27,0.138058545864,0.0,0
2018-05-27 17:56:44.509,232.52,0.138058545864,0.0,0
2018-05-27 17:56:45.043,233.07,0.138058545864,0.0,0
2018-05-27 17:56:45.221,233.57,0.138058545864,0.0,0
2018-05-27 17:56:46.016,227.23,0.138058545864,0.0,0
2018-05-27 17:56:46.109,226.44,0.138058545864,0.0,0
2018-05-27 17:56:46.203,224.46,0.138058545864,0.0,0
2018-05-27 17:56:46.389,221.94,0.138058545864,0.0,0
2018-05-27 17:56:46.473,221.0,0.138058545864,0.0,0
2018-05-27 17:56:46.566,220.05,0.138058545864,0.0,0
2018-05-27 17:56:46.659,218.58,0.138058545864,0.0,0
2018-05-27 17:56:46.930,218.54,0.138058545864,0.0,0
2018-05-27 17:56:47.082,217.65,0.138058545864,0.0,0
2018-05-27 17:56:47.175,217.71,0.138058545864,0.0,0
2018-05-27 17:56:47.445,214.11,0.138058545864,0.0,0
2018-05-27 17:56:47.539,215.59,0.138058545864,0.0,0
2018-05-27 17:56:47.622,214.97,0.138058545864,0.0,0
2018-05-27 17:56:47.716,216.21,0.138058545864,0.0,0
2018-05-27 17:56:47.790,214.69,0.138058545864,0.0,0
2018-05-27 17:56:47.893,214.85,0.138058545864,0.0,0
2018-05-27 17:56:48.055,214.68,0.138058545864,0.0,0
2018-05-27 17:56:48.148,216.55,0.138058545864,0.0,0
2018-05-27 17:56:48.241,215.11,0.138058545864,0.0,0
2018-05-27 17:56:48.334,215.04,0.138058545864,0.0,0
2018-05-27 17:56:48.427,216.59,0.138058545864,0.0,0
2018-05-27 17:56:48.511,216.77,0.138058545864,0.0,0
2018-05-27 17:56:48.604,216.15,0.138058545864,0.0,0
2018-05-27 17:56:48.698,215.61,0.138058545864,0.0,0
2018-05-27 17:56:48.791,216.8,0.138058545864,0.0,0
2018-05-27 17:56:49.046,215.93,0.138058545864,0.0,0
2018-05-27 17:56:49.232,216.65,0.138058545864,0.0,0
2018-05-27 17:56:49.409,215.68,0.138058545864,0.0,0
2018-05-27 17:56:49.502,215.29,0.138058545864,0.0,0
2018-05-27 17:56:49.689,215.85,0.138058545864,0.0,0
2018-05-27 17:56:49.782,215.56,0.138058545864,0.0,0
2018-05-27 17:56:49.875,217.45,0.138058545864,0.0,0
2018-05-27 17:56:50.037,216.71,0.138058545864,0.0,0
2018-05-27 17:56:50.223,218.13,0.138058545864,0.0,0
2018-05-27 17:56:50.308,216.56,0.138058545864,0.0,0
2018-05-27 17:56:50.401,218.03,0.138058545864,0.0,0
2018-05-27 17:56:50.494,217.26,0.138058545864,0.0,0
2018-05-27 17:56:50.680,219.34,0.138058545864,0.0,0
2018-05-27 17:56:50.773,218.88,0.138058545864,0.0,0
2018-05-27 17:56:50.867,217.97,0.138058545864,0.0,0
2018-05-27 17:56:51.029,218.04,0.138058545864,0.0,0
2018-05-27 17:56:51.123,219.23,0.138058545864,0.0,0
2018-05-27 17:56:51.317,219.52,0.138058545864,0.0,0
2018-05-27 17:56:51.401,219.13,0.138058545864,0.0,0
2018-05-27 17:56:51.494,220.53,0.138058545864,0.0,0
2018-05-27 17:56:51.587,219.51,0.138058545864,0.0,0
2018-05-27 17:56:51.681,219.66,0.138058545864,0.0,0
2018-05-27 17:56:51.867,221.44,0.138058545864,0.0,0
2018-05-27 17:56:52.113,221.58,0.138058545864,0.0,0
2018-05-27 17:56:52.206,220.58,0.138058545864,0.0,0
2018-05-27 17:56:52.383,221.39,0.138058545864,0.0,0
2018-05-27 17:56:52.756,219.48,0.138058545864,0.0,0
2018-05-27 17:56:52.849,217.56,0.138058545864,0.0,0
2018-05-27 17:56:53.006,217.94,0.138058545864,0.0,0
2018-05-27 17:56:53.449,216.2,0.138058545864,0.0,0
2018-05-27 17:56:53.626,217.88,0.138058545864,0.0,0
2018-05-27 17:56:53.719,217.12,0.138058545864,0.0,0
2018-05-27 17:56:53.812,216.31,0.138058545864,0.0,0
2018-05-27 17:56:54.067,217.43,0.138058545864,0.0,0
2018-05-27 17:56:54.338,216.56,0.138058545864,0.0,0
2018-05-27 17:56:54.431,217.19,0.138058545864,0.0,0
2018-05-27 17:56:54.524,216.62,0.138058545864,0.0,0
2018-05-27 17:56:54.617,215.95,0.138058545864,0.0,0
2018-05-27 17:56:54.701,215.64,0.138058545864,0.0,0
2018-05-27 17:56:54.794,215.05,0.138058545864,0.0,0
2018-05-27 17:56:54.887,217.5,0.138058545864,0.0,0
2018-05-27 17:56:55.049,215.73,0.138058545864,0.0,0
2018-05-27 17:56:55.142,215.94,0.138058545864,0.0,0
2018-05-27 17:56:55.235,217.68,0.138058545864,0.0,0
2018-05-27 17:56:55.329,216.86,0.138058545864,0.0,0
2018-05-27 17:56:55.422,216.51,0.138058545864,0.0,0
2018-05-27 17:56:55.515,218.22,0.138058545864,0.0,0
2018-05-27 17:56:55.776,216.58,0.138058545864,0.0,0
2018-05-27 17:56:55.869,218.06,0.138058545864,0.0,0
2018-05-27 17:56:56.133,217.46,0.138058545864,0.0,0
2018-05-27 17:56:56.227,216.96,0.138058545864,0.0,0
2018-05-27 17:56:56.320,218.08,0.138058545864,0.0,0
2018-05-27 17:56:56.497,218.83,0.138058545864,0.0,0
2018-05-27 17:56:56.590,218.15,0.138058545864,0.0,0
2018-05-27 17:56:56.683,217.34,0.138058545864,0.0,0
2018-05-27 17:56:56.870,219.36,0.138058545864,0.0,0
2018-05-27 17:56:57.125,217.94,0.138058545864,0.0,0
2018-05-27 17:56:57.209,217.88,0.138058545864,0.0,0
2018-05-27 17:56:57.387,218.08,0.138058545864,0.0,0
2018-05-27 17:56:57.479,218.96,0.138058545864,0.0,0
2018-05-27 17:56:57.665,220.65,0.138058545864,0.0,0
2018-05-27 17:56:57.758,220.27,0.138058545864,0.0,0
2018-05-27 17:56:58.004,220.56,0.138058545864,0.0,0
2018-05-27 17:56:58.089,222.11,0.138058545864,0.0,0
2018-05-27 17:56:58.265,222.84,0.138058545864,0.0,0
2018-05-27 17:56:58.443,221.73,0.138058545864,0.0,0
2018-05-27 17:56:58.535,223.24,0.138058545864,0.0,0
2018-05-27 17:56:58.899,224.93,0.138058545864,0.0,0
2018-05-27 17:56:59.247,223.22,0.138058545864,0.0,0
2018-05-27 17:56:59.331,224.56,0.138058545864,0.0,0
2018-05-27 17:56:59.517,224.99,0.138058545864,0.0,0
2018-05-27 17:56:59.601,225.18,0.138058545864,0.0,0
2018-05-27 17:56:59.787,224.55,0.138058545864,0.0,0
2018-05-27 17:56:59.881,224.15,0.138058545864,0.0,0
2018-05-27 17:57:00.136,227.22,0.138058545864,0.0,0
2018-05-27 17:57:00.229,226.65,0.138058545864,0.0,0
2018-05-27 17:57:00.499,226.64,0.138058545864,0.0,0
2018-05-27 17:57:00.686,227.66,0.138058545864,0.0,0
2018-05-27 17:57:00.779,228.0,0.138058545864,0.0,0
2018-05-27 17:57:00.872,227.44,0.138058545864,0.0,0
2018-05-27 17:57:01.313,227.91,0.138058545864,0.0,0
2018-05-27 17:57:01.583,228.34,0.138058545864,0.0,0
2018-05-27 17:57:01.863,228.51,0.138058545864,0.0,0
2018-05-27 17:57:02.025,228.67,0.138058545864,0.0,0
2018-05-27 17:57:02.118,229.34,0.138058545864,0.0,0
2018-05-27 17:57:02.211,229.55,0.138058545864,0.0,0
2018-05-27 17:57:02.388,230.95,0.138058545864,0.0,0
2018-05-27 17:57:02.482,231.91,0.138058545864,0.0,0
2018-05-27 17:57:02.570,229.75,0.138058545864,0.0,0
2018-05-27 17:57:02.929,231.91,0.138058545864,0.0,0
2018-05-27 17:57:03.081,231.47,0.138058545864,0.0,0
2018-05-27 17:57:03.174,231.5,0.138058545864,0.0,0
2018-05-27 17:57:03.352,233.39,0.138058545864,0.0,0
2018-05-27 17:57:03.808,232.58,0.138058545864,0.0,0
2018-05-27 17:57:04.157,232.8,0.138058545864,0.0,0
2018-05-27 17:57:04.334,234.02,0.138058545864,0.0,0
2018-05-27 17:57:04.427,233.69,0.138058545864,0.0,0
2018-05-27 17:57:04.706,230.36,0.138058545864,0.0,0
2018-05-27 17:57:05.148,224.51,0.138058545864,0.0,0
2018-05-27 17:57:05.688,216.12,0.138058545864,0.0,0
2018-05-27 17:57:06.036,214.5,0.138058545864,0.0,0
2018-05-27 17:57:06.856,212.31,0.138058545864,0.0,0
2018-05-27 17:57:07.013,211.43,0.138058545864,0.0,0
2018-05-27 17:57:07.102,212.98,0.138058545864,0.0,0
2018-05-27 17:57:07.363,210.79,0.138058545864,0.0,0
2018-05-27 17:57:08.074,210.7,0.138058545864,0.0,0
2018-05-27 17:57:08.168,211.68,0.138058545864,0.0,0
2018-05-27 17:57:08.345,210.73,0.138058545864,0.0,0
2018-05-27 17:57:08.625,212.37,0.138058545864,0.0,0
2018-05-27 17:57:08.708,210.67,0.138058545864,0.0,0
2018-05-27 17:57:08.895,210.48,0.138058545864,0.0,0
2018-05-27 17:57:09.150,211.64,0.138058545864,0.0,0
2018-05-27 17:57:09.336,210.77,0.138058545864,0.0,0
2018-05-27 17:57:09.429,211.39,0.138058545864,0.0,0
2018-05-27 17:57:09.709,213.0,0.138058545864,0.0,0
2018-05-27 17:57:09.886,212.2,0.138058545864,0.0,0
2018-05-27 17:57:10.048,212.3,0.138058545864,0.0,0
2018-05-27 17:57:10.141,214.09,0.138058545864,0.0,0
2018-05-27 17:57:10.234,212.6,0.138058545864,0.0,0
2018-05-27 17:57:10.327,213.83,0.138058545864,0.0,0
2018-05-27 17:57:10.420,211.64,0.138058545864,0.0,0
2018-05-27 17:57:10.504,213.41,0.138058545864,0.0,0
2018-05-27 17:57:10.597,212.34,0.138058545864,0.0,0
2018-05-27 17:57:11.029,213.54,0.138058545864,0.0,0
2018-05-27 17:57:11.216,214.42,0.138058545864,0.0,0
2018-05-27 17:57:11.486,216.38,0.138058545864,0.0,0
2018-05-27 17:57:11.765,217.45,0.138058545864,0.0,0
2018-05-27 17:57:12.095,217.01,0.138058545864,0.0,0
2018-05-27 17:57:12.194,219.07,0.138058545864,0.0,0
2018-05-27 17:57:12.468,218.03,0.138058545864,0.0,0
2018-05-27 17:57:12.561,219.44,0.138058545864,0.0,0
2018-05-27 17:57:12.646,218.61,0.138058545864,0.0,0
2018-05-27 17:57:12.813,218.29,0.138058545864,0.0,0
2018-05-27 17:57:12.915,219.79,0.138058545864,0.0,0
2018-05-27 17:57:13.077,219.6,0.138058545864,0.0,0
2018-05-27 17:57:13.440,220.84,0.138058545864,0.0,0
2018-05-27 17:57:13.524,219.68,0.138058545864,0.0,0
2018-05-27 17:57:13.617,220.17,0.138058545864,0.0,0
2018-05-27 17:57:13.804,219.33,0.138058545864,0.0,0
2018-05-27 17:57:13.897,219.76,0.138058545864,0.0,0
2018-05-27 17:57:14.152,219.78,0.138058545864,0.0,0
2018-05-27 17:57:14.422,217.14,0.138058545864,0.0,0
2018-05-27 17:57:14.515,217.52,0.138058545864,0.0,0
2018-05-27 17:57:14.608,218.91,0.138058545864,0.0,0
2018-05-27 17:57:14.795,217.98,0.138058545864,0.0,0
2018-05-27 17:57:15.236,217.63,0.138058545864,0.0,0
2018-05-27 17:57:15.329,218.67,0.138058545864,0.0,0
2018-05-27 17:57:15.506,219.59,0.138058545864,0.0,0
2018-05-27 17:57:15.600,217.48,0.138058545864,0.0,0
2018-05-27 17:57:15.693,217.34,0.138058545864,0.0,0
2018-05-27 17:57:15.880,218.64,0.138058545864,0.0,0
2018-05-27 17:57:16.134,217.76,0.138058545864,0.0,0
2018-05-27 17:57:16.227,219.28,0.138058545864,0.0,0
2018-05-27 17:57:16.404,219.26,0.138058545864,0.0,0
2018-05-27 17:57:16.498,218.01,0.138058545864,0.0,0
2018-05-27 17:57:16.684,219.5,0.138058545864,0.0,0
2018-05-27 17:57:16.870,218.12,0.138058545864,0.0,0
2018-05-27 17:57:17.032,218.07,0.138058545864,0.0,0
2018-05-27 17:57:17.125,219.64,0.138058545864,0.0,0
2018-05-27 17:57:17.489,219.33,0.138058545864,0.0,0
2018-05-27 17:57:17.582,220.72,0.138058545864,0.0,0
2018-05-27 17:57:17.675,220.98,0.138058545864,0.0,0
2018-05-27 17:57:17.768,219.94,0.138058545864,0.0,0
2018-05-27 17:57:18.018,220.66,0.138058545864,0.0,0
2018-05-27 17:57:18.107,220.46,0.138058545864,0.0,0
2018-05-27 17:57:18.191,221.82,0.138058545864,0.0,0
2018-05-27 17:57:18.275,222.54,0.138058545864,0.0,0
2018-05-27 17:57:18.359,221.76,0.138058545864,0.0,0
2018-05-27 17:57:18.452,221.98,0.138058545864,0.0,0
2018-05-27 17:57:18.545,223.61,0.138058545864,0.0,0
2018-05-27 17:57:18.638,224.04,0.138058545864,0.0,0
2018-05-27 17:57:18.732,222.18,0.138058545864,0.0,0
2018-05-27 17:57:18.825,222.76,0.138058545864,0.0,0
2018-05-27 17:57:18.918,223.56,0.138058545864,0.0,0
2018-05-27 17:57:19.080,224.37,0.138058545864,0.0,0
2018-05-27 17:57:19.173,225.02,0.138058545864,0.0,0
2018-05-27 17:57:19.257,223.71,0.138058545864,0.0,0
2018-05-27 17:57:19.341,225.5,0.138058545864,0.0,0
2018-05-27 17:57:19.527,225.59,0.138058545864,0.0,0
2018-05-27 17:57:19.713,225.21,0.138058545864,0.0,0
2018-05-27 17:57:19.900,226.93,0.138058545864,0.0,0
2018-05-27 17:57:20.145,226.41,0.138058545864,0.0,0
2018-05-27 17:57:20.238,226.92,0.138058545864,0.0,0
2018-05-27 17:57:20.425,228.55,0.138058545864,0.0,0
2018-05-27 17:57:20.518,228.07,0.138058545864,0.0,0
2018-05-27 17:57:20.611,228.19,0.138058545864,0.0,0
2018-05-27 17:57:20.704,228.34,0.138058545864,0.0,0
2018-05-27 17:57:20.788,228.72,0.138058545864,0.0,0
2018-05-27 17:57:21.043,230.31,0.138058545864,0.0,0
2018-05-27 17:57:21.137,230.23,0.138058545864,0.0,0
2018-05-27 17:57:21.230,230.31,0.138058545864,0.0,0
2018-05-27 17:57:21.416,231.32,0.138058545864,0.0,0
2018-05-27 17:57:21.602,231.47,0.138058545864,0.0,0
2018-05-27 17:57:21.789,231.6,0.138058545864,0.0,0
2018-05-27 17:57:21.882,232.14,0.138058545864,0.0,0
2018-05-27 17:57:22.044,232.95,0.138058545864,0.0,0
2018-05-27 17:57:22.137,233.25,0.138058545864,0.0,0
2018-05-27 17:57:22.314,233.11,0.138058545864,0.0,0
2018-05-27 17:57:22.398,234.31,0.138058545864,0.0,0
2018-05-27 17:57:22.491,234.63,0.138058545864,0.0,0
2018-05-27 17:57:22.584,234.59,0.138058545864,0.0,0
2018-05-27 17:57:22.677,234.96,0.138058545864,0.0,0
2018-05-27 17:57:22.770,233.84,0.138058545864,0.0,0
2018-05-27 17:57:23.021,234.7,0.138058545864,0.0,0
2018-05-27 17:57:23.109,234.53,0.138058545864,0.0,0
2018-05-27 17:57:23.193,234.17,0.138058545864,0.0,0
2018-05-27 17:57:23.286,233.9,0.138058545864,0.0,0
2018-05-27 17:57:23.370,235.49,0.138058545864,0.0,0
2018-05-27 17:57:23.463,235.35,0.138058545864,0.0,0
2018-05-27 17:57:23.547,233.81,0.138058545864,0.0,0
2018-05-27 17:57:23.641,234.37,0.138058545864,0.0,0
2018-05-27 17:57:23.818,233.5,0.138058545864,0.0,0
2018-05-27 17:57:24.073,233.87,0.138058545864,0.0,0
2018-05-27 17:57:24.259,234.1,0.138058545864,0.0,0
2018-05-27 17:57:24.343,234.78,0.138058545864,0.0,0
2018-05-27 17:57:24.613,235.31,0.138058545864,0.0,0
2018-05-27 17:57:24.800,235.38,0.138058545864,0.0,0
2018-05-27 17:57:24.883,233.53,0.138058545864,0.0,0
2018-05-27 17:57:25.045,233.1,0.138058545864,0.0,0
2018-05-27 17:57:25.222,234.01,0.138058545864,0.0,0
2018-05-27 17:57:25.408,234.29,0.138058545864,0.0,0
2018-05-27 17:57:25.492,235.17,0.138058545864,0.0,0
2018-05-27 17:57:25.679,235.19,0.138058545864,0.0,0
2018-05-27 17:57:25.772,234.86,0.138058545864,0.0,0
2018-05-27 17:57:26.306,233.65,0.138058545864,0.0,0
2018-05-27 17:57:26.660,233.46,0.138058545864,0.0,0
2018-05-27 17:57:27.195,234.8,0.138058545864,0.0,0
2018-05-27 17:57:27.288,233.29,0.138058545864,0.0,0
2018-05-27 17:57:27.465,230.7,0.138058545864,0.0,0
2018-05-27 17:57:27.549,231.15,0.138058545864,0.0,0
2018-05-27 17:57:27.735,231.03,0.138058545864,0.0,0
2018-05-27 17:57:27.829,229.44,0.138058545864,0.0,0
2018-05-27 17:57:27.922,228.63,0.138058545864,0.0,0
2018-05-27 17:57:28.177,226.26,0.138058545864,0.0,0
2018-05-27 17:57:28.531,225.95,0.138058545864,0.0,0
2018-05-27 17:57:28.624,227.47,0.138058545864,0.0,0
2018-05-27 17:57:28.810,225.73,0.138058545864,0.0,0
2018-05-27 17:57:28.904,225.63,0.138058545864,0.0,0
2018-05-27 17:57:29.065,223.27,0.138058545864,0.0,0
2018-05-27 17:57:29.159,224.31,0.138058545864,0.0,0
2018-05-27 17:57:29.252,223.78,0.138058545864,0.0,0
2018-05-27 17:57:29.336,223.36,0.138058545864,0.0,0
2018-05-27 17:57:29.429,223.2,0.138058545864,0.0,0
2018-05-27 17:57:29.522,222.4,0.138058545864,0.0,0
2018-05-27 17:57:29.708,224.29,0.138058545864,0.0,0
2018-05-27 17:57:29.801,224.43,0.138058545864,0.0,0
2018-05-27 17:57:29.895,222.98,0.138058545864,0.0,0
2018-05-27 17:57:30.057,222.5,0.138058545864,0.0,0
2018-05-27 17:57:30.150,222.58,0.138058545864,0.0,0
2018-05-27 17:57:30.336,223.65,0.138058545864,0.0,0
2018-05-27 17:57:30.429,222.3,0.138058545864,0.0,0
2018-05-27 17:57:30.513,223.56,0.138058545864,0.0,0
2018-05-27 17:57:30.606,222.76,0.138058545864,0.0,0
2018-05-27 17:57:30.793,222.18,0.138058545864,0.0,0
2018-05-27 17:57:31.048,223.18,0.138058545864,0.0,0
2018-05-27 17:57:31.141,222.93,0.138058545864,0.0,0
2018-05-27 17:57:31.234,221.54,0.138058545864,0.0,0
2018-05-27 17:57:31.327,222.33,0.138058545864,0.0,0
2018-05-27 17:57:31.504,221.18,0.138058545864,0.0,0
2018-05-27 17:57:31.597,222.33,0.138058545864,0.0,0
2018-05-27 17:57:31.690,223.51,0.138058545864,0.0,0
2018-05-27 17:57:31.784,224.39,0.138058545864,0.0,0
2018-05-27 17:57:31.877,223.88,0.138058545864,0.0,0
2018-05-27 17:57:32.039,223.11,0.138058545864,0.0,0
2018-05-27 17:57:32.225,222.9,0.138058545864,0.0,0
2018-05-27 17:57:32.505,224.94,0.138058545864,0.0,0
2018-05-27 17:57:32.598,224.64,0.138058545864,0.0,0
2018-05-27 17:57:32.784,224.14,0.138058545864,0.0,0
2018-05-27 17:57:33.403,225.55,0.138058545864,0.0,0
2018-05-27 17:57:33.487,223.52,0.138058545864,0.0,0
2018-05-27 17:57:33.570,224.16,0.138058545864,0.0,0
2018-05-27 17:57:33.663,222.79,0.138058545864,0.0,0
2018-05-27 17:57:33.850,222.97,0.138058545864,0.0,0
2018-05-27 17:57:34.189,222.52,0.138058545864,0.0,0
2018-05-27 17:57:34.282,223.5,0.138058545864,0.0,0
2018-05-27 17:57:34.366,221.64,0.138058545864,0.0,0
2018-05-27 17:57:34.459,222.81,0.138058545864,0.0,0
2018-05-27 17:57:34.645,222.88,0.138058545864,0.0,0
2018-05-27 17:57:34.822,223.07,0.138058545864,0.0,0
2018-05-27 17:57:35.170,221.58,0.138058545864,0.0,0
2018-05-27 17:57:35.348,221.63,0.138058545864,0.0,0
2018-05-27 17:57:35.524,221.24,0.138058545864,0.0,0
2018-05-27 17:57:35.618,221.1,0.138058545864,0.0,0
2018-05-27 17:57:35.897,220.82,0.138058545864,0.0,0
2018-05-27 17:57:36.422,221.77,0.138058545864,0.0,0
2018-05-27 17:57:36.515,222.03,0.138058545864,0.0,0
2018-05-27 17:57:36.609,219.64,0.138058545864,0.0,0
2018-05-27 17:57:36.702,219.66,0.138058545864,0.0,0
2018-05-27 17:57:36.795,221.68,0.138058545864,0.0,0
2018-05-27 17:57:37.050,220.57,0.138058545864,0.0,0
2018-05-27 17:57:37.143,220.4,0.138058545864,0.0,0
2018-05-27 17:57:37.236,220.59,0.138058545864,0.0,0
2018-05-27 17:57:37.329,221.9,0.138058545864,0.0,0
2018-05-27 17:57:37.507,221.74,0.138058545864,0.0,0
2018-05-27 17:57:37.693,221.15,0.138058545864,0.0,0
2018-05-27 17:57:38.134,221.43,0.138058545864,0.0,0
2018-05-27 17:57:38.227,221.39,0.138058545864,0.0,0
2018-05-27 17:57:38.497,221.83,0.138058545864,0.0,0
2018-05-27 17:57:38.591,222.15,0.138058545864,0.0,0
2018-05-27 17:57:38.684,223.67,0.138058545864,0.0,0
2018-05-27 17:57:38.777,223.9,0.138058545864,0.0,0
2018-05-27 17:57:39.027,223.65,0.138058545864,0.0,0
2018-05-27 17:57:39.470,224.37,0.138058545864,0.0,0
2018-05-27 17:57:39.749,223.84,0.138058545864,0.0,0
2018-05-27 17:57:40.004,223.94,0.138058545864,0.0,0
2018-05-27 17:57:40.274,223.11,0.138058545864,0.0,0
2018-05-27 17:57:40.368,224.43,0.138058545864,0.0,0
2018-05-27 17:57:40.461,225.27,0.138058545864,0.0,0
2018-05-27 17:57:40.647,224.88,0.138058545864,0.0,0
2018-05-27 17:57:40.712,225.57,0.138058545864,0.0,0
2018-05-27 17:57:41.545,225.81,0.138058545864,0.0,0
2018-05-27 17:57:41.638,225.24,0.138058545864,0.0,0
2018-05-27 17:57:41.815,226.79,0.138058545864,0.0,0
2018-05-27 17:57:41.908,226.49,0.138058545864,0.0,0
2018-05-27 17:57:42.256,225.75,0.138058545864,0.0,0
2018-05-27 17:57:42.433,226.43,0.138058545864,0.0,0
2018-05-27 17:57:42.620,225.73,0.138058545864,0.0,0
2018-05-27 17:57:42.703,227.18,0.138058545864,0.0,0
2018-05-27 17:57:43.052,226.35,0.138058545864,0.0,0
2018-05-27 17:57:43.145,226.46,0.138058545864,0.0,0
2018-05-27 17:57:43.238,226.06,0.138058545864,0.0,0
2018-05-27 17:57:43.331,226.45,0.138058545864,0.0,0
2018-05-27 17:57:43.415,228.01,0.138058545864,0.0,0
2018-05-27 17:57:43.685,227.82,0.138058545864,0.0,0
2018-05-27 17:57:44.028,227.2,0.138058545864,0.0,0
2018-05-27 17:57:44.378,228.82,0.138058545864,0.0,0
2018-05-27 17:57:44.927,229.33,0.138058545864,0.0,0
2018-05-27 17:57:45.089,229.95,0.138058545864,0.0,0
2018-05-27 17:57:45.266,227.67,0.138058545864,0.0,0
2018-05-27 17:57:45.350,229.0,0.138058545864,0.0,0
2018-05-27 17:57:45.443,228.4,0.138058545864,0.0,0
2018-05-27 17:57:45.723,228.36,0.138058545864,0.0,0
2018-05-27 17:57:45.816,228.69,0.138058545864,0.0,0
2018-05-27 17:57:46.155,229.63,0.138058545864,0.0,0
2018-05-27 17:57:46.518,229.77,0.138058545864,0.0,0
2018-05-27 17:57:46.611,229.45,0.138058545864,0.0,0
2018-05-27 17:57:47.230,229.16,0.138058545864,0.0,0
2018-05-27 17:57:47.407,229.87,0.138058545864,0.0,0
2018-05-27 17:57:47.593,229.55,0.138058545864,0.0,0
2018-05-27 17:57:47.686,229.54,0.138058545864,0.0,0
2018-05-27 17:57:48.016,228.5,0.138058545864,0.0,0
2018-05-27 17:57:48.202,227.68,0.138058545864,0.0,0
2018-05-27 17:57:48.557,227.18,0.138058545864,0.0,0
2018-05-27 17:57:48.928,227.05,0.138058545864,0.0,0
2018-05-27 17:57:49.360,227.28,0.138058545864,0.0,0
2018-05-27 17:57:49.547,224.23,0.138058545864,0.0,0
2018-05-27 17:57:49.733,224.29,0.138058545864,0.0,0
2018-05-27 17:57:50.072,223.74,0.138058545864,0.0,0
2018-05-27 17:57:50.622,223.7,0.138058545864,0.0,0
2018-05-27 17:57:50.705,224.01,0.138058545864,0.0,0
2018-05-27 17:57:50.799,224.25,0.138058545864,0.0,0
2018-05-27 17:57:50.882,222.59,0.138058545864,0.0,0
2018-05-27 17:57:51.780,223.72,0.138058545864,0.0,0
2018-05-27 17:57:52.030,223.0,0.138058545864,0.0,0
2018-05-27 17:57:52.557,225.36,0.138058545864,0.0,0
2018-05-27 17:57:52.650,225.7,0.138058545864,0.0,0
2018-05-27 17:57:53.725,224.67,0.138058545864,0.0,0
2018-05-27 17:57:54.520,224.37,0.138058545864,0.0,0
2018-05-27 17:57:54.613,225.03,0.138058545864,0.0,0
2018-05-27 17:57:54.707,225.24,0.138058545864,0.0,0
2018-05-27 17:57:54.800,225.18,0.138058545864,0.0,0
2018-05-27 17:57:55.604,224.65,0.138058545864,0.0,0
2018-05-27 17:57:55.781,223.08,0.138058545864,0.0,0
2018-05-27 17:57:55.883,222.6,0.138058545864,0.0,0
2018-05-27 17:57:56.045,221.93,0.138058545864,0.0,0
2018-05-27 17:57:56.138,222.77,0.138058545864,0.0,0
2018-05-27 17:57:56.232,223.89,0.138058545864,0.0,0
2018-05-27 17:57:56.325,224.1,0.138058545864,0.0,0
2018-05-27 17:57:56.409,223.04,0.138058545864,0.0,0
2018-05-27 17:57:56.502,223.99,0.138058545864,0.0,0
2018-05-27 17:57:56.679,223.44,0.138058545864,0.0,0
2018-05-27 17:57:56.763,222.04,0.138058545864,0.0,0
2018-05-27 17:57:56.856,221.79,0.138058545864,0.0,0
2018-05-27 17:57:57.018,222.99,0.138058545864,0.0,0
2018-05-27 17:57:57.111,223.29,0.138058545864,0.0,0
2018-05-27 17:57:57.204,221.58,0.138058545864,0.0,0
2018-05-27 17:57:57.297,221.61,0.138058545864,0.0,0
2018-05-27 17:57:57.381,221.52,0.138058545864,0.0,0
2018-05-27 17:57:57.474,221.26,0.138058545864,0.0,0
2018-05-27 17:57:57.567,221.24,0.138058545864,0.0,0
2018-05-27 17:57:57.651,221.82,0.138058545864,0.0,0
2018-05-27 17:57:57.744,222.07,0.138058545864,0.0,0
2018-05-27 17:57:57.837,222.06,0.138058545864,0.0,0
2018-05-27 17:57:58.185,222.11,0.138058545864,0.0,0
2018-05-27 17:57:58.279,222.41,0.138058545864,0.0,0
2018-05-27 17:57:58.362,223.46,0.138058545864,0.0,0
2018-05-27 17:57:58.456,222.55,0.138058545864,0.0,0
2018-05-27 17:57:58.549,223.21,0.138058545864,0.0,0
2018-05-27 17:57:58.642,223.46,0.138058545864,0.0,0
2018-05-27 17:57:58.735,224.59,0.138058545864,0.0,0
2018-05-27 17:57:58.828,224.54,0.138058545864,0.0,0
2018-05-27 17:57:58.921,223.93,0.138058545864,0.0,0
2018-05-27 17:57:59.819,226.3,0.138058545864,0.0,0
2018-05-27 17:57:59.912,225.3,0.138058545864,0.0,0
2018-05-27 17:58:00.074,224.07,0.138058545864,0.0,0
2018-05-27 17:58:00.167,224.36,0.138058545864,0.0,0
2018-05-27 17:58:00.344,225.47,0.138058545864,0.0,0
2018-05-27 17:58:00.530,225.36,0.138058545864,0.0,0
2018-05-27 17:58:00.624,224.66,0.138058545864,0.0,0
2018-05-27 17:58:00.810,227.02,0.138058545864,0.0,0
2018-05-27 17:58:01.065,226.8,0.138058545864,0.0,0
2018-05-27 17:58:01.158,226.54,0.138058545864,0.0,0
2018-05-27 17:58:01.335,227.54,0.138058545864,0.0,0
2018-05-27 17:58:01.428,227.78,0.138058545864,0.0,0
2018-05-27 17:58:02.056,225.91,0.138058545864,0.0,0
2018-05-27 17:58:02.243,227.72,0.138058545864,0.0,0
2018-05-27 17:58:02.326,226.18,0.138058545864,0.0,0
2018-05-27 17:58:02.419,226.8,0.138058545864,0.0,0
2018-05-27 17:58:02.503,229.01,0.138058545864,0.0,0
2018-05-27 17:58:02.596,228.26,0.138058545864,0.0,0
2018-05-27 17:58:02.689,228.27,0.138058545864,0.0,0
2018-05-27 17:58:02.782,227.65,0.138058545864,0.0,0
2018-05-27 17:58:03.033,229.35,0.138058545864,0.0,0
2018-05-27 17:58:03.298,228.32,0.138058545864,0.0,0
2018-05-27 17:58:03.382,229.86,0.138058545864,0.0,0
2018-05-27 17:58:03.559,228.52,0.138058545864,0.0,0
2018-05-27 17:58:03.652,229.05,0.138058545864,0.0,0
2018-05-27 17:58:03.746,229.98,0.138058545864,0.0,0
2018-05-27 17:58:03.829,228.07,0.138058545864,0.0,0
2018-05-27 17:58:03.922,228.4,0.138058545864,0.0,0
2018-05-27 17:58:04.084,228.66,0.138058545864,0.0,0
2018-05-27 17:58:04.271,228.41,0.138058545864,0.0,0
2018-05-27 17:58:04.447,230.06,0.138058545864,0.0,0
2018-05-27 17:58:04.541,230.24,0.138058545864,0.0,0
2018-05-27 17:58:04.718,229.76,0.138058545864,0.0,0
2018-05-27 17:58:04.811,230.17,0.138058545864,0.0,0
2018-05-27 17:58:04.904,230.96,0.138058545864,0.0,0
2018-05-27 17:58:05.066,230.86,0.138058545864,0.0,0
2018-05-27 17:58:05.699,232.04,0.138058545864,0.0,0
2018-05-27 17:58:05.792,231.95,0.138058545864,0.0,0
2018-05-27 17:58:06.140,232.03,0.138058545864,0.0,0
2018-05-27 17:58:06.234,232.13,0.138058545864,0.0,0
2018-05-27 17:58:06.327,231.72,0.138058545864,0.0,0
2018-05-27 17:58:06.504,231.46,0.138058545864,0.0,0
2018-05-27 17:58:07.206,230.88,0.138058545864,0.0,0
2018-05-27 17:58:07.299,229.73,0.138058545864,0.0,0
2018-05-27 17:58:07.839,227.61,0.138058545864,0.0,0
2018-05-27 17:58:08.001,228.07,0.138058545864,0.0,0
2018-05-27 17:58:08.541,223.16,0.138058545864,0.0,0
2018-05-27 17:58:08.635,223.9,0.138058545864,0.0,0
2018-05-27 17:58:08.728,223.77,0.138058545864,0.0,0
2018-05-27 17:58:08.821,222.39,0.138058545864,0.0,0
2018-05-27 17:58:08.914,221.65,0.138058545864,0.0,0
2018-05-27 17:58:09.160,220.61,0.138058545864,0.0,0
2018-05-27 17:58:09.253,221.49,0.138058545864,0.0,0
2018-05-27 17:58:09.346,220.99,0.138058545864,0.0,0
2018-05-27 17:58:09.531,220.72,0.138058545864,0.0,0
2018-05-27 17:58:09.700,220.1,0.138058545864,0.0,0
2018-05-27 17:58:09.886,222.01,0.138058545864,0.0,0
2018-05-27 17:58:10.134,221.58,0.138058545864,0.0,0
2018-05-27 17:58:10.220,220.49,0.138058545864,0.0,0
2018-05-27 17:58:10.393,219.16,0.138058545864,0.0,0
2018-05-27 17:58:10.486,221.25,0.138058545864,0.0,0
2018-05-27 17:58:10.579,220.78,0.138058545864,0.0,0
2018-05-27 17:58:10.672,219.92,0.138058545864,0.0,0
2018-05-27 17:58:10.849,219.62,0.138058545864,0.0,0
2018-05-27 17:58:11.011,220.17,0.138058545864,0.0,0
2018-05-27 17:58:11.095,219.99,0.138058545864,0.0,0
2018-05-27 17:58:11.365,219.8,0.138058545864,0.0,0
2018-05-27 17:58:11.449,220.74,0.138058545864,0.0,0
2018-05-27 17:58:11.542,219.93,0.138058545864,0.0,0
2018-05-27 17:58:11.635,219.76,0.138058545864,0.0,0
2018-05-27 17:58:11.729,221.79,0.138058545864,0.0,0
2018-05-27 17:58:11.905,221.5,0.138058545864,0.0,0
2018-05-27 17:58:12.067,221.86,0.138058545864,0.0,0
2018-05-27 17:58:12.160,221.18,0.138058545864,0.0,0
2018-05-27 17:58:12.253,221.09,0.138058545864,0.0,0
2018-05-27 17:58:12.337,222.06,0.138058545864,0.0,0
2018-05-27 17:58:12.523,221.45,0.138058545864,0.0,0
2018-05-27 17:58:12.617,222.06,0.138058545864,0.0,0
2018-05-27 17:58:12.710,223.38,0.138058545864,0.0,0
2018-05-27 17:58:12.793,221.85,0.138058545864,0.0,0
2018-05-27 17:58:13.049,224.34,0.138058545864,0.0,0
2018-05-27 17:58:13.142,223.67,0.138058545864,0.0,0
2018-05-27 17:58:13.235,222.46,0.138058545864,0.0,0
2018-05-27 17:58:13.421,223.09,0.138058545864,0.0,0
2018-05-27 17:58:13.505,222.17,0.138058545864,0.0,0
2018-05-27 17:58:13.598,222.81,0.138058545864,0.0,0
2018-05-27 17:58:13.775,222.72,0.138058545864,0.0,0
2018-05-27 17:58:14.113,222.18,0.138058545864,0.0,0
2018-05-27 17:58:14.300,223.25,0.138058545864,0.0,0
2018-05-27 17:58:14.477,221.33,0.138058545864,0.0,0
2018-05-27 17:58:14.747,221.8,0.138058545864,0.0,0
2018-05-27 17:58:14.840,222.72,0.138058545864,0.0,0
2018-05-27 17:58:15.002,223.12,0.138058545864,0.0,0
2018-05-27 17:58:15.458,220.69,0.138058545864,0.0,0
2018-05-27 17:58:15.551,222.64,0.138058545864,0.0,0
2018-05-27 17:58:15.830,219.49,0.138058545864,0.0,0
2018-05-27 17:58:16.085,220.9,0.138058545864,0.0,0
2018-05-27 17:58:16.355,219.12,0.138058545864,0.0,0
2018-05-27 17:58:16.449,219.3,0.138058545864,0.0,0
2018-05-27 17:58:16.542,219.47,0.138058545864,0.0,0
2018-05-27 17:58:16.728,219.01,0.138058545864,0.0,0
2018-05-27 17:58:16.821,218.31,0.138058545864,0.0,0
2018-05-27 17:58:17.076,220.48,0.138058545864,0.0,0
2018-05-27 17:58:17.263,218.48,0.138058545864,0.0,0
2018-05-27 17:58:17.346,218.23,0.138058545864,0.0,0
2018-05-27 17:58:17.440,218.68,0.138058545864,0.0,0
2018-05-27 17:58:17.532,220.2,0.138058545864,0.0,0
2018-05-27 17:58:17.625,219.79,0.138058545864,0.0,0
2018-05-27 17:58:17.718,218.69,0.138058545864,0.0,0
2018-05-27 17:58:17.812,219.24,0.138058545864,0.0,0
2018-05-27 17:58:17.905,220.83,0.138058545864,0.0,0
2018-05-27 17:58:18.067,220.62,0.138058545864,0.0,0
2018-05-27 17:58:18.160,219.53,0.138058545864,0.0,0
2018-05-27 17:58:18.337,219.45,0.138058545864,0.0,0
2018-05-27 17:58:18.430,219.72,0.138058545864,0.0,0
2018-05-27 17:58:18.523,221.92,0.138058545864,0.0,0
2018-05-27 17:58:18.895,221.7,0.138058545864,0.0,0
2018-05-27 17:58:19.150,223.38,0.138058545864,0.0,0
2018-05-27 17:58:19.243,222.0,0.138058545864,0.0,0
2018-05-27 17:58:19.337,222.19,0.138058545864,0.0,0
2018-05-27 17:58:19.420,223.0,0.138058545864,0.0,0
2018-05-27 17:58:20.690,225.49,0.138058545864,0.0,0
2018-05-27 17:58:20.784,226.35,0.138058545864,0.0,0
2018-05-27 17:58:20.877,225.27,0.138058545864,0.0,0
2018-05-27 17:58:21.034,224.74,0.138058545864,0.0,0
2018-05-27 17:58:21.123,225.48,0.138058545864,0.0,0
2018-05-27 17:58:21.477,224.78,0.138058545864,0.0,0
2018-05-27 17:58:21.560,225.86,0.138058545864,0.0,0
2018-05-27 17:58:21.653,225.74,0.138058545864,0.0,0
2018-05-27 17:58:21.737,226.2,0.138058545864,0.0,0
2018-05-27 17:58:21.830,226.1,0.138058545864,0.0,0
2018-05-27 17:58:21.923,225.81,0.138058545864,0.0,0
2018-05-27 17:58:22.178,225.63,0.138058545864,0.0,0
2018-05-27 17:58:22.271,225.05,0.138058545864,0.0,0
2018-05-27 17:58:22.364,225.09,0.138058545864,0.0,0
2018-05-27 17:58:22.719,227.31,0.138058545864,0.0,0
2018-05-27 17:58:22.811,226.69,0.138058545864,0.0,0
2018-05-27 17:58:22.904,226.25,0.138058545864,0.0,0
2018-05-27 17:58:23.160,226.29,0.138058545864,0.0,0
2018-05-27 17:58:23.522,227.1,0.138058545864,0.0,0
2018-05-27 17:58:23.616,226.59,0.138058545864,0.0,0
2018-05-27 17:58:23.886,227.92,0.138058545864,0.0,0
2018-05-27 17:58:24.327,227.9,0.138058545864,0.0,0
2018-05-27 17:58:24.513,227.15,0.138058545864,0.0,0
2018-05-27 17:58:25.140,230.32,0.138058545864,0.0,0
2018-05-27 17:58:25.327,229.53,0.138058545864,0.0,0
2018-05-27 17:58:25.504,229.11,0.138058545864,0.0,0
2018-05-27 17:58:26.299,231.13,0.138058545864,0.0,0
2018-05-27 17:58:26.374,231.52,0.138058545864,0.0,0
2018-05-27 17:58:26.569,230.4,0.138058545864,0.0,0
2018-05-27 17:58:27.000,231.49,0.138058545864,0.0,0
2018-05-27 17:58:27.457,230.01,0.138058545864,0.0,0
2018-05-27 17:58:27.829,229.88,0.138058545864,0.0,0
2018-05-27 17:58:27.922,228.98,0.138058545864,0.0,0
2018-05-27 17:58:28.084,228.95,0.138058545864,0.0,0
2018-05-27 17:58:28.177,229.63,0.138058545864,0.0,0
2018-05-27 17:58:28.355,227.44,0.138058545864,0.0,0
2018-05-27 17:58:28.904,224.17,0.138058545864,0.0,0
2018-05-27 17:58:29.140,226.11,0.138058545864,0.0,0
2018-05-27 17:58:29.243,224.51,0.138058545864,0.0,0
2018-05-27 17:58:29.336,223.72,0.138058545864,0.0,0
2018-05-27 17:58:30.056,223.45,0.138058545864,0.0,0
2018-05-27 17:58:30.699,221.77,0.138058545864,0.0,0
2018-05-27 17:58:30.792,222.92,0.138058545864,0.0,0
2018-05-27 17:58:31.047,224.01,0.138058545864,0.0,0
2018-05-27 17:58:31.410,223.87,0.138058545864,0.0,0
2018-05-27 17:58:31.754,222.14,0.138058545864,0.0,0
2018-05-27 17:58:32.000,223.5,0.138058545864,0.0,0
2018-05-27 17:58:32.093,223.41,0.138058545864,0.0,0
2018-05-27 17:58:32.186,223.48,0.138058545864,0.0,0
2018-05-27 17:58:32.550,223.35,0.138058545864,0.0,0
2018-05-27 17:58:33.084,224.07,0.138058545864,0.0,0
2018-05-27 17:58:33.270,224.76,0.138058545864,0.0,0
2018-05-27 17:58:33.633,224.85,0.138058545864,0.0,0
2018-05-27 17:58:34.074,225.57,0.138058545864,0.0,0
2018-05-27 17:58:34.168,225.17,0.138058545864,0.0,0
2018-05-27 17:58:34.354,223.75,0.138058545864,0.0,0
2018-05-27 17:58:34.438,224.38,0.138058545864,0.0,0
2018-05-27 17:58:34.801,224.0,0.138058545864,0.0,0
2018-05-27 17:58:34.894,223.59,0.138058545864,0.0,0
2018-05-27 17:58:35.056,223.22,0.138058545864,0.0,0
2018-05-27 17:58:35.335,225.03,0.138058545864,0.0,0
2018-05-27 17:58:35.419,223.35,0.138058545864,0.0,0
2018-05-27 17:58:35.605,224.79,0.138058545864,0.0,0
2018-05-27 17:58:35.698,222.79,0.138058545864,0.0,0
2018-05-27 17:58:35.791,222.9,0.138058545864,0.0,0
2018-05-27 17:58:36.503,222.88,0.138058545864,0.0,0
2018-05-27 17:58:36.596,221.68,0.138058545864,0.0,0
2018-05-27 17:58:36.689,221.29,0.138058545864,0.0,0
2018-05-27 17:58:36.782,222.41,0.138058545864,0.0,0
2018-05-27 17:58:36.875,223.6,0.138058545864,0.0,0
2018-05-27 17:58:37.032,221.73,0.138058545864,0.0,0
2018-05-27 17:58:37.205,221.91,0.138058545864,0.0,0
2018-05-27 17:58:37.298,221.63,0.138058545864,0.0,0
2018-05-27 17:58:37.391,222.74,0.138058545864,0.0,0
2018-05-27 17:58:37.559,221.77,0.138058545864,0.0,0
2018-05-27 17:58:37.652,221.74,0.138058545864,0.0,0
2018-05-27 17:58:37.838,222.64,0.138058545864,0.0,0
2018-05-27 17:58:37.931,223.65,0.138058545864,0.0,0
2018-05-27 17:58:38.177,223.43,0.138058545864,0.0,0
2018-05-27 17:58:38.270,222.87,0.138058545864,0.0,0
2018-05-27 17:58:38.363,222.08,0.138058545864,0.0,0
2018-05-27 17:58:38.447,223.63,0.138058545864,0.0,0
2018-05-27 17:58:38.540,223.06,0.138058545864,0.0,0
2018-05-27 17:58:38.624,224.25,0.138058545864,0.0,0
2018-05-27 17:58:38.903,222.76,0.138058545864,0.0,0
2018-05-27 17:58:39.251,225.15,0.138058545864,0.0,0
2018-05-27 17:58:39.344,225.47,0.138058545864,0.0,0
2018-05-27 17:58:39.428,224.75,0.138058545864,0.0,0
2018-05-27 17:58:39.521,225.94,0.138058545864,0.0,0
2018-05-27 17:58:39.698,224.04,0.138058545864,0.0,0
2018-05-27 17:58:39.791,224.54,0.138058545864,0.0,0
2018-05-27 17:58:39.884,225.98,0.138058545864,0.0,0
2018-05-27 17:58:40.139,226.55,0.138058545864,0.0,0
2018-05-27 17:58:40.325,225.45,0.138058545864,0.0,0
2018-05-27 17:58:40.419,225.66,0.138058545864,0.0,0
2018-05-27 17:58:40.502,226.9,0.138058545864,0.0,0
2018-05-27 17:58:40.689,226.03,0.138058545864,0.0,0
2018-05-27 17:58:40.782,226.07,0.138058545864,0.0,0
2018-05-27 17:58:40.875,225.82,0.138058545864,0.0,0
2018-05-27 17:58:41.032,226.99,0.138058545864,0.0,0
2018-05-27 17:58:41.120,226.87,0.138058545864,0.0,0
2018-05-27 17:58:41.204,227.89,0.138058545864,0.0,0
2018-05-27 17:58:41.298,227.58,0.138058545864,0.0,0
2018-05-27 17:58:41.381,227.0,0.138058545864,0.0,0
2018-05-27 17:58:41.474,226.45,0.138058545864,0.0,0
2018-05-27 17:58:41.567,227.47,0.138058545864,0.0,0
2018-05-27 17:58:41.661,228.08,0.138058545864,0.0,0
2018-05-27 17:58:41.754,228.84,0.138058545864,0.0,0
2018-05-27 17:58:41.847,228.55,0.138058545864,0.0,0
2018-05-27 17:58:42.009,228.86,0.138058545864,0.0,0
2018-05-27 17:58:42.186,227.96,0.138058545864,0.0,0
2018-05-27 17:58:42.269,227.82,0.138058545864,0.0,0
2018-05-27 17:58:42.362,228.18,0.138058545864,0.0,0
2018-05-27 17:58:42.446,229.47,0.138058545864,0.0,0
2018-05-27 17:58:42.539,229.35,0.138058545864,0.0,0
2018-05-27 17:58:42.726,228.9,0.138058545864,0.0,0
2018-05-27 17:58:42.912,229.37,0.138058545864,0.0,0
2018-05-27 17:58:43.074,228.86,0.138058545864,0.0,0
2018-05-27 17:58:43.335,228.3,0.138058545864,0.0,0
2018-05-27 17:58:43.614,229.69,0.138058545864,0.0,0
2018-05-27 17:58:43.800,229.8,0.138058545864,0.0,0
2018-05-27 17:58:44.046,230.84,0.138058545864,0.0,0
2018-05-27 17:58:44.232,231.93,0.138058545864,0.0,0
2018-05-27 17:58:44.325,230.74,0.138058545864,0.0,0
2018-05-27 17:58:44.418,231.16,0.138058545864,0.0,0
2018-05-27 17:58:44.502,230.74,0.138058545864,0.0,0
2018-05-27 17:58:44.595,230.71,0.138058545864,0.0,0
2018-05-27 17:58:44.782,231.07,0.138058545864,0.0,0
2018-05-27 17:58:44.870,231.56,0.138058545864,0.0,0
2018-05-27 17:58:45.027,231.65,0.138058545864,0.0,0
2018-05-27 17:58:45.111,231.4,0.138058545864,0.0,0
2018-05-27 17:58:45.204,231.59,0.138058545864,0.0,0
2018-05-27 17:58:45.297,231.33,0.138058545864,0.0,0
2018-05-27 17:58:45.381,232.22,0.138058545864,0.0,0
2018-05-27 17:58:45.465,231.88,0.138058545864,0.0,0
2018-05-27 17:58:45.548,232.38,0.138058545864,0.0,0
2018-05-27 17:58:45.642,232.69,0.138058545864,0.0,0
2018-05-27 17:58:45.828,233.36,0.138058545864,0.0,0
2018-05-27 17:58:46.083,233.67,0.138058545864,0.0,0
2018-05-27 17:58:46.176,233.06,0.138058545864,0.0,0
2018-05-27 17:58:46.446,232.53,0.138058545864,0.0,0
2018-05-27 17:58:46.632,232.7,0.138058545864,0.0,0
2018-05-27 17:58:47.073,232.95,0.138058545864,0.0,0
2018-05-27 17:58:47.641,229.79,0.138058545864,0.0,0
2018-05-27 17:58:47.828,229.23,0.138058545864,0.0,0
2018-05-27 17:58:47.911,229.0,0.138058545864,0.0,0
2018-05-27 17:58:48.259,225.55,0.138058545864,0.0,0
2018-05-27 17:58:48.436,224.84,0.138058545864,0.0,0
2018-05-27 17:58:48.530,223.37,0.138058545864,0.0,0
2018-05-27 17:58:48.623,224.16,0.138058545864,0.0,0
2018-05-27 17:58:48.893,223.21,0.138058545864,0.0,0
2018-05-27 17:58:49.054,222.28,0.138058545864,0.0,0
2018-05-27 17:58:49.241,222.59,0.138058545864,0.0,0
2018-05-27 17:58:49.418,223.03,0.138058545864,0.0,0
2018-05-27 17:58:49.511,223.31,0.138058545864,0.0,0
2018-05-27 17:58:49.604,220.81,0.138058545864,0.0,0
2018-05-27 17:58:49.697,221.36,0.138058545864,0.0,0
2018-05-27 17:58:49.790,221.43,0.138058545864,0.0,0
2018-05-27 17:58:50.045,221.53,0.138058545864,0.0,0
2018-05-27 17:58:50.138,220.78,0.138058545864,0.0,0
2018-05-27 17:58:50.222,222.57,0.138058545864,0.0,0
2018-05-27 17:58:50.315,220.71,0.138058545864,0.0,0
2018-05-27 17:58:50.408,220.72,0.138058545864,0.0,0
2018-05-27 17:58:50.492,220.99,0.138058545864,0.0,0
2018-05-27 17:58:50.576,221.87,0.138058545864,0.0,0
2018-05-27 17:58:50.669,221.26,0.138058545864,0.0,0
2018-05-27 17:58:50.753,221.79,0.138058545864,0.0,0
2018-05-27 17:58:50.837,219.78,0.138058545864,0.0,0
2018-05-27 17:58:50.930,221.73,0.138058545864,0.0,0
2018-05-27 17:58:51.092,221.7,0.138058545864,0.0,0
2018-05-27 17:58:51.185,220.32,0.138058545864,0.0,0
2018-05-27 17:58:51.278,220.7,0.138058545864,0.0,0
2018-05-27 17:58:51.362,220.9,0.138058545864,0.0,0
2018-05-27 17:58:51.445,221.64,0.138058545864,0.0,0
2018-05-27 17:58:51.632,220.13,0.138058545864,0.0,0
2018-05-27 17:58:51.725,219.78,0.138058545864,0.0,0
2018-05-27 17:58:51.819,221.98,0.138058545864,0.0,0
2018-05-27 17:58:51.902,220.45,0.138058545864,0.0,0
2018-05-27 17:58:52.157,222.5,0.138058545864,0.0,0
2018-05-27 17:58:52.250,221.23,0.138058545864,0.0,0
2018-05-27 17:58:52.511,222.63,0.138058545864,0.0,0
2018-05-27 17:58:52.604,223.6,0.138058545864,0.0,0
2018-05-27 17:58:52.697,222.89,0.138058545864,0.0,0
2018-05-27 17:58:52.790,221.89,0.138058545864,0.0,0
2018-05-27 17:58:53.035,223.73,0.138058545864,0.0,0
2018-05-27 17:58:53.315,223.81,0.138058545864,0.0,0
2018-05-27 17:58:53.408,224.97,0.138058545864,0.0,0
2018-05-27 17:58:53.576,224.66,0.138058545864,0.0,0
2018-05-27 17:58:53.669,223.86,0.138058545864,0.0,0
2018-05-27 17:58:53.753,225.35,0.138058545864,0.0,0
2018-05-27 17:58:54.007,223.5,0.138058545864,0.0,0
2018-05-27 17:58:54.101,223.33,0.138058545864,0.0,0
2018-05-27 17:58:54.287,223.44,0.138058545864,0.0,0
2018-05-27 17:58:54.464,222.17,0.138058545864,0.0,0
2018-05-27 17:58:54.558,223.31,0.138058545864,0.0,0
2018-05-27 17:58:54.734,220.97,0.138058545864,0.0,0
2018-05-27 17:58:54.920,220.65,0.138058545864,0.0,0
2018-05-27 17:58:55.082,219.95,0.138058545864,0.0,0
2018-05-27 17:58:55.175,219.86,0.138058545864,0.0,0
2018-05-27 17:58:55.268,221.6,0.138058545864,0.0,0
2018-05-27 17:58:55.529,219.34,0.138058545864,0.0,0
2018-05-27 17:58:55.622,221.36,0.138058545864,0.0,0
2018-05-27 17:58:55.715,221.06,0.138058545864,0.0,0
2018-05-27 17:58:55.808,219.61,0.138058545864,0.0,0
2018-05-27 17:58:55.901,219.62,0.138058545864,0.0,0
2018-05-27 17:58:56.063,220.14,0.138058545864,0.0,0
2018-05-27 17:58:56.249,219.35,0.138058545864,0.0,0
2018-05-27 17:58:56.334,220.91,0.138058545864,0.0,0
2018-05-27 17:58:56.426,219.24,0.138058545864,0.0,0
2018-05-27 17:58:56.613,219.67,0.138058545864,0.0,0
2018-05-27 17:58:56.706,220.8,0.138058545864,0.0,0
2018-05-27 17:58:56.799,218.97,0.138058545864,0.0,0
2018-05-27 17:58:57.054,219.6,0.138058545864,0.0,0
2018-05-27 17:58:57.240,218.9,0.138058545864,0.0,0
2018-05-27 17:58:57.333,218.49,0.138058545864,0.0,0
2018-05-27 17:58:57.427,220.33,0.138058545864,0.0,0
2018-05-27 17:58:57.510,219.16,0.138058545864,0.0,0
2018-05-27 17:58:57.603,220.45,0.138058545864,0.0,0
2018-05-27 17:58:57.696,220.0,0.138058545864,0.0,0
2018-05-27 17:58:57.789,217.97,0.138058545864,0.0,0
2018-05-27 17:58:58.137,220.52,0.138058545864,0.0,0
2018-05-27 17:58:58.324,219.38,0.138058545864,0.0,0
2018-05-27 17:58:58.408,219.33,0.138058545864,0.0,0
2018-05-27 17:58:58.501,219.86,0.138058545864,0.0,0
2018-05-27 17:58:58.594,221.48,0.138058545864,0.0,0
2018-05-27 17:58:58.687,222.02,0.138058545864,0.0,0
2018-05-27 17:58:58.780,220.66,0.138058545864,0.0,0
2018-05-27 17:58:59.030,221.95,0.138058545864,0.0,0
2018-05-27 17:58:59.119,221.28,0.138058545864,0.0,0
2018-05-27 17:58:59.286,221.85,0.138058545864,0.0,0
2018-05-27 17:58:59.650,224.09,0.138058545864,0.0,0
2018-05-27 17:58:59.743,222.97,0.138058545864,0.0,0
2018-05-27 17:58:59.836,222.16,0.138058545864,0.0,0
2018-05-27 17:58:59.929,223.15,0.138058545864,0.0,0
2018-05-27 17:59:00.258,224.94,0.138058545864,0.0,0
2018-05-27 17:59:00.530,225.14,0.138058545864,0.0,0
2018-05-27 17:59:00.622,224.71,0.138058545864,0.0,0
2018-05-27 17:59:00.715,224.27,0.138058545864,0.0,0
2018-05-27 17:59:00.799,225.81,0.138058545864,0.0,0
2018-05-27 17:59:01.044,224.98,0.138058545864,0.0,0
2018-05-27 17:59:01.221,225.03,0.138058545864,0.0,0
2018-05-27 17:59:01.315,223.56,0.138058545864,0.0,0
2018-05-27 17:59:01.407,224.61,0.138058545864,0.0,0
2018-05-27 17:59:01.594,226.33,0.138058545864,0.0,0
2018-05-27 17:59:01.687,225.53,0.138058545864,0.0,0
2018-05-27 17:59:01.873,224.92,0.138058545864,0.0,0
2018-05-27 17:59:02.030,226.84,0.138058545864,0.0,0
2018-05-27 17:59:02.119,226.57,0.138058545864,0.0,0
2018-05-27 17:59:02.202,225.66,0.138058545864,0.0,0
2018-05-27 17:59:02.295,227.23,0.138058545864,0.0,0
2018-05-27 17:59:02.389,227.65,0.138058545864,0.0,0
2018-05-27 17:59:02.472,225.86,0.138058545864,0.0,0
2018-05-27 17:59:02.556,226.97,0.138058545864,0.0,0
2018-05-27 17:59:02.649,226.14,0.138058545864,0.0,0
2018-05-27 17:59:02.743,226.77,0.138058545864,0.0,0
2018-05-27 17:59:02.919,228.08,0.138058545864,0.0,0
2018-05-27 17:59:03.258,227.33,0.138058545864,0.0,0
2018-05-27 17:59:03.351,228.28,0.138058545864,0.0,0
2018-05-27 17:59:03.631,228.26,0.138058545864,0.0,0
2018-05-27 17:59:03.901,229.26,0.138058545864,0.0,0
2018-05-27 17:59:04.063,229.29,0.138058545864,0.0,0
2018-05-27 17:59:04.334,228.73,0.138058545864,0.0,0
2018-05-27 17:59:04.519,228.75,0.138058545864,0.0,0
2018-05-27 17:59:05.416,228.97,0.138058545864,0.0,0
2018-05-27 17:59:05.882,229.81,0.138058545864,0.0,0
2018-05-27 17:59:06.501,230.68,0.138058545864,0.0,0
2018-05-27 17:59:06.593,230.37,0.138058545864,0.0,0
2018-05-27 17:59:06.872,230.75,0.138058545864,0.0,0
2018-05-27 17:59:07.118,232.79,0.138058545864,0.0,0
2018-05-27 17:59:07.202,231.29,0.138058545864,0.0,0
2018-05-27 17:59:07.835,230.11,0.138058545864,0.0,0
2018-05-27 17:59:07.928,229.79,0.138058545864,0.0,0
2018-05-27 17:59:08.090,229.34,0.138058545864,0.0,0
2018-05-27 17:59:08.277,228.74,0.138058545864,0.0,0
2018-05-27 17:59:08.454,229.33,0.138058545864,0.0,0
2018-05-27 17:59:09.267,225.6,0.138058545864,0.0,0
2018-05-27 17:59:09.816,224.06,0.138058545864,0.0,0
2018-05-27 17:59:10.071,222.96,0.138058545864,0.0,0
2018-05-27 17:59:10.434,223.83,0.138058545864,0.0,0
2018-05-27 17:59:10.714,222.91,0.138058545864,0.0,0
2018-05-27 17:59:10.900,222.84,0.138058545864,0.0,0
2018-05-27 17:59:11.062,223.87,0.138058545864,0.0,0
2018-05-27 17:59:11.155,223.98,0.138058545864,0.0,0
2018-05-27 17:59:11.249,222.93,0.138058545864,0.0,0
2018-05-27 17:59:11.341,221.88,0.138058545864,0.0,0
2018-05-27 17:59:11.518,221.64,0.138058545864,0.0,0
2018-05-27 17:59:11.705,222.1,0.138058545864,0.0,0
2018-05-27 17:59:12.611,223.47,0.138058545864,0.0,0
2018-05-27 17:59:12.704,223.98,0.138058545864,0.0,0
2018-05-27 17:59:12.798,223.76,0.138058545864,0.0,0
2018-05-27 17:59:13.052,225.69,0.138058545864,0.0,0
2018-05-27 17:59:13.239,224.66,0.138058545864,0.0,0
2018-05-27 17:59:14.118,226.67,0.138058545864,0.0,0
2018-05-27 17:59:14.201,224.89,0.138058545864,0.0,0
2018-05-27 17:59:15.080,222.38,0.138058545864,0.0,0
2018-05-27 17:59:15.443,222.28,0.138058545864,0.0,0
2018-05-27 17:59:15.630,223.78,0.138058545864,0.0,0
2018-05-27 17:59:16.062,222.61,0.138058545864,0.0,0
2018-05-27 17:59:16.155,220.83,0.138058545864,0.0,0
2018-05-27 17:59:16.425,220.94,0.138058545864,0.0,0
2018-05-27 17:59:16.518,221.35,0.138058545864,0.0,0
2018-05-27 17:59:16.602,221.66,0.138058545864,0.0,0
2018-05-27 17:59:16.788,221.15,0.138058545864,0.0,0
2018-05-27 17:59:16.881,222.02,0.138058545864,0.0,0
2018-05-27 17:59:17.043,221.71,0.138058545864,0.0,0
2018-05-27 17:59:17.129,222.52,0.138058545864,0.0,0
2018-05-27 17:59:17.223,221.64,0.138058545864,0.0,0
2018-05-27 17:59:17.313,220.92,0.138058545864,0.0,0
2018-05-27 17:59:17.406,221.02,0.138058545864,0.0,0
2018-05-27 17:59:17.500,220.69,0.138058545864,0.0,0
2018-05-27 17:59:17.592,222.11,0.138058545864,0.0,0
2018-05-27 17:59:17.685,221.54,0.138058545864,0.0,0
2018-05-27 17:59:17.773,221.81,0.138058545864,0.0,0
2018-05-27 17:59:18.015,222.0,0.138058545864,0.0,0
2018-05-27 17:59:18.108,222.07,0.138058545864,0.0,0
2018-05-27 17:59:18.201,220.8,0.138058545864,0.0,0
2018-05-27 17:59:18.294,220.75,0.138058545864,0.0,0
2018-05-27 17:59:18.378,222.04,0.138058545864,0.0,0
2018-05-27 17:59:18.462,222.97,0.138058545864,0.0,0
2018-05-27 17:59:18.555,222.41,0.138058545864,0.0,0
2018-05-27 17:59:18.648,221.94,0.138058545864,0.0,0
2018-05-27 17:59:18.834,222.55,0.138058545864,0.0,0
2018-05-27 17:59:19.182,223.44,0.138058545864,0.0,0
2018-05-27 17:59:19.275,222.78,0.138058545864,0.0,0
2018-05-27 17:59:19.359,224.86,0.138058545864,0.0,0
2018-05-27 17:59:19.452,224.59,0.138058545864,0.0,0
2018-05-27 17:59:19.731,224.05,0.138058545864,0.0,0
2018-05-27 17:59:19.824,224.98,0.138058545864,0.0,0
2018-05-27 17:59:19.917,225.42,0.138058545864,0.0,0
2018-05-27 17:59:20.079,225.04,0.138058545864,0.0,0
2018-05-27 17:59:20.265,224.2,0.138058545864,0.0,0
2018-05-27 17:59:20.349,226.22,0.138058545864,0.0,0
2018-05-27 17:59:20.535,225.6,0.138058545864,0.0,0
2018-05-27 17:59:20.721,225.66,0.138058545864,0.0,0
2018-05-27 17:59:20.815,225.44,0.138058545864,0.0,0
2018-05-27 17:59:20.908,225.84,0.138058545864,0.0,0
2018-05-27 17:59:21.349,227.27,0.138058545864,0.0,0
2018-05-27 17:59:21.433,226.8,0.138058545864,0.0,0
2018-05-27 17:59:21.526,228.27,0.138058545864,0.0,0
2018-05-27 17:59:21.619,228.45,0.138058545864,0.0,0
2018-05-27 17:59:21.805,228.16,0.138058545864,0.0,0
2018-05-27 17:59:21.898,228.26,0.138058545864,0.0,0
2018-05-27 17:59:22.060,227.53,0.138058545864,0.0,0
2018-05-27 17:59:22.153,228.67,0.138058545864,0.0,0
2018-05-27 17:59:22.246,227.32,0.138058545864,0.0,0
2018-05-27 17:59:22.423,229.95,0.138058545864,0.0,0
2018-05-27 17:59:22.609,229.81,0.138058545864,0.0,0
2018-05-27 17:59:22.702,229.35,0.138058545864,0.0,0
2018-05-27 17:59:22.795,229.8,0.138058545864,0.0,0
2018-05-27 17:59:23.050,229.32,0.138058545864,0.0,0
2018-05-27 17:59:23.786,232.05,0.138058545864,0.0,0
2018-05-27 17:59:23.879,232.31,0.138058545864,0.0,0
2018-05-27 17:59:24.041,232.66,0.138058545864,0.0,0
2018-05-27 17:59:24.125,231.28,0.138058545864,0.0,0
2018-05-27 17:59:24.224,231.38,0.138058545864,0.0,0
2018-05-27 17:59:24.516,231.35,0.138058545864,0.0,0
2018-05-27 17:59:24.609,231.71,0.138058545864,0.0,0
2018-05-27 17:59:24.702,231.52,0.138058545864,0.0,0
2018-05-27 17:59:24.795,231.62,0.138058545864,0.0,0
2018-05-27 17:59:24.888,232.04,0.138058545864,0.0,0
2018-05-27 17:59:25.236,231.56,0.138058545864,0.0,0
2018-05-27 17:59:25.422,232.47,0.138058545864,0.0,0
2018-05-27 17:59:25.515,232.81,0.138058545864,0.0,0
2018-05-27 17:59:25.608,233.48,0.138058545864,0.0,0
2018-05-27 17:59:26.133,233.69,0.138058545864,0.0,0
2018-05-27 17:59:26.487,234.36,0.138058545864,0.0,0
2018-05-27 17:59:26.664,233.59,0.138058545864,0.0,0
2018-05-27 17:59:26.757,234.54,0.138058545864,0.0,0
2018-05-27 17:59:27.096,236.15,0.138058545864,0.0,0
2018-05-27 17:59:27.915,229.46,0.138058545864,0.0,0
2018-05-27 17:59:28.440,224.11,0.138058545864,0.0,0
2018-05-27 17:59:28.719,222.84,0.138058545864,0.0,0
2018-05-27 17:59:28.803,220.14,0.138058545864,0.0,0
2018-05-27 17:59:29.058,219.49,0.138058545864,0.0,0
2018-05-27 17:59:29.337,217.78,0.138058545864,0.0,0
2018-05-27 17:59:29.430,216.22,0.138058545864,0.0,0
2018-05-27 17:59:29.616,218.33,0.138058545864,0.0,0
2018-05-27 17:59:29.710,217.18,0.138058545864,0.0,0
2018-05-27 17:59:29.793,218.1,0.138058545864,0.0,0
2018-05-27 17:59:30.048,216.19,0.138058545864,0.0,0
2018-05-27 17:59:30.234,217.16,0.138058545864,0.0,0
2018-05-27 17:59:30.421,218.61,0.138058545864,0.0,0
2018-05-27 17:59:30.505,216.09,0.138058545864,0.0,0
2018-05-27 17:59:30.681,216.81,0.138058545864,0.0,0
2018-05-27 17:59:30.774,218.33,0.138058545864,0.0,0
2018-05-27 17:59:30.867,216.55,0.138058545864,0.0,0
2018-05-27 17:59:31.025,217.66,0.138058545864,0.0,0
2018-05-27 17:59:31.113,216.01,0.138058545864,0.0,0
2018-05-27 17:59:31.290,216.51,0.138058545864,0.0,0
2018-05-27 17:59:31.374,216.76,0.138058545864,0.0,0
2018-05-27 17:59:31.467,216.92,0.138058545864,0.0,0
2018-05-27 17:59:31.560,218.01,0.138058545864,0.0,0
2018-05-27 17:59:31.746,216.87,0.138058545864,0.0,0
2018-05-27 17:59:31.839,217.4,0.138058545864,0.0,0
2018-05-27 17:59:32.001,217.56,0.138058545864,0.0,0
2018-05-27 17:59:32.094,216.82,0.138058545864,0.0,0
2018-05-27 17:59:32.187,217.09,0.138058545864,0.0,0
2018-05-27 17:59:32.280,218.71,0.138058545864,0.0,0
2018-05-27 17:59:32.364,218.04,0.138058545864,0.0,0
2018-05-27 17:59:32.457,218.54,0.138058545864,0.0,0
2018-05-27 17:59:32.550,217.35,0.138058545864,0.0,0
2018-05-27 17:59:32.644,217.95,0.138058545864,0.0,0
2018-05-27 17:59:32.737,218.94,0.138058545864,0.0,0
2018-05-27 17:59:32.830,218.3,0.138058545864,0.0,0
2018-05-27 17:59:32.923,218.55,0.138058545864,0.0,0
2018-05-27 17:59:33.084,218.2,0.138058545864,0.0,0
2018-05-27 17:59:33.271,217.78,0.138058545864,0.0,0
2018-05-27 17:59:33.448,217.44,0.138058545864,0.0,0
2018-05-27 17:59:33.541,217.34,0.138058545864,0.0,0
2018-05-27 17:59:33.634,218.27,0.138058545864,0.0,0
2018-05-27 17:59:33.727,216.45,0.138058545864,0.0,0
2018-05-27 17:59:34.075,218.27,0.138058545864,0.0,0
2018-05-27 17:59:34.168,217.09,0.138058545864,0.0,0
2018-05-27 17:59:34.531,214.44,0.138058545864,0.0,0
2018-05-27 17:59:34.810,213.01,0.138058545864,0.0,0
2018-05-27 17:59:34.904,212.75,0.138058545864,0.0,0
2018-05-27 17:59:35.065,212.25,0.138058545864,0.0,0
2018-05-27 17:59:35.246,211.82,0.138058545864,0.0,0
2018-05-27 17:59:35.326,211.56,0.138058545864,0.0,0
2018-05-27 17:59:35.419,213.04,0.138058545864,0.0,0
2018-05-27 17:59:35.512,211.82,0.138058545864,0.0,0
2018-05-27 17:59:35.605,211.32,0.138058545864,0.0,0
2018-05-27 17:59:35.799,211.93,0.138058545864,0.0,0
2018-05-27 17:59:36.056,212.91,0.138058545864,0.0,0
2018-05-27 17:59:36.242,211.05,0.138058545864,0.0,0
2018-05-27 17:59:36.326,210.18,0.138058545864,0.0,0
2018-05-27 17:59:36.423,212.08,0.138058545864,0.0,0
2018-05-27 17:59:36.503,211.3,0.138058545864,0.0,0
2018-05-27 17:59:36.689,212.08,0.138058545864,0.0,0
2018-05-27 17:59:36.782,210.63,0.138058545864,0.0,0
2018-05-27 17:59:36.875,211.14,0.138058545864,0.0,0
2018-05-27 17:59:37.037,212.83,0.138058545864,0.0,0
2018-05-27 17:59:37.130,210.74,0.138058545864,0.0,0
2018-05-27 17:59:37.400,211.65,0.138058545864,0.0,0
2018-05-27 17:59:37.493,211.51,0.138058545864,0.0,0
2018-05-27 17:59:37.679,211.46,0.138058545864,0.0,0
2018-05-27 17:59:37.865,212.18,0.138058545864,0.0,0
2018-05-27 17:59:38.022,212.39,0.138058545864,0.0,0
2018-05-27 17:59:38.195,213.0,0.138058545864,0.0,0
2018-05-27 17:59:38.288,213.74,0.138058545864,0.0,0
2018-05-27 17:59:38.381,213.09,0.138058545864,0.0,0
2018-05-27 17:59:38.465,213.83,0.138058545864,0.0,0
2018-05-27 17:59:38.558,213.53,0.138058545864,0.0,0
2018-05-27 17:59:38.837,214.34,0.138058545864,0.0,0
2018-05-27 17:59:39.083,215.88,0.138058545864,0.0,0
2018-05-27 17:59:39.353,216.21,0.138058545864,0.0,0
2018-05-27 17:59:39.530,215.88,0.138058545864,0.0,0
2018-05-27 17:59:39.623,217.18,0.138058545864,0.0,0
2018-05-27 17:59:39.716,218.39,0.138058545864,0.0,0
2018-05-27 17:59:39.809,217.69,0.138058545864,0.0,0
2018-05-27 17:59:39.902,217.43,0.138058545864,0.0,0
2018-05-27 17:59:40.055,217.48,0.138058545864,0.0,0
2018-05-27 17:59:40.148,217.79,0.138058545864,0.0,0
2018-05-27 17:59:40.241,219.85,0.138058545864,0.0,0
2018-05-27 17:59:40.427,218.3,0.138058545864,0.0,0
2018-05-27 17:59:41.138,220.3,0.138058545864,0.0,0
2018-05-27 17:59:41.231,221.54,0.138058545864,0.0,0
2018-05-27 17:59:41.324,222.95,0.138058545864,0.0,0
2018-05-27 17:59:41.594,223.35,0.138058545864,0.0,0
2018-05-27 17:59:41.688,222.58,0.138058545864,0.0,0
2018-05-27 17:59:41.781,223.18,0.138058545864,0.0,0
2018-05-27 17:59:41.864,224.48,0.138058545864,0.0,0
2018-05-27 17:59:42.021,223.56,0.138058545864,0.0,0
2018-05-27 17:59:42.110,224.4,0.138058545864,0.0,0
2018-05-27 17:59:42.194,223.04,0.138058545864,0.0,0
2018-05-27 17:59:42.287,223.89,0.138058545864,0.0,0
2018-05-27 17:59:42.548,225.37,0.138058545864,0.0,0
2018-05-27 17:59:42.641,224.88,0.138058545864,0.0,0
2018-05-27 17:59:42.734,224.79,0.138058545864,0.0,0
2018-05-27 17:59:42.827,224.47,0.138058545864,0.0,0
2018-05-27 17:59:43.082,226.49,0.138058545864,0.0,0
2018-05-27 17:59:43.175,226.94,0.138058545864,0.0,0
2018-05-27 17:59:43.538,226.36,0.138058545864,0.0,0
2018-05-27 17:59:43.631,226.65,0.138058545864,0.0,0
2018-05-27 17:59:43.817,226.2,0.138058545864,0.0,0
2018-05-27 17:59:43.910,225.62,0.138058545864,0.0,0
2018-05-27 17:59:44.165,226.33,0.138058545864,0.0,0
2018-05-27 17:59:44.249,227.71,0.138058545864,0.0,0
2018-05-27 17:59:44.426,228.62,0.138058545864,0.0,0
2018-05-27 17:59:44.519,228.97,0.138058545864,0.0,0
2018-05-27 17:59:44.705,229.2,0.138058545864,0.0,0
2018-05-27 17:59:44.799,229.61,0.138058545864,0.0,0
2018-05-27 17:59:44.892,229.06,0.138058545864,0.0,0
2018-05-27 17:59:45.230,229.88,0.138058545864,0.0,0
2018-05-27 17:59:45.882,231.28,0.138058545864,0.0,0
2018-05-27 17:59:46.128,229.89,0.138058545864,0.0,0
2018-05-27 17:59:46.221,230.1,0.138058545864,0.0,0
2018-05-27 17:59:46.314,230.5,0.138058545864,0.0,0
2018-05-27 17:59:46.770,230.52,0.138058545864,0.0,0
2018-05-27 17:59:47.006,230.92,0.138058545864,0.0,0
2018-05-27 17:59:47.286,231.78,0.138058545864,0.0,0
2018-05-27 17:59:47.462,232.42,0.138058545864,0.0,0
2018-05-27 17:59:47.546,231.85,0.138058545864,0.0,0
2018-05-27 17:59:47.826,233.03,0.138058545864,0.0,0
2018-05-27 17:59:48.267,230.28,0.138058545864,0.0,0
2018-05-27 17:59:48.354,229.64,0.138058545864,0.0,0
2018-05-27 17:59:48.630,227.79,0.138058545864,0.0,0
2018-05-27 17:59:49.155,222.38,0.138058545864,0.0,0
2018-05-27 17:59:49.248,220.0,0.138058545864,0.0,0
2018-05-27 17:59:49.704,218.8,0.138058545864,0.0,0
2018-05-27 17:59:49.798,216.85,0.138058545864,0.0,0
2018-05-27 17:59:49.881,217.54,0.138058545864,0.0,0
2018-05-27 17:59:50.043,216.95,0.138058545864,0.0,0
2018-05-27 17:59:50.136,217.72,0.138058545864,0.0,0
2018-05-27 17:59:50.229,218.15,0.138058545864,0.0,0
2018-05-27 17:59:50.592,217.72,0.138058545864,0.0,0
2018-05-27 17:59:50.769,217.78,0.138058545864,0.0,0
2018-05-27 17:59:51.732,218.26,0.138058545864,0.0,0
2018-05-27 17:59:52.172,218.08,0.138058545864,0.0,0
2018-05-27 17:59:52.350,218.35,0.138058545864,0.0,0
2018-05-27 17:59:52.629,218.61,0.138058545864,0.0,0
2018-05-27 17:59:52.815,217.66,0.138058545864,0.0,0
2018-05-27 17:59:52.908,219.22,0.138058545864,0.0,0
2018-05-27 17:59:53.163,218.67,0.138058545864,0.0,0
2018-05-27 17:59:53.805,221.01,0.138058545864,0.0,0
2018-05-27 17:59:54.153,221.27,0.138058545864,0.0,0
2018-05-27 17:59:54.246,221.9,0.138058545864,0.0,0
2018-05-27 17:59:54.330,222.76,0.138058545864,0.0,0
2018-05-27 17:59:54.423,221.63,0.138058545864,0.0,0
2018-05-27 17:59:54.702,223.09,0.138058545864,0.0,0
2018-05-27 17:59:54.795,223.03,0.138058545864,0.0,0
2018-05-27 17:59:54.889,221.63,0.138058545864,0.0,0
2018-05-27 17:59:55.227,219.53,0.138058545864,0.0,0
2018-05-27 17:59:55.497,219.4,0.138058545864,0.0,0
2018-05-27 17:59:56.208,217.22,0.138058545864,0.0,0
2018-05-27 17:59:56.478,216.88,0.138058545864,0.0,0
2018-05-27 17:59:56.655,217.32,0.138058545864,0.0,0
2018-05-27 17:59:57.003,216.22,0.138058545864,0.0,0
2018-05-27 17:59:57.189,215.49,0.138058545864,0.0,0
2018-05-27 17:59:57.273,215.88,0.138058545864,0.0,0
2018-05-27 17:59:57.450,214.4,0.138058545864,0.0,0
2018-05-27 17:59:57.543,214.51,0.138058545864,0.0,0
2018-05-27 17:59:57.627,213.7,0.138058545864,0.0,0
2018-05-27 17:59:57.720,214.43,0.138058545864,0.0,0
2018-05-27 17:59:57.906,211.94,0.138058545864,0.0,0
2018-05-27 17:59:58.068,211.83,0.138058545864,0.0,0
2018-05-27 17:59:58.161,209.77,0.138058545864,0.0,0
2018-05-27 17:59:58.254,210.53,0.138058545864,0.0,0
2018-05-27 17:59:58.347,209.17,0.138058545864,0.0,0
2018-05-27 17:59:58.515,208.72,0.138058545864,0.0,0
2018-05-27 17:59:58.608,210.1,0.138058545864,0.0,0
2018-05-27 17:59:58.794,210.26,0.138058545864,0.0,0
2018-05-27 17:59:59.049,209.74,0.138058545864,0.0,0
2018-05-27 17:59:59.142,210.23,0.138058545864,0.0,0
2018-05-27 17:59:59.235,210.41,0.138058545864,0.0,0
2018-05-27 17:59:59.328,212.3,0.138058545864,0.0,0
2018-05-27 17:59:59.412,212.44,0.138058545864,0.0,0
2018-05-27 17:59:59.505,211.52,0.138058545864,0.0,0
2018-05-27 17:59:59.598,213.5,0.138058545864,0.0,0
2018-05-27 17:59:59.784,212.39,0.138058545864,0.0,0
2018-05-27 18:00:00.133,214.66,0.138058545864,0.0,0
2018-05-27 18:00:00.226,214.66,0.138058545864,0.0,0
2018-05-27 18:00:00.496,215.29,0.138058545864,0.0,0
2018-05-27 18:00:00.589,216.26,0.138058545864,0.0,0
2018-05-27 18:00:00.775,216.4,0.138058545864,0.0,0
2018-05-27 18:00:01.579,218.89,0.138058545864,0.0,0
2018-05-27 18:00:01.765,220.36,0.138058545864,0.0,0
2018-05-27 18:00:02.015,221.45,0.138058545864,0.0,0
2018-05-27 18:00:02.104,221.24,0.138058545864,0.0,0
2018-05-27 18:00:02.188,222.16,0.138058545864,0.0,0
2018-05-27 18:00:02.281,221.65,0.138058545864,0.0,0
2018-05-27 18:00:02.365,222.7,0.138058545864,0.0,0
2018-05-27 18:00:02.458,222.11,0.138058545864,0.0,0
2018-05-27 18:00:02.635,223.59,0.138058545864,0.0,0
2018-05-27 18:00:02.728,223.13,0.138058545864,0.0,0
2018-05-27 18:00:02.821,222.97,0.138058545864,0.0,0
2018-05-27 18:00:02.914,223.22,0.138058545864,0.0,0
2018-05-27 18:00:03.169,225.22,0.138058545864,0.0,0
2018-05-27 18:00:03.253,223.94,0.138058545864,0.0,0
2018-05-27 18:00:03.346,224.19,0.138058545864,0.0,0
2018-05-27 18:00:03.429,224.14,0.138058545864,0.0,0
2018-05-27 18:00:03.523,224.22,0.138058545864,0.0,0
2018-05-27 18:00:03.709,225.33,0.138058545864,0.0,0
2018-05-27 18:00:03.802,226.69,0.138058545864,0.0,0
2018-05-27 18:00:03.895,226.5,0.138058545864,0.0,0
2018-05-27 18:00:04.057,226.03,0.138058545864,0.0,0
2018-05-27 18:00:04.234,226.64,0.138058545864,0.0,0
2018-05-27 18:00:04.327,227.09,0.138058545864,0.0,0
2018-05-27 18:00:05.122,227.81,0.138058545864,0.0,0
2018-05-27 18:00:05.308,228.64,0.138058545864,0.0,0
2018-05-27 18:00:05.578,228.39,0.138058545864,0.0,0
2018-05-27 18:00:05.671,229.16,0.138058545864,0.0,0
2018-05-27 18:00:05.764,229.34,0.138058545864,0.0,0
2018-05-27 18:00:06.093,229.77,0.138058545864,0.0,0
2018-05-27 18:00:06.186,229.97,0.138058545864,0.0,0
2018-05-27 18:00:06.457,230.98,0.138058545864,0.0,0
2018-05-27 18:00:06.551,230.47,0.138058545864,0.0,0
2018-05-27 18:00:06.643,230.67,0.138058545864,0.0,0
2018-05-27 18:00:06.736,230.68,0.138058545864,0.0,0
2018-05-27 18:00:07.624,232.36,0.138058545864,0.0,0
2018-05-27 18:00:07.717,233.2,0.138058545864,0.0,0
2018-05-27 18:00:07.810,233.21,0.138058545864,0.0,0
2018-05-27 18:00:08.149,231.01,0.138058545864,0.0,0
2018-05-27 18:00:08.242,230.01,0.138058545864,0.0,0
2018-05-27 18:00:08.428,228.18,0.138058545864,0.0,0
2018-05-27 18:00:08.521,227.0,0.138058545864,0.0,0
2018-05-27 18:00:08.707,226.45,0.138058545864,0.0,0
2018-05-27 18:00:08.894,223.58,0.138058545864,0.0,0
2018-05-27 18:00:09.046,224.08,0.138058545864,0.0,0
2018-05-27 18:00:09.139,222.81,0.138058545864,0.0,0
2018-05-27 18:00:09.232,221.05,0.138058545864,0.0,0
2018-05-27 18:00:09.595,218.42,0.138058545864,0.0,0
2018-05-27 18:00:09.688,217.99,0.138058545864,0.0,0
2018-05-27 18:00:09.865,216.62,0.138058545864,0.0,0
2018-05-27 18:00:10.120,216.61,0.138058545864,0.0,0
2018-05-27 18:00:10.213,215.06,0.138058545864,0.0,0
2018-05-27 18:00:10.576,213.55,0.138058545864,0.0,0
2018-05-27 18:00:10.665,213.99,0.138058545864,0.0,0
2018-05-27 18:00:10.753,211.85,0.138058545864,0.0,0
2018-05-27 18:00:10.930,211.78,0.138058545864,0.0,0
2018-05-27 18:00:11.185,212.01,0.138058545864,0.0,0
2018-05-27 18:00:11.343,212.01,0.138058545864,0.0,0
2018-05-27 18:00:11.455,211.77,0.138058545864,0.0,0
2018-05-27 18:00:11.539,213.44,0.138058545864,0.0,0
2018-05-27 18:00:11.632,212.14,0.138058545864,0.0,0
2018-05-27 18:00:11.725,213.13,0.138058545864,0.0,0
2018-05-27 18:00:11.818,211.51,0.138058545864,0.0,0
2018-05-27 18:00:11.911,212.51,0.138058545864,0.0,0
2018-05-27 18:00:12.166,212.54,0.138058545864,0.0,0
2018-05-27 18:00:12.259,213.67,0.138058545864,0.0,0
2018-05-27 18:00:12.343,214.02,0.138058545864,0.0,0
2018-05-27 18:00:12.529,212.02,0.138058545864,0.0,0
2018-05-27 18:00:12.622,214.16,0.138058545864,0.0,0
2018-05-27 18:00:12.715,212.94,0.138058545864,0.0,0
2018-05-27 18:00:12.809,213.67,0.138058545864,0.0,0
2018-05-27 18:00:12.902,214.04,0.138058545864,0.0,0
2018-05-27 18:00:13.063,213.4,0.138058545864,0.0,0
2018-05-27 18:00:13.157,215.01,0.138058545864,0.0,0
2018-05-27 18:00:13.241,214.06,0.138058545864,0.0,0
2018-05-27 18:00:13.334,215.73,0.138058545864,0.0,0
2018-05-27 18:00:13.427,214.57,0.138058545864,0.0,0
2018-05-27 18:00:13.520,216.09,0.138058545864,0.0,0
2018-05-27 18:00:13.613,215.86,0.138058545864,0.0,0
2018-05-27 18:00:13.706,215.17,0.138058545864,0.0,0
2018-05-27 18:00:13.799,216.76,0.138058545864,0.0,0
2018-05-27 18:00:13.892,216.39,0.138058545864,0.0,0
2018-05-27 18:00:14.138,217.0,0.138058545864,0.0,0
2018-05-27 18:00:14.231,216.58,0.138058545864,0.0,0
2018-05-27 18:00:14.501,219.75,0.138058545864,0.0,0
2018-05-27 18:00:14.587,218.48,0.138058545864,0.0,0
2018-05-27 18:00:14.864,218.44,0.138058545864,0.0,0
2018-05-27 18:00:15.398,218.18,0.138058545864,0.0,0
2018-05-27 18:00:15.482,216.17,0.138058545864,0.0,0
2018-05-27 18:00:15.836,215.35,0.138058545864,0.0,0
2018-05-27 18:00:15.929,212.98,0.138058545864,0.0,0
2018-05-27 18:00:16.277,211.33,0.138058545864,0.0,0
2018-05-27 18:00:16.454,212.17,0.138058545864,0.0,0
2018-05-27 18:00:16.547,210.67,0.138058545864,0.0,0
2018-05-27 18:00:16.631,211.0,0.138058545864,0.0,0
2018-05-27 18:00:16.724,210.46,0.138058545864,0.0,0
2018-05-27 18:00:16.910,209.58,0.138058545864,0.0,0
2018-05-27 18:00:17.072,211.44,0.138058545864,0.0,0
2018-05-27 18:00:17.165,210.05,0.138058545864,0.0,0
2018-05-27 18:00:17.342,211.3,0.138058545864,0.0,0
2018-05-27 18:00:17.528,210.14,0.138058545864,0.0,0
2018-05-27 18:00:17.621,208.32,0.138058545864,0.0,0
2018-05-27 18:00:17.714,208.76,0.138058545864,0.0,0
2018-05-27 18:00:17.900,209.38,0.138058545864,0.0,0
2018-05-27 18:00:18.239,209.14,0.138058545864,0.0,0
2018-05-27 18:00:18.332,210.81,0.138058545864,0.0,0
2018-05-27 18:00:18.425,209.9,0.138058545864,0.0,0
2018-05-27 18:00:18.518,211.02,0.138058545864,0.0,0
2018-05-27 18:00:18.704,211.66,0.138058545864,0.0,0
2018-05-27 18:00:18.798,210.67,0.138058545864,0.0,0
2018-05-27 18:00:18.891,210.79,0.138058545864,0.0,0
2018-05-27 18:00:19.053,211.69,0.138058545864,0.0,0
2018-05-27 18:00:19.146,210.67,0.138058545864,0.0,0
2018-05-27 18:00:19.239,212.56,0.138058545864,0.0,0
2018-05-27 18:00:19.322,212.7,0.138058545864,0.0,0
2018-05-27 18:00:19.509,212.52,0.138058545864,0.0,0
2018-05-27 18:00:19.602,212.94,0.138058545864,0.0,0
2018-05-27 18:00:19.788,214.19,0.138058545864,0.0,0
2018-05-27 18:00:20.043,214.16,0.138058545864,0.0,0
2018-05-27 18:00:20.136,214.93,0.138058545864,0.0,0
2018-05-27 18:00:20.229,214.66,0.138058545864,0.0,0
2018-05-27 18:00:20.406,214.86,0.138058545864,0.0,0
2018-05-27 18:00:20.583,217.11,0.138058545864,0.0,0
2018-05-27 18:00:20.769,216.16,0.138058545864,0.0,0
2018-05-27 18:00:20.862,217.7,0.138058545864,0.0,0
2018-05-27 18:00:21.024,218.69,0.138058545864,0.0,0
2018-05-27 18:00:21.118,216.85,0.138058545864,0.0,0
2018-05-27 18:00:21.294,217.76,0.138058545864,0.0,0
2018-05-27 18:00:21.387,217.49,0.138058545864,0.0,0
2018-05-27 18:00:21.462,218.99,0.138058545864,0.0,0
2018-05-27 18:00:21.555,218.89,0.138058545864,0.0,0
2018-05-27 18:00:21.734,218.87,0.138058545864,0.0,0
2018-05-27 18:00:22.266,220.52,0.138058545864,0.0,0
2018-05-27 18:00:22.359,221.03,0.138058545864,0.0,0
2018-05-27 18:00:22.443,221.14,0.138058545864,0.0,0
2018-05-27 18:00:22.619,221.53,0.138058545864,0.0,0
2018-05-27 18:00:22.713,221.14,0.138058545864,0.0,0
2018-05-27 18:00:22.806,222.79,0.138058545864,0.0,0
2018-05-27 18:00:22.899,223.79,0.138058545864,0.0,0
2018-05-27 18:00:23.247,223.8,0.138058545864,0.0,0
2018-05-27 18:00:23.340,223.65,0.138058545864,0.0,0
2018-05-27 18:00:24.330,225.1,0.138058545864,0.0,0
2018-05-27 18:00:24.423,226.03,0.138058545864,0.0,0
2018-05-27 18:00:24.693,226.44,0.138058545864,0.0,0
2018-05-27 18:00:24.786,225.77,0.138058545864,0.0,0
2018-05-27 18:00:25.041,227.93,0.138058545864,0.0,0
2018-05-27 18:00:25.134,227.98,0.138058545864,0.0,0
2018-05-27 18:00:25.227,228.53,0.138058545864,0.0,0
2018-05-27 18:00:25.320,227.9,0.138058545864,0.0,0
2018-05-27 18:00:25.404,227.54,0.138058545864,0.0,0
2018-05-27 18:00:25.497,227.78,0.138058545864,0.0,0
2018-05-27 18:00:26.217,229.19,0.138058545864,0.0,0
2018-05-27 18:00:26.311,228.8,0.138058545864,0.0,0
2018-05-27 18:00:26.581,230.49,0.138058545864,0.0,0
2018-05-27 18:00:26.767,230.85,0.138058545864,0.0,0
2018-05-27 18:00:27.208,231.07,0.138058545864,0.0,0
2018-05-27 18:00:27.301,230.96,0.138058545864,0.0,0
2018-05-27 18:00:27.385,229.93,0.138058545864,0.0,0
2018-05-27 18:00:27.478,229.93,0.138058545864,0.0,0
2018-05-27 18:00:27.571,230.32,0.138058545864,0.0,0
2018-05-27 18:00:27.664,230.47,0.138058545864,0.0,0
2018-05-27 18:00:28.179,231.56,0.138058545864,0.0,0
2018-05-27 18:00:28.533,232.93,0.138058545864,0.0,0
2018-05-27 18:00:28.626,232.65,0.138058545864,0.0,0
2018-05-27 18:00:28.719,232.57,0.138058545864,0.0,0
2018-05-27 18:00:28.896,234.17,0.138058545864,0.0,0
2018-05-27 18:00:29.058,231.95,0.138058545864,0.0,0
2018-05-27 18:00:29.235,230.01,0.138058545864,0.0,0
2018-05-27 18:00:29.328,227.85,0.138058545864,0.0,0
2018-05-27 18:00:29.672,226.48,0.138058545864,0.0,0
2018-05-27 18:00:29.868,224.5,0.138058545864,0.0,0
2018-05-27 18:00:30.216,219.62,0.138058545864,0.0,0
2018-05-27 18:00:31.467,212.1,0.138058545864,0.0,0
2018-05-27 18:00:31.551,211.7,0.138058545864,0.0,0
2018-05-27 18:00:32.075,212.64,0.138058545864,0.0,0
2018-05-27 18:00:32.885,212.94,0.138058545864,0.0,0
2018-05-27 18:00:33.233,214.84,0.138058545864,0.0,0
2018-05-27 18:00:33.326,213.52,0.138058545864,0.0,0
2018-05-27 18:00:33.503,214.15,0.138058545864,0.0,0
2018-05-27 18:00:33.596,215.45,0.138058545864,0.0,0
2018-05-27 18:00:34.410,216.0,0.138058545864,0.0,0
2018-05-27 18:00:34.680,219.03,0.138058545864,0.0,0
2018-05-27 18:00:34.773,217.44,0.138058545864,0.0,0
2018-05-27 18:00:35.028,219.38,0.138058545864,0.0,0
2018-05-27 18:00:35.307,218.15,0.138058545864,0.0,0
2018-05-27 18:00:36.018,218.51,0.138058545864,0.0,0
2018-05-27 18:00:36.111,216.83,0.138058545864,0.0,0
2018-05-27 18:00:36.297,217.32,0.138058545864,0.0,0
2018-05-27 18:00:36.390,214.71,0.138058545864,0.0,0
2018-05-27 18:00:36.749,214.48,0.138058545864,0.0,0
2018-05-27 18:00:37.362,211.7,0.138058545864,0.0,0
2018-05-27 18:00:37.446,211.28,0.138058545864,0.0,0
2018-05-27 18:00:37.530,211.85,0.138058545864,0.0,0
2018-05-27 18:00:37.718,210.97,0.138058545864,0.0,0
2018-05-27 18:00:37.902,211.8,0.138058545864,0.0,0
2018-05-27 18:00:38.147,210.8,0.138058545864,0.0,0
2018-05-27 18:00:38.241,211.48,0.138058545864,0.0,0
2018-05-27 18:00:38.334,209.44,0.138058545864,0.0,0
2018-05-27 18:00:38.417,209.89,0.138058545864,0.0,0
2018-05-27 18:00:38.510,210.72,0.138058545864,0.0,0
2018-05-27 18:00:38.604,209.84,0.138058545864,0.0,0
2018-05-27 18:00:38.697,209.63,0.138058545864,0.0,0
2018-05-27 18:00:39.045,210.5,0.138058545864,0.0,0
2018-05-27 18:00:39.138,208.51,0.138058545864,0.0,0
2018-05-27 18:00:39.231,209.63,0.138058545864,0.0,0
2018-05-27 18:00:39.315,210.46,0.138058545864,0.0,0
2018-05-27 18:00:39.408,209.53,0.138058545864,0.0,0
2018-05-27 18:00:39.491,209.29,0.138058545864,0.0,0
2018-05-27 18:00:39.585,211.57,0.138058545864,0.0,0
2018-05-27 18:00:39.678,209.2,0.138058545864,0.0,0
2018-05-27 18:00:39.771,210.76,0.138058545864,0.0,0
2018-05-27 18:00:39.864,210.52,0.138058545864,0.0,0
2018-05-27 18:00:40.119,212.29,0.138058545864,0.0,0
2018-05-27 18:00:40.296,211.02,0.138058545864,0.0,0
2018-05-27 18:00:40.389,212.9,0.138058545864,0.0,0
2018-05-27 18:00:40.566,212.82,0.138058545864,0.0,0
2018-05-27 18:00:40.753,214.27,0.138058545864,0.0,0
2018-05-27 18:00:40.836,214.66,0.138058545864,0.0,0
2018-05-27 18:00:40.919,214.15,0.138058545864,0.0,0
2018-05-27 18:00:41.081,215.63,0.138058545864,0.0,0
2018-05-27 18:00:41.267,215.07,0.138058545864,0.0,0
2018-05-27 18:00:41.351,215.67,0.138058545864,0.0,0
2018-05-27 18:00:42.062,218.1,0.138058545864,0.0,0
2018-05-27 18:00:42.155,217.76,0.138058545864,0.0,0
2018-05-27 18:00:42.248,217.95,0.138058545864,0.0,0
2018-05-27 18:00:42.333,218.47,0.138058545864,0.0,0
2018-05-27 18:00:42.425,219.17,0.138058545864,0.0,0
2018-05-27 18:00:42.518,220.37,0.138058545864,0.0,0
2018-05-27 18:00:42.612,219.42,0.138058545864,0.0,0
2018-05-27 18:00:42.705,219.73,0.138058545864,0.0,0
2018-05-27 18:00:42.788,220.02,0.138058545864,0.0,0
2018-05-27 18:00:42.881,220.05,0.138058545864,0.0,0
2018-05-27 18:00:43.043,220.5,0.138058545864,0.0,0
2018-05-27 18:00:43.136,222.61,0.138058545864,0.0,0
2018-05-27 18:00:43.323,220.97,0.138058545864,0.0,0
2018-05-27 18:00:43.509,223.3,0.138058545864,0.0,0
2018-05-27 18:00:43.602,224.04,0.138058545864,0.0,0
2018-05-27 18:00:43.696,223.41,0.138058545864,0.0,0
2018-05-27 18:00:43.779,224.03,0.138058545864,0.0,0
2018-05-27 18:00:43.872,224.62,0.138058545864,0.0,0
2018-05-27 18:00:44.127,223.86,0.138058545864,0.0,0
2018-05-27 18:00:44.220,224.27,0.138058545864,0.0,0
2018-05-27 18:00:44.313,224.02,0.138058545864,0.0,0
2018-05-27 18:00:44.406,225.2,0.138058545864,0.0,0
2018-05-27 18:00:44.490,224.45,0.138058545864,0.0,0
2018-05-27 18:00:44.666,225.59,0.138058545864,0.0,0
2018-05-27 18:00:44.853,224.13,0.138058545864,0.0,0
2018-05-27 18:00:45.014,224.05,0.138058545864,0.0,0
2018-05-27 18:00:45.108,224.93,0.138058545864,0.0,0
2018-05-27 18:00:45.294,226.79,0.138058545864,0.0,0
2018-05-27 18:00:45.387,226.29,0.138058545864,0.0,0
2018-05-27 18:00:45.471,226.02,0.138058545864,0.0,0
2018-05-27 18:00:45.559,226.08,0.138058545864,0.0,0
2018-05-27 18:00:45.647,226.12,0.138058545864,0.0,0
2018-05-27 18:00:45.918,228.15,0.138058545864,0.0,0
2018-05-27 18:00:46.080,227.54,0.138058545864,0.0,0
2018-05-27 18:00:46.256,229.64,0.138058545864,0.0,0
2018-05-27 18:00:46.343,228.06,0.138058545864,0.0,0
2018-05-27 18:00:46.612,230.46,0.138058545864,0.0,0
2018-05-27 18:00:46.880,229.9,0.138058545864,0.0,0
2018-05-27 18:00:47.042,229.81,0.138058545864,0.0,0
2018-05-27 18:00:47.135,230.45,0.138058545864,0.0,0
2018-05-27 18:00:47.220,229.58,0.138058545864,0.0,0
2018-05-27 18:00:47.312,230.67,0.138058545864,0.0,0
2018-05-27 18:00:47.405,230.72,0.138058545864,0.0,0
2018-05-27 18:00:47.591,229.62,0.138058545864,0.0,0
2018-05-27 18:00:47.684,230.05,0.138058545864,0.0,0
2018-05-27 18:00:47.870,230.92,0.138058545864,0.0,0
2018-05-27 18:00:48.032,230.65,0.138058545864,0.0,0
2018-05-27 18:00:48.125,231.05,0.138058545864,0.0,0
2018-05-27 18:00:48.218,231.01,0.138058545864,0.0,0
2018-05-27 18:00:48.395,233.48,0.138058545864,0.0,0
2018-05-27 18:00:48.674,233.05,0.138058545864,0.0,0
2018-05-27 18:00:48.768,232.91,0.138058545864,0.0,0
2018-05-27 18:00:48.860,233.32,0.138058545864,0.0,0
2018-05-27 18:00:49.115,231.48,0.138058545864,0.0,0
2018-05-27 18:00:49.208,230.22,0.138058545864,0.0,0
2018-05-27 18:00:49.395,229.59,0.138058545864,0.0,0
2018-05-27 18:00:49.665,225.8,0.138058545864,0.0,0
2018-05-27 18:00:49.851,223.56,0.138058545864,0.0,0
2018-05-27 18:00:50.013,222.47,0.138058545864,0.0,0
2018-05-27 18:00:50.106,223.31,0.138058545864,0.0,0
2018-05-27 18:00:50.292,219.42,0.138058545864,0.0,0
2018-05-27 18:00:50.841,213.98,0.138058545864,0.0,0
2018-05-27 18:00:51.171,211.94,0.138058545864,0.0,0
2018-05-27 18:00:51.254,210.93,0.138058545864,0.0,0
2018-05-27 18:00:51.347,211.48,0.138058545864,0.0,0
2018-05-27 18:00:51.431,210.42,0.138058545864,0.0,0
2018-05-27 18:00:51.608,208.29,0.138058545864,0.0,0
2018-05-27 18:00:51.701,209.17,0.138058545864,0.0,0
2018-05-27 18:00:51.794,207.81,0.138058545864,0.0,0
2018-05-27 18:00:51.888,208.89,0.138058545864,0.0,0
2018-05-27 18:00:52.040,207.86,0.138058545864,0.0,0
2018-05-27 18:00:52.226,208.17,0.138058545864,0.0,0
2018-05-27 18:00:52.319,206.08,0.138058545864,0.0,0
2018-05-27 18:00:52.412,208.06,0.138058545864,0.0,0
2018-05-27 18:00:52.589,207.52,0.138058545864,0.0,0
2018-05-27 18:00:52.757,207.32,0.138058545864,0.0,0
2018-05-27 18:00:52.850,208.47,0.138058545864,0.0,0
2018-05-27 18:00:53.012,206.8,0.138058545864,0.0,0
2018-05-27 18:00:53.096,207.46,0.138058545864,0.0,0
2018-05-27 18:00:53.189,208.54,0.138058545864,0.0,0
2018-05-27 18:00:53.375,208.97,0.138058545864,0.0,0
2018-05-27 18:00:53.458,208.26,0.138058545864,0.0,0
2018-05-27 18:00:53.543,208.35,0.138058545864,0.0,0
2018-05-27 18:00:53.635,209.0,0.138058545864,0.0,0
2018-05-27 18:00:53.728,208.39,0.138058545864,0.0,0
2018-05-27 18:00:53.821,209.51,0.138058545864,0.0,0
2018-05-27 18:00:53.915,208.92,0.138058545864,0.0,0
2018-05-27 18:00:54.076,210.59,0.138058545864,0.0,0
2018-05-27 18:00:54.169,208.49,0.138058545864,0.0,0
2018-05-27 18:00:54.263,209.98,0.138058545864,0.0,0
2018-05-27 18:00:54.356,209.4,0.138058545864,0.0,0
2018-05-27 18:00:54.440,209.58,0.138058545864,0.0,0
2018-05-27 18:00:54.523,209.73,0.138058545864,0.0,0
2018-05-27 18:00:54.616,211.38,0.138058545864,0.0,0
2018-05-27 18:00:54.709,210.35,0.138058545864,0.0,0
2018-05-27 18:00:54.803,210.46,0.138058545864,0.0,0
2018-05-27 18:00:55.057,210.8,0.138058545864,0.0,0
2018-05-27 18:00:55.141,211.95,0.138058545864,0.0,0
2018-05-27 18:00:55.327,212.06,0.138058545864,0.0,0
2018-05-27 18:00:55.411,213.9,0.138058545864,0.0,0
2018-05-27 18:00:55.505,213.58,0.138058545864,0.0,0
2018-05-27 18:00:55.597,214.56,0.138058545864,0.0,0
2018-05-27 18:00:55.690,213.98,0.138058545864,0.0,0
2018-05-27 18:00:55.784,214.18,0.138058545864,0.0,0
2018-05-27 18:00:55.877,216.12,0.138058545864,0.0,0
2018-05-27 18:00:56.132,216.05,0.138058545864,0.0,0
2018-05-27 18:00:56.402,216.72,0.138058545864,0.0,0
2018-05-27 18:00:56.681,217.19,0.138058545864,0.0,0
2018-05-27 18:00:57.029,213.34,0.138058545864,0.0,0
2018-05-27 18:00:57.299,211.38,0.138058545864,0.0,0
2018-05-27 18:00:57.476,207.45,0.138058545864,0.0,0
2018-05-27 18:00:58.368,207.68,0.138058545864,0.0,0
2018-05-27 18:00:58.457,205.98,0.138058545864,0.0,0
2018-05-27 18:00:58.541,205.53,0.138058545864,0.0,0
2018-05-27 18:00:58.634,206.98,0.138058545864,0.0,0
2018-05-27 18:00:58.727,205.97,0.138058545864,0.0,0
2018-05-27 18:00:58.811,206.06,0.138058545864,0.0,0
2018-05-27 18:00:58.904,207.75,0.138058545864,0.0,0
2018-05-27 18:00:59.056,207.65,0.138058545864,0.0,0
2018-05-27 18:00:59.233,206.48,0.138058545864,0.0,0
2018-05-27 18:00:59.326,207.96,0.138058545864,0.0,0
2018-05-27 18:00:59.503,207.12,0.138058545864,0.0,0
2018-05-27 18:00:59.596,208.63,0.138058545864,0.0,0
2018-05-27 18:00:59.782,208.85,0.138058545864,0.0,0
2018-05-27 18:00:59.875,207.95,0.138058545864,0.0,0
2018-05-27 18:01:00.037,209.14,0.138058545864,0.0,0
2018-05-27 18:01:00.130,208.27,0.138058545864,0.0,0
2018-05-27 18:01:00.317,208.5,0.138058545864,0.0,0
2018-05-27 18:01:00.410,210.16,0.138058545864,0.0,0
2018-05-27 18:01:00.586,209.2,0.138058545864,0.0,0
2018-05-27 18:01:00.680,210.77,0.138058545864,0.0,0
2018-05-27 18:01:00.773,208.6,0.138058545864,0.0,0
2018-05-27 18:01:00.866,210.71,0.138058545864,0.0,0
2018-05-27 18:01:01.028,209.41,0.138058545864,0.0,0
2018-05-27 18:01:01.121,210.09,0.138058545864,0.0,0
2018-05-27 18:01:01.214,210.65,0.138058545864,0.0,0
2018-05-27 18:01:01.400,212.02,0.138058545864,0.0,0
2018-05-27 18:01:01.484,212.22,0.138058545864,0.0,0
2018-05-27 18:01:01.763,213.4,0.138058545864,0.0,0
2018-05-27 18:01:01.856,212.82,0.138058545864,0.0,0
2018-05-27 18:01:02.111,213.79,0.138058545864,0.0,0
2018-05-27 18:01:02.204,214.34,0.138058545864,0.0,0
2018-05-27 18:01:02.297,215.76,0.138058545864,0.0,0
2018-05-27 18:01:02.474,215.21,0.138058545864,0.0,0
2018-05-27 18:01:02.660,216.92,0.138058545864,0.0,0
2018-05-27 18:01:02.847,217.05,0.138058545864,0.0,0
2018-05-27 18:01:03.101,217.82,0.138058545864,0.0,0
2018-05-27 18:01:03.195,217.19,0.138058545864,0.0,0
2018-05-27 18:01:03.465,218.75,0.138058545864,0.0,0
2018-05-27 18:01:03.553,217.62,0.138058545864,0.0,0
2018-05-27 18:01:03.641,219.51,0.138058545864,0.0,0
2018-05-27 18:01:03.818,220.11,0.138058545864,0.0,0
2018-05-27 18:01:04.166,219.29,0.138058545864,0.0,0
2018-05-27 18:01:04.259,221.63,0.138058545864,0.0,0
2018-05-27 18:01:04.436,221.79,0.138058545864,0.0,0
2018-05-27 18:01:04.520,221.02,0.138058545864,0.0,0
2018-05-27 18:01:04.604,221.66,0.138058545864,0.0,0
2018-05-27 18:01:04.697,221.26,0.138058545864,0.0,0
2018-05-27 18:01:05.408,224.34,0.138058545864,0.0,0
2018-05-27 18:01:05.492,225.05,0.138058545864,0.0,0
2018-05-27 18:01:05.585,225.51,0.138058545864,0.0,0
2018-05-27 18:01:05.679,225.65,0.138058545864,0.0,0
2018-05-27 18:01:05.762,225.03,0.138058545864,0.0,0
2018-05-27 18:01:05.855,226.06,0.138058545864,0.0,0
2018-05-27 18:01:06.743,226.26,0.138058545864,0.0,0
2018-05-27 18:01:06.925,226.81,0.138058545864,0.0,0
2018-05-27 18:01:07.082,227.39,0.138058545864,0.0,0
2018-05-27 18:01:07.715,226.61,0.138058545864,0.0,0
2018-05-27 18:01:08.053,227.77,0.138058545864,0.0,0
2018-05-27 18:01:08.416,229.04,0.138058545864,0.0,0
2018-05-27 18:01:08.873,230.49,0.138058545864,0.0,0
2018-05-27 18:01:09.398,230.06,0.138058545864,0.0,0
2018-05-27 18:01:10.462,233.16,0.138058545864,0.0,0
2018-05-27 18:01:10.556,232.59,0.138058545864,0.0,0
2018-05-27 18:01:11.257,223.87,0.138058545864,0.0,0
2018-05-27 18:01:11.350,223.12,0.138058545864,0.0,0
2018-05-27 18:01:11.611,221.89,0.138058545864,0.0,0
2018-05-27 18:01:11.890,219.26,0.138058545864,0.0,0
2018-05-27 18:01:12.052,217.74,0.138058545864,0.0,0
2018-05-27 18:01:12.611,215.11,0.138058545864,0.0,0
2018-05-27 18:01:12.881,212.64,0.138058545864,0.0,0
2018-05-27 18:01:13.043,213.51,0.138058545864,0.0,0
2018-05-27 18:01:13.223,212.34,0.138058545864,0.0,0
2018-05-27 18:01:13.480,212.87,0.138058545864,0.0,0
2018-05-27 18:01:13.573,213.56,0.138058545864,0.0,0
2018-05-27 18:01:13.760,212.54,0.138058545864,0.0,0
2018-05-27 18:01:13.871,213.26,0.138058545864,0.0,0
2018-05-27 18:01:14.238,213.2,0.138058545864,0.0,0
2018-05-27 18:01:14.415,213.31,0.138058545864,0.0,0
2018-05-27 18:01:14.508,214.0,0.138058545864,0.0,0
2018-05-27 18:01:14.694,215.1,0.138058545864,0.0,0
2018-05-27 18:01:15.126,215.11,0.138058545864,0.0,0
2018-05-27 18:01:16.200,217.22,0.138058545864,0.0,0
2018-05-27 18:01:16.293,217.99,0.138058545864,0.0,0
2018-05-27 18:01:16.833,217.04,0.138058545864,0.0,0
2018-05-27 18:01:16.922,219.55,0.138058545864,0.0,0
2018-05-27 18:01:17.163,218.08,0.138058545864,0.0,0
2018-05-27 18:01:17.256,217.31,0.138058545864,0.0,0
2018-05-27 18:01:18.330,212.78,0.138058545864,0.0,0
2018-05-27 18:01:18.414,213.31,0.138058545864,0.0,0
2018-05-27 18:01:18.507,211.71,0.138058545864,0.0,0
2018-05-27 18:01:18.600,213.06,0.138058545864,0.0,0
2018-05-27 18:01:18.693,211.2,0.138058545864,0.0,0
2018-05-27 18:01:19.134,212.92,0.138058545864,0.0,0
2018-05-27 18:01:19.227,211.17,0.138058545864,0.0,0
2018-05-27 18:01:19.590,211.41,0.138058545864,0.0,0
2018-05-27 18:01:19.683,213.05,0.138058545864,0.0,0
2018-05-27 18:01:19.776,211.48,0.138058545864,0.0,0
2018-05-27 18:01:19.870,212.81,0.138058545864,0.0,0
2018-05-27 18:01:20.031,212.4,0.138058545864,0.0,0
2018-05-27 18:01:20.125,212.01,0.138058545864,0.0,0
2018-05-27 18:01:20.394,212.37,0.138058545864,0.0,0
2018-05-27 18:01:20.478,212.95,0.138058545864,0.0,0
2018-05-27 18:01:20.664,214.27,0.138058545864,0.0,0
2018-05-27 18:01:20.755,214.54,0.138058545864,0.0,0
2018-05-27 18:01:20.832,213.1,0.138058545864,0.0,0
2018-05-27 18:01:20.925,214.75,0.138058545864,0.0,0
2018-05-27 18:01:21.087,213.37,0.138058545864,0.0,0
2018-05-27 18:01:21.180,215.19,0.138058545864,0.0,0
2018-05-27 18:01:21.273,214.63,0.138058545864,0.0,0
2018-05-27 18:01:21.366,214.01,0.138058545864,0.0,0
2018-05-27 18:01:21.450,214.07,0.138058545864,0.0,0
2018-05-27 18:01:21.534,214.89,0.138058545864,0.0,0
2018-05-27 18:01:21.720,215.39,0.138058545864,0.0,0
2018-05-27 18:01:21.813,214.18,0.138058545864,0.0,0
2018-05-27 18:01:21.906,214.93,0.138058545864,0.0,0
2018-05-27 18:01:22.068,216.55,0.138058545864,0.0,0
2018-05-27 18:01:22.431,217.54,0.138058545864,0.0,0
2018-05-27 18:01:22.524,218.59,0.138058545864,0.0,0
2018-05-27 18:01:23.226,219.2,0.138058545864,0.0,0
2018-05-27 18:01:23.319,217.75,0.138058545864,0.0,0
2018-05-27 18:01:23.403,219.48,0.138058545864,0.0,0
2018-05-27 18:01:23.496,219.65,0.138058545864,0.0,0
2018-05-27 18:01:23.589,219.16,0.138058545864,0.0,0
2018-05-27 18:01:24.393,223.2,0.138058545864,0.0,0
2018-05-27 18:01:24.477,222.35,0.138058545864,0.0,0
2018-05-27 18:01:24.570,222.64,0.138058545864,0.0,0
2018-05-27 18:01:24.663,223.98,0.138058545864,0.0,0
2018-05-27 18:01:24.757,223.98,0.138058545864,0.0,0
2018-05-27 18:01:24.850,223.56,0.138058545864,0.0,0
2018-05-27 18:01:25.095,225.52,0.138058545864,0.0,0
2018-05-27 18:01:25.188,225.35,0.138058545864,0.0,0
2018-05-27 18:01:25.281,224.83,0.138058545864,0.0,0
2018-05-27 18:01:25.365,226.03,0.138058545864,0.0,0
2018-05-27 18:01:25.458,225.88,0.138058545864,0.0,0
2018-05-27 18:01:25.551,225.77,0.138058545864,0.0,0
2018-05-27 18:01:25.738,224.88,0.138058545864,0.0,0
2018-05-27 18:01:25.831,224.29,0.138058545864,0.0,0
2018-05-27 18:01:26.076,225.82,0.138058545864,0.0,0
2018-05-27 18:01:26.160,226.27,0.138058545864,0.0,0
2018-05-27 18:01:26.253,226.22,0.138058545864,0.0,0
2018-05-27 18:01:26.346,224.8,0.138058545864,0.0,0
2018-05-27 18:01:26.430,226.61,0.138058545864,0.0,0
2018-05-27 18:01:26.691,226.26,0.138058545864,0.0,0
2018-05-27 18:01:26.784,226.39,0.138058545864,0.0,0
2018-05-27 18:01:26.877,225.81,0.138058545864,0.0,0
2018-05-27 18:01:27.039,226.34,0.138058545864,0.0,0
2018-05-27 18:01:27.132,225.81,0.138058545864,0.0,0
2018-05-27 18:01:27.402,226.89,0.138058545864,0.0,0
2018-05-27 18:01:27.495,227.58,0.138058545864,0.0,0
2018-05-27 18:01:27.681,227.11,0.138058545864,0.0,0
2018-05-27 18:01:27.775,227.89,0.138058545864,0.0,0
2018-05-27 18:01:27.867,228.48,0.138058545864,0.0,0
2018-05-27 18:01:28.020,228.46,0.138058545864,0.0,0
2018-05-27 18:01:28.113,227.65,0.138058545864,0.0,0
2018-05-27 18:01:28.207,228.22,0.138058545864,0.0,0
2018-05-27 18:01:28.384,230.23,0.138058545864,0.0,0
2018-05-27 18:01:28.569,230.95,0.138058545864,0.0,0
2018-05-27 18:01:28.663,230.16,0.138058545864,0.0,0
2018-05-27 18:01:29.001,230.67,0.138058545864,0.0,0
2018-05-27 18:01:29.187,230.98,0.138058545864,0.0,0
2018-05-27 18:01:29.280,231.06,0.138058545864,0.0,0
2018-05-27 18:01:29.374,232.19,0.138058545864,0.0,0
2018-05-27 18:01:29.457,231.08,0.138058545864,0.0,0
2018-05-27 18:01:29.550,231.25,0.138058545864,0.0,0
2018-05-27 18:01:29.644,231.33,0.138058545864,0.0,0
2018-05-27 18:01:29.737,231.25,0.138058545864,0.0,0
2018-05-27 18:01:29.825,232.48,0.138058545864,0.0,0
2018-05-27 18:01:30.066,232.18,0.138058545864,0.0,0
2018-05-27 18:01:30.159,233.0,0.138058545864,0.0,0
2018-05-27 18:01:30.252,233.02,0.138058545864,0.0,0
2018-05-27 18:01:30.336,233.5,0.138058545864,0.0,0
2018-05-27 18:01:30.429,232.55,0.138058545864,0.0,0
2018-05-27 18:01:30.513,234.29,0.138058545864,0.0,0
2018-05-27 18:01:30.606,233.88,0.138058545864,0.0,0
2018-05-27 18:01:30.699,233.01,0.138058545864,0.0,0
2018-05-27 18:01:30.793,232.2,0.138058545864,0.0,0
2018-05-27 18:01:30.885,231.09,0.138058545864,0.0,0
2018-05-27 18:01:31.141,229.56,0.138058545864,0.0,0
2018-05-27 18:01:31.504,223.84,0.138058545864,0.0,0
2018-05-27 18:01:31.680,222.88,0.138058545864,0.0,0
2018-05-27 18:01:31.773,221.42,0.138058545864,0.0,0
2018-05-27 18:01:31.866,220.01,0.138058545864,0.0,0
2018-05-27 18:01:32.214,217.59,0.138058545864,0.0,0
2018-05-27 18:01:32.484,213.93,0.138058545864,0.0,0
2018-05-27 18:01:32.577,215.07,0.138058545864,0.0,0
2018-05-27 18:01:32.764,213.07,0.138058545864,0.0,0
2018-05-27 18:01:32.857,210.7,0.138058545864,0.0,0
2018-05-27 18:01:33.019,210.37,0.138058545864,0.0,0
2018-05-27 18:01:33.205,209.57,0.138058545864,0.0,0
2018-05-27 18:01:33.382,210.8,0.138058545864,0.0,0
2018-05-27 18:01:33.568,210.24,0.138058545864,0.0,0
2018-05-27 18:01:33.661,208.65,0.138058545864,0.0,0
2018-05-27 18:01:33.847,209.2,0.138058545864,0.0,0
2018-05-27 18:01:34.102,207.87,0.138058545864,0.0,0
2018-05-27 18:01:34.288,207.18,0.138058545864,0.0,0
2018-05-27 18:01:34.381,209.76,0.138058545864,0.0,0
2018-05-27 18:01:34.465,208.64,0.138058545864,0.0,0
2018-05-27 18:01:34.744,209.23,0.138058545864,0.0,0
2018-05-27 18:01:34.837,209.1,0.138058545864,0.0,0
2018-05-27 18:01:34.931,209.9,0.138058545864,0.0,0
2018-05-27 18:01:35.085,209.92,0.138058545864,0.0,0
2018-05-27 18:01:35.176,209.19,0.138058545864,0.0,0
2018-05-27 18:01:35.269,210.97,0.138058545864,0.0,0
2018-05-27 18:01:35.344,209.45,0.138058545864,0.0,0
2018-05-27 18:01:35.451,209.69,0.138058545864,0.0,0
2018-05-27 18:01:35.539,211.63,0.138058545864,0.0,0
2018-05-27 18:01:35.623,210.61,0.138058545864,0.0,0
2018-05-27 18:01:35.716,210.82,0.138058545864,0.0,0
2018-05-27 18:01:35.809,210.64,0.138058545864,0.0,0
2018-05-27 18:01:35.902,211.52,0.138058545864,0.0,0
2018-05-27 18:01:36.064,210.85,0.138058545864,0.0,0
2018-05-27 18:01:36.157,212.38,0.138058545864,0.0,0
2018-05-27 18:01:36.250,211.25,0.138058545864,0.0,0
2018-05-27 18:01:36.343,213.02,0.138058545864,0.0,0
2018-05-27 18:01:36.427,212.34,0.138058545864,0.0,0
2018-05-27 18:01:36.520,213.17,0.138058545864,0.0,0
2018-05-27 18:01:36.604,213.78,0.138058545864,0.0,0
2018-05-27 18:01:36.697,212.31,0.138058545864,0.0,0
2018-05-27 18:01:36.790,213.59,0.138058545864,0.0,0
2018-05-27 18:01:36.883,214.78,0.138058545864,0.0,0
2018-05-27 18:01:37.045,214.61,0.138058545864,0.0,0
2018-05-27 18:01:37.325,215.9,0.138058545864,0.0,0
2018-05-27 18:01:37.594,218.43,0.138058545864,0.0,0
2018-05-27 18:01:37.688,217.52,0.138058545864,0.0,0
2018-05-27 18:01:37.874,218.76,0.138058545864,0.0,0
2018-05-27 18:01:38.129,216.73,0.138058545864,0.0,0
2018-05-27 18:01:38.222,216.72,0.138058545864,0.0,0
2018-05-27 18:01:38.678,214.78,0.138058545864,0.0,0
2018-05-27 18:01:38.855,212.52,0.138058545864,0.0,0
2018-05-27 18:01:39.017,210.07,0.138058545864,0.0,0
2018-05-27 18:01:39.110,212.22,0.138058545864,0.0,0
2018-05-27 18:01:39.473,208.85,0.138058545864,0.0,0
2018-05-27 18:01:39.659,207.81,0.138058545864,0.0,0
2018-05-27 18:01:39.845,206.79,0.138058545864,0.0,0
2018-05-27 18:01:40.007,208.45,0.138058545864,0.0,0
2018-05-27 18:01:40.100,206.52,0.138058545864,0.0,0
2018-05-27 18:01:40.184,206.19,0.138058545864,0.0,0
2018-05-27 18:01:40.370,206.79,0.138058545864,0.0,0
2018-05-27 18:01:40.454,207.64,0.138058545864,0.0,0
2018-05-27 18:01:40.547,208.95,0.138058545864,0.0,0
2018-05-27 18:01:40.641,206.68,0.138058545864,0.0,0
2018-05-27 18:01:40.728,207.29,0.138058545864,0.0,0
2018-05-27 18:01:40.817,208.95,0.138058545864,0.0,0
2018-05-27 18:01:41.062,207.56,0.138058545864,0.0,0
2018-05-27 18:01:41.155,208.14,0.138058545864,0.0,0
2018-05-27 18:01:41.249,208.28,0.138058545864,0.0,0
2018-05-27 18:01:41.342,208.25,0.138058545864,0.0,0
2018-05-27 18:01:41.426,208.48,0.138058545864,0.0,0
2018-05-27 18:01:41.789,210.58,0.138058545864,0.0,0
2018-05-27 18:01:41.882,210.04,0.138058545864,0.0,0
2018-05-27 18:01:42.127,211.25,0.138058545864,0.0,0
2018-05-27 18:01:42.220,210.27,0.138058545864,0.0,0
2018-05-27 18:01:42.314,210.75,0.138058545864,0.0,0
2018-05-27 18:01:42.397,210.29,0.138058545864,0.0,0
2018-05-27 18:01:42.490,212.27,0.138058545864,0.0,0
2018-05-27 18:01:42.583,210.54,0.138058545864,0.0,0
2018-05-27 18:01:42.676,212.48,0.138058545864,0.0,0
2018-05-27 18:01:42.770,211.18,0.138058545864,0.0,0
2018-05-27 18:01:42.863,213.29,0.138058545864,0.0,0
2018-05-27 18:01:43.118,213.0,0.138058545864,0.0,0
2018-05-27 18:01:43.304,213.32,0.138058545864,0.0,0
2018-05-27 18:01:43.388,213.35,0.138058545864,0.0,0
2018-05-27 18:01:43.574,216.03,0.138058545864,0.0,0
2018-05-27 18:01:43.853,217.01,0.138058545864,0.0,0
2018-05-27 18:01:44.015,215.76,0.138058545864,0.0,0
2018-05-27 18:01:44.108,216.23,0.138058545864,0.0,0
2018-05-27 18:01:44.294,216.97,0.138058545864,0.0,0
2018-05-27 18:01:44.378,218.43,0.138058545864,0.0,0
2018-05-27 18:01:44.471,217.03,0.138058545864,0.0,0
2018-05-27 18:01:44.657,218.24,0.138058545864,0.0,0
2018-05-27 18:01:45.098,219.71,0.138058545864,0.0,0
2018-05-27 18:01:45.191,219.41,0.138058545864,0.0,0
2018-05-27 18:01:45.555,220.84,0.138058545864,0.0,0
2018-05-27 18:01:45.648,221.77,0.138058545864,0.0,0
2018-05-27 18:01:45.741,221.15,0.138058545864,0.0,0
2018-05-27 18:01:45.834,221.0,0.138058545864,0.0,0
2018-05-27 18:01:45.927,221.35,0.138058545864,0.0,0
2018-05-27 18:01:46.182,222.61,0.138058545864,0.0,0
2018-05-27 18:01:46.368,222.52,0.138058545864,0.0,0
2018-05-27 18:01:46.545,222.98,0.138058545864,0.0,0
2018-05-27 18:01:46.638,223.32,0.138058545864,0.0,0
2018-05-27 18:01:46.824,224.37,0.138058545864,0.0,0
2018-05-27 18:01:46.913,223.95,0.138058545864,0.0,0
2018-05-27 18:01:47.070,224.58,0.138058545864,0.0,0
2018-05-27 18:01:47.154,225.23,0.138058545864,0.0,0
2018-05-27 18:01:47.340,225.38,0.138058545864,0.0,0
2018-05-27 18:01:47.424,227.04,0.138058545864,0.0,0
2018-05-27 18:01:48.218,227.54,0.138058545864,0.0,0
2018-05-27 18:01:48.488,227.02,0.138058545864,0.0,0
2018-05-27 18:01:48.582,228.38,0.138058545864,0.0,0
2018-05-27 18:01:48.768,227.68,0.138058545864,0.0,0
2018-05-27 18:01:49.106,228.46,0.138058545864,0.0,0
2018-05-27 18:01:49.200,228.45,0.138058545864,0.0,0
2018-05-27 18:01:49.293,229.07,0.138058545864,0.0,0
2018-05-27 18:01:49.386,229.23,0.138058545864,0.0,0
2018-05-27 18:01:49.563,228.39,0.138058545864,0.0,0
2018-05-27 18:01:49.749,228.98,0.138058545864,0.0,0
2018-05-27 18:01:50.182,229.41,0.138058545864,0.0,0
2018-05-27 18:01:50.357,230.17,0.138058545864,0.0,0
2018-05-27 18:01:50.637,230.72,0.138058545864,0.0,0
2018-05-27 18:01:51.152,231.07,0.138058545864,0.0,0
2018-05-27 18:01:51.245,230.9,0.138058545864,0.0,0
2018-05-27 18:01:52.133,231.83,0.138058545864,0.0,0
2018-05-27 18:01:53.217,221.47,0.138058545864,0.0,0
2018-05-27 18:01:53.403,218.68,0.138058545864,0.0,0
2018-05-27 18:01:54.477,213.85,0.138058545864,0.0,0
2018-05-27 18:01:55.105,212.86,0.138058545864,0.0,0
2018-05-27 18:01:55.375,213.65,0.138058545864,0.0,0
2018-05-27 18:01:55.654,212.78,0.138058545864,0.0,0
2018-05-27 18:01:56.002,213.84,0.138058545864,0.0,0
2018-05-27 18:01:56.188,213.07,0.138058545864,0.0,0
2018-05-27 18:01:56.458,215.45,0.138058545864,0.0,0
2018-05-27 18:01:56.551,214.3,0.138058545864,0.0,0
2018-05-27 18:01:56.737,215.49,0.138058545864,0.0,0
2018-05-27 18:01:57.448,217.4,0.138058545864,0.0,0
2018-05-27 18:01:57.635,216.81,0.138058545864,0.0,0
2018-05-27 18:01:57.909,218.57,0.138058545864,0.0,0
2018-05-27 18:01:58.690,218.02,0.138058545864,0.0,0
2018-05-27 18:01:58.876,218.81,0.138058545864,0.0,0
2018-05-27 18:01:59.038,217.14,0.138058545864,0.0,0
2018-05-27 18:01:59.215,216.25,0.138058545864,0.0,0
2018-05-27 18:01:59.308,215.79,0.138058545864,0.0,0
2018-05-27 18:01:59.485,216.13,0.138058545864,0.0,0
2018-05-27 18:01:59.578,214.29,0.138058545864,0.0,0
2018-05-27 18:01:59.858,212.69,0.138058545864,0.0,0
2018-05-27 18:02:00.466,211.6,0.138058545864,0.0,0
2018-05-27 18:02:00.559,212.12,0.138058545864,0.0,0
2018-05-27 18:02:00.652,210.53,0.138058545864,0.0,0
2018-05-27 18:02:00.746,211.88,0.138058545864,0.0,0
2018-05-27 18:02:00.922,209.53,0.138058545864,0.0,0
2018-05-27 18:02:01.177,210.02,0.138058545864,0.0,0
2018-05-27 18:02:01.354,210.01,0.138058545864,0.0,0
2018-05-27 18:02:01.447,211.85,0.138058545864,0.0,0
2018-05-27 18:02:01.540,210.82,0.138058545864,0.0,0
2018-05-27 18:02:01.722,212.34,0.138058545864,0.0,0
2018-05-27 18:02:01.810,211.3,0.138058545864,0.0,0
2018-05-27 18:02:01.894,211.28,0.138058545864,0.0,0
2018-05-27 18:02:02.056,211.06,0.138058545864,0.0,0
2018-05-27 18:02:02.149,212.56,0.138058545864,0.0,0
2018-05-27 18:02:02.242,212.14,0.138058545864,0.0,0
2018-05-27 18:02:02.335,213.37,0.138058545864,0.0,0
2018-05-27 18:02:02.522,212.39,0.138058545864,0.0,0
2018-05-27 18:02:02.605,212.04,0.138058545864,0.0,0
2018-05-27 18:02:02.698,214.04,0.138058545864,0.0,0
2018-05-27 18:02:02.875,213.08,0.138058545864,0.0,0
2018-05-27 18:02:03.130,214.49,0.138058545864,0.0,0
2018-05-27 18:02:03.224,213.33,0.138058545864,0.0,0
2018-05-27 18:02:03.316,213.7,0.138058545864,0.0,0
2018-05-27 18:02:03.521,213.97,0.138058545864,0.0,0
2018-05-27 18:02:03.707,214.77,0.138058545864,0.0,0
2018-05-27 18:02:03.801,214.74,0.138058545864,0.0,0
2018-05-27 18:02:04.055,216.1,0.138058545864,0.0,0
2018-05-27 18:02:04.782,217.93,0.138058545864,0.0,0
2018-05-27 18:02:04.875,220.04,0.138058545864,0.0,0
2018-05-27 18:02:05.037,220.88,0.138058545864,0.0,0
2018-05-27 18:02:05.130,219.05,0.138058545864,0.0,0
2018-05-27 18:02:05.223,219.3,0.138058545864,0.0,0
2018-05-27 18:02:05.307,220.24,0.138058545864,0.0,0
2018-05-27 18:02:05.400,220.17,0.138058545864,0.0,0
2018-05-27 18:02:05.577,221.35,0.138058545864,0.0,0
2018-05-27 18:02:05.670,221.68,0.138058545864,0.0,0
2018-05-27 18:02:05.763,222.78,0.138058545864,0.0,0
2018-05-27 18:02:05.856,222.91,0.138058545864,0.0,0
2018-05-27 18:02:06.019,222.08,0.138058545864,0.0,0
2018-05-27 18:02:06.102,223.66,0.138058545864,0.0,0
2018-05-27 18:02:06.195,224.54,0.138058545864,0.0,0
2018-05-27 18:02:06.381,223.47,0.138058545864,0.0,0
2018-05-27 18:02:06.465,225.46,0.138058545864,0.0,0
2018-05-27 18:02:06.558,224.08,0.138058545864,0.0,0
2018-05-27 18:02:06.670,224.2,0.138058545864,0.0,0
2018-05-27 18:02:07.111,226.37,0.138058545864,0.0,0
2018-05-27 18:02:07.194,225.68,0.138058545864,0.0,0
2018-05-27 18:02:07.288,226.04,0.138058545864,0.0,0
2018-05-27 18:02:07.381,226.5,0.138058545864,0.0,0
2018-05-27 18:02:07.464,225.69,0.138058545864,0.0,0
2018-05-27 18:02:07.651,226.31,0.138058545864,0.0,0
2018-05-27 18:02:07.744,227.29,0.138058545864,0.0,0
2018-05-27 18:02:08.446,230.22,0.138058545864,0.0,0
2018-05-27 18:02:08.539,229.79,0.138058545864,0.0,0
2018-05-27 18:02:08.632,230.06,0.138058545864,0.0,0
2018-05-27 18:02:08.725,229.54,0.138058545864,0.0,0
2018-05-27 18:02:08.907,230.78,0.138058545864,0.0,0
2018-05-27 18:02:09.064,230.96,0.138058545864,0.0,0
2018-05-27 18:02:09.241,230.77,0.138058545864,0.0,0
2018-05-27 18:02:09.334,231.19,0.138058545864,0.0,0
2018-05-27 18:02:09.427,231.74,0.138058545864,0.0,0
2018-05-27 18:02:09.613,232.34,0.138058545864,0.0,0
2018-05-27 18:02:09.707,232.63,0.138058545864,0.0,0
2018-05-27 18:02:09.790,232.15,0.138058545864,0.0,0
2018-05-27 18:02:09.883,233.05,0.138058545864,0.0,0
2018-05-27 18:02:10.045,233.27,0.138058545864,0.0,0
2018-05-27 18:02:10.138,232.99,0.138058545864,0.0,0
2018-05-27 18:02:10.222,233.96,0.138058545864,0.0,0
2018-05-27 18:02:10.306,233.94,0.138058545864,0.0,0
2018-05-27 18:02:10.482,235.34,0.138058545864,0.0,0
2018-05-27 18:02:10.576,235.43,0.138058545864,0.0,0
2018-05-27 18:02:10.762,234.93,0.138058545864,0.0,0
2018-05-27 18:02:10.855,235.0,0.138058545864,0.0,0
2018-05-27 18:02:11.017,234.59,0.138058545864,0.0,0
2018-05-27 18:02:11.110,232.97,0.138058545864,0.0,0
2018-05-27 18:02:11.380,231.75,0.138058545864,0.0,0
2018-05-27 18:02:11.752,226.42,0.138058545864,0.0,0
2018-05-27 18:02:12.007,224.76,0.138058545864,0.0,0
2018-05-27 18:02:12.194,223.31,0.138058545864,0.0,0
2018-05-27 18:02:12.370,221.59,0.138058545864,0.0,0
2018-05-27 18:02:12.454,219.75,0.138058545864,0.0,0
2018-05-27 18:02:12.640,220.31,0.138058545864,0.0,0
2018-05-27 18:02:12.733,219.15,0.138058545864,0.0,0
2018-05-27 18:02:13.165,216.9,0.138058545864,0.0,0
2018-05-27 18:02:13.258,215.5,0.138058545864,0.0,0
2018-05-27 18:02:13.519,213.54,0.138058545864,0.0,0
2018-05-27 18:02:13.789,213.02,0.138058545864,0.0,0
2018-05-27 18:02:14.044,210.91,0.138058545864,0.0,0
2018-05-27 18:02:14.137,210.93,0.138058545864,0.0,0
2018-05-27 18:02:14.323,211.9,0.138058545864,0.0,0
2018-05-27 18:02:14.408,211.41,0.138058545864,0.0,0
2018-05-27 18:02:14.500,209.88,0.138058545864,0.0,0
2018-05-27 18:02:14.594,210.53,0.138058545864,0.0,0
2018-05-27 18:02:14.770,207.32,0.138058545864,0.0,0
2018-05-27 18:02:14.864,208.85,0.138058545864,0.0,0
2018-05-27 18:02:15.026,206.39,0.138058545864,0.0,0
2018-05-27 18:02:15.119,206.92,0.138058545864,0.0,0
2018-05-27 18:02:15.212,205.14,0.138058545864,0.0,0
2018-05-27 18:02:15.295,204.23,0.138058545864,0.0,0
2018-05-27 18:02:15.379,203.46,0.138058545864,0.0,0
2018-05-27 18:02:15.481,203.61,0.138058545864,0.0,0
2018-05-27 18:02:15.668,205.05,0.138058545864,0.0,0
2018-05-27 18:02:15.761,203.89,0.138058545864,0.0,0
2018-05-27 18:02:15.854,205.18,0.138058545864,0.0,0
2018-05-27 18:02:16.101,204.11,0.138058545864,0.0,0
2018-05-27 18:02:16.193,204.05,0.138058545864,0.0,0
2018-05-27 18:02:16.463,204.89,0.138058545864,0.0,0
2018-05-27 18:02:16.649,205.74,0.138058545864,0.0,0
2018-05-27 18:02:16.835,205.57,0.138058545864,0.0,0
2018-05-27 18:02:17.090,206.27,0.138058545864,0.0,0
2018-05-27 18:02:17.183,206.54,0.138058545864,0.0,0
2018-05-27 18:02:17.258,206.34,0.138058545864,0.0,0
2018-05-27 18:02:17.351,207.66,0.138058545864,0.0,0
2018-05-27 18:02:17.444,207.09,0.138058545864,0.0,0
2018-05-27 18:02:17.537,208.09,0.138058545864,0.0,0
2018-05-27 18:02:17.630,207.96,0.138058545864,0.0,0
2018-05-27 18:02:17.723,208.74,0.138058545864,0.0,0
2018-05-27 18:02:17.817,208.48,0.138058545864,0.0,0
2018-05-27 18:02:17.905,208.35,0.138058545864,0.0,0
2018-05-27 18:02:18.062,210.23,0.138058545864,0.0,0
2018-05-27 18:02:18.146,210.99,0.138058545864,0.0,0
2018-05-27 18:02:18.239,210.2,0.138058545864,0.0,0
2018-05-27 18:02:18.332,211.47,0.138058545864,0.0,0
2018-05-27 18:02:18.416,212.08,0.138058545864,0.0,0
2018-05-27 18:02:18.509,211.54,0.138058545864,0.0,0
2018-05-27 18:02:18.593,213.18,0.138058545864,0.0,0
2018-05-27 18:02:18.686,212.12,0.138058545864,0.0,0
2018-05-27 18:02:18.779,213.92,0.138058545864,0.0,0
2018-05-27 18:02:18.872,212.56,0.138058545864,0.0,0
2018-05-27 18:02:19.220,214.31,0.138058545864,0.0,0
2018-05-27 18:02:19.397,214.79,0.138058545864,0.0,0
2018-05-27 18:02:20.117,215.23,0.138058545864,0.0,0
2018-05-27 18:02:20.304,213.81,0.138058545864,0.0,0
2018-05-27 18:02:20.480,212.13,0.138058545864,0.0,0
2018-05-27 18:02:20.574,210.75,0.138058545864,0.0,0
2018-05-27 18:02:20.853,210.69,0.138058545864,0.0,0
2018-05-27 18:02:21.015,208.47,0.138058545864,0.0,0
2018-05-27 18:02:21.201,207.9,0.138058545864,0.0,0
2018-05-27 18:02:21.379,209.13,0.138058545864,0.0,0
2018-05-27 18:02:21.471,207.86,0.138058545864,0.0,0
2018-05-27 18:02:21.564,209.28,0.138058545864,0.0,0
2018-05-27 18:02:21.750,210.12,0.138058545864,0.0,0
2018-05-27 18:02:21.843,208.14,0.138058545864,0.0,0
2018-05-27 18:02:22.005,209.96,0.138058545864,0.0,0
2018-05-27 18:02:22.098,208.91,0.138058545864,0.0,0
2018-05-27 18:02:22.191,209.54,0.138058545864,0.0,0
2018-05-27 18:02:22.303,208.32,0.138058545864,0.0,0
2018-05-27 18:02:22.480,209.52,0.138058545864,0.0,0
2018-05-27 18:02:22.574,209.68,0.138058545864,0.0,0
2018-05-27 18:02:22.657,210.23,0.138058545864,0.0,0
2018-05-27 18:02:22.843,210.5,0.138058545864,0.0,0
2018-05-27 18:02:23.098,211.78,0.138058545864,0.0,0
2018-05-27 18:02:23.191,210.22,0.138058545864,0.0,0
2018-05-27 18:02:23.284,211.66,0.138058545864,0.0,0
2018-05-27 18:02:23.369,211.15,0.138058545864,0.0,0
2018-05-27 18:02:23.462,211.31,0.138058545864,0.0,0
2018-05-27 18:02:23.648,212.2,0.138058545864,0.0,0
2018-05-27 18:02:23.741,211.66,0.138058545864,0.0,0
2018-05-27 18:02:23.834,213.0,0.138058545864,0.0,0
2018-05-27 18:02:23.927,211.07,0.138058545864,0.0,0
2018-05-27 18:02:24.089,212.11,0.138058545864,0.0,0
2018-05-27 18:02:24.275,212.75,0.138058545864,0.0,0
2018-05-27 18:02:24.815,214.69,0.138058545864,0.0,0
2018-05-27 18:02:24.907,215.02,0.138058545864,0.0,0
2018-05-27 18:02:25.061,216.5,0.138058545864,0.0,0
2018-05-27 18:02:25.237,217.59,0.138058545864,0.0,0
2018-05-27 18:02:25.331,216.53,0.138058545864,0.0,0
2018-05-27 18:02:25.601,217.56,0.138058545864,0.0,0
2018-05-27 18:02:25.694,219.03,0.138058545864,0.0,0
2018-05-27 18:02:25.779,218.05,0.138058545864,0.0,0
2018-05-27 18:02:25.871,217.98,0.138058545864,0.0,0
2018-05-27 18:02:26.032,216.49,0.138058545864,0.0,0
2018-05-27 18:02:26.116,218.04,0.138058545864,0.0,0
2018-05-27 18:02:26.582,219.05,0.138058545864,0.0,0
2018-05-27 18:02:26.675,219.86,0.138058545864,0.0,0
2018-05-27 18:02:26.861,219.34,0.138058545864,0.0,0
2018-05-27 18:02:27.479,223.65,0.138058545864,0.0,0
2018-05-27 18:02:27.572,221.79,0.138058545864,0.0,0
2018-05-27 18:02:27.665,222.27,0.138058545864,0.0,0
2018-05-27 18:02:27.852,224.32,0.138058545864,0.0,0
2018-05-27 18:02:28.014,224.42,0.138058545864,0.0,0
2018-05-27 18:02:28.107,223.84,0.138058545864,0.0,0
2018-05-27 18:02:28.200,223.23,0.138058545864,0.0,0
2018-05-27 18:02:28.377,225.02,0.138058545864,0.0,0
2018-05-27 18:02:28.470,224.66,0.138058545864,0.0,0
2018-05-27 18:02:28.563,224.73,0.138058545864,0.0,0
2018-05-27 18:02:28.656,224.64,0.138058545864,0.0,0
2018-05-27 18:02:28.842,226.41,0.138058545864,0.0,0
2018-05-27 18:02:29.097,226.07,0.138058545864,0.0,0
2018-05-27 18:02:29.284,226.28,0.138058545864,0.0,0
2018-05-27 18:02:29.553,228.11,0.138058545864,0.0,0
2018-05-27 18:02:29.646,226.78,0.138058545864,0.0,0
2018-05-27 18:02:29.740,227.42,0.138058545864,0.0,0
2018-05-27 18:02:30.181,227.42,0.138058545864,0.0,0
2018-05-27 18:02:30.358,228.73,0.138058545864,0.0,0
2018-05-27 18:02:30.730,229.07,0.138058545864,0.0,0
2018-05-27 18:02:30.823,229.44,0.138058545864,0.0,0
2018-05-27 18:02:31.078,229.86,0.138058545864,0.0,0
2018-05-27 18:02:31.721,231.8,0.138058545864,0.0,0
2018-05-27 18:02:32.609,234.42,0.138058545864,0.0,0
2018-05-27 18:02:33.404,234.84,0.138058545864,0.0,0
2018-05-27 18:02:33.488,236.39,0.138058545864,0.0,0
2018-05-27 18:02:33.581,235.18,0.138058545864,0.0,0
2018-05-27 18:02:33.674,234.19,0.138058545864,0.0,0
2018-05-27 18:02:34.012,228.33,0.138058545864,0.0,0
2018-05-27 18:02:34.292,225.39,0.138058545864,0.0,0
2018-05-27 18:02:34.646,221.31,0.138058545864,0.0,0
2018-05-27 18:02:34.739,219.75,0.138058545864,0.0,0
2018-05-27 18:02:34.925,219.12,0.138058545864,0.0,0
2018-05-27 18:02:35.716,214.14,0.138058545864,0.0,0
2018-05-27 18:02:35.809,212.91,0.138058545864,0.0,0
2018-05-27 18:02:36.496,212.28,0.138058545864,0.0,0
2018-05-27 18:02:37.207,211.24,0.138058545864,0.0,0
2018-05-27 18:02:37.301,212.16,0.138058545864,0.0,0
2018-05-27 18:02:37.385,211.35,0.138058545864,0.0,0
2018-05-27 18:02:37.757,211.44,0.138058545864,0.0,0
2018-05-27 18:02:38.105,212.23,0.138058545864,0.0,0
2018-05-27 18:02:38.282,213.6,0.138058545864,0.0,0
2018-05-27 18:02:38.552,212.91,0.138058545864,0.0,0
2018-05-27 18:02:38.645,214.67,0.138058545864,0.0,0
2018-05-27 18:02:38.738,214.19,0.138058545864,0.0,0
2018-05-27 18:02:38.924,216.02,0.138058545864,0.0,0
2018-05-27 18:02:39.263,216.35,0.138058545864,0.0,0
2018-05-27 18:02:39.440,216.18,0.138058545864,0.0,0
2018-05-27 18:02:40.058,219.6,0.138058545864,0.0,0
2018-05-27 18:02:40.142,217.59,0.138058545864,0.0,0
2018-05-27 18:02:40.515,217.11,0.138058545864,0.0,0
2018-05-27 18:02:41.039,214.68,0.138058545864,0.0,0
2018-05-27 18:02:41.123,212.94,0.138058545864,0.0,0
2018-05-27 18:02:41.747,208.36,0.138058545864,0.0,0
2018-05-27 18:02:42.002,206.57,0.138058545864,0.0,0
2018-05-27 18:02:42.095,206.1,0.138058545864,0.0,0
2018-05-27 18:02:42.188,204.01,0.138058545864,0.0,0
2018-05-27 18:02:42.458,202.15,0.138058545864,0.0,0
2018-05-27 18:02:42.645,203.6,0.138058545864,0.0,0
2018-05-27 18:02:42.738,202.55,0.138058545864,0.0,0
2018-05-27 18:02:42.924,203.21,0.138058545864,0.0,0
2018-05-27 18:02:43.086,203.48,0.138058545864,0.0,0
2018-05-27 18:02:43.179,205.13,0.138058545864,0.0,0
2018-05-27 18:02:43.272,203.38,0.138058545864,0.0,0
2018-05-27 18:02:43.356,204.15,0.138058545864,0.0,0
2018-05-27 18:02:43.542,204.25,0.138058545864,0.0,0
2018-05-27 18:02:43.635,205.23,0.138058545864,0.0,0
2018-05-27 18:02:43.728,205.35,0.138058545864,0.0,0
2018-05-27 18:02:43.821,205.45,0.138058545864,0.0,0
2018-05-27 18:02:43.915,206.9,0.138058545864,0.0,0
2018-05-27 18:02:44.076,205.15,0.138058545864,0.0,0
2018-05-27 18:02:44.263,206.52,0.138058545864,0.0,0
2018-05-27 18:02:44.440,207.77,0.138058545864,0.0,0
2018-05-27 18:02:44.533,206.84,0.138058545864,0.0,0
2018-05-27 18:02:44.719,206.61,0.138058545864,0.0,0
2018-05-27 18:02:44.900,209.03,0.138058545864,0.0,0
2018-05-27 18:02:45.142,209.33,0.138058545864,0.0,0
2018-05-27 18:02:45.318,210.67,0.138058545864,0.0,0
2018-05-27 18:02:45.496,210.02,0.138058545864,0.0,0
2018-05-27 18:02:45.588,210.83,0.138058545864,0.0,0
2018-05-27 18:02:45.682,211.73,0.138058545864,0.0,0
2018-05-27 18:02:45.775,210.59,0.138058545864,0.0,0
2018-05-27 18:02:45.868,213.24,0.138058545864,0.0,0
2018-05-27 18:02:46.113,212.39,0.138058545864,0.0,0
2018-05-27 18:02:46.207,212.68,0.138058545864,0.0,0
2018-05-27 18:02:46.300,214.15,0.138058545864,0.0,0
2018-05-27 18:02:46.393,213.68,0.138058545864,0.0,0
2018-05-27 18:02:46.477,213.54,0.138058545864,0.0,0
2018-05-27 18:02:46.570,214.54,0.138058545864,0.0,0
2018-05-27 18:02:46.663,216.37,0.138058545864,0.0,0
2018-05-27 18:02:46.756,214.85,0.138058545864,0.0,0
2018-05-27 18:02:46.849,216.24,0.138058545864,0.0,0
2018-05-27 18:02:47.002,216.31,0.138058545864,0.0,0
2018-05-27 18:02:47.095,217.41,0.138058545864,0.0,0
2018-05-27 18:02:47.188,218.29,0.138058545864,0.0,0
2018-05-27 18:02:47.281,216.92,0.138058545864,0.0,0
2018-05-27 18:02:47.458,217.68,0.138058545864,0.0,0
2018-05-27 18:02:47.551,217.59,0.138058545864,0.0,0
2018-05-27 18:02:47.644,218.0,0.138058545864,0.0,0
2018-05-27 18:02:47.821,219.67,0.138058545864,0.0,0
2018-05-27 18:02:48.076,218.73,0.138058545864,0.0,0
2018-05-27 18:02:48.169,220.23,0.138058545864,0.0,0
2018-05-27 18:02:48.262,220.23,0.138058545864,0.0,0
2018-05-27 18:02:48.355,219.82,0.138058545864,0.0,0
2018-05-27 18:02:48.439,220.73,0.138058545864,0.0,0
2018-05-27 18:02:48.533,220.11,0.138058545864,0.0,0
2018-05-27 18:02:48.621,222.11,0.138058545864,0.0,0
2018-05-27 18:02:48.700,222.27,0.138058545864,0.0,0
2018-05-27 18:02:48.886,221.65,0.138058545864,0.0,0
2018-05-27 18:02:49.056,221.82,0.138058545864,0.0,0
2018-05-27 18:02:49.142,222.23,0.138058545864,0.0,0
2018-05-27 18:02:49.327,224.35,0.138058545864,0.0,0
2018-05-27 18:02:49.421,223.99,0.138058545864,0.0,0
2018-05-27 18:02:50.122,224.61,0.138058545864,0.0,0
2018-05-27 18:02:50.216,224.41,0.138058545864,0.0,0
2018-05-27 18:02:50.309,224.8,0.138058545864,0.0,0
2018-05-27 18:02:50.486,224.85,0.138058545864,0.0,0
2018-05-27 18:02:50.579,225.02,0.138058545864,0.0,0
2018-05-27 18:02:50.672,225.61,0.138058545864,0.0,0
2018-05-27 18:02:50.858,225.76,0.138058545864,0.0,0
2018-05-27 18:02:51.020,227.36,0.138058545864,0.0,0
2018-05-27 18:02:51.113,227.72,0.138058545864,0.0,0
2018-05-27 18:02:51.206,227.11,0.138058545864,0.0,0
2018-05-27 18:02:51.383,227.44,0.138058545864,0.0,0
2018-05-27 18:02:51.476,228.42,0.138058545864,0.0,0
2018-05-27 18:02:51.569,228.23,0.138058545864,0.0,0
2018-05-27 18:02:51.662,228.62,0.138058545864,0.0,0
2018-05-27 18:02:51.849,228.32,0.138058545864,0.0,0
2018-05-27 18:02:52.011,228.15,0.138058545864,0.0,0
2018-05-27 18:02:52.197,228.58,0.138058545864,0.0,0
2018-05-27 18:02:52.291,228.59,0.138058545864,0.0,0
2018-05-27 18:02:52.374,230.45,0.138058545864,0.0,0
2018-05-27 18:02:52.467,230.57,0.138058545864,0.0,0
2018-05-27 18:02:52.560,229.64,0.138058545864,0.0,0
2018-05-27 18:02:52.653,230.63,0.138058545864,0.0,0
2018-05-27 18:02:52.839,230.37,0.138058545864,0.0,0
2018-05-27 18:02:53.001,230.67,0.138058545864,0.0,0
2018-05-27 18:02:53.187,230.35,0.138058545864,0.0,0
2018-05-27 18:02:53.281,230.66,0.138058545864,0.0,0
2018-05-27 18:02:53.364,230.89,0.138058545864,0.0,0
2018-05-27 18:02:53.551,231.36,0.138058545864,0.0,0
2018-05-27 18:02:53.830,232.11,0.138058545864,0.0,0
2018-05-27 18:02:53.923,232.5,0.138058545864,0.0,0
2018-05-27 18:02:54.727,225.41,0.138058545864,0.0,0
2018-05-27 18:02:54.914,223.54,0.138058545864,0.0,0
2018-05-27 18:02:55.169,223.06,0.138058545864,0.0,0
2018-05-27 18:02:55.439,220.6,0.138058545864,0.0,0
2018-05-27 18:02:55.532,218.64,0.138058545864,0.0,0
2018-05-27 18:02:55.811,215.78,0.138058545864,0.0,0
2018-05-27 18:02:55.900,215.94,0.138058545864,0.0,0
2018-05-27 18:02:56.057,213.97,0.138058545864,0.0,0
2018-05-27 18:02:56.327,212.74,0.138058545864,0.0,0
2018-05-27 18:02:56.420,211.08,0.138058545864,0.0,0
2018-05-27 18:02:56.494,211.95,0.138058545864,0.0,0
2018-05-27 18:02:56.588,210.49,0.138058545864,0.0,0
2018-05-27 18:02:56.676,209.94,0.138058545864,0.0,0
2018-05-27 18:02:56.858,212.0,0.138058545864,0.0,0
2018-05-27 18:02:57.206,210.51,0.138058545864,0.0,0
2018-05-27 18:02:57.299,211.64,0.138058545864,0.0,0
2018-05-27 18:02:57.392,210.28,0.138058545864,0.0,0
2018-05-27 18:02:57.476,210.86,0.138058545864,0.0,0
2018-05-27 18:02:57.653,210.84,0.138058545864,0.0,0
2018-05-27 18:02:57.839,210.9,0.138058545864,0.0,0
2018-05-27 18:02:58.001,212.63,0.138058545864,0.0,0
2018-05-27 18:02:58.094,211.33,0.138058545864,0.0,0
2018-05-27 18:02:58.187,211.36,0.138058545864,0.0,0
2018-05-27 18:02:58.280,213.54,0.138058545864,0.0,0
2018-05-27 18:02:58.364,212.94,0.138058545864,0.0,0
2018-05-27 18:02:58.457,211.55,0.138058545864,0.0,0
2018-05-27 18:02:58.541,212.18,0.138058545864,0.0,0
2018-05-27 18:02:58.727,214.21,0.138058545864,0.0,0
2018-05-27 18:02:59.075,212.83,0.138058545864,0.0,0
2018-05-27 18:02:59.168,213.05,0.138058545864,0.0,0
2018-05-27 18:02:59.261,213.91,0.138058545864,0.0,0
2018-05-27 18:02:59.346,214.69,0.138058545864,0.0,0
2018-05-27 18:02:59.531,214.12,0.138058545864,0.0,0
2018-05-27 18:02:59.625,215.62,0.138058545864,0.0,0
2018-05-27 18:02:59.718,214.28,0.138058545864,0.0,0
2018-05-27 18:02:59.811,215.59,0.138058545864,0.0,0
2018-05-27 18:02:59.904,216.37,0.138058545864,0.0,0
2018-05-27 18:03:00.057,216.63,0.138058545864,0.0,0
2018-05-27 18:03:00.140,216.13,0.138058545864,0.0,0
2018-05-27 18:03:00.234,217.75,0.138058545864,0.0,0
2018-05-27 18:03:00.327,215.83,0.138058545864,0.0,0
2018-05-27 18:03:00.420,217.05,0.138058545864,0.0,0
2018-05-27 18:03:00.513,219.0,0.138058545864,0.0,0
2018-05-27 18:03:00.606,217.61,0.138058545864,0.0,0
2018-05-27 18:03:00.792,219.44,0.138058545864,0.0,0
2018-05-27 18:03:00.885,219.0,0.138058545864,0.0,0
2018-05-27 18:03:01.140,217.51,0.138058545864,0.0,0
2018-05-27 18:03:01.504,215.75,0.138058545864,0.0,0
2018-05-27 18:03:01.867,213.63,0.138058545864,0.0,0
2018-05-27 18:03:02.122,213.08,0.138058545864,0.0,0
2018-05-27 18:03:02.215,211.35,0.138058545864,0.0,0
2018-05-27 18:03:02.475,210.23,0.138058545864,0.0,0
2018-05-27 18:03:02.568,210.65,0.138058545864,0.0,0
2018-05-27 18:03:02.755,210.67,0.138058545864,0.0,0
2018-05-27 18:03:02.848,209.19,0.138058545864,0.0,0
2018-05-27 18:03:03.104,208.66,0.138058545864,0.0,0
2018-05-27 18:03:03.196,210.32,0.138058545864,0.0,0
2018-05-27 18:03:03.289,209.4,0.138058545864,0.0,0
2018-05-27 18:03:03.373,209.49,0.138058545864,0.0,0
2018-05-27 18:03:03.466,210.21,0.138058545864,0.0,0
2018-05-27 18:03:03.559,209.74,0.138058545864,0.0,0
2018-05-27 18:03:03.652,209.83,0.138058545864,0.0,0
2018-05-27 18:03:03.829,210.16,0.138058545864,0.0,0
2018-05-27 18:03:04.075,209.79,0.138058545864,0.0,0
2018-05-27 18:03:04.252,211.32,0.138058545864,0.0,0
2018-05-27 18:03:04.346,209.65,0.138058545864,0.0,0
2018-05-27 18:03:04.530,210.13,0.138058545864,0.0,0
2018-05-27 18:03:04.885,212.36,0.138058545864,0.0,0
2018-05-27 18:03:05.047,211.21,0.138058545864,0.0,0
2018-05-27 18:03:05.135,211.58,0.138058545864,0.0,0
2018-05-27 18:03:05.224,211.24,0.138058545864,0.0,0
2018-05-27 18:03:05.317,212.84,0.138058545864,0.0,0
2018-05-27 18:03:05.401,212.96,0.138058545864,0.0,0
2018-05-27 18:03:05.494,211.0,0.138058545864,0.0,0
2018-05-27 18:03:05.587,212.36,0.138058545864,0.0,0
2018-05-27 18:03:05.680,213.57,0.138058545864,0.0,0
2018-05-27 18:03:05.774,212.86,0.138058545864,0.0,0
2018-05-27 18:03:05.857,212.74,0.138058545864,0.0,0
2018-05-27 18:03:06.019,213.75,0.138058545864,0.0,0
2018-05-27 18:03:06.112,214.79,0.138058545864,0.0,0
2018-05-27 18:03:06.205,214.56,0.138058545864,0.0,0
2018-05-27 18:03:06.298,216.02,0.138058545864,0.0,0
2018-05-27 18:03:06.475,216.42,0.138058545864,0.0,0
2018-05-27 18:03:06.568,215.66,0.138058545864,0.0,0
2018-05-27 18:03:06.662,216.36,0.138058545864,0.0,0
2018-05-27 18:03:06.745,216.59,0.138058545864,0.0,0
2018-05-27 18:03:06.838,217.78,0.138058545864,0.0,0
2018-05-27 18:03:07.093,217.0,0.138058545864,0.0,0
2018-05-27 18:03:07.186,217.51,0.138058545864,0.0,0
2018-05-27 18:03:07.279,218.81,0.138058545864,0.0,0
2018-05-27 18:03:07.456,218.99,0.138058545864,0.0,0
2018-05-27 18:03:07.634,219.07,0.138058545864,0.0,0
2018-05-27 18:03:07.726,219.62,0.138058545864,0.0,0
2018-05-27 18:03:08.075,221.12,0.138058545864,0.0,0
2018-05-27 18:03:08.168,219.9,0.138058545864,0.0,0
2018-05-27 18:03:08.438,220.78,0.138058545864,0.0,0
2018-05-27 18:03:08.521,221.12,0.138058545864,0.0,0
2018-05-27 18:03:08.605,222.34,0.138058545864,0.0,0
2018-05-27 18:03:08.698,222.37,0.138058545864,0.0,0
2018-05-27 18:03:08.792,221.98,0.138058545864,0.0,0
2018-05-27 18:03:08.885,222.28,0.138058545864,0.0,0
2018-05-27 18:03:09.046,222.53,0.138058545864,0.0,0
2018-05-27 18:03:09.140,224.07,0.138058545864,0.0,0
2018-05-27 18:03:09.233,223.63,0.138058545864,0.0,0
2018-05-27 18:03:09.493,223.56,0.138058545864,0.0,0
2018-05-27 18:03:09.773,226.18,0.138058545864,0.0,0
2018-05-27 18:03:09.866,226.21,0.138058545864,0.0,0
2018-05-27 18:03:10.121,224.34,0.138058545864,0.0,0
2018-05-27 18:03:10.214,225.03,0.138058545864,0.0,0
2018-05-27 18:03:10.308,225.2,0.138058545864,0.0,0
2018-05-27 18:03:10.577,225.98,0.138058545864,0.0,0
2018-05-27 18:03:10.671,225.15,0.138058545864,0.0,0
2018-05-27 18:03:10.857,227.64,0.138058545864,0.0,0
2018-05-27 18:03:11.112,228.48,0.138058545864,0.0,0
2018-05-27 18:03:11.205,228.61,0.138058545864,0.0,0
2018-05-27 18:03:11.298,227.99,0.138058545864,0.0,0
2018-05-27 18:03:12.289,229.2,0.138058545864,0.0,0
2018-05-27 18:03:13.187,232.03,0.138058545864,0.0,0
2018-05-27 18:03:13.457,230.82,0.138058545864,0.0,0
2018-05-27 18:03:13.550,231.3,0.138058545864,0.0,0
2018-05-27 18:03:14.262,232.66,0.138058545864,0.0,0
2018-05-27 18:03:15.038,228.67,0.138058545864,0.0,0
2018-05-27 18:03:15.141,225.89,0.138058545864,0.0,0
2018-05-27 18:03:15.225,225.86,0.138058545864,0.0,0
2018-05-27 18:03:15.681,220.09,0.138058545864,0.0,0
2018-05-27 18:03:15.867,219.24,0.138058545864,0.0,0
2018-05-27 18:03:16.123,215.81,0.138058545864,0.0,0
2018-05-27 18:03:16.216,216.79,0.138058545864,0.0,0
2018-05-27 18:03:16.393,215.62,0.138058545864,0.0,0
2018-05-27 18:03:16.486,213.02,0.138058545864,0.0,0
2018-05-27 18:03:16.765,211.63,0.138058545864,0.0,0
2018-05-27 18:03:17.387,210.46,0.138058545864,0.0,0
2018-05-27 18:03:17.570,209.5,0.138058545864,0.0,0
2018-05-27 18:03:17.663,211.01,0.138058545864,0.0,0
2018-05-27 18:03:18.468,209.82,0.138058545864,0.0,0
2018-05-27 18:03:18.561,209.84,0.138058545864,0.0,0
2018-05-27 18:03:18.654,210.15,0.138058545864,0.0,0
2018-05-27 18:03:18.747,210.16,0.138058545864,0.0,0
2018-05-27 18:03:18.840,211.43,0.138058545864,0.0,0
2018-05-27 18:03:19.188,210.9,0.138058545864,0.0,0
2018-05-27 18:03:19.281,212.31,0.138058545864,0.0,0
2018-05-27 18:03:19.645,212.75,0.138058545864,0.0,0
2018-05-27 18:03:19.738,211.89,0.138058545864,0.0,0
2018-05-27 18:03:19.924,211.72,0.138058545864,0.0,0
2018-05-27 18:03:20.543,215.71,0.138058545864,0.0,0
2018-05-27 18:03:20.636,214.63,0.138058545864,0.0,0
2018-05-27 18:03:20.822,215.98,0.138058545864,0.0,0
2018-05-27 18:03:21.077,217.33,0.138058545864,0.0,0
2018-05-27 18:03:21.263,217.21,0.138058545864,0.0,0
2018-05-27 18:03:21.901,218.08,0.138058545864,0.0,0
2018-05-27 18:03:22.142,217.29,0.138058545864,0.0,0
2018-05-27 18:03:22.860,213.58,0.138058545864,0.0,0
2018-05-27 18:03:23.022,214.42,0.138058545864,0.0,0
2018-05-27 18:03:23.106,212.23,0.138058545864,0.0,0
2018-05-27 18:03:23.469,212.24,0.138058545864,0.0,0
2018-05-27 18:03:23.925,210.72,0.138058545864,0.0,0
2018-05-27 18:03:24.180,209.63,0.138058545864,0.0,0
2018-05-27 18:03:24.357,210.99,0.138058545864,0.0,0
2018-05-27 18:03:24.627,210.84,0.138058545864,0.0,0
2018-05-27 18:03:24.902,213.73,0.138058545864,0.0,0
2018-05-27 18:03:25.059,211.66,0.138058545864,0.0,0
2018-05-27 18:03:25.143,211.65,0.138058545864,0.0,0
2018-05-27 18:03:25.236,213.31,0.138058545864,0.0,0
2018-05-27 18:03:25.329,212.55,0.138058545864,0.0,0
2018-05-27 18:03:25.423,212.79,0.138058545864,0.0,0
2018-05-27 18:03:25.516,213.66,0.138058545864,0.0,0
2018-05-27 18:03:25.609,212.65,0.138058545864,0.0,0
2018-05-27 18:03:25.702,214.34,0.138058545864,0.0,0
2018-05-27 18:03:25.795,212.99,0.138058545864,0.0,0
2018-05-27 18:03:25.889,212.66,0.138058545864,0.0,0
2018-05-27 18:03:26.041,213.3,0.138058545864,0.0,0
2018-05-27 18:03:26.134,215.06,0.138058545864,0.0,0
2018-05-27 18:03:26.218,213.38,0.138058545864,0.0,0
2018-05-27 18:03:26.311,214.35,0.138058545864,0.0,0
2018-05-27 18:03:26.488,213.98,0.138058545864,0.0,0
2018-05-27 18:03:26.581,214.37,0.138058545864,0.0,0
2018-05-27 18:03:26.675,216.24,0.138058545864,0.0,0
2018-05-27 18:03:26.758,216.73,0.138058545864,0.0,0
2018-05-27 18:03:26.851,216.59,0.138058545864,0.0,0
2018-05-27 18:03:27.013,216.36,0.138058545864,0.0,0
2018-05-27 18:03:27.199,218.17,0.138058545864,0.0,0
2018-05-27 18:03:27.376,218.41,0.138058545864,0.0,0
2018-05-27 18:03:27.470,218.08,0.138058545864,0.0,0
2018-05-27 18:03:27.564,217.78,0.138058545864,0.0,0
2018-05-27 18:03:27.740,219.58,0.138058545864,0.0,0
2018-05-27 18:03:27.833,219.36,0.138058545864,0.0,0
2018-05-27 18:03:28.088,218.52,0.138058545864,0.0,0
2018-05-27 18:03:28.815,222.11,0.138058545864,0.0,0
2018-05-27 18:03:28.903,223.61,0.138058545864,0.0,0
2018-05-27 18:03:29.237,224.96,0.138058545864,0.0,0
2018-05-27 18:03:29.321,224.05,0.138058545864,0.0,0
2018-05-27 18:03:29.405,224.06,0.138058545864,0.0,0
2018-05-27 18:03:29.684,225.05,0.138058545864,0.0,0
2018-05-27 18:03:29.777,226.63,0.138058545864,0.0,0
2018-05-27 18:03:29.871,226.72,0.138058545864,0.0,0
2018-05-27 18:03:30.033,226.95,0.138058545864,0.0,0
2018-05-27 18:03:30.126,226.04,0.138058545864,0.0,0
2018-05-27 18:03:30.219,226.14,0.138058545864,0.0,0
2018-05-27 18:03:30.303,227.5,0.138058545864,0.0,0
2018-05-27 18:03:30.480,226.38,0.138058545864,0.0,0
2018-05-27 18:03:30.573,226.93,0.138058545864,0.0,0
2018-05-27 18:03:30.666,227.32,0.138058545864,0.0,0
2018-05-27 18:03:30.759,228.64,0.138058545864,0.0,0
2018-05-27 18:03:30.852,228.85,0.138058545864,0.0,0
2018-05-27 18:03:31.014,229.33,0.138058545864,0.0,0
2018-05-27 18:03:31.108,229.51,0.138058545864,0.0,0
2018-05-27 18:03:31.191,228.43,0.138058545864,0.0,0
2018-05-27 18:03:31.284,228.66,0.138058545864,0.0,0
2018-05-27 18:03:31.377,229.18,0.138058545864,0.0,0
2018-05-27 18:03:31.554,228.75,0.138058545864,0.0,0
2018-05-27 18:03:31.647,229.72,0.138058545864,0.0,0
2018-05-27 18:03:31.741,229.47,0.138058545864,0.0,0
2018-05-27 18:03:32.173,232.28,0.138058545864,0.0,0
2018-05-27 18:03:32.266,232.49,0.138058545864,0.0,0
2018-05-27 18:03:32.358,231.48,0.138058545864,0.0,0
2018-05-27 18:03:32.630,231.98,0.138058545864,0.0,0
2018-05-27 18:03:32.802,232.76,0.138058545864,0.0,0
2018-05-27 18:03:33.038,232.63,0.138058545864,0.0,0
2018-05-27 18:03:33.126,233.5,0.138058545864,0.0,0
2018-05-27 18:03:33.210,234.17,0.138058545864,0.0,0
2018-05-27 18:03:33.303,233.71,0.138058545864,0.0,0
2018-05-27 18:03:33.387,235.47,0.138058545864,0.0,0
2018-05-27 18:03:33.564,234.98,0.138058545864,0.0,0
2018-05-27 18:03:33.657,234.97,0.138058545864,0.0,0
2018-05-27 18:03:33.750,234.64,0.138058545864,0.0,0
2018-05-27 18:03:34.006,234.83,0.138058545864,0.0,0
2018-05-27 18:03:34.732,226.61,0.138058545864,0.0,0
2018-05-27 18:03:34.918,224.77,0.138058545864,0.0,0
2018-05-27 18:03:35.173,223.6,0.138058545864,0.0,0
2018-05-27 18:03:35.266,223.83,0.138058545864,0.0,0
2018-05-27 18:03:35.532,219.52,0.138058545864,0.0,0
2018-05-27 18:03:35.797,219.24,0.138058545864,0.0,0
2018-05-27 18:03:35.891,217.2,0.138058545864,0.0,0
2018-05-27 18:03:36.146,215.65,0.138058545864,0.0,0
2018-05-27 18:03:36.239,214.27,0.138058545864,0.0,0
2018-05-27 18:03:36.333,212.28,0.138058545864,0.0,0
2018-05-27 18:03:36.686,211.29,0.138058545864,0.0,0
2018-05-27 18:03:37.220,207.83,0.138058545864,0.0,0
2018-05-27 18:03:37.388,206.87,0.138058545864,0.0,0
2018-05-27 18:03:37.481,207.44,0.138058545864,0.0,0
2018-05-27 18:03:37.575,205.49,0.138058545864,0.0,0
2018-05-27 18:03:37.667,206.5,0.138058545864,0.0,0
2018-05-27 18:03:38.016,206.03,0.138058545864,0.0,0
2018-05-27 18:03:38.109,204.92,0.138058545864,0.0,0
2018-05-27 18:03:38.286,207.76,0.138058545864,0.0,0
2018-05-27 18:03:38.369,207.73,0.138058545864,0.0,0
2018-05-27 18:03:38.463,205.65,0.138058545864,0.0,0
2018-05-27 18:03:38.556,207.12,0.138058545864,0.0,0
2018-05-27 18:03:38.649,206.0,0.138058545864,0.0,0
2018-05-27 18:03:38.929,207.06,0.138058545864,0.0,0
2018-05-27 18:03:39.081,207.24,0.138058545864,0.0,0
2018-05-27 18:03:39.174,205.72,0.138058545864,0.0,0
2018-05-27 18:03:39.267,206.14,0.138058545864,0.0,0
2018-05-27 18:03:39.351,206.05,0.138058545864,0.0,0
2018-05-27 18:03:39.444,206.65,0.138058545864,0.0,0
2018-05-27 18:03:39.621,206.9,0.138058545864,0.0,0
2018-05-27 18:03:39.705,207.4,0.138058545864,0.0,0
2018-05-27 18:03:39.798,206.83,0.138058545864,0.0,0
2018-05-27 18:03:39.891,206.58,0.138058545864,0.0,0
2018-05-27 18:03:40.053,207.4,0.138058545864,0.0,0
2018-05-27 18:03:40.137,206.72,0.138058545864,0.0,0
2018-05-27 18:03:40.231,206.28,0.138058545864,0.0,0
2018-05-27 18:03:40.323,208.33,0.138058545864,0.0,0
2018-05-27 18:03:40.417,206.38,0.138058545864,0.0,0
2018-05-27 18:03:40.500,206.3,0.138058545864,0.0,0
2018-05-27 18:03:40.586,207.24,0.138058545864,0.0,0
2018-05-27 18:03:40.687,207.1,0.138058545864,0.0,0
2018-05-27 18:03:40.864,209.23,0.138058545864,0.0,0
2018-05-27 18:03:41.025,208.59,0.138058545864,0.0,0
2018-05-27 18:03:41.119,209.51,0.138058545864,0.0,0
2018-05-27 18:03:41.212,209.15,0.138058545864,0.0,0
2018-05-27 18:03:41.305,209.99,0.138058545864,0.0,0
2018-05-27 18:03:41.398,210.92,0.138058545864,0.0,0
2018-05-27 18:03:41.482,211.35,0.138058545864,0.0,0
2018-05-27 18:03:41.566,212.4,0.138058545864,0.0,0
2018-05-27 18:03:41.752,213.35,0.138058545864,0.0,0
2018-05-27 18:03:41.845,212.5,0.138058545864,0.0,0
2018-05-27 18:03:42.007,212.68,0.138058545864,0.0,0
2018-05-27 18:03:42.100,214.59,0.138058545864,0.0,0
2018-05-27 18:03:42.286,214.48,0.138058545864,0.0,0
2018-05-27 18:03:42.371,214.23,0.138058545864,0.0,0
2018-05-27 18:03:42.463,216.1,0.138058545864,0.0,0
2018-05-27 18:03:42.557,214.63,0.138058545864,0.0,0
2018-05-27 18:03:42.650,214.11,0.138058545864,0.0,0
2018-05-27 18:03:42.836,213.26,0.138058545864,0.0,0
2018-05-27 18:03:42.929,213.76,0.138058545864,0.0,0
2018-05-27 18:03:43.091,214.09,0.138058545864,0.0,0
2018-05-27 18:03:43.184,212.51,0.138058545864,0.0,0
2018-05-27 18:03:43.277,213.09,0.138058545864,0.0,0
2018-05-27 18:03:43.362,211.56,0.138058545864,0.0,0
2018-05-27 18:03:43.547,209.36,0.138058545864,0.0,0
2018-05-27 18:03:43.734,208.2,0.138058545864,0.0,0
2018-05-27 18:03:43.920,207.54,0.138058545864,0.0,0
2018-05-27 18:03:44.082,208.33,0.138058545864,0.0,0
2018-05-27 18:03:44.268,207.87,0.138058545864,0.0,0
2018-05-27 18:03:44.445,206.69,0.138058545864,0.0,0
2018-05-27 18:03:44.538,207.57,0.138058545864,0.0,0
2018-05-27 18:03:44.631,206.57,0.138058545864,0.0,0
2018-05-27 18:03:44.724,206.53,0.138058545864,0.0,0
2018-05-27 18:03:44.818,206.88,0.138058545864,0.0,0
2018-05-27 18:03:44.906,206.73,0.138058545864,0.0,0
2018-05-27 18:03:45.147,205.78,0.138058545864,0.0,0
2018-05-27 18:03:45.241,207.17,0.138058545864,0.0,0
2018-05-27 18:03:45.417,205.25,0.138058545864,0.0,0
2018-05-27 18:03:45.501,205.59,0.138058545864,0.0,0
2018-05-27 18:03:45.594,208.07,0.138058545864,0.0,0
2018-05-27 18:03:45.780,207.78,0.138058545864,0.0,0
2018-05-27 18:03:46.035,208.19,0.138058545864,0.0,0
2018-05-27 18:03:46.212,207.53,0.138058545864,0.0,0
2018-05-27 18:03:46.305,208.88,0.138058545864,0.0,0
2018-05-27 18:03:46.398,208.02,0.138058545864,0.0,0
2018-05-27 18:03:46.482,207.5,0.138058545864,0.0,0
2018-05-27 18:03:46.762,209.49,0.138058545864,0.0,0
2018-05-27 18:03:47.007,208.81,0.138058545864,0.0,0
2018-05-27 18:03:47.100,210.01,0.138058545864,0.0,0
2018-05-27 18:03:47.194,209.06,0.138058545864,0.0,0
2018-05-27 18:03:47.361,211.31,0.138058545864,0.0,0
2018-05-27 18:03:47.454,209.26,0.138058545864,0.0,0
2018-05-27 18:03:47.557,209.55,0.138058545864,0.0,0
2018-05-27 18:03:47.929,212.1,0.138058545864,0.0,0
2018-05-27 18:03:48.092,212.18,0.138058545864,0.0,0
2018-05-27 18:03:48.175,211.91,0.138058545864,0.0,0
2018-05-27 18:03:48.352,214.76,0.138058545864,0.0,0
2018-05-27 18:03:48.907,215.58,0.138058545864,0.0,0
2018-05-27 18:03:49.063,217.19,0.138058545864,0.0,0
2018-05-27 18:03:49.147,215.81,0.138058545864,0.0,0
2018-05-27 18:03:49.240,217.72,0.138058545864,0.0,0
2018-05-27 18:03:49.333,217.4,0.138058545864,0.0,0
2018-05-27 18:03:49.883,217.75,0.138058545864,0.0,0
2018-05-27 18:03:50.045,218.26,0.138058545864,0.0,0
2018-05-27 18:03:50.128,218.8,0.138058545864,0.0,0
2018-05-27 18:03:50.398,219.86,0.138058545864,0.0,0
2018-05-27 18:03:50.491,221.48,0.138058545864,0.0,0
2018-05-27 18:03:50.585,220.28,0.138058545864,0.0,0
2018-05-27 18:03:50.668,222.26,0.138058545864,0.0,0
2018-05-27 18:03:50.761,221.79,0.138058545864,0.0,0
2018-05-27 18:03:50.855,221.07,0.138058545864,0.0,0
2018-05-27 18:03:51.016,221.02,0.138058545864,0.0,0
2018-05-27 18:03:51.203,223.43,0.138058545864,0.0,0
2018-05-27 18:03:51.836,225.57,0.138058545864,0.0,0
2018-05-27 18:03:51.929,224.61,0.138058545864,0.0,0
2018-05-27 18:03:52.091,224.63,0.138058545864,0.0,0
2018-05-27 18:03:52.277,225.25,0.138058545864,0.0,0
2018-05-27 18:03:52.454,224.89,0.138058545864,0.0,0
2018-05-27 18:03:52.827,227.77,0.138058545864,0.0,0
2018-05-27 18:03:52.920,227.22,0.138058545864,0.0,0
2018-05-27 18:03:53.175,227.34,0.138058545864,0.0,0
2018-05-27 18:03:53.445,228.52,0.138058545864,0.0,0
2018-05-27 18:03:53.538,229.36,0.138058545864,0.0,0
2018-05-27 18:03:53.631,228.21,0.138058545864,0.0,0
2018-05-27 18:03:53.906,228.36,0.138058545864,0.0,0
2018-05-27 18:03:54.064,229.61,0.138058545864,0.0,0
2018-05-27 18:03:55.305,229.71,0.138058545864,0.0,0
2018-05-27 18:03:55.575,232.53,0.138058545864,0.0,0
2018-05-27 18:03:56.370,231.34,0.138058545864,0.0,0
2018-05-27 18:03:56.463,230.4,0.138058545864,0.0,0
2018-05-27 18:03:56.556,230.05,0.138058545864,0.0,0
2018-05-27 18:03:56.827,226.52,0.138058545864,0.0,0
2018-05-27 18:03:56.920,225.56,0.138058545864,0.0,0
2018-05-27 18:03:57.268,223.69,0.138058545864,0.0,0
2018-05-27 18:03:57.445,221.64,0.138058545864,0.0,0
2018-05-27 18:03:57.631,218.21,0.138058545864,0.0,0
2018-05-27 18:03:57.715,218.3,0.138058545864,0.0,0
2018-05-27 18:03:57.799,217.53,0.138058545864,0.0,0
2018-05-27 18:03:57.892,215.35,0.138058545864,0.0,0
2018-05-27 18:03:58.054,214.07,0.138058545864,0.0,0
2018-05-27 18:03:58.147,215.48,0.138058545864,0.0,0
2018-05-27 18:03:58.240,212.16,0.138058545864,0.0,0
2018-05-27 18:03:58.334,212.38,0.138058545864,0.0,0
2018-05-27 18:03:58.594,212.93,0.138058545864,0.0,0
2018-05-27 18:03:58.873,211.9,0.138058545864,0.0,0
2018-05-27 18:03:59.035,210.31,0.138058545864,0.0,0
2018-05-27 18:03:59.128,212.11,0.138058545864,0.0,0
2018-05-27 18:03:59.398,211.86,0.138058545864,0.0,0
2018-05-27 18:03:59.864,211.64,0.138058545864,0.0,0
2018-05-27 18:04:00.025,211.27,0.138058545864,0.0,0
2018-05-27 18:04:00.305,212.28,0.138058545864,0.0,0
2018-05-27 18:04:00.668,213.02,0.138058545864,0.0,0
2018-05-27 18:04:00.854,212.33,0.138058545864,0.0,0
2018-05-27 18:04:01.016,213.05,0.138058545864,0.0,0
2018-05-27 18:04:01.202,214.15,0.138058545864,0.0,0
2018-05-27 18:04:01.296,212.83,0.138058545864,0.0,0
2018-05-27 18:04:01.472,212.83,0.138058545864,0.0,0
2018-05-27 18:04:01.659,212.78,0.138058545864,0.0,0
2018-05-27 18:04:01.832,214.58,0.138058545864,0.0,0
2018-05-27 18:04:02.081,215.76,0.138058545864,0.0,0
2018-05-27 18:04:02.268,215.59,0.138058545864,0.0,0
2018-05-27 18:04:02.892,219.21,0.138058545864,0.0,0
2018-05-27 18:04:03.221,218.34,0.138058545864,0.0,0
2018-05-27 18:04:03.398,218.47,0.138058545864,0.0,0
2018-05-27 18:04:03.584,215.78,0.138058545864,0.0,0
2018-05-27 18:04:03.677,217.1,0.138058545864,0.0,0
2018-05-27 18:04:03.864,215.18,0.138058545864,0.0,0
2018-05-27 18:04:04.119,215.92,0.138058545864,0.0,0
2018-05-27 18:04:04.389,215.44,0.138058545864,0.0,0
2018-05-27 18:04:04.668,214.32,0.138058545864,0.0,0
2018-05-27 18:04:05.100,213.24,0.138058545864,0.0,0
2018-05-27 18:04:05.463,212.83,0.138058545864,0.0,0
2018-05-27 18:04:05.836,210.67,0.138058545864,0.0,0
2018-05-27 18:04:06.091,209.76,0.138058545864,0.0,0
2018-05-27 18:04:06.277,211.01,0.138058545864,0.0,0
2018-05-27 18:04:06.361,210.2,0.138058545864,0.0,0
2018-05-27 18:04:06.454,212.0,0.138058545864,0.0,0
2018-05-27 18:04:06.640,211.23,0.138058545864,0.0,0
2018-05-27 18:04:06.826,212.09,0.138058545864,0.0,0
2018-05-27 18:04:06.919,212.86,0.138058545864,0.0,0
2018-05-27 18:04:07.081,211.3,0.138058545864,0.0,0
2018-05-27 18:04:07.267,212.65,0.138058545864,0.0,0
2018-05-27 18:04:07.351,212.72,0.138058545864,0.0,0
2018-05-27 18:04:07.444,211.89,0.138058545864,0.0,0
2018-05-27 18:04:07.537,211.92,0.138058545864,0.0,0
2018-05-27 18:04:07.631,209.1,0.138058545864,0.0,0
2018-05-27 18:04:07.724,210.19,0.138058545864,0.0,0
2018-05-27 18:04:07.905,208.35,0.138058545864,0.0,0
2018-05-27 18:04:08.063,208.99,0.138058545864,0.0,0
2018-05-27 18:04:08.146,209.2,0.138058545864,0.0,0
2018-05-27 18:04:08.239,211.21,0.138058545864,0.0,0
2018-05-27 18:04:08.333,209.6,0.138058545864,0.0,0
2018-05-27 18:04:08.426,211.84,0.138058545864,0.0,0
2018-05-27 18:04:08.519,210.81,0.138058545864,0.0,0
2018-05-27 18:04:08.612,212.36,0.138058545864,0.0,0
2018-05-27 18:04:08.799,212.39,0.138058545864,0.0,0
2018-05-27 18:04:09.053,213.32,0.138058545864,0.0,0
2018-05-27 18:04:09.146,214.96,0.138058545864,0.0,0
2018-05-27 18:04:09.323,215.12,0.138058545864,0.0,0
2018-05-27 18:04:10.016,218.56,0.138058545864,0.0,0
2018-05-27 18:04:10.109,218.94,0.138058545864,0.0,0
2018-05-27 18:04:10.295,217.83,0.138058545864,0.0,0
2018-05-27 18:04:10.388,219.88,0.138058545864,0.0,0
2018-05-27 18:04:10.658,218.48,0.138058545864,0.0,0
2018-05-27 18:04:11.277,221.65,0.138058545864,0.0,0
2018-05-27 18:04:11.454,222.58,0.138058545864,0.0,0
2018-05-27 18:04:11.547,222.56,0.138058545864,0.0,0
2018-05-27 18:04:11.733,222.57,0.138058545864,0.0,0
2018-05-27 18:04:11.817,223.03,0.138058545864,0.0,0
2018-05-27 18:04:11.910,223.39,0.138058545864,0.0,0
2018-05-27 18:04:12.072,223.26,0.138058545864,0.0,0
2018-05-27 18:04:12.165,224.47,0.138058545864,0.0,0
2018-05-27 18:04:12.258,226.13,0.138058545864,0.0,0
2018-05-27 18:04:12.351,226.19,0.138058545864,0.0,0
2018-05-27 18:04:12.435,225.15,0.138058545864,0.0,0
2018-05-27 18:04:12.519,224.75,0.138058545864,0.0,0
2018-05-27 18:04:12.612,224.57,0.138058545864,0.0,0
2018-05-27 18:04:12.789,226.11,0.138058545864,0.0,0
2018-05-27 18:04:12.882,225.46,0.138058545864,0.0,0
2018-05-27 18:04:13.034,227.31,0.138058545864,0.0,0
2018-05-27 18:04:13.128,227.7,0.138058545864,0.0,0
2018-05-27 18:04:13.213,225.95,0.138058545864,0.0,0
2018-05-27 18:04:13.388,227.19,0.138058545864,0.0,0
2018-05-27 18:04:13.481,226.44,0.138058545864,0.0,0
2018-05-27 18:04:13.668,227.57,0.138058545864,0.0,0
2018-05-27 18:04:13.854,227.96,0.138058545864,0.0,0
2018-05-27 18:04:14.286,228.02,0.138058545864,0.0,0
2018-05-27 18:04:14.463,230.04,0.138058545864,0.0,0
2018-05-27 18:04:14.734,229.2,0.138058545864,0.0,0
2018-05-27 18:04:14.919,229.62,0.138058545864,0.0,0
2018-05-27 18:04:15.082,230.1,0.138058545864,0.0,0
2018-05-27 18:04:15.174,230.25,0.138058545864,0.0,0
2018-05-27 18:04:15.444,229.78,0.138058545864,0.0,0
2018-05-27 18:04:15.537,229.83,0.138058545864,0.0,0
2018-05-27 18:04:15.630,230.07,0.138058545864,0.0,0
2018-05-27 18:04:15.723,230.25,0.138058545864,0.0,0
2018-05-27 18:04:15.817,230.44,0.138058545864,0.0,0
2018-05-27 18:04:16.062,232.67,0.138058545864,0.0,0
2018-05-27 18:04:16.146,231.35,0.138058545864,0.0,0
2018-05-27 18:04:16.239,231.13,0.138058545864,0.0,0
2018-05-27 18:04:16.333,231.23,0.138058545864,0.0,0
2018-05-27 18:04:16.425,231.63,0.138058545864,0.0,0
2018-05-27 18:04:16.519,232.44,0.138058545864,0.0,0
2018-05-27 18:04:16.612,232.36,0.138058545864,0.0,0
2018-05-27 18:04:16.705,232.5,0.138058545864,0.0,0
2018-05-27 18:04:16.799,231.44,0.138058545864,0.0,0
2018-05-27 18:04:16.891,230.75,0.138058545864,0.0,0
2018-05-27 18:04:17.314,227.08,0.138058545864,0.0,0
2018-05-27 18:04:17.407,226.73,0.138058545864,0.0,0
2018-05-27 18:04:17.491,226.76,0.138058545864,0.0,0
2018-05-27 18:04:17.761,223.38,0.138058545864,0.0,0
2018-05-27 18:04:17.854,220.68,0.138058545864,0.0,0
2018-05-27 18:04:18.016,220.37,0.138058545864,0.0,0
2018-05-27 18:04:18.388,215.86,0.138058545864,0.0,0
2018-05-27 18:04:18.835,211.2,0.138058545864,0.0,0
2018-05-27 18:04:18.928,212.11,0.138058545864,0.0,0
2018-05-27 18:04:19.183,209.75,0.138058545864,0.0,0
2018-05-27 18:04:19.276,210.07,0.138058545864,0.0,0
2018-05-27 18:04:19.453,208.08,0.138058545864,0.0,0
2018-05-27 18:04:19.630,209.71,0.138058545864,0.0,0
2018-05-27 18:04:19.910,208.42,0.138058545864,0.0,0
2018-05-27 18:04:20.062,208.1,0.138058545864,0.0,0
2018-05-27 18:04:20.146,208.12,0.138058545864,0.0,0
2018-05-27 18:04:20.239,209.26,0.138058545864,0.0,0
2018-05-27 18:04:20.416,208.34,0.138058545864,0.0,0
2018-05-27 18:04:20.593,208.55,0.138058545864,0.0,0
2018-05-27 18:04:20.686,208.17,0.138058545864,0.0,0
2018-05-27 18:04:20.779,208.5,0.138058545864,0.0,0
2018-05-27 18:04:20.872,208.6,0.138058545864,0.0,0
2018-05-27 18:04:21.034,208.62,0.138058545864,0.0,0
2018-05-27 18:04:21.128,208.72,0.138058545864,0.0,0
2018-05-27 18:04:21.211,209.62,0.138058545864,0.0,0
2018-05-27 18:04:21.304,208.74,0.138058545864,0.0,0
2018-05-27 18:04:21.398,210.59,0.138058545864,0.0,0
2018-05-27 18:04:21.482,210.7,0.138058545864,0.0,0
2018-05-27 18:04:21.574,209.51,0.138058545864,0.0,0
2018-05-27 18:04:21.668,210.67,0.138058545864,0.0,0
2018-05-27 18:04:21.761,209.05,0.138058545864,0.0,0
2018-05-27 18:04:21.858,210.61,0.138058545864,0.0,0
2018-05-27 18:04:22.007,211.1,0.138058545864,0.0,0
2018-05-27 18:04:22.183,210.26,0.138058545864,0.0,0
2018-05-27 18:04:22.370,211.42,0.138058545864,0.0,0
2018-05-27 18:04:22.444,210.02,0.138058545864,0.0,0
2018-05-27 18:04:22.630,210.39,0.138058545864,0.0,0
2018-05-27 18:04:22.723,211.93,0.138058545864,0.0,0
2018-05-27 18:04:22.905,211.97,0.138058545864,0.0,0
2018-05-27 18:04:23.146,212.31,0.138058545864,0.0,0
2018-05-27 18:04:23.332,213.1,0.138058545864,0.0,0
2018-05-27 18:04:23.425,213.82,0.138058545864,0.0,0
2018-05-27 18:04:23.612,213.94,0.138058545864,0.0,0
2018-05-27 18:04:23.705,214.82,0.138058545864,0.0,0
2018-05-27 18:04:23.798,216.77,0.138058545864,0.0,0
2018-05-27 18:04:24.137,216.06,0.138058545864,0.0,0
2018-05-27 18:04:24.221,215.15,0.138058545864,0.0,0
2018-05-27 18:04:25.127,211.63,0.138058545864,0.0,0
2018-05-27 18:04:25.221,208.16,0.138058545864,0.0,0
2018-05-27 18:04:25.398,207.21,0.138058545864,0.0,0
2018-05-27 18:04:25.491,207.15,0.138058545864,0.0,0
2018-05-27 18:04:25.584,208.3,0.138058545864,0.0,0
2018-05-27 18:04:25.677,207.25,0.138058545864,0.0,0
2018-05-27 18:04:26.025,208.65,0.138058545864,0.0,0
2018-05-27 18:04:26.109,208.76,0.138058545864,0.0,0
2018-05-27 18:04:26.295,208.39,0.138058545864,0.0,0
2018-05-27 18:04:26.751,204.31,0.138058545864,0.0,0
2018-05-27 18:04:26.845,202.47,0.138058545864,0.0,0
2018-05-27 18:04:27.090,201.55,0.12504656064,0.0250000003725,0
2018-05-27 18:04:27.183,202.34,0.12504656064,0.0,0
2018-05-27 18:04:27.454,199.44,0.112810386877,0.0250000003725,0
2018-05-27 18:04:27.733,197.32,0.112810386877,0.0,0
2018-05-27 18:04:27.827,197.85,0.112810386877,0.0,0
2018-05-27 18:04:28.165,199.5,0.101339266172,0.0250000003725,0
2018-05-27 18:04:28.351,198.5,0.101339266172,0.0,0
2018-05-27 18:04:28.519,198.86,0.101339266172,0.0,0
2018-05-27 18:04:28.705,200.29,0.101339266172,0.0,0
2018-05-27 18:04:28.789,200.54,0.101339266172,0.0,0
2018-05-27 18:04:29.128,200.58,0.101339266172,0.0250000003725,0
2018-05-27 18:04:29.211,200.12,0.0906213267703,0.0250000003725,0
2018-05-27 18:04:29.304,200.85,0.0906213267703,0.0250000003725,0
2018-05-27 18:04:29.481,203.07,0.0906213267703,0.0,0
2018-05-27 18:04:29.575,201.91,0.0906213267703,0.0,0
2018-05-27 18:04:29.668,203.26,0.101339266172,0.0,0
2018-05-27 18:04:29.761,204.63,0.101339266172,0.0,0
2018-05-27 18:04:29.854,203.56,0.101339266172,0.0,0
2018-05-27 18:04:30.016,205.44,0.101339266172,0.0,0
2018-05-27 18:04:30.109,204.23,0.101339266172,0.0,0
2018-05-27 18:04:30.202,206.64,0.112810386877,0.0,0
2018-05-27 18:04:30.380,206.14,0.12504656064,0.0,0
2018-05-27 18:04:30.472,206.06,0.138058545864,0.0,0
2018-05-27 18:04:30.658,206.89,0.138058545864,0.0,0
2018-05-27 18:04:30.752,208.75,0.138058545864,0.0,0
2018-05-27 18:04:30.845,208.11,0.138058545864,0.0,0
2018-05-27 18:04:31.006,209.69,0.138058545864,0.0,0
2018-05-27 18:04:31.100,208.74,0.138058545864,0.0,0
2018-05-27 18:04:31.193,209.43,0.138058545864,0.0,0
2018-05-27 18:04:31.286,209.99,0.138058545864,0.0,0
2018-05-27 18:04:31.649,211.16,0.138058545864,0.0,0
2018-05-27 18:04:31.929,212.81,0.138058545864,0.0,0
2018-05-27 18:04:32.183,213.5,0.138058545864,0.0,0
2018-05-27 18:04:32.277,215.19,0.138058545864,0.0,0
2018-05-27 18:04:32.454,215.41,0.138058545864,0.0,0
2018-05-27 18:04:32.640,215.19,0.138058545864,0.0,0
2018-05-27 18:04:32.733,216.07,0.138058545864,0.0,0
2018-05-27 18:04:32.826,215.35,0.138058545864,0.0,0
2018-05-27 18:04:32.919,216.3,0.138058545864,0.0,0
2018-05-27 18:04:33.174,216.05,0.138058545864,0.0,0
2018-05-27 18:04:33.267,217.27,0.138058545864,0.0,0
2018-05-27 18:04:33.352,216.91,0.138058545864,0.0,0
2018-05-27 18:04:33.630,217.96,0.138058545864,0.0,0
2018-05-27 18:04:33.817,219.71,0.138058545864,0.0,0
2018-05-27 18:04:33.905,218.13,0.138058545864,0.0,0
2018-05-27 18:04:34.146,218.81,0.138058545864,0.0,0
2018-05-27 18:04:34.240,220.96,0.138058545864,0.0,0
2018-05-27 18:04:34.416,221.26,0.138058545864,0.0,0
2018-05-27 18:04:34.509,221.42,0.138058545864,0.0,0
2018-05-27 18:04:34.593,221.12,0.138058545864,0.0,0
2018-05-27 18:04:34.780,221.95,0.138058545864,0.0,0
2018-05-27 18:04:34.873,221.18,0.138058545864,0.0,0
2018-05-27 18:04:35.025,223.33,0.138058545864,0.0,0
2018-05-27 18:04:35.221,223.96,0.138058545864,0.0,0
2018-05-27 18:04:36.025,225.32,0.138058545864,0.0,0
2018-05-27 18:04:36.305,224.63,0.138058545864,0.0,0
2018-05-27 18:04:36.398,223.95,0.138058545864,0.0,0
2018-05-27 18:04:36.658,224.95,0.138058545864,0.0,0
2018-05-27 18:04:37.007,225.46,0.138058545864,0.0,0
2018-05-27 18:04:37.193,225.14,0.138058545864,0.0,0
2018-05-27 18:04:37.547,226.16,0.138058545864,0.0,0
2018-05-27 18:04:38.267,226.56,0.138058545864,0.0,0
2018-05-27 18:04:38.352,224.68,0.138058545864,0.0,0
2018-05-27 18:04:38.817,226.14,0.138058545864,0.0,0
2018-05-27 18:04:38.905,226.77,0.138058545864,0.0,0
2018-05-27 18:04:39.062,226.35,0.138058545864,0.0,0
2018-05-27 18:04:39.146,224.52,0.138058545864,0.0,0
2018-05-27 18:04:39.324,224.09,0.138058545864,0.0,0
2018-05-27 18:04:39.408,225.21,0.138058545864,0.0,0
2018-05-27 18:04:39.500,224.92,0.138058545864,0.0,0
2018-05-27 18:04:39.780,221.0,0.138058545864,0.0,0
2018-05-27 18:04:39.873,221.74,0.138058545864,0.0,0
2018-05-27 18:04:40.035,220.46,0.138058545864,0.0,0
2018-05-27 18:04:40.128,218.47,0.138058545864,0.0,0
2018-05-27 18:04:40.212,218.5,0.138058545864,0.0,0
2018-05-27 18:04:40.305,216.84,0.138058545864,0.0,0
2018-05-27 18:04:40.575,216.43,0.138058545864,0.0,0
2018-05-27 18:04:41.463,214.3,0.138058545864,0.0,0
2018-05-27 18:04:41.556,213.76,0.138058545864,0.0,0
2018-05-27 18:04:41.733,213.94,0.138058545864,0.0,0
2018-05-27 18:04:41.919,214.19,0.138058545864,0.0,0
2018-05-27 18:04:42.444,214.98,0.138058545864,0.0,0
2018-05-27 18:04:42.626,216.01,0.138058545864,0.0,0
2018-05-27 18:04:42.705,215.11,0.138058545864,0.0,0
2018-05-27 18:04:43.137,214.42,0.138058545864,0.0,0
2018-05-27 18:04:43.221,214.97,0.138058545864,0.0,0
2018-05-27 18:04:43.407,215.74,0.138058545864,0.0,0
2018-05-27 18:04:44.100,217.9,0.138058545864,0.0,0
2018-05-27 18:04:44.556,219.61,0.138058545864,0.0,0
2018-05-27 18:04:44.649,219.89,0.138058545864,0.0,0
2018-05-27 18:04:44.742,217.96,0.138058545864,0.0,0
2018-05-27 18:04:45.174,218.78,0.138058545864,0.0,0
2018-05-27 18:04:45.267,217.35,0.138058545864,0.0,0
2018-05-27 18:04:45.361,216.73,0.138058545864,0.0,0
2018-05-27 18:04:45.444,216.28,0.138058545864,0.0,0
2018-05-27 18:04:45.631,218.88,0.138058545864,0.0,0
2018-05-27 18:04:46.333,216.3,0.138058545864,0.0,0
2018-05-27 18:04:46.612,216.07,0.138058545864,0.0,0
2018-05-27 18:04:46.706,214.13,0.138058545864,0.0,0
2018-05-27 18:04:47.035,212.73,0.138058545864,0.0,0
2018-05-27 18:04:47.314,212.32,0.138058545864,0.0,0
2018-05-27 18:04:47.398,211.76,0.138058545864,0.0,0
2018-05-27 18:04:47.668,210.16,0.138058545864,0.0,0
2018-05-27 18:04:47.761,211.19,0.138058545864,0.0,0
2018-05-27 18:04:47.854,211.27,0.138058545864,0.0,0
2018-05-27 18:04:48.109,211.88,0.138058545864,0.0,0
2018-05-27 18:04:48.193,212.42,0.138058545864,0.0,0
2018-05-27 18:04:48.286,211.12,0.138058545864,0.0,0
2018-05-27 18:04:48.371,211.15,0.138058545864,0.0,0
2018-05-27 18:04:48.463,211.37,0.138058545864,0.0,0
2018-05-27 18:04:48.556,212.95,0.138058545864,0.0,0
2018-05-27 18:04:48.649,211.42,0.138058545864,0.0,0
2018-05-27 18:04:48.836,211.41,0.138058545864,0.0,0
2018-05-27 18:04:49.091,211.83,0.138058545864,0.0,0
2018-05-27 18:04:49.184,211.7,0.138058545864,0.0,0
2018-05-27 18:04:49.454,211.39,0.138058545864,0.0,0
2018-05-27 18:04:49.640,214.46,0.138058545864,0.0,0
2018-05-27 18:04:49.724,214.4,0.138058545864,0.0,0
2018-05-27 18:04:49.910,213.81,0.138058545864,0.0,0
2018-05-27 18:04:50.072,213.83,0.138058545864,0.0,0
2018-05-27 18:04:50.166,213.81,0.138058545864,0.0,0
2018-05-27 18:04:50.259,215.09,0.138058545864,0.0,0
2018-05-27 18:04:50.454,215.16,0.138058545864,0.0,0
2018-05-27 18:04:50.548,215.31,0.138058545864,0.0,0
2018-05-27 18:04:50.724,215.85,0.138058545864,0.0,0
2018-05-27 18:04:51.063,217.23,0.138058545864,0.0,0
2018-05-27 18:04:51.146,218.34,0.138058545864,0.0,0
2018-05-27 18:04:51.240,218.05,0.138058545864,0.0,0
2018-05-27 18:04:51.323,218.43,0.138058545864,0.0,0
2018-05-27 18:04:51.593,217.16,0.138058545864,0.0,0
2018-05-27 18:04:51.687,218.5,0.138058545864,0.0,0
2018-05-27 18:04:51.780,220.12,0.138058545864,0.0,0
2018-05-27 18:04:51.873,220.54,0.138058545864,0.0,0
2018-05-27 18:04:52.035,218.69,0.138058545864,0.0,0
2018-05-27 18:04:52.128,218.83,0.138058545864,0.0,0
2018-05-27 18:04:52.221,221.26,0.138058545864,0.0,0
2018-05-27 18:04:52.398,221.9,0.138058545864,0.0,0
2018-05-27 18:04:52.492,222.31,0.138058545864,0.0,0
2018-05-27 18:04:52.575,221.08,0.138058545864,0.0,0
2018-05-27 18:04:52.761,222.25,0.138058545864,0.0,0
2018-05-27 18:04:52.845,222.93,0.138058545864,0.0,0
2018-05-27 18:04:53.007,223.42,0.138058545864,0.0,0
2018-05-27 18:04:53.100,222.91,0.138058545864,0.0,0
2018-05-27 18:04:53.193,222.6,0.138058545864,0.0,0
2018-05-27 18:04:53.286,222.79,0.138058545864,0.0,0
2018-05-27 18:04:53.370,223.46,0.138058545864,0.0,0
2018-05-27 18:04:53.556,223.95,0.138058545864,0.0,0
2018-05-27 18:04:53.649,224.52,0.138058545864,0.0,0
2018-05-27 18:04:53.836,226.18,0.138058545864,0.0,0
2018-05-27 18:04:53.929,226.2,0.138058545864,0.0,0
2018-05-27 18:04:54.091,224.77,0.138058545864,0.0,0
2018-05-27 18:04:54.184,225.11,0.138058545864,0.0,0
2018-05-27 18:04:54.454,225.07,0.138058545864,0.0,0
2018-05-27 18:04:54.547,225.12,0.138058545864,0.0,0
2018-05-27 18:04:54.826,226.45,0.138058545864,0.0,0
2018-05-27 18:04:54.920,227.8,0.138058545864,0.0,0
2018-05-27 18:04:55.081,227.59,0.138058545864,0.0,0
2018-05-27 18:04:55.174,227.92,0.138058545864,0.0,0
2018-05-27 18:04:55.361,227.59,0.138058545864,0.0,0
2018-05-27 18:04:55.445,227.82,0.138058545864,0.0,0
2018-05-27 18:04:55.538,229.07,0.138058545864,0.0,0
2018-05-27 18:04:55.724,229.65,0.138058545864,0.0,0
2018-05-27 18:04:55.906,228.13,0.138058545864,0.0,0
2018-05-27 18:04:56.147,229.58,0.138058545864,0.0,0
2018-05-27 18:04:56.230,229.28,0.138058545864,0.0,0
2018-05-27 18:04:56.407,229.74,0.138058545864,0.0,0
2018-05-27 18:04:56.500,229.97,0.138058545864,0.0,0
2018-05-27 18:04:56.584,231.4,0.138058545864,0.0,0
2018-05-27 18:04:56.677,231.41,0.138058545864,0.0,0
2018-05-27 18:04:56.771,231.5,0.138058545864,0.0,0
2018-05-27 18:04:56.864,232.05,0.138058545864,0.0,0
2018-05-27 18:04:57.026,232.07,0.138058545864,0.0,0
2018-05-27 18:04:57.212,231.93,0.138058545864,0.0,0
2018-05-27 18:04:57.305,232.61,0.138058545864,0.0,0
2018-05-27 18:04:57.482,231.82,0.138058545864,0.0,0
2018-05-27 18:04:57.575,231.48,0.138058545864,0.0,0
2018-05-27 18:04:57.668,231.77,0.138058545864,0.0,0
2018-05-27 18:04:57.845,234.04,0.138058545864,0.0,0
2018-05-27 18:04:58.007,233.59,0.138058545864,0.0,0
2018-05-27 18:04:58.100,233.64,0.138058545864,0.0,0
2018-05-27 18:04:58.193,233.66,0.138058545864,0.0,0
2018-05-27 18:04:58.286,232.75,0.138058545864,0.0,0
2018-05-27 18:04:58.463,235.53,0.138058545864,0.0,0
2018-05-27 18:04:58.556,235.07,0.138058545864,0.0,0
2018-05-27 18:04:58.827,232.23,0.138058545864,0.0,0
2018-05-27 18:04:58.920,230.86,0.138058545864,0.0,0
2018-05-27 18:04:59.081,230.34,0.138058545864,0.0,0
2018-05-27 18:04:59.268,227.56,0.138058545864,0.0,0
2018-05-27 18:04:59.352,228.38,0.138058545864,0.0,0
2018-05-27 18:04:59.626,224.52,0.138058545864,0.0,0
2018-05-27 18:04:59.715,223.93,0.138058545864,0.0,0
2018-05-27 18:04:59.799,221.53,0.138058545864,0.0,0
2018-05-27 18:04:59.892,222.59,0.138058545864,0.0,0
2018-05-27 18:05:00.231,220.07,0.138058545864,0.0,0
2018-05-27 18:05:00.327,217.12,0.138058545864,0.0,0
2018-05-27 18:05:00.501,215.37,0.138058545864,0.0,0
2018-05-27 18:05:00.780,214.03,0.138058545864,0.0,0
2018-05-27 18:05:01.016,210.9,0.138058545864,0.0,0
2018-05-27 18:05:01.212,209.06,0.138058545864,0.0,0
2018-05-27 18:05:01.305,209.19,0.138058545864,0.0,0
2018-05-27 18:05:01.398,208.69,0.138058545864,0.0,0
2018-05-27 18:05:01.482,208.1,0.138058545864,0.0,0
2018-05-27 18:05:01.575,209.7,0.138058545864,0.0,0
2018-05-27 18:05:01.752,207.8,0.138058545864,0.0,0
2018-05-27 18:05:01.845,209.22,0.138058545864,0.0,0
2018-05-27 18:05:02.100,207.91,0.138058545864,0.0,0
2018-05-27 18:05:02.193,206.28,0.138058545864,0.0,0
2018-05-27 18:05:02.380,206.59,0.138058545864,0.0,0
2018-05-27 18:05:02.463,206.46,0.138058545864,0.0,0
2018-05-27 18:05:02.557,208.68,0.138058545864,0.0,0
2018-05-27 18:05:02.640,208.53,0.138058545864,0.0,0
2018-05-27 18:05:02.733,207.11,0.138058545864,0.0,0
2018-05-27 18:05:02.827,208.27,0.138058545864,0.0,0
2018-05-27 18:05:02.920,207.28,0.138058545864,0.0,0
2018-05-27 18:05:03.082,208.97,0.138058545864,0.0,0
2018-05-27 18:05:03.175,207.48,0.138058545864,0.0,0
2018-05-27 18:05:03.268,209.11,0.138058545864,0.0,0
2018-05-27 18:05:03.352,209.85,0.138058545864,0.0,0
2018-05-27 18:05:03.445,208.84,0.138058545864,0.0,0
2018-05-27 18:05:03.538,210.26,0.138058545864,0.0,0
2018-05-27 18:05:03.724,209.87,0.138058545864,0.0,0
2018-05-27 18:05:03.817,208.79,0.138058545864,0.0,0
2018-05-27 18:05:04.063,210.64,0.138058545864,0.0,0
2018-05-27 18:05:04.147,209.75,0.138058545864,0.0,0
2018-05-27 18:05:04.241,210.52,0.138058545864,0.0,0
2018-05-27 18:05:04.324,211.76,0.138058545864,0.0,0
2018-05-27 18:05:04.408,211.69,0.138058545864,0.0,0
2018-05-27 18:05:04.501,210.59,0.138058545864,0.0,0
2018-05-27 18:05:04.687,210.11,0.138058545864,0.0,0
2018-05-27 18:05:04.780,211.78,0.138058545864,0.0,0
2018-05-27 18:05:05.026,213.23,0.138058545864,0.0,0
2018-05-27 18:05:05.119,212.36,0.138058545864,0.0,0
2018-05-27 18:05:05.212,213.59,0.138058545864,0.0,0
2018-05-27 18:05:05.305,214.62,0.138058545864,0.0,0
2018-05-27 18:05:05.398,213.53,0.138058545864,0.0,0
2018-05-27 18:05:05.482,214.2,0.138058545864,0.0,0
2018-05-27 18:05:05.575,215.63,0.138058545864,0.0,0
2018-05-27 18:05:05.669,215.74,0.138058545864,0.0,0
2018-05-27 18:05:05.762,215.71,0.138058545864,0.0,0
2018-05-27 18:05:06.007,215.63,0.138058545864,0.0,0
2018-05-27 18:05:06.193,215.9,0.138058545864,0.0,0
2018-05-27 18:05:06.380,217.13,0.138058545864,0.0,0
2018-05-27 18:05:06.473,215.12,0.138058545864,0.0,0
2018-05-27 18:05:06.752,212.28,0.138058545864,0.0,0
2018-05-27 18:05:06.845,212.48,0.138058545864,0.0,0
2018-05-27 18:05:07.100,209.77,0.138058545864,0.0,0
2018-05-27 18:05:07.464,208.32,0.138058545864,0.0,0
2018-05-27 18:05:07.557,205.99,0.138058545864,0.0,0
2018-05-27 18:05:07.650,208.25,0.138058545864,0.0,0
2018-05-27 18:05:07.920,207.35,0.138058545864,0.0,0
2018-05-27 18:05:08.268,205.95,0.138058545864,0.0,0
2018-05-27 18:05:08.352,206.1,0.138058545864,0.0,0
2018-05-27 18:05:08.445,205.67,0.138058545864,0.0,0
2018-05-27 18:05:08.538,207.47,0.138058545864,0.0,0
2018-05-27 18:05:08.626,207.43,0.138058545864,0.0,0
2018-05-27 18:05:08.715,205.82,0.138058545864,0.0,0
2018-05-27 18:05:08.892,208.15,0.138058545864,0.0,0
2018-05-27 18:05:09.054,206.23,0.138058545864,0.0,0
2018-05-27 18:05:09.147,207.82,0.138058545864,0.0,0
2018-05-27 18:05:09.240,207.0,0.138058545864,0.0,0
2018-05-27 18:05:09.334,208.29,0.138058545864,0.0,0
2018-05-27 18:05:09.427,207.52,0.138058545864,0.0,0
2018-05-27 18:05:09.510,207.4,0.138058545864,0.0,0
2018-05-27 18:05:09.603,208.75,0.138058545864,0.0,0
2018-05-27 18:05:09.780,207.35,0.138058545864,0.0,0
2018-05-27 18:05:09.873,208.9,0.138058545864,0.0,0
2018-05-27 18:05:10.315,209.93,0.138058545864,0.0,0
2018-05-27 18:05:10.398,210.15,0.138058545864,0.0,0
2018-05-27 18:05:10.492,209.2,0.138058545864,0.0,0
2018-05-27 18:05:10.678,209.85,0.138058545864,0.0,0
2018-05-27 18:05:10.771,210.13,0.138058545864,0.0,0
2018-05-27 18:05:10.864,210.82,0.138058545864,0.0,0
2018-05-27 18:05:11.026,209.3,0.138058545864,0.0,0
2018-05-27 18:05:11.119,211.67,0.138058545864,0.0,0
2018-05-27 18:05:11.306,212.23,0.138058545864,0.0,0
2018-05-27 18:05:11.389,212.86,0.138058545864,0.0,0
2018-05-27 18:05:11.482,212.72,0.138058545864,0.0,0
2018-05-27 18:05:11.575,211.99,0.138058545864,0.0,0
2018-05-27 18:05:11.669,214.07,0.138058545864,0.0,0
2018-05-27 18:05:11.762,212.82,0.138058545864,0.0,0
2018-05-27 18:05:12.017,214.61,0.138058545864,0.0,0
2018-05-27 18:05:12.110,214.5,0.138058545864,0.0,0
2018-05-27 18:05:12.296,215.44,0.138058545864,0.0,0
2018-05-27 18:05:12.380,216.43,0.138058545864,0.0,0
2018-05-27 18:05:12.473,215.66,0.138058545864,0.0,0
2018-05-27 18:05:12.566,216.24,0.138058545864,0.0,0
2018-05-27 18:05:12.845,217.22,0.138058545864,0.0,0
2018-05-27 18:05:13.007,217.87,0.138058545864,0.0,0
2018-05-27 18:05:13.100,216.93,0.138058545864,0.0,0
2018-05-27 18:05:13.287,219.38,0.138058545864,0.0,0
2018-05-27 18:05:13.464,220.05,0.138058545864,0.0,0
2018-05-27 18:05:13.650,219.05,0.138058545864,0.0,0
2018-05-27 18:05:13.836,220.8,0.138058545864,0.0,0
2018-05-27 18:05:14.091,220.04,0.138058545864,0.0,0
2018-05-27 18:05:14.184,220.4,0.138058545864,0.0,0
2018-05-27 18:05:14.361,221.37,0.138058545864,0.0,0
2018-05-27 18:05:14.548,222.87,0.138058545864,0.0,0
2018-05-27 18:05:14.827,222.36,0.138058545864,0.0,0
2018-05-27 18:05:14.920,223.12,0.138058545864,0.0,0
2018-05-27 18:05:15.082,224.71,0.138058545864,0.0,0
2018-05-27 18:05:15.175,224.22,0.138058545864,0.0,0
2018-05-27 18:05:15.352,225.54,0.138058545864,0.0,0
2018-05-27 18:05:15.538,225.05,0.138058545864,0.0,0
2018-05-27 18:05:15.631,225.24,0.138058545864,0.0,0
2018-05-27 18:05:15.818,224.8,0.138058545864,0.0,0
2018-05-27 18:05:16.147,226.81,0.138058545864,0.0,0
2018-05-27 18:05:16.315,227.23,0.138058545864,0.0,0
2018-05-27 18:05:16.399,225.88,0.138058545864,0.0,0
2018-05-27 18:05:16.492,227.43,0.138058545864,0.0,0
2018-05-27 18:05:16.585,227.37,0.138058545864,0.0,0
2018-05-27 18:05:16.678,227.37,0.138058545864,0.0,0
2018-05-27 18:05:17.026,227.68,0.138058545864,0.0,0
2018-05-27 18:05:17.119,227.07,0.138058545864,0.0,0
2018-05-27 18:05:17.399,227.57,0.138058545864,0.0,0
2018-05-27 18:05:17.492,228.75,0.138058545864,0.0,0
2018-05-27 18:05:19.184,231.39,0.138058545864,0.0,0
2018-05-27 18:05:19.836,230.59,0.138058545864,0.0,0
2018-05-27 18:05:19.929,229.56,0.138058545864,0.0,0
2018-05-27 18:05:20.091,228.47,0.138058545864,0.0,0
2018-05-27 18:05:20.184,228.39,0.138058545864,0.0,0
2018-05-27 18:05:21.147,218.25,0.138058545864,0.0,0
2018-05-27 18:05:21.417,215.39,0.138058545864,0.0,0
2018-05-27 18:05:21.781,211.22,0.138058545864,0.0,0
2018-05-27 18:05:22.492,207.25,0.138058545864,0.0,0
2018-05-27 18:05:22.585,207.9,0.138058545864,0.0,0
2018-05-27 18:05:22.771,207.09,0.138058545864,0.0,0
2018-05-27 18:05:23.296,203.64,0.138058545864,0.0,0
2018-05-27 18:05:23.473,205.61,0.138058545864,0.0,0
2018-05-27 18:05:24.455,205.52,0.138058545864,0.0,0
2018-05-27 18:05:24.641,206.0,0.138058545864,0.0,0
2018-05-27 18:05:24.734,207.4,0.138058545864,0.0,0
2018-05-27 18:05:25.082,206.85,0.138058545864,0.0,0
2018-05-27 18:05:25.800,210.83,0.138058545864,0.0,0
2018-05-27 18:05:26.046,209.6,0.138058545864,0.0,0
2018-05-27 18:05:26.222,211.11,0.138058545864,0.0,0
2018-05-27 18:05:27.306,215.59,0.138058545864,0.0,0
2018-05-27 18:05:27.390,217.25,0.138058545864,0.0,0
2018-05-27 18:05:27.763,214.22,0.138058545864,0.0,0
2018-05-27 18:05:27.847,212.21,0.138058545864,0.0,0
2018-05-27 18:05:28.009,212.53,0.138058545864,0.0,0
2018-05-27 18:05:28.102,212.48,0.138058545864,0.0,0
2018-05-27 18:05:28.195,210.87,0.138058545864,0.0,0
2018-05-27 18:05:28.372,211.92,0.138058545864,0.0,0
2018-05-27 18:05:28.465,209.51,0.138058545864,0.0,0
2018-05-27 18:05:28.549,209.55,0.138058545864,0.0,0
2018-05-27 18:05:28.642,209.53,0.138058545864,0.0,0
2018-05-27 18:05:28.921,211.54,0.138058545864,0.0,0
2018-05-27 18:05:29.349,211.05,0.138058545864,0.0,0
2018-05-27 18:05:29.535,210.52,0.138058545864,0.0,0
2018-05-27 18:05:29.624,210.27,0.138058545864,0.0,0
2018-05-27 18:05:29.708,212.09,0.138058545864,0.0,0
2018-05-27 18:05:29.801,210.03,0.138058545864,0.0,0
2018-05-27 18:05:29.894,212.1,0.138058545864,0.0,0
2018-05-27 18:05:30.056,211.04,0.138058545864,0.0,0
2018-05-27 18:05:30.149,212.29,0.138058545864,0.0,0
2018-05-27 18:05:30.242,211.36,0.138058545864,0.0,0
2018-05-27 18:05:30.335,211.55,0.138058545864,0.0,0
2018-05-27 18:05:30.419,211.06,0.138058545864,0.0,0
2018-05-27 18:05:30.512,211.96,0.138058545864,0.0,0
2018-05-27 18:05:30.596,212.8,0.138058545864,0.0,0
2018-05-27 18:05:30.782,212.32,0.138058545864,0.0,0
2018-05-27 18:05:30.875,212.7,0.138058545864,0.0,0
2018-05-27 18:05:31.028,213.46,0.138058545864,0.0,0
2018-05-27 18:05:31.307,213.0,0.138058545864,0.0,0
2018-05-27 18:05:31.484,213.18,0.138058545864,0.0,0
2018-05-27 18:05:31.578,214.88,0.138058545864,0.0,0
2018-05-27 18:05:31.754,215.12,0.138058545864,0.0,0
2018-05-27 18:05:31.848,213.93,0.138058545864,0.0,0
2018-05-27 18:05:32.103,214.9,0.138058545864,0.0,0
2018-05-27 18:05:32.289,216.62,0.138058545864,0.0,0
2018-05-27 18:05:32.373,215.75,0.138058545864,0.0,0
2018-05-27 18:05:32.560,216.04,0.138058545864,0.0,0
2018-05-27 18:05:32.736,217.1,0.138058545864,0.0,0
2018-05-27 18:05:32.829,217.63,0.138058545864,0.0,0
2018-05-27 18:05:32.922,218.71,0.138058545864,0.0,0
2018-05-27 18:05:33.084,217.45,0.138058545864,0.0,0
2018-05-27 18:05:33.271,219.44,0.138058545864,0.0,0
2018-05-27 18:05:33.354,218.41,0.138058545864,0.0,0
2018-05-27 18:05:33.536,219.45,0.138058545864,0.0,0
2018-05-27 18:05:33.625,220.94,0.138058545864,0.0,0
2018-05-27 18:05:33.802,221.8,0.138058545864,0.0,0
2018-05-27 18:05:34.057,220.89,0.138058545864,0.0,0
2018-05-27 18:05:34.150,221.63,0.138058545864,0.0,0
2018-05-27 18:05:34.243,221.55,0.138058545864,0.0,0
2018-05-27 18:05:34.336,222.83,0.138058545864,0.0,0
2018-05-27 18:05:34.420,221.82,0.138058545864,0.0,0
2018-05-27 18:05:34.513,222.88,0.138058545864,0.0,0
2018-05-27 18:05:34.597,222.7,0.138058545864,0.0,0
2018-05-27 18:05:34.690,223.94,0.138058545864,0.0,0
2018-05-27 18:05:34.783,224.29,0.138058545864,0.0,0
2018-05-27 18:05:34.876,224.8,0.138058545864,0.0,0
2018-05-27 18:05:35.038,225.74,0.138058545864,0.0,0
2018-05-27 18:05:35.131,224.66,0.138058545864,0.0,0
2018-05-27 18:05:35.308,226.57,0.138058545864,0.0,0
2018-05-27 18:05:35.401,226.36,0.138058545864,0.0,0
2018-05-27 18:05:35.578,226.12,0.138058545864,0.0,0
2018-05-27 18:05:35.672,226.48,0.138058545864,0.0,0
2018-05-27 18:05:35.765,226.14,0.138058545864,0.0,0
2018-05-27 18:05:35.858,225.97,0.138058545864,0.0,0
2018-05-27 18:05:36.020,226.41,0.138058545864,0.0,0
2018-05-27 18:05:36.113,226.35,0.138058545864,0.0,0
2018-05-27 18:05:36.197,226.56,0.138058545864,0.0,0
2018-05-27 18:05:36.290,226.3,0.138058545864,0.0,0
2018-05-27 18:05:36.467,227.8,0.138058545864,0.0,0
2018-05-27 18:05:36.560,228.12,0.138058545864,0.0,0
2018-05-27 18:05:36.653,228.43,0.138058545864,0.0,0
2018-05-27 18:05:36.746,228.11,0.138058545864,0.0,0
2018-05-27 18:05:37.002,227.83,0.138058545864,0.0,0
2018-05-27 18:05:37.085,229.34,0.138058545864,0.0,0
2018-05-27 18:05:37.271,229.7,0.138058545864,0.0,0
2018-05-27 18:05:37.355,228.25,0.138058545864,0.0,0
2018-05-27 18:05:37.448,228.27,0.138058545864,0.0,0
2018-05-27 18:05:37.635,229.7,0.138058545864,0.0,0
2018-05-27 18:05:37.728,229.86,0.138058545864,0.0,0
2018-05-27 18:05:37.821,229.87,0.138058545864,0.0,0
2018-05-27 18:05:38.067,231.13,0.138058545864,0.0,0
2018-05-27 18:05:38.151,230.71,0.138058545864,0.0,0
2018-05-27 18:05:38.244,232.02,0.138058545864,0.0,0
2018-05-27 18:05:38.337,231.99,0.138058545864,0.0,0
2018-05-27 18:05:38.523,232.9,0.138058545864,0.0,0
2018-05-27 18:05:38.616,233.07,0.138058545864,0.0,0
2018-05-27 18:05:38.710,232.51,0.138058545864,0.0,0
2018-05-27 18:05:38.803,231.8,0.138058545864,0.0,0
2018-05-27 18:05:38.886,232.92,0.138058545864,0.0,0
2018-05-27 18:05:39.048,232.91,0.138058545864,0.0,0
2018-05-27 18:05:39.132,232.96,0.138058545864,0.0,0
2018-05-27 18:05:39.225,232.74,0.138058545864,0.0,0
2018-05-27 18:05:39.319,232.5,0.138058545864,0.0,0
2018-05-27 18:05:39.402,234.33,0.138058545864,0.0,0
2018-05-27 18:05:39.589,234.54,0.138058545864,0.0,0
2018-05-27 18:05:39.766,232.9,0.138058545864,0.0,0
2018-05-27 18:05:39.859,231.72,0.138058545864,0.0,0
2018-05-27 18:05:40.114,230.44,0.138058545864,0.0,0
2018-05-27 18:05:40.207,228.85,0.138058545864,0.0,0
2018-05-27 18:05:40.384,229.05,0.138058545864,0.0,0
2018-05-27 18:05:40.570,226.13,0.138058545864,0.0,0
2018-05-27 18:05:40.663,224.05,0.138058545864,0.0,0
2018-05-27 18:05:40.850,223.44,0.138058545864,0.0,0
2018-05-27 18:05:41.105,223.21,0.138058545864,0.0,0
2018-05-27 18:05:41.198,220.56,0.138058545864,0.0,0
2018-05-27 18:05:41.291,219.49,0.138058545864,0.0,0
2018-05-27 18:05:41.561,217.31,0.138058545864,0.0,0
2018-05-27 18:05:41.654,216.74,0.138058545864,0.0,0
2018-05-27 18:05:41.747,214.83,0.138058545864,0.0,0
2018-05-27 18:05:42.096,212.41,0.138058545864,0.0,0
2018-05-27 18:05:42.189,212.68,0.138058545864,0.0,0
2018-05-27 18:05:42.367,210.01,0.138058545864,0.0,0
2018-05-27 18:05:42.552,209.24,0.138058545864,0.0,0
2018-05-27 18:05:42.831,207.08,0.138058545864,0.0,0
2018-05-27 18:05:42.925,207.16,0.138058545864,0.0,0
2018-05-27 18:05:43.273,206.0,0.138058545864,0.0,0
2018-05-27 18:05:43.357,205.2,0.138058545864,0.0,0
2018-05-27 18:05:43.450,203.37,0.138058545864,0.0,0
2018-05-27 18:05:43.617,202.18,0.138058545864,0.0,0
2018-05-27 18:05:43.711,202.72,0.138058545864,0.0,0
2018-05-27 18:05:43.804,203.22,0.138058545864,0.0,0
2018-05-27 18:05:44.059,203.27,0.138058545864,0.0,0
2018-05-27 18:05:44.152,202.35,0.138058545864,0.0,0
2018-05-27 18:05:44.339,203.66,0.138058545864,0.0,0
2018-05-27 18:05:44.431,202.87,0.138058545864,0.0,0
2018-05-27 18:05:44.525,204.39,0.138058545864,0.0,0
2018-05-27 18:05:44.618,203.17,0.138058545864,0.0,0
2018-05-27 18:05:44.711,201.98,0.138058545864,0.0,0
2018-05-27 18:05:44.795,202.28,0.138058545864,0.0,0
2018-05-27 18:05:44.888,204.21,0.138058545864,0.0,0
2018-05-27 18:05:45.050,202.6,0.138058545864,0.0,0
2018-05-27 18:05:45.134,203.05,0.138058545864,0.0,0
2018-05-27 18:05:45.227,202.86,0.138058545864,0.0,0
2018-05-27 18:05:45.506,204.23,0.138058545864,0.0,0
2018-05-27 18:05:45.688,203.87,0.138058545864,0.0,0
2018-05-27 18:05:45.767,203.97,0.138058545864,0.0,0
2018-05-27 18:05:45.860,204.36,0.138058545864,0.0,0
2018-05-27 18:05:46.022,205.58,0.138058545864,0.0,0
2018-05-27 18:05:46.208,205.78,0.138058545864,0.0,0
2018-05-27 18:05:46.301,204.28,0.138058545864,0.0,0
2018-05-27 18:05:46.469,204.86,0.138058545864,0.0,0
2018-05-27 18:05:46.562,206.29,0.138058545864,0.0,0
2018-05-27 18:05:46.748,206.71,0.138058545864,0.0,0
2018-05-27 18:05:46.842,208.0,0.138058545864,0.0,0
2018-05-27 18:05:47.003,207.18,0.138058545864,0.0,0
2018-05-27 18:05:47.190,207.35,0.138058545864,0.0,0
2018-05-27 18:05:47.367,209.39,0.138058545864,0.0,0
2018-05-27 18:05:47.460,209.2,0.138058545864,0.0,0
2018-05-27 18:05:47.553,209.84,0.138058545864,0.0,0
2018-05-27 18:05:47.739,210.31,0.138058545864,0.0,0
2018-05-27 18:05:47.926,211.08,0.138058545864,0.0,0
2018-05-27 18:05:48.181,209.28,0.138058545864,0.0,0
2018-05-27 18:05:48.451,207.64,0.138058545864,0.0,0
2018-05-27 18:05:48.544,207.02,0.138058545864,0.0,0
2018-05-27 18:05:48.730,206.98,0.138058545864,0.0,0
2018-05-27 18:05:48.912,203.92,0.138058545864,0.0,0
2018-05-27 18:05:49.246,202.45,0.138058545864,0.0,0
2018-05-27 18:05:49.330,202.53,0.138058545864,0.0,0
2018-05-27 18:05:49.600,203.13,0.138058545864,0.0,0
2018-05-27 18:05:49.879,203.49,0.138058545864,0.0,0
2018-05-27 18:05:50.041,201.8,0.138058545864,0.0,0
2018-05-27 18:05:50.135,202.97,0.138058545864,0.0,0
2018-05-27 18:05:50.218,202.17,0.138058545864,0.0,0
2018-05-27 18:05:50.405,202.8,0.138058545864,0.0,0
2018-05-27 18:05:50.488,203.18,0.138058545864,0.0,0
2018-05-27 18:05:50.582,204.28,0.138058545864,0.0,0
2018-05-27 18:05:50.675,202.81,0.138058545864,0.0,0
2018-05-27 18:05:50.768,202.06,0.138058545864,0.0,0
2018-05-27 18:05:50.861,204.34,0.138058545864,0.0,0
2018-05-27 18:05:51.107,202.53,0.138058545864,0.0,0
2018-05-27 18:05:51.293,204.07,0.138058545864,0.0,0
2018-05-27 18:05:51.377,203.54,0.138058545864,0.0,0
2018-05-27 18:05:51.470,202.83,0.138058545864,0.0,0
2018-05-27 18:05:51.656,202.94,0.138058545864,0.0,0
2018-05-27 18:05:51.749,203.28,0.138058545864,0.0,0
2018-05-27 18:05:51.843,204.85,0.138058545864,0.0,0
2018-05-27 18:05:52.088,202.99,0.138058545864,0.0,0
2018-05-27 18:05:52.275,204.63,0.138058545864,0.0,0
2018-05-27 18:05:52.452,203.94,0.138058545864,0.0,0
2018-05-27 18:05:52.819,206.82,0.138058545864,0.0,0
2018-05-27 18:05:52.908,205.36,0.138058545864,0.0,0
2018-05-27 18:05:53.061,205.71,0.138058545864,0.0,0
2018-05-27 18:05:53.154,207.89,0.138058545864,0.0,0
2018-05-27 18:05:53.247,206.79,0.138058545864,0.0,0
2018-05-27 18:05:53.331,206.73,0.138058545864,0.0,0
2018-05-27 18:05:53.424,208.81,0.138058545864,0.0,0
2018-05-27 18:05:53.509,209.82,0.138058545864,0.0,0
2018-05-27 18:05:53.601,209.0,0.138058545864,0.0,0
2018-05-27 18:05:53.694,210.38,0.138058545864,0.0,0
2018-05-27 18:05:53.787,209.66,0.138058545864,0.0,0
2018-05-27 18:05:53.880,210.95,0.138058545864,0.0,0
2018-05-27 18:05:54.042,210.18,0.138058545864,0.0,0
2018-05-27 18:05:54.405,211.52,0.138058545864,0.0,0
2018-05-27 18:05:54.499,213.83,0.138058545864,0.0,0
2018-05-27 18:05:54.582,214.25,0.138058545864,0.0,0
2018-05-27 18:05:54.676,213.41,0.138058545864,0.0,0
2018-05-27 18:05:54.862,215.45,0.138058545864,0.0,0
2018-05-27 18:05:55.024,213.66,0.138058545864,0.0,0
2018-05-27 18:05:55.117,214.78,0.138058545864,0.0,0
2018-05-27 18:05:55.210,215.78,0.138058545864,0.0,0
2018-05-27 18:05:55.387,216.43,0.138058545864,0.0,0
2018-05-27 18:05:55.480,216.03,0.138058545864,0.0,0
2018-05-27 18:05:55.657,216.56,0.138058545864,0.0,0
2018-05-27 18:05:55.843,217.21,0.138058545864,0.0,0
2018-05-27 18:05:56.098,218.71,0.138058545864,0.0,0
2018-05-27 18:05:56.192,218.94,0.138058545864,0.0,0
2018-05-27 18:05:56.462,218.57,0.138058545864,0.0,0
2018-05-27 18:05:56.555,218.95,0.138058545864,0.0,0
2018-05-27 18:05:56.648,220.56,0.138058545864,0.0,0
2018-05-27 18:05:56.741,220.03,0.138058545864,0.0,0
2018-05-27 18:05:56.927,220.31,0.138058545864,0.0,0
2018-05-27 18:05:57.089,221.5,0.138058545864,0.0,0
2018-05-27 18:05:57.182,221.55,0.138058545864,0.0,0
2018-05-27 18:05:57.453,222.18,0.138058545864,0.0,0
2018-05-27 18:05:57.546,221.88,0.138058545864,0.0,0
2018-05-27 18:05:57.639,222.19,0.138058545864,0.0,0
2018-05-27 18:05:57.732,224.18,0.138058545864,0.0,0
2018-05-27 18:05:58.434,225.88,0.138058545864,0.0,0
2018-05-27 18:05:58.528,225.74,0.138058545864,0.0,0
2018-05-27 18:05:58.900,223.91,0.138058545864,0.0,0
2018-05-27 18:05:59.052,225.15,0.138058545864,0.0,0
2018-05-27 18:05:59.593,227.4,0.138058545864,0.0,0
2018-05-27 18:05:59.686,227.47,0.138058545864,0.0,0
2018-05-27 18:06:00.034,226.05,0.138058545864,0.0,0
2018-05-27 18:06:00.127,226.63,0.138058545864,0.0,0
2018-05-27 18:06:00.313,228.4,0.138058545864,0.0,0
2018-05-27 18:06:00.490,228.55,0.138058545864,0.0,0
2018-05-27 18:06:00.667,229.67,0.138058545864,0.0,0
2018-05-27 18:06:01.294,230.97,0.138058545864,0.0,0
2018-05-27 18:06:01.384,229.23,0.138058545864,0.0,0
2018-05-27 18:06:01.471,229.57,0.138058545864,0.0,0
2018-05-27 18:06:01.564,230.4,0.138058545864,0.0,0
2018-05-27 18:06:01.844,230.78,0.138058545864,0.0,0
2018-05-27 18:06:02.648,228.48,0.138058545864,0.0,0
2018-05-27 18:06:02.928,226.1,0.138058545864,0.0,0
2018-05-27 18:06:03.360,222.03,0.138058545864,0.0,0
2018-05-27 18:06:03.639,219.56,0.138058545864,0.0,0
2018-05-27 18:06:04.248,216.76,0.138058545864,0.0,0
2018-05-27 18:06:04.695,214.19,0.138058545864,0.0,0
2018-05-27 18:06:05.034,212.44,0.138058545864,0.0,0
2018-05-27 18:06:05.127,213.83,0.138058545864,0.0,0
2018-05-27 18:06:05.490,212.72,0.138058545864,0.0,0
2018-05-27 18:06:06.201,210.26,0.138058545864,0.0,0
2018-05-27 18:06:06.295,210.69,0.138058545864,0.0,0
2018-05-27 18:06:06.472,208.61,0.138058545864,0.0,0
2018-05-27 18:06:06.658,207.79,0.138058545864,0.0,0
2018-05-27 18:06:06.835,210.11,0.138058545864,0.0,0
2018-05-27 18:06:06.928,208.67,0.138058545864,0.0,0
2018-05-27 18:06:07.714,211.11,0.138058545864,0.0,0
2018-05-27 18:06:07.807,211.56,0.138058545864,0.0,0
2018-05-27 18:06:07.900,212.96,0.138058545864,0.0,0
2018-05-27 18:06:08.323,213.77,0.138058545864,0.0,0
2018-05-27 18:06:08.416,215.68,0.138058545864,0.0,0
2018-05-27 18:06:08.509,213.86,0.138058545864,0.0,0
2018-05-27 18:06:08.602,215.18,0.138058545864,0.0,0
2018-05-27 18:06:08.695,216.95,0.138058545864,0.0,0
2018-05-27 18:06:08.788,215.96,0.138058545864,0.0,0
2018-05-27 18:06:08.881,216.26,0.138058545864,0.0,0
2018-05-27 18:06:09.043,217.74,0.138058545864,0.0,0
2018-05-27 18:06:09.136,216.02,0.138058545864,0.0,0
2018-05-27 18:06:09.230,216.96,0.138058545864,0.0,0
2018-05-27 18:06:09.323,218.42,0.138058545864,0.0,0
2018-05-27 18:06:09.686,216.37,0.138058545864,0.0,0
2018-05-27 18:06:09.872,215.63,0.138058545864,0.0,0
2018-05-27 18:06:10.034,214.13,0.138058545864,0.0,0
2018-05-27 18:06:10.490,211.55,0.138058545864,0.0,0
2018-05-27 18:06:10.583,209.95,0.138058545864,0.0,0
2018-05-27 18:06:10.676,210.66,0.138058545864,0.0,0
2018-05-27 18:06:10.770,209.26,0.138058545864,0.0,0
2018-05-27 18:06:11.025,209.8,0.138058545864,0.0,0
2018-05-27 18:06:11.202,210.46,0.138058545864,0.0,0
2018-05-27 18:06:11.295,210.93,0.138058545864,0.0,0
2018-05-27 18:06:11.472,209.97,0.138058545864,0.0,0
2018-05-27 18:06:11.565,210.48,0.138058545864,0.0,0
2018-05-27 18:06:11.658,208.85,0.138058545864,0.0,0
2018-05-27 18:06:11.844,207.57,0.138058545864,0.0,0
2018-05-27 18:06:12.006,207.32,0.138058545864,0.0,0
2018-05-27 18:06:12.183,203.97,0.138058545864,0.0,0
2018-05-27 18:06:12.276,204.69,0.138058545864,0.0,0
2018-05-27 18:06:12.546,201.67,0.138058545864,0.0,0
2018-05-27 18:06:12.639,201.64,0.138058545864,0.0,0
2018-05-27 18:06:12.732,200.51,0.12504656064,0.0250000003725,0
2018-05-27 18:06:12.822,201.79,0.12504656064,0.0,0
2018-05-27 18:06:12.909,200.35,0.112810386877,0.0250000003725,0
2018-05-27 18:06:13.062,199.95,0.112810386877,0.0,0
2018-05-27 18:06:13.155,200.59,0.112810386877,0.0,0
2018-05-27 18:06:13.602,202.6,0.112810386877,0.0,0
2018-05-27 18:06:13.686,202.33,0.112810386877,0.0,0
2018-05-27 18:06:14.034,203.08,0.112810386877,0.0,0
2018-05-27 18:06:14.127,205.14,0.112810386877,0.0,0
2018-05-27 18:06:14.220,203.91,0.112810386877,0.0,0
2018-05-27 18:06:14.314,206.0,0.12504656064,0.0,0
2018-05-27 18:06:14.574,206.05,0.12504656064,0.0,0
2018-05-27 18:06:14.668,207.0,0.138058545864,0.0,0
2018-05-27 18:06:14.854,207.7,0.138058545864,0.0,0
2018-05-27 18:06:15.016,207.57,0.138058545864,0.0,0
2018-05-27 18:06:15.109,208.74,0.138058545864,0.0,0
2018-05-27 18:06:15.202,208.54,0.138058545864,0.0,0
2018-05-27 18:06:15.295,209.46,0.138058545864,0.0,0
2018-05-27 18:06:15.472,209.88,0.138058545864,0.0,0
2018-05-27 18:06:15.658,210.88,0.138058545864,0.0,0
2018-05-27 18:06:15.844,212.04,0.138058545864,0.0,0
2018-05-27 18:06:16.099,213.78,0.138058545864,0.0,0
2018-05-27 18:06:16.192,212.77,0.138058545864,0.0,0
2018-05-27 18:06:16.285,214.62,0.138058545864,0.0,0
2018-05-27 18:06:16.369,214.26,0.138058545864,0.0,0
2018-05-27 18:06:16.556,214.88,0.138058545864,0.0,0
2018-05-27 18:06:16.742,215.83,0.138058545864,0.0,0
2018-05-27 18:06:16.835,215.63,0.138058545864,0.0,0
2018-05-27 18:06:16.928,217.8,0.138058545864,0.0,0
2018-05-27 18:06:17.183,216.79,0.138058545864,0.0,0
2018-05-27 18:06:17.360,216.61,0.138058545864,0.0,0
2018-05-27 18:06:17.453,218.3,0.138058545864,0.0,0
2018-05-27 18:06:17.546,218.13,0.138058545864,0.0,0
2018-05-27 18:06:17.640,218.0,0.138058545864,0.0,0
2018-05-27 18:06:17.826,217.9,0.138058545864,0.0,0
2018-05-27 18:06:17.915,219.31,0.138058545864,0.0,0
2018-05-27 18:06:18.062,217.31,0.138058545864,0.0,0
2018-05-27 18:06:18.155,219.3,0.138058545864,0.0,0
2018-05-27 18:06:18.248,218.9,0.138058545864,0.0,0
2018-05-27 18:06:18.332,219.42,0.138058545864,0.0,0
2018-05-27 18:06:18.425,219.51,0.138058545864,0.0,0
2018-05-27 18:06:18.509,219.63,0.138058545864,0.0,0
2018-05-27 18:06:18.602,220.6,0.138058545864,0.0,0
2018-05-27 18:06:18.696,219.6,0.138058545864,0.0,0
2018-05-27 18:06:18.873,221.24,0.138058545864,0.0,0
2018-05-27 18:06:19.034,221.55,0.138058545864,0.0,0
2018-05-27 18:06:19.220,222.82,0.138058545864,0.0,0
2018-05-27 18:06:19.314,221.81,0.138058545864,0.0,0
2018-05-27 18:06:19.397,223.42,0.138058545864,0.0,0
2018-05-27 18:06:19.491,222.94,0.138058545864,0.0,0
2018-05-27 18:06:19.584,222.4,0.138058545864,0.0,0
2018-05-27 18:06:20.016,223.67,0.138058545864,0.0,0
2018-05-27 18:06:20.202,224.71,0.138058545864,0.0,0
2018-05-27 18:06:20.472,224.4,0.138058545864,0.0,0
2018-05-27 18:06:20.565,225.1,0.138058545864,0.0,0
2018-05-27 18:06:20.658,226.3,0.138058545864,0.0,0
2018-05-27 18:06:20.742,225.29,0.138058545864,0.0,0
2018-05-27 18:06:20.835,225.91,0.138058545864,0.0,0
2018-05-27 18:06:21.090,226.72,0.138058545864,0.0,0
2018-05-27 18:06:21.276,225.93,0.138058545864,0.0,0
2018-05-27 18:06:21.369,225.58,0.138058545864,0.0,0
2018-05-27 18:06:21.546,226.14,0.138058545864,0.0,0
2018-05-27 18:06:21.723,224.27,0.138058545864,0.0,0
2018-05-27 18:06:21.807,223.93,0.138058545864,0.0,0
2018-05-27 18:06:21.900,223.75,0.138058545864,0.0,0
2018-05-27 18:06:22.155,225.76,0.138058545864,0.0,0
2018-05-27 18:06:22.333,224.28,0.138058545864,0.0,0
2018-05-27 18:06:22.593,226.03,0.138058545864,0.0,0
2018-05-27 18:06:22.780,225.3,0.138058545864,0.0,0
2018-05-27 18:06:22.873,224.69,0.138058545864,0.0,0
2018-05-27 18:06:23.025,226.54,0.138058545864,0.0,0
2018-05-27 18:06:23.118,225.69,0.138058545864,0.0,0
2018-05-27 18:06:23.304,224.88,0.138058545864,0.0,0
2018-05-27 18:06:23.388,226.89,0.138058545864,0.0,0
2018-05-27 18:06:23.472,225.6,0.138058545864,0.0,0
2018-05-27 18:06:23.565,225.39,0.138058545864,0.0,0
2018-05-27 18:06:23.844,222.79,0.138058545864,0.0,0
2018-05-27 18:06:24.193,221.77,0.138058545864,0.0,0
2018-05-27 18:06:24.742,215.88,0.138058545864,0.0,0
2018-05-27 18:06:24.835,213.69,0.138058545864,0.0,0
2018-05-27 18:06:24.928,214.3,0.138058545864,0.0,0
2018-05-27 18:06:25.090,213.29,0.138058545864,0.0,0
2018-05-27 18:06:25.183,211.06,0.138058545864,0.0,0
2018-05-27 18:06:25.453,210.12,0.138058545864,0.0,0
2018-05-27 18:06:25.630,210.09,0.138058545864,0.0,0
2018-05-27 18:06:25.714,209.03,0.138058545864,0.0,0
2018-05-27 18:06:25.807,211.09,0.138058545864,0.0,0
2018-05-27 18:06:25.900,209.5,0.138058545864,0.0,0
2018-05-27 18:06:26.062,210.95,0.138058545864,0.0,0
2018-05-27 18:06:26.155,209.05,0.138058545864,0.0,0
2018-05-27 18:06:26.249,210.23,0.138058545864,0.0,0
2018-05-27 18:06:26.332,210.34,0.138058545864,0.0,0
2018-05-27 18:06:26.509,207.84,0.138058545864,0.0,0
2018-05-27 18:06:26.602,208.59,0.138058545864,0.0,0
2018-05-27 18:06:26.789,208.56,0.138058545864,0.0,0
2018-05-27 18:06:26.882,208.7,0.138058545864,0.0,0
2018-05-27 18:06:27.044,208.77,0.138058545864,0.0,0
2018-05-27 18:06:27.137,208.83,0.138058545864,0.0,0
2018-05-27 18:06:27.230,208.87,0.138058545864,0.0,0
2018-05-27 18:06:27.314,208.38,0.138058545864,0.0,0
2018-05-27 18:06:27.407,209.9,0.138058545864,0.0,0
2018-05-27 18:06:27.677,210.98,0.138058545864,0.0,0
2018-05-27 18:06:27.770,209.48,0.138058545864,0.0,0
2018-05-27 18:06:27.863,211.36,0.138058545864,0.0,0
2018-05-27 18:06:28.109,210.5,0.138058545864,0.0,0
2018-05-27 18:06:28.202,210.27,0.138058545864,0.0,0
2018-05-27 18:06:28.295,211.9,0.138058545864,0.0,0
2018-05-27 18:06:28.388,210.7,0.138058545864,0.0,0
2018-05-27 18:06:28.472,210.66,0.138058545864,0.0,0
2018-05-27 18:06:28.565,212.56,0.138058545864,0.0,0
2018-05-27 18:06:28.658,211.5,0.138058545864,0.0,0
2018-05-27 18:06:28.751,211.7,0.138058545864,0.0,0
2018-05-27 18:06:29.007,212.77,0.138058545864,0.0,0
2018-05-27 18:06:29.090,212.53,0.138058545864,0.0,0
2018-05-27 18:06:29.183,214.13,0.138058545864,0.0,0
2018-05-27 18:06:29.276,214.04,0.138058545864,0.0,0
2018-05-27 18:06:29.362,215.38,0.138058545864,0.0,0
2018-05-27 18:06:29.547,214.67,0.138058545864,0.0,0
2018-05-27 18:06:29.733,215.15,0.138058545864,0.0,0
2018-05-27 18:06:30.062,216.75,0.138058545864,0.0,0
2018-05-27 18:06:30.155,216.44,0.138058545864,0.0,0
2018-05-27 18:06:30.249,218.37,0.138058545864,0.0,0
2018-05-27 18:06:30.333,217.51,0.138058545864,0.0,0
2018-05-27 18:06:30.426,218.34,0.138058545864,0.0,0
2018-05-27 18:06:30.510,217.47,0.138058545864,0.0,0
2018-05-27 18:06:31.044,213.58,0.138058545864,0.0,0
2018-05-27 18:06:31.137,214.53,0.138058545864,0.0,0
2018-05-27 18:06:31.509,210.18,0.138058545864,0.0,0
2018-05-27 18:06:32.034,208.16,0.138058545864,0.0,0
2018-05-27 18:06:32.128,209.0,0.138058545864,0.0,0
2018-05-27 18:06:32.314,208.33,0.138058545864,0.0,0
2018-05-27 18:06:32.407,206.58,0.138058545864,0.0,0
2018-05-27 18:06:32.575,206.46,0.138058545864,0.0,0
2018-05-27 18:06:32.761,206.04,0.138058545864,0.0,0
2018-05-27 18:06:32.854,206.91,0.138058545864,0.0,0
2018-05-27 18:06:33.016,205.71,0.138058545864,0.0,0
2018-05-27 18:06:33.109,207.38,0.138058545864,0.0,0
2018-05-27 18:06:33.202,206.24,0.138058545864,0.0,0
2018-05-27 18:06:33.380,207.29,0.138058545864,0.0,0
2018-05-27 18:06:33.473,206.89,0.138058545864,0.0,0
2018-05-27 18:06:33.566,207.0,0.138058545864,0.0,0
2018-05-27 18:06:33.845,208.43,0.138058545864,0.0,0
2018-05-27 18:06:34.269,208.01,0.138058545864,0.0,0
2018-05-27 18:06:34.454,208.54,0.138058545864,0.0,0
2018-05-27 18:06:34.547,209.1,0.138058545864,0.0,0
2018-05-27 18:06:34.640,208.56,0.138058545864,0.0,0
2018-05-27 18:06:34.734,209.66,0.138058545864,0.0,0
2018-05-27 18:06:34.810,208.99,0.138058545864,0.0,0
2018-05-27 18:06:34.901,210.6,0.138058545864,0.0,0
2018-05-27 18:06:35.063,209.83,0.138058545864,0.0,0
2018-05-27 18:06:35.156,210.77,0.138058545864,0.0,0
2018-05-27 18:06:35.249,209.65,0.138058545864,0.0,0
2018-05-27 18:06:35.335,210.72,0.138058545864,0.0,0
2018-05-27 18:06:35.604,213.19,0.138058545864,0.0,0
2018-05-27 18:06:35.707,213.85,0.138058545864,0.0,0
2018-05-27 18:06:35.781,212.65,0.138058545864,0.0,0
2018-05-27 18:06:35.874,213.01,0.138058545864,0.0,0
2018-05-27 18:06:36.045,213.59,0.138058545864,0.0,0
2018-05-27 18:06:36.138,215.09,0.138058545864,0.0,0
2018-05-27 18:06:36.594,215.09,0.138058545864,0.0,0
2018-05-27 18:06:36.688,215.29,0.138058545864,0.0,0
2018-05-27 18:06:36.781,217.5,0.138058545864,0.0,0
2018-05-27 18:06:36.874,216.49,0.138058545864,0.0,0
2018-05-27 18:06:37.036,216.34,0.138058545864,0.0,0
2018-05-27 18:06:37.669,217.43,0.138058545864,0.0,0
2018-05-27 18:06:37.762,219.64,0.138058545864,0.0,0
2018-05-27 18:06:38.018,218.88,0.138058545864,0.0,0
2018-05-27 18:06:38.111,219.53,0.138058545864,0.0,0
2018-05-27 18:06:38.381,221.34,0.138058545864,0.0,0
2018-05-27 18:06:38.465,219.67,0.138058545864,0.0,0
2018-05-27 18:06:38.558,221.63,0.138058545864,0.0,0
2018-05-27 18:06:38.651,221.64,0.138058545864,0.0,0
2018-05-27 18:06:38.837,221.6,0.138058545864,0.0,0
2018-05-27 18:06:38.930,221.78,0.138058545864,0.0,0
2018-05-27 18:06:39.279,222.29,0.138058545864,0.0,0
2018-05-27 18:06:39.362,224.09,0.138058545864,0.0,0
2018-05-27 18:06:39.456,224.05,0.138058545864,0.0,0
2018-05-27 18:06:39.549,222.99,0.138058545864,0.0,0
2018-05-27 18:06:39.828,224.24,0.138058545864,0.0,0
2018-05-27 18:06:39.917,223.89,0.138058545864,0.0,0
2018-05-27 18:06:40.074,224.69,0.138058545864,0.0,0
2018-05-27 18:06:40.158,226.36,0.138058545864,0.0,0
2018-05-27 18:06:40.419,225.51,0.138058545864,0.0,0
2018-05-27 18:06:40.605,225.12,0.138058545864,0.0,0
2018-05-27 18:06:40.698,226.86,0.138058545864,0.0,0
2018-05-27 18:06:41.139,226.32,0.138058545864,0.0,0
2018-05-27 18:06:41.223,227.58,0.138058545864,0.0,0
2018-05-27 18:06:41.493,227.53,0.138058545864,0.0,0
2018-05-27 18:06:41.586,227.26,0.138058545864,0.0,0
2018-05-27 18:06:41.680,228.55,0.138058545864,0.0,0
2018-05-27 18:06:41.773,228.62,0.138058545864,0.0,0
2018-05-27 18:06:42.112,229.2,0.138058545864,0.0,0
2018-05-27 18:06:42.289,229.42,0.138058545864,0.0,0
2018-05-27 18:06:42.382,229.27,0.138058545864,0.0,0
2018-05-27 18:06:42.754,229.68,0.138058545864,0.0,0
2018-05-27 18:06:42.848,229.54,0.138058545864,0.0,0
2018-05-27 18:06:43.093,231.63,0.138058545864,0.0,0
2018-05-27 18:06:43.457,231.36,0.138058545864,0.0,0
2018-05-27 18:06:44.252,231.79,0.138058545864,0.0,0
2018-05-27 18:06:44.336,232.1,0.138058545864,0.0,0
2018-05-27 18:06:44.513,228.1,0.138058545864,0.0,0
2018-05-27 18:06:44.792,224.55,0.138058545864,0.0,0
2018-05-27 18:06:45.410,218.91,0.138058545864,0.0,0
2018-05-27 18:06:45.494,219.22,0.138058545864,0.0,0
2018-05-27 18:06:45.681,215.53,0.138058545864,0.0,0
2018-05-27 18:06:45.774,216.16,0.138058545864,0.0,0
2018-05-27 18:06:46.569,207.45,0.138058545864,0.0,0
2018-05-27 18:06:46.746,207.11,0.138058545864,0.0,0
2018-05-27 18:06:47.094,203.9,0.138058545864,0.0,0
2018-05-27 18:06:47.281,204.57,0.138058545864,0.0,0
2018-05-27 18:06:47.458,204.25,0.138058545864,0.0,0
2018-05-27 18:06:47.541,203.72,0.138058545864,0.0,0
2018-05-27 18:06:47.625,203.99,0.138058545864,0.0,0
2018-05-27 18:06:47.905,205.87,0.138058545864,0.0,0
2018-05-27 18:06:48.253,206.67,0.138058545864,0.0,0
2018-05-27 18:06:49.048,208.47,0.138058545864,0.0,0
2018-05-27 18:06:49.141,207.73,0.138058545864,0.0,0
2018-05-27 18:06:50.300,211.86,0.138058545864,0.0,0
2018-05-27 18:06:50.393,213.51,0.138058545864,0.0,0
2018-05-27 18:06:50.477,212.83,0.138058545864,0.0,0
2018-05-27 18:06:50.570,213.59,0.138058545864,0.0,0
2018-05-27 18:06:50.663,213.65,0.138058545864,0.0,0
2018-05-27 18:06:50.756,215.24,0.138058545864,0.0,0
2018-05-27 18:06:51.002,215.99,0.138058545864,0.0,0
2018-05-27 18:06:51.826,215.28,0.138058545864,0.0,0
2018-05-27 18:06:51.906,215.38,0.138058545864,0.0,0
2018-05-27 18:06:52.347,211.25,0.138058545864,0.0,0
2018-05-27 18:06:52.431,209.88,0.138058545864,0.0,0
2018-05-27 18:06:52.598,209.12,0.138058545864,0.0,0
2018-05-27 18:06:53.412,208.31,0.138058545864,0.0,0
2018-05-27 18:06:53.589,207.67,0.138058545864,0.0,0
2018-05-27 18:06:53.673,207.09,0.138058545864,0.0,0
2018-05-27 18:06:53.766,208.91,0.138058545864,0.0,0
2018-05-27 18:06:53.860,207.22,0.138058545864,0.0,0
2018-05-27 18:06:54.021,208.98,0.138058545864,0.0,0
2018-05-27 18:06:54.115,207.51,0.138058545864,0.0,0
2018-05-27 18:06:54.208,209.25,0.138058545864,0.0,0
2018-05-27 18:06:54.301,208.63,0.138058545864,0.0,0
2018-05-27 18:06:54.478,210.6,0.138058545864,0.0,0
2018-05-27 18:06:54.571,208.85,0.138058545864,0.0,0
2018-05-27 18:06:54.664,210.99,0.138058545864,0.0,0
2018-05-27 18:06:54.757,209.22,0.138058545864,0.0,0
2018-05-27 18:06:54.850,211.15,0.138058545864,0.0,0
2018-05-27 18:06:55.106,210.15,0.138058545864,0.0,0
2018-05-27 18:06:55.199,211.13,0.138058545864,0.0,0
2018-05-27 18:06:55.292,210.31,0.138058545864,0.0,0
2018-05-27 18:06:55.385,211.43,0.138058545864,0.0,0
2018-05-27 18:06:55.469,212.34,0.138058545864,0.0,0
2018-05-27 18:06:55.562,211.01,0.138058545864,0.0,0
2018-05-27 18:06:55.655,212.68,0.138058545864,0.0,0
2018-05-27 18:06:55.748,211.52,0.138058545864,0.0,0
2018-05-27 18:06:55.841,211.87,0.138058545864,0.0,0
2018-05-27 18:06:56.096,212.42,0.138058545864,0.0,0
2018-05-27 18:06:56.283,212.98,0.138058545864,0.0,0
2018-05-27 18:06:56.367,215.26,0.138058545864,0.0,0
2018-05-27 18:06:56.553,215.76,0.138058545864,0.0,0
2018-05-27 18:06:56.646,214.9,0.138058545864,0.0,0
2018-05-27 18:06:56.739,214.96,0.138058545864,0.0,0
2018-05-27 18:06:56.832,217.06,0.138058545864,0.0,0
2018-05-27 18:06:57.078,217.68,0.138058545864,0.0,0
2018-05-27 18:06:57.255,218.31,0.138058545864,0.0,0
2018-05-27 18:06:57.339,218.74,0.138058545864,0.0,0
2018-05-27 18:06:57.432,218.12,0.138058545864,0.0,0
2018-05-27 18:06:57.609,217.5,0.138058545864,0.0,0
2018-05-27 18:06:57.702,218.38,0.138058545864,0.0,0
2018-05-27 18:06:57.795,220.0,0.138058545864,0.0,0
2018-05-27 18:06:57.888,219.66,0.138058545864,0.0,0
2018-05-27 18:06:58.050,218.22,0.138058545864,0.0,0
2018-05-27 18:06:58.320,219.55,0.138058545864,0.0,0
2018-05-27 18:06:58.414,221.54,0.138058545864,0.0,0
2018-05-27 18:06:58.591,220.83,0.138058545864,0.0,0
2018-05-27 18:06:58.768,221.23,0.138058545864,0.0,0
2018-05-27 18:06:58.861,223.37,0.138058545864,0.0,0
2018-05-27 18:06:59.116,222.6,0.138058545864,0.0,0
2018-05-27 18:06:59.302,222.99,0.138058545864,0.0,0
2018-05-27 18:06:59.386,224.09,0.138058545864,0.0,0
2018-05-27 18:06:59.563,225.36,0.138058545864,0.0,0
2018-05-27 18:06:59.656,224.95,0.138058545864,0.0,0
2018-05-27 18:06:59.749,225.05,0.138058545864,0.0,0
2018-05-27 18:06:59.842,225.04,0.138058545864,0.0,0
2018-05-27 18:07:00.004,225.26,0.138058545864,0.0,0
2018-05-27 18:07:00.097,225.76,0.138058545864,0.0,0
2018-05-27 18:07:00.190,226.69,0.138058545864,0.0,0
2018-05-27 18:07:00.284,226.63,0.138058545864,0.0,0
2018-05-27 18:07:00.367,225.16,0.138058545864,0.0,0
2018-05-27 18:07:00.461,226.26,0.138058545864,0.0,0
2018-05-27 18:07:00.554,227.01,0.138058545864,0.0,0
2018-05-27 18:07:00.647,227.75,0.138058545864,0.0,0
2018-05-27 18:07:00.740,228.16,0.138058545864,0.0,0
2018-05-27 18:07:00.922,227.6,0.138058545864,0.0,0
2018-05-27 18:07:01.079,227.49,0.138058545864,0.0,0
2018-05-27 18:07:01.163,228.86,0.138058545864,0.0,0
2018-05-27 18:07:01.340,229.7,0.138058545864,0.0,0
2018-05-27 18:07:01.424,229.09,0.138058545864,0.0,0
2018-05-27 18:07:01.610,228.6,0.138058545864,0.0,0
2018-05-27 18:07:01.880,229.89,0.138058545864,0.0,0
2018-05-27 18:07:02.135,230.43,0.138058545864,0.0,0
2018-05-27 18:07:02.312,230.96,0.138058545864,0.0,0
2018-05-27 18:07:02.396,229.05,0.138058545864,0.0,0
2018-05-27 18:07:02.489,228.94,0.138058545864,0.0,0
2018-05-27 18:07:02.675,229.25,0.138058545864,0.0,0
2018-05-27 18:07:02.768,229.34,0.138058545864,0.0,0
2018-05-27 18:07:02.862,229.52,0.138058545864,0.0,0
2018-05-27 18:07:03.024,228.81,0.138058545864,0.0,0
2018-05-27 18:07:03.200,229.94,0.138058545864,0.0,0
2018-05-27 18:07:03.294,229.61,0.138058545864,0.0,0
2018-05-27 18:07:03.377,228.88,0.138058545864,0.0,0
2018-05-27 18:07:03.471,229.09,0.138058545864,0.0,0
2018-05-27 18:07:03.657,230.03,0.138058545864,0.0,0
2018-05-27 18:07:03.750,229.57,0.138058545864,0.0,0
2018-05-27 18:07:03.922,230.05,0.138058545864,0.0,0
2018-05-27 18:07:04.080,229.4,0.138058545864,0.0,0
2018-05-27 18:07:04.163,227.8,0.138058545864,0.0,0
2018-05-27 18:07:04.257,228.29,0.138058545864,0.0,0
2018-05-27 18:07:04.341,227.17,0.138058545864,0.0,0
2018-05-27 18:07:04.434,225.92,0.138058545864,0.0,0
2018-05-27 18:07:04.518,226.65,0.138058545864,0.0,0
2018-05-27 18:07:04.611,225.5,0.138058545864,0.0,0
2018-05-27 18:07:04.797,222.63,0.138058545864,0.0,0
2018-05-27 18:07:04.890,221.49,0.138058545864,0.0,0
2018-05-27 18:07:05.238,219.59,0.138058545864,0.0,0
2018-05-27 18:07:05.332,218.92,0.138058545864,0.0,0
2018-05-27 18:07:05.425,218.35,0.138058545864,0.0,0
2018-05-27 18:07:05.518,217.64,0.138058545864,0.0,0
2018-05-27 18:07:05.611,215.5,0.138058545864,0.0,0
2018-05-27 18:07:05.695,215.11,0.138058545864,0.0,0
2018-05-27 18:07:05.881,214.56,0.138058545864,0.0,0
2018-05-27 18:07:06.770,209.4,0.138058545864,0.0,0
2018-05-27 18:07:06.863,207.64,0.138058545864,0.0,0
2018-05-27 18:07:07.025,208.26,0.138058545864,0.0,0
2018-05-27 18:07:07.304,205.09,0.138058545864,0.0,0
2018-05-27 18:07:07.482,205.65,0.138058545864,0.0,0
2018-05-27 18:07:07.565,205.27,0.138058545864,0.0,0
2018-05-27 18:07:07.658,203.91,0.138058545864,0.0,0
2018-05-27 18:07:07.845,205.22,0.138058545864,0.0,0
2018-05-27 18:07:08.007,204.59,0.138058545864,0.0,0
2018-05-27 18:07:08.193,205.06,0.138058545864,0.0,0
2018-05-27 18:07:08.370,205.73,0.138058545864,0.0,0
2018-05-27 18:07:08.463,205.3,0.138058545864,0.0,0
2018-05-27 18:07:08.556,206.11,0.138058545864,0.0,0
2018-05-27 18:07:08.650,206.16,0.138058545864,0.0,0
2018-05-27 18:07:08.743,205.86,0.138058545864,0.0,0
2018-05-27 18:07:08.836,207.38,0.138058545864,0.0,0
2018-05-27 18:07:08.924,207.5,0.138058545864,0.0,0
2018-05-27 18:07:09.082,206.01,0.138058545864,0.0,0
2018-05-27 18:07:09.170,206.76,0.138058545864,0.0,0
2018-05-27 18:07:09.249,206.72,0.138058545864,0.0,0
2018-05-27 18:07:09.334,207.0,0.138058545864,0.0,0
2018-05-27 18:07:09.427,207.27,0.138058545864,0.0,0
2018-05-27 18:07:09.511,207.56,0.138058545864,0.0,0
2018-05-27 18:07:09.608,208.09,0.138058545864,0.0,0
2018-05-27 18:07:09.708,207.57,0.138058545864,0.0,0
2018-05-27 18:07:09.792,208.09,0.138058545864,0.0,0
2018-05-27 18:07:09.883,208.3,0.138058545864,0.0,0
2018-05-27 18:07:10.051,208.54,0.138058545864,0.0,0
2018-05-27 18:07:10.139,208.7,0.138058545864,0.0,0
2018-05-27 18:07:10.231,209.24,0.138058545864,0.0,0
2018-05-27 18:07:10.417,209.7,0.138058545864,0.0,0
2018-05-27 18:07:10.511,208.94,0.138058545864,0.0,0
2018-05-27 18:07:10.604,210.35,0.138058545864,0.0,0
2018-05-27 18:07:10.697,210.07,0.138058545864,0.0,0
2018-05-27 18:07:10.790,211.64,0.138058545864,0.0,0
2018-05-27 18:07:10.883,210.84,0.138058545864,0.0,0
2018-05-27 18:07:11.045,212.08,0.138058545864,0.0,0
2018-05-27 18:07:11.129,211.74,0.138058545864,0.0,0
2018-05-27 18:07:11.315,211.97,0.138058545864,0.0,0
2018-05-27 18:07:11.399,212.39,0.138058545864,0.0,0
2018-05-27 18:07:11.492,214.23,0.138058545864,0.0,0
2018-05-27 18:07:11.679,213.68,0.138058545864,0.0,0
2018-05-27 18:07:11.772,216.09,0.138058545864,0.0,0
2018-05-27 18:07:12.111,215.48,0.138058545864,0.0,0
2018-05-27 18:07:12.381,216.78,0.138058545864,0.0,0
2018-05-27 18:07:12.474,215.35,0.138058545864,0.0,0
2018-05-27 18:07:12.754,212.23,0.138058545864,0.0,0
2018-05-27 18:07:13.167,210.08,0.138058545864,0.0,0
2018-05-27 18:07:13.260,210.13,0.138058545864,0.0,0
2018-05-27 18:07:13.344,209.49,0.138058545864,0.0,0
2018-05-27 18:07:13.428,209.45,0.138058545864,0.0,0
2018-05-27 18:07:13.605,207.55,0.138058545864,0.0,0
2018-05-27 18:07:13.791,205.97,0.138058545864,0.0,0
2018-05-27 18:07:13.884,207.99,0.138058545864,0.0,0
2018-05-27 18:07:14.047,206.61,0.138058545864,0.0,0
2018-05-27 18:07:14.139,207.1,0.138058545864,0.0,0
2018-05-27 18:07:14.316,205.4,0.138058545864,0.0,0
2018-05-27 18:07:14.400,205.6,0.138058545864,0.0,0
2018-05-27 18:07:14.587,206.25,0.138058545864,0.0,0
2018-05-27 18:07:14.773,206.08,0.138058545864,0.0,0
2018-05-27 18:07:14.866,207.19,0.138058545864,0.0,0
2018-05-27 18:07:15.028,206.32,0.138058545864,0.0,0
2018-05-27 18:07:15.121,206.37,0.138058545864,0.0,0
2018-05-27 18:07:15.298,206.61,0.138058545864,0.0,0
2018-05-27 18:07:15.475,207.03,0.138058545864,0.0,0
2018-05-27 18:07:15.568,207.32,0.138058545864,0.0,0
2018-05-27 18:07:15.848,207.46,0.138058545864,0.0,0
2018-05-27 18:07:16.010,208.47,0.138058545864,0.0,0
2018-05-27 18:07:16.280,208.56,0.138058545864,0.0,0
2018-05-27 18:07:16.373,209.23,0.138058545864,0.0,0
2018-05-27 18:07:16.457,210.45,0.138058545864,0.0,0
2018-05-27 18:07:16.634,209.35,0.138058545864,0.0,0
2018-05-27 18:07:16.727,210.74,0.138058545864,0.0,0
2018-05-27 18:07:16.820,209.93,0.138058545864,0.0,0
2018-05-27 18:07:17.057,209.97,0.138058545864,0.0,0
2018-05-27 18:07:17.150,210.41,0.138058545864,0.0,0
2018-05-27 18:07:17.243,211.67,0.138058545864,0.0,0
2018-05-27 18:07:17.336,210.61,0.138058545864,0.0,0
2018-05-27 18:07:17.429,212.84,0.138058545864,0.0,0
2018-05-27 18:07:17.523,212.18,0.138058545864,0.0,0
2018-05-27 18:07:17.616,213.89,0.138058545864,0.0,0
2018-05-27 18:07:17.709,212.53,0.138058545864,0.0,0
2018-05-27 18:07:17.793,214.34,0.138058545864,0.0,0
2018-05-27 18:07:18.141,214.62,0.138058545864,0.0,0
2018-05-27 18:07:18.234,214.23,0.138058545864,0.0,0
2018-05-27 18:07:18.327,216.57,0.138058545864,0.0,0
2018-05-27 18:07:18.420,215.01,0.138058545864,0.0,0
2018-05-27 18:07:18.597,215.93,0.138058545864,0.0,0
2018-05-27 18:07:18.691,216.89,0.138058545864,0.0,0
2018-05-27 18:07:18.868,217.84,0.138058545864,0.0,0
2018-05-27 18:07:19.029,217.98,0.138058545864,0.0,0
2018-05-27 18:07:19.123,217.21,0.138058545864,0.0,0
2018-05-27 18:07:19.393,217.67,0.138058545864,0.0,0
2018-05-27 18:07:19.579,217.68,0.138058545864,0.0,0
2018-05-27 18:07:19.663,219.24,0.138058545864,0.0,0
2018-05-27 18:07:20.011,220.61,0.138058545864,0.0,0
2018-05-27 18:07:20.198,219.96,0.138058545864,0.0,0
2018-05-27 18:07:20.375,220.0,0.138058545864,0.0,0
2018-05-27 18:07:20.468,220.84,0.138058545864,0.0,0
2018-05-27 18:07:20.552,221.5,0.138058545864,0.0,0
2018-05-27 18:07:20.635,222.81,0.138058545864,0.0,0
2018-05-27 18:07:20.822,221.72,0.138058545864,0.0,0
2018-05-27 18:07:21.077,222.94,0.138058545864,0.0,0
2018-05-27 18:07:21.170,224.49,0.138058545864,0.0,0
2018-05-27 18:07:21.263,224.59,0.138058545864,0.0,0
2018-05-27 18:07:21.347,223.79,0.138058545864,0.0,0
2018-05-27 18:07:21.440,225.16,0.138058545864,0.0,0
2018-05-27 18:07:21.524,223.9,0.138058545864,0.0,0
2018-05-27 18:07:21.701,224.71,0.138058545864,0.0,0
2018-05-27 18:07:21.795,224.12,0.138058545864,0.0,0
2018-05-27 18:07:22.226,224.39,0.138058545864,0.0,0
2018-05-27 18:07:22.320,225.54,0.138058545864,0.0,0
2018-05-27 18:07:22.496,225.6,0.138058545864,0.0,0
2018-05-27 18:07:22.599,227.23,0.138058545864,0.0,0
2018-05-27 18:07:22.692,227.5,0.138058545864,0.0,0
2018-05-27 18:07:23.031,227.2,0.138058545864,0.0,0
2018-05-27 18:07:23.320,226.99,0.138058545864,0.0,0
2018-05-27 18:07:23.590,227.96,0.138058545864,0.0,0
2018-05-27 18:07:23.683,228.53,0.138058545864,0.0,0
2018-05-27 18:07:23.869,228.3,0.138058545864,0.0,0
2018-05-27 18:07:24.031,228.88,0.138058545864,0.0,0
2018-05-27 18:07:24.124,228.43,0.138058545864,0.0,0
2018-05-27 18:07:24.302,229.55,0.138058545864,0.0,0
2018-05-27 18:07:24.665,231.05,0.138058545864,0.0,0
2018-05-27 18:07:24.758,231.55,0.138058545864,0.0,0
2018-05-27 18:07:25.190,230.36,0.138058545864,0.0,0
2018-05-27 18:07:25.731,231.49,0.138058545864,0.0,0
2018-05-27 18:07:25.824,231.33,0.138058545864,0.0,0
2018-05-27 18:07:26.069,232.97,0.138058545864,0.0,0
2018-05-27 18:07:26.256,231.39,0.138058545864,0.0,0
2018-05-27 18:07:26.340,228.8,0.138058545864,0.0,0
2018-05-27 18:07:26.433,228.48,0.138058545864,0.0,0
2018-05-27 18:07:26.526,227.26,0.138058545864,0.0,0
2018-05-27 18:07:27.051,222.24,0.138058545864,0.0,0
2018-05-27 18:07:27.237,221.66,0.138058545864,0.0,0
2018-05-27 18:07:27.330,220.28,0.138058545864,0.0,0
2018-05-27 18:07:27.517,218.42,0.138058545864,0.0,0
2018-05-27 18:07:27.694,218.01,0.138058545864,0.0,0
2018-05-27 18:07:27.787,216.98,0.138058545864,0.0,0
2018-05-27 18:07:27.880,215.22,0.138058545864,0.0,0
2018-05-27 18:07:28.135,215.7,0.138058545864,0.0,0
2018-05-27 18:07:28.396,214.83,0.138058545864,0.0,0
2018-05-27 18:07:28.489,213.73,0.138058545864,0.0,0
2018-05-27 18:07:28.582,214.16,0.138058545864,0.0,0
2018-05-27 18:07:28.675,212.67,0.138058545864,0.0,0
2018-05-27 18:07:28.769,211.91,0.138058545864,0.0,0
2018-05-27 18:07:29.024,210.32,0.138058545864,0.0,0
2018-05-27 18:07:29.108,210.61,0.138058545864,0.0,0
2018-05-27 18:07:29.471,208.93,0.138058545864,0.0,0
2018-05-27 18:07:29.844,208.21,0.138058545864,0.0,0
2018-05-27 18:07:30.089,206.73,0.138058545864,0.0,0
2018-05-27 18:07:30.443,207.52,0.138058545864,0.0,0
2018-05-27 18:07:30.723,208.22,0.138058545864,0.0,0
2018-05-27 18:07:30.900,209.74,0.138058545864,0.0,0
2018-05-27 18:07:31.155,210.89,0.138058545864,0.0,0
2018-05-27 18:07:31.788,212.49,0.138058545864,0.0,0
2018-05-27 18:07:31.881,211.36,0.138058545864,0.0,0
2018-05-27 18:07:32.146,213.35,0.138058545864,0.0,0
2018-05-27 18:07:32.407,215.18,0.138058545864,0.0,0
2018-05-27 18:07:32.500,213.77,0.138058545864,0.0,0
2018-05-27 18:07:33.025,215.28,0.138058545864,0.0,0
2018-05-27 18:07:33.118,217.5,0.138058545864,0.0,0
2018-05-27 18:07:33.388,217.01,0.138058545864,0.0,0
2018-05-27 18:07:33.658,215.53,0.138058545864,0.0,0
2018-05-27 18:07:34.002,213.09,0.138058545864,0.0,0
2018-05-27 18:07:34.091,212.63,0.138058545864,0.0,0
2018-05-27 18:07:34.174,212.41,0.138058545864,0.0,0
2018-05-27 18:07:34.445,210.17,0.138058545864,0.0,0
2018-05-27 18:07:34.622,209.26,0.138058545864,0.0,0
2018-05-27 18:07:34.715,211.1,0.138058545864,0.0,0
2018-05-27 18:07:35.054,210.93,0.138058545864,0.0,0
2018-05-27 18:07:35.240,211.04,0.138058545864,0.0,0
2018-05-27 18:07:35.324,211.0,0.138058545864,0.0,0
2018-05-27 18:07:35.417,209.42,0.138058545864,0.0,0
2018-05-27 18:07:35.510,209.37,0.138058545864,0.0,0
2018-05-27 18:07:35.780,209.65,0.138058545864,0.0,0
2018-05-27 18:07:36.035,210.28,0.138058545864,0.0,0
2018-05-27 18:07:36.762,212.5,0.138058545864,0.0,0
2018-05-27 18:07:37.017,211.54,0.138058545864,0.0,0
2018-05-27 18:07:37.110,212.65,0.138058545864,0.0,0
2018-05-27 18:07:37.203,211.81,0.138058545864,0.0,0
2018-05-27 18:07:37.296,213.76,0.138058545864,0.0,0
2018-05-27 18:07:37.380,213.91,0.138058545864,0.0,0
2018-05-27 18:07:37.474,212.69,0.138058545864,0.0,0
2018-05-27 18:07:37.567,212.56,0.138058545864,0.0,0
2018-05-27 18:07:37.921,215.32,0.138058545864,0.0,0
2018-05-27 18:07:38.082,214.16,0.138058545864,0.0,0
2018-05-27 18:07:38.157,215.0,0.138058545864,0.0,0
2018-05-27 18:07:38.269,215.65,0.138058545864,0.0,0
2018-05-27 18:07:38.446,214.83,0.138058545864,0.0,0
2018-05-27 18:07:38.622,216.37,0.138058545864,0.0,0
2018-05-27 18:07:38.716,217.73,0.138058545864,0.0,0
2018-05-27 18:07:38.809,218.15,0.138058545864,0.0,0
2018-05-27 18:07:38.902,217.42,0.138058545864,0.0,0
2018-05-27 18:07:39.250,217.67,0.138058545864,0.0,0
2018-05-27 18:07:39.334,218.08,0.138058545864,0.0,0
2018-05-27 18:07:39.427,217.03,0.138058545864,0.0,0
2018-05-27 18:07:39.520,218.94,0.138058545864,0.0,0
2018-05-27 18:07:39.706,220.08,0.138058545864,0.0,0
2018-05-27 18:07:39.892,219.93,0.138058545864,0.0,0
2018-05-27 18:07:40.054,221.31,0.138058545864,0.0,0
2018-05-27 18:07:40.147,221.97,0.138058545864,0.0,0
2018-05-27 18:07:40.240,220.16,0.138058545864,0.0,0
2018-05-27 18:07:40.333,220.88,0.138058545864,0.0,0
2018-05-27 18:07:40.427,221.85,0.138058545864,0.0,0
2018-05-27 18:07:40.520,223.31,0.138058545864,0.0,0
2018-05-27 18:07:40.603,222.06,0.138058545864,0.0,0
2018-05-27 18:07:40.697,223.77,0.138058545864,0.0,0
2018-05-27 18:07:40.790,223.93,0.138058545864,0.0,0
2018-05-27 18:07:40.883,222.53,0.138058545864,0.0,0
2018-05-27 18:07:41.045,222.98,0.138058545864,0.0,0
2018-05-27 18:07:41.138,223.11,0.138058545864,0.0,0
2018-05-27 18:07:41.324,225.25,0.138058545864,0.0,0
2018-05-27 18:07:41.417,225.39,0.138058545864,0.0,0
2018-05-27 18:07:41.594,226.32,0.138058545864,0.0,0
2018-05-27 18:07:41.687,226.4,0.138058545864,0.0,0
2018-05-27 18:07:41.780,225.76,0.138058545864,0.0,0
2018-05-27 18:07:41.873,225.72,0.138058545864,0.0,0
2018-05-27 18:07:42.035,225.26,0.138058545864,0.0,0
2018-05-27 18:07:42.128,225.31,0.138058545864,0.0,0
2018-05-27 18:07:42.221,225.31,0.138058545864,0.0,0
2018-05-27 18:07:42.407,226.79,0.138058545864,0.0,0
2018-05-27 18:07:42.491,225.69,0.138058545864,0.0,0
2018-05-27 18:07:42.584,226.45,0.138058545864,0.0,0
2018-05-27 18:07:42.771,227.09,0.138058545864,0.0,0
2018-05-27 18:07:42.864,227.27,0.138058545864,0.0,0
2018-05-27 18:07:43.025,228.95,0.138058545864,0.0,0
2018-05-27 18:07:43.212,229.46,0.138058545864,0.0,0
2018-05-27 18:07:43.575,228.89,0.138058545864,0.0,0
2018-05-27 18:07:43.668,229.88,0.138058545864,0.0,0
2018-05-27 18:07:43.761,229.52,0.138058545864,0.0,0
2018-05-27 18:07:44.109,231.21,0.138058545864,0.0,0
2018-05-27 18:07:44.379,230.36,0.138058545864,0.0,0
2018-05-27 18:07:44.472,230.8,0.138058545864,0.0,0
2018-05-27 18:07:44.565,230.93,0.138058545864,0.0,0
2018-05-27 18:07:44.654,232.39,0.138058545864,0.0,0
2018-05-27 18:07:44.742,232.72,0.138058545864,0.0,0
2018-05-27 18:07:44.826,231.35,0.138058545864,0.0,0
2018-05-27 18:07:44.919,231.46,0.138058545864,0.0,0
2018-05-27 18:07:45.267,233.48,0.138058545864,0.0,0
2018-05-27 18:07:45.444,233.14,0.138058545864,0.0,0
2018-05-27 18:07:45.528,232.98,0.138058545864,0.0,0
2018-05-27 18:07:45.621,233.99,0.138058545864,0.0,0
2018-05-27 18:07:45.714,234.3,0.138058545864,0.0,0
2018-05-27 18:07:45.900,234.83,0.138058545864,0.0,0
2018-05-27 18:07:46.062,235.49,0.138058545864,0.0,0
2018-05-27 18:07:46.146,234.02,0.138058545864,0.0,0
2018-05-27 18:07:46.239,233.48,0.138058545864,0.0,0
2018-05-27 18:07:46.332,234.3,0.138058545864,0.0,0
2018-05-27 18:07:46.425,234.96,0.138058545864,0.0,0
2018-05-27 18:07:46.518,236.79,0.138058545864,0.0,0
2018-05-27 18:07:46.611,236.61,0.138058545864,0.0,0
2018-05-27 18:07:46.705,236.2,0.138058545864,0.0,0
2018-05-27 18:07:46.800,236.49,0.138058545864,0.0,0
2018-05-27 18:07:47.062,232.26,0.138058545864,0.0,0
2018-05-27 18:07:47.333,229.09,0.138058545864,0.0,0
2018-05-27 18:07:47.518,226.23,0.138058545864,0.0,0
2018-05-27 18:07:47.797,221.59,0.138058545864,0.0,0
2018-05-27 18:07:47.881,220.99,0.138058545864,0.0,0
2018-05-27 18:07:48.043,219.06,0.138058545864,0.0,0
2018-05-27 18:07:48.229,218.51,0.138058545864,0.0,0
2018-05-27 18:07:48.499,214.62,0.138058545864,0.0,0
2018-05-27 18:07:48.686,213.78,0.138058545864,0.0,0
2018-05-27 18:07:48.769,213.66,0.138058545864,0.0,0
2018-05-27 18:07:49.118,209.28,0.138058545864,0.0,0
2018-05-27 18:07:49.211,210.84,0.138058545864,0.0,0
2018-05-27 18:07:49.397,209.08,0.138058545864,0.0,0
2018-05-27 18:07:49.481,208.02,0.138058545864,0.0,0
2018-05-27 18:07:49.574,208.39,0.138058545864,0.0,0
2018-05-27 18:07:49.667,207.85,0.138058545864,0.0,0
2018-05-27 18:07:49.751,207.65,0.138058545864,0.0,0
2018-05-27 18:07:49.844,208.17,0.138058545864,0.0,0
2018-05-27 18:07:50.001,209.24,0.138058545864,0.0,0
2018-05-27 18:07:50.089,207.21,0.138058545864,0.0,0
2018-05-27 18:07:50.173,206.79,0.138058545864,0.0,0
2018-05-27 18:07:50.266,207.83,0.138058545864,0.0,0
2018-05-27 18:07:50.350,208.41,0.138058545864,0.0,0
2018-05-27 18:07:50.443,206.38,0.138058545864,0.0,0
2018-05-27 18:07:50.536,207.76,0.138058545864,0.0,0
2018-05-27 18:07:50.620,207.82,0.138058545864,0.0,0
2018-05-27 18:07:50.704,208.9,0.138058545864,0.0,0
2018-05-27 18:07:50.797,207.58,0.138058545864,0.0,0
2018-05-27 18:07:50.890,209.05,0.138058545864,0.0,0
2018-05-27 18:07:51.055,207.91,0.138058545864,0.0,0
2018-05-27 18:07:51.136,208.02,0.138058545864,0.0,0
2018-05-27 18:07:51.219,207.77,0.138058545864,0.0,0
2018-05-27 18:07:51.415,209.56,0.138058545864,0.0,0
2018-05-27 18:07:51.584,209.73,0.138058545864,0.0,0
2018-05-27 18:07:51.676,208.43,0.138058545864,0.0,0
2018-05-27 18:07:51.769,210.22,0.138058545864,0.0,0
2018-05-27 18:07:51.862,207.79,0.138058545864,0.0,0
2018-05-27 18:07:52.015,208.76,0.138058545864,0.0,0
2018-05-27 18:07:52.107,209.3,0.138058545864,0.0,0
2018-05-27 18:07:52.210,209.52,0.138058545864,0.0,0
2018-05-27 18:07:52.303,209.68,0.138058545864,0.0,0
2018-05-27 18:07:52.480,210.05,0.138058545864,0.0,0
2018-05-27 18:07:52.574,212.05,0.138058545864,0.0,0
2018-05-27 18:07:52.660,212.11,0.138058545864,0.0,0
2018-05-27 18:07:52.750,210.69,0.138058545864,0.0,0
2018-05-27 18:07:52.931,212.62,0.138058545864,0.0,0
2018-05-27 18:07:53.172,214.74,0.138058545864,0.0,0
2018-05-27 18:07:53.442,214.63,0.138058545864,0.0,0
2018-05-27 18:07:53.619,214.56,0.138058545864,0.0,0
2018-05-27 18:07:53.712,215.92,0.138058545864,0.0,0
2018-05-27 18:07:53.806,212.95,0.138058545864,0.0,0
2018-05-27 18:07:54.331,211.54,0.138058545864,0.0,0
2018-05-27 18:07:54.517,209.76,0.138058545864,0.0,0
2018-05-27 18:07:54.796,206.4,0.138058545864,0.0,0
2018-05-27 18:07:54.889,206.92,0.138058545864,0.0,0
2018-05-27 18:07:55.051,204.43,0.138058545864,0.0,0
2018-05-27 18:07:55.145,205.92,0.138058545864,0.0,0
2018-05-27 18:07:55.498,203.79,0.138058545864,0.0,0
2018-05-27 18:07:55.591,204.17,0.138058545864,0.0,0
2018-05-27 18:07:55.777,204.33,0.138058545864,0.0,0
2018-05-27 18:07:56.032,202.77,0.138058545864,0.0,0
2018-05-27 18:07:56.125,203.78,0.138058545864,0.0,0
2018-05-27 18:07:56.209,203.02,0.138058545864,0.0,0
2018-05-27 18:07:56.302,202.61,0.138058545864,0.0,0
2018-05-27 18:07:56.479,203.68,0.138058545864,0.0,0
2018-05-27 18:07:56.572,203.93,0.138058545864,0.0,0
2018-05-27 18:07:56.665,202.75,0.138058545864,0.0,0
2018-05-27 18:07:56.758,204.06,0.138058545864,0.0,0
2018-05-27 18:07:56.851,202.38,0.138058545864,0.0,0
2018-05-27 18:07:57.097,202.62,0.138058545864,0.0,0
2018-05-27 18:07:57.190,204.8,0.138058545864,0.0,0
2018-05-27 18:07:57.460,205.24,0.138058545864,0.0,0
2018-05-27 18:07:57.730,204.39,0.138058545864,0.0,0
2018-05-27 18:07:57.814,203.79,0.138058545864,0.0,0
2018-05-27 18:07:57.907,205.83,0.138058545864,0.0,0
2018-05-27 18:07:58.060,206.01,0.138058545864,0.0,0
2018-05-27 18:07:58.246,206.29,0.138058545864,0.0,0
2018-05-27 18:07:58.330,206.54,0.138058545864,0.0,0
2018-05-27 18:07:58.423,205.12,0.138058545864,0.0,0
2018-05-27 18:07:58.516,207.76,0.138058545864,0.0,0
2018-05-27 18:07:58.609,206.13,0.138058545864,0.0,0
2018-05-27 18:07:58.693,206.8,0.138058545864,0.0,0
2018-05-27 18:07:58.786,207.35,0.138058545864,0.0,0
2018-05-27 18:07:58.879,206.87,0.138058545864,0.0,0
2018-05-27 18:07:59.041,207.48,0.138058545864,0.0,0
2018-05-27 18:07:59.134,207.99,0.138058545864,0.0,0
2018-05-27 18:07:59.227,208.96,0.138058545864,0.0,0
2018-05-27 18:07:59.320,209.16,0.138058545864,0.0,0
2018-05-27 18:07:59.413,210.12,0.138058545864,0.0,0
2018-05-27 18:07:59.498,210.27,0.138058545864,0.0,0
2018-05-27 18:07:59.683,211.91,0.138058545864,0.0,0
2018-05-27 18:07:59.776,211.01,0.138058545864,0.0,0
2018-05-27 18:07:59.869,212.47,0.138058545864,0.0,0
2018-05-27 18:08:00.031,212.23,0.138058545864,0.0,0
2018-05-27 18:08:00.311,213.36,0.138058545864,0.0,0
2018-05-27 18:08:00.395,212.96,0.138058545864,0.0,0
2018-05-27 18:08:00.674,214.33,0.138058545864,0.0,0
2018-05-27 18:08:00.767,216.08,0.138058545864,0.0,0
2018-05-27 18:08:00.860,216.13,0.138058545864,0.0,0
2018-05-27 18:08:01.022,216.14,0.138058545864,0.0,0
2018-05-27 18:08:01.115,216.68,0.138058545864,0.0,0
2018-05-27 18:08:01.208,218.15,0.138058545864,0.0,0
2018-05-27 18:08:01.394,217.36,0.138058545864,0.0,0
2018-05-27 18:08:01.478,217.15,0.138058545864,0.0,0
2018-05-27 18:08:01.664,219.1,0.138058545864,0.0,0
2018-05-27 18:08:01.841,218.89,0.138058545864,0.0,0
2018-05-27 18:08:02.096,219.26,0.138058545864,0.0,0
2018-05-27 18:08:02.292,219.94,0.138058545864,0.0,0
2018-05-27 18:08:02.377,220.23,0.138058545864,0.0,0
2018-05-27 18:08:02.562,221.91,0.138058545864,0.0,0
2018-05-27 18:08:02.655,221.36,0.138058545864,0.0,0
2018-05-27 18:08:02.748,220.58,0.138058545864,0.0,0
2018-05-27 18:08:02.841,221.54,0.138058545864,0.0,0
2018-05-27 18:08:02.930,221.69,0.138058545864,0.0,0
2018-05-27 18:08:03.087,221.87,0.138058545864,0.0,0
2018-05-27 18:08:03.170,223.79,0.138058545864,0.0,0
2018-05-27 18:08:03.347,224.72,0.138058545864,0.0,0
2018-05-27 18:08:03.524,224.9,0.138058545864,0.0,0
2018-05-27 18:08:03.617,225.11,0.138058545864,0.0,0
2018-05-27 18:08:03.804,224.3,0.138058545864,0.0,0
2018-05-27 18:08:03.897,223.94,0.138058545864,0.0,0
2018-05-27 18:08:04.058,224.41,0.138058545864,0.0,0
2018-05-27 18:08:04.245,225.96,0.138058545864,0.0,0
2018-05-27 18:08:04.338,225.74,0.138058545864,0.0,0
2018-05-27 18:08:04.524,224.96,0.138058545864,0.0,0
2018-05-27 18:08:05.328,226.0,0.138058545864,0.0,0
2018-05-27 18:08:05.421,226.92,0.138058545864,0.0,0
2018-05-27 18:08:05.794,227.98,0.138058545864,0.0,0
2018-05-27 18:08:05.887,227.37,0.138058545864,0.0,0
2018-05-27 18:08:06.133,229.04,0.138058545864,0.0,0
2018-05-27 18:08:06.226,228.44,0.138058545864,0.0,0
2018-05-27 18:08:06.412,228.96,0.138058545864,0.0,0
2018-05-27 18:08:06.496,228.35,0.138058545864,0.0,0
2018-05-27 18:08:06.682,228.8,0.138058545864,0.0,0
2018-05-27 18:08:06.868,230.53,0.138058545864,0.0,0
2018-05-27 18:08:07.021,228.64,0.138058545864,0.0,0
2018-05-27 18:08:07.393,230.14,0.138058545864,0.0,0
2018-05-27 18:08:07.840,227.68,0.138058545864,0.0,0
2018-05-27 18:08:07.928,226.74,0.138058545864,0.0,0
2018-05-27 18:08:08.086,225.92,0.138058545864,0.0,0
2018-05-27 18:08:08.346,223.3,0.138058545864,0.0,0
2018-05-27 18:08:08.440,223.62,0.138058545864,0.0,0
2018-05-27 18:08:08.523,220.79,0.138058545864,0.0,0
2018-05-27 18:08:08.803,218.7,0.138058545864,0.0,0
2018-05-27 18:08:08.896,217.7,0.138058545864,0.0,0
2018-05-27 18:08:09.058,218.78,0.138058545864,0.0,0
2018-05-27 18:08:09.328,214.37,0.138058545864,0.0,0
2018-05-27 18:08:09.430,214.87,0.138058545864,0.0,0
2018-05-27 18:08:09.514,214.8,0.138058545864,0.0,0
2018-05-27 18:08:09.607,212.51,0.138058545864,0.0,0
2018-05-27 18:08:09.793,211.88,0.138058545864,0.0,0
2018-05-27 18:08:09.877,212.46,0.138058545864,0.0,0
2018-05-27 18:08:10.225,210.78,0.138058545864,0.0,0
2018-05-27 18:08:10.495,212.35,0.138058545864,0.0,0
2018-05-27 18:08:10.681,211.44,0.138058545864,0.0,0
2018-05-27 18:08:10.765,210.99,0.138058545864,0.0,0
2018-05-27 18:08:11.113,208.36,0.138058545864,0.0,0
2018-05-27 18:08:11.746,210.07,0.138058545864,0.0,0
2018-05-27 18:08:12.085,210.54,0.138058545864,0.0,0
2018-05-27 18:08:12.523,212.55,0.138058545864,0.0,0
2018-05-27 18:08:12.616,211.38,0.138058545864,0.0,0
2018-05-27 18:08:12.802,213.41,0.138058545864,0.0,0
2018-05-27 18:08:13.057,213.29,0.138058545864,0.0,0
2018-05-27 18:08:13.699,216.26,0.138058545864,0.0,0
2018-05-27 18:08:13.792,215.25,0.138058545864,0.0,0
2018-05-27 18:08:14.047,216.53,0.138058545864,0.0,0
2018-05-27 18:08:14.233,217.8,0.138058545864,0.0,0
2018-05-27 18:08:14.326,218.29,0.138058545864,0.0,0
2018-05-27 18:08:14.783,218.87,0.138058545864,0.0,0
2018-05-27 18:08:14.876,217.19,0.138058545864,0.0,0
2018-05-27 18:08:15.038,217.03,0.138058545864,0.0,0
2018-05-27 18:08:15.224,218.61,0.138058545864,0.0,0
2018-05-27 18:08:15.317,217.87,0.138058545864,0.0,0
2018-05-27 18:08:15.578,216.64,0.138058545864,0.0,0
2018-05-27 18:08:15.671,215.67,0.138058545864,0.0,0
2018-05-27 18:08:16.028,214.03,0.138058545864,0.0,0
2018-05-27 18:08:16.104,213.33,0.138058545864,0.0,0
2018-05-27 18:08:16.475,212.34,0.138058545864,0.0,0
2018-05-27 18:08:16.931,210.88,0.138058545864,0.0,0
2018-05-27 18:08:17.344,210.23,0.138058545864,0.0,0
2018-05-27 18:08:17.549,210.02,0.138058545864,0.0,0
2018-05-27 18:08:17.810,208.32,0.138058545864,0.0,0
2018-05-27 18:08:17.894,207.2,0.138058545864,0.0,0
2018-05-27 18:08:18.148,207.03,0.138058545864,0.0,0
2018-05-27 18:08:18.242,207.65,0.138058545864,0.0,0
2018-05-27 18:08:18.335,205.89,0.138058545864,0.0,0
2018-05-27 18:08:18.521,203.47,0.138058545864,0.0,0
2018-05-27 18:08:18.614,204.3,0.138058545864,0.0,0
2018-05-27 18:08:18.893,204.02,0.138058545864,0.0,0
2018-05-27 18:08:19.055,201.46,0.12504656064,0.0250000003725,0
2018-05-27 18:08:19.148,201.56,0.112810386877,0.0250000003725,0
2018-05-27 18:08:19.521,201.92,0.112810386877,0.0,0
2018-05-27 18:08:19.707,202.15,0.112810386877,0.0,0
2018-05-27 18:08:19.893,201.73,0.112810386877,0.0,0
2018-05-27 18:08:20.055,203.66,0.112810386877,0.0,0
2018-05-27 18:08:20.148,202.68,0.112810386877,0.0,0
2018-05-27 18:08:20.334,205.0,0.112810386877,0.0,0
2018-05-27 18:08:20.427,204.24,0.112810386877,0.0,0
2018-05-27 18:08:20.520,206.01,0.112810386877,0.0,0
2018-05-27 18:08:20.613,204.35,0.12504656064,0.0,0
2018-05-27 18:08:20.707,206.42,0.138058545864,0.0,0
2018-05-27 18:08:20.800,206.21,0.138058545864,0.0,0
2018-05-27 18:08:20.893,206.4,0.138058545864,0.0,0
2018-05-27 18:08:21.055,206.85,0.138058545864,0.0,0
2018-05-27 18:08:21.138,207.75,0.138058545864,0.0,0
2018-05-27 18:08:21.232,207.71,0.138058545864,0.0,0
2018-05-27 18:08:21.418,209.12,0.138058545864,0.0,0
2018-05-27 18:08:21.501,209.8,0.138058545864,0.0,0
2018-05-27 18:08:21.595,209.49,0.138058545864,0.0,0
2018-05-27 18:08:21.688,210.75,0.138058545864,0.0,0
2018-05-27 18:08:21.771,211.66,0.138058545864,0.0,0
2018-05-27 18:08:21.865,211.51,0.138058545864,0.0,0
2018-05-27 18:08:22.026,212.42,0.138058545864,0.0,0
2018-05-27 18:08:22.119,212.2,0.138058545864,0.0,0
2018-05-27 18:08:22.213,212.27,0.138058545864,0.0,0
2018-05-27 18:08:22.306,213.96,0.138058545864,0.0,0
2018-05-27 18:08:22.483,212.75,0.138058545864,0.0,0
2018-05-27 18:08:22.669,215.65,0.138058545864,0.0,0
2018-05-27 18:08:22.762,214.62,0.138058545864,0.0,0
2018-05-27 18:08:23.017,215.82,0.138058545864,0.0,0
2018-05-27 18:08:23.110,215.96,0.138058545864,0.0,0
2018-05-27 18:08:23.196,216.36,0.138058545864,0.0,0
2018-05-27 18:08:23.282,217.83,0.138058545864,0.0,0
2018-05-27 18:08:23.464,217.32,0.138058545864,0.0,0
2018-05-27 18:08:23.567,217.47,0.138058545864,0.0,0
2018-05-27 18:08:23.659,219.04,0.138058545864,0.0,0
2018-05-27 18:08:23.745,216.78,0.138058545864,0.0,0
2018-05-27 18:08:24.007,217.66,0.138058545864,0.0,0
2018-05-27 18:08:24.100,219.59,0.138058545864,0.0,0
2018-05-27 18:08:24.193,218.01,0.138058545864,0.0,0
2018-05-27 18:08:24.464,219.0,0.138058545864,0.0,0
2018-05-27 18:08:24.557,220.59,0.138058545864,0.0,0
2018-05-27 18:08:24.645,219.9,0.138058545864,0.0,0
2018-05-27 18:08:24.733,220.56,0.138058545864,0.0,0
2018-05-27 18:08:24.817,220.86,0.138058545864,0.0,0
2018-05-27 18:08:24.910,220.94,0.138058545864,0.0,0
2018-05-27 18:08:25.072,222.09,0.138058545864,0.0,0
2018-05-27 18:08:25.165,222.08,0.138058545864,0.0,0
2018-05-27 18:08:25.258,220.91,0.138058545864,0.0,0
2018-05-27 18:08:25.343,223.37,0.138058545864,0.0,0
2018-05-27 18:08:25.519,223.91,0.138058545864,0.0,0
2018-05-27 18:08:25.789,224.36,0.138058545864,0.0,0
2018-05-27 18:08:26.044,223.74,0.138058545864,0.0,0
2018-05-27 18:08:26.230,223.87,0.138058545864,0.0,0
2018-05-27 18:08:26.314,225.08,0.138058545864,0.0,0
2018-05-27 18:08:26.407,224.88,0.138058545864,0.0,0
2018-05-27 18:08:26.491,225.74,0.138058545864,0.0,0
2018-05-27 18:08:26.863,225.53,0.138058545864,0.0,0
2018-05-27 18:08:27.118,225.76,0.138058545864,0.0,0
2018-05-27 18:08:27.211,226.75,0.138058545864,0.0,0
2018-05-27 18:08:27.388,226.52,0.138058545864,0.0,0
2018-05-27 18:08:27.481,226.59,0.138058545864,0.0,0
2018-05-27 18:08:27.574,226.85,0.138058545864,0.0,0
2018-05-27 18:08:27.668,227.58,0.138058545864,0.0,0
2018-05-27 18:08:27.761,228.38,0.138058545864,0.0,0
2018-05-27 18:08:27.854,228.96,0.138058545864,0.0,0
2018-05-27 18:08:28.016,228.43,0.138058545864,0.0,0
2018-05-27 18:08:28.192,228.19,0.138058545864,0.0,0
2018-05-27 18:08:28.286,229.16,0.138058545864,0.0,0
2018-05-27 18:08:28.379,229.63,0.138058545864,0.0,0
2018-05-27 18:08:28.556,228.53,0.138058545864,0.0,0
2018-05-27 18:08:28.649,229.37,0.138058545864,0.0,0
2018-05-27 18:08:29.518,228.95,0.138058545864,0.0,0
2018-05-27 18:08:29.611,228.84,0.138058545864,0.0,0
2018-05-27 18:08:29.788,226.61,0.138058545864,0.0,0
2018-05-27 18:08:30.229,224.48,0.138058545864,0.0,0
2018-05-27 18:08:30.322,223.33,0.138058545864,0.0,0
2018-05-27 18:08:30.695,219.94,0.138058545864,0.0,0
2018-05-27 18:08:30.788,217.25,0.138058545864,0.0,0
2018-05-27 18:08:31.033,216.06,0.138058545864,0.0,0
2018-05-27 18:08:31.127,215.14,0.138058545864,0.0,0
2018-05-27 18:08:31.313,213.51,0.138058545864,0.0,0
2018-05-27 18:08:31.397,212.78,0.138058545864,0.0,0
2018-05-27 18:08:31.490,212.36,0.138058545864,0.0,0
2018-05-27 18:08:31.584,212.49,0.138058545864,0.0,0
2018-05-27 18:08:31.769,213.23,0.138058545864,0.0,0
2018-05-27 18:08:31.862,211.6,0.138058545864,0.0,0
2018-05-27 18:08:32.024,211.32,0.138058545864,0.0,0
2018-05-27 18:08:32.117,212.39,0.138058545864,0.0,0
2018-05-27 18:08:32.210,210.65,0.138058545864,0.0,0
2018-05-27 18:08:32.396,211.55,0.138058545864,0.0,0
2018-05-27 18:08:32.480,211.65,0.138058545864,0.0,0
2018-05-27 18:08:32.574,211.76,0.138058545864,0.0,0
2018-05-27 18:08:32.666,211.8,0.138058545864,0.0,0
2018-05-27 18:08:32.760,210.04,0.138058545864,0.0,0
2018-05-27 18:08:33.014,210.31,0.138058545864,0.0,0
2018-05-27 18:08:33.201,209.98,0.138058545864,0.0,0
2018-05-27 18:08:33.294,211.72,0.138058545864,0.0,0
2018-05-27 18:08:33.387,210.18,0.138058545864,0.0,0
2018-05-27 18:08:33.471,211.1,0.138058545864,0.0,0
2018-05-27 18:08:33.564,210.2,0.138058545864,0.0,0
2018-05-27 18:08:33.647,210.98,0.138058545864,0.0,0
2018-05-27 18:08:33.741,212.1,0.138058545864,0.0,0
2018-05-27 18:08:33.834,210.96,0.138058545864,0.0,0
2018-05-27 18:08:33.922,210.94,0.138058545864,0.0,0
2018-05-27 18:08:34.079,211.42,0.138058545864,0.0,0
2018-05-27 18:08:34.163,210.9,0.138058545864,0.0,0
2018-05-27 18:08:34.256,213.28,0.138058545864,0.0,0
2018-05-27 18:08:34.349,211.86,0.138058545864,0.0,0
2018-05-27 18:08:34.433,212.11,0.138058545864,0.0,0
2018-05-27 18:08:34.517,213.52,0.138058545864,0.0,0
2018-05-27 18:08:34.610,213.67,0.138058545864,0.0,0
2018-05-27 18:08:34.703,214.82,0.138058545864,0.0,0
2018-05-27 18:08:34.889,214.43,0.138058545864,0.0,0
2018-05-27 18:08:35.051,216.25,0.138058545864,0.0,0
2018-05-27 18:08:35.144,215.67,0.138058545864,0.0,0
2018-05-27 18:08:35.321,216.09,0.138058545864,0.0,0
2018-05-27 18:08:35.414,217.39,0.138058545864,0.0,0
2018-05-27 18:08:35.591,218.69,0.138058545864,0.0,0
2018-05-27 18:08:36.219,215.93,0.138058545864,0.0,0
2018-05-27 18:08:36.582,213.48,0.138058545864,0.0,0
2018-05-27 18:08:36.675,213.22,0.138058545864,0.0,0
2018-05-27 18:08:36.861,210.86,0.138058545864,0.0,0
2018-05-27 18:08:37.116,209.7,0.138058545864,0.0,0
2018-05-27 18:08:37.386,207.55,0.138058545864,0.0,0
2018-05-27 18:08:37.479,208.28,0.138058545864,0.0,0
2018-05-27 18:08:37.572,206.44,0.138058545864,0.0,0
2018-05-27 18:08:37.665,207.87,0.138058545864,0.0,0
2018-05-27 18:08:37.758,206.51,0.138058545864,0.0,0
2018-05-27 18:08:37.851,208.75,0.138058545864,0.0,0
2018-05-27 18:08:38.013,207.11,0.138058545864,0.0,0
2018-05-27 18:08:38.106,207.84,0.138058545864,0.0,0
2018-05-27 18:08:38.293,208.06,0.138058545864,0.0,0
2018-05-27 18:08:38.469,207.46,0.138058545864,0.0,0
2018-05-27 18:08:38.562,208.44,0.138058545864,0.0,0
2018-05-27 18:08:38.646,209.38,0.138058545864,0.0,0
2018-05-27 18:08:38.739,207.24,0.138058545864,0.0,0
2018-05-27 18:08:38.833,208.73,0.138058545864,0.0,0
2018-05-27 18:08:38.921,209.01,0.138058545864,0.0,0
2018-05-27 18:08:39.078,206.69,0.138058545864,0.0,0
2018-05-27 18:08:39.162,206.13,0.138058545864,0.0,0
2018-05-27 18:08:39.255,208.02,0.138058545864,0.0,0
2018-05-27 18:08:39.348,206.59,0.138058545864,0.0,0
2018-05-27 18:08:39.432,206.62,0.138058545864,0.0,0
2018-05-27 18:08:39.889,207.64,0.138058545864,0.0,0
2018-05-27 18:08:40.143,207.81,0.138058545864,0.0,0
2018-05-27 18:08:40.236,208.71,0.138058545864,0.0,0
2018-05-27 18:08:40.329,208.18,0.138058545864,0.0,0
2018-05-27 18:08:40.422,209.99,0.138058545864,0.0,0
2018-05-27 18:08:40.515,208.59,0.138058545864,0.0,0
2018-05-27 18:08:40.609,210.38,0.138058545864,0.0,0
2018-05-27 18:08:40.702,208.53,0.138058545864,0.0,0
2018-05-27 18:08:40.795,210.17,0.138058545864,0.0,0
2018-05-27 18:08:40.888,210.02,0.138058545864,0.0,0
2018-05-27 18:08:41.040,209.99,0.138058545864,0.0,0
2018-05-27 18:08:41.133,212.0,0.138058545864,0.0,0
2018-05-27 18:08:41.227,211.46,0.138058545864,0.0,0
2018-05-27 18:08:41.320,211.76,0.138058545864,0.0,0
2018-05-27 18:08:41.413,213.51,0.138058545864,0.0,0
2018-05-27 18:08:41.497,213.51,0.138058545864,0.0,0
2018-05-27 18:08:41.583,214.14,0.138058545864,0.0,0
2018-05-27 18:08:41.655,213.75,0.138058545864,0.0,0
2018-05-27 18:08:41.767,213.35,0.138058545864,0.0,0
2018-05-27 18:08:41.860,215.03,0.138058545864,0.0,0
2018-05-27 18:08:42.022,214.35,0.138058545864,0.0,0
2018-05-27 18:08:42.115,214.69,0.138058545864,0.0,0
2018-05-27 18:08:42.301,215.47,0.138058545864,0.0,0
2018-05-27 18:08:42.478,215.85,0.138058545864,0.0,0
2018-05-27 18:08:42.655,216.63,0.138058545864,0.0,0
2018-05-27 18:08:43.096,218.98,0.138058545864,0.0,0
2018-05-27 18:08:43.375,218.89,0.138058545864,0.0,0
2018-05-27 18:08:43.552,219.47,0.138058545864,0.0,0
2018-05-27 18:08:43.738,220.58,0.138058545864,0.0,0
2018-05-27 18:08:43.920,222.31,0.138058545864,0.0,0
2018-05-27 18:08:44.077,220.49,0.138058545864,0.0,0
2018-05-27 18:08:44.161,222.38,0.138058545864,0.0,0
2018-05-27 18:08:44.254,221.25,0.138058545864,0.0,0
2018-05-27 18:08:44.338,222.87,0.138058545864,0.0,0
2018-05-27 18:08:44.431,224.06,0.138058545864,0.0,0
2018-05-27 18:08:44.515,223.66,0.138058545864,0.0,0
2018-05-27 18:08:44.608,224.22,0.138058545864,0.0,0
2018-05-27 18:08:44.794,223.67,0.138058545864,0.0,0
2018-05-27 18:08:44.887,223.94,0.138058545864,0.0,0
2018-05-27 18:08:45.049,224.29,0.138058545864,0.0,0
2018-05-27 18:08:45.142,224.86,0.138058545864,0.0,0
2018-05-27 18:08:45.329,225.28,0.138058545864,0.0,0
2018-05-27 18:08:45.421,225.37,0.138058545864,0.0,0
2018-05-27 18:08:45.514,224.31,0.138058545864,0.0,0
2018-05-27 18:08:45.607,225.0,0.138058545864,0.0,0
2018-05-27 18:08:45.794,225.37,0.138058545864,0.0,0
2018-05-27 18:08:46.049,227.12,0.138058545864,0.0,0
2018-05-27 18:08:46.142,227.28,0.138058545864,0.0,0
2018-05-27 18:08:46.235,227.19,0.138058545864,0.0,0
2018-05-27 18:08:47.040,228.08,0.138058545864,0.0,0
2018-05-27 18:08:47.132,228.62,0.138058545864,0.0,0
2018-05-27 18:08:47.412,229.24,0.138058545864,0.0,0
2018-05-27 18:08:47.496,229.43,0.138058545864,0.0,0
2018-05-27 18:08:47.682,230.52,0.138058545864,0.0,0
2018-05-27 18:08:47.775,230.44,0.138058545864,0.0,0
2018-05-27 18:08:47.868,230.74,0.138058545864,0.0,0
2018-05-27 18:08:48.123,230.47,0.138058545864,0.0,0
2018-05-27 18:08:48.309,230.69,0.138058545864,0.0,0
2018-05-27 18:08:48.393,231.42,0.138058545864,0.0,0
2018-05-27 18:08:48.579,231.44,0.138058545864,0.0,0
2018-05-27 18:08:49.290,233.17,0.138058545864,0.0,0
2018-05-27 18:08:49.746,228.44,0.138058545864,0.0,0
2018-05-27 18:08:50.001,227.98,0.138058545864,0.0,0
2018-05-27 18:08:50.178,223.87,0.138058545864,0.0,0
2018-05-27 18:08:50.802,217.83,0.138058545864,0.0,0
2018-05-27 18:08:50.886,216.75,0.138058545864,0.0,0
2018-05-27 18:08:51.327,213.57,0.138058545864,0.0,0
2018-05-27 18:08:51.411,213.58,0.138058545864,0.0,0
2018-05-27 18:08:51.504,213.48,0.138058545864,0.0,0
2018-05-27 18:08:52.308,209.59,0.138058545864,0.0,0
2018-05-27 18:08:52.653,207.62,0.138058545864,0.0,0
2018-05-27 18:08:52.757,207.44,0.138058545864,0.0,0
2018-05-27 18:08:53.284,205.62,0.138058545864,0.0,0
2018-05-27 18:08:53.373,207.86,0.138058545864,0.0,0
2018-05-27 18:08:53.829,208.16,0.138058545864,0.0,0
2018-05-27 18:08:53.920,208.0,0.138058545864,0.0,0
2018-05-27 18:08:54.075,207.2,0.138058545864,0.0,0
2018-05-27 18:08:54.252,208.49,0.138058545864,0.0,0
2018-05-27 18:08:54.700,207.51,0.138058545864,0.0,0
2018-05-27 18:08:55.317,209.94,0.138058545864,0.0,0
2018-05-27 18:08:55.410,211.1,0.138058545864,0.0,0
2018-05-27 18:08:55.494,212.51,0.138058545864,0.0,0
2018-05-27 18:08:55.764,212.28,0.138058545864,0.0,0
2018-05-27 18:08:55.857,213.93,0.138058545864,0.0,0
2018-05-27 18:08:56.019,213.76,0.138058545864,0.0,0
2018-05-27 18:08:56.568,217.35,0.138058545864,0.0,0
2018-05-27 18:08:56.661,215.91,0.138058545864,0.0,0
2018-05-27 18:08:57.009,215.49,0.138058545864,0.0,0
2018-05-27 18:08:57.289,214.87,0.138058545864,0.0,0
2018-05-27 18:08:57.466,213.2,0.138058545864,0.0,0
2018-05-27 18:08:57.838,210.07,0.138058545864,0.0,0
2018-05-27 18:08:58.186,209.52,0.138058545864,0.0,0
2018-05-27 18:08:58.363,207.67,0.138058545864,0.0,0
2018-05-27 18:08:58.456,208.12,0.138058545864,0.0,0
2018-05-27 18:08:58.549,207.42,0.138058545864,0.0,0
2018-05-27 18:08:58.735,207.24,0.138058545864,0.0,0
2018-05-27 18:08:58.917,208.04,0.138058545864,0.0,0
2018-05-27 18:08:59.251,207.81,0.138058545864,0.0,0
2018-05-27 18:08:59.344,207.73,0.138058545864,0.0,0
2018-05-27 18:08:59.428,208.04,0.138058545864,0.0,0
2018-05-27 18:08:59.521,207.43,0.138058545864,0.0,0
2018-05-27 18:08:59.782,207.7,0.138058545864,0.0,0
2018-05-27 18:09:00.037,205.84,0.138058545864,0.0,0
2018-05-27 18:09:00.223,203.66,0.138058545864,0.0,0
2018-05-27 18:09:00.316,204.5,0.138058545864,0.0,0
2018-05-27 18:09:00.586,201.36,0.138058545864,0.0,0
2018-05-27 18:09:00.679,202.63,0.138058545864,0.0,0
2018-05-27 18:09:00.763,203.29,0.138058545864,0.0,0
2018-05-27 18:09:01.018,200.72,0.138058545864,0.0,0
2018-05-27 18:09:01.111,200.95,0.138058545864,0.0,0
2018-05-27 18:09:01.297,198.98,0.138058545864,0.0,0
2018-05-27 18:09:01.474,200.63,0.12504656064,0.0250000003725,0
2018-05-27 18:09:01.567,200.66,0.12504656064,0.0,0
2018-05-27 18:09:01.837,200.57,0.112810386877,0.0250000003725,0
2018-05-27 18:09:01.930,202.11,0.112810386877,0.0,0
2018-05-27 18:09:02.092,201.38,0.112810386877,0.0,0
2018-05-27 18:09:02.269,202.52,0.112810386877,0.0,0
2018-05-27 18:09:02.567,204.76,0.101339266172,0.0250000003725,0
2018-05-27 18:09:02.660,204.54,0.101339266172,0.0,0
2018-05-27 18:09:02.846,206.81,0.101339266172,0.0,0
2018-05-27 18:09:03.101,207.33,0.101339266172,0.0,0
2018-05-27 18:09:03.194,206.86,0.112810386877,0.0,0
2018-05-27 18:09:03.288,208.32,0.112810386877,0.0,0
2018-05-27 18:09:03.465,208.23,0.12504656064,0.0,0
2018-05-27 18:09:03.558,210.06,0.12504656064,0.0,0
2018-05-27 18:09:03.744,210.55,0.12504656064,0.0,0
2018-05-27 18:09:03.930,211.39,0.12504656064,0.0,0
2018-05-27 18:09:04.092,210.8,0.138058545864,0.0,0
2018-05-27 18:09:04.185,211.61,0.138058545864,0.0,0
2018-05-27 18:09:04.278,213.05,0.138058545864,0.0,0
2018-05-27 18:09:04.362,213.46,0.138058545864,0.0,0
2018-05-27 18:09:04.455,212.85,0.138058545864,0.0,0
2018-05-27 18:09:04.734,213.36,0.138058545864,0.0,0
2018-05-27 18:09:04.827,214.93,0.138058545864,0.0,0
2018-05-27 18:09:04.916,214.88,0.138058545864,0.0,0
2018-05-27 18:09:05.073,216.73,0.138058545864,0.0,0
2018-05-27 18:09:05.241,215.73,0.138058545864,0.0,0
2018-05-27 18:09:05.334,216.7,0.138058545864,0.0,0
2018-05-27 18:09:05.604,217.2,0.138058545864,0.0,0
2018-05-27 18:09:05.883,217.76,0.138058545864,0.0,0
2018-05-27 18:09:06.231,217.68,0.138058545864,0.0,0
2018-05-27 18:09:06.324,218.19,0.138058545864,0.0,0
2018-05-27 18:09:06.417,219.85,0.138058545864,0.0,0
2018-05-27 18:09:06.501,219.39,0.138058545864,0.0,0
2018-05-27 18:09:06.594,220.43,0.138058545864,0.0,0
2018-05-27 18:09:06.687,220.9,0.138058545864,0.0,0
2018-05-27 18:09:06.781,219.49,0.138058545864,0.0,0
2018-05-27 18:09:07.129,222.14,0.138058545864,0.0,0
2018-05-27 18:09:07.222,221.11,0.138058545864,0.0,0
2018-05-27 18:09:07.315,220.83,0.138058545864,0.0,0
2018-05-27 18:09:07.408,222.0,0.138058545864,0.0,0
2018-05-27 18:09:07.678,223.18,0.138058545864,0.0,0
2018-05-27 18:09:08.017,223.51,0.138058545864,0.0,0
2018-05-27 18:09:08.203,225.49,0.138058545864,0.0,0
2018-05-27 18:09:08.473,225.65,0.138058545864,0.0,0
2018-05-27 18:09:08.566,226.02,0.138058545864,0.0,0
2018-05-27 18:09:08.752,224.42,0.138058545864,0.0,0
2018-05-27 18:09:08.836,226.86,0.138058545864,0.0,0
2018-05-27 18:09:08.929,226.23,0.138058545864,0.0,0
2018-05-27 18:09:09.091,226.68,0.138058545864,0.0,0
2018-05-27 18:09:09.184,226.22,0.138058545864,0.0,0
2018-05-27 18:09:09.370,226.45,0.138058545864,0.0,0
2018-05-27 18:09:09.454,227.98,0.138058545864,0.0,0
2018-05-27 18:09:09.547,227.67,0.138058545864,0.0,0
2018-05-27 18:09:09.640,227.16,0.138058545864,0.0,0
2018-05-27 18:09:09.729,228.77,0.138058545864,0.0,0
2018-05-27 18:09:09.901,227.98,0.138058545864,0.0,0
2018-05-27 18:09:10.063,227.65,0.138058545864,0.0,0
2018-05-27 18:09:10.334,228.79,0.138058545864,0.0,0
2018-05-27 18:09:10.510,230.93,0.138058545864,0.0,0
2018-05-27 18:09:10.603,231.07,0.138058545864,0.0,0
2018-05-27 18:09:10.789,230.75,0.138058545864,0.0,0
2018-05-27 18:09:10.882,231.87,0.138058545864,0.0,0
2018-05-27 18:09:11.044,231.95,0.138058545864,0.0,0
2018-05-27 18:09:11.137,230.85,0.138058545864,0.0,0
2018-05-27 18:09:11.407,225.88,0.138058545864,0.0,0
2018-05-27 18:09:11.500,225.93,0.138058545864,0.0,0
2018-05-27 18:09:11.780,221.57,0.138058545864,0.0,0
2018-05-27 18:09:12.035,220.79,0.138058545864,0.0,0
2018-05-27 18:09:12.128,219.87,0.138058545864,0.0,0
2018-05-27 18:09:12.221,217.08,0.138058545864,0.0,0
2018-05-27 18:09:12.677,211.93,0.138058545864,0.0,0
2018-05-27 18:09:13.025,211.78,0.138058545864,0.0,0
2018-05-27 18:09:13.118,210.2,0.138058545864,0.0,0
2018-05-27 18:09:13.211,209.71,0.138058545864,0.0,0
2018-05-27 18:09:13.481,207.77,0.138058545864,0.0,0
2018-05-27 18:09:13.575,207.49,0.138058545864,0.0,0
2018-05-27 18:09:13.668,206.09,0.138058545864,0.0,0
2018-05-27 18:09:13.761,206.09,0.138058545864,0.0,0
2018-05-27 18:09:13.854,207.5,0.138058545864,0.0,0
2018-05-27 18:09:14.109,207.34,0.138058545864,0.0,0
2018-05-27 18:09:14.193,207.75,0.138058545864,0.0,0
2018-05-27 18:09:14.379,207.58,0.138058545864,0.0,0
2018-05-27 18:09:14.472,206.42,0.138058545864,0.0,0
2018-05-27 18:09:14.658,206.72,0.138058545864,0.0,0
2018-05-27 18:09:14.751,207.83,0.138058545864,0.0,0
2018-05-27 18:09:14.844,206.16,0.138058545864,0.0,0
2018-05-27 18:09:15.006,207.76,0.138058545864,0.0,0
2018-05-27 18:09:15.100,206.52,0.138058545864,0.0,0
2018-05-27 18:09:15.192,207.32,0.138058545864,0.0,0
2018-05-27 18:09:15.379,206.69,0.138058545864,0.0,0
2018-05-27 18:09:15.463,207.02,0.138058545864,0.0,0
2018-05-27 18:09:15.556,206.64,0.12504656064,0.0250000003725,0
2018-05-27 18:09:15.742,207.43,0.12504656064,0.0,0
2018-05-27 18:09:15.835,207.02,0.12504656064,0.0,0
2018-05-27 18:09:15.928,208.52,0.12504656064,0.0,0
2018-05-27 18:09:16.090,207.74,0.12504656064,0.0,0
2018-05-27 18:09:16.183,209.23,0.12504656064,0.0,0
2018-05-27 18:09:16.276,207.18,0.12504656064,0.0,0
2018-05-27 18:09:16.369,209.69,0.12504656064,0.0,0
2018-05-27 18:09:16.453,208.62,0.12504656064,0.0,0
2018-05-27 18:09:16.546,208.74,0.12504656064,0.0,0
2018-05-27 18:09:16.640,209.35,0.138058545864,0.0,0
2018-05-27 18:09:16.732,210.58,0.138058545864,0.0,0
2018-05-27 18:09:16.826,209.62,0.138058545864,0.0,0
2018-05-27 18:09:16.914,210.83,0.138058545864,0.0,0
2018-05-27 18:09:17.071,211.9,0.138058545864,0.0,0
2018-05-27 18:09:17.155,211.28,0.138058545864,0.0,0
2018-05-27 18:09:17.248,211.98,0.138058545864,0.0,0
2018-05-27 18:09:17.341,212.31,0.138058545864,0.0,0
2018-05-27 18:09:17.425,211.91,0.138058545864,0.0,0
2018-05-27 18:09:17.509,212.58,0.138058545864,0.0,0
2018-05-27 18:09:17.602,214.67,0.138058545864,0.0,0
2018-05-27 18:09:17.872,214.63,0.138058545864,0.0,0
2018-05-27 18:09:18.034,214.81,0.138058545864,0.0,0
2018-05-27 18:09:18.127,215.73,0.138058545864,0.0,0
2018-05-27 18:09:18.220,214.78,0.138058545864,0.0,0
2018-05-27 18:09:18.490,215.02,0.138058545864,0.0,0
2018-05-27 18:09:18.667,213.11,0.138058545864,0.0,0
2018-05-27 18:09:18.760,210.7,0.138058545864,0.0,0
2018-05-27 18:09:18.853,212.06,0.138058545864,0.0,0
2018-05-27 18:09:19.201,208.88,0.138058545864,0.0,0
2018-05-27 18:09:19.378,209.18,0.138058545864,0.0,0
2018-05-27 18:09:19.555,206.96,0.138058545864,0.0,0
2018-05-27 18:09:19.648,207.93,0.138058545864,0.0,0
2018-05-27 18:09:19.741,205.62,0.138058545864,0.0,0
2018-05-27 18:09:19.834,207.16,0.138058545864,0.0,0
2018-05-27 18:09:19.927,205.71,0.138058545864,0.0,0
2018-05-27 18:09:20.182,205.47,0.138058545864,0.0,0
2018-05-27 18:09:20.276,205.85,0.138058545864,0.0,0
2018-05-27 18:09:20.360,205.57,0.138058545864,0.0,0
2018-05-27 18:09:20.453,204.48,0.138058545864,0.0,0
2018-05-27 18:09:20.639,206.44,0.138058545864,0.0,0
2018-05-27 18:09:20.732,204.64,0.138058545864,0.0,0
2018-05-27 18:09:20.913,207.22,0.138058545864,0.0,0
2018-05-27 18:09:21.070,205.63,0.12504656064,0.0250000003725,0
2018-05-27 18:09:21.238,206.08,0.112810386877,0.0250000003725,0
2018-05-27 18:09:21.331,207.43,0.112810386877,0.0,0
2018-05-27 18:09:21.517,207.82,0.101339266172,0.0250000003725,0
2018-05-27 18:09:21.601,208.15,0.0906213267703,0.0250000003725,0
2018-05-27 18:09:21.787,208.53,0.0906213267703,0.0,0
2018-05-27 18:09:22.219,208.14,0.0906213267703,0.0,0
2018-05-27 18:09:22.312,209.4,0.0906213267703,0.0,0
2018-05-27 18:09:22.405,208.63,0.0906213267703,0.0,0
2018-05-27 18:09:22.489,208.52,0.0906213267703,0.0,0
2018-05-27 18:09:22.582,209.79,0.101339266172,0.0,0
2018-05-27 18:09:22.760,208.37,0.112810386877,0.0,0
2018-05-27 18:09:23.005,209.88,0.112810386877,0.0,0
2018-05-27 18:09:23.091,209.58,0.12504656064,0.0,0
2018-05-27 18:09:23.294,210.59,0.138058545864,0.0,0
2018-05-27 18:09:23.378,211.45,0.138058545864,0.0,0
2018-05-27 18:09:23.471,212.96,0.138058545864,0.0,0
2018-05-27 18:09:23.564,211.67,0.138058545864,0.0,0
2018-05-27 18:09:23.657,213.38,0.138058545864,0.0,0
2018-05-27 18:09:23.843,212.59,0.138058545864,0.0,0
2018-05-27 18:09:24.005,214.98,0.138058545864,0.0,0
2018-05-27 18:09:24.285,215.56,0.138058545864,0.0,0
2018-05-27 18:09:24.368,216.12,0.138058545864,0.0,0
2018-05-27 18:09:24.461,215.25,0.138058545864,0.0,0
2018-05-27 18:09:24.554,216.46,0.138058545864,0.0,0
2018-05-27 18:09:24.648,217.53,0.138058545864,0.0,0
2018-05-27 18:09:24.741,216.66,0.138058545864,0.0,0
2018-05-27 18:09:24.927,218.5,0.138058545864,0.0,0
2018-05-27 18:09:25.638,218.75,0.138058545864,0.0,0
2018-05-27 18:09:25.731,218.9,0.138058545864,0.0,0
2018-05-27 18:09:25.824,220.77,0.138058545864,0.0,0
2018-05-27 18:09:25.912,220.0,0.138058545864,0.0,0
2018-05-27 18:09:26.070,220.49,0.138058545864,0.0,0
2018-05-27 18:09:26.153,220.63,0.138058545864,0.0,0
2018-05-27 18:09:26.246,220.44,0.138058545864,0.0,0
2018-05-27 18:09:26.330,220.86,0.138058545864,0.0,0
2018-05-27 18:09:26.423,221.37,0.138058545864,0.0,0
2018-05-27 18:09:26.507,220.69,0.138058545864,0.0,0
2018-05-27 18:09:26.600,221.88,0.138058545864,0.0,0
2018-05-27 18:09:26.787,223.18,0.138058545864,0.0,0
2018-05-27 18:09:26.880,224.13,0.138058545864,0.0,0
2018-05-27 18:09:27.228,223.66,0.138058545864,0.0,0
2018-05-27 18:09:27.414,225.09,0.138058545864,0.0,0
2018-05-27 18:09:27.498,223.7,0.138058545864,0.0,0
2018-05-27 18:09:27.684,226.38,0.138058545864,0.0,0
2018-05-27 18:09:27.777,226.49,0.138058545864,0.0,0
2018-05-27 18:09:28.209,226.3,0.138058545864,0.0,0
2018-05-27 18:09:28.302,225.83,0.138058545864,0.0,0
2018-05-27 18:09:28.665,226.49,0.138058545864,0.0,0
2018-05-27 18:09:28.759,226.16,0.138058545864,0.0,0
2018-05-27 18:09:29.013,226.56,0.138058545864,0.0,0
2018-05-27 18:09:29.106,226.71,0.138058545864,0.0,0
2018-05-27 18:09:29.293,227.33,0.138058545864,0.0,0
2018-05-27 18:09:29.386,228.95,0.138058545864,0.0,0
2018-05-27 18:09:29.470,227.55,0.138058545864,0.0,0
2018-05-27 18:09:29.563,228.65,0.138058545864,0.0,0
2018-05-27 18:09:30.088,228.85,0.138058545864,0.0,0
2018-05-27 18:09:30.274,228.24,0.138058545864,0.0,0
2018-05-27 18:09:31.069,231.38,0.138058545864,0.0,0
2018-05-27 18:09:31.246,232.95,0.138058545864,0.0,0
2018-05-27 18:09:31.415,233.36,0.138058545864,0.0,0
2018-05-27 18:09:32.041,228.99,0.138058545864,0.0,0
2018-05-27 18:09:32.227,225.68,0.138058545864,0.0,0
2018-05-27 18:09:32.404,225.02,0.138058545864,0.0,0
2018-05-27 18:09:32.497,222.94,0.138058545864,0.0,0
2018-05-27 18:09:32.869,219.95,0.138058545864,0.0,0
2018-05-27 18:09:33.218,216.8,0.138058545864,0.0,0
2018-05-27 18:09:33.311,213.97,0.138058545864,0.0,0
2018-05-27 18:09:33.674,210.46,0.138058545864,0.0,0
2018-05-27 18:09:34.664,207.9,0.12504656064,0.0250000003725,0
2018-05-27 18:09:34.757,205.93,0.112810386877,0.0250000003725,0
2018-05-27 18:09:35.012,206.0,0.112810386877,0.0,0
2018-05-27 18:09:35.562,207.29,0.112810386877,0.0,0
2018-05-27 18:09:36.748,208.43,0.112810386877,0.0,0
2018-05-27 18:09:37.097,210.23,0.112810386877,0.0,0
2018-05-27 18:09:37.189,209.28,0.112810386877,0.0,0
2018-05-27 18:09:37.916,213.25,0.112810386877,0.0,0
2018-05-27 18:09:38.170,212.35,0.112810386877,0.0,0
2018-05-27 18:09:38.263,214.41,0.112810386877,0.0,0
2018-05-27 18:09:38.524,215.71,0.12504656064,0.0,0
2018-05-27 18:09:38.794,215.62,0.138058545864,0.0,0
2018-05-27 18:09:39.226,215.63,0.138058545864,0.0,0
2018-05-27 18:09:39.403,214.57,0.138058545864,0.0,0
2018-05-27 18:09:39.496,215.85,0.138058545864,0.0,0
2018-05-27 18:09:39.673,214.53,0.138058545864,0.0,0
2018-05-27 18:09:39.766,211.94,0.138058545864,0.0,0
2018-05-27 18:09:40.207,209.16,0.138058545864,0.0,0
2018-05-27 18:09:40.300,208.49,0.138058545864,0.0,0
2018-05-27 18:09:40.478,208.11,0.138058545864,0.0,0
2018-05-27 18:09:40.840,206.77,0.12504656064,0.0250000003725,0
2018-05-27 18:09:41.188,206.43,0.12504656064,0.0,0
2018-05-27 18:09:41.375,205.66,0.112810386877,0.0250000003725,0
2018-05-27 18:09:41.551,207.79,0.101339266172,0.0250000003725,0
2018-05-27 18:09:41.738,207.57,0.101339266172,0.0,0
2018-05-27 18:09:41.831,206.3,0.101339266172,0.0,0
2018-05-27 18:09:42.086,206.01,0.101339266172,0.0,0
2018-05-27 18:09:42.272,206.1,0.101339266172,0.0,0
2018-05-27 18:09:42.449,207.91,0.101339266172,0.0,0
2018-05-27 18:09:42.542,206.89,0.101339266172,0.0,0
2018-05-27 18:09:42.635,207.54,0.112810386877,0.0,0
2018-05-27 18:09:42.728,207.54,0.112810386877,0.0,0
2018-05-27 18:09:42.821,207.9,0.12504656064,0.0,0
2018-05-27 18:09:42.910,208.81,0.138058545864,0.0,0
2018-05-27 18:09:43.067,208.06,0.138058545864,0.0,0
2018-05-27 18:09:43.151,207.51,0.138058545864,0.0,0
2018-05-27 18:09:43.244,209.3,0.138058545864,0.0,0
2018-05-27 18:09:43.421,208.98,0.138058545864,0.0,0
2018-05-27 18:09:43.505,208.98,0.138058545864,0.0,0
2018-05-27 18:09:43.592,209.6,0.138058545864,0.0,0
2018-05-27 18:09:43.784,211.25,0.138058545864,0.0,0
2018-05-27 18:09:44.030,210.39,0.138058545864,0.0,0
2018-05-27 18:09:44.123,210.99,0.138058545864,0.0,0
2018-05-27 18:09:44.393,211.59,0.138058545864,0.0,0
2018-05-27 18:09:44.672,212.84,0.138058545864,0.0,0
2018-05-27 18:09:44.766,215.34,0.138058545864,0.0,0
2018-05-27 18:09:44.859,214.33,0.138058545864,0.0,0
2018-05-27 18:09:45.020,214.68,0.138058545864,0.0,0
2018-05-27 18:09:45.113,216.04,0.138058545864,0.0,0
2018-05-27 18:09:45.206,215.26,0.138058545864,0.0,0
2018-05-27 18:09:45.393,217.41,0.138058545864,0.0,0
2018-05-27 18:09:45.477,218.02,0.138058545864,0.0,0
2018-05-27 18:09:45.560,216.81,0.138058545864,0.0,0
2018-05-27 18:09:45.653,217.91,0.138058545864,0.0,0
2018-05-27 18:09:45.840,217.54,0.138058545864,0.0,0
2018-05-27 18:09:46.001,219.12,0.138058545864,0.0,0
2018-05-27 18:09:46.095,219.55,0.138058545864,0.0,0
2018-05-27 18:09:46.188,218.6,0.138058545864,0.0,0
2018-05-27 18:09:46.281,218.69,0.138058545864,0.0,0
2018-05-27 18:09:46.365,218.55,0.138058545864,0.0,0
2018-05-27 18:09:46.458,218.92,0.138058545864,0.0,0
2018-05-27 18:09:46.551,221.21,0.138058545864,0.0,0
2018-05-27 18:09:46.644,221.35,0.138058545864,0.0,0
2018-05-27 18:09:46.737,221.15,0.138058545864,0.0,0
2018-05-27 18:09:46.830,220.55,0.138058545864,0.0,0
2018-05-27 18:09:47.085,223.31,0.138058545864,0.0,0
2018-05-27 18:09:47.178,222.56,0.138058545864,0.0,0
2018-05-27 18:09:47.272,221.82,0.138058545864,0.0,0
2018-05-27 18:09:47.448,222.77,0.138058545864,0.0,0
2018-05-27 18:09:47.541,222.83,0.138058545864,0.0,0
2018-05-27 18:09:47.634,222.91,0.138058545864,0.0,0
2018-05-27 18:09:47.728,223.7,0.138058545864,0.0,0
2018-05-27 18:09:47.821,225.48,0.138058545864,0.0,0
2018-05-27 18:09:47.909,224.6,0.138058545864,0.0,0
2018-05-27 18:09:48.066,224.5,0.138058545864,0.0,0
2018-05-27 18:09:48.252,225.89,0.138058545864,0.0,0
2018-05-27 18:09:48.336,224.68,0.138058545864,0.0,0
2018-05-27 18:09:48.429,225.13,0.138058545864,0.0,0
2018-05-27 18:09:48.616,226.47,0.138058545864,0.0,0
2018-05-27 18:09:48.709,226.85,0.138058545864,0.0,0
2018-05-27 18:09:48.802,226.39,0.138058545864,0.0,0
2018-05-27 18:09:48.895,226.14,0.138058545864,0.0,0
2018-05-27 18:09:49.047,227.17,0.138058545864,0.0,0
2018-05-27 18:09:49.141,227.68,0.138058545864,0.0,0
2018-05-27 18:09:49.224,226.23,0.138058545864,0.0,0
2018-05-27 18:09:49.318,227.33,0.138058545864,0.0,0
2018-05-27 18:09:49.411,228.54,0.138058545864,0.0,0
2018-05-27 18:09:49.588,227.71,0.138058545864,0.0,0
2018-05-27 18:09:49.858,230.04,0.138058545864,0.0,0
2018-05-27 18:09:50.206,229.03,0.138058545864,0.0,0
2018-05-27 18:09:50.299,229.7,0.138058545864,0.0,0
2018-05-27 18:09:50.485,228.97,0.138058545864,0.0,0
2018-05-27 18:09:50.579,229.23,0.138058545864,0.0,0
2018-05-27 18:09:50.755,231.68,0.138058545864,0.0,0
2018-05-27 18:09:50.848,231.55,0.138058545864,0.0,0
2018-05-27 18:09:51.010,231.26,0.138058545864,0.0,0
2018-05-27 18:09:51.103,231.55,0.138058545864,0.0,0
2018-05-27 18:09:51.196,230.75,0.138058545864,0.0,0
2018-05-27 18:09:51.290,230.58,0.138058545864,0.0,0
2018-05-27 18:09:51.457,230.4,0.138058545864,0.0,0
2018-05-27 18:09:51.550,230.72,0.138058545864,0.0,0
2018-05-27 18:09:51.652,229.96,0.138058545864,0.0,0
2018-05-27 18:09:51.727,230.1,0.138058545864,0.0,0
2018-05-27 18:09:52.364,227.8,0.138058545864,0.0,0
2018-05-27 18:09:52.541,227.55,0.138058545864,0.0,0
2018-05-27 18:09:52.629,225.31,0.138058545864,0.0,0
2018-05-27 18:09:52.717,225.7,0.138058545864,0.0,0
2018-05-27 18:09:53.056,223.47,0.138058545864,0.0,0
2018-05-27 18:09:53.242,220.37,0.138058545864,0.0,0
2018-05-27 18:09:53.336,219.04,0.138058545864,0.0,0
2018-05-27 18:09:53.513,217.02,0.138058545864,0.0,0
2018-05-27 18:09:53.596,215.52,0.138058545864,0.0,0
2018-05-27 18:09:54.130,213.08,0.138058545864,0.0,0
2018-05-27 18:09:54.773,209.61,0.138058545864,0.0,0
2018-05-27 18:09:55.028,208.96,0.138058545864,0.0,0
2018-05-27 18:09:55.121,206.97,0.138058545864,0.0,0
2018-05-27 18:09:55.484,208.18,0.138058545864,0.0,0
2018-05-27 18:09:55.670,207.56,0.138058545864,0.0,0
2018-05-27 18:09:55.763,206.74,0.138058545864,0.0,0
2018-05-27 18:09:56.018,206.81,0.138058545864,0.0,0
2018-05-27 18:09:56.112,208.5,0.138058545864,0.0,0
2018-05-27 18:09:56.205,207.68,0.138058545864,0.0,0
2018-05-27 18:09:56.382,208.4,0.138058545864,0.0,0
2018-05-27 18:09:56.475,207.29,0.138058545864,0.0,0
2018-05-27 18:09:56.661,206.97,0.138058545864,0.0,0
2018-05-27 18:09:56.754,207.93,0.138058545864,0.0,0
2018-05-27 18:09:57.009,208.58,0.138058545864,0.0,0
2018-05-27 18:09:57.195,208.79,0.138058545864,0.0,0
2018-05-27 18:09:57.288,207.74,0.138058545864,0.0,0
2018-05-27 18:09:57.465,209.9,0.138058545864,0.0,0
2018-05-27 18:09:57.651,209.97,0.138058545864,0.0,0
2018-05-27 18:09:57.744,208.88,0.138058545864,0.0,0
2018-05-27 18:09:57.931,208.86,0.138058545864,0.0,0
2018-05-27 18:09:58.093,210.34,0.138058545864,0.0,0
2018-05-27 18:09:58.279,211.25,0.138058545864,0.0,0
2018-05-27 18:09:58.372,209.61,0.138058545864,0.0,0
2018-05-27 18:09:58.456,211.04,0.138058545864,0.0,0
2018-05-27 18:09:58.549,210.35,0.138058545864,0.0,0
2018-05-27 18:09:58.642,211.9,0.138058545864,0.0,0
2018-05-27 18:09:59.800,216.58,0.138058545864,0.0,0
2018-05-27 18:09:59.893,214.28,0.138058545864,0.0,0
2018-05-27 18:10:00.241,212.13,0.138058545864,0.0,0
2018-05-27 18:10:00.334,212.82,0.138058545864,0.0,0
2018-05-27 18:10:00.614,209.91,0.138058545864,0.0,0
2018-05-27 18:10:00.707,208.37,0.138058545864,0.0,0
2018-05-27 18:10:00.800,208.73,0.138058545864,0.0,0
2018-05-27 18:10:01.149,206.06,0.138058545864,0.0,0
2018-05-27 18:10:01.232,204.97,0.138058545864,0.0,0
2018-05-27 18:10:01.315,205.63,0.138058545864,0.0,0
2018-05-27 18:10:01.586,205.75,0.138058545864,0.0,0
2018-05-27 18:10:01.772,205.61,0.138058545864,0.0,0
2018-05-27 18:10:02.017,203.67,0.138058545864,0.0,0
2018-05-27 18:10:02.110,205.03,0.138058545864,0.0,0
2018-05-27 18:10:02.297,203.68,0.138058545864,0.0,0
2018-05-27 18:10:02.474,206.25,0.138058545864,0.0,0
2018-05-27 18:10:02.660,206.43,0.138058545864,0.0,0
2018-05-27 18:10:02.754,204.52,0.138058545864,0.0,0
2018-05-27 18:10:02.846,205.87,0.138058545864,0.0,0
2018-05-27 18:10:03.092,204.66,0.138058545864,0.0,0
2018-05-27 18:10:03.185,204.6,0.138058545864,0.0,0
2018-05-27 18:10:03.278,205.62,0.138058545864,0.0,0
2018-05-27 18:10:03.362,205.56,0.138058545864,0.0,0
2018-05-27 18:10:03.548,205.71,0.138058545864,0.0,0
2018-05-27 18:10:03.828,205.29,0.138058545864,0.0,0
2018-05-27 18:10:04.082,206.52,0.138058545864,0.0,0
2018-05-27 18:10:04.268,206.94,0.138058545864,0.0,0
2018-05-27 18:10:04.445,206.34,0.138058545864,0.0,0
2018-05-27 18:10:04.538,207.52,0.138058545864,0.0,0
2018-05-27 18:10:04.632,205.99,0.138058545864,0.0,0
2018-05-27 18:10:04.725,208.29,0.138058545864,0.0,0
2018-05-27 18:10:04.911,208.94,0.138058545864,0.0,0
2018-05-27 18:10:05.063,208.29,0.138058545864,0.0,0
2018-05-27 18:10:05.147,209.22,0.138058545864,0.0,0
2018-05-27 18:10:05.240,208.58,0.138058545864,0.0,0
2018-05-27 18:10:05.418,210.67,0.138058545864,0.0,0
2018-05-27 18:10:05.594,210.42,0.138058545864,0.0,0
2018-05-27 18:10:05.687,210.68,0.138058545864,0.0,0
2018-05-27 18:10:05.780,211.63,0.138058545864,0.0,0
2018-05-27 18:10:06.035,213.31,0.138058545864,0.0,0
2018-05-27 18:10:06.222,214.23,0.138058545864,0.0,0
2018-05-27 18:10:06.492,213.84,0.138058545864,0.0,0
2018-05-27 18:10:06.585,215.63,0.138058545864,0.0,0
2018-05-27 18:10:06.678,215.87,0.138058545864,0.0,0
2018-05-27 18:10:06.771,215.56,0.138058545864,0.0,0
2018-05-27 18:10:06.864,216.79,0.138058545864,0.0,0
2018-05-27 18:10:07.026,216.49,0.138058545864,0.0,0
2018-05-27 18:10:07.575,217.63,0.138058545864,0.0,0
2018-05-27 18:10:07.668,218.39,0.138058545864,0.0,0
2018-05-27 18:10:07.855,218.9,0.138058545864,0.0,0
2018-05-27 18:10:08.016,218.76,0.138058545864,0.0,0
2018-05-27 18:10:08.110,219.97,0.138058545864,0.0,0
2018-05-27 18:10:08.203,219.83,0.138058545864,0.0,0
2018-05-27 18:10:08.296,219.18,0.138058545864,0.0,0
2018-05-27 18:10:08.380,220.53,0.138058545864,0.0,0
2018-05-27 18:10:08.473,220.28,0.138058545864,0.0,0
2018-05-27 18:10:08.566,219.93,0.138058545864,0.0,0
2018-05-27 18:10:08.659,222.17,0.138058545864,0.0,0
2018-05-27 18:10:08.845,222.2,0.138058545864,0.0,0
2018-05-27 18:10:09.193,224.04,0.138058545864,0.0,0
2018-05-27 18:10:09.286,224.24,0.138058545864,0.0,0
2018-05-27 18:10:09.370,223.14,0.138058545864,0.0,0
2018-05-27 18:10:09.463,224.46,0.138058545864,0.0,0
2018-05-27 18:10:09.649,224.71,0.138058545864,0.0,0
2018-05-27 18:10:10.091,224.64,0.138058545864,0.0,0
2018-05-27 18:10:10.184,225.48,0.138058545864,0.0,0
2018-05-27 18:10:10.277,225.46,0.138058545864,0.0,0
2018-05-27 18:10:10.454,226.31,0.138058545864,0.0,0
2018-05-27 18:10:10.826,226.35,0.138058545864,0.0,0
2018-05-27 18:10:10.919,226.19,0.138058545864,0.0,0
2018-05-27 18:10:11.267,227.07,0.138058545864,0.0,0
2018-05-27 18:10:11.444,226.57,0.138058545864,0.0,0
2018-05-27 18:10:12.053,229.19,0.138058545864,0.0,0
2018-05-27 18:10:12.332,229.56,0.138058545864,0.0,0
2018-05-27 18:10:12.602,228.86,0.138058545864,0.0,0
2018-05-27 18:10:12.789,229.08,0.138058545864,0.0,0
2018-05-27 18:10:12.891,229.58,0.138058545864,0.0,0
2018-05-27 18:10:13.053,229.0,0.138058545864,0.0,0
2018-05-27 18:10:13.425,230.54,0.138058545864,0.0,0
2018-05-27 18:10:13.882,230.5,0.138058545864,0.0,0
2018-05-27 18:10:14.034,227.66,0.138058545864,0.0,0
2018-05-27 18:10:14.220,226.3,0.138058545864,0.0,0
2018-05-27 18:10:14.313,227.37,0.138058545864,0.0,0
2018-05-27 18:10:14.583,223.18,0.138058545864,0.0,0
2018-05-27 18:10:14.770,221.17,0.138058545864,0.0,0
2018-05-27 18:10:14.863,219.51,0.138058545864,0.0,0
2018-05-27 18:10:15.118,218.86,0.138058545864,0.0,0
2018-05-27 18:10:15.211,216.15,0.138058545864,0.0,0
2018-05-27 18:10:15.304,215.43,0.138058545864,0.0,0
2018-05-27 18:10:15.397,215.78,0.138058545864,0.0,0
2018-05-27 18:10:15.481,214.11,0.138058545864,0.0,0
2018-05-27 18:10:15.667,212.57,0.138058545864,0.0,0
2018-05-27 18:10:15.760,212.82,0.138058545864,0.0,0
2018-05-27 18:10:15.853,210.73,0.138058545864,0.0,0
2018-05-27 18:10:16.015,212.05,0.138058545864,0.0,0
2018-05-27 18:10:16.108,210.92,0.138058545864,0.0,0
2018-05-27 18:10:16.201,210.24,0.138058545864,0.0,0
2018-05-27 18:10:16.378,211.57,0.138058545864,0.0,0
2018-05-27 18:10:16.471,210.01,0.138058545864,0.0,0
2018-05-27 18:10:16.658,209.42,0.138058545864,0.0,0
2018-05-27 18:10:16.844,208.6,0.138058545864,0.0,0
2018-05-27 18:10:17.006,210.15,0.138058545864,0.0,0
2018-05-27 18:10:17.099,208.49,0.138058545864,0.0,0
2018-05-27 18:10:17.555,207.96,0.138058545864,0.0,0
2018-05-27 18:10:17.927,207.58,0.138058545864,0.0,0
2018-05-27 18:10:18.360,208.35,0.138058545864,0.0,0
2018-05-27 18:10:18.732,208.45,0.138058545864,0.0,0
2018-05-27 18:10:18.825,209.76,0.138058545864,0.0,0
2018-05-27 18:10:19.266,210.8,0.138058545864,0.0,0
2018-05-27 18:10:19.350,211.25,0.138058545864,0.0,0
2018-05-27 18:10:19.629,211.11,0.138058545864,0.0,0
2018-05-27 18:10:19.722,211.41,0.138058545864,0.0,0
2018-05-27 18:10:20.055,214.0,0.138058545864,0.0,0
2018-05-27 18:10:20.517,214.77,0.138058545864,0.0,0
2018-05-27 18:10:20.788,216.07,0.138058545864,0.0,0
2018-05-27 18:10:20.880,216.11,0.138058545864,0.0,0
2018-05-27 18:10:21.033,215.64,0.138058545864,0.0,0
2018-05-27 18:10:21.126,217.01,0.138058545864,0.0,0
2018-05-27 18:10:21.489,215.72,0.138058545864,0.0,0
2018-05-27 18:10:21.676,216.75,0.138058545864,0.0,0
2018-05-27 18:10:21.759,215.71,0.138058545864,0.0,0
2018-05-27 18:10:21.852,214.27,0.138058545864,0.0,0
2018-05-27 18:10:22.014,212.69,0.138058545864,0.0,0
2018-05-27 18:10:22.200,211.64,0.138058545864,0.0,0
2018-05-27 18:10:22.377,209.99,0.138058545864,0.0,0
2018-05-27 18:10:22.834,206.58,0.138058545864,0.0,0
2018-05-27 18:10:22.927,208.8,0.138058545864,0.0,0
2018-05-27 18:10:23.349,208.58,0.138058545864,0.0,0
2018-05-27 18:10:23.452,206.77,0.138058545864,0.0,0
2018-05-27 18:10:23.545,206.16,0.138058545864,0.0,0
2018-05-27 18:10:23.731,207.53,0.138058545864,0.0,0
2018-05-27 18:10:23.824,205.77,0.138058545864,0.0,0
2018-05-27 18:10:23.917,208.4,0.138058545864,0.0,0
2018-05-27 18:10:24.079,207.26,0.138058545864,0.0,0
2018-05-27 18:10:24.265,207.62,0.138058545864,0.0,0
2018-05-27 18:10:24.349,207.03,0.138058545864,0.0,0
2018-05-27 18:10:24.443,209.44,0.138058545864,0.0,0
2018-05-27 18:10:24.535,206.96,0.138058545864,0.0,0
2018-05-27 18:10:24.628,209.64,0.138058545864,0.0,0
2018-05-27 18:10:24.722,207.45,0.138058545864,0.0,0
2018-05-27 18:10:24.815,209.78,0.138058545864,0.0,0
2018-05-27 18:10:24.903,208.63,0.138058545864,0.0,0
2018-05-27 18:10:25.051,208.64,0.138058545864,0.0,0
2018-05-27 18:10:25.144,208.6,0.138058545864,0.0,0
2018-05-27 18:10:25.237,208.01,0.138058545864,0.0,0
2018-05-27 18:10:25.489,206.58,0.138058545864,0.0,0
2018-05-27 18:10:25.591,207.39,0.138058545864,0.0,0
2018-05-27 18:10:25.777,207.77,0.138058545864,0.0,0
2018-05-27 18:10:25.871,208.73,0.138058545864,0.0,0
2018-05-27 18:10:26.023,209.02,0.138058545864,0.0,0
2018-05-27 18:10:26.116,208.48,0.138058545864,0.0,0
2018-05-27 18:10:26.302,210.1,0.138058545864,0.0,0
2018-05-27 18:10:26.395,211.6,0.138058545864,0.0,0
2018-05-27 18:10:26.572,211.22,0.138058545864,0.0,0
2018-05-27 18:10:26.759,212.8,0.138058545864,0.0,0
2018-05-27 18:10:26.842,213.79,0.138058545864,0.0,0
2018-05-27 18:10:27.004,212.34,0.138058545864,0.0,0
2018-05-27 18:10:27.097,214.38,0.138058545864,0.0,0
2018-05-27 18:10:27.377,215.39,0.138058545864,0.0,0
2018-05-27 18:10:27.554,215.75,0.138058545864,0.0,0
2018-05-27 18:10:27.637,216.59,0.138058545864,0.0,0
2018-05-27 18:10:27.730,216.28,0.138058545864,0.0,0
2018-05-27 18:10:27.824,216.65,0.138058545864,0.0,0
2018-05-27 18:10:27.917,218.38,0.138058545864,0.0,0
2018-05-27 18:10:28.172,217.68,0.138058545864,0.0,0
2018-05-27 18:10:28.358,219.75,0.138058545864,0.0,0
2018-05-27 18:10:28.437,218.86,0.138058545864,0.0,0
2018-05-27 18:10:28.530,218.95,0.138058545864,0.0,0
2018-05-27 18:10:28.703,219.39,0.138058545864,0.0,0
2018-05-27 18:10:28.786,220.51,0.138058545864,0.0,0
2018-05-27 18:10:28.879,220.56,0.138058545864,0.0,0
2018-05-27 18:10:29.041,220.81,0.138058545864,0.0,0
2018-05-27 18:10:29.125,220.94,0.138058545864,0.0,0
2018-05-27 18:10:29.311,223.28,0.138058545864,0.0,0
2018-05-27 18:10:29.488,222.11,0.138058545864,0.0,0
2018-05-27 18:10:29.581,223.62,0.138058545864,0.0,0
2018-05-27 18:10:29.767,222.37,0.138058545864,0.0,0
2018-05-27 18:10:29.860,223.45,0.138058545864,0.0,0
2018-05-27 18:10:30.022,223.36,0.138058545864,0.0,0
2018-05-27 18:10:30.115,224.22,0.138058545864,0.0,0
2018-05-27 18:10:30.209,225.23,0.138058545864,0.0,0
2018-05-27 18:10:30.302,225.42,0.138058545864,0.0,0
2018-05-27 18:10:30.386,224.69,0.138058545864,0.0,0
2018-05-27 18:10:30.479,225.41,0.138058545864,0.0,0
2018-05-27 18:10:30.562,224.61,0.138058545864,0.0,0
2018-05-27 18:10:30.749,225.44,0.138058545864,0.0,0
2018-05-27 18:10:30.842,226.25,0.138058545864,0.0,0
2018-05-27 18:10:31.004,226.41,0.138058545864,0.0,0
2018-05-27 18:10:31.097,224.98,0.138058545864,0.0,0
2018-05-27 18:10:31.190,224.71,0.138058545864,0.0,0
2018-05-27 18:10:31.283,225.4,0.138058545864,0.0,0
2018-05-27 18:10:31.460,225.21,0.138058545864,0.0,0
2018-05-27 18:10:31.739,224.23,0.138058545864,0.0,0
2018-05-27 18:10:31.832,225.5,0.138058545864,0.0,0
2018-05-27 18:10:31.925,226.38,0.138058545864,0.0,0
2018-05-27 18:10:32.087,226.75,0.138058545864,0.0,0
2018-05-27 18:10:32.273,226.16,0.138058545864,0.0,0
2018-05-27 18:10:32.358,227.44,0.138058545864,0.0,0
2018-05-27 18:10:32.450,227.18,0.138058545864,0.0,0
2018-05-27 18:10:32.544,226.92,0.138058545864,0.0,0
2018-05-27 18:10:32.636,227.04,0.138058545864,0.0,0
2018-05-27 18:10:32.730,226.8,0.138058545864,0.0,0
2018-05-27 18:10:33.078,226.48,0.138058545864,0.0,0
2018-05-27 18:10:33.171,227.22,0.138058545864,0.0,0
2018-05-27 18:10:33.264,227.99,0.138058545864,0.0,0
2018-05-27 18:10:33.348,227.6,0.138058545864,0.0,0
2018-05-27 18:10:33.441,227.38,0.138058545864,0.0,0
2018-05-27 18:10:33.534,227.59,0.138058545864,0.0,0
2018-05-27 18:10:33.627,228.35,0.138058545864,0.0,0
2018-05-27 18:10:33.720,227.81,0.138058545864,0.0,0
2018-05-27 18:10:33.813,228.03,0.138058545864,0.0,0
2018-05-27 18:10:33.902,229.59,0.138058545864,0.0,0
2018-05-27 18:10:34.059,229.07,0.138058545864,0.0,0
2018-05-27 18:10:34.143,229.3,0.138058545864,0.0,0
2018-05-27 18:10:34.320,229.8,0.138058545864,0.0,0
2018-05-27 18:10:34.403,231.53,0.138058545864,0.0,0
2018-05-27 18:10:34.683,231.94,0.138058545864,0.0,0
2018-05-27 18:10:34.776,232.19,0.138058545864,0.0,0
2018-05-27 18:10:34.841,230.01,0.138058545864,0.0,0
2018-05-27 18:10:35.217,227.76,0.138058545864,0.0,0
2018-05-27 18:10:35.310,226.43,0.138058545864,0.0,0
2018-05-27 18:10:35.487,224.51,0.138058545864,0.0,0
2018-05-27 18:10:35.580,224.39,0.138058545864,0.0,0
2018-05-27 18:10:36.012,219.32,0.138058545864,0.0,0
2018-05-27 18:10:36.105,218.36,0.138058545864,0.0,0
2018-05-27 18:10:36.198,217.69,0.138058545864,0.0,0
2018-05-27 18:10:36.655,213.13,0.138058545864,0.0,0
2018-05-27 18:10:36.748,212.36,0.138058545864,0.0,0
2018-05-27 18:10:37.003,211.19,0.138058545864,0.0,0
2018-05-27 18:10:37.096,211.89,0.138058545864,0.0,0
2018-05-27 18:10:37.189,210.36,0.138058545864,0.0,0
2018-05-27 18:10:37.282,211.71,0.138058545864,0.0,0
2018-05-27 18:10:37.459,209.18,0.138058545864,0.0,0
2018-05-27 18:10:37.543,209.22,0.138058545864,0.0,0
2018-05-27 18:10:37.636,207.77,0.138058545864,0.0,0
2018-05-27 18:10:37.822,208.12,0.138058545864,0.0,0
2018-05-27 18:10:37.915,209.72,0.138058545864,0.0,0
2018-05-27 18:10:38.077,207.47,0.138058545864,0.0,0
2018-05-27 18:10:38.170,209.39,0.138058545864,0.0,0
2018-05-27 18:10:38.263,207.28,0.138058545864,0.0,0
2018-05-27 18:10:38.347,207.0,0.138058545864,0.0,0
2018-05-27 18:10:38.440,208.46,0.138058545864,0.0,0
2018-05-27 18:10:38.533,206.98,0.138058545864,0.0,0
2018-05-27 18:10:38.627,208.98,0.138058545864,0.0,0
2018-05-27 18:10:38.719,206.87,0.138058545864,0.0,0
2018-05-27 18:10:38.812,208.28,0.138058545864,0.0,0
2018-05-27 18:10:38.901,208.73,0.138058545864,0.0,0
2018-05-27 18:10:39.058,207.16,0.138058545864,0.0,0
2018-05-27 18:10:39.142,206.75,0.138058545864,0.0,0
2018-05-27 18:10:39.226,207.66,0.138058545864,0.0,0
2018-05-27 18:10:39.319,208.86,0.138058545864,0.0,0
2018-05-27 18:10:39.403,209.27,0.138058545864,0.0,0
2018-05-27 18:10:39.496,208.53,0.138058545864,0.0,0
2018-05-27 18:10:39.682,208.58,0.138058545864,0.0,0
2018-05-27 18:10:39.775,210.13,0.138058545864,0.0,0
2018-05-27 18:10:39.868,208.62,0.138058545864,0.0,0
2018-05-27 18:10:40.030,209.64,0.138058545864,0.0,0
2018-05-27 18:10:40.123,208.53,0.138058545864,0.0,0
2018-05-27 18:10:40.216,210.19,0.138058545864,0.0,0
2018-05-27 18:10:40.309,209.51,0.138058545864,0.0,0
2018-05-27 18:10:40.393,209.81,0.138058545864,0.0,0
2018-05-27 18:10:40.486,209.96,0.138058545864,0.0,0
2018-05-27 18:10:40.579,210.39,0.138058545864,0.0,0
2018-05-27 18:10:40.672,210.67,0.138058545864,0.0,0
2018-05-27 18:10:40.766,211.72,0.138058545864,0.0,0
2018-05-27 18:10:40.859,211.39,0.138058545864,0.0,0
2018-05-27 18:10:41.020,212.42,0.138058545864,0.0,0
2018-05-27 18:10:41.114,212.81,0.138058545864,0.0,0
2018-05-27 18:10:41.207,213.26,0.138058545864,0.0,0
2018-05-27 18:10:41.393,213.48,0.138058545864,0.0,0
2018-05-27 18:10:41.477,213.97,0.138058545864,0.0,0
2018-05-27 18:10:41.570,214.31,0.138058545864,0.0,0
2018-05-27 18:10:41.756,215.38,0.138058545864,0.0,0
2018-05-27 18:10:41.849,216.46,0.138058545864,0.0,0
2018-05-27 18:10:42.011,217.19,0.138058545864,0.0,0
2018-05-27 18:10:42.104,215.39,0.138058545864,0.0,0
2018-05-27 18:10:42.188,214.69,0.138058545864,0.0,0
2018-05-27 18:10:42.551,211.11,0.138058545864,0.0,0
2018-05-27 18:10:42.731,209.26,0.138058545864,0.0,0
2018-05-27 18:10:42.821,209.71,0.138058545864,0.0,0
2018-05-27 18:10:43.067,207.6,0.138058545864,0.0,0
2018-05-27 18:10:43.253,206.34,0.138058545864,0.0,0
2018-05-27 18:10:43.430,206.72,0.138058545864,0.0,0
2018-05-27 18:10:43.784,206.7,0.138058545864,0.0,0
2018-05-27 18:10:43.878,206.28,0.138058545864,0.0,0
2018-05-27 18:10:44.029,205.56,0.138058545864,0.0,0
2018-05-27 18:10:44.122,206.08,0.138058545864,0.0,0
2018-05-27 18:10:44.216,206.0,0.138058545864,0.0,0
2018-05-27 18:10:44.309,204.15,0.138058545864,0.0,0
2018-05-27 18:10:44.392,203.59,0.138058545864,0.0,0
2018-05-27 18:10:44.486,205.11,0.138058545864,0.0,0
2018-05-27 18:10:44.579,203.9,0.138058545864,0.0,0
2018-05-27 18:10:44.672,204.09,0.138058545864,0.0,0
2018-05-27 18:10:44.765,203.06,0.138058545864,0.0,0
2018-05-27 18:10:44.858,202.71,0.138058545864,0.0,0
2018-05-27 18:10:45.020,203.97,0.138058545864,0.0,0
2018-05-27 18:10:45.113,202.91,0.138058545864,0.0,0
2018-05-27 18:10:45.206,204.94,0.138058545864,0.0,0
2018-05-27 18:10:45.299,203.24,0.138058545864,0.0,0
2018-05-27 18:10:45.662,204.08,0.138058545864,0.0,0
2018-05-27 18:10:46.104,204.25,0.138058545864,0.0,0
2018-05-27 18:10:46.290,204.01,0.138058545864,0.0,0
2018-05-27 18:10:46.374,205.07,0.138058545864,0.0,0
2018-05-27 18:10:46.653,204.95,0.138058545864,0.0,0
2018-05-27 18:10:46.746,204.56,0.138058545864,0.0,0
2018-05-27 18:10:47.001,204.56,0.138058545864,0.0,0
2018-05-27 18:10:47.094,204.84,0.138058545864,0.0,0
2018-05-27 18:10:47.457,207.97,0.138058545864,0.0,0
2018-05-27 18:10:47.550,206.64,0.138058545864,0.0,0
2018-05-27 18:10:47.643,208.39,0.138058545864,0.0,0
2018-05-27 18:10:47.830,208.86,0.138058545864,0.0,0
2018-05-27 18:10:48.085,210.42,0.138058545864,0.0,0
2018-05-27 18:10:48.178,209.18,0.138058545864,0.0,0
2018-05-27 18:10:48.448,211.18,0.138058545864,0.0,0
2018-05-27 18:10:48.541,210.96,0.138058545864,0.0,0
2018-05-27 18:10:48.634,211.99,0.138058545864,0.0,0
2018-05-27 18:10:48.820,213.93,0.138058545864,0.0,0
2018-05-27 18:10:48.913,212.93,0.138058545864,0.0,0
2018-05-27 18:10:49.075,213.21,0.138058545864,0.0,0
2018-05-27 18:10:49.168,214.95,0.138058545864,0.0,0
2018-05-27 18:10:49.531,216.14,0.138058545864,0.0,0
2018-05-27 18:10:49.718,215.78,0.138058545864,0.0,0
2018-05-27 18:10:49.811,217.42,0.138058545864,0.0,0
2018-05-27 18:10:50.140,217.77,0.138058545864,0.0,0
2018-05-27 18:10:50.326,217.84,0.138058545864,0.0,0
2018-05-27 18:10:50.420,218.04,0.138058545864,0.0,0
2018-05-27 18:10:50.503,217.85,0.138058545864,0.0,0
2018-05-27 18:10:50.587,219.29,0.138058545864,0.0,0
2018-05-27 18:10:50.680,218.27,0.138058545864,0.0,0
2018-05-27 18:10:50.773,219.39,0.138058545864,0.0,0
2018-05-27 18:10:50.867,220.58,0.138058545864,0.0,0
2018-05-27 18:10:51.028,220.52,0.138058545864,0.0,0
2018-05-27 18:10:51.121,220.8,0.138058545864,0.0,0
2018-05-27 18:10:51.215,220.71,0.138058545864,0.0,0
2018-05-27 18:10:51.401,222.73,0.138058545864,0.0,0
2018-05-27 18:10:51.485,221.91,0.138058545864,0.0,0
2018-05-27 18:10:51.578,223.31,0.138058545864,0.0,0
2018-05-27 18:10:51.764,222.59,0.138058545864,0.0,0
2018-05-27 18:10:51.848,224.11,0.138058545864,0.0,0
2018-05-27 18:10:52.010,223.33,0.138058545864,0.0,0
2018-05-27 18:10:52.103,223.81,0.138058545864,0.0,0
2018-05-27 18:10:52.382,225.86,0.138058545864,0.0,0
2018-05-27 18:10:52.466,224.93,0.138058545864,0.0,0
2018-05-27 18:10:52.559,224.19,0.138058545864,0.0,0
2018-05-27 18:10:52.745,226.63,0.138058545864,0.0,0
2018-05-27 18:10:52.829,225.09,0.138058545864,0.0,0
2018-05-27 18:10:53.540,227.24,0.138058545864,0.0,0
2018-05-27 18:10:53.624,227.04,0.138058545864,0.0,0
2018-05-27 18:10:53.717,226.79,0.138058545864,0.0,0
2018-05-27 18:10:53.903,227.43,0.138058545864,0.0,0
2018-05-27 18:10:54.056,229.43,0.138058545864,0.0,0
2018-05-27 18:10:54.773,230.89,0.138058545864,0.0,0
2018-05-27 18:10:54.866,229.98,0.138058545864,0.0,0
2018-05-27 18:10:55.214,232.08,0.138058545864,0.0,0
2018-05-27 18:10:55.670,230.76,0.138058545864,0.0,0
2018-05-27 18:10:55.763,230.01,0.138058545864,0.0,0
2018-05-27 18:10:55.856,229.02,0.138058545864,0.0,0
2018-05-27 18:10:56.017,228.0,0.138058545864,0.0,0
2018-05-27 18:10:56.288,225.59,0.138058545864,0.0,0
2018-05-27 18:10:56.381,224.38,0.138058545864,0.0,0
2018-05-27 18:10:56.642,222.16,0.138058545864,0.0,0
2018-05-27 18:10:56.922,219.7,0.138058545864,0.0,0
2018-05-27 18:10:57.176,216.55,0.138058545864,0.0,0
2018-05-27 18:10:57.447,214.63,0.138058545864,0.0,0
2018-05-27 18:10:57.633,212.27,0.138058545864,0.0,0
2018-05-27 18:10:57.726,210.2,0.138058545864,0.0,0
2018-05-27 18:10:58.074,207.59,0.138058545864,0.0,0
2018-05-27 18:10:58.717,206.39,0.138058545864,0.0,0
2018-05-27 18:10:58.791,204.48,0.138058545864,0.0,0
2018-05-27 18:10:58.903,206.63,0.138058545864,0.0,0
2018-05-27 18:10:59.060,206.13,0.138058545864,0.0,0
2018-05-27 18:10:59.149,203.98,0.138058545864,0.0,0
2018-05-27 18:10:59.232,203.61,0.138058545864,0.0,0
2018-05-27 18:10:59.502,205.61,0.138058545864,0.0,0
2018-05-27 18:10:59.679,204.23,0.138058545864,0.0,0
2018-05-27 18:10:59.856,206.5,0.138058545864,0.0,0
2018-05-27 18:11:00.297,205.47,0.138058545864,0.0,0
2018-05-27 18:11:00.474,206.14,0.138058545864,0.0,0
2018-05-27 18:11:00.568,205.78,0.138058545864,0.0,0
2018-05-27 18:11:01.372,208.5,0.138058545864,0.0,0
2018-05-27 18:11:01.548,208.04,0.138058545864,0.0,0
2018-05-27 18:11:01.642,209.93,0.138058545864,0.0,0
2018-05-27 18:11:01.828,210.49,0.138058545864,0.0,0
2018-05-27 18:11:01.921,209.92,0.138058545864,0.0,0
2018-05-27 18:11:02.176,210.47,0.138058545864,0.0,0
2018-05-27 18:11:02.446,213.49,0.138058545864,0.0,0
2018-05-27 18:11:02.530,214.0,0.138058545864,0.0,0
2018-05-27 18:11:02.623,212.39,0.138058545864,0.0,0
2018-05-27 18:11:02.897,215.56,0.138058545864,0.0,0
2018-05-27 18:11:03.139,216.18,0.138058545864,0.0,0
2018-05-27 18:11:03.222,216.86,0.138058545864,0.0,0
2018-05-27 18:11:03.586,215.78,0.138058545864,0.0,0
2018-05-27 18:11:03.679,217.5,0.138058545864,0.0,0
2018-05-27 18:11:03.865,214.96,0.138058545864,0.0,0
2018-05-27 18:11:04.027,216.11,0.138058545864,0.0,0
2018-05-27 18:11:04.120,214.4,0.138058545864,0.0,0
2018-05-27 18:11:04.204,215.0,0.138058545864,0.0,0
2018-05-27 18:11:05.194,210.0,0.138058545864,0.0,0
2018-05-27 18:11:05.287,208.91,0.138058545864,0.0,0
2018-05-27 18:11:05.372,208.5,0.138058545864,0.0,0
2018-05-27 18:11:05.464,209.3,0.138058545864,0.0,0
2018-05-27 18:11:05.837,209.15,0.138058545864,0.0,0
2018-05-27 18:11:06.082,208.4,0.138058545864,0.0,0
2018-05-27 18:11:06.269,207.78,0.138058545864,0.0,0
2018-05-27 18:11:06.446,209.36,0.138058545864,0.0,0
2018-05-27 18:11:06.725,206.88,0.138058545864,0.0,0
2018-05-27 18:11:06.902,206.5,0.138058545864,0.0,0
2018-05-27 18:11:07.064,203.93,0.138058545864,0.0,0
2018-05-27 18:11:07.250,201.98,0.138058545864,0.0,0
2018-05-27 18:11:07.343,202.02,0.138058545864,0.0,0
2018-05-27 18:11:07.427,201.72,0.138058545864,0.0,0
2018-05-27 18:11:07.595,201.86,0.138058545864,0.0,0
2018-05-27 18:11:07.688,203.13,0.138058545864,0.0,0
2018-05-27 18:11:07.864,202.49,0.138058545864,0.0,0
2018-05-27 18:11:08.026,201.96,0.138058545864,0.0,0
2018-05-27 18:11:08.119,204.29,0.138058545864,0.0,0
2018-05-27 18:11:08.213,204.17,0.138058545864,0.0,0
2018-05-27 18:11:08.306,205.79,0.138058545864,0.0,0
2018-05-27 18:11:08.483,205.04,0.138058545864,0.0,0
2018-05-27 18:11:08.576,205.08,0.138058545864,0.0,0
2018-05-27 18:11:08.659,205.82,0.138058545864,0.0,0
2018-05-27 18:11:08.846,206.02,0.138058545864,0.0,0
2018-05-27 18:11:09.008,208.77,0.138058545864,0.0,0
2018-05-27 18:11:09.194,209.43,0.138058545864,0.0,0
2018-05-27 18:11:09.371,209.38,0.138058545864,0.0,0
2018-05-27 18:11:09.557,209.68,0.138058545864,0.0,0
2018-05-27 18:11:09.650,209.73,0.138058545864,0.0,0
2018-05-27 18:11:09.743,210.87,0.138058545864,0.0,0
2018-05-27 18:11:09.818,210.86,0.138058545864,0.0,0
2018-05-27 18:11:09.926,211.63,0.138058545864,0.0,0
2018-05-27 18:11:10.175,212.49,0.138058545864,0.0,0
2018-05-27 18:11:10.268,212.53,0.138058545864,0.0,0
2018-05-27 18:11:10.361,213.48,0.138058545864,0.0,0
2018-05-27 18:11:10.445,214.87,0.138058545864,0.0,0
2018-05-27 18:11:10.538,213.25,0.138058545864,0.0,0
2018-05-27 18:11:10.622,214.61,0.138058545864,0.0,0
2018-05-27 18:11:10.715,215.03,0.138058545864,0.0,0
2018-05-27 18:11:10.808,214.93,0.138058545864,0.0,0
2018-05-27 18:11:10.897,215.32,0.138058545864,0.0,0
2018-05-27 18:11:11.054,216.2,0.138058545864,0.0,0
2018-05-27 18:11:11.138,215.57,0.138058545864,0.0,0
2018-05-27 18:11:11.231,215.99,0.138058545864,0.0,0
2018-05-27 18:11:11.324,216.61,0.138058545864,0.0,0
2018-05-27 18:11:11.408,217.06,0.138058545864,0.0,0
2018-05-27 18:11:11.501,216.42,0.138058545864,0.0,0
2018-05-27 18:11:11.585,216.37,0.138058545864,0.0,0
2018-05-27 18:11:11.678,217.13,0.138058545864,0.0,0
2018-05-27 18:11:11.771,218.69,0.138058545864,0.0,0
2018-05-27 18:11:11.864,218.1,0.138058545864,0.0,0
2018-05-27 18:11:12.026,217.59,0.138058545864,0.0,0
2018-05-27 18:11:12.119,219.87,0.138058545864,0.0,0
2018-05-27 18:11:12.212,219.35,0.138058545864,0.0,0
2018-05-27 18:11:12.306,218.79,0.138058545864,0.0,0
2018-05-27 18:11:12.398,219.59,0.138058545864,0.0,0
2018-05-27 18:11:12.482,220.36,0.138058545864,0.0,0
2018-05-27 18:11:12.668,221.56,0.138058545864,0.0,0
2018-05-27 18:11:12.762,221.94,0.138058545864,0.0,0
2018-05-27 18:11:12.855,221.48,0.138058545864,0.0,0
2018-05-27 18:11:13.017,220.64,0.138058545864,0.0,0
2018-05-27 18:11:13.110,222.14,0.138058545864,0.0,0
2018-05-27 18:11:13.203,223.37,0.138058545864,0.0,0
2018-05-27 18:11:13.296,222.9,0.138058545864,0.0,0
2018-05-27 18:11:13.380,223.76,0.138058545864,0.0,0
2018-05-27 18:11:13.473,224.36,0.138058545864,0.0,0
2018-05-27 18:11:13.566,223.76,0.138058545864,0.0,0
2018-05-27 18:11:13.659,222.81,0.138058545864,0.0,0
2018-05-27 18:11:13.752,223.91,0.138058545864,0.0,0
2018-05-27 18:11:13.845,224.27,0.138058545864,0.0,0
2018-05-27 18:11:14.007,225.78,0.138058545864,0.0,0
2018-05-27 18:11:14.100,226.36,0.138058545864,0.0,0
2018-05-27 18:11:14.193,226.46,0.138058545864,0.0,0
2018-05-27 18:11:14.287,225.1,0.138058545864,0.0,0
2018-05-27 18:11:14.370,226.34,0.138058545864,0.0,0
2018-05-27 18:11:14.463,226.34,0.138058545864,0.0,0
2018-05-27 18:11:14.556,226.63,0.138058545864,0.0,0
2018-05-27 18:11:14.650,225.5,0.138058545864,0.0,0
2018-05-27 18:11:14.743,226.02,0.138058545864,0.0,0
2018-05-27 18:11:14.836,225.79,0.138058545864,0.0,0
2018-05-27 18:11:15.091,226.32,0.138058545864,0.0,0
2018-05-27 18:11:15.184,227.73,0.138058545864,0.0,0
2018-05-27 18:11:15.361,226.96,0.138058545864,0.0,0
2018-05-27 18:11:15.454,226.52,0.138058545864,0.0,0
2018-05-27 18:11:15.640,227.67,0.138058545864,0.0,0
2018-05-27 18:11:15.733,228.32,0.138058545864,0.0,0
2018-05-27 18:11:15.920,229.65,0.138058545864,0.0,0
2018-05-27 18:11:16.081,228.88,0.138058545864,0.0,0
2018-05-27 18:11:16.258,228.81,0.138058545864,0.0,0
2018-05-27 18:11:16.445,229.54,0.138058545864,0.0,0
2018-05-27 18:11:16.538,229.68,0.138058545864,0.0,0
2018-05-27 18:11:16.631,230.29,0.138058545864,0.0,0
2018-05-27 18:11:16.910,231.82,0.138058545864,0.0,0
2018-05-27 18:11:17.072,231.87,0.138058545864,0.0,0
2018-05-27 18:11:17.351,232.0,0.138058545864,0.0,0
2018-05-27 18:11:17.528,229.51,0.138058545864,0.0,0
2018-05-27 18:11:17.621,228.15,0.138058545864,0.0,0
2018-05-27 18:11:17.714,227.97,0.138058545864,0.0,0
2018-05-27 18:11:17.808,226.71,0.138058545864,0.0,0
2018-05-27 18:11:18.416,220.99,0.138058545864,0.0,0
2018-05-27 18:11:18.873,216.15,0.138058545864,0.0,0
2018-05-27 18:11:19.035,216.27,0.138058545864,0.0,0
2018-05-27 18:11:19.305,214.04,0.138058545864,0.0,0
2018-05-27 18:11:19.398,212.69,0.138058545864,0.0,0
2018-05-27 18:11:19.482,212.16,0.138058545864,0.0,0
2018-05-27 18:11:19.575,213.91,0.138058545864,0.0,0
2018-05-27 18:11:19.752,213.29,0.138058545864,0.0,0
2018-05-27 18:11:20.006,212.56,0.138058545864,0.0,0
2018-05-27 18:11:20.100,211.2,0.138058545864,0.0,0
2018-05-27 18:11:20.193,211.87,0.138058545864,0.0,0
2018-05-27 18:11:20.379,210.67,0.138058545864,0.0,0
2018-05-27 18:11:20.463,211.03,0.138058545864,0.0,0
2018-05-27 18:11:20.557,211.32,0.138058545864,0.0,0
2018-05-27 18:11:20.640,210.59,0.138058545864,0.0,0
2018-05-27 18:11:20.826,209.19,0.138058545864,0.0,0
2018-05-27 18:11:20.919,207.07,0.138058545864,0.0,0
2018-05-27 18:11:21.174,205.61,0.138058545864,0.0,0
2018-05-27 18:11:21.267,206.76,0.138058545864,0.0,0
2018-05-27 18:11:21.360,205.14,0.138058545864,0.0,0
2018-05-27 18:11:21.445,204.94,0.138058545864,0.0,0
2018-05-27 18:11:21.537,206.15,0.138058545864,0.0,0
2018-05-27 18:11:21.630,204.73,0.138058545864,0.0,0
2018-05-27 18:11:21.723,204.4,0.138058545864,0.0,0
2018-05-27 18:11:21.817,206.05,0.138058545864,0.0,0
2018-05-27 18:11:21.910,205.05,0.138058545864,0.0,0
2018-05-27 18:11:22.071,206.42,0.138058545864,0.0,0
2018-05-27 18:11:22.165,205.73,0.138058545864,0.0,0
2018-05-27 18:11:22.258,206.78,0.138058545864,0.0,0
2018-05-27 18:11:22.351,205.3,0.138058545864,0.0,0
2018-05-27 18:11:22.431,207.32,0.138058545864,0.0,0
2018-05-27 18:11:22.519,205.93,0.138058545864,0.0,0
2018-05-27 18:11:22.602,206.38,0.138058545864,0.0,0
2018-05-27 18:11:22.695,207.52,0.138058545864,0.0,0
2018-05-27 18:11:22.789,206.38,0.138058545864,0.0,0
2018-05-27 18:11:22.863,208.81,0.138058545864,0.0,0
2018-05-27 18:11:23.211,208.65,0.138058545864,0.0,0
2018-05-27 18:11:23.304,209.39,0.138058545864,0.0,0
2018-05-27 18:11:23.397,210.04,0.138058545864,0.0,0
2018-05-27 18:11:23.481,209.97,0.138058545864,0.0,0
2018-05-27 18:11:23.574,211.44,0.138058545864,0.0,0
2018-05-27 18:11:23.761,210.94,0.138058545864,0.0,0
2018-05-27 18:11:23.844,211.49,0.138058545864,0.0,0
2018-05-27 18:11:24.006,212.47,0.138058545864,0.0,0
2018-05-27 18:11:24.192,213.87,0.138058545864,0.0,0
2018-05-27 18:11:24.462,213.21,0.138058545864,0.0,0
2018-05-27 18:11:24.649,211.97,0.138058545864,0.0,0
2018-05-27 18:11:24.919,210.23,0.138058545864,0.0,0
2018-05-27 18:11:25.081,208.24,0.138058545864,0.0,0
2018-05-27 18:11:25.267,206.96,0.138058545864,0.0,0
2018-05-27 18:11:25.351,206.65,0.138058545864,0.0,0
2018-05-27 18:11:25.444,206.67,0.138058545864,0.0,0
2018-05-27 18:11:25.621,204.59,0.138058545864,0.0,0
2018-05-27 18:11:25.892,205.2,0.138058545864,0.0,0
2018-05-27 18:11:26.057,203.6,0.138058545864,0.0,0
2018-05-27 18:11:26.136,203.41,0.138058545864,0.0,0
2018-05-27 18:11:26.229,204.68,0.138058545864,0.0,0
2018-05-27 18:11:26.314,204.09,0.138058545864,0.0,0
2018-05-27 18:11:26.406,203.59,0.138058545864,0.0,0
2018-05-27 18:11:26.500,203.64,0.138058545864,0.0,0
2018-05-27 18:11:26.585,204.11,0.138058545864,0.0,0
2018-05-27 18:11:26.677,205.3,0.138058545864,0.0,0
2018-05-27 18:11:26.866,205.15,0.138058545864,0.0,0
2018-05-27 18:11:27.025,203.44,0.138058545864,0.0,0
2018-05-27 18:11:27.118,203.88,0.138058545864,0.0,0
2018-05-27 18:11:27.221,203.33,0.138058545864,0.0,0
2018-05-27 18:11:27.313,205.18,0.138058545864,0.0,0
2018-05-27 18:11:27.490,204.69,0.138058545864,0.0,0
2018-05-27 18:11:27.583,206.08,0.138058545864,0.0,0
2018-05-27 18:11:27.676,204.72,0.138058545864,0.0,0
2018-05-27 18:11:27.770,204.69,0.138058545864,0.0,0
2018-05-27 18:11:27.863,206.08,0.138058545864,0.0,0
2018-05-27 18:11:28.024,205.47,0.138058545864,0.0,0
2018-05-27 18:11:28.118,206.68,0.138058545864,0.0,0
2018-05-27 18:11:28.211,206.03,0.138058545864,0.0,0
2018-05-27 18:11:28.481,206.62,0.138058545864,0.0,0
2018-05-27 18:11:28.667,205.96,0.138058545864,0.0,0
2018-05-27 18:11:28.760,208.67,0.138058545864,0.0,0
2018-05-27 18:11:28.853,206.91,0.138058545864,0.0,0
2018-05-27 18:11:29.015,208.99,0.138058545864,0.0,0
2018-05-27 18:11:29.294,208.21,0.138058545864,0.0,0
2018-05-27 18:11:29.387,210.26,0.138058545864,0.0,0
2018-05-27 18:11:29.471,209.21,0.138058545864,0.0,0
2018-05-27 18:11:29.564,209.22,0.138058545864,0.0,0
2018-05-27 18:11:29.658,211.24,0.138058545864,0.0,0
2018-05-27 18:11:29.751,210.34,0.138058545864,0.0,0
2018-05-27 18:11:29.928,211.92,0.138058545864,0.0,0
2018-05-27 18:11:30.183,211.47,0.138058545864,0.0,0
2018-05-27 18:11:30.369,212.81,0.138058545864,0.0,0
2018-05-27 18:11:30.723,215.24,0.138058545864,0.0,0
2018-05-27 18:11:30.909,214.62,0.138058545864,0.0,0
2018-05-27 18:11:31.164,215.14,0.138058545864,0.0,0
2018-05-27 18:11:31.350,216.74,0.138058545864,0.0,0
2018-05-27 18:11:31.434,217.89,0.138058545864,0.0,0
2018-05-27 18:11:31.527,217.18,0.138058545864,0.0,0
2018-05-27 18:11:31.611,218.29,0.138058545864,0.0,0
2018-05-27 18:11:31.788,218.91,0.138058545864,0.0,0
2018-05-27 18:11:31.881,217.66,0.138058545864,0.0,0
2018-05-27 18:11:32.136,218.74,0.138058545864,0.0,0
2018-05-27 18:11:32.322,218.79,0.138058545864,0.0,0
2018-05-27 18:11:32.406,218.6,0.138058545864,0.0,0
2018-05-27 18:11:32.583,219.68,0.138058545864,0.0,0
2018-05-27 18:11:32.676,219.84,0.138058545864,0.0,0
2018-05-27 18:11:32.862,220.77,0.138058545864,0.0,0
2018-05-27 18:11:33.024,221.16,0.138058545864,0.0,0
2018-05-27 18:11:33.667,223.22,0.138058545864,0.0,0
2018-05-27 18:11:33.760,222.75,0.138058545864,0.0,0
2018-05-27 18:11:33.853,222.85,0.138058545864,0.0,0
2018-05-27 18:11:34.015,223.06,0.138058545864,0.0,0
2018-05-27 18:11:34.108,224.24,0.138058545864,0.0,0
2018-05-27 18:11:34.201,224.85,0.138058545864,0.0,0
2018-05-27 18:11:34.378,224.93,0.138058545864,0.0,0
2018-05-27 18:11:34.564,226.33,0.138058545864,0.0,0
2018-05-27 18:11:34.750,224.87,0.138058545864,0.0,0
2018-05-27 18:11:34.843,224.51,0.138058545864,0.0,0
2018-05-27 18:11:35.192,226.14,0.138058545864,0.0,0
2018-05-27 18:11:35.285,227.22,0.138058545864,0.0,0
2018-05-27 18:11:35.369,226.14,0.138058545864,0.0,0
2018-05-27 18:11:35.462,225.39,0.138058545864,0.0,0
2018-05-27 18:11:35.555,226.79,0.138058545864,0.0,0
2018-05-27 18:11:35.648,227.98,0.138058545864,0.0,0
2018-05-27 18:11:35.741,228.33,0.138058545864,0.0,0
2018-05-27 18:11:35.834,228.43,0.138058545864,0.0,0
2018-05-27 18:11:36.182,227.77,0.138058545864,0.0,0
2018-05-27 18:11:36.452,229.19,0.138058545864,0.0,0
2018-05-27 18:11:36.825,229.09,0.138058545864,0.0,0
2018-05-27 18:11:36.918,229.62,0.138058545864,0.0,0
2018-05-27 18:11:37.089,229.87,0.138058545864,0.0,0
2018-05-27 18:11:37.452,230.53,0.138058545864,0.0,0
2018-05-27 18:11:37.630,232.07,0.138058545864,0.0,0
2018-05-27 18:11:37.722,232.51,0.138058545864,0.0,0
2018-05-27 18:11:37.815,232.73,0.138058545864,0.0,0
2018-05-27 18:11:38.341,228.48,0.138058545864,0.0,0
2018-05-27 18:11:38.527,227.46,0.138058545864,0.0,0
2018-05-27 18:11:38.806,225.44,0.138058545864,0.0,0
2018-05-27 18:11:39.489,216.66,0.138058545864,0.0,0
2018-05-27 18:11:39.583,216.53,0.138058545864,0.0,0
2018-05-27 18:11:39.676,216.5,0.138058545864,0.0,0
2018-05-27 18:11:39.769,213.5,0.138058545864,0.0,0
2018-05-27 18:11:39.862,213.26,0.138058545864,0.0,0
2018-05-27 18:11:40.117,211.33,0.138058545864,0.0,0
2018-05-27 18:11:40.201,209.74,0.138058545864,0.0,0
2018-05-27 18:11:40.750,208.08,0.138058545864,0.0,0
2018-05-27 18:11:40.927,206.83,0.138058545864,0.0,0
2018-05-27 18:11:41.182,206.08,0.138058545864,0.0,0
2018-05-27 18:11:41.275,206.68,0.138058545864,0.0,0
2018-05-27 18:11:41.368,205.39,0.138058545864,0.0,0
2018-05-27 18:11:41.825,205.41,0.138058545864,0.0,0
2018-05-27 18:11:42.080,206.81,0.138058545864,0.0,0
2018-05-27 18:11:42.359,206.34,0.138058545864,0.0,0
2018-05-27 18:11:42.536,207.62,0.138058545864,0.0,0
2018-05-27 18:11:42.629,206.54,0.138058545864,0.0,0
2018-05-27 18:11:42.806,208.1,0.138058545864,0.0,0
2018-05-27 18:11:42.899,206.96,0.138058545864,0.0,0
2018-05-27 18:11:43.247,208.97,0.138058545864,0.0,0
2018-05-27 18:11:43.340,207.03,0.138058545864,0.0,0
2018-05-27 18:11:43.508,208.45,0.138058545864,0.0,0
2018-05-27 18:11:44.126,211.44,0.138058545864,0.0,0
2018-05-27 18:11:44.219,210.42,0.138058545864,0.0,0
2018-05-27 18:11:44.312,211.08,0.138058545864,0.0,0
2018-05-27 18:11:44.582,212.84,0.138058545864,0.0,0
2018-05-27 18:11:44.666,213.08,0.138058545864,0.0,0
2018-05-27 18:11:45.014,213.96,0.138058545864,0.0,0
2018-05-27 18:11:45.108,215.31,0.138058545864,0.0,0
2018-05-27 18:11:45.294,215.55,0.138058545864,0.0,0
2018-05-27 18:11:45.471,215.61,0.138058545864,0.0,0
2018-05-27 18:11:46.098,213.42,0.138058545864,0.0,0
2018-05-27 18:11:46.461,211.59,0.138058545864,0.0,0
2018-05-27 18:11:46.741,208.44,0.138058545864,0.0,0
2018-05-27 18:11:46.927,207.49,0.138058545864,0.0,0
2018-05-27 18:11:47.182,207.25,0.138058545864,0.0,0
2018-05-27 18:11:47.276,207.72,0.138058545864,0.0,0
2018-05-27 18:11:47.349,206.85,0.138058545864,0.0,0
2018-05-27 18:11:47.536,206.75,0.138058545864,0.0,0
2018-05-27 18:11:47.815,208.79,0.138058545864,0.0,0
2018-05-27 18:11:48.070,209.43,0.138058545864,0.0,0
2018-05-27 18:11:48.154,208.75,0.138058545864,0.0,0
2018-05-27 18:11:48.247,207.75,0.138058545864,0.0,0
2018-05-27 18:11:48.424,208.14,0.138058545864,0.0,0
2018-05-27 18:11:48.508,208.06,0.138058545864,0.0,0
2018-05-27 18:11:48.601,208.09,0.138058545864,0.0,0
2018-05-27 18:11:48.694,208.3,0.138058545864,0.0,0
2018-05-27 18:11:48.787,208.63,0.138058545864,0.0,0
2018-05-27 18:11:48.881,208.37,0.138058545864,0.0,0
2018-05-27 18:11:49.033,208.54,0.138058545864,0.0,0
2018-05-27 18:11:49.116,208.37,0.138058545864,0.0,0
2018-05-27 18:11:49.210,209.74,0.138058545864,0.0,0
2018-05-27 18:11:49.303,209.06,0.138058545864,0.0,0
2018-05-27 18:11:49.480,210.54,0.138058545864,0.0,0
2018-05-27 18:11:49.573,209.3,0.138058545864,0.0,0
2018-05-27 18:11:49.666,211.08,0.138058545864,0.0,0
2018-05-27 18:11:49.843,209.9,0.138058545864,0.0,0
2018-05-27 18:11:50.005,210.52,0.138058545864,0.0,0
2018-05-27 18:11:50.191,209.97,0.138058545864,0.0,0
2018-05-27 18:11:50.284,212.09,0.138058545864,0.0,0
2018-05-27 18:11:50.377,211.33,0.138058545864,0.0,0
2018-05-27 18:11:50.461,211.27,0.138058545864,0.0,0
2018-05-27 18:11:50.554,212.26,0.138058545864,0.0,0
2018-05-27 18:11:50.731,214.13,0.138058545864,0.0,0
2018-05-27 18:11:50.824,213.32,0.138058545864,0.0,0
2018-05-27 18:11:51.172,215.1,0.138058545864,0.0,0
2018-05-27 18:11:51.265,216.6,0.138058545864,0.0,0
2018-05-27 18:11:51.358,216.16,0.138058545864,0.0,0
2018-05-27 18:11:51.619,217.95,0.138058545864,0.0,0
2018-05-27 18:11:51.712,216.67,0.138058545864,0.0,0
2018-05-27 18:11:51.894,217.92,0.138058545864,0.0,0
2018-05-27 18:11:52.582,221.03,0.138058545864,0.0,0
2018-05-27 18:11:52.675,221.25,0.138058545864,0.0,0
2018-05-27 18:11:52.768,219.49,0.138058545864,0.0,0
2018-05-27 18:11:52.852,221.0,0.138058545864,0.0,0
2018-05-27 18:11:53.014,220.69,0.138058545864,0.0,0
2018-05-27 18:11:53.107,221.24,0.138058545864,0.0,0
2018-05-27 18:11:53.200,221.24,0.138058545864,0.0,0
2018-05-27 18:11:53.293,222.67,0.138058545864,0.0,0
2018-05-27 18:11:53.386,222.42,0.138058545864,0.0,0
2018-05-27 18:11:53.470,223.47,0.138058545864,0.0,0
2018-05-27 18:11:53.563,223.78,0.138058545864,0.0,0
2018-05-27 18:11:53.656,223.88,0.138058545864,0.0,0
2018-05-27 18:11:53.750,222.69,0.138058545864,0.0,0
2018-05-27 18:11:53.843,223.74,0.138058545864,0.0,0
2018-05-27 18:11:54.004,224.44,0.138058545864,0.0,0
2018-05-27 18:11:54.191,226.03,0.138058545864,0.0,0
2018-05-27 18:11:54.284,226.17,0.138058545864,0.0,0
2018-05-27 18:11:54.377,224.97,0.138058545864,0.0,0
2018-05-27 18:11:54.461,226.56,0.138058545864,0.0,0
2018-05-27 18:11:54.554,226.57,0.138058545864,0.0,0
2018-05-27 18:11:54.647,226.33,0.138058545864,0.0,0
2018-05-27 18:11:54.740,225.55,0.138058545864,0.0,0
2018-05-27 18:11:54.824,227.31,0.138058545864,0.0,0
2018-05-27 18:11:54.917,227.57,0.138058545864,0.0,0
2018-05-27 18:11:55.079,227.05,0.138058545864,0.0,0
2018-05-27 18:11:55.172,227.08,0.138058545864,0.0,0
2018-05-27 18:11:55.265,226.73,0.138058545864,0.0,0
2018-05-27 18:11:55.358,226.18,0.138058545864,0.0,0
2018-05-27 18:11:55.545,227.69,0.138058545864,0.0,0
2018-05-27 18:11:55.917,229.08,0.138058545864,0.0,0
2018-05-27 18:11:56.535,229.64,0.138058545864,0.0,0
2018-05-27 18:11:56.628,229.76,0.138058545864,0.0,0
2018-05-27 18:11:56.712,231.86,0.138058545864,0.0,0
2018-05-27 18:11:56.805,231.82,0.138058545864,0.0,0
2018-05-27 18:11:56.894,231.29,0.138058545864,0.0,0
2018-05-27 18:11:57.051,231.81,0.138058545864,0.0,0
2018-05-27 18:11:57.135,231.38,0.138058545864,0.0,0
2018-05-27 18:11:57.321,233.1,0.138058545864,0.0,0
2018-05-27 18:11:57.414,233.42,0.138058545864,0.0,0
2018-05-27 18:11:57.498,233.01,0.138058545864,0.0,0
2018-05-27 18:11:57.768,234.2,0.138058545864,0.0,0
2018-05-27 18:11:57.861,234.47,0.138058545864,0.0,0
2018-05-27 18:11:58.209,234.97,0.138058545864,0.0,0
2018-05-27 18:11:58.386,234.51,0.138058545864,0.0,0
2018-05-27 18:11:58.479,234.34,0.138058545864,0.0,0
2018-05-27 18:11:58.572,234.77,0.138058545864,0.0,0
2018-05-27 18:11:58.666,234.42,0.138058545864,0.0,0
2018-05-27 18:11:58.759,235.68,0.138058545864,0.0,0
2018-05-27 18:11:58.852,234.37,0.138058545864,0.0,0
2018-05-27 18:11:59.014,233.26,0.138058545864,0.0,0
2018-05-27 18:11:59.293,229.89,0.138058545864,0.0,0
2018-05-27 18:11:59.470,225.98,0.138058545864,0.0,0
2018-05-27 18:11:59.564,225.16,0.138058545864,0.0,0
2018-05-27 18:11:59.749,224.09,0.138058545864,0.0,0
2018-05-27 18:12:00.004,219.77,0.138058545864,0.0,0
2018-05-27 18:12:00.554,214.21,0.138058545864,0.0,0
2018-05-27 18:12:00.647,213.44,0.138058545864,0.0,0
2018-05-27 18:12:00.740,212.15,0.138058545864,0.0,0
2018-05-27 18:12:00.926,209.34,0.138058545864,0.0,0
2018-05-27 18:12:01.088,210.75,0.138058545864,0.0,0
2018-05-27 18:12:01.265,207.37,0.138058545864,0.0,0
2018-05-27 18:12:01.535,205.89,0.138058545864,0.0,0
2018-05-27 18:12:01.721,205.1,0.138058545864,0.0,0
2018-05-27 18:12:02.060,204.36,0.138058545864,0.0,0
2018-05-27 18:12:02.246,203.54,0.138058545864,0.0,0
2018-05-27 18:12:02.423,203.28,0.138058545864,0.0,0
2018-05-27 18:12:02.507,202.26,0.138058545864,0.0,0
2018-05-27 18:12:02.600,204.36,0.138058545864,0.0,0
2018-05-27 18:12:02.693,203.61,0.138058545864,0.0,0
2018-05-27 18:12:02.787,205.77,0.138058545864,0.0,0
2018-05-27 18:12:02.880,204.01,0.138058545864,0.0,0
2018-05-27 18:12:03.041,204.33,0.138058545864,0.0,0
2018-05-27 18:12:03.228,204.19,0.138058545864,0.0,0
2018-05-27 18:12:03.321,205.21,0.138058545864,0.0,0
2018-05-27 18:12:03.405,204.75,0.138058545864,0.0,0
2018-05-27 18:12:03.498,203.7,0.138058545864,0.0,0
2018-05-27 18:12:03.582,203.69,0.138058545864,0.0,0
2018-05-27 18:12:03.675,202.86,0.138058545864,0.0,0
2018-05-27 18:12:03.768,203.73,0.138058545864,0.0,0
2018-05-27 18:12:03.861,202.33,0.138058545864,0.0,0
2018-05-27 18:12:04.023,202.31,0.138058545864,0.0,0
2018-05-27 18:12:04.116,201.83,0.138058545864,0.0,0
2018-05-27 18:12:04.209,200.2,0.138058545864,0.0,0
2018-05-27 18:12:04.302,200.35,0.138058545864,0.0,0
2018-05-27 18:12:04.395,200.39,0.138058545864,0.0,0
2018-05-27 18:12:04.572,197.89,0.138058545864,0.0,0
2018-05-27 18:12:04.666,196.77,0.138058545864,0.0,0
2018-05-27 18:12:04.842,197.73,0.138058545864,0.0,0
2018-05-27 18:12:05.097,198.45,0.138058545864,0.0,0
2018-05-27 18:12:05.190,198.98,0.138058545864,0.0,0
2018-05-27 18:12:05.377,200.23,0.138058545864,0.0,0
2018-05-27 18:12:05.460,201.02,0.138058545864,0.0,0
2018-05-27 18:12:05.554,201.14,0.138058545864,0.0,0
2018-05-27 18:12:05.638,201.88,0.138058545864,0.0,0
2018-05-27 18:12:05.730,201.72,0.138058545864,0.0,0
2018-05-27 18:12:05.823,203.08,0.138058545864,0.0,0
2018-05-27 18:12:06.079,204.02,0.138058545864,0.0,0
2018-05-27 18:12:06.172,204.09,0.138058545864,0.0,0
2018-05-27 18:12:06.442,206.31,0.138058545864,0.0,0
2018-05-27 18:12:06.712,206.77,0.138058545864,0.0,0
2018-05-27 18:12:06.805,204.75,0.138058545864,0.0,0
2018-05-27 18:12:07.227,203.98,0.138058545864,0.0,0
2018-05-27 18:12:07.321,202.81,0.138058545864,0.0,0
2018-05-27 18:12:07.404,202.83,0.138058545864,0.0,0
2018-05-27 18:12:07.581,202.74,0.138058545864,0.0,0
2018-05-27 18:12:07.674,201.08,0.138058545864,0.0,0
2018-05-27 18:12:07.767,200.96,0.138058545864,0.0,0
2018-05-27 18:12:07.861,201.96,0.138058545864,0.0,0
2018-05-27 18:12:08.116,199.6,0.138058545864,0.0,0
2018-05-27 18:12:08.210,201.93,0.138058545864,0.0,0
2018-05-27 18:12:08.395,200.69,0.138058545864,0.0,0
2018-05-27 18:12:08.488,202.12,0.138058545864,0.0,0
2018-05-27 18:12:08.581,200.62,0.138058545864,0.0,0
2018-05-27 18:12:08.674,200.7,0.138058545864,0.0,0
2018-05-27 18:12:08.768,202.36,0.138058545864,0.0,0
2018-05-27 18:12:09.022,200.92,0.138058545864,0.0,0
2018-05-27 18:12:09.302,200.14,0.138058545864,0.0,0
2018-05-27 18:12:09.572,200.37,0.138058545864,0.0,0
2018-05-27 18:12:09.665,200.86,0.138058545864,0.0,0
2018-05-27 18:12:09.758,202.04,0.138058545864,0.0,0
2018-05-27 18:12:09.851,200.2,0.138058545864,0.0,0
2018-05-27 18:12:10.013,200.62,0.138058545864,0.0,0
2018-05-27 18:12:10.199,200.45,0.138058545864,0.0,0
2018-05-27 18:12:10.293,201.76,0.138058545864,0.0,0
2018-05-27 18:12:10.655,203.25,0.138058545864,0.0,0
2018-05-27 18:12:10.749,204.2,0.138058545864,0.0,0
2018-05-27 18:12:10.842,203.31,0.138058545864,0.0,0
2018-05-27 18:12:11.004,204.75,0.138058545864,0.0,0
2018-05-27 18:12:11.097,202.98,0.138058545864,0.0,0
2018-05-27 18:12:11.283,204.25,0.138058545864,0.0,0
2018-05-27 18:12:11.367,205.15,0.138058545864,0.0,0
2018-05-27 18:12:11.460,204.23,0.138058545864,0.0,0
2018-05-27 18:12:11.553,205.93,0.138058545864,0.0,0
2018-05-27 18:12:11.646,205.5,0.138058545864,0.0,0
2018-05-27 18:12:11.832,205.95,0.138058545864,0.0,0
2018-05-27 18:12:11.926,208.53,0.138058545864,0.0,0
2018-05-27 18:12:12.087,206.95,0.138058545864,0.0,0
2018-05-27 18:12:12.180,209.4,0.138058545864,0.0,0
2018-05-27 18:12:12.357,208.32,0.138058545864,0.0,0
2018-05-27 18:12:12.637,211.55,0.138058545864,0.0,0
2018-05-27 18:12:13.078,211.69,0.138058545864,0.0,0
2018-05-27 18:12:13.171,212.73,0.138058545864,0.0,0
2018-05-27 18:12:13.255,213.55,0.138058545864,0.0,0
2018-05-27 18:12:13.432,213.05,0.138058545864,0.0,0
2018-05-27 18:12:13.525,213.86,0.138058545864,0.0,0
2018-05-27 18:12:13.618,215.61,0.138058545864,0.0,0
2018-05-27 18:12:13.795,215.5,0.138058545864,0.0,0
2018-05-27 18:12:14.041,216.07,0.138058545864,0.0,0
2018-05-27 18:12:14.217,216.38,0.138058545864,0.0,0
2018-05-27 18:12:14.302,216.8,0.138058545864,0.0,0
2018-05-27 18:12:14.488,218.76,0.138058545864,0.0,0
2018-05-27 18:12:14.581,219.36,0.138058545864,0.0,0
2018-05-27 18:12:14.674,217.28,0.138058545864,0.0,0
2018-05-27 18:12:14.860,218.69,0.138058545864,0.0,0
2018-05-27 18:12:15.115,217.56,0.138058545864,0.0,0
2018-05-27 18:12:15.208,219.9,0.138058545864,0.0,0
2018-05-27 18:12:15.478,220.49,0.138058545864,0.0,0
2018-05-27 18:12:15.571,219.2,0.138058545864,0.0,0
2018-05-27 18:12:15.758,221.76,0.138058545864,0.0,0
2018-05-27 18:12:15.851,221.39,0.138058545864,0.0,0
2018-05-27 18:12:16.012,220.85,0.138058545864,0.0,0
2018-05-27 18:12:16.098,222.57,0.138058545864,0.0,0
2018-05-27 18:12:16.190,222.05,0.138058545864,0.0,0
2018-05-27 18:12:16.366,222.78,0.138058545864,0.0,0
2018-05-27 18:12:16.544,223.54,0.138058545864,0.0,0
2018-05-27 18:12:16.906,225.09,0.138058545864,0.0,0
2018-05-27 18:12:17.069,224.48,0.138058545864,0.0,0
2018-05-27 18:12:17.245,225.1,0.138058545864,0.0,0
2018-05-27 18:12:17.487,225.04,0.138058545864,0.0,0
2018-05-27 18:12:17.599,224.93,0.138058545864,0.0,0
2018-05-27 18:12:18.226,226.32,0.138058545864,0.0,0
2018-05-27 18:12:18.413,226.27,0.138058545864,0.0,0
2018-05-27 18:12:18.497,228.02,0.138058545864,0.0,0
2018-05-27 18:12:18.674,227.51,0.138058545864,0.0,0
2018-05-27 18:12:18.767,228.59,0.138058545864,0.0,0
2018-05-27 18:12:18.860,228.12,0.138058545864,0.0,0
2018-05-27 18:12:19.115,229.21,0.138058545864,0.0,0
2018-05-27 18:12:19.301,229.08,0.138058545864,0.0,0
2018-05-27 18:12:19.757,230.65,0.138058545864,0.0,0
2018-05-27 18:12:20.012,231.24,0.138058545864,0.0,0
2018-05-27 18:12:20.199,231.05,0.138058545864,0.0,0
2018-05-27 18:12:20.562,230.15,0.138058545864,0.0,0
2018-05-27 18:12:21.003,227.9,0.138058545864,0.0,0
2018-05-27 18:12:21.189,225.36,0.138058545864,0.0,0
2018-05-27 18:12:21.282,223.92,0.138058545864,0.0,0
2018-05-27 18:12:21.552,220.32,0.138058545864,0.0,0
2018-05-27 18:12:21.645,219.63,0.138058545864,0.0,0
2018-05-27 18:12:21.738,219.02,0.138058545864,0.0,0
2018-05-27 18:12:22.086,215.54,0.138058545864,0.0,0
2018-05-27 18:12:22.273,212.82,0.138058545864,0.0,0
2018-05-27 18:12:22.450,211.79,0.138058545864,0.0,0
2018-05-27 18:12:22.822,209.73,0.138058545864,0.0,0
2018-05-27 18:12:22.915,209.97,0.138058545864,0.0,0
2018-05-27 18:12:23.077,208.31,0.138058545864,0.0,0
2018-05-27 18:12:23.170,209.19,0.138058545864,0.0,0
2018-05-27 18:12:23.729,204.73,0.138058545864,0.0,0
2018-05-27 18:12:23.915,203.43,0.138058545864,0.0,0
2018-05-27 18:12:24.077,205.03,0.138058545864,0.0,0
2018-05-27 18:12:24.347,203.85,0.138058545864,0.0,0
2018-05-27 18:12:24.440,204.72,0.138058545864,0.0,0
2018-05-27 18:12:24.533,203.58,0.138058545864,0.0,0
2018-05-27 18:12:24.809,203.25,0.138058545864,0.0,0
2018-05-27 18:12:25.148,205.68,0.138058545864,0.0,0
2018-05-27 18:12:25.496,206.53,0.138058545864,0.0,0
2018-05-27 18:12:25.692,205.19,0.138058545864,0.0,0
2018-05-27 18:12:25.785,207.73,0.138058545864,0.0,0
2018-05-27 18:12:25.878,206.39,0.138058545864,0.0,0
2018-05-27 18:12:26.412,208.16,0.138058545864,0.0,0
2018-05-27 18:12:26.496,209.21,0.138058545864,0.0,0
2018-05-27 18:12:26.580,210.62,0.138058545864,0.0,0
2018-05-27 18:12:26.859,210.77,0.138058545864,0.0,0
2018-05-27 18:12:27.021,212.23,0.138058545864,0.0,0
2018-05-27 18:12:27.114,211.24,0.138058545864,0.0,0
2018-05-27 18:12:27.384,214.2,0.138058545864,0.0,0
2018-05-27 18:12:27.570,214.79,0.138058545864,0.0,0
2018-05-27 18:12:27.664,214.7,0.138058545864,0.0,0
2018-05-27 18:12:27.850,215.07,0.138058545864,0.0,0
2018-05-27 18:12:28.012,213.52,0.138058545864,0.0,0
2018-05-27 18:12:28.198,213.7,0.138058545864,0.0,0
2018-05-27 18:12:28.291,212.53,0.138058545864,0.0,0
2018-05-27 18:12:28.468,211.53,0.138058545864,0.0,0
2018-05-27 18:12:28.561,210.27,0.138058545864,0.0,0
2018-05-27 18:12:28.747,209.2,0.138058545864,0.0,0
2018-05-27 18:12:28.840,207.97,0.138058545864,0.0,0
2018-05-27 18:12:29.002,208.0,0.138058545864,0.0,0
2018-05-27 18:12:29.095,206.55,0.138058545864,0.0,0
2018-05-27 18:12:29.189,207.03,0.138058545864,0.0,0
2018-05-27 18:12:29.356,207.16,0.138058545864,0.0,0
2018-05-27 18:12:29.542,205.58,0.138058545864,0.0,0
2018-05-27 18:12:29.636,206.98,0.138058545864,0.0,0
2018-05-27 18:12:29.822,207.05,0.138058545864,0.0,0
2018-05-27 18:12:30.077,206.99,0.138058545864,0.0,0
2018-05-27 18:12:30.254,205.6,0.138058545864,0.0,0
2018-05-27 18:12:30.347,206.16,0.138058545864,0.0,0
2018-05-27 18:12:30.430,206.29,0.138058545864,0.0,0
2018-05-27 18:12:30.524,205.46,0.138058545864,0.0,0
2018-05-27 18:12:30.617,206.64,0.138058545864,0.0,0
2018-05-27 18:12:30.803,205.6,0.138058545864,0.0,0
2018-05-27 18:12:30.892,205.87,0.138058545864,0.0,0
2018-05-27 18:12:31.132,206.87,0.138058545864,0.0,0
2018-05-27 18:12:31.226,206.47,0.138058545864,0.0,0
2018-05-27 18:12:31.412,206.23,0.138058545864,0.0,0
2018-05-27 18:12:31.496,206.5,0.138058545864,0.0,0
2018-05-27 18:12:31.673,208.79,0.138058545864,0.0,0
2018-05-27 18:12:31.766,208.1,0.138058545864,0.0,0
2018-05-27 18:12:31.859,209.14,0.138058545864,0.0,0
2018-05-27 18:12:32.021,208.05,0.138058545864,0.0,0
2018-05-27 18:12:32.114,209.31,0.138058545864,0.0,0
2018-05-27 18:12:32.207,208.83,0.138058545864,0.0,0
2018-05-27 18:12:32.393,209.93,0.138058545864,0.0,0
2018-05-27 18:12:32.477,211.32,0.138058545864,0.0,0
2018-05-27 18:12:32.663,211.87,0.138058545864,0.0,0
2018-05-27 18:12:32.756,210.89,0.138058545864,0.0,0
2018-05-27 18:12:32.849,212.9,0.138058545864,0.0,0
2018-05-27 18:12:33.011,211.98,0.138058545864,0.0,0
2018-05-27 18:12:33.198,214.14,0.138058545864,0.0,0
2018-05-27 18:12:33.384,215.03,0.138058545864,0.0,0
2018-05-27 18:12:33.561,214.97,0.138058545864,0.0,0
2018-05-27 18:12:33.645,216.08,0.138058545864,0.0,0
2018-05-27 18:12:33.738,215.02,0.138058545864,0.0,0
2018-05-27 18:12:33.924,217.24,0.138058545864,0.0,0
2018-05-27 18:12:34.179,216.54,0.138058545864,0.0,0
2018-05-27 18:12:34.272,218.22,0.138058545864,0.0,0
2018-05-27 18:12:34.449,218.74,0.138058545864,0.0,0
2018-05-27 18:12:34.542,217.86,0.138058545864,0.0,0
2018-05-27 18:12:34.719,219.06,0.138058545864,0.0,0
2018-05-27 18:12:34.905,219.79,0.138058545864,0.0,0
2018-05-27 18:12:35.067,220.99,0.138058545864,0.0,0
2018-05-27 18:12:35.151,219.8,0.138058545864,0.0,0
2018-05-27 18:12:35.337,220.93,0.138058545864,0.0,0
2018-05-27 18:12:35.421,221.56,0.138058545864,0.0,0
2018-05-27 18:12:35.505,220.97,0.138058545864,0.0,0
2018-05-27 18:12:35.598,223.07,0.138058545864,0.0,0
2018-05-27 18:12:35.691,223.46,0.138058545864,0.0,0
2018-05-27 18:12:35.784,223.38,0.138058545864,0.0,0
2018-05-27 18:12:36.039,222.92,0.138058545864,0.0,0
2018-05-27 18:12:36.132,223.53,0.138058545864,0.0,0
2018-05-27 18:12:36.225,224.14,0.138058545864,0.0,0
2018-05-27 18:12:36.309,224.58,0.138058545864,0.0,0
2018-05-27 18:12:36.402,224.91,0.138058545864,0.0,0
2018-05-27 18:12:36.672,225.36,0.138058545864,0.0,0
2018-05-27 18:12:37.020,227.22,0.138058545864,0.0,0
2018-05-27 18:12:37.207,228.09,0.138058545864,0.0,0
2018-05-27 18:12:37.290,227.02,0.138058545864,0.0,0
2018-05-27 18:12:37.467,227.59,0.138058545864,0.0,0
2018-05-27 18:12:37.560,227.5,0.138058545864,0.0,0
2018-05-27 18:12:37.654,228.18,0.138058545864,0.0,0
2018-05-27 18:12:37.747,228.02,0.138058545864,0.0,0
2018-05-27 18:12:37.840,229.02,0.138058545864,0.0,0
2018-05-27 18:12:38.002,229.29,0.138058545864,0.0,0
2018-05-27 18:12:38.188,230.19,0.138058545864,0.0,0
2018-05-27 18:12:38.281,230.64,0.138058545864,0.0,0
2018-05-27 18:12:38.374,230.67,0.138058545864,0.0,0
2018-05-27 18:12:38.644,231.13,0.138058545864,0.0,0
2018-05-27 18:12:38.737,231.78,0.138058545864,0.0,0
2018-05-27 18:12:38.830,231.7,0.138058545864,0.0,0
2018-05-27 18:12:38.924,232.43,0.138058545864,0.0,0
2018-05-27 18:12:39.262,233.54,0.138058545864,0.0,0
2018-05-27 18:12:39.355,233.05,0.138058545864,0.0,0
2018-05-27 18:12:39.439,234.46,0.138058545864,0.0,0
2018-05-27 18:12:39.532,233.08,0.138058545864,0.0,0
2018-05-27 18:12:39.719,232.91,0.138058545864,0.0,0
2018-05-27 18:12:39.812,231.92,0.138058545864,0.0,0
2018-05-27 18:12:40.160,228.57,0.138058545864,0.0,0
2018-05-27 18:12:40.253,226.59,0.138058545864,0.0,0
2018-05-27 18:12:40.346,226.03,0.138058545864,0.0,0
2018-05-27 18:12:40.430,226.62,0.138058545864,0.0,0
2018-05-27 18:12:40.523,225.64,0.138058545864,0.0,0
2018-05-27 18:12:40.616,223.28,0.138058545864,0.0,0
2018-05-27 18:12:40.709,222.22,0.138058545864,0.0,0
2018-05-27 18:12:40.802,221.9,0.138058545864,0.0,0
2018-05-27 18:12:40.890,221.02,0.138058545864,0.0,0
2018-05-27 18:12:41.225,218.48,0.138058545864,0.0,0
2018-05-27 18:12:41.308,217.57,0.138058545864,0.0,0
2018-05-27 18:12:41.485,216.3,0.138058545864,0.0,0
2018-05-27 18:12:41.672,215.09,0.138058545864,0.0,0
2018-05-27 18:12:41.765,213.48,0.138058545864,0.0,0
2018-05-27 18:12:42.103,212.45,0.138058545864,0.0,0
2018-05-27 18:12:42.197,209.27,0.138058545864,0.0,0
2018-05-27 18:12:42.290,209.75,0.138058545864,0.0,0
2018-05-27 18:12:42.383,207.45,0.138058545864,0.0,0
2018-05-27 18:12:42.467,206.93,0.138058545864,0.0,0
2018-05-27 18:12:42.653,204.19,0.138058545864,0.0,0
2018-05-27 18:12:43.085,201.78,0.138058545864,0.0,0
2018-05-27 18:12:43.271,200.3,0.138058545864,0.0,0
2018-05-27 18:12:43.634,199.26,0.138058545864,0.0,0
2018-05-27 18:12:43.821,197.55,0.138058545864,0.0,0
2018-05-27 18:12:44.159,196.73,0.138058545864,0.0,0
2018-05-27 18:12:44.429,194.96,0.138058545864,0.0,0
2018-05-27 18:12:44.522,193.44,0.12504656064,0.0250000003725,0
2018-05-27 18:12:44.615,194.15,0.12504656064,0.0,0
2018-05-27 18:12:44.792,194.03,0.12504656064,0.0,0
2018-05-27 18:12:44.876,193.93,0.12504656064,0.0,0
2018-05-27 18:12:45.038,193.82,0.112810386877,0.0250000003725,0
2018-05-27 18:12:45.224,195.37,0.112810386877,0.0,0
2018-05-27 18:12:45.317,194.94,0.112810386877,0.0,0
2018-05-27 18:12:45.401,195.23,0.112810386877,0.0,0
2018-05-27 18:12:45.494,195.83,0.112810386877,0.0,0
2018-05-27 18:12:45.578,195.23,0.112810386877,0.0,0
2018-05-27 18:12:45.671,196.06,0.12504656064,0.0,0
2018-05-27 18:12:45.764,194.77,0.12504656064,0.0,0
2018-05-27 18:12:45.857,194.55,0.12504656064,0.0,0
2018-05-27 18:12:46.019,196.07,0.12504656064,0.0,0
2018-05-27 18:12:46.112,196.85,0.138058545864,0.0,0
2018-05-27 18:12:46.205,196.01,0.138058545864,0.0,0
2018-05-27 18:12:46.299,196.17,0.138058545864,0.0,0
2018-05-27 18:12:46.485,197.98,0.138058545864,0.0,0
2018-05-27 18:12:46.671,197.02,0.138058545864,0.0,0
2018-05-27 18:12:46.857,198.91,0.138058545864,0.0,0
2018-05-27 18:12:47.019,197.51,0.138058545864,0.0,0
2018-05-27 18:12:47.112,197.42,0.138058545864,0.0,0
2018-05-27 18:12:47.205,199.97,0.138058545864,0.0,0
2018-05-27 18:12:47.298,198.93,0.138058545864,0.0,0
2018-05-27 18:12:47.475,199.76,0.138058545864,0.0,0
2018-05-27 18:12:47.652,200.34,0.138058545864,0.0,0
2018-05-27 18:12:47.838,201.05,0.138058545864,0.0,0
2018-05-27 18:12:48.000,201.74,0.138058545864,0.0,0
2018-05-27 18:12:48.093,203.5,0.138058545864,0.0,0
2018-05-27 18:12:48.187,203.05,0.138058545864,0.0,0
2018-05-27 18:12:48.280,204.61,0.138058545864,0.0,0
2018-05-27 18:12:48.363,205.13,0.138058545864,0.0,0
2018-05-27 18:12:48.456,204.15,0.138058545864,0.0,0
2018-05-27 18:12:48.550,204.71,0.138058545864,0.0,0
2018-05-27 18:12:48.643,206.27,0.138058545864,0.0,0
2018-05-27 18:12:48.736,205.23,0.138058545864,0.0,0
2018-05-27 18:12:48.829,207.37,0.138058545864,0.0,0
2018-05-27 18:12:49.355,202.32,0.138058545864,0.0,0
2018-05-27 18:12:49.726,200.49,0.138058545864,0.0,0
2018-05-27 18:12:49.913,196.54,0.138058545864,0.0,0
2018-05-27 18:12:50.168,197.96,0.138058545864,0.0,0
2018-05-27 18:12:50.346,195.49,0.138058545864,0.0,0
2018-05-27 18:12:50.531,193.57,0.12504656064,0.0250000003725,0
2018-05-27 18:12:50.717,194.41,0.12504656064,0.0,0
2018-05-27 18:12:50.810,193.46,0.112810386877,0.0250000003725,0
2018-05-27 18:12:51.065,192.04,0.101339266172,0.0250000003725,0
2018-05-27 18:12:51.158,192.29,0.0906213267703,0.0250000003725,0
2018-05-27 18:12:51.336,191.92,0.0906213267703,0.0,0
2018-05-27 18:12:51.428,192.88,0.0806434671136,0.0250000003725,0
2018-05-27 18:12:51.521,194.09,0.0806434671136,0.0,0
2018-05-27 18:12:51.614,194.23,0.0806434671136,0.0,0
2018-05-27 18:12:51.889,194.18,0.0806434671136,0.0,0
2018-05-27 18:12:52.130,194.86,0.0906213267703,0.0,0
2018-05-27 18:12:52.224,195.42,0.0906213267703,0.0,0
2018-05-27 18:12:52.391,196.76,0.101339266172,0.0,0
2018-05-27 18:12:52.484,195.73,0.112810386877,0.0,0
2018-05-27 18:12:52.577,195.93,0.12504656064,0.0,0
2018-05-27 18:12:52.670,197.1,0.12504656064,0.0,0
2018-05-27 18:12:52.856,196.64,0.138058545864,0.0,0
2018-05-27 18:12:53.018,197.16,0.138058545864,0.0,0
2018-05-27 18:12:53.102,197.65,0.138058545864,0.0,0
2018-05-27 18:12:53.195,197.75,0.138058545864,0.0,0
2018-05-27 18:12:53.381,198.03,0.138058545864,0.0,0
2018-05-27 18:12:53.465,200.03,0.138058545864,0.0,0
2018-05-27 18:12:53.558,198.94,0.138058545864,0.0,0
2018-05-27 18:12:53.745,200.72,0.138058545864,0.0,0
2018-05-27 18:12:53.834,200.94,0.138058545864,0.0,0
2018-05-27 18:12:53.931,199.94,0.138058545864,0.0,0
2018-05-27 18:12:54.093,201.75,0.138058545864,0.0,0
2018-05-27 18:12:54.186,200.02,0.138058545864,0.0,0
2018-05-27 18:12:54.297,201.09,0.138058545864,0.0,0
2018-05-27 18:12:54.391,202.76,0.138058545864,0.0,0
2018-05-27 18:12:54.567,202.46,0.138058545864,0.0,0
2018-05-27 18:12:54.661,202.08,0.138058545864,0.0,0
2018-05-27 18:12:54.754,204.5,0.138058545864,0.0,0
2018-05-27 18:12:54.847,204.34,0.138058545864,0.0,0
2018-05-27 18:12:55.000,204.69,0.138058545864,0.0,0
2018-05-27 18:12:55.279,205.65,0.138058545864,0.0,0
2018-05-27 18:12:55.549,206.6,0.138058545864,0.0,0
2018-05-27 18:12:55.819,208.42,0.138058545864,0.0,0
2018-05-27 18:12:55.912,209.05,0.138058545864,0.0,0
2018-05-27 18:12:56.074,209.48,0.138058545864,0.0,0
2018-05-27 18:12:56.167,209.71,0.138058545864,0.0,0
2018-05-27 18:12:56.260,211.61,0.138058545864,0.0,0
2018-05-27 18:12:56.353,210.25,0.138058545864,0.0,0
2018-05-27 18:12:56.437,211.26,0.138058545864,0.0,0
2018-05-27 18:12:56.530,212.74,0.138058545864,0.0,0
2018-05-27 18:12:56.614,212.66,0.138058545864,0.0,0
2018-05-27 18:12:56.726,213.05,0.138058545864,0.0,0
2018-05-27 18:12:56.819,213.15,0.138058545864,0.0,0
2018-05-27 18:12:57.074,213.26,0.138058545864,0.0,0
2018-05-27 18:12:57.167,214.69,0.138058545864,0.0,0
2018-05-27 18:12:57.260,215.71,0.138058545864,0.0,0
2018-05-27 18:12:57.353,215.45,0.138058545864,0.0,0
2018-05-27 18:12:57.521,216.52,0.138058545864,0.0,0
2018-05-27 18:12:57.614,215.76,0.138058545864,0.0,0
2018-05-27 18:12:57.697,216.79,0.138058545864,0.0,0
2018-05-27 18:12:57.791,217.23,0.138058545864,0.0,0
2018-05-27 18:12:57.856,217.14,0.138058545864,0.0,0
2018-05-27 18:12:58.036,216.72,0.138058545864,0.0,0
2018-05-27 18:12:58.316,218.18,0.138058545864,0.0,0
2018-05-27 18:12:58.586,219.37,0.138058545864,0.0,0
2018-05-27 18:12:58.679,220.82,0.138058545864,0.0,0
2018-05-27 18:12:58.772,220.22,0.138058545864,0.0,0
2018-05-27 18:12:58.856,221.17,0.138058545864,0.0,0
2018-05-27 18:12:59.017,221.22,0.138058545864,0.0,0
2018-05-27 18:12:59.111,220.93,0.138058545864,0.0,0
2018-05-27 18:12:59.297,222.78,0.138058545864,0.0,0
2018-05-27 18:12:59.381,222.15,0.138058545864,0.0,0
2018-05-27 18:12:59.567,224.21,0.138058545864,0.0,0
2018-05-27 18:12:59.651,223.23,0.138058545864,0.0,0
2018-05-27 18:12:59.744,223.65,0.138058545864,0.0,0
2018-05-27 18:12:59.930,225.16,0.138058545864,0.0,0
2018-05-27 18:13:00.092,225.02,0.138058545864,0.0,0
2018-05-27 18:13:00.185,224.49,0.138058545864,0.0,0
2018-05-27 18:13:00.362,225.85,0.138058545864,0.0,0
2018-05-27 18:13:00.632,226.42,0.138058545864,0.0,0
2018-05-27 18:13:00.911,225.76,0.138058545864,0.0,0
2018-05-27 18:13:01.622,228.3,0.138058545864,0.0,0
2018-05-27 18:13:01.809,228.18,0.138058545864,0.0,0
2018-05-27 18:13:02.157,228.82,0.138058545864,0.0,0
2018-05-27 18:13:02.250,229.73,0.138058545864,0.0,0
2018-05-27 18:13:02.706,225.66,0.138058545864,0.0,0
2018-05-27 18:13:02.888,222.55,0.138058545864,0.0,0
2018-05-27 18:13:03.306,219.59,0.138058545864,0.0,0
2018-05-27 18:13:03.483,217.42,0.138058545864,0.0,0
2018-05-27 18:13:03.576,216.69,0.138058545864,0.0,0
2018-05-27 18:13:03.669,216.33,0.138058545864,0.0,0
2018-05-27 18:13:03.762,214.1,0.138058545864,0.0,0
2018-05-27 18:13:03.855,213.03,0.138058545864,0.0,0
2018-05-27 18:13:04.026,212.21,0.138058545864,0.0,0
2018-05-27 18:13:04.203,211.58,0.138058545864,0.0,0
2018-05-27 18:13:04.473,208.39,0.138058545864,0.0,0
2018-05-27 18:13:04.566,206.25,0.138058545864,0.0,0
2018-05-27 18:13:04.659,207.0,0.138058545864,0.0,0
2018-05-27 18:13:04.846,205.62,0.138058545864,0.0,0
2018-05-27 18:13:05.184,202.57,0.138058545864,0.0,0
2018-05-27 18:13:05.361,202.31,0.138058545864,0.0,0
2018-05-27 18:13:05.454,201.14,0.138058545864,0.0,0
2018-05-27 18:13:05.548,200.86,0.138058545864,0.0,0
2018-05-27 18:13:05.641,201.12,0.138058545864,0.0,0
2018-05-27 18:13:05.827,200.2,0.138058545864,0.0,0
2018-05-27 18:13:06.166,201.07,0.138058545864,0.0,0
2018-05-27 18:13:06.343,199.59,0.138058545864,0.0,0
2018-05-27 18:13:06.529,200.52,0.138058545864,0.0,0
2018-05-27 18:13:06.715,198.89,0.138058545864,0.0,0
2018-05-27 18:13:06.808,199.22,0.138058545864,0.0,0
2018-05-27 18:13:07.240,199.25,0.138058545864,0.0,0
2018-05-27 18:13:07.333,201.01,0.138058545864,0.0,0
2018-05-27 18:13:07.519,200.04,0.138058545864,0.0,0
2018-05-27 18:13:07.706,200.31,0.138058545864,0.0,0
2018-05-27 18:13:08.035,201.25,0.138058545864,0.0,0
2018-05-27 18:13:08.128,203.0,0.138058545864,0.0,0
2018-05-27 18:13:08.221,202.08,0.138058545864,0.0,0
2018-05-27 18:13:08.314,201.84,0.138058545864,0.0,0
2018-05-27 18:13:08.575,203.14,0.138058545864,0.0,0
2018-05-27 18:13:08.668,202.86,0.138058545864,0.0,0
2018-05-27 18:13:08.854,204.49,0.138058545864,0.0,0
2018-05-27 18:13:09.473,206.14,0.138058545864,0.0,0
2018-05-27 18:13:09.649,206.17,0.138058545864,0.0,0
2018-05-27 18:13:10.184,209.49,0.138058545864,0.0,0
2018-05-27 18:13:10.277,209.08,0.138058545864,0.0,0
2018-05-27 18:13:10.454,210.54,0.138058545864,0.0,0
2018-05-27 18:13:10.733,210.81,0.138058545864,0.0,0
2018-05-27 18:13:10.826,211.38,0.138058545864,0.0,0
2018-05-27 18:13:10.920,213.55,0.138058545864,0.0,0
2018-05-27 18:13:11.174,213.49,0.138058545864,0.0,0
2018-05-27 18:13:11.354,212.37,0.138058545864,0.0,0
2018-05-27 18:13:11.444,211.68,0.138058545864,0.0,0
2018-05-27 18:13:11.724,210.91,0.138058545864,0.0,0
2018-05-27 18:13:11.910,209.5,0.138058545864,0.0,0
2018-05-27 18:13:12.072,207.93,0.138058545864,0.0,0
2018-05-27 18:13:12.621,207.5,0.138058545864,0.0,0
2018-05-27 18:13:12.714,206.21,0.138058545864,0.0,0
2018-05-27 18:13:12.901,205.3,0.138058545864,0.0,0
2018-05-27 18:13:13.240,206.26,0.138058545864,0.0,0
2018-05-27 18:13:13.333,207.08,0.138058545864,0.0,0
2018-05-27 18:13:13.426,206.33,0.138058545864,0.0,0
2018-05-27 18:13:13.519,206.51,0.138058545864,0.0,0
2018-05-27 18:13:13.612,207.78,0.138058545864,0.0,0
2018-05-27 18:13:13.705,206.97,0.138058545864,0.0,0
2018-05-27 18:13:13.793,206.51,0.138058545864,0.0,0
2018-05-27 18:13:13.882,207.85,0.138058545864,0.0,0
2018-05-27 18:13:14.035,208.27,0.138058545864,0.0,0
2018-05-27 18:13:14.128,206.98,0.138058545864,0.0,0
2018-05-27 18:13:14.304,208.43,0.138058545864,0.0,0
2018-05-27 18:13:14.388,207.07,0.138058545864,0.0,0
2018-05-27 18:13:14.481,207.37,0.138058545864,0.0,0
2018-05-27 18:13:14.574,208.22,0.138058545864,0.0,0
2018-05-27 18:13:14.668,207.73,0.138058545864,0.0,0
2018-05-27 18:13:14.761,208.71,0.138058545864,0.0,0
2018-05-27 18:13:14.854,208.53,0.138058545864,0.0,0
2018-05-27 18:13:15.016,208.63,0.138058545864,0.0,0
2018-05-27 18:13:15.109,208.98,0.138058545864,0.0,0
2018-05-27 18:13:15.202,209.0,0.138058545864,0.0,0
2018-05-27 18:13:15.286,208.71,0.138058545864,0.0,0
2018-05-27 18:13:15.379,211.03,0.138058545864,0.0,0
2018-05-27 18:13:15.463,211.22,0.138058545864,0.0,0
2018-05-27 18:13:15.556,209.83,0.138058545864,0.0,0
2018-05-27 18:13:15.649,211.04,0.138058545864,0.0,0
2018-05-27 18:13:15.742,210.13,0.138058545864,0.0,0
2018-05-27 18:13:15.928,211.17,0.138058545864,0.0,0
2018-05-27 18:13:16.174,211.23,0.138058545864,0.0,0
2018-05-27 18:13:16.267,213.27,0.138058545864,0.0,0
2018-05-27 18:13:16.360,212.36,0.138058545864,0.0,0
2018-05-27 18:13:16.444,212.92,0.138058545864,0.0,0
2018-05-27 18:13:16.630,215.36,0.138058545864,0.0,0
2018-05-27 18:13:16.723,214.1,0.138058545864,0.0,0
2018-05-27 18:13:16.910,216.24,0.138058545864,0.0,0
2018-05-27 18:13:17.062,217.03,0.138058545864,0.0,0
2018-05-27 18:13:17.155,216.89,0.138058545864,0.0,0
2018-05-27 18:13:17.333,216.37,0.138058545864,0.0,0
2018-05-27 18:13:17.425,217.75,0.138058545864,0.0,0
2018-05-27 18:13:17.611,218.0,0.138058545864,0.0,0
2018-05-27 18:13:17.704,218.04,0.138058545864,0.0,0
2018-05-27 18:13:17.886,218.54,0.138058545864,0.0,0
2018-05-27 18:13:18.043,219.59,0.138058545864,0.0,0
2018-05-27 18:13:18.127,219.86,0.138058545864,0.0,0
2018-05-27 18:13:18.220,219.81,0.138058545864,0.0,0
2018-05-27 18:13:18.406,220.94,0.138058545864,0.0,0
2018-05-27 18:13:18.490,221.58,0.138058545864,0.0,0
2018-05-27 18:13:18.584,221.9,0.138058545864,0.0,0
2018-05-27 18:13:18.667,222.55,0.138058545864,0.0,0
2018-05-27 18:13:18.760,223.27,0.138058545864,0.0,0
2018-05-27 18:13:19.015,222.8,0.138058545864,0.0,0
2018-05-27 18:13:19.108,223.04,0.138058545864,0.0,0
2018-05-27 18:13:19.201,223.76,0.138058545864,0.0,0
2018-05-27 18:13:19.388,225.65,0.138058545864,0.0,0
2018-05-27 18:13:19.481,225.25,0.138058545864,0.0,0
2018-05-27 18:13:19.574,224.85,0.138058545864,0.0,0
2018-05-27 18:13:19.658,225.99,0.138058545864,0.0,0
2018-05-27 18:13:19.751,225.71,0.138058545864,0.0,0
2018-05-27 18:13:19.844,225.9,0.138058545864,0.0,0
2018-05-27 18:13:20.006,225.55,0.138058545864,0.0,0
2018-05-27 18:13:20.099,225.89,0.138058545864,0.0,0
2018-05-27 18:13:20.192,226.57,0.138058545864,0.0,0
2018-05-27 18:13:20.285,227.09,0.138058545864,0.0,0
2018-05-27 18:13:20.369,227.9,0.138058545864,0.0,0
2018-05-27 18:13:20.462,227.18,0.138058545864,0.0,0
2018-05-27 18:13:20.546,229.07,0.138058545864,0.0,0
2018-05-27 18:13:20.732,230.03,0.138058545864,0.0,0
2018-05-27 18:13:20.918,230.71,0.138058545864,0.0,0
2018-05-27 18:13:21.080,230.44,0.138058545864,0.0,0
2018-05-27 18:13:21.174,230.59,0.138058545864,0.0,0
2018-05-27 18:13:21.266,230.43,0.138058545864,0.0,0
2018-05-27 18:13:21.909,232.57,0.138058545864,0.0,0
2018-05-27 18:13:22.164,233.73,0.138058545864,0.0,0
2018-05-27 18:13:22.350,233.85,0.138058545864,0.0,0
2018-05-27 18:13:22.434,235.38,0.138058545864,0.0,0
2018-05-27 18:13:22.620,235.56,0.138058545864,0.0,0
2018-05-27 18:13:22.713,235.45,0.138058545864,0.0,0
2018-05-27 18:13:22.899,234.47,0.138058545864,0.0,0
2018-05-27 18:13:23.061,234.24,0.138058545864,0.0,0
2018-05-27 18:13:23.154,234.73,0.138058545864,0.0,0
2018-05-27 18:13:23.248,235.03,0.138058545864,0.0,0
2018-05-27 18:13:23.332,236.37,0.138058545864,0.0,0
2018-05-27 18:13:23.424,235.24,0.138058545864,0.0,0
2018-05-27 18:13:23.518,235.09,0.138058545864,0.0,0
2018-05-27 18:13:23.611,234.92,0.138058545864,0.0,0
2018-05-27 18:13:23.704,235.34,0.138058545864,0.0,0
2018-05-27 18:13:23.885,235.62,0.138058545864,0.0,0
2018-05-27 18:13:24.043,235.66,0.138058545864,0.0,0
2018-05-27 18:13:24.210,234.7,0.138058545864,0.0,0
2018-05-27 18:13:24.387,236.12,0.138058545864,0.0,0
2018-05-27 18:13:24.480,235.33,0.138058545864,0.0,0
2018-05-27 18:13:24.666,231.43,0.138058545864,0.0,0
2018-05-27 18:13:24.853,227.29,0.138058545864,0.0,0
2018-05-27 18:13:25.098,221.42,0.138058545864,0.0,0
2018-05-27 18:13:25.285,214.59,0.138058545864,0.0,0
2018-05-27 18:13:25.378,213.05,0.138058545864,0.0,0
2018-05-27 18:13:25.462,210.76,0.138058545864,0.0,0
2018-05-27 18:13:25.555,207.14,0.138058545864,0.0,0
2018-05-27 18:13:25.648,206.46,0.138058545864,0.0,0
2018-05-27 18:13:26.173,195.74,0.138058545864,0.0,0
2018-05-27 18:13:26.443,193.28,0.12504656064,0.0250000003725,0
2018-05-27 18:13:26.722,191.33,0.112810386877,0.0250000003725,0
2018-05-27 18:13:26.899,190.92,0.101339266172,0.0250000003725,0
2018-05-27 18:13:27.061,190.23,0.0906213267703,0.0250000003725,0
2018-05-27 18:13:27.238,188.63,0.0713912319113,0.0500000007451,0
2018-05-27 18:13:27.331,189.22,0.0628486823466,0.0250000003725,0
2018-05-27 18:13:27.424,189.77,0.054998263009,0.0250000003725,0
2018-05-27 18:13:27.610,189.74,0.0478206693574,0.0250000003725,0
2018-05-27 18:13:27.871,188.58,0.0412947210195,0.0250000003725,0
2018-05-27 18:13:28.033,188.52,0.0301030005602,0.0500000007451,0
2018-05-27 18:13:28.219,189.05,0.0301030005602,0.0250000003725,0
2018-05-27 18:13:28.313,189.67,0.0301030005602,0.0250000003725,0
2018-05-27 18:13:28.396,189.91,0.0301030005602,0.0250000003725,0
2018-05-27 18:13:28.480,190.77,0.0301030005602,0.0250000003725,0
2018-05-27 18:13:28.573,190.22,0.0353972479932,0.0250000003725,0
2018-05-27 18:13:28.666,190.08,0.0412947210195,0.0,0
2018-05-27 18:13:28.759,191.02,0.0412947210195,0.0250000003725,0
2018-05-27 18:13:28.852,191.54,0.0412947210195,0.0250000003725,0
2018-05-27 18:13:29.005,191.12,0.0412947210195,0.0250000003725,0
2018-05-27 18:13:29.191,192.12,0.054998263009,0.0,0
2018-05-27 18:13:29.284,193.9,0.0628486823466,0.0,0
2018-05-27 18:13:29.368,192.62,0.0713912319113,0.0,0
2018-05-27 18:13:29.461,193.06,0.0806434671136,0.0,0
2018-05-27 18:13:29.647,195.09,0.0906213267703,0.0,0
2018-05-27 18:13:29.740,193.6,0.101339266172,0.0,0
2018-05-27 18:13:29.917,194.12,0.101339266172,0.0,0
2018-05-27 18:13:30.172,195.19,0.112810386877,0.0,0
2018-05-27 18:13:30.349,195.44,0.12504656064,0.0,0
2018-05-27 18:13:30.442,196.56,0.138058545864,0.0,0
2018-05-27 18:13:30.536,195.81,0.138058545864,0.0,0
2018-05-27 18:13:30.723,196.62,0.138058545864,0.0,0
2018-05-27 18:13:30.806,196.74,0.138058545864,0.0,0
2018-05-27 18:13:30.899,198.15,0.138058545864,0.0,0
2018-05-27 18:13:31.060,198.61,0.138058545864,0.0,0
2018-05-27 18:13:31.154,197.22,0.138058545864,0.0,0
2018-05-27 18:13:31.247,195.35,0.138058545864,0.0,0
2018-05-27 18:13:31.340,195.56,0.138058545864,0.0,0
2018-05-27 18:13:31.424,194.23,0.138058545864,0.0,0
2018-05-27 18:13:31.517,193.71,0.138058545864,0.0,0
2018-05-27 18:13:31.610,193.87,0.138058545864,0.0,0
2018-05-27 18:13:31.694,192.07,0.138058545864,0.0,0
2018-05-27 18:13:31.777,191.61,0.138058545864,0.0,0
2018-05-27 18:13:32.032,190.57,0.138058545864,0.0,0
2018-05-27 18:13:32.126,191.68,0.138058545864,0.0,0
2018-05-27 18:13:32.219,191.0,0.138058545864,0.0,0
2018-05-27 18:13:32.489,191.51,0.138058545864,0.0,0
2018-05-27 18:13:32.666,191.68,0.138058545864,0.0,0
2018-05-27 18:13:33.014,193.12,0.138058545864,0.0,0
2018-05-27 18:13:33.377,193.34,0.138058545864,0.0,0
2018-05-27 18:13:33.647,193.78,0.138058545864,0.0,0
2018-05-27 18:13:33.740,195.45,0.138058545864,0.0,0
2018-05-27 18:13:33.926,194.91,0.138058545864,0.0,0
2018-05-27 18:13:34.172,194.58,0.138058545864,0.0,0
2018-05-27 18:13:34.265,194.71,0.138058545864,0.0,0
2018-05-27 18:13:34.358,195.68,0.138058545864,0.0,0
2018-05-27 18:13:34.535,195.61,0.138058545864,0.0,0
2018-05-27 18:13:34.722,195.37,0.138058545864,0.0,0
2018-05-27 18:13:34.815,195.62,0.138058545864,0.0,0
2018-05-27 18:13:35.153,195.21,0.138058545864,0.0,0
2018-05-27 18:13:35.246,195.65,0.138058545864,0.0,0
2018-05-27 18:13:35.423,195.74,0.138058545864,0.0,0
2018-05-27 18:13:35.516,195.49,0.138058545864,0.0,0
2018-05-27 18:13:35.609,193.69,0.138058545864,0.0,0
2018-05-27 18:13:35.703,194.99,0.138058545864,0.0,0
2018-05-27 18:13:35.786,194.24,0.138058545864,0.0,0
2018-05-27 18:13:35.870,196.24,0.138058545864,0.0,0
2018-05-27 18:13:36.032,195.39,0.138058545864,0.0,0
2018-05-27 18:13:36.125,195.06,0.138058545864,0.0,0
2018-05-27 18:13:36.209,196.42,0.138058545864,0.0,0
2018-05-27 18:13:36.377,197.76,0.138058545864,0.0,0
2018-05-27 18:13:36.563,196.01,0.138058545864,0.0,0
2018-05-27 18:13:36.656,197.96,0.138058545864,0.0,0
2018-05-27 18:13:36.842,198.47,0.138058545864,0.0,0
2018-05-27 18:13:37.004,198.6,0.138058545864,0.0,0
2018-05-27 18:13:37.097,199.73,0.138058545864,0.0,0
2018-05-27 18:13:37.190,198.63,0.138058545864,0.0,0
2018-05-27 18:13:37.283,199.57,0.138058545864,0.0,0
2018-05-27 18:13:37.367,199.43,0.138058545864,0.0,0
2018-05-27 18:13:37.460,201.59,0.138058545864,0.0,0
2018-05-27 18:13:37.647,200.68,0.138058545864,0.0,0
2018-05-27 18:13:37.740,201.89,0.138058545864,0.0,0
2018-05-27 18:13:37.926,201.54,0.138058545864,0.0,0
2018-05-27 18:13:38.181,202.88,0.138058545864,0.0,0
2018-05-27 18:13:38.274,204.54,0.138058545864,0.0,0
2018-05-27 18:13:38.451,205.4,0.138058545864,0.0,0
2018-05-27 18:13:38.637,206.51,0.138058545864,0.0,0
2018-05-27 18:13:38.730,205.84,0.138058545864,0.0,0
2018-05-27 18:13:38.823,206.99,0.138058545864,0.0,0
2018-05-27 18:13:39.078,208.57,0.138058545864,0.0,0
2018-05-27 18:13:39.171,207.29,0.138058545864,0.0,0
2018-05-27 18:13:39.348,209.69,0.138058545864,0.0,0
2018-05-27 18:13:39.441,209.23,0.138058545864,0.0,0
2018-05-27 18:13:39.535,210.67,0.138058545864,0.0,0
2018-05-27 18:13:39.628,209.59,0.138058545864,0.0,0
2018-05-27 18:13:40.069,211.86,0.138058545864,0.0,0
2018-05-27 18:13:40.339,213.85,0.138058545864,0.0,0
2018-05-27 18:13:40.525,213.74,0.138058545864,0.0,0
2018-05-27 18:13:40.618,215.36,0.138058545864,0.0,0
2018-05-27 18:13:40.712,213.97,0.138058545864,0.0,0
2018-05-27 18:13:40.890,214.98,0.138058545864,0.0,0
2018-05-27 18:13:41.050,217.25,0.138058545864,0.0,0
2018-05-27 18:13:41.143,215.96,0.138058545864,0.0,0
2018-05-27 18:13:41.236,216.22,0.138058545864,0.0,0
2018-05-27 18:13:41.330,218.35,0.138058545864,0.0,0
2018-05-27 18:13:41.423,217.81,0.138058545864,0.0,0
2018-05-27 18:13:41.607,218.19,0.138058545864,0.0,0
2018-05-27 18:13:41.702,218.46,0.138058545864,0.0,0
2018-05-27 18:13:41.888,218.31,0.138058545864,0.0,0
2018-05-27 18:13:42.125,220.5,0.138058545864,0.0,0
2018-05-27 18:13:42.218,218.88,0.138058545864,0.0,0
2018-05-27 18:13:42.572,220.43,0.138058545864,0.0,0
2018-05-27 18:13:42.665,220.58,0.138058545864,0.0,0
2018-05-27 18:13:42.758,221.25,0.138058545864,0.0,0
2018-05-27 18:13:43.106,221.71,0.138058545864,0.0,0
2018-05-27 18:13:43.190,222.9,0.138058545864,0.0,0
2018-05-27 18:13:43.283,222.89,0.138058545864,0.0,0
2018-05-27 18:13:43.460,224.22,0.138058545864,0.0,0
2018-05-27 18:13:43.553,223.3,0.138058545864,0.0,0
2018-05-27 18:13:43.646,223.85,0.138058545864,0.0,0
2018-05-27 18:13:43.832,224.1,0.138058545864,0.0,0
2018-05-27 18:13:44.357,226.08,0.138058545864,0.0,0
2018-05-27 18:13:44.534,224.8,0.138058545864,0.0,0
2018-05-27 18:13:44.720,226.17,0.138058545864,0.0,0
2018-05-27 18:13:45.329,226.1,0.138058545864,0.0,0
2018-05-27 18:13:45.422,227.38,0.138058545864,0.0,0
2018-05-27 18:13:45.515,227.59,0.138058545864,0.0,0
2018-05-27 18:13:46.031,226.8,0.138058545864,0.0,0
2018-05-27 18:13:46.217,227.15,0.138058545864,0.0,0
2018-05-27 18:13:46.571,230.1,0.138058545864,0.0,0
2018-05-27 18:13:46.758,230.01,0.138058545864,0.0,0
2018-05-27 18:13:47.012,230.3,0.138058545864,0.0,0
2018-05-27 18:13:47.292,225.47,0.138058545864,0.0,0
2018-05-27 18:13:47.748,219.68,0.138058545864,0.0,0
2018-05-27 18:13:47.841,220.37,0.138058545864,0.0,0
2018-05-27 18:13:48.283,216.2,0.138058545864,0.0,0
2018-05-27 18:13:48.376,213.42,0.138058545864,0.0,0
2018-05-27 18:13:48.459,212.2,0.138058545864,0.0,0
2018-05-27 18:13:48.552,211.91,0.138058545864,0.0,0
2018-05-27 18:13:48.646,212.02,0.138058545864,0.0,0
2018-05-27 18:13:48.739,209.76,0.138058545864,0.0,0
2018-05-27 18:13:49.087,210.19,0.138058545864,0.0,0
2018-05-27 18:13:49.273,210.37,0.138058545864,0.0,0
2018-05-27 18:13:49.450,207.98,0.138058545864,0.0,0
2018-05-27 18:13:49.823,206.43,0.138058545864,0.0,0
2018-05-27 18:13:50.441,207.78,0.138058545864,0.0,0
2018-05-27 18:13:50.906,207.69,0.138058545864,0.0,0
2018-05-27 18:13:51.068,206.15,0.138058545864,0.0,0
2018-05-27 18:13:51.254,206.11,0.138058545864,0.0,0
2018-05-27 18:13:51.524,206.04,0.138058545864,0.0,0
2018-05-27 18:13:51.711,205.66,0.138058545864,0.0,0
2018-05-27 18:13:52.138,206.62,0.138058545864,0.0,0
2018-05-27 18:13:52.580,210.2,0.138058545864,0.0,0
2018-05-27 18:13:52.757,209.62,0.138058545864,0.0,0
2018-05-27 18:13:53.273,212.3,0.138058545864,0.0,0
2018-05-27 18:13:53.450,213.34,0.138058545864,0.0,0
2018-05-27 18:13:53.544,214.19,0.138058545864,0.0,0
2018-05-27 18:13:53.637,214.0,0.138058545864,0.0,0
2018-05-27 18:13:53.720,213.56,0.138058545864,0.0,0
2018-05-27 18:13:54.431,215.54,0.138058545864,0.0,0
2018-05-27 18:13:54.524,214.44,0.138058545864,0.0,0
2018-05-27 18:13:54.710,213.32,0.138058545864,0.0,0
2018-05-27 18:13:55.049,212.6,0.138058545864,0.0,0
2018-05-27 18:13:55.142,211.2,0.138058545864,0.0,0
2018-05-27 18:13:55.329,211.3,0.138058545864,0.0,0
2018-05-27 18:13:55.515,210.92,0.138058545864,0.0,0
2018-05-27 18:13:55.791,210.78,0.138058545864,0.0,0
2018-05-27 18:13:56.030,208.98,0.138058545864,0.0,0
2018-05-27 18:13:56.217,208.83,0.138058545864,0.0,0
2018-05-27 18:13:56.310,211.01,0.138058545864,0.0,0
2018-05-27 18:13:56.394,209.66,0.138058545864,0.0,0
2018-05-27 18:13:56.487,210.47,0.138058545864,0.0,0
2018-05-27 18:13:56.571,211.35,0.138058545864,0.0,0
2018-05-27 18:13:56.664,209.95,0.138058545864,0.0,0
2018-05-27 18:13:57.012,211.3,0.138058545864,0.0,0
2018-05-27 18:13:57.105,210.27,0.138058545864,0.0,0
2018-05-27 18:13:57.198,212.0,0.138058545864,0.0,0
2018-05-27 18:13:57.292,210.31,0.138058545864,0.0,0
2018-05-27 18:13:57.384,210.96,0.138058545864,0.0,0
2018-05-27 18:13:57.552,211.56,0.138058545864,0.0,0
2018-05-27 18:13:57.738,211.42,0.138058545864,0.0,0
2018-05-27 18:13:57.831,212.37,0.138058545864,0.0,0
2018-05-27 18:13:58.086,211.42,0.138058545864,0.0,0
2018-05-27 18:13:58.179,213.04,0.138058545864,0.0,0
2018-05-27 18:13:58.357,211.41,0.138058545864,0.0,0
2018-05-27 18:13:58.449,212.27,0.138058545864,0.0,0
2018-05-27 18:13:58.543,213.26,0.138058545864,0.0,0
2018-05-27 18:13:58.636,212.59,0.138058545864,0.0,0
2018-05-27 18:13:58.729,214.11,0.138058545864,0.0,0
2018-05-27 18:13:58.822,213.43,0.138058545864,0.0,0
2018-05-27 18:13:58.915,213.75,0.138058545864,0.0,0
2018-05-27 18:13:59.077,214.89,0.138058545864,0.0,0
2018-05-27 18:13:59.170,214.38,0.138058545864,0.0,0
2018-05-27 18:13:59.263,216.06,0.138058545864,0.0,0
2018-05-27 18:13:59.348,214.79,0.138058545864,0.0,0
2018-05-27 18:13:59.450,215.87,0.138058545864,0.0,0
2018-05-27 18:13:59.542,217.12,0.138058545864,0.0,0
2018-05-27 18:13:59.636,217.63,0.138058545864,0.0,0
2018-05-27 18:13:59.729,217.03,0.138058545864,0.0,0
2018-05-27 18:14:00.170,217.01,0.138058545864,0.0,0
2018-05-27 18:14:00.263,218.42,0.138058545864,0.0,0
2018-05-27 18:14:00.347,217.96,0.138058545864,0.0,0
2018-05-27 18:14:00.441,219.79,0.138058545864,0.0,0
2018-05-27 18:14:00.524,219.27,0.138058545864,0.0,0
2018-05-27 18:14:00.617,220.46,0.138058545864,0.0,0
2018-05-27 18:14:00.710,219.42,0.138058545864,0.0,0
2018-05-27 18:14:00.803,219.37,0.138058545864,0.0,0
2018-05-27 18:14:00.896,220.72,0.138058545864,0.0,0
2018-05-27 18:14:01.058,221.91,0.138058545864,0.0,0
2018-05-27 18:14:01.151,221.13,0.138058545864,0.0,0
2018-05-27 18:14:01.244,220.51,0.138058545864,0.0,0
2018-05-27 18:14:01.421,221.46,0.138058545864,0.0,0
2018-05-27 18:14:01.514,221.4,0.138058545864,0.0,0
2018-05-27 18:14:01.701,223.98,0.138058545864,0.0,0
2018-05-27 18:14:01.882,224.39,0.138058545864,0.0,0
2018-05-27 18:14:02.039,224.94,0.138058545864,0.0,0
2018-05-27 18:14:02.123,223.9,0.138058545864,0.0,0
2018-05-27 18:14:02.300,223.95,0.138058545864,0.0,0
2018-05-27 18:14:02.384,225.83,0.138058545864,0.0,0
2018-05-27 18:14:02.477,226.05,0.138058545864,0.0,0
2018-05-27 18:14:02.570,225.39,0.138058545864,0.0,0
2018-05-27 18:14:02.663,224.81,0.138058545864,0.0,0
2018-05-27 18:14:02.756,224.7,0.138058545864,0.0,0
2018-05-27 18:14:02.850,225.64,0.138058545864,0.0,0
2018-05-27 18:14:03.011,226.16,0.138058545864,0.0,0
2018-05-27 18:14:03.105,226.97,0.138058545864,0.0,0
2018-05-27 18:14:03.188,226.67,0.138058545864,0.0,0
2018-05-27 18:14:03.281,226.44,0.138058545864,0.0,0
2018-05-27 18:14:03.375,227.14,0.138058545864,0.0,0
2018-05-27 18:14:03.468,227.54,0.138058545864,0.0,0
2018-05-27 18:14:03.561,228.88,0.138058545864,0.0,0
2018-05-27 18:14:03.654,228.8,0.138058545864,0.0,0
2018-05-27 18:14:03.747,229.36,0.138058545864,0.0,0
2018-05-27 18:14:03.840,228.85,0.138058545864,0.0,0
2018-05-27 18:14:04.002,229.38,0.138058545864,0.0,0
2018-05-27 18:14:04.095,229.49,0.138058545864,0.0,0
2018-05-27 18:14:04.449,229.85,0.138058545864,0.0,0
2018-05-27 18:14:04.728,229.99,0.138058545864,0.0,0
2018-05-27 18:14:04.822,231.17,0.138058545864,0.0,0
2018-05-27 18:14:05.160,232.46,0.138058545864,0.0,0
2018-05-27 18:14:05.253,232.47,0.138058545864,0.0,0
2018-05-27 18:14:05.346,232.97,0.138058545864,0.0,0
2018-05-27 18:14:05.430,232.3,0.138058545864,0.0,0
2018-05-27 18:14:05.523,232.14,0.138058545864,0.0,0
2018-05-27 18:14:05.617,232.18,0.138058545864,0.0,0
2018-05-27 18:14:05.710,232.69,0.138058545864,0.0,0
2018-05-27 18:14:05.803,232.92,0.138058545864,0.0,0
2018-05-27 18:14:06.049,233.55,0.138058545864,0.0,0
2018-05-27 18:14:06.142,233.91,0.138058545864,0.0,0
2018-05-27 18:14:06.235,234.36,0.138058545864,0.0,0
2018-05-27 18:14:06.328,233.84,0.138058545864,0.0,0
2018-05-27 18:14:06.421,234.25,0.138058545864,0.0,0
2018-05-27 18:14:06.505,235.0,0.138058545864,0.0,0
2018-05-27 18:14:06.672,233.89,0.138058545864,0.0,0
2018-05-27 18:14:06.859,232.26,0.138058545864,0.0,0
2018-05-27 18:14:07.015,231.5,0.138058545864,0.0,0
2018-05-27 18:14:07.086,230.99,0.138058545864,0.0,0
2018-05-27 18:14:07.188,229.45,0.138058545864,0.0,0
2018-05-27 18:14:07.272,228.6,0.138058545864,0.0,0
2018-05-27 18:14:07.365,227.72,0.138058545864,0.0,0
2018-05-27 18:14:07.635,226.43,0.138058545864,0.0,0
2018-05-27 18:14:07.728,223.36,0.138058545864,0.0,0
2018-05-27 18:14:07.821,222.45,0.138058545864,0.0,0
2018-05-27 18:14:07.915,221.19,0.138058545864,0.0,0
2018-05-27 18:14:08.170,221.01,0.138058545864,0.0,0
2018-05-27 18:14:08.264,218.12,0.138058545864,0.0,0
2018-05-27 18:14:08.440,216.11,0.138058545864,0.0,0
2018-05-27 18:14:08.905,212.11,0.138058545864,0.0,0
2018-05-27 18:14:09.160,211.1,0.138058545864,0.0,0
2018-05-27 18:14:09.430,209.69,0.138058545864,0.0,0
2018-05-27 18:14:09.803,207.42,0.138058545864,0.0,0
2018-05-27 18:14:10.057,206.34,0.138058545864,0.0,0
2018-05-27 18:14:10.151,205.05,0.138058545864,0.0,0
2018-05-27 18:14:10.244,204.91,0.138058545864,0.0,0
2018-05-27 18:14:10.416,203.3,0.138058545864,0.0,0
2018-05-27 18:14:10.504,205.32,0.138058545864,0.0,0
2018-05-27 18:14:10.588,205.47,0.138058545864,0.0,0
2018-05-27 18:14:10.681,204.01,0.138058545864,0.0,0
2018-05-27 18:14:10.775,204.79,0.138058545864,0.0,0
2018-05-27 18:14:11.030,203.41,0.138058545864,0.0,0
2018-05-27 18:14:11.113,203.1,0.138058545864,0.0,0
2018-05-27 18:14:11.216,203.06,0.138058545864,0.0,0
2018-05-27 18:14:11.300,203.83,0.138058545864,0.0,0
2018-05-27 18:14:11.393,204.08,0.138058545864,0.0,0
2018-05-27 18:14:11.476,205.08,0.138058545864,0.0,0
2018-05-27 18:14:11.570,204.17,0.138058545864,0.0,0
2018-05-27 18:14:11.663,204.27,0.138058545864,0.0,0
2018-05-27 18:14:11.756,205.81,0.138058545864,0.0,0
2018-05-27 18:14:11.850,204.36,0.138058545864,0.0,0
2018-05-27 18:14:12.001,204.69,0.138058545864,0.0,0
2018-05-27 18:14:12.095,206.02,0.138058545864,0.0,0
2018-05-27 18:14:12.188,204.2,0.138058545864,0.0,0
2018-05-27 18:14:12.281,206.0,0.138058545864,0.0,0
2018-05-27 18:14:12.458,205.82,0.138058545864,0.0,0
2018-05-27 18:14:12.551,205.65,0.138058545864,0.0,0
2018-05-27 18:14:12.728,206.77,0.138058545864,0.0,0
2018-05-27 18:14:12.821,206.47,0.138058545864,0.0,0
2018-05-27 18:14:12.914,208.06,0.138058545864,0.0,0
2018-05-27 18:14:13.076,207.1,0.138058545864,0.0,0
2018-05-27 18:14:13.169,208.4,0.138058545864,0.0,0
2018-05-27 18:14:13.346,206.96,0.138058545864,0.0,0
2018-05-27 18:14:13.532,207.96,0.138058545864,0.0,0
2018-05-27 18:14:13.616,209.33,0.138058545864,0.0,0
2018-05-27 18:14:13.709,209.78,0.138058545864,0.0,0
2018-05-27 18:14:13.802,210.29,0.138058545864,0.0,0
2018-05-27 18:14:14.057,212.44,0.138058545864,0.0,0
2018-05-27 18:14:14.150,211.22,0.138058545864,0.0,0
2018-05-27 18:14:14.243,213.09,0.138058545864,0.0,0
2018-05-27 18:14:14.337,212.34,0.138058545864,0.0,0
2018-05-27 18:14:14.793,214.32,0.138058545864,0.0,0
2018-05-27 18:14:14.881,214.0,0.138058545864,0.0,0
2018-05-27 18:14:15.113,214.58,0.138058545864,0.0,0
2018-05-27 18:14:15.299,214.72,0.138058545864,0.0,0
2018-05-27 18:14:15.569,210.74,0.138058545864,0.0,0
2018-05-27 18:14:15.663,211.11,0.138058545864,0.0,0
2018-05-27 18:14:15.923,208.18,0.138058545864,0.0,0
2018-05-27 18:14:16.085,208.79,0.138058545864,0.0,0
2018-05-27 18:14:16.178,206.78,0.138058545864,0.0,0
2018-05-27 18:14:16.458,206.71,0.138058545864,0.0,0
2018-05-27 18:14:16.728,205.13,0.138058545864,0.0,0
2018-05-27 18:14:16.821,204.58,0.138058545864,0.0,0
2018-05-27 18:14:16.914,204.59,0.138058545864,0.0,0
2018-05-27 18:14:17.076,206.16,0.138058545864,0.0,0
2018-05-27 18:14:17.262,206.85,0.138058545864,0.0,0
2018-05-27 18:14:17.532,206.12,0.138058545864,0.0,0
2018-05-27 18:14:17.625,205.51,0.138058545864,0.0,0
2018-05-27 18:14:17.718,206.64,0.138058545864,0.0,0
2018-05-27 18:14:17.811,205.76,0.138058545864,0.0,0
2018-05-27 18:14:17.904,206.12,0.138058545864,0.0,0
2018-05-27 18:14:18.066,207.13,0.138058545864,0.0,0
2018-05-27 18:14:18.159,205.27,0.138058545864,0.0,0
2018-05-27 18:14:18.430,207.37,0.138058545864,0.0,0
2018-05-27 18:14:18.709,208.54,0.138058545864,0.0,0
2018-05-27 18:14:18.802,207.48,0.138058545864,0.0,0
2018-05-27 18:14:19.057,207.59,0.138058545864,0.0,0
2018-05-27 18:14:19.150,208.72,0.138058545864,0.0,0
2018-05-27 18:14:19.243,207.93,0.138058545864,0.0,0
2018-05-27 18:14:19.429,208.13,0.138058545864,0.0,0
2018-05-27 18:14:19.522,209.89,0.138058545864,0.0,0
2018-05-27 18:14:19.616,208.47,0.138058545864,0.0,0
2018-05-27 18:14:19.709,210.21,0.138058545864,0.0,0
2018-05-27 18:14:19.895,210.61,0.138058545864,0.0,0
2018-05-27 18:14:20.057,209.99,0.138058545864,0.0,0
2018-05-27 18:14:20.243,211.93,0.138058545864,0.0,0
2018-05-27 18:14:20.336,211.17,0.138058545864,0.0,0
2018-05-27 18:14:20.430,213.14,0.138058545864,0.0,0
2018-05-27 18:14:20.513,213.77,0.138058545864,0.0,0
2018-05-27 18:14:20.699,213.53,0.138058545864,0.0,0
2018-05-27 18:14:20.793,214.69,0.138058545864,0.0,0
2018-05-27 18:14:20.886,213.86,0.138058545864,0.0,0
2018-05-27 18:14:21.038,214.13,0.138058545864,0.0,0
2018-05-27 18:14:21.215,214.91,0.138058545864,0.0,0
2018-05-27 18:14:21.401,216.56,0.138058545864,0.0,0
2018-05-27 18:14:21.485,217.48,0.138058545864,0.0,0
2018-05-27 18:14:21.569,216.65,0.138058545864,0.0,0
2018-05-27 18:14:21.662,218.3,0.138058545864,0.0,0
2018-05-27 18:14:21.755,217.58,0.138058545864,0.0,0
2018-05-27 18:14:22.187,219.05,0.138058545864,0.0,0
2018-05-27 18:14:22.281,218.66,0.138058545864,0.0,0
2018-05-27 18:14:22.383,219.96,0.138058545864,0.0,0
2018-05-27 18:14:22.476,219.08,0.138058545864,0.0,0
2018-05-27 18:14:22.569,219.83,0.138058545864,0.0,0
2018-05-27 18:14:22.758,221.25,0.138058545864,0.0,0
2018-05-27 18:14:22.839,220.93,0.138058545864,0.0,0
2018-05-27 18:14:23.001,222.12,0.138058545864,0.0,0
2018-05-27 18:14:23.094,221.91,0.138058545864,0.0,0
2018-05-27 18:14:23.187,221.02,0.138058545864,0.0,0
2018-05-27 18:14:23.280,221.31,0.138058545864,0.0,0
2018-05-27 18:14:23.457,222.37,0.138058545864,0.0,0
2018-05-27 18:14:23.550,222.74,0.138058545864,0.0,0
2018-05-27 18:14:23.830,224.22,0.138058545864,0.0,0
2018-05-27 18:14:24.085,224.29,0.138058545864,0.0,0
2018-05-27 18:14:24.178,224.24,0.138058545864,0.0,0
2018-05-27 18:14:24.271,225.34,0.138058545864,0.0,0
2018-05-27 18:14:24.448,225.48,0.138058545864,0.0,0
2018-05-27 18:14:24.820,226.51,0.138058545864,0.0,0
2018-05-27 18:14:25.168,225.63,0.138058545864,0.0,0
2018-05-27 18:14:25.346,226.49,0.138058545864,0.0,0
2018-05-27 18:14:25.531,225.43,0.138058545864,0.0,0
2018-05-27 18:14:25.811,226.71,0.138058545864,0.0,0
2018-05-27 18:14:26.708,228.43,0.138058545864,0.0,0
2018-05-27 18:14:27.140,228.73,0.138058545864,0.0,0
2018-05-27 18:14:27.867,231.25,0.138058545864,0.0,0
2018-05-27 18:14:28.028,231.52,0.138058545864,0.0,0
2018-05-27 18:14:28.205,231.08,0.138058545864,0.0,0
2018-05-27 18:14:29.187,226.21,0.138058545864,0.0,0
2018-05-27 18:14:29.367,223.1,0.138058545864,0.0,0
2018-05-27 18:14:29.457,221.45,0.138058545864,0.0,0
2018-05-27 18:14:29.736,218.77,0.138058545864,0.0,0
2018-05-27 18:14:29.829,217.01,0.138058545864,0.0,0
2018-05-27 18:14:29.922,218.03,0.138058545864,0.0,0
2018-05-27 18:14:30.168,215.57,0.138058545864,0.0,0
2018-05-27 18:14:30.345,212.36,0.138058545864,0.0,0
2018-05-27 18:14:31.149,207.66,0.138058545864,0.0,0
2018-05-27 18:14:31.242,210.34,0.138058545864,0.0,0
2018-05-27 18:14:31.802,207.31,0.138058545864,0.0,0
2018-05-27 18:14:32.056,207.1,0.138058545864,0.0,0
2018-05-27 18:14:32.149,206.52,0.138058545864,0.0,0
2018-05-27 18:14:32.429,207.14,0.138058545864,0.0,0
2018-05-27 18:14:32.615,206.74,0.138058545864,0.0,0
2018-05-27 18:14:33.047,206.85,0.138058545864,0.0,0
2018-05-27 18:14:33.140,206.38,0.138058545864,0.0,0
2018-05-27 18:14:33.233,207.55,0.138058545864,0.0,0
2018-05-27 18:14:33.326,206.0,0.138058545864,0.0,0
2018-05-27 18:14:33.522,208.0,0.138058545864,0.0,0
2018-05-27 18:14:33.699,206.42,0.138058545864,0.0,0
2018-05-27 18:14:34.121,206.05,0.138058545864,0.0,0
2018-05-27 18:14:34.214,207.8,0.138058545864,0.0,0
2018-05-27 18:14:34.391,207.64,0.138058545864,0.0,0
2018-05-27 18:14:34.484,209.48,0.138058545864,0.0,0
2018-05-27 18:14:34.754,210.49,0.138058545864,0.0,0
2018-05-27 18:14:35.102,211.51,0.138058545864,0.0,0
2018-05-27 18:14:35.289,212.02,0.138058545864,0.0,0
2018-05-27 18:14:35.345,211.53,0.138058545864,0.0,0
2018-05-27 18:14:35.456,213.8,0.138058545864,0.0,0
2018-05-27 18:14:35.643,212.87,0.138058545864,0.0,0
2018-05-27 18:14:35.922,214.7,0.138058545864,0.0,0
2018-05-27 18:14:36.084,216.2,0.138058545864,0.0,0
2018-05-27 18:14:36.344,214.63,0.138058545864,0.0,0
2018-05-27 18:14:36.624,210.96,0.138058545864,0.0,0
2018-05-27 18:14:36.810,211.61,0.138058545864,0.0,0
2018-05-27 18:14:37.065,211.45,0.138058545864,0.0,0
2018-05-27 18:14:37.149,211.51,0.138058545864,0.0,0
2018-05-27 18:14:37.242,209.08,0.138058545864,0.0,0
2018-05-27 18:14:37.428,208.49,0.138058545864,0.0,0
2018-05-27 18:14:37.521,210.64,0.138058545864,0.0,0
2018-05-27 18:14:37.801,208.81,0.138058545864,0.0,0
2018-05-27 18:14:38.056,208.56,0.138058545864,0.0,0
2018-05-27 18:14:38.326,208.94,0.138058545864,0.0,0
2018-05-27 18:14:38.419,207.96,0.138058545864,0.0,0
2018-05-27 18:14:38.503,208.08,0.138058545864,0.0,0
2018-05-27 18:14:38.680,209.78,0.138058545864,0.0,0
2018-05-27 18:14:38.857,208.6,0.138058545864,0.0,0
2018-05-27 18:14:39.009,208.0,0.138058545864,0.0,0
2018-05-27 18:14:39.102,210.35,0.138058545864,0.0,0
2018-05-27 18:14:39.288,208.87,0.138058545864,0.0,0
2018-05-27 18:14:39.372,209.64,0.138058545864,0.0,0
2018-05-27 18:14:39.465,210.5,0.138058545864,0.0,0
2018-05-27 18:14:39.559,208.95,0.138058545864,0.0,0
2018-05-27 18:14:39.735,211.13,0.138058545864,0.0,0
2018-05-27 18:14:39.922,210.38,0.138058545864,0.0,0
2018-05-27 18:14:40.083,208.04,0.138058545864,0.0,0
2018-05-27 18:14:40.270,206.65,0.138058545864,0.0,0
2018-05-27 18:14:40.354,207.19,0.138058545864,0.0,0
2018-05-27 18:14:40.447,208.33,0.138058545864,0.0,0
2018-05-27 18:14:40.530,208.84,0.138058545864,0.0,0
2018-05-27 18:14:40.717,209.29,0.138058545864,0.0,0
2018-05-27 18:14:40.810,208.18,0.138058545864,0.0,0
2018-05-27 18:14:41.065,208.2,0.138058545864,0.0,0
2018-05-27 18:14:41.159,210.74,0.138058545864,0.0,0
2018-05-27 18:14:41.341,211.07,0.138058545864,0.0,0
2018-05-27 18:14:41.521,212.77,0.138058545864,0.0,0
2018-05-27 18:14:41.698,212.26,0.138058545864,0.0,0
2018-05-27 18:14:41.791,213.56,0.138058545864,0.0,0
2018-05-27 18:14:42.046,213.76,0.138058545864,0.0,0
2018-05-27 18:14:42.139,214.8,0.138058545864,0.0,0
2018-05-27 18:14:42.317,214.95,0.138058545864,0.0,0
2018-05-27 18:14:42.493,215.32,0.138058545864,0.0,0
2018-05-27 18:14:42.586,215.72,0.138058545864,0.0,0
2018-05-27 18:14:42.679,217.39,0.138058545864,0.0,0
2018-05-27 18:14:42.772,216.39,0.138058545864,0.0,0
2018-05-27 18:14:42.866,217.34,0.138058545864,0.0,0
2018-05-27 18:14:43.111,217.16,0.138058545864,0.0,0
2018-05-27 18:14:43.195,217.53,0.138058545864,0.0,0
2018-05-27 18:14:43.288,217.83,0.138058545864,0.0,0
2018-05-27 18:14:43.381,218.34,0.138058545864,0.0,0
2018-05-27 18:14:43.465,219.1,0.138058545864,0.0,0
2018-05-27 18:14:43.652,218.52,0.138058545864,0.0,0
2018-05-27 18:14:43.735,220.67,0.138058545864,0.0,0
2018-05-27 18:14:43.828,219.85,0.138058545864,0.0,0
2018-05-27 18:14:43.921,219.4,0.138058545864,0.0,0
2018-05-27 18:14:44.176,221.58,0.138058545864,0.0,0
2018-05-27 18:14:44.269,221.2,0.138058545864,0.0,0
2018-05-27 18:14:44.353,221.46,0.138058545864,0.0,0
2018-05-27 18:14:44.446,221.4,0.138058545864,0.0,0
2018-05-27 18:14:44.540,221.8,0.138058545864,0.0,0
2018-05-27 18:14:44.623,222.42,0.138058545864,0.0,0
2018-05-27 18:14:44.716,222.56,0.138058545864,0.0,0
2018-05-27 18:14:44.810,222.65,0.138058545864,0.0,0
2018-05-27 18:14:44.903,222.46,0.138058545864,0.0,0
2018-05-27 18:14:45.065,223.63,0.138058545864,0.0,0
2018-05-27 18:14:45.158,224.42,0.138058545864,0.0,0
2018-05-27 18:14:45.344,223.54,0.138058545864,0.0,0
2018-05-27 18:14:45.428,225.28,0.138058545864,0.0,0
2018-05-27 18:14:45.512,223.79,0.138058545864,0.0,0
2018-05-27 18:14:45.605,225.44,0.138058545864,0.0,0
2018-05-27 18:14:45.698,225.87,0.138058545864,0.0,0
2018-05-27 18:14:45.791,225.42,0.138058545864,0.0,0
2018-05-27 18:14:45.884,225.54,0.138058545864,0.0,0
2018-05-27 18:14:46.037,226.28,0.138058545864,0.0,0
2018-05-27 18:14:46.120,225.16,0.138058545864,0.0,0
2018-05-27 18:14:46.214,225.31,0.138058545864,0.0,0
2018-05-27 18:14:46.297,225.92,0.138058545864,0.0,0
2018-05-27 18:14:46.381,226.66,0.138058545864,0.0,0
2018-05-27 18:14:46.474,227.1,0.138058545864,0.0,0
2018-05-27 18:14:46.567,227.35,0.138058545864,0.0,0
2018-05-27 18:14:46.754,226.27,0.138058545864,0.0,0
2018-05-27 18:14:46.847,226.84,0.138058545864,0.0,0
2018-05-27 18:14:47.009,226.12,0.138058545864,0.0,0
2018-05-27 18:14:47.372,227.43,0.138058545864,0.0,0
2018-05-27 18:14:47.456,228.52,0.138058545864,0.0,0
2018-05-27 18:14:47.549,228.66,0.138058545864,0.0,0
2018-05-27 18:14:47.735,228.19,0.138058545864,0.0,0
2018-05-27 18:14:47.828,228.12,0.138058545864,0.0,0
2018-05-27 18:14:47.921,228.27,0.138058545864,0.0,0
2018-05-27 18:14:48.083,227.93,0.138058545864,0.0,0
2018-05-27 18:14:48.167,228.1,0.138058545864,0.0,0
2018-05-27 18:14:48.437,228.48,0.138058545864,0.0,0
2018-05-27 18:14:48.530,229.61,0.138058545864,0.0,0
2018-05-27 18:14:48.623,229.39,0.138058545864,0.0,0
2018-05-27 18:14:48.716,229.98,0.138058545864,0.0,0
2018-05-27 18:14:48.809,229.99,0.138058545864,0.0,0
2018-05-27 18:14:48.903,229.37,0.138058545864,0.0,0
2018-05-27 18:14:49.055,228.16,0.138058545864,0.0,0
2018-05-27 18:14:49.148,229.16,0.138058545864,0.0,0
2018-05-27 18:14:49.241,229.16,0.138058545864,0.0,0
2018-05-27 18:14:49.334,229.06,0.138058545864,0.0,0
2018-05-27 18:14:49.521,229.24,0.138058545864,0.0,0
2018-05-27 18:14:49.614,228.07,0.138058545864,0.0,0
2018-05-27 18:14:49.707,227.16,0.138058545864,0.0,0
2018-05-27 18:14:50.046,224.54,0.138058545864,0.0,0
2018-05-27 18:14:50.139,222.59,0.138058545864,0.0,0
2018-05-27 18:14:50.418,220.28,0.138058545864,0.0,0
2018-05-27 18:14:50.502,217.05,0.138058545864,0.0,0
2018-05-27 18:14:50.577,218.71,0.138058545864,0.0,0
2018-05-27 18:14:51.120,214.06,0.138058545864,0.0,0
2018-05-27 18:14:51.297,210.18,0.138058545864,0.0,0
2018-05-27 18:14:51.381,209.77,0.138058545864,0.0,0
2018-05-27 18:14:51.474,210.02,0.138058545864,0.0,0
2018-05-27 18:14:51.567,207.85,0.138058545864,0.0,0
2018-05-27 18:14:51.660,208.08,0.138058545864,0.0,0
2018-05-27 18:14:51.847,207.86,0.138058545864,0.0,0
2018-05-27 18:14:52.008,205.66,0.138058545864,0.0,0
2018-05-27 18:14:52.371,207.38,0.138058545864,0.0,0
2018-05-27 18:14:52.455,207.9,0.138058545864,0.0,0
2018-05-27 18:14:52.548,205.85,0.138058545864,0.0,0
2018-05-27 18:14:52.641,207.45,0.138058545864,0.0,0
2018-05-27 18:14:52.735,206.53,0.138058545864,0.0,0
2018-05-27 18:14:52.828,206.7,0.138058545864,0.0,0
2018-05-27 18:14:52.921,205.75,0.138058545864,0.0,0
2018-05-27 18:14:53.073,205.66,0.138058545864,0.0,0
2018-05-27 18:14:53.167,207.49,0.138058545864,0.0,0
2018-05-27 18:14:53.260,205.21,0.138058545864,0.0,0
2018-05-27 18:14:53.455,204.03,0.138058545864,0.0,0
2018-05-27 18:14:53.548,206.34,0.138058545864,0.0,0
2018-05-27 18:14:53.641,205.06,0.138058545864,0.0,0
2018-05-27 18:14:53.735,205.98,0.138058545864,0.0,0
2018-05-27 18:14:53.921,205.31,0.138058545864,0.0,0
2018-05-27 18:14:54.083,204.76,0.138058545864,0.0,0
2018-05-27 18:14:54.167,204.91,0.138058545864,0.0,0
2018-05-27 18:14:54.260,204.7,0.138058545864,0.0,0
2018-05-27 18:14:54.437,205.48,0.138058545864,0.0,0
2018-05-27 18:14:54.530,204.48,0.138058545864,0.0,0
2018-05-27 18:14:54.623,204.23,0.138058545864,0.0,0
2018-05-27 18:14:54.711,205.28,0.138058545864,0.0,0
2018-05-27 18:14:54.801,204.28,0.138058545864,0.0,0
2018-05-27 18:14:55.055,205.81,0.138058545864,0.0,0
2018-05-27 18:14:55.148,204.68,0.138058545864,0.0,0
2018-05-27 18:14:55.241,206.79,0.138058545864,0.0,0
2018-05-27 18:14:55.334,205.41,0.138058545864,0.0,0
2018-05-27 18:14:55.427,206.26,0.138058545864,0.0,0
2018-05-27 18:14:55.520,205.94,0.138058545864,0.0,0
2018-05-27 18:14:55.604,205.92,0.138058545864,0.0,0
2018-05-27 18:14:55.697,208.67,0.138058545864,0.0,0
2018-05-27 18:14:55.791,207.58,0.138058545864,0.0,0
2018-05-27 18:14:55.879,207.21,0.138058545864,0.0,0
2018-05-27 18:14:56.036,209.05,0.138058545864,0.0,0
2018-05-27 18:14:56.120,209.82,0.138058545864,0.0,0
2018-05-27 18:14:56.213,209.02,0.138058545864,0.0,0
2018-05-27 18:14:56.306,210.86,0.138058545864,0.0,0
2018-05-27 18:14:56.390,210.77,0.138058545864,0.0,0
2018-05-27 18:14:56.483,210.31,0.138058545864,0.0,0
2018-05-27 18:14:57.101,209.89,0.138058545864,0.0,0
2018-05-27 18:14:57.195,210.74,0.138058545864,0.0,0
2018-05-27 18:14:57.455,207.9,0.138058545864,0.0,0
2018-05-27 18:14:57.734,207.04,0.138058545864,0.0,0
2018-05-27 18:14:57.827,205.36,0.138058545864,0.0,0
2018-05-27 18:14:58.083,204.55,0.138058545864,0.0,0
2018-05-27 18:14:58.166,203.89,0.138058545864,0.0,0
2018-05-27 18:14:58.259,205.6,0.138058545864,0.0,0
2018-05-27 18:14:58.436,203.24,0.138058545864,0.0,0
2018-05-27 18:14:58.623,204.36,0.138058545864,0.0,0
2018-05-27 18:14:58.716,202.5,0.138058545864,0.0,0
2018-05-27 18:14:58.809,203.66,0.138058545864,0.0,0
2018-05-27 18:14:58.902,203.81,0.138058545864,0.0,0
2018-05-27 18:14:59.054,204.54,0.138058545864,0.0,0
2018-05-27 18:14:59.148,202.72,0.138058545864,0.0,0
2018-05-27 18:14:59.241,204.18,0.138058545864,0.0,0
2018-05-27 18:14:59.334,202.5,0.138058545864,0.0,0
2018-05-27 18:14:59.427,202.75,0.138058545864,0.0,0
2018-05-27 18:14:59.613,203.35,0.138058545864,0.0,0
2018-05-27 18:14:59.706,204.15,0.138058545864,0.0,0
2018-05-27 18:14:59.800,203.55,0.138058545864,0.0,0
2018-05-27 18:14:59.893,203.22,0.138058545864,0.0,0
2018-05-27 18:15:00.045,203.64,0.138058545864,0.0,0
2018-05-27 18:15:00.138,205.41,0.138058545864,0.0,0
2018-05-27 18:15:00.324,205.6,0.138058545864,0.0,0
2018-05-27 18:15:00.418,204.14,0.138058545864,0.0,0
2018-05-27 18:15:00.501,204.34,0.138058545864,0.0,0
2018-05-27 18:15:00.679,205.19,0.138058545864,0.0,0
2018-05-27 18:15:00.856,206.53,0.138058545864,0.0,0
2018-05-27 18:15:01.008,206.1,0.138058545864,0.0,0
2018-05-27 18:15:01.101,204.97,0.138058545864,0.0,0
2018-05-27 18:15:01.194,207.54,0.138058545864,0.0,0
2018-05-27 18:15:01.380,207.39,0.138058545864,0.0,0
2018-05-27 18:15:01.548,207.86,0.138058545864,0.0,0
2018-05-27 18:15:01.641,206.51,0.138058545864,0.0,0
2018-05-27 18:15:01.734,208.2,0.138058545864,0.0,0
2018-05-27 18:15:01.827,207.44,0.138058545864,0.0,0
2018-05-27 18:15:01.920,209.17,0.138058545864,0.0,0
2018-05-27 18:15:02.082,208.37,0.138058545864,0.0,0
2018-05-27 18:15:02.353,209.17,0.138058545864,0.0,0
2018-05-27 18:15:02.445,211.5,0.138058545864,0.0,0
2018-05-27 18:15:02.632,211.19,0.138058545864,0.0,0
2018-05-27 18:15:02.725,213.0,0.138058545864,0.0,0
2018-05-27 18:15:02.818,212.15,0.138058545864,0.0,0
2018-05-27 18:15:03.166,213.33,0.138058545864,0.0,0
2018-05-27 18:15:03.259,214.4,0.138058545864,0.0,0
2018-05-27 18:15:03.436,214.55,0.138058545864,0.0,0
2018-05-27 18:15:03.715,216.22,0.138058545864,0.0,0
2018-05-27 18:15:03.809,215.83,0.138058545864,0.0,0
2018-05-27 18:15:03.902,217.66,0.138058545864,0.0,0
2018-05-27 18:15:04.157,217.16,0.138058545864,0.0,0
2018-05-27 18:15:04.697,218.9,0.138058545864,0.0,0
2018-05-27 18:15:04.791,219.15,0.138058545864,0.0,0
2018-05-27 18:15:05.129,220.89,0.138058545864,0.0,0
2018-05-27 18:15:05.231,220.78,0.138058545864,0.0,0
2018-05-27 18:15:05.324,221.21,0.138058545864,0.0,0
2018-05-27 18:15:05.417,221.17,0.138058545864,0.0,0
2018-05-27 18:15:05.501,221.03,0.138058545864,0.0,0
2018-05-27 18:15:05.585,222.12,0.138058545864,0.0,0
2018-05-27 18:15:05.678,222.23,0.138058545864,0.0,0
2018-05-27 18:15:05.846,223.33,0.138058545864,0.0,0
2018-05-27 18:15:06.007,224.08,0.138058545864,0.0,0
2018-05-27 18:15:06.101,223.59,0.138058545864,0.0,0
2018-05-27 18:15:06.194,224.24,0.138058545864,0.0,0
2018-05-27 18:15:06.287,224.27,0.138058545864,0.0,0
2018-05-27 18:15:06.371,224.85,0.138058545864,0.0,0
2018-05-27 18:15:06.464,225.38,0.138058545864,0.0,0
2018-05-27 18:15:06.929,226.73,0.138058545864,0.0,0
2018-05-27 18:15:07.361,227.81,0.138058545864,0.0,0
2018-05-27 18:15:07.454,228.4,0.138058545864,0.0,0
2018-05-27 18:15:08.538,231.34,0.138058545864,0.0,0
2018-05-27 18:15:08.911,231.9,0.138058545864,0.0,0
2018-05-27 18:15:09.072,231.63,0.138058545864,0.0,0
2018-05-27 18:15:09.343,228.75,0.138058545864,0.0,0
2018-05-27 18:15:09.622,227.74,0.138058545864,0.0,0
2018-05-27 18:15:09.715,226.64,0.138058545864,0.0,0
2018-05-27 18:15:10.063,222.12,0.138058545864,0.0,0
2018-05-27 18:15:10.334,219.93,0.138058545864,0.0,0
2018-05-27 18:15:10.426,220.15,0.138058545864,0.0,0
2018-05-27 18:15:10.799,217.11,0.138058545864,0.0,0
2018-05-27 18:15:11.240,211.62,0.138058545864,0.0,0
2018-05-27 18:15:11.333,212.6,0.138058545864,0.0,0
2018-05-27 18:15:11.417,211.84,0.138058545864,0.0,0
2018-05-27 18:15:11.510,208.72,0.138058545864,0.0,0
2018-05-27 18:15:11.603,210.13,0.138058545864,0.0,0
2018-05-27 18:15:11.696,207.96,0.138058545864,0.0,0
2018-05-27 18:15:12.212,205.25,0.138058545864,0.0,0
2018-05-27 18:15:12.482,203.43,0.138058545864,0.0,0
2018-05-27 18:15:12.566,202.98,0.138058545864,0.0,0
2018-05-27 18:15:12.659,203.5,0.138058545864,0.0,0
2018-05-27 18:15:13.640,201.72,0.138058545864,0.0,0
2018-05-27 18:15:13.734,201.92,0.138058545864,0.0,0
2018-05-27 18:15:13.817,202.09,0.138058545864,0.0,0
2018-05-27 18:15:13.910,200.82,0.138058545864,0.0,0
2018-05-27 18:15:14.072,201.22,0.138058545864,0.0,0
2018-05-27 18:15:14.165,202.26,0.138058545864,0.0,0
2018-05-27 18:15:14.529,201.52,0.138058545864,0.0,0
2018-05-27 18:15:14.715,199.95,0.138058545864,0.0,0
2018-05-27 18:15:15.147,200.19,0.138058545864,0.0,0
2018-05-27 18:15:15.240,201.27,0.138058545864,0.0,0
2018-05-27 18:15:15.426,200.57,0.138058545864,0.0,0
2018-05-27 18:15:15.696,201.46,0.138058545864,0.0,0
2018-05-27 18:15:15.878,201.71,0.138058545864,0.0,0
2018-05-27 18:15:16.035,203.49,0.138058545864,0.0,0
2018-05-27 18:15:16.119,202.08,0.138058545864,0.0,0
2018-05-27 18:15:16.212,203.68,0.138058545864,0.0,0
2018-05-27 18:15:16.398,203.36,0.138058545864,0.0,0
2018-05-27 18:15:16.482,204.4,0.138058545864,0.0,0
2018-05-27 18:15:16.668,202.52,0.138058545864,0.0,0
2018-05-27 18:15:16.854,204.28,0.138058545864,0.0,0
2018-05-27 18:15:17.016,205.75,0.138058545864,0.0,0
2018-05-27 18:15:17.101,206.22,0.138058545864,0.0,0
2018-05-27 18:15:17.379,207.11,0.138058545864,0.0,0
2018-05-27 18:15:17.463,206.87,0.138058545864,0.0,0
2018-05-27 18:15:17.556,207.09,0.138058545864,0.0,0
2018-05-27 18:15:17.650,208.65,0.138058545864,0.0,0
2018-05-27 18:15:17.826,208.19,0.138058545864,0.0,0
2018-05-27 18:15:18.268,210.91,0.138058545864,0.0,0
2018-05-27 18:15:18.352,211.16,0.138058545864,0.0,0
2018-05-27 18:15:18.445,210.51,0.138058545864,0.0,0
2018-05-27 18:15:18.621,211.05,0.138058545864,0.0,0
2018-05-27 18:15:19.240,207.0,0.138058545864,0.0,0
2018-05-27 18:15:19.333,207.01,0.138058545864,0.0,0
2018-05-27 18:15:19.426,205.03,0.138058545864,0.0,0
2018-05-27 18:15:19.696,205.09,0.138058545864,0.0,0
2018-05-27 18:15:19.892,205.76,0.138058545864,0.0,0
2018-05-27 18:15:20.053,203.67,0.138058545864,0.0,0
2018-05-27 18:15:20.146,203.6,0.138058545864,0.0,0
2018-05-27 18:15:20.240,204.43,0.138058545864,0.0,0
2018-05-27 18:15:20.510,205.51,0.138058545864,0.0,0
2018-05-27 18:15:20.603,204.13,0.138058545864,0.0,0
2018-05-27 18:15:20.789,206.08,0.138058545864,0.0,0
2018-05-27 18:15:20.879,205.57,0.138058545864,0.0,0
2018-05-27 18:15:21.035,204.65,0.138058545864,0.0,0
2018-05-27 18:15:21.119,204.82,0.138058545864,0.0,0
2018-05-27 18:15:21.295,205.55,0.138058545864,0.0,0
2018-05-27 18:15:21.389,204.05,0.138058545864,0.0,0
2018-05-27 18:15:21.565,203.42,0.138058545864,0.0,0
2018-05-27 18:15:21.659,205.33,0.138058545864,0.0,0
2018-05-27 18:15:21.752,203.99,0.138058545864,0.0,0
2018-05-27 18:15:21.845,205.23,0.138058545864,0.0,0
2018-05-27 18:15:22.007,203.69,0.138058545864,0.0,0
2018-05-27 18:15:22.100,205.3,0.138058545864,0.0,0
2018-05-27 18:15:22.277,205.27,0.138058545864,0.0,0
2018-05-27 18:15:22.454,205.44,0.138058545864,0.0,0
2018-05-27 18:15:22.547,206.87,0.138058545864,0.0,0
2018-05-27 18:15:22.640,205.86,0.138058545864,0.0,0
2018-05-27 18:15:22.733,207.36,0.138058545864,0.0,0
2018-05-27 18:15:22.910,206.63,0.138058545864,0.0,0
2018-05-27 18:15:23.072,207.77,0.138058545864,0.0,0
2018-05-27 18:15:23.165,207.36,0.138058545864,0.0,0
2018-05-27 18:15:23.351,208.01,0.138058545864,0.0,0
2018-05-27 18:15:23.528,209.54,0.138058545864,0.0,0
2018-05-27 18:15:23.621,208.72,0.138058545864,0.0,0
2018-05-27 18:15:23.808,209.23,0.138058545864,0.0,0
2018-05-27 18:15:23.891,210.0,0.138058545864,0.0,0
2018-05-27 18:15:24.053,210.81,0.138058545864,0.0,0
2018-05-27 18:15:24.239,211.25,0.138058545864,0.0,0
2018-05-27 18:15:24.333,213.77,0.138058545864,0.0,0
2018-05-27 18:15:24.519,213.28,0.138058545864,0.0,0
2018-05-27 18:15:24.612,214.23,0.138058545864,0.0,0
2018-05-27 18:15:24.705,214.06,0.138058545864,0.0,0
2018-05-27 18:15:25.137,215.75,0.138058545864,0.0,0
2018-05-27 18:15:25.323,217.52,0.138058545864,0.0,0
2018-05-27 18:15:25.416,216.99,0.138058545864,0.0,0
2018-05-27 18:15:25.500,216.87,0.138058545864,0.0,0
2018-05-27 18:15:25.584,218.85,0.138058545864,0.0,0
2018-05-27 18:15:25.677,217.22,0.138058545864,0.0,0
2018-05-27 18:15:25.770,217.08,0.138058545864,0.0,0
2018-05-27 18:15:25.863,218.1,0.138058545864,0.0,0
2018-05-27 18:15:26.016,217.26,0.138058545864,0.0,0
2018-05-27 18:15:26.100,218.99,0.138058545864,0.0,0
2018-05-27 18:15:26.193,219.92,0.138058545864,0.0,0
2018-05-27 18:15:26.286,220.53,0.138058545864,0.0,0
2018-05-27 18:15:26.556,221.56,0.138058545864,0.0,0
2018-05-27 18:15:26.649,221.11,0.138058545864,0.0,0
2018-05-27 18:15:26.835,222.34,0.138058545864,0.0,0
2018-05-27 18:15:27.090,222.73,0.138058545864,0.0,0
2018-05-27 18:15:27.183,222.34,0.138058545864,0.0,0
2018-05-27 18:15:27.276,222.61,0.138058545864,0.0,0
2018-05-27 18:15:27.370,223.19,0.138058545864,0.0,0
2018-05-27 18:15:27.453,223.16,0.138058545864,0.0,0
2018-05-27 18:15:27.547,223.99,0.138058545864,0.0,0
2018-05-27 18:15:27.640,224.28,0.138058545864,0.0,0
2018-05-27 18:15:27.733,224.35,0.138058545864,0.0,0
2018-05-27 18:15:27.826,226.34,0.138058545864,0.0,0
2018-05-27 18:15:27.919,226.54,0.138058545864,0.0,0
2018-05-27 18:15:28.081,224.88,0.138058545864,0.0,0
2018-05-27 18:15:28.174,224.98,0.138058545864,0.0,0
2018-05-27 18:15:28.267,225.39,0.138058545864,0.0,0
2018-05-27 18:15:28.444,226.52,0.138058545864,0.0,0
2018-05-27 18:15:28.537,225.41,0.138058545864,0.0,0
2018-05-27 18:15:28.630,226.67,0.138058545864,0.0,0
2018-05-27 18:15:28.723,226.46,0.138058545864,0.0,0
2018-05-27 18:15:29.071,228.81,0.138058545864,0.0,0
2018-05-27 18:15:29.165,229.07,0.138058545864,0.0,0
2018-05-27 18:15:29.258,229.21,0.138058545864,0.0,0
2018-05-27 18:15:29.602,229.51,0.138058545864,0.0,0
2018-05-27 18:15:29.695,229.6,0.138058545864,0.0,0
2018-05-27 18:15:29.789,229.3,0.138058545864,0.0,0
2018-05-27 18:15:29.873,229.61,0.138058545864,0.0,0
2018-05-27 18:15:30.034,230.3,0.138058545864,0.0,0
2018-05-27 18:15:30.132,230.59,0.138058545864,0.0,0
2018-05-27 18:15:30.220,229.54,0.138058545864,0.0,0
2018-05-27 18:15:30.304,231.75,0.138058545864,0.0,0
2018-05-27 18:15:30.397,231.56,0.138058545864,0.0,0
2018-05-27 18:15:30.477,231.89,0.138058545864,0.0,0
2018-05-27 18:15:30.649,230.51,0.138058545864,0.0,0
2018-05-27 18:15:30.761,231.03,0.138058545864,0.0,0
2018-05-27 18:15:30.845,232.82,0.138058545864,0.0,0
2018-05-27 18:15:31.006,232.98,0.138058545864,0.0,0
2018-05-27 18:15:31.099,232.89,0.138058545864,0.0,0
2018-05-27 18:15:31.192,232.75,0.138058545864,0.0,0
2018-05-27 18:15:31.286,231.23,0.138058545864,0.0,0
2018-05-27 18:15:31.369,228.74,0.138058545864,0.0,0
2018-05-27 18:15:31.649,226.07,0.138058545864,0.0,0
2018-05-27 18:15:31.742,224.24,0.138058545864,0.0,0
2018-05-27 18:15:31.928,221.43,0.138058545864,0.0,0
2018-05-27 18:15:32.183,217.76,0.138058545864,0.0,0
2018-05-27 18:15:32.277,217.66,0.138058545864,0.0,0
2018-05-27 18:15:32.360,216.47,0.138058545864,0.0,0
2018-05-27 18:15:32.546,213.8,0.138058545864,0.0,0
2018-05-27 18:15:32.639,213.8,0.138058545864,0.0,0
2018-05-27 18:15:32.919,211.05,0.138058545864,0.0,0
2018-05-27 18:15:33.444,207.51,0.138058545864,0.0,0
2018-05-27 18:15:33.537,205.48,0.138058545864,0.0,0
2018-05-27 18:15:33.816,202.29,0.138058545864,0.0,0
2018-05-27 18:15:34.071,201.1,0.138058545864,0.0,0
2018-05-27 18:15:34.435,200.07,0.138058545864,0.0,0
2018-05-27 18:15:34.621,197.39,0.138058545864,0.0,0
2018-05-27 18:15:34.807,197.33,0.138058545864,0.0,0
2018-05-27 18:15:35.062,197.01,0.138058545864,0.0,0
2018-05-27 18:15:35.248,195.95,0.138058545864,0.0,0
2018-05-27 18:15:35.425,195.81,0.138058545864,0.0,0
2018-05-27 18:15:35.518,195.55,0.138058545864,0.0,0
2018-05-27 18:15:35.611,197.23,0.138058545864,0.0,0
2018-05-27 18:15:35.704,197.72,0.138058545864,0.0,0
2018-05-27 18:15:35.788,197.24,0.138058545864,0.0,0
2018-05-27 18:15:35.882,196.71,0.138058545864,0.0,0
2018-05-27 18:15:36.034,197.06,0.138058545864,0.0,0
2018-05-27 18:15:36.118,196.56,0.138058545864,0.0,0
2018-05-27 18:15:36.211,197.12,0.138058545864,0.0,0
2018-05-27 18:15:36.304,196.09,0.138058545864,0.0,0
2018-05-27 18:15:36.397,195.99,0.138058545864,0.0,0
2018-05-27 18:15:36.481,196.23,0.138058545864,0.0,0
2018-05-27 18:15:36.565,197.0,0.138058545864,0.0,0
2018-05-27 18:15:36.658,197.31,0.138058545864,0.0,0
2018-05-27 18:15:36.751,197.54,0.138058545864,0.0,0
2018-05-27 18:15:36.844,198.83,0.138058545864,0.0,0
2018-05-27 18:15:37.006,197.6,0.138058545864,0.0,0
2018-05-27 18:15:37.099,198.2,0.138058545864,0.0,0
2018-05-27 18:15:37.192,198.86,0.138058545864,0.0,0
2018-05-27 18:15:37.285,199.35,0.138058545864,0.0,0
2018-05-27 18:15:37.453,199.62,0.138058545864,0.0,0
2018-05-27 18:15:37.546,199.11,0.138058545864,0.0,0
2018-05-27 18:15:37.639,199.62,0.138058545864,0.0,0
2018-05-27 18:15:37.732,201.12,0.138058545864,0.0,0
2018-05-27 18:15:37.825,201.03,0.138058545864,0.0,0
2018-05-27 18:15:37.910,201.3,0.138058545864,0.0,0
2018-05-27 18:15:38.072,200.23,0.138058545864,0.0,0
2018-05-27 18:15:38.239,201.66,0.138058545864,0.0,0
2018-05-27 18:15:38.333,202.13,0.138058545864,0.0,0
2018-05-27 18:15:38.425,203.79,0.138058545864,0.0,0
2018-05-27 18:15:38.510,204.08,0.138058545864,0.0,0
2018-05-27 18:15:38.612,203.55,0.138058545864,0.0,0
2018-05-27 18:15:38.707,204.79,0.138058545864,0.0,0
2018-05-27 18:15:38.797,204.33,0.138058545864,0.0,0
2018-05-27 18:15:38.891,206.0,0.138058545864,0.0,0
2018-05-27 18:15:39.052,205.48,0.138058545864,0.0,0
2018-05-27 18:15:39.145,206.61,0.138058545864,0.0,0
2018-05-27 18:15:39.239,205.59,0.138058545864,0.0,0
2018-05-27 18:15:39.332,207.57,0.138058545864,0.0,0
2018-05-27 18:15:39.518,208.58,0.138058545864,0.0,0
2018-05-27 18:15:39.611,208.06,0.138058545864,0.0,0
2018-05-27 18:15:39.695,207.87,0.138058545864,0.0,0
2018-05-27 18:15:39.876,209.46,0.138058545864,0.0,0
2018-05-27 18:15:40.034,208.0,0.138058545864,0.0,0
2018-05-27 18:15:40.117,207.29,0.138058545864,0.0,0
2018-05-27 18:15:40.211,207.59,0.138058545864,0.0,0
2018-05-27 18:15:40.658,202.59,0.138058545864,0.0,0
2018-05-27 18:15:40.751,202.33,0.138058545864,0.0,0
2018-05-27 18:15:40.844,202.91,0.138058545864,0.0,0
2018-05-27 18:15:41.006,200.78,0.138058545864,0.0,0
2018-05-27 18:15:41.099,201.08,0.138058545864,0.0,0
2018-05-27 18:15:41.192,202.04,0.138058545864,0.0,0
2018-05-27 18:15:41.369,200.96,0.138058545864,0.0,0
2018-05-27 18:15:41.462,201.1,0.138058545864,0.0,0
2018-05-27 18:15:41.555,201.85,0.138058545864,0.0,0
2018-05-27 18:15:41.648,200.67,0.138058545864,0.0,0
2018-05-27 18:15:41.741,199.71,0.138058545864,0.0,0
2018-05-27 18:15:41.835,201.76,0.138058545864,0.0,0
2018-05-27 18:15:41.928,200.66,0.138058545864,0.0,0
2018-05-27 18:15:42.089,200.88,0.138058545864,0.0,0
2018-05-27 18:15:42.183,202.45,0.138058545864,0.0,0
2018-05-27 18:15:42.360,201.42,0.138058545864,0.0,0
2018-05-27 18:15:42.546,202.81,0.138058545864,0.0,0
2018-05-27 18:15:42.639,201.4,0.138058545864,0.0,0
2018-05-27 18:15:42.732,201.58,0.138058545864,0.0,0
2018-05-27 18:15:42.825,202.92,0.138058545864,0.0,0
2018-05-27 18:15:42.919,201.7,0.138058545864,0.0,0
2018-05-27 18:15:43.080,202.06,0.138058545864,0.0,0
2018-05-27 18:15:43.267,201.26,0.138058545864,0.0,0
2018-05-27 18:15:43.443,203.55,0.138058545864,0.0,0
2018-05-27 18:15:43.536,202.41,0.138058545864,0.0,0
2018-05-27 18:15:43.723,203.92,0.138058545864,0.0,0
2018-05-27 18:15:43.816,202.35,0.138058545864,0.0,0
2018-05-27 18:15:43.909,203.67,0.138058545864,0.0,0
2018-05-27 18:15:44.071,204.79,0.138058545864,0.0,0
2018-05-27 18:15:44.341,205.83,0.138058545864,0.0,0
2018-05-27 18:15:44.434,203.75,0.138058545864,0.0,0
2018-05-27 18:15:44.527,205.54,0.138058545864,0.0,0
2018-05-27 18:15:44.713,205.19,0.138058545864,0.0,0
2018-05-27 18:15:44.806,206.7,0.138058545864,0.0,0
2018-05-27 18:15:44.900,205.72,0.138058545864,0.0,0
2018-05-27 18:15:45.145,208.19,0.138058545864,0.0,0
2018-05-27 18:15:45.238,207.78,0.138058545864,0.0,0
2018-05-27 18:15:45.425,208.28,0.138058545864,0.0,0
2018-05-27 18:15:45.611,209.06,0.138058545864,0.0,0
2018-05-27 18:15:45.704,211.11,0.138058545864,0.0,0
2018-05-27 18:15:45.788,210.43,0.138058545864,0.0,0
2018-05-27 18:15:46.044,210.66,0.138058545864,0.0,0
2018-05-27 18:15:46.415,213.09,0.138058545864,0.0,0
2018-05-27 18:15:46.499,214.83,0.138058545864,0.0,0
2018-05-27 18:15:46.583,214.79,0.138058545864,0.0,0
2018-05-27 18:15:46.769,214.89,0.138058545864,0.0,0
2018-05-27 18:15:46.862,216.42,0.138058545864,0.0,0
2018-05-27 18:15:47.024,215.76,0.138058545864,0.0,0
2018-05-27 18:15:47.117,216.45,0.138058545864,0.0,0
2018-05-27 18:15:47.480,216.77,0.138058545864,0.0,0
2018-05-27 18:15:47.574,217.5,0.138058545864,0.0,0
2018-05-27 18:15:47.750,218.16,0.138058545864,0.0,0
2018-05-27 18:15:48.005,218.67,0.138058545864,0.0,0
2018-05-27 18:15:48.098,219.44,0.138058545864,0.0,0
2018-05-27 18:15:48.192,220.43,0.138058545864,0.0,0
2018-05-27 18:15:48.285,221.37,0.138058545864,0.0,0
2018-05-27 18:15:48.369,220.42,0.138058545864,0.0,0
2018-05-27 18:15:48.462,221.82,0.138058545864,0.0,0
2018-05-27 18:15:48.639,222.87,0.138058545864,0.0,0
2018-05-27 18:15:48.732,222.38,0.138058545864,0.0,0
2018-05-27 18:15:48.918,223.13,0.138058545864,0.0,0
2018-05-27 18:15:49.080,223.29,0.138058545864,0.0,0
2018-05-27 18:15:49.173,224.62,0.138058545864,0.0,0
2018-05-27 18:15:49.350,223.31,0.138058545864,0.0,0
2018-05-27 18:15:49.443,224.92,0.138058545864,0.0,0
2018-05-27 18:15:49.629,226.46,0.138058545864,0.0,0
2018-05-27 18:15:49.722,225.78,0.138058545864,0.0,0
2018-05-27 18:15:49.909,225.74,0.138058545864,0.0,0
2018-05-27 18:15:50.341,227.7,0.138058545864,0.0,0
2018-05-27 18:15:50.611,228.24,0.138058545864,0.0,0
2018-05-27 18:15:50.891,228.57,0.138058545864,0.0,0
2018-05-27 18:15:51.043,229.4,0.138058545864,0.0,0
2018-05-27 18:15:51.499,229.94,0.138058545864,0.0,0
2018-05-27 18:15:51.583,232.12,0.138058545864,0.0,0
2018-05-27 18:15:51.853,229.56,0.138058545864,0.0,0
2018-05-27 18:15:52.005,229.32,0.138058545864,0.0,0
2018-05-27 18:15:52.098,227.87,0.138058545864,0.0,0
2018-05-27 18:15:52.378,225.37,0.138058545864,0.0,0
2018-05-27 18:15:52.452,224.96,0.138058545864,0.0,0
2018-05-27 18:15:52.638,223.13,0.138058545864,0.0,0
2018-05-27 18:15:53.080,218.62,0.138058545864,0.0,0
2018-05-27 18:15:53.173,218.06,0.138058545864,0.0,0
2018-05-27 18:15:53.359,216.02,0.138058545864,0.0,0
2018-05-27 18:15:53.722,212.4,0.138058545864,0.0,0
2018-05-27 18:15:53.909,210.33,0.138058545864,0.0,0
2018-05-27 18:15:54.163,209.52,0.138058545864,0.0,0
2018-05-27 18:15:54.256,209.85,0.138058545864,0.0,0
2018-05-27 18:15:54.899,204.79,0.138058545864,0.0,0
2018-05-27 18:15:55.061,203.92,0.138058545864,0.0,0
2018-05-27 18:15:55.424,202.21,0.138058545864,0.0,0
2018-05-27 18:15:55.517,202.52,0.138058545864,0.0,0
2018-05-27 18:15:55.610,204.01,0.138058545864,0.0,0
2018-05-27 18:15:55.703,202.13,0.138058545864,0.0,0
2018-05-27 18:15:55.890,201.43,0.138058545864,0.0,0
2018-05-27 18:15:56.052,201.74,0.138058545864,0.0,0
2018-05-27 18:15:56.425,202.44,0.138058545864,0.0,0
2018-05-27 18:15:56.601,201.62,0.138058545864,0.0,0
2018-05-27 18:15:56.694,201.32,0.138058545864,0.0,0
2018-05-27 18:15:56.787,202.65,0.138058545864,0.0,0
2018-05-27 18:15:57.033,201.52,0.138058545864,0.0,0
2018-05-27 18:15:57.117,201.45,0.138058545864,0.0,0
2018-05-27 18:15:57.377,201.35,0.138058545864,0.0,0
2018-05-27 18:15:57.657,200.04,0.138058545864,0.0,0
2018-05-27 18:15:57.843,201.14,0.138058545864,0.0,0
2018-05-27 18:15:58.191,201.61,0.138058545864,0.0,0
2018-05-27 18:15:58.284,201.02,0.138058545864,0.0,0
2018-05-27 18:15:58.368,200.49,0.138058545864,0.0,0
2018-05-27 18:15:58.461,200.99,0.138058545864,0.0,0
2018-05-27 18:15:58.554,202.68,0.138058545864,0.0,0
2018-05-27 18:15:58.648,201.7,0.138058545864,0.0,0
2018-05-27 18:15:59.070,203.89,0.138058545864,0.0,0
2018-05-27 18:15:59.526,203.55,0.138058545864,0.0,0
2018-05-27 18:16:00.052,205.45,0.138058545864,0.0,0
2018-05-27 18:16:00.145,208.34,0.138058545864,0.0,0
2018-05-27 18:16:00.238,207.44,0.138058545864,0.0,0
2018-05-27 18:16:00.694,209.54,0.138058545864,0.0,0
2018-05-27 18:16:01.202,211.53,0.138058545864,0.0,0
2018-05-27 18:16:01.294,209.7,0.138058545864,0.0,0
2018-05-27 18:16:01.387,210.57,0.138058545864,0.0,0
2018-05-27 18:16:01.480,209.57,0.138058545864,0.0,0
2018-05-27 18:16:01.573,210.32,0.138058545864,0.0,0
2018-05-27 18:16:01.759,209.28,0.138058545864,0.0,0
2018-05-27 18:16:01.852,207.72,0.138058545864,0.0,0
2018-05-27 18:16:02.294,204.53,0.138058545864,0.0,0
2018-05-27 18:16:02.377,204.17,0.138058545864,0.0,0
2018-05-27 18:16:02.657,203.96,0.138058545864,0.0,0
2018-05-27 18:16:02.750,205.17,0.138058545864,0.0,0
2018-05-27 18:16:03.005,204.01,0.138058545864,0.0,0
2018-05-27 18:16:03.098,204.78,0.138058545864,0.0,0
2018-05-27 18:16:03.191,203.13,0.138058545864,0.0,0
2018-05-27 18:16:03.368,204.83,0.138058545864,0.0,0
2018-05-27 18:16:03.461,203.03,0.138058545864,0.0,0
2018-05-27 18:16:03.647,203.93,0.138058545864,0.0,0
2018-05-27 18:16:03.834,201.95,0.138058545864,0.0,0
2018-05-27 18:16:03.927,201.37,0.138058545864,0.0,0
2018-05-27 18:16:04.182,201.32,0.138058545864,0.0,0
2018-05-27 18:16:04.275,200.05,0.138058545864,0.0,0
2018-05-27 18:16:04.359,201.44,0.138058545864,0.0,0
2018-05-27 18:16:04.452,200.41,0.138058545864,0.0,0
2018-05-27 18:16:04.545,200.89,0.138058545864,0.0,0
2018-05-27 18:16:04.638,201.66,0.138058545864,0.0,0
2018-05-27 18:16:04.731,200.84,0.138058545864,0.0,0
2018-05-27 18:16:04.824,202.11,0.138058545864,0.0,0
2018-05-27 18:16:04.918,201.61,0.138058545864,0.0,0
2018-05-27 18:16:05.079,201.35,0.138058545864,0.0,0
2018-05-27 18:16:05.173,202.83,0.138058545864,0.0,0
2018-05-27 18:16:05.266,202.14,0.138058545864,0.0,0
2018-05-27 18:16:05.349,202.35,0.138058545864,0.0,0
2018-05-27 18:16:05.443,201.64,0.138058545864,0.0,0
2018-05-27 18:16:05.629,202.83,0.138058545864,0.0,0
2018-05-27 18:16:05.722,204.08,0.138058545864,0.0,0
2018-05-27 18:16:05.815,204.16,0.138058545864,0.0,0
2018-05-27 18:16:05.908,203.68,0.138058545864,0.0,0
2018-05-27 18:16:06.070,205.28,0.138058545864,0.0,0
2018-05-27 18:16:06.257,205.26,0.138058545864,0.0,0
2018-05-27 18:16:06.340,205.55,0.138058545864,0.0,0
2018-05-27 18:16:06.433,205.14,0.138058545864,0.0,0
2018-05-27 18:16:06.526,206.2,0.138058545864,0.0,0
2018-05-27 18:16:06.619,206.47,0.138058545864,0.0,0
2018-05-27 18:16:06.806,208.4,0.138058545864,0.0,0
2018-05-27 18:16:06.899,207.89,0.138058545864,0.0,0
2018-05-27 18:16:07.061,209.35,0.138058545864,0.0,0
2018-05-27 18:16:07.154,208.74,0.138058545864,0.0,0
2018-05-27 18:16:07.238,209.12,0.138058545864,0.0,0
2018-05-27 18:16:07.331,209.74,0.138058545864,0.0,0
2018-05-27 18:16:07.424,210.68,0.138058545864,0.0,0
2018-05-27 18:16:07.517,209.74,0.138058545864,0.0,0
2018-05-27 18:16:07.610,211.7,0.138058545864,0.0,0
2018-05-27 18:16:07.703,211.94,0.138058545864,0.0,0
2018-05-27 18:16:07.796,212.99,0.138058545864,0.0,0
2018-05-27 18:16:07.890,212.11,0.138058545864,0.0,0
2018-05-27 18:16:08.051,213.37,0.138058545864,0.0,0
2018-05-27 18:16:08.145,214.67,0.138058545864,0.0,0
2018-05-27 18:16:08.238,214.03,0.138058545864,0.0,0
2018-05-27 18:16:08.321,213.15,0.138058545864,0.0,0
2018-05-27 18:16:08.415,214.23,0.138058545864,0.0,0
2018-05-27 18:16:08.675,216.09,0.138058545864,0.0,0
2018-05-27 18:16:08.769,217.19,0.138058545864,0.0,0
2018-05-27 18:16:08.862,216.48,0.138058545864,0.0,0
2018-05-27 18:16:09.024,217.38,0.138058545864,0.0,0
2018-05-27 18:16:09.107,216.87,0.138058545864,0.0,0
2018-05-27 18:16:09.200,217.34,0.138058545864,0.0,0
2018-05-27 18:16:09.294,217.99,0.138058545864,0.0,0
2018-05-27 18:16:09.377,217.87,0.138058545864,0.0,0
2018-05-27 18:16:09.470,218.63,0.138058545864,0.0,0
2018-05-27 18:16:09.564,218.35,0.138058545864,0.0,0
2018-05-27 18:16:09.750,219.42,0.138058545864,0.0,0
2018-05-27 18:16:09.834,218.59,0.138058545864,0.0,0
2018-05-27 18:16:10.089,219.33,0.138058545864,0.0,0
2018-05-27 18:16:10.182,220.01,0.138058545864,0.0,0
2018-05-27 18:16:10.359,220.34,0.138058545864,0.0,0
2018-05-27 18:16:10.452,220.55,0.138058545864,0.0,0
2018-05-27 18:16:10.545,222.4,0.138058545864,0.0,0
2018-05-27 18:16:10.638,221.87,0.138058545864,0.0,0
2018-05-27 18:16:10.732,222.03,0.138058545864,0.0,0
2018-05-27 18:16:10.815,222.68,0.138058545864,0.0,0
2018-05-27 18:16:11.070,222.34,0.138058545864,0.0,0
2018-05-27 18:16:11.163,223.03,0.138058545864,0.0,0
2018-05-27 18:16:11.349,225.18,0.138058545864,0.0,0
2018-05-27 18:16:11.433,224.74,0.138058545864,0.0,0
2018-05-27 18:16:11.526,225.02,0.138058545864,0.0,0
2018-05-27 18:16:11.610,224.43,0.138058545864,0.0,0
2018-05-27 18:16:11.703,224.99,0.138058545864,0.0,0
2018-05-27 18:16:11.796,225.15,0.138058545864,0.0,0
2018-05-27 18:16:12.312,225.73,0.138058545864,0.0,0
2018-05-27 18:16:12.405,226.69,0.138058545864,0.0,0
2018-05-27 18:16:12.564,228.05,0.138058545864,0.0,0
2018-05-27 18:16:12.666,227.17,0.138058545864,0.0,0
2018-05-27 18:16:12.834,227.94,0.138058545864,0.0,0
2018-05-27 18:16:13.005,228.39,0.138058545864,0.0,0
2018-05-27 18:16:13.098,227.94,0.138058545864,0.0,0
2018-05-27 18:16:13.284,228.83,0.138058545864,0.0,0
2018-05-27 18:16:13.368,229.55,0.138058545864,0.0,0
2018-05-27 18:16:13.647,229.67,0.138058545864,0.0,0
2018-05-27 18:16:13.834,230.32,0.138058545864,0.0,0
2018-05-27 18:16:14.182,231.64,0.138058545864,0.0,0
2018-05-27 18:16:14.275,231.78,0.138058545864,0.0,0
2018-05-27 18:16:14.359,232.13,0.138058545864,0.0,0
2018-05-27 18:16:14.452,231.11,0.138058545864,0.0,0
2018-05-27 18:16:14.545,230.2,0.138058545864,0.0,0
2018-05-27 18:16:14.638,228.61,0.138058545864,0.0,0
2018-05-27 18:16:14.731,228.21,0.138058545864,0.0,0
2018-05-27 18:16:14.917,225.08,0.138058545864,0.0,0
2018-05-27 18:16:15.079,224.24,0.138058545864,0.0,0
2018-05-27 18:16:15.172,223.37,0.138058545864,0.0,0
2018-05-27 18:16:15.266,222.22,0.138058545864,0.0,0
2018-05-27 18:16:15.442,219.72,0.138058545864,0.0,0
2018-05-27 18:16:15.629,220.3,0.138058545864,0.0,0
2018-05-27 18:16:15.722,217.01,0.138058545864,0.0,0
2018-05-27 18:16:16.070,215.0,0.138058545864,0.0,0
2018-05-27 18:16:16.163,213.74,0.138058545864,0.0,0
2018-05-27 18:16:16.256,214.5,0.138058545864,0.0,0
2018-05-27 18:16:16.340,213.78,0.138058545864,0.0,0
2018-05-27 18:16:16.433,210.84,0.138058545864,0.0,0
2018-05-27 18:16:16.619,209.7,0.138058545864,0.0,0
2018-05-27 18:16:16.806,207.35,0.138058545864,0.0,0
2018-05-27 18:16:17.061,206.16,0.138058545864,0.0,0
2018-05-27 18:16:17.154,206.48,0.138058545864,0.0,0
2018-05-27 18:16:17.331,204.21,0.138058545864,0.0,0
2018-05-27 18:16:17.424,204.66,0.138058545864,0.0,0
2018-05-27 18:16:17.517,202.52,0.138058545864,0.0,0
2018-05-27 18:16:17.610,202.26,0.138058545864,0.0,0
2018-05-27 18:16:17.703,202.55,0.138058545864,0.0,0
2018-05-27 18:16:17.796,201.0,0.138058545864,0.0,0
2018-05-27 18:16:17.889,200.88,0.138058545864,0.0,0
2018-05-27 18:16:18.144,199.68,0.138058545864,0.0,0
2018-05-27 18:16:18.238,200.03,0.138058545864,0.0,0
2018-05-27 18:16:18.332,200.39,0.138058545864,0.0,0
2018-05-27 18:16:18.414,200.38,0.138058545864,0.0,0
2018-05-27 18:16:18.508,198.82,0.138058545864,0.0,0
2018-05-27 18:16:18.601,198.09,0.138058545864,0.0,0
2018-05-27 18:16:18.875,199.01,0.138058545864,0.0,0
2018-05-27 18:16:19.033,197.18,0.138058545864,0.0,0
2018-05-27 18:16:19.107,197.13,0.138058545864,0.0,0
2018-05-27 18:16:19.210,196.64,0.138058545864,0.0,0
2018-05-27 18:16:19.293,197.28,0.138058545864,0.0,0
2018-05-27 18:16:19.386,197.47,0.138058545864,0.0,0
2018-05-27 18:16:19.480,198.57,0.138058545864,0.0,0
2018-05-27 18:16:19.573,199.19,0.138058545864,0.0,0
2018-05-27 18:16:19.667,197.67,0.138058545864,0.0,0
2018-05-27 18:16:19.750,198.54,0.138058545864,0.0,0
2018-05-27 18:16:20.005,200.35,0.138058545864,0.0,0
2018-05-27 18:16:20.098,200.35,0.138058545864,0.0,0
2018-05-27 18:16:20.191,199.61,0.138058545864,0.0,0
2018-05-27 18:16:20.461,201.08,0.138058545864,0.0,0
2018-05-27 18:16:20.554,200.13,0.138058545864,0.0,0
2018-05-27 18:16:20.731,200.36,0.138058545864,0.0,0
2018-05-27 18:16:20.917,201.16,0.138058545864,0.0,0
2018-05-27 18:16:21.079,201.93,0.138058545864,0.0,0
2018-05-27 18:16:21.172,203.28,0.138058545864,0.0,0
2018-05-27 18:16:21.359,202.71,0.138058545864,0.0,0
2018-05-27 18:16:21.526,203.92,0.138058545864,0.0,0
2018-05-27 18:16:21.619,205.05,0.138058545864,0.0,0
2018-05-27 18:16:21.712,204.08,0.138058545864,0.0,0
2018-05-27 18:16:21.899,202.36,0.138058545864,0.0,0
2018-05-27 18:16:22.061,200.59,0.138058545864,0.0,0
2018-05-27 18:16:22.247,200.25,0.138058545864,0.0,0
2018-05-27 18:16:22.517,198.54,0.138058545864,0.0,0
2018-05-27 18:16:22.610,198.2,0.138058545864,0.0,0
2018-05-27 18:16:22.703,196.31,0.138058545864,0.0,0
2018-05-27 18:16:22.796,196.31,0.138058545864,0.0,0
2018-05-27 18:16:22.889,196.89,0.138058545864,0.0,0
2018-05-27 18:16:23.051,196.92,0.138058545864,0.0,0
2018-05-27 18:16:23.144,195.68,0.138058545864,0.0,0
2018-05-27 18:16:23.238,195.78,0.138058545864,0.0,0
2018-05-27 18:16:23.331,195.91,0.138058545864,0.0,0
2018-05-27 18:16:23.424,196.54,0.138058545864,0.0,0
2018-05-27 18:16:24.033,195.45,0.138058545864,0.0,0
2018-05-27 18:16:24.116,195.39,0.138058545864,0.0,0
2018-05-27 18:16:24.386,196.42,0.138058545864,0.0,0
2018-05-27 18:16:24.470,196.28,0.138058545864,0.0,0
2018-05-27 18:16:24.563,196.41,0.138058545864,0.0,0
2018-05-27 18:16:24.750,197.84,0.138058545864,0.0,0
2018-05-27 18:16:24.843,197.23,0.138058545864,0.0,0
2018-05-27 18:16:25.005,197.19,0.138058545864,0.0,0
2018-05-27 18:16:25.088,197.62,0.138058545864,0.0,0
2018-05-27 18:16:25.182,199.17,0.138058545864,0.0,0
2018-05-27 18:16:25.275,199.2,0.138058545864,0.0,0
2018-05-27 18:16:25.368,197.6,0.138058545864,0.0,0
2018-05-27 18:16:25.545,198.81,0.138058545864,0.0,0
2018-05-27 18:16:25.638,199.35,0.138058545864,0.0,0
2018-05-27 18:16:25.824,198.9,0.138058545864,0.0,0
2018-05-27 18:16:25.917,198.6,0.138058545864,0.0,0
2018-05-27 18:16:26.070,197.45,0.138058545864,0.0,0
2018-05-27 18:16:26.163,200.16,0.138058545864,0.0,0
2018-05-27 18:16:26.526,199.69,0.138058545864,0.0,0
2018-05-27 18:16:26.619,200.81,0.138058545864,0.0,0
2018-05-27 18:16:26.712,199.81,0.138058545864,0.0,0
2018-05-27 18:16:26.889,199.81,0.138058545864,0.0,0
2018-05-27 18:16:27.051,201.88,0.138058545864,0.0,0
2018-05-27 18:16:27.238,199.4,0.138058545864,0.0,0
2018-05-27 18:16:27.424,200.57,0.138058545864,0.0,0
2018-05-27 18:16:27.517,200.52,0.138058545864,0.0,0
2018-05-27 18:16:27.601,200.13,0.138058545864,0.0,0
2018-05-27 18:16:27.694,201.45,0.138058545864,0.0,0
2018-05-27 18:16:27.787,201.03,0.138058545864,0.0,0
2018-05-27 18:16:27.875,201.8,0.138058545864,0.0,0
2018-05-27 18:16:28.033,200.37,0.138058545864,0.0,0
2018-05-27 18:16:28.293,201.22,0.138058545864,0.0,0
2018-05-27 18:16:28.386,202.38,0.138058545864,0.0,0
2018-05-27 18:16:28.480,201.58,0.138058545864,0.0,0
2018-05-27 18:16:28.573,203.07,0.138058545864,0.0,0
2018-05-27 18:16:28.666,203.66,0.138058545864,0.0,0
2018-05-27 18:16:28.759,202.76,0.138058545864,0.0,0
2018-05-27 18:16:28.852,204.91,0.138058545864,0.0,0
2018-05-27 18:16:29.014,203.68,0.138058545864,0.0,0
2018-05-27 18:16:29.107,205.27,0.138058545864,0.0,0
2018-05-27 18:16:29.200,205.0,0.138058545864,0.0,0
2018-05-27 18:16:29.470,207.32,0.138058545864,0.0,0
2018-05-27 18:16:29.563,206.41,0.138058545864,0.0,0
2018-05-27 18:16:29.657,208.83,0.138058545864,0.0,0
2018-05-27 18:16:30.005,208.4,0.138058545864,0.0,0
2018-05-27 18:16:30.461,211.46,0.138058545864,0.0,0
2018-05-27 18:16:30.564,212.01,0.138058545864,0.0,0
2018-05-27 18:16:30.750,213.11,0.138058545864,0.0,0
2018-05-27 18:16:30.843,212.35,0.138058545864,0.0,0
2018-05-27 18:16:31.004,213.64,0.138058545864,0.0,0
2018-05-27 18:16:31.191,214.43,0.138058545864,0.0,0
2018-05-27 18:16:31.368,214.57,0.138058545864,0.0,0
2018-05-27 18:16:31.461,216.37,0.138058545864,0.0,0
2018-05-27 18:16:31.554,215.44,0.138058545864,0.0,0
2018-05-27 18:16:31.647,216.45,0.138058545864,0.0,0
2018-05-27 18:16:32.088,218.43,0.138058545864,0.0,0
2018-05-27 18:16:32.182,216.93,0.138058545864,0.0,0
2018-05-27 18:16:32.275,217.51,0.138058545864,0.0,0
2018-05-27 18:16:32.358,217.76,0.138058545864,0.0,0
2018-05-27 18:16:32.451,217.9,0.138058545864,0.0,0
2018-05-27 18:16:32.545,218.45,0.138058545864,0.0,0
2018-05-27 18:16:32.638,217.49,0.138058545864,0.0,0
2018-05-27 18:16:32.824,220.24,0.138058545864,0.0,0
2018-05-27 18:16:32.917,219.88,0.138058545864,0.0,0
2018-05-27 18:16:33.079,219.14,0.138058545864,0.0,0
2018-05-27 18:16:33.265,221.32,0.138058545864,0.0,0
2018-05-27 18:16:33.442,222.2,0.138058545864,0.0,0
2018-05-27 18:16:33.535,222.34,0.138058545864,0.0,0
2018-05-27 18:16:33.628,221.14,0.138058545864,0.0,0
2018-05-27 18:16:33.722,222.25,0.138058545864,0.0,0
2018-05-27 18:16:34.070,223.84,0.138058545864,0.0,0
2018-05-27 18:16:34.712,224.32,0.138058545864,0.0,0
2018-05-27 18:16:34.805,224.52,0.138058545864,0.0,0
2018-05-27 18:16:36.051,225.32,0.138058545864,0.0,0
2018-05-27 18:16:36.321,225.07,0.138058545864,0.0,0
2018-05-27 18:16:36.694,225.23,0.138058545864,0.0,0
2018-05-27 18:16:36.787,224.19,0.138058545864,0.0,0
2018-05-27 18:16:36.875,224.71,0.138058545864,0.0,0
2018-05-27 18:16:37.117,226.22,0.138058545864,0.0,0
2018-05-27 18:16:37.200,224.31,0.138058545864,0.0,0
2018-05-27 18:16:37.293,225.04,0.138058545864,0.0,0
2018-05-27 18:16:37.386,226.68,0.138058545864,0.0,0
2018-05-27 18:16:37.563,224.39,0.138058545864,0.0,0
2018-05-27 18:16:37.656,224.79,0.138058545864,0.0,0
2018-05-27 18:16:37.749,224.37,0.138058545864,0.0,0
2018-05-27 18:16:38.358,217.13,0.138058545864,0.0,0
2018-05-27 18:16:38.638,214.21,0.138058545864,0.0,0
2018-05-27 18:16:38.731,212.47,0.138058545864,0.0,0
2018-05-27 18:16:39.079,211.53,0.138058545864,0.0,0
2018-05-27 18:16:39.172,208.61,0.138058545864,0.0,0
2018-05-27 18:16:39.349,208.24,0.138058545864,0.0,0
2018-05-27 18:16:39.712,206.02,0.138058545864,0.0,0
2018-05-27 18:16:39.805,207.19,0.138058545864,0.0,0
2018-05-27 18:16:40.070,205.39,0.138058545864,0.0,0
2018-05-27 18:16:40.163,205.88,0.138058545864,0.0,0
2018-05-27 18:16:41.070,204.16,0.138058545864,0.0,0
2018-05-27 18:16:41.889,205.95,0.138058545864,0.0,0
2018-05-27 18:16:42.051,207.22,0.138058545864,0.0,0
2018-05-27 18:16:42.144,205.78,0.138058545864,0.0,0
2018-05-27 18:16:42.424,207.91,0.138058545864,0.0,0
2018-05-27 18:16:42.875,208.47,0.138058545864,0.0,0
2018-05-27 18:16:43.014,209.83,0.138058545864,0.0,0
2018-05-27 18:16:43.130,208.76,0.138058545864,0.0,0
2018-05-27 18:16:43.210,209.12,0.138058545864,0.0,0
2018-05-27 18:16:43.470,210.4,0.138058545864,0.0,0
2018-05-27 18:16:43.563,212.38,0.138058545864,0.0,0
2018-05-27 18:16:43.656,211.46,0.138058545864,0.0,0
2018-05-27 18:16:43.749,213.13,0.138058545864,0.0,0
2018-05-27 18:16:43.842,212.13,0.138058545864,0.0,0
2018-05-27 18:16:44.274,213.44,0.138058545864,0.0,0
2018-05-27 18:16:44.451,213.68,0.138058545864,0.0,0
2018-05-27 18:16:44.545,214.51,0.138058545864,0.0,0
2018-05-27 18:16:44.731,213.3,0.138058545864,0.0,0
2018-05-27 18:16:44.824,211.98,0.138058545864,0.0,0
2018-05-27 18:16:44.917,210.7,0.138058545864,0.0,0
2018-05-27 18:16:45.163,211.14,0.138058545864,0.0,0
2018-05-27 18:16:45.256,208.98,0.138058545864,0.0,0
2018-05-27 18:16:45.619,207.58,0.138058545864,0.0,0
2018-05-27 18:16:45.796,205.39,0.138058545864,0.0,0
2018-05-27 18:16:45.889,207.02,0.138058545864,0.0,0
2018-05-27 18:16:46.051,205.29,0.138058545864,0.0,0
2018-05-27 18:16:46.330,204.01,0.138058545864,0.0,0
2018-05-27 18:16:46.517,204.31,0.138058545864,0.0,0
2018-05-27 18:16:46.610,205.87,0.138058545864,0.0,0
2018-05-27 18:16:46.797,206.05,0.138058545864,0.0,0
2018-05-27 18:16:46.880,205.89,0.138058545864,0.0,0
2018-05-27 18:16:47.042,204.79,0.138058545864,0.0,0
2018-05-27 18:16:47.135,204.49,0.138058545864,0.0,0
2018-05-27 18:16:47.321,204.1,0.138058545864,0.0,0
2018-05-27 18:16:47.414,205.67,0.138058545864,0.0,0
2018-05-27 18:16:47.498,205.14,0.138058545864,0.0,0
2018-05-27 18:16:47.582,204.76,0.138058545864,0.0,0
2018-05-27 18:16:47.666,204.5,0.138058545864,0.0,0
2018-05-27 18:16:47.852,203.47,0.138058545864,0.0,0
2018-05-27 18:16:48.014,205.62,0.138058545864,0.0,0
2018-05-27 18:16:48.107,204.17,0.138058545864,0.0,0
2018-05-27 18:16:48.200,205.76,0.138058545864,0.0,0
2018-05-27 18:16:48.293,203.94,0.138058545864,0.0,0
2018-05-27 18:16:48.386,205.49,0.138058545864,0.0,0
2018-05-27 18:16:48.479,204.69,0.138058545864,0.0,0
2018-05-27 18:16:48.573,204.82,0.138058545864,0.0,0
2018-05-27 18:16:48.656,205.33,0.138058545864,0.0,0
2018-05-27 18:16:48.749,206.94,0.138058545864,0.0,0
2018-05-27 18:16:48.842,205.4,0.138058545864,0.0,0
2018-05-27 18:16:49.089,206.89,0.138058545864,0.0,0
2018-05-27 18:16:49.181,206.55,0.138058545864,0.0,0
2018-05-27 18:16:49.366,208.08,0.138058545864,0.0,0
2018-05-27 18:16:49.638,207.78,0.138058545864,0.0,0
2018-05-27 18:16:49.731,208.94,0.138058545864,0.0,0
2018-05-27 18:16:49.824,208.52,0.138058545864,0.0,0
2018-05-27 18:16:49.908,209.08,0.138058545864,0.0,0
2018-05-27 18:16:50.069,210.68,0.138058545864,0.0,0
2018-05-27 18:16:50.265,209.76,0.138058545864,0.0,0
2018-05-27 18:16:50.442,211.22,0.138058545864,0.0,0
2018-05-27 18:16:50.535,211.06,0.138058545864,0.0,0
2018-05-27 18:16:50.712,211.88,0.138058545864,0.0,0
2018-05-27 18:16:50.805,212.82,0.138058545864,0.0,0
2018-05-27 18:16:51.060,213.37,0.138058545864,0.0,0
2018-05-27 18:16:51.153,213.93,0.138058545864,0.0,0
2018-05-27 18:16:51.246,213.49,0.138058545864,0.0,0
2018-05-27 18:16:51.330,213.62,0.138058545864,0.0,0
2018-05-27 18:16:51.424,214.16,0.138058545864,0.0,0
2018-05-27 18:16:51.693,215.66,0.138058545864,0.0,0
2018-05-27 18:16:51.787,215.71,0.138058545864,0.0,0
2018-05-27 18:16:51.875,216.03,0.138058545864,0.0,0
2018-05-27 18:16:52.032,216.74,0.138058545864,0.0,0
2018-05-27 18:16:52.116,216.36,0.138058545864,0.0,0
2018-05-27 18:16:52.209,217.16,0.138058545864,0.0,0
2018-05-27 18:16:52.293,216.64,0.138058545864,0.0,0
2018-05-27 18:16:52.386,218.36,0.138058545864,0.0,0
2018-05-27 18:16:52.572,217.35,0.138058545864,0.0,0
2018-05-27 18:16:52.665,218.9,0.138058545864,0.0,0
2018-05-27 18:16:52.759,218.86,0.138058545864,0.0,0
2018-05-27 18:16:52.852,218.27,0.138058545864,0.0,0
2018-05-27 18:16:53.014,218.73,0.138058545864,0.0,0
2018-05-27 18:16:53.107,220.13,0.138058545864,0.0,0
2018-05-27 18:16:53.284,220.41,0.138058545864,0.0,0
2018-05-27 18:16:53.367,219.34,0.138058545864,0.0,0
2018-05-27 18:16:53.461,221.12,0.138058545864,0.0,0
2018-05-27 18:16:53.554,220.16,0.138058545864,0.0,0
2018-05-27 18:16:53.647,220.22,0.138058545864,0.0,0
2018-05-27 18:16:53.740,220.72,0.138058545864,0.0,0
2018-05-27 18:16:53.833,222.01,0.138058545864,0.0,0
2018-05-27 18:16:53.926,222.95,0.138058545864,0.0,0
2018-05-27 18:16:54.088,221.41,0.138058545864,0.0,0
2018-05-27 18:16:54.265,222.21,0.138058545864,0.0,0
2018-05-27 18:16:54.358,221.91,0.138058545864,0.0,0
2018-05-27 18:16:54.535,223.42,0.138058545864,0.0,0
2018-05-27 18:16:54.628,223.25,0.138058545864,0.0,0
2018-05-27 18:16:54.721,222.92,0.138058545864,0.0,0
2018-05-27 18:16:54.814,224.44,0.138058545864,0.0,0
2018-05-27 18:16:54.908,225.12,0.138058545864,0.0,0
2018-05-27 18:16:55.060,224.32,0.138058545864,0.0,0
2018-05-27 18:16:55.330,224.54,0.138058545864,0.0,0
2018-05-27 18:16:55.423,225.39,0.138058545864,0.0,0
2018-05-27 18:16:55.516,225.66,0.138058545864,0.0,0
2018-05-27 18:16:55.797,225.58,0.138058545864,0.0,0
2018-05-27 18:16:56.042,226.22,0.138058545864,0.0,0
2018-05-27 18:16:56.228,225.49,0.138058545864,0.0,0
2018-05-27 18:16:56.414,225.14,0.138058545864,0.0,0
2018-05-27 18:16:56.498,226.82,0.138058545864,0.0,0
2018-05-27 18:16:56.665,226.54,0.138058545864,0.0,0
2018-05-27 18:16:56.759,226.33,0.138058545864,0.0,0
2018-05-27 18:16:56.852,225.81,0.138058545864,0.0,0
2018-05-27 18:16:57.013,226.45,0.138058545864,0.0,0
2018-05-27 18:16:57.200,227.15,0.138058545864,0.0,0
2018-05-27 18:16:57.293,228.11,0.138058545864,0.0,0
2018-05-27 18:16:57.833,227.93,0.138058545864,0.0,0
2018-05-27 18:16:57.926,228.14,0.138058545864,0.0,0
2018-05-27 18:16:58.088,227.89,0.138058545864,0.0,0
2018-05-27 18:16:58.181,228.55,0.138058545864,0.0,0
2018-05-27 18:16:58.274,229.1,0.138058545864,0.0,0
2018-05-27 18:16:58.358,229.36,0.138058545864,0.0,0
2018-05-27 18:16:58.637,227.59,0.138058545864,0.0,0
2018-05-27 18:16:58.731,225.27,0.138058545864,0.0,0
2018-05-27 18:16:59.079,222.82,0.138058545864,0.0,0
2018-05-27 18:16:59.172,222.67,0.138058545864,0.0,0
2018-05-27 18:16:59.265,219.96,0.138058545864,0.0,0
2018-05-27 18:16:59.647,216.93,0.138058545864,0.0,0
2018-05-27 18:16:59.833,212.84,0.138058545864,0.0,0
2018-05-27 18:17:00.172,210.73,0.138058545864,0.0,0
2018-05-27 18:17:00.349,209.25,0.138058545864,0.0,0
2018-05-27 18:17:00.628,209.37,0.138058545864,0.0,0
2018-05-27 18:17:00.898,206.57,0.138058545864,0.0,0
2018-05-27 18:17:01.153,205.99,0.138058545864,0.0,0
2018-05-27 18:17:01.330,205.89,0.138058545864,0.0,0
2018-05-27 18:17:01.516,206.07,0.138058545864,0.0,0
2018-05-27 18:17:01.609,205.02,0.138058545864,0.0,0
2018-05-27 18:17:01.693,204.73,0.138058545864,0.0,0
2018-05-27 18:17:01.786,204.68,0.138058545864,0.0,0
2018-05-27 18:17:01.875,204.31,0.138058545864,0.0,0
2018-05-27 18:17:02.116,203.39,0.138058545864,0.0,0
2018-05-27 18:17:02.200,203.48,0.138058545864,0.0,0
2018-05-27 18:17:02.293,203.15,0.138058545864,0.0,0
2018-05-27 18:17:02.377,202.51,0.138058545864,0.0,0
2018-05-27 18:17:02.470,203.58,0.138058545864,0.0,0
2018-05-27 18:17:02.563,202.58,0.138058545864,0.0,0
2018-05-27 18:17:02.647,202.44,0.138058545864,0.0,0
2018-05-27 18:17:02.740,201.97,0.138058545864,0.0,0
2018-05-27 18:17:02.926,203.01,0.138058545864,0.0,0
2018-05-27 18:17:03.088,204.12,0.138058545864,0.0,0
2018-05-27 18:17:03.182,203.36,0.138058545864,0.0,0
2018-05-27 18:17:03.349,205.32,0.138058545864,0.0,0
2018-05-27 18:17:03.535,205.16,0.138058545864,0.0,0
2018-05-27 18:17:03.628,203.64,0.138058545864,0.0,0
2018-05-27 18:17:03.721,205.35,0.138058545864,0.0,0
2018-05-27 18:17:03.814,204.96,0.138058545864,0.0,0
2018-05-27 18:17:03.908,205.67,0.138058545864,0.0,0
2018-05-27 18:17:04.070,207.17,0.138058545864,0.0,0
2018-05-27 18:17:04.153,207.5,0.138058545864,0.0,0
2018-05-27 18:17:04.246,206.51,0.138058545864,0.0,0
2018-05-27 18:17:04.330,206.35,0.138058545864,0.0,0
2018-05-27 18:17:04.423,208.43,0.138058545864,0.0,0
2018-05-27 18:17:04.516,207.31,0.138058545864,0.0,0
2018-05-27 18:17:04.609,209.06,0.138058545864,0.0,0
2018-05-27 18:17:04.703,208.97,0.138058545864,0.0,0
2018-05-27 18:17:04.796,210.19,0.138058545864,0.0,0
2018-05-27 18:17:04.889,208.88,0.138058545864,0.0,0
2018-05-27 18:17:05.227,211.12,0.138058545864,0.0,0
2018-05-27 18:17:05.321,210.78,0.138058545864,0.0,0
2018-05-27 18:17:05.414,212.81,0.138058545864,0.0,0
2018-05-27 18:17:05.498,212.85,0.138058545864,0.0,0
2018-05-27 18:17:05.581,213.23,0.138058545864,0.0,0
2018-05-27 18:17:05.665,211.4,0.138058545864,0.0,0
2018-05-27 18:17:05.777,211.55,0.138058545864,0.0,0
2018-05-27 18:17:06.013,211.56,0.138058545864,0.0,0
2018-05-27 18:17:06.106,208.8,0.138058545864,0.0,0
2018-05-27 18:17:06.563,205.68,0.138058545864,0.0,0
2018-05-27 18:17:06.656,205.87,0.138058545864,0.0,0
2018-05-27 18:17:06.749,203.85,0.138058545864,0.0,0
2018-05-27 18:17:07.097,202.85,0.138058545864,0.0,0
2018-05-27 18:17:07.190,204.06,0.138058545864,0.0,0
2018-05-27 18:17:07.283,202.67,0.138058545864,0.0,0
2018-05-27 18:17:07.368,202.48,0.138058545864,0.0,0
2018-05-27 18:17:07.460,202.63,0.138058545864,0.0,0
2018-05-27 18:17:07.740,204.32,0.138058545864,0.0,0
2018-05-27 18:17:07.833,202.72,0.138058545864,0.0,0
2018-05-27 18:17:07.926,201.65,0.138058545864,0.0,0
2018-05-27 18:17:08.181,201.58,0.138058545864,0.0,0
2018-05-27 18:17:08.274,201.77,0.138058545864,0.0,0
2018-05-27 18:17:08.367,202.84,0.138058545864,0.0,0
2018-05-27 18:17:08.451,202.46,0.138058545864,0.0,0
2018-05-27 18:17:08.544,201.15,0.138058545864,0.0,0
2018-05-27 18:17:08.637,202.07,0.138058545864,0.0,0
2018-05-27 18:17:08.917,202.83,0.138058545864,0.0,0
2018-05-27 18:17:09.078,202.42,0.138058545864,0.0,0
2018-05-27 18:17:09.172,201.57,0.138058545864,0.0,0
2018-05-27 18:17:09.265,204.25,0.138058545864,0.0,0
2018-05-27 18:17:09.349,204.08,0.138058545864,0.0,0
2018-05-27 18:17:09.535,203.7,0.138058545864,0.0,0
2018-05-27 18:17:09.721,203.83,0.138058545864,0.0,0
2018-05-27 18:17:09.814,205.25,0.138058545864,0.0,0
2018-05-27 18:17:09.907,204.48,0.138058545864,0.0,0
2018-05-27 18:17:10.069,206.08,0.138058545864,0.0,0
2018-05-27 18:17:10.162,204.9,0.138058545864,0.0,0
2018-05-27 18:17:10.255,204.9,0.138058545864,0.0,0
2018-05-27 18:17:10.339,205.18,0.138058545864,0.0,0
2018-05-27 18:17:10.432,206.95,0.138058545864,0.0,0
2018-05-27 18:17:10.526,205.54,0.138058545864,0.0,0
2018-05-27 18:17:10.619,207.57,0.138058545864,0.0,0
2018-05-27 18:17:10.712,206.34,0.138058545864,0.0,0
2018-05-27 18:17:10.805,208.22,0.138058545864,0.0,0
2018-05-27 18:17:11.153,208.64,0.138058545864,0.0,0
2018-05-27 18:17:11.246,210.28,0.138058545864,0.0,0
2018-05-27 18:17:11.330,210.42,0.138058545864,0.0,0
2018-05-27 18:17:11.423,208.92,0.138058545864,0.0,0
2018-05-27 18:17:11.609,210.9,0.138058545864,0.0,0
2018-05-27 18:17:11.795,211.75,0.138058545864,0.0,0
2018-05-27 18:17:11.889,212.14,0.138058545864,0.0,0
2018-05-27 18:17:12.050,213.21,0.138058545864,0.0,0
2018-05-27 18:17:12.144,212.51,0.138058545864,0.0,0
2018-05-27 18:17:12.237,213.83,0.138058545864,0.0,0
2018-05-27 18:17:12.330,213.85,0.138058545864,0.0,0
2018-05-27 18:17:12.507,213.93,0.138058545864,0.0,0
2018-05-27 18:17:12.600,215.52,0.138058545864,0.0,0
2018-05-27 18:17:12.693,215.41,0.138058545864,0.0,0
2018-05-27 18:17:13.116,216.25,0.138058545864,0.0,0
2018-05-27 18:17:13.469,217.37,0.138058545864,0.0,0
2018-05-27 18:17:13.563,218.47,0.138058545864,0.0,0
2018-05-27 18:17:13.656,217.42,0.138058545864,0.0,0
2018-05-27 18:17:13.749,217.6,0.138058545864,0.0,0
2018-05-27 18:17:13.842,218.56,0.138058545864,0.0,0
2018-05-27 18:17:14.097,218.68,0.138058545864,0.0,0
2018-05-27 18:17:14.181,220.28,0.138058545864,0.0,0
2018-05-27 18:17:15.069,222.63,0.138058545864,0.0,0
2018-05-27 18:17:15.255,221.77,0.138058545864,0.0,0
2018-05-27 18:17:15.525,222.51,0.138058545864,0.0,0
2018-05-27 18:17:15.805,224.57,0.138058545864,0.0,0
2018-05-27 18:17:16.060,224.38,0.138058545864,0.0,0
2018-05-27 18:17:16.153,224.74,0.138058545864,0.0,0
2018-05-27 18:17:16.330,225.16,0.138058545864,0.0,0
2018-05-27 18:17:16.516,224.85,0.138058545864,0.0,0
2018-05-27 18:17:16.609,225.81,0.138058545864,0.0,0
2018-05-27 18:17:16.702,226.99,0.138058545864,0.0,0
2018-05-27 18:17:17.507,227.91,0.138058545864,0.0,0
2018-05-27 18:17:17.600,228.25,0.138058545864,0.0,0
2018-05-27 18:17:18.311,229.66,0.138058545864,0.0,0
2018-05-27 18:17:18.861,230.37,0.138058545864,0.0,0
2018-05-27 18:17:19.013,230.27,0.138058545864,0.0,0
2018-05-27 18:17:19.376,232.04,0.138058545864,0.0,0
2018-05-27 18:17:19.656,229.43,0.138058545864,0.0,0
2018-05-27 18:17:20.367,220.99,0.138058545864,0.0,0
2018-05-27 18:17:20.544,217.89,0.138058545864,0.0,0
2018-05-27 18:17:20.730,218.24,0.138058545864,0.0,0
2018-05-27 18:17:20.814,216.29,0.138058545864,0.0,0
2018-05-27 18:17:21.162,213.09,0.138058545864,0.0,0
2018-05-27 18:17:21.339,212.93,0.138058545864,0.0,0
2018-05-27 18:17:21.525,211.22,0.138058545864,0.0,0
2018-05-27 18:17:21.618,208.42,0.138058545864,0.0,0
2018-05-27 18:17:21.712,209.7,0.138058545864,0.0,0
2018-05-27 18:17:22.050,208.13,0.138058545864,0.0,0
2018-05-27 18:17:22.143,205.72,0.138058545864,0.0,0
2018-05-27 18:17:22.236,206.89,0.138058545864,0.0,0
2018-05-27 18:17:22.423,207.11,0.138058545864,0.0,0
2018-05-27 18:17:22.516,205.58,0.138058545864,0.0,0
2018-05-27 18:17:22.609,205.76,0.138058545864,0.0,0
2018-05-27 18:17:22.693,205.45,0.138058545864,0.0,0
2018-05-27 18:17:23.376,205.87,0.138058545864,0.0,0
2018-05-27 18:17:24.097,206.64,0.138058545864,0.0,0
2018-05-27 18:17:24.181,207.16,0.138058545864,0.0,0
2018-05-27 18:17:24.274,204.87,0.138058545864,0.0,0
2018-05-27 18:17:24.358,205.04,0.138058545864,0.0,0
2018-05-27 18:17:24.530,206.42,0.138058545864,0.0,0
2018-05-27 18:17:24.625,208.25,0.138058545864,0.0,0
2018-05-27 18:17:24.711,206.3,0.138058545864,0.0,0
2018-05-27 18:17:25.050,207.76,0.138058545864,0.0,0
2018-05-27 18:17:25.143,209.35,0.138058545864,0.0,0
2018-05-27 18:17:25.236,207.38,0.138058545864,0.0,0
2018-05-27 18:17:25.330,209.85,0.138058545864,0.0,0
2018-05-27 18:17:25.413,209.25,0.138058545864,0.0,0
2018-05-27 18:17:25.693,212.16,0.138058545864,0.0,0
2018-05-27 18:17:25.786,210.98,0.138058545864,0.0,0
2018-05-27 18:17:26.385,213.11,0.138058545864,0.0,0
2018-05-27 18:17:26.655,215.91,0.138058545864,0.0,0
2018-05-27 18:17:26.925,213.73,0.138058545864,0.0,0
2018-05-27 18:17:27.087,214.34,0.138058545864,0.0,0
2018-05-27 18:17:27.367,212.81,0.138058545864,0.0,0
2018-05-27 18:17:27.450,211.39,0.138058545864,0.0,0
2018-05-27 18:17:27.730,207.36,0.138058545864,0.0,0
2018-05-27 18:17:27.907,207.96,0.138058545864,0.0,0
2018-05-27 18:17:28.069,205.48,0.138058545864,0.0,0
2018-05-27 18:17:28.432,205.61,0.138058545864,0.0,0
2018-05-27 18:17:28.525,202.84,0.138058545864,0.0,0
2018-05-27 18:17:28.610,203.4,0.138058545864,0.0,0
2018-05-27 18:17:28.702,203.82,0.138058545864,0.0,0
2018-05-27 18:17:28.795,204.45,0.138058545864,0.0,0
2018-05-27 18:17:28.888,202.47,0.138058545864,0.0,0
2018-05-27 18:17:29.050,203.58,0.138058545864,0.0,0
2018-05-27 18:17:29.236,202.23,0.138058545864,0.0,0
2018-05-27 18:17:29.423,202.01,0.138058545864,0.0,0
2018-05-27 18:17:29.693,202.46,0.138058545864,0.0,0
2018-05-27 18:17:29.786,201.57,0.138058545864,0.0,0
2018-05-27 18:17:29.874,201.08,0.138058545864,0.0,0
2018-05-27 18:17:30.031,201.28,0.138058545864,0.0,0
2018-05-27 18:17:30.115,201.33,0.138058545864,0.0,0
2018-05-27 18:17:30.199,200.73,0.138058545864,0.0,0
2018-05-27 18:17:30.292,201.86,0.138058545864,0.0,0
2018-05-27 18:17:30.376,201.88,0.138058545864,0.0,0
2018-05-27 18:17:30.469,201.44,0.138058545864,0.0,0
2018-05-27 18:17:30.562,200.61,0.138058545864,0.0,0
2018-05-27 18:17:30.655,202.7,0.138058545864,0.0,0
2018-05-27 18:17:30.748,201.66,0.138058545864,0.0,0
2018-05-27 18:17:30.841,201.26,0.138058545864,0.0,0
2018-05-27 18:17:31.003,203.03,0.138058545864,0.0,0
2018-05-27 18:17:31.096,202.15,0.138058545864,0.0,0
2018-05-27 18:17:31.190,202.35,0.138058545864,0.0,0
2018-05-27 18:17:31.367,204.19,0.138058545864,0.0,0
2018-05-27 18:17:31.460,202.5,0.138058545864,0.0,0
2018-05-27 18:17:31.553,204.0,0.138058545864,0.0,0
2018-05-27 18:17:31.646,204.16,0.138058545864,0.0,0
2018-05-27 18:17:31.739,203.75,0.138058545864,0.0,0
2018-05-27 18:17:31.832,205.39,0.138058545864,0.0,0
2018-05-27 18:17:31.925,204.69,0.138058545864,0.0,0
2018-05-27 18:17:32.087,206.02,0.138058545864,0.0,0
2018-05-27 18:17:32.180,204.93,0.138058545864,0.0,0
2018-05-27 18:17:32.273,205.87,0.138058545864,0.0,0
2018-05-27 18:17:32.357,206.09,0.138058545864,0.0,0
2018-05-27 18:17:32.450,206.27,0.138058545864,0.0,0
2018-05-27 18:17:32.543,206.68,0.138058545864,0.0,0
2018-05-27 18:17:32.637,208.08,0.138058545864,0.0,0
2018-05-27 18:17:32.823,209.11,0.138058545864,0.0,0
2018-05-27 18:17:32.916,207.28,0.138058545864,0.0,0
2018-05-27 18:17:33.078,209.41,0.138058545864,0.0,0
2018-05-27 18:17:33.171,208.89,0.138058545864,0.0,0
2018-05-27 18:17:33.264,210.09,0.138058545864,0.0,0
2018-05-27 18:17:33.348,209.98,0.138058545864,0.0,0
2018-05-27 18:17:33.441,209.64,0.138058545864,0.0,0
2018-05-27 18:17:33.534,210.6,0.138058545864,0.0,0
2018-05-27 18:17:33.627,212.26,0.138058545864,0.0,0
2018-05-27 18:17:33.814,212.41,0.138058545864,0.0,0
2018-05-27 18:17:34.068,213.16,0.138058545864,0.0,0
2018-05-27 18:17:34.162,211.71,0.138058545864,0.0,0
2018-05-27 18:17:34.255,212.38,0.138058545864,0.0,0
2018-05-27 18:17:34.432,214.45,0.138058545864,0.0,0
2018-05-27 18:17:34.525,213.56,0.138058545864,0.0,0
2018-05-27 18:17:34.618,213.78,0.138058545864,0.0,0
2018-05-27 18:17:34.711,215.25,0.138058545864,0.0,0
2018-05-27 18:17:34.804,214.34,0.138058545864,0.0,0
2018-05-27 18:17:34.897,215.14,0.138058545864,0.0,0
2018-05-27 18:17:35.059,216.1,0.138058545864,0.0,0
2018-05-27 18:17:35.152,216.32,0.138058545864,0.0,0
2018-05-27 18:17:35.245,216.07,0.138058545864,0.0,0
2018-05-27 18:17:35.329,216.53,0.138058545864,0.0,0
2018-05-27 18:17:35.422,217.99,0.138058545864,0.0,0
2018-05-27 18:17:35.515,217.5,0.138058545864,0.0,0
2018-05-27 18:17:35.609,218.03,0.138058545864,0.0,0
2018-05-27 18:17:35.702,217.7,0.138058545864,0.0,0
2018-05-27 18:17:35.795,217.99,0.138058545864,0.0,0
2018-05-27 18:17:35.888,217.06,0.138058545864,0.0,0
2018-05-27 18:17:36.050,218.05,0.138058545864,0.0,0
2018-05-27 18:17:36.143,219.25,0.138058545864,0.0,0
2018-05-27 18:17:36.236,219.2,0.138058545864,0.0,0
2018-05-27 18:17:36.329,218.74,0.138058545864,0.0,0
2018-05-27 18:17:36.413,218.8,0.138058545864,0.0,0
2018-05-27 18:17:36.506,219.34,0.138058545864,0.0,0
2018-05-27 18:17:36.599,219.46,0.138058545864,0.0,0
2018-05-27 18:17:36.692,220.94,0.138058545864,0.0,0
2018-05-27 18:17:36.786,219.73,0.138058545864,0.0,0
2018-05-27 18:17:36.874,221.09,0.138058545864,0.0,0
2018-05-27 18:17:37.031,221.11,0.138058545864,0.0,0
2018-05-27 18:17:37.115,221.91,0.138058545864,0.0,0
2018-05-27 18:17:37.208,222.58,0.138058545864,0.0,0
2018-05-27 18:17:37.292,222.37,0.138058545864,0.0,0
2018-05-27 18:17:37.469,221.92,0.138058545864,0.0,0
2018-05-27 18:17:37.558,222.42,0.138058545864,0.0,0
2018-05-27 18:17:37.841,222.46,0.138058545864,0.0,0
2018-05-27 18:17:38.096,223.59,0.138058545864,0.0,0
2018-05-27 18:17:38.171,224.02,0.138058545864,0.0,0
2018-05-27 18:17:38.543,223.42,0.138058545864,0.0,0
2018-05-27 18:17:38.637,224.26,0.138058545864,0.0,0
2018-05-27 18:17:38.730,224.32,0.138058545864,0.0,0
2018-05-27 18:17:38.916,224.9,0.138058545864,0.0,0
2018-05-27 18:17:39.171,225.41,0.138058545864,0.0,0
2018-05-27 18:17:39.264,224.96,0.138058545864,0.0,0
2018-05-27 18:17:39.348,225.22,0.138058545864,0.0,0
2018-05-27 18:17:39.534,225.26,0.138058545864,0.0,0
2018-05-27 18:17:39.720,225.59,0.138058545864,0.0,0
2018-05-27 18:17:39.813,226.18,0.138058545864,0.0,0
2018-05-27 18:17:40.068,225.55,0.138058545864,0.0,0
2018-05-27 18:17:40.338,225.25,0.138058545864,0.0,0
2018-05-27 18:17:40.432,225.17,0.138058545864,0.0,0
2018-05-27 18:17:40.525,225.01,0.138058545864,0.0,0
2018-05-27 18:17:40.804,224.69,0.138058545864,0.0,0
2018-05-27 18:17:40.897,225.59,0.138058545864,0.0,0
2018-05-27 18:17:41.059,224.84,0.138058545864,0.0,0
2018-05-27 18:17:41.152,223.38,0.138058545864,0.0,0
2018-05-27 18:17:41.245,221.7,0.138058545864,0.0,0
2018-05-27 18:17:41.515,218.53,0.138058545864,0.0,0
2018-05-27 18:17:41.602,218.22,0.138058545864,0.0,0
2018-05-27 18:17:41.692,216.31,0.138058545864,0.0,0
2018-05-27 18:17:41.795,215.72,0.138058545864,0.0,0
2018-05-27 18:17:42.143,213.38,0.138058545864,0.0,0
2018-05-27 18:17:42.422,210.92,0.138058545864,0.0,0
2018-05-27 18:17:42.599,210.63,0.138058545864,0.0,0
2018-05-27 18:17:42.874,208.0,0.138058545864,0.0,0
2018-05-27 18:17:43.022,207.9,0.138058545864,0.0,0
2018-05-27 18:17:43.115,205.44,0.138058545864,0.0,0
2018-05-27 18:17:43.193,206.41,0.138058545864,0.0,0
2018-05-27 18:17:43.273,206.29,0.138058545864,0.0,0
2018-05-27 18:17:43.562,204.09,0.138058545864,0.0,0
2018-05-27 18:17:43.655,205.35,0.138058545864,0.0,0
2018-05-27 18:17:43.748,203.71,0.138058545864,0.0,0
2018-05-27 18:17:43.841,204.87,0.138058545864,0.0,0
2018-05-27 18:17:44.096,203.68,0.138058545864,0.0,0
2018-05-27 18:17:44.190,204.02,0.138058545864,0.0,0
2018-05-27 18:17:44.273,204.59,0.138058545864,0.0,0
2018-05-27 18:17:44.450,202.71,0.138058545864,0.0,0
2018-05-27 18:17:44.543,203.79,0.138058545864,0.0,0
2018-05-27 18:17:44.636,202.35,0.138058545864,0.0,0
2018-05-27 18:17:44.729,203.01,0.138058545864,0.0,0
2018-05-27 18:17:44.822,204.15,0.138058545864,0.0,0
2018-05-27 18:17:45.078,203.5,0.138058545864,0.0,0
2018-05-27 18:17:45.254,204.83,0.138058545864,0.0,0
2018-05-27 18:17:45.348,203.47,0.138058545864,0.0,0
2018-05-27 18:17:45.431,204.05,0.138058545864,0.0,0
2018-05-27 18:17:45.524,204.69,0.138058545864,0.0,0
2018-05-27 18:17:45.618,204.29,0.138058545864,0.0,0
2018-05-27 18:17:45.711,204.95,0.138058545864,0.0,0
2018-05-27 18:17:45.804,205.72,0.138058545864,0.0,0
2018-05-27 18:17:45.897,204.95,0.138058545864,0.0,0
2018-05-27 18:17:46.049,204.91,0.138058545864,0.0,0
2018-05-27 18:17:46.143,206.0,0.138058545864,0.0,0
2018-05-27 18:17:46.236,205.5,0.138058545864,0.0,0
2018-05-27 18:17:46.329,206.78,0.138058545864,0.0,0
2018-05-27 18:17:46.515,206.66,0.138058545864,0.0,0
2018-05-27 18:17:46.608,206.22,0.138058545864,0.0,0
2018-05-27 18:17:46.701,206.67,0.138058545864,0.0,0
2018-05-27 18:17:46.795,206.91,0.138058545864,0.0,0
2018-05-27 18:17:46.888,207.08,0.138058545864,0.0,0
2018-05-27 18:17:47.040,208.11,0.138058545864,0.0,0
2018-05-27 18:17:47.133,207.98,0.138058545864,0.0,0
2018-05-27 18:17:47.226,208.96,0.138058545864,0.0,0
2018-05-27 18:17:47.320,209.15,0.138058545864,0.0,0
2018-05-27 18:17:47.413,210.36,0.138058545864,0.0,0
2018-05-27 18:17:47.497,210.65,0.138058545864,0.0,0
2018-05-27 18:17:47.580,211.77,0.138058545864,0.0,0
2018-05-27 18:17:47.674,210.57,0.138058545864,0.0,0
2018-05-27 18:17:48.105,212.07,0.138058545864,0.0,0
2018-05-27 18:17:48.199,214.0,0.138058545864,0.0,0
2018-05-27 18:17:48.385,212.93,0.138058545864,0.0,0
2018-05-27 18:17:48.646,211.95,0.138058545864,0.0,0
2018-05-27 18:17:48.739,209.97,0.138058545864,0.0,0
2018-05-27 18:17:48.832,210.47,0.138058545864,0.0,0
2018-05-27 18:17:49.180,206.16,0.138058545864,0.0,0
2018-05-27 18:17:49.273,207.79,0.138058545864,0.0,0
2018-05-27 18:17:49.450,205.19,0.138058545864,0.0,0
2018-05-27 18:17:49.627,206.37,0.138058545864,0.0,0
2018-05-27 18:17:49.906,204.03,0.138058545864,0.0,0
2018-05-27 18:17:50.161,205.06,0.138058545864,0.0,0
2018-05-27 18:17:50.254,203.36,0.138058545864,0.0,0
2018-05-27 18:17:50.338,203.81,0.138058545864,0.0,0
2018-05-27 18:17:50.431,204.39,0.138058545864,0.0,0
2018-05-27 18:17:50.617,203.79,0.138058545864,0.0,0
2018-05-27 18:17:50.711,205.52,0.138058545864,0.0,0
2018-05-27 18:17:50.804,204.62,0.138058545864,0.0,0
2018-05-27 18:17:51.059,204.17,0.138058545864,0.0,0
2018-05-27 18:17:51.152,205.78,0.138058545864,0.0,0
2018-05-27 18:17:51.245,205.12,0.138058545864,0.0,0
2018-05-27 18:17:51.329,204.92,0.138058545864,0.0,0
2018-05-27 18:17:51.422,204.78,0.138058545864,0.0,0
2018-05-27 18:17:51.515,206.49,0.138058545864,0.0,0
2018-05-27 18:17:51.608,204.59,0.138058545864,0.0,0
2018-05-27 18:17:51.701,206.37,0.138058545864,0.0,0
2018-05-27 18:17:51.888,206.59,0.138058545864,0.0,0
2018-05-27 18:17:52.049,205.19,0.138058545864,0.0,0
2018-05-27 18:17:52.142,205.38,0.138058545864,0.0,0
2018-05-27 18:17:52.236,206.51,0.138058545864,0.0,0
2018-05-27 18:17:52.506,207.55,0.138058545864,0.0,0
2018-05-27 18:17:52.599,206.16,0.138058545864,0.0,0
2018-05-27 18:17:52.692,207.54,0.138058545864,0.0,0
2018-05-27 18:17:52.785,207.0,0.138058545864,0.0,0
2018-05-27 18:17:52.878,208.35,0.138058545864,0.0,0
2018-05-27 18:17:53.040,207.35,0.138058545864,0.0,0
2018-05-27 18:17:53.319,209.12,0.138058545864,0.0,0
2018-05-27 18:17:53.408,209.7,0.138058545864,0.0,0
2018-05-27 18:17:53.496,208.86,0.138058545864,0.0,0
2018-05-27 18:17:53.580,208.72,0.138058545864,0.0,0
2018-05-27 18:17:53.673,211.06,0.138058545864,0.0,0
2018-05-27 18:17:53.766,209.5,0.138058545864,0.0,0
2018-05-27 18:17:54.021,211.29,0.138058545864,0.0,0
2018-05-27 18:17:54.385,210.9,0.138058545864,0.0,0
2018-05-27 18:17:54.468,210.85,0.138058545864,0.0,0
2018-05-27 18:17:54.562,209.87,0.138058545864,0.0,0
2018-05-27 18:17:54.655,209.66,0.138058545864,0.0,0
2018-05-27 18:17:54.748,208.1,0.138058545864,0.0,0
2018-05-27 18:17:54.915,206.58,0.138058545864,0.0,0
2018-05-27 18:17:55.077,206.21,0.138058545864,0.0,0
2018-05-27 18:17:55.170,204.62,0.138058545864,0.0,0
2018-05-27 18:17:55.263,203.87,0.138058545864,0.0,0
2018-05-27 18:17:56.524,195.7,0.138058545864,0.0,0
2018-05-27 18:17:56.710,194.47,0.138058545864,0.0,0
2018-05-27 18:17:56.804,193.96,0.138058545864,0.0,0
2018-05-27 18:17:56.897,193.68,0.138058545864,0.0,0
2018-05-27 18:17:57.059,193.8,0.138058545864,0.0,0
2018-05-27 18:17:57.152,193.23,0.138058545864,0.0,0
2018-05-27 18:17:57.329,193.55,0.138058545864,0.0,0
2018-05-27 18:17:58.049,192.48,0.138058545864,0.0,0
2018-05-27 18:17:58.142,191.5,0.138058545864,0.0,0
2018-05-27 18:17:58.236,191.24,0.138058545864,0.0,0
2018-05-27 18:17:58.319,192.35,0.138058545864,0.0,0
2018-05-27 18:17:58.412,191.1,0.138058545864,0.0,0
2018-05-27 18:17:58.496,191.74,0.138058545864,0.0,0
2018-05-27 18:17:58.580,189.76,0.138058545864,0.0,0
2018-05-27 18:17:58.664,190.03,0.138058545864,0.0,0
2018-05-27 18:17:58.757,189.74,0.138058545864,0.0,0
2018-05-27 18:17:58.851,188.8,0.138058545864,0.0,0
2018-05-27 18:17:59.189,186.35,0.138058545864,0.0,0
2018-05-27 18:17:59.282,185.14,0.12504656064,0.0250000003725,0
2018-05-27 18:17:59.366,186.11,0.0906213259995,0.0750000029802,0
2018-05-27 18:17:59.552,184.57,0.0713912312486,0.0500000007451,0
2018-05-27 18:18:00.077,180.16,0.0412947237021,0.20000000298,0
2018-05-27 18:18:01.152,174.01,0.071391235755,0.10000000149,0
2018-05-27 18:18:01.328,173.39,0.138058553653,0.15000000596,0
2018-05-27 18:18:02.114,173.23,0.23291011078,0.15000000596,0
2018-05-27 18:18:02.207,173.43,0.35751676017,0.15000000596,0
2018-05-27 18:18:02.301,174.09,0.512785210898,0.15000000596,0
2018-05-27 18:18:02.384,173.38,0.299999996735,0.10000000149,0
2018-05-27 18:18:03.273,168.41,0.299999996735,0.10000000149,0
2018-05-27 18:18:03.813,162.01,0.299999996735,0.15000000596,0
2018-05-27 18:18:03.906,162.99,0.299999996735,0.0750000029802,0
2018-05-27 18:18:04.068,160.47,0.299999996735,0.0,0
2018-05-27 18:18:04.524,158.72,0.299999996735,0.0250000003725,0
2018-05-27 18:18:04.608,156.98,0.431277979489,0.0750000029802,0
2018-05-27 18:18:05.142,155.36,0.312609648553,0.0250000003725,0
2018-05-27 18:18:05.515,155.34,0.251581017264,0.0750000029802,0
2018-05-27 18:18:05.692,153.1,0.198046622995,0.0750000029802,0
2018-05-27 18:18:06.114,151.28,0.166448069268,0.0500000007451,0
2018-05-27 18:18:06.301,149.59,0.125046570797,0.0250000003725,0
2018-05-27 18:18:06.571,148.82,0.0713912377431,0.0250000003725,0
2018-05-27 18:18:06.664,149.23,0.0549982673738,0.0250000003725,0
2018-05-27 18:18:06.757,149.04,0.0628486871082,0.0250000003725,0
2018-05-27 18:18:07.292,147.04,0.0628486871082,0.0250000003725,0
2018-05-27 18:18:07.375,146.48,0.0412947241646,0.0,0
2018-05-27 18:18:07.561,145.24,0.035397250826,0.0,0
2018-05-27 18:18:07.654,144.7,0.041294720557,0.0,0
2018-05-27 18:18:08.002,144.03,0.0628486823466,0.0,0
2018-05-27 18:18:08.096,144.14,0.0806434671136,0.0,0
2018-05-27 18:18:08.272,142.94,0.0806434671136,0.0250000003725,0
2018-05-27 18:18:08.366,143.28,0.0806434671136,0.0250000003725,0
2018-05-27 18:18:08.459,143.23,0.0806434671136,0.0250000003725,0
2018-05-27 18:18:08.822,142.08,0.0478206698676,0.125,0
2018-05-27 18:18:09.170,141.42,0.0478206697655,0.17499999702,0
2018-05-27 18:18:09.617,137.75,0.0906213266162,0.125,0
2018-05-27 18:18:09.710,137.35,0.138058545664,0.10000000149,0
2018-05-27 18:18:09.803,136.66,0.198046609381,0.10000000149,0
2018-05-27 18:18:10.035,135.79,0.271084883983,0.10000000149,0
2018-05-27 18:18:10.235,135.31,0.357516739335,0.10000000149,0
2018-05-27 18:18:10.515,133.55,0.405833543658,0.0750000029802,0
2018-05-27 18:18:10.701,132.02,0.457583172508,0.0750000029802,0
2018-05-27 18:18:11.040,131.08,0.512785187567,0.0750000029802,0
2018-05-27 18:18:11.133,130.49,0.457583178484,0.0750000029802,0
2018-05-27 18:18:11.673,127.71,0.357516754961,0.0750000029802,0
2018-05-27 18:18:12.114,129.6,0.312609645334,0.0750000029802,0
2018-05-27 18:18:12.207,128.43,0.29142637256,0.0750000029802,0
2018-05-27 18:18:12.393,129.18,0.271084903279,0.0750000029802,0
2018-05-27 18:18:12.477,128.37,0.19804662547,0.0,0
2018-05-27 18:18:12.561,129.36,0.138058558646,0.0,0
2018-05-27 18:18:12.841,128.56,0.101339275925,0.0,0
2018-05-27 18:18:13.095,129.59,0.0713912390684,0.0,0
2018-05-27 18:18:13.282,128.35,0.0478206743575,0.0,0
2018-05-27 18:18:13.366,129.48,0.0301030020508,0.0,0
2018-05-27 18:18:13.552,129.13,0.0478206678267,0.0,0
2018-05-27 18:18:13.645,128.83,0.0713912305859,0.0,0
2018-05-27 18:18:13.738,128.42,0.101339265346,0.0,0
2018-05-27 18:18:13.831,130.0,0.138058545864,0.0,0
2018-05-27 18:18:13.924,130.35,0.138058545864,0.0,0
2018-05-27 18:18:14.179,129.93,0.138058545864,0.0,0
2018-05-27 18:18:14.543,130.12,0.138058545864,0.0,0
2018-05-27 18:18:14.822,130.71,0.138058545864,0.0,0
2018-05-27 18:18:14.915,130.28,0.138058545864,0.0,0
2018-05-27 18:18:15.170,129.65,0.138058545864,0.0,0
2018-05-27 18:18:15.263,130.85,0.138058545864,0.0,0
2018-05-27 18:18:15.533,129.91,0.138058545864,0.0,0
2018-05-27 18:18:15.719,130.63,0.138058545864,0.0,0
2018-05-27 18:18:15.906,130.0,0.138058545864,0.0,0
2018-05-27 18:18:16.254,130.83,0.138058545864,0.0,0
2018-05-27 18:18:16.338,129.8,0.138058545864,0.0,0
2018-05-27 18:18:16.431,129.87,0.138058545864,0.0,0
2018-05-27 18:18:16.524,129.69,0.138058545864,0.0,0
2018-05-27 18:18:16.617,128.89,0.138058545864,0.0,0
2018-05-27 18:18:16.803,127.2,0.138058545864,0.0,0
2018-05-27 18:18:16.896,126.19,0.138058545864,0.0,0
2018-05-27 18:18:17.245,124.13,0.138058545864,0.0,0
2018-05-27 18:18:17.515,122.27,0.138058545864,0.0,0
2018-05-27 18:18:17.608,119.26,0.138058545864,0.0,0
2018-05-27 18:18:17.701,118.6,0.138058545864,0.0,0
2018-05-27 18:18:18.058,115.04,0.138058545864,0.0,0
2018-05-27 18:18:18.151,113.23,0.138058545864,0.0,0
2018-05-27 18:18:18.333,110.9,0.138058545864,0.0,0
2018-05-27 18:18:18.422,108.78,0.138058545864,0.0,0
2018-05-27 18:18:18.515,107.54,0.138058545864,0.0,0
2018-05-27 18:18:18.794,102.32,0.12504656064,0.0250000003725,0
2018-05-27 18:18:18.878,100.84,0.101339266172,0.0500000007451,0
2018-05-27 18:18:19.133,98.54,0.0478206683369,0.15000000596,0
2018-05-27 18:18:19.319,95.12,0.0478206683369,0.0,0
2018-05-27 18:18:19.505,91.54,0.0478206683369,0.0,0
2018-05-27 18:18:19.594,90.3,0.0478206683369,0.0,0
2018-05-27 18:18:19.682,89.37,0.0478206683369,0.0,0
2018-05-27 18:18:19.766,88.57,0.0478206683369,0.0,0
2018-05-27 18:18:20.114,85.26,0.0478206683369,0.0,0
2018-05-27 18:18:20.207,83.96,0.0478206683369,0.0,0
2018-05-27 18:18:20.291,82.5,0.0549982618898,0.0,0
2018-05-27 18:18:20.375,82.25,0.0713912305859,0.0,0
2018-05-27 18:18:20.468,80.77,0.138058545864,0.0,0
2018-05-27 18:18:20.561,78.71,0.138058545864,0.0,0
2018-05-27 18:18:20.654,78.53,0.138058545864,0.0,0
2018-05-27 18:18:20.747,78.04,0.138058545864,0.0,0
2018-05-27 18:18:20.841,76.39,0.138058545864,0.0,0
2018-05-27 18:18:21.095,73.76,0.138058545864,0.0,0
2018-05-27 18:18:21.282,71.95,0.138058545864,0.0,0
2018-05-27 18:18:21.366,70.21,0.138058545864,0.0,0
2018-05-27 18:18:21.552,69.29,0.138058545864,0.0,0
2018-05-27 18:18:21.645,68.33,0.138058545864,0.0,0
2018-05-27 18:18:21.738,66.96,0.138058545864,0.0,0
2018-05-27 18:18:21.831,67.53,0.138058545864,0.0,0
2018-05-27 18:18:21.924,66.61,0.138058545864,0.0,0
2018-05-27 18:18:22.086,65.92,0.138058545864,0.0,0
2018-05-27 18:18:22.179,66.12,0.138058545864,0.0,0
2018-05-27 18:18:22.356,66.56,0.138058545864,0.0,0
2018-05-27 18:18:22.449,66.98,0.138058545864,0.0,0
2018-05-27 18:18:22.542,67.07,0.138058545864,0.0,0
2018-05-27 18:18:22.729,69.36,0.138058545864,0.0,0
2018-05-27 18:18:22.822,68.39,0.138058545864,0.0,0
2018-05-27 18:18:22.915,68.66,0.138058545864,0.0,0
2018-05-27 18:18:23.144,69.22,0.138058545864,0.0,0
2018-05-27 18:18:23.338,70.6,0.138058545864,0.0,0
2018-05-27 18:18:23.422,70.65,0.138058545864,0.0,0
2018-05-27 18:18:23.515,70.62,0.138058545864,0.0,0
2018-05-27 18:18:23.608,70.51,0.138058545864,0.0,0
2018-05-27 18:18:23.701,71.31,0.138058545864,0.0,0
2018-05-27 18:18:23.794,71.6,0.138058545864,0.0,0
2018-05-27 18:18:23.878,71.93,0.138058545864,0.0,0
2018-05-27 18:18:24.226,73.3,0.138058545864,0.0,0
2018-05-27 18:18:24.319,73.32,0.138058545864,0.0,0
2018-05-27 18:18:24.580,74.45,0.138058545864,0.0,0
2018-05-27 18:18:24.859,75.06,0.138058545864,0.0,0
2018-05-27 18:18:25.021,75.21,0.138058545864,0.0,0
2018-05-27 18:18:25.105,75.26,0.138058545864,0.0,0
2018-05-27 18:18:25.198,75.44,0.138058545864,0.0,0
2018-05-27 18:18:25.291,76.22,0.138058545864,0.0,0
2018-05-27 18:18:25.384,76.56,0.138058545864,0.0,0
2018-05-27 18:18:25.468,76.83,0.138058545864,0.0,0
2018-05-27 18:18:25.552,77.23,0.138058545864,0.0,0
2018-05-27 18:18:25.645,77.29,0.138058545864,0.0,0
2018-05-27 18:18:25.738,78.02,0.138058545864,0.0,0
2018-05-27 18:18:25.831,77.89,0.138058545864,0.0,0
2018-05-27 18:18:25.924,78.16,0.138058545864,0.0,0
2018-05-27 18:18:26.086,78.42,0.138058545864,0.0,0
2018-05-27 18:18:26.179,79.02,0.138058545864,0.0,0
2018-05-27 18:18:26.366,79.71,0.138058545864,0.0,0
2018-05-27 18:18:26.543,79.35,0.138058545864,0.0,0
2018-05-27 18:18:26.636,80.44,0.138058545864,0.0,0
2018-05-27 18:18:26.729,80.54,0.138058545864,0.0,0
2018-05-27 18:18:26.822,80.52,0.138058545864,0.0,0
2018-05-27 18:18:26.915,81.0,0.138058545864,0.0,0
2018-05-27 18:18:27.077,81.35,0.138058545864,0.0,0
2018-05-27 18:18:27.170,81.91,0.138058545864,0.0,0
2018-05-27 18:18:27.347,81.68,0.138058545864,0.0,0
2018-05-27 18:18:27.440,82.88,0.138058545864,0.0,0
2018-05-27 18:18:27.626,82.77,0.138058545864,0.0,0
2018-05-27 18:18:27.720,83.73,0.138058545864,0.0,0
2018-05-27 18:18:27.809,84.17,0.138058545864,0.0,0
2018-05-27 18:18:27.898,84.72,0.138058545864,0.0,0
2018-05-27 18:18:28.058,83.83,0.138058545864,0.0,0
2018-05-27 18:18:28.161,84.19,0.138058545864,0.0,0
2018-05-27 18:18:28.254,85.43,0.138058545864,0.0,0
2018-05-27 18:18:28.440,86.28,0.138058545864,0.0,0
2018-05-27 18:18:28.533,86.6,0.138058545864,0.0,0
2018-05-27 18:18:28.608,86.53,0.138058545864,0.0,0
2018-05-27 18:18:28.720,86.83,0.138058545864,0.0,0
2018-05-27 18:18:28.803,87.55,0.138058545864,0.0,0
2018-05-27 18:18:28.896,87.46,0.138058545864,0.0,0
2018-05-27 18:18:29.058,87.17,0.138058545864,0.0,0
2018-05-27 18:18:29.151,88.65,0.138058545864,0.0,0
2018-05-27 18:18:29.244,89.0,0.138058545864,0.0,0
2018-05-27 18:18:29.328,89.54,0.138058545864,0.0,0
2018-05-27 18:18:29.422,89.86,0.138058545864,0.0,0
2018-05-27 18:18:29.505,89.9,0.138058545864,0.0,0
2018-05-27 18:18:29.598,90.02,0.138058545864,0.0,0
2018-05-27 18:18:29.692,90.63,0.138058545864,0.0,0
2018-05-27 18:18:29.785,90.73,0.138058545864,0.0,0
2018-05-27 18:18:29.873,91.35,0.138058545864,0.0,0
2018-05-27 18:18:30.030,91.98,0.138058545864,0.0,0
2018-05-27 18:18:30.114,92.52,0.138058545864,0.0,0
2018-05-27 18:18:30.207,92.91,0.138058545864,0.0,0
2018-05-27 18:18:30.291,92.18,0.138058545864,0.0,0
2018-05-27 18:18:30.384,92.32,0.138058545864,0.0,0
2018-05-27 18:18:30.468,93.71,0.138058545864,0.0,0
2018-05-27 18:18:30.561,93.96,0.138058545864,0.0,0
2018-05-27 18:18:30.654,94.17,0.138058545864,0.0,0
2018-05-27 18:18:30.747,94.13,0.138058545864,0.0,0
2018-05-27 18:18:30.841,94.53,0.138058545864,0.0,0
2018-05-27 18:18:31.086,95.67,0.138058545864,0.0,0
2018-05-27 18:18:31.179,95.63,0.138058545864,0.0,0
2018-05-27 18:18:31.366,96.6,0.138058545864,0.0,0
2018-05-27 18:18:31.449,97.02,0.138058545864,0.0,0
2018-05-27 18:18:31.636,97.84,0.138058545864,0.0,0
2018-05-27 18:18:31.822,98.68,0.138058545864,0.0,0
2018-05-27 18:18:31.915,98.28,0.138058545864,0.0,0
2018-05-27 18:18:32.161,99.6,0.138058545864,0.0,0
2018-05-27 18:18:32.254,100.54,0.138058545864,0.0,0
2018-05-27 18:18:32.347,100.76,0.138058545864,0.0,0
2018-05-27 18:18:32.431,100.71,0.138058545864,0.0,0
2018-05-27 18:18:32.524,101.62,0.138058545864,0.0,0
2018-05-27 18:18:32.617,102.87,0.138058545864,0.0,0
2018-05-27 18:18:32.711,102.32,0.138058545864,0.0,0
2018-05-27 18:18:32.804,102.42,0.138058545864,0.0,0
2018-05-27 18:18:32.887,102.74,0.138058545864,0.0,0
2018-05-27 18:18:33.049,103.63,0.138058545864,0.0,0
2018-05-27 18:18:33.235,104.9,0.138058545864,0.0,0
2018-05-27 18:18:33.328,103.81,0.138058545864,0.0,0
2018-05-27 18:18:33.421,104.72,0.138058545864,0.0,0
2018-05-27 18:18:33.515,105.04,0.138058545864,0.0,0
2018-05-27 18:18:33.608,105.48,0.138058545864,0.0,0
2018-05-27 18:18:33.701,105.31,0.138058545864,0.0,0
2018-05-27 18:18:33.794,106.34,0.138058545864,0.0,0
2018-05-27 18:18:33.878,106.08,0.138058545864,0.0,0
2018-05-27 18:18:34.040,106.66,0.138058545864,0.0,0
2018-05-27 18:18:34.133,106.34,0.138058545864,0.0,0
2018-05-27 18:18:34.412,107.72,0.138058545864,0.0,0
2018-05-27 18:18:34.496,107.79,0.138058545864,0.0,0
2018-05-27 18:18:34.581,108.05,0.138058545864,0.0,0
2018-05-27 18:18:34.664,108.71,0.138058545864,0.0,0
2018-05-27 18:18:34.757,109.88,0.138058545864,0.0,0
2018-05-27 18:18:34.850,109.96,0.138058545864,0.0,0
2018-05-27 18:18:35.012,109.88,0.138058545864,0.0,0
2018-05-27 18:18:35.105,110.4,0.138058545864,0.0,0
2018-05-27 18:18:35.199,110.78,0.138058545864,0.0,0
2018-05-27 18:18:35.291,111.49,0.138058545864,0.0,0
2018-05-27 18:18:35.479,111.77,0.138058545864,0.0,0
2018-05-27 18:18:35.571,112.44,0.138058545864,0.0,0
2018-05-27 18:18:35.859,113.23,0.138058545864,0.0,0
2018-05-27 18:18:36.108,113.57,0.138058545864,0.0,0
2018-05-27 18:18:36.291,113.17,0.138058545864,0.0,0
2018-05-27 18:18:36.384,114.28,0.138058545864,0.0,0
2018-05-27 18:18:36.460,114.59,0.138058545864,0.0,0
2018-05-27 18:18:36.552,115.07,0.138058545864,0.0,0
2018-05-27 18:18:36.654,115.35,0.138058545864,0.0,0
2018-05-27 18:18:36.747,114.95,0.138058545864,0.0,0
2018-05-27 18:18:36.841,115.75,0.138058545864,0.0,0
2018-05-27 18:18:37.002,115.44,0.138058545864,0.0,0
2018-05-27 18:18:37.089,115.11,0.138058545864,0.0,0
2018-05-27 18:18:37.189,115.82,0.138058545864,0.0,0
2018-05-27 18:18:37.264,115.94,0.138058545864,0.0,0
2018-05-27 18:18:37.459,115.66,0.138058545864,0.0,0
2018-05-27 18:18:37.552,116.36,0.138058545864,0.0,0
2018-05-27 18:18:37.645,115.22,0.138058545864,0.0,0
2018-05-27 18:18:37.738,116.56,0.138058545864,0.0,0
2018-05-27 18:18:37.924,116.73,0.138058545864,0.0,0
2018-05-27 18:18:38.077,116.11,0.138058545864,0.0,0
2018-05-27 18:18:38.170,116.4,0.138058545864,0.0,0
2018-05-27 18:18:38.356,116.42,0.138058545864,0.0,0
2018-05-27 18:18:38.440,115.72,0.138058545864,0.0,0
2018-05-27 18:18:38.533,115.87,0.138058545864,0.0,0
2018-05-27 18:18:38.626,115.63,0.138058545864,0.0,0
2018-05-27 18:18:38.719,115.77,0.138058545864,0.0,0
2018-05-27 18:18:38.813,115.57,0.138058545864,0.0,0
2018-05-27 18:18:38.906,115.64,0.138058545864,0.0,0
2018-05-27 18:18:39.058,116.09,0.138058545864,0.0,0
2018-05-27 18:18:39.328,115.41,0.138058545864,0.0,0
2018-05-27 18:18:39.515,114.98,0.138058545864,0.0,0
2018-05-27 18:18:39.608,115.12,0.138058545864,0.0,0
2018-05-27 18:18:39.878,113.63,0.138058545864,0.0,0
2018-05-27 18:18:40.133,112.52,0.138058545864,0.0,0
2018-05-27 18:18:40.226,111.62,0.138058545864,0.0,0
2018-05-27 18:18:40.319,110.54,0.138058545864,0.0,0
2018-05-27 18:18:40.412,110.31,0.138058545864,0.0,0
2018-05-27 18:18:40.496,110.06,0.138058545864,0.0,0
2018-05-27 18:18:40.580,108.77,0.138058545864,0.0,0
2018-05-27 18:18:40.664,108.68,0.138058545864,0.0,0
2018-05-27 18:18:40.757,108.27,0.138058545864,0.0,0
2018-05-27 18:18:40.850,108.11,0.138058545864,0.0,0
2018-05-27 18:18:41.012,107.31,0.138058545864,0.0,0
2018-05-27 18:18:41.105,106.3,0.138058545864,0.0,0
2018-05-27 18:18:41.375,104.47,0.138058545864,0.0,0
2018-05-27 18:18:41.468,104.84,0.138058545864,0.0,0
2018-05-27 18:18:41.561,105.1,0.138058545864,0.0,0
2018-05-27 18:18:41.654,104.7,0.138058545864,0.0,0
2018-05-27 18:18:41.747,103.07,0.138058545864,0.0,0
2018-05-27 18:18:41.841,103.43,0.138058545864,0.0,0
2018-05-27 18:18:42.095,102.67,0.138058545864,0.0,0
2018-05-27 18:18:42.189,102.37,0.138058545864,0.0,0
2018-05-27 18:18:42.366,100.94,0.138058545864,0.0,0
2018-05-27 18:18:42.459,100.51,0.138058545864,0.0,0
2018-05-27 18:18:42.552,100.09,0.138058545864,0.0,0
2018-05-27 18:18:42.645,99.97,0.138058545864,0.0,0
2018-05-27 18:18:42.738,99.02,0.138058545864,0.0,0
2018-05-27 18:18:42.831,98.66,0.138058545864,0.0,0
2018-05-27 18:18:42.924,98.06,0.138058545864,0.0,0
2018-05-27 18:18:43.086,96.91,0.138058545864,0.0,0
2018-05-27 18:18:43.366,95.41,0.138058545864,0.0,0
2018-05-27 18:18:43.449,95.26,0.138058545864,0.0,0
2018-05-27 18:18:43.636,94.58,0.138058545864,0.0,0
2018-05-27 18:18:43.822,93.38,0.138058545864,0.0,0
2018-05-27 18:18:43.915,92.78,0.138058545864,0.0,0
2018-05-27 18:18:44.170,92.03,0.138058545864,0.0,0
2018-05-27 18:18:44.440,91.57,0.138058545864,0.0,0
2018-05-27 18:18:44.533,91.1,0.138058545864,0.0,0
2018-05-27 18:18:44.813,90.28,0.138058545864,0.0,0
2018-05-27 18:18:44.906,90.28,0.138058545864,0.0,0
2018-05-27 18:18:45.161,89.58,0.138058545864,0.0,0
2018-05-27 18:18:45.431,87.84,0.138058545864,0.0,0
2018-05-27 18:18:45.803,87.0,0.138058545864,0.0,0
2018-05-27 18:18:45.896,86.96,0.138058545864,0.0,0
2018-05-27 18:18:46.058,86.76,0.138058545864,0.0,0
2018-05-27 18:18:46.244,85.39,0.138058545864,0.0,0
2018-05-27 18:18:46.328,84.99,0.138058545864,0.0,0
2018-05-27 18:18:46.422,85.47,0.138058545864,0.0,0
2018-05-27 18:18:46.608,85.17,0.138058545864,0.0,0
2018-05-27 18:18:47.049,84.29,0.138058545864,0.0,0
2018-05-27 18:18:47.235,82.74,0.138058545864,0.0,0
2018-05-27 18:18:47.328,82.4,0.138058545864,0.0,0
2018-05-27 18:18:47.505,82.73,0.138058545864,0.0,0
2018-05-27 18:18:47.598,81.67,0.138058545864,0.0,0
2018-05-27 18:18:47.692,81.84,0.138058545864,0.0,0
2018-05-27 18:18:47.785,81.49,0.138058545864,0.0,0
2018-05-27 18:18:47.873,81.5,0.138058545864,0.0,0
2018-05-27 18:18:48.291,80.3,0.138058545864,0.0,0
2018-05-27 18:18:48.468,80.15,0.138058545864,0.0,0
2018-05-27 18:18:48.561,80.99,0.138058545864,0.0,0
2018-05-27 18:18:49.096,82.68,0.138058545864,0.0,0
2018-05-27 18:18:49.179,84.17,0.138058545864,0.0,0
2018-05-27 18:18:49.729,88.04,0.138058545864,0.0,0
2018-05-27 18:18:49.915,88.1,0.138058545864,0.0,0
2018-05-27 18:18:50.151,90.12,0.138058545864,0.0,0
2018-05-27 18:18:50.431,93.1,0.138058545864,0.0,0
2018-05-27 18:18:50.524,93.78,0.138058545864,0.0,0
2018-05-27 18:18:50.803,95.57,0.138058545864,0.0,0
2018-05-27 18:18:51.058,95.89,0.138058545864,0.0,0
2018-05-27 18:18:51.151,97.83,0.138058545864,0.0,0
2018-05-27 18:18:51.245,98.55,0.138058545864,0.0,0
2018-05-27 18:18:51.422,99.44,0.138058545864,0.0,0
2018-05-27 18:18:51.608,101.48,0.138058545864,0.0,0
2018-05-27 18:18:51.701,102.39,0.138058545864,0.0,0
2018-05-27 18:18:51.887,103.6,0.138058545864,0.0,0
2018-05-27 18:18:52.142,105.55,0.138058545864,0.0,0
2018-05-27 18:18:52.412,105.75,0.138058545864,0.0,0
2018-05-27 18:18:52.599,107.58,0.138058545864,0.0,0
2018-05-27 18:18:52.785,110.2,0.138058545864,0.0,0
2018-05-27 18:18:52.878,110.0,0.138058545864,0.0,0
2018-05-27 18:18:53.030,110.63,0.138058545864,0.0,0
2018-05-27 18:18:53.114,111.39,0.138058545864,0.0,0
2018-05-27 18:18:53.393,113.53,0.138058545864,0.0,0
2018-05-27 18:18:53.477,114.37,0.138058545864,0.0,0
2018-05-27 18:18:53.571,113.46,0.138058545864,0.0,0
2018-05-27 18:18:53.757,115.51,0.138058545864,0.0,0
2018-05-27 18:18:53.850,117.15,0.138058545864,0.0,0
2018-05-27 18:18:54.105,118.74,0.138058545864,0.0,0
2018-05-27 18:18:54.189,119.23,0.138058545864,0.0,0
2018-05-27 18:18:54.282,120.35,0.138058545864,0.0,0
2018-05-27 18:18:54.561,122.36,0.138058545864,0.0,0
2018-05-27 18:18:54.654,122.63,0.138058545864,0.0,0
2018-05-27 18:18:54.747,123.4,0.138058545864,0.0,0
2018-05-27 18:18:54.841,124.72,0.138058545864,0.0,0
2018-05-27 18:18:55.096,125.53,0.12504656064,0.0250000003725,0
2018-05-27 18:18:55.179,127.55,0.112810386877,0.0250000003725,0
2018-05-27 18:18:55.272,127.32,0.112810386877,0.0,0
2018-05-27 18:18:55.366,127.55,0.112810386877,0.0,0
2018-05-27 18:18:55.449,128.96,0.101339266172,0.0250000003725,0
2018-05-27 18:18:55.543,129.03,0.0906213267703,0.0250000003725,0
2018-05-27 18:18:55.629,130.69,0.0906213267703,0.0,0
2018-05-27 18:18:55.809,131.39,0.0806434671136,0.0250000003725,0
2018-05-27 18:18:56.068,132.64,0.0806434671136,0.0,0
2018-05-27 18:18:56.161,133.41,0.0806434671136,0.0,0
2018-05-27 18:18:56.254,133.66,0.0906213267703,0.0,0
2018-05-27 18:18:56.338,135.65,0.101339266172,0.0,0
2018-05-27 18:18:56.431,136.03,0.101339266172,0.0,0
2018-05-27 18:18:56.524,136.49,0.101339266172,0.0,0
2018-05-27 18:18:56.617,137.28,0.112810386877,0.0,0
2018-05-27 18:18:56.710,138.44,0.12504656064,0.0,0
2018-05-27 18:18:56.803,139.13,0.12504656064,0.0,0
2018-05-27 18:18:56.896,139.8,0.138058545864,0.0,0
2018-05-27 18:18:57.058,140.81,0.138058545864,0.0,0
2018-05-27 18:18:57.151,142.65,0.138058545864,0.0,0
2018-05-27 18:18:57.245,142.99,0.138058545864,0.0,0
2018-05-27 18:18:57.328,142.37,0.138058545864,0.0,0
2018-05-27 18:18:57.421,144.18,0.138058545864,0.0,0
2018-05-27 18:18:57.515,145.27,0.138058545864,0.0,0
2018-05-27 18:18:57.608,146.13,0.138058545864,0.0,0
2018-05-27 18:18:57.794,145.9,0.138058545864,0.0,0
2018-05-27 18:18:57.887,146.32,0.138058545864,0.0,0
2018-05-27 18:18:58.049,146.28,0.138058545864,0.0,0
2018-05-27 18:18:58.142,146.61,0.138058545864,0.0,0
2018-05-27 18:18:58.235,145.77,0.138058545864,0.0,0
2018-05-27 18:18:58.319,144.57,0.138058545864,0.0,0
2018-05-27 18:18:58.505,143.74,0.138058545864,0.0,0
2018-05-27 18:18:58.598,143.28,0.138058545864,0.0,0
2018-05-27 18:18:58.783,141.34,0.138058545864,0.0,0
2018-05-27 18:18:59.123,138.76,0.138058545864,0.0,0
2018-05-27 18:18:59.394,136.16,0.138058545864,0.0,0
2018-05-27 18:18:59.479,135.85,0.138058545864,0.0,0
2018-05-27 18:18:59.749,133.55,0.12504656064,0.0250000003725,0
2018-05-27 18:19:00.002,132.99,0.112810386877,0.0250000003725,0
2018-05-27 18:19:00.095,131.92,0.101339266172,0.0250000003725,0
2018-05-27 18:19:00.278,130.37,0.0906213267703,0.0250000003725,0
2018-05-27 18:19:00.459,129.33,0.0806434671136,0.0250000003725,0
2018-05-27 18:19:00.823,128.37,0.0713912319113,0.0250000003725,0
2018-05-27 18:19:00.915,127.92,0.0628486823466,0.0250000003725,0
2018-05-27 18:19:01.086,127.14,0.0628486823466,0.0,0
2018-05-27 18:19:01.179,126.58,0.0628486823466,0.0,0
2018-05-27 18:19:01.366,126.15,0.0628486823466,0.0,0
2018-05-27 18:19:01.449,124.98,0.0713912319113,0.0,0
2018-05-27 18:19:01.636,124.34,0.0806434671136,0.0,0
2018-05-27 18:19:02.161,122.2,0.0906213267703,0.0,0
2018-05-27 18:19:02.347,120.6,0.101339266172,0.0,0
2018-05-27 18:19:02.431,120.46,0.112810386877,0.0,0
2018-05-27 18:19:02.617,119.8,0.12504656064,0.0,0
2018-05-27 18:19:02.701,120.29,0.138058545864,0.0,0
2018-05-27 18:19:02.794,118.65,0.138058545864,0.0,0
2018-05-27 18:19:02.887,119.17,0.138058545864,0.0,0
2018-05-27 18:19:03.049,119.59,0.138058545864,0.0,0
2018-05-27 18:19:03.142,119.11,0.138058545864,0.0,0
2018-05-27 18:19:03.235,119.69,0.138058545864,0.0,0
2018-05-27 18:19:03.328,119.25,0.138058545864,0.0,0
2018-05-27 18:19:03.608,119.49,0.138058545864,0.0,0
2018-05-27 18:19:03.691,119.59,0.138058545864,0.0,0
2018-05-27 18:19:03.785,119.98,0.138058545864,0.0,0
2018-05-27 18:19:03.878,121.68,0.138058545864,0.0,0
2018-05-27 18:19:04.040,121.86,0.138058545864,0.0,0
2018-05-27 18:19:04.133,122.42,0.138058545864,0.0,0
2018-05-27 18:19:04.319,122.69,0.138058545864,0.0,0
2018-05-27 18:19:04.412,123.84,0.138058545864,0.0,0
2018-05-27 18:19:04.580,124.42,0.138058545864,0.0,0
2018-05-27 18:19:04.673,123.97,0.138058545864,0.0,0
2018-05-27 18:19:04.766,124.33,0.138058545864,0.0,0
2018-05-27 18:19:04.859,125.68,0.138058545864,0.0,0
2018-05-27 18:19:05.021,125.81,0.138058545864,0.0,0
2018-05-27 18:19:05.114,126.01,0.138058545864,0.0,0
2018-05-27 18:19:05.198,126.84,0.138058545864,0.0,0
2018-05-27 18:19:05.382,127.75,0.138058545864,0.0,0
2018-05-27 18:19:05.468,127.78,0.138058545864,0.0,0
2018-05-27 18:19:05.561,127.76,0.138058545864,0.0,0
2018-05-27 18:19:06.002,129.21,0.138058545864,0.0,0
2018-05-27 18:19:06.095,130.09,0.138058545864,0.0,0
2018-05-27 18:19:06.189,130.03,0.138058545864,0.0,0
2018-05-27 18:19:06.459,131.45,0.138058545864,0.0,0
2018-05-27 18:19:06.552,131.72,0.138058545864,0.0,0
2018-05-27 18:19:06.645,132.17,0.138058545864,0.0,0
2018-05-27 18:19:06.738,133.21,0.138058545864,0.0,0
2018-05-27 18:19:06.831,133.09,0.138058545864,0.0,0
2018-05-27 18:19:06.924,133.51,0.138058545864,0.0,0
2018-05-27 18:19:07.086,133.53,0.138058545864,0.0,0
2018-05-27 18:19:07.356,135.3,0.138058545864,0.0,0
2018-05-27 18:19:07.543,135.9,0.138058545864,0.0,0
2018-05-27 18:19:07.636,136.57,0.138058545864,0.0,0
2018-05-27 18:19:07.822,137.49,0.138058545864,0.0,0
2018-05-27 18:19:08.077,137.2,0.138058545864,0.0,0
2018-05-27 18:19:08.263,137.03,0.138058545864,0.0,0
2018-05-27 18:19:08.440,137.56,0.138058545864,0.0,0
2018-05-27 18:19:08.626,137.28,0.138058545864,0.0,0
2018-05-27 18:19:08.906,136.41,0.138058545864,0.0,0
2018-05-27 18:19:09.067,135.7,0.138058545864,0.0,0
2018-05-27 18:19:09.254,134.71,0.138058545864,0.0,0
2018-05-27 18:19:09.431,133.89,0.138058545864,0.0,0
2018-05-27 18:19:09.524,133.24,0.138058545864,0.0,0
2018-05-27 18:19:09.710,134.29,0.138058545864,0.0,0
2018-05-27 18:19:09.896,134.22,0.138058545864,0.0,0
2018-05-27 18:19:10.058,133.12,0.138058545864,0.0,0
2018-05-27 18:19:10.235,133.51,0.138058545864,0.0,0
2018-05-27 18:19:10.328,133.5,0.138058545864,0.0,0
2018-05-27 18:19:10.421,133.31,0.138058545864,0.0,0
2018-05-27 18:19:10.515,132.44,0.138058545864,0.0,0
2018-05-27 18:19:10.608,132.15,0.138058545864,0.0,0
2018-05-27 18:19:10.691,132.72,0.138058545864,0.0,0
2018-05-27 18:19:10.786,132.95,0.12504656064,0.0250000003725,0
2018-05-27 18:19:11.021,133.02,0.112810386877,0.0250000003725,0
2018-05-27 18:19:12.198,133.9,0.101339266172,0.0250000003725,0
2018-05-27 18:19:12.291,133.49,0.0906213267703,0.0250000003725,0
2018-05-27 18:19:12.375,134.66,0.0806434671136,0.0250000003725,0
2018-05-27 18:19:12.468,135.26,0.0806434671136,0.0,0
2018-05-27 18:19:12.654,134.2,0.0806434671136,0.0,0
2018-05-27 18:19:12.841,134.75,0.0806434671136,0.0,0
2018-05-27 18:19:13.095,135.39,0.0806434671136,0.0,0
2018-05-27 18:19:13.189,135.96,0.0806434671136,0.0,0
2018-05-27 18:19:13.282,136.16,0.0906213267703,0.0,0
2018-05-27 18:19:13.366,135.8,0.101339266172,0.0,0
2018-05-27 18:19:13.459,136.07,0.112810386877,0.0,0
2018-05-27 18:19:13.645,135.99,0.12504656064,0.0,0
2018-05-27 18:19:13.738,136.4,0.138058545864,0.0,0
2018-05-27 18:19:13.831,136.51,0.138058545864,0.0,0
2018-05-27 18:19:13.924,137.22,0.138058545864,0.0,0
2018-05-27 18:19:14.086,136.52,0.138058545864,0.0,0
2018-05-27 18:19:14.179,136.49,0.138058545864,0.0,0
2018-05-27 18:19:14.272,136.44,0.138058545864,0.0,0
2018-05-27 18:19:14.356,137.45,0.138058545864,0.0,0
2018-05-27 18:19:14.449,137.0,0.138058545864,0.0,0
2018-05-27 18:19:14.542,137.52,0.138058545864,0.0,0
2018-05-27 18:19:14.729,137.8,0.138058545864,0.0,0
2018-05-27 18:19:14.822,136.89,0.138058545864,0.0,0
2018-05-27 18:19:14.915,136.72,0.138058545864,0.0,0
2018-05-27 18:19:15.077,136.62,0.138058545864,0.0,0
2018-05-27 18:19:15.170,136.28,0.138058545864,0.0,0
2018-05-27 18:19:15.347,136.21,0.138058545864,0.0,0
2018-05-27 18:19:15.440,136.31,0.138058545864,0.0,0
2018-05-27 18:19:15.533,136.11,0.138058545864,0.0,0
2018-05-27 18:19:15.813,134.11,0.138058545864,0.0,0
2018-05-27 18:19:16.067,132.56,0.138058545864,0.0,0
2018-05-27 18:19:16.338,132.21,0.138058545864,0.0,0
2018-05-27 18:19:16.431,131.06,0.138058545864,0.0,0
2018-05-27 18:19:16.618,129.7,0.138058545864,0.0,0
2018-05-27 18:19:16.803,129.31,0.138058545864,0.0,0
2018-05-27 18:19:16.896,128.45,0.138058545864,0.0,0
2018-05-27 18:19:17.244,128.21,0.138058545864,0.0,0
2018-05-27 18:19:17.608,126.26,0.138058545864,0.0,0
2018-05-27 18:19:17.701,125.76,0.138058545864,0.0,0
2018-05-27 18:19:18.412,126.55,0.138058545864,0.0,0
2018-05-27 18:19:18.477,127.09,0.138058545864,0.0,0
2018-05-27 18:19:18.589,127.01,0.138058545864,0.0,0
2018-05-27 18:19:19.021,128.86,0.138058545864,0.0,0
2018-05-27 18:19:19.114,129.2,0.138058545864,0.0,0
2018-05-27 18:19:19.477,130.3,0.138058545864,0.0,0
2018-05-27 18:19:19.850,128.58,0.138058545864,0.0,0
2018-05-27 18:19:20.105,127.22,0.138058545864,0.0,0
2018-05-27 18:19:20.375,125.59,0.138058545864,0.0,0
2018-05-27 18:19:20.468,125.6,0.138058545864,0.0,0
2018-05-27 18:19:20.561,124.55,0.138058545864,0.0,0
2018-05-27 18:19:20.654,124.55,0.138058545864,0.0,0
2018-05-27 18:19:21.188,122.8,0.138058545864,0.0,0
2018-05-27 18:19:21.282,121.78,0.138058545864,0.0,0
2018-05-27 18:19:21.365,121.9,0.138058545864,0.0,0
2018-05-27 18:19:21.552,121.11,0.138058545864,0.0,0
2018-05-27 18:19:22.086,118.33,0.138058545864,0.0,0
2018-05-27 18:19:22.272,116.75,0.138058545864,0.0,0
2018-05-27 18:19:22.635,114.73,0.138058545864,0.0,0
2018-05-27 18:19:22.728,114.16,0.138058545864,0.0,0
2018-05-27 18:19:22.822,112.98,0.138058545864,0.0,0
2018-05-27 18:19:22.915,113.3,0.138058545864,0.0,0
2018-05-27 18:19:23.077,112.29,0.138058545864,0.0,0
2018-05-27 18:19:23.344,110.72,0.138058545864,0.0,0
2018-05-27 18:19:23.701,109.6,0.138058545864,0.0,0
2018-05-27 18:19:23.887,108.52,0.138058545864,0.0,0
2018-05-27 18:19:24.142,109.04,0.138058545864,0.0,0
2018-05-27 18:19:24.407,107.4,0.138058545864,0.0,0
2018-05-27 18:19:24.673,106.02,0.138058545864,0.0,0
2018-05-27 18:19:24.859,105.77,0.138058545864,0.0,0
2018-05-27 18:19:25.468,103.76,0.112810386877,0.0500000007451,0
2018-05-27 18:19:25.561,103.58,0.0906213267703,0.0500000007451,0
2018-05-27 18:19:25.654,102.86,0.0713912319113,0.0500000007451,0
2018-05-27 18:19:26.086,102.3,0.0628486823466,0.0250000003725,0
2018-05-27 18:19:26.179,101.62,0.0628486823466,0.0,0
2018-05-27 18:19:26.365,100.38,0.054998263009,0.0250000003725,0
2018-05-27 18:19:26.542,100.46,0.0478206693574,0.0250000003725,0
2018-05-27 18:19:26.812,99.51,0.0412947210195,0.0250000003725,0
2018-05-27 18:19:27.160,98.37,0.0353972479932,0.0250000003725,0
2018-05-27 18:19:27.253,97.92,0.0301030005602,0.0250000003725,0
2018-05-27 18:19:28.691,97.26,0.0353972479932,0.0250000003725,0
2018-05-27 18:19:28.784,96.24,0.0412947210195,0.0250000003725,0
2018-05-27 18:19:29.030,96.09,0.0478206693574,0.0250000003725,0
2018-05-27 18:19:29.570,97.35,0.0478206693574,0.0250000003725,0
2018-05-27 18:19:29.756,97.86,0.0412947210195,0.0250000003725,0
2018-05-27 18:19:30.374,97.19,0.0412947210195,0.0250000003725,0
2018-05-27 18:19:30.467,96.37,0.0412947210195,0.0250000003725,0
2018-05-27 18:19:30.747,95.31,0.0412947210195,0.0250000003725,0
2018-05-27 18:19:30.831,94.97,0.0412947210195,0.0250000003725,0
2018-05-27 18:19:31.179,94.18,0.0478206693574,0.0,0
2018-05-27 18:19:31.272,94.45,0.0478206693574,0.0250000003725,0
2018-05-27 18:19:31.449,93.53,0.054998263009,0.0,0
2018-05-27 18:19:31.635,93.2,0.0628486823466,0.0,0
2018-05-27 18:19:32.067,92.31,0.0713912319113,0.0,0
2018-05-27 18:19:32.160,91.69,0.0806434671136,0.0,0
2018-05-27 18:19:32.346,91.12,0.0906213267703,0.0,0
2018-05-27 18:19:32.524,89.93,0.101339266172,0.0,0
2018-05-27 18:19:32.607,89.92,0.112810386877,0.0,0
2018-05-27 18:19:32.793,89.1,0.12504656064,0.0,0
2018-05-27 18:19:32.886,88.81,0.12504656064,0.0,0
2018-05-27 18:19:33.048,88.02,0.138058545864,0.0,0
2018-05-27 18:19:33.141,88.94,0.138058545864,0.0,0
2018-05-27 18:19:33.505,87.08,0.138058545864,0.0,0
2018-05-27 18:19:33.872,86.42,0.138058545864,0.0,0
2018-05-27 18:19:34.113,85.6,0.138058545864,0.0,0
2018-05-27 18:19:34.207,84.56,0.138058545864,0.0,0
2018-05-27 18:19:34.477,84.09,0.138058545864,0.0,0
2018-05-27 18:19:34.756,84.25,0.138058545864,0.0,0
2018-05-27 18:19:35.104,82.33,0.138058545864,0.0,0
2018-05-27 18:19:35.197,82.63,0.138058545864,0.0,0
2018-05-27 18:19:35.290,82.5,0.138058545864,0.0,0
2018-05-27 18:19:35.374,81.54,0.138058545864,0.0,0
2018-05-27 18:19:35.467,81.91,0.138058545864,0.0,0
2018-05-27 18:19:35.560,81.4,0.138058545864,0.0,0
2018-05-27 18:19:35.653,81.6,0.138058545864,0.0,0
2018-05-27 18:19:36.002,80.39,0.138058545864,0.0,0
2018-05-27 18:19:36.095,80.61,0.138058545864,0.0,0
2018-05-27 18:19:36.365,79.76,0.138058545864,0.0,0
2018-05-27 18:19:36.458,79.0,0.138058545864,0.0,0
2018-05-27 18:19:36.551,78.28,0.138058545864,0.0,0
2018-05-27 18:19:36.830,79.08,0.138058545864,0.0,0
2018-05-27 18:19:36.924,78.8,0.138058545864,0.0,0
2018-05-27 18:19:37.085,79.37,0.138058545864,0.0,0
2018-05-27 18:19:37.635,80.04,0.138058545864,0.0,0
2018-05-27 18:19:38.169,78.32,0.138058545864,0.0,0
2018-05-27 18:19:38.439,77.06,0.138058545864,0.0,0
2018-05-27 18:19:39.346,75.59,0.138058545864,0.0,0
2018-05-27 18:19:39.607,73.69,0.138058545864,0.0,0
2018-05-27 18:19:39.888,73.13,0.138058545864,0.0,0
2018-05-27 18:19:40.039,73.67,0.138058545864,0.0,0
2018-05-27 18:19:40.132,72.64,0.138058545864,0.0,0
2018-05-27 18:19:40.220,73.09,0.138058545864,0.0,0
2018-05-27 18:19:40.579,71.96,0.138058545864,0.0,0
2018-05-27 18:19:40.663,71.86,0.138058545864,0.0,0
2018-05-27 18:19:40.756,71.57,0.138058545864,0.0,0
2018-05-27 18:19:41.290,69.96,0.138058545864,0.0,0
2018-05-27 18:19:41.551,69.45,0.138058545864,0.0,0
2018-05-27 18:19:41.644,68.82,0.138058545864,0.0,0
2018-05-27 18:19:41.737,69.12,0.138058545864,0.0,0
2018-05-27 18:19:41.830,68.97,0.138058545864,0.0,0
2018-05-27 18:19:41.923,70.26,0.138058545864,0.0,0
2018-05-27 18:19:42.085,70.18,0.138058545864,0.0,0
2018-05-27 18:19:42.178,71.17,0.138058545864,0.0,0
2018-05-27 18:19:42.271,70.96,0.138058545864,0.0,0
2018-05-27 18:19:42.365,71.22,0.138058545864,0.0,0
2018-05-27 18:19:42.458,71.12,0.138058545864,0.0,0
2018-05-27 18:19:42.542,72.0,0.138058545864,0.0,0
2018-05-27 18:19:42.728,71.74,0.138058545864,0.0,0
2018-05-27 18:19:42.914,71.81,0.138058545864,0.0,0
2018-05-27 18:19:43.253,70.13,0.138058545864,0.0,0
2018-05-27 18:19:43.616,69.74,0.138058545864,0.0,0
2018-05-27 18:19:43.802,69.1,0.138058545864,0.0,0
2018-05-27 18:19:44.327,67.53,0.138058545864,0.0,0
2018-05-27 18:19:44.411,67.74,0.138058545864,0.0,0
2018-05-27 18:19:44.504,67.69,0.138058545864,0.0,0
2018-05-27 18:19:44.588,66.13,0.138058545864,0.0,0
2018-05-27 18:19:44.756,66.36,0.138058545864,0.0,0
2018-05-27 18:19:45.104,65.55,0.138058545864,0.0,0
2018-05-27 18:19:45.197,65.89,0.138058545864,0.0,0
2018-05-27 18:19:45.290,64.41,0.138058545864,0.0,0
2018-05-27 18:19:45.383,64.89,0.138058545864,0.0,0
2018-05-27 18:19:45.467,64.24,0.138058545864,0.0,0
2018-05-27 18:19:45.560,63.42,0.138058545864,0.0,0
2018-05-27 18:19:45.830,62.66,0.138058545864,0.0,0
2018-05-27 18:19:45.923,62.2,0.138058545864,0.0,0
2018-05-27 18:19:46.085,62.58,0.138058545864,0.0,0
2018-05-27 18:19:46.178,62.46,0.138058545864,0.0,0
2018-05-27 18:19:46.532,61.44,0.138058545864,0.0,0
2018-05-27 18:19:46.625,61.53,0.138058545864,0.0,0
2018-05-27 18:19:46.718,61.29,0.138058545864,0.0,0
2018-05-27 18:19:46.905,61.21,0.138058545864,0.0,0
2018-05-27 18:19:47.159,60.73,0.138058545864,0.0,0
2018-05-27 18:19:47.430,59.73,0.138058545864,0.0,0
2018-05-27 18:19:47.523,59.89,0.138058545864,0.0,0
2018-05-27 18:19:47.616,60.34,0.138058545864,0.0,0
2018-05-27 18:19:47.709,60.23,0.138058545864,0.0,0
2018-05-27 18:19:47.802,59.52,0.138058545864,0.0,0
2018-05-27 18:19:47.895,60.19,0.138058545864,0.0,0
2018-05-27 18:19:48.057,60.21,0.138058545864,0.0,0
2018-05-27 18:19:48.150,59.56,0.138058545864,0.0,0
2018-05-27 18:19:48.336,59.58,0.138058545864,0.0,0
2018-05-27 18:19:48.430,59.91,0.138058545864,0.0,0
2018-05-27 18:19:48.606,59.97,0.138058545864,0.0,0
2018-05-27 18:19:48.700,61.07,0.138058545864,0.0,0
2018-05-27 18:19:48.793,60.86,0.138058545864,0.0,0
2018-05-27 18:19:48.886,61.62,0.138058545864,0.0,0
2018-05-27 18:19:49.048,62.0,0.138058545864,0.0,0
2018-05-27 18:19:49.225,62.11,0.138058545864,0.0,0
2018-05-27 18:19:49.392,61.7,0.138058545864,0.0,0
2018-05-27 18:19:49.486,61.05,0.138058545864,0.0,0
2018-05-27 18:19:49.578,61.1,0.138058545864,0.0,0
2018-05-27 18:19:49.672,61.33,0.138058545864,0.0,0
2018-05-27 18:19:49.765,61.26,0.138058545864,0.0,0
2018-05-27 18:19:49.849,61.13,0.138058545864,0.0,0
2018-05-27 18:19:50.020,61.29,0.138058545864,0.0,0
2018-05-27 18:19:50.113,61.09,0.138058545864,0.0,0
2018-05-27 18:19:50.299,59.9,0.138058545864,0.0,0
2018-05-27 18:19:50.392,60.44,0.138058545864,0.0,0
2018-05-27 18:19:50.476,59.68,0.138058545864,0.0,0
2018-05-27 18:19:50.569,60.07,0.138058545864,0.0,0
2018-05-27 18:19:50.662,60.51,0.138058545864,0.0,0
2018-05-27 18:19:50.756,60.14,0.138058545864,0.0,0
2018-05-27 18:19:50.839,59.52,0.138058545864,0.0,0
2018-05-27 18:19:51.001,59.3,0.138058545864,0.0,0
2018-05-27 18:19:51.094,59.83,0.138058545864,0.0,0
2018-05-27 18:19:51.187,59.98,0.138058545864,0.0,0
2018-05-27 18:19:51.374,60.85,0.138058545864,0.0,0
2018-05-27 18:19:51.457,59.51,0.138058545864,0.0,0
2018-05-27 18:19:51.551,59.85,0.138058545864,0.0,0
2018-05-27 18:19:51.644,59.64,0.138058545864,0.0,0
2018-05-27 18:19:51.737,60.37,0.138058545864,0.0,0
2018-05-27 18:19:51.821,60.16,0.138058545864,0.0,0
2018-05-27 18:19:52.076,60.35,0.138058545864,0.0,0
2018-05-27 18:19:52.169,60.73,0.138058545864,0.0,0
2018-05-27 18:19:52.262,60.97,0.138058545864,0.0,0
2018-05-27 18:19:52.439,61.09,0.138058545864,0.0,0
2018-05-27 18:19:52.532,61.29,0.138058545864,0.0,0
2018-05-27 18:19:52.625,60.86,0.138058545864,0.0,0
2018-05-27 18:19:52.718,61.35,0.138058545864,0.0,0
2018-05-27 18:19:52.811,61.96,0.138058545864,0.0,0
2018-05-27 18:19:53.066,62.85,0.138058545864,0.0,0
2018-05-27 18:19:53.159,63.59,0.138058545864,0.0,0
2018-05-27 18:19:53.252,63.84,0.138058545864,0.0,0
2018-05-27 18:19:53.337,63.71,0.138058545864,0.0,0
2018-05-27 18:19:53.429,64.45,0.138058545864,0.0,0
2018-05-27 18:19:53.522,64.65,0.138058545864,0.0,0
2018-05-27 18:19:53.616,64.74,0.138058545864,0.0,0
2018-05-27 18:19:53.802,65.41,0.138058545864,0.0,0
2018-05-27 18:19:54.057,65.91,0.138058545864,0.0,0
2018-05-27 18:19:54.150,66.6,0.138058545864,0.0,0
2018-05-27 18:19:54.243,66.8,0.138058545864,0.0,0
2018-05-27 18:19:54.337,67.0,0.138058545864,0.0,0
2018-05-27 18:19:54.429,67.25,0.138058545864,0.0,0
2018-05-27 18:19:54.699,68.02,0.138058545864,0.0,0
2018-05-27 18:19:54.793,67.7,0.138058545864,0.0,0
2018-05-27 18:19:54.886,67.18,0.138058545864,0.0,0
2018-05-27 18:19:55.047,67.75,0.138058545864,0.0,0
2018-05-27 18:19:55.234,67.22,0.138058545864,0.0,0
2018-05-27 18:19:55.327,66.8,0.138058545864,0.0,0
2018-05-27 18:19:55.411,66.64,0.138058545864,0.0,0
2018-05-27 18:19:55.504,66.31,0.138058545864,0.0,0
2018-05-27 18:19:55.597,66.31,0.138058545864,0.0,0
2018-05-27 18:19:55.690,66.08,0.138058545864,0.0,0
2018-05-27 18:19:55.774,66.62,0.138058545864,0.0,0
2018-05-27 18:19:55.858,66.87,0.138058545864,0.0,0
2018-05-27 18:19:56.020,67.29,0.138058545864,0.0,0
2018-05-27 18:19:56.207,67.81,0.138058545864,0.0,0
2018-05-27 18:19:56.299,68.39,0.138058545864,0.0,0
2018-05-27 18:19:56.392,67.7,0.138058545864,0.0,0
2018-05-27 18:19:56.485,68.55,0.138058545864,0.0,0
2018-05-27 18:19:56.578,68.66,0.138058545864,0.0,0
2018-05-27 18:19:56.671,69.02,0.138058545864,0.0,0
2018-05-27 18:19:56.764,69.53,0.138058545864,0.0,0
2018-05-27 18:19:57.019,69.89,0.138058545864,0.0,0
2018-05-27 18:19:57.113,70.42,0.138058545864,0.0,0
2018-05-27 18:19:57.206,70.1,0.138058545864,0.0,0
2018-05-27 18:19:57.301,71.44,0.138058545864,0.0,0
2018-05-27 18:19:57.392,71.44,0.138058545864,0.0,0
2018-05-27 18:19:57.485,71.08,0.138058545864,0.0,0
2018-05-27 18:19:57.578,72.12,0.138058545864,0.0,0
2018-05-27 18:19:57.662,72.27,0.138058545864,0.0,0
2018-05-27 18:19:57.755,71.6,0.138058545864,0.0,0
2018-05-27 18:19:58.002,73.25,0.138058545864,0.0,0
2018-05-27 18:19:58.094,72.99,0.138058545864,0.0,0
2018-05-27 18:19:58.187,73.37,0.138058545864,0.0,0
2018-05-27 18:19:58.280,73.8,0.138058545864,0.0,0
2018-05-27 18:19:58.373,74.02,0.138058545864,0.0,0
2018-05-27 18:19:58.457,73.7,0.138058545864,0.0,0
2018-05-27 18:19:58.550,73.41,0.138058545864,0.0,0
2018-05-27 18:19:58.643,73.43,0.138058545864,0.0,0
2018-05-27 18:19:58.820,72.95,0.138058545864,0.0,0
2018-05-27 18:19:58.913,72.06,0.138058545864,0.0,0
2018-05-27 18:19:59.075,72.79,0.138058545864,0.0,0
2018-05-27 18:19:59.168,72.33,0.138058545864,0.0,0
2018-05-27 18:19:59.262,71.78,0.138058545864,0.0,0
2018-05-27 18:19:59.345,71.44,0.138058545864,0.0,0
2018-05-27 18:19:59.532,70.99,0.138058545864,0.0,0
2018-05-27 18:19:59.625,71.28,0.138058545864,0.0,0
2018-05-27 18:19:59.718,71.18,0.138058545864,0.0,0
2018-05-27 18:19:59.802,71.04,0.138058545864,0.0,0
2018-05-27 18:19:59.895,70.69,0.138058545864,0.0,0
2018-05-27 18:20:00.057,70.21,0.138058545864,0.0,0
2018-05-27 18:20:00.150,70.23,0.138058545864,0.0,0
2018-05-27 18:20:00.243,69.7,0.138058545864,0.0,0
2018-05-27 18:20:00.336,70.04,0.138058545864,0.0,0
2018-05-27 18:20:00.429,70.17,0.138058545864,0.0,0
2018-05-27 18:20:00.522,70.01,0.138058545864,0.0,0
2018-05-27 18:20:00.615,70.83,0.138058545864,0.0,0
2018-05-27 18:20:00.709,71.15,0.138058545864,0.0,0
2018-05-27 18:20:00.792,71.29,0.138058545864,0.0,0
2018-05-27 18:20:00.885,71.24,0.138058545864,0.0,0
2018-05-27 18:20:01.047,72.11,0.138058545864,0.0,0
2018-05-27 18:20:01.140,72.02,0.138058545864,0.0,0
2018-05-27 18:20:01.327,71.95,0.138058545864,0.0,0
2018-05-27 18:20:01.410,72.77,0.138058545864,0.0,0
2018-05-27 18:20:01.597,73.04,0.138058545864,0.0,0
2018-05-27 18:20:01.685,73.06,0.138058545864,0.0,0
2018-05-27 18:20:01.774,73.69,0.138058545864,0.0,0
2018-05-27 18:20:01.857,74.5,0.138058545864,0.0,0
2018-05-27 18:20:02.112,74.97,0.138058545864,0.0,0
2018-05-27 18:20:02.206,75.1,0.138058545864,0.0,0
2018-05-27 18:20:02.383,75.05,0.138058545864,0.0,0
2018-05-27 18:20:02.476,75.54,0.138058545864,0.0,0
2018-05-27 18:20:02.569,76.3,0.138058545864,0.0,0
2018-05-27 18:20:02.662,76.13,0.138058545864,0.0,0
2018-05-27 18:20:02.755,76.19,0.138058545864,0.0,0
2018-05-27 18:20:02.848,77.33,0.138058545864,0.0,0
2018-05-27 18:20:03.011,77.17,0.138058545864,0.0,0
2018-05-27 18:20:03.103,77.34,0.138058545864,0.0,0
2018-05-27 18:20:03.196,77.87,0.138058545864,0.0,0
2018-05-27 18:20:03.289,77.74,0.138058545864,0.0,0
2018-05-27 18:20:03.373,78.38,0.138058545864,0.0,0
2018-05-27 18:20:03.466,78.36,0.138058545864,0.0,0
2018-05-27 18:20:03.559,78.76,0.138058545864,0.0,0
2018-05-27 18:20:03.653,78.6,0.138058545864,0.0,0
2018-05-27 18:20:03.746,78.4,0.138058545864,0.0,0
2018-05-27 18:20:04.001,77.66,0.138058545864,0.0,0
2018-05-27 18:20:04.094,77.62,0.138058545864,0.0,0
2018-05-27 18:20:04.187,77.36,0.138058545864,0.0,0
2018-05-27 18:20:04.364,76.42,0.138058545864,0.0,0
2018-05-27 18:20:04.550,76.86,0.138058545864,0.0,0
2018-05-27 18:20:04.643,76.21,0.138058545864,0.0,0
2018-05-27 18:20:04.736,75.71,0.138058545864,0.0,0
2018-05-27 18:20:04.830,75.58,0.138058545864,0.0,0
2018-05-27 18:20:04.923,75.41,0.138058545864,0.0,0
2018-05-27 18:20:05.075,75.21,0.138058545864,0.0,0
2018-05-27 18:20:05.169,74.23,0.138058545864,0.0,0
2018-05-27 18:20:05.345,74.91,0.138058545864,0.0,0
2018-05-27 18:20:05.438,74.37,0.138058545864,0.0,0
2018-05-27 18:20:05.531,74.07,0.138058545864,0.0,0
2018-05-27 18:20:05.718,73.52,0.138058545864,0.0,0
2018-05-27 18:20:05.812,73.5,0.138058545864,0.0,0
2018-05-27 18:20:05.904,72.47,0.138058545864,0.0,0
2018-05-27 18:20:06.149,72.09,0.138058545864,0.0,0
2018-05-27 18:20:06.261,72.84,0.138058545864,0.0,0
2018-05-27 18:20:06.438,73.04,0.138058545864,0.0,0
2018-05-27 18:20:06.531,73.08,0.138058545864,0.0,0
2018-05-27 18:20:06.624,72.51,0.138058545864,0.0,0
2018-05-27 18:20:06.718,73.78,0.138058545864,0.0,0
2018-05-27 18:20:06.904,74.15,0.138058545864,0.0,0
2018-05-27 18:20:07.066,73.53,0.138058545864,0.0,0
2018-05-27 18:20:07.159,73.82,0.138058545864,0.0,0
2018-05-27 18:20:07.243,74.79,0.138058545864,0.0,0
2018-05-27 18:20:07.429,75.27,0.138058545864,0.0,0
2018-05-27 18:20:07.522,75.55,0.138058545864,0.0,0
2018-05-27 18:20:07.615,75.93,0.138058545864,0.0,0
2018-05-27 18:20:07.708,76.41,0.138058545864,0.0,0
2018-05-27 18:20:07.801,76.36,0.138058545864,0.0,0
2018-05-27 18:20:07.895,76.96,0.138058545864,0.0,0
2018-05-27 18:20:08.057,77.34,0.138058545864,0.0,0
2018-05-27 18:20:08.149,77.19,0.138058545864,0.0,0
2018-05-27 18:20:08.336,78.04,0.138058545864,0.0,0
2018-05-27 18:20:08.522,78.5,0.138058545864,0.0,0
2018-05-27 18:20:08.708,78.16,0.138058545864,0.0,0
2018-05-27 18:20:08.801,78.7,0.138058545864,0.0,0
2018-05-27 18:20:08.894,78.87,0.138058545864,0.0,0
2018-05-27 18:20:09.056,78.56,0.138058545864,0.0,0
2018-05-27 18:20:09.150,79.41,0.138058545864,0.0,0
2018-05-27 18:20:09.233,79.89,0.138058545864,0.0,0
2018-05-27 18:20:09.326,79.85,0.138058545864,0.0,0
2018-05-27 18:20:09.410,80.42,0.138058545864,0.0,0
2018-05-27 18:20:09.503,80.54,0.138058545864,0.0,0
2018-05-27 18:20:09.596,80.91,0.138058545864,0.0,0
2018-05-27 18:20:09.783,81.4,0.138058545864,0.0,0
2018-05-27 18:20:09.868,81.55,0.138058545864,0.0,0
2018-05-27 18:20:10.019,81.83,0.138058545864,0.0,0
2018-05-27 18:20:10.103,81.84,0.138058545864,0.0,0
2018-05-27 18:20:10.196,82.21,0.138058545864,0.0,0
2018-05-27 18:20:10.373,82.66,0.138058545864,0.0,0
2018-05-27 18:20:10.559,83.02,0.138058545864,0.0,0
2018-05-27 18:20:10.736,83.52,0.138058545864,0.0,0
2018-05-27 18:20:10.922,83.93,0.138058545864,0.0,0
2018-05-27 18:20:11.084,84.15,0.138058545864,0.0,0
2018-05-27 18:20:11.177,84.15,0.138058545864,0.0,0
2018-05-27 18:20:11.270,84.63,0.138058545864,0.0,0
2018-05-27 18:20:11.364,84.75,0.138058545864,0.0,0
2018-05-27 18:20:11.447,84.11,0.138058545864,0.0,0
2018-05-27 18:20:11.634,83.3,0.138058545864,0.0,0
2018-05-27 18:20:11.727,84.04,0.138058545864,0.0,0
2018-05-27 18:20:11.820,83.77,0.138058545864,0.0,0
2018-05-27 18:20:11.913,82.34,0.138058545864,0.0,0
2018-05-27 18:20:12.531,82.04,0.138058545864,0.0,0
2018-05-27 18:20:12.624,81.34,0.138058545864,0.0,0
2018-05-27 18:20:12.717,80.39,0.138058545864,0.0,0
2018-05-27 18:20:12.895,80.86,0.138058545864,0.0,0
2018-05-27 18:20:13.140,80.27,0.138058545864,0.0,0
2018-05-27 18:20:13.336,79.73,0.138058545864,0.0,0
2018-05-27 18:20:13.522,78.88,0.138058545864,0.0,0
2018-05-27 18:20:13.801,77.89,0.138058545864,0.0,0
2018-05-27 18:20:13.894,78.15,0.138058545864,0.0,0
2018-05-27 18:20:14.242,77.74,0.138058545864,0.0,0
2018-05-27 18:20:14.336,78.78,0.138058545864,0.0,0
2018-05-27 18:20:14.429,78.45,0.138058545864,0.0,0
2018-05-27 18:20:14.615,78.93,0.138058545864,0.0,0
2018-05-27 18:20:14.708,79.29,0.138058545864,0.0,0
2018-05-27 18:20:14.801,79.44,0.138058545864,0.0,0
2018-05-27 18:20:14.894,79.99,0.138058545864,0.0,0
2018-05-27 18:20:15.056,79.95,0.138058545864,0.0,0
2018-05-27 18:20:15.140,80.39,0.138058545864,0.0,0
2018-05-27 18:20:15.233,80.85,0.138058545864,0.0,0
2018-05-27 18:20:15.326,81.36,0.138058545864,0.0,0
2018-05-27 18:20:15.419,80.77,0.138058545864,0.0,0
2018-05-27 18:20:15.596,81.7,0.138058545864,0.0,0
2018-05-27 18:20:15.689,82.16,0.138058545864,0.0,0
2018-05-27 18:20:15.782,82.04,0.138058545864,0.0,0
2018-05-27 18:20:15.866,82.9,0.138058545864,0.0,0
2018-05-27 18:20:16.112,83.56,0.138058545864,0.0,0
2018-05-27 18:20:16.298,84.3,0.138058545864,0.0,0
2018-05-27 18:20:16.391,84.24,0.138058545864,0.0,0
2018-05-27 18:20:16.475,83.95,0.138058545864,0.0,0
2018-05-27 18:20:16.568,83.93,0.138058545864,0.0,0
2018-05-27 18:20:16.661,84.0,0.138058545864,0.0,0
2018-05-27 18:20:16.755,83.24,0.138058545864,0.0,0
2018-05-27 18:20:17.009,82.6,0.138058545864,0.0,0
2018-05-27 18:20:17.196,82.14,0.138058545864,0.0,0
2018-05-27 18:20:17.289,82.19,0.138058545864,0.0,0
2018-05-27 18:20:17.361,81.72,0.138058545864,0.0,0
2018-05-27 18:20:17.478,80.96,0.138058545864,0.0,0
2018-05-27 18:20:17.568,81.51,0.138058545864,0.0,0
2018-05-27 18:20:17.662,80.81,0.138058545864,0.0,0
2018-05-27 18:20:17.754,80.55,0.138058545864,0.0,0
2018-05-27 18:20:18.009,80.06,0.138058545864,0.0,0
2018-05-27 18:20:18.103,80.22,0.138058545864,0.0,0
2018-05-27 18:20:18.373,78.74,0.138058545864,0.0,0
2018-05-27 18:20:18.456,78.81,0.138058545864,0.0,0
2018-05-27 18:20:18.550,79.2,0.138058545864,0.0,0
2018-05-27 18:20:18.643,78.89,0.138058545864,0.0,0
2018-05-27 18:20:18.922,77.66,0.138058545864,0.0,0
2018-05-27 18:20:19.075,77.17,0.138058545864,0.0,0
2018-05-27 18:20:19.168,77.24,0.138058545864,0.0,0
2018-05-27 18:20:19.438,76.51,0.138058545864,0.0,0
2018-05-27 18:20:19.531,76.39,0.138058545864,0.0,0
2018-05-27 18:20:19.624,75.94,0.138058545864,0.0,0
2018-05-27 18:20:19.717,75.79,0.138058545864,0.0,0
2018-05-27 18:20:19.810,75.35,0.138058545864,0.0,0
2018-05-27 18:20:20.242,74.37,0.138058545864,0.0,0
2018-05-27 18:20:20.335,73.98,0.138058545864,0.0,0
2018-05-27 18:20:20.615,74.12,0.138058545864,0.0,0
2018-05-27 18:20:21.047,72.79,0.138058545864,0.0,0
2018-05-27 18:20:21.140,72.6,0.138058545864,0.0,0
2018-05-27 18:20:21.233,72.63,0.138058545864,0.0,0
2018-05-27 18:20:21.410,73.07,0.138058545864,0.0,0
2018-05-27 18:20:21.503,73.49,0.138058545864,0.0,0
2018-05-27 18:20:21.777,74.32,0.138058545864,0.0,0
2018-05-27 18:20:21.866,74.89,0.138058545864,0.0,0
2018-05-27 18:20:22.019,74.81,0.138058545864,0.0,0
2018-05-27 18:20:22.112,75.29,0.138058545864,0.0,0
2018-05-27 18:20:22.298,76.9,0.138058545864,0.0,0
2018-05-27 18:20:22.391,77.67,0.138058545864,0.0,0
2018-05-27 18:20:22.559,78.05,0.138058545864,0.0,0
2018-05-27 18:20:22.838,80.54,0.138058545864,0.0,0
2018-05-27 18:20:23.186,81.52,0.138058545864,0.0,0
2018-05-27 18:20:23.363,83.43,0.138058545864,0.0,0
2018-05-27 18:20:23.456,83.33,0.138058545864,0.0,0
2018-05-27 18:20:23.736,83.27,0.138058545864,0.0,0
2018-05-27 18:20:24.177,82.09,0.138058545864,0.0,0
2018-05-27 18:20:24.448,80.89,0.138058545864,0.0,0
2018-05-27 18:20:24.726,80.75,0.138058545864,0.0,0
2018-05-27 18:20:25.261,79.1,0.138058545864,0.0,0
2018-05-27 18:20:25.531,77.82,0.138058545864,0.0,0
2018-05-27 18:20:25.791,78.22,0.138058545864,0.0,0
2018-05-27 18:20:26.140,77.99,0.138058545864,0.0,0
2018-05-27 18:20:26.233,77.7,0.138058545864,0.0,0
2018-05-27 18:20:26.419,78.64,0.138058545864,0.0,0
2018-05-27 18:20:26.671,78.74,0.138058545864,0.0,0
2018-05-27 18:20:27.205,80.81,0.138058545864,0.0,0
2018-05-27 18:20:27.298,82.5,0.138058545864,0.0,0
2018-05-27 18:20:27.391,83.22,0.138058545864,0.0,0
2018-05-27 18:20:27.475,83.04,0.138058545864,0.0,0
2018-05-27 18:20:27.661,85.12,0.138058545864,0.0,0
2018-05-27 18:20:27.847,86.04,0.138058545864,0.0,0
2018-05-27 18:20:28.102,87.58,0.138058545864,0.0,0
2018-05-27 18:20:28.195,87.76,0.138058545864,0.0,0
2018-05-27 18:20:28.372,89.58,0.138058545864,0.0,0
2018-05-27 18:20:28.465,90.85,0.138058545864,0.0,0
2018-05-27 18:20:28.559,91.23,0.138058545864,0.0,0
2018-05-27 18:20:28.652,91.61,0.138058545864,0.0,0
2018-05-27 18:20:28.745,92.26,0.138058545864,0.0,0
2018-05-27 18:20:28.931,92.76,0.138058545864,0.0,0
2018-05-27 18:20:29.093,92.6,0.138058545864,0.0,0
2018-05-27 18:20:29.186,92.26,0.138058545864,0.0,0
2018-05-27 18:20:29.363,91.77,0.138058545864,0.0,0
2018-05-27 18:20:29.549,90.29,0.138058545864,0.0,0
2018-05-27 18:20:29.642,90.38,0.138058545864,0.0,0
2018-05-27 18:20:29.736,90.16,0.138058545864,0.0,0
2018-05-27 18:20:29.922,89.37,0.138058545864,0.0,0
2018-05-27 18:20:30.177,88.66,0.138058545864,0.0,0
2018-05-27 18:20:30.270,88.14,0.138058545864,0.0,0
2018-05-27 18:20:30.354,88.58,0.138058545864,0.0,0
2018-05-27 18:20:30.447,88.53,0.138058545864,0.0,0
2018-05-27 18:20:30.540,88.35,0.138058545864,0.0,0
2018-05-27 18:20:30.633,86.76,0.138058545864,0.0,0
2018-05-27 18:20:30.726,87.27,0.138058545864,0.0,0
2018-05-27 18:20:30.912,86.2,0.138058545864,0.0,0
2018-05-27 18:20:31.167,86.8,0.138058545864,0.0,0
2018-05-27 18:20:31.344,85.45,0.138058545864,0.0,0
2018-05-27 18:20:31.531,84.26,0.138058545864,0.0,0
2018-05-27 18:20:31.717,84.63,0.138058545864,0.0,0
2018-05-27 18:20:31.903,83.89,0.138058545864,0.0,0
2018-05-27 18:20:32.065,83.28,0.138058545864,0.0,0
2018-05-27 18:20:32.158,83.17,0.138058545864,0.0,0
2018-05-27 18:20:32.251,82.91,0.138058545864,0.0,0
2018-05-27 18:20:32.336,82.56,0.138058545864,0.0,0
2018-05-27 18:20:32.428,81.53,0.138058545864,0.0,0
2018-05-27 18:20:32.521,82.2,0.138058545864,0.0,0
2018-05-27 18:20:32.614,82.21,0.138058545864,0.0,0
2018-05-27 18:20:32.708,81.2,0.138058545864,0.0,0
2018-05-27 18:20:32.801,81.48,0.138058545864,0.0,0
2018-05-27 18:20:32.894,80.85,0.138058545864,0.0,0
2018-05-27 18:20:33.056,80.9,0.138058545864,0.0,0
2018-05-27 18:20:33.233,80.49,0.138058545864,0.0,0
2018-05-27 18:20:33.326,80.15,0.138058545864,0.0,0
2018-05-27 18:20:33.428,79.27,0.138058545864,0.0,0
2018-05-27 18:20:33.522,79.52,0.138058545864,0.0,0
2018-05-27 18:20:33.614,79.38,0.138058545864,0.0,0
2018-05-27 18:20:33.708,78.83,0.138058545864,0.0,0
2018-05-27 18:20:33.801,78.09,0.138058545864,0.0,0
2018-05-27 18:20:33.894,77.51,0.138058545864,0.0,0
2018-05-27 18:20:34.056,78.31,0.138058545864,0.0,0
2018-05-27 18:20:34.139,77.96,0.138058545864,0.0,0
2018-05-27 18:20:34.233,77.87,0.138058545864,0.0,0
2018-05-27 18:20:34.326,77.63,0.138058545864,0.0,0
2018-05-27 18:20:34.503,77.11,0.138058545864,0.0,0
2018-05-27 18:20:34.596,75.79,0.138058545864,0.0,0
2018-05-27 18:20:34.689,75.45,0.138058545864,0.0,0
2018-05-27 18:20:34.782,75.91,0.138058545864,0.0,0
2018-05-27 18:20:35.028,75.82,0.138058545864,0.0,0
2018-05-27 18:20:35.111,75.23,0.138058545864,0.0,0
2018-05-27 18:20:35.205,74.9,0.138058545864,0.0,0
2018-05-27 18:20:35.298,75.1,0.138058545864,0.0,0
2018-05-27 18:20:35.382,74.61,0.138058545864,0.0,0
2018-05-27 18:20:35.475,73.83,0.138058545864,0.0,0
2018-05-27 18:20:35.568,73.95,0.138058545864,0.0,0
2018-05-27 18:20:35.652,73.95,0.138058545864,0.0,0
2018-05-27 18:20:35.745,73.07,0.138058545864,0.0,0
2018-05-27 18:20:35.838,73.37,0.138058545864,0.0,0
2018-05-27 18:20:35.931,72.71,0.138058545864,0.0,0
2018-05-27 18:20:36.093,72.6,0.138058545864,0.0,0
2018-05-27 18:20:36.186,72.5,0.138058545864,0.0,0
2018-05-27 18:20:36.279,71.52,0.138058545864,0.0,0
2018-05-27 18:20:36.456,71.75,0.138058545864,0.0,0
2018-05-27 18:20:36.540,71.33,0.138058545864,0.0,0
2018-05-27 18:20:36.633,71.08,0.138058545864,0.0,0
2018-05-27 18:20:36.726,70.31,0.138058545864,0.0,0
2018-05-27 18:20:36.819,70.95,0.138058545864,0.0,0
2018-05-27 18:20:36.912,70.67,0.138058545864,0.0,0
2018-05-27 18:20:37.167,71.05,0.138058545864,0.0,0
2018-05-27 18:20:37.344,70.39,0.138058545864,0.0,0
2018-05-27 18:20:37.437,71.45,0.138058545864,0.0,0
2018-05-27 18:20:37.531,71.98,0.138058545864,0.0,0
2018-05-27 18:20:37.624,71.12,0.138058545864,0.0,0
2018-05-27 18:20:37.717,72.42,0.138058545864,0.0,0
2018-05-27 18:20:37.810,72.51,0.138058545864,0.0,0
2018-05-27 18:20:38.065,72.99,0.138058545864,0.0,0
2018-05-27 18:20:38.158,73.4,0.138058545864,0.0,0
2018-05-27 18:20:38.335,74.44,0.138058545864,0.0,0
2018-05-27 18:20:38.512,74.86,0.138058545864,0.0,0
2018-05-27 18:20:38.605,75.35,0.138058545864,0.0,0
2018-05-27 18:20:38.698,75.37,0.138058545864,0.0,0
2018-05-27 18:20:38.791,75.89,0.138058545864,0.0,0
2018-05-27 18:20:38.884,76.21,0.138058545864,0.0,0
2018-05-27 18:20:39.046,76.6,0.138058545864,0.0,0
2018-05-27 18:20:39.139,77.0,0.138058545864,0.0,0
2018-05-27 18:20:39.233,76.23,0.138058545864,0.0,0
2018-05-27 18:20:39.326,77.08,0.138058545864,0.0,0
2018-05-27 18:20:39.409,77.47,0.138058545864,0.0,0
2018-05-27 18:20:39.503,77.68,0.138058545864,0.0,0
2018-05-27 18:20:39.596,78.23,0.138058545864,0.0,0
2018-05-27 18:20:39.689,78.41,0.138058545864,0.0,0
2018-05-27 18:20:39.870,78.69,0.138058545864,0.0,0
2018-05-27 18:20:40.288,78.79,0.138058545864,0.0,0
2018-05-27 18:20:40.465,78.09,0.138058545864,0.0,0
2018-05-27 18:20:40.745,77.9,0.138058545864,0.0,0
2018-05-27 18:20:41.177,75.71,0.138058545864,0.0,0
2018-05-27 18:20:41.270,76.16,0.138058545864,0.0,0
2018-05-27 18:20:41.447,75.86,0.138058545864,0.0,0
2018-05-27 18:20:41.633,75.01,0.138058545864,0.0,0
2018-05-27 18:20:41.903,76.02,0.138058545864,0.0,0
2018-05-27 18:20:42.065,75.03,0.138058545864,0.0,0
2018-05-27 18:20:42.251,76.21,0.138058545864,0.0,0
2018-05-27 18:20:42.337,75.95,0.138058545864,0.0,0
2018-05-27 18:20:42.423,76.54,0.138058545864,0.0,0
2018-05-27 18:20:42.698,77.54,0.138058545864,0.0,0
2018-05-27 18:20:42.791,77.41,0.138058545864,0.0,0
2018-05-27 18:20:43.139,77.88,0.138058545864,0.0,0
2018-05-27 18:20:43.409,79.08,0.138058545864,0.0,0
2018-05-27 18:20:43.493,79.83,0.138058545864,0.0,0
2018-05-27 18:20:43.577,80.01,0.138058545864,0.0,0
2018-05-27 18:20:43.670,79.59,0.138058545864,0.0,0
2018-05-27 18:20:44.009,78.73,0.138058545864,0.0,0
2018-05-27 18:20:44.102,79.17,0.138058545864,0.0,0
2018-05-27 18:20:44.288,78.55,0.138058545864,0.0,0
2018-05-27 18:20:44.381,78.41,0.138058545864,0.0,0
2018-05-27 18:20:45.084,76.28,0.138058545864,0.0,0
2018-05-27 18:20:45.177,76.49,0.138058545864,0.0,0
2018-05-27 18:20:45.447,75.37,0.138058545864,0.0,0
2018-05-27 18:20:45.624,75.2,0.138058545864,0.0,0
2018-05-27 18:20:45.717,74.26,0.138058545864,0.0,0
2018-05-27 18:20:45.903,74.47,0.138058545864,0.0,0
2018-05-27 18:20:46.158,73.88,0.138058545864,0.0,0
2018-05-27 18:20:46.242,73.04,0.138058545864,0.0,0
2018-05-27 18:20:46.345,73.49,0.138058545864,0.0,0
2018-05-27 18:20:46.437,73.22,0.138058545864,0.0,0
2018-05-27 18:20:46.530,72.38,0.138058545864,0.0,0
2018-05-27 18:20:46.624,72.81,0.138058545864,0.0,0
2018-05-27 18:20:46.717,71.82,0.138058545864,0.0,0
2018-05-27 18:20:46.810,72.13,0.138058545864,0.0,0
2018-05-27 18:20:46.903,71.95,0.138058545864,0.0,0
2018-05-27 18:20:47.158,71.82,0.138058545864,0.0,0
2018-05-27 18:20:47.428,73.37,0.138058545864,0.0,0
2018-05-27 18:20:47.521,74.95,0.138058545864,0.0,0
2018-05-27 18:20:47.801,76.6,0.138058545864,0.0,0
2018-05-27 18:20:47.894,77.04,0.138058545864,0.0,0
2018-05-27 18:20:48.046,77.62,0.138058545864,0.0,0
2018-05-27 18:20:48.139,77.82,0.138058545864,0.0,0
2018-05-27 18:20:48.233,77.95,0.138058545864,0.0,0
2018-05-27 18:20:48.316,78.77,0.138058545864,0.0,0
2018-05-27 18:20:48.405,79.29,0.138058545864,0.0,0
2018-05-27 18:20:48.670,81.11,0.138058545864,0.0,0
2018-05-27 18:20:48.763,81.86,0.138058545864,0.0,0
2018-05-27 18:20:48.857,82.97,0.138058545864,0.0,0
2018-05-27 18:20:49.009,83.48,0.138058545864,0.0,0
2018-05-27 18:20:49.102,83.55,0.138058545864,0.0,0
2018-05-27 18:20:49.195,84.64,0.138058545864,0.0,0
2018-05-27 18:20:49.288,85.05,0.138058545864,0.0,0
2018-05-27 18:20:49.381,85.02,0.138058545864,0.0,0
2018-05-27 18:20:49.456,84.75,0.138058545864,0.0,0
2018-05-27 18:20:49.558,84.33,0.138058545864,0.0,0
2018-05-27 18:20:49.642,84.94,0.138058545864,0.0,0
2018-05-27 18:20:49.828,83.96,0.138058545864,0.0,0
2018-05-27 18:20:49.922,83.83,0.138058545864,0.0,0
2018-05-27 18:20:50.084,83.21,0.138058545864,0.0,0
2018-05-27 18:20:50.363,82.36,0.138058545864,0.0,0
2018-05-27 18:20:51.521,79.78,0.138058545864,0.0,0
2018-05-27 18:20:51.614,79.39,0.138058545864,0.0,0
2018-05-27 18:20:51.698,78.69,0.138058545864,0.0,0
2018-05-27 18:20:52.046,78.13,0.138058545864,0.0,0
2018-05-27 18:20:52.232,77.75,0.138058545864,0.0,0
2018-05-27 18:20:52.410,77.26,0.138058545864,0.0,0
2018-05-27 18:20:52.689,76.93,0.138058545864,0.0,0
2018-05-27 18:20:52.782,76.27,0.138058545864,0.0,0
2018-05-27 18:20:52.870,76.26,0.138058545864,0.0,0
2018-05-27 18:20:53.027,76.02,0.138058545864,0.0,0
2018-05-27 18:20:53.111,74.67,0.138058545864,0.0,0
2018-05-27 18:20:53.381,74.68,0.138058545864,0.0,0
2018-05-27 18:20:53.474,73.99,0.138058545864,0.0,0
2018-05-27 18:20:53.568,74.37,0.138058545864,0.0,0
2018-05-27 18:20:53.661,73.64,0.138058545864,0.0,0
2018-05-27 18:20:53.847,73.3,0.138058545864,0.0,0
2018-05-27 18:20:54.009,72.95,0.138058545864,0.0,0
2018-05-27 18:20:54.195,71.9,0.138058545864,0.0,0
2018-05-27 18:20:54.288,71.88,0.138058545864,0.0,0
2018-05-27 18:20:54.372,71.51,0.138058545864,0.0,0
2018-05-27 18:20:54.465,71.92,0.138058545864,0.0,0
2018-05-27 18:20:54.558,71.94,0.138058545864,0.0,0
2018-05-27 18:20:54.745,72.03,0.138058545864,0.0,0
2018-05-27 18:20:54.838,72.08,0.138058545864,0.0,0
2018-05-27 18:20:54.931,72.28,0.138058545864,0.0,0
2018-05-27 18:20:55.093,72.85,0.138058545864,0.0,0
2018-05-27 18:20:55.186,73.44,0.138058545864,0.0,0
2018-05-27 18:20:55.279,73.17,0.138058545864,0.0,0
2018-05-27 18:20:55.372,73.6,0.138058545864,0.0,0
2018-05-27 18:20:55.465,75.16,0.138058545864,0.0,0
2018-05-27 18:20:55.558,75.51,0.138058545864,0.0,0
2018-05-27 18:20:55.651,76.0,0.138058545864,0.0,0
2018-05-27 18:20:55.745,76.46,0.138058545864,0.0,0
2018-05-27 18:20:55.931,77.83,0.138058545864,0.0,0
2018-05-27 18:20:56.093,78.9,0.138058545864,0.0,0
2018-05-27 18:20:56.363,80.15,0.138058545864,0.0,0
2018-05-27 18:20:56.456,80.73,0.138058545864,0.0,0
2018-05-27 18:20:56.642,82.6,0.138058545864,0.0,0
2018-05-27 18:20:56.735,82.12,0.138058545864,0.0,0
2018-05-27 18:20:56.828,83.09,0.138058545864,0.0,0
2018-05-27 18:20:56.921,83.17,0.138058545864,0.0,0
2018-05-27 18:20:57.083,83.91,0.138058545864,0.0,0
2018-05-27 18:20:57.270,84.67,0.138058545864,0.0,0
2018-05-27 18:20:57.446,83.31,0.138058545864,0.0,0
2018-05-27 18:20:57.726,83.41,0.138058545864,0.0,0
2018-05-27 18:20:57.819,83.03,0.138058545864,0.0,0
2018-05-27 18:20:58.074,82.64,0.138058545864,0.0,0
2018-05-27 18:20:58.167,82.62,0.138058545864,0.0,0
2018-05-27 18:20:58.344,81.8,0.138058545864,0.0,0
2018-05-27 18:20:58.438,81.39,0.138058545864,0.0,0
2018-05-27 18:20:58.530,81.12,0.138058545864,0.0,0
2018-05-27 18:20:58.623,80.28,0.138058545864,0.0,0
2018-05-27 18:20:58.810,80.09,0.138058545864,0.0,0
2018-05-27 18:20:59.065,79.78,0.138058545864,0.0,0
2018-05-27 18:20:59.335,78.57,0.138058545864,0.0,0
2018-05-27 18:20:59.428,79.14,0.138058545864,0.0,0
2018-05-27 18:20:59.614,77.66,0.138058545864,0.0,0
2018-05-27 18:20:59.707,77.87,0.138058545864,0.0,0
2018-05-27 18:20:59.800,78.0,0.138058545864,0.0,0
2018-05-27 18:21:00.782,77.25,0.138058545864,0.0,0
2018-05-27 18:21:00.870,76.8,0.138058545864,0.0,0
2018-05-27 18:21:01.111,76.95,0.138058545864,0.0,0
2018-05-27 18:21:01.204,77.67,0.138058545864,0.0,0
2018-05-27 18:21:01.475,78.23,0.138058545864,0.0,0
2018-05-27 18:21:01.568,79.23,0.138058545864,0.0,0
2018-05-27 18:21:01.661,79.17,0.138058545864,0.0,0
2018-05-27 18:21:01.754,80.09,0.138058545864,0.0,0
2018-05-27 18:21:01.847,80.63,0.138058545864,0.0,0
2018-05-27 18:21:02.009,81.29,0.138058545864,0.0,0
2018-05-27 18:21:02.289,82.47,0.138058545864,0.0,0
2018-05-27 18:21:02.372,83.32,0.138058545864,0.0,0
2018-05-27 18:21:02.465,83.19,0.138058545864,0.0,0
2018-05-27 18:21:02.558,83.61,0.138058545864,0.0,0
2018-05-27 18:21:02.651,84.69,0.138058545864,0.0,0
2018-05-27 18:21:02.744,85.22,0.138058545864,0.0,0
2018-05-27 18:21:02.838,85.84,0.138058545864,0.0,0
2018-05-27 18:21:02.924,85.9,0.138058545864,0.0,0
2018-05-27 18:21:03.177,86.75,0.138058545864,0.0,0
2018-05-27 18:21:03.268,87.09,0.138058545864,0.0,0
2018-05-27 18:21:03.456,87.11,0.138058545864,0.0,0
2018-05-27 18:21:03.921,85.74,0.138058545864,0.0,0
2018-05-27 18:21:04.083,85.61,0.138058545864,0.0,0
2018-05-27 18:21:04.176,85.43,0.138058545864,0.0,0
2018-05-27 18:21:04.363,84.4,0.138058545864,0.0,0
2018-05-27 18:21:04.540,83.85,0.138058545864,0.0,0
2018-05-27 18:21:04.726,83.17,0.138058545864,0.0,0
2018-05-27 18:21:05.167,81.46,0.138058545864,0.0,0
2018-05-27 18:21:05.260,81.91,0.138058545864,0.0,0
2018-05-27 18:21:05.344,82.14,0.138058545864,0.0,0
2018-05-27 18:21:05.446,81.1,0.138058545864,0.0,0
2018-05-27 18:21:05.540,81.05,0.138058545864,0.0,0
2018-05-27 18:21:05.726,80.5,0.138058545864,0.0,0
2018-05-27 18:21:05.819,80.15,0.138058545864,0.0,0
2018-05-27 18:21:05.912,79.34,0.138058545864,0.0,0
2018-05-27 18:21:06.074,79.72,0.138058545864,0.0,0
2018-05-27 18:21:06.167,79.43,0.138058545864,0.0,0
2018-05-27 18:21:06.260,79.16,0.138058545864,0.0,0
2018-05-27 18:21:06.437,79.2,0.138058545864,0.0,0
2018-05-27 18:21:06.530,78.44,0.138058545864,0.0,0
2018-05-27 18:21:06.707,77.75,0.138058545864,0.0,0
2018-05-27 18:21:06.800,77.07,0.138058545864,0.0,0
2018-05-27 18:21:06.893,77.08,0.138058545864,0.0,0
2018-05-27 18:21:07.055,76.84,0.138058545864,0.0,0
2018-05-27 18:21:07.241,75.95,0.138058545864,0.0,0
2018-05-27 18:21:07.428,75.92,0.138058545864,0.0,0
2018-05-27 18:21:07.521,76.09,0.138058545864,0.0,0
2018-05-27 18:21:07.791,75.02,0.138058545864,0.0,0
2018-05-27 18:21:07.884,74.85,0.138058545864,0.0,0
2018-05-27 18:21:08.046,74.5,0.138058545864,0.0,0
2018-05-27 18:21:08.139,74.76,0.138058545864,0.0,0
2018-05-27 18:21:08.232,73.94,0.138058545864,0.0,0
2018-05-27 18:21:08.688,72.82,0.138058545864,0.0,0
2018-05-27 18:21:08.782,73.0,0.138058545864,0.0,0
2018-05-27 18:21:08.875,73.04,0.138058545864,0.0,0
2018-05-27 18:21:09.027,73.99,0.138058545864,0.0,0
2018-05-27 18:21:09.111,74.44,0.138058545864,0.0,0
2018-05-27 18:21:09.204,74.81,0.138058545864,0.0,0
2018-05-27 18:21:09.381,74.7,0.138058545864,0.0,0
2018-05-27 18:21:09.474,75.38,0.138058545864,0.0,0
2018-05-27 18:21:09.567,76.49,0.138058545864,0.0,0
2018-05-27 18:21:09.661,76.48,0.138058545864,0.0,0
2018-05-27 18:21:09.847,77.95,0.138058545864,0.0,0
2018-05-27 18:21:10.009,78.09,0.138058545864,0.0,0
2018-05-27 18:21:10.102,78.65,0.138058545864,0.0,0
2018-05-27 18:21:10.465,80.94,0.138058545864,0.0,0
2018-05-27 18:21:11.092,83.02,0.138058545864,0.0,0
2018-05-27 18:21:11.366,82.38,0.138058545864,0.0,0
2018-05-27 18:21:11.456,81.9,0.138058545864,0.0,0
2018-05-27 18:21:12.269,79.32,0.138058545864,0.0,0
2018-05-27 18:21:12.362,78.54,0.138058545864,0.0,0
2018-05-27 18:21:12.735,78.97,0.138058545864,0.0,0
2018-05-27 18:21:12.921,78.26,0.138058545864,0.0,0
2018-05-27 18:21:13.176,79.49,0.138058545864,0.0,0
2018-05-27 18:21:13.269,79.19,0.138058545864,0.0,0
2018-05-27 18:21:13.353,79.81,0.138058545864,0.0,0
2018-05-27 18:21:13.446,80.32,0.138058545864,0.0,0
2018-05-27 18:21:13.539,80.04,0.138058545864,0.0,0
2018-05-27 18:21:13.726,81.37,0.138058545864,0.0,0
2018-05-27 18:21:13.912,81.32,0.138058545864,0.0,0
2018-05-27 18:21:14.074,81.88,0.138058545864,0.0,0
2018-05-27 18:21:14.167,82.75,0.138058545864,0.0,0
2018-05-27 18:21:14.363,83.1,0.138058545864,0.0,0
2018-05-27 18:21:14.828,84.88,0.138058545864,0.0,0
2018-05-27 18:21:14.921,83.84,0.138058545864,0.0,0
2018-05-27 18:21:15.372,83.17,0.138058545864,0.0,0
2018-05-27 18:21:15.539,81.76,0.138058545864,0.0,0
2018-05-27 18:21:15.819,81.27,0.138058545864,0.0,0
2018-05-27 18:21:16.074,80.98,0.138058545864,0.0,0
2018-05-27 18:21:16.698,79.17,0.138058545864,0.0,0
2018-05-27 18:21:17.037,77.87,0.138058545864,0.0,0
2018-05-27 18:21:17.837,76.46,0.138058545864,0.0,0
2018-05-27 18:21:19.074,79.69,0.138058545864,0.0,0
2018-05-27 18:21:19.344,80.25,0.138058545864,0.0,0
2018-05-27 18:21:19.437,80.64,0.138058545864,0.0,0
2018-05-27 18:21:19.530,80.95,0.138058545864,0.0,0
2018-05-27 18:21:19.623,81.2,0.138058545864,0.0,0
2018-05-27 18:21:19.707,81.29,0.138058545864,0.0,0
2018-05-27 18:21:19.893,82.67,0.138058545864,0.0,0
2018-05-27 18:21:20.148,82.4,0.138058545864,0.0,0
2018-05-27 18:21:20.614,83.45,0.138058545864,0.0,0
2018-05-27 18:21:20.698,83.08,0.138058545864,0.0,0
2018-05-27 18:21:20.791,83.96,0.138058545864,0.0,0
2018-05-27 18:21:20.884,83.48,0.138058545864,0.0,0
2018-05-27 18:21:21.232,82.2,0.138058545864,0.0,0
2018-05-27 18:21:21.325,81.61,0.138058545864,0.0,0
2018-05-27 18:21:21.409,81.24,0.138058545864,0.0,0
2018-05-27 18:21:21.502,80.23,0.138058545864,0.0,0
2018-05-27 18:21:22.008,79.09,0.138058545864,0.0,0
2018-05-27 18:21:22.195,79.14,0.138058545864,0.0,0
2018-05-27 18:21:22.465,78.32,0.138058545864,0.0,0
2018-05-27 18:21:22.651,77.89,0.138058545864,0.0,0
2018-05-27 18:21:22.744,78.29,0.138058545864,0.0,0
2018-05-27 18:21:22.930,78.28,0.138058545864,0.0,0
2018-05-27 18:21:23.279,78.26,0.138058545864,0.0,0
2018-05-27 18:21:23.455,79.48,0.138058545864,0.0,0
2018-05-27 18:21:23.549,79.74,0.138058545864,0.0,0
2018-05-27 18:21:23.642,79.78,0.138058545864,0.0,0
2018-05-27 18:21:23.735,79.64,0.138058545864,0.0,0
2018-05-27 18:21:23.828,80.4,0.138058545864,0.0,0
2018-05-27 18:21:24.176,80.52,0.138058545864,0.0,0
2018-05-27 18:21:24.269,80.55,0.138058545864,0.0,0
2018-05-27 18:21:24.446,79.56,0.138058545864,0.0,0
2018-05-27 18:21:24.539,79.87,0.138058545864,0.0,0
2018-05-27 18:21:24.819,78.9,0.138058545864,0.0,0
2018-05-27 18:21:24.912,78.63,0.138058545864,0.0,0
2018-05-27 18:21:25.074,78.43,0.138058545864,0.0,0
2018-05-27 18:21:25.260,77.38,0.138058545864,0.0,0
2018-05-27 18:21:25.344,78.45,0.138058545864,0.0,0
2018-05-27 18:21:25.437,77.99,0.138058545864,0.0,0
2018-05-27 18:21:25.716,78.73,0.138058545864,0.0,0
2018-05-27 18:21:25.809,78.5,0.138058545864,0.0,0
2018-05-27 18:21:25.902,79.36,0.138058545864,0.0,0
2018-05-27 18:21:26.064,78.82,0.138058545864,0.0,0
2018-05-27 18:21:26.157,80.03,0.138058545864,0.0,0
2018-05-27 18:21:26.251,80.0,0.138058545864,0.0,0
2018-05-27 18:21:26.334,79.58,0.138058545864,0.0,0
2018-05-27 18:21:26.427,80.27,0.138058545864,0.0,0
2018-05-27 18:21:26.521,81.18,0.138058545864,0.0,0
2018-05-27 18:21:26.707,81.27,0.138058545864,0.0,0
2018-05-27 18:21:26.800,82.14,0.138058545864,0.0,0
2018-05-27 18:21:26.893,82.76,0.138058545864,0.0,0
2018-05-27 18:21:27.055,84.04,0.138058545864,0.0,0
2018-05-27 18:21:27.148,84.02,0.138058545864,0.0,0
2018-05-27 18:21:27.409,83.85,0.138058545864,0.0,0
2018-05-27 18:21:27.595,82.65,0.138058545864,0.0,0
2018-05-27 18:21:27.688,81.84,0.138058545864,0.0,0
2018-05-27 18:21:27.781,82.79,0.138058545864,0.0,0
2018-05-27 18:21:27.870,81.44,0.138058545864,0.0,0
2018-05-27 18:21:28.027,81.3,0.138058545864,0.0,0
2018-05-27 18:21:28.111,81.19,0.138058545864,0.0,0
2018-05-27 18:21:28.288,79.72,0.138058545864,0.0,0
2018-05-27 18:21:28.465,79.46,0.138058545864,0.0,0
2018-05-27 18:21:28.558,78.74,0.138058545864,0.0,0
2018-05-27 18:21:28.651,79.5,0.138058545864,0.0,0
2018-05-27 18:21:29.083,78.07,0.138058545864,0.0,0
2018-05-27 18:21:29.446,78.42,0.138058545864,0.0,0
2018-05-27 18:21:29.530,78.95,0.138058545864,0.0,0
2018-05-27 18:21:29.725,79.27,0.138058545864,0.0,0
2018-05-27 18:21:30.074,79.95,0.138058545864,0.0,0
2018-05-27 18:21:30.260,81.18,0.138058545864,0.0,0
2018-05-27 18:21:30.344,80.56,0.138058545864,0.0,0
2018-05-27 18:21:30.437,81.24,0.138058545864,0.0,0
2018-05-27 18:21:30.529,81.25,0.138058545864,0.0,0
2018-05-27 18:21:30.605,81.16,0.138058545864,0.0,0
2018-05-27 18:21:30.700,80.66,0.138058545864,0.0,0
2018-05-27 18:21:30.870,80.57,0.138058545864,0.0,0
2018-05-27 18:21:31.034,80.91,0.138058545864,0.0,0
2018-05-27 18:21:31.139,79.64,0.138058545864,0.0,0
2018-05-27 18:21:31.232,80.1,0.138058545864,0.0,0
2018-05-27 18:21:31.325,79.62,0.138058545864,0.0,0
2018-05-27 18:21:31.409,78.61,0.138058545864,0.0,0
2018-05-27 18:21:31.502,78.97,0.138058545864,0.0,0
2018-05-27 18:21:31.595,77.93,0.138058545864,0.0,0
2018-05-27 18:21:31.781,78.53,0.138058545864,0.0,0
2018-05-27 18:21:31.870,77.56,0.138058545864,0.0,0
2018-05-27 18:21:32.027,77.58,0.138058545864,0.0,0
2018-05-27 18:21:32.111,78.03,0.138058545864,0.0,0
2018-05-27 18:21:32.204,77.44,0.138058545864,0.0,0
2018-05-27 18:21:32.372,77.78,0.138058545864,0.0,0
2018-05-27 18:21:32.465,78.24,0.138058545864,0.0,0
2018-05-27 18:21:32.558,78.92,0.138058545864,0.0,0
2018-05-27 18:21:32.735,79.39,0.138058545864,0.0,0
2018-05-27 18:21:32.828,79.46,0.138058545864,0.0,0
2018-05-27 18:21:33.176,79.8,0.138058545864,0.0,0
2018-05-27 18:21:33.269,79.29,0.138058545864,0.0,0
2018-05-27 18:21:33.530,80.02,0.138058545864,0.0,0
2018-05-27 18:21:33.623,80.86,0.138058545864,0.0,0
2018-05-27 18:21:33.716,80.66,0.138058545864,0.0,0
2018-05-27 18:21:33.902,80.69,0.138058545864,0.0,0
2018-05-27 18:21:34.157,81.32,0.138058545864,0.0,0
2018-05-27 18:21:34.334,80.85,0.138058545864,0.0,0
2018-05-27 18:21:34.614,79.4,0.138058545864,0.0,0
2018-05-27 18:21:34.800,79.51,0.138058545864,0.0,0
2018-05-27 18:21:35.055,77.73,0.138058545864,0.0,0
2018-05-27 18:21:35.148,77.72,0.138058545864,0.0,0
2018-05-27 18:21:35.241,77.73,0.138058545864,0.0,0
2018-05-27 18:21:35.428,76.91,0.138058545864,0.0,0
2018-05-27 18:21:35.604,76.87,0.138058545864,0.0,0
2018-05-27 18:21:35.791,77.34,0.138058545864,0.0,0
2018-05-27 18:21:35.884,77.44,0.138058545864,0.0,0
2018-05-27 18:21:36.139,77.95,0.138058545864,0.0,0
2018-05-27 18:21:36.232,78.05,0.138058545864,0.0,0
2018-05-27 18:21:36.409,78.2,0.138058545864,0.0,0
2018-05-27 18:21:36.781,79.19,0.138058545864,0.0,0
2018-05-27 18:21:36.870,79.25,0.138058545864,0.0,0
2018-05-27 18:21:37.288,80.11,0.138058545864,0.0,0
2018-05-27 18:21:37.372,80.63,0.138058545864,0.0,0
2018-05-27 18:21:38.092,78.53,0.138058545864,0.0,0
2018-05-27 18:21:38.176,78.29,0.138058545864,0.0,0
2018-05-27 18:21:38.362,77.99,0.138058545864,0.0,0
2018-05-27 18:21:38.446,77.71,0.138058545864,0.0,0
2018-05-27 18:21:38.539,77.44,0.138058545864,0.0,0
2018-05-27 18:21:38.726,76.77,0.138058545864,0.0,0
2018-05-27 18:21:38.912,76.05,0.138058545864,0.0,0
2018-05-27 18:21:39.064,75.71,0.138058545864,0.0,0
2018-05-27 18:21:39.158,74.98,0.138058545864,0.0,0
2018-05-27 18:21:39.335,74.19,0.138058545864,0.0,0
2018-05-27 18:21:39.614,74.11,0.138058545864,0.0,0
2018-05-27 18:21:39.707,73.3,0.138058545864,0.0,0
2018-05-27 18:21:39.884,74.11,0.138058545864,0.0,0
2018-05-27 18:21:40.046,74.77,0.138058545864,0.0,0
2018-05-27 18:21:40.139,74.39,0.138058545864,0.0,0
2018-05-27 18:21:40.232,74.84,0.138058545864,0.0,0
2018-05-27 18:21:40.325,74.54,0.138058545864,0.0,0
2018-05-27 18:21:40.409,75.76,0.138058545864,0.0,0
2018-05-27 18:21:40.502,74.79,0.138058545864,0.0,0
2018-05-27 18:21:40.595,74.35,0.138058545864,0.0,0
2018-05-27 18:21:40.689,74.88,0.138058545864,0.0,0
2018-05-27 18:21:41.018,73.8,0.138058545864,0.0,0
2018-05-27 18:21:41.111,74.13,0.138058545864,0.0,0
2018-05-27 18:21:41.297,73.67,0.138058545864,0.0,0
2018-05-27 18:21:41.475,73.1,0.138058545864,0.0,0
2018-05-27 18:21:41.651,72.6,0.138058545864,0.0,0
2018-05-27 18:21:41.744,71.98,0.138058545864,0.0,0
2018-05-27 18:21:41.837,71.03,0.138058545864,0.0,0
2018-05-27 18:21:42.092,70.92,0.138058545864,0.0,0
2018-05-27 18:21:42.186,71.24,0.138058545864,0.0,0
2018-05-27 18:21:42.279,70.59,0.138058545864,0.0,0
2018-05-27 18:21:42.372,70.2,0.138058545864,0.0,0
2018-05-27 18:21:42.456,69.45,0.138058545864,0.0,0
2018-05-27 18:21:42.549,68.96,0.138058545864,0.0,0
2018-05-27 18:21:42.642,68.53,0.138058545864,0.0,0
2018-05-27 18:21:42.921,70.06,0.138058545864,0.0,0
2018-05-27 18:21:43.083,68.42,0.138058545864,0.0,0
2018-05-27 18:21:43.176,67.34,0.138058545864,0.0,0
2018-05-27 18:21:43.270,67.96,0.138058545864,0.0,0
2018-05-27 18:21:43.353,66.98,0.138058545864,0.0,0
2018-05-27 18:21:43.446,67.02,0.138058545864,0.0,0
2018-05-27 18:21:43.540,66.63,0.138058545864,0.0,0
2018-05-27 18:21:43.726,66.3,0.138058545864,0.0,0
2018-05-27 18:21:43.912,66.38,0.138058545864,0.0,0
2018-05-27 18:21:44.074,65.57,0.138058545864,0.0,0
2018-05-27 18:21:44.254,65.18,0.138058545864,0.0,0
2018-05-27 18:21:44.346,64.99,0.138058545864,0.0,0
2018-05-27 18:21:44.437,65.2,0.138058545864,0.0,0
2018-05-27 18:21:44.530,65.66,0.138058545864,0.0,0
2018-05-27 18:21:44.623,65.62,0.138058545864,0.0,0
2018-05-27 18:21:44.810,66.44,0.138058545864,0.0,0
2018-05-27 18:21:44.904,66.91,0.138058545864,0.0,0
2018-05-27 18:21:45.148,67.72,0.138058545864,0.0,0
2018-05-27 18:21:45.242,67.09,0.138058545864,0.0,0
2018-05-27 18:21:45.335,68.51,0.138058545864,0.0,0
2018-05-27 18:21:45.428,68.31,0.138058545864,0.0,0
2018-05-27 18:21:45.614,68.1,0.138058545864,0.0,0
2018-05-27 18:21:45.800,67.27,0.138058545864,0.0,0
2018-05-27 18:21:45.894,66.89,0.138058545864,0.0,0
2018-05-27 18:21:46.232,64.87,0.138058545864,0.0,0
2018-05-27 18:21:46.325,65.72,0.138058545864,0.0,0
2018-05-27 18:21:46.409,65.58,0.138058545864,0.0,0
2018-05-27 18:21:46.596,65.02,0.138058545864,0.0,0
2018-05-27 18:21:46.689,64.21,0.138058545864,0.0,0
2018-05-27 18:21:46.777,64.63,0.138058545864,0.0,0
2018-05-27 18:21:46.866,63.93,0.138058545864,0.0,0
2018-05-27 18:21:47.032,63.32,0.138058545864,0.0,0
2018-05-27 18:21:47.121,63.6,0.138058545864,0.0,0
2018-05-27 18:21:47.195,63.34,0.138058545864,0.0,0
2018-05-27 18:21:47.298,62.6,0.138058545864,0.0,0
2018-05-27 18:21:47.381,62.5,0.138058545864,0.0,0
2018-05-27 18:21:47.475,62.72,0.138058545864,0.0,0
2018-05-27 18:21:47.561,62.26,0.138058545864,0.0,0
2018-05-27 18:21:47.652,60.9,0.138058545864,0.0,0
2018-05-27 18:21:47.748,61.87,0.138058545864,0.0,0
2018-05-27 18:21:47.838,61.41,0.138058545864,0.0,0
2018-05-27 18:21:47.931,60.52,0.138058545864,0.0,0
2018-05-27 18:21:48.093,60.89,0.138058545864,0.0,0
2018-05-27 18:21:48.186,59.99,0.138058545864,0.0,0
2018-05-27 18:21:48.279,60.0,0.138058545864,0.0,0
2018-05-27 18:21:48.456,60.5,0.138058545864,0.0,0
2018-05-27 18:21:48.642,59.57,0.138058545864,0.0,0
2018-05-27 18:21:48.726,59.47,0.138058545864,0.0,0
2018-05-27 18:21:48.819,58.94,0.138058545864,0.0,0
2018-05-27 18:21:48.912,58.6,0.138058545864,0.0,0
2018-05-27 18:21:49.074,57.86,0.138058545864,0.0,0
2018-05-27 18:21:49.167,58.39,0.138058545864,0.0,0
2018-05-27 18:21:49.260,57.29,0.138058545864,0.0,0
2018-05-27 18:21:49.344,57.44,0.138058545864,0.0,0
2018-05-27 18:21:49.437,56.84,0.138058545864,0.0,0
2018-05-27 18:21:49.530,55.92,0.12504656064,0.0250000003725,0
2018-05-27 18:21:49.624,56.7,0.12504656064,0.0,0
2018-05-27 18:21:49.717,56.81,0.12504656064,0.0,0
2018-05-27 18:21:49.810,56.33,0.12504656064,0.0,0
2018-05-27 18:21:49.903,55.95,0.112810386877,0.0250000003725,0
2018-05-27 18:21:50.065,56.41,0.112810386877,0.0,0
2018-05-27 18:21:50.251,56.76,0.112810386877,0.0,0
2018-05-27 18:21:50.335,57.53,0.112810386877,0.0,0
2018-05-27 18:21:50.428,56.88,0.112810386877,0.0,0
2018-05-27 18:21:50.512,57.58,0.112810386877,0.0,0
2018-05-27 18:21:50.605,57.41,0.12504656064,0.0,0
2018-05-27 18:21:50.698,57.92,0.12504656064,0.0,0
2018-05-27 18:21:50.791,57.93,0.12504656064,0.0,0
2018-05-27 18:21:50.884,58.67,0.12504656064,0.0,0
2018-05-27 18:21:51.046,59.13,0.138058545864,0.0,0
2018-05-27 18:21:51.139,58.69,0.138058545864,0.0,0
2018-05-27 18:21:51.233,58.92,0.138058545864,0.0,0
2018-05-27 18:21:51.326,58.44,0.138058545864,0.0,0
2018-05-27 18:21:51.409,58.34,0.138058545864,0.0,0
2018-05-27 18:21:51.596,57.3,0.138058545864,0.0,0
2018-05-27 18:21:51.689,56.73,0.138058545864,0.0,0
2018-05-27 18:21:51.782,57.44,0.138058545864,0.0,0
2018-05-27 18:21:51.870,57.82,0.138058545864,0.0,0
2018-05-27 18:21:52.111,56.96,0.138058545864,0.0,0
2018-05-27 18:21:52.205,56.72,0.138058545864,0.0,0
2018-05-27 18:21:52.382,57.24,0.138058545864,0.0,0
2018-05-27 18:21:52.475,57.87,0.138058545864,0.0,0
2018-05-27 18:21:52.568,57.34,0.138058545864,0.0,0
2018-05-27 18:21:52.661,58.47,0.138058545864,0.0,0
2018-05-27 18:21:52.847,58.89,0.138058545864,0.0,0
2018-05-27 18:21:53.009,59.04,0.138058545864,0.0,0
2018-05-27 18:21:53.102,59.03,0.138058545864,0.0,0
2018-05-27 18:21:53.196,60.16,0.138058545864,0.0,0
2018-05-27 18:21:53.465,60.95,0.138058545864,0.0,0
2018-05-27 18:21:53.559,61.33,0.138058545864,0.0,0
2018-05-27 18:21:53.652,61.14,0.138058545864,0.0,0
2018-05-27 18:21:53.745,61.64,0.138058545864,0.0,0
2018-05-27 18:21:53.838,62.12,0.138058545864,0.0,0
2018-05-27 18:21:53.931,62.65,0.138058545864,0.0,0
2018-05-27 18:21:54.186,63.47,0.138058545864,0.0,0
2018-05-27 18:21:54.279,63.42,0.138058545864,0.0,0
2018-05-27 18:21:54.372,64.14,0.138058545864,0.0,0
2018-05-27 18:21:54.465,64.66,0.138058545864,0.0,0
2018-05-27 18:21:54.559,65.55,0.138058545864,0.0,0
2018-05-27 18:21:54.652,66.14,0.138058545864,0.0,0
2018-05-27 18:21:54.745,66.07,0.138058545864,0.0,0
2018-05-27 18:21:54.838,67.38,0.138058545864,0.0,0
2018-05-27 18:21:54.931,67.73,0.138058545864,0.0,0
2018-05-27 18:21:55.093,68.29,0.138058545864,0.0,0
2018-05-27 18:21:55.186,68.46,0.138058545864,0.0,0
2018-05-27 18:21:55.279,69.39,0.138058545864,0.0,0
2018-05-27 18:21:55.363,69.06,0.138058545864,0.0,0
2018-05-27 18:21:55.456,70.23,0.138058545864,0.0,0
2018-05-27 18:21:55.736,72.03,0.138058545864,0.0,0
2018-05-27 18:21:55.829,72.24,0.138058545864,0.0,0
2018-05-27 18:21:56.177,73.61,0.138058545864,0.0,0
2018-05-27 18:21:56.447,75.75,0.138058545864,0.0,0
2018-05-27 18:21:56.540,76.27,0.138058545864,0.0,0
2018-05-27 18:21:56.726,76.38,0.138058545864,0.0,0
2018-05-27 18:21:56.913,77.52,0.138058545864,0.0,0
2018-05-27 18:21:57.167,79.66,0.138058545864,0.0,0
2018-05-27 18:21:57.344,79.86,0.138058545864,0.0,0
2018-05-27 18:21:57.531,80.67,0.138058545864,0.0,0
2018-05-27 18:21:57.624,80.82,0.138058545864,0.0,0
2018-05-27 18:21:57.717,80.65,0.138058545864,0.0,0
2018-05-27 18:21:57.810,82.13,0.138058545864,0.0,0
2018-05-27 18:21:58.065,81.94,0.138058545864,0.0,0
2018-05-27 18:21:58.158,82.16,0.138058545864,0.0,0
2018-05-27 18:21:58.251,81.72,0.138058545864,0.0,0
2018-05-27 18:21:58.335,81.39,0.138058545864,0.0,0
2018-05-27 18:21:58.428,80.42,0.138058545864,0.0,0
2018-05-27 18:21:58.521,80.36,0.138058545864,0.0,0
2018-05-27 18:21:58.615,79.8,0.138058545864,0.0,0
2018-05-27 18:21:58.698,78.89,0.138058545864,0.0,0
2018-05-27 18:21:58.794,79.17,0.138058545864,0.0,0
2018-05-27 18:21:59.140,79.46,0.138058545864,0.0,0
2018-05-27 18:21:59.233,79.41,0.138058545864,0.0,0
2018-05-27 18:21:59.326,80.05,0.138058545864,0.0,0
2018-05-27 18:21:59.419,79.73,0.138058545864,0.0,0
2018-05-27 18:21:59.680,78.75,0.138058545864,0.0,0
2018-05-27 18:21:59.857,79.4,0.138058545864,0.0,0
2018-05-27 18:22:00.009,79.69,0.138058545864,0.0,0
2018-05-27 18:22:00.102,79.81,0.138058545864,0.0,0
2018-05-27 18:22:00.196,79.89,0.138058545864,0.0,0
2018-05-27 18:22:00.289,79.61,0.138058545864,0.0,0
2018-05-27 18:22:00.372,80.81,0.138058545864,0.0,0
2018-05-27 18:22:00.466,80.09,0.138058545864,0.0,0
2018-05-27 18:22:00.559,79.59,0.138058545864,0.0,0
2018-05-27 18:22:00.652,80.39,0.138058545864,0.0,0
2018-05-27 18:22:00.745,79.85,0.138058545864,0.0,0
2018-05-27 18:22:00.838,78.76,0.138058545864,0.0,0
2018-05-27 18:22:01.093,78.92,0.138058545864,0.0,0
2018-05-27 18:22:01.186,78.6,0.138058545864,0.0,0
2018-05-27 18:22:01.280,78.47,0.138058545864,0.0,0
2018-05-27 18:22:01.373,79.28,0.138058545864,0.0,0
2018-05-27 18:22:01.550,78.93,0.138058545864,0.0,0
2018-05-27 18:22:01.736,78.11,0.138058545864,0.0,0
2018-05-27 18:22:01.829,77.83,0.138058545864,0.0,0
2018-05-27 18:22:02.084,76.3,0.138058545864,0.0,0
2018-05-27 18:22:02.177,75.81,0.138058545864,0.0,0
2018-05-27 18:22:02.354,74.61,0.138058545864,0.0,0
2018-05-27 18:22:02.447,74.39,0.138058545864,0.0,0
2018-05-27 18:22:02.540,74.55,0.138058545864,0.0,0
2018-05-27 18:22:02.633,74.17,0.138058545864,0.0,0
2018-05-27 18:22:02.726,72.85,0.138058545864,0.0,0
2018-05-27 18:22:02.820,72.29,0.138058545864,0.0,0
2018-05-27 18:22:02.913,71.23,0.138058545864,0.0,0
2018-05-27 18:22:03.168,68.66,0.138058545864,0.0,0
2018-05-27 18:22:03.345,65.95,0.138058545864,0.0,0
2018-05-27 18:22:03.624,62.86,0.138058545864,0.0,0
2018-05-27 18:22:03.810,60.19,0.138058545864,0.0,0
2018-05-27 18:22:03.904,59.44,0.138058545864,0.0,0
2018-05-27 18:22:04.065,59.0,0.138058545864,0.0,0
2018-05-27 18:22:04.158,58.06,0.138058545864,0.0,0
2018-05-27 18:22:04.252,58.86,0.138058545864,0.0,0
2018-05-27 18:22:04.428,59.14,0.138058545864,0.0,0
2018-05-27 18:22:04.522,59.19,0.138058545864,0.0,0
2018-05-27 18:22:04.708,59.57,0.138058545864,0.0,0
2018-05-27 18:22:04.894,59.23,0.138058545864,0.0,0
2018-05-27 18:22:05.335,59.3,0.138058545864,0.0,0
2018-05-27 18:22:05.512,59.14,0.138058545864,0.0,0
2018-05-27 18:22:05.606,59.2,0.138058545864,0.0,0
2018-05-27 18:22:05.782,59.01,0.138058545864,0.0,0
2018-05-27 18:22:06.039,59.53,0.138058545864,0.0,0
2018-05-27 18:22:06.131,58.91,0.138058545864,0.0,0
2018-05-27 18:22:06.224,60.58,0.138058545864,0.0,0
2018-05-27 18:22:06.317,59.66,0.138058545864,0.0,0
2018-05-27 18:22:06.405,59.72,0.138058545864,0.0,0
2018-05-27 18:22:06.578,59.1,0.138058545864,0.0,0
2018-05-27 18:22:06.661,59.7,0.138058545864,0.0,0
2018-05-27 18:22:06.755,59.65,0.138058545864,0.0,0
2018-05-27 18:22:06.848,58.84,0.138058545864,0.0,0
2018-05-27 18:22:07.009,58.74,0.138058545864,0.0,0
2018-05-27 18:22:07.103,59.46,0.138058545864,0.0,0
2018-05-27 18:22:07.196,59.72,0.138058545864,0.0,0
2018-05-27 18:22:07.373,59.4,0.138058545864,0.0,0
2018-05-27 18:22:07.466,59.67,0.138058545864,0.0,0
2018-05-27 18:22:07.559,59.85,0.138058545864,0.0,0
2018-05-27 18:22:07.736,59.41,0.138058545864,0.0,0
2018-05-27 18:22:08.084,58.56,0.138058545864,0.0,0
2018-05-27 18:22:08.177,59.4,0.138058545864,0.0,0
2018-05-27 18:22:08.363,58.96,0.138058545864,0.0,0
2018-05-27 18:22:08.531,59.16,0.138058545864,0.0,0
2018-05-27 18:22:08.718,59.41,0.138058545864,0.0,0
2018-05-27 18:22:08.904,59.36,0.138058545864,0.0,0
2018-05-27 18:22:09.065,59.6,0.138058545864,0.0,0
2018-05-27 18:22:09.244,59.68,0.138058545864,0.0,0
2018-05-27 18:22:09.326,59.04,0.138058545864,0.0,0
2018-05-27 18:22:09.429,59.36,0.138058545864,0.0,0
2018-05-27 18:22:09.522,58.98,0.138058545864,0.0,0
2018-05-27 18:22:09.615,59.47,0.138058545864,0.0,0
2018-05-27 18:22:09.686,59.19,0.138058545864,0.0,0
2018-05-27 18:22:09.792,59.58,0.138058545864,0.0,0
2018-05-27 18:22:09.885,59.11,0.138058545864,0.0,0
2018-05-27 18:22:10.131,59.27,0.138058545864,0.0,0
2018-05-27 18:22:10.224,59.69,0.138058545864,0.0,0
2018-05-27 18:22:10.317,59.03,0.138058545864,0.0,0
2018-05-27 18:22:10.410,59.38,0.138058545864,0.0,0
2018-05-27 18:22:10.494,59.67,0.138058545864,0.0,0
2018-05-27 18:22:10.578,59.9,0.138058545864,0.0,0
2018-05-27 18:22:10.755,58.76,0.138058545864,0.0,0
2018-05-27 18:22:10.848,58.49,0.138058545864,0.0,0
2018-05-27 18:22:11.010,58.27,0.138058545864,0.0,0
2018-05-27 18:22:11.103,57.35,0.138058545864,0.0,0
2018-05-27 18:22:11.196,55.82,0.138058545864,0.0,0
2018-05-27 18:22:11.373,53.88,0.138058545864,0.0,0
2018-05-27 18:22:11.466,54.21,0.138058545864,0.0,0
2018-05-27 18:22:11.559,52.66,0.12504656064,0.0250000003725,0
2018-05-27 18:22:11.652,51.22,0.112810386877,0.0250000003725,0
2018-05-27 18:22:11.829,49.93,0.0906213267703,0.0500000007451,0
2018-05-27 18:22:12.084,47.59,0.0478206698676,0.125,0
2018-05-27 18:22:12.270,45.21,0.0412947223146,0.125,0
2018-05-27 18:22:12.364,43.76,0.0713912337669,0.10000000149,0
2018-05-27 18:22:12.541,42.2,0.138058550657,0.15000000596,0
2018-05-27 18:22:12.624,40.78,0.2329101067,0.15000000596,0
2018-05-27 18:22:13.159,34.8,0.512785204535,0.300000011921,0
2018-05-27 18:22:13.336,32.7,0.299999996735,0.5,0
2018-05-27 18:22:14.233,18.36,0.299999996735,0.0,0
2018-05-27 18:22:14.410,15.32,0.299999996735,0.0500000007451,0
2018-05-27 18:22:15.289,1.08,0.299999996735,0.0750000029802,0
2018-05-27 18:22:15.559,0.41,0.299999996735,0.0750000029802,0
2018-05-27 18:22:15.746,0.29,0.299999996735,0.0750000029802,0
2018-05-27 18:22:16.271,0.0,0.299999996735,0.0750000029802,0
2018-05-27 18:22:16.447,0.0,0.299999996735,0.0750000029802,0
2018-05-27 18:22:16.541,0.0,0.299999996735,0.0750000029802,0
2018-05-27 18:22:16.634,0.0,0.299999996735,0.0750000029802,0
2018-05-27 18:22:16.820,0.0,0.166448071502,0.0750000029802,0
2018-05-27 18:22:17.066,0.0,0.215067156782,0.0750000029802,0
2018-05-27 18:22:17.429,0.0,0.232910117581,0.0750000029802,0
2018-05-27 18:22:17.615,0.0,0.232910117581,0.0750000029802,0
2018-05-27 18:22:17.699,0.0,0.232910117581,0.0750000029802,0
2018-05-27 18:22:18.140,0.0,0.232910117581,0.0750000029802,0
2018-05-27 18:22:18.317,0.0,0.232910117581,0.0750000029802,0
2018-05-27 18:22:18.405,0.0,0.181842478549,0.0,0
2018-05-27 18:22:18.574,0.0,0.138058558646,0.0,0
2018-05-27 18:22:18.755,0.0,0.101339275925,0.0,0
2018-05-27 18:22:19.112,0.0,0.0713912390684,0.0,0
2018-05-27 18:22:19.196,0.0,0.0478206743575,0.0,0
2018-05-27 18:22:19.472,0.0,0.0301030020508,0.0,0
2018-05-27 18:22:19.559,0.0,0.0478206678267,0.0,0
2018-05-27 18:22:19.652,0.0,0.0713912305859,0.0,0
2018-05-27 18:22:19.736,0.0,0.101339265346,0.0,0
2018-05-27 18:22:19.913,0.0,0.138058545864,0.0,0
2018-05-27 18:22:20.261,0.0,0.138058545864,0.0,0
2018-05-27 18:22:20.532,0.0,0.138058545864,0.0,0
2018-05-27 18:22:20.802,0.0,0.138058545864,0.0,0
2018-05-27 18:22:21.056,0.0,0.138058545864,0.0,0
2018-05-27 18:22:21.243,0.0,0.138058545864,0.0,0
2018-05-27 18:22:21.336,0.0,0.138058545864,0.0,0
2018-05-27 18:22:21.522,0.0,0.138058545864,0.0,0
2018-05-27 18:22:21.792,0.0,0.138058545864,0.0,0
2018-05-27 18:22:21.885,0.0,0.138058545864,0.0,0
2018-05-27 18:22:22.047,0.0,0.138058545864,0.0,0
2018-05-27 18:22:22.233,0.0,0.138058545864,0.0,0
2018-05-27 18:22:22.327,0.0,0.138058545864,0.0,0
2018-05-27 18:22:22.503,0.0,0.138058545864,0.0,0
2018-05-27 18:22:23.010,0.0,0.138058545864,0.0,0
2018-05-27 18:22:23.196,0.0,0.138058545864,0.0,0
2018-05-27 18:22:23.466,1.17,0.138058545864,0.0,0
2018-05-27 18:22:23.559,3.69,0.138058545864,0.0,0
2018-05-27 18:22:23.746,6.51,0.138058545864,0.0,0
2018-05-27 18:22:24.094,9.82,0.138058545864,0.0,0
2018-05-27 18:22:24.364,13.15,0.138058545864,0.0,0
2018-05-27 18:22:24.457,14.5,0.138058545864,0.0,0
2018-05-27 18:22:24.736,18.86,0.138058545864,0.0,0
2018-05-27 18:22:25.084,22.57,0.138058545864,0.0,0
2018-05-27 18:22:25.271,24.89,0.138058545864,0.0,0
2018-05-27 18:22:25.356,26.32,0.12504656064,0.0250000003725,0
2018-05-27 18:22:25.448,27.82,0.0549982646878,0.17499999702,0
2018-05-27 18:22:25.634,30.25,0.0353972483265,0.125,0
2018-05-27 18:22:25.913,35.24,0.101339266834,0.20000000298,0
2018-05-27 18:22:26.075,36.02,0.181842465602,0.15000000596,0
2018-05-27 18:22:26.261,38.34,0.198046613094,0.0250000003725,0
2018-05-27 18:22:26.438,42.07,0.232910101259,0.0500000007451,0
2018-05-27 18:22:26.625,44.21,0.251581004466,0.0250000003725,0
2018-05-27 18:22:26.718,45.42,0.271084888436,0.0250000003725,0
2018-05-27 18:22:26.904,48.33,0.291426358638,0.0250000003725,0
2018-05-27 18:22:27.066,50.23,0.291426358638,0.0250000003725,0
2018-05-27 18:22:27.252,53.61,0.166448063683,0.0,0
2018-05-27 18:22:27.336,55.24,0.101339271792,0.0,0
2018-05-27 18:22:27.522,58.34,0.035397250826,0.0,0
2018-05-27 18:22:27.615,58.86,0.0628486823466,0.0,0
2018-05-27 18:22:27.802,58.81,0.0713912319113,0.0,0
2018-05-27 18:22:27.895,59.27,0.0906213267703,0.0,0
2018-05-27 18:22:28.150,59.3,0.101339266172,0.0,0
2018-05-27 18:22:28.243,59.58,0.112810386877,0.0,0
2018-05-27 18:22:28.327,59.46,0.12504656064,0.0,0
2018-05-27 18:22:28.513,59.68,0.138058545864,0.0,0
2018-05-27 18:22:28.699,59.73,0.138058545864,0.0,0
2018-05-27 18:22:29.411,59.88,0.138058545864,0.0,0
2018-05-27 18:22:29.504,60.12,0.138058545864,0.0,0
2018-05-27 18:22:29.597,59.84,0.138058545864,0.0,0
2018-05-27 18:22:29.690,60.21,0.138058545864,0.0,0
2018-05-27 18:22:29.871,60.15,0.138058545864,0.0,0
2018-05-27 18:22:30.029,59.53,0.138058545864,0.0,0
2018-05-27 18:22:30.113,59.78,0.138058545864,0.0,0
2018-05-27 18:22:30.560,59.98,0.138058545864,0.0,0
2018-05-27 18:22:30.653,60.59,0.138058545864,0.0,0
2018-05-27 18:22:30.746,59.79,0.138058545864,0.0,0
2018-05-27 18:22:31.001,60.55,0.138058545864,0.0,0
2018-05-27 18:22:31.187,60.31,0.138058545864,0.0,0
2018-05-27 18:22:31.280,60.05,0.138058545864,0.0,0
2018-05-27 18:22:31.364,60.34,0.138058545864,0.0,0
2018-05-27 18:22:31.457,59.48,0.138058545864,0.0,0
2018-05-27 18:22:31.550,60.48,0.138058545864,0.0,0
2018-05-27 18:22:31.730,60.39,0.138058545864,0.0,0
2018-05-27 18:22:31.831,60.52,0.138058545864,0.0,0
2018-05-27 18:22:32.085,60.58,0.138058545864,0.0,0
2018-05-27 18:22:32.178,60.6,0.138058545864,0.0,0
2018-05-27 18:22:32.262,60.44,0.138058545864,0.0,0
2018-05-27 18:22:32.448,60.57,0.138058545864,0.0,0
2018-05-27 18:22:32.541,60.52,0.138058545864,0.0,0
2018-05-27 18:22:32.727,60.47,0.138058545864,0.0,0
2018-05-27 18:22:32.914,59.67,0.138058545864,0.0,0
2018-05-27 18:22:33.262,60.35,0.138058545864,0.0,0
2018-05-27 18:22:33.345,60.39,0.138058545864,0.0,0
2018-05-27 18:22:33.439,60.66,0.138058545864,0.0,0
2018-05-27 18:22:33.532,59.95,0.138058545864,0.0,0
2018-05-27 18:22:33.625,60.02,0.138058545864,0.0,0
2018-05-27 18:22:33.718,60.73,0.138058545864,0.0,0
2018-05-27 18:22:34.150,60.34,0.138058545864,0.0,0
2018-05-27 18:22:34.429,60.24,0.138058545864,0.0,0
2018-05-27 18:22:34.522,60.31,0.138058545864,0.0,0
2018-05-27 18:22:34.709,60.03,0.138058545864,0.0,0
2018-05-27 18:22:34.895,59.88,0.138058545864,0.0,0
2018-05-27 18:22:35.057,59.56,0.138058545864,0.0,0
2018-05-27 18:22:35.150,60.24,0.138058545864,0.0,0
2018-05-27 18:22:35.243,60.39,0.138058545864,0.0,0
2018-05-27 18:22:35.336,59.87,0.138058545864,0.0,0
2018-05-27 18:22:35.429,60.37,0.138058545864,0.0,0
2018-05-27 18:22:35.522,60.46,0.138058545864,0.0,0
2018-05-27 18:22:35.793,60.39,0.138058545864,0.0,0
2018-05-27 18:22:35.886,60.19,0.138058545864,0.0,0
2018-05-27 18:22:36.141,60.54,0.138058545864,0.0,0
2018-05-27 18:22:36.234,60.2,0.138058545864,0.0,0
2018-05-27 18:22:36.327,59.52,0.138058545864,0.0,0
2018-05-27 18:22:36.504,60.2,0.138058545864,0.0,0
2018-05-27 18:22:36.774,60.01,0.138058545864,0.0,0
2018-05-27 18:22:37.020,60.16,0.138058545864,0.0,0
2018-05-27 18:22:37.103,59.76,0.138058545864,0.0,0
2018-05-27 18:22:37.374,60.76,0.138058545864,0.0,0
2018-05-27 18:22:37.746,59.62,0.138058545864,0.0,0
2018-05-27 18:22:37.839,60.16,0.138058545864,0.0,0
2018-05-27 18:22:38.094,60.13,0.138058545864,0.0,0
2018-05-27 18:22:38.280,61.46,0.138058545864,0.0,0
2018-05-27 18:22:38.550,60.2,0.138058545864,0.0,0
2018-05-27 18:22:38.644,59.79,0.138058545864,0.0,0
2018-05-27 18:22:38.830,60.31,0.138058545864,0.0,0
2018-05-27 18:22:38.923,60.42,0.138058545864,0.0,0
2018-05-27 18:22:39.085,60.1,0.138058545864,0.0,0
2018-05-27 18:22:39.178,59.52,0.138058545864,0.0,0
2018-05-27 18:22:39.821,60.03,0.138058545864,0.0,0
2018-05-27 18:22:40.169,60.25,0.138058545864,0.0,0
2018-05-27 18:22:40.625,60.31,0.138058545864,0.0,0
2018-05-27 18:22:40.905,60.24,0.138058545864,0.0,0
2018-05-27 18:22:41.066,60.36,0.138058545864,0.0,0
2018-05-27 18:22:41.523,60.82,0.138058545864,0.0,0
2018-05-27 18:22:41.709,63.41,0.138058545864,0.0,0
2018-05-27 18:22:41.802,63.05,0.138058545864,0.0,0
2018-05-27 18:22:42.057,64.84,0.138058545864,0.0,0
2018-05-27 18:22:42.243,66.21,0.138058545864,0.0,0
2018-05-27 18:22:42.430,68.14,0.138058545864,0.0,0
2018-05-27 18:22:42.700,71.3,0.138058545864,0.0,0
2018-05-27 18:22:43.141,75.25,0.138058545864,0.0,0
2018-05-27 18:22:43.327,77.74,0.138058545864,0.0,0
2018-05-27 18:22:43.422,78.75,0.138058545864,0.0,0
2018-05-27 18:22:43.513,81.65,0.138058545864,0.0,0
2018-05-27 18:22:43.700,83.38,0.138058545864,0.0,0
2018-05-27 18:22:43.793,84.6,0.138058545864,0.0,0
2018-05-27 18:22:44.048,88.01,0.138058545864,0.0,0
2018-05-27 18:22:44.406,91.61,0.138058545864,0.0,0
2018-05-27 18:22:44.495,92.75,0.138058545864,0.0,0
2018-05-27 18:22:44.579,93.23,0.138058545864,0.0,0
2018-05-27 18:22:45.001,96.46,0.138058545864,0.0,0
2018-05-27 18:22:45.281,97.91,0.138058545864,0.0,0
2018-05-27 18:22:45.458,98.63,0.138058545864,0.0,0
2018-05-27 18:22:45.644,100.98,0.138058545864,0.0,0
2018-05-27 18:22:45.737,100.95,0.12504656064,0.0250000003725,0
2018-05-27 18:22:45.830,101.74,0.12504656064,0.0,0
2018-05-27 18:22:46.085,102.73,0.112810386877,0.0250000003725,0
2018-05-27 18:22:46.178,103.13,0.112810386877,0.0,0
2018-05-27 18:22:46.271,103.96,0.101339266172,0.0250000003725,0
2018-05-27 18:22:46.356,104.31,0.0906213267703,0.0250000003725,0
2018-05-27 18:22:46.644,105.1,0.0806434671136,0.0250000003725,0
2018-05-27 18:22:46.737,103.76,0.0713912319113,0.0250000003725,0
2018-05-27 18:22:46.905,102.79,0.0713912319113,0.0,0
2018-05-27 18:22:47.160,103.45,0.0713912319113,0.0,0
2018-05-27 18:22:47.430,101.54,0.0806434671136,0.0,0
2018-05-27 18:22:47.616,100.66,0.0806434671136,0.0,0
2018-05-27 18:22:47.709,100.22,0.0906213267703,0.0,0
2018-05-27 18:22:47.895,99.62,0.0906213267703,0.0,0
2018-05-27 18:22:48.057,98.87,0.101339266172,0.0,0
2018-05-27 18:22:48.150,97.94,0.112810386877,0.0,0
2018-05-27 18:22:48.243,98.28,0.12504656064,0.0,0
2018-05-27 18:22:48.337,97.9,0.138058545864,0.0,0
2018-05-27 18:22:48.430,96.92,0.138058545864,0.0,0
2018-05-27 18:22:48.523,97.17,0.138058545864,0.0,0
2018-05-27 18:22:48.617,96.25,0.138058545864,0.0,0
2018-05-27 18:22:48.700,95.45,0.138058545864,0.0,0
2018-05-27 18:22:48.794,95.57,0.12504656064,0.0250000003725,0
2018-05-27 18:22:49.048,95.23,0.12504656064,0.0,0
2018-05-27 18:22:49.234,94.15,0.12504656064,0.0,0
2018-05-27 18:22:49.327,93.86,0.12504656064,0.0,0
2018-05-27 18:22:49.421,93.5,0.12504656064,0.0,0
2018-05-27 18:22:49.499,92.45,0.12504656064,0.0,0
2018-05-27 18:22:49.588,92.24,0.12504656064,0.0,0
2018-05-27 18:22:49.672,91.93,0.12504656064,0.0,0
2018-05-27 18:22:49.765,92.07,0.12504656064,0.0,0
2018-05-27 18:22:49.858,91.31,0.12504656064,0.0,0
2018-05-27 18:22:50.020,90.79,0.138058545864,0.0,0
2018-05-27 18:22:50.104,90.83,0.138058545864,0.0,0
2018-05-27 18:22:50.197,91.0,0.138058545864,0.0,0
2018-05-27 18:22:50.290,90.22,0.138058545864,0.0,0
2018-05-27 18:22:50.467,88.34,0.138058545864,0.0,0
2018-05-27 18:22:50.560,88.47,0.138058545864,0.0,0
2018-05-27 18:22:50.653,88.48,0.138058545864,0.0,0
2018-05-27 18:22:50.746,87.98,0.138058545864,0.0,0
2018-05-27 18:22:50.840,86.93,0.138058545864,0.0,0
2018-05-27 18:22:51.001,88.1,0.138058545864,0.0,0
2018-05-27 18:22:51.095,88.02,0.138058545864,0.0,0
2018-05-27 18:22:51.188,88.56,0.138058545864,0.0,0
2018-05-27 18:22:51.281,88.48,0.138058545864,0.0,0
2018-05-27 18:22:51.374,87.74,0.138058545864,0.0,0
2018-05-27 18:22:51.458,88.33,0.138058545864,0.0,0
2018-05-27 18:22:51.551,88.04,0.138058545864,0.0,0
2018-05-27 18:22:51.644,88.39,0.138058545864,0.0,0
2018-05-27 18:22:51.737,87.92,0.138058545864,0.0,0
2018-05-27 18:22:51.830,88.69,0.138058545864,0.0,0
2018-05-27 18:22:52.085,88.99,0.138058545864,0.0,0
2018-05-27 18:22:52.178,89.14,0.138058545864,0.0,0
2018-05-27 18:22:52.272,89.3,0.138058545864,0.0,0
2018-05-27 18:22:52.355,88.8,0.138058545864,0.0,0
2018-05-27 18:22:52.448,89.36,0.138058545864,0.0,0
2018-05-27 18:22:52.541,89.09,0.138058545864,0.0,0
2018-05-27 18:22:52.635,89.25,0.138058545864,0.0,0
2018-05-27 18:22:52.821,89.83,0.138058545864,0.0,0
2018-05-27 18:22:52.914,89.71,0.138058545864,0.0,0
2018-05-27 18:22:53.076,90.46,0.138058545864,0.0,0
2018-05-27 18:22:53.169,90.18,0.138058545864,0.0,0
2018-05-27 18:22:53.262,89.99,0.138058545864,0.0,0
2018-05-27 18:22:53.346,89.53,0.138058545864,0.0,0
2018-05-27 18:22:53.467,90.27,0.138058545864,0.0,0
2018-05-27 18:22:53.560,90.3,0.138058545864,0.0,0
2018-05-27 18:22:53.653,89.91,0.138058545864,0.0,0
2018-05-27 18:22:53.746,90.15,0.138058545864,0.0,0
2018-05-27 18:22:53.840,89.17,0.138058545864,0.0,0
2018-05-27 18:22:54.001,89.1,0.138058545864,0.0,0
2018-05-27 18:22:54.094,88.14,0.138058545864,0.0,0
2018-05-27 18:22:54.188,88.17,0.138058545864,0.0,0
2018-05-27 18:22:54.365,86.59,0.138058545864,0.0,0
2018-05-27 18:22:54.551,87.49,0.138058545864,0.0,0
2018-05-27 18:22:54.644,86.72,0.138058545864,0.0,0
2018-05-27 18:22:54.737,86.34,0.138058545864,0.0,0
2018-05-27 18:22:54.830,86.49,0.138058545864,0.0,0
2018-05-27 18:22:54.923,86.83,0.138058545864,0.0,0
2018-05-27 18:22:55.178,86.83,0.138058545864,0.0,0
2018-05-27 18:22:55.355,87.81,0.138058545864,0.0,0
2018-05-27 18:22:55.448,87.42,0.138058545864,0.0,0
2018-05-27 18:22:55.542,87.87,0.138058545864,0.0,0
2018-05-27 18:22:55.635,86.99,0.138058545864,0.0,0
2018-05-27 18:22:55.914,86.46,0.138058545864,0.0,0
2018-05-27 18:22:56.439,84.12,0.138058545864,0.0,0
2018-05-27 18:22:56.532,84.72,0.138058545864,0.0,0
2018-05-27 18:22:56.625,84.25,0.138058545864,0.0,0
2018-05-27 18:22:57.067,82.87,0.138058545864,0.0,0
2018-05-27 18:22:57.160,82.55,0.138058545864,0.0,0
2018-05-27 18:22:57.523,80.89,0.138058545864,0.0,0
2018-05-27 18:22:57.616,80.89,0.138058545864,0.0,0
2018-05-27 18:22:57.709,79.81,0.138058545864,0.0,0
2018-05-27 18:22:58.057,79.17,0.138058545864,0.0,0
2018-05-27 18:22:58.244,79.18,0.138058545864,0.0,0
2018-05-27 18:22:58.411,78.43,0.138058545864,0.0,0
2018-05-27 18:22:58.504,77.92,0.138058545864,0.0,0
2018-05-27 18:22:58.597,77.68,0.138058545864,0.0,0
2018-05-27 18:22:58.872,77.44,0.138058545864,0.0,0
2018-05-27 18:22:59.113,76.41,0.138058545864,0.0,0
2018-05-27 18:22:59.383,76.97,0.138058545864,0.0,0
2018-05-27 18:22:59.654,77.78,0.138058545864,0.0,0
2018-05-27 18:22:59.747,77.17,0.138058545864,0.0,0
2018-05-27 18:22:59.830,78.59,0.138058545864,0.0,0
2018-05-27 18:22:59.923,78.89,0.138058545864,0.0,0
2018-05-27 18:23:00.085,78.58,0.138058545864,0.0,0
2018-05-27 18:23:00.178,78.61,0.138058545864,0.0,0
2018-05-27 18:23:00.272,79.99,0.138058545864,0.0,0
2018-05-27 18:23:00.356,79.93,0.138058545864,0.0,0
2018-05-27 18:23:00.542,81.37,0.138058545864,0.0,0
2018-05-27 18:23:00.635,81.76,0.138058545864,0.0,0
2018-05-27 18:23:00.719,81.78,0.138058545864,0.0,0
2018-05-27 18:23:00.814,82.15,0.138058545864,0.0,0
2018-05-27 18:23:01.067,81.85,0.138058545864,0.0,0
2018-05-27 18:23:01.439,81.52,0.138058545864,0.0,0
2018-05-27 18:23:01.504,81.95,0.138058545864,0.0,0
2018-05-27 18:23:01.803,80.13,0.138058545864,0.0,0
2018-05-27 18:23:02.057,80.19,0.138058545864,0.0,0
2018-05-27 18:23:02.151,80.04,0.138058545864,0.0,0
2018-05-27 18:23:02.244,80.47,0.138058545864,0.0,0
2018-05-27 18:23:02.430,81.13,0.138058545864,0.0,0
2018-05-27 18:23:02.709,81.01,0.138058545864,0.0,0
2018-05-27 18:23:02.896,81.74,0.138058545864,0.0,0
2018-05-27 18:23:03.057,81.86,0.138058545864,0.0,0
2018-05-27 18:23:03.151,82.65,0.138058545864,0.0,0
2018-05-27 18:23:03.430,84.17,0.138058545864,0.0,0
2018-05-27 18:23:03.514,84.1,0.138058545864,0.0,0
2018-05-27 18:23:03.598,84.64,0.138058545864,0.0,0
2018-05-27 18:23:03.868,84.76,0.138058545864,0.0,0
2018-05-27 18:23:04.206,85.18,0.138058545864,0.0,0
2018-05-27 18:23:04.467,87.2,0.138058545864,0.0,0
2018-05-27 18:23:04.579,87.69,0.138058545864,0.0,0
2018-05-27 18:23:04.663,87.84,0.138058545864,0.0,0
2018-05-27 18:23:04.849,87.2,0.138058545864,0.0,0
2018-05-27 18:23:05.011,87.95,0.138058545864,0.0,0
2018-05-27 18:23:05.104,87.75,0.138058545864,0.0,0
2018-05-27 18:23:05.197,87.86,0.138058545864,0.0,0
2018-05-27 18:23:05.560,86.59,0.138058545864,0.0,0
2018-05-27 18:23:05.747,85.47,0.138058545864,0.0,0
2018-05-27 18:23:06.002,85.29,0.138058545864,0.0,0
2018-05-27 18:23:06.095,84.78,0.138058545864,0.0,0
2018-05-27 18:23:06.188,84.92,0.138058545864,0.0,0
2018-05-27 18:23:06.281,83.54,0.138058545864,0.0,0
2018-05-27 18:23:06.365,83.96,0.138058545864,0.0,0
2018-05-27 18:23:06.458,83.82,0.138058545864,0.0,0
2018-05-27 18:23:06.551,83.03,0.138058545864,0.0,0
2018-05-27 18:23:06.644,82.21,0.138058545864,0.0,0
2018-05-27 18:23:06.831,82.43,0.138058545864,0.0,0
2018-05-27 18:23:06.924,81.74,0.138058545864,0.0,0
2018-05-27 18:23:07.085,80.62,0.138058545864,0.0,0
2018-05-27 18:23:07.179,80.71,0.138058545864,0.0,0
2018-05-27 18:23:07.357,80.71,0.138058545864,0.0,0
2018-05-27 18:23:07.542,79.79,0.138058545864,0.0,0
2018-05-27 18:23:07.635,79.36,0.138058545864,0.0,0
2018-05-27 18:23:07.728,78.65,0.138058545864,0.0,0
2018-05-27 18:23:07.821,78.73,0.138058545864,0.0,0
2018-05-27 18:23:08.076,79.6,0.138058545864,0.0,0
2018-05-27 18:23:08.346,79.76,0.138058545864,0.0,0
2018-05-27 18:23:08.439,79.65,0.138058545864,0.0,0
2018-05-27 18:23:08.532,80.69,0.138058545864,0.0,0
2018-05-27 18:23:08.719,80.71,0.138058545864,0.0,0
2018-05-27 18:23:08.905,82.44,0.138058545864,0.0,0
2018-05-27 18:23:09.067,82.66,0.138058545864,0.0,0
2018-05-27 18:23:09.253,84.03,0.138058545864,0.0,0
2018-05-27 18:23:09.337,84.83,0.138058545864,0.0,0
2018-05-27 18:23:09.430,85.48,0.138058545864,0.0,0
2018-05-27 18:23:09.523,86.36,0.138058545864,0.0,0
2018-05-27 18:23:09.616,86.79,0.138058545864,0.0,0
2018-05-27 18:23:09.803,87.34,0.138058545864,0.0,0
2018-05-27 18:23:10.058,88.63,0.138058545864,0.0,0
2018-05-27 18:23:10.151,89.95,0.138058545864,0.0,0
2018-05-27 18:23:10.430,91.64,0.138058545864,0.0,0
2018-05-27 18:23:10.514,92.02,0.138058545864,0.0,0
2018-05-27 18:23:10.607,92.55,0.138058545864,0.0,0
2018-05-27 18:23:10.700,92.7,0.138058545864,0.0,0
2018-05-27 18:23:11.235,92.35,0.138058545864,0.0,0
2018-05-27 18:23:11.505,90.42,0.138058545864,0.0,0
2018-05-27 18:23:11.598,90.49,0.138058545864,0.0,0
2018-05-27 18:23:11.873,90.16,0.138058545864,0.0,0
2018-05-27 18:23:12.030,89.52,0.138058545864,0.0,0
2018-05-27 18:23:12.113,89.32,0.138058545864,0.0,0
2018-05-27 18:23:12.207,89.06,0.138058545864,0.0,0
2018-05-27 18:23:12.290,87.71,0.138058545864,0.0,0
2018-05-27 18:23:12.467,88.2,0.138058545864,0.0,0
2018-05-27 18:23:12.561,88.41,0.138058545864,0.0,0
2018-05-27 18:23:12.654,88.69,0.138058545864,0.0,0
2018-05-27 18:23:13.002,88.32,0.138058545864,0.0,0
2018-05-27 18:23:13.095,88.7,0.138058545864,0.0,0
2018-05-27 18:23:13.179,88.26,0.138058545864,0.0,0
2018-05-27 18:23:13.356,89.38,0.138058545864,0.0,0
2018-05-27 18:23:13.449,90.19,0.138058545864,0.0,0
2018-05-27 18:23:13.542,89.63,0.138058545864,0.0,0
2018-05-27 18:23:13.635,90.18,0.138058545864,0.0,0
2018-05-27 18:23:13.924,92.38,0.138058545864,0.0,0
2018-05-27 18:23:14.086,92.36,0.138058545864,0.0,0
2018-05-27 18:23:14.188,93.5,0.138058545864,0.0,0
2018-05-27 18:23:14.281,94.21,0.138058545864,0.0,0
2018-05-27 18:23:14.365,94.08,0.138058545864,0.0,0
2018-05-27 18:23:14.458,95.01,0.138058545864,0.0,0
2018-05-27 18:23:14.534,95.18,0.138058545864,0.0,0
2018-05-27 18:23:14.914,97.9,0.138058545864,0.0,0
2018-05-27 18:23:15.076,98.56,0.138058545864,0.0,0
2018-05-27 18:23:15.169,98.58,0.138058545864,0.0,0
2018-05-27 18:23:15.346,100.03,0.138058545864,0.0,0
2018-05-27 18:23:15.440,100.05,0.138058545864,0.0,0
2018-05-27 18:23:15.616,100.34,0.138058545864,0.0,0
2018-05-27 18:23:15.710,101.75,0.138058545864,0.0,0
2018-05-27 18:23:15.803,102.5,0.138058545864,0.0,0
2018-05-27 18:23:15.896,101.89,0.138058545864,0.0,0
2018-05-27 18:23:16.058,102.11,0.138058545864,0.0,0
2018-05-27 18:23:16.151,102.49,0.138058545864,0.0,0
2018-05-27 18:23:16.244,103.72,0.138058545864,0.0,0
2018-05-27 18:23:16.328,103.95,0.138058545864,0.0,0
2018-05-27 18:23:16.514,104.24,0.12504656064,0.0250000003725,0
2018-05-27 18:23:16.607,105.06,0.112810386877,0.0250000003725,0
2018-05-27 18:23:16.793,105.32,0.101339266172,0.0250000003725,0
2018-05-27 18:23:17.048,105.65,0.0906213267703,0.0250000003725,0
2018-05-27 18:23:17.141,105.71,0.0906213267703,0.0,0
2018-05-27 18:23:17.328,104.2,0.0806434671136,0.0250000003725,0
2018-05-27 18:23:17.412,104.02,0.0806434671136,0.0,0
2018-05-27 18:23:17.505,104.38,0.0806434671136,0.0,0
2018-05-27 18:23:17.598,104.08,0.0806434671136,0.0,0
2018-05-27 18:23:17.691,103.83,0.0806434671136,0.0,0
2018-05-27 18:23:17.784,102.78,0.0906213267703,0.0,0
2018-05-27 18:23:17.873,102.49,0.101339266172,0.0,0
2018-05-27 18:23:18.030,103.16,0.112810386877,0.0,0
2018-05-27 18:23:18.114,102.39,0.12504656064,0.0,0
2018-05-27 18:23:18.197,102.2,0.12504656064,0.0,0
2018-05-27 18:23:18.375,101.8,0.138058545864,0.0,0
2018-05-27 18:23:18.467,101.48,0.138058545864,0.0,0
2018-05-27 18:23:18.561,100.99,0.138058545864,0.0,0
2018-05-27 18:23:18.654,100.47,0.138058545864,0.0,0
2018-05-27 18:23:18.747,100.54,0.138058545864,0.0,0
2018-05-27 18:23:18.831,99.15,0.138058545864,0.0,0
2018-05-27 18:23:19.076,100.72,0.138058545864,0.0,0
2018-05-27 18:23:19.169,100.23,0.138058545864,0.0,0
2018-05-27 18:23:19.263,100.46,0.138058545864,0.0,0
2018-05-27 18:23:19.440,100.83,0.138058545864,0.0,0
2018-05-27 18:23:19.533,100.89,0.138058545864,0.0,0
2018-05-27 18:23:19.626,100.68,0.138058545864,0.0,0
2018-05-27 18:23:19.719,100.7,0.138058545864,0.0,0
2018-05-27 18:23:19.896,101.68,0.138058545864,0.0,0
2018-05-27 18:23:20.058,101.77,0.138058545864,0.0,0
2018-05-27 18:23:20.151,100.8,0.138058545864,0.0,0
2018-05-27 18:23:20.244,101.45,0.138058545864,0.0,0
2018-05-27 18:23:20.337,100.88,0.138058545864,0.0,0
2018-05-27 18:23:20.421,101.37,0.138058545864,0.0,0
2018-05-27 18:23:20.514,102.18,0.138058545864,0.0,0
2018-05-27 18:23:20.607,103.04,0.138058545864,0.0,0
2018-05-27 18:23:20.701,101.92,0.138058545864,0.0,0
2018-05-27 18:23:21.030,102.94,0.138058545864,0.0,0
2018-05-27 18:23:21.114,103.35,0.138058545864,0.0,0
2018-05-27 18:23:21.197,103.25,0.138058545864,0.0,0
2018-05-27 18:23:21.291,103.49,0.138058545864,0.0,0
2018-05-27 18:23:21.467,104.26,0.138058545864,0.0,0
2018-05-27 18:23:21.561,103.78,0.138058545864,0.0,0
2018-05-27 18:23:21.654,104.29,0.138058545864,0.0,0
2018-05-27 18:23:21.747,103.79,0.12504656064,0.0250000003725,0
2018-05-27 18:23:22.002,103.62,0.112810386877,0.0250000003725,0
2018-05-27 18:23:22.188,102.69,0.101339266172,0.0250000003725,0
2018-05-27 18:23:22.374,102.41,0.0906213267703,0.0250000003725,0
2018-05-27 18:23:22.851,100.09,0.0906213267703,0.0,0
2018-05-27 18:23:23.095,100.48,0.0806434671136,0.0250000003725,0
2018-05-27 18:23:23.365,98.85,0.0806434671136,0.0,0
2018-05-27 18:23:23.458,99.53,0.0806434671136,0.0,0
2018-05-27 18:23:23.551,99.09,0.0806434671136,0.0,0
2018-05-27 18:23:23.738,98.49,0.0806434671136,0.0,0
2018-05-27 18:23:23.915,98.21,0.0906213267703,0.0,0
2018-05-27 18:23:24.803,95.27,0.101339266172,0.0,0
2018-05-27 18:23:25.421,92.25,0.112810386877,0.0,0
2018-05-27 18:23:25.607,91.07,0.12504656064,0.0,0
2018-05-27 18:23:25.701,90.02,0.12504656064,0.0,0
2018-05-27 18:23:25.873,88.61,0.138058545864,0.0,0
2018-05-27 18:23:26.030,88.57,0.138058545864,0.0,0
2018-05-27 18:23:26.747,85.11,0.138058545864,0.0,0
2018-05-27 18:23:26.840,84.47,0.138058545864,0.0,0
2018-05-27 18:23:27.002,84.56,0.138058545864,0.0,0
2018-05-27 18:23:27.095,83.95,0.138058545864,0.0,0
2018-05-27 18:23:27.366,83.1,0.138058545864,0.0,0
2018-05-27 18:23:27.551,83.02,0.138058545864,0.0,0
2018-05-27 18:23:27.645,82.96,0.138058545864,0.0,0
2018-05-27 18:23:27.738,82.28,0.138058545864,0.0,0
2018-05-27 18:23:27.831,82.51,0.138058545864,0.0,0
2018-05-27 18:23:27.924,82.35,0.138058545864,0.0,0
2018-05-27 18:23:28.365,83.04,0.138058545864,0.0,0
2018-05-27 18:23:28.542,83.98,0.138058545864,0.0,0
2018-05-27 18:23:28.635,84.29,0.138058545864,0.0,0
2018-05-27 18:23:29.077,85.05,0.138058545864,0.0,0
2018-05-27 18:23:29.170,85.11,0.138058545864,0.0,0
2018-05-27 18:23:29.347,85.36,0.138058545864,0.0,0
2018-05-27 18:23:29.626,86.28,0.138058545864,0.0,0
2018-05-27 18:23:29.812,86.91,0.138058545864,0.0,0
2018-05-27 18:23:29.905,86.3,0.138058545864,0.0,0
2018-05-27 18:23:30.068,86.63,0.138058545864,0.0,0
2018-05-27 18:23:30.253,86.61,0.138058545864,0.0,0
2018-05-27 18:23:30.347,87.31,0.138058545864,0.0,0
2018-05-27 18:23:30.515,86.92,0.138058545864,0.0,0
2018-05-27 18:23:30.608,86.75,0.138058545864,0.0,0
2018-05-27 18:23:30.794,86.34,0.138058545864,0.0,0
2018-05-27 18:23:31.142,84.51,0.138058545864,0.0,0
2018-05-27 18:23:31.235,84.78,0.138058545864,0.0,0
2018-05-27 18:23:31.328,84.49,0.138058545864,0.0,0
2018-05-27 18:23:31.413,85.14,0.138058545864,0.0,0
2018-05-27 18:23:31.505,84.96,0.138058545864,0.0,0
2018-05-27 18:23:31.691,85.82,0.138058545864,0.0,0
2018-05-27 18:23:31.784,85.84,0.138058545864,0.0,0
2018-05-27 18:23:31.873,86.74,0.138058545864,0.0,0
2018-05-27 18:23:32.030,86.68,0.138058545864,0.0,0
2018-05-27 18:23:32.291,86.97,0.138058545864,0.0,0
2018-05-27 18:23:32.384,87.38,0.138058545864,0.0,0
2018-05-27 18:23:32.561,87.08,0.138058545864,0.0,0
2018-05-27 18:23:32.747,88.09,0.138058545864,0.0,0
2018-05-27 18:23:32.840,87.46,0.138058545864,0.0,0
2018-05-27 18:23:33.179,88.34,0.138058545864,0.0,0
2018-05-27 18:23:33.272,88.83,0.138058545864,0.0,0
2018-05-27 18:23:33.365,88.61,0.138058545864,0.0,0
2018-05-27 18:23:33.542,88.57,0.138058545864,0.0,0
2018-05-27 18:23:33.635,89.84,0.138058545864,0.0,0
2018-05-27 18:23:33.729,90.27,0.138058545864,0.0,0
2018-05-27 18:23:33.915,89.82,0.138058545864,0.0,0
2018-05-27 18:23:34.170,89.1,0.138058545864,0.0,0
2018-05-27 18:23:34.356,88.2,0.138058545864,0.0,0
2018-05-27 18:23:34.440,87.73,0.138058545864,0.0,0
2018-05-27 18:23:34.533,86.85,0.138058545864,0.0,0
2018-05-27 18:23:34.626,87.95,0.138058545864,0.0,0
2018-05-27 18:23:34.906,86.55,0.138058545864,0.0,0
2018-05-27 18:23:35.068,85.5,0.138058545864,0.0,0
2018-05-27 18:23:35.151,86.07,0.138058545864,0.0,0
2018-05-27 18:23:35.244,86.11,0.138058545864,0.0,0
2018-05-27 18:23:35.337,86.01,0.138058545864,0.0,0
2018-05-27 18:23:35.514,85.28,0.138058545864,0.0,0
2018-05-27 18:23:35.608,85.52,0.138058545864,0.0,0
2018-05-27 18:23:35.701,85.4,0.138058545864,0.0,0
2018-05-27 18:23:35.887,86.89,0.138058545864,0.0,0
2018-05-27 18:23:36.049,87.09,0.138058545864,0.0,0
2018-05-27 18:23:36.142,87.51,0.138058545864,0.0,0
2018-05-27 18:23:36.235,86.44,0.138058545864,0.0,0
2018-05-27 18:23:36.403,88.24,0.138058545864,0.0,0
2018-05-27 18:23:36.859,88.26,0.138058545864,0.0,0
2018-05-27 18:23:37.207,89.33,0.138058545864,0.0,0
2018-05-27 18:23:37.561,89.89,0.138058545864,0.0,0
2018-05-27 18:23:37.840,90.15,0.138058545864,0.0,0
2018-05-27 18:23:38.281,92.06,0.138058545864,0.0,0
2018-05-27 18:23:38.365,92.25,0.138058545864,0.0,0
2018-05-27 18:23:38.459,91.85,0.138058545864,0.0,0
2018-05-27 18:23:38.915,89.86,0.138058545864,0.0,0
2018-05-27 18:23:39.440,89.29,0.138058545864,0.0,0
2018-05-27 18:23:39.626,88.73,0.138058545864,0.0,0
2018-05-27 18:23:39.719,87.89,0.138058545864,0.0,0
2018-05-27 18:23:39.906,87.31,0.138058545864,0.0,0
2018-05-27 18:23:40.338,86.83,0.138058545864,0.0,0
2018-05-27 18:23:40.431,86.37,0.138058545864,0.0,0
2018-05-27 18:23:40.617,85.78,0.138058545864,0.0,0
2018-05-27 18:23:40.710,85.81,0.138058545864,0.0,0
2018-05-27 18:23:40.803,85.11,0.138058545864,0.0,0
2018-05-27 18:23:41.058,85.89,0.138058545864,0.0,0
2018-05-27 18:23:41.328,85.85,0.138058545864,0.0,0
2018-05-27 18:23:41.701,87.31,0.138058545864,0.0,0
2018-05-27 18:23:42.235,87.78,0.138058545864,0.0,0
2018-05-27 18:23:43.030,92.13,0.138058545864,0.0,0
2018-05-27 18:23:43.207,92.04,0.138058545864,0.0,0
2018-05-27 18:23:43.468,94.48,0.138058545864,0.0,0
2018-05-27 18:23:43.654,95.55,0.138058545864,0.0,0
2018-05-27 18:23:43.831,96.35,0.138058545864,0.0,0
2018-05-27 18:23:44.179,96.66,0.138058545864,0.0,0
2018-05-27 18:23:44.533,97.3,0.138058545864,0.0,0
2018-05-27 18:23:44.906,95.65,0.138058545864,0.0,0
2018-05-27 18:23:45.067,95.21,0.138058545864,0.0,0
2018-05-27 18:23:45.254,95.71,0.138058545864,0.0,0
2018-05-27 18:23:45.431,93.62,0.138058545864,0.0,0
2018-05-27 18:23:45.617,93.94,0.138058545864,0.0,0
2018-05-27 18:23:45.710,93.56,0.138058545864,0.0,0
2018-05-27 18:23:45.896,93.73,0.138058545864,0.0,0
2018-05-27 18:23:46.151,92.68,0.138058545864,0.0,0
2018-05-27 18:23:46.328,92.92,0.138058545864,0.0,0
2018-05-27 18:23:46.421,93.04,0.138058545864,0.0,0
2018-05-27 18:23:46.514,92.77,0.138058545864,0.0,0
2018-05-27 18:23:46.608,92.87,0.138058545864,0.0,0
2018-05-27 18:23:47.049,94.2,0.138058545864,0.0,0
2018-05-27 18:23:47.328,95.35,0.138058545864,0.0,0
2018-05-27 18:23:47.422,95.81,0.138058545864,0.0,0
2018-05-27 18:23:47.505,96.12,0.138058545864,0.0,0
2018-05-27 18:23:47.691,96.82,0.138058545864,0.0,0
2018-05-27 18:23:47.873,96.89,0.138058545864,0.0,0
2018-05-27 18:23:48.291,96.52,0.138058545864,0.0,0
2018-05-27 18:23:48.384,96.1,0.138058545864,0.0,0
2018-05-27 18:23:48.468,95.55,0.138058545864,0.0,0
2018-05-27 18:23:48.561,95.85,0.138058545864,0.0,0
2018-05-27 18:23:49.086,94.35,0.138058545864,0.0,0
2018-05-27 18:23:49.356,93.79,0.138058545864,0.0,0
2018-05-27 18:23:49.449,93.39,0.138058545864,0.0,0
2018-05-27 18:23:49.542,93.08,0.138058545864,0.0,0
2018-05-27 18:23:49.822,92.3,0.138058545864,0.0,0
2018-05-27 18:23:50.160,90.43,0.138058545864,0.0,0
2018-05-27 18:23:50.254,90.18,0.138058545864,0.0,0
2018-05-27 18:23:50.431,90.13,0.138058545864,0.0,0
2018-05-27 18:23:50.803,89.42,0.138058545864,0.0,0
2018-05-27 18:23:51.142,88.19,0.138058545864,0.0,0
2018-05-27 18:23:51.421,89.64,0.138058545864,0.0,0
2018-05-27 18:23:51.607,90.21,0.138058545864,0.0,0
2018-05-27 18:23:51.701,89.69,0.138058545864,0.0,0
2018-05-27 18:23:51.794,89.86,0.138058545864,0.0,0
2018-05-27 18:23:52.235,90.64,0.138058545864,0.0,0
2018-05-27 18:23:52.421,90.63,0.138058545864,0.0,0
2018-05-27 18:23:52.514,90.63,0.138058545864,0.0,0
2018-05-27 18:23:52.608,91.15,0.138058545864,0.0,0
2018-05-27 18:23:52.701,91.46,0.138058545864,0.0,0
2018-05-27 18:23:52.794,91.87,0.138058545864,0.0,0
2018-05-27 18:23:52.878,91.05,0.138058545864,0.0,0
2018-05-27 18:23:53.039,91.47,0.138058545864,0.0,0
2018-05-27 18:23:53.132,91.63,0.138058545864,0.0,0
2018-05-27 18:23:53.226,91.75,0.138058545864,0.0,0
2018-05-27 18:23:53.412,92.37,0.138058545864,0.0,0
2018-05-27 18:23:53.496,93.63,0.138058545864,0.0,0
2018-05-27 18:23:53.673,93.96,0.138058545864,0.0,0
2018-05-27 18:23:53.757,94.88,0.138058545864,0.0,0
2018-05-27 18:23:53.850,94.8,0.138058545864,0.0,0
2018-05-27 18:23:54.011,94.79,0.138058545864,0.0,0
2018-05-27 18:23:54.105,95.61,0.138058545864,0.0,0
2018-05-27 18:23:54.198,95.84,0.138058545864,0.0,0
2018-05-27 18:23:54.291,96.58,0.138058545864,0.0,0
2018-05-27 18:23:54.384,96.75,0.138058545864,0.0,0
2018-05-27 18:23:54.468,96.85,0.138058545864,0.0,0
2018-05-27 18:23:54.561,97.74,0.138058545864,0.0,0
2018-05-27 18:23:54.654,97.76,0.138058545864,0.0,0
2018-05-27 18:23:54.747,97.43,0.138058545864,0.0,0
2018-05-27 18:23:54.840,98.35,0.138058545864,0.0,0
2018-05-27 18:23:55.002,98.88,0.138058545864,0.0,0
2018-05-27 18:23:55.095,98.21,0.138058545864,0.0,0
2018-05-27 18:23:55.188,98.8,0.138058545864,0.0,0
2018-05-27 18:23:55.282,99.46,0.138058545864,0.0,0
2018-05-27 18:23:55.365,99.81,0.138058545864,0.0,0
2018-05-27 18:23:55.459,100.14,0.138058545864,0.0,0
2018-05-27 18:23:55.635,99.13,0.138058545864,0.0,0
2018-05-27 18:23:55.822,98.17,0.138058545864,0.0,0
2018-05-27 18:23:55.915,97.5,0.138058545864,0.0,0
2018-05-27 18:23:56.170,98.22,0.138058545864,0.0,0
2018-05-27 18:23:56.263,98.38,0.138058545864,0.0,0
2018-05-27 18:23:56.440,98.85,0.138058545864,0.0,0
2018-05-27 18:23:56.617,99.15,0.138058545864,0.0,0
2018-05-27 18:23:56.710,99.81,0.138058545864,0.0,0
2018-05-27 18:23:56.803,99.93,0.138058545864,0.0,0
2018-05-27 18:23:56.897,99.71,0.138058545864,0.0,0
2018-05-27 18:23:57.151,100.64,0.138058545864,0.0,0
2018-05-27 18:23:57.424,102.01,0.138058545864,0.0,0
2018-05-27 18:23:57.598,102.91,0.138058545864,0.0,0
2018-05-27 18:23:57.873,102.75,0.138058545864,0.0,0
2018-05-27 18:23:58.030,104.58,0.138058545864,0.0,0
2018-05-27 18:23:58.114,104.78,0.138058545864,0.0,0
2018-05-27 18:23:58.291,105.23,0.138058545864,0.0,0
2018-05-27 18:23:58.468,106.08,0.138058545864,0.0,0
2018-05-27 18:23:58.552,105.78,0.138058545864,0.0,0
2018-05-27 18:23:58.645,107.42,0.138058545864,0.0,0
2018-05-27 18:23:58.924,108.81,0.138058545864,0.0,0
2018-05-27 18:23:59.086,108.71,0.138058545864,0.0,0
2018-05-27 18:23:59.272,111.08,0.138058545864,0.0,0
2018-05-27 18:23:59.449,110.38,0.138058545864,0.0,0
2018-05-27 18:23:59.542,111.02,0.138058545864,0.0,0
2018-05-27 18:23:59.635,110.56,0.138058545864,0.0,0
2018-05-27 18:24:00.077,109.41,0.138058545864,0.0,0
2018-05-27 18:24:00.170,109.13,0.138058545864,0.0,0
2018-05-27 18:24:00.264,108.31,0.138058545864,0.0,0
2018-05-27 18:24:00.449,108.01,0.138058545864,0.0,0
2018-05-27 18:24:00.542,107.47,0.138058545864,0.0,0
2018-05-27 18:24:00.636,107.54,0.138058545864,0.0,0
2018-05-27 18:24:00.729,106.95,0.138058545864,0.0,0
2018-05-27 18:24:00.812,106.1,0.138058545864,0.0,0
2018-05-27 18:24:00.924,106.31,0.138058545864,0.0,0
2018-05-27 18:24:01.179,105.19,0.138058545864,0.0,0
2018-05-27 18:24:01.272,105.4,0.138058545864,0.0,0
2018-05-27 18:24:01.365,104.97,0.138058545864,0.0,0
2018-05-27 18:24:01.542,104.22,0.138058545864,0.0,0
2018-05-27 18:24:01.636,103.3,0.138058545864,0.0,0
2018-05-27 18:24:01.729,103.57,0.138058545864,0.0,0
2018-05-27 18:24:01.822,103.54,0.138058545864,0.0,0
2018-05-27 18:24:02.077,102.13,0.138058545864,0.0,0
2018-05-27 18:24:02.170,102.28,0.138058545864,0.0,0
2018-05-27 18:24:02.263,101.98,0.138058545864,0.0,0
2018-05-27 18:24:02.347,101.75,0.138058545864,0.0,0
2018-05-27 18:24:02.440,101.49,0.138058545864,0.0,0
2018-05-27 18:24:02.533,101.04,0.138058545864,0.0,0
2018-05-27 18:24:02.626,100.73,0.138058545864,0.0,0
2018-05-27 18:24:02.719,100.05,0.138058545864,0.0,0
2018-05-27 18:24:02.803,99.98,0.138058545864,0.0,0
2018-05-27 18:24:03.058,99.46,0.138058545864,0.0,0
2018-05-27 18:24:03.244,98.38,0.138058545864,0.0,0
2018-05-27 18:24:03.337,97.75,0.138058545864,0.0,0
2018-05-27 18:24:03.421,97.4,0.138058545864,0.0,0
2018-05-27 18:24:03.514,96.08,0.138058545864,0.0,0
2018-05-27 18:24:03.691,96.21,0.138058545864,0.0,0
2018-05-27 18:24:03.784,94.81,0.138058545864,0.0,0
2018-05-27 18:24:03.873,95.18,0.138058545864,0.0,0
2018-05-27 18:24:04.198,93.69,0.138058545864,0.0,0
2018-05-27 18:24:04.375,92.33,0.138058545864,0.0,0
2018-05-27 18:24:04.468,91.89,0.138058545864,0.0,0
2018-05-27 18:24:04.561,91.33,0.138058545864,0.0,0
2018-05-27 18:24:04.747,90.41,0.138058545864,0.0,0
2018-05-27 18:24:04.840,90.28,0.138058545864,0.0,0
2018-05-27 18:24:05.002,88.94,0.138058545864,0.0,0
2018-05-27 18:24:05.095,89.44,0.138058545864,0.0,0
2018-05-27 18:24:05.188,88.54,0.138058545864,0.0,0
2018-05-27 18:24:05.281,88.54,0.138058545864,0.0,0
2018-05-27 18:24:05.645,86.21,0.138058545864,0.0,0
2018-05-27 18:24:05.738,85.9,0.138058545864,0.0,0
2018-05-27 18:24:05.831,84.99,0.138058545864,0.0,0
2018-05-27 18:24:05.924,85.4,0.138058545864,0.0,0
2018-05-27 18:24:06.086,84.73,0.138058545864,0.0,0
2018-05-27 18:24:06.170,83.89,0.138058545864,0.0,0
2018-05-27 18:24:06.347,83.7,0.138058545864,0.0,0
2018-05-27 18:24:06.523,81.81,0.138058545864,0.0,0
2018-05-27 18:24:06.710,80.9,0.138058545864,0.0,0
2018-05-27 18:24:06.803,80.31,0.138058545864,0.0,0
2018-05-27 18:24:06.896,79.96,0.138058545864,0.0,0
2018-05-27 18:24:07.058,79.18,0.138058545864,0.0,0
2018-05-27 18:24:07.142,77.88,0.138058545864,0.0,0
2018-05-27 18:24:07.235,78.24,0.138058545864,0.0,0
2018-05-27 18:24:07.328,78.01,0.138058545864,0.0,0
2018-05-27 18:24:07.412,76.85,0.138058545864,0.0,0
2018-05-27 18:24:07.505,76.51,0.138058545864,0.0,0
2018-05-27 18:24:07.598,76.15,0.138058545864,0.0,0
2018-05-27 18:24:07.691,74.8,0.138058545864,0.0,0
2018-05-27 18:24:07.784,74.75,0.138058545864,0.0,0
2018-05-27 18:24:07.873,74.11,0.138058545864,0.0,0
2018-05-27 18:24:08.030,73.65,0.138058545864,0.0,0
2018-05-27 18:24:08.114,73.12,0.138058545864,0.0,0
2018-05-27 18:24:08.198,72.96,0.138058545864,0.0,0
2018-05-27 18:24:08.291,72.38,0.138058545864,0.0,0
2018-05-27 18:24:08.375,72.23,0.138058545864,0.0,0
2018-05-27 18:24:08.654,71.14,0.138058545864,0.0,0
2018-05-27 18:24:08.747,71.18,0.138058545864,0.0,0
2018-05-27 18:24:08.840,70.34,0.138058545864,0.0,0
2018-05-27 18:24:09.002,71.18,0.138058545864,0.0,0
2018-05-27 18:24:09.095,70.74,0.138058545864,0.0,0
2018-05-27 18:24:09.188,70.32,0.138058545864,0.0,0
2018-05-27 18:24:09.282,70.69,0.138058545864,0.0,0
2018-05-27 18:24:09.365,70.13,0.138058545864,0.0,0
2018-05-27 18:24:09.458,69.66,0.138058545864,0.0,0
2018-05-27 18:24:09.645,69.2,0.138058545864,0.0,0
2018-05-27 18:24:09.738,69.26,0.138058545864,0.0,0
2018-05-27 18:24:09.831,68.85,0.138058545864,0.0,0
2018-05-27 18:24:09.924,69.0,0.138058545864,0.0,0
2018-05-27 18:24:10.086,68.5,0.138058545864,0.0,0
2018-05-27 18:24:10.179,68.77,0.138058545864,0.0,0
2018-05-27 18:24:10.272,67.7,0.138058545864,0.0,0
2018-05-27 18:24:10.365,68.75,0.138058545864,0.0,0
2018-05-27 18:24:10.543,68.43,0.138058545864,0.0,0
2018-05-27 18:24:10.626,68.6,0.138058545864,0.0,0
2018-05-27 18:24:10.812,69.02,0.138058545864,0.0,0
2018-05-27 18:24:11.067,69.18,0.138058545864,0.0,0
2018-05-27 18:24:11.161,68.95,0.138058545864,0.0,0
2018-05-27 18:24:11.407,70.26,0.138058545864,0.0,0
2018-05-27 18:24:11.514,70.5,0.138058545864,0.0,0
2018-05-27 18:24:11.607,71.13,0.138058545864,0.0,0
2018-05-27 18:24:11.794,70.57,0.138058545864,0.0,0
2018-05-27 18:24:12.225,69.92,0.138058545864,0.0,0
2018-05-27 18:24:12.412,69.58,0.138058545864,0.0,0
2018-05-27 18:24:12.495,69.57,0.138058545864,0.0,0
2018-05-27 18:24:12.756,68.76,0.138058545864,0.0,0
2018-05-27 18:24:12.849,68.53,0.138058545864,0.0,0
2018-05-27 18:24:13.002,68.55,0.138058545864,0.0,0
2018-05-27 18:24:13.095,67.8,0.138058545864,0.0,0
2018-05-27 18:24:13.188,67.96,0.138058545864,0.0,0
2018-05-27 18:24:13.281,67.9,0.138058545864,0.0,0
2018-05-27 18:24:13.458,67.28,0.138058545864,0.0,0
2018-05-27 18:24:13.729,66.8,0.138058545864,0.0,0
2018-05-27 18:24:13.915,66.48,0.138058545864,0.0,0
2018-05-27 18:24:14.076,65.88,0.138058545864,0.0,0
2018-05-27 18:24:14.263,65.3,0.138058545864,0.0,0
2018-05-27 18:24:14.356,65.71,0.138058545864,0.0,0
2018-05-27 18:24:14.440,65.47,0.138058545864,0.0,0
2018-05-27 18:24:14.617,65.34,0.138058545864,0.0,0
2018-05-27 18:24:14.803,64.33,0.138058545864,0.0,0
2018-05-27 18:24:14.896,64.46,0.138058545864,0.0,0
2018-05-27 18:24:15.058,63.93,0.138058545864,0.0,0
2018-05-27 18:24:15.151,64.25,0.138058545864,0.0,0
2018-05-27 18:24:15.244,64.02,0.138058545864,0.0,0
2018-05-27 18:24:15.337,64.1,0.138058545864,0.0,0
2018-05-27 18:24:15.422,63.67,0.138058545864,0.0,0
2018-05-27 18:24:15.514,63.35,0.138058545864,0.0,0
2018-05-27 18:24:15.607,63.11,0.138058545864,0.0,0
2018-05-27 18:24:15.793,62.72,0.138058545864,0.0,0
2018-05-27 18:24:16.048,62.86,0.138058545864,0.0,0
2018-05-27 18:24:16.235,62.79,0.138058545864,0.0,0
2018-05-27 18:24:16.421,62.59,0.138058545864,0.0,0
2018-05-27 18:24:16.505,63.2,0.138058545864,0.0,0
2018-05-27 18:24:16.598,63.05,0.138058545864,0.0,0
2018-05-27 18:24:16.691,63.5,0.138058545864,0.0,0
2018-05-27 18:24:17.030,64.46,0.138058545864,0.0,0
2018-05-27 18:24:17.207,65.55,0.138058545864,0.0,0
2018-05-27 18:24:17.291,65.64,0.138058545864,0.0,0
2018-05-27 18:24:17.384,65.61,0.138058545864,0.0,0
2018-05-27 18:24:17.468,66.51,0.138058545864,0.0,0
2018-05-27 18:24:17.561,66.78,0.138058545864,0.0,0
2018-05-27 18:24:17.654,67.17,0.138058545864,0.0,0
2018-05-27 18:24:17.747,67.51,0.138058545864,0.0,0
2018-05-27 18:24:17.836,68.01,0.138058545864,0.0,0
2018-05-27 18:24:18.002,68.17,0.138058545864,0.0,0
2018-05-27 18:24:18.095,68.16,0.138058545864,0.0,0
2018-05-27 18:24:18.188,68.54,0.138058545864,0.0,0
2018-05-27 18:24:18.366,69.98,0.138058545864,0.0,0
2018-05-27 18:24:18.459,69.19,0.138058545864,0.0,0
2018-05-27 18:24:18.645,69.85,0.138058545864,0.0,0
2018-05-27 18:24:18.728,71.23,0.138058545864,0.0,0
2018-05-27 18:24:18.821,70.49,0.138058545864,0.0,0
2018-05-27 18:24:19.076,70.09,0.138058545864,0.0,0
2018-05-27 18:24:19.169,69.85,0.138058545864,0.0,0
2018-05-27 18:24:19.263,69.41,0.138058545864,0.0,0
2018-05-27 18:24:19.440,69.44,0.138058545864,0.0,0
2018-05-27 18:24:19.533,69.18,0.138058545864,0.0,0
2018-05-27 18:24:19.617,68.61,0.138058545864,0.0,0
2018-05-27 18:24:19.710,68.54,0.138058545864,0.0,0
2018-05-27 18:24:19.803,68.93,0.138058545864,0.0,0
2018-05-27 18:24:20.244,68.19,0.138058545864,0.0,0
2018-05-27 18:24:20.598,67.26,0.138058545864,0.0,0
2018-05-27 18:24:20.691,67.32,0.138058545864,0.0,0
2018-05-27 18:24:21.030,66.34,0.138058545864,0.0,0
2018-05-27 18:24:21.115,66.02,0.138058545864,0.0,0
2018-05-27 18:24:21.290,65.84,0.138058545864,0.0,0
2018-05-27 18:24:21.468,66.03,0.138058545864,0.0,0
2018-05-27 18:24:21.570,65.18,0.138058545864,0.0,0
2018-05-27 18:24:21.663,65.4,0.138058545864,0.0,0
2018-05-27 18:24:21.849,64.41,0.138058545864,0.0,0
2018-05-27 18:24:22.011,64.67,0.138058545864,0.0,0
2018-05-27 18:24:22.281,64.1,0.138058545864,0.0,0
2018-05-27 18:24:22.468,63.86,0.138058545864,0.0,0
2018-05-27 18:24:22.654,63.36,0.138058545864,0.0,0
2018-05-27 18:24:22.840,62.13,0.138058545864,0.0,0
2018-05-27 18:24:23.002,62.74,0.138058545864,0.0,0
2018-05-27 18:24:23.281,63.53,0.138058545864,0.0,0
2018-05-27 18:24:23.468,63.45,0.138058545864,0.0,0
2018-05-27 18:24:23.561,64.23,0.138058545864,0.0,0
2018-05-27 18:24:23.654,64.41,0.138058545864,0.0,0
2018-05-27 18:24:23.747,63.8,0.138058545864,0.0,0
2018-05-27 18:24:23.840,65.05,0.138058545864,0.0,0
2018-05-27 18:24:24.188,65.73,0.138058545864,0.0,0
2018-05-27 18:24:24.281,65.98,0.138058545864,0.0,0
2018-05-27 18:24:24.365,66.29,0.138058545864,0.0,0
2018-05-27 18:24:24.551,66.77,0.138058545864,0.0,0
2018-05-27 18:24:24.644,66.78,0.138058545864,0.0,0
2018-05-27 18:24:24.737,67.84,0.138058545864,0.0,0
2018-05-27 18:24:24.831,67.32,0.138058545864,0.0,0
2018-05-27 18:24:24.924,67.31,0.138058545864,0.0,0
2018-05-27 18:24:25.179,68.59,0.138058545864,0.0,0
2018-05-27 18:24:25.914,70.3,0.138058545864,0.0,0
2018-05-27 18:24:26.346,71.58,0.138058545864,0.0,0
2018-05-27 18:24:26.439,72.61,0.138058545864,0.0,0
2018-05-27 18:24:26.626,72.06,0.138058545864,0.0,0
2018-05-27 18:24:26.719,73.35,0.138058545864,0.0,0
2018-05-27 18:24:27.160,74.28,0.138058545864,0.0,0
2018-05-27 18:24:27.616,75.41,0.138058545864,0.0,0
2018-05-27 18:24:27.710,76.27,0.138058545864,0.0,0
2018-05-27 18:24:28.058,76.79,0.138058545864,0.0,0
2018-05-27 18:24:28.244,76.52,0.138058545864,0.0,0
2018-05-27 18:24:28.337,75.16,0.138058545864,0.0,0
2018-05-27 18:24:28.430,75.04,0.138058545864,0.0,0
2018-05-27 18:24:28.607,75.38,0.138058545864,0.0,0
2018-05-27 18:24:28.793,74.56,0.138058545864,0.0,0
2018-05-27 18:24:28.886,74.14,0.138058545864,0.0,0
2018-05-27 18:24:29.141,73.95,0.138058545864,0.0,0
2018-05-27 18:24:29.235,74.2,0.138058545864,0.0,0
2018-05-27 18:24:29.328,73.17,0.138058545864,0.0,0
2018-05-27 18:24:29.691,73.48,0.138058545864,0.0,0
2018-05-27 18:24:29.784,72.57,0.138058545864,0.0,0
2018-05-27 18:24:30.107,71.66,0.138058545864,0.0,0
2018-05-27 18:24:30.207,72.66,0.138058545864,0.0,0
2018-05-27 18:24:30.300,72.81,0.138058545864,0.0,0
2018-05-27 18:24:30.477,73.3,0.138058545864,0.0,0
2018-05-27 18:24:30.663,73.72,0.138058545864,0.0,0
2018-05-27 18:24:30.756,74.18,0.138058545864,0.0,0
2018-05-27 18:24:30.840,74.61,0.138058545864,0.0,0
2018-05-27 18:24:31.002,74.96,0.138058545864,0.0,0
2018-05-27 18:24:31.374,75.07,0.138058545864,0.0,0
2018-05-27 18:24:31.458,76.13,0.138058545864,0.0,0
2018-05-27 18:24:31.551,76.58,0.138058545864,0.0,0
2018-05-27 18:24:31.645,77.09,0.138058545864,0.0,0
2018-05-27 18:24:31.737,76.4,0.138058545864,0.0,0
2018-05-27 18:24:31.821,77.82,0.138058545864,0.0,0
2018-05-27 18:24:32.076,78.25,0.138058545864,0.0,0
2018-05-27 18:24:32.169,78.19,0.138058545864,0.0,0
2018-05-27 18:24:32.262,79.34,0.138058545864,0.0,0
2018-05-27 18:24:32.439,80.24,0.138058545864,0.0,0
2018-05-27 18:24:32.533,80.61,0.138058545864,0.0,0
2018-05-27 18:24:32.626,80.23,0.138058545864,0.0,0
2018-05-27 18:24:32.719,81.03,0.138058545864,0.0,0
2018-05-27 18:24:32.812,81.98,0.138058545864,0.0,0
2018-05-27 18:24:32.905,82.31,0.138058545864,0.0,0
2018-05-27 18:24:33.058,82.19,0.138058545864,0.0,0
2018-05-27 18:24:33.151,83.22,0.138058545864,0.0,0
2018-05-27 18:24:33.244,83.93,0.138058545864,0.0,0
2018-05-27 18:24:33.337,84.0,0.138058545864,0.0,0
2018-05-27 18:24:33.430,84.07,0.138058545864,0.0,0
2018-05-27 18:24:33.616,84.92,0.138058545864,0.0,0
2018-05-27 18:24:33.709,84.65,0.138058545864,0.0,0
2018-05-27 18:24:33.803,85.66,0.138058545864,0.0,0
2018-05-27 18:24:33.896,86.11,0.138058545864,0.0,0
2018-05-27 18:24:34.058,86.52,0.138058545864,0.0,0
2018-05-27 18:24:34.151,86.43,0.138058545864,0.0,0
2018-05-27 18:24:34.244,86.28,0.138058545864,0.0,0
2018-05-27 18:24:34.337,86.01,0.138058545864,0.0,0
2018-05-27 18:24:34.430,85.23,0.138058545864,0.0,0
2018-05-27 18:24:34.523,86.04,0.138058545864,0.0,0
2018-05-27 18:24:34.709,85.76,0.138058545864,0.0,0
2018-05-27 18:24:34.803,85.14,0.138058545864,0.0,0
2018-05-27 18:24:34.896,84.87,0.138058545864,0.0,0
2018-05-27 18:24:35.058,84.37,0.138058545864,0.0,0
2018-05-27 18:24:35.141,84.63,0.138058545864,0.0,0
2018-05-27 18:24:35.235,83.8,0.138058545864,0.0,0
2018-05-27 18:24:35.328,83.36,0.138058545864,0.0,0
2018-05-27 18:24:35.411,82.86,0.138058545864,0.0,0
2018-05-27 18:24:35.504,83.94,0.138058545864,0.0,0
2018-05-27 18:24:35.598,83.44,0.138058545864,0.0,0
2018-05-27 18:24:35.691,82.33,0.138058545864,0.0,0
2018-05-27 18:24:35.779,82.03,0.138058545864,0.0,0
2018-05-27 18:24:35.868,82.66,0.138058545864,0.0,0
2018-05-27 18:24:36.021,81.81,0.138058545864,0.0,0
2018-05-27 18:24:36.113,82.03,0.138058545864,0.0,0
2018-05-27 18:24:36.197,81.64,0.138058545864,0.0,0
2018-05-27 18:24:36.290,81.45,0.138058545864,0.0,0
2018-05-27 18:24:36.383,80.9,0.138058545864,0.0,0
2018-05-27 18:24:36.468,81.48,0.138058545864,0.0,0
2018-05-27 18:24:36.560,80.34,0.138058545864,0.0,0
2018-05-27 18:24:36.654,80.37,0.138058545864,0.0,0
2018-05-27 18:24:36.747,79.6,0.138058545864,0.0,0
2018-05-27 18:24:36.840,80.35,0.138058545864,0.0,0
2018-05-27 18:24:37.002,79.83,0.138058545864,0.0,0
2018-05-27 18:24:37.095,79.12,0.138058545864,0.0,0
2018-05-27 18:24:37.188,79.5,0.138058545864,0.0,0
2018-05-27 18:24:37.281,79.33,0.138058545864,0.0,0
2018-05-27 18:24:37.365,78.94,0.138058545864,0.0,0
2018-05-27 18:24:37.458,78.76,0.138058545864,0.0,0
2018-05-27 18:24:37.635,77.31,0.138058545864,0.0,0
2018-05-27 18:24:37.728,78.09,0.138058545864,0.0,0
2018-05-27 18:24:37.914,77.2,0.138058545864,0.0,0
2018-05-27 18:24:38.076,77.82,0.138058545864,0.0,0
2018-05-27 18:24:38.262,78.2,0.138058545864,0.0,0
2018-05-27 18:24:38.347,78.5,0.138058545864,0.0,0
2018-05-27 18:24:38.439,78.12,0.138058545864,0.0,0
2018-05-27 18:24:38.626,79.05,0.138058545864,0.0,0
2018-05-27 18:24:38.803,79.54,0.138058545864,0.0,0
2018-05-27 18:24:38.887,80.07,0.138058545864,0.0,0
2018-05-27 18:24:39.049,79.46,0.138058545864,0.0,0
2018-05-27 18:24:39.141,80.26,0.138058545864,0.0,0
2018-05-27 18:24:39.234,80.4,0.138058545864,0.0,0
2018-05-27 18:24:39.328,79.73,0.138058545864,0.0,0
2018-05-27 18:24:39.421,81.02,0.138058545864,0.0,0
2018-05-27 18:24:39.504,81.24,0.138058545864,0.0,0
2018-05-27 18:24:39.598,81.73,0.138058545864,0.0,0
2018-05-27 18:24:39.691,81.69,0.138058545864,0.0,0
2018-05-27 18:24:39.784,81.26,0.138058545864,0.0,0
2018-05-27 18:24:40.030,82.4,0.138058545864,0.0,0
2018-05-27 18:24:40.114,82.59,0.138058545864,0.0,0
2018-05-27 18:24:40.206,84.36,0.138058545864,0.0,0
2018-05-27 18:24:40.290,84.15,0.138058545864,0.0,0
2018-05-27 18:24:40.383,84.72,0.138058545864,0.0,0
2018-05-27 18:24:40.467,85.48,0.138058545864,0.0,0
2018-05-27 18:24:40.644,85.12,0.138058545864,0.0,0
2018-05-27 18:24:40.737,86.42,0.138058545864,0.0,0
2018-05-27 18:24:40.830,86.77,0.138058545864,0.0,0
2018-05-27 18:24:40.924,86.66,0.138058545864,0.0,0
2018-05-27 18:24:41.346,89.16,0.138058545864,0.0,0
2018-05-27 18:24:41.467,90.29,0.138058545864,0.0,0
2018-05-27 18:24:41.560,90.06,0.138058545864,0.0,0
2018-05-27 18:24:41.653,90.0,0.138058545864,0.0,0
2018-05-27 18:24:42.179,88.56,0.138058545864,0.0,0
2018-05-27 18:24:42.272,87.62,0.138058545864,0.0,0
2018-05-27 18:24:42.532,87.51,0.138058545864,0.0,0
2018-05-27 18:24:42.626,87.48,0.138058545864,0.0,0
2018-05-27 18:24:42.719,86.77,0.138058545864,0.0,0
2018-05-27 18:24:43.132,86.03,0.138058545864,0.0,0
2018-05-27 18:24:43.234,86.02,0.138058545864,0.0,0
2018-05-27 18:24:43.412,85.51,0.138058545864,0.0,0
2018-05-27 18:24:43.784,84.35,0.138058545864,0.0,0
2018-05-27 18:24:44.029,83.3,0.138058545864,0.0,0
2018-05-27 18:24:44.113,82.82,0.138058545864,0.0,0
2018-05-27 18:24:44.290,83.22,0.138058545864,0.0,0
2018-05-27 18:24:44.477,81.84,0.138058545864,0.0,0
2018-05-27 18:24:44.663,82.47,0.138058545864,0.0,0
2018-05-27 18:24:44.849,81.65,0.138058545864,0.0,0
2018-05-27 18:24:45.188,80.84,0.138058545864,0.0,0
2018-05-27 18:24:45.281,80.99,0.138058545864,0.0,0
2018-05-27 18:24:45.458,80.4,0.138058545864,0.0,0
2018-05-27 18:24:45.551,79.46,0.138058545864,0.0,0
2018-05-27 18:24:45.644,79.94,0.138058545864,0.0,0
2018-05-27 18:24:45.830,79.06,0.138058545864,0.0,0
2018-05-27 18:24:45.924,79.14,0.138058545864,0.0,0
2018-05-27 18:24:46.085,79.21,0.138058545864,0.0,0
2018-05-27 18:24:46.262,79.01,0.138058545864,0.0,0
2018-05-27 18:24:46.355,78.69,0.138058545864,0.0,0
2018-05-27 18:24:46.439,77.47,0.138058545864,0.0,0
2018-05-27 18:24:46.626,78.18,0.138058545864,0.0,0
2018-05-27 18:24:46.812,79.67,0.138058545864,0.0,0
2018-05-27 18:24:46.906,79.6,0.138058545864,0.0,0
2018-05-27 18:24:47.057,78.57,0.138058545864,0.0,0
2018-05-27 18:24:47.150,80.07,0.138058545864,0.0,0
2018-05-27 18:24:47.244,80.43,0.138058545864,0.0,0
2018-05-27 18:24:47.337,79.84,0.138058545864,0.0,0
2018-05-27 18:24:47.430,80.42,0.138058545864,0.0,0
2018-05-27 18:24:47.523,80.73,0.138058545864,0.0,0
2018-05-27 18:24:47.616,80.2,0.138058545864,0.0,0
2018-05-27 18:24:47.709,80.92,0.138058545864,0.0,0
2018-05-27 18:24:47.896,81.89,0.138058545864,0.0,0
2018-05-27 18:24:48.057,82.3,0.138058545864,0.0,0
2018-05-27 18:24:48.150,82.66,0.138058545864,0.0,0
2018-05-27 18:24:48.244,82.28,0.138058545864,0.0,0
2018-05-27 18:24:48.709,85.5,0.138058545864,0.0,0
2018-05-27 18:24:48.896,86.15,0.138058545864,0.0,0
2018-05-27 18:24:49.058,86.32,0.138058545864,0.0,0
2018-05-27 18:24:49.150,86.06,0.138058545864,0.0,0
2018-05-27 18:24:49.244,85.34,0.138058545864,0.0,0
2018-05-27 18:24:49.337,85.85,0.138058545864,0.0,0
2018-05-27 18:24:49.523,85.47,0.138058545864,0.0,0
2018-05-27 18:24:49.616,85.72,0.138058545864,0.0,0
2018-05-27 18:24:49.709,85.11,0.138058545864,0.0,0
2018-05-27 18:24:49.802,84.67,0.138058545864,0.0,0
2018-05-27 18:24:49.895,84.19,0.138058545864,0.0,0
2018-05-27 18:24:50.142,83.95,0.138058545864,0.0,0
2018-05-27 18:24:50.234,83.23,0.138058545864,0.0,0
2018-05-27 18:24:50.327,82.78,0.138058545864,0.0,0
2018-05-27 18:24:50.411,83.12,0.138058545864,0.0,0
2018-05-27 18:24:50.597,82.8,0.138058545864,0.0,0
2018-05-27 18:24:50.691,82.12,0.138058545864,0.0,0
2018-05-27 18:24:50.784,81.84,0.138058545864,0.0,0
2018-05-27 18:24:51.029,80.76,0.138058545864,0.0,0
2018-05-27 18:24:51.113,80.74,0.138058545864,0.0,0
2018-05-27 18:24:51.206,81.45,0.138058545864,0.0,0
2018-05-27 18:24:51.477,80.69,0.138058545864,0.0,0
2018-05-27 18:24:51.570,80.19,0.138058545864,0.0,0
2018-05-27 18:24:51.663,80.59,0.138058545864,0.0,0
2018-05-27 18:24:51.756,80.19,0.138058545864,0.0,0
2018-05-27 18:24:51.840,81.45,0.138058545864,0.0,0
2018-05-27 18:24:52.001,80.89,0.138058545864,0.0,0
2018-05-27 18:24:52.095,81.71,0.138058545864,0.0,0
2018-05-27 18:24:52.458,81.72,0.138058545864,0.0,0
2018-05-27 18:24:52.644,83.13,0.138058545864,0.0,0
2018-05-27 18:24:52.728,82.65,0.138058545864,0.0,0
2018-05-27 18:24:52.914,83.81,0.138058545864,0.0,0
2018-05-27 18:24:53.076,83.88,0.138058545864,0.0,0
2018-05-27 18:24:53.262,83.61,0.138058545864,0.0,0
2018-05-27 18:24:53.346,84.2,0.138058545864,0.0,0
2018-05-27 18:24:53.439,84.62,0.138058545864,0.0,0
2018-05-27 18:24:53.616,84.39,0.138058545864,0.0,0
2018-05-27 18:24:53.709,85.21,0.138058545864,0.0,0
2018-05-27 18:24:53.802,85.22,0.138058545864,0.0,0
2018-05-27 18:24:53.895,85.49,0.138058545864,0.0,0
2018-05-27 18:24:54.057,84.53,0.138058545864,0.0,0
2018-05-27 18:24:54.150,85.58,0.138058545864,0.0,0
2018-05-27 18:24:54.244,86.15,0.138058545864,0.0,0
2018-05-27 18:24:54.337,85.8,0.138058545864,0.0,0
2018-05-27 18:24:54.420,86.47,0.138058545864,0.0,0
2018-05-27 18:24:54.514,86.93,0.138058545864,0.0,0
2018-05-27 18:24:54.607,86.95,0.138058545864,0.0,0
2018-05-27 18:24:54.700,87.09,0.138058545864,0.0,0
2018-05-27 18:24:54.877,87.89,0.138058545864,0.0,0
2018-05-27 18:24:55.034,87.8,0.138058545864,0.0,0
2018-05-27 18:24:55.132,87.81,0.138058545864,0.0,0
2018-05-27 18:24:55.225,86.91,0.138058545864,0.0,0
2018-05-27 18:24:55.411,86.66,0.138058545864,0.0,0
2018-05-27 18:24:55.495,86.83,0.138058545864,0.0,0
2018-05-27 18:24:55.579,86.63,0.138058545864,0.0,0
2018-05-27 18:24:55.663,85.65,0.138058545864,0.0,0
2018-05-27 18:24:55.756,85.48,0.138058545864,0.0,0
2018-05-27 18:24:55.849,84.77,0.138058545864,0.0,0
2018-05-27 18:24:56.104,85.17,0.138058545864,0.0,0
2018-05-27 18:24:56.197,84.52,0.138058545864,0.0,0
2018-05-27 18:24:56.374,83.7,0.138058545864,0.0,0
2018-05-27 18:24:56.467,84.21,0.138058545864,0.0,0
2018-05-27 18:24:56.560,84.16,0.138058545864,0.0,0
2018-05-27 18:24:56.653,83.63,0.138058545864,0.0,0
2018-05-27 18:24:56.840,82.35,0.138058545864,0.0,0
2018-05-27 18:24:57.001,83.05,0.138058545864,0.0,0
2018-05-27 18:24:57.188,81.48,0.138058545864,0.0,0
2018-05-27 18:24:57.281,81.74,0.138058545864,0.0,0
2018-05-27 18:24:57.366,82.84,0.138058545864,0.0,0
2018-05-27 18:24:57.458,82.37,0.138058545864,0.0,0
2018-05-27 18:24:57.737,83.38,0.138058545864,0.0,0
2018-05-27 18:24:57.830,83.15,0.138058545864,0.0,0
2018-05-27 18:24:57.923,83.74,0.138058545864,0.0,0
2018-05-27 18:24:58.085,83.37,0.138058545864,0.0,0
2018-05-27 18:24:58.271,83.87,0.138058545864,0.0,0
2018-05-27 18:24:58.448,84.61,0.138058545864,0.0,0
2018-05-27 18:24:58.625,84.96,0.138058545864,0.0,0
2018-05-27 18:24:58.812,85.75,0.138058545864,0.0,0
2018-05-27 18:24:58.905,85.02,0.138058545864,0.0,0
2018-05-27 18:24:59.150,86.25,0.138058545864,0.0,0
2018-05-27 18:24:59.337,86.52,0.138058545864,0.0,0
2018-05-27 18:24:59.430,87.07,0.138058545864,0.0,0
2018-05-27 18:24:59.523,86.82,0.138058545864,0.0,0
2018-05-27 18:24:59.709,88.13,0.138058545864,0.0,0
2018-05-27 18:24:59.802,87.58,0.138058545864,0.0,0
2018-05-27 18:25:00.420,86.89,0.138058545864,0.0,0
2018-05-27 18:25:00.607,86.51,0.138058545864,0.0,0
2018-05-27 18:25:00.886,86.31,0.138058545864,0.0,0
2018-05-27 18:25:01.132,85.77,0.138058545864,0.0,0
2018-05-27 18:25:01.225,85.65,0.138058545864,0.0,0
2018-05-27 18:25:01.406,85.18,0.138058545864,0.0,0
2018-05-27 18:25:01.495,84.75,0.138058545864,0.0,0
2018-05-27 18:25:01.579,84.91,0.138058545864,0.0,0
2018-05-27 18:25:01.664,83.8,0.138058545864,0.0,0
2018-05-27 18:25:01.756,83.51,0.138058545864,0.0,0
2018-05-27 18:25:01.849,83.29,0.138058545864,0.0,0
2018-05-27 18:25:02.197,82.99,0.138058545864,0.0,0
2018-05-27 18:25:02.290,82.28,0.138058545864,0.0,0
2018-05-27 18:25:02.383,82.73,0.138058545864,0.0,0
2018-05-27 18:25:02.467,82.47,0.138058545864,0.0,0
2018-05-27 18:25:02.644,81.71,0.138058545864,0.0,0
2018-05-27 18:25:02.830,81.73,0.138058545864,0.0,0
2018-05-27 18:25:03.085,81.13,0.138058545864,0.0,0
2018-05-27 18:25:03.178,80.64,0.138058545864,0.0,0
2018-05-27 18:25:03.271,80.71,0.138058545864,0.0,0
2018-05-27 18:25:03.448,80.54,0.138058545864,0.0,0
2018-05-27 18:25:03.625,79.39,0.138058545864,0.0,0
2018-05-27 18:25:03.812,79.52,0.138058545864,0.0,0
2018-05-27 18:25:03.905,78.84,0.138058545864,0.0,0
2018-05-27 18:25:04.253,77.9,0.138058545864,0.0,0
2018-05-27 18:25:04.430,78.23,0.138058545864,0.0,0
2018-05-27 18:25:04.523,77.47,0.138058545864,0.0,0
2018-05-27 18:25:04.616,77.57,0.138058545864,0.0,0
2018-05-27 18:25:04.895,76.94,0.138058545864,0.0,0
2018-05-27 18:25:05.057,76.91,0.138058545864,0.0,0
2018-05-27 18:25:05.337,75.98,0.138058545864,0.0,0
2018-05-27 18:25:05.430,75.76,0.138058545864,0.0,0
2018-05-27 18:25:05.523,76.02,0.138058545864,0.0,0
2018-05-27 18:25:05.616,74.45,0.138058545864,0.0,0
2018-05-27 18:25:05.709,75.06,0.138058545864,0.0,0
2018-05-27 18:25:05.802,74.71,0.138058545864,0.0,0
2018-05-27 18:25:06.057,75.23,0.138058545864,0.0,0
2018-05-27 18:25:06.150,75.42,0.138058545864,0.0,0
2018-05-27 18:25:06.243,75.73,0.138058545864,0.0,0
2018-05-27 18:25:06.337,76.31,0.138058545864,0.0,0
2018-05-27 18:25:06.420,76.44,0.138058545864,0.0,0
2018-05-27 18:25:06.513,77.24,0.138058545864,0.0,0
2018-05-27 18:25:06.607,77.61,0.138058545864,0.0,0
2018-05-27 18:25:06.700,77.78,0.138058545864,0.0,0
2018-05-27 18:25:06.793,78.66,0.138058545864,0.0,0
2018-05-27 18:25:06.886,79.21,0.138058545864,0.0,0
2018-05-27 18:25:07.048,78.94,0.138058545864,0.0,0
2018-05-27 18:25:07.141,80.23,0.138058545864,0.0,0
2018-05-27 18:25:07.234,81.4,0.138058545864,0.0,0
2018-05-27 18:25:07.327,81.59,0.138058545864,0.0,0
2018-05-27 18:25:07.420,81.99,0.138058545864,0.0,0
2018-05-27 18:25:07.505,83.0,0.138058545864,0.0,0
2018-05-27 18:25:07.784,82.46,0.138058545864,0.0,0
2018-05-27 18:25:08.113,82.0,0.138058545864,0.0,0
2018-05-27 18:25:08.653,80.24,0.138058545864,0.0,0
2018-05-27 18:25:09.001,80.21,0.138058545864,0.0,0
2018-05-27 18:25:09.094,79.14,0.138058545864,0.0,0
2018-05-27 18:25:09.188,79.37,0.138058545864,0.0,0
2018-05-27 18:25:09.281,79.44,0.138058545864,0.0,0
2018-05-27 18:25:09.374,79.05,0.138058545864,0.0,0
2018-05-27 18:25:09.551,78.47,0.138058545864,0.0,0
2018-05-27 18:25:09.821,77.94,0.138058545864,0.0,0
2018-05-27 18:25:10.076,77.61,0.138058545864,0.0,0
2018-05-27 18:25:10.802,79.34,0.138058545864,0.0,0
2018-05-27 18:25:10.896,80.17,0.138058545864,0.0,0
2018-05-27 18:25:11.057,80.23,0.138058545864,0.0,0
2018-05-27 18:25:11.150,80.87,0.138058545864,0.0,0
2018-05-27 18:25:11.421,82.03,0.138058545864,0.0,0
2018-05-27 18:25:11.513,83.16,0.138058545864,0.0,0
2018-05-27 18:25:11.886,86.24,0.138058545864,0.0,0
2018-05-27 18:25:12.141,86.95,0.138058545864,0.0,0
2018-05-27 18:25:12.234,87.75,0.138058545864,0.0,0
2018-05-27 18:25:12.318,88.19,0.138058545864,0.0,0
2018-05-27 18:25:12.411,88.85,0.138058545864,0.0,0
2018-05-27 18:25:12.597,89.66,0.138058545864,0.0,0
2018-05-27 18:25:12.783,88.1,0.138058545864,0.0,0
2018-05-27 18:25:12.872,88.36,0.138058545864,0.0,0
2018-05-27 18:25:13.029,87.9,0.138058545864,0.0,0
2018-05-27 18:25:13.113,88.77,0.138058545864,0.0,0
2018-05-27 18:25:13.290,87.48,0.138058545864,0.0,0
2018-05-27 18:25:13.560,87.12,0.138058545864,0.0,0
2018-05-27 18:25:13.746,85.92,0.138058545864,0.0,0
2018-05-27 18:25:13.839,86.31,0.138058545864,0.0,0
2018-05-27 18:25:14.001,86.02,0.138058545864,0.0,0
2018-05-27 18:25:14.262,86.62,0.138058545864,0.0,0
2018-05-27 18:25:14.551,87.63,0.138058545864,0.0,0
2018-05-27 18:25:15.169,88.96,0.138058545864,0.0,0
2018-05-27 18:25:15.262,89.27,0.138058545864,0.0,0
2018-05-27 18:25:15.350,88.67,0.138058545864,0.0,0
2018-05-27 18:25:15.523,89.46,0.138058545864,0.0,0
2018-05-27 18:25:15.616,89.8,0.138058545864,0.0,0
2018-05-27 18:25:15.709,90.06,0.138058545864,0.0,0
2018-05-27 18:25:15.797,90.4,0.138058545864,0.0,0
2018-05-27 18:25:15.886,90.29,0.138058545864,0.0,0
2018-05-27 18:25:16.220,91.61,0.138058545864,0.0,0
2018-05-27 18:25:16.318,91.35,0.138058545864,0.0,0
2018-05-27 18:25:16.411,91.68,0.138058545864,0.0,0
2018-05-27 18:25:16.662,92.59,0.138058545864,0.0,0
2018-05-27 18:25:17.104,94.26,0.138058545864,0.0,0
2018-05-27 18:25:17.290,93.94,0.138058545864,0.0,0
2018-05-27 18:25:17.467,94.53,0.138058545864,0.0,0
2018-05-27 18:25:17.560,94.41,0.138058545864,0.0,0
2018-05-27 18:25:17.746,94.22,0.138058545864,0.0,0
2018-05-27 18:25:18.094,92.54,0.138058545864,0.0,0
2018-05-27 18:25:18.187,92.24,0.138058545864,0.0,0
2018-05-27 18:25:18.457,91.33,0.138058545864,0.0,0
2018-05-27 18:25:18.551,91.19,0.138058545864,0.0,0
2018-05-27 18:25:18.830,91.54,0.138058545864,0.0,0
2018-05-27 18:25:18.923,91.31,0.138058545864,0.0,0
2018-05-27 18:25:19.085,91.21,0.138058545864,0.0,0
2018-05-27 18:25:19.243,92.43,0.138058545864,0.0,0
2018-05-27 18:25:19.448,92.39,0.138058545864,0.0,0
2018-05-27 18:25:19.634,92.81,0.138058545864,0.0,0
2018-05-27 18:25:19.728,93.09,0.138058545864,0.0,0
2018-05-27 18:25:19.821,93.39,0.138058545864,0.0,0
2018-05-27 18:25:19.914,94.15,0.138058545864,0.0,0
2018-05-27 18:25:20.169,94.15,0.138058545864,0.0,0
2018-05-27 18:25:20.346,95.07,0.138058545864,0.0,0
2018-05-27 18:25:20.616,96.96,0.138058545864,0.0,0
2018-05-27 18:25:20.709,97.36,0.138058545864,0.0,0
2018-05-27 18:25:20.895,99.12,0.138058545864,0.0,0
2018-05-27 18:25:21.058,99.21,0.138058545864,0.0,0
2018-05-27 18:25:21.234,101.83,0.138058545864,0.0,0
2018-05-27 18:25:21.327,101.87,0.138058545864,0.0,0
2018-05-27 18:25:21.504,102.14,0.138058545864,0.0,0
2018-05-27 18:25:21.597,101.25,0.138058545864,0.0,0
2018-05-27 18:25:21.690,101.07,0.138058545864,0.0,0
2018-05-27 18:25:21.783,100.94,0.138058545864,0.0,0
2018-05-27 18:25:22.029,100.7,0.138058545864,0.0,0
2018-05-27 18:25:22.113,100.45,0.138058545864,0.0,0
2018-05-27 18:25:22.383,99.42,0.138058545864,0.0,0
2018-05-27 18:25:22.644,98.18,0.138058545864,0.0,0
2018-05-27 18:25:22.737,98.03,0.138058545864,0.0,0
2018-05-27 18:25:22.830,97.74,0.138058545864,0.0,0
2018-05-27 18:25:22.923,96.44,0.138058545864,0.0,0
2018-05-27 18:25:23.178,96.11,0.138058545864,0.0,0
2018-05-27 18:25:23.346,96.07,0.138058545864,0.0,0
2018-05-27 18:25:23.457,94.59,0.138058545864,0.0,0
2018-05-27 18:25:23.644,94.61,0.138058545864,0.0,0
2018-05-27 18:25:23.914,94.2,0.138058545864,0.0,0
2018-05-27 18:25:24.076,94.33,0.138058545864,0.0,0
2018-05-27 18:25:24.169,93.95,0.138058545864,0.0,0
2018-05-27 18:25:24.243,93.26,0.138058545864,0.0,0
2018-05-27 18:25:24.448,92.96,0.138058545864,0.0,0
2018-05-27 18:25:25.066,90.36,0.138058545864,0.0,0
2018-05-27 18:25:25.429,90.14,0.138058545864,0.0,0
2018-05-27 18:25:25.523,89.79,0.138058545864,0.0,0
2018-05-27 18:25:25.793,88.42,0.138058545864,0.0,0
2018-05-27 18:25:26.597,85.83,0.138058545864,0.0,0
2018-05-27 18:25:26.690,85.99,0.138058545864,0.0,0
2018-05-27 18:25:26.872,85.88,0.138058545864,0.0,0
2018-05-27 18:25:27.113,85.03,0.138058545864,0.0,0
2018-05-27 18:25:27.290,85.24,0.138058545864,0.0,0
2018-05-27 18:25:27.560,85.84,0.138058545864,0.0,0
2018-05-27 18:25:28.094,86.51,0.138058545864,0.0,0
2018-05-27 18:25:28.187,86.48,0.138058545864,0.0,0
2018-05-27 18:25:28.281,87.66,0.138058545864,0.0,0
2018-05-27 18:25:28.364,87.95,0.138058545864,0.0,0
2018-05-27 18:25:28.550,88.59,0.138058545864,0.0,0
2018-05-27 18:25:28.737,89.27,0.138058545864,0.0,0
2018-05-27 18:25:29.439,93.53,0.138058545864,0.0,0
2018-05-27 18:25:29.625,94.85,0.138058545864,0.0,0
2018-05-27 18:25:29.718,96.05,0.138058545864,0.0,0
2018-05-27 18:25:29.895,95.91,0.138058545864,0.0,0
2018-05-27 18:25:30.057,96.75,0.138058545864,0.0,0
2018-05-27 18:25:30.429,94.42,0.138058545864,0.0,0
2018-05-27 18:25:31.411,92.47,0.138058545864,0.0,0
2018-05-27 18:25:31.778,92.35,0.138058545864,0.0,0
2018-05-27 18:25:32.019,93.38,0.138058545864,0.0,0
2018-05-27 18:25:32.374,94.68,0.138058545864,0.0,0
2018-05-27 18:25:32.560,95.96,0.138058545864,0.0,0
2018-05-27 18:25:32.653,96.3,0.138058545864,0.0,0
2018-05-27 18:25:32.839,98.63,0.138058545864,0.0,0
2018-05-27 18:25:33.001,98.9,0.138058545864,0.0,0
2018-05-27 18:25:33.364,101.53,0.138058545864,0.0,0
2018-05-27 18:25:33.643,104.36,0.138058545864,0.0,0
2018-05-27 18:25:34.085,107.3,0.138058545864,0.0,0
2018-05-27 18:25:34.448,107.71,0.138058545864,0.0,0
2018-05-27 18:25:34.634,108.29,0.138058545864,0.0,0
2018-05-27 18:25:34.727,107.1,0.138058545864,0.0,0
2018-05-27 18:25:35.262,105.65,0.138058545864,0.0,0
2018-05-27 18:25:35.737,104.54,0.138058545864,0.0,0
2018-05-27 18:25:35.830,103.56,0.138058545864,0.0,0
2018-05-27 18:25:36.085,103.8,0.138058545864,0.0,0
2018-05-27 18:25:36.178,102.91,0.138058545864,0.0,0
2018-05-27 18:25:36.355,102.44,0.138058545864,0.0,0
2018-05-27 18:25:36.625,102.3,0.138058545864,0.0,0
2018-05-27 18:25:36.718,102.32,0.138058545864,0.0,0
2018-05-27 18:25:36.802,102.33,0.138058545864,0.0,0
2018-05-27 18:25:37.226,102.5,0.138058545864,0.0,0
2018-05-27 18:25:37.317,103.29,0.138058545864,0.0,0
2018-05-27 18:25:37.411,102.68,0.138058545864,0.0,0
2018-05-27 18:25:37.690,102.43,0.138058545864,0.0,0
2018-05-27 18:25:38.038,102.37,0.138058545864,0.0,0
2018-05-27 18:25:38.131,103.39,0.138058545864,0.0,0
2018-05-27 18:25:38.224,103.15,0.138058545864,0.0,0
2018-05-27 18:25:38.318,103.91,0.138058545864,0.0,0
2018-05-27 18:25:38.662,104.28,0.138058545864,0.0,0
2018-05-27 18:25:38.848,106.46,0.138058545864,0.0,0
2018-05-27 18:25:39.010,106.96,0.138058545864,0.0,0
2018-05-27 18:25:39.104,106.9,0.138058545864,0.0,0
2018-05-27 18:25:39.187,107.69,0.138058545864,0.0,0
2018-05-27 18:25:39.373,108.61,0.138058545864,0.0,0
2018-05-27 18:25:39.457,109.74,0.12504656064,0.0250000003725,0
2018-05-27 18:25:39.550,110.89,0.12504656064,0.0,0
2018-05-27 18:25:39.643,110.89,0.12504656064,0.0,0
2018-05-27 18:25:39.923,110.51,0.12504656064,0.0,0
2018-05-27 18:25:40.439,110.1,0.12504656064,0.0,0
2018-05-27 18:25:40.532,109.37,0.12504656064,0.0,0
2018-05-27 18:25:40.625,108.57,0.12504656064,0.0,0
2018-05-27 18:25:40.718,109.13,0.12504656064,0.0,0
2018-05-27 18:25:40.904,107.83,0.12504656064,0.0,0
2018-05-27 18:25:41.057,107.05,0.12504656064,0.0,0
2018-05-27 18:25:41.150,107.35,0.138058545864,0.0,0
2018-05-27 18:25:41.243,106.55,0.138058545864,0.0,0
2018-05-27 18:25:41.336,106.53,0.138058545864,0.0,0
2018-05-27 18:25:41.616,105.38,0.138058545864,0.0,0
2018-05-27 18:25:41.709,105.53,0.138058545864,0.0,0
2018-05-27 18:25:41.802,105.82,0.138058545864,0.0,0
2018-05-27 18:25:41.895,105.62,0.138058545864,0.0,0
2018-05-27 18:25:42.057,106.22,0.138058545864,0.0,0
2018-05-27 18:25:42.150,106.56,0.138058545864,0.0,0
2018-05-27 18:25:42.243,107.23,0.138058545864,0.0,0
2018-05-27 18:25:42.336,107.31,0.138058545864,0.0,0
2018-05-27 18:25:42.429,108.38,0.138058545864,0.0,0
2018-05-27 18:25:42.709,109.74,0.12504656064,0.0250000003725,0
2018-05-27 18:25:42.802,110.75,0.12504656064,0.0,0
2018-05-27 18:25:42.895,110.49,0.12504656064,0.0,0
2018-05-27 18:25:43.057,111.88,0.12504656064,0.0,0
2018-05-27 18:25:43.234,112.23,0.12504656064,0.0,0
2018-05-27 18:25:43.327,114.04,0.12504656064,0.0,0
2018-05-27 18:25:43.410,113.44,0.12504656064,0.0,0
2018-05-27 18:25:43.690,115.47,0.12504656064,0.0,0
2018-05-27 18:25:43.783,116.59,0.12504656064,0.0,0
2018-05-27 18:25:43.871,116.78,0.12504656064,0.0,0
2018-05-27 18:25:44.112,117.24,0.138058545864,0.0,0
2018-05-27 18:25:44.383,119.66,0.138058545864,0.0,0
2018-05-27 18:25:44.653,120.98,0.138058545864,0.0,0
2018-05-27 18:25:44.736,121.04,0.138058545864,0.0,0
2018-05-27 18:25:44.830,121.93,0.138058545864,0.0,0
2018-05-27 18:25:44.923,122.68,0.12504656064,0.0250000003725,0
2018-05-27 18:25:45.178,122.13,0.12504656064,0.0,0
2018-05-27 18:25:45.271,122.82,0.112810386877,0.0250000003725,0
2018-05-27 18:25:45.364,122.34,0.112810386877,0.0,0
2018-05-27 18:25:45.448,122.36,0.112810386877,0.0,0
2018-05-27 18:25:45.625,121.6,0.112810386877,0.0,0
2018-05-27 18:25:45.718,120.41,0.112810386877,0.0,0
2018-05-27 18:25:45.904,119.98,0.112810386877,0.0,0
2018-05-27 18:25:46.252,118.44,0.112810386877,0.0,0
2018-05-27 18:25:46.345,118.73,0.112810386877,0.0,0
2018-05-27 18:25:46.522,117.81,0.12504656064,0.0,0
2018-05-27 18:25:46.616,117.34,0.12504656064,0.0,0
2018-05-27 18:25:46.709,117.16,0.12504656064,0.0250000003725,0
2018-05-27 18:25:46.802,116.28,0.112810386877,0.0250000003725,0
2018-05-27 18:25:46.895,116.08,0.112810386877,0.0,0
2018-05-27 18:25:47.057,115.38,0.112810386877,0.0,0
2018-05-27 18:25:47.243,114.66,0.112810386877,0.0,0
2018-05-27 18:25:47.336,115.0,0.112810386877,0.0,0
2018-05-27 18:25:47.429,113.62,0.112810386877,0.0,0
2018-05-27 18:25:47.606,113.68,0.112810386877,0.0,0
2018-05-27 18:25:47.699,112.69,0.112810386877,0.0,0
2018-05-27 18:25:47.792,113.0,0.112810386877,0.0,0
2018-05-27 18:25:47.885,112.44,0.12504656064,0.0,0
2018-05-27 18:25:48.047,112.26,0.138058545864,0.0,0
2018-05-27 18:25:48.234,111.91,0.138058545864,0.0,0
2018-05-27 18:25:48.411,112.83,0.138058545864,0.0,0
2018-05-27 18:25:48.504,111.75,0.138058545864,0.0,0
2018-05-27 18:25:48.597,113.02,0.138058545864,0.0,0
2018-05-27 18:25:48.690,111.76,0.112810386877,0.0500000007451,0
2018-05-27 18:25:48.783,112.53,0.101339266172,0.0250000003725,0
2018-05-27 18:25:48.871,112.87,0.101339266172,0.0,0
2018-05-27 18:25:49.029,112.22,0.101339266172,0.0,0
2018-05-27 18:25:49.113,112.53,0.101339266172,0.0,0
2018-05-27 18:25:49.196,112.47,0.101339266172,0.0,0
2018-05-27 18:25:49.382,112.74,0.101339266172,0.0,0
2018-05-27 18:25:49.466,113.25,0.101339266172,0.0,0
2018-05-27 18:25:49.653,113.51,0.101339266172,0.0,0
2018-05-27 18:25:49.746,112.72,0.101339266172,0.0,0
2018-05-27 18:25:49.839,113.41,0.12504656064,0.0,0
2018-05-27 18:25:50.001,114.06,0.138058545864,0.0,0
2018-05-27 18:25:50.094,113.32,0.138058545864,0.0,0
2018-05-27 18:25:50.178,114.51,0.138058545864,0.0,0
2018-05-27 18:25:50.364,114.63,0.138058545864,0.0,0
2018-05-27 18:25:50.448,115.1,0.138058545864,0.0,0
2018-05-27 18:25:50.541,114.58,0.138058545864,0.0,0
2018-05-27 18:25:50.634,115.37,0.138058545864,0.0,0
2018-05-27 18:25:50.904,116.81,0.138058545864,0.0,0
2018-05-27 18:25:51.352,119.9,0.138058545864,0.0,0
2018-05-27 18:25:51.438,120.68,0.138058545864,0.0,0
2018-05-27 18:25:51.615,120.08,0.138058545864,0.0,0
2018-05-27 18:25:51.709,118.77,0.138058545864,0.0,0
2018-05-27 18:25:51.802,119.06,0.138058545864,0.0,0
2018-05-27 18:25:51.885,118.21,0.138058545864,0.0,0
2018-05-27 18:25:52.066,117.92,0.138058545864,0.0,0
2018-05-27 18:25:52.159,118.04,0.138058545864,0.0,0
2018-05-27 18:25:52.336,117.29,0.138058545864,0.0,0
2018-05-27 18:25:52.522,116.46,0.138058545864,0.0,0
2018-05-27 18:25:52.802,114.8,0.138058545864,0.0,0
2018-05-27 18:25:52.885,114.2,0.138058545864,0.0,0
2018-05-27 18:25:53.234,114.01,0.138058545864,0.0,0
2018-05-27 18:25:53.327,113.06,0.138058545864,0.0,0
2018-05-27 18:25:53.410,111.89,0.138058545864,0.0,0
2018-05-27 18:25:53.503,112.81,0.138058545864,0.0,0
2018-05-27 18:25:53.597,112.22,0.138058545864,0.0,0
2018-05-27 18:25:53.857,110.57,0.138058545864,0.0,0
2018-05-27 18:25:54.103,110.67,0.138058545864,0.0,0
2018-05-27 18:25:54.196,110.48,0.138058545864,0.0,0
2018-05-27 18:25:54.289,109.56,0.138058545864,0.0,0
2018-05-27 18:25:54.373,109.8,0.138058545864,0.0,0
2018-05-27 18:25:54.466,109.66,0.138058545864,0.0,0
2018-05-27 18:25:54.559,108.67,0.138058545864,0.0,0
2018-05-27 18:25:54.746,108.56,0.12504656064,0.0250000003725,0
2018-05-27 18:25:54.839,107.6,0.112810386877,0.0250000003725,0
2018-05-27 18:25:55.829,104.69,0.0906213267703,0.0500000007451,0
2018-05-27 18:25:55.923,103.93,0.0906213267703,0.0,0
2018-05-27 18:25:56.271,104.04,0.0906213267703,0.0,0
2018-05-27 18:25:56.354,104.12,0.0906213267703,0.0,0
2018-05-27 18:25:56.448,103.83,0.0906213267703,0.0,0
2018-05-27 18:25:56.634,104.49,0.0906213267703,0.0,0
2018-05-27 18:25:56.727,104.7,0.0906213267703,0.0,0
2018-05-27 18:25:56.913,105.0,0.0906213267703,0.0,0
2018-05-27 18:25:57.075,105.11,0.101339266172,0.0,0
2018-05-27 18:25:57.261,106.81,0.112810386877,0.0,0
2018-05-27 18:25:57.439,108.21,0.138058545864,0.0,0
2018-05-27 18:25:57.532,108.98,0.138058545864,0.0,0
2018-05-27 18:25:57.625,109.54,0.138058545864,0.0,0
2018-05-27 18:25:57.718,111.17,0.138058545864,0.0,0
2018-05-27 18:25:57.811,110.7,0.138058545864,0.0,0
2018-05-27 18:25:58.066,112.0,0.138058545864,0.0,0
2018-05-27 18:25:58.336,112.77,0.138058545864,0.0,0
2018-05-27 18:25:58.429,112.74,0.138058545864,0.0,0
2018-05-27 18:25:58.522,113.09,0.138058545864,0.0,0
2018-05-27 18:25:58.615,112.29,0.138058545864,0.0,0
2018-05-27 18:25:58.709,112.67,0.138058545864,0.0,0
2018-05-27 18:25:58.792,111.89,0.138058545864,0.0,0
2018-05-27 18:25:59.047,111.62,0.138058545864,0.0,0
2018-05-27 18:25:59.140,110.35,0.138058545864,0.0,0
2018-05-27 18:25:59.234,110.71,0.138058545864,0.0,0
2018-05-27 18:25:59.327,110.1,0.138058545864,0.0,0
2018-05-27 18:25:59.410,109.66,0.138058545864,0.0,0
2018-05-27 18:25:59.503,109.5,0.138058545864,0.0,0
2018-05-27 18:25:59.597,109.64,0.138058545864,0.0,0
2018-05-27 18:25:59.690,108.58,0.138058545864,0.0,0
2018-05-27 18:25:59.871,108.2,0.138058545864,0.0,0
2018-05-27 18:26:00.205,107.02,0.138058545864,0.0,0
2018-05-27 18:26:00.289,106.29,0.138058545864,0.0,0
2018-05-27 18:26:00.466,106.44,0.138058545864,0.0,0
2018-05-27 18:26:00.559,105.16,0.138058545864,0.0,0
2018-05-27 18:26:01.001,102.51,0.138058545864,0.0,0
2018-05-27 18:26:01.187,101.98,0.138058545864,0.0,0
2018-05-27 18:26:01.457,100.2,0.138058545864,0.0,0
2018-05-27 18:26:01.643,97.58,0.138058545864,0.0,0
2018-05-27 18:26:01.736,96.57,0.138058545864,0.0,0
2018-05-27 18:26:01.830,95.6,0.138058545864,0.0,0
2018-05-27 18:26:01.923,94.85,0.138058545864,0.0,0
2018-05-27 18:26:02.084,93.73,0.138058545864,0.0,0
2018-05-27 18:26:02.178,92.71,0.138058545864,0.0,0
2018-05-27 18:26:02.448,90.35,0.138058545864,0.0,0
2018-05-27 18:26:02.541,89.01,0.138058545864,0.0,0
2018-05-27 18:26:02.727,88.04,0.138058545864,0.0,0
2018-05-27 18:26:03.169,83.82,0.138058545864,0.0,0
2018-05-27 18:26:03.346,82.22,0.138058545864,0.0,0
2018-05-27 18:26:03.532,80.28,0.138058545864,0.0,0
2018-05-27 18:26:03.625,79.7,0.138058545864,0.0,0
2018-05-27 18:26:03.718,78.99,0.138058545864,0.0,0
2018-05-27 18:26:03.811,77.44,0.138058545864,0.0,0
2018-05-27 18:26:04.159,75.06,0.138058545864,0.0,0
2018-05-27 18:26:04.709,70.54,0.138058545864,0.0,0
2018-05-27 18:26:04.895,68.89,0.138058545864,0.0,0
2018-05-27 18:26:05.057,68.47,0.138058545864,0.0,0
2018-05-27 18:26:05.243,66.46,0.138058545864,0.0,0
2018-05-27 18:26:05.336,66.24,0.138058545864,0.0,0
2018-05-27 18:26:05.699,65.22,0.138058545864,0.0,0
2018-05-27 18:26:06.141,63.42,0.138058545864,0.0,0
2018-05-27 18:26:06.327,63.28,0.138058545864,0.0,0
2018-05-27 18:26:06.597,62.33,0.138058545864,0.0,0
2018-05-27 18:26:06.685,62.96,0.138058545864,0.0,0
2018-05-27 18:26:06.774,63.1,0.138058545864,0.0,0
2018-05-27 18:26:07.020,61.97,0.138058545864,0.0,0
2018-05-27 18:26:07.374,61.76,0.138058545864,0.0,0
2018-05-27 18:26:07.467,61.88,0.138058545864,0.0,0
2018-05-27 18:26:07.560,61.67,0.138058545864,0.0,0
2018-05-27 18:26:07.653,61.26,0.138058545864,0.0,0
2018-05-27 18:26:07.746,61.2,0.138058545864,0.0,0
2018-05-27 18:26:08.001,60.03,0.138058545864,0.0,0
2018-05-27 18:26:08.187,61.08,0.138058545864,0.0,0
2018-05-27 18:26:08.280,60.72,0.138058545864,0.0,0
2018-05-27 18:26:08.364,60.46,0.138058545864,0.0,0
2018-05-27 18:26:08.923,60.41,0.138058545864,0.0,0
2018-05-27 18:26:09.178,60.18,0.138058545864,0.0,0
2018-05-27 18:26:09.355,59.77,0.138058545864,0.0,0
2018-05-27 18:26:09.448,61.23,0.138058545864,0.0,0
2018-05-27 18:26:09.541,60.31,0.138058545864,0.0,0
2018-05-27 18:26:09.634,59.61,0.138058545864,0.0,0
2018-05-27 18:26:09.727,59.52,0.138058545864,0.0,0
2018-05-27 18:26:10.076,59.88,0.138058545864,0.0,0
2018-05-27 18:26:10.262,60.44,0.138058545864,0.0,0
2018-05-27 18:26:10.439,59.82,0.138058545864,0.0,0
2018-05-27 18:26:10.718,59.95,0.138058545864,0.0,0
2018-05-27 18:26:11.253,60.22,0.138058545864,0.0,0
2018-05-27 18:26:11.336,59.97,0.138058545864,0.0,0
2018-05-27 18:26:11.606,60.01,0.138058545864,0.0,0
2018-05-27 18:26:11.793,59.68,0.138058545864,0.0,0
2018-05-27 18:26:11.886,59.58,0.138058545864,0.0,0
2018-05-27 18:26:12.048,59.86,0.138058545864,0.0,0
2018-05-27 18:26:12.141,60.0,0.138058545864,0.0,0
2018-05-27 18:26:12.234,59.66,0.138058545864,0.0,0
2018-05-27 18:26:12.327,58.93,0.138058545864,0.0,0
2018-05-27 18:26:12.504,59.45,0.138058545864,0.0,0
2018-05-27 18:26:12.597,59.38,0.138058545864,0.0,0
2018-05-27 18:26:12.690,58.63,0.138058545864,0.0,0
2018-05-27 18:26:12.872,59.42,0.138058545864,0.0,0
2018-05-27 18:26:13.029,58.77,0.138058545864,0.0,0
2018-05-27 18:26:13.207,59.35,0.138058545864,0.0,0
2018-05-27 18:26:13.290,59.57,0.138058545864,0.0,0
2018-05-27 18:26:13.374,59.25,0.138058545864,0.0,0
2018-05-27 18:26:13.560,59.99,0.138058545864,0.0,0
2018-05-27 18:26:13.746,58.18,0.138058545864,0.0,0
2018-05-27 18:26:13.823,57.86,0.138058545864,0.0,0
2018-05-27 18:26:13.923,57.98,0.138058545864,0.0,0
2018-05-27 18:26:14.085,58.54,0.138058545864,0.0,0
2018-05-27 18:26:14.271,58.72,0.138058545864,0.0,0
2018-05-27 18:26:14.356,58.77,0.138058545864,0.0,0
2018-05-27 18:26:14.448,59.64,0.138058545864,0.0,0
2018-05-27 18:26:14.541,59.98,0.138058545864,0.0,0
2018-05-27 18:26:14.635,59.79,0.138058545864,0.0,0
2018-05-27 18:26:14.728,59.96,0.138058545864,0.0,0
2018-05-27 18:26:14.821,61.19,0.138058545864,0.0,0
2018-05-27 18:26:14.905,60.54,0.138058545864,0.0,0
2018-05-27 18:26:15.160,62.25,0.138058545864,0.0,0
2018-05-27 18:26:15.253,62.09,0.138058545864,0.0,0
2018-05-27 18:26:15.337,63.18,0.138058545864,0.0,0
2018-05-27 18:26:15.430,63.75,0.138058545864,0.0,0
2018-05-27 18:26:15.523,63.56,0.138058545864,0.0,0
2018-05-27 18:26:15.616,64.26,0.138058545864,0.0,0
2018-05-27 18:26:15.700,65.02,0.138058545864,0.0,0
2018-05-27 18:26:15.793,65.27,0.138058545864,0.0,0
2018-05-27 18:26:15.886,67.59,0.138058545864,0.0,0
2018-05-27 18:26:16.048,67.3,0.138058545864,0.0,0
2018-05-27 18:26:16.141,67.28,0.138058545864,0.0,0
2018-05-27 18:26:16.234,68.33,0.138058545864,0.0,0
2018-05-27 18:26:16.327,68.63,0.138058545864,0.0,0
2018-05-27 18:26:16.411,69.52,0.138058545864,0.0,0
2018-05-27 18:26:16.504,69.88,0.138058545864,0.0,0
2018-05-27 18:26:16.598,70.89,0.138058545864,0.0,0
2018-05-27 18:26:16.681,71.33,0.138058545864,0.0,0
2018-05-27 18:26:16.765,72.11,0.138058545864,0.0,0
2018-05-27 18:26:16.858,72.04,0.138058545864,0.0,0
2018-05-27 18:26:17.011,73.46,0.138058545864,0.0,0
2018-05-27 18:26:17.104,73.27,0.138058545864,0.0,0
2018-05-27 18:26:17.290,75.41,0.138058545864,0.0,0
2018-05-27 18:26:17.374,76.01,0.138058545864,0.0,0
2018-05-27 18:26:17.467,76.17,0.138058545864,0.0,0
2018-05-27 18:26:17.560,76.56,0.138058545864,0.0,0
2018-05-27 18:26:17.653,77.99,0.138058545864,0.0,0
2018-05-27 18:26:17.746,77.96,0.138058545864,0.0,0
2018-05-27 18:26:17.840,79.28,0.138058545864,0.0,0
2018-05-27 18:26:18.001,80.21,0.138058545864,0.0,0
2018-05-27 18:26:18.095,80.39,0.138058545864,0.0,0
2018-05-27 18:26:18.188,81.34,0.138058545864,0.0,0
2018-05-27 18:26:18.366,82.78,0.138058545864,0.0,0
2018-05-27 18:26:18.551,83.9,0.138058545864,0.0,0
2018-05-27 18:26:18.644,84.34,0.138058545864,0.0,0
2018-05-27 18:26:18.737,85.46,0.138058545864,0.0,0
2018-05-27 18:26:18.830,85.67,0.138058545864,0.0,0
2018-05-27 18:26:18.923,86.23,0.138058545864,0.0,0
2018-05-27 18:26:19.085,86.46,0.138058545864,0.0,0
2018-05-27 18:26:19.179,86.33,0.138058545864,0.0,0
2018-05-27 18:26:19.365,87.67,0.138058545864,0.0,0
2018-05-27 18:26:19.449,88.33,0.138058545864,0.0,0
2018-05-27 18:26:19.532,88.86,0.138058545864,0.0,0
2018-05-27 18:26:19.625,88.76,0.138058545864,0.0,0
2018-05-27 18:26:19.812,89.35,0.138058545864,0.0,0
2018-05-27 18:26:19.905,89.34,0.138058545864,0.0,0
2018-05-27 18:26:20.067,89.78,0.138058545864,0.0,0
2018-05-27 18:26:20.160,90.67,0.138058545864,0.0,0
2018-05-27 18:26:20.253,90.77,0.138058545864,0.0,0
2018-05-27 18:26:20.337,91.47,0.138058545864,0.0,0
2018-05-27 18:26:20.430,91.95,0.138058545864,0.0,0
2018-05-27 18:26:20.616,93.16,0.138058545864,0.0,0
2018-05-27 18:26:20.709,93.66,0.138058545864,0.0,0
2018-05-27 18:26:20.803,94.01,0.138058545864,0.0,0
2018-05-27 18:26:20.896,94.01,0.138058545864,0.0,0
2018-05-27 18:26:21.058,94.3,0.138058545864,0.0,0
2018-05-27 18:26:21.151,94.59,0.138058545864,0.0,0
2018-05-27 18:26:21.244,95.33,0.138058545864,0.0,0
2018-05-27 18:26:21.337,94.97,0.138058545864,0.0,0
2018-05-27 18:26:21.430,95.28,0.138058545864,0.0,0
2018-05-27 18:26:21.523,95.91,0.138058545864,0.0,0
2018-05-27 18:26:21.616,95.82,0.138058545864,0.0,0
2018-05-27 18:26:21.803,96.08,0.138058545864,0.0,0
2018-05-27 18:26:21.896,96.84,0.138058545864,0.0,0
2018-05-27 18:26:22.151,97.45,0.138058545864,0.0,0
2018-05-27 18:26:22.337,97.05,0.138058545864,0.0,0
2018-05-27 18:26:22.523,96.39,0.138058545864,0.0,0
2018-05-27 18:26:23.048,94.15,0.138058545864,0.0,0
2018-05-27 18:26:23.234,93.81,0.138058545864,0.0,0
2018-05-27 18:26:23.412,92.89,0.138058545864,0.0,0
2018-05-27 18:26:23.505,92.56,0.138058545864,0.0,0
2018-05-27 18:26:23.784,92.19,0.138058545864,0.0,0
2018-05-27 18:26:24.030,92.47,0.138058545864,0.0,0
2018-05-27 18:26:24.207,90.97,0.138058545864,0.0,0
2018-05-27 18:26:24.291,90.76,0.138058545864,0.0,0
2018-05-27 18:26:24.374,90.65,0.138058545864,0.0,0
2018-05-27 18:26:24.561,90.33,0.138058545864,0.0,0
2018-05-27 18:26:24.747,91.43,0.138058545864,0.0,0
2018-05-27 18:26:25.002,91.4,0.138058545864,0.0,0
2018-05-27 18:26:25.458,92.5,0.138058545864,0.0,0
2018-05-27 18:26:25.551,92.3,0.138058545864,0.0,0
2018-05-27 18:26:25.644,92.45,0.138058545864,0.0,0
2018-05-27 18:26:26.086,92.81,0.138058545864,0.0,0
2018-05-27 18:26:26.356,92.52,0.138058545864,0.0,0
2018-05-27 18:26:26.449,92.73,0.138058545864,0.0,0
2018-05-27 18:26:26.542,93.86,0.138058545864,0.0,0
2018-05-27 18:26:27.076,95.31,0.138058545864,0.0,0
2018-05-27 18:26:27.169,95.44,0.138058545864,0.0,0
2018-05-27 18:26:27.263,95.85,0.138058545864,0.0,0
2018-05-27 18:26:27.440,96.07,0.138058545864,0.0,0
2018-05-27 18:26:27.533,96.58,0.138058545864,0.0,0
2018-05-27 18:26:27.626,96.43,0.138058545864,0.0,0
2018-05-27 18:26:27.719,96.8,0.138058545864,0.0,0
2018-05-27 18:26:27.812,95.63,0.138058545864,0.0,0
2018-05-27 18:26:27.905,95.11,0.138058545864,0.0,0
2018-05-27 18:26:28.067,95.63,0.138058545864,0.0,0
2018-05-27 18:26:28.161,94.66,0.138058545864,0.0,0
2018-05-27 18:26:28.244,94.14,0.138058545864,0.0,0
2018-05-27 18:26:28.328,94.84,0.138058545864,0.0,0
2018-05-27 18:26:28.421,94.42,0.138058545864,0.0,0
2018-05-27 18:26:28.514,94.43,0.138058545864,0.0,0
2018-05-27 18:26:28.607,93.86,0.138058545864,0.0,0
2018-05-27 18:26:28.700,93.42,0.138058545864,0.0,0
2018-05-27 18:26:28.775,93.51,0.138058545864,0.0,0
2018-05-27 18:26:28.879,93.31,0.138058545864,0.0,0
2018-05-27 18:26:29.319,91.99,0.138058545864,0.0,0
2018-05-27 18:26:29.407,91.68,0.138058545864,0.0,0
2018-05-27 18:26:29.496,90.79,0.138058545864,0.0,0
2018-05-27 18:26:29.580,90.94,0.138058545864,0.0,0
2018-05-27 18:26:29.673,90.07,0.138058545864,0.0,0
2018-05-27 18:26:29.756,90.48,0.138058545864,0.0,0
2018-05-27 18:26:29.849,90.5,0.138058545864,0.0,0
2018-05-27 18:26:30.198,89.26,0.138058545864,0.0,0
2018-05-27 18:26:30.375,88.29,0.138058545864,0.0,0
2018-05-27 18:26:30.468,88.36,0.138058545864,0.0,0
2018-05-27 18:26:30.551,87.66,0.138058545864,0.0,0
2018-05-27 18:26:30.645,88.17,0.138058545864,0.0,0
2018-05-27 18:26:30.738,88.4,0.138058545864,0.0,0
2018-05-27 18:26:30.831,87.54,0.138058545864,0.0,0
2018-05-27 18:26:30.924,87.64,0.138058545864,0.0,0
2018-05-27 18:26:31.086,87.02,0.138058545864,0.0,0
2018-05-27 18:26:31.179,86.21,0.138058545864,0.0,0
2018-05-27 18:26:31.365,85.27,0.138058545864,0.0,0
2018-05-27 18:26:31.449,85.94,0.138058545864,0.0,0
2018-05-27 18:26:31.542,85.97,0.138058545864,0.0,0
2018-05-27 18:26:31.635,84.45,0.138058545864,0.0,0
2018-05-27 18:26:31.822,84.61,0.138058545864,0.0,0
2018-05-27 18:26:32.170,83.72,0.138058545864,0.0,0
2018-05-27 18:26:32.347,83.0,0.138058545864,0.0,0
2018-05-27 18:26:32.533,83.45,0.138058545864,0.0,0
2018-05-27 18:26:32.906,82.19,0.138058545864,0.0,0
2018-05-27 18:26:33.067,82.44,0.138058545864,0.0,0
2018-05-27 18:26:33.245,81.53,0.138058545864,0.0,0
2018-05-27 18:26:33.339,81.51,0.138058545864,0.0,0
2018-05-27 18:26:33.431,80.39,0.138058545864,0.0,0
2018-05-27 18:26:33.524,80.49,0.138058545864,0.0,0
2018-05-27 18:26:33.617,80.51,0.138058545864,0.0,0
2018-05-27 18:26:33.710,79.9,0.138058545864,0.0,0
2018-05-27 18:26:33.803,79.79,0.138058545864,0.0,0
2018-05-27 18:26:33.896,79.03,0.138058545864,0.0,0
2018-05-27 18:26:34.058,79.51,0.138058545864,0.0,0
2018-05-27 18:26:34.151,78.41,0.138058545864,0.0,0
2018-05-27 18:26:34.244,79.18,0.138058545864,0.0,0
2018-05-27 18:26:34.328,78.78,0.138058545864,0.0,0
2018-05-27 18:26:34.421,78.22,0.138058545864,0.0,0
2018-05-27 18:26:34.514,77.96,0.138058545864,0.0,0
2018-05-27 18:26:34.608,78.97,0.138058545864,0.0,0
2018-05-27 18:26:34.691,78.59,0.138058545864,0.0,0
2018-05-27 18:26:34.794,78.76,0.138058545864,0.0,0
2018-05-27 18:26:34.887,79.25,0.138058545864,0.0,0
2018-05-27 18:26:35.040,78.67,0.138058545864,0.0,0
2018-05-27 18:26:35.134,79.74,0.138058545864,0.0,0
2018-05-27 18:26:35.221,79.83,0.138058545864,0.0,0
2018-05-27 18:26:35.395,80.4,0.138058545864,0.0,0
2018-05-27 18:26:35.570,80.91,0.138058545864,0.0,0
2018-05-27 18:26:35.663,80.46,0.138058545864,0.0,0
2018-05-27 18:26:35.757,81.78,0.138058545864,0.0,0
2018-05-27 18:26:35.848,81.3,0.138058545864,0.0,0
2018-05-27 18:26:36.095,82.46,0.138058545864,0.0,0
2018-05-27 18:26:36.189,82.95,0.138058545864,0.0,0
2018-05-27 18:26:36.366,83.63,0.138058545864,0.0,0
2018-05-27 18:26:36.459,84.66,0.138058545864,0.0,0
2018-05-27 18:26:36.552,84.86,0.138058545864,0.0,0
2018-05-27 18:26:36.646,85.09,0.138058545864,0.0,0
2018-05-27 18:26:36.831,86.23,0.138058545864,0.0,0
2018-05-27 18:26:36.906,86.85,0.138058545864,0.0,0
2018-05-27 18:26:37.077,87.4,0.138058545864,0.0,0
2018-05-27 18:26:37.263,88.51,0.138058545864,0.0,0
2018-05-27 18:26:37.347,88.19,0.138058545864,0.0,0
2018-05-27 18:26:37.533,89.2,0.138058545864,0.0,0
2018-05-27 18:26:37.720,89.63,0.138058545864,0.0,0
2018-05-27 18:26:37.803,91.35,0.138058545864,0.0,0
2018-05-27 18:26:38.058,91.66,0.138058545864,0.0,0
2018-05-27 18:26:38.245,92.67,0.138058545864,0.0,0
2018-05-27 18:26:38.328,93.65,0.138058545864,0.0,0
2018-05-27 18:26:38.422,94.12,0.138058545864,0.0,0
2018-05-27 18:26:38.515,93.62,0.138058545864,0.0,0
2018-05-27 18:26:38.598,93.99,0.138058545864,0.0,0
2018-05-27 18:26:38.692,94.3,0.138058545864,0.0,0
2018-05-27 18:26:39.030,95.38,0.138058545864,0.0,0
2018-05-27 18:26:39.114,96.55,0.138058545864,0.0,0
2018-05-27 18:26:39.198,96.82,0.138058545864,0.0,0
2018-05-27 18:26:39.375,97.41,0.138058545864,0.0,0
2018-05-27 18:26:39.468,97.9,0.138058545864,0.0,0
2018-05-27 18:26:39.561,97.46,0.138058545864,0.0,0
2018-05-27 18:26:39.654,97.55,0.138058545864,0.0,0
2018-05-27 18:26:39.748,98.77,0.138058545864,0.0,0
2018-05-27 18:26:39.841,98.38,0.138058545864,0.0,0
2018-05-27 18:26:40.002,98.71,0.138058545864,0.0,0
2018-05-27 18:26:40.096,98.71,0.138058545864,0.0,0
2018-05-27 18:26:40.189,98.07,0.138058545864,0.0,0
2018-05-27 18:26:40.282,97.62,0.138058545864,0.0,0
2018-05-27 18:26:40.459,96.83,0.138058545864,0.0,0
2018-05-27 18:26:40.552,96.84,0.138058545864,0.0,0
2018-05-27 18:26:40.738,96.14,0.138058545864,0.0,0
2018-05-27 18:26:40.831,96.17,0.138058545864,0.0,0
2018-05-27 18:26:40.924,96.25,0.138058545864,0.0,0
2018-05-27 18:26:41.086,95.57,0.138058545864,0.0,0
2018-05-27 18:26:41.273,95.09,0.138058545864,0.0,0
2018-05-27 18:26:41.364,94.65,0.138058545864,0.0,0
2018-05-27 18:26:41.450,94.4,0.138058545864,0.0,0
2018-05-27 18:26:41.729,94.21,0.138058545864,0.0,0
2018-05-27 18:26:41.915,93.98,0.138058545864,0.0,0
2018-05-27 18:26:42.170,93.63,0.138058545864,0.0,0
2018-05-27 18:26:42.263,94.07,0.138058545864,0.0,0
2018-05-27 18:26:42.440,94.29,0.138058545864,0.0,0
2018-05-27 18:26:42.627,95.56,0.138058545864,0.0,0
2018-05-27 18:26:42.720,95.33,0.138058545864,0.0,0
2018-05-27 18:26:42.813,95.84,0.138058545864,0.0,0
2018-05-27 18:26:42.906,96.16,0.138058545864,0.0,0
2018-05-27 18:26:43.068,96.07,0.138058545864,0.0,0
2018-05-27 18:26:43.161,97.3,0.138058545864,0.0,0
2018-05-27 18:26:43.338,98.26,0.138058545864,0.0,0
2018-05-27 18:26:43.431,99.09,0.138058545864,0.0,0
2018-05-27 18:26:43.524,98.98,0.138058545864,0.0,0
2018-05-27 18:26:43.617,100.94,0.138058545864,0.0,0
2018-05-27 18:26:43.710,101.74,0.138058545864,0.0,0
2018-05-27 18:26:43.804,102.03,0.138058545864,0.0,0
2018-05-27 18:26:44.059,102.55,0.138058545864,0.0,0
2018-05-27 18:26:44.152,104.23,0.138058545864,0.0,0
2018-05-27 18:26:44.245,104.83,0.138058545864,0.0,0
2018-05-27 18:26:44.329,105.33,0.138058545864,0.0,0
2018-05-27 18:26:44.422,105.2,0.138058545864,0.0,0
2018-05-27 18:26:44.515,106.48,0.138058545864,0.0,0
2018-05-27 18:26:44.608,107.72,0.138058545864,0.0,0
2018-05-27 18:26:44.701,107.45,0.138058545864,0.0,0
2018-05-27 18:26:44.794,108.04,0.138058545864,0.0,0
2018-05-27 18:26:44.887,109.53,0.138058545864,0.0,0
2018-05-27 18:26:45.049,109.43,0.138058545864,0.0,0
2018-05-27 18:26:45.142,109.86,0.138058545864,0.0,0
2018-05-27 18:26:45.236,111.1,0.138058545864,0.0,0
2018-05-27 18:26:45.329,111.3,0.138058545864,0.0,0
2018-05-27 18:26:45.506,112.89,0.138058545864,0.0,0
2018-05-27 18:26:45.599,113.0,0.138058545864,0.0,0
2018-05-27 18:26:45.692,113.9,0.138058545864,0.0,0
2018-05-27 18:26:45.785,114.08,0.138058545864,0.0,0
2018-05-27 18:26:46.031,115.54,0.138058545864,0.0,0
2018-05-27 18:26:46.114,115.58,0.138058545864,0.0,0
2018-05-27 18:26:46.208,115.88,0.138058545864,0.0,0
2018-05-27 18:26:46.291,117.2,0.138058545864,0.0,0
2018-05-27 18:26:46.562,118.25,0.138058545864,0.0,0
2018-05-27 18:26:46.655,118.8,0.138058545864,0.0,0
2018-05-27 18:26:47.087,118.13,0.138058545864,0.0,0
2018-05-27 18:26:47.273,117.03,0.138058545864,0.0,0
2018-05-27 18:26:47.366,115.62,0.138058545864,0.0,0
2018-05-27 18:26:47.450,116.33,0.138058545864,0.0,0
2018-05-27 18:26:47.543,115.47,0.138058545864,0.0,0
2018-05-27 18:26:47.822,114.83,0.138058545864,0.0,0
2018-05-27 18:26:48.003,113.63,0.138058545864,0.0,0
2018-05-27 18:26:48.366,111.72,0.138058545864,0.0,0
2018-05-27 18:26:48.552,112.1,0.138058545864,0.0,0
2018-05-27 18:26:48.736,110.96,0.138058545864,0.0,0
2018-05-27 18:26:48.832,110.04,0.138058545864,0.0,0
2018-05-27 18:26:48.925,110.3,0.138058545864,0.0,0
2018-05-27 18:26:49.170,109.96,0.138058545864,0.0,0
2018-05-27 18:26:49.347,109.44,0.138058545864,0.0,0
2018-05-27 18:26:49.441,109.87,0.138058545864,0.0,0
2018-05-27 18:26:49.534,109.23,0.138058545864,0.0,0
2018-05-27 18:26:50.339,111.03,0.138058545864,0.0,0
2018-05-27 18:26:50.608,112.67,0.138058545864,0.0,0
2018-05-27 18:26:50.692,112.44,0.138058545864,0.0,0
2018-05-27 18:26:51.031,113.55,0.138058545864,0.0,0
2018-05-27 18:26:51.385,112.3,0.138058545864,0.0,0
2018-05-27 18:26:51.469,112.29,0.138058545864,0.0,0
2018-05-27 18:26:51.562,111.11,0.138058545864,0.0,0
2018-05-27 18:26:51.841,110.5,0.138058545864,0.0,0
2018-05-27 18:26:52.189,109.53,0.138058545864,0.0,0
2018-05-27 18:26:52.832,107.05,0.138058545864,0.0,0
2018-05-27 18:26:53.087,105.45,0.138058545864,0.0,0
2018-05-27 18:26:53.274,104.19,0.138058545864,0.0,0
2018-05-27 18:26:53.357,103.54,0.138058545864,0.0,0
2018-05-27 18:26:53.730,100.19,0.138058545864,0.0,0
2018-05-27 18:26:53.823,99.56,0.138058545864,0.0,0
2018-05-27 18:26:53.916,99.34,0.138058545864,0.0,0
2018-05-27 18:26:54.171,97.99,0.138058545864,0.0,0
2018-05-27 18:26:54.348,96.41,0.138058545864,0.0,0
2018-05-27 18:26:54.534,95.33,0.138058545864,0.0,0
2018-05-27 18:26:54.618,95.14,0.138058545864,0.0,0
2018-05-27 18:26:54.711,93.9,0.138058545864,0.0,0
2018-05-27 18:26:54.897,93.55,0.138058545864,0.0,0
2018-05-27 18:26:55.236,93.67,0.138058545864,0.0,0
2018-05-27 18:26:55.329,93.17,0.138058545864,0.0,0
2018-05-27 18:26:55.422,92.84,0.138058545864,0.0,0
2018-05-27 18:26:55.515,92.53,0.138058545864,0.0,0
2018-05-27 18:26:55.609,92.37,0.138058545864,0.0,0
2018-05-27 18:26:55.795,91.4,0.138058545864,0.0,0
2018-05-27 18:26:55.889,91.38,0.138058545864,0.0,0
2018-05-27 18:26:56.040,91.18,0.138058545864,0.0,0
2018-05-27 18:26:56.134,90.56,0.138058545864,0.0,0
2018-05-27 18:26:56.227,90.62,0.138058545864,0.0,0
2018-05-27 18:26:56.320,90.05,0.138058545864,0.0,0
2018-05-27 18:26:56.497,89.53,0.138058545864,0.0,0
2018-05-27 18:26:56.851,87.31,0.138058545864,0.0,0
2018-05-27 18:26:57.106,87.23,0.138058545864,0.0,0
2018-05-27 18:26:57.292,86.42,0.138058545864,0.0,0
2018-05-27 18:26:57.469,86.33,0.138058545864,0.0,0
2018-05-27 18:26:57.562,85.5,0.138058545864,0.0,0
2018-05-27 18:26:57.646,86.03,0.138058545864,0.0,0
2018-05-27 18:26:57.740,85.91,0.138058545864,0.0,0
2018-05-27 18:26:57.823,85.86,0.138058545864,0.0,0
2018-05-27 18:26:58.078,85.02,0.138058545864,0.0,0
2018-05-27 18:26:58.171,84.87,0.138058545864,0.0,0
2018-05-27 18:26:58.357,85.11,0.138058545864,0.0,0
2018-05-27 18:26:58.441,83.88,0.138058545864,0.0,0
2018-05-27 18:26:58.534,84.9,0.138058545864,0.0,0
2018-05-27 18:26:58.637,85.12,0.138058545864,0.0,0
2018-05-27 18:26:58.730,85.17,0.138058545864,0.0,0
2018-05-27 18:26:58.823,85.54,0.138058545864,0.0,0
2018-05-27 18:26:59.171,86.33,0.138058545864,0.0,0
2018-05-27 18:26:59.264,85.74,0.138058545864,0.0,0
2018-05-27 18:26:59.348,85.68,0.138058545864,0.0,0
2018-05-27 18:26:59.460,86.59,0.138058545864,0.0,0
2018-05-27 18:26:59.543,86.79,0.138058545864,0.0,0
2018-05-27 18:26:59.730,87.01,0.138058545864,0.0,0
2018-05-27 18:26:59.823,87.05,0.138058545864,0.0,0
2018-05-27 18:27:00.171,87.24,0.138058545864,0.0,0
2018-05-27 18:27:00.357,87.33,0.138058545864,0.0,0
2018-05-27 18:27:00.525,88.24,0.138058545864,0.0,0
2018-05-27 18:27:00.711,88.7,0.138058545864,0.0,0
2018-05-27 18:27:00.804,88.56,0.138058545864,0.0,0
2018-05-27 18:27:00.897,89.22,0.138058545864,0.0,0
2018-05-27 18:27:01.059,89.11,0.138058545864,0.0,0
2018-05-27 18:27:01.245,91.22,0.138058545864,0.0,0
2018-05-27 18:27:01.329,91.1,0.138058545864,0.0,0
2018-05-27 18:27:01.506,90.39,0.138058545864,0.0,0
2018-05-27 18:27:01.599,90.45,0.138058545864,0.0,0
2018-05-27 18:27:02.031,89.31,0.138058545864,0.0,0
2018-05-27 18:27:02.199,90.02,0.138058545864,0.0,0
2018-05-27 18:27:02.292,89.51,0.138058545864,0.0,0
2018-05-27 18:27:02.385,88.81,0.138058545864,0.0,0
2018-05-27 18:27:02.655,88.6,0.138058545864,0.0,0
2018-05-27 18:27:02.749,88.2,0.138058545864,0.0,0
2018-05-27 18:27:02.842,88.07,0.138058545864,0.0,0
2018-05-27 18:27:03.190,86.22,0.138058545864,0.0,0
2018-05-27 18:27:03.637,85.39,0.138058545864,0.0,0
2018-05-27 18:27:03.730,85.1,0.138058545864,0.0,0
2018-05-27 18:27:03.823,84.42,0.138058545864,0.0,0
2018-05-27 18:27:03.916,85.24,0.138058545864,0.0,0
2018-05-27 18:27:04.171,86.07,0.138058545864,0.0,0
2018-05-27 18:27:04.618,86.94,0.138058545864,0.0,0
2018-05-27 18:27:05.060,86.62,0.138058545864,0.0,0
2018-05-27 18:27:05.143,87.62,0.138058545864,0.0,0
2018-05-27 18:27:05.237,88.17,0.138058545864,0.0,0
2018-05-27 18:27:05.330,88.46,0.138058545864,0.0,0
2018-05-27 18:27:05.423,87.41,0.138058545864,0.0,0
2018-05-27 18:27:05.609,88.24,0.138058545864,0.0,0
2018-05-27 18:27:05.889,89.29,0.138058545864,0.0,0
2018-05-27 18:27:06.497,91.14,0.138058545864,0.0,0
2018-05-27 18:27:06.581,91.36,0.138058545864,0.0,0
2018-05-27 18:27:07.200,93.69,0.138058545864,0.0,0
2018-05-27 18:27:07.284,93.98,0.138058545864,0.0,0
2018-05-27 18:27:07.368,94.76,0.138058545864,0.0,0
2018-05-27 18:27:07.750,96.25,0.138058545864,0.0,0
2018-05-27 18:27:07.842,95.67,0.138058545864,0.0,0
2018-05-27 18:27:08.377,95.39,0.138058545864,0.0,0
2018-05-27 18:27:08.750,95.06,0.138058545864,0.0,0
2018-05-27 18:27:08.842,94.69,0.138058545864,0.0,0
2018-05-27 18:27:09.191,94.49,0.138058545864,0.0,0
2018-05-27 18:27:09.274,93.0,0.138058545864,0.0,0
2018-05-27 18:27:09.368,93.9,0.138058545864,0.0,0
2018-05-27 18:27:09.647,92.69,0.138058545864,0.0,0
2018-05-27 18:27:10.088,91.8,0.138058545864,0.0,0
2018-05-27 18:27:10.181,90.77,0.138058545864,0.0,0
2018-05-27 18:27:10.545,90.47,0.138058545864,0.0,0
2018-05-27 18:27:10.731,91.08,0.138058545864,0.0,0
2018-05-27 18:27:10.824,91.03,0.138058545864,0.0,0
2018-05-27 18:27:11.349,92.71,0.138058545864,0.0,0
2018-05-27 18:27:11.442,92.97,0.138058545864,0.0,0
2018-05-27 18:27:11.908,94.24,0.138058545864,0.0,0
2018-05-27 18:27:12.163,94.32,0.138058545864,0.0,0
2018-05-27 18:27:12.620,95.42,0.138058545864,0.0,0
2018-05-27 18:27:12.899,95.72,0.138058545864,0.0,0
2018-05-27 18:27:13.061,96.34,0.138058545864,0.0,0
2018-05-27 18:27:13.154,97.09,0.138058545864,0.0,0
2018-05-27 18:27:13.331,97.13,0.138058545864,0.0,0
2018-05-27 18:27:13.610,98.34,0.138058545864,0.0,0
2018-05-27 18:27:13.704,98.78,0.138058545864,0.0,0
2018-05-27 18:27:14.052,100.05,0.138058545864,0.0,0
2018-05-27 18:27:14.238,100.31,0.138058545864,0.0,0
2018-05-27 18:27:14.415,101.13,0.138058545864,0.0,0
2018-05-27 18:27:14.601,102.24,0.138058545864,0.0,0
2018-05-27 18:27:14.788,102.07,0.138058545864,0.0,0
2018-05-27 18:27:15.145,102.94,0.138058545864,0.0,0
2018-05-27 18:27:15.424,101.99,0.138058545864,0.0,0
2018-05-27 18:27:15.797,101.43,0.138058545864,0.0,0
2018-05-27 18:27:16.331,99.57,0.138058545864,0.0,0
2018-05-27 18:27:16.518,99.28,0.138058545864,0.0,0
2018-05-27 18:27:16.704,98.56,0.138058545864,0.0,0
2018-05-27 18:27:16.797,97.84,0.138058545864,0.0,0
2018-05-27 18:27:16.890,97.42,0.138058545864,0.0,0
2018-05-27 18:27:17.136,96.72,0.138058545864,0.0,0
2018-05-27 18:27:17.411,95.39,0.138058545864,0.0,0
2018-05-27 18:27:17.499,95.85,0.138058545864,0.0,0
2018-05-27 18:27:17.760,95.83,0.138058545864,0.0,0
2018-05-27 18:27:18.099,95.97,0.138058545864,0.0,0
2018-05-27 18:27:18.192,95.76,0.138058545864,0.0,0
2018-05-27 18:27:18.285,96.21,0.138058545864,0.0,0
2018-05-27 18:27:18.462,95.49,0.138058545864,0.0,0
2018-05-27 18:27:18.555,96.22,0.138058545864,0.0,0
2018-05-27 18:27:18.649,96.67,0.138058545864,0.0,0
2018-05-27 18:27:18.742,97.39,0.138058545864,0.0,0
2018-05-27 18:27:18.928,98.02,0.138058545864,0.0,0
2018-05-27 18:27:19.090,98.33,0.138058545864,0.0,0
2018-05-27 18:27:19.369,99.1,0.138058545864,0.0,0
2018-05-27 18:27:19.453,99.97,0.138058545864,0.0,0
2018-05-27 18:27:19.640,101.15,0.138058545864,0.0,0
2018-05-27 18:27:19.723,101.4,0.138058545864,0.0,0
2018-05-27 18:27:19.817,101.35,0.138058545864,0.0,0
2018-05-27 18:27:19.910,100.55,0.138058545864,0.0,0
2018-05-27 18:27:20.164,100.02,0.138058545864,0.0,0
2018-05-27 18:27:20.435,99.57,0.138058545864,0.0,0
2018-05-27 18:27:20.528,99.0,0.138058545864,0.0,0
2018-05-27 18:27:20.621,99.11,0.138058545864,0.0,0
2018-05-27 18:27:20.705,98.16,0.138058545864,0.0,0
2018-05-27 18:27:20.799,98.59,0.138058545864,0.0,0
2018-05-27 18:27:20.891,97.65,0.138058545864,0.0,0
2018-05-27 18:27:21.053,96.3,0.138058545864,0.0,0
2018-05-27 18:27:21.146,96.68,0.138058545864,0.0,0
2018-05-27 18:27:21.332,96.34,0.138058545864,0.0,0
2018-05-27 18:27:21.519,94.72,0.138058545864,0.0,0
2018-05-27 18:27:21.602,95.44,0.138058545864,0.0,0
2018-05-27 18:27:21.696,94.77,0.138058545864,0.0,0
2018-05-27 18:27:21.789,94.13,0.138058545864,0.0,0
2018-05-27 18:27:21.877,94.3,0.138058545864,0.0,0
2018-05-27 18:27:22.109,94.31,0.138058545864,0.0,0
2018-05-27 18:27:22.202,93.72,0.138058545864,0.0,0
2018-05-27 18:27:22.295,93.68,0.138058545864,0.0,0
2018-05-27 18:27:22.565,92.88,0.138058545864,0.0,0
2018-05-27 18:27:22.659,92.47,0.138058545864,0.0,0
2018-05-27 18:27:22.835,92.53,0.138058545864,0.0,0
2018-05-27 18:27:22.929,91.58,0.138058545864,0.0,0
2018-05-27 18:27:23.184,91.21,0.138058545864,0.0,0
2018-05-27 18:27:23.363,90.18,0.138058545864,0.0,0
2018-05-27 18:27:23.454,90.67,0.138058545864,0.0,0
2018-05-27 18:27:23.640,89.33,0.138058545864,0.0,0
2018-05-27 18:27:23.733,90.17,0.138058545864,0.0,0
2018-05-27 18:27:23.826,90.33,0.138058545864,0.0,0
2018-05-27 18:27:23.919,90.5,0.138058545864,0.0,0
2018-05-27 18:27:24.081,91.05,0.138058545864,0.0,0
2018-05-27 18:27:24.174,90.97,0.138058545864,0.0,0
2018-05-27 18:27:24.268,90.86,0.138058545864,0.0,0
2018-05-27 18:27:24.445,91.19,0.138058545864,0.0,0
2018-05-27 18:27:24.631,91.32,0.138058545864,0.0,0
2018-05-27 18:27:24.724,91.71,0.138058545864,0.0,0
2018-05-27 18:27:25.165,93.0,0.138058545864,0.0,0
2018-05-27 18:27:25.445,94.83,0.138058545864,0.0,0
2018-05-27 18:27:25.538,95.62,0.138058545864,0.0,0
2018-05-27 18:27:25.622,95.11,0.138058545864,0.0,0
2018-05-27 18:27:25.715,95.75,0.138058545864,0.0,0
2018-05-27 18:27:25.808,96.02,0.138058545864,0.0,0
2018-05-27 18:27:26.063,96.56,0.138058545864,0.0,0
2018-05-27 18:27:26.156,97.76,0.138058545864,0.0,0
2018-05-27 18:27:26.334,98.52,0.138058545864,0.0,0
2018-05-27 18:27:26.426,98.43,0.138058545864,0.0,0
2018-05-27 18:27:26.510,98.83,0.138058545864,0.0,0
2018-05-27 18:27:26.603,98.86,0.138058545864,0.0,0
2018-05-27 18:27:26.696,98.19,0.138058545864,0.0,0
2018-05-27 18:27:26.790,98.55,0.138058545864,0.0,0
2018-05-27 18:27:26.883,98.4,0.138058545864,0.0,0
2018-05-27 18:27:27.035,99.01,0.138058545864,0.0,0
2018-05-27 18:27:27.296,99.73,0.138058545864,0.0,0
2018-05-27 18:27:27.380,99.91,0.138058545864,0.0,0
2018-05-27 18:27:27.473,100.37,0.138058545864,0.0,0
2018-05-27 18:27:27.566,99.96,0.138058545864,0.0,0
2018-05-27 18:27:27.659,100.94,0.138058545864,0.0,0
2018-05-27 18:27:27.836,102.09,0.138058545864,0.0,0
2018-05-27 18:27:28.007,101.71,0.138058545864,0.0,0
2018-05-27 18:27:28.091,102.32,0.138058545864,0.0,0
2018-05-27 18:27:28.184,102.26,0.138058545864,0.0,0
2018-05-27 18:27:28.361,104.47,0.138058545864,0.0,0
2018-05-27 18:27:28.445,104.42,0.138058545864,0.0,0
2018-05-27 18:27:28.531,104.34,0.138058545864,0.0,0
2018-05-27 18:27:28.734,103.0,0.138058545864,0.0,0
2018-05-27 18:27:28.827,103.08,0.138058545864,0.0,0
2018-05-27 18:27:28.920,103.15,0.138058545864,0.0,0
2018-05-27 18:27:29.176,101.64,0.138058545864,0.0,0
2018-05-27 18:27:29.268,101.93,0.138058545864,0.0,0
2018-05-27 18:27:29.343,101.07,0.138058545864,0.0,0
2018-05-27 18:27:29.445,101.16,0.138058545864,0.0,0
2018-05-27 18:27:29.538,101.27,0.138058545864,0.0,0
2018-05-27 18:27:29.632,100.91,0.138058545864,0.0,0
2018-05-27 18:27:29.725,101.05,0.138058545864,0.0,0
2018-05-27 18:27:29.818,100.46,0.138058545864,0.0,0
2018-05-27 18:27:29.911,100.69,0.138058545864,0.0,0
2018-05-27 18:27:30.073,100.07,0.138058545864,0.0,0
2018-05-27 18:27:30.166,99.06,0.138058545864,0.0,0
2018-05-27 18:27:30.344,99.23,0.138058545864,0.0,0
2018-05-27 18:27:30.436,99.13,0.138058545864,0.0,0
2018-05-27 18:27:30.529,98.1,0.138058545864,0.0,0
2018-05-27 18:27:30.623,98.75,0.138058545864,0.0,0
2018-05-27 18:27:30.809,98.1,0.138058545864,0.0,0
2018-05-27 18:27:30.902,98.13,0.138058545864,0.0,0
2018-05-27 18:27:31.064,98.09,0.138058545864,0.0,0
2018-05-27 18:27:31.250,97.92,0.138058545864,0.0,0
2018-05-27 18:27:31.335,98.63,0.138058545864,0.0,0
2018-05-27 18:27:31.427,97.82,0.138058545864,0.0,0
2018-05-27 18:27:31.520,98.25,0.138058545864,0.0,0
2018-05-27 18:27:31.613,98.64,0.138058545864,0.0,0
2018-05-27 18:27:31.707,98.41,0.138058545864,0.0,0
2018-05-27 18:27:31.800,97.99,0.138058545864,0.0,0
2018-05-27 18:27:32.241,98.39,0.138058545864,0.0,0
2018-05-27 18:27:32.427,98.82,0.138058545864,0.0,0
2018-05-27 18:27:32.511,98.97,0.138058545864,0.0,0
2018-05-27 18:27:32.604,98.38,0.138058545864,0.0,0
2018-05-27 18:27:32.697,98.4,0.138058545864,0.0,0
2018-05-27 18:27:32.791,98.94,0.138058545864,0.0,0
2018-05-27 18:27:33.120,97.39,0.138058545864,0.0,0
2018-05-27 18:27:33.297,96.81,0.138058545864,0.0,0
2018-05-27 18:27:33.381,96.33,0.138058545864,0.0,0
2018-05-27 18:27:33.474,95.71,0.138058545864,0.0,0
2018-05-27 18:27:33.567,95.97,0.138058545864,0.0,0
2018-05-27 18:27:33.660,96.19,0.138058545864,0.0,0
2018-05-27 18:27:33.753,95.49,0.138058545864,0.0,0
2018-05-27 18:27:33.847,94.95,0.138058545864,0.0,0
2018-05-27 18:27:34.102,94.14,0.138058545864,0.0,0
2018-05-27 18:27:34.185,94.51,0.138058545864,0.0,0
2018-05-27 18:27:34.372,93.95,0.138058545864,0.0,0
2018-05-27 18:27:34.455,93.54,0.138058545864,0.0,0
2018-05-27 18:27:34.642,93.64,0.138058545864,0.0,0
2018-05-27 18:27:34.735,93.91,0.138058545864,0.0,0
2018-05-27 18:27:34.828,94.15,0.138058545864,0.0,0
2018-05-27 18:27:35.167,94.58,0.138058545864,0.0,0
2018-05-27 18:27:35.716,96.07,0.138058545864,0.0,0
2018-05-27 18:27:35.810,96.38,0.138058545864,0.0,0
2018-05-27 18:27:35.903,96.51,0.138058545864,0.0,0
2018-05-27 18:27:36.055,97.21,0.138058545864,0.0,0
2018-05-27 18:27:36.148,97.4,0.138058545864,0.0,0
2018-05-27 18:27:36.242,97.59,0.138058545864,0.0,0
2018-05-27 18:27:36.614,98.42,0.138058545864,0.0,0
2018-05-27 18:27:36.707,98.25,0.138058545864,0.0,0
2018-05-27 18:27:36.792,98.21,0.138058545864,0.0,0
2018-05-27 18:27:36.887,98.22,0.138058545864,0.0,0
2018-05-27 18:27:37.149,96.31,0.138058545864,0.0,0
2018-05-27 18:27:37.242,96.62,0.138058545864,0.0,0
2018-05-27 18:27:37.428,95.26,0.138058545864,0.0,0
2018-05-27 18:27:37.614,94.67,0.138058545864,0.0,0
2018-05-27 18:27:37.707,93.94,0.138058545864,0.0,0
2018-05-27 18:27:37.801,93.32,0.138058545864,0.0,0
2018-05-27 18:27:38.046,92.61,0.138058545864,0.0,0
2018-05-27 18:27:38.139,92.07,0.138058545864,0.0,0
2018-05-27 18:27:38.233,91.33,0.138058545864,0.0,0
2018-05-27 18:27:38.326,90.79,0.138058545864,0.0,0
2018-05-27 18:27:38.419,89.89,0.138058545864,0.0,0
2018-05-27 18:27:38.512,89.12,0.138058545864,0.0,0
2018-05-27 18:27:38.605,89.5,0.138058545864,0.0,0
2018-05-27 18:27:38.791,88.52,0.138058545864,0.0,0
2018-05-27 18:27:38.885,87.37,0.138058545864,0.0,0
2018-05-27 18:27:39.042,86.28,0.138058545864,0.0,0
2018-05-27 18:27:39.130,86.06,0.138058545864,0.0,0
2018-05-27 18:27:39.214,85.36,0.138058545864,0.0,0
2018-05-27 18:27:39.307,84.51,0.138058545864,0.0,0
2018-05-27 18:27:39.391,84.27,0.138058545864,0.0,0
2018-05-27 18:27:39.484,83.98,0.138058545864,0.0,0
2018-05-27 18:27:39.661,83.15,0.138058545864,0.0,0
2018-05-27 18:27:39.754,82.31,0.138058545864,0.0,0
2018-05-27 18:27:39.848,82.29,0.138058545864,0.0,0
2018-05-27 18:27:40.009,82.01,0.138058545864,0.0,0
2018-05-27 18:27:40.103,81.35,0.138058545864,0.0,0
2018-05-27 18:27:40.195,80.23,0.138058545864,0.0,0
2018-05-27 18:27:40.364,80.61,0.138058545864,0.0,0
2018-05-27 18:27:40.549,79.76,0.138058545864,0.0,0
2018-05-27 18:27:40.829,79.52,0.138058545864,0.0,0
2018-05-27 18:27:40.922,79.67,0.138058545864,0.0,0
2018-05-27 18:27:41.084,79.42,0.138058545864,0.0,0
2018-05-27 18:27:41.270,78.21,0.138058545864,0.0,0
2018-05-27 18:27:41.447,78.26,0.138058545864,0.0,0
2018-05-27 18:27:41.540,78.48,0.138058545864,0.0,0
2018-05-27 18:27:41.913,77.39,0.138058545864,0.0,0
2018-05-27 18:27:42.075,76.82,0.138058545864,0.0,0
2018-05-27 18:27:42.168,76.87,0.138058545864,0.0,0
2018-05-27 18:27:42.438,76.14,0.138058545864,0.0,0
2018-05-27 18:27:42.531,76.03,0.138058545864,0.0,0
2018-05-27 18:27:42.717,75.57,0.138058545864,0.0,0
2018-05-27 18:27:42.811,75.31,0.138058545864,0.0,0
2018-05-27 18:27:43.159,74.8,0.138058545864,0.0,0
2018-05-27 18:27:43.242,74.52,0.138058545864,0.0,0
2018-05-27 18:27:43.336,74.94,0.138058545864,0.0,0
2018-05-27 18:27:43.522,74.59,0.138058545864,0.0,0
2018-05-27 18:27:43.615,75.88,0.138058545864,0.0,0
2018-05-27 18:27:43.708,76.04,0.138058545864,0.0,0
2018-05-27 18:27:43.894,76.67,0.138058545864,0.0,0
2018-05-27 18:27:44.149,77.21,0.138058545864,0.0,0
2018-05-27 18:27:44.326,78.24,0.138058545864,0.0,0
2018-05-27 18:27:44.419,78.25,0.138058545864,0.0,0
2018-05-27 18:27:44.587,79.67,0.138058545864,0.0,0
2018-05-27 18:27:44.671,80.75,0.138058545864,0.0,0
2018-05-27 18:27:45.010,81.39,0.138058545864,0.0,0
2018-05-27 18:27:45.289,82.16,0.138058545864,0.0,0
2018-05-27 18:27:45.373,82.88,0.138058545864,0.0,0
2018-05-27 18:27:45.466,82.61,0.138058545864,0.0,0
2018-05-27 18:27:45.559,83.04,0.138058545864,0.0,0
2018-05-27 18:27:45.746,84.34,0.138058545864,0.0,0
2018-05-27 18:27:45.829,84.38,0.138058545864,0.0,0
2018-05-27 18:27:46.355,85.52,0.138058545864,0.0,0
2018-05-27 18:27:46.634,84.13,0.138058545864,0.0,0
2018-05-27 18:27:46.728,84.02,0.138058545864,0.0,0
2018-05-27 18:27:47.066,83.51,0.138058545864,0.0,0
2018-05-27 18:27:47.252,82.99,0.138058545864,0.0,0
2018-05-27 18:27:47.429,82.7,0.138058545864,0.0,0
2018-05-27 18:27:47.699,82.03,0.138058545864,0.0,0
2018-05-27 18:27:48.038,81.74,0.138058545864,0.0,0
2018-05-27 18:27:48.122,82.18,0.138058545864,0.0,0
2018-05-27 18:27:48.206,83.27,0.138058545864,0.0,0
2018-05-27 18:27:48.299,82.32,0.138058545864,0.0,0
2018-05-27 18:27:49.467,86.41,0.138058545864,0.0,0
2018-05-27 18:27:49.653,86.78,0.138058545864,0.0,0
2018-05-27 18:27:49.746,87.24,0.138058545864,0.0,0
2018-05-27 18:27:49.839,86.36,0.138058545864,0.0,0
2018-05-27 18:27:50.002,87.36,0.138058545864,0.0,0
2018-05-27 18:27:50.094,87.29,0.138058545864,0.0,0
2018-05-27 18:27:50.187,87.81,0.138058545864,0.0,0
2018-05-27 18:27:50.364,88.69,0.138058545864,0.0,0
2018-05-27 18:27:50.457,89.23,0.138058545864,0.0,0
2018-05-27 18:27:50.737,89.18,0.138058545864,0.0,0
2018-05-27 18:27:50.830,90.07,0.138058545864,0.0,0
2018-05-27 18:27:51.085,91.41,0.138058545864,0.0,0
2018-05-27 18:27:51.355,92.52,0.138058545864,0.0,0
2018-05-27 18:27:51.541,93.96,0.138058545864,0.0,0
2018-05-27 18:27:51.634,94.68,0.138058545864,0.0,0
2018-05-27 18:27:51.811,94.42,0.138058545864,0.0,0
2018-05-27 18:27:51.905,95.16,0.138058545864,0.0,0
2018-05-27 18:27:52.066,95.82,0.138058545864,0.0,0
2018-05-27 18:27:52.160,95.35,0.138058545864,0.0,0
2018-05-27 18:27:52.253,96.07,0.138058545864,0.0,0
2018-05-27 18:27:52.337,96.0,0.138058545864,0.0,0
2018-05-27 18:27:52.430,96.37,0.138058545864,0.0,0
2018-05-27 18:27:52.709,98.28,0.138058545864,0.0,0
2018-05-27 18:27:52.803,98.67,0.138058545864,0.0,0
2018-05-27 18:27:52.895,99.11,0.138058545864,0.0,0
2018-05-27 18:27:53.062,99.36,0.138058545864,0.0,0
2018-05-27 18:27:53.141,99.9,0.138058545864,0.0,0
2018-05-27 18:27:53.234,99.68,0.138058545864,0.0,0
2018-05-27 18:27:53.337,100.09,0.138058545864,0.0,0
2018-05-27 18:27:53.430,101.51,0.138058545864,0.0,0
2018-05-27 18:27:53.523,101.76,0.138058545864,0.0,0
2018-05-27 18:27:53.616,102.43,0.138058545864,0.0,0
2018-05-27 18:27:53.709,102.58,0.138058545864,0.0,0
2018-05-27 18:27:53.881,103.26,0.138058545864,0.0,0
2018-05-27 18:27:54.039,103.45,0.138058545864,0.0,0
2018-05-27 18:27:54.216,105.25,0.138058545864,0.0,0
2018-05-27 18:27:54.383,106.51,0.138058545864,0.0,0
2018-05-27 18:27:54.476,105.85,0.138058545864,0.0,0
2018-05-27 18:27:54.570,107.04,0.138058545864,0.0,0
2018-05-27 18:27:54.663,108.05,0.138058545864,0.0,0
2018-05-27 18:27:54.756,107.49,0.138058545864,0.0,0
2018-05-27 18:27:54.849,108.13,0.138058545864,0.0,0
2018-05-27 18:27:55.197,108.13,0.138058545864,0.0,0
2018-05-27 18:27:55.290,110.12,0.138058545864,0.0,0
2018-05-27 18:27:55.374,109.83,0.138058545864,0.0,0
2018-05-27 18:27:55.560,110.36,0.138058545864,0.0,0
2018-05-27 18:27:55.653,109.62,0.138058545864,0.0,0
2018-05-27 18:27:55.747,109.81,0.138058545864,0.0,0
2018-05-27 18:27:55.840,111.57,0.138058545864,0.0,0
2018-05-27 18:27:56.095,112.27,0.138058545864,0.0,0
2018-05-27 18:27:56.188,111.51,0.138058545864,0.0,0
2018-05-27 18:27:56.365,113.47,0.138058545864,0.0,0
2018-05-27 18:27:56.458,113.76,0.138058545864,0.0,0
2018-05-27 18:27:56.551,114.27,0.138058545864,0.0,0
2018-05-27 18:27:56.644,114.12,0.138058545864,0.0,0
2018-05-27 18:27:56.821,116.31,0.138058545864,0.0,0
2018-05-27 18:27:56.914,115.8,0.138058545864,0.0,0
2018-05-27 18:27:57.169,115.15,0.138058545864,0.0,0
2018-05-27 18:27:57.263,115.18,0.138058545864,0.0,0
2018-05-27 18:27:57.346,114.19,0.138058545864,0.0,0
2018-05-27 18:27:57.439,114.22,0.138058545864,0.0,0
2018-05-27 18:27:57.626,113.06,0.138058545864,0.0,0
2018-05-27 18:27:57.719,113.46,0.138058545864,0.0,0
2018-05-27 18:27:57.812,112.41,0.138058545864,0.0,0
2018-05-27 18:27:58.160,112.45,0.138058545864,0.0,0
2018-05-27 18:27:58.244,113.08,0.138058545864,0.0,0
2018-05-27 18:27:58.337,112.52,0.138058545864,0.0,0
2018-05-27 18:27:58.430,113.25,0.138058545864,0.0,0
2018-05-27 18:27:58.617,112.7,0.138058545864,0.0,0
2018-05-27 18:27:58.710,113.58,0.138058545864,0.0,0
2018-05-27 18:27:58.896,113.7,0.138058545864,0.0,0
2018-05-27 18:27:59.058,113.2,0.138058545864,0.0,0
2018-05-27 18:27:59.328,113.54,0.138058545864,0.0,0
2018-05-27 18:27:59.421,115.48,0.138058545864,0.0,0
2018-05-27 18:27:59.682,116.99,0.138058545864,0.0,0
2018-05-27 18:27:59.859,117.76,0.138058545864,0.0,0
2018-05-27 18:28:00.291,121.28,0.138058545864,0.0,0
2018-05-27 18:28:00.375,120.97,0.138058545864,0.0,0
2018-05-27 18:28:00.561,122.55,0.138058545864,0.0,0
2018-05-27 18:28:00.924,125.87,0.138058545864,0.0,0
2018-05-27 18:28:01.086,126.38,0.138058545864,0.0,0
2018-05-27 18:28:01.272,126.38,0.138058545864,0.0,0
2018-05-27 18:28:01.356,127.02,0.138058545864,0.0,0
2018-05-27 18:28:01.542,128.27,0.12504656064,0.0250000003725,0
2018-05-27 18:28:01.729,130.0,0.12504656064,0.0,0
2018-05-27 18:28:02.254,132.54,0.112810386877,0.0250000003725,0
2018-05-27 18:28:02.338,132.56,0.101339266172,0.0250000003725,0
2018-05-27 18:28:02.617,133.08,0.0906213267703,0.0250000003725,0
2018-05-27 18:28:02.882,132.95,0.0806434671136,0.0250000003725,0
2018-05-27 18:28:03.039,133.73,0.0713912319113,0.0250000003725,0
2018-05-27 18:28:03.123,132.41,0.0628486823466,0.0250000003725,0
2018-05-27 18:28:03.207,133.22,0.054998263009,0.0250000003725,0
2018-05-27 18:28:03.300,133.28,0.0478206693574,0.0250000003725,0
2018-05-27 18:28:03.384,133.26,0.0478206693574,0.0250000003725,0
2018-05-27 18:28:03.477,133.02,0.0412947210195,0.0250000003725,0
2018-05-27 18:28:03.570,134.56,0.0412947210195,0.0250000003725,0
2018-05-27 18:28:03.757,135.63,0.0478206693574,0.0,0
2018-05-27 18:28:04.105,136.62,0.054998263009,0.0,0
2018-05-27 18:28:04.198,136.06,0.0628486823466,0.0,0
2018-05-27 18:28:04.291,136.8,0.0713912319113,0.0,0
2018-05-27 18:28:04.375,136.96,0.0713912319113,0.0250000003725,0
2018-05-27 18:28:04.468,137.14,0.0806434671136,0.0,0
2018-05-27 18:28:04.561,137.69,0.0806434671136,0.0250000003725,0
2018-05-27 18:28:04.654,137.57,0.0806434671136,0.0250000003725,0
2018-05-27 18:28:04.747,137.66,0.0806434671136,0.0250000003725,0
2018-05-27 18:28:05.003,137.96,0.0806434671136,0.0250000003725,0
2018-05-27 18:28:05.189,137.85,0.0628486823466,0.0500000007451,0
2018-05-27 18:28:05.282,138.08,0.041294720557,0.0750000029802,0
2018-05-27 18:28:05.459,138.42,0.035397250826,0.0750000029802,0
2018-05-27 18:28:05.552,138.53,0.0549982673738,0.0750000029802,0
2018-05-27 18:28:05.831,137.94,0.0713912377431,0.0750000029802,0
2018-05-27 18:28:05.924,136.17,0.0906213335535,0.0500000007451,0
2018-05-27 18:28:06.263,134.78,0.101339273445,0.0500000007451,0
2018-05-27 18:28:06.543,135.42,0.112810394648,0.0500000007451,0
2018-05-27 18:28:06.636,135.28,0.138058555651,0.0750000029802,0
2018-05-27 18:28:06.729,135.45,0.166448069268,0.0750000029802,0
2018-05-27 18:28:06.915,133.68,0.166448069268,0.0500000007451,0
2018-05-27 18:28:07.170,133.85,0.151856106028,0.0500000007451,0
2018-05-27 18:28:07.254,134.58,0.112810394648,0.0,0
2018-05-27 18:28:07.338,133.35,0.0906213327827,0.0250000003725,0
2018-05-27 18:28:07.431,133.52,0.0713912364177,0.0250000003725,0
2018-05-27 18:28:07.524,133.44,0.0628486864977,0.0250000003725,0
2018-05-27 18:28:07.617,133.01,0.0478206728269,0.0,0
2018-05-27 18:28:07.710,134.36,0.035397250826,0.0,0
2018-05-27 18:28:07.897,135.16,0.041294720557,0.0,0
2018-05-27 18:28:08.142,135.05,0.0628486823466,0.0,0
2018-05-27 18:28:08.236,135.73,0.0806434671136,0.0,0
2018-05-27 18:28:08.422,136.23,0.101339266172,0.0,0
2018-05-27 18:28:08.515,135.86,0.101339266172,0.0,0
2018-05-27 18:28:08.608,135.66,0.112810386877,0.0,0
2018-05-27 18:28:08.701,135.72,0.12504656064,0.0,0
2018-05-27 18:28:08.794,135.41,0.138058545864,0.0,0
2018-05-27 18:28:09.040,133.74,0.138058545864,0.0,0
2018-05-27 18:28:09.124,134.11,0.138058545864,0.0,0
2018-05-27 18:28:09.208,134.04,0.138058545864,0.0,0
2018-05-27 18:28:09.385,132.8,0.138058545864,0.0,0
2018-05-27 18:28:09.478,133.72,0.138058545864,0.0,0
2018-05-27 18:28:09.748,133.15,0.138058545864,0.0,0
2018-05-27 18:28:10.003,133.51,0.138058545864,0.0,0
2018-05-27 18:28:10.096,134.78,0.138058545864,0.0,0
2018-05-27 18:28:10.189,135.38,0.138058545864,0.0,0
2018-05-27 18:28:10.375,136.12,0.12504656064,0.0250000003725,0
2018-05-27 18:28:10.637,137.57,0.112810386877,0.0250000003725,0
2018-05-27 18:28:10.729,138.63,0.112810386877,0.0,0
2018-05-27 18:28:10.823,139.28,0.101339266172,0.0250000003725,0
2018-05-27 18:28:10.916,139.64,0.101339266172,0.0,0
2018-05-27 18:28:11.077,139.49,0.0906213267703,0.0250000003725,0
2018-05-27 18:28:11.348,138.5,0.0806434671136,0.0250000003725,0
2018-05-27 18:28:11.525,136.67,0.0806434671136,0.0,0
2018-05-27 18:28:11.618,136.33,0.0806434671136,0.0,0
2018-05-27 18:28:11.897,135.13,0.0806434671136,0.0,0
2018-05-27 18:28:12.059,134.64,0.0906213267703,0.0,0
2018-05-27 18:28:12.329,131.36,0.101339266172,0.0,0
2018-05-27 18:28:12.506,129.6,0.101339266172,0.0,0
2018-05-27 18:28:12.674,128.14,0.112810386877,0.0,0
2018-05-27 18:28:12.767,127.67,0.112810386877,0.0,0
2018-05-27 18:28:13.014,126.51,0.12504656064,0.0,0
2018-05-27 18:28:13.096,126.64,0.138058545864,0.0,0
2018-05-27 18:28:13.283,124.62,0.138058545864,0.0,0
2018-05-27 18:28:13.376,124.13,0.138058545864,0.0,0
2018-05-27 18:28:13.460,124.07,0.138058545864,0.0,0
2018-05-27 18:28:13.553,123.62,0.138058545864,0.0,0
2018-05-27 18:28:13.646,124.03,0.138058545864,0.0,0
2018-05-27 18:28:13.823,123.25,0.138058545864,0.0,0
2018-05-27 18:28:13.916,123.04,0.138058545864,0.0,0
2018-05-27 18:28:14.078,121.69,0.138058545864,0.0,0
2018-05-27 18:28:14.171,122.19,0.12504656064,0.0250000003725,0
2018-05-27 18:28:14.264,121.49,0.112810386877,0.0250000003725,0
2018-05-27 18:28:14.348,121.18,0.112810386877,0.0,0
2018-05-27 18:28:14.534,119.55,0.101339266172,0.0250000003725,0
2018-05-27 18:28:14.622,119.74,0.101339266172,0.0,0
2018-05-27 18:28:14.702,119.33,0.101339266172,0.0,0
2018-05-27 18:28:14.795,118.76,0.101339266172,0.0,0
2018-05-27 18:28:14.888,119.06,0.101339266172,0.0,0
2018-05-27 18:28:15.041,117.6,0.101339266172,0.0,0
2018-05-27 18:28:15.134,117.93,0.101339266172,0.0,0
2018-05-27 18:28:15.301,116.97,0.112810386877,0.0,0
2018-05-27 18:28:15.396,117.03,0.12504656064,0.0,0
2018-05-27 18:28:15.581,116.09,0.12504656064,0.0,0
2018-05-27 18:28:15.665,114.86,0.138058545864,0.0,0
2018-05-27 18:28:15.758,115.18,0.138058545864,0.0,0
2018-05-27 18:28:15.851,114.23,0.138058545864,0.0,0
2018-05-27 18:28:16.013,114.54,0.12504656064,0.0250000003725,0
2018-05-27 18:28:16.199,113.64,0.112810386877,0.0250000003725,0
2018-05-27 18:28:16.283,113.14,0.112810386877,0.0,0
2018-05-27 18:28:16.553,112.34,0.112810386877,0.0,0
2018-05-27 18:28:16.926,111.02,0.112810386877,0.0,0
2018-05-27 18:28:17.088,111.15,0.112810386877,0.0,0
2018-05-27 18:28:17.274,110.14,0.112810386877,0.0,0
2018-05-27 18:28:17.358,109.99,0.112810386877,0.0,0
2018-05-27 18:28:17.544,109.07,0.112810386877,0.0,0
2018-05-27 18:28:17.638,109.4,0.112810386877,0.0,0
2018-05-27 18:28:18.069,110.78,0.12504656064,0.0,0
2018-05-27 18:28:18.162,110.33,0.138058545864,0.0,0
2018-05-27 18:28:18.255,111.76,0.138058545864,0.0,0
2018-05-27 18:28:18.339,112.39,0.138058545864,0.0,0
2018-05-27 18:28:18.432,111.98,0.138058545864,0.0,0
2018-05-27 18:28:18.516,112.11,0.138058545864,0.0,0
2018-05-27 18:28:18.609,113.56,0.138058545864,0.0,0
2018-05-27 18:28:18.702,113.5,0.138058545864,0.0,0
2018-05-27 18:28:18.795,114.37,0.138058545864,0.0,0
2018-05-27 18:28:19.581,117.28,0.138058545864,0.0,0
2018-05-27 18:28:19.675,118.55,0.138058545864,0.0,0
2018-05-27 18:28:20.116,120.84,0.138058545864,0.0,0
2018-05-27 18:28:20.209,121.02,0.138058545864,0.0,0
2018-05-27 18:28:20.572,124.55,0.138058545864,0.0,0
2018-05-27 18:28:20.666,124.67,0.138058545864,0.0,0
2018-05-27 18:28:20.758,125.13,0.138058545864,0.0,0
2018-05-27 18:28:21.200,127.79,0.138058545864,0.0,0
2018-05-27 18:28:21.656,131.81,0.138058545864,0.0,0
2018-05-27 18:28:22.451,135.28,0.138058545864,0.0,0
2018-05-27 18:28:22.544,135.6,0.138058545864,0.0,0
2018-05-27 18:28:22.637,135.05,0.138058545864,0.0,0
2018-05-27 18:28:22.917,134.02,0.138058545864,0.0,0
2018-05-27 18:28:23.172,133.16,0.138058545864,0.0,0
2018-05-27 18:28:23.265,132.34,0.138058545864,0.0,0
2018-05-27 18:28:23.442,131.66,0.138058545864,0.0,0
2018-05-27 18:28:23.628,131.13,0.138058545864,0.0,0
2018-05-27 18:28:23.908,129.7,0.138058545864,0.0,0
2018-05-27 18:28:24.153,130.93,0.138058545864,0.0,0
2018-05-27 18:28:24.517,134.08,0.138058545864,0.0,0
2018-05-27 18:28:24.698,134.66,0.138058545864,0.0,0
2018-05-27 18:28:24.787,135.67,0.138058545864,0.0,0
2018-05-27 18:28:24.871,137.46,0.138058545864,0.0,0
2018-05-27 18:28:25.209,139.74,0.138058545864,0.0,0
2018-05-27 18:28:25.293,140.37,0.138058545864,0.0,0
2018-05-27 18:28:25.386,141.67,0.138058545864,0.0,0
2018-05-27 18:28:25.573,144.0,0.138058545864,0.0,0
2018-05-27 18:28:25.759,146.5,0.138058545864,0.0,0
2018-05-27 18:28:25.852,148.12,0.138058545864,0.0,0
2018-05-27 18:28:26.107,149.08,0.138058545864,0.0,0
2018-05-27 18:28:26.200,149.06,0.138058545864,0.0,0
2018-05-27 18:28:26.284,150.62,0.138058545864,0.0,0
2018-05-27 18:28:26.470,153.34,0.138058545864,0.0,0
2018-05-27 18:28:26.563,153.22,0.138058545864,0.0,0
2018-05-27 18:28:26.657,154.06,0.138058545864,0.0,0
2018-05-27 18:28:26.750,155.65,0.112810386877,0.0500000007451,0
2018-05-27 18:28:26.843,155.45,0.0906213267703,0.0500000007451,0
2018-05-27 18:28:27.005,157.21,0.0628486817362,0.0750000029802,0
2018-05-27 18:28:27.098,157.02,0.0412947200945,0.0750000029802,0
2018-05-27 18:28:27.368,160.04,0.0412947241646,0.10000000149,0
2018-05-27 18:28:27.461,159.63,0.0628486871082,0.0750000029802,0
2018-05-27 18:28:27.554,161.28,0.112810392882,0.125,0
2018-05-27 18:28:27.647,161.11,0.181842469133,0.125,0
2018-05-27 18:28:27.740,162.1,0.2329101067,0.0750000029802,0
2018-05-27 18:28:27.834,162.19,0.312609638895,0.10000000149,0
2018-05-27 18:28:27.927,163.4,0.357516751489,0.10000000149,0
2018-05-27 18:28:28.089,162.97,0.357516751489,0.0500000007451,0
2018-05-27 18:28:28.275,164.16,0.334638582327,0.0500000007451,0
2018-05-27 18:28:28.359,165.95,0.381247401227,0.125,0
2018-05-27 18:28:28.918,165.11,0.381247401227,0.10000000149,0
2018-05-27 18:28:29.267,165.21,0.357516744544,0.0500000007451,0
2018-05-27 18:28:29.443,162.48,0.291426360185,0.0500000007451,0
2018-05-27 18:28:29.629,161.17,0.251581008732,0.0750000029802,0
2018-05-27 18:28:29.722,161.4,0.251581008732,0.0750000029802,0
2018-05-27 18:28:29.908,160.66,0.2329101067,0.0750000029802,0
2018-05-27 18:28:30.163,160.35,0.21506714899,0.0750000029802,0
2018-05-27 18:28:30.257,159.15,0.251581011576,0.10000000149,0
2018-05-27 18:28:30.526,160.93,0.334638589019,0.15000000596,0
2018-05-27 18:28:30.713,161.58,0.357516761907,0.15000000596,0
2018-05-27 18:28:30.806,162.05,0.405833569751,0.15000000596,0
2018-05-27 18:28:30.899,159.82,0.431277981417,0.0750000029802,0
2018-05-27 18:28:31.154,157.82,0.457583202388,0.0750000029802,0
2018-05-27 18:28:31.331,156.63,0.457583202388,0.0750000029802,0
2018-05-27 18:28:32.117,148.26,0.381247422826,0.0,0
2018-05-27 18:28:32.387,144.66,0.334638597383,0.0250000003725,0
2018-05-27 18:28:32.480,144.19,0.271084904763,0.0,0
2018-05-27 18:28:32.573,144.63,0.198046626708,0.0,0
2018-05-27 18:28:32.666,144.26,0.112810397297,0.0,0
2018-05-27 18:28:33.285,141.17,0.0549982684929,0.0,0
2018-05-27 18:28:34.173,148.88,0.041294719632,0.0,0
2018-05-27 18:28:34.350,149.56,0.0628486811257,0.0,0
2018-05-27 18:28:34.443,152.18,0.0906213259995,0.0,0
2018-05-27 18:28:34.630,152.73,0.12504656064,0.0,0
2018-05-27 18:28:34.806,155.38,0.12504656064,0.0,0
2018-05-27 18:28:34.899,155.4,0.138058545864,0.0,0
2018-05-27 18:28:35.425,160.4,0.138058545864,0.0,0
2018-05-27 18:28:36.117,164.28,0.12504656064,0.0250000003725,0
2018-05-27 18:28:36.204,165.45,0.0906213259995,0.0750000029802,0
2018-05-27 18:28:36.290,166.37,0.041294719632,0.15000000596,0
2018-05-27 18:28:36.471,168.02,0.0549982684929,0.15000000596,0
2018-05-27 18:28:36.565,167.48,0.0713912384058,0.0500000007451,0
2018-05-27 18:28:36.751,170.21,0.0906213343243,0.0500000007451,0
2018-05-27 18:28:36.844,170.03,0.101339274272,0.0250000003725,0
2018-05-27 18:28:37.006,170.96,0.138058556649,0.0750000029802,0
2018-05-27 18:28:37.099,172.49,0.457583190436,0.40000000596,0
2018-05-27 18:28:37.173,172.56,0.968398852004,0.40000000596,0
2018-05-27 18:28:37.285,172.35,0.299999996735,0.40000000596,0
2018-05-27 18:28:37.369,172.91,0.299999996735,0.40000000596,0
2018-05-27 18:28:37.648,174.99,0.299999996735,0.0250000003725,0
2018-05-27 18:28:37.835,175.7,0.299999996735,0.0250000003725,0
2018-05-27 18:28:38.089,177.76,0.299999996735,0.15000000596,0
2018-05-27 18:28:38.183,179.02,0.299999996735,0.0,0
2018-05-27 18:28:38.276,179.7,0.299999996735,0.125,0
2018-05-27 18:28:38.360,179.03,0.299999996735,0.125,0
2018-05-27 18:28:38.546,182.01,0.299999996735,0.0750000029802,0
2018-05-27 18:28:38.732,183.74,0.299999996735,0.0,0
2018-05-27 18:28:38.825,184.68,0.431277962139,0.0500000007451,0
2018-05-27 18:28:38.919,185.9,0.138058551656,0.0250000003725,0
2018-05-27 18:28:39.166,184.43,0.125046566095,0.0,0
2018-05-27 18:28:39.257,184.56,0.112810391999,0.0,0
2018-05-27 18:28:39.537,186.88,0.0549982651354,0.0,0
2018-05-27 18:28:39.630,187.33,0.0713912344296,0.0500000007451,0
2018-05-27 18:28:39.816,189.32,0.0478206718064,0.0500000007451,0
2018-05-27 18:28:40.164,190.77,0.0353972475766,0.0250000003725,0
2018-05-27 18:28:40.341,192.08,0.0412947210195,0.0500000007451,0
2018-05-27 18:28:40.621,192.67,0.0301030005602,0.0500000007451,0
2018-05-27 18:28:40.807,194.03,0.0353972479932,0.0250000003725,0
2018-05-27 18:28:40.900,195.2,0.0353972479932,0.0250000003725,0
2018-05-27 18:28:41.141,194.81,0.0301030005602,0.0250000003725,0
2018-05-27 18:28:41.248,195.88,0.0353972499929,0.0250000003725,0
2018-05-27 18:28:41.332,196.26,0.0412947232396,0.0250000003725,0
2018-05-27 18:28:41.518,198.03,0.0353972499929,0.0250000003725,0
2018-05-27 18:28:41.611,197.36,0.0301030005602,0.0250000003725,0
2018-05-27 18:28:41.704,198.99,0.0301030005602,0.0250000003725,0
2018-05-27 18:28:41.798,199.12,0.0353972479932,0.0250000003725,0
2018-05-27 18:28:41.886,199.46,0.0412947210195,0.0250000003725,0
2018-05-27 18:28:42.043,201.11,0.0412947210195,0.0250000003725,0
2018-05-27 18:28:42.127,200.82,0.0412947210195,0.0250000003725,0
2018-05-27 18:28:42.220,200.99,0.0412947210195,0.0250000003725,0
2018-05-27 18:28:42.304,202.72,0.0478206693574,0.0,0
2018-05-27 18:28:42.388,203.43,0.054998263009,0.0,0
2018-05-27 18:28:42.481,203.36,0.0628486823466,0.0,0
2018-05-27 18:28:42.574,204.78,0.0713912319113,0.0,0
2018-05-27 18:28:42.668,204.21,0.0806434671136,0.0,0
2018-05-27 18:28:42.751,204.56,0.0906213267703,0.0,0
2018-05-27 18:28:43.006,206.89,0.101339266172,0.0,0
2018-05-27 18:28:43.192,207.61,0.112810386877,0.0,0
2018-05-27 18:28:43.285,207.32,0.12504656064,0.0,0
2018-05-27 18:28:43.379,209.16,0.138058545864,0.0,0
2018-05-27 18:28:43.463,209.18,0.138058545864,0.0,0
2018-05-27 18:28:43.556,208.16,0.138058545864,0.0,0
2018-05-27 18:28:43.733,210.72,0.138058545864,0.0,0
2018-05-27 18:28:43.919,210.54,0.138058545864,0.0,0
2018-05-27 18:28:44.081,211.76,0.138058545864,0.0,0
2018-05-27 18:28:44.267,213.01,0.138058545864,0.0,0
2018-05-27 18:28:44.435,212.81,0.138058545864,0.0,0
2018-05-27 18:28:44.528,213.74,0.138058545864,0.0,0
2018-05-27 18:28:44.621,213.85,0.138058545864,0.0,0
2018-05-27 18:28:44.714,215.25,0.138058545864,0.0,0
2018-05-27 18:28:44.900,214.67,0.138058545864,0.0,0
2018-05-27 18:28:45.062,216.46,0.138058545864,0.0,0
2018-05-27 18:28:45.155,215.43,0.138058545864,0.0,0
2018-05-27 18:28:45.248,215.9,0.138058545864,0.0,0
2018-05-27 18:28:45.333,216.91,0.138058545864,0.0,0
2018-05-27 18:28:45.425,217.36,0.138058545864,0.0,0
2018-05-27 18:28:45.509,217.42,0.138058545864,0.0,0
2018-05-27 18:28:45.593,217.15,0.138058545864,0.0,0
2018-05-27 18:28:45.863,217.18,0.138058545864,0.0,0
2018-05-27 18:28:46.025,218.15,0.138058545864,0.0,0
2018-05-27 18:28:46.118,218.91,0.138058545864,0.0,0
2018-05-27 18:28:46.295,219.29,0.138058545864,0.0,0
2018-05-27 18:28:46.388,218.65,0.138058545864,0.0,0
2018-05-27 18:28:46.472,219.35,0.138058545864,0.0,0
2018-05-27 18:28:46.565,219.13,0.138058545864,0.0,0
2018-05-27 18:28:46.658,219.81,0.138058545864,0.0,0
2018-05-27 18:28:46.844,220.13,0.138058545864,0.0,0
2018-05-27 18:28:47.006,219.66,0.138058545864,0.0,0
2018-05-27 18:28:47.360,219.69,0.138058545864,0.0,0
2018-05-27 18:28:47.453,220.38,0.138058545864,0.0,0
2018-05-27 18:28:47.546,222.14,0.138058545864,0.0,0
2018-05-27 18:28:47.919,221.94,0.138058545864,0.0,0
2018-05-27 18:28:48.082,223.34,0.138058545864,0.0,0
2018-05-27 18:28:48.165,221.77,0.138058545864,0.0,0
2018-05-27 18:28:48.258,222.55,0.138058545864,0.0,0
2018-05-27 18:28:48.351,223.68,0.138058545864,0.0,0
2018-05-27 18:28:48.435,221.97,0.138058545864,0.0,0
2018-05-27 18:28:48.528,222.88,0.138058545864,0.0,0
2018-05-27 18:28:48.621,223.67,0.138058545864,0.0,0
2018-05-27 18:28:48.714,222.09,0.138058545864,0.0,0
2018-05-27 18:28:48.807,219.79,0.138058545864,0.0,0
2018-05-27 18:28:49.239,210.57,0.138058545864,0.0,0
2018-05-27 18:28:49.332,207.7,0.138058545864,0.0,0
2018-05-27 18:28:49.425,205.79,0.138058545864,0.0,0
2018-05-27 18:28:49.612,200.45,0.138058545864,0.0,0
2018-05-27 18:28:49.705,199.51,0.138058545864,0.0,0
2018-05-27 18:28:49.793,196.04,0.138058545864,0.0,0
2018-05-27 18:28:49.882,195.46,0.138058545864,0.0,0
2018-05-27 18:28:50.127,192.54,0.112810386877,0.0500000007451,0
2018-05-27 18:28:50.211,189.53,0.101339266172,0.0250000003725,0
2018-05-27 18:28:50.304,187.26,0.0806434671136,0.0500000007451,0
2018-05-27 18:28:50.575,185.17,0.0713912319113,0.0250000003725,0
2018-05-27 18:28:50.751,184.24,0.0628486823466,0.0250000003725,0
2018-05-27 18:28:50.845,182.97,0.054998263009,0.0250000003725,0
2018-05-27 18:28:51.286,179.82,0.0353972475766,0.0750000029802,0
2018-05-27 18:28:51.463,180.56,0.0412947241646,0.0750000029802,0
2018-05-27 18:28:51.547,179.1,0.0549982668142,0.0500000007451,0
2018-05-27 18:28:51.919,178.42,0.0628486864977,0.0250000003725,0
2018-05-27 18:28:52.174,177.15,0.0549982668142,0.0250000003725,0
2018-05-27 18:28:52.267,176.24,0.0549982668142,0.0250000003725,0
2018-05-27 18:28:52.537,176.61,0.0906213335535,0.15000000596,0
2018-05-27 18:28:52.817,177.79,0.166448063683,0.17499999702,0
2018-05-27 18:28:53.072,176.19,0.215067146393,0.10000000149,0
2018-05-27 18:28:53.258,177.33,0.215067146393,0.0250000003725,0
2018-05-27 18:28:53.342,175.95,0.181842467956,0.0250000003725,0
2018-05-27 18:28:53.435,175.95,0.138058549659,0.0,0
2018-05-27 18:28:53.528,176.4,0.112810390233,0.0,0
2018-05-27 18:28:53.714,177.17,0.101339269313,0.0,0
2018-05-27 18:28:53.808,177.28,0.0906213296994,0.0,0
2018-05-27 18:28:54.062,177.9,0.0806434698351,0.0,0
2018-05-27 18:28:54.156,178.93,0.0353972487431,0.0,0
2018-05-27 18:28:54.250,181.01,0.0713912319113,0.0,0
2018-05-27 18:28:54.334,178.83,0.112810386877,0.0,0
2018-05-27 18:28:54.426,180.21,0.0628486811257,0.15000000596,0
2018-05-27 18:28:54.519,181.0,0.0301030020508,0.15000000596,0
2018-05-27 18:28:54.705,182.05,0.0713912390684,0.15000000596,0
2018-05-27 18:28:54.798,182.78,0.125046569857,0.125,0
2018-05-27 18:28:54.887,183.16,0.215067154185,0.15000000596,0
2018-05-27 18:28:55.044,183.32,0.33463859571,0.15000000596,0
2018-05-27 18:28:55.128,183.38,0.484751568056,0.15000000596,0
2018-05-27 18:28:55.212,184.93,0.571455652444,0.0750000029802,0
2018-05-27 18:28:55.305,185.07,0.299999996735,0.0750000029802,0
2018-05-27 18:28:55.389,185.1,0.299999996735,0.0500000007451,0
2018-05-27 18:28:55.482,185.68,0.299999996735,0.0500000007451,0
2018-05-27 18:28:55.575,185.95,0.484751563943,0.0500000007451,0
2018-05-27 18:28:55.668,185.99,0.381247415626,0.0500000007451,0
2018-05-27 18:28:55.761,186.73,0.291426374107,0.0250000003725,0
2018-05-27 18:28:55.854,186.95,0.232910113501,0.0750000029802,0
2018-05-27 18:28:56.016,187.55,0.181842475018,0.0750000029802,0
2018-05-27 18:28:56.193,188.42,0.138058555651,0.0750000029802,0
2018-05-27 18:28:56.379,189.63,0.125046568916,0.0500000007451,0
2018-05-27 18:28:56.556,189.84,0.112810393765,0.0500000007451,0
2018-05-27 18:28:56.649,191.07,0.112810393765,0.0500000007451,0
2018-05-27 18:28:56.742,191.59,0.101339272619,0.0250000003725,0
2018-05-27 18:28:56.836,192.45,0.0906213327827,0.0250000003725,0
2018-05-27 18:28:56.920,192.22,0.0806434726999,0.0250000003725,0
2018-05-27 18:28:57.081,192.75,0.0806434726999,0.0250000003725,0
2018-05-27 18:28:57.268,194.49,0.0628486864977,0.0250000003725,0
2018-05-27 18:28:57.538,191.26,0.0478206723167,0.0250000003725,0
2018-05-27 18:28:58.249,183.73,0.0301030005602,0.0,0
2018-05-27 18:28:58.426,182.62,0.0412947210195,0.0,0
2018-05-27 18:28:58.519,182.17,0.054998263009,0.0,0
2018-05-27 18:28:59.026,182.74,0.0713912319113,0.0,0
2018-05-27 18:28:59.119,180.86,0.0806434671136,0.0,0
2018-05-27 18:28:59.389,182.21,0.0301030005602,0.20000000298,0
2018-05-27 18:28:59.575,181.08,0.0549982651354,0.125,0
2018-05-27 18:28:59.761,179.52,0.0628486846664,0.0500000007451,0
2018-05-27 18:28:59.854,180.05,0.0713912344296,0.0500000007451,0
2018-05-27 18:29:00.016,180.24,0.0713912344296,0.0250000003725,0
2018-05-27 18:29:00.109,180.59,0.101339270139,0.0750000029802,0
2018-05-27 18:29:00.202,180.94,0.16644806145,0.125,0
2018-05-27 18:29:00.296,181.6,0.291426355544,0.17499999702,0
2018-05-27 18:29:00.380,182.16,0.405833541795,0.125,0
2018-05-27 18:29:00.566,182.62,0.571455618689,0.15000000596,0
2018-05-27 18:29:00.752,183.63,0.457583172508,0.10000000149,0
2018-05-27 18:29:00.846,183.78,0.431277956356,0.10000000149,0
2018-05-27 18:29:01.091,184.42,0.457583176492,0.0750000029802,0
2018-05-27 18:29:01.184,184.25,0.457583176492,0.0500000007451,0
2018-05-27 18:29:01.286,183.43,0.484751543379,0.0500000007451,0
2018-05-27 18:29:01.547,184.34,0.4575831745,0.0500000007451,0
2018-05-27 18:29:01.650,186.09,0.381247401227,0.0500000007451,0
2018-05-27 18:29:01.743,186.49,0.2329101067,0.0,0
2018-05-27 18:29:01.929,187.15,0.151856103913,0.0,0
2018-05-27 18:29:02.184,188.04,0.0806434712675,0.0,0
2018-05-27 18:29:02.277,188.68,0.0478206723167,0.0,0
2018-05-27 18:29:02.454,188.34,0.054998265695,0.125,0
2018-05-27 18:29:02.547,189.44,0.0628486846664,0.10000000149,0
2018-05-27 18:29:02.640,190.04,0.0806434698351,0.10000000149,0
2018-05-27 18:29:02.733,190.49,0.0713912344296,0.0250000003725,0
2018-05-27 18:29:02.827,189.87,0.0628486846664,0.0250000003725,0
2018-05-27 18:29:02.920,190.05,0.0549982651354,0.0250000003725,0
2018-05-27 18:29:03.175,191.03,0.0806434705513,0.0750000029802,0
2018-05-27 18:29:03.268,191.33,0.112810391999,0.0750000029802,0
2018-05-27 18:29:03.631,194.6,0.138058551656,0.0500000007451,0
2018-05-27 18:29:03.724,195.63,0.166448063683,0.0500000007451,0
2018-05-27 18:29:03.817,194.66,0.125046567035,0.0500000007451,0
2018-05-27 18:29:04.072,196.23,0.101339271792,0.0500000007451,0
2018-05-27 18:29:04.165,197.18,0.0713912364177,0.0250000003725,0
2018-05-27 18:29:04.259,196.79,0.0713912364177,0.0250000003725,0
2018-05-27 18:29:04.436,198.1,0.0713912364177,0.0250000003725,0
2018-05-27 18:29:04.529,198.2,0.0713912364177,0.0250000003725,0
2018-05-27 18:29:05.138,201.98,0.0478206723167,0.0,0
2018-05-27 18:29:05.235,203.4,0.0301030005602,0.0,0
2018-05-27 18:29:05.324,202.21,0.0353972479932,0.0250000003725,0
2018-05-27 18:29:05.502,204.15,0.0412947210195,0.0250000003725,0
2018-05-27 18:29:05.752,206.44,0.054998263009,0.0,0
2018-05-27 18:29:06.016,207.33,0.0713912319113,0.0,0
2018-05-27 18:29:06.110,206.02,0.0713912319113,0.0250000003725,0
2018-05-27 18:29:06.197,207.12,0.0713912319113,0.0250000003725,0
2018-05-27 18:29:06.287,208.64,0.0713912319113,0.0250000003725,0
2018-05-27 18:29:06.380,208.3,0.0806434671136,0.0,0
2018-05-27 18:29:06.473,209.98,0.0806434671136,0.0,0
2018-05-27 18:29:06.566,209.03,0.0806434671136,0.0,0
2018-05-27 18:29:06.660,210.31,0.0906213267703,0.0,0
2018-05-27 18:29:06.743,210.4,0.101339266172,0.0,0
2018-05-27 18:29:06.846,211.05,0.101339266172,0.0,0
2018-05-27 18:29:07.007,211.88,0.101339266172,0.0,0
2018-05-27 18:29:07.100,211.77,0.112810386877,0.0,0
2018-05-27 18:29:07.194,213.2,0.12504656064,0.0,0
2018-05-27 18:29:07.287,212.79,0.138058545864,0.0,0
2018-05-27 18:29:07.371,213.8,0.138058545864,0.0,0
2018-05-27 18:29:07.734,216.19,0.138058545864,0.0,0
2018-05-27 18:29:07.827,215.84,0.138058545864,0.0,0
2018-05-27 18:29:07.920,216.74,0.138058545864,0.0,0
2018-05-27 18:29:08.082,216.72,0.138058545864,0.0,0
2018-05-27 18:29:08.268,217.42,0.138058545864,0.0,0
2018-05-27 18:29:08.352,217.54,0.138058545864,0.0,0
2018-05-27 18:29:08.445,218.29,0.138058545864,0.0,0
2018-05-27 18:29:08.538,218.33,0.138058545864,0.0,0
2018-05-27 18:29:08.631,217.62,0.138058545864,0.0,0
2018-05-27 18:29:08.724,218.54,0.138058545864,0.0,0
2018-05-27 18:29:09.073,220.18,0.138058545864,0.0,0
2018-05-27 18:29:09.166,219.82,0.138058545864,0.0,0
2018-05-27 18:29:09.259,222.41,0.138058545864,0.0,0
2018-05-27 18:29:09.343,221.35,0.138058545864,0.0,0
2018-05-27 18:29:09.436,221.6,0.138058545864,0.0,0
2018-05-27 18:29:09.622,224.06,0.138058545864,0.0,0
2018-05-27 18:29:09.715,222.88,0.138058545864,0.0,0
2018-05-27 18:29:09.804,224.72,0.138058545864,0.0,0
2018-05-27 18:29:09.895,224.94,0.138058545864,0.0,0
2018-05-27 18:29:10.057,223.91,0.138058545864,0.0,0
2018-05-27 18:29:10.147,224.47,0.138058545864,0.0,0
2018-05-27 18:29:10.240,224.37,0.138058545864,0.0,0
2018-05-27 18:29:11.049,228.22,0.138058545864,0.0,0
2018-05-27 18:29:11.222,227.84,0.138058545864,0.0,0
2018-05-27 18:29:11.399,228.94,0.138058545864,0.0,0
2018-05-27 18:29:11.678,228.9,0.138058545864,0.0,0
2018-05-27 18:29:12.203,229.06,0.138058545864,0.0,0
2018-05-27 18:29:12.380,227.02,0.138058545864,0.0,0
2018-05-27 18:29:12.473,224.29,0.138058545864,0.0,0
2018-05-27 18:29:12.557,221.22,0.138058545864,0.0,0
2018-05-27 18:29:12.650,219.43,0.138058545864,0.0,0
2018-05-27 18:29:12.743,215.92,0.138058545864,0.0,0
2018-05-27 18:29:13.091,209.7,0.12504656064,0.0250000003725,0
2018-05-27 18:29:13.184,208.6,0.12504656064,0.0,0
2018-05-27 18:29:13.278,205.9,0.12504656064,0.0,0
2018-05-27 18:29:14.352,194.7,0.101339266172,0.0500000007451,0
2018-05-27 18:29:14.538,192.16,0.0806434671136,0.0500000007451,0
2018-05-27 18:29:14.818,192.26,0.0806434671136,0.0,0
2018-05-27 18:29:14.911,192.0,0.0806434671136,0.0,0
2018-05-27 18:29:15.166,190.41,0.0713912319113,0.0250000003725,0
2018-05-27 18:29:15.259,190.01,0.0628486823466,0.0250000003725,0
2018-05-27 18:29:15.343,190.47,0.0628486823466,0.0,0
2018-05-27 18:29:15.529,189.42,0.0713912319113,0.0,0
2018-05-27 18:29:15.622,188.7,0.0628486823466,0.0250000003725,0
2018-05-27 18:29:16.063,188.65,0.054998263009,0.0250000003725,0
2018-05-27 18:29:16.157,187.85,0.0713912319113,0.0,0
2018-05-27 18:29:16.334,188.72,0.0906213267703,0.0,0
2018-05-27 18:29:16.427,189.35,0.0906213267703,0.0,0
2018-05-27 18:29:16.706,189.65,0.0906213267703,0.0,0
2018-05-27 18:29:16.799,190.29,0.101339266172,0.0,0
2018-05-27 18:29:17.129,189.85,0.112810386877,0.0,0
2018-05-27 18:29:17.212,191.6,0.112810386877,0.0,0
2018-05-27 18:29:17.390,191.68,0.112810386877,0.0,0
2018-05-27 18:29:17.483,192.57,0.0906213259995,0.0750000029802,0
2018-05-27 18:29:17.762,192.29,0.0713912305859,0.0750000029802,0
2018-05-27 18:29:17.855,192.51,0.0713912305859,0.0,0
2018-05-27 18:29:18.017,193.71,0.0713912305859,0.0,0
2018-05-27 18:29:18.287,194.24,0.0713912305859,0.0,0
2018-05-27 18:29:18.557,194.7,0.0713912305859,0.0,0
2018-05-27 18:29:18.744,194.43,0.0713912305859,0.0,0
2018-05-27 18:29:19.092,196.24,0.0713912305859,0.0,0
2018-05-27 18:29:19.278,198.63,0.0713912305859,0.0,0
2018-05-27 18:29:19.902,199.73,0.0713912305859,0.0,0
2018-05-27 18:29:20.148,197.96,0.101339265346,0.0,0
2018-05-27 18:29:20.241,198.11,0.138058545864,0.0,0
2018-05-27 18:29:20.623,192.43,0.138058545864,0.0,0
2018-05-27 18:29:20.716,190.73,0.138058545864,0.0,0
2018-05-27 18:29:20.809,190.52,0.138058545864,0.0,0
2018-05-27 18:29:20.903,189.06,0.138058545864,0.0,0
2018-05-27 18:29:21.055,189.09,0.138058545864,0.0,0
2018-05-27 18:29:21.241,188.37,0.138058545864,0.0,0
2018-05-27 18:29:21.800,188.43,0.138058545864,0.0,0
2018-05-27 18:29:21.889,187.6,0.138058545864,0.0,0
2018-05-27 18:29:22.222,188.06,0.138058545864,0.0,0
2018-05-27 18:29:22.306,189.38,0.138058545864,0.0,0
2018-05-27 18:29:22.390,188.68,0.0906213267703,0.10000000149,0
2018-05-27 18:29:22.660,190.07,0.054998263009,0.10000000149,0
2018-05-27 18:29:23.101,190.79,0.054998263009,0.0,0
2018-05-27 18:29:23.930,187.38,0.054998263009,0.0,0
2018-05-27 18:29:24.092,186.83,0.054998263009,0.0,0
2018-05-27 18:29:24.185,185.65,0.054998263009,0.0,0
2018-05-27 18:29:24.362,182.3,0.054998263009,0.0,0
2018-05-27 18:29:24.455,181.25,0.054998263009,0.0,0
2018-05-27 18:29:24.549,180.22,0.054998263009,0.0,0
2018-05-27 18:29:24.642,179.1,0.054998263009,0.0,0
2018-05-27 18:29:24.828,177.65,0.0906213267703,0.0,0
2018-05-27 18:29:24.921,175.95,0.138058545864,0.0,0
2018-05-27 18:29:25.176,172.4,0.0806434678298,0.125,0
2018-05-27 18:29:25.353,169.3,0.0353972495763,0.20000000298,0
2018-05-27 18:29:25.446,168.31,0.125046562333,0.25,0
2018-05-27 18:29:25.632,163.95,0.138058547662,0.0250000003725,0
2018-05-27 18:29:25.726,162.69,0.151856097568,0.0250000003725,0
2018-05-27 18:29:26.074,158.18,0.251581005888,0.15000000596,0
2018-05-27 18:29:26.260,153.7,0.27108488992,0.0250000003725,0
2018-05-27 18:29:26.344,151.85,0.291426360185,0.0250000003725,0
2018-05-27 18:29:26.437,151.28,0.291426360185,0.0,0
2018-05-27 18:29:26.623,149.52,0.291426360185,0.0,0
2018-05-27 18:29:26.716,149.39,0.198046615569,0.0,0
2018-05-27 18:29:26.810,147.66,0.0906213304702,0.0,0
2018-05-27 18:29:26.903,145.23,0.0412947200945,0.0,0
2018-05-27 18:29:27.335,136.38,0.0478206683369,0.0,0
2018-05-27 18:29:27.521,132.81,0.0549982618898,0.0,0
2018-05-27 18:29:27.614,130.49,0.112810386877,0.0,0
2018-05-27 18:29:27.800,125.96,0.12504656064,0.0,0
2018-05-27 18:29:27.889,124.09,0.138058545864,0.0,0
2018-05-27 18:29:28.130,119.43,0.138058545864,0.0,0
2018-05-27 18:29:28.307,116.43,0.138058545864,0.0,0
2018-05-27 18:29:28.400,113.7,0.138058545864,0.0,0
2018-05-27 18:29:28.586,110.66,0.138058545864,0.0,0
2018-05-27 18:29:28.773,107.87,0.138058545864,0.0,0
2018-05-27 18:29:28.866,107.12,0.138058545864,0.0,0
2018-05-27 18:29:29.027,106.07,0.138058545864,0.0,0
2018-05-27 18:29:29.204,104.41,0.138058545864,0.0,0
2018-05-27 18:29:29.298,103.79,0.138058545864,0.0,0
2018-05-27 18:29:29.475,103.74,0.138058545864,0.0,0
2018-05-27 18:29:29.568,103.73,0.138058545864,0.0,0
2018-05-27 18:29:29.661,102.99,0.138058545864,0.0,0
2018-05-27 18:29:29.754,102.98,0.138058545864,0.0,0
2018-05-27 18:29:29.847,103.48,0.138058545864,0.0,0
2018-05-27 18:29:29.931,103.54,0.138058545864,0.0,0
2018-05-27 18:29:30.093,103.62,0.12504656064,0.0250000003725,0
2018-05-27 18:29:30.279,103.95,0.0906213259995,0.0750000029802,0
2018-05-27 18:29:30.456,103.43,0.0806434663974,0.0250000003725,0
2018-05-27 18:29:30.549,103.51,0.0549982618898,0.0750000029802,0
2018-05-27 18:29:30.642,102.91,0.0549982618898,0.0,0
2018-05-27 18:29:30.736,102.57,0.0549982618898,0.0,0
2018-05-27 18:29:30.819,102.42,0.0549982618898,0.0,0
2018-05-27 18:29:30.912,102.27,0.0549982618898,0.0,0
2018-05-27 18:29:31.075,103.17,0.0549982618898,0.0,0
2018-05-27 18:29:31.167,103.31,0.0549982618898,0.0,0
2018-05-27 18:29:31.344,103.09,0.0628486811257,0.0,0
2018-05-27 18:29:31.531,104.12,0.0906213259995,0.0,0
2018-05-27 18:29:31.624,104.34,0.101339265346,0.0,0
2018-05-27 18:29:31.801,104.13,0.138058545864,0.0,0
2018-05-27 18:29:31.889,104.32,0.138058545864,0.0,0
2018-05-27 18:29:32.046,105.2,0.138058545864,0.0,0
2018-05-27 18:29:32.130,105.43,0.138058545864,0.0,0
2018-05-27 18:29:32.223,106.66,0.138058545864,0.0,0
2018-05-27 18:29:32.307,107.1,0.138058545864,0.0,0
2018-05-27 18:29:32.391,107.78,0.138058545864,0.0,0
2018-05-27 18:29:32.484,107.77,0.138058545864,0.0,0
2018-05-27 18:29:32.577,108.42,0.138058545864,0.0,0
2018-05-27 18:29:32.670,109.78,0.138058545864,0.0,0
2018-05-27 18:29:32.857,110.86,0.138058545864,0.0,0
2018-05-27 18:29:33.019,111.3,0.138058545864,0.0,0
2018-05-27 18:29:33.112,111.22,0.138058545864,0.0,0
2018-05-27 18:29:33.205,113.42,0.138058545864,0.0,0
2018-05-27 18:29:33.382,114.1,0.138058545864,0.0,0
2018-05-27 18:29:33.475,114.92,0.138058545864,0.0,0
2018-05-27 18:29:33.568,115.93,0.12504656064,0.0250000003725,0
2018-05-27 18:29:33.661,116.69,0.12504656064,0.0,0
2018-05-27 18:29:33.754,118.48,0.12504656064,0.0,0
2018-05-27 18:29:33.848,118.12,0.12504656064,0.0,0
2018-05-27 18:29:34.009,120.0,0.12504656064,0.0,0
2018-05-27 18:29:34.102,120.32,0.12504656064,0.0,0
2018-05-27 18:29:34.196,121.94,0.12504656064,0.0,0
2018-05-27 18:29:34.289,122.08,0.12504656064,0.0,0
2018-05-27 18:29:34.373,123.47,0.12504656064,0.0,0
2018-05-27 18:29:34.466,124.61,0.12504656064,0.0,0
2018-05-27 18:29:34.652,126.04,0.138058545864,0.0,0
2018-05-27 18:29:34.745,126.72,0.138058545864,0.0,0
2018-05-27 18:29:35.000,127.8,0.138058545864,0.0,0
2018-05-27 18:29:35.186,129.99,0.138058545864,0.0,0
2018-05-27 18:29:35.280,131.04,0.138058545864,0.0,0
2018-05-27 18:29:35.345,130.84,0.138058545864,0.0,0
2018-05-27 18:29:35.457,131.69,0.138058545864,0.0,0
2018-05-27 18:29:35.550,131.47,0.138058545864,0.0,0
2018-05-27 18:29:35.643,130.75,0.138058545864,0.0,0
2018-05-27 18:29:35.736,129.23,0.138058545864,0.0,0
2018-05-27 18:29:36.085,129.68,0.138058545864,0.0,0
2018-05-27 18:29:36.168,128.72,0.138058545864,0.0,0
2018-05-27 18:29:36.438,129.03,0.138058545864,0.0,0
2018-05-27 18:29:36.532,129.96,0.138058545864,0.0,0
2018-05-27 18:29:36.624,130.53,0.138058545864,0.0,0
2018-05-27 18:29:36.811,132.41,0.138058545864,0.0,0
2018-05-27 18:29:37.066,131.11,0.138058545864,0.0,0
2018-05-27 18:29:37.252,129.87,0.138058545864,0.0,0
2018-05-27 18:29:37.336,130.32,0.138058545864,0.0,0
2018-05-27 18:29:37.522,128.91,0.138058545864,0.0,0
2018-05-27 18:29:37.894,125.55,0.138058545864,0.0,0
2018-05-27 18:29:38.056,125.14,0.138058545864,0.0,0
2018-05-27 18:29:38.149,124.3,0.138058545864,0.0,0
2018-05-27 18:29:38.243,123.25,0.138058545864,0.0,0
2018-05-27 18:29:38.336,122.32,0.138058545864,0.0,0
2018-05-27 18:29:38.503,121.18,0.138058545864,0.0,0
2018-05-27 18:29:38.587,120.6,0.138058545864,0.0,0
2018-05-27 18:29:38.680,120.18,0.138058545864,0.0,0
2018-05-27 18:29:38.774,119.56,0.138058545864,0.0,0
2018-05-27 18:29:38.867,119.1,0.138058545864,0.0,0
2018-05-27 18:29:39.028,118.18,0.138058545864,0.0,0
2018-05-27 18:29:39.205,116.84,0.138058545864,0.0,0
2018-05-27 18:29:39.299,117.04,0.138058545864,0.0,0
2018-05-27 18:29:39.382,117.2,0.138058545864,0.0,0
2018-05-27 18:29:39.569,116.18,0.138058545864,0.0,0
2018-05-27 18:29:39.755,115.55,0.138058545864,0.0,0
2018-05-27 18:29:39.848,114.34,0.138058545864,0.0,0
2018-05-27 18:29:40.010,114.99,0.138058545864,0.0,0
2018-05-27 18:29:40.187,114.45,0.138058545864,0.0,0
2018-05-27 18:29:40.280,113.29,0.138058545864,0.0,0
2018-05-27 18:29:40.364,113.09,0.138058545864,0.0,0
2018-05-27 18:29:40.457,113.53,0.138058545864,0.0,0
2018-05-27 18:29:40.550,112.19,0.138058545864,0.0,0
2018-05-27 18:29:40.736,112.29,0.138058545864,0.0,0
2018-05-27 18:29:40.830,111.32,0.138058545864,0.0,0
2018-05-27 18:29:41.075,111.39,0.138058545864,0.0,0
2018-05-27 18:29:41.168,110.58,0.138058545864,0.0,0
2018-05-27 18:29:41.448,109.78,0.138058545864,0.0,0
2018-05-27 18:29:41.541,109.98,0.138058545864,0.0,0
2018-05-27 18:29:41.727,109.35,0.138058545864,0.0,0
2018-05-27 18:29:41.820,108.8,0.138058545864,0.0,0
2018-05-27 18:29:42.159,107.83,0.138058545864,0.0,0
2018-05-27 18:29:42.252,107.44,0.138058545864,0.0,0
2018-05-27 18:29:42.336,106.21,0.138058545864,0.0,0
2018-05-27 18:29:42.429,106.04,0.138058545864,0.0,0
2018-05-27 18:29:42.522,106.49,0.138058545864,0.0,0
2018-05-27 18:29:42.616,105.99,0.138058545864,0.0,0
2018-05-27 18:29:42.797,104.98,0.138058545864,0.0,0
2018-05-27 18:29:42.886,105.52,0.138058545864,0.0,0
2018-05-27 18:29:43.038,105.23,0.138058545864,0.0,0
2018-05-27 18:29:43.299,105.21,0.138058545864,0.0,0
2018-05-27 18:29:43.392,105.34,0.138058545864,0.0,0
2018-05-27 18:29:43.578,105.36,0.138058545864,0.0,0
2018-05-27 18:29:43.765,105.28,0.138058545864,0.0,0
2018-05-27 18:29:43.850,105.95,0.138058545864,0.0,0
2018-05-27 18:29:44.094,106.58,0.138058545864,0.0,0
2018-05-27 18:29:44.187,106.94,0.138058545864,0.0,0
2018-05-27 18:29:44.374,107.54,0.138058545864,0.0,0
2018-05-27 18:29:44.634,107.33,0.138058545864,0.0,0
2018-05-27 18:29:44.727,107.85,0.138058545864,0.0,0
2018-05-27 18:29:45.076,108.34,0.138058545864,0.0,0
2018-05-27 18:29:45.169,110.32,0.138058545864,0.0,0
2018-05-27 18:29:45.890,111.48,0.138058545864,0.0,0
2018-05-27 18:29:46.225,112.38,0.138058545864,0.0,0
2018-05-27 18:29:46.495,113.57,0.138058545864,0.0,0
2018-05-27 18:29:46.681,113.74,0.138058545864,0.0,0
2018-05-27 18:29:46.867,114.47,0.138058545864,0.0,0
2018-05-27 18:29:47.029,114.71,0.138058545864,0.0,0
2018-05-27 18:29:47.309,114.59,0.138058545864,0.0,0
2018-05-27 18:29:47.392,115.52,0.138058545864,0.0,0
2018-05-27 18:29:47.486,115.97,0.138058545864,0.0,0
2018-05-27 18:29:47.579,115.45,0.138058545864,0.0,0
2018-05-27 18:29:47.765,115.8,0.138058545864,0.0,0
2018-05-27 18:29:47.858,117.18,0.138058545864,0.0,0
2018-05-27 18:29:48.020,116.46,0.138058545864,0.0,0
2018-05-27 18:29:48.113,117.17,0.138058545864,0.0,0
2018-05-27 18:29:48.206,116.44,0.138058545864,0.0,0
2018-05-27 18:29:48.383,116.92,0.138058545864,0.0,0
2018-05-27 18:29:48.476,117.41,0.138058545864,0.0,0
2018-05-27 18:29:48.570,116.95,0.138058545864,0.0,0
2018-05-27 18:29:48.663,117.27,0.138058545864,0.0,0
2018-05-27 18:29:48.756,116.86,0.138058545864,0.0,0
2018-05-27 18:29:48.849,117.99,0.138058545864,0.0,0
2018-05-27 18:29:49.104,117.81,0.138058545864,0.0,0
2018-05-27 18:29:49.374,117.29,0.138058545864,0.0,0
2018-05-27 18:29:49.467,118.05,0.138058545864,0.0,0
2018-05-27 18:29:49.747,117.46,0.138058545864,0.0,0
2018-05-27 18:29:49.840,118.45,0.138058545864,0.0,0
2018-05-27 18:29:50.001,118.27,0.138058545864,0.0,0
2018-05-27 18:29:50.095,118.07,0.138058545864,0.0,0
2018-05-27 18:29:50.188,118.7,0.138058545864,0.0,0
2018-05-27 18:29:50.365,118.92,0.138058545864,0.0,0
2018-05-27 18:29:50.458,118.9,0.138058545864,0.0,0
2018-05-27 18:29:50.644,119.25,0.138058545864,0.0,0
2018-05-27 18:29:50.737,120.02,0.138058545864,0.0,0
2018-05-27 18:29:50.830,119.45,0.138058545864,0.0,0
2018-05-27 18:29:50.924,120.31,0.138058545864,0.0,0
2018-05-27 18:29:51.080,119.96,0.138058545864,0.0,0
2018-05-27 18:29:51.179,120.47,0.138058545864,0.0,0
2018-05-27 18:29:51.359,119.98,0.138058545864,0.0,0
2018-05-27 18:29:51.635,121.42,0.138058545864,0.0,0
2018-05-27 18:29:51.728,121.02,0.138058545864,0.0,0
2018-05-27 18:29:51.821,121.49,0.138058545864,0.0,0
2018-05-27 18:29:51.915,121.85,0.138058545864,0.0,0
2018-05-27 18:29:52.067,121.57,0.138058545864,0.0,0
2018-05-27 18:29:52.160,122.12,0.138058545864,0.0,0
2018-05-27 18:29:52.253,121.36,0.138058545864,0.0,0
2018-05-27 18:29:52.337,122.33,0.138058545864,0.0,0
2018-05-27 18:29:52.430,121.32,0.138058545864,0.0,0
2018-05-27 18:29:52.616,122.41,0.138058545864,0.0,0
2018-05-27 18:29:52.803,122.55,0.138058545864,0.0,0
2018-05-27 18:29:52.891,122.25,0.138058545864,0.0,0
2018-05-27 18:29:53.048,122.51,0.138058545864,0.0,0
2018-05-27 18:29:53.132,122.32,0.138058545864,0.0,0
2018-05-27 18:29:53.226,123.12,0.138058545864,0.0,0
2018-05-27 18:29:53.309,122.17,0.138058545864,0.0,0
2018-05-27 18:29:53.402,122.46,0.138058545864,0.0,0
2018-05-27 18:29:53.496,123.42,0.138058545864,0.0,0
2018-05-27 18:29:53.589,123.22,0.138058545864,0.0,0
2018-05-27 18:29:53.672,123.51,0.138058545864,0.0,0
2018-05-27 18:29:53.766,123.13,0.138058545864,0.0,0
2018-05-27 18:29:53.859,123.06,0.138058545864,0.0,0
2018-05-27 18:29:54.021,124.04,0.138058545864,0.0,0
2018-05-27 18:29:54.114,123.11,0.138058545864,0.0,0
2018-05-27 18:29:54.207,123.97,0.138058545864,0.0,0
2018-05-27 18:29:54.477,125.6,0.138058545864,0.0,0
2018-05-27 18:29:54.561,125.31,0.138058545864,0.0,0
2018-05-27 18:29:54.654,125.38,0.138058545864,0.0,0
2018-05-27 18:29:54.747,126.94,0.138058545864,0.0,0
2018-05-27 18:29:55.002,126.55,0.138058545864,0.0,0
2018-05-27 18:29:55.095,127.15,0.138058545864,0.0,0
2018-05-27 18:29:55.282,127.27,0.138058545864,0.0,0
2018-05-27 18:29:55.374,127.62,0.138058545864,0.0,0
2018-05-27 18:29:55.636,128.0,0.138058545864,0.0,0
2018-05-27 18:29:55.822,129.08,0.138058545864,0.0,0
2018-05-27 18:29:56.263,129.75,0.138058545864,0.0,0
2018-05-27 18:29:56.347,129.16,0.138058545864,0.0,0
2018-05-27 18:29:56.440,129.14,0.138058545864,0.0,0
2018-05-27 18:29:56.533,130.39,0.138058545864,0.0,0
2018-05-27 18:29:56.626,129.53,0.138058545864,0.0,0
2018-05-27 18:29:56.891,127.96,0.138058545864,0.0,0
2018-05-27 18:29:57.049,128.52,0.138058545864,0.0,0
2018-05-27 18:29:57.310,127.92,0.138058545864,0.0,0
2018-05-27 18:29:57.393,125.97,0.138058545864,0.0,0
2018-05-27 18:29:57.486,126.55,0.138058545864,0.0,0
2018-05-27 18:29:57.580,127.14,0.138058545864,0.0,0
2018-05-27 18:29:57.673,126.59,0.138058545864,0.0,0
2018-05-27 18:29:57.766,125.3,0.138058545864,0.0,0
2018-05-27 18:29:58.198,124.51,0.138058545864,0.0,0
2018-05-27 18:29:58.561,122.66,0.138058545864,0.0,0
2018-05-27 18:29:58.924,122.71,0.138058545864,0.0,0
2018-05-27 18:29:59.272,122.29,0.138058545864,0.0,0
2018-05-27 18:29:59.363,123.0,0.138058545864,0.0,0
2018-05-27 18:29:59.449,123.4,0.138058545864,0.0,0
2018-05-27 18:29:59.534,122.9,0.138058545864,0.0,0
2018-05-27 18:29:59.626,123.05,0.138058545864,0.0,0
2018-05-27 18:29:59.719,122.99,0.138058545864,0.0,0
2018-05-27 18:30:00.059,123.61,0.138058545864,0.0,0
2018-05-27 18:30:00.333,124.86,0.138058545864,0.0,0
2018-05-27 18:30:00.427,124.85,0.138058545864,0.0,0
2018-05-27 18:30:00.519,124.78,0.138058545864,0.0,0
2018-05-27 18:30:00.617,125.51,0.138058545864,0.0,0
2018-05-27 18:30:00.710,126.25,0.138058545864,0.0,0
2018-05-27 18:30:00.803,126.75,0.138058545864,0.0,0
2018-05-27 18:30:00.892,125.89,0.138058545864,0.0,0
2018-05-27 18:30:01.040,126.21,0.138058545864,0.0,0
2018-05-27 18:30:01.217,127.3,0.138058545864,0.0,0
2018-05-27 18:30:01.394,127.87,0.138058545864,0.0,0
2018-05-27 18:30:01.487,128.3,0.138058545864,0.0,0
2018-05-27 18:30:01.673,128.25,0.138058545864,0.0,0
2018-05-27 18:30:01.766,128.98,0.138058545864,0.0,0
2018-05-27 18:30:01.850,129.12,0.138058545864,0.0,0
2018-05-27 18:30:02.012,129.19,0.138058545864,0.0,0
2018-05-27 18:30:02.105,128.93,0.138058545864,0.0,0
2018-05-27 18:30:02.561,131.78,0.138058545864,0.0,0
2018-05-27 18:30:02.738,131.69,0.138058545864,0.0,0
2018-05-27 18:30:02.831,131.41,0.138058545864,0.0,0
2018-05-27 18:30:03.086,133.27,0.138058545864,0.0,0
2018-05-27 18:30:03.357,133.25,0.138058545864,0.0,0
2018-05-27 18:30:03.450,133.07,0.138058545864,0.0,0
2018-05-27 18:30:03.543,134.33,0.138058545864,0.0,0
2018-05-27 18:30:03.627,134.93,0.138058545864,0.0,0
2018-05-27 18:30:03.720,134.26,0.138058545864,0.0,0
2018-05-27 18:30:03.813,134.79,0.138058545864,0.0,0
2018-05-27 18:30:03.906,135.04,0.138058545864,0.0,0
2018-05-27 18:30:04.161,135.7,0.138058545864,0.0,0
2018-05-27 18:30:04.254,135.3,0.138058545864,0.0,0
2018-05-27 18:30:04.426,136.1,0.138058545864,0.0,0
2018-05-27 18:30:04.515,136.59,0.138058545864,0.0,0
2018-05-27 18:30:04.599,137.35,0.138058545864,0.0,0
2018-05-27 18:30:04.776,137.54,0.138058545864,0.0,0
2018-05-27 18:30:04.869,138.44,0.138058545864,0.0,0
2018-05-27 18:30:05.031,138.48,0.138058545864,0.0,0
2018-05-27 18:30:05.124,137.96,0.138058545864,0.0,0
2018-05-27 18:30:05.218,137.81,0.138058545864,0.0,0
2018-05-27 18:30:05.478,139.23,0.138058545864,0.0,0
2018-05-27 18:30:05.664,139.6,0.138058545864,0.0,0
2018-05-27 18:30:05.757,139.91,0.138058545864,0.0,0
2018-05-27 18:30:06.366,140.17,0.138058545864,0.0,0
2018-05-27 18:30:06.452,139.94,0.138058545864,0.0,0
2018-05-27 18:30:06.543,139.06,0.138058545864,0.0,0
2018-05-27 18:30:06.636,138.68,0.138058545864,0.0,0
2018-05-27 18:30:06.729,138.01,0.138058545864,0.0,0
2018-05-27 18:30:06.831,138.01,0.138058545864,0.0,0
2018-05-27 18:30:06.916,136.92,0.138058545864,0.0,0
2018-05-27 18:30:07.172,136.57,0.138058545864,0.0,0
2018-05-27 18:30:07.264,136.56,0.138058545864,0.0,0
2018-05-27 18:30:07.804,135.3,0.138058545864,0.0,0
2018-05-27 18:30:08.059,135.68,0.138058545864,0.0,0
2018-05-27 18:30:08.152,135.69,0.138058545864,0.0,0
2018-05-27 18:30:08.245,135.17,0.138058545864,0.0,0
2018-05-27 18:30:08.334,134.83,0.138058545864,0.0,0
2018-05-27 18:30:08.422,134.55,0.138058545864,0.0,0
2018-05-27 18:30:08.506,135.61,0.138058545864,0.0,0
2018-05-27 18:30:08.590,133.67,0.138058545864,0.0,0
2018-05-27 18:30:08.683,134.53,0.138058545864,0.0,0
2018-05-27 18:30:08.776,134.17,0.138058545864,0.0,0
2018-05-27 18:30:08.869,133.8,0.138058545864,0.0,0
2018-05-27 18:30:09.031,133.34,0.138058545864,0.0,0
2018-05-27 18:30:09.124,133.88,0.138058545864,0.0,0
2018-05-27 18:30:09.217,133.43,0.138058545864,0.0,0
2018-05-27 18:30:09.310,133.1,0.138058545864,0.0,0
2018-05-27 18:30:09.394,132.05,0.138058545864,0.0,0
2018-05-27 18:30:09.488,130.86,0.138058545864,0.0,0
2018-05-27 18:30:09.571,131.26,0.138058545864,0.0,0
2018-05-27 18:30:09.664,129.72,0.138058545864,0.0,0
2018-05-27 18:30:09.757,130.44,0.138058545864,0.0,0
2018-05-27 18:30:10.012,131.22,0.138058545864,0.0,0
2018-05-27 18:30:10.106,130.73,0.138058545864,0.0,0
2018-05-27 18:30:10.292,130.0,0.138058545864,0.0,0
2018-05-27 18:30:10.469,130.51,0.138058545864,0.0,0
2018-05-27 18:30:10.655,129.87,0.138058545864,0.0,0
2018-05-27 18:30:10.748,129.94,0.138058545864,0.0,0
2018-05-27 18:30:10.841,130.88,0.138058545864,0.0,0
2018-05-27 18:30:11.096,130.63,0.138058545864,0.0,0
2018-05-27 18:30:11.283,130.77,0.138058545864,0.0,0
2018-05-27 18:30:11.348,130.83,0.138058545864,0.0,0
2018-05-27 18:30:11.469,131.34,0.138058545864,0.0,0
2018-05-27 18:30:11.655,129.82,0.138058545864,0.0,0
2018-05-27 18:30:11.748,129.67,0.138058545864,0.0,0
2018-05-27 18:30:12.003,129.06,0.138058545864,0.0,0
2018-05-27 18:30:12.096,128.04,0.138058545864,0.0,0
2018-05-27 18:30:12.283,125.96,0.138058545864,0.0,0
2018-05-27 18:30:12.367,125.76,0.138058545864,0.0,0
2018-05-27 18:30:12.460,124.73,0.138058545864,0.0,0
2018-05-27 18:30:12.553,123.62,0.138058545864,0.0,0
2018-05-27 18:30:12.739,121.57,0.138058545864,0.0,0
2018-05-27 18:30:12.925,119.61,0.138058545864,0.0,0
2018-05-27 18:30:13.087,117.45,0.138058545864,0.0,0
2018-05-27 18:30:13.180,116.75,0.138058545864,0.0,0
2018-05-27 18:30:13.357,114.53,0.138058545864,0.0,0
2018-05-27 18:30:13.450,113.21,0.138058545864,0.0,0
2018-05-27 18:30:13.544,111.55,0.138058545864,0.0,0
2018-05-27 18:30:13.637,110.97,0.138058545864,0.0,0
2018-05-27 18:30:13.916,108.52,0.138058545864,0.0,0
2018-05-27 18:30:14.441,104.6,0.138058545864,0.0,0
2018-05-27 18:30:14.534,103.26,0.138058545864,0.0,0
2018-05-27 18:30:14.627,103.13,0.138058545864,0.0,0
2018-05-27 18:30:14.814,102.87,0.138058545864,0.0,0
2018-05-27 18:30:15.059,102.2,0.138058545864,0.0,0
2018-05-27 18:30:15.721,98.42,0.101339265346,0.0750000029802,0
2018-05-27 18:30:16.246,96.96,0.0713912305859,0.0750000029802,0
2018-05-27 18:30:16.423,96.41,0.0353972495763,0.17499999702,0
2018-05-27 18:30:16.600,96.18,0.0353972495763,0.0,0
2018-05-27 18:30:17.032,95.16,0.0353972495763,0.0,0
2018-05-27 18:30:17.581,93.54,0.0353972495763,0.0,0
2018-05-27 18:30:17.674,93.37,0.0353972495763,0.0,0
2018-05-27 18:30:17.851,92.55,0.0353972495763,0.0,0
2018-05-27 18:30:18.013,91.67,0.0353972495763,0.0,0
2018-05-27 18:30:18.469,92.14,0.0353972495763,0.0,0
2018-05-27 18:30:18.646,92.57,0.0412947219446,0.0,0
2018-05-27 18:30:19.088,93.07,0.062848684178,0.0,0
2018-05-27 18:30:19.274,93.68,0.138058545864,0.0,0
2018-05-27 18:30:19.451,93.82,0.138058545864,0.0,0
2018-05-27 18:30:19.637,94.76,0.138058545864,0.0,0
2018-05-27 18:30:19.730,94.1,0.138058545864,0.0,0
2018-05-27 18:30:19.916,94.84,0.138058545864,0.0,0
2018-05-27 18:30:20.078,95.12,0.138058545864,0.0,0
2018-05-27 18:30:20.171,94.88,0.138058545864,0.0,0
2018-05-27 18:30:20.535,95.3,0.138058545864,0.0,0
2018-05-27 18:30:20.893,97.08,0.138058545864,0.0,0
2018-05-27 18:30:21.041,97.32,0.138058545864,0.0,0
2018-05-27 18:30:21.148,97.42,0.138058545864,0.0,0
2018-05-27 18:30:21.237,97.16,0.138058545864,0.0,0
2018-05-27 18:30:21.321,97.96,0.138058545864,0.0,0
2018-05-27 18:30:21.404,97.28,0.138058545864,0.0,0
2018-05-27 18:30:21.674,98.01,0.138058545864,0.0,0
2018-05-27 18:30:21.768,98.47,0.138058545864,0.0,0
2018-05-27 18:30:21.861,98.91,0.138058545864,0.0,0
2018-05-27 18:30:22.023,99.19,0.138058545864,0.0,0
2018-05-27 18:30:22.116,99.5,0.138058545864,0.0,0
2018-05-27 18:30:22.209,99.93,0.138058545864,0.0,0
2018-05-27 18:30:22.386,100.14,0.138058545864,0.0,0
2018-05-27 18:30:22.563,99.77,0.138058545864,0.0,0
2018-05-27 18:30:22.749,99.74,0.138058545864,0.0,0
2018-05-27 18:30:22.842,100.76,0.138058545864,0.0,0
2018-05-27 18:30:23.004,101.35,0.138058545864,0.0,0
2018-05-27 18:30:23.097,101.55,0.138058545864,0.0,0
2018-05-27 18:30:23.190,101.68,0.138058545864,0.0,0
2018-05-27 18:30:23.283,101.34,0.138058545864,0.0,0
2018-05-27 18:30:23.368,101.72,0.138058545864,0.0,0
2018-05-27 18:30:23.553,102.42,0.138058545864,0.0,0
2018-05-27 18:30:23.647,102.8,0.138058545864,0.0,0
2018-05-27 18:30:23.740,103.02,0.138058545864,0.0,0
2018-05-27 18:30:23.833,102.67,0.138058545864,0.0,0
2018-05-27 18:30:23.926,103.26,0.138058545864,0.0,0
2018-05-27 18:30:24.088,103.77,0.138058545864,0.0,0
2018-05-27 18:30:24.181,102.69,0.12504656064,0.0250000003725,0
2018-05-27 18:30:24.274,103.8,0.112810386877,0.0250000003725,0
2018-05-27 18:30:24.358,103.69,0.112810386877,0.0,0
2018-05-27 18:30:24.451,103.87,0.101339266172,0.0250000003725,0
2018-05-27 18:30:24.544,105.0,0.101339266172,0.0,0
2018-05-27 18:30:24.637,103.61,0.0906213267703,0.0250000003725,0
2018-05-27 18:30:24.731,104.32,0.0906213267703,0.0,0
2018-05-27 18:30:24.917,105.3,0.0906213267703,0.0,0
2018-05-27 18:30:25.172,104.84,0.0906213267703,0.0,0
2018-05-27 18:30:25.349,106.01,0.0906213267703,0.0,0
2018-05-27 18:30:25.721,106.32,0.101339266172,0.0,0
2018-05-27 18:30:26.069,107.8,0.112810386877,0.0,0
2018-05-27 18:30:26.339,108.25,0.112810386877,0.0,0
2018-05-27 18:30:26.433,108.14,0.12504656064,0.0,0
2018-05-27 18:30:26.619,107.78,0.12504656064,0.0,0
2018-05-27 18:30:27.051,109.1,0.138058545864,0.0,0
2018-05-27 18:30:27.135,109.09,0.138058545864,0.0,0
2018-05-27 18:30:27.218,109.23,0.138058545864,0.0,0
2018-05-27 18:30:27.312,108.86,0.138058545864,0.0,0
2018-05-27 18:30:27.675,108.61,0.138058545864,0.0,0
2018-05-27 18:30:28.023,110.62,0.138058545864,0.0,0
2018-05-27 18:30:28.293,110.36,0.138058545864,0.0,0
2018-05-27 18:30:28.386,110.79,0.138058545864,0.0,0
2018-05-27 18:30:28.656,109.46,0.138058545864,0.0,0
2018-05-27 18:30:28.740,109.57,0.138058545864,0.0,0
2018-05-27 18:30:28.833,108.44,0.138058545864,0.0,0
2018-05-27 18:30:28.927,108.0,0.138058545864,0.0,0
2018-05-27 18:30:29.088,108.4,0.138058545864,0.0,0
2018-05-27 18:30:29.266,107.7,0.138058545864,0.0,0
2018-05-27 18:30:29.359,107.19,0.138058545864,0.0,0
2018-05-27 18:30:29.545,106.35,0.138058545864,0.0,0
2018-05-27 18:30:29.812,106.99,0.138058545864,0.0,0
2018-05-27 18:30:30.070,106.47,0.138058545864,0.0,0
2018-05-27 18:30:30.340,107.14,0.138058545864,0.0,0
2018-05-27 18:30:30.521,107.45,0.138058545864,0.0,0
2018-05-27 18:30:30.777,106.84,0.138058545864,0.0,0
2018-05-27 18:30:31.126,107.9,0.138058545864,0.0,0
2018-05-27 18:30:31.489,107.46,0.138058545864,0.0,0
2018-05-27 18:30:31.582,107.91,0.138058545864,0.0,0
2018-05-27 18:30:31.675,108.83,0.138058545864,0.0,0
2018-05-27 18:30:32.023,110.09,0.138058545864,0.0,0
2018-05-27 18:30:32.116,109.73,0.138058545864,0.0,0
2018-05-27 18:30:33.200,114.06,0.138058545864,0.0,0
2018-05-27 18:30:33.294,114.81,0.138058545864,0.0,0
2018-05-27 18:30:33.377,114.83,0.138058545864,0.0,0
2018-05-27 18:30:33.563,115.93,0.138058545864,0.0,0
2018-05-27 18:30:33.750,116.85,0.138058545864,0.0,0
2018-05-27 18:30:34.005,117.84,0.138058545864,0.0,0
2018-05-27 18:30:34.285,120.04,0.138058545864,0.0,0
2018-05-27 18:30:34.461,121.02,0.138058545864,0.0,0
2018-05-27 18:30:35.088,122.29,0.138058545864,0.0,0
2018-05-27 18:30:35.275,121.59,0.138058545864,0.0,0
2018-05-27 18:30:35.452,120.79,0.138058545864,0.0,0
2018-05-27 18:30:35.638,119.26,0.138058545864,0.0,0
2018-05-27 18:30:36.340,116.64,0.138058545864,0.0,0
2018-05-27 18:30:36.433,117.19,0.138058545864,0.0,0
2018-05-27 18:30:36.616,116.06,0.138058545864,0.0,0
2018-05-27 18:30:36.708,115.32,0.138058545864,0.0,0
2018-05-27 18:30:36.806,115.55,0.138058545864,0.0,0
2018-05-27 18:30:36.899,113.78,0.138058545864,0.0,0
2018-05-27 18:30:37.135,115.18,0.138058545864,0.0,0
2018-05-27 18:30:37.396,113.87,0.138058545864,0.0,0
2018-05-27 18:30:37.676,111.81,0.138058545864,0.0,0
2018-05-27 18:30:38.023,111.49,0.138058545864,0.0,0
2018-05-27 18:30:38.117,111.96,0.138058545864,0.0,0
2018-05-27 18:30:38.210,111.37,0.138058545864,0.0,0
2018-05-27 18:30:38.303,111.32,0.138058545864,0.0,0
2018-05-27 18:30:38.480,110.76,0.138058545864,0.0,0
2018-05-27 18:30:38.573,110.12,0.138058545864,0.0,0
2018-05-27 18:30:38.750,108.97,0.138058545864,0.0,0
2018-05-27 18:30:38.843,108.89,0.138058545864,0.0,0
2018-05-27 18:30:39.192,108.35,0.138058545864,0.0,0
2018-05-27 18:30:39.284,108.77,0.138058545864,0.0,0
2018-05-27 18:30:39.461,107.25,0.138058545864,0.0,0
2018-05-27 18:30:39.638,107.42,0.138058545864,0.0,0
2018-05-27 18:30:39.731,106.67,0.138058545864,0.0,0
2018-05-27 18:30:39.824,105.98,0.138058545864,0.0,0
2018-05-27 18:30:40.172,104.49,0.138058545864,0.0,0
2018-05-27 18:30:40.266,104.86,0.138058545864,0.0,0
2018-05-27 18:30:40.443,105.19,0.138058545864,0.0,0
2018-05-27 18:30:40.536,105.22,0.138058545864,0.0,0
2018-05-27 18:30:40.629,105.25,0.138058545864,0.0,0
2018-05-27 18:30:40.722,103.89,0.138058545864,0.0,0
2018-05-27 18:30:40.815,105.09,0.138058545864,0.0,0
2018-05-27 18:30:40.908,105.58,0.138058545864,0.0,0
2018-05-27 18:30:41.070,104.74,0.138058545864,0.0,0
2018-05-27 18:30:41.163,105.14,0.138058545864,0.0,0
2018-05-27 18:30:41.256,105.48,0.138058545864,0.0,0
2018-05-27 18:30:41.341,105.91,0.138058545864,0.0,0
2018-05-27 18:30:41.526,105.05,0.138058545864,0.0,0
2018-05-27 18:30:41.610,105.01,0.138058545864,0.0,0
2018-05-27 18:30:41.806,105.54,0.138058545864,0.0,0
2018-05-27 18:30:41.894,105.53,0.138058545864,0.0,0
2018-05-27 18:30:42.052,106.79,0.138058545864,0.0,0
2018-05-27 18:30:42.135,106.33,0.138058545864,0.0,0
2018-05-27 18:30:42.229,106.75,0.138058545864,0.0,0
2018-05-27 18:30:42.312,106.92,0.138058545864,0.0,0
2018-05-27 18:30:42.396,106.0,0.138058545864,0.0,0
2018-05-27 18:30:42.490,106.55,0.138058545864,0.0,0
2018-05-27 18:30:42.583,107.57,0.138058545864,0.0,0
2018-05-27 18:30:42.676,107.68,0.138058545864,0.0,0
2018-05-27 18:30:42.769,107.54,0.138058545864,0.0,0
2018-05-27 18:30:42.862,108.39,0.138058545864,0.0,0
2018-05-27 18:30:43.024,108.6,0.138058545864,0.0,0
2018-05-27 18:30:43.117,108.37,0.138058545864,0.0,0
2018-05-27 18:30:43.201,107.95,0.138058545864,0.0,0
2018-05-27 18:30:43.378,109.51,0.138058545864,0.0,0
2018-05-27 18:30:43.471,109.1,0.138058545864,0.0,0
2018-05-27 18:30:43.564,110.19,0.138058545864,0.0,0
2018-05-27 18:30:43.657,110.76,0.138058545864,0.0,0
2018-05-27 18:30:43.844,111.11,0.138058545864,0.0,0
2018-05-27 18:30:43.927,111.44,0.138058545864,0.0,0
2018-05-27 18:30:44.089,111.42,0.138058545864,0.0,0
2018-05-27 18:30:44.275,112.25,0.138058545864,0.0,0
2018-05-27 18:30:44.359,112.57,0.138058545864,0.0,0
2018-05-27 18:30:44.452,112.88,0.138058545864,0.0,0
2018-05-27 18:30:44.545,113.03,0.138058545864,0.0,0
2018-05-27 18:30:44.638,114.04,0.138058545864,0.0,0
2018-05-27 18:30:44.722,114.26,0.138058545864,0.0,0
2018-05-27 18:30:44.815,114.19,0.138058545864,0.0,0
2018-05-27 18:30:44.908,114.88,0.138058545864,0.0,0
2018-05-27 18:30:45.070,114.53,0.138058545864,0.0,0
2018-05-27 18:30:45.163,115.15,0.138058545864,0.0,0
2018-05-27 18:30:45.257,115.17,0.138058545864,0.0,0
2018-05-27 18:30:45.340,115.48,0.138058545864,0.0,0
2018-05-27 18:30:45.527,115.98,0.138058545864,0.0,0
2018-05-27 18:30:45.620,116.49,0.138058545864,0.0,0
2018-05-27 18:30:45.704,116.13,0.138058545864,0.0,0
2018-05-27 18:30:45.881,116.39,0.138058545864,0.0,0
2018-05-27 18:30:46.033,116.63,0.138058545864,0.0,0
2018-05-27 18:30:46.126,117.84,0.138058545864,0.0,0
2018-05-27 18:30:46.219,116.88,0.138058545864,0.0,0
2018-05-27 18:30:46.313,117.82,0.138058545864,0.0,0
2018-05-27 18:30:46.396,117.57,0.138058545864,0.0,0
2018-05-27 18:30:46.676,118.92,0.138058545864,0.0,0
2018-05-27 18:30:46.769,118.06,0.138058545864,0.0,0
2018-05-27 18:30:46.862,119.03,0.138058545864,0.0,0
2018-05-27 18:30:47.024,118.71,0.138058545864,0.0,0
2018-05-27 18:30:47.117,118.65,0.138058545864,0.0,0
2018-05-27 18:30:47.210,119.25,0.138058545864,0.0,0
2018-05-27 18:30:47.387,119.36,0.138058545864,0.0,0
2018-05-27 18:30:47.480,119.24,0.138058545864,0.0,0
2018-05-27 18:30:47.573,120.22,0.138058545864,0.0,0
2018-05-27 18:30:47.760,121.13,0.138058545864,0.0,0
2018-05-27 18:30:47.853,120.92,0.138058545864,0.0,0
2018-05-27 18:30:48.015,120.45,0.138058545864,0.0,0
2018-05-27 18:30:48.108,121.36,0.138058545864,0.0,0
2018-05-27 18:30:48.201,121.13,0.138058545864,0.0,0
2018-05-27 18:30:48.378,121.75,0.138058545864,0.0,0
2018-05-27 18:30:48.471,122.28,0.138058545864,0.0,0
2018-05-27 18:30:48.564,122.25,0.138058545864,0.0,0
2018-05-27 18:30:48.657,122.21,0.138058545864,0.0,0
2018-05-27 18:30:48.750,123.19,0.138058545864,0.0,0
2018-05-27 18:30:49.005,123.06,0.138058545864,0.0,0
2018-05-27 18:30:49.099,123.94,0.138058545864,0.0,0
2018-05-27 18:30:49.192,123.4,0.138058545864,0.0,0
2018-05-27 18:30:49.369,123.84,0.138058545864,0.0,0
2018-05-27 18:30:49.555,123.06,0.138058545864,0.0,0
2018-05-27 18:30:49.648,123.0,0.138058545864,0.0,0
2018-05-27 18:30:49.741,121.78,0.138058545864,0.0,0
2018-05-27 18:30:49.927,121.28,0.138058545864,0.0,0
2018-05-27 18:30:50.182,121.01,0.138058545864,0.0,0
2018-05-27 18:30:50.275,120.29,0.138058545864,0.0,0
2018-05-27 18:30:50.359,120.5,0.138058545864,0.0,0
2018-05-27 18:30:50.546,119.99,0.138058545864,0.0,0
2018-05-27 18:30:50.639,117.97,0.138058545864,0.0,0
2018-05-27 18:30:50.825,117.12,0.138058545864,0.0,0
2018-05-27 18:30:50.918,116.47,0.138058545864,0.0,0
2018-05-27 18:30:51.080,115.41,0.138058545864,0.0,0
2018-05-27 18:30:51.173,115.09,0.138058545864,0.0,0
2018-05-27 18:30:51.266,113.65,0.138058545864,0.0,0
2018-05-27 18:30:51.350,113.86,0.138058545864,0.0,0
2018-05-27 18:30:51.536,111.89,0.138058545864,0.0,0
2018-05-27 18:30:51.629,111.63,0.138058545864,0.0,0
2018-05-27 18:30:51.723,110.6,0.138058545864,0.0,0
2018-05-27 18:30:51.909,109.24,0.138058545864,0.0,0
2018-05-27 18:30:52.071,108.37,0.138058545864,0.0,0
2018-05-27 18:30:52.164,108.26,0.138058545864,0.0,0
2018-05-27 18:30:52.258,107.12,0.138058545864,0.0,0
2018-05-27 18:30:52.443,106.65,0.138058545864,0.0,0
2018-05-27 18:30:52.629,105.72,0.138058545864,0.0,0
2018-05-27 18:30:52.723,105.69,0.138058545864,0.0,0
2018-05-27 18:30:52.816,105.3,0.138058545864,0.0,0
2018-05-27 18:30:53.062,104.37,0.138058545864,0.0,0
2018-05-27 18:30:53.243,103.34,0.138058545864,0.0,0
2018-05-27 18:30:53.332,103.98,0.138058545864,0.0,0
2018-05-27 18:30:53.415,103.79,0.138058545864,0.0,0
2018-05-27 18:30:53.602,102.25,0.138058545864,0.0,0
2018-05-27 18:30:53.773,101.39,0.138058545864,0.0,0
2018-05-27 18:30:53.862,101.98,0.138058545864,0.0,0
2018-05-27 18:30:54.024,101.31,0.138058545864,0.0,0
2018-05-27 18:30:54.117,101.07,0.138058545864,0.0,0
2018-05-27 18:30:54.210,100.64,0.138058545864,0.0,0
2018-05-27 18:30:54.304,99.58,0.138058545864,0.0,0
2018-05-27 18:30:54.387,98.82,0.138058545864,0.0,0
2018-05-27 18:30:54.480,97.66,0.138058545864,0.0,0
2018-05-27 18:30:54.574,97.22,0.138058545864,0.0,0
2018-05-27 18:30:54.667,96.34,0.138058545864,0.0,0
2018-05-27 18:30:54.751,95.88,0.138058545864,0.0,0
2018-05-27 18:30:54.844,95.21,0.138058545864,0.0,0
2018-05-27 18:30:55.006,94.28,0.138058545864,0.0,0
2018-05-27 18:30:55.099,94.28,0.138058545864,0.0,0
2018-05-27 18:30:55.192,93.68,0.138058545864,0.0,0
2018-05-27 18:30:55.462,92.31,0.138058545864,0.0,0
2018-05-27 18:30:55.648,91.79,0.138058545864,0.0,0
2018-05-27 18:30:55.732,92.35,0.138058545864,0.0,0
2018-05-27 18:30:55.918,91.89,0.138058545864,0.0,0
2018-05-27 18:30:56.080,92.03,0.138058545864,0.0,0
2018-05-27 18:30:56.443,90.1,0.138058545864,0.0,0
2018-05-27 18:30:56.713,89.17,0.138058545864,0.0,0
2018-05-27 18:30:56.807,88.72,0.138058545864,0.0,0
2018-05-27 18:30:57.052,89.17,0.138058545864,0.0,0
2018-05-27 18:30:57.229,88.3,0.138058545864,0.0,0
2018-05-27 18:30:57.397,88.08,0.138058545864,0.0,0
2018-05-27 18:30:57.863,86.6,0.138058545864,0.0,0
2018-05-27 18:30:58.024,86.03,0.138058545864,0.0,0
2018-05-27 18:30:58.117,86.36,0.138058545864,0.0,0
2018-05-27 18:30:58.201,86.13,0.138058545864,0.0,0
2018-05-27 18:30:58.294,85.93,0.138058545864,0.0,0
2018-05-27 18:30:58.388,85.68,0.138058545864,0.0,0
2018-05-27 18:30:58.565,85.95,0.138058545864,0.0,0
2018-05-27 18:30:58.658,85.49,0.138058545864,0.0,0
2018-05-27 18:30:58.844,84.53,0.138058545864,0.0,0
2018-05-27 18:30:59.006,84.39,0.138058545864,0.0,0
2018-05-27 18:30:59.099,84.76,0.138058545864,0.0,0
2018-05-27 18:30:59.183,83.8,0.138058545864,0.0,0
2018-05-27 18:30:59.276,83.76,0.138058545864,0.0,0
2018-05-27 18:30:59.369,83.79,0.138058545864,0.0,0
2018-05-27 18:30:59.453,84.22,0.138058545864,0.0,0
2018-05-27 18:30:59.546,83.66,0.138058545864,0.0,0
2018-05-27 18:30:59.723,82.33,0.138058545864,0.0,0
2018-05-27 18:30:59.825,82.06,0.138058545864,0.0,0
2018-05-27 18:31:00.080,82.77,0.138058545864,0.0,0
2018-05-27 18:31:00.267,83.27,0.138058545864,0.0,0
2018-05-27 18:31:00.360,83.56,0.138058545864,0.0,0
2018-05-27 18:31:00.453,83.04,0.138058545864,0.0,0
2018-05-27 18:31:00.835,84.56,0.138058545864,0.0,0
2018-05-27 18:31:00.919,85.21,0.138058545864,0.0,0
2018-05-27 18:31:01.099,85.04,0.138058545864,0.0,0
2018-05-27 18:31:01.192,85.76,0.138058545864,0.0,0
2018-05-27 18:31:01.369,85.44,0.138058545864,0.0,0
2018-05-27 18:31:01.462,85.51,0.138058545864,0.0,0
2018-05-27 18:31:01.648,86.42,0.138058545864,0.0,0
2018-05-27 18:31:01.825,86.97,0.138058545864,0.0,0
2018-05-27 18:31:01.919,86.91,0.138058545864,0.0,0
2018-05-27 18:31:02.080,87.1,0.138058545864,0.0,0
2018-05-27 18:31:02.174,87.65,0.138058545864,0.0,0
2018-05-27 18:31:02.267,87.49,0.138058545864,0.0,0
2018-05-27 18:31:02.351,88.29,0.138058545864,0.0,0
2018-05-27 18:31:02.630,89.21,0.138058545864,0.0,0
2018-05-27 18:31:02.714,89.28,0.138058545864,0.0,0
2018-05-27 18:31:02.807,89.43,0.138058545864,0.0,0
2018-05-27 18:31:02.895,89.93,0.138058545864,0.0,0
2018-05-27 18:31:03.053,90.68,0.138058545864,0.0,0
2018-05-27 18:31:03.313,90.75,0.138058545864,0.0,0
2018-05-27 18:31:03.397,90.21,0.138058545864,0.0,0
2018-05-27 18:31:03.490,90.87,0.138058545864,0.0,0
2018-05-27 18:31:03.583,91.6,0.138058545864,0.0,0
2018-05-27 18:31:03.770,91.83,0.138058545864,0.0,0
2018-05-27 18:31:04.025,92.19,0.138058545864,0.0,0
2018-05-27 18:31:04.118,91.93,0.138058545864,0.0,0
2018-05-27 18:31:04.388,91.11,0.138058545864,0.0,0
2018-05-27 18:31:04.574,90.35,0.138058545864,0.0,0
2018-05-27 18:31:04.667,90.43,0.138058545864,0.0,0
2018-05-27 18:31:04.760,89.77,0.138058545864,0.0,0
2018-05-27 18:31:04.854,89.83,0.138058545864,0.0,0
2018-05-27 18:31:05.015,90.47,0.138058545864,0.0,0
2018-05-27 18:31:05.108,90.8,0.138058545864,0.0,0
2018-05-27 18:31:05.202,90.47,0.138058545864,0.0,0
2018-05-27 18:31:06.193,93.13,0.138058545864,0.0,0
2018-05-27 18:31:06.286,93.2,0.138058545864,0.0,0
2018-05-27 18:31:06.556,93.59,0.138058545864,0.0,0
2018-05-27 18:31:07.453,95.16,0.138058545864,0.0,0
2018-05-27 18:31:07.546,95.74,0.138058545864,0.0,0
2018-05-27 18:31:07.733,96.24,0.138058545864,0.0,0
2018-05-27 18:31:07.919,95.67,0.138058545864,0.0,0
2018-05-27 18:31:08.174,96.63,0.138058545864,0.0,0
2018-05-27 18:31:08.351,97.02,0.138058545864,0.0,0
2018-05-27 18:31:08.444,97.73,0.138058545864,0.0,0
2018-05-27 18:31:08.816,99.16,0.138058545864,0.0,0
2018-05-27 18:31:08.910,99.01,0.138058545864,0.0,0
2018-05-27 18:31:09.258,99.46,0.12504656064,0.0250000003725,0
2018-05-27 18:31:09.528,100.91,0.12504656064,0.0,0
2018-05-27 18:31:09.621,101.32,0.12504656064,0.0,0
2018-05-27 18:31:09.714,101.27,0.12504656064,0.0,0
2018-05-27 18:31:09.896,101.37,0.12504656064,0.0,0
2018-05-27 18:31:10.053,101.8,0.12504656064,0.0,0
2018-05-27 18:31:10.397,102.92,0.12504656064,0.0,0
2018-05-27 18:31:10.491,103.25,0.12504656064,0.0,0
2018-05-27 18:31:10.677,103.29,0.12504656064,0.0,0
2018-05-27 18:31:10.770,103.12,0.12504656064,0.0,0
2018-05-27 18:31:10.863,104.23,0.138058545864,0.0,0
2018-05-27 18:31:11.016,104.39,0.138058545864,0.0,0
2018-05-27 18:31:11.109,104.56,0.138058545864,0.0,0
2018-05-27 18:31:11.202,104.47,0.138058545864,0.0,0
2018-05-27 18:31:11.295,103.85,0.138058545864,0.0,0
2018-05-27 18:31:11.388,105.22,0.138058545864,0.0,0
2018-05-27 18:31:11.565,105.1,0.138058545864,0.0,0
2018-05-27 18:31:11.658,106.0,0.138058545864,0.0,0
2018-05-27 18:31:11.752,106.44,0.138058545864,0.0,0
2018-05-27 18:31:11.835,106.9,0.138058545864,0.0,0
2018-05-27 18:31:12.090,107.17,0.138058545864,0.0,0
2018-05-27 18:31:12.183,108.04,0.138058545864,0.0,0
2018-05-27 18:31:12.360,107.11,0.138058545864,0.0,0
2018-05-27 18:31:12.453,107.53,0.138058545864,0.0,0
2018-05-27 18:31:12.547,108.52,0.138058545864,0.0,0
2018-05-27 18:31:12.640,108.02,0.138058545864,0.0,0
2018-05-27 18:31:12.817,109.01,0.138058545864,0.0,0
2018-05-27 18:31:12.910,109.83,0.138058545864,0.0,0
2018-05-27 18:31:13.165,110.5,0.138058545864,0.0,0
2018-05-27 18:31:13.258,109.87,0.138058545864,0.0,0
2018-05-27 18:31:13.342,110.22,0.138058545864,0.0,0
2018-05-27 18:31:13.435,109.76,0.138058545864,0.0,0
2018-05-27 18:31:13.523,110.84,0.138058545864,0.0,0
2018-05-27 18:31:13.616,109.91,0.138058545864,0.0,0
2018-05-27 18:31:13.705,109.85,0.138058545864,0.0,0
2018-05-27 18:31:13.789,111.26,0.138058545864,0.0,0
2018-05-27 18:31:13.882,111.57,0.138058545864,0.0,0
2018-05-27 18:31:14.044,111.04,0.138058545864,0.0,0
2018-05-27 18:31:14.128,111.85,0.138058545864,0.0,0
2018-05-27 18:31:14.221,111.68,0.138058545864,0.0,0
2018-05-27 18:31:14.314,110.39,0.138058545864,0.0,0
2018-05-27 18:31:14.491,110.68,0.138058545864,0.0,0
2018-05-27 18:31:14.677,109.85,0.138058545864,0.0,0
2018-05-27 18:31:14.770,108.7,0.138058545864,0.0,0
2018-05-27 18:31:14.864,108.17,0.138058545864,0.0,0
2018-05-27 18:31:15.016,108.27,0.138058545864,0.0,0
2018-05-27 18:31:15.109,108.81,0.138058545864,0.0,0
2018-05-27 18:31:15.202,108.32,0.138058545864,0.0,0
2018-05-27 18:31:15.379,108.83,0.138058545864,0.0,0
2018-05-27 18:31:15.565,109.66,0.138058545864,0.0,0
2018-05-27 18:31:15.752,109.98,0.138058545864,0.0,0
2018-05-27 18:31:16.007,112.4,0.138058545864,0.0,0
2018-05-27 18:31:16.100,112.1,0.138058545864,0.0,0
2018-05-27 18:31:16.286,113.63,0.138058545864,0.0,0
2018-05-27 18:31:16.463,115.63,0.138058545864,0.0,0
2018-05-27 18:31:16.556,115.7,0.138058545864,0.0,0
2018-05-27 18:31:16.649,117.34,0.138058545864,0.0,0
2018-05-27 18:31:16.743,116.71,0.138058545864,0.0,0
2018-05-27 18:31:16.826,118.09,0.138058545864,0.0,0
2018-05-27 18:31:16.919,117.31,0.138058545864,0.0,0
2018-05-27 18:31:17.081,117.37,0.138058545864,0.0,0
2018-05-27 18:31:17.174,116.36,0.138058545864,0.0,0
2018-05-27 18:31:17.351,114.98,0.138058545864,0.0,0
2018-05-27 18:31:17.454,116.09,0.138058545864,0.0,0
2018-05-27 18:31:17.547,114.95,0.138058545864,0.0,0
2018-05-27 18:31:17.640,114.96,0.138058545864,0.0,0
2018-05-27 18:31:17.733,114.03,0.138058545864,0.0,0
2018-05-27 18:31:18.072,112.79,0.138058545864,0.0,0
2018-05-27 18:31:18.258,112.22,0.138058545864,0.0,0
2018-05-27 18:31:18.361,112.42,0.138058545864,0.0,0
2018-05-27 18:31:18.454,111.72,0.138058545864,0.0,0
2018-05-27 18:31:18.631,111.33,0.138058545864,0.0,0
2018-05-27 18:31:18.724,110.25,0.138058545864,0.0,0
2018-05-27 18:31:18.817,110.72,0.138058545864,0.0,0
2018-05-27 18:31:18.910,109.28,0.138058545864,0.0,0
2018-05-27 18:31:19.259,108.6,0.138058545864,0.0,0
2018-05-27 18:31:19.519,108.13,0.138058545864,0.0,0
2018-05-27 18:31:19.603,107.75,0.138058545864,0.0,0
2018-05-27 18:31:19.687,107.48,0.138058545864,0.0,0
2018-05-27 18:31:19.780,106.81,0.138058545864,0.0,0
2018-05-27 18:31:19.873,105.46,0.138058545864,0.0,0
2018-05-27 18:31:20.128,105.43,0.138058545864,0.0,0
2018-05-27 18:31:20.305,105.67,0.138058545864,0.0,0
2018-05-27 18:31:20.398,106.82,0.138058545864,0.0,0
2018-05-27 18:31:20.482,106.9,0.138058545864,0.0,0
2018-05-27 18:31:20.575,106.34,0.138058545864,0.0,0
2018-05-27 18:31:20.668,106.56,0.138058545864,0.0,0
2018-05-27 18:31:20.761,107.81,0.138058545864,0.0,0
2018-05-27 18:31:20.854,107.82,0.138058545864,0.0,0
2018-05-27 18:31:21.016,108.42,0.138058545864,0.0,0
2018-05-27 18:31:21.109,109.63,0.138058545864,0.0,0
2018-05-27 18:31:21.463,112.65,0.138058545864,0.0,0
2018-05-27 18:31:21.743,114.42,0.138058545864,0.0,0
2018-05-27 18:31:22.268,116.08,0.138058545864,0.0,0
2018-05-27 18:31:22.351,116.74,0.138058545864,0.0,0
2018-05-27 18:31:22.631,115.17,0.138058545864,0.0,0
2018-05-27 18:31:22.724,115.15,0.138058545864,0.0,0
2018-05-27 18:31:22.808,114.76,0.138058545864,0.0,0
2018-05-27 18:31:22.901,113.99,0.138058545864,0.0,0
2018-05-27 18:31:23.063,113.9,0.138058545864,0.0,0
2018-05-27 18:31:23.156,113.01,0.138058545864,0.0,0
2018-05-27 18:31:23.249,113.03,0.138058545864,0.0,0
2018-05-27 18:31:23.342,111.8,0.138058545864,0.0,0
2018-05-27 18:31:23.510,110.52,0.138058545864,0.0,0
2018-05-27 18:31:23.687,110.6,0.138058545864,0.0,0
2018-05-27 18:31:23.780,109.95,0.138058545864,0.0,0
2018-05-27 18:31:23.873,111.15,0.138058545864,0.0,0
2018-05-27 18:31:24.128,110.22,0.138058545864,0.0,0
2018-05-27 18:31:24.221,109.58,0.138058545864,0.0,0
2018-05-27 18:31:24.398,108.03,0.138058545864,0.0,0
2018-05-27 18:31:24.491,108.35,0.138058545864,0.0,0
2018-05-27 18:31:24.575,108.36,0.138058545864,0.0,0
2018-05-27 18:31:24.668,107.24,0.138058545864,0.0,0
2018-05-27 18:31:24.855,106.87,0.138058545864,0.0,0
2018-05-27 18:31:25.101,105.45,0.138058545864,0.0,0
2018-05-27 18:31:25.370,105.09,0.138058545864,0.0,0
2018-05-27 18:31:25.463,104.99,0.138058545864,0.0,0
2018-05-27 18:31:25.547,104.62,0.138058545864,0.0,0
2018-05-27 18:31:25.640,103.34,0.138058545864,0.0,0
2018-05-27 18:31:25.733,103.43,0.138058545864,0.0,0
2018-05-27 18:31:25.826,103.38,0.138058545864,0.0,0
2018-05-27 18:31:25.920,103.05,0.138058545864,0.0,0
2018-05-27 18:31:26.175,101.91,0.138058545864,0.0,0
2018-05-27 18:31:26.268,102.39,0.138058545864,0.0,0
2018-05-27 18:31:26.361,101.87,0.138058545864,0.0,0
2018-05-27 18:31:26.445,101.35,0.138058545864,0.0,0
2018-05-27 18:31:26.547,100.8,0.138058545864,0.0,0
2018-05-27 18:31:26.733,100.23,0.138058545864,0.0,0
2018-05-27 18:31:27.082,99.58,0.138058545864,0.0,0
2018-05-27 18:31:27.175,98.0,0.138058545864,0.0,0
2018-05-27 18:31:27.268,98.07,0.138058545864,0.0,0
2018-05-27 18:31:27.353,98.06,0.138058545864,0.0,0
2018-05-27 18:31:27.445,97.88,0.138058545864,0.0,0
2018-05-27 18:31:27.538,97.86,0.138058545864,0.0,0
2018-05-27 18:31:27.724,99.11,0.138058545864,0.0,0
2018-05-27 18:31:27.817,99.08,0.138058545864,0.0,0
2018-05-27 18:31:27.910,99.65,0.138058545864,0.0,0
2018-05-27 18:31:28.165,99.94,0.138058545864,0.0,0
2018-05-27 18:31:28.259,100.42,0.138058545864,0.0,0
2018-05-27 18:31:28.435,101.72,0.138058545864,0.0,0
2018-05-27 18:31:28.529,102.85,0.138058545864,0.0,0
2018-05-27 18:31:28.622,103.94,0.138058545864,0.0,0
2018-05-27 18:31:28.715,104.04,0.138058545864,0.0,0
2018-05-27 18:31:28.808,103.73,0.138058545864,0.0,0
2018-05-27 18:31:28.896,105.69,0.138058545864,0.0,0
2018-05-27 18:31:29.054,106.55,0.138058545864,0.0,0
2018-05-27 18:31:29.137,107.19,0.138058545864,0.0,0
2018-05-27 18:31:29.231,107.76,0.138058545864,0.0,0
2018-05-27 18:31:29.314,107.79,0.138058545864,0.0,0
2018-05-27 18:31:29.408,108.81,0.138058545864,0.0,0
2018-05-27 18:31:29.491,109.51,0.138058545864,0.0,0
2018-05-27 18:31:29.585,109.54,0.138058545864,0.0,0
2018-05-27 18:31:29.678,110.67,0.138058545864,0.0,0
2018-05-27 18:31:29.771,111.8,0.138058545864,0.0,0
2018-05-27 18:31:29.864,111.65,0.138058545864,0.0,0
2018-05-27 18:31:30.120,113.46,0.138058545864,0.0,0
2018-05-27 18:31:30.203,113.23,0.138058545864,0.0,0
2018-05-27 18:31:30.296,114.02,0.138058545864,0.0,0
2018-05-27 18:31:30.379,112.69,0.138058545864,0.0,0
2018-05-27 18:31:30.473,111.62,0.138058545864,0.0,0
2018-05-27 18:31:30.566,112.66,0.138058545864,0.0,0
2018-05-27 18:31:30.659,111.94,0.138058545864,0.0,0
2018-05-27 18:31:30.752,111.72,0.138058545864,0.0,0
2018-05-27 18:31:31.091,111.01,0.138058545864,0.0,0
2018-05-27 18:31:31.184,109.59,0.138058545864,0.0,0
2018-05-27 18:31:31.268,109.65,0.138058545864,0.0,0
2018-05-27 18:31:31.361,110.09,0.138058545864,0.0,0
2018-05-27 18:31:31.547,108.46,0.138058545864,0.0,0
2018-05-27 18:31:31.640,108.48,0.138058545864,0.0,0
2018-05-27 18:31:31.733,108.31,0.138058545864,0.0,0
2018-05-27 18:31:31.920,107.4,0.138058545864,0.0,0
2018-05-27 18:31:32.072,107.33,0.138058545864,0.0,0
2018-05-27 18:31:32.258,106.42,0.138058545864,0.0,0
2018-05-27 18:31:32.351,105.64,0.138058545864,0.0,0
2018-05-27 18:31:32.528,105.32,0.138058545864,0.0,0
2018-05-27 18:31:32.622,104.91,0.138058545864,0.0,0
2018-05-27 18:31:32.710,104.74,0.138058545864,0.0,0
2018-05-27 18:31:32.799,104.95,0.138058545864,0.0,0
2018-05-27 18:31:32.882,104.61,0.138058545864,0.0,0
2018-05-27 18:31:33.399,106.03,0.138058545864,0.0,0
2018-05-27 18:31:34.295,111.37,0.138058545864,0.0,0
2018-05-27 18:31:34.482,112.93,0.138058545864,0.0,0
2018-05-27 18:31:34.575,114.33,0.138058545864,0.0,0
2018-05-27 18:31:34.845,115.92,0.138058545864,0.0,0
2018-05-27 18:31:35.008,114.71,0.138058545864,0.0,0
2018-05-27 18:31:35.193,114.13,0.138058545864,0.0,0
2018-05-27 18:31:35.287,113.82,0.138058545864,0.0,0
2018-05-27 18:31:35.472,113.49,0.138058545864,0.0,0
2018-05-27 18:31:35.557,113.02,0.138058545864,0.0,0
2018-05-27 18:31:35.649,111.98,0.138058545864,0.0,0
2018-05-27 18:31:35.845,111.04,0.138058545864,0.0,0
2018-05-27 18:31:36.100,110.77,0.138058545864,0.0,0
2018-05-27 18:31:36.379,109.83,0.138058545864,0.0,0
2018-05-27 18:31:36.463,108.67,0.138058545864,0.0,0
2018-05-27 18:31:36.556,108.65,0.138058545864,0.0,0
2018-05-27 18:31:36.649,107.9,0.138058545864,0.0,0
2018-05-27 18:31:36.929,106.96,0.138058545864,0.0,0
2018-05-27 18:31:37.091,106.74,0.138058545864,0.0,0
2018-05-27 18:31:37.184,106.83,0.138058545864,0.0,0
2018-05-27 18:31:37.277,106.0,0.138058545864,0.0,0
2018-05-27 18:31:37.370,105.86,0.138058545864,0.0,0
2018-05-27 18:31:37.463,105.58,0.138058545864,0.0,0
2018-05-27 18:31:37.547,105.8,0.138058545864,0.0,0
2018-05-27 18:31:37.640,105.0,0.138058545864,0.0,0
2018-05-27 18:31:37.733,104.44,0.138058545864,0.0,0
2018-05-27 18:31:37.826,103.32,0.138058545864,0.0,0
2018-05-27 18:31:37.919,104.3,0.138058545864,0.0,0
2018-05-27 18:31:38.081,104.18,0.138058545864,0.0,0
2018-05-27 18:31:38.174,103.97,0.138058545864,0.0,0
2018-05-27 18:31:38.267,104.47,0.138058545864,0.0,0
2018-05-27 18:31:38.351,104.59,0.138058545864,0.0,0
2018-05-27 18:31:38.537,105.84,0.138058545864,0.0,0
2018-05-27 18:31:38.631,105.65,0.138058545864,0.0,0
2018-05-27 18:31:38.724,106.96,0.138058545864,0.0,0
2018-05-27 18:31:38.817,107.24,0.138058545864,0.0,0
2018-05-27 18:31:38.910,107.47,0.138058545864,0.0,0
2018-05-27 18:31:39.072,107.97,0.138058545864,0.0,0
2018-05-27 18:31:39.165,109.47,0.138058545864,0.0,0
2018-05-27 18:31:39.342,109.82,0.138058545864,0.0,0
2018-05-27 18:31:39.435,111.16,0.138058545864,0.0,0
2018-05-27 18:31:39.528,111.6,0.138058545864,0.0,0
2018-05-27 18:31:39.714,112.66,0.138058545864,0.0,0
2018-05-27 18:31:39.807,112.54,0.138058545864,0.0,0
2018-05-27 18:31:39.896,114.8,0.138058545864,0.0,0
2018-05-27 18:31:40.137,115.47,0.138058545864,0.0,0
2018-05-27 18:31:40.314,117.4,0.138058545864,0.0,0
2018-05-27 18:31:40.584,120.07,0.138058545864,0.0,0
2018-05-27 18:31:40.677,120.62,0.138058545864,0.0,0
2018-05-27 18:31:40.770,122.2,0.138058545864,0.0,0
2018-05-27 18:31:40.863,122.47,0.138058545864,0.0,0
2018-05-27 18:31:41.025,123.17,0.138058545864,0.0,0
2018-05-27 18:31:41.118,124.66,0.138058545864,0.0,0
2018-05-27 18:31:42.090,123.14,0.138058545864,0.0,0
2018-05-27 18:31:42.183,122.24,0.138058545864,0.0,0
2018-05-27 18:31:42.276,121.39,0.138058545864,0.0,0
2018-05-27 18:31:42.453,120.34,0.138058545864,0.0,0
2018-05-27 18:31:42.546,120.77,0.138058545864,0.0,0
2018-05-27 18:31:42.640,119.94,0.138058545864,0.0,0
2018-05-27 18:31:42.733,120.0,0.138058545864,0.0,0
2018-05-27 18:31:42.910,119.17,0.138058545864,0.0,0
2018-05-27 18:31:43.165,118.48,0.138058545864,0.0,0
2018-05-27 18:31:43.258,116.41,0.138058545864,0.0,0
2018-05-27 18:31:43.709,115.05,0.138058545864,0.0,0
2018-05-27 18:31:43.798,115.04,0.138058545864,0.0,0
2018-05-27 18:31:43.882,114.99,0.138058545864,0.0,0
2018-05-27 18:31:44.034,115.18,0.138058545864,0.0,0
2018-05-27 18:31:44.127,115.63,0.138058545864,0.0,0
2018-05-27 18:31:44.220,113.85,0.138058545864,0.0,0
2018-05-27 18:31:45.574,117.36,0.138058545864,0.0,0
2018-05-27 18:31:45.761,117.84,0.138058545864,0.0,0
2018-05-27 18:31:46.109,118.55,0.138058545864,0.0,0
2018-05-27 18:31:46.295,119.42,0.138058545864,0.0,0
2018-05-27 18:31:46.565,119.59,0.138058545864,0.0,0
2018-05-27 18:31:46.751,118.96,0.138058545864,0.0,0
2018-05-27 18:31:47.006,118.48,0.138058545864,0.0,0
2018-05-27 18:31:47.378,116.96,0.138058545864,0.0,0
2018-05-27 18:31:47.556,116.14,0.138058545864,0.0,0
2018-05-27 18:31:47.649,115.53,0.138058545864,0.0,0
2018-05-27 18:31:47.742,115.37,0.138058545864,0.0,0
2018-05-27 18:31:47.835,115.24,0.138058545864,0.0,0
2018-05-27 18:31:47.928,114.57,0.138058545864,0.0,0
2018-05-27 18:31:48.174,113.71,0.138058545864,0.0,0
2018-05-27 18:31:48.360,112.54,0.138058545864,0.0,0
2018-05-27 18:31:48.444,112.3,0.138058545864,0.0,0
2018-05-27 18:31:48.623,112.47,0.138058545864,0.0,0
2018-05-27 18:31:48.705,111.72,0.138058545864,0.0,0
2018-05-27 18:31:48.873,110.8,0.138058545864,0.0,0
2018-05-27 18:31:49.136,110.2,0.138058545864,0.0,0
2018-05-27 18:31:49.229,110.59,0.138058545864,0.0,0
2018-05-27 18:31:49.304,110.89,0.138058545864,0.0,0
2018-05-27 18:31:49.491,109.98,0.138058545864,0.0,0
2018-05-27 18:31:49.584,110.68,0.138058545864,0.0,0
2018-05-27 18:31:49.853,110.67,0.138058545864,0.0,0
2018-05-27 18:31:50.015,109.73,0.138058545864,0.0,0
2018-05-27 18:31:50.108,109.37,0.138058545864,0.0,0
2018-05-27 18:31:50.295,110.4,0.138058545864,0.0,0
2018-05-27 18:31:50.565,111.09,0.138058545864,0.0,0
2018-05-27 18:31:50.658,111.83,0.138058545864,0.0,0
2018-05-27 18:31:50.844,111.38,0.138058545864,0.0,0
2018-05-27 18:31:51.006,112.63,0.138058545864,0.0,0
2018-05-27 18:31:51.099,112.12,0.138058545864,0.0,0
2018-05-27 18:31:51.192,113.3,0.138058545864,0.0,0
2018-05-27 18:31:51.378,113.49,0.138058545864,0.0,0
2018-05-27 18:31:51.546,115.17,0.138058545864,0.0,0
2018-05-27 18:31:51.732,115.8,0.138058545864,0.0,0
2018-05-27 18:31:51.919,116.97,0.138058545864,0.0,0
2018-05-27 18:31:52.080,117.11,0.138058545864,0.0,0
2018-05-27 18:31:52.173,117.33,0.138058545864,0.0,0
2018-05-27 18:31:52.267,118.72,0.138058545864,0.0,0
2018-05-27 18:31:52.351,118.87,0.138058545864,0.0,0
2018-05-27 18:31:52.444,117.99,0.138058545864,0.0,0
2018-05-27 18:31:52.537,119.45,0.138058545864,0.0,0
2018-05-27 18:31:52.723,121.11,0.138058545864,0.0,0
2018-05-27 18:31:52.816,122.77,0.138058545864,0.0,0
2018-05-27 18:31:52.909,122.6,0.138058545864,0.0,0
2018-05-27 18:31:53.350,125.88,0.138058545864,0.0,0
2018-05-27 18:31:53.430,125.35,0.138058545864,0.0,0
2018-05-27 18:31:53.602,128.37,0.138058545864,0.0,0
2018-05-27 18:31:53.789,127.71,0.138058545864,0.0,0
2018-05-27 18:31:53.872,128.04,0.138058545864,0.0,0
2018-05-27 18:31:54.034,125.74,0.138058545864,0.0,0
2018-05-27 18:31:54.221,126.4,0.138058545864,0.0,0
2018-05-27 18:31:54.397,124.68,0.138058545864,0.0,0
2018-05-27 18:31:54.574,124.4,0.138058545864,0.0,0
2018-05-27 18:31:54.760,123.19,0.138058545864,0.0,0
2018-05-27 18:31:55.015,123.33,0.138058545864,0.0,0
2018-05-27 18:31:55.462,119.85,0.138058545864,0.0,0
2018-05-27 18:31:55.648,120.04,0.138058545864,0.0,0
2018-05-27 18:31:55.928,117.75,0.138058545864,0.0,0
2018-05-27 18:31:56.089,118.39,0.138058545864,0.0,0
2018-05-27 18:31:56.276,117.09,0.138058545864,0.0,0
2018-05-27 18:31:56.369,115.7,0.138058545864,0.0,0
2018-05-27 18:31:56.723,114.98,0.138058545864,0.0,0
2018-05-27 18:31:56.816,114.06,0.138058545864,0.0,0
2018-05-27 18:31:56.909,114.07,0.138058545864,0.0,0
2018-05-27 18:31:57.071,113.2,0.138058545864,0.0,0
2018-05-27 18:31:57.164,113.42,0.138058545864,0.0,0
2018-05-27 18:31:57.257,112.22,0.138058545864,0.0,0
2018-05-27 18:31:57.341,112.25,0.138058545864,0.0,0
2018-05-27 18:31:57.527,111.48,0.138058545864,0.0,0
2018-05-27 18:31:57.620,110.86,0.138058545864,0.0,0
2018-05-27 18:31:57.807,110.46,0.138058545864,0.0,0
2018-05-27 18:31:57.895,110.05,0.138058545864,0.0,0
2018-05-27 18:31:58.136,109.68,0.138058545864,0.0,0
2018-05-27 18:31:58.406,108.89,0.138058545864,0.0,0
2018-05-27 18:31:58.685,107.73,0.138058545864,0.0,0
2018-05-27 18:31:58.872,106.23,0.138058545864,0.0,0
2018-05-27 18:31:59.127,106.22,0.138058545864,0.0,0
2018-05-27 18:31:59.760,103.13,0.138058545864,0.0,0
2018-05-27 18:31:59.853,102.77,0.138058545864,0.0,0
2018-05-27 18:32:00.108,102.3,0.138058545864,0.0,0
2018-05-27 18:32:00.192,101.9,0.138058545864,0.0,0
2018-05-27 18:32:00.555,101.22,0.138058545864,0.0,0
2018-05-27 18:32:01.080,99.7,0.138058545864,0.0,0
2018-05-27 18:32:01.173,99.23,0.138058545864,0.0,0
2018-05-27 18:32:01.266,97.99,0.138058545864,0.0,0
2018-05-27 18:32:01.359,98.19,0.138058545864,0.0,0
2018-05-27 18:32:01.443,98.15,0.138058545864,0.0,0
2018-05-27 18:32:01.536,97.88,0.138058545864,0.0,0
2018-05-27 18:32:01.629,97.65,0.138058545864,0.0,0
2018-05-27 18:32:01.723,98.03,0.138058545864,0.0,0
2018-05-27 18:32:01.909,96.46,0.138058545864,0.0,0
2018-05-27 18:32:02.164,95.99,0.138058545864,0.0,0
2018-05-27 18:32:02.350,95.66,0.138058545864,0.0,0
2018-05-27 18:32:02.713,94.33,0.138058545864,0.0,0
2018-05-27 18:32:03.043,93.32,0.138058545864,0.0,0
2018-05-27 18:32:03.313,93.15,0.138058545864,0.0,0
2018-05-27 18:32:03.406,92.81,0.138058545864,0.0,0
2018-05-27 18:32:03.583,92.41,0.138058545864,0.0,0
2018-05-27 18:32:03.667,91.15,0.138058545864,0.0,0
2018-05-27 18:32:03.853,90.54,0.138058545864,0.0,0
2018-05-27 18:32:04.108,90.59,0.138058545864,0.0,0
2018-05-27 18:32:04.378,89.71,0.138058545864,0.0,0
2018-05-27 18:32:04.471,89.71,0.138058545864,0.0,0
2018-05-27 18:32:04.843,88.03,0.138058545864,0.0,0
2018-05-27 18:32:05.005,87.57,0.138058545864,0.0,0
2018-05-27 18:32:05.191,87.03,0.138058545864,0.0,0
2018-05-27 18:32:05.369,87.36,0.138058545864,0.0,0
2018-05-27 18:32:05.648,85.8,0.138058545864,0.0,0
2018-05-27 18:32:05.741,86.05,0.138058545864,0.0,0
2018-05-27 18:32:06.089,87.6,0.138058545864,0.0,0
2018-05-27 18:32:06.182,87.9,0.138058545864,0.0,0
2018-05-27 18:32:06.276,88.57,0.138058545864,0.0,0
2018-05-27 18:32:06.359,87.91,0.138058545864,0.0,0
2018-05-27 18:32:06.452,89.01,0.138058545864,0.0,0
2018-05-27 18:32:06.545,88.86,0.138058545864,0.0,0
2018-05-27 18:32:06.638,90.02,0.138058545864,0.0,0
2018-05-27 18:32:06.732,89.87,0.138058545864,0.0,0
2018-05-27 18:32:06.825,90.29,0.138058545864,0.0,0
2018-05-27 18:32:06.918,91.34,0.138058545864,0.0,0
2018-05-27 18:32:07.080,92.45,0.138058545864,0.0,0
2018-05-27 18:32:07.257,94.52,0.138058545864,0.0,0
2018-05-27 18:32:07.350,94.89,0.138058545864,0.0,0
2018-05-27 18:32:07.443,95.24,0.138058545864,0.0,0
2018-05-27 18:32:07.536,96.42,0.138058545864,0.0,0
2018-05-27 18:32:07.629,96.07,0.138058545864,0.0,0
2018-05-27 18:32:07.722,97.32,0.138058545864,0.0,0
2018-05-27 18:32:07.816,97.98,0.138058545864,0.0,0
2018-05-27 18:32:07.908,98.44,0.138058545864,0.0,0
2018-05-27 18:32:08.070,99.33,0.138058545864,0.0,0
2018-05-27 18:32:08.164,100.77,0.138058545864,0.0,0
2018-05-27 18:32:08.257,101.45,0.138058545864,0.0,0
2018-05-27 18:32:08.340,102.28,0.138058545864,0.0,0
2018-05-27 18:32:08.434,100.97,0.138058545864,0.0,0
2018-05-27 18:32:08.527,101.61,0.138058545864,0.0,0
2018-05-27 18:32:08.713,101.04,0.138058545864,0.0,0
2018-05-27 18:32:08.806,101.16,0.138058545864,0.0,0
2018-05-27 18:32:08.894,100.58,0.138058545864,0.0,0
2018-05-27 18:32:09.135,100.16,0.138058545864,0.0,0
2018-05-27 18:32:09.406,98.0,0.138058545864,0.0,0
2018-05-27 18:32:09.582,98.1,0.138058545864,0.0,0
2018-05-27 18:32:09.676,97.66,0.138058545864,0.0,0
2018-05-27 18:32:09.769,97.26,0.138058545864,0.0,0
2018-05-27 18:32:10.014,96.88,0.138058545864,0.0,0
2018-05-27 18:32:10.108,95.79,0.138058545864,0.0,0
2018-05-27 18:32:10.201,96.15,0.138058545864,0.0,0
2018-05-27 18:32:10.294,95.67,0.138058545864,0.0,0
2018-05-27 18:32:10.471,95.19,0.138058545864,0.0,0
2018-05-27 18:32:10.564,94.75,0.138058545864,0.0,0
2018-05-27 18:32:10.657,95.22,0.138058545864,0.0,0
2018-05-27 18:32:10.843,94.33,0.138058545864,0.0,0
2018-05-27 18:32:11.089,94.02,0.138058545864,0.0,0
2018-05-27 18:32:11.182,93.0,0.138058545864,0.0,0
2018-05-27 18:32:11.275,92.77,0.138058545864,0.0,0
2018-05-27 18:32:11.536,93.32,0.138058545864,0.0,0
2018-05-27 18:32:11.629,93.36,0.138058545864,0.0,0
2018-05-27 18:32:11.722,93.72,0.138058545864,0.0,0
2018-05-27 18:32:11.815,94.34,0.138058545864,0.0,0
2018-05-27 18:32:11.908,94.25,0.138058545864,0.0,0
2018-05-27 18:32:12.256,95.66,0.138058545864,0.0,0
2018-05-27 18:32:12.340,95.96,0.138058545864,0.0,0
2018-05-27 18:32:12.434,97.25,0.138058545864,0.0,0
2018-05-27 18:32:12.601,98.19,0.138058545864,0.0,0
2018-05-27 18:32:12.694,98.87,0.138058545864,0.0,0
2018-05-27 18:32:12.787,100.61,0.138058545864,0.0,0
2018-05-27 18:32:12.871,100.56,0.138058545864,0.0,0
2018-05-27 18:32:13.126,102.22,0.138058545864,0.0,0
2018-05-27 18:32:13.219,101.7,0.138058545864,0.0,0
2018-05-27 18:32:13.396,101.61,0.138058545864,0.0,0
2018-05-27 18:32:13.489,101.28,0.138058545864,0.0,0
2018-05-27 18:32:13.582,100.38,0.138058545864,0.0,0
2018-05-27 18:32:13.675,101.17,0.138058545864,0.0,0
2018-05-27 18:32:13.862,100.14,0.138058545864,0.0,0
2018-05-27 18:32:14.117,99.46,0.138058545864,0.0,0
2018-05-27 18:32:14.303,98.85,0.138058545864,0.0,0
2018-05-27 18:32:14.387,98.94,0.138058545864,0.0,0
2018-05-27 18:32:14.666,97.28,0.138058545864,0.0,0
2018-05-27 18:32:14.759,96.71,0.138058545864,0.0,0
2018-05-27 18:32:14.852,96.52,0.138058545864,0.0,0
2018-05-27 18:32:15.099,96.67,0.138058545864,0.0,0
2018-05-27 18:32:15.284,96.05,0.138058545864,0.0,0
2018-05-27 18:32:15.470,95.33,0.138058545864,0.0,0
2018-05-27 18:32:15.555,95.16,0.138058545864,0.0,0
2018-05-27 18:32:15.647,94.47,0.138058545864,0.0,0
2018-05-27 18:32:15.741,94.11,0.138058545864,0.0,0
2018-05-27 18:32:15.834,94.07,0.138058545864,0.0,0
2018-05-27 18:32:15.927,93.97,0.138058545864,0.0,0
2018-05-27 18:32:16.089,93.91,0.138058545864,0.0,0
2018-05-27 18:32:16.182,93.41,0.138058545864,0.0,0
2018-05-27 18:32:16.275,93.27,0.138058545864,0.0,0
2018-05-27 18:32:16.359,92.75,0.138058545864,0.0,0
2018-05-27 18:32:16.452,92.46,0.138058545864,0.0,0
2018-05-27 18:32:16.545,92.23,0.138058545864,0.0,0
2018-05-27 18:32:16.722,91.35,0.138058545864,0.0,0
2018-05-27 18:32:16.815,91.62,0.138058545864,0.0,0
2018-05-27 18:32:16.909,91.44,0.138058545864,0.0,0
2018-05-27 18:32:17.070,91.34,0.138058545864,0.0,0
2018-05-27 18:32:17.163,91.09,0.138058545864,0.0,0
2018-05-27 18:32:17.257,91.18,0.138058545864,0.0,0
2018-05-27 18:32:17.340,90.46,0.138058545864,0.0,0
2018-05-27 18:32:17.434,90.52,0.138058545864,0.0,0
2018-05-27 18:32:17.521,89.97,0.138058545864,0.0,0
2018-05-27 18:32:17.610,89.41,0.138058545864,0.0,0
2018-05-27 18:32:17.694,88.6,0.138058545864,0.0,0
2018-05-27 18:32:17.787,88.93,0.138058545864,0.0,0
2018-05-27 18:32:18.033,89.03,0.138058545864,0.0,0
2018-05-27 18:32:18.126,88.5,0.138058545864,0.0,0
2018-05-27 18:32:18.219,88.15,0.138058545864,0.0,0
2018-05-27 18:32:18.396,86.81,0.138058545864,0.0,0
2018-05-27 18:32:18.582,87.69,0.138058545864,0.0,0
2018-05-27 18:32:18.675,86.78,0.138058545864,0.0,0
2018-05-27 18:32:18.861,86.27,0.138058545864,0.0,0
2018-05-27 18:32:19.116,86.16,0.138058545864,0.0,0
2018-05-27 18:32:19.210,85.56,0.138058545864,0.0,0
2018-05-27 18:32:19.387,85.5,0.138058545864,0.0,0
2018-05-27 18:32:19.573,84.5,0.138058545864,0.0,0
2018-05-27 18:32:19.759,84.6,0.138058545864,0.0,0
2018-05-27 18:32:20.014,83.76,0.138058545864,0.0,0
2018-05-27 18:32:20.200,82.32,0.138058545864,0.0,0
2018-05-27 18:32:20.377,82.02,0.138058545864,0.0,0
2018-05-27 18:32:20.470,81.41,0.138058545864,0.0,0
2018-05-27 18:32:20.656,81.26,0.138058545864,0.0,0
2018-05-27 18:32:20.750,81.18,0.138058545864,0.0,0
2018-05-27 18:32:21.098,80.35,0.138058545864,0.0,0
2018-05-27 18:32:21.191,79.24,0.138058545864,0.0,0
2018-05-27 18:32:21.368,79.64,0.138058545864,0.0,0
2018-05-27 18:32:21.545,79.35,0.138058545864,0.0,0
2018-05-27 18:32:21.638,78.96,0.138058545864,0.0,0
2018-05-27 18:32:21.824,77.82,0.138058545864,0.0,0
2018-05-27 18:32:21.917,78.54,0.138058545864,0.0,0
2018-05-27 18:32:22.079,78.1,0.138058545864,0.0,0
2018-05-27 18:32:22.173,78.01,0.138058545864,0.0,0
2018-05-27 18:32:22.265,78.19,0.138058545864,0.0,0
2018-05-27 18:32:22.358,77.38,0.138058545864,0.0,0
2018-05-27 18:32:22.545,77.52,0.138058545864,0.0,0
2018-05-27 18:32:22.638,76.69,0.138058545864,0.0,0
2018-05-27 18:32:22.731,76.66,0.138058545864,0.0,0
2018-05-27 18:32:23.079,76.02,0.138058545864,0.0,0
2018-05-27 18:32:23.266,75.32,0.138058545864,0.0,0
2018-05-27 18:32:23.349,75.5,0.138058545864,0.0,0
2018-05-27 18:32:23.451,75.12,0.138058545864,0.0,0
2018-05-27 18:32:23.545,74.68,0.138058545864,0.0,0
2018-05-27 18:32:23.638,75.13,0.138058545864,0.0,0
2018-05-27 18:32:23.824,73.7,0.138058545864,0.0,0
2018-05-27 18:32:23.917,74.32,0.138058545864,0.0,0
2018-05-27 18:32:24.079,73.69,0.138058545864,0.0,0
2018-05-27 18:32:24.172,73.77,0.138058545864,0.0,0
2018-05-27 18:32:24.256,73.26,0.138058545864,0.0,0
2018-05-27 18:32:24.442,73.12,0.138058545864,0.0,0
2018-05-27 18:32:24.628,72.79,0.138058545864,0.0,0
2018-05-27 18:32:24.908,71.53,0.138058545864,0.0,0
2018-05-27 18:32:25.070,71.67,0.138058545864,0.0,0
2018-05-27 18:32:25.247,71.53,0.138058545864,0.0,0
2018-05-27 18:32:25.423,70.66,0.138058545864,0.0,0
2018-05-27 18:32:25.508,71.08,0.138058545864,0.0,0
2018-05-27 18:32:25.591,70.43,0.138058545864,0.0,0
2018-05-27 18:32:26.032,69.31,0.138058545864,0.0,0
2018-05-27 18:32:26.116,69.58,0.138058545864,0.0,0
2018-05-27 18:32:26.209,68.94,0.138058545864,0.0,0
2018-05-27 18:32:26.302,69.15,0.138058545864,0.0,0
2018-05-27 18:32:26.479,68.08,0.138058545864,0.0,0
2018-05-27 18:32:26.759,68.34,0.138058545864,0.0,0
2018-05-27 18:32:26.842,67.86,0.138058545864,0.0,0
2018-05-27 18:32:27.004,68.05,0.138058545864,0.0,0
2018-05-27 18:32:27.097,67.21,0.138058545864,0.0,0
2018-05-27 18:32:27.377,67.16,0.138058545864,0.0,0
2018-05-27 18:32:27.461,66.87,0.138058545864,0.0,0
2018-05-27 18:32:27.554,66.5,0.138058545864,0.0,0
2018-05-27 18:32:27.731,65.93,0.138058545864,0.0,0
2018-05-27 18:32:28.079,65.2,0.138058545864,0.0,0
2018-05-27 18:32:28.172,65.44,0.138058545864,0.0,0
2018-05-27 18:32:28.265,65.03,0.138058545864,0.0,0
2018-05-27 18:32:28.358,65.27,0.138058545864,0.0,0
2018-05-27 18:32:28.442,64.85,0.138058545864,0.0,0
2018-05-27 18:32:28.535,64.64,0.138058545864,0.0,0
2018-05-27 18:32:28.619,64.06,0.138058545864,0.0,0
2018-05-27 18:32:28.712,64.44,0.138058545864,0.0,0
2018-05-27 18:32:28.796,62.98,0.138058545864,0.0,0
2018-05-27 18:32:29.042,63.58,0.138058545864,0.0,0
2018-05-27 18:32:29.209,62.9,0.138058545864,0.0,0
2018-05-27 18:32:29.302,62.64,0.138058545864,0.0,0
2018-05-27 18:32:29.489,62.38,0.138058545864,0.0,0
2018-05-27 18:32:29.665,62.06,0.138058545864,0.0,0
2018-05-27 18:32:29.852,61.45,0.138058545864,0.0,0
2018-05-27 18:32:30.014,61.15,0.138058545864,0.0,0
2018-05-27 18:32:30.107,60.48,0.138058545864,0.0,0
2018-05-27 18:32:30.200,60.62,0.138058545864,0.0,0
2018-05-27 18:32:30.377,60.7,0.138058545864,0.0,0
2018-05-27 18:32:30.471,59.79,0.138058545864,0.0,0
2018-05-27 18:32:30.554,59.98,0.138058545864,0.0,0
2018-05-27 18:32:30.647,59.96,0.138058545864,0.0,0
2018-05-27 18:32:30.740,60.1,0.138058545864,0.0,0
2018-05-27 18:32:30.926,58.85,0.138058545864,0.0,0
2018-05-27 18:32:31.088,58.91,0.138058545864,0.0,0
2018-05-27 18:32:31.274,58.15,0.112810386877,0.0500000007451,0
2018-05-27 18:32:31.358,58.02,0.0906213267703,0.0500000007451,0
2018-05-27 18:32:31.451,58.01,0.0713912319113,0.0500000007451,0
2018-05-27 18:32:31.637,57.38,0.054998263009,0.0500000007451,0
2018-05-27 18:32:31.731,57.36,0.0412947210195,0.0500000007451,0
2018-05-27 18:32:31.824,57.41,0.0301030005602,0.0500000007451,0
2018-05-27 18:32:31.917,57.35,0.0412947232396,0.0500000007451,0
2018-05-27 18:32:32.079,56.37,0.0478206718064,0.0250000003725,0
2018-05-27 18:32:32.172,56.62,0.0628486852768,0.0500000007451,0
2018-05-27 18:32:32.265,56.45,0.0806434705513,0.0500000007451,0
2018-05-27 18:32:32.349,56.23,0.0806434705513,0.0500000007451,0
2018-05-27 18:32:32.442,56.0,0.0628486852768,0.0,0
2018-05-27 18:32:32.535,56.05,0.0478206718064,0.0,0
2018-05-27 18:32:32.628,55.66,0.0353972499929,0.0,0
2018-05-27 18:32:32.907,56.46,0.0353972479932,0.0,0
2018-05-27 18:32:33.069,56.3,0.0478206693574,0.0,0
2018-05-27 18:32:33.162,57.11,0.0628486823466,0.0,0
2018-05-27 18:32:33.256,57.45,0.0713912319113,0.0,0
2018-05-27 18:32:33.340,57.98,0.0906213267703,0.0,0
2018-05-27 18:32:33.432,58.56,0.112810386877,0.0,0
2018-05-27 18:32:33.526,58.29,0.138058545864,0.0,0
2018-05-27 18:32:33.619,58.43,0.138058545864,0.0,0
2018-05-27 18:32:33.712,59.26,0.138058545864,0.0,0
2018-05-27 18:32:33.805,59.74,0.138058545864,0.0,0
2018-05-27 18:32:33.893,59.29,0.138058545864,0.0,0
2018-05-27 18:32:34.051,59.65,0.138058545864,0.0,0
2018-05-27 18:32:34.135,60.58,0.138058545864,0.0,0
2018-05-27 18:32:34.218,60.77,0.138058545864,0.0,0
2018-05-27 18:32:34.311,60.66,0.138058545864,0.0,0
2018-05-27 18:32:34.399,61.95,0.138058545864,0.0,0
2018-05-27 18:32:34.573,63.32,0.138058545864,0.0,0
2018-05-27 18:32:34.665,63.54,0.138058545864,0.0,0
2018-05-27 18:32:34.758,63.71,0.138058545864,0.0,0
2018-05-27 18:32:34.852,64.75,0.138058545864,0.0,0
2018-05-27 18:32:35.013,65.11,0.138058545864,0.0,0
2018-05-27 18:32:35.106,65.53,0.138058545864,0.0,0
2018-05-27 18:32:35.200,66.18,0.138058545864,0.0,0
2018-05-27 18:32:35.386,66.57,0.138058545864,0.0,0
2018-05-27 18:32:35.572,68.02,0.138058545864,0.0,0
2018-05-27 18:32:35.665,67.19,0.138058545864,0.0,0
2018-05-27 18:32:35.758,67.31,0.138058545864,0.0,0
2018-05-27 18:32:36.014,66.75,0.138058545864,0.0,0
2018-05-27 18:32:36.190,66.25,0.138058545864,0.0,0
2018-05-27 18:32:36.360,65.9,0.138058545864,0.0,0
2018-05-27 18:32:36.460,65.81,0.138058545864,0.0,0
2018-05-27 18:32:36.544,65.54,0.138058545864,0.0,0
2018-05-27 18:32:36.917,63.97,0.138058545864,0.0,0
2018-05-27 18:32:37.265,64.09,0.138058545864,0.0,0
2018-05-27 18:32:37.349,63.66,0.138058545864,0.0,0
2018-05-27 18:32:37.442,62.97,0.138058545864,0.0,0
2018-05-27 18:32:37.535,63.2,0.138058545864,0.0,0
2018-05-27 18:32:37.628,63.12,0.138058545864,0.0,0
2018-05-27 18:32:37.721,62.63,0.138058545864,0.0,0
2018-05-27 18:32:37.814,62.59,0.138058545864,0.0,0
2018-05-27 18:32:38.069,61.71,0.138058545864,0.0,0
2018-05-27 18:32:38.255,61.54,0.138058545864,0.0,0
2018-05-27 18:32:38.339,61.28,0.138058545864,0.0,0
2018-05-27 18:32:38.525,61.73,0.138058545864,0.0,0
2018-05-27 18:32:38.805,62.89,0.138058545864,0.0,0
2018-05-27 18:32:38.893,62.23,0.138058545864,0.0,0
2018-05-27 18:32:39.227,63.72,0.138058545864,0.0,0
2018-05-27 18:32:39.321,63.59,0.138058545864,0.0,0
2018-05-27 18:32:39.404,64.56,0.138058545864,0.0,0
2018-05-27 18:32:39.497,64.51,0.138058545864,0.0,0
2018-05-27 18:32:39.777,64.99,0.138058545864,0.0,0
2018-05-27 18:32:40.032,65.98,0.138058545864,0.0,0
2018-05-27 18:32:40.125,67.46,0.138058545864,0.0,0
2018-05-27 18:32:40.218,67.84,0.138058545864,0.0,0
2018-05-27 18:32:40.488,68.46,0.138058545864,0.0,0
2018-05-27 18:32:40.581,69.5,0.138058545864,0.0,0
2018-05-27 18:32:40.674,69.73,0.138058545864,0.0,0
2018-05-27 18:32:41.022,72.34,0.138058545864,0.0,0
2018-05-27 18:32:41.209,73.58,0.138058545864,0.0,0
2018-05-27 18:32:41.572,75.63,0.138058545864,0.0,0
2018-05-27 18:32:41.758,77.7,0.138058545864,0.0,0
2018-05-27 18:32:41.851,77.77,0.138058545864,0.0,0
2018-05-27 18:32:42.376,81.8,0.138058545864,0.0,0
2018-05-27 18:32:42.469,81.79,0.138058545864,0.0,0
2018-05-27 18:32:43.097,85.67,0.138058545864,0.0,0
2018-05-27 18:32:43.367,88.64,0.138058545864,0.0,0
2018-05-27 18:32:43.739,88.59,0.138058545864,0.0,0
2018-05-27 18:32:43.832,87.63,0.138058545864,0.0,0
2018-05-27 18:32:44.181,86.39,0.138058545864,0.0,0
2018-05-27 18:32:44.264,87.11,0.138058545864,0.0,0
2018-05-27 18:32:44.450,86.41,0.138058545864,0.0,0
2018-05-27 18:32:44.543,85.42,0.138058545864,0.0,0
2018-05-27 18:32:44.823,86.39,0.138058545864,0.0,0
2018-05-27 18:32:44.916,86.73,0.138058545864,0.0,0
2018-05-27 18:32:45.078,86.89,0.138058545864,0.0,0
2018-05-27 18:32:45.255,85.5,0.138058545864,0.0,0
2018-05-27 18:32:45.441,85.61,0.138058545864,0.0,0
2018-05-27 18:32:45.627,84.49,0.138058545864,0.0,0
2018-05-27 18:32:45.813,83.8,0.138058545864,0.0,0
2018-05-27 18:32:45.907,83.27,0.138058545864,0.0,0
2018-05-27 18:32:46.068,84.21,0.138058545864,0.0,0
2018-05-27 18:32:46.255,82.43,0.138058545864,0.0,0
2018-05-27 18:32:46.338,82.45,0.138058545864,0.0,0
2018-05-27 18:32:46.432,83.44,0.138058545864,0.0,0
2018-05-27 18:32:46.525,83.03,0.138058545864,0.0,0
2018-05-27 18:32:46.618,82.43,0.138058545864,0.0,0
2018-05-27 18:32:46.711,82.73,0.138058545864,0.0,0
2018-05-27 18:32:46.804,83.37,0.138058545864,0.0,0
2018-05-27 18:32:46.892,83.85,0.138058545864,0.0,0
2018-05-27 18:32:47.050,83.16,0.138058545864,0.0,0
2018-05-27 18:32:47.134,83.27,0.138058545864,0.0,0
2018-05-27 18:32:47.217,84.54,0.138058545864,0.0,0
2018-05-27 18:32:47.310,84.65,0.138058545864,0.0,0
2018-05-27 18:32:47.404,84.77,0.138058545864,0.0,0
2018-05-27 18:32:47.487,85.51,0.138058545864,0.0,0
2018-05-27 18:32:47.580,86.33,0.138058545864,0.0,0
2018-05-27 18:32:47.674,86.39,0.138058545864,0.0,0
2018-05-27 18:32:47.767,86.87,0.138058545864,0.0,0
2018-05-27 18:32:47.860,86.54,0.138058545864,0.0,0
2018-05-27 18:32:48.022,87.61,0.138058545864,0.0,0
2018-05-27 18:32:48.115,87.84,0.138058545864,0.0,0
2018-05-27 18:32:48.208,88.18,0.138058545864,0.0,0
2018-05-27 18:32:48.385,89.95,0.138058545864,0.0,0
2018-05-27 18:32:48.571,91.78,0.138058545864,0.0,0
2018-05-27 18:32:48.664,92.33,0.138058545864,0.0,0
2018-05-27 18:32:48.753,91.72,0.138058545864,0.0,0
2018-05-27 18:32:48.841,92.35,0.138058545864,0.0,0
2018-05-27 18:32:49.096,94.86,0.138058545864,0.0,0
2018-05-27 18:32:49.292,95.94,0.138058545864,0.0,0
2018-05-27 18:32:49.376,95.96,0.138058545864,0.0,0
2018-05-27 18:32:49.469,95.55,0.138058545864,0.0,0
2018-05-27 18:32:49.552,94.76,0.138058545864,0.0,0
2018-05-27 18:32:49.739,94.82,0.138058545864,0.0,0
2018-05-27 18:32:49.823,94.11,0.138058545864,0.0,0
2018-05-27 18:32:49.916,94.45,0.138058545864,0.0,0
2018-05-27 18:32:50.087,93.8,0.138058545864,0.0,0
2018-05-27 18:32:50.180,93.6,0.138058545864,0.0,0
2018-05-27 18:32:50.273,93.25,0.138058545864,0.0,0
2018-05-27 18:32:50.366,93.31,0.138058545864,0.0,0
2018-05-27 18:32:50.450,92.41,0.138058545864,0.0,0
2018-05-27 18:32:50.543,91.79,0.138058545864,0.0,0
2018-05-27 18:32:50.636,91.43,0.138058545864,0.0,0
2018-05-27 18:32:50.813,91.01,0.138058545864,0.0,0
2018-05-27 18:32:50.906,91.08,0.138058545864,0.0,0
2018-05-27 18:32:51.068,90.25,0.138058545864,0.0,0
2018-05-27 18:32:51.161,89.91,0.138058545864,0.0,0
2018-05-27 18:32:51.254,90.26,0.138058545864,0.0,0
2018-05-27 18:32:51.431,90.2,0.138058545864,0.0,0
2018-05-27 18:32:51.524,89.28,0.138058545864,0.0,0
2018-05-27 18:32:51.617,89.06,0.138058545864,0.0,0
2018-05-27 18:32:51.706,88.14,0.138058545864,0.0,0
2018-05-27 18:32:51.794,88.23,0.138058545864,0.0,0
2018-05-27 18:32:51.878,87.51,0.138058545864,0.0,0
2018-05-27 18:32:52.031,87.91,0.138058545864,0.0,0
2018-05-27 18:32:52.124,88.02,0.138058545864,0.0,0
2018-05-27 18:32:52.217,87.1,0.138058545864,0.0,0
2018-05-27 18:32:52.394,86.52,0.138058545864,0.0,0
2018-05-27 18:32:52.580,87.1,0.138058545864,0.0,0
2018-05-27 18:32:52.766,86.23,0.138058545864,0.0,0
2018-05-27 18:32:52.859,85.14,0.138058545864,0.0,0
2018-05-27 18:32:53.021,84.96,0.138058545864,0.0,0
2018-05-27 18:32:53.208,84.8,0.138058545864,0.0,0
2018-05-27 18:32:53.301,84.63,0.138058545864,0.0,0
2018-05-27 18:32:53.478,84.19,0.138058545864,0.0,0
2018-05-27 18:32:53.757,85.26,0.138058545864,0.0,0
2018-05-27 18:32:53.850,85.97,0.138058545864,0.0,0
2018-05-27 18:32:54.012,85.45,0.138058545864,0.0,0
2018-05-27 18:32:54.198,86.65,0.138058545864,0.0,0
2018-05-27 18:32:54.291,87.05,0.138058545864,0.0,0
2018-05-27 18:32:54.375,87.74,0.138058545864,0.0,0
2018-05-27 18:32:54.561,89.28,0.138058545864,0.0,0
2018-05-27 18:32:54.654,88.55,0.138058545864,0.0,0
2018-05-27 18:32:54.748,89.69,0.138058545864,0.0,0
2018-05-27 18:32:54.841,90.54,0.138058545864,0.0,0
2018-05-27 18:32:55.096,92.17,0.138058545864,0.0,0
2018-05-27 18:32:55.189,92.99,0.138058545864,0.0,0
2018-05-27 18:32:55.282,93.48,0.138058545864,0.0,0
2018-05-27 18:32:55.366,93.8,0.138058545864,0.0,0
2018-05-27 18:32:55.645,94.61,0.138058545864,0.0,0
2018-05-27 18:32:55.738,95.28,0.138058545864,0.0,0
2018-05-27 18:32:55.831,94.92,0.138058545864,0.0,0
2018-05-27 18:32:55.925,94.92,0.138058545864,0.0,0
2018-05-27 18:32:56.086,95.45,0.138058545864,0.0,0
2018-05-27 18:32:56.179,95.78,0.138058545864,0.0,0
2018-05-27 18:32:56.272,94.61,0.138058545864,0.0,0
2018-05-27 18:32:56.357,94.15,0.138058545864,0.0,0
2018-05-27 18:32:56.449,93.39,0.138058545864,0.0,0
2018-05-27 18:32:56.822,93.52,0.138058545864,0.0,0
2018-05-27 18:32:57.170,92.04,0.138058545864,0.0,0
2018-05-27 18:32:57.263,92.49,0.138058545864,0.0,0
2018-05-27 18:32:57.356,92.35,0.138058545864,0.0,0
2018-05-27 18:32:57.440,91.47,0.138058545864,0.0,0
2018-05-27 18:32:57.719,90.24,0.138058545864,0.0,0
2018-05-27 18:32:57.813,90.2,0.138058545864,0.0,0
2018-05-27 18:32:58.067,89.15,0.138058545864,0.0,0
2018-05-27 18:32:58.254,89.85,0.138058545864,0.0,0
2018-05-27 18:32:58.431,89.24,0.138058545864,0.0,0
2018-05-27 18:32:58.524,88.37,0.138058545864,0.0,0
2018-05-27 18:32:58.710,88.21,0.138058545864,0.0,0
2018-05-27 18:32:59.766,85.03,0.138058545864,0.0,0
2018-05-27 18:32:59.859,84.66,0.138058545864,0.0,0
2018-05-27 18:33:00.021,85.26,0.138058545864,0.0,0
2018-05-27 18:33:00.114,85.2,0.138058545864,0.0,0
2018-05-27 18:33:00.207,85.77,0.138058545864,0.0,0
2018-05-27 18:33:00.393,85.3,0.138058545864,0.0,0
2018-05-27 18:33:00.477,85.99,0.138058545864,0.0,0
2018-05-27 18:33:00.570,86.67,0.138058545864,0.0,0
2018-05-27 18:33:00.663,86.94,0.138058545864,0.0,0
2018-05-27 18:33:00.850,86.91,0.138058545864,0.0,0
2018-05-27 18:33:01.104,87.82,0.138058545864,0.0,0
2018-05-27 18:33:01.374,89.57,0.138058545864,0.0,0
2018-05-27 18:33:01.551,89.59,0.138058545864,0.0,0
2018-05-27 18:33:01.645,90.36,0.138058545864,0.0,0
2018-05-27 18:33:01.738,90.87,0.138058545864,0.0,0
2018-05-27 18:33:01.915,91.75,0.138058545864,0.0,0
2018-05-27 18:33:02.077,91.82,0.138058545864,0.0,0
2018-05-27 18:33:02.263,93.08,0.138058545864,0.0,0
2018-05-27 18:33:02.356,93.63,0.138058545864,0.0,0
2018-05-27 18:33:02.440,94.83,0.138058545864,0.0,0
2018-05-27 18:33:02.533,94.98,0.138058545864,0.0,0
2018-05-27 18:33:02.626,94.75,0.138058545864,0.0,0
2018-05-27 18:33:02.710,95.89,0.138058545864,0.0,0
2018-05-27 18:33:02.804,96.62,0.138058545864,0.0,0
2018-05-27 18:33:02.891,97.18,0.138058545864,0.0,0
2018-05-27 18:33:03.049,97.83,0.138058545864,0.0,0
2018-05-27 18:33:03.225,98.74,0.138058545864,0.0,0
2018-05-27 18:33:03.309,98.94,0.138058545864,0.0,0
2018-05-27 18:33:03.496,99.9,0.138058545864,0.0,0
2018-05-27 18:33:03.589,100.02,0.138058545864,0.0,0
2018-05-27 18:33:03.682,100.37,0.138058545864,0.0,0
2018-05-27 18:33:03.775,101.38,0.138058545864,0.0,0
2018-05-27 18:33:03.868,101.98,0.138058545864,0.0,0
2018-05-27 18:33:04.021,102.82,0.138058545864,0.0,0
2018-05-27 18:33:04.114,101.98,0.138058545864,0.0,0
2018-05-27 18:33:04.300,103.97,0.138058545864,0.0,0
2018-05-27 18:33:04.384,104.05,0.138058545864,0.0,0
2018-05-27 18:33:04.477,105.29,0.138058545864,0.0,0
2018-05-27 18:33:04.570,104.64,0.138058545864,0.0,0
2018-05-27 18:33:04.663,105.75,0.138058545864,0.0,0
2018-05-27 18:33:04.840,107.23,0.138058545864,0.0,0
2018-05-27 18:33:05.002,107.09,0.138058545864,0.0,0
2018-05-27 18:33:05.188,108.79,0.138058545864,0.0,0
2018-05-27 18:33:05.281,108.82,0.138058545864,0.0,0
2018-05-27 18:33:05.347,109.71,0.138058545864,0.0,0
2018-05-27 18:33:05.738,111.32,0.138058545864,0.0,0
2018-05-27 18:33:05.830,110.8,0.138058545864,0.0,0
2018-05-27 18:33:06.085,112.87,0.138058545864,0.0,0
2018-05-27 18:33:06.179,111.99,0.138058545864,0.0,0
2018-05-27 18:33:06.272,112.53,0.138058545864,0.0,0
2018-05-27 18:33:06.355,111.86,0.138058545864,0.0,0
2018-05-27 18:33:06.542,111.34,0.138058545864,0.0,0
2018-05-27 18:33:06.635,110.92,0.138058545864,0.0,0
2018-05-27 18:33:06.905,109.96,0.138058545864,0.0,0
2018-05-27 18:33:07.160,110.16,0.138058545864,0.0,0
2018-05-27 18:33:07.253,109.17,0.138058545864,0.0,0
2018-05-27 18:33:07.337,109.35,0.138058545864,0.0,0
2018-05-27 18:33:07.430,108.66,0.138058545864,0.0,0
2018-05-27 18:33:07.520,108.68,0.138058545864,0.0,0
2018-05-27 18:33:07.607,107.92,0.138058545864,0.0,0
2018-05-27 18:33:07.691,107.84,0.138058545864,0.0,0
2018-05-27 18:33:07.868,107.21,0.138058545864,0.0,0
2018-05-27 18:33:08.123,106.22,0.138058545864,0.0,0
2018-05-27 18:33:08.216,105.92,0.138058545864,0.0,0
2018-05-27 18:33:08.309,106.73,0.138058545864,0.0,0
2018-05-27 18:33:08.393,106.29,0.138058545864,0.0,0
2018-05-27 18:33:08.579,104.45,0.138058545864,0.0,0
2018-05-27 18:33:08.672,104.73,0.138058545864,0.0,0
2018-05-27 18:33:08.765,104.29,0.138058545864,0.0,0
2018-05-27 18:33:08.858,103.35,0.138058545864,0.0,0
2018-05-27 18:33:09.113,103.14,0.138058545864,0.0,0
2018-05-27 18:33:09.206,102.54,0.138058545864,0.0,0
2018-05-27 18:33:09.300,102.76,0.138058545864,0.0,0
2018-05-27 18:33:09.476,101.82,0.138058545864,0.0,0
2018-05-27 18:33:09.663,101.62,0.138058545864,0.0,0
2018-05-27 18:33:09.849,100.68,0.138058545864,0.0,0
2018-05-27 18:33:10.011,100.35,0.138058545864,0.0,0
2018-05-27 18:33:10.104,100.12,0.138058545864,0.0,0
2018-05-27 18:33:10.197,99.5,0.138058545864,0.0,0
2018-05-27 18:33:10.467,100.71,0.138058545864,0.0,0
2018-05-27 18:33:10.653,100.41,0.138058545864,0.0,0
2018-05-27 18:33:10.746,100.99,0.138058545864,0.0,0
2018-05-27 18:33:11.551,105.58,0.138058545864,0.0,0
2018-05-27 18:33:12.085,106.59,0.138058545864,0.0,0
2018-05-27 18:33:12.271,107.04,0.138058545864,0.0,0
2018-05-27 18:33:12.355,107.2,0.138058545864,0.0,0
2018-05-27 18:33:12.541,106.45,0.138058545864,0.0,0
2018-05-27 18:33:12.821,105.53,0.138058545864,0.0,0
2018-05-27 18:33:12.914,105.48,0.138058545864,0.0,0
2018-05-27 18:33:13.076,104.41,0.138058545864,0.0,0
2018-05-27 18:33:13.169,104.22,0.138058545864,0.0,0
2018-05-27 18:33:13.253,104.06,0.138058545864,0.0,0
2018-05-27 18:33:13.346,104.16,0.138058545864,0.0,0
2018-05-27 18:33:13.532,102.57,0.138058545864,0.0,0
2018-05-27 18:33:13.625,102.2,0.138058545864,0.0,0
2018-05-27 18:33:13.718,101.75,0.138058545864,0.0,0
2018-05-27 18:33:13.811,101.44,0.138058545864,0.0,0
2018-05-27 18:33:13.904,101.94,0.138058545864,0.0,0
2018-05-27 18:33:14.066,100.8,0.138058545864,0.0,0
2018-05-27 18:33:14.160,100.94,0.138058545864,0.0,0
2018-05-27 18:33:14.429,99.32,0.138058545864,0.0,0
2018-05-27 18:33:14.709,99.17,0.138058545864,0.0,0
2018-05-27 18:33:15.485,99.46,0.138058545864,0.0,0
2018-05-27 18:33:15.672,98.78,0.138058545864,0.0,0
2018-05-27 18:33:15.765,99.93,0.138058545864,0.0,0
2018-05-27 18:33:15.858,99.66,0.138058545864,0.0,0
2018-05-27 18:33:16.103,100.75,0.138058545864,0.0,0
2018-05-27 18:33:16.206,100.67,0.138058545864,0.0,0
2018-05-27 18:33:16.383,100.73,0.138058545864,0.0,0
2018-05-27 18:33:16.569,101.69,0.138058545864,0.0,0
2018-05-27 18:33:16.755,100.64,0.138058545864,0.0,0
2018-05-27 18:33:16.834,100.71,0.138058545864,0.0,0
2018-05-27 18:33:16.923,99.4,0.138058545864,0.0,0
2018-05-27 18:33:17.086,99.66,0.138058545864,0.0,0
2018-05-27 18:33:17.373,99.34,0.138058545864,0.0,0
2018-05-27 18:33:17.457,99.14,0.138058545864,0.0,0
2018-05-27 18:33:17.550,98.95,0.138058545864,0.0,0
2018-05-27 18:33:17.727,97.78,0.138058545864,0.0,0
2018-05-27 18:33:17.820,97.06,0.138058545864,0.0,0
2018-05-27 18:33:18.075,96.24,0.138058545864,0.0,0
2018-05-27 18:33:18.168,96.52,0.138058545864,0.0,0
2018-05-27 18:33:18.261,96.03,0.138058545864,0.0,0
2018-05-27 18:33:18.355,96.02,0.138058545864,0.0,0
2018-05-27 18:33:18.439,95.4,0.138058545864,0.0,0
2018-05-27 18:33:18.522,94.93,0.138058545864,0.0,0
2018-05-27 18:33:18.615,94.53,0.138058545864,0.0,0
2018-05-27 18:33:18.890,94.23,0.138058545864,0.0,0
2018-05-27 18:33:19.047,93.88,0.138058545864,0.0,0
2018-05-27 18:33:19.215,93.17,0.138058545864,0.0,0
2018-05-27 18:33:19.587,92.19,0.138058545864,0.0,0
2018-05-27 18:33:19.680,91.96,0.138058545864,0.0,0
2018-05-27 18:33:19.774,91.55,0.138058545864,0.0,0
2018-05-27 18:33:20.029,90.28,0.138058545864,0.0,0
2018-05-27 18:33:20.308,89.26,0.138058545864,0.0,0
2018-05-27 18:33:20.401,89.12,0.138058545864,0.0,0
2018-05-27 18:33:20.485,88.27,0.138058545864,0.0,0
2018-05-27 18:33:20.671,88.46,0.138058545864,0.0,0
2018-05-27 18:33:20.764,88.6,0.138058545864,0.0,0
2018-05-27 18:33:20.857,87.89,0.138058545864,0.0,0
2018-05-27 18:33:21.019,87.48,0.138058545864,0.0,0
2018-05-27 18:33:21.112,87.24,0.138058545864,0.0,0
2018-05-27 18:33:21.205,87.11,0.138058545864,0.0,0
2018-05-27 18:33:21.299,86.42,0.138058545864,0.0,0
2018-05-27 18:33:21.392,86.24,0.138058545864,0.0,0
2018-05-27 18:33:21.485,86.35,0.138058545864,0.0,0
2018-05-27 18:33:21.578,86.45,0.138058545864,0.0,0
2018-05-27 18:33:21.671,85.88,0.138058545864,0.0,0
2018-05-27 18:33:21.764,85.02,0.138058545864,0.0,0
2018-05-27 18:33:22.020,84.52,0.138058545864,0.0,0
2018-05-27 18:33:22.205,85.13,0.138058545864,0.0,0
2018-05-27 18:33:22.299,85.05,0.138058545864,0.0,0
2018-05-27 18:33:22.569,85.45,0.138058545864,0.0,0
2018-05-27 18:33:22.848,85.75,0.138058545864,0.0,0
2018-05-27 18:33:23.466,87.37,0.138058545864,0.0,0
2018-05-27 18:33:24.187,90.0,0.138058545864,0.0,0
2018-05-27 18:33:24.280,90.16,0.138058545864,0.0,0
2018-05-27 18:33:24.457,90.35,0.138058545864,0.0,0
2018-05-27 18:33:24.736,92.33,0.138058545864,0.0,0
2018-05-27 18:33:25.540,93.58,0.138058545864,0.0,0
2018-05-27 18:33:25.634,94.69,0.138058545864,0.0,0
2018-05-27 18:33:25.727,94.73,0.138058545864,0.0,0
2018-05-27 18:33:25.820,94.77,0.138058545864,0.0,0
2018-05-27 18:33:26.075,95.63,0.138058545864,0.0,0
2018-05-27 18:33:26.168,95.1,0.138058545864,0.0,0
2018-05-27 18:33:26.345,94.82,0.138058545864,0.0,0
2018-05-27 18:33:26.438,94.56,0.138058545864,0.0,0
2018-05-27 18:33:26.624,93.51,0.138058545864,0.0,0
2018-05-27 18:33:26.810,92.9,0.138058545864,0.0,0
2018-05-27 18:33:26.903,92.62,0.138058545864,0.0,0
2018-05-27 18:33:27.345,91.52,0.138058545864,0.0,0
2018-05-27 18:33:27.428,90.89,0.138058545864,0.0,0
2018-05-27 18:33:27.615,90.05,0.138058545864,0.0,0
2018-05-27 18:33:27.708,89.69,0.138058545864,0.0,0
2018-05-27 18:33:27.801,89.27,0.138058545864,0.0,0
2018-05-27 18:33:28.047,89.28,0.138058545864,0.0,0
2018-05-27 18:33:28.131,88.93,0.138058545864,0.0,0
2018-05-27 18:33:28.400,87.93,0.138058545864,0.0,0
2018-05-27 18:33:28.484,88.02,0.138058545864,0.0,0
2018-05-27 18:33:28.577,87.54,0.138058545864,0.0,0
2018-05-27 18:33:28.671,87.51,0.138058545864,0.0,0
2018-05-27 18:33:28.764,87.18,0.138058545864,0.0,0
2018-05-27 18:33:28.858,86.63,0.138058545864,0.0,0
2018-05-27 18:33:29.019,86.89,0.138058545864,0.0,0
2018-05-27 18:33:29.298,88.25,0.138058545864,0.0,0
2018-05-27 18:33:29.391,89.09,0.138058545864,0.0,0
2018-05-27 18:33:29.568,89.21,0.138058545864,0.0,0
2018-05-27 18:33:30.093,90.97,0.138058545864,0.0,0
2018-05-27 18:33:30.186,92.16,0.138058545864,0.0,0
2018-05-27 18:33:30.372,93.46,0.138058545864,0.0,0
2018-05-27 18:33:30.456,94.9,0.138058545864,0.0,0
2018-05-27 18:33:30.819,97.35,0.138058545864,0.0,0
2018-05-27 18:33:30.912,98.18,0.138058545864,0.0,0
2018-05-27 18:33:31.074,97.63,0.138058545864,0.0,0
2018-05-27 18:33:31.167,98.61,0.138058545864,0.0,0
2018-05-27 18:33:31.247,99.72,0.138058545864,0.0,0
2018-05-27 18:33:31.344,100.81,0.138058545864,0.0,0
2018-05-27 18:33:31.428,101.07,0.138058545864,0.0,0
2018-05-27 18:33:31.531,102.47,0.138058545864,0.0,0
2018-05-27 18:33:31.624,103.26,0.138058545864,0.0,0
2018-05-27 18:33:31.717,103.06,0.138058545864,0.0,0
2018-05-27 18:33:31.807,104.22,0.138058545864,0.0,0
2018-05-27 18:33:31.894,103.96,0.138058545864,0.0,0
2018-05-27 18:33:32.139,104.43,0.138058545864,0.0,0
2018-05-27 18:33:32.223,103.89,0.138058545864,0.0,0
2018-05-27 18:33:32.317,103.29,0.138058545864,0.0,0
2018-05-27 18:33:32.400,103.02,0.138058545864,0.0,0
2018-05-27 18:33:32.493,102.63,0.138058545864,0.0,0
2018-05-27 18:33:32.587,101.95,0.138058545864,0.0,0
2018-05-27 18:33:32.680,102.4,0.138058545864,0.0,0
2018-05-27 18:33:33.028,100.97,0.138058545864,0.0,0
2018-05-27 18:33:33.121,100.68,0.138058545864,0.0,0
2018-05-27 18:33:33.586,98.5,0.138058545864,0.0,0
2018-05-27 18:33:33.680,99.19,0.138058545864,0.0,0
2018-05-27 18:33:34.121,101.06,0.138058545864,0.0,0
2018-05-27 18:33:34.214,100.52,0.138058545864,0.0,0
2018-05-27 18:33:34.391,102.33,0.138058545864,0.0,0
2018-05-27 18:33:34.484,102.12,0.138058545864,0.0,0
2018-05-27 18:33:34.577,104.18,0.138058545864,0.0,0
2018-05-27 18:33:34.763,104.85,0.138058545864,0.0,0
2018-05-27 18:33:34.856,105.98,0.138058545864,0.0,0
2018-05-27 18:33:35.018,107.25,0.138058545864,0.0,0
2018-05-27 18:33:35.383,109.84,0.138058545864,0.0,0
2018-05-27 18:33:35.474,109.68,0.138058545864,0.0,0
2018-05-27 18:33:35.661,110.5,0.138058545864,0.0,0
2018-05-27 18:33:35.754,110.92,0.138058545864,0.0,0
2018-05-27 18:33:35.847,113.02,0.138058545864,0.0,0
2018-05-27 18:33:36.102,114.28,0.138058545864,0.0,0
2018-05-27 18:33:36.372,115.74,0.138058545864,0.0,0
2018-05-27 18:33:36.651,113.65,0.138058545864,0.0,0
2018-05-27 18:33:36.838,113.31,0.138058545864,0.0,0
2018-05-27 18:33:36.931,113.18,0.138058545864,0.0,0
2018-05-27 18:33:37.186,112.25,0.138058545864,0.0,0
2018-05-27 18:33:37.279,111.34,0.138058545864,0.0,0
2018-05-27 18:33:37.363,111.25,0.138058545864,0.0,0
2018-05-27 18:33:37.456,111.07,0.138058545864,0.0,0
2018-05-27 18:33:37.549,110.87,0.138058545864,0.0,0
2018-05-27 18:33:37.642,109.85,0.138058545864,0.0,0
2018-05-27 18:33:37.735,109.91,0.138058545864,0.0,0
2018-05-27 18:33:37.820,109.82,0.138058545864,0.0,0
2018-05-27 18:33:38.167,108.39,0.138058545864,0.0,0
2018-05-27 18:33:38.437,107.76,0.138058545864,0.0,0
2018-05-27 18:33:38.903,104.76,0.138058545864,0.0,0
2018-05-27 18:33:39.614,103.47,0.138058545864,0.0,0
2018-05-27 18:33:39.707,103.07,0.138058545864,0.0,0
2018-05-27 18:33:39.800,101.61,0.138058545864,0.0,0
2018-05-27 18:33:40.130,101.03,0.138058545864,0.0,0
2018-05-27 18:33:40.213,100.76,0.138058545864,0.0,0
2018-05-27 18:33:40.306,100.31,0.138058545864,0.0,0
2018-05-27 18:33:40.390,100.68,0.138058545864,0.0,0
2018-05-27 18:33:40.483,100.64,0.138058545864,0.0,0
2018-05-27 18:33:40.577,101.54,0.138058545864,0.0,0
2018-05-27 18:33:41.390,106.24,0.138058545864,0.0,0
2018-05-27 18:33:41.474,107.22,0.138058545864,0.0,0
2018-05-27 18:33:41.744,108.84,0.138058545864,0.0,0
2018-05-27 18:33:41.930,109.17,0.138058545864,0.0,0
2018-05-27 18:33:42.092,108.67,0.138058545864,0.0,0
2018-05-27 18:33:42.278,108.94,0.138058545864,0.0,0
2018-05-27 18:33:42.371,108.7,0.138058545864,0.0,0
2018-05-27 18:33:42.455,108.35,0.138058545864,0.0,0
2018-05-27 18:33:42.828,107.65,0.138058545864,0.0,0
2018-05-27 18:33:43.269,105.08,0.138058545864,0.0,0
2018-05-27 18:33:43.353,105.28,0.138058545864,0.0,0
2018-05-27 18:33:43.446,104.57,0.138058545864,0.0,0
2018-05-27 18:33:43.539,105.14,0.138058545864,0.0,0
2018-05-27 18:33:43.809,103.52,0.138058545864,0.0,0
2018-05-27 18:33:44.064,103.44,0.138058545864,0.0,0
2018-05-27 18:33:44.343,102.39,0.138058545864,0.0,0
2018-05-27 18:33:44.427,101.99,0.138058545864,0.0,0
2018-05-27 18:33:44.604,100.17,0.138058545864,0.0,0
2018-05-27 18:33:44.772,100.23,0.138058545864,0.0,0
2018-05-27 18:33:45.110,100.16,0.138058545864,0.0,0
2018-05-27 18:33:45.213,99.27,0.138058545864,0.0,0
2018-05-27 18:33:45.474,98.32,0.138058545864,0.0,0
2018-05-27 18:33:45.660,97.49,0.138058545864,0.0,0
2018-05-27 18:33:45.846,97.38,0.138058545864,0.0,0
2018-05-27 18:33:46.008,97.45,0.138058545864,0.0,0
2018-05-27 18:33:46.278,96.64,0.138058545864,0.0,0
2018-05-27 18:33:46.548,95.26,0.138058545864,0.0,0
2018-05-27 18:33:46.827,95.93,0.138058545864,0.0,0
2018-05-27 18:33:47.083,96.53,0.138058545864,0.0,0
2018-05-27 18:33:47.269,97.18,0.138058545864,0.0,0
2018-05-27 18:33:47.445,99.01,0.138058545864,0.0,0
2018-05-27 18:33:47.539,99.93,0.138058545864,0.0,0
2018-05-27 18:33:47.725,101.52,0.138058545864,0.0,0
2018-05-27 18:33:48.539,106.64,0.138058545864,0.0,0
2018-05-27 18:33:48.632,107.75,0.138058545864,0.0,0
2018-05-27 18:33:48.725,107.72,0.138058545864,0.0,0
2018-05-27 18:33:48.818,108.75,0.138058545864,0.0,0
2018-05-27 18:33:48.911,108.66,0.138058545864,0.0,0
2018-05-27 18:33:49.073,107.65,0.138058545864,0.0,0
2018-05-27 18:33:49.167,108.05,0.138058545864,0.0,0
2018-05-27 18:33:49.259,107.59,0.138058545864,0.0,0
2018-05-27 18:33:49.352,106.6,0.138058545864,0.0,0
2018-05-27 18:33:49.445,106.52,0.138058545864,0.0,0
2018-05-27 18:33:49.538,106.55,0.138058545864,0.0,0
2018-05-27 18:33:49.725,105.14,0.138058545864,0.0,0
2018-05-27 18:33:49.818,105.73,0.138058545864,0.0,0
2018-05-27 18:33:49.911,105.78,0.138058545864,0.0,0
2018-05-27 18:33:50.073,105.45,0.138058545864,0.0,0
2018-05-27 18:33:50.166,105.92,0.138058545864,0.0,0
2018-05-27 18:33:50.259,106.5,0.138058545864,0.0,0
2018-05-27 18:33:50.343,107.13,0.138058545864,0.0,0
2018-05-27 18:33:50.436,107.06,0.138058545864,0.0,0
2018-05-27 18:33:50.520,107.5,0.138058545864,0.0,0
2018-05-27 18:33:50.613,109.11,0.138058545864,0.0,0
2018-05-27 18:33:50.706,109.42,0.138058545864,0.0,0
2018-05-27 18:33:50.799,109.57,0.138058545864,0.0,0
2018-05-27 18:33:51.045,110.91,0.138058545864,0.0,0
2018-05-27 18:33:51.129,110.71,0.138058545864,0.0,0
2018-05-27 18:33:51.212,109.35,0.138058545864,0.0,0
2018-05-27 18:33:51.305,108.57,0.138058545864,0.0,0
2018-05-27 18:33:51.389,109.83,0.138058545864,0.0,0
2018-05-27 18:33:51.483,109.12,0.138058545864,0.0,0
2018-05-27 18:33:51.566,107.89,0.138058545864,0.0,0
2018-05-27 18:33:51.659,107.84,0.138058545864,0.0,0
2018-05-27 18:33:51.753,107.9,0.138058545864,0.0,0
2018-05-27 18:33:51.930,106.95,0.138058545864,0.0,0
2018-05-27 18:33:52.184,106.72,0.138058545864,0.0,0
2018-05-27 18:33:52.361,105.99,0.138058545864,0.0,0
2018-05-27 18:33:52.445,106.61,0.138058545864,0.0,0
2018-05-27 18:33:52.725,107.9,0.138058545864,0.0,0
2018-05-27 18:33:52.911,109.76,0.138058545864,0.0,0
2018-05-27 18:33:53.073,109.54,0.138058545864,0.0,0
2018-05-27 18:33:53.165,110.23,0.138058545864,0.0,0
2018-05-27 18:33:53.259,109.71,0.138058545864,0.0,0
2018-05-27 18:33:53.352,108.87,0.138058545864,0.0,0
2018-05-27 18:33:53.445,109.31,0.138058545864,0.0,0
2018-05-27 18:33:53.538,108.95,0.138058545864,0.0,0
2018-05-27 18:33:53.631,108.23,0.138058545864,0.0,0
2018-05-27 18:33:53.724,108.39,0.138058545864,0.0,0
2018-05-27 18:33:53.808,107.9,0.138058545864,0.0,0
2018-05-27 18:33:53.901,106.53,0.138058545864,0.0,0
2018-05-27 18:33:54.063,106.36,0.138058545864,0.0,0
2018-05-27 18:33:54.334,105.26,0.138058545864,0.0,0
2018-05-27 18:33:54.426,105.49,0.138058545864,0.0,0
2018-05-27 18:33:54.519,105.2,0.138058545864,0.0,0
2018-05-27 18:33:54.613,105.16,0.138058545864,0.0,0
2018-05-27 18:33:54.706,104.58,0.138058545864,0.0,0
2018-05-27 18:33:54.799,103.68,0.138058545864,0.0,0
2018-05-27 18:33:54.887,103.38,0.138058545864,0.0,0
2018-05-27 18:33:55.044,104.05,0.138058545864,0.0,0
2018-05-27 18:33:55.128,103.91,0.138058545864,0.0,0
2018-05-27 18:33:55.221,103.49,0.138058545864,0.0,0
2018-05-27 18:33:55.305,103.03,0.138058545864,0.0,0
2018-05-27 18:33:55.482,101.62,0.138058545864,0.0,0
2018-05-27 18:33:55.575,101.95,0.138058545864,0.0,0
2018-05-27 18:33:55.668,101.94,0.138058545864,0.0,0
2018-05-27 18:33:55.761,102.03,0.138058545864,0.0,0
2018-05-27 18:33:56.016,100.71,0.138058545864,0.0,0
2018-05-27 18:33:56.109,102.22,0.138058545864,0.0,0
2018-05-27 18:33:56.296,102.96,0.138058545864,0.0,0
2018-05-27 18:33:56.379,103.27,0.138058545864,0.0,0
2018-05-27 18:33:56.472,104.05,0.138058545864,0.0,0
2018-05-27 18:33:56.566,104.03,0.138058545864,0.0,0
2018-05-27 18:33:56.659,103.17,0.138058545864,0.0,0
2018-05-27 18:33:56.752,104.11,0.138058545864,0.0,0
2018-05-27 18:33:57.007,103.46,0.138058545864,0.0,0
2018-05-27 18:33:57.100,102.33,0.138058545864,0.0,0
2018-05-27 18:33:57.286,102.89,0.138058545864,0.0,0
2018-05-27 18:33:57.370,102.6,0.138058545864,0.0,0
2018-05-27 18:33:57.463,101.85,0.138058545864,0.0,0
2018-05-27 18:33:57.556,101.16,0.138058545864,0.0,0
2018-05-27 18:33:57.742,101.26,0.138058545864,0.0,0
2018-05-27 18:33:57.929,100.18,0.138058545864,0.0,0
2018-05-27 18:33:58.091,98.97,0.138058545864,0.0,0
2018-05-27 18:33:58.184,99.21,0.138058545864,0.0,0
2018-05-27 18:33:58.454,97.85,0.138058545864,0.0,0
2018-05-27 18:33:58.547,98.42,0.138058545864,0.0,0
2018-05-27 18:33:58.640,98.68,0.138058545864,0.0,0
2018-05-27 18:33:58.733,98.47,0.138058545864,0.0,0
2018-05-27 18:33:58.826,98.87,0.138058545864,0.0,0
2018-05-27 18:33:59.081,99.67,0.138058545864,0.0,0
2018-05-27 18:33:59.258,100.31,0.138058545864,0.0,0
2018-05-27 18:33:59.351,101.51,0.138058545864,0.0,0
2018-05-27 18:33:59.444,102.67,0.138058545864,0.0,0
2018-05-27 18:33:59.635,102.0,0.138058545864,0.0,0
2018-05-27 18:33:59.714,101.71,0.138058545864,0.0,0
2018-05-27 18:33:59.806,101.46,0.138058545864,0.0,0
2018-05-27 18:34:00.063,101.9,0.138058545864,0.0,0
2018-05-27 18:34:00.155,101.55,0.138058545864,0.0,0
2018-05-27 18:34:00.246,101.43,0.138058545864,0.0,0
2018-05-27 18:34:00.343,100.14,0.138058545864,0.0,0
2018-05-27 18:34:00.425,100.28,0.138058545864,0.0,0
2018-05-27 18:34:00.519,99.97,0.138058545864,0.0,0
2018-05-27 18:34:00.612,99.73,0.138058545864,0.0,0
2018-05-27 18:34:00.705,99.95,0.138058545864,0.0,0
2018-05-27 18:34:00.886,99.16,0.138058545864,0.0,0
2018-05-27 18:34:01.050,99.12,0.138058545864,0.0,0
2018-05-27 18:34:01.137,98.48,0.138058545864,0.0,0
2018-05-27 18:34:01.221,98.4,0.138058545864,0.0,0
2018-05-27 18:34:01.304,97.82,0.138058545864,0.0,0
2018-05-27 18:34:01.481,97.25,0.138058545864,0.0,0
2018-05-27 18:34:01.668,96.8,0.138058545864,0.0,0
2018-05-27 18:34:01.761,96.0,0.138058545864,0.0,0
2018-05-27 18:34:01.854,95.49,0.138058545864,0.0,0
2018-05-27 18:34:02.016,95.98,0.138058545864,0.0,0
2018-05-27 18:34:02.109,95.38,0.138058545864,0.0,0
2018-05-27 18:34:02.202,95.58,0.138058545864,0.0,0
2018-05-27 18:34:02.295,95.12,0.138058545864,0.0,0
2018-05-27 18:34:02.379,95.41,0.138058545864,0.0,0
2018-05-27 18:34:02.565,96.07,0.138058545864,0.0,0
2018-05-27 18:34:02.659,97.01,0.138058545864,0.0,0
2018-05-27 18:34:02.844,98.55,0.138058545864,0.0,0
2018-05-27 18:34:03.099,98.3,0.138058545864,0.0,0
2018-05-27 18:34:03.192,98.09,0.138058545864,0.0,0
2018-05-27 18:34:03.379,96.7,0.138058545864,0.0,0
2018-05-27 18:34:03.462,96.87,0.138058545864,0.0,0
2018-05-27 18:34:03.556,96.3,0.138058545864,0.0,0
2018-05-27 18:34:03.742,95.75,0.138058545864,0.0,0
2018-05-27 18:34:03.835,95.24,0.138058545864,0.0,0
2018-05-27 18:34:03.928,95.55,0.138058545864,0.0,0
2018-05-27 18:34:04.090,94.85,0.138058545864,0.0,0
2018-05-27 18:34:04.276,94.59,0.138058545864,0.0,0
2018-05-27 18:34:04.546,93.89,0.138058545864,0.0,0
2018-05-27 18:34:04.639,93.22,0.138058545864,0.0,0
2018-05-27 18:34:04.733,93.6,0.138058545864,0.0,0
2018-05-27 18:34:04.825,93.41,0.138058545864,0.0,0
2018-05-27 18:34:05.080,92.91,0.138058545864,0.0,0
2018-05-27 18:34:05.267,91.56,0.138058545864,0.0,0
2018-05-27 18:34:05.556,91.41,0.138058545864,0.0,0
2018-05-27 18:34:05.648,90.73,0.138058545864,0.0,0
2018-05-27 18:34:05.835,90.24,0.138058545864,0.0,0
2018-05-27 18:34:05.928,89.45,0.138058545864,0.0,0
2018-05-27 18:34:06.090,89.37,0.138058545864,0.0,0
2018-05-27 18:34:06.183,89.2,0.138058545864,0.0,0
2018-05-27 18:34:06.276,88.91,0.138058545864,0.0,0
2018-05-27 18:34:06.453,88.81,0.138058545864,0.0,0
2018-05-27 18:34:06.546,88.59,0.138058545864,0.0,0
2018-05-27 18:34:06.732,87.35,0.138058545864,0.0,0
2018-05-27 18:34:06.909,87.98,0.138058545864,0.0,0
2018-05-27 18:34:07.071,88.27,0.138058545864,0.0,0
2018-05-27 18:34:07.164,88.68,0.138058545864,0.0,0
2018-05-27 18:34:07.257,88.9,0.138058545864,0.0,0
2018-05-27 18:34:07.350,90.1,0.138058545864,0.0,0
2018-05-27 18:34:07.434,90.11,0.138058545864,0.0,0
2018-05-27 18:34:07.527,90.31,0.138058545864,0.0,0
2018-05-27 18:34:07.620,91.23,0.138058545864,0.0,0
2018-05-27 18:34:07.714,91.71,0.138058545864,0.0,0
2018-05-27 18:34:07.890,93.69,0.138058545864,0.0,0
2018-05-27 18:34:08.052,94.32,0.138058545864,0.0,0
2018-05-27 18:34:08.145,94.95,0.138058545864,0.0,0
2018-05-27 18:34:08.332,95.93,0.138058545864,0.0,0
2018-05-27 18:34:08.425,96.38,0.138058545864,0.0,0
2018-05-27 18:34:08.518,95.57,0.138058545864,0.0,0
2018-05-27 18:34:08.611,95.59,0.138058545864,0.0,0
2018-05-27 18:34:08.704,95.03,0.138058545864,0.0,0
2018-05-27 18:34:08.885,94.41,0.138058545864,0.0,0
2018-05-27 18:34:09.033,93.19,0.138058545864,0.0,0
2018-05-27 18:34:09.210,93.68,0.138058545864,0.0,0
2018-05-27 18:34:09.304,93.32,0.138058545864,0.0,0
2018-05-27 18:34:09.490,92.68,0.138058545864,0.0,0
2018-05-27 18:34:09.583,92.41,0.138058545864,0.0,0
2018-05-27 18:34:09.676,92.17,0.138058545864,0.0,0
2018-05-27 18:34:09.769,91.98,0.138058545864,0.0,0
2018-05-27 18:34:09.853,90.87,0.138058545864,0.0,0
2018-05-27 18:34:10.024,90.95,0.138058545864,0.0,0
2018-05-27 18:34:10.117,90.88,0.138058545864,0.0,0
2018-05-27 18:34:10.210,90.67,0.138058545864,0.0,0
2018-05-27 18:34:10.303,90.52,0.138058545864,0.0,0
2018-05-27 18:34:10.391,90.63,0.138058545864,0.0,0
2018-05-27 18:34:10.490,89.9,0.138058545864,0.0,0
2018-05-27 18:34:10.588,90.08,0.138058545864,0.0,0
2018-05-27 18:34:10.769,89.86,0.138058545864,0.0,0
2018-05-27 18:34:10.862,89.15,0.138058545864,0.0,0
2018-05-27 18:34:11.117,88.06,0.138058545864,0.0,0
2018-05-27 18:34:11.210,88.33,0.138058545864,0.0,0
2018-05-27 18:34:11.303,87.99,0.138058545864,0.0,0
2018-05-27 18:34:11.480,88.8,0.138058545864,0.0,0
2018-05-27 18:34:11.574,88.81,0.138058545864,0.0,0
2018-05-27 18:34:11.853,89.63,0.138058545864,0.0,0
2018-05-27 18:34:12.193,90.8,0.138058545864,0.0,0
2018-05-27 18:34:12.378,92.55,0.138058545864,0.0,0
2018-05-27 18:34:12.471,93.04,0.138058545864,0.0,0
2018-05-27 18:34:12.564,93.86,0.138058545864,0.0,0
2018-05-27 18:34:12.657,94.0,0.138058545864,0.0,0
2018-05-27 18:34:12.750,95.05,0.138058545864,0.0,0
2018-05-27 18:34:13.098,94.62,0.138058545864,0.0,0
2018-05-27 18:34:13.191,94.26,0.138058545864,0.0,0
2018-05-27 18:34:13.461,93.35,0.138058545864,0.0,0
2018-05-27 18:34:13.555,92.64,0.138058545864,0.0,0
2018-05-27 18:34:13.648,92.27,0.138058545864,0.0,0
2018-05-27 18:34:13.927,91.6,0.138058545864,0.0,0
2018-05-27 18:34:14.089,90.92,0.138058545864,0.0,0
2018-05-27 18:34:14.452,89.38,0.138058545864,0.0,0
2018-05-27 18:34:14.545,89.36,0.138058545864,0.0,0
2018-05-27 18:34:14.815,89.56,0.138058545864,0.0,0
2018-05-27 18:34:15.163,87.99,0.138058545864,0.0,0
2018-05-27 18:34:15.256,88.11,0.138058545864,0.0,0
2018-05-27 18:34:15.349,87.34,0.138058545864,0.0,0
2018-05-27 18:34:15.433,87.77,0.138058545864,0.0,0
2018-05-27 18:34:15.610,87.22,0.138058545864,0.0,0
2018-05-27 18:34:15.796,86.96,0.138058545864,0.0,0
2018-05-27 18:34:15.885,88.11,0.138058545864,0.0,0
2018-05-27 18:34:16.042,88.74,0.138058545864,0.0,0
2018-05-27 18:34:16.126,88.65,0.138058545864,0.0,0
2018-05-27 18:34:16.219,87.75,0.138058545864,0.0,0
2018-05-27 18:34:16.303,88.74,0.138058545864,0.0,0
2018-05-27 18:34:16.573,91.92,0.138058545864,0.0,0
2018-05-27 18:34:16.666,92.44,0.138058545864,0.0,0
2018-05-27 18:34:16.852,94.29,0.138058545864,0.0,0
2018-05-27 18:34:17.201,96.46,0.138058545864,0.0,0
2018-05-27 18:34:17.387,97.29,0.138058545864,0.0,0
2018-05-27 18:34:17.480,97.82,0.138058545864,0.0,0
2018-05-27 18:34:17.666,99.58,0.138058545864,0.0,0
2018-05-27 18:34:18.014,100.8,0.138058545864,0.0,0
2018-05-27 18:34:18.107,101.17,0.138058545864,0.0,0
2018-05-27 18:34:18.377,101.11,0.138058545864,0.0,0
2018-05-27 18:34:18.470,100.39,0.138058545864,0.0,0
2018-05-27 18:34:18.843,98.72,0.138058545864,0.0,0
2018-05-27 18:34:19.086,98.57,0.138058545864,0.0,0
2018-05-27 18:34:19.275,98.26,0.138058545864,0.0,0
2018-05-27 18:34:19.360,97.3,0.138058545864,0.0,0
2018-05-27 18:34:19.656,96.37,0.138058545864,0.0,0
2018-05-27 18:34:19.750,96.27,0.138058545864,0.0,0
2018-05-27 18:34:20.004,94.77,0.138058545864,0.0,0
2018-05-27 18:34:20.098,95.1,0.138058545864,0.0,0
2018-05-27 18:34:20.284,95.21,0.138058545864,0.0,0
2018-05-27 18:34:20.368,93.54,0.138058545864,0.0,0
2018-05-27 18:34:20.461,94.42,0.138058545864,0.0,0
2018-05-27 18:34:20.554,94.16,0.138058545864,0.0,0
2018-05-27 18:34:20.647,94.75,0.138058545864,0.0,0
2018-05-27 18:34:20.740,94.58,0.138058545864,0.0,0
2018-05-27 18:34:20.833,95.1,0.138058545864,0.0,0
2018-05-27 18:34:20.926,95.31,0.138058545864,0.0,0
2018-05-27 18:34:21.088,95.47,0.138058545864,0.0,0
2018-05-27 18:34:21.181,96.35,0.138058545864,0.0,0
2018-05-27 18:34:21.274,96.54,0.138058545864,0.0,0
2018-05-27 18:34:21.359,97.03,0.138058545864,0.0,0
2018-05-27 18:34:21.451,97.82,0.138058545864,0.0,0
2018-05-27 18:34:21.544,98.53,0.138058545864,0.0,0
2018-05-27 18:34:21.638,98.2,0.138058545864,0.0,0
2018-05-27 18:34:21.731,99.09,0.138058545864,0.0,0
2018-05-27 18:34:21.824,99.82,0.138058545864,0.0,0
2018-05-27 18:34:21.917,101.38,0.138058545864,0.0,0
2018-05-27 18:34:22.079,102.03,0.138058545864,0.0,0
2018-05-27 18:34:22.172,102.75,0.138058545864,0.0,0
2018-05-27 18:34:22.265,102.99,0.138058545864,0.0,0
2018-05-27 18:34:22.349,103.65,0.138058545864,0.0,0
2018-05-27 18:34:22.442,103.55,0.138058545864,0.0,0
2018-05-27 18:34:22.535,105.08,0.138058545864,0.0,0
2018-05-27 18:34:22.628,105.6,0.138058545864,0.0,0
2018-05-27 18:34:22.814,104.7,0.138058545864,0.0,0
2018-05-27 18:34:22.907,104.88,0.138058545864,0.0,0
2018-05-27 18:34:23.069,103.44,0.138058545864,0.0,0
2018-05-27 18:34:23.162,103.58,0.138058545864,0.0,0
2018-05-27 18:34:23.256,103.28,0.138058545864,0.0,0
2018-05-27 18:34:23.339,102.96,0.138058545864,0.0,0
2018-05-27 18:34:23.433,103.16,0.138058545864,0.0,0
2018-05-27 18:34:23.526,102.74,0.138058545864,0.0,0
2018-05-27 18:34:23.712,101.37,0.138058545864,0.0,0
2018-05-27 18:34:23.805,101.25,0.138058545864,0.0,0
2018-05-27 18:34:23.898,101.56,0.138058545864,0.0,0
2018-05-27 18:34:24.060,101.34,0.138058545864,0.0,0
2018-05-27 18:34:24.246,100.32,0.138058545864,0.0,0
2018-05-27 18:34:24.330,99.54,0.138058545864,0.0,0
2018-05-27 18:34:24.423,99.02,0.138058545864,0.0,0
2018-05-27 18:34:24.516,98.89,0.138058545864,0.0,0
2018-05-27 18:34:24.609,99.18,0.138058545864,0.0,0
2018-05-27 18:34:24.702,98.86,0.138058545864,0.0,0
2018-05-27 18:34:24.796,98.14,0.138058545864,0.0,0
2018-05-27 18:34:24.884,98.5,0.138058545864,0.0,0
2018-05-27 18:34:25.041,97.71,0.138058545864,0.0,0
2018-05-27 18:34:25.125,97.8,0.138058545864,0.0,0
2018-05-27 18:34:25.209,96.93,0.138058545864,0.0,0
2018-05-27 18:34:25.302,97.12,0.138058545864,0.0,0
2018-05-27 18:34:25.395,96.54,0.138058545864,0.0,0
2018-05-27 18:34:25.479,96.12,0.138058545864,0.0,0
2018-05-27 18:34:25.572,96.39,0.138058545864,0.0,0
2018-05-27 18:34:25.665,95.63,0.138058545864,0.0,0
2018-05-27 18:34:25.758,95.37,0.138058545864,0.0,0
2018-05-27 18:34:26.013,94.19,0.138058545864,0.0,0
2018-05-27 18:34:26.106,93.72,0.138058545864,0.0,0
2018-05-27 18:34:26.199,94.0,0.138058545864,0.0,0
2018-05-27 18:34:26.293,94.55,0.138058545864,0.0,0
2018-05-27 18:34:26.376,95.02,0.138058545864,0.0,0
2018-05-27 18:34:26.554,95.37,0.138058545864,0.0,0
2018-05-27 18:34:26.646,95.61,0.138058545864,0.0,0
2018-05-27 18:34:26.740,96.13,0.138058545864,0.0,0
2018-05-27 18:34:26.833,95.66,0.138058545864,0.0,0
2018-05-27 18:34:27.088,97.57,0.138058545864,0.0,0
2018-05-27 18:34:27.181,98.06,0.138058545864,0.0,0
2018-05-27 18:34:27.274,99.1,0.138058545864,0.0,0
2018-05-27 18:34:27.461,101.2,0.138058545864,0.0,0
2018-05-27 18:34:27.637,101.89,0.138058545864,0.0,0
2018-05-27 18:34:27.824,103.34,0.138058545864,0.0,0
2018-05-27 18:34:28.358,107.51,0.138058545864,0.0,0
2018-05-27 18:34:28.534,108.13,0.138058545864,0.0,0
2018-05-27 18:34:28.721,110.25,0.138058545864,0.0,0
2018-05-27 18:34:28.898,110.92,0.138058545864,0.0,0
2018-05-27 18:34:29.153,112.17,0.138058545864,0.0,0
2018-05-27 18:34:29.246,113.21,0.138058545864,0.0,0
2018-05-27 18:34:29.329,113.09,0.138058545864,0.0,0
2018-05-27 18:34:29.697,110.59,0.138058545864,0.0,0
2018-05-27 18:34:29.786,112.26,0.138058545864,0.0,0
2018-05-27 18:34:30.115,110.02,0.138058545864,0.0,0
2018-05-27 18:34:30.478,109.21,0.138058545864,0.0,0
2018-05-27 18:34:30.665,107.16,0.138058545864,0.0,0
2018-05-27 18:34:31.013,106.2,0.138058545864,0.0,0
2018-05-27 18:34:31.106,107.26,0.138058545864,0.0,0
2018-05-27 18:34:31.469,106.08,0.138058545864,0.0,0
2018-05-27 18:34:31.842,104.65,0.138058545864,0.0,0
2018-05-27 18:34:32.096,103.49,0.138058545864,0.0,0
2018-05-27 18:34:32.190,103.47,0.138058545864,0.0,0
2018-05-27 18:34:32.283,103.28,0.138058545864,0.0,0
2018-05-27 18:34:32.460,102.69,0.138058545864,0.0,0
2018-05-27 18:34:32.553,102.14,0.138058545864,0.0,0
2018-05-27 18:34:32.739,102.02,0.138058545864,0.0,0
2018-05-27 18:34:32.832,101.26,0.138058545864,0.0,0
2018-05-27 18:34:32.925,100.86,0.138058545864,0.0,0
2018-05-27 18:34:33.087,99.78,0.138058545864,0.0,0
2018-05-27 18:34:33.171,99.94,0.138058545864,0.0,0
2018-05-27 18:34:33.450,101.39,0.138058545864,0.0,0
2018-05-27 18:34:33.730,101.93,0.138058545864,0.0,0
2018-05-27 18:34:33.823,102.12,0.138058545864,0.0,0
2018-05-27 18:34:33.916,103.62,0.138058545864,0.0,0
2018-05-27 18:34:34.078,104.42,0.138058545864,0.0,0
2018-05-27 18:34:34.171,103.8,0.138058545864,0.0,0
2018-05-27 18:34:34.357,105.8,0.138058545864,0.0,0
2018-05-27 18:34:34.441,106.85,0.138058545864,0.0,0
2018-05-27 18:34:34.525,107.24,0.138058545864,0.0,0
2018-05-27 18:34:34.711,107.73,0.138058545864,0.0,0
2018-05-27 18:34:34.804,109.2,0.138058545864,0.0,0
2018-05-27 18:34:35.059,110.39,0.138058545864,0.0,0
2018-05-27 18:34:35.152,111.61,0.138058545864,0.0,0
2018-05-27 18:34:35.245,111.48,0.138058545864,0.0,0
2018-05-27 18:34:35.329,111.16,0.138058545864,0.0,0
2018-05-27 18:34:35.422,113.28,0.138058545864,0.0,0
2018-05-27 18:34:35.515,113.52,0.138058545864,0.0,0
2018-05-27 18:34:35.608,114.8,0.138058545864,0.0,0
2018-05-27 18:34:35.701,115.0,0.138058545864,0.0,0
2018-05-27 18:34:35.795,116.21,0.138058545864,0.0,0
2018-05-27 18:34:35.883,116.39,0.138058545864,0.0,0
2018-05-27 18:34:36.124,118.83,0.138058545864,0.0,0
2018-05-27 18:34:36.208,119.07,0.138058545864,0.0,0
2018-05-27 18:34:36.757,123.63,0.138058545864,0.0,0
2018-05-27 18:34:36.850,123.7,0.138058545864,0.0,0
2018-05-27 18:34:37.105,124.69,0.138058545864,0.0,0
2018-05-27 18:34:37.198,123.8,0.138058545864,0.0,0
2018-05-27 18:34:37.282,123.66,0.138058545864,0.0,0
2018-05-27 18:34:37.375,122.57,0.138058545864,0.0,0
2018-05-27 18:34:37.459,123.45,0.138058545864,0.0,0
2018-05-27 18:34:37.552,121.15,0.138058545864,0.0,0
2018-05-27 18:34:37.645,121.08,0.138058545864,0.0,0
2018-05-27 18:34:37.832,121.2,0.138058545864,0.0,0
2018-05-27 18:34:37.925,121.02,0.138058545864,0.0,0
2018-05-27 18:34:38.180,119.53,0.138058545864,0.0,0
2018-05-27 18:34:38.273,119.78,0.138058545864,0.0,0
2018-05-27 18:34:38.450,118.8,0.138058545864,0.0,0
2018-05-27 18:34:38.543,118.43,0.138058545864,0.0,0
2018-05-27 18:34:38.636,118.22,0.138058545864,0.0,0
2018-05-27 18:34:38.729,117.35,0.138058545864,0.0,0
2018-05-27 18:34:38.822,118.04,0.138058545864,0.0,0
2018-05-27 18:34:38.916,116.66,0.138058545864,0.0,0
2018-05-27 18:34:39.078,116.9,0.138058545864,0.0,0
2018-05-27 18:34:39.264,116.16,0.138058545864,0.0,0
2018-05-27 18:34:39.440,114.81,0.138058545864,0.0,0
2018-05-27 18:34:39.534,114.1,0.138058545864,0.0,0
2018-05-27 18:34:39.720,113.69,0.138058545864,0.0,0
2018-05-27 18:34:39.813,113.45,0.138058545864,0.0,0
2018-05-27 18:34:40.068,112.53,0.138058545864,0.0,0
2018-05-27 18:34:40.161,112.93,0.138058545864,0.0,0
2018-05-27 18:34:40.254,111.62,0.138058545864,0.0,0
2018-05-27 18:34:40.431,112.23,0.138058545864,0.0,0
2018-05-27 18:34:40.617,110.94,0.138058545864,0.0,0
2018-05-27 18:34:40.710,110.96,0.138058545864,0.0,0
2018-05-27 18:34:40.888,109.6,0.138058545864,0.0,0
2018-05-27 18:34:41.142,108.93,0.138058545864,0.0,0
2018-05-27 18:34:41.328,108.48,0.138058545864,0.0,0
2018-05-27 18:34:41.422,107.74,0.138058545864,0.0,0
2018-05-27 18:34:41.589,108.06,0.138058545864,0.0,0
2018-05-27 18:34:41.775,107.37,0.138058545864,0.0,0
2018-05-27 18:34:41.869,107.87,0.138058545864,0.0,0
2018-05-27 18:34:42.198,108.74,0.138058545864,0.0,0
2018-05-27 18:34:43.086,114.51,0.138058545864,0.0,0
2018-05-27 18:34:43.272,114.94,0.138058545864,0.0,0
2018-05-27 18:34:43.449,114.85,0.138058545864,0.0,0
2018-05-27 18:34:43.542,113.52,0.138058545864,0.0,0
2018-05-27 18:34:43.729,112.86,0.138058545864,0.0,0
2018-05-27 18:34:43.822,113.03,0.138058545864,0.0,0
2018-05-27 18:34:43.915,112.57,0.138058545864,0.0,0
2018-05-27 18:34:44.077,112.25,0.138058545864,0.0,0
2018-05-27 18:34:44.171,111.55,0.138058545864,0.0,0
2018-05-27 18:34:44.263,111.44,0.138058545864,0.0,0
2018-05-27 18:34:44.356,111.82,0.138058545864,0.0,0
2018-05-27 18:34:44.449,110.58,0.138058545864,0.0,0
2018-05-27 18:34:44.542,110.51,0.138058545864,0.0,0
2018-05-27 18:34:44.635,110.41,0.138058545864,0.0,0
2018-05-27 18:34:44.729,109.17,0.138058545864,0.0,0
2018-05-27 18:34:44.822,109.35,0.138058545864,0.0,0
2018-05-27 18:34:44.915,108.14,0.138058545864,0.0,0
2018-05-27 18:34:45.077,108.1,0.138058545864,0.0,0
2018-05-27 18:34:45.254,108.27,0.138058545864,0.0,0
2018-05-27 18:34:45.347,107.36,0.138058545864,0.0,0
2018-05-27 18:34:45.626,105.96,0.138058545864,0.0,0
2018-05-27 18:34:45.719,105.61,0.138058545864,0.0,0
2018-05-27 18:34:45.812,106.1,0.138058545864,0.0,0
2018-05-27 18:34:45.905,105.87,0.138058545864,0.0,0
2018-05-27 18:34:46.067,104.63,0.138058545864,0.0,0
2018-05-27 18:34:46.160,104.64,0.138058545864,0.0,0
2018-05-27 18:34:46.244,104.94,0.138058545864,0.0,0
2018-05-27 18:34:46.337,104.8,0.138058545864,0.0,0
2018-05-27 18:34:46.430,103.07,0.138058545864,0.0,0
2018-05-27 18:34:46.523,103.54,0.138058545864,0.0,0
2018-05-27 18:34:46.617,102.86,0.138058545864,0.0,0
2018-05-27 18:34:46.803,103.13,0.138058545864,0.0,0
2018-05-27 18:34:46.896,102.44,0.138058545864,0.0,0
2018-05-27 18:34:47.058,101.44,0.138058545864,0.0,0
2018-05-27 18:34:47.142,101.27,0.138058545864,0.0,0
2018-05-27 18:34:47.416,100.95,0.138058545864,0.0,0
2018-05-27 18:34:47.589,100.25,0.138058545864,0.0,0
2018-05-27 18:34:47.766,99.69,0.138058545864,0.0,0
2018-05-27 18:34:47.859,99.24,0.138058545864,0.0,0
2018-05-27 18:34:48.114,97.94,0.138058545864,0.0,0
2018-05-27 18:34:48.188,98.76,0.138058545864,0.0,0
2018-05-27 18:34:48.290,97.9,0.138058545864,0.0,0
2018-05-27 18:34:48.374,97.37,0.138058545864,0.0,0
2018-05-27 18:34:48.467,97.58,0.138058545864,0.0,0
2018-05-27 18:34:48.561,96.35,0.138058545864,0.0,0
2018-05-27 18:34:48.840,96.72,0.138058545864,0.0,0
2018-05-27 18:34:49.002,96.37,0.138058545864,0.0,0
2018-05-27 18:34:49.086,96.2,0.138058545864,0.0,0
2018-05-27 18:34:49.179,97.13,0.138058545864,0.0,0
2018-05-27 18:34:49.365,97.62,0.138058545864,0.0,0
2018-05-27 18:34:49.449,98.0,0.138058545864,0.0,0
2018-05-27 18:34:49.542,98.32,0.138058545864,0.0,0
2018-05-27 18:34:49.728,98.85,0.138058545864,0.0,0
2018-05-27 18:34:49.812,98.88,0.138058545864,0.0,0
2018-05-27 18:34:49.905,99.74,0.138058545864,0.0,0
2018-05-27 18:34:50.523,104.01,0.138058545864,0.0,0
2018-05-27 18:34:50.616,104.82,0.138058545864,0.0,0
2018-05-27 18:34:50.793,105.32,0.138058545864,0.0,0
2018-05-27 18:34:51.384,102.83,0.138058545864,0.0,0
2018-05-27 18:34:51.477,103.27,0.138058545864,0.0,0
2018-05-27 18:34:51.849,101.0,0.138058545864,0.0,0
2018-05-27 18:34:52.011,101.66,0.138058545864,0.0,0
2018-05-27 18:34:52.104,100.8,0.138058545864,0.0,0
2018-05-27 18:34:52.374,99.93,0.138058545864,0.0,0
2018-05-27 18:34:52.560,99.41,0.138058545864,0.0,0
2018-05-27 18:34:52.653,98.98,0.138058545864,0.0,0
2018-05-27 18:34:53.281,97.35,0.138058545864,0.0,0
2018-05-27 18:34:53.374,97.56,0.138058545864,0.0,0
2018-05-27 18:34:53.923,97.85,0.138058545864,0.0,0
2018-05-27 18:34:54.272,98.62,0.138058545864,0.0,0
2018-05-27 18:34:54.355,99.15,0.138058545864,0.0,0
2018-05-27 18:34:54.448,99.82,0.138058545864,0.0,0
2018-05-27 18:34:54.541,99.98,0.138058545864,0.0,0
2018-05-27 18:34:54.728,102.29,0.138058545864,0.0,0
2018-05-27 18:34:54.821,102.82,0.138058545864,0.0,0
2018-05-27 18:34:54.914,103.52,0.138058545864,0.0,0
2018-05-27 18:34:55.076,103.63,0.138058545864,0.0,0
2018-05-27 18:34:55.170,104.57,0.138058545864,0.0,0
2018-05-27 18:34:55.811,105.48,0.138058545864,0.0,0
2018-05-27 18:34:55.905,105.93,0.138058545864,0.0,0
2018-05-27 18:34:56.150,105.09,0.138058545864,0.0,0
2018-05-27 18:34:56.243,104.55,0.138058545864,0.0,0
2018-05-27 18:34:56.337,103.71,0.138058545864,0.0,0
2018-05-27 18:34:56.430,104.24,0.138058545864,0.0,0
2018-05-27 18:34:56.709,102.64,0.138058545864,0.0,0
2018-05-27 18:34:56.895,102.54,0.138058545864,0.0,0
2018-05-27 18:34:57.141,101.74,0.138058545864,0.0,0
2018-05-27 18:34:57.327,100.87,0.138058545864,0.0,0
2018-05-27 18:34:57.673,99.7,0.138058545864,0.0,0
2018-05-27 18:34:57.765,99.6,0.138058545864,0.0,0
2018-05-27 18:34:57.858,99.73,0.138058545864,0.0,0
2018-05-27 18:34:58.020,99.3,0.138058545864,0.0,0
2018-05-27 18:34:58.299,97.88,0.138058545864,0.0,0
2018-05-27 18:34:58.392,97.0,0.138058545864,0.0,0
2018-05-27 18:34:58.476,97.32,0.138058545864,0.0,0
2018-05-27 18:34:58.569,96.56,0.138058545864,0.0,0
2018-05-27 18:34:58.662,96.54,0.138058545864,0.0,0
2018-05-27 18:34:58.848,96.15,0.138058545864,0.0,0
2018-05-27 18:34:59.010,96.11,0.138058545864,0.0,0
2018-05-27 18:34:59.103,95.96,0.138058545864,0.0,0
2018-05-27 18:34:59.290,94.97,0.138058545864,0.0,0
2018-05-27 18:34:59.374,94.28,0.138058545864,0.0,0
2018-05-27 18:34:59.467,94.57,0.138058545864,0.0,0
2018-05-27 18:34:59.560,94.37,0.138058545864,0.0,0
2018-05-27 18:34:59.653,94.18,0.138058545864,0.0,0
2018-05-27 18:34:59.746,93.61,0.138058545864,0.0,0
2018-05-27 18:34:59.839,93.4,0.138058545864,0.0,0
2018-05-27 18:35:00.001,93.17,0.138058545864,0.0,0
2018-05-27 18:35:00.094,92.85,0.138058545864,0.0,0
2018-05-27 18:35:00.187,92.65,0.138058545864,0.0,0
2018-05-27 18:35:00.280,92.26,0.138058545864,0.0,0
2018-05-27 18:35:00.373,92.25,0.138058545864,0.0,0
2018-05-27 18:35:00.458,92.27,0.138058545864,0.0,0
2018-05-27 18:35:00.727,92.78,0.138058545864,0.0,0
2018-05-27 18:35:00.820,92.83,0.138058545864,0.0,0
2018-05-27 18:35:01.169,93.34,0.138058545864,0.0,0
2018-05-27 18:35:01.262,93.21,0.138058545864,0.0,0
2018-05-27 18:35:01.345,93.22,0.138058545864,0.0,0
2018-05-27 18:35:01.439,93.57,0.138058545864,0.0,0
2018-05-27 18:35:01.532,94.04,0.138058545864,0.0,0
2018-05-27 18:35:01.615,94.24,0.138058545864,0.0,0
2018-05-27 18:35:01.709,93.95,0.138058545864,0.0,0
2018-05-27 18:35:02.867,98.72,0.138058545864,0.0,0
2018-05-27 18:35:03.299,102.49,0.138058545864,0.0,0
2018-05-27 18:35:03.392,102.18,0.138058545864,0.0,0
2018-05-27 18:35:03.485,103.72,0.138058545864,0.0,0
2018-05-27 18:35:03.578,104.88,0.138058545864,0.0,0
2018-05-27 18:35:03.671,105.69,0.138058545864,0.0,0
2018-05-27 18:35:03.857,106.12,0.138058545864,0.0,0
2018-05-27 18:35:04.019,107.5,0.138058545864,0.0,0
2018-05-27 18:35:04.206,108.04,0.138058545864,0.0,0
2018-05-27 18:35:04.290,107.15,0.138058545864,0.0,0
2018-05-27 18:35:04.382,108.36,0.138058545864,0.0,0
2018-05-27 18:35:04.476,107.48,0.138058545864,0.0,0
2018-05-27 18:35:04.569,106.79,0.138058545864,0.0,0
2018-05-27 18:35:04.662,107.5,0.138058545864,0.0,0
2018-05-27 18:35:04.755,106.19,0.138058545864,0.0,0
2018-05-27 18:35:04.923,105.84,0.138058545864,0.0,0
2018-05-27 18:35:05.085,106.11,0.138058545864,0.0,0
2018-05-27 18:35:05.345,105.28,0.138058545864,0.0,0
2018-05-27 18:35:05.559,103.4,0.138058545864,0.0,0
2018-05-27 18:35:05.652,103.84,0.138058545864,0.0,0
2018-05-27 18:35:05.832,103.86,0.138058545864,0.0,0
2018-05-27 18:35:06.177,102.01,0.138058545864,0.0,0
2018-05-27 18:35:06.271,100.98,0.138058545864,0.0,0
2018-05-27 18:35:06.364,102.02,0.138058545864,0.0,0
2018-05-27 18:35:06.448,101.37,0.138058545864,0.0,0
2018-05-27 18:35:06.531,101.56,0.138058545864,0.0,0
2018-05-27 18:35:06.718,100.44,0.138058545864,0.0,0
2018-05-27 18:35:06.811,99.26,0.138058545864,0.0,0
2018-05-27 18:35:06.904,99.28,0.138058545864,0.0,0
2018-05-27 18:35:07.252,99.14,0.138058545864,0.0,0
2018-05-27 18:35:07.522,99.18,0.138058545864,0.0,0
2018-05-27 18:35:07.894,98.94,0.138058545864,0.0,0
2018-05-27 18:35:08.429,101.67,0.138058545864,0.0,0
2018-05-27 18:35:08.522,101.99,0.138058545864,0.0,0
2018-05-27 18:35:08.615,102.81,0.138058545864,0.0,0
2018-05-27 18:35:08.708,103.58,0.138058545864,0.0,0
2018-05-27 18:35:09.056,105.6,0.138058545864,0.0,0
2018-05-27 18:35:09.336,107.65,0.138058545864,0.0,0
2018-05-27 18:35:09.429,108.4,0.138058545864,0.0,0
2018-05-27 18:35:09.606,108.97,0.138058545864,0.0,0
2018-05-27 18:35:09.699,110.61,0.138058545864,0.0,0
2018-05-27 18:35:09.792,110.8,0.138058545864,0.0,0
2018-05-27 18:35:09.885,112.27,0.138058545864,0.0,0
2018-05-27 18:35:10.047,112.75,0.138058545864,0.0,0
2018-05-27 18:35:10.233,114.14,0.138058545864,0.0,0
2018-05-27 18:35:10.503,115.39,0.138058545864,0.0,0
2018-05-27 18:35:10.671,117.91,0.138058545864,0.0,0
2018-05-27 18:35:10.764,118.39,0.138058545864,0.0,0
2018-05-27 18:35:11.112,121.49,0.138058545864,0.0,0
2018-05-27 18:35:11.298,122.51,0.138058545864,0.0,0
2018-05-27 18:35:11.661,126.52,0.138058545864,0.0,0
2018-05-27 18:35:12.009,128.83,0.138058545864,0.0,0
2018-05-27 18:35:12.103,129.62,0.138058545864,0.0,0
2018-05-27 18:35:12.382,131.34,0.138058545864,0.0,0
2018-05-27 18:35:12.466,132.84,0.12504656064,0.0250000003725,0
2018-05-27 18:35:12.838,131.03,0.12504656064,0.0,0
2018-05-27 18:35:13.186,130.47,0.12504656064,0.0,0
2018-05-27 18:35:13.363,129.77,0.12504656064,0.0,0
2018-05-27 18:35:13.549,127.94,0.12504656064,0.0,0
2018-05-27 18:35:13.736,127.76,0.12504656064,0.0,0
2018-05-27 18:35:14.084,125.68,0.12504656064,0.0,0
2018-05-27 18:35:14.271,125.19,0.12504656064,0.0,0
2018-05-27 18:35:14.633,122.69,0.12504656064,0.0,0
2018-05-27 18:35:14.726,123.21,0.12504656064,0.0,0
2018-05-27 18:35:15.074,122.54,0.138058545864,0.0,0
2018-05-27 18:35:15.438,122.15,0.138058545864,0.0,0
2018-05-27 18:35:15.531,121.45,0.138058545864,0.0,0
2018-05-27 18:35:15.810,120.54,0.138058545864,0.0,0
2018-05-27 18:35:15.903,120.65,0.138058545864,0.0,0
2018-05-27 18:35:16.065,121.13,0.138058545864,0.0,0
2018-05-27 18:35:16.335,121.26,0.138058545864,0.0,0
2018-05-27 18:35:16.428,122.1,0.138058545864,0.0,0
2018-05-27 18:35:16.521,121.76,0.138058545864,0.0,0
2018-05-27 18:35:16.614,121.29,0.138058545864,0.0,0
2018-05-27 18:35:16.708,122.16,0.138058545864,0.0,0
2018-05-27 18:35:16.894,121.99,0.138058545864,0.0,0
2018-05-27 18:35:17.056,122.71,0.138058545864,0.0,0
2018-05-27 18:35:17.149,121.94,0.138058545864,0.0,0
2018-05-27 18:35:17.233,122.81,0.138058545864,0.0,0
2018-05-27 18:35:17.326,122.51,0.138058545864,0.0,0
2018-05-27 18:35:17.503,122.57,0.138058545864,0.0,0
2018-05-27 18:35:17.586,123.01,0.138058545864,0.0,0
2018-05-27 18:35:17.670,122.3,0.138058545864,0.0,0
2018-05-27 18:35:17.764,123.69,0.138058545864,0.0,0
2018-05-27 18:35:17.857,122.39,0.138058545864,0.0,0
2018-05-27 18:35:18.018,123.2,0.138058545864,0.0,0
2018-05-27 18:35:18.111,124.53,0.138058545864,0.0,0
2018-05-27 18:35:18.298,124.76,0.138058545864,0.0,0
2018-05-27 18:35:18.391,125.55,0.138058545864,0.0,0
2018-05-27 18:35:18.475,125.07,0.138058545864,0.0,0
2018-05-27 18:35:18.568,125.95,0.138058545864,0.0,0
2018-05-27 18:35:18.661,126.2,0.138058545864,0.0,0
2018-05-27 18:35:18.838,127.31,0.138058545864,0.0,0
2018-05-27 18:35:19.009,127.55,0.138058545864,0.0,0
2018-05-27 18:35:19.093,127.1,0.138058545864,0.0,0
2018-05-27 18:35:19.186,127.13,0.138058545864,0.0,0
2018-05-27 18:35:19.367,128.47,0.138058545864,0.0,0
2018-05-27 18:35:19.642,131.65,0.138058545864,0.0,0
2018-05-27 18:35:19.736,131.9,0.138058545864,0.0,0
2018-05-27 18:35:19.922,132.88,0.138058545864,0.0,0
2018-05-27 18:35:20.176,134.13,0.138058545864,0.0,0
2018-05-27 18:35:20.270,134.75,0.138058545864,0.0,0
2018-05-27 18:35:20.354,136.29,0.138058545864,0.0,0
2018-05-27 18:35:20.447,135.99,0.138058545864,0.0,0
2018-05-27 18:35:20.633,135.02,0.138058545864,0.0,0
2018-05-27 18:35:20.838,134.62,0.138058545864,0.0,0
2018-05-27 18:35:20.931,133.91,0.138058545864,0.0,0
2018-05-27 18:35:21.186,132.43,0.138058545864,0.0,0
2018-05-27 18:35:21.372,131.42,0.138058545864,0.0,0
2018-05-27 18:35:21.456,131.43,0.138058545864,0.0,0
2018-05-27 18:35:21.643,129.54,0.138058545864,0.0,0
2018-05-27 18:35:21.828,129.22,0.138058545864,0.0,0
2018-05-27 18:35:22.083,129.14,0.138058545864,0.0,0
2018-05-27 18:35:22.176,127.89,0.138058545864,0.0,0
2018-05-27 18:35:22.363,127.52,0.138058545864,0.0,0
2018-05-27 18:35:22.446,126.49,0.138058545864,0.0,0
2018-05-27 18:35:22.540,125.68,0.138058545864,0.0,0
2018-05-27 18:35:22.633,125.98,0.138058545864,0.0,0
2018-05-27 18:35:22.819,124.74,0.138058545864,0.0,0
2018-05-27 18:35:23.074,123.28,0.138058545864,0.0,0
2018-05-27 18:35:23.260,122.92,0.138058545864,0.0,0
2018-05-27 18:35:23.344,121.11,0.138058545864,0.0,0
2018-05-27 18:35:23.437,121.21,0.138058545864,0.0,0
2018-05-27 18:35:23.530,118.92,0.138058545864,0.0,0
2018-05-27 18:35:23.614,118.78,0.138058545864,0.0,0
2018-05-27 18:35:23.707,117.85,0.138058545864,0.0,0
2018-05-27 18:35:23.801,116.96,0.138058545864,0.0,0
2018-05-27 18:35:23.893,115.59,0.138058545864,0.0,0
2018-05-27 18:35:24.055,115.28,0.138058545864,0.0,0
2018-05-27 18:35:24.148,113.72,0.138058545864,0.0,0
2018-05-27 18:35:24.241,113.55,0.138058545864,0.0,0
2018-05-27 18:35:24.325,112.83,0.138058545864,0.0,0
2018-05-27 18:35:24.418,111.89,0.138058545864,0.0,0
2018-05-27 18:35:24.511,111.2,0.138058545864,0.0,0
2018-05-27 18:35:24.605,110.14,0.138058545864,0.0,0
2018-05-27 18:35:24.698,110.0,0.138058545864,0.0,0
2018-05-27 18:35:24.791,109.82,0.138058545864,0.0,0
2018-05-27 18:35:24.884,109.0,0.138058545864,0.0,0
2018-05-27 18:35:25.036,108.5,0.138058545864,0.0,0
2018-05-27 18:35:25.121,107.11,0.138058545864,0.0,0
2018-05-27 18:35:25.214,108.1,0.138058545864,0.0,0
2018-05-27 18:35:25.306,106.37,0.138058545864,0.0,0
2018-05-27 18:35:25.390,107.42,0.138058545864,0.0,0
2018-05-27 18:35:25.670,105.36,0.138058545864,0.0,0
2018-05-27 18:35:25.763,105.76,0.138058545864,0.0,0
2018-05-27 18:35:26.288,104.34,0.138058545864,0.0,0
2018-05-27 18:35:26.483,103.52,0.138058545864,0.0,0
2018-05-27 18:35:26.754,103.08,0.138058545864,0.0,0
2018-05-27 18:35:27.195,101.55,0.138058545864,0.0,0
2018-05-27 18:35:27.288,101.51,0.138058545864,0.0,0
2018-05-27 18:35:27.372,100.97,0.138058545864,0.0,0
2018-05-27 18:35:27.651,100.15,0.138058545864,0.0,0
2018-05-27 18:35:27.744,99.47,0.138058545864,0.0,0
2018-05-27 18:35:27.837,98.46,0.138058545864,0.0,0
2018-05-27 18:35:27.930,99.53,0.138058545864,0.0,0
2018-05-27 18:35:28.185,98.98,0.138058545864,0.0,0
2018-05-27 18:35:28.371,97.1,0.138058545864,0.0,0
2018-05-27 18:35:28.456,98.06,0.138058545864,0.0,0
2018-05-27 18:35:28.539,97.65,0.138058545864,0.0,0
2018-05-27 18:35:28.632,97.44,0.138058545864,0.0,0
2018-05-27 18:35:28.725,96.82,0.138058545864,0.0,0
2018-05-27 18:35:28.818,96.88,0.138058545864,0.0,0
2018-05-27 18:35:28.912,95.86,0.138058545864,0.0,0
2018-05-27 18:35:29.073,95.86,0.138058545864,0.0,0
2018-05-27 18:35:29.167,95.32,0.138058545864,0.0,0
2018-05-27 18:35:29.260,95.39,0.138058545864,0.0,0
2018-05-27 18:35:29.344,95.23,0.138058545864,0.0,0
2018-05-27 18:35:29.455,95.19,0.138058545864,0.0,0
2018-05-27 18:35:29.632,94.92,0.138058545864,0.0,0
2018-05-27 18:35:29.725,94.47,0.138058545864,0.0,0
2018-05-27 18:35:29.818,94.54,0.138058545864,0.0,0
2018-05-27 18:35:29.912,94.75,0.138058545864,0.0,0
2018-05-27 18:35:30.073,95.19,0.138058545864,0.0,0
2018-05-27 18:35:30.166,95.27,0.138058545864,0.0,0
2018-05-27 18:35:30.260,95.13,0.138058545864,0.0,0
2018-05-27 18:35:30.343,95.85,0.138058545864,0.0,0
2018-05-27 18:35:30.530,96.43,0.138058545864,0.0,0
2018-05-27 18:35:30.623,97.13,0.138058545864,0.0,0
2018-05-27 18:35:30.716,96.91,0.138058545864,0.0,0
2018-05-27 18:35:30.800,98.06,0.138058545864,0.0,0
2018-05-27 18:35:30.894,97.78,0.138058545864,0.0,0
2018-05-27 18:35:31.232,99.77,0.138058545864,0.0,0
2018-05-27 18:35:31.418,101.0,0.138058545864,0.0,0
2018-05-27 18:35:31.669,101.62,0.138058545864,0.0,0
2018-05-27 18:35:32.017,101.53,0.138058545864,0.0,0
2018-05-27 18:35:32.390,100.87,0.138058545864,0.0,0
2018-05-27 18:35:32.567,100.29,0.138058545864,0.0,0
2018-05-27 18:35:32.660,99.59,0.138058545864,0.0,0
2018-05-27 18:35:32.846,98.77,0.138058545864,0.0,0
2018-05-27 18:35:33.279,97.9,0.138058545864,0.0,0
2018-05-27 18:35:33.455,97.19,0.138058545864,0.0,0
2018-05-27 18:35:33.557,96.76,0.138058545864,0.0,0
2018-05-27 18:35:33.642,96.68,0.138058545864,0.0,0
2018-05-27 18:35:33.827,95.48,0.138058545864,0.0,0
2018-05-27 18:35:33.921,96.27,0.138058545864,0.0,0
2018-05-27 18:35:34.269,95.08,0.138058545864,0.0,0
2018-05-27 18:35:34.362,95.54,0.138058545864,0.0,0
2018-05-27 18:35:34.446,95.69,0.138058545864,0.0,0
2018-05-27 18:35:34.539,95.59,0.138058545864,0.0,0
2018-05-27 18:35:34.632,95.3,0.138058545864,0.0,0
2018-05-27 18:35:34.725,95.51,0.138058545864,0.0,0
2018-05-27 18:35:34.818,96.56,0.138058545864,0.0,0
2018-05-27 18:35:35.073,96.52,0.138058545864,0.0,0
2018-05-27 18:35:35.250,96.93,0.138058545864,0.0,0
2018-05-27 18:35:35.334,96.33,0.138058545864,0.0,0
2018-05-27 18:35:35.520,97.31,0.138058545864,0.0,0
2018-05-27 18:35:35.613,97.71,0.138058545864,0.0,0
2018-05-27 18:35:35.893,98.18,0.138058545864,0.0,0
2018-05-27 18:35:36.045,98.02,0.138058545864,0.0,0
2018-05-27 18:35:36.138,99.38,0.138058545864,0.0,0
2018-05-27 18:35:36.231,99.41,0.138058545864,0.0,0
2018-05-27 18:35:36.324,99.9,0.138058545864,0.0,0
2018-05-27 18:35:36.417,100.62,0.138058545864,0.0,0
2018-05-27 18:35:36.511,100.83,0.138058545864,0.0,0
2018-05-27 18:35:36.604,101.35,0.138058545864,0.0,0
2018-05-27 18:35:36.697,101.15,0.138058545864,0.0,0
2018-05-27 18:35:36.790,101.41,0.138058545864,0.0,0
2018-05-27 18:35:36.883,101.72,0.138058545864,0.0,0
2018-05-27 18:35:37.036,102.02,0.138058545864,0.0,0
2018-05-27 18:35:37.119,102.71,0.138058545864,0.0,0
2018-05-27 18:35:37.203,103.07,0.138058545864,0.0,0
2018-05-27 18:35:37.389,104.27,0.138058545864,0.0,0
2018-05-27 18:35:37.660,105.08,0.138058545864,0.0,0
2018-05-27 18:35:38.101,107.66,0.138058545864,0.0,0
2018-05-27 18:35:38.567,108.1,0.138058545864,0.0,0
2018-05-27 18:35:38.660,108.58,0.138058545864,0.0,0
2018-05-27 18:35:38.753,107.44,0.138058545864,0.0,0
2018-05-27 18:35:39.008,107.39,0.138058545864,0.0,0
2018-05-27 18:35:39.101,106.27,0.138058545864,0.0,0
2018-05-27 18:35:39.194,106.13,0.138058545864,0.0,0
2018-05-27 18:35:39.287,106.67,0.138058545864,0.0,0
2018-05-27 18:35:39.380,106.01,0.138058545864,0.0,0
2018-05-27 18:35:39.557,104.93,0.138058545864,0.0,0
2018-05-27 18:35:39.650,105.53,0.138058545864,0.0,0
2018-05-27 18:35:39.929,103.89,0.138058545864,0.0,0
2018-05-27 18:35:40.091,104.24,0.138058545864,0.0,0
2018-05-27 18:35:40.278,102.75,0.138058545864,0.0,0
2018-05-27 18:35:40.548,101.26,0.138058545864,0.0,0
2018-05-27 18:35:40.827,100.46,0.138058545864,0.0,0
2018-05-27 18:35:41.175,100.74,0.138058545864,0.0,0
2018-05-27 18:35:41.538,99.83,0.138058545864,0.0,0
2018-05-27 18:35:41.632,98.41,0.138058545864,0.0,0
2018-05-27 18:35:41.911,98.04,0.138058545864,0.0,0
2018-05-27 18:35:42.892,95.21,0.138058545864,0.0,0
2018-05-27 18:35:43.054,95.38,0.138058545864,0.0,0
2018-05-27 18:35:43.240,93.68,0.138058545864,0.0,0
2018-05-27 18:35:43.334,93.38,0.138058545864,0.0,0
2018-05-27 18:35:43.426,94.24,0.138058545864,0.0,0
2018-05-27 18:35:43.605,94.78,0.138058545864,0.0,0
2018-05-27 18:35:43.883,95.08,0.138058545864,0.0,0
2018-05-27 18:35:44.138,95.41,0.138058545864,0.0,0
2018-05-27 18:35:44.417,96.78,0.138058545864,0.0,0
2018-05-27 18:35:44.510,96.84,0.138058545864,0.0,0
2018-05-27 18:35:44.771,98.54,0.138058545864,0.0,0
2018-05-27 18:35:45.110,99.65,0.138058545864,0.0,0
2018-05-27 18:35:45.193,100.43,0.138058545864,0.0,0
2018-05-27 18:35:45.296,100.2,0.138058545864,0.0,0
2018-05-27 18:35:45.556,101.79,0.138058545864,0.0,0
2018-05-27 18:35:45.640,102.0,0.138058545864,0.0,0
2018-05-27 18:35:45.734,102.44,0.138058545864,0.0,0
2018-05-27 18:35:45.827,103.61,0.138058545864,0.0,0
2018-05-27 18:35:46.268,104.58,0.138058545864,0.0,0
2018-05-27 18:35:46.445,106.12,0.138058545864,0.0,0
2018-05-27 18:35:46.538,105.92,0.138058545864,0.0,0
2018-05-27 18:35:46.622,105.83,0.138058545864,0.0,0
2018-05-27 18:35:46.715,105.99,0.138058545864,0.0,0
2018-05-27 18:35:46.808,105.88,0.138058545864,0.0,0
2018-05-27 18:35:46.892,105.78,0.138058545864,0.0,0
2018-05-27 18:35:47.054,103.95,0.138058545864,0.0,0
2018-05-27 18:35:47.147,104.28,0.138058545864,0.0,0
2018-05-27 18:35:47.240,104.23,0.138058545864,0.0,0
2018-05-27 18:35:47.417,103.91,0.138058545864,0.0,0
2018-05-27 18:35:47.510,102.17,0.138058545864,0.0,0
2018-05-27 18:35:47.603,102.9,0.138058545864,0.0,0
2018-05-27 18:35:47.696,102.31,0.138058545864,0.0,0
2018-05-27 18:35:47.789,102.4,0.138058545864,0.0,0
2018-05-27 18:35:48.035,101.73,0.138058545864,0.0,0
2018-05-27 18:35:48.119,101.7,0.138058545864,0.0,0
2018-05-27 18:35:48.212,100.16,0.138058545864,0.0,0
2018-05-27 18:35:48.305,100.26,0.138058545864,0.0,0
2018-05-27 18:35:48.389,99.98,0.138058545864,0.0,0
2018-05-27 18:35:48.482,99.5,0.138058545864,0.0,0
2018-05-27 18:35:48.575,99.65,0.138058545864,0.0,0
2018-05-27 18:35:48.761,99.68,0.138058545864,0.0,0
2018-05-27 18:35:48.854,99.32,0.138058545864,0.0,0
2018-05-27 18:35:49.203,97.75,0.138058545864,0.0,0
2018-05-27 18:35:49.296,96.92,0.138058545864,0.0,0
2018-05-27 18:35:49.389,96.79,0.138058545864,0.0,0
2018-05-27 18:35:49.566,96.98,0.138058545864,0.0,0
2018-05-27 18:35:49.659,96.9,0.138058545864,0.0,0
2018-05-27 18:35:49.752,97.27,0.138058545864,0.0,0
2018-05-27 18:35:49.845,97.58,0.138058545864,0.0,0
2018-05-27 18:35:50.007,97.39,0.138058545864,0.0,0
2018-05-27 18:35:50.286,97.36,0.138058545864,0.0,0
2018-05-27 18:35:50.379,98.06,0.138058545864,0.0,0
2018-05-27 18:35:50.463,97.75,0.138058545864,0.0,0
2018-05-27 18:35:50.556,98.24,0.138058545864,0.0,0
2018-05-27 18:35:50.649,97.69,0.138058545864,0.0,0
2018-05-27 18:35:50.836,98.95,0.138058545864,0.0,0
2018-05-27 18:35:50.929,99.64,0.138058545864,0.0,0
2018-05-27 18:35:51.184,100.01,0.138058545864,0.0,0
2018-05-27 18:35:51.277,100.38,0.138058545864,0.0,0
2018-05-27 18:35:51.370,100.87,0.138058545864,0.0,0
2018-05-27 18:35:51.463,101.64,0.138058545864,0.0,0
2018-05-27 18:35:51.556,102.13,0.138058545864,0.0,0
2018-05-27 18:35:51.736,102.39,0.138058545864,0.0,0
2018-05-27 18:35:51.919,104.06,0.138058545864,0.0,0
2018-05-27 18:35:52.081,105.45,0.138058545864,0.0,0
2018-05-27 18:35:52.174,105.05,0.138058545864,0.0,0
2018-05-27 18:35:52.267,105.92,0.138058545864,0.0,0
2018-05-27 18:35:52.361,107.41,0.138058545864,0.0,0
2018-05-27 18:35:52.444,107.77,0.138058545864,0.0,0
2018-05-27 18:35:52.538,107.58,0.138058545864,0.0,0
2018-05-27 18:35:52.621,108.34,0.138058545864,0.0,0
2018-05-27 18:35:52.714,108.16,0.138058545864,0.0,0
2018-05-27 18:35:52.808,108.84,0.138058545864,0.0,0
2018-05-27 18:35:53.156,108.0,0.138058545864,0.0,0
2018-05-27 18:35:53.249,107.14,0.138058545864,0.0,0
2018-05-27 18:35:53.342,106.77,0.138058545864,0.0,0
2018-05-27 18:35:53.705,105.74,0.138058545864,0.0,0
2018-05-27 18:35:53.799,105.69,0.138058545864,0.0,0
2018-05-27 18:35:54.053,104.76,0.138058545864,0.0,0
2018-05-27 18:35:54.333,102.95,0.138058545864,0.0,0
2018-05-27 18:35:54.603,103.15,0.138058545864,0.0,0
2018-05-27 18:35:54.789,102.95,0.138058545864,0.0,0
2018-05-27 18:35:54.882,103.13,0.138058545864,0.0,0
2018-05-27 18:35:55.137,103.07,0.138058545864,0.0,0
2018-05-27 18:35:55.323,102.58,0.138058545864,0.0,0
2018-05-27 18:35:55.598,103.47,0.138058545864,0.0,0
2018-05-27 18:35:55.686,104.06,0.138058545864,0.0,0
2018-05-27 18:35:55.770,104.24,0.138058545864,0.0,0
2018-05-27 18:35:55.863,103.89,0.138058545864,0.0,0
2018-05-27 18:35:56.118,105.35,0.138058545864,0.0,0
2018-05-27 18:35:56.211,105.81,0.138058545864,0.0,0
2018-05-27 18:35:56.304,104.38,0.138058545864,0.0,0
2018-05-27 18:35:56.481,105.58,0.138058545864,0.0,0
2018-05-27 18:35:56.668,106.96,0.138058545864,0.0,0
2018-05-27 18:35:56.761,107.23,0.138058545864,0.0,0
2018-05-27 18:35:56.854,108.51,0.138058545864,0.0,0
2018-05-27 18:35:57.295,109.49,0.138058545864,0.0,0
2018-05-27 18:35:57.380,110.15,0.138058545864,0.0,0
2018-05-27 18:35:57.751,112.12,0.138058545864,0.0,0
2018-05-27 18:35:57.845,111.31,0.138058545864,0.0,0
2018-05-27 18:35:58.006,111.99,0.138058545864,0.0,0
2018-05-27 18:35:58.100,110.91,0.138058545864,0.0,0
2018-05-27 18:35:58.193,110.44,0.138058545864,0.0,0
2018-05-27 18:35:58.286,111.58,0.138058545864,0.0,0
2018-05-27 18:35:58.370,110.47,0.138058545864,0.0,0
2018-05-27 18:35:58.463,109.81,0.138058545864,0.0,0
2018-05-27 18:35:58.556,110.39,0.138058545864,0.0,0
2018-05-27 18:35:58.649,109.68,0.138058545864,0.0,0
2018-05-27 18:35:58.742,109.09,0.138058545864,0.0,0
2018-05-27 18:35:58.928,108.36,0.138058545864,0.0,0
2018-05-27 18:35:59.090,108.8,0.138058545864,0.0,0
2018-05-27 18:35:59.267,107.91,0.138058545864,0.0,0
2018-05-27 18:35:59.348,107.75,0.138058545864,0.0,0
2018-05-27 18:35:59.537,106.76,0.138058545864,0.0,0
2018-05-27 18:35:59.630,106.48,0.138058545864,0.0,0
2018-05-27 18:35:59.817,106.13,0.138058545864,0.0,0
2018-05-27 18:36:00.155,105.92,0.138058545864,0.0,0
2018-05-27 18:36:00.248,104.83,0.138058545864,0.0,0
2018-05-27 18:36:00.342,106.34,0.138058545864,0.0,0
2018-05-27 18:36:00.425,107.36,0.138058545864,0.0,0
2018-05-27 18:36:00.518,106.75,0.138058545864,0.0,0
2018-05-27 18:36:00.705,109.04,0.138058545864,0.0,0
2018-05-27 18:36:00.789,109.65,0.138058545864,0.0,0
2018-05-27 18:36:00.877,109.56,0.138058545864,0.0,0
2018-05-27 18:36:01.034,110.05,0.138058545864,0.0,0
2018-05-27 18:36:01.118,111.4,0.138058545864,0.0,0
2018-05-27 18:36:01.211,110.85,0.138058545864,0.0,0
2018-05-27 18:36:01.304,110.02,0.138058545864,0.0,0
2018-05-27 18:36:01.397,109.82,0.138058545864,0.0,0
2018-05-27 18:36:01.481,109.89,0.138058545864,0.0,0
2018-05-27 18:36:01.574,108.9,0.138058545864,0.0,0
2018-05-27 18:36:01.667,109.44,0.138058545864,0.0,0
2018-05-27 18:36:02.109,107.67,0.138058545864,0.0,0
2018-05-27 18:36:02.202,106.91,0.138058545864,0.0,0
2018-05-27 18:36:02.379,106.7,0.138058545864,0.0,0
2018-05-27 18:36:02.472,106.31,0.138058545864,0.0,0
2018-05-27 18:36:02.556,105.82,0.138058545864,0.0,0
2018-05-27 18:36:02.649,105.18,0.138058545864,0.0,0
2018-05-27 18:36:02.928,105.45,0.138058545864,0.0,0
2018-05-27 18:36:03.090,106.17,0.138058545864,0.0,0
2018-05-27 18:36:03.183,106.47,0.138058545864,0.0,0
2018-05-27 18:36:03.276,107.39,0.138058545864,0.0,0
2018-05-27 18:36:03.453,108.29,0.138058545864,0.0,0
2018-05-27 18:36:03.640,108.35,0.138058545864,0.0,0
2018-05-27 18:36:03.732,107.98,0.138058545864,0.0,0
2018-05-27 18:36:03.919,107.33,0.138058545864,0.0,0
2018-05-27 18:36:04.081,106.84,0.138058545864,0.0,0
2018-05-27 18:36:04.174,107.42,0.138058545864,0.0,0
2018-05-27 18:36:04.267,107.18,0.138058545864,0.0,0
2018-05-27 18:36:04.351,106.0,0.138058545864,0.0,0
2018-05-27 18:36:04.444,105.96,0.138058545864,0.0,0
2018-05-27 18:36:04.537,105.76,0.138058545864,0.0,0
2018-05-27 18:36:04.630,105.81,0.138058545864,0.0,0
2018-05-27 18:36:04.723,105.17,0.138058545864,0.0,0
2018-05-27 18:36:04.816,103.86,0.138058545864,0.0,0
2018-05-27 18:36:05.071,104.37,0.138058545864,0.0,0
2018-05-27 18:36:05.164,103.69,0.138058545864,0.0,0
2018-05-27 18:36:05.342,102.26,0.138058545864,0.0,0
2018-05-27 18:36:05.621,101.96,0.138058545864,0.0,0
2018-05-27 18:36:05.714,102.04,0.138058545864,0.0,0
2018-05-27 18:36:06.155,100.28,0.138058545864,0.0,0
2018-05-27 18:36:06.248,100.46,0.138058545864,0.0,0
2018-05-27 18:36:06.798,99.47,0.138058545864,0.0,0
2018-05-27 18:36:06.891,97.74,0.138058545864,0.0,0
2018-05-27 18:36:07.052,97.76,0.138058545864,0.0,0
2018-05-27 18:36:07.146,97.68,0.138058545864,0.0,0
2018-05-27 18:36:07.239,97.62,0.138058545864,0.0,0
2018-05-27 18:36:07.333,97.42,0.138058545864,0.0,0
2018-05-27 18:36:07.425,97.14,0.138058545864,0.0,0
2018-05-27 18:36:07.602,96.53,0.138058545864,0.0,0
2018-05-27 18:36:07.695,96.4,0.138058545864,0.0,0
2018-05-27 18:36:07.788,96.2,0.138058545864,0.0,0
2018-05-27 18:36:08.034,96.68,0.138058545864,0.0,0
2018-05-27 18:36:08.119,97.17,0.138058545864,0.0,0
2018-05-27 18:36:08.565,98.83,0.138058545864,0.0,0
2018-05-27 18:36:08.658,100.09,0.138058545864,0.0,0
2018-05-27 18:36:08.751,100.49,0.138058545864,0.0,0
2018-05-27 18:36:09.192,102.49,0.138058545864,0.0,0
2018-05-27 18:36:09.369,101.9,0.138058545864,0.0,0
2018-05-27 18:36:09.462,101.42,0.138058545864,0.0,0
2018-05-27 18:36:09.555,100.62,0.138058545864,0.0,0
2018-05-27 18:36:09.835,100.61,0.138058545864,0.0,0
2018-05-27 18:36:09.928,100.36,0.138058545864,0.0,0
2018-05-27 18:36:10.090,99.12,0.138058545864,0.0,0
2018-05-27 18:36:10.276,98.54,0.138058545864,0.0,0
2018-05-27 18:36:10.360,98.62,0.138058545864,0.0,0
2018-05-27 18:36:10.453,97.35,0.138058545864,0.0,0
2018-05-27 18:36:10.732,97.75,0.138058545864,0.0,0
2018-05-27 18:36:10.825,97.71,0.138058545864,0.0,0
2018-05-27 18:36:10.918,97.85,0.138058545864,0.0,0
2018-05-27 18:36:11.080,97.87,0.138058545864,0.0,0
2018-05-27 18:36:11.173,97.85,0.138058545864,0.0,0
2018-05-27 18:36:11.350,97.9,0.138058545864,0.0,0
2018-05-27 18:36:11.443,97.48,0.138058545864,0.0,0
2018-05-27 18:36:11.537,97.51,0.138058545864,0.0,0
2018-05-27 18:36:11.630,97.9,0.138058545864,0.0,0
2018-05-27 18:36:11.723,98.65,0.138058545864,0.0,0
2018-05-27 18:36:11.816,98.81,0.138058545864,0.0,0
2018-05-27 18:36:11.909,98.97,0.138058545864,0.0,0
2018-05-27 18:36:12.164,99.02,0.138058545864,0.0,0
2018-05-27 18:36:12.258,98.89,0.138058545864,0.0,0
2018-05-27 18:36:12.341,98.46,0.138058545864,0.0,0
2018-05-27 18:36:12.527,98.73,0.138058545864,0.0,0
2018-05-27 18:36:12.620,98.69,0.138058545864,0.0,0
2018-05-27 18:36:12.713,98.73,0.138058545864,0.0,0
2018-05-27 18:36:12.807,98.99,0.138058545864,0.0,0
2018-05-27 18:36:12.900,98.85,0.138058545864,0.0,0
2018-05-27 18:36:13.062,99.26,0.138058545864,0.0,0
2018-05-27 18:36:13.155,99.4,0.138058545864,0.0,0
2018-05-27 18:36:13.248,98.73,0.138058545864,0.0,0
2018-05-27 18:36:13.341,99.13,0.138058545864,0.0,0
2018-05-27 18:36:13.425,98.84,0.138058545864,0.0,0
2018-05-27 18:36:13.518,99.7,0.138058545864,0.0,0
2018-05-27 18:36:13.611,100.09,0.138058545864,0.0,0
2018-05-27 18:36:13.704,100.43,0.138058545864,0.0,0
2018-05-27 18:36:13.797,100.26,0.138058545864,0.0,0
2018-05-27 18:36:13.890,101.13,0.138058545864,0.0,0
2018-05-27 18:36:14.145,102.99,0.138058545864,0.0,0
2018-05-27 18:36:14.229,103.69,0.138058545864,0.0,0
2018-05-27 18:36:14.322,104.35,0.138058545864,0.0,0
2018-05-27 18:36:14.499,104.06,0.138058545864,0.0,0
2018-05-27 18:36:14.846,103.4,0.138058545864,0.0,0
2018-05-27 18:36:15.006,102.99,0.138058545864,0.0,0
2018-05-27 18:36:15.286,101.55,0.138058545864,0.0,0
2018-05-27 18:36:15.648,100.75,0.138058545864,0.0,0
2018-05-27 18:36:15.834,99.83,0.138058545864,0.0,0
2018-05-27 18:36:15.927,99.11,0.138058545864,0.0,0
2018-05-27 18:36:16.089,99.1,0.138058545864,0.0,0
2018-05-27 18:36:16.182,99.47,0.138058545864,0.0,0
2018-05-27 18:36:16.369,98.76,0.138058545864,0.0,0
2018-05-27 18:36:16.546,98.35,0.138058545864,0.0,0
2018-05-27 18:36:16.639,96.9,0.138058545864,0.0,0
2018-05-27 18:36:16.723,97.76,0.138058545864,0.0,0
2018-05-27 18:36:16.909,97.0,0.138058545864,0.0,0
2018-05-27 18:36:17.071,97.14,0.138058545864,0.0,0
2018-05-27 18:36:17.164,97.12,0.138058545864,0.0,0
2018-05-27 18:36:17.350,98.15,0.138058545864,0.0,0
2018-05-27 18:36:17.527,98.79,0.138058545864,0.0,0
2018-05-27 18:36:17.620,99.04,0.138058545864,0.0,0
2018-05-27 18:36:17.806,100.0,0.138058545864,0.0,0
2018-05-27 18:36:18.154,101.8,0.138058545864,0.0,0
2018-05-27 18:36:18.248,102.4,0.138058545864,0.0,0
2018-05-27 18:36:18.425,104.04,0.138058545864,0.0,0
2018-05-27 18:36:18.518,104.42,0.138058545864,0.0,0
2018-05-27 18:36:18.601,104.92,0.138058545864,0.0,0
2018-05-27 18:36:18.695,106.02,0.138058545864,0.0,0
2018-05-27 18:36:18.788,107.13,0.138058545864,0.0,0
2018-05-27 18:36:19.471,111.13,0.138058545864,0.0,0
2018-05-27 18:36:19.564,112.13,0.138058545864,0.0,0
2018-05-27 18:36:19.657,112.57,0.138058545864,0.0,0
2018-05-27 18:36:19.843,114.24,0.138058545864,0.0,0
2018-05-27 18:36:20.098,115.74,0.138058545864,0.0,0
2018-05-27 18:36:20.192,116.63,0.138058545864,0.0,0
2018-05-27 18:36:20.368,117.36,0.138058545864,0.0,0
2018-05-27 18:36:20.555,117.25,0.138058545864,0.0,0
2018-05-27 18:36:20.648,117.9,0.138058545864,0.0,0
2018-05-27 18:36:20.741,117.07,0.138058545864,0.0,0
2018-05-27 18:36:20.834,116.52,0.138058545864,0.0,0
2018-05-27 18:36:21.359,114.64,0.138058545864,0.0,0
2018-05-27 18:36:21.452,113.66,0.138058545864,0.0,0
2018-05-27 18:36:21.545,114.28,0.138058545864,0.0,0
2018-05-27 18:36:21.639,113.46,0.138058545864,0.0,0
2018-05-27 18:36:21.918,112.54,0.138058545864,0.0,0
2018-05-27 18:36:22.080,111.77,0.138058545864,0.0,0
2018-05-27 18:36:22.173,111.52,0.138058545864,0.0,0
2018-05-27 18:36:22.359,110.47,0.138058545864,0.0,0
2018-05-27 18:36:22.443,110.77,0.138058545864,0.0,0
2018-05-27 18:36:22.536,109.65,0.138058545864,0.0,0
2018-05-27 18:36:22.815,109.15,0.138058545864,0.0,0
2018-05-27 18:36:23.070,108.95,0.138058545864,0.0,0
2018-05-27 18:36:23.164,108.03,0.138058545864,0.0,0
2018-05-27 18:36:23.434,107.39,0.138058545864,0.0,0
2018-05-27 18:36:24.042,104.98,0.138058545864,0.0,0
2018-05-27 18:36:24.135,103.78,0.138058545864,0.0,0
2018-05-27 18:36:24.229,104.61,0.138058545864,0.0,0
2018-05-27 18:36:24.322,104.53,0.138058545864,0.0,0
2018-05-27 18:36:24.415,103.65,0.138058545864,0.0,0
2018-05-27 18:36:24.499,103.2,0.138058545864,0.0,0
2018-05-27 18:36:24.582,103.29,0.138058545864,0.0,0
2018-05-27 18:36:24.760,103.43,0.138058545864,0.0,0
2018-05-27 18:36:25.107,103.71,0.138058545864,0.0,0
2018-05-27 18:36:25.294,104.05,0.138058545864,0.0,0
2018-05-27 18:36:25.564,105.03,0.138058545864,0.0,0
2018-05-27 18:36:25.657,104.0,0.138058545864,0.0,0
2018-05-27 18:36:25.843,106.67,0.138058545864,0.0,0
2018-05-27 18:36:26.005,107.09,0.138058545864,0.0,0
2018-05-27 18:36:26.098,107.6,0.138058545864,0.0,0
2018-05-27 18:36:26.285,108.59,0.138058545864,0.0,0
2018-05-27 18:36:26.368,108.96,0.138058545864,0.0,0
2018-05-27 18:36:26.648,112.35,0.138058545864,0.0,0
2018-05-27 18:36:26.741,112.88,0.138058545864,0.0,0
2018-05-27 18:36:26.834,112.61,0.138058545864,0.0,0
2018-05-27 18:36:26.927,113.63,0.138058545864,0.0,0
2018-05-27 18:36:27.182,113.12,0.138058545864,0.0,0
2018-05-27 18:36:27.276,112.36,0.138058545864,0.0,0
2018-05-27 18:36:27.359,112.02,0.138058545864,0.0,0
2018-05-27 18:36:28.350,109.16,0.138058545864,0.0,0
2018-05-27 18:36:28.443,108.3,0.138058545864,0.0,0
2018-05-27 18:36:28.629,107.98,0.138058545864,0.0,0
2018-05-27 18:36:28.815,108.8,0.138058545864,0.0,0
2018-05-27 18:36:28.908,108.21,0.138058545864,0.0,0
2018-05-27 18:36:29.247,109.81,0.138058545864,0.0,0
2018-05-27 18:36:29.342,108.95,0.138058545864,0.0,0
2018-05-27 18:36:29.440,109.86,0.138058545864,0.0,0
2018-05-27 18:36:30.051,112.4,0.138058545864,0.0,0
2018-05-27 18:36:30.331,113.75,0.138058545864,0.0,0
2018-05-27 18:36:30.610,112.59,0.138058545864,0.0,0
2018-05-27 18:36:30.703,112.65,0.138058545864,0.0,0
2018-05-27 18:36:30.787,112.64,0.138058545864,0.0,0
2018-05-27 18:36:30.875,111.2,0.138058545864,0.0,0
2018-05-27 18:36:31.293,110.14,0.138058545864,0.0,0
2018-05-27 18:36:31.470,110.08,0.138058545864,0.0,0
2018-05-27 18:36:31.657,107.93,0.138058545864,0.0,0
2018-05-27 18:36:31.843,107.68,0.138058545864,0.0,0
2018-05-27 18:36:32.005,106.87,0.138058545864,0.0,0
2018-05-27 18:36:32.191,106.73,0.138058545864,0.0,0
2018-05-27 18:36:32.284,106.46,0.138058545864,0.0,0
2018-05-27 18:36:32.461,106.61,0.138058545864,0.0,0
2018-05-27 18:36:32.647,105.34,0.138058545864,0.0,0
2018-05-27 18:36:32.834,105.21,0.138058545864,0.0,0
2018-05-27 18:36:32.927,104.8,0.138058545864,0.0,0
2018-05-27 18:36:33.088,103.82,0.138058545864,0.0,0
2018-05-27 18:36:33.275,104.65,0.138058545864,0.0,0
2018-05-27 18:36:33.545,104.63,0.138058545864,0.0,0
2018-05-27 18:36:33.917,105.84,0.138058545864,0.0,0
2018-05-27 18:36:34.079,106.96,0.138058545864,0.0,0
2018-05-27 18:36:34.442,109.56,0.138058545864,0.0,0
2018-05-27 18:36:34.908,113.23,0.138058545864,0.0,0
2018-05-27 18:36:35.070,112.77,0.138058545864,0.0,0
2018-05-27 18:36:35.340,113.24,0.138058545864,0.0,0
2018-05-27 18:36:35.433,113.32,0.138058545864,0.0,0
2018-05-27 18:36:35.526,112.08,0.138058545864,0.0,0
2018-05-27 18:36:35.712,111.86,0.138058545864,0.0,0
2018-05-27 18:36:35.899,110.63,0.138058545864,0.0,0
2018-05-27 18:36:36.060,109.73,0.138058545864,0.0,0
2018-05-27 18:36:36.247,110.04,0.138058545864,0.0,0
2018-05-27 18:36:36.330,109.53,0.138058545864,0.0,0
2018-05-27 18:36:36.517,108.72,0.138058545864,0.0,0
2018-05-27 18:36:36.703,109.22,0.138058545864,0.0,0
2018-05-27 18:36:36.796,108.3,0.138058545864,0.0,0
2018-05-27 18:36:37.237,105.98,0.138058545864,0.0,0
2018-05-27 18:36:37.340,106.88,0.138058545864,0.0,0
2018-05-27 18:36:37.517,105.73,0.138058545864,0.0,0
2018-05-27 18:36:37.684,104.27,0.138058545864,0.0,0
2018-05-27 18:36:37.787,105.19,0.138058545864,0.0,0
2018-05-27 18:36:38.032,104.91,0.138058545864,0.0,0
2018-05-27 18:36:38.209,106.05,0.138058545864,0.0,0
2018-05-27 18:36:38.470,107.27,0.138058545864,0.0,0
2018-05-27 18:36:38.563,106.9,0.138058545864,0.0,0
2018-05-27 18:36:38.749,108.19,0.138058545864,0.0,0
2018-05-27 18:36:38.843,108.37,0.138058545864,0.0,0
2018-05-27 18:36:39.004,109.39,0.138058545864,0.0,0
2018-05-27 18:36:39.098,110.46,0.138058545864,0.0,0
2018-05-27 18:36:39.191,110.4,0.138058545864,0.0,0
2018-05-27 18:36:39.284,111.67,0.138058545864,0.0,0
2018-05-27 18:36:39.638,113.98,0.138058545864,0.0,0
2018-05-27 18:36:39.731,115.3,0.138058545864,0.0,0
2018-05-27 18:36:40.079,116.85,0.138058545864,0.0,0
2018-05-27 18:36:40.265,117.04,0.138058545864,0.0,0
2018-05-27 18:36:40.350,117.23,0.138058545864,0.0,0
2018-05-27 18:36:40.535,117.57,0.138058545864,0.0,0
2018-05-27 18:36:40.628,117.34,0.138058545864,0.0,0
2018-05-27 18:36:40.815,116.02,0.138058545864,0.0,0
2018-05-27 18:36:41.163,115.78,0.138058545864,0.0,0
2018-05-27 18:36:41.256,114.69,0.138058545864,0.0,0
2018-05-27 18:36:41.340,114.58,0.138058545864,0.0,0
2018-05-27 18:36:42.246,111.25,0.138058545864,0.0,0
2018-05-27 18:36:42.330,110.94,0.138058545864,0.0,0
2018-05-27 18:36:42.610,110.43,0.138058545864,0.0,0
2018-05-27 18:36:42.703,109.4,0.138058545864,0.0,0
2018-05-27 18:36:42.889,110.05,0.138058545864,0.0,0
2018-05-27 18:36:43.144,108.32,0.138058545864,0.0,0
2018-05-27 18:36:43.237,108.45,0.138058545864,0.0,0
2018-05-27 18:36:43.423,107.39,0.138058545864,0.0,0
2018-05-27 18:36:43.507,107.89,0.138058545864,0.0,0
2018-05-27 18:36:43.600,107.19,0.138058545864,0.0,0
2018-05-27 18:36:43.693,106.15,0.138058545864,0.0,0
2018-05-27 18:36:43.786,106.96,0.138058545864,0.0,0
2018-05-27 18:36:44.032,106.02,0.138058545864,0.0,0
2018-05-27 18:36:44.116,105.64,0.138058545864,0.0,0
2018-05-27 18:36:44.209,105.23,0.138058545864,0.0,0
2018-05-27 18:36:44.302,105.92,0.138058545864,0.0,0
2018-05-27 18:36:44.479,107.24,0.138058545864,0.0,0
2018-05-27 18:36:44.572,107.47,0.138058545864,0.0,0
2018-05-27 18:36:44.665,107.78,0.138058545864,0.0,0
2018-05-27 18:36:44.758,109.01,0.138058545864,0.0,0
2018-05-27 18:36:44.852,109.03,0.138058545864,0.0,0
2018-05-27 18:36:45.013,110.12,0.138058545864,0.0,0
2018-05-27 18:36:45.107,110.19,0.138058545864,0.0,0
2018-05-27 18:36:45.190,108.91,0.138058545864,0.0,0
2018-05-27 18:36:45.283,108.78,0.138058545864,0.0,0
2018-05-27 18:36:45.377,109.2,0.138058545864,0.0,0
2018-05-27 18:36:45.656,108.01,0.138058545864,0.0,0
2018-05-27 18:36:45.749,106.83,0.138058545864,0.0,0
2018-05-27 18:36:45.842,106.55,0.138058545864,0.0,0
2018-05-27 18:36:46.005,106.81,0.138058545864,0.0,0
2018-05-27 18:36:46.088,106.85,0.138058545864,0.0,0
2018-05-27 18:36:46.181,105.07,0.138058545864,0.0,0
2018-05-27 18:36:46.358,104.83,0.138058545864,0.0,0
2018-05-27 18:36:46.544,105.42,0.138058545864,0.0,0
2018-05-27 18:36:46.637,104.09,0.138058545864,0.0,0
2018-05-27 18:36:46.731,103.15,0.138058545864,0.0,0
2018-05-27 18:36:46.907,103.62,0.138058545864,0.0,0
2018-05-27 18:36:47.069,103.82,0.138058545864,0.0,0
2018-05-27 18:36:47.255,102.21,0.138058545864,0.0,0
2018-05-27 18:36:47.349,102.22,0.138058545864,0.0,0
2018-05-27 18:36:47.553,100.41,0.138058545864,0.0,0
2018-05-27 18:36:47.740,101.85,0.138058545864,0.0,0
2018-05-27 18:36:47.926,100.62,0.138058545864,0.0,0
2018-05-27 18:36:48.079,100.9,0.138058545864,0.0,0
2018-05-27 18:36:48.265,101.32,0.138058545864,0.0,0
2018-05-27 18:36:48.442,102.22,0.138058545864,0.0,0
2018-05-27 18:36:48.535,102.47,0.138058545864,0.0,0
2018-05-27 18:36:48.721,102.89,0.138058545864,0.0,0
2018-05-27 18:36:48.907,103.58,0.138058545864,0.0,0
2018-05-27 18:36:49.069,104.18,0.138058545864,0.0,0
2018-05-27 18:36:49.162,103.98,0.138058545864,0.0,0
2018-05-27 18:36:49.255,104.23,0.138058545864,0.0,0
2018-05-27 18:36:49.348,104.46,0.138058545864,0.0,0
2018-05-27 18:36:49.432,104.39,0.138058545864,0.0,0
2018-05-27 18:36:49.619,103.43,0.138058545864,0.0,0
2018-05-27 18:36:49.712,103.2,0.138058545864,0.0,0
2018-05-27 18:36:49.805,103.29,0.138058545864,0.0,0
2018-05-27 18:36:50.060,102.16,0.138058545864,0.0,0
2018-05-27 18:36:50.153,102.56,0.138058545864,0.0,0
2018-05-27 18:36:50.339,101.52,0.138058545864,0.0,0
2018-05-27 18:36:50.516,101.01,0.138058545864,0.0,0
2018-05-27 18:36:50.609,99.77,0.138058545864,0.0,0
2018-05-27 18:36:50.702,99.89,0.138058545864,0.0,0
2018-05-27 18:36:50.889,99.49,0.138058545864,0.0,0
2018-05-27 18:36:51.041,98.42,0.138058545864,0.0,0
2018-05-27 18:36:51.134,99.19,0.138058545864,0.0,0
2018-05-27 18:36:51.227,98.96,0.138058545864,0.0,0
2018-05-27 18:36:51.320,98.76,0.138058545864,0.0,0
2018-05-27 18:36:51.409,98.75,0.138058545864,0.0,0
2018-05-27 18:36:51.497,98.32,0.138058545864,0.0,0
2018-05-27 18:36:51.581,98.41,0.138058545864,0.0,0
2018-05-27 18:36:51.665,97.52,0.138058545864,0.0,0
2018-05-27 18:36:51.758,97.8,0.138058545864,0.0,0
2018-05-27 18:36:51.851,97.29,0.138058545864,0.0,0
2018-05-27 18:36:52.013,96.76,0.138058545864,0.0,0
2018-05-27 18:36:52.106,95.96,0.138058545864,0.0,0
2018-05-27 18:36:52.199,95.97,0.138058545864,0.0,0
2018-05-27 18:36:52.293,95.26,0.138058545864,0.0,0
2018-05-27 18:36:52.376,94.98,0.138058545864,0.0,0
2018-05-27 18:36:52.646,94.37,0.138058545864,0.0,0
2018-05-27 18:36:52.833,93.61,0.138058545864,0.0,0
2018-05-27 18:36:53.078,93.75,0.138058545864,0.0,0
2018-05-27 18:36:53.171,93.74,0.138058545864,0.0,0
2018-05-27 18:36:53.348,93.01,0.138058545864,0.0,0
2018-05-27 18:36:53.442,92.69,0.138058545864,0.0,0
2018-05-27 18:36:53.535,92.41,0.138058545864,0.0,0
2018-05-27 18:36:53.721,91.73,0.138058545864,0.0,0
2018-05-27 18:36:53.805,91.21,0.138058545864,0.0,0
2018-05-27 18:36:53.907,91.38,0.138058545864,0.0,0
2018-05-27 18:36:54.060,90.83,0.138058545864,0.0,0
2018-05-27 18:36:54.339,90.57,0.138058545864,0.0,0
2018-05-27 18:36:54.525,90.06,0.138058545864,0.0,0
2018-05-27 18:36:54.711,90.68,0.138058545864,0.0,0
2018-05-27 18:36:54.805,90.06,0.138058545864,0.0,0
2018-05-27 18:36:54.898,90.38,0.138058545864,0.0,0
2018-05-27 18:36:55.134,91.13,0.138058545864,0.0,0
2018-05-27 18:36:55.237,91.83,0.138058545864,0.0,0
2018-05-27 18:36:55.330,91.97,0.138058545864,0.0,0
2018-05-27 18:36:55.516,92.44,0.138058545864,0.0,0
2018-05-27 18:36:55.609,92.63,0.138058545864,0.0,0
2018-05-27 18:36:55.888,93.26,0.138058545864,0.0,0
2018-05-27 18:36:56.050,93.56,0.138058545864,0.0,0
2018-05-27 18:36:56.134,94.04,0.138058545864,0.0,0
2018-05-27 18:36:56.413,94.49,0.138058545864,0.0,0
2018-05-27 18:36:56.498,93.96,0.138058545864,0.0,0
2018-05-27 18:36:56.581,94.05,0.138058545864,0.0,0
2018-05-27 18:36:56.674,93.87,0.138058545864,0.0,0
2018-05-27 18:36:56.758,93.38,0.138058545864,0.0,0
2018-05-27 18:36:56.851,93.1,0.138058545864,0.0,0
2018-05-27 18:36:57.013,93.1,0.138058545864,0.0,0
2018-05-27 18:36:57.106,92.76,0.138058545864,0.0,0
2018-05-27 18:36:57.199,92.53,0.138058545864,0.0,0
2018-05-27 18:36:57.292,92.08,0.138058545864,0.0,0
2018-05-27 18:36:57.385,91.78,0.138058545864,0.0,0
2018-05-27 18:36:57.562,91.54,0.138058545864,0.0,0
2018-05-27 18:36:57.656,91.19,0.138058545864,0.0,0
2018-05-27 18:36:57.842,90.6,0.138058545864,0.0,0
2018-05-27 18:36:58.004,90.34,0.138058545864,0.0,0
2018-05-27 18:36:58.097,89.95,0.138058545864,0.0,0
2018-05-27 18:36:58.190,89.75,0.138058545864,0.0,0
2018-05-27 18:36:58.376,89.31,0.138058545864,0.0,0
2018-05-27 18:36:58.460,88.97,0.138058545864,0.0,0
2018-05-27 18:36:58.553,88.68,0.138058545864,0.0,0
2018-05-27 18:36:58.647,88.48,0.138058545864,0.0,0
2018-05-27 18:36:58.730,88.26,0.138058545864,0.0,0
2018-05-27 18:36:58.916,87.52,0.138058545864,0.0,0
2018-05-27 18:36:59.078,86.74,0.138058545864,0.0,0
2018-05-27 18:36:59.171,86.52,0.138058545864,0.0,0
2018-05-27 18:36:59.264,86.61,0.138058545864,0.0,0
2018-05-27 18:36:59.450,86.52,0.138058545864,0.0,0
2018-05-27 18:36:59.544,86.04,0.138058545864,0.0,0
2018-05-27 18:36:59.814,84.56,0.138058545864,0.0,0
2018-05-27 18:36:59.907,85.02,0.138058545864,0.0,0
2018-05-27 18:37:00.162,84.2,0.138058545864,0.0,0
2018-05-27 18:37:00.348,83.67,0.138058545864,0.0,0
2018-05-27 18:37:00.432,84.46,0.138058545864,0.0,0
2018-05-27 18:37:00.526,83.92,0.138058545864,0.0,0
2018-05-27 18:37:00.711,82.66,0.138058545864,0.0,0
2018-05-27 18:37:00.804,82.32,0.138058545864,0.0,0
2018-05-27 18:37:00.897,83.31,0.138058545864,0.0,0
2018-05-27 18:37:01.059,83.18,0.138058545864,0.0,0
2018-05-27 18:37:01.330,83.91,0.138058545864,0.0,0
2018-05-27 18:37:01.423,84.14,0.138058545864,0.0,0
2018-05-27 18:37:01.516,83.62,0.138058545864,0.0,0
2018-05-27 18:37:01.693,85.09,0.138058545864,0.0,0
2018-05-27 18:37:01.874,85.38,0.138058545864,0.0,0
2018-05-27 18:37:02.031,86.56,0.138058545864,0.0,0
2018-05-27 18:37:02.116,86.78,0.138058545864,0.0,0
2018-05-27 18:37:02.209,87.88,0.138058545864,0.0,0
2018-05-27 18:37:02.292,88.06,0.138058545864,0.0,0
2018-05-27 18:37:02.386,88.11,0.138058545864,0.0,0
2018-05-27 18:37:02.478,88.81,0.138058545864,0.0,0
2018-05-27 18:37:02.571,89.26,0.138058545864,0.0,0
2018-05-27 18:37:02.665,89.84,0.138058545864,0.0,0
2018-05-27 18:37:02.758,91.15,0.138058545864,0.0,0
2018-05-27 18:37:02.851,91.42,0.138058545864,0.0,0
2018-05-27 18:37:03.013,92.29,0.138058545864,0.0,0
2018-05-27 18:37:03.106,93.08,0.138058545864,0.0,0
2018-05-27 18:37:03.199,93.67,0.138058545864,0.0,0
2018-05-27 18:37:03.292,93.85,0.138058545864,0.0,0
2018-05-27 18:37:03.469,94.6,0.138058545864,0.0,0
2018-05-27 18:37:03.562,94.25,0.138058545864,0.0,0
2018-05-27 18:37:03.655,94.02,0.138058545864,0.0,0
2018-05-27 18:37:03.748,94.28,0.138058545864,0.0,0
2018-05-27 18:37:03.841,94.84,0.138058545864,0.0,0
2018-05-27 18:37:04.003,94.08,0.138058545864,0.0,0
2018-05-27 18:37:04.190,93.3,0.138058545864,0.0,0
2018-05-27 18:37:04.283,93.04,0.138058545864,0.0,0
2018-05-27 18:37:04.460,92.39,0.138058545864,0.0,0
2018-05-27 18:37:04.646,91.84,0.138058545864,0.0,0
2018-05-27 18:37:04.739,91.65,0.138058545864,0.0,0
2018-05-27 18:37:05.087,91.34,0.138058545864,0.0,0
2018-05-27 18:37:05.273,90.6,0.138058545864,0.0,0
2018-05-27 18:37:05.460,89.82,0.138058545864,0.0,0
2018-05-27 18:37:05.553,89.62,0.138058545864,0.0,0
2018-05-27 18:37:05.832,88.96,0.138058545864,0.0,0
2018-05-27 18:37:06.087,88.42,0.138058545864,0.0,0
2018-05-27 18:37:06.180,87.98,0.138058545864,0.0,0
2018-05-27 18:37:06.274,87.76,0.138058545864,0.0,0
2018-05-27 18:37:06.543,86.91,0.138058545864,0.0,0
2018-05-27 18:37:06.637,87.26,0.138058545864,0.0,0
2018-05-27 18:37:06.730,86.86,0.138058545864,0.0,0
2018-05-27 18:37:06.823,87.58,0.138058545864,0.0,0
2018-05-27 18:37:06.916,87.59,0.138058545864,0.0,0
2018-05-27 18:37:07.078,88.29,0.138058545864,0.0,0
2018-05-27 18:37:07.171,88.2,0.138058545864,0.0,0
2018-05-27 18:37:07.348,88.38,0.138058545864,0.0,0
2018-05-27 18:37:07.534,89.5,0.138058545864,0.0,0
2018-05-27 18:37:07.807,90.08,0.138058545864,0.0,0
2018-05-27 18:37:08.081,91.19,0.138058545864,0.0,0
2018-05-27 18:37:08.414,92.73,0.138058545864,0.0,0
2018-05-27 18:37:08.497,93.05,0.138058545864,0.0,0
2018-05-27 18:37:08.590,93.25,0.138058545864,0.0,0
2018-05-27 18:37:08.674,94.07,0.138058545864,0.0,0
2018-05-27 18:37:08.851,94.87,0.138058545864,0.0,0
2018-05-27 18:37:09.022,94.78,0.138058545864,0.0,0
2018-05-27 18:37:09.114,95.37,0.138058545864,0.0,0
2018-05-27 18:37:09.292,95.85,0.138058545864,0.0,0
2018-05-27 18:37:09.469,97.1,0.138058545864,0.0,0
2018-05-27 18:37:09.655,96.9,0.138058545864,0.0,0
2018-05-27 18:37:09.748,97.0,0.138058545864,0.0,0
2018-05-27 18:37:09.842,96.51,0.138058545864,0.0,0
2018-05-27 18:37:10.096,96.17,0.138058545864,0.0,0
2018-05-27 18:37:10.190,96.41,0.138058545864,0.0,0
2018-05-27 18:37:11.078,93.97,0.138058545864,0.0,0
2018-05-27 18:37:11.171,93.94,0.138058545864,0.0,0
2018-05-27 18:37:11.627,94.23,0.138058545864,0.0,0
2018-05-27 18:37:11.907,95.32,0.138058545864,0.0,0
2018-05-27 18:37:12.162,95.46,0.138058545864,0.0,0
2018-05-27 18:37:12.255,95.73,0.138058545864,0.0,0
2018-05-27 18:37:12.618,95.8,0.138058545864,0.0,0
2018-05-27 18:37:12.804,97.08,0.138058545864,0.0,0
2018-05-27 18:37:13.059,98.09,0.138058545864,0.0,0
2018-05-27 18:37:13.330,99.84,0.138058545864,0.0,0
2018-05-27 18:37:13.609,101.79,0.138058545864,0.0,0
2018-05-27 18:37:13.702,101.87,0.138058545864,0.0,0
2018-05-27 18:37:13.888,104.1,0.138058545864,0.0,0
2018-05-27 18:37:14.050,103.23,0.138058545864,0.0,0
2018-05-27 18:37:14.143,104.77,0.138058545864,0.0,0
2018-05-27 18:37:14.236,105.82,0.138058545864,0.0,0
2018-05-27 18:37:14.423,106.02,0.138058545864,0.0,0
2018-05-27 18:37:14.599,105.85,0.138058545864,0.0,0
2018-05-27 18:37:14.693,105.92,0.138058545864,0.0,0
2018-05-27 18:37:14.786,104.39,0.138058545864,0.0,0
2018-05-27 18:37:14.874,103.82,0.138058545864,0.0,0
2018-05-27 18:37:15.031,104.23,0.138058545864,0.0,0
2018-05-27 18:37:15.199,103.12,0.138058545864,0.0,0
2018-05-27 18:37:15.292,103.45,0.138058545864,0.0,0
2018-05-27 18:37:15.385,103.44,0.138058545864,0.0,0
2018-05-27 18:37:15.478,102.03,0.138058545864,0.0,0
2018-05-27 18:37:15.562,101.84,0.138058545864,0.0,0
2018-05-27 18:37:15.758,101.98,0.138058545864,0.0,0
2018-05-27 18:37:16.003,102.18,0.138058545864,0.0,0
2018-05-27 18:37:16.097,101.14,0.138058545864,0.0,0
2018-05-27 18:37:16.283,100.85,0.138058545864,0.0,0
2018-05-27 18:37:16.362,101.8,0.138058545864,0.0,0
2018-05-27 18:37:16.553,102.5,0.138058545864,0.0,0
2018-05-27 18:37:16.646,101.51,0.138058545864,0.0,0
2018-05-27 18:37:16.721,103.02,0.138058545864,0.0,0
2018-05-27 18:37:16.814,102.19,0.138058545864,0.0,0
2018-05-27 18:37:16.910,102.43,0.138058545864,0.0,0
2018-05-27 18:37:17.050,102.7,0.138058545864,0.0,0
2018-05-27 18:37:17.152,103.27,0.138058545864,0.0,0
2018-05-27 18:37:17.329,104.1,0.138058545864,0.0,0
2018-05-27 18:37:17.423,104.77,0.138058545864,0.0,0
2018-05-27 18:37:17.506,104.93,0.138058545864,0.0,0
2018-05-27 18:37:17.599,104.83,0.138058545864,0.0,0
2018-05-27 18:37:17.693,106.16,0.138058545864,0.0,0
2018-05-27 18:37:17.786,106.99,0.138058545864,0.0,0
2018-05-27 18:37:17.874,106.82,0.138058545864,0.0,0
2018-05-27 18:37:18.031,106.83,0.138058545864,0.0,0
2018-05-27 18:37:18.115,107.85,0.138058545864,0.0,0
2018-05-27 18:37:18.209,108.92,0.138058545864,0.0,0
2018-05-27 18:37:18.292,109.17,0.138058545864,0.0,0
2018-05-27 18:37:18.385,109.08,0.138058545864,0.0,0
2018-05-27 18:37:18.469,109.96,0.138058545864,0.0,0
2018-05-27 18:37:18.562,110.78,0.138058545864,0.0,0
2018-05-27 18:37:18.655,111.07,0.138058545864,0.0,0
2018-05-27 18:37:18.748,110.95,0.138058545864,0.0,0
2018-05-27 18:37:19.003,112.79,0.138058545864,0.0,0
2018-05-27 18:37:19.097,113.76,0.138058545864,0.0,0
2018-05-27 18:37:19.190,114.02,0.138058545864,0.0,0
2018-05-27 18:37:19.283,115.52,0.138058545864,0.0,0
2018-05-27 18:37:19.376,115.87,0.138058545864,0.0,0
2018-05-27 18:37:19.460,115.45,0.138058545864,0.0,0
2018-05-27 18:37:19.553,117.64,0.138058545864,0.0,0
2018-05-27 18:37:19.646,118.27,0.138058545864,0.0,0
2018-05-27 18:37:19.739,118.32,0.138058545864,0.0,0
2018-05-27 18:37:19.925,120.56,0.138058545864,0.0,0
2018-05-27 18:37:20.180,122.32,0.138058545864,0.0,0
2018-05-27 18:37:20.274,123.3,0.138058545864,0.0,0
2018-05-27 18:37:20.367,124.82,0.138058545864,0.0,0
2018-05-27 18:37:20.637,123.88,0.138058545864,0.0,0
2018-05-27 18:37:20.730,123.02,0.138058545864,0.0,0
2018-05-27 18:37:20.823,123.13,0.138058545864,0.0,0
2018-05-27 18:37:20.916,123.03,0.138058545864,0.0,0
2018-05-27 18:37:21.079,122.23,0.138058545864,0.0,0
2018-05-27 18:37:21.162,121.33,0.138058545864,0.0,0
2018-05-27 18:37:21.255,121.37,0.138058545864,0.0,0
2018-05-27 18:37:21.348,121.49,0.138058545864,0.0,0
2018-05-27 18:37:21.432,120.57,0.138058545864,0.0,0
2018-05-27 18:37:21.525,120.58,0.138058545864,0.0,0
2018-05-27 18:37:21.618,119.2,0.138058545864,0.0,0
2018-05-27 18:37:21.711,119.54,0.138058545864,0.0,0
2018-05-27 18:37:21.804,118.63,0.138058545864,0.0,0
2018-05-27 18:37:21.898,117.73,0.138058545864,0.0,0
2018-05-27 18:37:22.152,117.69,0.138058545864,0.0,0
2018-05-27 18:37:22.329,117.51,0.138058545864,0.0,0
2018-05-27 18:37:22.516,115.92,0.138058545864,0.0,0
2018-05-27 18:37:22.702,114.98,0.138058545864,0.0,0
2018-05-27 18:37:23.134,114.35,0.138058545864,0.0,0
2018-05-27 18:37:23.227,112.98,0.138058545864,0.0,0
2018-05-27 18:37:23.320,113.73,0.138058545864,0.0,0
2018-05-27 18:37:23.674,112.57,0.138058545864,0.0,0
2018-05-27 18:37:23.758,111.85,0.138058545864,0.0,0
2018-05-27 18:37:24.107,110.36,0.138058545864,0.0,0
2018-05-27 18:37:24.203,110.56,0.138058545864,0.0,0
2018-05-27 18:37:24.292,109.77,0.138058545864,0.0,0
2018-05-27 18:37:24.469,108.63,0.138058545864,0.0,0
2018-05-27 18:37:24.562,109.01,0.138058545864,0.0,0
2018-05-27 18:37:24.655,107.83,0.138058545864,0.0,0
2018-05-27 18:37:24.842,108.07,0.138058545864,0.0,0
2018-05-27 18:37:25.003,106.83,0.138058545864,0.0,0
2018-05-27 18:37:25.097,106.5,0.138058545864,0.0,0
2018-05-27 18:37:25.190,106.92,0.138058545864,0.0,0
2018-05-27 18:37:25.283,106.45,0.138058545864,0.0,0
2018-05-27 18:37:25.460,106.67,0.138058545864,0.0,0
2018-05-27 18:37:25.646,106.94,0.138058545864,0.0,0
2018-05-27 18:37:25.739,107.59,0.138058545864,0.0,0
2018-05-27 18:37:26.078,109.45,0.138058545864,0.0,0
2018-05-27 18:37:26.357,110.77,0.138058545864,0.0,0
2018-05-27 18:37:26.441,111.38,0.138058545864,0.0,0
2018-05-27 18:37:26.534,112.29,0.138058545864,0.0,0
2018-05-27 18:37:26.628,112.1,0.138058545864,0.0,0
2018-05-27 18:37:26.721,113.48,0.138058545864,0.0,0
2018-05-27 18:37:26.805,113.95,0.138058545864,0.0,0
2018-05-27 18:37:26.898,113.25,0.138058545864,0.0,0
2018-05-27 18:37:27.059,115.38,0.138058545864,0.0,0
2018-05-27 18:37:27.153,114.81,0.138058545864,0.0,0
2018-05-27 18:37:27.246,117.03,0.138058545864,0.0,0
2018-05-27 18:37:27.339,117.53,0.138058545864,0.0,0
2018-05-27 18:37:27.423,118.79,0.138058545864,0.0,0
2018-05-27 18:37:27.600,120.42,0.138058545864,0.0,0
2018-05-27 18:37:27.786,121.99,0.138058545864,0.0,0
2018-05-27 18:37:27.874,122.05,0.138058545864,0.0,0
2018-05-27 18:37:28.032,123.47,0.138058545864,0.0,0
2018-05-27 18:37:28.115,123.42,0.138058545864,0.0,0
2018-05-27 18:37:28.208,124.56,0.138058545864,0.0,0
2018-05-27 18:37:28.385,124.62,0.138058545864,0.0,0
2018-05-27 18:37:28.758,127.62,0.138058545864,0.0,0
2018-05-27 18:37:28.832,128.19,0.138058545864,0.0,0
2018-05-27 18:37:29.003,128.81,0.138058545864,0.0,0
2018-05-27 18:37:29.097,129.1,0.138058545864,0.0,0
2018-05-27 18:37:29.190,131.44,0.138058545864,0.0,0
2018-05-27 18:37:29.283,131.86,0.138058545864,0.0,0
2018-05-27 18:37:29.375,131.78,0.138058545864,0.0,0
2018-05-27 18:37:29.553,133.42,0.138058545864,0.0,0
2018-05-27 18:37:29.646,134.7,0.138058545864,0.0,0
2018-05-27 18:37:29.832,135.84,0.138058545864,0.0,0
2018-05-27 18:37:29.926,136.74,0.138058545864,0.0,0
2018-05-27 18:37:30.087,136.56,0.138058545864,0.0,0
2018-05-27 18:37:30.181,135.97,0.138058545864,0.0,0
2018-05-27 18:37:30.274,135.6,0.138058545864,0.0,0
2018-05-27 18:37:30.451,134.12,0.138058545864,0.0,0
2018-05-27 18:37:30.544,134.59,0.138058545864,0.0,0
2018-05-27 18:37:30.637,134.52,0.138058545864,0.0,0
2018-05-27 18:37:30.730,133.49,0.138058545864,0.0,0
2018-05-27 18:37:30.916,130.85,0.138058545864,0.0,0
2018-05-27 18:37:31.264,130.95,0.138058545864,0.0,0
2018-05-27 18:37:31.348,128.15,0.138058545864,0.0,0
2018-05-27 18:37:32.059,122.82,0.138058545864,0.0,0
2018-05-27 18:37:32.153,123.03,0.138058545864,0.0,0
2018-05-27 18:37:32.246,122.06,0.138058545864,0.0,0
2018-05-27 18:37:32.339,121.8,0.138058545864,0.0,0
2018-05-27 18:37:32.423,121.29,0.138058545864,0.0,0
2018-05-27 18:37:32.516,121.12,0.138058545864,0.0,0
2018-05-27 18:37:32.609,121.13,0.138058545864,0.0,0
2018-05-27 18:37:32.702,119.92,0.138058545864,0.0,0
2018-05-27 18:37:32.888,120.24,0.138058545864,0.0,0
2018-05-27 18:37:33.050,119.27,0.138058545864,0.0,0
2018-05-27 18:37:33.320,118.52,0.138058545864,0.0,0
2018-05-27 18:37:33.497,117.32,0.138058545864,0.0,0
2018-05-27 18:37:33.674,116.47,0.138058545864,0.0,0
2018-05-27 18:37:33.767,116.63,0.138058545864,0.0,0
2018-05-27 18:37:33.860,115.61,0.138058545864,0.0,0
2018-05-27 18:37:34.023,115.84,0.138058545864,0.0,0
2018-05-27 18:37:34.302,114.4,0.138058545864,0.0,0
2018-05-27 18:37:34.395,114.1,0.138058545864,0.0,0
2018-05-27 18:37:34.572,113.0,0.138058545864,0.0,0
2018-05-27 18:37:34.665,113.28,0.138058545864,0.0,0
2018-05-27 18:37:34.758,112.55,0.138058545864,0.0,0
2018-05-27 18:37:35.013,112.26,0.138058545864,0.0,0
2018-05-27 18:37:35.097,111.57,0.138058545864,0.0,0
2018-05-27 18:37:35.190,111.72,0.138058545864,0.0,0
2018-05-27 18:37:35.283,111.35,0.138058545864,0.0,0
2018-05-27 18:37:35.367,109.95,0.138058545864,0.0,0
2018-05-27 18:37:35.544,110.57,0.138058545864,0.0,0
2018-05-27 18:37:35.637,109.81,0.138058545864,0.0,0
2018-05-27 18:37:36.078,107.74,0.138058545864,0.0,0
2018-05-27 18:37:36.441,106.52,0.138058545864,0.0,0
2018-05-27 18:37:36.534,106.57,0.138058545864,0.0,0
2018-05-27 18:37:36.625,106.89,0.138058545864,0.0,0
2018-05-27 18:37:36.711,105.43,0.138058545864,0.0,0
2018-05-27 18:37:37.050,105.3,0.138058545864,0.0,0
2018-05-27 18:37:37.330,104.12,0.138058545864,0.0,0
2018-05-27 18:37:37.413,103.76,0.138058545864,0.0,0
2018-05-27 18:37:37.506,103.55,0.138058545864,0.0,0
2018-05-27 18:37:37.600,103.7,0.138058545864,0.0,0
2018-05-27 18:37:37.693,102.62,0.138058545864,0.0,0
2018-05-27 18:37:37.874,101.78,0.138058545864,0.0,0
2018-05-27 18:37:38.032,101.59,0.138058545864,0.0,0
2018-05-27 18:37:38.116,102.13,0.138058545864,0.0,0
2018-05-27 18:37:38.208,101.6,0.138058545864,0.0,0
2018-05-27 18:37:38.385,101.1,0.138058545864,0.0,0
2018-05-27 18:37:38.562,99.89,0.138058545864,0.0,0
2018-05-27 18:37:38.656,99.68,0.138058545864,0.0,0
2018-05-27 18:37:38.842,99.25,0.138058545864,0.0,0
2018-05-27 18:37:39.004,99.38,0.138058545864,0.0,0
2018-05-27 18:37:39.087,99.15,0.138058545864,0.0,0
2018-05-27 18:37:39.181,98.7,0.138058545864,0.0,0
2018-05-27 18:37:39.451,97.84,0.138058545864,0.0,0
2018-05-27 18:37:39.544,97.4,0.138058545864,0.0,0
2018-05-27 18:37:39.730,95.89,0.138058545864,0.0,0
2018-05-27 18:37:39.823,96.15,0.138058545864,0.0,0
2018-05-27 18:37:39.907,95.53,0.138058545864,0.0,0
2018-05-27 18:37:40.069,95.08,0.138058545864,0.0,0
2018-05-27 18:37:40.162,95.2,0.138058545864,0.0,0
2018-05-27 18:37:40.255,94.72,0.138058545864,0.0,0
2018-05-27 18:37:40.348,94.42,0.138058545864,0.0,0
2018-05-27 18:37:40.432,93.78,0.138058545864,0.0,0
2018-05-27 18:37:40.525,93.57,0.138058545864,0.0,0
2018-05-27 18:37:40.618,93.65,0.138058545864,0.0,0
2018-05-27 18:37:40.712,93.78,0.138058545864,0.0,0
2018-05-27 18:37:40.795,93.52,0.138058545864,0.0,0
2018-05-27 18:37:40.888,93.22,0.138058545864,0.0,0
2018-05-27 18:37:41.143,92.64,0.138058545864,0.0,0
2018-05-27 18:37:41.236,92.31,0.138058545864,0.0,0
2018-05-27 18:37:41.423,91.34,0.138058545864,0.0,0
2018-05-27 18:37:41.516,91.28,0.138058545864,0.0,0
2018-05-27 18:37:41.609,91.04,0.138058545864,0.0,0
2018-05-27 18:37:41.702,90.97,0.138058545864,0.0,0
2018-05-27 18:37:41.879,90.04,0.138058545864,0.0,0
2018-05-27 18:37:42.041,89.63,0.138058545864,0.0,0
2018-05-27 18:37:42.227,89.17,0.138058545864,0.0,0
2018-05-27 18:37:42.320,88.31,0.138058545864,0.0,0
2018-05-27 18:37:42.412,88.62,0.138058545864,0.0,0
2018-05-27 18:37:42.674,87.76,0.138058545864,0.0,0
2018-05-27 18:37:42.767,87.19,0.138058545864,0.0,0
2018-05-27 18:37:42.851,86.5,0.138058545864,0.0,0
2018-05-27 18:37:43.013,86.8,0.138058545864,0.0,0
2018-05-27 18:37:43.106,86.8,0.138058545864,0.0,0
2018-05-27 18:37:43.199,86.16,0.138058545864,0.0,0
2018-05-27 18:37:43.385,85.32,0.138058545864,0.0,0
2018-05-27 18:37:43.470,85.66,0.138058545864,0.0,0
2018-05-27 18:37:43.562,85.68,0.138058545864,0.0,0
2018-05-27 18:37:43.656,85.57,0.138058545864,0.0,0
2018-05-27 18:37:43.749,86.05,0.138058545864,0.0,0
2018-05-27 18:37:43.842,85.3,0.138058545864,0.0,0
2018-05-27 18:37:44.004,85.36,0.138058545864,0.0,0
2018-05-27 18:37:44.190,86.67,0.138058545864,0.0,0
2018-05-27 18:37:44.283,86.69,0.138058545864,0.0,0
2018-05-27 18:37:44.367,87.03,0.138058545864,0.0,0
2018-05-27 18:37:44.637,87.54,0.138058545864,0.0,0
2018-05-27 18:37:44.730,87.66,0.138058545864,0.0,0
2018-05-27 18:37:45.264,88.61,0.138058545864,0.0,0
2018-05-27 18:37:45.441,88.92,0.138058545864,0.0,0
2018-05-27 18:37:45.534,90.06,0.138058545864,0.0,0
2018-05-27 18:37:45.628,89.82,0.138058545864,0.0,0
2018-05-27 18:37:45.721,90.07,0.138058545864,0.0,0
2018-05-27 18:37:45.814,90.01,0.138058545864,0.0,0
2018-05-27 18:37:45.907,89.4,0.138058545864,0.0,0
2018-05-27 18:37:46.069,89.11,0.138058545864,0.0,0
2018-05-27 18:37:46.162,89.18,0.138058545864,0.0,0
2018-05-27 18:37:46.255,88.23,0.138058545864,0.0,0
2018-05-27 18:37:47.330,85.43,0.138058545864,0.0,0
2018-05-27 18:37:47.423,85.38,0.138058545864,0.0,0
2018-05-27 18:37:47.516,85.16,0.138058545864,0.0,0
2018-05-27 18:37:47.609,84.24,0.138058545864,0.0,0
2018-05-27 18:37:47.702,83.63,0.138058545864,0.0,0
2018-05-27 18:37:47.795,84.35,0.138058545864,0.0,0
2018-05-27 18:37:47.888,83.97,0.138058545864,0.0,0
2018-05-27 18:37:48.050,83.76,0.138058545864,0.0,0
2018-05-27 18:37:48.889,84.79,0.138058545864,0.0,0
2018-05-27 18:37:49.041,84.64,0.138058545864,0.0,0
2018-05-27 18:37:49.134,84.37,0.138058545864,0.0,0
2018-05-27 18:37:49.505,83.53,0.138058545864,0.0,0
2018-05-27 18:37:49.861,82.58,0.138058545864,0.0,0
2018-05-27 18:37:50.004,83.5,0.138058545864,0.0,0
2018-05-27 18:37:50.199,81.87,0.138058545864,0.0,0
2018-05-27 18:37:50.469,81.89,0.138058545864,0.0,0
2018-05-27 18:37:50.646,81.8,0.138058545864,0.0,0
2018-05-27 18:37:50.739,82.72,0.138058545864,0.0,0
2018-05-27 18:37:51.088,82.86,0.138058545864,0.0,0
2018-05-27 18:37:51.181,83.42,0.138058545864,0.0,0
2018-05-27 18:37:51.367,84.05,0.138058545864,0.0,0
2018-05-27 18:37:51.628,85.11,0.138058545864,0.0,0
2018-05-27 18:37:51.907,85.78,0.138058545864,0.0,0
2018-05-27 18:37:52.069,86.42,0.138058545864,0.0,0
2018-05-27 18:37:52.255,86.93,0.138058545864,0.0,0
2018-05-27 18:37:52.525,87.67,0.138058545864,0.0,0
2018-05-27 18:37:52.711,88.37,0.138058545864,0.0,0
2018-05-27 18:37:52.805,89.78,0.138058545864,0.0,0
2018-05-27 18:37:53.060,90.81,0.138058545864,0.0,0
2018-05-27 18:37:53.153,90.79,0.138058545864,0.0,0
2018-05-27 18:37:53.246,90.84,0.138058545864,0.0,0
2018-05-27 18:37:53.423,91.51,0.138058545864,0.0,0
2018-05-27 18:37:53.609,91.39,0.138058545864,0.0,0
2018-05-27 18:37:53.702,91.75,0.138058545864,0.0,0
2018-05-27 18:37:53.795,92.13,0.138058545864,0.0,0
2018-05-27 18:37:53.888,92.52,0.138058545864,0.0,0
2018-05-27 18:37:54.144,94.39,0.138058545864,0.0,0
2018-05-27 18:37:54.767,96.65,0.138058545864,0.0,0
2018-05-27 18:37:55.022,97.54,0.138058545864,0.0,0
2018-05-27 18:37:55.209,97.83,0.138058545864,0.0,0
2018-05-27 18:37:55.395,97.64,0.138058545864,0.0,0
2018-05-27 18:37:55.479,98.02,0.138058545864,0.0,0
2018-05-27 18:37:55.572,96.96,0.138058545864,0.0,0
2018-05-27 18:37:55.665,96.23,0.138058545864,0.0,0
2018-05-27 18:37:55.758,95.68,0.138058545864,0.0,0
2018-05-27 18:37:56.014,95.32,0.138058545864,0.0,0
2018-05-27 18:37:56.097,94.48,0.138058545864,0.0,0
2018-05-27 18:37:56.283,94.36,0.138058545864,0.0,0
2018-05-27 18:37:56.367,93.89,0.138058545864,0.0,0
2018-05-27 18:37:56.460,93.47,0.138058545864,0.0,0
2018-05-27 18:37:56.740,94.32,0.138058545864,0.0,0
2018-05-27 18:37:56.926,95.23,0.138058545864,0.0,0
2018-05-27 18:37:57.181,95.02,0.138058545864,0.0,0
2018-05-27 18:37:57.367,96.66,0.138058545864,0.0,0
2018-05-27 18:37:57.544,96.94,0.138058545864,0.0,0
2018-05-27 18:37:57.721,97.51,0.138058545864,0.0,0
2018-05-27 18:37:58.069,99.36,0.138058545864,0.0,0
2018-05-27 18:37:58.162,99.64,0.138058545864,0.0,0
2018-05-27 18:37:58.255,100.06,0.138058545864,0.0,0
2018-05-27 18:37:58.340,99.96,0.138058545864,0.0,0
2018-05-27 18:37:58.442,101.03,0.138058545864,0.0,0
2018-05-27 18:37:58.535,101.76,0.138058545864,0.0,0
2018-05-27 18:37:58.628,102.29,0.138058545864,0.0,0
2018-05-27 18:37:58.721,101.69,0.138058545864,0.0,0
2018-05-27 18:37:59.060,104.89,0.138058545864,0.0,0
2018-05-27 18:37:59.423,105.71,0.138058545864,0.0,0
2018-05-27 18:37:59.516,107.61,0.138058545864,0.0,0
2018-05-27 18:37:59.702,107.38,0.138058545864,0.0,0
2018-05-27 18:38:00.041,108.44,0.138058545864,0.0,0
2018-05-27 18:38:00.227,108.1,0.138058545864,0.0,0
2018-05-27 18:38:00.497,106.17,0.138058545864,0.0,0
2018-05-27 18:38:00.581,105.67,0.138058545864,0.0,0
2018-05-27 18:38:00.665,106.08,0.138058545864,0.0,0
2018-05-27 18:38:00.851,104.76,0.138058545864,0.0,0
2018-05-27 18:38:01.106,104.45,0.138058545864,0.0,0
2018-05-27 18:38:01.200,104.0,0.138058545864,0.0,0
2018-05-27 18:38:01.739,103.48,0.138058545864,0.0,0
2018-05-27 18:38:01.833,102.58,0.138058545864,0.0,0
2018-05-27 18:38:02.088,103.8,0.138058545864,0.0,0
2018-05-27 18:38:02.181,103.71,0.138058545864,0.0,0
2018-05-27 18:38:02.367,103.32,0.138058545864,0.0,0
2018-05-27 18:38:02.544,104.15,0.138058545864,0.0,0
2018-05-27 18:38:02.637,105.05,0.138058545864,0.0,0
2018-05-27 18:38:02.823,105.48,0.138058545864,0.0,0
2018-05-27 18:38:03.171,106.67,0.138058545864,0.0,0
2018-05-27 18:38:03.264,107.01,0.138058545864,0.0,0
2018-05-27 18:38:03.441,108.69,0.138058545864,0.0,0
2018-05-27 18:38:03.535,108.69,0.138058545864,0.0,0
2018-05-27 18:38:03.721,109.9,0.138058545864,0.0,0
2018-05-27 18:38:04.069,111.55,0.138058545864,0.0,0
2018-05-27 18:38:04.162,113.09,0.138058545864,0.0,0
2018-05-27 18:38:04.348,113.25,0.138058545864,0.0,0
2018-05-27 18:38:04.618,114.52,0.138058545864,0.0,0
2018-05-27 18:38:05.050,112.77,0.138058545864,0.0,0
2018-05-27 18:38:05.227,112.73,0.138058545864,0.0,0
2018-05-27 18:38:05.320,111.55,0.138058545864,0.0,0
2018-05-27 18:38:05.414,111.99,0.138058545864,0.0,0
2018-05-27 18:38:05.488,111.39,0.138058545864,0.0,0
2018-05-27 18:38:05.758,110.85,0.138058545864,0.0,0
2018-05-27 18:38:06.106,109.74,0.138058545864,0.0,0
2018-05-27 18:38:06.386,109.56,0.138058545864,0.0,0
2018-05-27 18:38:06.470,109.81,0.138058545864,0.0,0
2018-05-27 18:38:06.553,109.83,0.138058545864,0.0,0
2018-05-27 18:38:06.646,109.12,0.138058545864,0.0,0
2018-05-27 18:38:06.739,109.86,0.138058545864,0.0,0
2018-05-27 18:38:06.833,109.36,0.138058545864,0.0,0
2018-05-27 18:38:07.088,111.12,0.138058545864,0.0,0
2018-05-27 18:38:07.181,110.58,0.138058545864,0.0,0
2018-05-27 18:38:07.358,112.55,0.138058545864,0.0,0
2018-05-27 18:38:07.544,113.14,0.138058545864,0.0,0
2018-05-27 18:38:07.823,113.85,0.138058545864,0.0,0
2018-05-27 18:38:08.265,117.2,0.138058545864,0.0,0
2018-05-27 18:38:08.358,117.36,0.138058545864,0.0,0
2018-05-27 18:38:08.628,120.34,0.138058545864,0.0,0
2018-05-27 18:38:08.721,121.21,0.138058545864,0.0,0
2018-05-27 18:38:09.069,119.06,0.138058545864,0.0,0
2018-05-27 18:38:09.255,118.76,0.138058545864,0.0,0
2018-05-27 18:38:09.339,118.7,0.138058545864,0.0,0
2018-05-27 18:38:09.432,117.51,0.138058545864,0.0,0
2018-05-27 18:38:09.712,116.94,0.138058545864,0.0,0
2018-05-27 18:38:09.805,115.11,0.138058545864,0.0,0
2018-05-27 18:38:09.898,116.3,0.138058545864,0.0,0
2018-05-27 18:38:10.060,115.47,0.138058545864,0.0,0
2018-05-27 18:38:10.255,114.91,0.138058545864,0.0,0
2018-05-27 18:38:10.330,114.85,0.138058545864,0.0,0
2018-05-27 18:38:10.432,113.81,0.138058545864,0.0,0
2018-05-27 18:38:10.535,113.12,0.138058545864,0.0,0
2018-05-27 18:38:10.637,113.57,0.138058545864,0.0,0
2018-05-27 18:38:10.903,111.76,0.138058545864,0.0,0
2018-05-27 18:38:11.239,111.48,0.138058545864,0.0,0
2018-05-27 18:38:11.504,111.13,0.138058545864,0.0,0
2018-05-27 18:38:11.600,112.28,0.138058545864,0.0,0
2018-05-27 18:38:11.693,112.23,0.138058545864,0.0,0
2018-05-27 18:38:11.875,113.58,0.138058545864,0.0,0
2018-05-27 18:38:12.199,116.14,0.138058545864,0.0,0
2018-05-27 18:38:12.376,117.68,0.138058545864,0.0,0
2018-05-27 18:38:12.563,117.1,0.138058545864,0.0,0
2018-05-27 18:38:12.656,115.92,0.138058545864,0.0,0
2018-05-27 18:38:12.842,115.24,0.138058545864,0.0,0
2018-05-27 18:38:13.088,114.18,0.138058545864,0.0,0
2018-05-27 18:38:13.274,113.97,0.138058545864,0.0,0
2018-05-27 18:38:13.367,112.8,0.138058545864,0.0,0
2018-05-27 18:38:13.451,112.97,0.138058545864,0.0,0
2018-05-27 18:38:13.544,112.27,0.138058545864,0.0,0
2018-05-27 18:38:13.637,111.12,0.138058545864,0.0,0
2018-05-27 18:38:13.730,112.48,0.138058545864,0.0,0
2018-05-27 18:38:13.814,110.97,0.138058545864,0.0,0
2018-05-27 18:38:13.907,110.14,0.138058545864,0.0,0
2018-05-27 18:38:14.069,111.33,0.138058545864,0.0,0
2018-05-27 18:38:14.162,110.23,0.138058545864,0.0,0
2018-05-27 18:38:14.255,110.2,0.138058545864,0.0,0
2018-05-27 18:38:14.348,110.28,0.138058545864,0.0,0
2018-05-27 18:38:14.432,109.31,0.138058545864,0.0,0
2018-05-27 18:38:14.619,109.45,0.138058545864,0.0,0
2018-05-27 18:38:14.702,108.48,0.138058545864,0.0,0
2018-05-27 18:38:14.796,107.7,0.138058545864,0.0,0
2018-05-27 18:38:15.050,108.31,0.138058545864,0.0,0
2018-05-27 18:38:15.237,109.47,0.138058545864,0.0,0
2018-05-27 18:38:15.330,109.62,0.138058545864,0.0,0
2018-05-27 18:38:15.423,109.21,0.138058545864,0.0,0
2018-05-27 18:38:15.516,110.27,0.138058545864,0.0,0
2018-05-27 18:38:15.703,111.43,0.138058545864,0.0,0
2018-05-27 18:38:15.786,112.41,0.138058545864,0.0,0
2018-05-27 18:38:15.879,111.75,0.138058545864,0.0,0
2018-05-27 18:38:16.032,112.57,0.138058545864,0.0,0
2018-05-27 18:38:16.116,113.26,0.138058545864,0.0,0
2018-05-27 18:38:16.209,114.46,0.138058545864,0.0,0
2018-05-27 18:38:16.302,114.5,0.138058545864,0.0,0
2018-05-27 18:38:16.572,117.28,0.138058545864,0.0,0
2018-05-27 18:38:16.665,116.51,0.138058545864,0.0,0
2018-05-27 18:38:16.851,115.73,0.138058545864,0.0,0
2018-05-27 18:38:17.013,115.68,0.138058545864,0.0,0
2018-05-27 18:38:17.106,115.05,0.138058545864,0.0,0
2018-05-27 18:38:17.386,114.75,0.138058545864,0.0,0
2018-05-27 18:38:17.470,114.37,0.138058545864,0.0,0
2018-05-27 18:38:17.647,112.81,0.138058545864,0.0,0
2018-05-27 18:38:17.740,113.15,0.138058545864,0.0,0
2018-05-27 18:38:17.926,112.77,0.138058545864,0.0,0
2018-05-27 18:38:18.088,111.44,0.138058545864,0.0,0
2018-05-27 18:38:18.181,112.16,0.138058545864,0.0,0
2018-05-27 18:38:18.367,111.87,0.138058545864,0.0,0
2018-05-27 18:38:18.451,112.52,0.138058545864,0.0,0
2018-05-27 18:38:18.544,112.29,0.138058545864,0.0,0
2018-05-27 18:38:18.730,113.82,0.138058545864,0.0,0
2018-05-27 18:38:18.823,113.03,0.138058545864,0.0,0
2018-05-27 18:38:18.917,113.95,0.138058545864,0.0,0
2018-05-27 18:38:19.079,113.71,0.138058545864,0.0,0
2018-05-27 18:38:19.172,113.27,0.138058545864,0.0,0
2018-05-27 18:38:19.265,112.39,0.138058545864,0.0,0
2018-05-27 18:38:19.358,112.42,0.138058545864,0.0,0
2018-05-27 18:38:19.535,111.6,0.138058545864,0.0,0
2018-05-27 18:38:19.628,112.01,0.138058545864,0.0,0
2018-05-27 18:38:19.814,109.89,0.138058545864,0.0,0
2018-05-27 18:38:19.907,111.17,0.138058545864,0.0,0
2018-05-27 18:38:20.069,109.92,0.138058545864,0.0,0
2018-05-27 18:38:20.162,109.21,0.138058545864,0.0,0
2018-05-27 18:38:20.345,109.31,0.138058545864,0.0,0
2018-05-27 18:38:20.432,108.96,0.138058545864,0.0,0
2018-05-27 18:38:20.517,107.71,0.138058545864,0.0,0
2018-05-27 18:38:20.702,108.09,0.138058545864,0.0,0
2018-05-27 18:38:20.799,107.46,0.138058545864,0.0,0
2018-05-27 18:38:20.898,107.96,0.138058545864,0.0,0
2018-05-27 18:38:21.061,107.52,0.138058545864,0.0,0
2018-05-27 18:38:21.153,107.26,0.138058545864,0.0,0
2018-05-27 18:38:21.246,106.31,0.138058545864,0.0,0
2018-05-27 18:38:21.330,105.46,0.138058545864,0.0,0
2018-05-27 18:38:21.516,106.18,0.138058545864,0.0,0
2018-05-27 18:38:21.796,105.4,0.138058545864,0.0,0
2018-05-27 18:38:21.889,106.19,0.138058545864,0.0,0
2018-05-27 18:38:22.051,105.14,0.138058545864,0.0,0
2018-05-27 18:38:22.134,105.7,0.138058545864,0.0,0
2018-05-27 18:38:22.321,106.4,0.138058545864,0.0,0
2018-05-27 18:38:22.414,106.71,0.138058545864,0.0,0
2018-05-27 18:38:22.498,106.04,0.138058545864,0.0,0
2018-05-27 18:38:22.581,106.94,0.138058545864,0.0,0
2018-05-27 18:38:22.666,107.01,0.138058545864,0.0,0
2018-05-27 18:38:22.758,108.48,0.138058545864,0.0,0
2018-05-27 18:38:22.851,108.88,0.138058545864,0.0,0
2018-05-27 18:38:23.013,109.12,0.138058545864,0.0,0
2018-05-27 18:38:23.106,109.82,0.138058545864,0.0,0
2018-05-27 18:38:23.200,109.74,0.138058545864,0.0,0
2018-05-27 18:38:23.293,109.06,0.138058545864,0.0,0
2018-05-27 18:38:23.563,108.09,0.138058545864,0.0,0
2018-05-27 18:38:23.758,107.27,0.138058545864,0.0,0
2018-05-27 18:38:23.852,107.13,0.138058545864,0.0,0
2018-05-27 18:38:24.097,106.84,0.138058545864,0.0,0
2018-05-27 18:38:24.190,105.96,0.138058545864,0.0,0
2018-05-27 18:38:24.283,105.9,0.138058545864,0.0,0
2018-05-27 18:38:24.367,105.31,0.138058545864,0.0,0
2018-05-27 18:38:24.544,105.38,0.138058545864,0.0,0
2018-05-27 18:38:24.722,104.85,0.138058545864,0.0,0
2018-05-27 18:38:24.907,103.79,0.138058545864,0.0,0
2018-05-27 18:38:25.153,103.44,0.138058545864,0.0,0
2018-05-27 18:38:25.246,103.65,0.138058545864,0.0,0
2018-05-27 18:38:25.423,102.76,0.138058545864,0.0,0
2018-05-27 18:38:25.516,102.13,0.138058545864,0.0,0
2018-05-27 18:38:25.609,102.97,0.138058545864,0.0,0
2018-05-27 18:38:25.693,102.75,0.138058545864,0.0,0
2018-05-27 18:38:25.786,102.81,0.138058545864,0.0,0
2018-05-27 18:38:25.875,102.14,0.138058545864,0.0,0
2018-05-27 18:38:26.032,101.64,0.138058545864,0.0,0
2018-05-27 18:38:26.116,101.08,0.138058545864,0.0,0
2018-05-27 18:38:26.200,100.91,0.138058545864,0.0,0
2018-05-27 18:38:26.293,98.96,0.138058545864,0.0,0
2018-05-27 18:38:26.377,99.08,0.138058545864,0.0,0
2018-05-27 18:38:26.470,98.14,0.138058545864,0.0,0
2018-05-27 18:38:26.563,96.99,0.138058545864,0.0,0
2018-05-27 18:38:26.656,96.02,0.138058545864,0.0,0
2018-05-27 18:38:26.749,94.9,0.138058545864,0.0,0
2018-05-27 18:38:26.842,93.7,0.138058545864,0.0,0
2018-05-27 18:38:27.097,91.53,0.138058545864,0.0,0
2018-05-27 18:38:27.284,90.27,0.138058545864,0.0,0
2018-05-27 18:38:27.367,88.82,0.138058545864,0.0,0
2018-05-27 18:38:27.460,88.72,0.138058545864,0.0,0
2018-05-27 18:38:27.554,88.14,0.138058545864,0.0,0
2018-05-27 18:38:27.926,86.55,0.138058545864,0.0,0
2018-05-27 18:38:28.088,86.49,0.138058545864,0.0,0
2018-05-27 18:38:28.182,86.29,0.138058545864,0.0,0
2018-05-27 18:38:28.358,85.44,0.138058545864,0.0,0
2018-05-27 18:38:28.451,85.68,0.138058545864,0.0,0
2018-05-27 18:38:28.730,84.19,0.138058545864,0.0,0
2018-05-27 18:38:28.824,84.84,0.138058545864,0.0,0
2018-05-27 18:38:28.917,84.26,0.138058545864,0.0,0
2018-05-27 18:38:29.172,82.93,0.138058545864,0.0,0
2018-05-27 18:38:29.265,82.31,0.138058545864,0.0,0
2018-05-27 18:38:29.460,82.56,0.138058545864,0.0,0
2018-05-27 18:38:29.554,81.87,0.138058545864,0.0,0
2018-05-27 18:38:29.740,81.52,0.138058545864,0.0,0
2018-05-27 18:38:29.833,81.43,0.138058545864,0.0,0
2018-05-27 18:38:29.926,81.07,0.138058545864,0.0,0
2018-05-27 18:38:30.181,80.46,0.138058545864,0.0,0
2018-05-27 18:38:30.358,79.52,0.138058545864,0.0,0
2018-05-27 18:38:30.451,78.78,0.138058545864,0.0,0
2018-05-27 18:38:30.544,79.31,0.138058545864,0.0,0
2018-05-27 18:38:30.731,78.79,0.138058545864,0.0,0
2018-05-27 18:38:30.824,78.92,0.138058545864,0.0,0
2018-05-27 18:38:30.917,78.42,0.138058545864,0.0,0
2018-05-27 18:38:31.079,77.5,0.138058545864,0.0,0
2018-05-27 18:38:31.172,77.47,0.138058545864,0.0,0
2018-05-27 18:38:31.265,76.93,0.138058545864,0.0,0
2018-05-27 18:38:31.442,76.65,0.138058545864,0.0,0
2018-05-27 18:38:31.628,76.19,0.138058545864,0.0,0
2018-05-27 18:38:31.814,75.39,0.138058545864,0.0,0
2018-05-27 18:38:32.069,75.82,0.138058545864,0.0,0
2018-05-27 18:38:32.162,75.76,0.138058545864,0.0,0
2018-05-27 18:38:32.256,75.88,0.138058545864,0.0,0
2018-05-27 18:38:32.340,75.38,0.138058545864,0.0,0
2018-05-27 18:38:32.433,74.6,0.138058545864,0.0,0
2018-05-27 18:38:32.526,74.83,0.138058545864,0.0,0
2018-05-27 18:38:32.619,74.39,0.138058545864,0.0,0
2018-05-27 18:38:32.712,74.29,0.138058545864,0.0,0
2018-05-27 18:38:32.898,73.69,0.138058545864,0.0,0
2018-05-27 18:38:33.153,72.5,0.138058545864,0.0,0
2018-05-27 18:38:33.330,72.04,0.138058545864,0.0,0
2018-05-27 18:38:33.423,72.77,0.138058545864,0.0,0
2018-05-27 18:38:33.609,72.18,0.138058545864,0.0,0
2018-05-27 18:38:33.703,71.66,0.138058545864,0.0,0
2018-05-27 18:38:33.889,71.28,0.138058545864,0.0,0
2018-05-27 18:38:34.051,72.2,0.138058545864,0.0,0
2018-05-27 18:38:34.144,71.97,0.138058545864,0.0,0
2018-05-27 18:38:34.237,71.54,0.138058545864,0.0,0
2018-05-27 18:38:34.330,72.85,0.138058545864,0.0,0
2018-05-27 18:38:34.423,72.95,0.138058545864,0.0,0
2018-05-27 18:38:34.507,73.66,0.138058545864,0.0,0
2018-05-27 18:38:34.600,73.88,0.138058545864,0.0,0
2018-05-27 18:38:34.693,74.63,0.138058545864,0.0,0
2018-05-27 18:38:34.786,75.22,0.138058545864,0.0,0
2018-05-27 18:38:34.875,76.04,0.138058545864,0.0,0
2018-05-27 18:38:35.033,77.48,0.138058545864,0.0,0
2018-05-27 18:38:35.116,77.42,0.138058545864,0.0,0
2018-05-27 18:38:35.293,80.06,0.138058545864,0.0,0
2018-05-27 18:38:35.386,81.11,0.138058545864,0.0,0
2018-05-27 18:38:35.470,82.14,0.138058545864,0.0,0
2018-05-27 18:38:35.563,82.5,0.138058545864,0.0,0
2018-05-27 18:38:35.647,84.01,0.138058545864,0.0,0
2018-05-27 18:38:35.740,85.64,0.138058545864,0.0,0
2018-05-27 18:38:35.917,86.67,0.138058545864,0.0,0
2018-05-27 18:38:36.079,87.63,0.138058545864,0.0,0
2018-05-27 18:38:36.265,89.51,0.138058545864,0.0,0
2018-05-27 18:38:36.442,93.09,0.138058545864,0.0,0
2018-05-27 18:38:36.628,95.42,0.138058545864,0.0,0
2018-05-27 18:38:36.805,98.03,0.138058545864,0.0,0
2018-05-27 18:38:37.051,99.97,0.138058545864,0.0,0
2018-05-27 18:38:37.316,103.46,0.138058545864,0.0,0
2018-05-27 18:38:37.414,103.32,0.138058545864,0.0,0
2018-05-27 18:38:37.693,108.38,0.138058545864,0.0,0
2018-05-27 18:38:37.786,109.95,0.138058545864,0.0,0
2018-05-27 18:38:37.875,111.42,0.138058545864,0.0,0
2018-05-27 18:38:38.293,116.47,0.12504656064,0.0250000003725,0
2018-05-27 18:38:38.470,119.66,0.112810386877,0.0250000003725,0
2018-05-27 18:38:38.563,121.23,0.0906213267703,0.0500000007451,0
2018-05-27 18:38:38.842,124.49,0.0478206698676,0.125,0
2018-05-27 18:38:39.181,127.07,0.0478206723167,0.15000000596,0
2018-05-27 18:38:39.274,128.42,0.151856099683,0.25,0
2018-05-27 18:38:39.451,127.57,0.232910101259,0.125,0
2018-05-27 18:38:39.721,125.87,0.232910101259,0.0,0
2018-05-27 18:38:39.814,126.42,0.232910101259,0.0,0
2018-05-27 18:38:39.908,126.54,0.232910101259,0.0,0
2018-05-27 18:38:40.349,124.21,0.215067142497,0.0,0
2018-05-27 18:38:40.433,122.72,0.198046613094,0.0,0
2018-05-27 18:38:40.516,122.44,0.166448060333,0.0,0
2018-05-27 18:38:40.703,122.32,0.101339269313,0.0,0
2018-05-27 18:38:40.796,120.7,0.0478206702758,0.0,0
2018-05-27 18:38:40.889,120.31,0.0806434678298,0.0,0
2018-05-27 18:38:41.051,120.35,0.138058545864,0.0,0
2018-05-27 18:38:41.144,119.51,0.138058545864,0.0,0
2018-05-27 18:38:41.237,120.08,0.138058545864,0.0,0
2018-05-27 18:38:41.423,118.58,0.138058545864,0.0,0
2018-05-27 18:38:41.507,117.62,0.138058545864,0.0,0
2018-05-27 18:38:41.693,116.51,0.138058545864,0.0,0
2018-05-27 18:38:42.032,116.34,0.138058545864,0.0,0
2018-05-27 18:38:42.116,116.54,0.138058545864,0.0,0
2018-05-27 18:38:42.201,115.06,0.138058545864,0.0,0
2018-05-27 18:38:42.293,116.84,0.138058545864,0.0,0
2018-05-27 18:38:42.386,115.83,0.138058545864,0.0,0
2018-05-27 18:38:42.563,118.17,0.138058545864,0.0,0
2018-05-27 18:38:42.656,116.95,0.138058545864,0.0,0
2018-05-27 18:38:42.749,119.3,0.138058545864,0.0,0
2018-05-27 18:38:43.004,120.91,0.138058545864,0.0,0
2018-05-27 18:38:43.098,122.43,0.138058545864,0.0,0
2018-05-27 18:38:43.181,122.86,0.138058545864,0.0,0
2018-05-27 18:38:43.367,125.53,0.138058545864,0.0,0
2018-05-27 18:38:43.544,127.96,0.138058545864,0.0,0
2018-05-27 18:38:43.731,130.39,0.138058545864,0.0,0
2018-05-27 18:38:43.824,130.91,0.138058545864,0.0,0
2018-05-27 18:38:43.917,132.88,0.138058545864,0.0,0
2018-05-27 18:38:44.069,134.56,0.138058545864,0.0,0
2018-05-27 18:38:44.256,135.41,0.138058545864,0.0,0
2018-05-27 18:38:44.340,136.88,0.138058545864,0.0,0
2018-05-27 18:38:44.433,138.07,0.138058545864,0.0,0
2018-05-27 18:38:44.526,139.35,0.138058545864,0.0,0
2018-05-27 18:38:44.619,140.02,0.138058545864,0.0,0
2018-05-27 18:38:44.712,140.74,0.138058545864,0.0,0
2018-05-27 18:38:44.796,142.35,0.138058545864,0.0,0
2018-05-27 18:38:44.889,143.22,0.138058545864,0.0,0
2018-05-27 18:38:45.051,143.47,0.138058545864,0.0,0
2018-05-27 18:38:45.144,143.73,0.12504656064,0.0250000003725,0
2018-05-27 18:38:45.237,145.19,0.12504656064,0.0,0
2018-05-27 18:38:45.330,145.73,0.12504656064,0.0,0
2018-05-27 18:38:45.424,147.06,0.12504656064,0.0,0
2018-05-27 18:38:45.507,146.55,0.12504656064,0.0,0
2018-05-27 18:38:45.610,149.16,0.112810386877,0.0250000003725,0
2018-05-27 18:38:45.703,149.35,0.101339266172,0.0250000003725,0
2018-05-27 18:38:45.889,149.71,0.0906213267703,0.0250000003725,0
2018-05-27 18:38:46.151,147.81,0.0906213267703,0.0,0
2018-05-27 18:38:46.248,148.62,0.0806434671136,0.0250000003725,0
2018-05-27 18:38:46.330,146.76,0.0906213267703,0.0,0
2018-05-27 18:38:46.423,145.97,0.0906213267703,0.0,0
2018-05-27 18:38:46.526,144.35,0.0906213267703,0.0,0
2018-05-27 18:38:46.619,143.92,0.0906213267703,0.0,0
2018-05-27 18:38:46.712,142.95,0.0906213267703,0.0,0
2018-05-27 18:38:46.800,141.79,0.101339266172,0.0,0
2018-05-27 18:38:46.889,141.47,0.112810386877,0.0,0
2018-05-27 18:38:47.051,140.23,0.12504656064,0.0,0
2018-05-27 18:38:47.144,139.36,0.12504656064,0.0,0
2018-05-27 18:38:47.340,137.25,0.138058545864,0.0,0
2018-05-27 18:38:47.433,135.28,0.138058545864,0.0,0
2018-05-27 18:38:47.526,135.14,0.138058545864,0.0,0
2018-05-27 18:38:47.610,134.51,0.138058545864,0.0,0
2018-05-27 18:38:47.703,133.98,0.138058545864,0.0,0
2018-05-27 18:38:47.796,133.38,0.138058545864,0.0,0
2018-05-27 18:38:47.889,132.88,0.138058545864,0.0,0
2018-05-27 18:38:48.051,131.57,0.138058545864,0.0,0
2018-05-27 18:38:48.144,131.06,0.138058545864,0.0,0
2018-05-27 18:38:48.237,130.59,0.138058545864,0.0,0
2018-05-27 18:38:48.330,130.82,0.138058545864,0.0,0
2018-05-27 18:38:48.424,130.66,0.138058545864,0.0,0
2018-05-27 18:38:48.517,129.61,0.138058545864,0.0,0
2018-05-27 18:38:48.600,128.53,0.138058545864,0.0,0
2018-05-27 18:38:48.694,129.12,0.138058545864,0.0,0
2018-05-27 18:38:49.116,126.45,0.138058545864,0.0,0
2018-05-27 18:38:49.386,125.9,0.138058545864,0.0,0
2018-05-27 18:38:49.470,125.82,0.138058545864,0.0,0
2018-05-27 18:38:49.656,124.41,0.138058545864,0.0,0
2018-05-27 18:38:49.749,125.01,0.138058545864,0.0,0
2018-05-27 18:38:50.098,123.9,0.138058545864,0.0,0
2018-05-27 18:38:50.451,123.74,0.138058545864,0.0,0
2018-05-27 18:38:50.731,123.67,0.138058545864,0.0,0
2018-05-27 18:38:51.070,124.15,0.138058545864,0.0,0
2018-05-27 18:38:51.340,124.4,0.138058545864,0.0,0
2018-05-27 18:38:51.610,124.71,0.138058545864,0.0,0
2018-05-27 18:38:51.713,125.26,0.138058545864,0.0,0
2018-05-27 18:38:52.153,126.67,0.138058545864,0.0,0
2018-05-27 18:38:52.246,127.74,0.138058545864,0.0,0
2018-05-27 18:38:52.330,126.9,0.138058545864,0.0,0
2018-05-27 18:38:52.424,128.04,0.138058545864,0.0,0
2018-05-27 18:38:52.517,128.92,0.138058545864,0.0,0
2018-05-27 18:38:52.610,129.18,0.138058545864,0.0,0
2018-05-27 18:38:52.787,129.75,0.138058545864,0.0,0
2018-05-27 18:38:52.875,129.97,0.138058545864,0.0,0
2018-05-27 18:38:53.032,130.28,0.138058545864,0.0,0
2018-05-27 18:38:53.116,131.84,0.138058545864,0.0,0
2018-05-27 18:38:53.200,131.58,0.138058545864,0.0,0
2018-05-27 18:38:53.293,132.6,0.138058545864,0.0,0
2018-05-27 18:38:53.377,133.56,0.138058545864,0.0,0
2018-05-27 18:38:53.470,134.08,0.138058545864,0.0,0
2018-05-27 18:38:53.563,134.68,0.138058545864,0.0,0
2018-05-27 18:38:53.749,135.41,0.138058545864,0.0,0
2018-05-27 18:38:53.843,135.08,0.138058545864,0.0,0
2018-05-27 18:38:54.004,136.5,0.138058545864,0.0,0
2018-05-27 18:38:54.097,137.24,0.138058545864,0.0,0
2018-05-27 18:38:54.191,137.65,0.138058545864,0.0,0
2018-05-27 18:38:54.284,138.34,0.138058545864,0.0,0
2018-05-27 18:38:54.461,140.11,0.138058545864,0.0,0
2018-05-27 18:38:54.554,140.4,0.138058545864,0.0,0
2018-05-27 18:38:54.647,140.97,0.138058545864,0.0,0
2018-05-27 18:38:54.740,142.15,0.138058545864,0.0,0
2018-05-27 18:38:54.926,143.59,0.138058545864,0.0,0
2018-05-27 18:38:55.088,144.03,0.138058545864,0.0,0
2018-05-27 18:38:55.181,145.85,0.138058545864,0.0,0
2018-05-27 18:38:55.358,146.15,0.138058545864,0.0,0
2018-05-27 18:38:55.451,147.54,0.138058545864,0.0,0
2018-05-27 18:38:55.545,148.78,0.138058545864,0.0,0
2018-05-27 18:38:55.917,152.55,0.138058545864,0.0,0
2018-05-27 18:38:56.079,152.21,0.138058545864,0.0,0
2018-05-27 18:38:56.265,154.67,0.138058545864,0.0,0
2018-05-27 18:38:56.349,155.68,0.0713912305859,0.15000000596,0
2018-05-27 18:38:56.535,155.79,0.0478206678267,0.0750000029802,0
2018-05-27 18:38:56.628,157.46,0.0713912337669,0.22499999404,0
2018-05-27 18:38:56.722,156.37,0.181842459716,0.22499999404,0
2018-05-27 18:38:56.815,156.56,0.381247386828,0.25,0
2018-05-27 18:38:56.908,156.06,0.457583162547,0.0750000029802,0
2018-05-27 18:38:57.070,155.01,0.512785174842,0.0500000007451,0
2018-05-27 18:38:57.256,152.58,0.299999996735,0.0,0
2018-05-27 18:38:57.340,152.03,0.299999996735,0.0,0
2018-05-27 18:38:57.433,150.93,0.299999996735,0.0,0
2018-05-27 18:38:57.526,149.27,0.357516730654,0.0,0
2018-05-27 18:38:57.619,148.55,0.291426344716,0.0,0
2018-05-27 18:38:57.805,144.97,0.138058544666,0.0,0
2018-05-27 18:38:57.898,144.25,0.0478206712962,0.0,0
2018-05-27 18:38:58.060,142.57,0.0806434663974,0.0,0
2018-05-27 18:38:58.153,140.94,0.112810386877,0.0,0
2018-05-27 18:38:58.424,136.92,0.138058545864,0.0,0
2018-05-27 18:38:58.517,135.37,0.138058545864,0.0,0
2018-05-27 18:38:58.610,135.27,0.138058545864,0.0,0
2018-05-27 18:38:58.796,132.79,0.138058545864,0.0,0
2018-05-27 18:38:58.889,131.18,0.138058545864,0.0,0
2018-05-27 18:38:59.331,127.01,0.138058545864,0.0,0
2018-05-27 18:38:59.414,126.15,0.138058545864,0.0,0
2018-05-27 18:38:59.600,123.27,0.138058545864,0.0,0
2018-05-27 18:38:59.694,122.72,0.138058545864,0.0,0
2018-05-27 18:39:00.032,119.83,0.138058545864,0.0,0
2018-05-27 18:39:00.209,117.73,0.138058545864,0.0,0
2018-05-27 18:39:00.498,113.69,0.138058545864,0.0,0
2018-05-27 18:39:00.582,113.23,0.138058545864,0.0,0
2018-05-27 18:39:01.023,108.89,0.138058545864,0.0,0
2018-05-27 18:39:01.116,108.87,0.138058545864,0.0,0
2018-05-27 18:39:01.209,108.05,0.138058545864,0.0,0
2018-05-27 18:39:01.480,105.77,0.138058545864,0.0,0
2018-05-27 18:39:01.563,105.41,0.138058545864,0.0,0
2018-05-27 18:39:01.656,105.42,0.138058545864,0.0,0
2018-05-27 18:39:01.843,104.05,0.138058545864,0.0,0
2018-05-27 18:39:02.098,104.89,0.138058545864,0.0,0
2018-05-27 18:39:02.191,104.48,0.138058545864,0.0,0
2018-05-27 18:39:02.368,104.66,0.138058545864,0.0,0
2018-05-27 18:39:02.461,104.8,0.138058545864,0.0,0
2018-05-27 18:39:02.554,105.03,0.138058545864,0.0,0
2018-05-27 18:39:02.740,104.73,0.138058545864,0.0,0
2018-05-27 18:39:02.833,105.68,0.138058545864,0.0,0
2018-05-27 18:39:02.927,105.3,0.138058545864,0.0,0
2018-05-27 18:39:03.088,105.64,0.138058545864,0.0,0
2018-05-27 18:39:03.182,106.08,0.138058545864,0.0,0
2018-05-27 18:39:03.358,106.58,0.138058545864,0.0,0
2018-05-27 18:39:03.442,107.22,0.138058545864,0.0,0
2018-05-27 18:39:03.535,107.8,0.138058545864,0.0,0
2018-05-27 18:39:03.628,107.9,0.138058545864,0.0,0
2018-05-27 18:39:03.722,109.05,0.138058545864,0.0,0
2018-05-27 18:39:03.815,109.59,0.138058545864,0.0,0
2018-05-27 18:39:03.908,110.37,0.138058545864,0.0,0
2018-05-27 18:39:04.070,111.0,0.138058545864,0.0,0
2018-05-27 18:39:04.153,111.68,0.138058545864,0.0,0
2018-05-27 18:39:04.247,112.78,0.12504656064,0.0250000003725,0
2018-05-27 18:39:04.433,115.02,0.12504656064,0.0,0
2018-05-27 18:39:04.526,114.97,0.12504656064,0.0,0
2018-05-27 18:39:04.619,116.51,0.12504656064,0.0,0
2018-05-27 18:39:04.712,117.39,0.12504656064,0.0,0
2018-05-27 18:39:04.805,118.64,0.12504656064,0.0,0
2018-05-27 18:39:04.899,118.08,0.12504656064,0.0,0
2018-05-27 18:39:05.062,117.63,0.12504656064,0.0,0
2018-05-27 18:39:05.144,117.93,0.12504656064,0.0,0
2018-05-27 18:39:05.237,117.06,0.12504656064,0.0,0
2018-05-27 18:39:05.330,116.79,0.138058545864,0.0,0
2018-05-27 18:39:05.424,116.03,0.138058545864,0.0,0
2018-05-27 18:39:05.517,116.04,0.138058545864,0.0,0
2018-05-27 18:39:05.610,115.05,0.138058545864,0.0,0
2018-05-27 18:39:05.703,114.75,0.138058545864,0.0,0
2018-05-27 18:39:05.796,114.71,0.138058545864,0.0,0
2018-05-27 18:39:05.889,113.48,0.138058545864,0.0,0
2018-05-27 18:39:06.052,113.41,0.138058545864,0.0,0
2018-05-27 18:39:06.135,113.37,0.138058545864,0.0,0
2018-05-27 18:39:06.321,112.68,0.138058545864,0.0,0
2018-05-27 18:39:06.410,112.15,0.138058545864,0.0,0
2018-05-27 18:39:06.667,112.14,0.138058545864,0.0,0
2018-05-27 18:39:06.759,112.79,0.138058545864,0.0,0
2018-05-27 18:39:06.852,113.64,0.138058545864,0.0,0
2018-05-27 18:39:07.014,114.37,0.138058545864,0.0,0
2018-05-27 18:39:07.107,114.59,0.138058545864,0.0,0
2018-05-27 18:39:07.200,114.6,0.138058545864,0.0,0
2018-05-27 18:39:07.377,116.75,0.138058545864,0.0,0
2018-05-27 18:39:07.470,117.32,0.138058545864,0.0,0
2018-05-27 18:39:07.563,119.05,0.138058545864,0.0,0
2018-05-27 18:39:07.657,119.58,0.138058545864,0.0,0
2018-05-27 18:39:07.927,122.82,0.138058545864,0.0,0
2018-05-27 18:39:08.088,123.26,0.138058545864,0.0,0
2018-05-27 18:39:08.275,126.91,0.138058545864,0.0,0
2018-05-27 18:39:08.368,127.72,0.138058545864,0.0,0
2018-05-27 18:39:08.545,130.69,0.138058545864,0.0,0
2018-05-27 18:39:08.628,131.05,0.138058545864,0.0,0
2018-05-27 18:39:08.722,132.35,0.138058545864,0.0,0
2018-05-27 18:39:08.908,135.31,0.138058545864,0.0,0
2018-05-27 18:39:09.070,136.89,0.138058545864,0.0,0
2018-05-27 18:39:09.163,136.89,0.138058545864,0.0,0
2018-05-27 18:39:09.349,135.2,0.138058545864,0.0,0
2018-05-27 18:39:09.442,134.68,0.138058545864,0.0,0
2018-05-27 18:39:09.526,133.45,0.138058545864,0.0,0
2018-05-27 18:39:09.712,132.14,0.138058545864,0.0,0
2018-05-27 18:39:09.805,132.63,0.138058545864,0.0,0
2018-05-27 18:39:10.060,131.93,0.138058545864,0.0,0
2018-05-27 18:39:10.247,131.04,0.138058545864,0.0,0
2018-05-27 18:39:11.377,130.81,0.138058545864,0.0,0
2018-05-27 18:39:11.470,129.84,0.138058545864,0.0,0
2018-05-27 18:39:12.005,124.55,0.138058545864,0.0,0
2018-05-27 18:39:12.088,124.88,0.138058545864,0.0,0
2018-05-27 18:39:12.275,122.15,0.138058545864,0.0,0
2018-05-27 18:39:12.368,121.24,0.138058545864,0.0,0
2018-05-27 18:39:12.452,119.54,0.138058545864,0.0,0
2018-05-27 18:39:12.638,117.53,0.138058545864,0.0,0
2018-05-27 18:39:13.070,113.33,0.138058545864,0.0,0
2018-05-27 18:39:13.163,112.22,0.138058545864,0.0,0
2018-05-27 18:39:13.256,111.96,0.138058545864,0.0,0
2018-05-27 18:39:13.349,110.44,0.138058545864,0.0,0
2018-05-27 18:39:13.433,109.19,0.138058545864,0.0,0
2018-05-27 18:39:13.619,107.34,0.138058545864,0.0,0
2018-05-27 18:39:13.712,107.23,0.138058545864,0.0,0
2018-05-27 18:39:13.796,107.26,0.138058545864,0.0,0
2018-05-27 18:39:14.051,106.41,0.138058545864,0.0,0
2018-05-27 18:39:14.144,107.09,0.138058545864,0.0,0
2018-05-27 18:39:14.237,108.58,0.138058545864,0.0,0
2018-05-27 18:39:14.331,108.51,0.138058545864,0.0,0
2018-05-27 18:39:14.424,108.98,0.138058545864,0.0,0
2018-05-27 18:39:14.517,111.65,0.138058545864,0.0,0
2018-05-27 18:39:14.610,111.68,0.138058545864,0.0,0
2018-05-27 18:39:14.703,113.31,0.138058545864,0.0,0
2018-05-27 18:39:14.796,113.16,0.138058545864,0.0,0
2018-05-27 18:39:14.880,114.43,0.138058545864,0.0,0
2018-05-27 18:39:15.126,115.25,0.138058545864,0.0,0
2018-05-27 18:39:15.386,118.76,0.138058545864,0.0,0
2018-05-27 18:39:15.573,120.59,0.138058545864,0.0,0
2018-05-27 18:39:15.666,122.03,0.138058545864,0.0,0
2018-05-27 18:39:15.759,123.3,0.138058545864,0.0,0
2018-05-27 18:39:15.843,124.1,0.138058545864,0.0,0
2018-05-27 18:39:16.098,124.95,0.138058545864,0.0,0
2018-05-27 18:39:16.191,125.2,0.138058545864,0.0,0
2018-05-27 18:39:16.377,127.23,0.138058545864,0.0,0
2018-05-27 18:39:16.470,127.61,0.138058545864,0.0,0
2018-05-27 18:39:16.564,127.19,0.138058545864,0.0,0
2018-05-27 18:39:16.824,126.84,0.138058545864,0.0,0
2018-05-27 18:39:17.172,126.24,0.138058545864,0.0,0
2018-05-27 18:39:17.265,125.78,0.138058545864,0.0,0
2018-05-27 18:39:17.442,127.95,0.138058545864,0.0,0
2018-05-27 18:39:18.340,132.14,0.138058545864,0.0,0
2018-05-27 18:39:18.433,132.37,0.138058545864,0.0,0
2018-05-27 18:39:18.526,132.24,0.138058545864,0.0,0
2018-05-27 18:39:18.619,132.45,0.138058545864,0.0,0
2018-05-27 18:39:18.712,132.12,0.138058545864,0.0,0
2018-05-27 18:39:19.061,131.04,0.138058545864,0.0,0
2018-05-27 18:39:19.154,129.55,0.138058545864,0.0,0
2018-05-27 18:39:19.247,128.92,0.138058545864,0.0,0
2018-05-27 18:39:19.517,126.44,0.138058545864,0.0,0
2018-05-27 18:39:19.703,125.57,0.138058545864,0.0,0
2018-05-27 18:39:19.796,124.55,0.138058545864,0.0,0
2018-05-27 18:39:20.052,124.09,0.138058545864,0.0,0
2018-05-27 18:39:20.237,123.18,0.138058545864,0.0,0
2018-05-27 18:39:20.331,123.97,0.138058545864,0.0,0
2018-05-27 18:39:20.507,123.08,0.138058545864,0.0,0
2018-05-27 18:39:20.787,121.19,0.138058545864,0.0,0
2018-05-27 18:39:20.875,119.77,0.138058545864,0.0,0
2018-05-27 18:39:21.116,118.65,0.138058545864,0.0,0
2018-05-27 18:39:21.386,115.0,0.138058545864,0.0,0
2018-05-27 18:39:21.563,112.58,0.138058545864,0.0,0
2018-05-27 18:39:21.666,111.79,0.138058545864,0.0,0
2018-05-27 18:39:21.750,110.71,0.138058545864,0.0,0
2018-05-27 18:39:22.092,106.78,0.138058545864,0.0,0
2018-05-27 18:39:22.188,105.48,0.138058545864,0.0,0
2018-05-27 18:39:22.275,103.72,0.138058545864,0.0,0
2018-05-27 18:39:22.368,102.29,0.138058545864,0.0,0
2018-05-27 18:39:22.461,101.47,0.138058545864,0.0,0
2018-05-27 18:39:22.656,98.82,0.138058545864,0.0,0
2018-05-27 18:39:22.750,97.53,0.138058545864,0.0,0
2018-05-27 18:39:22.927,95.41,0.138058545864,0.0,0
2018-05-27 18:39:23.098,94.43,0.138058545864,0.0,0
2018-05-27 18:39:23.191,93.07,0.12504656064,0.0250000003725,0
2018-05-27 18:39:23.824,91.1,0.12504656064,0.0,0
2018-05-27 18:39:23.917,91.29,0.101339266172,0.0500000007451,0
2018-05-27 18:39:24.079,90.35,0.0806434671136,0.0500000007451,0
2018-05-27 18:39:24.172,90.29,0.0628486823466,0.0500000007451,0
2018-05-27 18:39:24.266,89.52,0.0628486823466,0.0,0
2018-05-27 18:39:24.359,89.47,0.0628486823466,0.0,0
2018-05-27 18:39:24.629,88.29,0.0628486823466,0.0,0
2018-05-27 18:39:24.899,88.23,0.0628486823466,0.0,0
2018-05-27 18:39:25.518,94.23,0.0628486823466,0.0,0
2018-05-27 18:39:25.601,95.46,0.0713912319113,0.0,0
2018-05-27 18:39:25.694,96.6,0.0713912319113,0.0,0
2018-05-27 18:39:26.032,99.78,0.0806434671136,0.0250000003725,0
2018-05-27 18:39:26.116,101.31,0.0906213267703,0.0250000003725,0
2018-05-27 18:39:26.209,103.86,0.101339266172,0.0250000003725,0
2018-05-27 18:39:26.293,104.93,0.0906213267703,0.0250000003725,0
2018-05-27 18:39:26.386,105.77,0.0806434671136,0.0250000003725,0
2018-05-27 18:39:26.480,107.0,0.0713912319113,0.0250000003725,0
2018-05-27 18:39:26.573,109.28,0.0628486823466,0.0250000003725,0
2018-05-27 18:39:26.666,110.24,0.054998263009,0.0250000003725,0
2018-05-27 18:39:26.852,113.59,0.0478206693574,0.0250000003725,0
2018-05-27 18:39:27.014,114.78,0.0412947210195,0.0250000003725,0
2018-05-27 18:39:27.200,118.0,0.0478206693574,0.0,0
2018-05-27 18:39:27.293,120.58,0.0478206693574,0.0250000003725,0
2018-05-27 18:39:27.377,121.03,0.0478206693574,0.0250000003725,0
2018-05-27 18:39:27.470,123.12,0.0478206693574,0.0250000003725,0
2018-05-27 18:39:27.656,125.36,0.0478206693574,0.0250000003725,0
2018-05-27 18:39:27.750,127.37,0.0478206693574,0.0250000003725,0
2018-05-27 18:39:27.843,128.42,0.054998263009,0.0,0
2018-05-27 18:39:28.004,129.18,0.0628486823466,0.0,0
2018-05-27 18:39:28.098,130.64,0.0713912319113,0.0,0
2018-05-27 18:39:28.284,134.11,0.0806434671136,0.0,0
2018-05-27 18:39:28.368,135.5,0.0806434671136,0.0,0
2018-05-27 18:39:28.461,136.33,0.0906213267703,0.0,0
2018-05-27 18:39:28.554,136.45,0.101339266172,0.0,0
2018-05-27 18:39:28.740,140.07,0.112810386877,0.0,0
2018-05-27 18:39:28.833,141.39,0.12504656064,0.0,0
2018-05-27 18:39:28.926,144.25,0.138058545864,0.0,0
2018-05-27 18:39:29.088,145.23,0.138058545864,0.0,0
2018-05-27 18:39:29.182,145.99,0.138058545864,0.0,0
2018-05-27 18:39:29.442,147.61,0.138058545864,0.0,0
2018-05-27 18:39:29.535,148.74,0.12504656064,0.0250000003725,0
2018-05-27 18:39:29.815,151.14,0.112810386877,0.0250000003725,0
2018-05-27 18:39:30.330,155.44,0.0628486829571,0.125,0
2018-05-27 18:39:30.517,157.68,0.0412947213896,0.17499999702,0
2018-05-27 18:39:30.610,159.35,0.151856097568,0.27500000596,0
2018-05-27 18:39:30.703,159.28,0.151856097568,0.0,0
2018-05-27 18:39:31.051,162.03,0.151856097568,0.0,0
2018-05-27 18:39:31.135,163.28,0.151856097568,0.0,0
2018-05-27 18:39:31.228,163.69,0.215067141198,0.10000000149,0
2018-05-27 18:39:32.276,171.99,0.215067141198,0.0,0
2018-05-27 18:39:32.461,174.81,0.198046611856,0.0,0
2018-05-27 18:39:32.647,175.41,0.181842464425,0.0,0
2018-05-27 18:39:32.722,174.58,0.11281038935,0.0,0
2018-05-27 18:39:32.826,177.3,0.0478206723167,0.0,0
2018-05-27 18:39:32.917,177.56,0.0906213267703,0.0,0
2018-05-27 18:39:33.079,178.14,0.0906213267703,0.0,0
2018-05-27 18:39:33.172,179.32,0.0906213267703,0.0,0
2018-05-27 18:39:33.265,179.93,0.0906213267703,0.0,0
2018-05-27 18:39:33.358,180.96,0.138058545864,0.0,0
2018-05-27 18:39:33.442,181.41,0.138058545864,0.0,0
2018-05-27 18:39:34.060,185.81,0.138058545864,0.0,0
2018-05-27 18:39:34.153,186.18,0.138058545864,0.0,0
2018-05-27 18:39:34.247,186.49,0.138058545864,0.0,0
2018-05-27 18:39:34.424,188.71,0.138058545864,0.0,0
2018-05-27 18:39:34.517,189.76,0.138058545864,0.0,0
2018-05-27 18:39:34.787,190.57,0.138058545864,0.0,0
2018-05-27 18:39:35.032,191.9,0.138058545864,0.0,0
2018-05-27 18:39:35.116,192.17,0.138058545864,0.0,0
2018-05-27 18:39:35.209,191.81,0.138058545864,0.0,0
2018-05-27 18:39:35.302,193.65,0.138058545864,0.0,0
2018-05-27 18:39:35.479,194.89,0.138058545864,0.0,0
2018-05-27 18:39:35.573,196.58,0.138058545864,0.0,0
2018-05-27 18:39:36.014,198.79,0.138058545864,0.0,0
2018-05-27 18:39:36.200,199.05,0.138058545864,0.0,0
2018-05-27 18:39:36.293,200.33,0.138058545864,0.0,0
2018-05-27 18:39:36.377,200.97,0.138058545864,0.0,0
2018-05-27 18:39:36.470,202.07,0.138058545864,0.0,0
2018-05-27 18:39:36.563,201.56,0.138058545864,0.0,0
2018-05-27 18:39:36.656,203.4,0.138058545864,0.0,0
2018-05-27 18:39:36.749,202.66,0.138058545864,0.0,0
2018-05-27 18:39:37.004,204.96,0.138058545864,0.0,0
2018-05-27 18:39:37.098,204.5,0.138058545864,0.0,0
2018-05-27 18:39:37.191,205.61,0.138058545864,0.0,0
2018-05-27 18:39:37.284,206.11,0.138058545864,0.0,0
2018-05-27 18:39:37.368,206.06,0.138058545864,0.0,0
2018-05-27 18:39:37.461,207.54,0.138058545864,0.0,0
2018-05-27 18:39:37.554,207.58,0.138058545864,0.0,0
2018-05-27 18:39:37.647,208.33,0.138058545864,0.0,0
2018-05-27 18:39:37.740,208.68,0.12504656064,0.0250000003725,0
2018-05-27 18:39:37.833,209.99,0.12504656064,0.0,0
2018-05-27 18:39:37.926,209.76,0.12504656064,0.0,0
2018-05-27 18:39:38.181,211.26,0.112810386877,0.0250000003725,0
2018-05-27 18:39:38.368,211.57,0.101339266172,0.0250000003725,0
2018-05-27 18:39:38.451,212.68,0.101339266172,0.0,0
2018-05-27 18:39:38.545,212.65,0.101339266172,0.0,0
2018-05-27 18:39:38.638,215.37,0.101339266172,0.0,0
2018-05-27 18:39:39.350,217.84,0.101339266172,0.0,0
2018-05-27 18:39:39.442,219.27,0.101339266172,0.0,0
2018-05-27 18:39:39.535,218.21,0.112810386877,0.0,0
2018-05-27 18:39:39.722,220.64,0.112810386877,0.0,0
2018-05-27 18:39:39.796,220.66,0.112810386877,0.0,0
2018-05-27 18:39:40.070,220.23,0.12504656064,0.0,0
2018-05-27 18:39:40.247,221.01,0.138058545864,0.0,0
2018-05-27 18:39:40.330,221.75,0.138058545864,0.0,0
2018-05-27 18:39:40.610,223.26,0.138058545864,0.0,0
2018-05-27 18:39:40.703,223.88,0.138058545864,0.0,0
2018-05-27 18:39:40.796,224.52,0.138058545864,0.0,0
2018-05-27 18:39:40.890,223.7,0.138058545864,0.0,0
2018-05-27 18:39:41.042,225.97,0.138058545864,0.0,0
2018-05-27 18:39:41.135,225.24,0.138058545864,0.0,0
2018-05-27 18:39:41.498,226.77,0.138058545864,0.0,0
2018-05-27 18:39:41.675,226.17,0.138058545864,0.0,0
2018-05-27 18:39:41.759,224.67,0.138058545864,0.0,0
2018-05-27 18:39:41.852,225.66,0.138058545864,0.0,0
2018-05-27 18:39:42.107,224.94,0.138058545864,0.0,0
2018-05-27 18:39:42.843,216.3,0.138058545864,0.0,0
2018-05-27 18:39:43.191,210.57,0.138058545864,0.0,0
2018-05-27 18:39:43.284,207.23,0.138058545864,0.0,0
2018-05-27 18:39:43.368,205.35,0.138058545864,0.0,0
2018-05-27 18:39:43.461,204.81,0.138058545864,0.0,0
2018-05-27 18:39:43.647,198.78,0.138058545864,0.0,0
2018-05-27 18:39:43.833,194.69,0.138058545864,0.0,0
2018-05-27 18:39:44.275,188.16,0.12504656064,0.0250000003725,0
2018-05-27 18:39:44.731,178.58,0.101339266172,0.0500000007451,0
2018-05-27 18:39:45.079,172.5,0.0806434671136,0.0500000007451,0
2018-05-27 18:39:45.265,169.16,0.0478206693574,0.10000000149,0
2018-05-27 18:39:45.442,165.81,0.0628486852768,0.20000000298,0
2018-05-27 18:39:45.628,161.79,0.0806434705513,0.0500000007451,0
2018-05-27 18:39:45.908,160.91,0.101339270139,0.0500000007451,0
2018-05-27 18:39:46.070,161.64,0.125046565154,0.0500000007451,0
2018-05-27 18:39:46.163,161.44,0.151856100741,0.0500000007451,0
2018-05-27 18:39:46.340,162.97,0.181842467956,0.0500000007451,0
2018-05-27 18:39:46.433,162.44,0.198046615569,0.0500000007451,0
2018-05-27 18:39:46.619,163.9,0.198046615569,0.0500000007451,0
2018-05-27 18:39:46.712,165.72,0.181842467956,0.0250000003725,0
2018-05-27 18:39:46.805,165.11,0.138058550657,0.0250000003725,0
2018-05-27 18:39:46.898,165.42,0.0806434712675,0.0750000029802,0
2018-05-27 18:39:47.060,166.48,0.071391235755,0.0250000003725,0
2018-05-27 18:39:47.247,169.29,0.0549982662546,0.0,0
2018-05-27 18:39:47.331,168.23,0.0549982662546,0.0500000007451,0
2018-05-27 18:39:47.517,169.95,0.0412947237021,0.0,0
2018-05-27 18:39:47.610,171.19,0.0301030009329,0.0,0
2018-05-27 18:39:47.704,173.25,0.041294720557,0.0,0
2018-05-27 18:39:47.788,172.84,0.041294720557,0.0500000007451,0
2018-05-27 18:39:47.880,174.14,0.0478206688471,0.0,0
2018-05-27 18:39:48.130,175.13,0.0549982624494,0.0,0
2018-05-27 18:39:48.228,175.85,0.0806434671136,0.0,0
2018-05-27 18:39:48.321,175.94,0.0906213267703,0.0,0
2018-05-27 18:39:48.414,176.91,0.0906213267703,0.0,0
2018-05-27 18:39:48.507,178.38,0.112810386877,0.0,0
2018-05-27 18:39:48.601,179.1,0.112810386877,0.0,0
2018-05-27 18:39:48.689,178.51,0.112810386877,0.0,0
2018-05-27 18:39:48.861,180.51,0.112810386877,0.0,0
2018-05-27 18:39:49.023,181.11,0.138058545864,0.0,0
2018-05-27 18:39:49.293,184.88,0.138058545864,0.0,0
2018-05-27 18:39:49.377,183.83,0.138058545864,0.0,0
2018-05-27 18:39:49.563,185.0,0.12504656064,0.0250000003725,0
2018-05-27 18:39:49.656,185.43,0.112810386877,0.0250000003725,0
2018-05-27 18:39:49.749,186.02,0.112810386877,0.0,0
2018-05-27 18:39:49.843,186.92,0.112810386877,0.0,0
2018-05-27 18:39:50.097,188.41,0.112810386877,0.0,0
2018-05-27 18:39:50.191,189.69,0.112810386877,0.0,0
2018-05-27 18:39:50.284,190.19,0.112810386877,0.0,0
2018-05-27 18:39:50.368,189.22,0.112810386877,0.0,0
2018-05-27 18:39:50.554,192.0,0.112810386877,0.0,0
2018-05-27 18:39:50.647,192.55,0.112810386877,0.0,0
2018-05-27 18:39:50.740,192.5,0.12504656064,0.0,0
2018-05-27 18:39:50.833,192.94,0.138058545864,0.0,0
2018-05-27 18:39:51.088,191.46,0.138058545864,0.0,0
2018-05-27 18:39:51.181,189.95,0.138058545864,0.0,0
2018-05-27 18:39:51.358,187.41,0.138058545864,0.0,0
2018-05-27 18:39:51.638,185.85,0.138058545864,0.0,0
2018-05-27 18:39:51.824,184.96,0.138058545864,0.0,0
2018-05-27 18:39:51.917,184.25,0.138058545864,0.0,0
2018-05-27 18:39:52.079,184.03,0.138058545864,0.0,0
2018-05-27 18:39:52.172,183.71,0.138058545864,0.0,0
2018-05-27 18:39:52.917,182.56,0.138058545864,0.0,0
2018-05-27 18:39:53.079,182.91,0.138058545864,0.0,0
2018-05-27 18:39:53.349,184.63,0.138058545864,0.0,0
2018-05-27 18:39:53.563,185.34,0.12504656064,0.0250000003725,0
2018-05-27 18:39:53.656,185.25,0.12504656064,0.0,0
2018-05-27 18:39:53.749,185.55,0.12504656064,0.0,0
2018-05-27 18:39:53.843,186.48,0.12504656064,0.0,0
2018-05-27 18:39:54.004,186.5,0.12504656064,0.0,0
2018-05-27 18:39:54.097,186.87,0.12504656064,0.0,0
2018-05-27 18:39:54.191,186.88,0.12504656064,0.0,0
2018-05-27 18:39:54.284,186.96,0.12504656064,0.0,0
2018-05-27 18:39:54.461,186.02,0.12504656064,0.0,0
2018-05-27 18:39:54.647,187.0,0.12504656064,0.0,0
2018-05-27 18:39:54.740,187.57,0.138058545864,0.0,0
2018-05-27 18:39:54.833,188.15,0.138058545864,0.0,0
2018-05-27 18:39:54.926,188.76,0.138058545864,0.0,0
2018-05-27 18:39:55.181,190.11,0.138058545864,0.0,0
2018-05-27 18:39:55.274,190.51,0.138058545864,0.0,0
2018-05-27 18:39:55.359,190.16,0.138058545864,0.0,0
2018-05-27 18:39:55.451,191.56,0.138058545864,0.0,0
2018-05-27 18:39:55.545,192.24,0.138058545864,0.0,0
2018-05-27 18:39:55.638,191.39,0.138058545864,0.0,0
2018-05-27 18:39:55.731,191.06,0.138058545864,0.0,0
2018-05-27 18:39:55.824,191.65,0.138058545864,0.0,0
2018-05-27 18:39:55.917,192.46,0.138058545864,0.0,0
2018-05-27 18:39:56.079,193.3,0.138058545864,0.0,0
2018-05-27 18:39:56.172,194.62,0.138058545864,0.0,0
2018-05-27 18:39:56.265,194.09,0.138058545864,0.0,0
2018-05-27 18:39:56.535,194.83,0.138058545864,0.0,0
2018-05-27 18:39:56.721,196.7,0.138058545864,0.0,0
2018-05-27 18:39:56.815,197.18,0.138058545864,0.0,0
2018-05-27 18:39:56.908,196.34,0.138058545864,0.0,0
2018-05-27 18:39:57.069,196.99,0.138058545864,0.0,0
2018-05-27 18:39:57.163,197.95,0.138058545864,0.0,0
2018-05-27 18:39:57.341,199.64,0.138058545864,0.0,0
2018-05-27 18:39:57.433,199.2,0.138058545864,0.0,0
2018-05-27 18:39:57.526,198.77,0.138058545864,0.0,0
2018-05-27 18:39:57.619,201.64,0.138058545864,0.0,0
2018-05-27 18:39:57.898,203.03,0.138058545864,0.0,0
2018-05-27 18:39:58.153,203.63,0.138058545864,0.0,0
2018-05-27 18:39:58.330,205.05,0.138058545864,0.0,0
2018-05-27 18:39:58.517,206.54,0.138058545864,0.0,0
2018-05-27 18:39:58.610,206.28,0.138058545864,0.0,0
2018-05-27 18:39:58.703,207.92,0.138058545864,0.0,0
2018-05-27 18:39:58.796,207.43,0.138058545864,0.0,0
2018-05-27 18:39:59.051,208.72,0.138058545864,0.0,0
2018-05-27 18:39:59.237,209.91,0.138058545864,0.0,0
2018-05-27 18:39:59.330,211.61,0.138058545864,0.0,0
2018-05-27 18:39:59.424,210.59,0.138058545864,0.0,0
2018-05-27 18:39:59.693,214.31,0.138058545864,0.0,0
2018-05-27 18:40:00.042,214.41,0.138058545864,0.0,0
2018-05-27 18:40:00.135,214.74,0.138058545864,0.0,0
2018-05-27 18:40:00.228,216.53,0.138058545864,0.0,0
2018-05-27 18:40:00.321,215.35,0.138058545864,0.0,0
2018-05-27 18:40:00.409,217.1,0.138058545864,0.0,0
2018-05-27 18:40:00.675,217.1,0.138058545864,0.0,0
2018-05-27 18:40:00.852,217.54,0.138058545864,0.0,0
2018-05-27 18:40:01.014,218.96,0.138058545864,0.0,0
2018-05-27 18:40:01.191,218.67,0.138058545864,0.0,0
2018-05-27 18:40:01.368,219.05,0.138058545864,0.0,0
2018-05-27 18:40:01.461,218.53,0.138058545864,0.0,0
2018-05-27 18:40:01.554,219.07,0.138058545864,0.0,0
2018-05-27 18:40:01.647,218.98,0.138058545864,0.0,0
2018-05-27 18:40:01.740,220.59,0.138058545864,0.0,0
2018-05-27 18:40:01.833,219.37,0.138058545864,0.0,0
2018-05-27 18:40:02.088,220.59,0.138058545864,0.0,0
2018-05-27 18:40:02.172,220.36,0.138058545864,0.0,0
2018-05-27 18:40:02.349,220.2,0.138058545864,0.0,0
2018-05-27 18:40:02.442,220.75,0.138058545864,0.0,0
2018-05-27 18:40:02.535,222.27,0.138058545864,0.0,0
2018-05-27 18:40:02.628,223.3,0.138058545864,0.0,0
2018-05-27 18:40:02.721,222.52,0.138058545864,0.0,0
2018-05-27 18:40:02.806,223.57,0.138058545864,0.0,0
2018-05-27 18:40:02.898,223.26,0.138058545864,0.0,0
2018-05-27 18:40:03.060,222.74,0.138058545864,0.0,0
2018-05-27 18:40:03.517,224.46,0.138058545864,0.0,0
2018-05-27 18:40:04.321,225.81,0.138058545864,0.0,0
2018-05-27 18:40:04.583,225.67,0.138058545864,0.0,0
2018-05-27 18:40:04.852,225.98,0.138058545864,0.0,0
2018-05-27 18:40:05.107,226.68,0.138058545864,0.0,0
2018-05-27 18:40:05.377,227.76,0.138058545864,0.0,0
2018-05-27 18:40:05.470,227.27,0.138058545864,0.0,0
2018-05-27 18:40:05.563,227.01,0.138058545864,0.0,0
2018-05-27 18:40:05.656,228.41,0.138058545864,0.0,0
2018-05-27 18:40:05.749,228.48,0.138058545864,0.0,0
2018-05-27 18:40:05.843,227.07,0.138058545864,0.0,0
2018-05-27 18:40:06.191,221.06,0.138058545864,0.0,0
2018-05-27 18:40:06.367,215.89,0.138058545864,0.0,0
2018-05-27 18:40:06.554,211.25,0.138058545864,0.0,0
2018-05-27 18:40:06.740,207.46,0.138058545864,0.0,0
2018-05-27 18:40:06.917,202.66,0.12504656064,0.0250000003725,0
2018-05-27 18:40:07.358,197.01,0.112810386877,0.0250000003725,0
2018-05-27 18:40:07.442,195.8,0.112810386877,0.0,0
2018-05-27 18:40:07.712,193.95,0.112810386877,0.0,0
2018-05-27 18:40:07.805,193.61,0.112810386877,0.0,0
2018-05-27 18:40:07.898,193.31,0.0906213267703,0.0500000007451,0
2018-05-27 18:40:08.060,191.48,0.0906213267703,0.0,0
2018-05-27 18:40:08.153,190.85,0.0806434671136,0.0250000003725,0
2018-05-27 18:40:08.246,189.86,0.0713912319113,0.0250000003725,0
2018-05-27 18:40:08.330,190.16,0.0628486823466,0.0250000003725,0
2018-05-27 18:40:08.423,189.44,0.0713912319113,0.0,0
2018-05-27 18:40:08.516,189.0,0.0806434671136,0.0,0
2018-05-27 18:40:09.032,190.91,0.0806434671136,0.0,0
2018-05-27 18:40:09.116,189.41,0.0806434671136,0.0,0
2018-05-27 18:40:09.377,190.66,0.0806434671136,0.0,0
2018-05-27 18:40:09.470,190.16,0.101339266172,0.0,0
2018-05-27 18:40:09.563,191.27,0.101339266172,0.0,0
2018-05-27 18:40:09.656,191.51,0.112810386877,0.0,0
2018-05-27 18:40:09.749,193.38,0.12504656064,0.0,0
2018-05-27 18:40:09.842,193.76,0.138058545864,0.0,0
2018-05-27 18:40:10.284,193.6,0.138058545864,0.0,0
2018-05-27 18:40:10.368,194.97,0.138058545864,0.0,0
2018-05-27 18:40:10.833,195.9,0.12504656064,0.0250000003725,0
2018-05-27 18:40:10.926,197.97,0.12504656064,0.0,0
2018-05-27 18:40:11.173,198.27,0.12504656064,0.0,0
2018-05-27 18:40:11.265,197.71,0.12504656064,0.0,0
2018-05-27 18:40:11.358,198.29,0.12504656064,0.0,0
2018-05-27 18:40:11.451,198.22,0.12504656064,0.0,0
2018-05-27 18:40:11.638,198.73,0.12504656064,0.0,0
2018-05-27 18:40:11.740,200.59,0.12504656064,0.0,0
2018-05-27 18:40:12.014,200.31,0.12504656064,0.0,0
2018-05-27 18:40:12.656,202.92,0.12504656064,0.0,0
2018-05-27 18:40:12.749,204.94,0.138058545864,0.0,0
2018-05-27 18:40:12.833,205.45,0.138058545864,0.0,0
2018-05-27 18:40:13.088,206.09,0.138058545864,0.0,0
2018-05-27 18:40:13.181,205.31,0.138058545864,0.0,0
2018-05-27 18:40:13.275,207.7,0.138058545864,0.0,0
2018-05-27 18:40:13.451,206.97,0.138058545864,0.0,0
2018-05-27 18:40:13.814,209.48,0.138058545864,0.0,0
2018-05-27 18:40:13.908,209.7,0.138058545864,0.0,0
2018-05-27 18:40:14.163,210.29,0.138058545864,0.0,0
2018-05-27 18:40:14.619,208.7,0.138058545864,0.0,0
2018-05-27 18:40:15.144,206.01,0.138058545864,0.0,0
2018-05-27 18:40:15.330,205.65,0.138058545864,0.0,0
2018-05-27 18:40:15.610,206.84,0.138058545864,0.0,0
2018-05-27 18:40:15.875,206.16,0.138058545864,0.0,0
2018-05-27 18:40:16.032,207.0,0.138058545864,0.0,0
2018-05-27 18:40:16.116,206.87,0.138058545864,0.0,0
2018-05-27 18:40:16.470,206.8,0.138058545864,0.0,0
2018-05-27 18:40:16.563,206.33,0.138058545864,0.0,0
2018-05-27 18:40:16.842,207.56,0.138058545864,0.0,0
2018-05-27 18:40:17.005,207.53,0.138058545864,0.0,0
2018-05-27 18:40:17.097,207.96,0.138058545864,0.0,0
2018-05-27 18:40:17.284,208.58,0.138058545864,0.0,0
2018-05-27 18:40:17.349,209.05,0.138058545864,0.0,0
2018-05-27 18:40:17.461,208.39,0.138058545864,0.0,0
2018-05-27 18:40:17.647,208.18,0.138058545864,0.0,0
2018-05-27 18:40:17.740,209.46,0.138058545864,0.0,0
2018-05-27 18:40:17.833,207.05,0.138058545864,0.0,0
2018-05-27 18:40:17.926,208.68,0.138058545864,0.0,0
2018-05-27 18:40:18.088,207.9,0.138058545864,0.0,0
2018-05-27 18:40:18.275,206.98,0.138058545864,0.0,0
2018-05-27 18:40:18.358,207.11,0.138058545864,0.0,0
2018-05-27 18:40:18.544,205.47,0.138058545864,0.0,0
2018-05-27 18:40:18.824,202.29,0.138058545864,0.0,0
2018-05-27 18:40:19.079,199.78,0.138058545864,0.0,0
2018-05-27 18:40:19.172,197.87,0.138058545864,0.0,0
2018-05-27 18:40:19.442,190.93,0.138058545864,0.0,0
2018-05-27 18:40:19.526,188.72,0.138058545864,0.0,0
2018-05-27 18:40:19.620,186.4,0.138058545864,0.0,0
2018-05-27 18:40:19.703,184.88,0.138058545864,0.0,0
2018-05-27 18:40:20.051,176.4,0.138058545864,0.0,0
2018-05-27 18:40:20.330,169.39,0.12504656064,0.0250000003725,0
2018-05-27 18:40:20.423,165.59,0.101339266172,0.0500000007451,0
2018-05-27 18:40:20.610,161.22,0.101339266172,0.0,0
2018-05-27 18:40:20.703,158.49,0.0906213267703,0.0250000003725,0
2018-05-27 18:40:20.787,156.42,0.0713912319113,0.0500000007451,0
2018-05-27 18:40:20.875,156.51,0.0301030013055,0.15000000596,0
2018-05-27 18:40:21.116,154.19,0.0906213320118,0.20000000298,0
2018-05-27 18:40:21.209,154.44,0.125046567976,0.0750000029802,0
2018-05-27 18:40:21.302,156.54,0.251581011576,0.20000000298,0
2018-05-27 18:40:21.572,158.87,0.431277965995,0.20000000298,0
2018-05-27 18:40:21.759,160.8,0.484751553661,0.0750000029802,0
2018-05-27 18:40:21.852,160.26,0.431277967923,0.0,0
2018-05-27 18:40:22.014,161.52,0.457583186452,0.0250000003725,0
2018-05-27 18:40:22.107,162.04,0.431277967923,0.0,0
2018-05-27 18:40:22.200,164.3,0.381247410227,0.0,0
2018-05-27 18:40:22.293,163.87,0.251581010154,0.0,0
2018-05-27 18:40:22.470,166.29,0.125046567035,0.0,0
2018-05-27 18:40:22.563,164.61,0.101339270966,0.0250000003725,0
2018-05-27 18:40:22.656,164.01,0.0412947237021,0.0250000003725,0
2018-05-27 18:40:22.842,160.15,0.0301030016782,0.15000000596,0
2018-05-27 18:40:23.004,158.49,0.0412947200945,0.0250000003725,0
2018-05-27 18:40:23.097,158.23,0.0412947200945,0.0,0
2018-05-27 18:40:23.190,155.96,0.0412947200945,0.0250000003725,0
2018-05-27 18:40:23.284,156.14,0.0301030013055,0.0500000007451,0
2018-05-27 18:40:23.368,155.27,0.035397250826,0.0250000003725,0
2018-05-27 18:40:23.461,154.09,0.112810388467,0.22499999404,0
2018-05-27 18:40:23.554,153.26,0.232910099899,0.20000000298,0
2018-05-27 18:40:23.647,152.88,0.291426357091,0.10000000149,0
2018-05-27 18:40:23.740,152.79,0.271084886952,0.0,0
2018-05-27 18:40:23.833,151.38,0.166448056982,0.0,0
2018-05-27 18:40:23.926,150.71,0.151856095454,0.0,0
2018-05-27 18:40:24.088,151.36,0.151856095454,0.0,0
2018-05-27 18:40:24.274,150.54,0.138058545664,0.0,0
2018-05-27 18:40:24.451,150.38,0.112810386701,0.0,0
2018-05-27 18:40:24.544,151.32,0.101339266007,0.0,0
2018-05-27 18:40:24.638,151.28,0.0301030005602,0.0,0
2018-05-27 18:40:24.731,150.93,0.0906213267703,0.0,0
2018-05-27 18:40:24.824,150.86,0.138058545864,0.0,0
2018-05-27 18:40:25.079,151.23,0.138058545864,0.0,0
2018-05-27 18:40:25.265,151.41,0.138058545864,0.0,0
2018-05-27 18:40:25.358,152.53,0.138058545864,0.0,0
2018-05-27 18:40:25.442,153.2,0.0806434678298,0.125,0
2018-05-27 18:40:25.535,152.21,0.071391232574,0.0250000003725,0
2018-05-27 18:40:25.721,154.23,0.0412947214821,0.10000000149,0
2018-05-27 18:40:25.815,154.38,0.0353972499929,0.0750000029802,0
2018-05-27 18:40:25.908,154.72,0.0412947232396,0.0250000003725,0
2018-05-27 18:40:26.069,155.84,0.0713912350923,0.10000000149,0
2018-05-27 18:40:26.163,155.57,0.0713912350923,0.0,0
2018-05-27 18:40:26.340,155.87,0.0806434705513,0.0250000003725,0
2018-05-27 18:40:26.433,157.66,0.0806434705513,0.0,0
2018-05-27 18:40:26.712,158.43,0.0806434705513,0.0,0
2018-05-27 18:40:26.805,158.5,0.0412947237021,0.0,0
2018-05-27 18:40:26.899,159.59,0.0412947237021,0.0250000003725,0
2018-05-27 18:40:27.246,160.88,0.041294720557,0.0,0
2018-05-27 18:40:27.340,162.43,0.0628486823466,0.0,0
2018-05-27 18:40:27.424,162.52,0.0628486823466,0.0250000003725,0
2018-05-27 18:40:27.517,162.21,0.101339266172,0.0,0
2018-05-27 18:40:27.610,163.08,0.101339266172,0.0,0
2018-05-27 18:40:27.703,163.61,0.112810386877,0.0,0
2018-05-27 18:40:27.796,163.43,0.112810386877,0.0,0
2018-05-27 18:40:27.889,164.92,0.112810386877,0.0,0
2018-05-27 18:40:28.060,163.35,0.112810386877,0.0,0
2018-05-27 18:40:28.145,163.72,0.12504656064,0.0,0
2018-05-27 18:40:28.228,163.33,0.12504656064,0.0,0
2018-05-27 18:40:28.777,159.04,0.12504656064,0.0,0
2018-05-27 18:40:29.125,157.93,0.138058545864,0.0,0
2018-05-27 18:40:29.293,157.59,0.138058545864,0.0,0
2018-05-27 18:40:29.479,155.47,0.138058545864,0.0,0
2018-05-27 18:40:29.573,156.19,0.138058545864,0.0,0
2018-05-27 18:40:29.666,155.09,0.138058545864,0.0,0
2018-05-27 18:40:29.759,154.41,0.138058545864,0.0,0
2018-05-27 18:40:29.852,154.69,0.138058545864,0.0,0
2018-05-27 18:40:30.107,152.2,0.138058545864,0.0,0
2018-05-27 18:40:30.191,152.06,0.138058545864,0.0,0
2018-05-27 18:40:30.377,150.97,0.138058545864,0.0,0
2018-05-27 18:40:30.461,151.22,0.138058545864,0.0,0
2018-05-27 18:40:30.554,150.19,0.138058545864,0.0,0
2018-05-27 18:40:30.647,149.82,0.138058545864,0.0,0
2018-05-27 18:40:31.172,147.89,0.138058545864,0.0,0
2018-05-27 18:40:31.358,147.11,0.138058545864,0.0,0
2018-05-27 18:40:31.442,146.36,0.138058545864,0.0,0
2018-05-27 18:40:31.535,146.42,0.138058545864,0.0,0
2018-05-27 18:40:31.722,145.91,0.138058545864,0.0,0
2018-05-27 18:40:32.060,144.3,0.138058545864,0.0,0
2018-05-27 18:40:32.330,143.38,0.138058545864,0.0,0
2018-05-27 18:40:32.517,143.51,0.138058545864,0.0,0
2018-05-27 18:40:32.797,143.22,0.138058545864,0.0,0
2018-05-27 18:40:33.228,143.77,0.138058545864,0.0,0
2018-05-27 18:40:33.414,142.99,0.138058545864,0.0,0
2018-05-27 18:40:33.583,142.09,0.138058545864,0.0,0
2018-05-27 18:40:33.666,141.43,0.138058545864,0.0,0
2018-05-27 18:40:34.107,141.3,0.138058545864,0.0,0
2018-05-27 18:40:34.200,140.94,0.138058545864,0.0,0
2018-05-27 18:40:34.293,139.99,0.112810386877,0.0500000007451,0
2018-05-27 18:40:34.377,141.03,0.101339266172,0.0250000003725,0
2018-05-27 18:40:34.656,141.03,0.0806434671136,0.0500000007451,0
2018-05-27 18:40:34.750,140.72,0.0628486823466,0.0500000007451,0
2018-05-27 18:40:34.843,139.86,0.0478206693574,0.0500000007451,0
2018-05-27 18:40:35.098,141.01,0.0353972479932,0.0500000007451,0
2018-05-27 18:40:35.461,142.8,0.0353972499929,0.0500000007451,0
2018-05-27 18:40:35.647,144.02,0.0412947232396,0.0250000003725,0
2018-05-27 18:40:35.740,144.31,0.0478206718064,0.0250000003725,0
2018-05-27 18:40:35.927,144.76,0.0478206718064,0.0,0
2018-05-27 18:40:36.182,145.32,0.0353972499929,0.0,0
2018-05-27 18:40:36.275,144.93,0.0301030005602,0.0,0
2018-05-27 18:40:36.368,147.37,0.0412947210195,0.0,0
2018-05-27 18:40:36.638,148.45,0.0478206693574,0.0250000003725,0
2018-05-27 18:40:36.731,147.95,0.0628486823466,0.0,0
2018-05-27 18:40:36.824,148.34,0.0806434671136,0.0,0
2018-05-27 18:40:36.917,147.84,0.101339266172,0.0,0
2018-05-27 18:40:37.079,149.55,0.112810386877,0.0,0
2018-05-27 18:40:37.172,150.58,0.12504656064,0.0,0
2018-05-27 18:40:37.265,149.68,0.12504656064,0.0,0
2018-05-27 18:40:37.349,150.31,0.12504656064,0.0,0
2018-05-27 18:40:37.442,150.76,0.12504656064,0.0,0
2018-05-27 18:40:37.535,152.7,0.112810386877,0.0250000003725,0
2018-05-27 18:40:37.722,152.15,0.112810386877,0.0250000003725,0
2018-05-27 18:40:37.815,151.68,0.112810386877,0.0,0
2018-05-27 18:40:37.908,153.99,0.0906213267703,0.0500000007451,0
2018-05-27 18:40:38.070,153.31,0.0713912319113,0.0500000007451,0
2018-05-27 18:40:38.163,153.82,0.0478206688471,0.0750000029802,0
2018-05-27 18:40:38.256,155.36,0.0353972475766,0.0500000007451,0
2018-05-27 18:40:38.341,155.63,0.0412947241646,0.0750000029802,0
2018-05-27 18:40:38.433,154.98,0.0549982668142,0.0500000007451,0
2018-05-27 18:40:38.712,156.19,0.0549982668142,0.0,0
2018-05-27 18:40:38.899,157.59,0.0478206728269,0.0,0
2018-05-27 18:40:39.247,158.21,0.0412947241646,0.0,0
2018-05-27 18:40:39.424,159.71,0.0412947241646,0.0,0
2018-05-27 18:40:39.517,159.39,0.0301030013055,0.0,0
2018-05-27 18:40:39.610,160.43,0.0412947200945,0.0,0
2018-05-27 18:40:39.703,160.04,0.0628486817362,0.0,0
2018-05-27 18:40:39.889,161.42,0.0549982618898,0.0750000029802,0
2018-05-27 18:40:40.042,162.25,0.0806434663974,0.0,0
2018-05-27 18:40:40.135,163.44,0.0806434663974,0.0500000007451,0
2018-05-27 18:40:40.238,164.09,0.0713912312486,0.0250000003725,0
2018-05-27 18:40:40.331,163.45,0.0713912312486,0.0,0
2018-05-27 18:40:40.424,164.98,0.0713912312486,0.0,0
2018-05-27 18:40:40.517,165.04,0.0713912312486,0.0,0
2018-05-27 18:40:40.601,165.14,0.0713912312486,0.0,0
2018-05-27 18:40:40.694,165.56,0.0713912312486,0.0,0
2018-05-27 18:40:40.768,166.46,0.0713912312486,0.0,0
2018-05-27 18:40:40.871,166.08,0.101339266172,0.0,0
2018-05-27 18:40:41.033,164.96,0.101339266172,0.0,0
2018-05-27 18:40:41.312,164.36,0.12504656064,0.0,0
2018-05-27 18:40:41.489,164.8,0.101339265346,0.0750000029802,0
2018-05-27 18:40:41.582,163.05,0.101339265346,0.0,0
2018-05-27 18:40:41.759,162.12,0.101339265346,0.0,0
2018-05-27 18:40:41.852,162.0,0.101339265346,0.0,0
2018-05-27 18:40:42.005,161.68,0.101339265346,0.0,0
2018-05-27 18:40:42.098,160.23,0.101339265346,0.0,0
2018-05-27 18:40:42.191,160.27,0.101339265346,0.0,0
2018-05-27 18:40:42.442,158.93,0.0806434663974,0.0500000007451,0
2018-05-27 18:40:42.630,159.04,0.0353972467434,0.15000000596,0
2018-05-27 18:40:42.722,157.64,0.0353972467434,0.0,0
2018-05-27 18:40:42.815,158.7,0.0549982618898,0.0,0
2018-05-27 18:40:42.909,157.68,0.0549982618898,0.0,0
2018-05-27 18:40:43.163,158.01,0.0549982618898,0.0,0
2018-05-27 18:40:43.351,157.45,0.0549982618898,0.0,0
2018-05-27 18:40:43.573,156.29,0.0549982618898,0.0,0
2018-05-27 18:40:43.759,155.0,0.0549982618898,0.0,0
2018-05-27 18:40:44.107,153.35,0.0549982618898,0.0,0
2018-05-27 18:40:44.200,155.12,0.0713912305859,0.0,0
2018-05-27 18:40:44.377,153.21,0.138058545864,0.0,0
2018-05-27 18:40:44.563,153.63,0.138058545864,0.0,0
2018-05-27 18:40:44.657,152.68,0.138058545864,0.0,0
2018-05-27 18:40:44.750,152.54,0.138058545864,0.0,0
2018-05-27 18:40:45.098,152.3,0.138058545864,0.0,0
2018-05-27 18:40:45.191,151.86,0.138058545864,0.0,0
2018-05-27 18:40:45.284,153.09,0.138058545864,0.0,0
2018-05-27 18:40:45.368,152.79,0.138058545864,0.0,0
2018-05-27 18:40:45.461,151.95,0.138058545864,0.0,0
2018-05-27 18:40:45.647,153.23,0.138058545864,0.0,0
2018-05-27 18:40:45.740,153.42,0.138058545864,0.0,0
2018-05-27 18:40:45.834,153.22,0.138058545864,0.0,0
2018-05-27 18:40:45.927,154.61,0.138058545864,0.0,0
2018-05-27 18:40:46.182,154.19,0.138058545864,0.0,0
2018-05-27 18:40:46.275,155.58,0.138058545864,0.0,0
2018-05-27 18:40:46.452,155.97,0.138058545864,0.0,0
2018-05-27 18:40:46.545,155.33,0.138058545864,0.0,0
2018-05-27 18:40:46.638,156.66,0.138058545864,0.0,0
2018-05-27 18:40:46.731,156.11,0.12504656064,0.0250000003725,0
2018-05-27 18:40:46.918,158.19,0.112810386877,0.0250000003725,0
2018-05-27 18:40:47.172,158.11,0.0806434663974,0.0750000029802,0
2018-05-27 18:40:47.349,158.05,0.0806434663974,0.0,0
2018-05-27 18:40:47.470,160.04,0.0713912312486,0.0250000003725,0
2018-05-27 18:40:47.564,159.25,0.0713912312486,0.0,0
2018-05-27 18:40:48.191,160.91,0.0713912312486,0.0,0
2018-05-27 18:40:48.285,160.79,0.0713912312486,0.0,0
2018-05-27 18:40:48.461,161.72,0.0628486817362,0.0250000003725,0
2018-05-27 18:40:48.554,161.2,0.0412947200945,0.0750000029802,0
2018-05-27 18:40:48.647,162.94,0.0412947237021,0.125,0
2018-05-27 18:40:48.741,161.9,0.0549982668142,0.0750000029802,0
2018-05-27 18:40:49.275,164.33,0.112810387584,0.22499999404,0
2018-05-27 18:40:49.359,163.37,0.112810387584,0.0,0
2018-05-27 18:40:49.452,164.38,0.101339266834,0.0,0
2018-05-27 18:40:49.545,162.87,0.101339266834,0.0,0
2018-05-27 18:40:49.918,162.9,0.101339266834,0.0,0
2018-05-27 18:40:50.172,162.29,0.101339266834,0.0,0
2018-05-27 18:40:50.266,162.53,0.090621327387,0.0,0
2018-05-27 18:40:50.349,162.66,0.0713912317788,0.0250000003725,0
2018-05-27 18:40:50.443,161.32,0.0412947213896,0.0250000003725,0
2018-05-27 18:40:50.536,162.11,0.0412947213896,0.0750000029802,0
2018-05-27 18:40:50.629,160.59,0.0806434663974,0.0,0
2018-05-27 18:40:50.722,161.11,0.0713912312486,0.0250000003725,0
2018-05-27 18:40:50.815,159.54,0.0713912312486,0.0,0
2018-05-27 18:40:50.908,159.67,0.0713912312486,0.0,0
2018-05-27 18:40:51.526,158.09,0.0713912312486,0.0,0
2018-05-27 18:40:51.713,157.1,0.0628486817362,0.0250000003725,0
2018-05-27 18:40:51.806,156.29,0.0412947223146,0.17499999702,0
2018-05-27 18:40:51.899,156.71,0.0806434705513,0.15000000596,0
2018-05-27 18:40:52.061,157.29,0.125046564214,0.125,0
2018-05-27 18:40:52.154,156.26,0.166448062567,0.15000000596,0
2018-05-27 18:40:52.247,156.22,0.23291010398,0.10000000149,0
2018-05-27 18:40:52.331,157.17,0.215067145094,0.0,0
2018-05-27 18:40:52.424,156.43,0.312609634066,0.125,0
2018-05-27 18:40:52.517,155.66,0.312609634066,0.0,0
2018-05-27 18:40:52.610,156.17,0.312609634066,0.0,0
2018-05-27 18:40:52.703,155.25,0.291426360185,0.0,0
2018-05-27 18:40:52.796,155.61,0.1664480648,0.0,0
2018-05-27 18:40:52.890,155.15,0.0906213304702,0.0,0
2018-05-27 18:40:53.051,154.53,0.0478206723167,0.0,0
2018-05-27 18:40:53.145,154.75,0.0478206698676,0.0,0
2018-05-27 18:40:53.322,154.31,0.0806434678298,0.0,0
2018-05-27 18:40:53.498,151.9,0.0806434678298,0.0,0
2018-05-27 18:40:53.666,151.65,0.138058545864,0.0,0
2018-05-27 18:40:53.853,150.24,0.138058545864,0.0,0
2018-05-27 18:40:54.098,150.22,0.138058545864,0.0,0
2018-05-27 18:40:54.191,149.89,0.138058545864,0.0,0
2018-05-27 18:40:54.284,148.24,0.138058545864,0.0,0
2018-05-27 18:40:54.377,147.91,0.138058545864,0.0,0
2018-05-27 18:40:54.461,147.6,0.138058545864,0.0,0
2018-05-27 18:40:54.554,146.7,0.138058545864,0.0,0
2018-05-27 18:40:54.648,146.57,0.138058545864,0.0,0
2018-05-27 18:40:54.741,146.77,0.138058545864,0.0,0
2018-05-27 18:40:54.927,145.26,0.138058545864,0.0,0
2018-05-27 18:40:55.089,144.92,0.138058545864,0.0,0
2018-05-27 18:40:55.182,143.97,0.138058545864,0.0,0
2018-05-27 18:40:55.266,143.32,0.138058545864,0.0,0
2018-05-27 18:40:55.453,142.79,0.138058545864,0.0,0
2018-05-27 18:40:55.545,142.17,0.138058545864,0.0,0
2018-05-27 18:40:55.638,140.77,0.138058545864,0.0,0
2018-05-27 18:40:55.815,140.87,0.101339265346,0.0750000029802,0
2018-05-27 18:40:55.908,140.38,0.0713912305859,0.0750000029802,0
2018-05-27 18:40:56.070,139.64,0.0478206678267,0.0750000029802,0
2018-05-27 18:40:56.163,139.7,0.0478206678267,0.0,0
2018-05-27 18:40:56.256,139.3,0.0478206678267,0.0,0
2018-05-27 18:40:56.340,139.12,0.0478206678267,0.0,0
2018-05-27 18:40:56.433,138.82,0.0478206678267,0.0,0
2018-05-27 18:40:56.517,139.45,0.0478206678267,0.0,0
2018-05-27 18:40:56.610,139.31,0.0478206678267,0.0,0
2018-05-27 18:40:56.703,139.13,0.0478206678267,0.0,0
2018-05-27 18:40:56.890,138.82,0.0713912305859,0.0,0
2018-05-27 18:40:57.052,138.45,0.101339265346,0.0,0
2018-05-27 18:40:57.145,138.32,0.138058545864,0.0,0
2018-05-27 18:40:57.238,138.41,0.138058545864,0.0,0
2018-05-27 18:40:57.331,138.38,0.138058545864,0.0,0
2018-05-27 18:40:57.424,138.22,0.138058545864,0.0,0
2018-05-27 18:40:57.518,137.87,0.138058545864,0.0,0
2018-05-27 18:40:57.601,137.63,0.138058545864,0.0,0
2018-05-27 18:40:57.694,137.07,0.138058545864,0.0,0
2018-05-27 18:40:57.787,137.18,0.138058545864,0.0,0
2018-05-27 18:40:58.033,137.06,0.138058545864,0.0,0
2018-05-27 18:40:58.117,135.58,0.138058545864,0.0,0
2018-05-27 18:40:58.303,134.04,0.138058545864,0.0,0
2018-05-27 18:40:58.387,133.67,0.138058545864,0.0,0
2018-05-27 18:40:58.573,132.18,0.138058545864,0.0,0
2018-05-27 18:40:59.201,127.47,0.138058545864,0.0,0
2018-05-27 18:40:59.471,125.21,0.138058545864,0.0,0
2018-05-27 18:40:59.564,125.79,0.138058545864,0.0,0
2018-05-27 18:40:59.657,125.75,0.138058545864,0.0,0
2018-05-27 18:40:59.750,125.51,0.138058545864,0.0,0
2018-05-27 18:41:00.098,123.83,0.138058545864,0.0,0
2018-05-27 18:41:00.191,123.05,0.138058545864,0.0,0
2018-05-27 18:41:00.834,120.15,0.138058545864,0.0,0
2018-05-27 18:41:01.275,120.02,0.138058545864,0.0,0
2018-05-27 18:41:01.359,118.82,0.138058545864,0.0,0
2018-05-27 18:41:01.452,118.16,0.138058545864,0.0,0
2018-05-27 18:41:01.825,114.84,0.138058545864,0.0,0
2018-05-27 18:41:01.918,113.74,0.138058545864,0.0,0
2018-05-27 18:41:02.080,113.63,0.138058545864,0.0,0
2018-05-27 18:41:02.266,111.4,0.138058545864,0.0,0
2018-05-27 18:41:02.350,111.36,0.138058545864,0.0,0
2018-05-27 18:41:02.629,110.02,0.138058545864,0.0,0
2018-05-27 18:41:02.899,109.42,0.138058545864,0.0,0
2018-05-27 18:41:03.061,108.9,0.138058545864,0.0,0
2018-05-27 18:41:03.247,108.41,0.138058545864,0.0,0
2018-05-27 18:41:03.331,107.86,0.138058545864,0.0,0
2018-05-27 18:41:03.424,106.6,0.138058545864,0.0,0
2018-05-27 18:41:04.303,104.98,0.138058545864,0.0,0
2018-05-27 18:41:04.387,104.09,0.138058545864,0.0,0
2018-05-27 18:41:04.480,103.9,0.138058545864,0.0,0
2018-05-27 18:41:04.573,103.76,0.138058545864,0.0,0
2018-05-27 18:41:04.666,104.13,0.138058545864,0.0,0
2018-05-27 18:41:05.014,101.83,0.138058545864,0.0,0
2018-05-27 18:41:05.107,103.05,0.138058545864,0.0,0
2018-05-27 18:41:05.201,102.69,0.138058545864,0.0,0
2018-05-27 18:41:05.294,100.99,0.138058545864,0.0,0
2018-05-27 18:41:05.378,101.1,0.138058545864,0.0,0
2018-05-27 18:41:05.564,100.2,0.138058545864,0.0,0
2018-05-27 18:41:05.657,100.9,0.138058545864,0.0,0
2018-05-27 18:41:05.843,99.96,0.138058545864,0.0,0
2018-05-27 18:41:06.005,98.46,0.138058545864,0.0,0
2018-05-27 18:41:06.098,98.77,0.138058545864,0.0,0
2018-05-27 18:41:06.191,98.35,0.138058545864,0.0,0
2018-05-27 18:41:06.461,97.63,0.138058545864,0.0,0
2018-05-27 18:41:06.648,97.1,0.138058545864,0.0,0
2018-05-27 18:41:06.741,97.2,0.138058545864,0.0,0
2018-05-27 18:41:06.834,96.48,0.138058545864,0.0,0
2018-05-27 18:41:07.182,94.06,0.138058545864,0.0,0
2018-05-27 18:41:07.368,93.78,0.138058545864,0.0,0
2018-05-27 18:41:07.452,93.99,0.138058545864,0.0,0
2018-05-27 18:41:07.517,92.77,0.138058545864,0.0,0
2018-05-27 18:41:07.638,93.27,0.138058545864,0.0,0
2018-05-27 18:41:07.732,93.04,0.138058545864,0.0,0
2018-05-27 18:41:07.825,92.91,0.138058545864,0.0,0
2018-05-27 18:41:07.918,92.58,0.138058545864,0.0,0
2018-05-27 18:41:08.080,92.31,0.138058545864,0.0,0
2018-05-27 18:41:08.173,92.33,0.138058545864,0.0,0
2018-05-27 18:41:08.266,91.79,0.138058545864,0.0,0
2018-05-27 18:41:08.350,91.48,0.138058545864,0.0,0
2018-05-27 18:41:08.443,91.68,0.138058545864,0.0,0
2018-05-27 18:41:08.536,91.82,0.138058545864,0.0,0
2018-05-27 18:41:08.629,92.03,0.138058545864,0.0,0
2018-05-27 18:41:08.909,91.92,0.138058545864,0.0,0
2018-05-27 18:41:09.070,92.09,0.138058545864,0.0,0
2018-05-27 18:41:09.257,92.5,0.138058545864,0.0,0
2018-05-27 18:41:09.434,92.73,0.138058545864,0.0,0
2018-05-27 18:41:09.610,93.41,0.138058545864,0.0,0
2018-05-27 18:41:09.704,93.32,0.138058545864,0.0,0
2018-05-27 18:41:09.881,93.58,0.138058545864,0.0,0
2018-05-27 18:41:10.043,94.06,0.138058545864,0.0,0
2018-05-27 18:41:10.136,94.65,0.138058545864,0.0,0
2018-05-27 18:41:10.229,94.16,0.138058545864,0.0,0
2018-05-27 18:41:10.499,95.09,0.138058545864,0.0,0
2018-05-27 18:41:10.583,95.33,0.138058545864,0.0,0
2018-05-27 18:41:10.672,95.65,0.138058545864,0.0,0
2018-05-27 18:41:10.853,95.97,0.138058545864,0.0,0
2018-05-27 18:41:11.005,96.59,0.138058545864,0.0,0
2018-05-27 18:41:11.098,96.35,0.138058545864,0.0,0
2018-05-27 18:41:11.396,96.44,0.138058545864,0.0,0
2018-05-27 18:41:11.573,95.49,0.138058545864,0.0,0
2018-05-27 18:41:11.760,94.69,0.138058545864,0.0,0
2018-05-27 18:41:12.015,94.87,0.138058545864,0.0,0
2018-05-27 18:41:12.108,94.29,0.138058545864,0.0,0
2018-05-27 18:41:12.201,94.14,0.138058545864,0.0,0
2018-05-27 18:41:12.387,94.83,0.138058545864,0.0,0
2018-05-27 18:41:12.471,94.75,0.138058545864,0.0,0
2018-05-27 18:41:12.555,94.5,0.138058545864,0.0,0
2018-05-27 18:41:12.648,94.32,0.138058545864,0.0,0
2018-05-27 18:41:12.834,95.52,0.138058545864,0.0,0
2018-05-27 18:41:12.927,95.47,0.138058545864,0.0,0
2018-05-27 18:41:13.182,95.84,0.138058545864,0.0,0
2018-05-27 18:41:13.452,95.98,0.138058545864,0.0,0
2018-05-27 18:41:13.732,96.5,0.138058545864,0.0,0
2018-05-27 18:41:13.918,96.51,0.138058545864,0.0,0
2018-05-27 18:41:14.266,96.41,0.138058545864,0.0,0
2018-05-27 18:41:14.350,97.15,0.138058545864,0.0,0
2018-05-27 18:41:14.443,96.6,0.138058545864,0.0,0
2018-05-27 18:41:14.536,97.2,0.138058545864,0.0,0
2018-05-27 18:41:14.629,97.0,0.138058545864,0.0,0
2018-05-27 18:41:14.722,97.71,0.138058545864,0.0,0
2018-05-27 18:41:14.909,97.94,0.138058545864,0.0,0
2018-05-27 18:41:15.164,97.81,0.138058545864,0.0,0
2018-05-27 18:41:15.257,97.83,0.138058545864,0.0,0
2018-05-27 18:41:15.341,98.13,0.138058545864,0.0,0
2018-05-27 18:41:15.527,97.83,0.138058545864,0.0,0
2018-05-27 18:41:15.620,98.21,0.138058545864,0.0,0
2018-05-27 18:41:15.806,98.01,0.138058545864,0.0,0
2018-05-27 18:41:16.061,97.7,0.138058545864,0.0,0
2018-05-27 18:41:16.154,96.54,0.138058545864,0.0,0
2018-05-27 18:41:16.424,96.19,0.138058545864,0.0,0
2018-05-27 18:41:16.611,95.42,0.138058545864,0.0,0
2018-05-27 18:41:16.890,94.07,0.138058545864,0.0,0
2018-05-27 18:41:17.145,94.09,0.138058545864,0.0,0
2018-05-27 18:41:17.415,93.13,0.138058545864,0.0,0
2018-05-27 18:41:17.508,93.26,0.138058545864,0.0,0
2018-05-27 18:41:17.788,94.19,0.138058545864,0.0,0
2018-05-27 18:41:17.876,94.19,0.138058545864,0.0,0
2018-05-27 18:41:18.033,93.88,0.138058545864,0.0,0
2018-05-27 18:41:18.294,93.78,0.138058545864,0.0,0
2018-05-27 18:41:18.387,95.09,0.138058545864,0.0,0
2018-05-27 18:41:18.471,95.35,0.138058545864,0.0,0
2018-05-27 18:41:18.564,94.76,0.138058545864,0.0,0
2018-05-27 18:41:18.750,95.98,0.138058545864,0.0,0
2018-05-27 18:41:18.843,95.74,0.138058545864,0.0,0
2018-05-27 18:41:19.182,96.32,0.138058545864,0.0,0
2018-05-27 18:41:19.452,97.28,0.138058545864,0.0,0
2018-05-27 18:41:19.545,96.62,0.138058545864,0.0,0
2018-05-27 18:41:19.732,98.74,0.138058545864,0.0,0
2018-05-27 18:41:19.909,98.9,0.138058545864,0.0,0
2018-05-27 18:41:20.164,99.75,0.138058545864,0.0,0
2018-05-27 18:41:20.257,99.83,0.138058545864,0.0,0
2018-05-27 18:41:20.434,99.99,0.138058545864,0.0,0
2018-05-27 18:41:20.527,99.64,0.138058545864,0.0,0
2018-05-27 18:41:20.704,101.63,0.138058545864,0.0,0
2018-05-27 18:41:20.797,101.59,0.138058545864,0.0,0
2018-05-27 18:41:20.890,101.85,0.138058545864,0.0,0
2018-05-27 18:41:21.238,102.33,0.138058545864,0.0,0
2018-05-27 18:41:21.425,101.09,0.138058545864,0.0,0
2018-05-27 18:41:21.518,100.38,0.138058545864,0.0,0
2018-05-27 18:41:21.788,99.46,0.138058545864,0.0,0
2018-05-27 18:41:22.117,98.95,0.138058545864,0.0,0
2018-05-27 18:41:22.480,98.63,0.138058545864,0.0,0
2018-05-27 18:41:22.667,98.21,0.138058545864,0.0,0
2018-05-27 18:41:22.760,97.21,0.138058545864,0.0,0
2018-05-27 18:41:23.201,96.79,0.138058545864,0.0,0
2018-05-27 18:41:23.378,95.23,0.138058545864,0.0,0
2018-05-27 18:41:23.657,95.93,0.138058545864,0.0,0
2018-05-27 18:41:23.844,95.68,0.138058545864,0.0,0
2018-05-27 18:41:24.005,96.13,0.138058545864,0.0,0
2018-05-27 18:41:24.192,96.3,0.138058545864,0.0,0
2018-05-27 18:41:24.285,95.44,0.138058545864,0.0,0
2018-05-27 18:41:24.462,96.7,0.138058545864,0.0,0
2018-05-27 18:41:24.648,96.33,0.138058545864,0.0,0
2018-05-27 18:41:24.741,96.38,0.138058545864,0.0,0
2018-05-27 18:41:24.927,96.67,0.138058545864,0.0,0
2018-05-27 18:41:25.089,97.36,0.138058545864,0.0,0
2018-05-27 18:41:25.182,97.48,0.138058545864,0.0,0
2018-05-27 18:41:25.369,98.76,0.138058545864,0.0,0
2018-05-27 18:41:25.546,98.85,0.138058545864,0.0,0
2018-05-27 18:41:25.639,98.99,0.138058545864,0.0,0
2018-05-27 18:41:25.732,98.39,0.138058545864,0.0,0
2018-05-27 18:41:25.825,98.53,0.138058545864,0.0,0
2018-05-27 18:41:25.918,98.82,0.138058545864,0.0,0
2018-05-27 18:41:26.173,100.12,0.138058545864,0.0,0
2018-05-27 18:41:26.267,100.49,0.138058545864,0.0,0
2018-05-27 18:41:26.341,99.93,0.138058545864,0.0,0
2018-05-27 18:41:26.443,101.07,0.138058545864,0.0,0
2018-05-27 18:41:26.536,100.66,0.138058545864,0.0,0
2018-05-27 18:41:26.629,101.21,0.138058545864,0.0,0
2018-05-27 18:41:26.714,101.42,0.138058545864,0.0,0
2018-05-27 18:41:26.811,101.82,0.138058545864,0.0,0
2018-05-27 18:41:26.899,102.43,0.138058545864,0.0,0
2018-05-27 18:41:27.061,102.92,0.138058545864,0.0,0
2018-05-27 18:41:27.154,102.2,0.138058545864,0.0,0
2018-05-27 18:41:27.334,103.11,0.138058545864,0.0,0
2018-05-27 18:41:27.415,103.63,0.138058545864,0.0,0
2018-05-27 18:41:27.508,104.4,0.138058545864,0.0,0
2018-05-27 18:41:27.601,104.54,0.138058545864,0.0,0
2018-05-27 18:41:27.695,103.39,0.138058545864,0.0,0
2018-05-27 18:41:27.788,104.3,0.138058545864,0.0,0
2018-05-27 18:41:27.876,104.15,0.138058545864,0.0,0
2018-05-27 18:41:28.033,103.98,0.138058545864,0.0,0
2018-05-27 18:41:28.117,104.43,0.138058545864,0.0,0
2018-05-27 18:41:28.210,104.49,0.138058545864,0.0,0
2018-05-27 18:41:28.397,103.12,0.138058545864,0.0,0
2018-05-27 18:41:28.574,102.72,0.138058545864,0.0,0
2018-05-27 18:41:28.667,103.42,0.138058545864,0.0,0
2018-05-27 18:41:28.760,102.1,0.138058545864,0.0,0
2018-05-27 18:41:29.005,101.62,0.138058545864,0.0,0
2018-05-27 18:41:29.099,101.26,0.138058545864,0.0,0
2018-05-27 18:41:29.192,101.41,0.138058545864,0.0,0
2018-05-27 18:41:29.285,101.63,0.138058545864,0.0,0
2018-05-27 18:41:29.369,100.86,0.138058545864,0.0,0
2018-05-27 18:41:29.555,98.49,0.138058545864,0.0,0
2018-05-27 18:41:29.741,96.26,0.138058545864,0.0,0
2018-05-27 18:41:29.825,95.63,0.138058545864,0.0,0
2018-05-27 18:41:29.918,94.57,0.138058545864,0.0,0
2018-05-27 18:41:30.080,92.96,0.138058545864,0.0,0
2018-05-27 18:41:30.266,90.57,0.138058545864,0.0,0
2018-05-27 18:41:30.350,89.83,0.138058545864,0.0,0
2018-05-27 18:41:30.443,88.92,0.138058545864,0.0,0
2018-05-27 18:41:30.630,85.85,0.138058545864,0.0,0
2018-05-27 18:41:30.713,85.18,0.138058545864,0.0,0
2018-05-27 18:41:30.900,83.69,0.138058545864,0.0,0
2018-05-27 18:41:31.061,83.27,0.138058545864,0.0,0
2018-05-27 18:41:31.154,81.36,0.138058545864,0.0,0
2018-05-27 18:41:31.248,81.59,0.138058545864,0.0,0
2018-05-27 18:41:31.331,81.72,0.138058545864,0.0,0
2018-05-27 18:41:31.425,81.17,0.138058545864,0.0,0
2018-05-27 18:41:31.518,80.58,0.138058545864,0.0,0
2018-05-27 18:41:31.788,79.87,0.138058545864,0.0,0
2018-05-27 18:41:32.033,79.18,0.138058545864,0.0,0
2018-05-27 18:41:32.201,78.9,0.138058545864,0.0,0
2018-05-27 18:41:32.294,78.23,0.138058545864,0.0,0
2018-05-27 18:41:32.387,78.19,0.138058545864,0.0,0
2018-05-27 18:41:32.471,77.57,0.138058545864,0.0,0
2018-05-27 18:41:32.564,77.19,0.138058545864,0.0,0
2018-05-27 18:41:32.657,77.45,0.138058545864,0.0,0
2018-05-27 18:41:32.844,76.64,0.138058545864,0.0,0
2018-05-27 18:41:33.005,76.92,0.138058545864,0.0,0
2018-05-27 18:41:33.369,76.2,0.138058545864,0.0,0
2018-05-27 18:41:33.537,75.61,0.138058545864,0.0,0
2018-05-27 18:41:33.640,75.25,0.138058545864,0.0,0
2018-05-27 18:41:33.723,75.34,0.138058545864,0.0,0
2018-05-27 18:41:34.071,74.73,0.138058545864,0.0,0
2018-05-27 18:41:34.164,75.04,0.138058545864,0.0,0
2018-05-27 18:41:34.258,74.19,0.138058545864,0.0,0
2018-05-27 18:41:34.331,74.83,0.138058545864,0.0,0
2018-05-27 18:41:34.425,73.37,0.138058545864,0.0,0
2018-05-27 18:41:34.518,73.43,0.138058545864,0.0,0
2018-05-27 18:41:34.593,73.72,0.138058545864,0.0,0
2018-05-27 18:41:34.695,72.95,0.138058545864,0.0,0
2018-05-27 18:41:34.788,73.8,0.138058545864,0.0,0
2018-05-27 18:41:34.876,72.64,0.138058545864,0.0,0
2018-05-27 18:41:35.118,72.2,0.138058545864,0.0,0
2018-05-27 18:41:35.210,73.02,0.138058545864,0.0,0
2018-05-27 18:41:35.304,72.61,0.138058545864,0.0,0
2018-05-27 18:41:35.480,72.09,0.138058545864,0.0,0
2018-05-27 18:41:35.657,71.71,0.138058545864,0.0,0
2018-05-27 18:41:35.751,71.84,0.138058545864,0.0,0
2018-05-27 18:41:36.006,71.64,0.138058545864,0.0,0
2018-05-27 18:41:36.099,71.15,0.138058545864,0.0,0
2018-05-27 18:41:36.192,71.99,0.138058545864,0.0,0
2018-05-27 18:41:36.285,71.41,0.138058545864,0.0,0
2018-05-27 18:41:36.378,71.64,0.138058545864,0.0,0
2018-05-27 18:41:36.546,71.3,0.138058545864,0.0,0
2018-05-27 18:41:36.639,71.26,0.138058545864,0.0,0
2018-05-27 18:41:36.732,71.8,0.138058545864,0.0,0
2018-05-27 18:41:37.080,71.81,0.138058545864,0.0,0
2018-05-27 18:41:37.173,72.66,0.138058545864,0.0,0
2018-05-27 18:41:37.266,72.44,0.138058545864,0.0,0
2018-05-27 18:41:37.350,73.19,0.138058545864,0.0,0
2018-05-27 18:41:37.443,72.92,0.138058545864,0.0,0
2018-05-27 18:41:37.536,73.78,0.138058545864,0.0,0
2018-05-27 18:41:37.630,73.94,0.138058545864,0.0,0
2018-05-27 18:41:37.723,74.0,0.138058545864,0.0,0
2018-05-27 18:41:37.909,74.14,0.138058545864,0.0,0
2018-05-27 18:41:38.071,75.26,0.138058545864,0.0,0
2018-05-27 18:41:38.164,75.76,0.138058545864,0.0,0
2018-05-27 18:41:38.257,75.87,0.138058545864,0.0,0
2018-05-27 18:41:38.342,75.98,0.138058545864,0.0,0
2018-05-27 18:41:38.434,76.83,0.138058545864,0.0,0
2018-05-27 18:41:38.527,76.43,0.138058545864,0.0,0
2018-05-27 18:41:38.620,77.27,0.138058545864,0.0,0
2018-05-27 18:41:38.807,77.37,0.138058545864,0.0,0
2018-05-27 18:41:38.900,78.19,0.138058545864,0.0,0
2018-05-27 18:41:39.248,79.43,0.138058545864,0.0,0
2018-05-27 18:41:39.332,79.35,0.138058545864,0.0,0
2018-05-27 18:41:39.425,79.24,0.138058545864,0.0,0
2018-05-27 18:41:39.518,80.26,0.138058545864,0.0,0
2018-05-27 18:41:39.603,80.21,0.138058545864,0.0,0
2018-05-27 18:41:39.695,80.07,0.138058545864,0.0,0
2018-05-27 18:41:39.788,81.24,0.138058545864,0.0,0
2018-05-27 18:41:40.043,80.59,0.138058545864,0.0,0
2018-05-27 18:41:40.136,81.28,0.138058545864,0.0,0
2018-05-27 18:41:40.229,82.16,0.138058545864,0.0,0
2018-05-27 18:41:40.322,82.61,0.138058545864,0.0,0
2018-05-27 18:41:40.415,82.84,0.138058545864,0.0,0
2018-05-27 18:41:40.514,82.55,0.138058545864,0.0,0
2018-05-27 18:41:40.602,82.78,0.138058545864,0.0,0
2018-05-27 18:41:40.705,82.22,0.138058545864,0.0,0
2018-05-27 18:41:40.798,82.96,0.138058545864,0.0,0
2018-05-27 18:41:40.890,82.94,0.138058545864,0.0,0
2018-05-27 18:41:41.136,82.4,0.138058545864,0.0,0
2018-05-27 18:41:41.229,82.65,0.138058545864,0.0,0
2018-05-27 18:41:41.332,81.89,0.138058545864,0.0,0
2018-05-27 18:41:41.415,81.56,0.138058545864,0.0,0
2018-05-27 18:41:41.508,81.39,0.138058545864,0.0,0
2018-05-27 18:41:41.598,81.37,0.138058545864,0.0,0
2018-05-27 18:41:41.704,81.36,0.138058545864,0.0,0
2018-05-27 18:41:41.797,80.9,0.138058545864,0.0,0
2018-05-27 18:41:41.890,80.57,0.138058545864,0.0,0
2018-05-27 18:41:42.052,80.27,0.138058545864,0.0,0
2018-05-27 18:41:42.145,79.46,0.138058545864,0.0,0
2018-05-27 18:41:42.238,78.69,0.138058545864,0.0,0
2018-05-27 18:41:42.332,79.53,0.138058545864,0.0,0
2018-05-27 18:41:42.425,79.36,0.138058545864,0.0,0
2018-05-27 18:41:42.518,79.05,0.138058545864,0.0,0
2018-05-27 18:41:42.611,78.89,0.138058545864,0.0,0
2018-05-27 18:41:42.695,79.23,0.138058545864,0.0,0
2018-05-27 18:41:42.788,78.88,0.138058545864,0.0,0
2018-05-27 18:41:42.876,77.79,0.138058545864,0.0,0
2018-05-27 18:41:43.034,78.24,0.138058545864,0.0,0
2018-05-27 18:41:43.117,78.21,0.138058545864,0.0,0
2018-05-27 18:41:43.304,78.13,0.138058545864,0.0,0
2018-05-27 18:41:43.387,77.41,0.138058545864,0.0,0
2018-05-27 18:41:43.481,77.69,0.138058545864,0.0,0
2018-05-27 18:41:43.574,76.43,0.138058545864,0.0,0
2018-05-27 18:41:43.667,77.01,0.138058545864,0.0,0
2018-05-27 18:41:43.853,76.48,0.138058545864,0.0,0
2018-05-27 18:41:44.108,76.37,0.138058545864,0.0,0
2018-05-27 18:41:44.471,75.88,0.138058545864,0.0,0
2018-05-27 18:41:44.658,75.07,0.138058545864,0.0,0
2018-05-27 18:41:44.844,75.48,0.138058545864,0.0,0
2018-05-27 18:41:45.192,74.57,0.138058545864,0.0,0
2018-05-27 18:41:45.285,73.6,0.138058545864,0.0,0
2018-05-27 18:41:45.369,74.2,0.138058545864,0.0,0
2018-05-27 18:41:45.835,73.28,0.138058545864,0.0,0
2018-05-27 18:41:45.928,73.03,0.138058545864,0.0,0
2018-05-27 18:41:46.276,72.31,0.138058545864,0.0,0
2018-05-27 18:41:46.360,72.06,0.138058545864,0.0,0
2018-05-27 18:41:46.453,71.64,0.138058545864,0.0,0
2018-05-27 18:41:46.546,70.8,0.138058545864,0.0,0
2018-05-27 18:41:46.639,71.0,0.138058545864,0.0,0
2018-05-27 18:41:46.732,70.49,0.138058545864,0.0,0
2018-05-27 18:41:46.825,70.49,0.138058545864,0.0,0
2018-05-27 18:41:47.080,69.97,0.138058545864,0.0,0
2018-05-27 18:41:47.173,69.19,0.138058545864,0.0,0
2018-05-27 18:41:47.266,69.6,0.138058545864,0.0,0
2018-05-27 18:41:47.350,69.05,0.138058545864,0.0,0
2018-05-27 18:41:47.453,68.89,0.138058545864,0.0,0
2018-05-27 18:41:47.546,68.46,0.138058545864,0.0,0
2018-05-27 18:41:47.639,68.38,0.138058545864,0.0,0
2018-05-27 18:41:47.825,68.08,0.138058545864,0.0,0
2018-05-27 18:41:47.918,68.26,0.138058545864,0.0,0
2018-05-27 18:41:48.173,67.59,0.138058545864,0.0,0
2018-05-27 18:41:48.267,67.19,0.138058545864,0.0,0
2018-05-27 18:41:48.350,67.99,0.138058545864,0.0,0
2018-05-27 18:41:48.443,67.57,0.138058545864,0.0,0
2018-05-27 18:41:48.723,67.62,0.138058545864,0.0,0
2018-05-27 18:41:48.816,67.6,0.138058545864,0.0,0
2018-05-27 18:41:48.909,67.69,0.138058545864,0.0,0
2018-05-27 18:41:49.071,66.64,0.138058545864,0.0,0
2018-05-27 18:41:49.164,67.58,0.138058545864,0.0,0
2018-05-27 18:41:49.257,67.25,0.138058545864,0.0,0
2018-05-27 18:41:49.434,67.07,0.138058545864,0.0,0
2018-05-27 18:41:49.527,67.08,0.138058545864,0.0,0
2018-05-27 18:41:49.620,66.97,0.138058545864,0.0,0
2018-05-27 18:41:49.714,66.15,0.138058545864,0.0,0
2018-05-27 18:41:49.807,66.75,0.138058545864,0.0,0
2018-05-27 18:41:49.900,66.97,0.138058545864,0.0,0
2018-05-27 18:41:50.062,66.22,0.138058545864,0.0,0
2018-05-27 18:41:50.248,66.14,0.138058545864,0.0,0
2018-05-27 18:41:50.332,66.77,0.138058545864,0.0,0
2018-05-27 18:41:50.425,66.55,0.138058545864,0.0,0
2018-05-27 18:41:50.518,66.04,0.138058545864,0.0,0
2018-05-27 18:41:50.611,66.76,0.138058545864,0.0,0
2018-05-27 18:41:50.704,66.28,0.138058545864,0.0,0
2018-05-27 18:41:50.797,66.22,0.138058545864,0.0,0
2018-05-27 18:41:50.890,66.01,0.138058545864,0.0,0
2018-05-27 18:41:51.052,65.65,0.138058545864,0.0,0
2018-05-27 18:41:51.145,66.31,0.138058545864,0.0,0
2018-05-27 18:41:51.239,65.87,0.138058545864,0.0,0
2018-05-27 18:41:51.415,65.43,0.138058545864,0.0,0
2018-05-27 18:41:51.509,67.19,0.138058545864,0.0,0
2018-05-27 18:41:51.602,66.06,0.138058545864,0.0,0
2018-05-27 18:41:51.695,65.39,0.138058545864,0.0,0
2018-05-27 18:41:51.788,65.66,0.138058545864,0.0,0
2018-05-27 18:41:52.118,65.38,0.138058545864,0.0,0
2018-05-27 18:41:52.294,65.02,0.138058545864,0.0,0
2018-05-27 18:41:52.565,65.28,0.138058545864,0.0,0
2018-05-27 18:41:53.090,64.99,0.138058545864,0.0,0
2018-05-27 18:41:53.350,64.89,0.138058545864,0.0,0
2018-05-27 18:41:53.649,64.66,0.138058545864,0.0,0
2018-05-27 18:41:53.735,64.65,0.138058545864,0.0,0
2018-05-27 18:41:53.909,64.81,0.138058545864,0.0,0
2018-05-27 18:41:54.071,64.34,0.138058545864,0.0,0
2018-05-27 18:41:54.155,65.13,0.138058545864,0.0,0
2018-05-27 18:41:54.248,65.37,0.138058545864,0.0,0
2018-05-27 18:41:54.332,65.87,0.138058545864,0.0,0
2018-05-27 18:41:54.434,65.38,0.138058545864,0.0,0
2018-05-27 18:41:54.714,67.19,0.138058545864,0.0,0
2018-05-27 18:41:54.807,67.3,0.138058545864,0.0,0
2018-05-27 18:41:54.900,67.94,0.138058545864,0.0,0
2018-05-27 18:41:55.062,67.64,0.138058545864,0.0,0
2018-05-27 18:41:55.155,68.35,0.138058545864,0.0,0
2018-05-27 18:41:55.239,68.04,0.138058545864,0.0,0
2018-05-27 18:41:55.425,69.09,0.138058545864,0.0,0
2018-05-27 18:41:55.518,70.84,0.138058545864,0.0,0
2018-05-27 18:41:55.611,69.68,0.138058545864,0.0,0
2018-05-27 18:41:56.118,71.39,0.138058545864,0.0,0
2018-05-27 18:41:56.304,72.13,0.138058545864,0.0,0
2018-05-27 18:41:56.574,73.2,0.138058545864,0.0,0
2018-05-27 18:41:56.760,73.96,0.138058545864,0.0,0
2018-05-27 18:41:57.006,74.35,0.138058545864,0.0,0
2018-05-27 18:41:57.099,74.26,0.138058545864,0.0,0
2018-05-27 18:41:57.192,74.55,0.138058545864,0.0,0
2018-05-27 18:41:57.378,74.79,0.138058545864,0.0,0
2018-05-27 18:41:57.649,76.11,0.138058545864,0.0,0
2018-05-27 18:41:57.825,76.7,0.138058545864,0.0,0
2018-05-27 18:41:57.918,76.83,0.138058545864,0.0,0
2018-05-27 18:41:58.173,77.47,0.138058545864,0.0,0
2018-05-27 18:41:58.537,79.53,0.138058545864,0.0,0
2018-05-27 18:41:58.621,80.0,0.138058545864,0.0,0
2018-05-27 18:41:58.714,79.58,0.138058545864,0.0,0
2018-05-27 18:41:58.807,80.28,0.138058545864,0.0,0
2018-05-27 18:41:58.900,80.77,0.138058545864,0.0,0
2018-05-27 18:41:59.332,81.76,0.138058545864,0.0,0
2018-05-27 18:41:59.425,82.05,0.138058545864,0.0,0
2018-05-27 18:41:59.602,83.37,0.138058545864,0.0,0
2018-05-27 18:41:59.695,84.06,0.138058545864,0.0,0
2018-05-27 18:41:59.881,84.09,0.138058545864,0.0,0
2018-05-27 18:42:00.043,84.64,0.138058545864,0.0,0
2018-05-27 18:42:00.667,87.57,0.138058545864,0.0,0
2018-05-27 18:42:00.760,87.5,0.138058545864,0.0,0
2018-05-27 18:42:01.108,88.9,0.138058545864,0.0,0
2018-05-27 18:42:01.369,90.57,0.138058545864,0.0,0
2018-05-27 18:42:01.555,89.74,0.138058545864,0.0,0
2018-05-27 18:42:01.653,90.71,0.138058545864,0.0,0
2018-05-27 18:42:01.835,91.51,0.138058545864,0.0,0
2018-05-27 18:42:02.006,92.66,0.138058545864,0.0,0
2018-05-27 18:42:02.192,93.32,0.138058545864,0.0,0
2018-05-27 18:42:02.378,93.8,0.138058545864,0.0,0
2018-05-27 18:42:02.565,93.44,0.138058545864,0.0,0
2018-05-27 18:42:02.658,93.91,0.138058545864,0.0,0
2018-05-27 18:42:02.751,94.45,0.138058545864,0.0,0
2018-05-27 18:42:02.844,94.68,0.138058545864,0.0,0
2018-05-27 18:42:03.183,94.65,0.138058545864,0.0,0
2018-05-27 18:42:03.285,95.64,0.138058545864,0.0,0
2018-05-27 18:42:03.388,95.29,0.138058545864,0.0,0
2018-05-27 18:42:03.481,95.35,0.138058545864,0.0,0
2018-05-27 18:42:03.574,95.47,0.138058545864,0.0,0
2018-05-27 18:42:03.751,96.2,0.138058545864,0.0,0
2018-05-27 18:42:03.844,96.39,0.138058545864,0.0,0
2018-05-27 18:42:04.006,96.27,0.138058545864,0.0,0
2018-05-27 18:42:04.192,97.91,0.138058545864,0.0,0
2018-05-27 18:42:04.285,98.1,0.138058545864,0.0,0
2018-05-27 18:42:04.369,98.43,0.138058545864,0.0,0
2018-05-27 18:42:04.462,98.43,0.138058545864,0.0,0
2018-05-27 18:42:04.555,98.95,0.138058545864,0.0,0
2018-05-27 18:42:04.649,98.75,0.138058545864,0.0,0
2018-05-27 18:42:04.732,99.19,0.138058545864,0.0,0
2018-05-27 18:42:04.825,99.34,0.138058545864,0.0,0
2018-05-27 18:42:04.919,99.04,0.138058545864,0.0,0
2018-05-27 18:42:05.080,99.2,0.138058545864,0.0,0
2018-05-27 18:42:05.174,99.18,0.138058545864,0.0,0
2018-05-27 18:42:05.267,99.57,0.138058545864,0.0,0
2018-05-27 18:42:05.350,99.76,0.138058545864,0.0,0
2018-05-27 18:42:05.444,100.29,0.138058545864,0.0,0
2018-05-27 18:42:05.527,100.19,0.138058545864,0.0,0
2018-05-27 18:42:05.621,99.69,0.138058545864,0.0,0
2018-05-27 18:42:05.714,99.14,0.138058545864,0.0,0
2018-05-27 18:42:05.807,98.09,0.138058545864,0.0,0
2018-05-27 18:42:05.900,98.4,0.138058545864,0.0,0
2018-05-27 18:42:06.062,98.22,0.138058545864,0.0,0
2018-05-27 18:42:06.155,97.35,0.138058545864,0.0,0
2018-05-27 18:42:06.248,98.39,0.138058545864,0.0,0
2018-05-27 18:42:06.341,97.8,0.138058545864,0.0,0
2018-05-27 18:42:06.425,96.97,0.138058545864,0.0,0
2018-05-27 18:42:06.509,96.47,0.138058545864,0.0,0
2018-05-27 18:42:06.602,96.88,0.138058545864,0.0,0
2018-05-27 18:42:06.695,96.34,0.138058545864,0.0,0
2018-05-27 18:42:06.788,96.46,0.138058545864,0.0,0
2018-05-27 18:42:07.034,95.6,0.138058545864,0.0,0
2018-05-27 18:42:07.118,94.47,0.138058545864,0.0,0
2018-05-27 18:42:07.211,94.89,0.138058545864,0.0,0
2018-05-27 18:42:07.295,94.49,0.138058545864,0.0,0
2018-05-27 18:42:07.472,94.58,0.138058545864,0.0,0
2018-05-27 18:42:07.565,95.29,0.138058545864,0.0,0
2018-05-27 18:42:07.658,94.91,0.138058545864,0.0,0
2018-05-27 18:42:07.751,94.92,0.138058545864,0.0,0
2018-05-27 18:42:07.844,95.44,0.138058545864,0.0,0
2018-05-27 18:42:08.006,96.05,0.138058545864,0.0,0
2018-05-27 18:42:08.183,94.94,0.138058545864,0.0,0
2018-05-27 18:42:08.276,96.53,0.138058545864,0.0,0
2018-05-27 18:42:08.369,96.14,0.138058545864,0.0,0
2018-05-27 18:42:08.453,96.36,0.138058545864,0.0,0
2018-05-27 18:42:08.509,96.58,0.138058545864,0.0,0
2018-05-27 18:42:08.639,97.39,0.138058545864,0.0,0
2018-05-27 18:42:08.732,97.42,0.138058545864,0.0,0
2018-05-27 18:42:08.825,97.85,0.138058545864,0.0,0
2018-05-27 18:42:08.919,98.55,0.138058545864,0.0,0
2018-05-27 18:42:09.081,97.61,0.138058545864,0.0,0
2018-05-27 18:42:09.164,99.12,0.138058545864,0.0,0
2018-05-27 18:42:09.257,99.41,0.138058545864,0.0,0
2018-05-27 18:42:09.350,99.99,0.138058545864,0.0,0
2018-05-27 18:42:09.527,100.34,0.138058545864,0.0,0
2018-05-27 18:42:09.621,100.88,0.138058545864,0.0,0
2018-05-27 18:42:09.714,102.05,0.138058545864,0.0,0
2018-05-27 18:42:09.807,102.48,0.138058545864,0.0,0
2018-05-27 18:42:09.900,102.4,0.138058545864,0.0,0
2018-05-27 18:42:10.052,102.79,0.138058545864,0.0,0
2018-05-27 18:42:10.239,104.12,0.138058545864,0.0,0
2018-05-27 18:42:10.332,104.42,0.138058545864,0.0,0
2018-05-27 18:42:10.425,104.62,0.138058545864,0.0,0
2018-05-27 18:42:10.518,104.61,0.138058545864,0.0,0
2018-05-27 18:42:10.611,105.68,0.138058545864,0.0,0
2018-05-27 18:42:10.704,106.35,0.138058545864,0.0,0
2018-05-27 18:42:10.798,105.89,0.138058545864,0.0,0
2018-05-27 18:42:10.891,106.73,0.138058545864,0.0,0
2018-05-27 18:42:11.043,106.61,0.138058545864,0.0,0
2018-05-27 18:42:11.136,105.61,0.138058545864,0.0,0
2018-05-27 18:42:11.229,105.08,0.138058545864,0.0,0
2018-05-27 18:42:11.416,104.87,0.138058545864,0.0,0
2018-05-27 18:42:11.760,102.7,0.138058545864,0.0,0
2018-05-27 18:42:11.853,103.0,0.138058545864,0.0,0
2018-05-27 18:42:12.015,103.04,0.138058545864,0.0,0
2018-05-27 18:42:12.201,102.49,0.138058545864,0.0,0
2018-05-27 18:42:12.295,102.01,0.138058545864,0.0,0
2018-05-27 18:42:12.388,101.67,0.138058545864,0.0,0
2018-05-27 18:42:12.565,101.37,0.138058545864,0.0,0
2018-05-27 18:42:13.183,99.61,0.138058545864,0.0,0
2018-05-27 18:42:13.276,98.15,0.138058545864,0.0,0
2018-05-27 18:42:13.555,99.09,0.138058545864,0.0,0
2018-05-27 18:42:13.742,97.26,0.138058545864,0.0,0
2018-05-27 18:42:14.090,96.58,0.138058545864,0.0,0
2018-05-27 18:42:14.183,96.89,0.138058545864,0.0,0
2018-05-27 18:42:14.453,96.33,0.138058545864,0.0,0
2018-05-27 18:42:14.546,95.58,0.138058545864,0.0,0
2018-05-27 18:42:14.630,94.95,0.138058545864,0.0,0
2018-05-27 18:42:14.816,95.74,0.138058545864,0.0,0
2018-05-27 18:42:15.071,96.64,0.138058545864,0.0,0
2018-05-27 18:42:15.165,97.44,0.138058545864,0.0,0
2018-05-27 18:42:15.425,97.23,0.138058545864,0.0,0
2018-05-27 18:42:15.594,96.26,0.138058545864,0.0,0
2018-05-27 18:42:15.788,98.01,0.138058545864,0.0,0
2018-05-27 18:42:15.877,98.31,0.138058545864,0.0,0
2018-05-27 18:42:16.034,98.67,0.138058545864,0.0,0
2018-05-27 18:42:16.118,99.28,0.138058545864,0.0,0
2018-05-27 18:42:16.211,99.2,0.138058545864,0.0,0
2018-05-27 18:42:16.295,99.62,0.138058545864,0.0,0
2018-05-27 18:42:16.388,99.37,0.138058545864,0.0,0
2018-05-27 18:42:16.565,100.13,0.138058545864,0.0,0
2018-05-27 18:42:16.658,100.84,0.138058545864,0.0,0
2018-05-27 18:42:16.751,101.04,0.138058545864,0.0,0
2018-05-27 18:42:16.844,101.76,0.138058545864,0.0,0
2018-05-27 18:42:17.099,101.43,0.138058545864,0.0,0
2018-05-27 18:42:17.379,103.28,0.138058545864,0.0,0
2018-05-27 18:42:17.462,103.76,0.138058545864,0.0,0
2018-05-27 18:42:17.555,104.63,0.138058545864,0.0,0
2018-05-27 18:42:17.649,103.89,0.138058545864,0.0,0
2018-05-27 18:42:17.835,105.19,0.138058545864,0.0,0
2018-05-27 18:42:17.928,105.45,0.138058545864,0.0,0
2018-05-27 18:42:18.090,105.21,0.138058545864,0.0,0
2018-05-27 18:42:18.183,106.23,0.138058545864,0.0,0
2018-05-27 18:42:18.267,106.02,0.138058545864,0.0,0
2018-05-27 18:42:18.360,106.67,0.138058545864,0.0,0
2018-05-27 18:42:18.444,106.76,0.138058545864,0.0,0
2018-05-27 18:42:18.537,106.33,0.138058545864,0.0,0
2018-05-27 18:42:18.630,107.41,0.138058545864,0.0,0
2018-05-27 18:42:18.723,107.46,0.138058545864,0.0,0
2018-05-27 18:42:18.910,107.08,0.138058545864,0.0,0
2018-05-27 18:42:19.072,107.77,0.138058545864,0.0,0
2018-05-27 18:42:19.155,107.13,0.138058545864,0.0,0
2018-05-27 18:42:19.248,106.04,0.138058545864,0.0,0
2018-05-27 18:42:19.341,106.27,0.138058545864,0.0,0
2018-05-27 18:42:19.426,106.32,0.138058545864,0.0,0
2018-05-27 18:42:19.518,105.82,0.138058545864,0.0,0
2018-05-27 18:42:19.611,104.59,0.138058545864,0.0,0
2018-05-27 18:42:19.891,104.54,0.138058545864,0.0,0
2018-05-27 18:42:20.230,103.64,0.138058545864,0.0,0
2018-05-27 18:42:20.416,104.39,0.138058545864,0.0,0
2018-05-27 18:42:20.500,104.86,0.138058545864,0.0,0
2018-05-27 18:42:20.583,105.11,0.138058545864,0.0,0
2018-05-27 18:42:20.760,104.63,0.138058545864,0.0,0
2018-05-27 18:42:20.853,104.78,0.138058545864,0.0,0
2018-05-27 18:42:21.108,104.71,0.138058545864,0.0,0
2018-05-27 18:42:21.202,105.59,0.138058545864,0.0,0
2018-05-27 18:42:21.295,106.55,0.138058545864,0.0,0
2018-05-27 18:42:21.472,106.61,0.138058545864,0.0,0
2018-05-27 18:42:21.649,107.03,0.138058545864,0.0,0
2018-05-27 18:42:21.742,108.14,0.138058545864,0.0,0
2018-05-27 18:42:21.835,107.29,0.138058545864,0.0,0
2018-05-27 18:42:21.928,107.7,0.138058545864,0.0,0
2018-05-27 18:42:22.090,109.42,0.138058545864,0.0,0
2018-05-27 18:42:22.276,110.1,0.138058545864,0.0,0
2018-05-27 18:42:22.369,110.89,0.138058545864,0.0,0
2018-05-27 18:42:22.537,111.23,0.138058545864,0.0,0
2018-05-27 18:42:22.630,111.97,0.138058545864,0.0,0
2018-05-27 18:42:22.723,112.21,0.138058545864,0.0,0
2018-05-27 18:42:22.816,113.0,0.138058545864,0.0,0
2018-05-27 18:42:22.891,112.25,0.138058545864,0.0,0
2018-05-27 18:42:23.146,113.92,0.138058545864,0.0,0
2018-05-27 18:42:23.239,115.54,0.138058545864,0.0,0
2018-05-27 18:42:23.324,114.59,0.138058545864,0.0,0
2018-05-27 18:42:23.416,115.49,0.138058545864,0.0,0
2018-05-27 18:42:23.877,118.46,0.138058545864,0.0,0
2018-05-27 18:42:24.034,118.0,0.138058545864,0.0,0
2018-05-27 18:42:24.211,117.59,0.138058545864,0.0,0
2018-05-27 18:42:24.295,117.96,0.138058545864,0.0,0
2018-05-27 18:42:24.565,116.67,0.138058545864,0.0,0
2018-05-27 18:42:24.658,115.39,0.138058545864,0.0,0
2018-05-27 18:42:24.844,114.77,0.138058545864,0.0,0
2018-05-27 18:42:25.100,114.25,0.138058545864,0.0,0
2018-05-27 18:42:25.183,114.25,0.138058545864,0.0,0
2018-05-27 18:42:25.369,113.43,0.138058545864,0.0,0
2018-05-27 18:42:25.546,113.1,0.138058545864,0.0,0
2018-05-27 18:42:25.639,112.81,0.138058545864,0.0,0
2018-05-27 18:42:25.826,112.15,0.138058545864,0.0,0
2018-05-27 18:42:26.528,110.9,0.138058545864,0.0,0
2018-05-27 18:42:26.807,110.95,0.138058545864,0.0,0
2018-05-27 18:42:26.891,110.17,0.138058545864,0.0,0
2018-05-27 18:42:27.053,110.97,0.138058545864,0.0,0
2018-05-27 18:42:27.239,111.14,0.138058545864,0.0,0
2018-05-27 18:42:27.602,113.03,0.138058545864,0.0,0
2018-05-27 18:42:27.692,113.34,0.138058545864,0.0,0
2018-05-27 18:42:27.779,112.81,0.138058545864,0.0,0
2018-05-27 18:42:28.025,114.25,0.138058545864,0.0,0
2018-05-27 18:42:28.118,113.02,0.138058545864,0.0,0
2018-05-27 18:42:28.211,114.89,0.138058545864,0.0,0
2018-05-27 18:42:28.304,114.34,0.138058545864,0.0,0
2018-05-27 18:42:28.397,115.81,0.138058545864,0.0,0
2018-05-27 18:42:28.482,115.76,0.138058545864,0.0,0
2018-05-27 18:42:28.658,116.81,0.138058545864,0.0,0
2018-05-27 18:42:28.751,116.02,0.138058545864,0.0,0
2018-05-27 18:42:28.844,117.29,0.138058545864,0.0,0
2018-05-27 18:42:29.099,117.45,0.138058545864,0.0,0
2018-05-27 18:42:29.192,118.67,0.138058545864,0.0,0
2018-05-27 18:42:29.351,119.35,0.138058545864,0.0,0
2018-05-27 18:42:29.462,119.74,0.138058545864,0.0,0
2018-05-27 18:42:29.649,120.0,0.138058545864,0.0,0
2018-05-27 18:42:29.742,121.02,0.138058545864,0.0,0
2018-05-27 18:42:29.835,120.46,0.138058545864,0.0,0
2018-05-27 18:42:29.928,121.75,0.138058545864,0.0,0
2018-05-27 18:42:30.090,121.75,0.138058545864,0.0,0
2018-05-27 18:42:30.174,122.32,0.138058545864,0.0,0
2018-05-27 18:42:30.267,122.15,0.138058545864,0.0,0
2018-05-27 18:42:30.351,122.79,0.138058545864,0.0,0
2018-05-27 18:42:30.444,123.02,0.138058545864,0.0,0
2018-05-27 18:42:30.537,122.26,0.138058545864,0.0,0
2018-05-27 18:42:30.621,122.9,0.138058545864,0.0,0
2018-05-27 18:42:30.714,122.43,0.138058545864,0.0,0
2018-05-27 18:42:30.807,122.26,0.138058545864,0.0,0
2018-05-27 18:42:30.900,122.29,0.138058545864,0.0,0
2018-05-27 18:42:31.062,121.19,0.138058545864,0.0,0
2018-05-27 18:42:31.155,121.74,0.138058545864,0.0,0
2018-05-27 18:42:31.248,119.32,0.138058545864,0.0,0
2018-05-27 18:42:31.341,119.85,0.138058545864,0.0,0
2018-05-27 18:42:31.426,119.4,0.138058545864,0.0,0
2018-05-27 18:42:31.518,119.68,0.138058545864,0.0,0
2018-05-27 18:42:31.798,118.82,0.138058545864,0.0,0
2018-05-27 18:42:31.891,117.85,0.138058545864,0.0,0
2018-05-27 18:42:32.053,117.79,0.138058545864,0.0,0
2018-05-27 18:42:32.146,116.92,0.138058545864,0.0,0
2018-05-27 18:42:32.239,117.56,0.138058545864,0.0,0
2018-05-27 18:42:32.332,116.31,0.138058545864,0.0,0
2018-05-27 18:42:32.425,116.94,0.138058545864,0.0,0
2018-05-27 18:42:32.518,115.73,0.138058545864,0.0,0
2018-05-27 18:42:32.612,116.21,0.138058545864,0.0,0
2018-05-27 18:42:32.696,114.34,0.138058545864,0.0,0
2018-05-27 18:42:32.788,115.57,0.138058545864,0.0,0
2018-05-27 18:42:32.877,115.29,0.138058545864,0.0,0
2018-05-27 18:42:33.034,114.79,0.138058545864,0.0,0
2018-05-27 18:42:33.118,114.77,0.138058545864,0.0,0
2018-05-27 18:42:33.388,115.63,0.138058545864,0.0,0
2018-05-27 18:42:33.481,115.39,0.138058545864,0.0,0
2018-05-27 18:42:33.667,115.99,0.138058545864,0.0,0
2018-05-27 18:42:33.854,116.49,0.138058545864,0.0,0
2018-05-27 18:42:34.202,118.17,0.138058545864,0.0,0
2018-05-27 18:42:34.379,118.73,0.138058545864,0.0,0
2018-05-27 18:42:34.472,118.6,0.138058545864,0.0,0
2018-05-27 18:42:34.658,119.03,0.138058545864,0.0,0
2018-05-27 18:42:34.844,120.94,0.138058545864,0.0,0
2018-05-27 18:42:35.099,120.63,0.138058545864,0.0,0
2018-05-27 18:42:35.472,119.43,0.138058545864,0.0,0
2018-05-27 18:42:35.658,118.39,0.138058545864,0.0,0
2018-05-27 18:42:36.276,116.28,0.138058545864,0.0,0
2018-05-27 18:42:36.369,116.48,0.138058545864,0.0,0
2018-05-27 18:42:36.639,115.42,0.138058545864,0.0,0
2018-05-27 18:42:36.733,114.78,0.138058545864,0.0,0
2018-05-27 18:42:36.919,113.44,0.138058545864,0.0,0
2018-05-27 18:42:37.164,112.65,0.138058545864,0.0,0
2018-05-27 18:42:37.351,112.85,0.138058545864,0.0,0
2018-05-27 18:42:37.435,112.42,0.138058545864,0.0,0
2018-05-27 18:42:37.714,110.75,0.138058545864,0.0,0
2018-05-27 18:42:37.807,111.27,0.138058545864,0.0,0
2018-05-27 18:42:38.053,110.24,0.138058545864,0.0,0
2018-05-27 18:42:38.146,109.42,0.138058545864,0.0,0
2018-05-27 18:42:38.239,109.66,0.138058545864,0.0,0
2018-05-27 18:42:38.332,109.1,0.138058545864,0.0,0
2018-05-27 18:42:38.425,109.27,0.138058545864,0.0,0
2018-05-27 18:42:38.519,108.46,0.138058545864,0.0,0
2018-05-27 18:42:38.721,107.26,0.138058545864,0.0,0
2018-05-27 18:42:38.798,107.82,0.138058545864,0.0,0
2018-05-27 18:42:39.048,107.84,0.138058545864,0.0,0
2018-05-27 18:42:39.147,106.41,0.138058545864,0.0,0
2018-05-27 18:42:39.416,105.94,0.138058545864,0.0,0
2018-05-27 18:42:39.574,105.22,0.138058545864,0.0,0
2018-05-27 18:42:39.667,105.23,0.138058545864,0.0,0
2018-05-27 18:42:39.761,104.72,0.138058545864,0.0,0
2018-05-27 18:42:39.845,104.19,0.138058545864,0.0,0
2018-05-27 18:42:40.009,103.02,0.138058545864,0.0,0
2018-05-27 18:42:40.106,104.24,0.138058545864,0.0,0
2018-05-27 18:42:40.192,103.87,0.138058545864,0.0,0
2018-05-27 18:42:40.295,102.75,0.138058545864,0.0,0
2018-05-27 18:42:40.388,102.43,0.138058545864,0.0,0
2018-05-27 18:42:40.472,102.04,0.138058545864,0.0,0
2018-05-27 18:42:40.565,102.33,0.138058545864,0.0,0
2018-05-27 18:42:40.751,101.25,0.138058545864,0.0,0
2018-05-27 18:42:40.835,101.11,0.138058545864,0.0,0
2018-05-27 18:42:41.369,99.92,0.138058545864,0.0,0
2018-05-27 18:42:41.453,99.37,0.138058545864,0.0,0
2018-05-27 18:42:41.546,98.43,0.138058545864,0.0,0
2018-05-27 18:42:41.640,98.71,0.138058545864,0.0,0
2018-05-27 18:42:41.723,98.03,0.138058545864,0.0,0
2018-05-27 18:42:41.816,98.12,0.138058545864,0.0,0
2018-05-27 18:42:41.910,97.57,0.138058545864,0.0,0
2018-05-27 18:42:42.071,97.8,0.138058545864,0.0,0
2018-05-27 18:42:42.165,97.17,0.138058545864,0.0,0
2018-05-27 18:42:42.258,97.48,0.138058545864,0.0,0
2018-05-27 18:42:42.351,97.25,0.138058545864,0.0,0
2018-05-27 18:42:42.518,96.27,0.138058545864,0.0,0
2018-05-27 18:42:42.612,96.26,0.138058545864,0.0,0
2018-05-27 18:42:42.705,96.27,0.138058545864,0.0,0
2018-05-27 18:42:42.891,96.1,0.138058545864,0.0,0
2018-05-27 18:42:43.053,95.4,0.138058545864,0.0,0
2018-05-27 18:42:43.332,94.54,0.138058545864,0.0,0
2018-05-27 18:42:43.425,94.0,0.138058545864,0.0,0
2018-05-27 18:42:43.509,95.01,0.138058545864,0.0,0
2018-05-27 18:42:43.602,95.39,0.138058545864,0.0,0
2018-05-27 18:42:43.695,95.0,0.138058545864,0.0,0
2018-05-27 18:42:43.789,94.62,0.138058545864,0.0,0
2018-05-27 18:42:44.118,96.13,0.138058545864,0.0,0
2018-05-27 18:42:44.295,96.62,0.138058545864,0.0,0
2018-05-27 18:42:44.379,96.53,0.138058545864,0.0,0
2018-05-27 18:42:44.658,96.89,0.138058545864,0.0,0
2018-05-27 18:42:44.751,96.88,0.138058545864,0.0,0
2018-05-27 18:42:45.006,97.55,0.138058545864,0.0,0
2018-05-27 18:42:45.100,98.06,0.138058545864,0.0,0
2018-05-27 18:42:45.184,98.08,0.138058545864,0.0,0
2018-05-27 18:42:45.276,98.29,0.138058545864,0.0,0
2018-05-27 18:42:45.369,99.02,0.138058545864,0.0,0
2018-05-27 18:42:45.546,100.09,0.138058545864,0.0,0
2018-05-27 18:42:45.639,100.8,0.138058545864,0.0,0
2018-05-27 18:42:45.919,101.74,0.138058545864,0.0,0
2018-05-27 18:42:46.071,102.29,0.138058545864,0.0,0
2018-05-27 18:42:46.165,102.48,0.138058545864,0.0,0
2018-05-27 18:42:46.351,103.88,0.138058545864,0.0,0
2018-05-27 18:42:46.435,104.15,0.138058545864,0.0,0
2018-05-27 18:42:47.146,104.09,0.138058545864,0.0,0
2018-05-27 18:42:47.239,104.89,0.138058545864,0.0,0
2018-05-27 18:42:47.426,103.34,0.138058545864,0.0,0
2018-05-27 18:42:47.612,102.94,0.138058545864,0.0,0
2018-05-27 18:42:47.882,101.92,0.138058545864,0.0,0
2018-05-27 18:42:48.044,101.23,0.138058545864,0.0,0
2018-05-27 18:42:48.416,100.67,0.138058545864,0.0,0
2018-05-27 18:42:48.509,101.03,0.138058545864,0.0,0
2018-05-27 18:42:48.602,100.31,0.138058545864,0.0,0
2018-05-27 18:42:48.695,101.93,0.138058545864,0.0,0
2018-05-27 18:42:48.878,102.51,0.138058545864,0.0,0
2018-05-27 18:42:49.034,101.8,0.138058545864,0.0,0
2018-05-27 18:42:49.304,102.02,0.138058545864,0.0,0
2018-05-27 18:42:49.388,102.35,0.138058545864,0.0,0
2018-05-27 18:42:49.481,104.04,0.138058545864,0.0,0
2018-05-27 18:42:49.751,104.4,0.138058545864,0.0,0
2018-05-27 18:42:49.844,105.52,0.138058545864,0.0,0
2018-05-27 18:42:50.006,106.27,0.138058545864,0.0,0
2018-05-27 18:42:50.099,105.7,0.138058545864,0.0,0
2018-05-27 18:42:50.286,107.9,0.138058545864,0.0,0
2018-05-27 18:42:50.556,108.09,0.138058545864,0.0,0
2018-05-27 18:42:50.733,110.1,0.138058545864,0.0,0
2018-05-27 18:42:50.826,110.06,0.138058545864,0.0,0
2018-05-27 18:42:51.081,109.02,0.138058545864,0.0,0
2018-05-27 18:42:51.174,108.27,0.138058545864,0.0,0
2018-05-27 18:42:51.268,109.29,0.138058545864,0.0,0
2018-05-27 18:42:51.435,108.07,0.138058545864,0.0,0
2018-05-27 18:42:51.528,107.61,0.138058545864,0.0,0
2018-05-27 18:42:51.714,107.53,0.138058545864,0.0,0
2018-05-27 18:42:51.807,107.01,0.138058545864,0.0,0
2018-05-27 18:42:52.062,106.49,0.138058545864,0.0,0
2018-05-27 18:42:52.155,105.61,0.138058545864,0.0,0
2018-05-27 18:42:52.248,105.87,0.138058545864,0.0,0
2018-05-27 18:42:52.509,105.19,0.138058545864,0.0,0
2018-05-27 18:42:52.602,104.72,0.138058545864,0.0,0
2018-05-27 18:42:52.780,103.55,0.138058545864,0.0,0
2018-05-27 18:42:53.481,102.6,0.138058545864,0.0,0
2018-05-27 18:42:53.575,102.12,0.138058545864,0.0,0
2018-05-27 18:42:53.668,102.09,0.138058545864,0.0,0
2018-05-27 18:42:53.761,101.13,0.138058545864,0.0,0
2018-05-27 18:42:54.006,100.91,0.138058545864,0.0,0
2018-05-27 18:42:54.099,101.18,0.138058545864,0.0,0
2018-05-27 18:42:54.370,102.04,0.138058545864,0.0,0
2018-05-27 18:42:54.556,101.59,0.138058545864,0.0,0
2018-05-27 18:42:54.742,102.22,0.138058545864,0.0,0
2018-05-27 18:42:55.090,102.49,0.138058545864,0.0,0
2018-05-27 18:42:55.276,103.77,0.138058545864,0.0,0
2018-05-27 18:42:55.361,103.53,0.138058545864,0.0,0
2018-05-27 18:42:55.453,103.9,0.138058545864,0.0,0
2018-05-27 18:42:55.546,102.85,0.138058545864,0.0,0
2018-05-27 18:42:55.640,102.22,0.138058545864,0.0,0
2018-05-27 18:42:55.733,102.96,0.138058545864,0.0,0
2018-05-27 18:42:55.919,101.36,0.138058545864,0.0,0
2018-05-27 18:42:56.081,101.33,0.138058545864,0.0,0
2018-05-27 18:42:56.174,100.68,0.138058545864,0.0,0
2018-05-27 18:42:56.360,101.03,0.138058545864,0.0,0
2018-05-27 18:42:56.630,99.32,0.138058545864,0.0,0
2018-05-27 18:42:56.817,99.04,0.138058545864,0.0,0
2018-05-27 18:42:56.910,99.28,0.138058545864,0.0,0
2018-05-27 18:42:57.165,98.97,0.138058545864,0.0,0
2018-05-27 18:42:57.258,98.68,0.138058545864,0.0,0
2018-05-27 18:42:57.342,98.74,0.138058545864,0.0,0
2018-05-27 18:42:57.519,98.47,0.138058545864,0.0,0
2018-05-27 18:42:57.705,96.74,0.138058545864,0.0,0
2018-05-27 18:42:57.798,96.64,0.138058545864,0.0,0
2018-05-27 18:42:57.891,96.19,0.138058545864,0.0,0
2018-05-27 18:42:58.053,96.54,0.138058545864,0.0,0
2018-05-27 18:42:58.146,95.55,0.138058545864,0.0,0
2018-05-27 18:42:58.239,94.77,0.138058545864,0.0,0
2018-05-27 18:42:58.426,95.64,0.138058545864,0.0,0
2018-05-27 18:42:58.789,95.02,0.138058545864,0.0,0
2018-05-27 18:42:59.034,93.51,0.138058545864,0.0,0
2018-05-27 18:42:59.379,93.27,0.138058545864,0.0,0
2018-05-27 18:42:59.472,93.14,0.138058545864,0.0,0
2018-05-27 18:42:59.752,92.34,0.138058545864,0.0,0
2018-05-27 18:42:59.845,92.0,0.138058545864,0.0,0
2018-05-27 18:43:00.090,91.97,0.138058545864,0.0,0
2018-05-27 18:43:00.183,90.96,0.138058545864,0.0,0
2018-05-27 18:43:00.276,91.44,0.138058545864,0.0,0
2018-05-27 18:43:00.463,90.61,0.138058545864,0.0,0
2018-05-27 18:43:00.742,89.79,0.138058545864,0.0,0
2018-05-27 18:43:00.835,89.29,0.138058545864,0.0,0
2018-05-27 18:43:01.081,89.46,0.138058545864,0.0,0
2018-05-27 18:43:01.267,89.07,0.138058545864,0.0,0
2018-05-27 18:43:01.351,88.68,0.138058545864,0.0,0
2018-05-27 18:43:01.537,88.17,0.138058545864,0.0,0
2018-05-27 18:43:01.630,87.44,0.138058545864,0.0,0
2018-05-27 18:43:01.910,87.08,0.138058545864,0.0,0
2018-05-27 18:43:02.062,87.05,0.138058545864,0.0,0
2018-05-27 18:43:02.155,86.02,0.138058545864,0.0,0
2018-05-27 18:43:02.248,86.0,0.138058545864,0.0,0
2018-05-27 18:43:02.426,85.15,0.138058545864,0.0,0
2018-05-27 18:43:02.519,84.56,0.138058545864,0.0,0
2018-05-27 18:43:02.612,83.21,0.138058545864,0.0,0
2018-05-27 18:43:02.705,82.63,0.138058545864,0.0,0
2018-05-27 18:43:02.799,82.72,0.138058545864,0.0,0
2018-05-27 18:43:02.882,81.8,0.138058545864,0.0,0
2018-05-27 18:43:03.044,80.91,0.138058545864,0.0,0
2018-05-27 18:43:03.137,80.82,0.138058545864,0.0,0
2018-05-27 18:43:03.230,80.75,0.138058545864,0.0,0
2018-05-27 18:43:03.323,79.71,0.138058545864,0.0,0
2018-05-27 18:43:03.416,79.36,0.138058545864,0.0,0
2018-05-27 18:43:03.500,79.23,0.138058545864,0.0,0
2018-05-27 18:43:03.584,78.38,0.138058545864,0.0,0
2018-05-27 18:43:03.668,78.57,0.138058545864,0.0,0
2018-05-27 18:43:03.761,78.75,0.138058545864,0.0,0
2018-05-27 18:43:03.854,78.38,0.138058545864,0.0,0
2018-05-27 18:43:04.016,78.21,0.138058545864,0.0,0
2018-05-27 18:43:04.109,78.14,0.138058545864,0.0,0
2018-05-27 18:43:04.202,77.51,0.138058545864,0.0,0
2018-05-27 18:43:04.295,76.83,0.138058545864,0.0,0
2018-05-27 18:43:04.472,76.66,0.138058545864,0.0,0
2018-05-27 18:43:04.556,77.06,0.138058545864,0.0,0
2018-05-27 18:43:04.649,76.45,0.138058545864,0.0,0
2018-05-27 18:43:04.928,76.01,0.138058545864,0.0,0
2018-05-27 18:43:05.090,75.88,0.138058545864,0.0,0
2018-05-27 18:43:05.183,76.0,0.138058545864,0.0,0
2018-05-27 18:43:05.370,75.49,0.138058545864,0.0,0
2018-05-27 18:43:05.453,74.71,0.138058545864,0.0,0
2018-05-27 18:43:05.547,75.06,0.138058545864,0.0,0
2018-05-27 18:43:05.640,74.83,0.138058545864,0.0,0
2018-05-27 18:43:05.733,74.48,0.138058545864,0.0,0
2018-05-27 18:43:05.826,74.47,0.138058545864,0.0,0
2018-05-27 18:43:05.919,74.08,0.138058545864,0.0,0
2018-05-27 18:43:06.081,74.03,0.138058545864,0.0,0
2018-05-27 18:43:06.174,75.43,0.138058545864,0.0,0
2018-05-27 18:43:06.267,73.51,0.138058545864,0.0,0
2018-05-27 18:43:06.352,73.87,0.138058545864,0.0,0
2018-05-27 18:43:06.537,73.09,0.138058545864,0.0,0
2018-05-27 18:43:06.910,72.54,0.138058545864,0.0,0
2018-05-27 18:43:07.072,72.56,0.138058545864,0.0,0
2018-05-27 18:43:07.165,71.41,0.138058545864,0.0,0
2018-05-27 18:43:07.259,72.18,0.138058545864,0.0,0
2018-05-27 18:43:07.342,71.28,0.138058545864,0.0,0
2018-05-27 18:43:07.425,70.9,0.138058545864,0.0,0
2018-05-27 18:43:07.519,71.66,0.138058545864,0.0,0
2018-05-27 18:43:07.612,71.77,0.138058545864,0.0,0
2018-05-27 18:43:07.789,70.55,0.138058545864,0.0,0
2018-05-27 18:43:07.877,71.84,0.138058545864,0.0,0
2018-05-27 18:43:08.034,71.75,0.138058545864,0.0,0
2018-05-27 18:43:08.109,72.18,0.138058545864,0.0,0
2018-05-27 18:43:08.203,72.39,0.138058545864,0.0,0
2018-05-27 18:43:08.379,73.06,0.138058545864,0.0,0
2018-05-27 18:43:08.463,72.94,0.138058545864,0.0,0
2018-05-27 18:43:08.556,73.72,0.138058545864,0.0,0
2018-05-27 18:43:08.742,74.08,0.138058545864,0.0,0
2018-05-27 18:43:08.835,74.94,0.138058545864,0.0,0
2018-05-27 18:43:08.929,74.36,0.138058545864,0.0,0
2018-05-27 18:43:09.081,75.16,0.138058545864,0.0,0
2018-05-27 18:43:09.267,74.67,0.138058545864,0.0,0
2018-05-27 18:43:09.360,74.86,0.138058545864,0.0,0
2018-05-27 18:43:09.630,75.69,0.138058545864,0.0,0
2018-05-27 18:43:09.901,73.87,0.138058545864,0.0,0
2018-05-27 18:43:10.063,73.74,0.138058545864,0.0,0
2018-05-27 18:43:10.155,73.31,0.138058545864,0.0,0
2018-05-27 18:43:10.249,73.35,0.138058545864,0.0,0
2018-05-27 18:43:10.342,73.38,0.138058545864,0.0,0
2018-05-27 18:43:10.426,73.15,0.138058545864,0.0,0
2018-05-27 18:43:10.519,73.13,0.138058545864,0.0,0
2018-05-27 18:43:10.612,72.3,0.138058545864,0.0,0
2018-05-27 18:43:10.705,73.24,0.138058545864,0.0,0
2018-05-27 18:43:10.789,72.28,0.138058545864,0.0,0
2018-05-27 18:43:10.877,73.09,0.138058545864,0.0,0
2018-05-27 18:43:11.034,72.05,0.138058545864,0.0,0
2018-05-27 18:43:11.118,73.25,0.138058545864,0.0,0
2018-05-27 18:43:11.211,72.18,0.138058545864,0.0,0
2018-05-27 18:43:11.305,73.47,0.138058545864,0.0,0
2018-05-27 18:43:11.482,72.69,0.138058545864,0.0,0
2018-05-27 18:43:11.565,72.58,0.138058545864,0.0,0
2018-05-27 18:43:11.658,71.21,0.138058545864,0.0,0
2018-05-27 18:43:11.752,71.38,0.138058545864,0.0,0
2018-05-27 18:43:11.845,70.5,0.138058545864,0.0,0
2018-05-27 18:43:12.100,68.84,0.138058545864,0.0,0
2018-05-27 18:43:12.193,67.69,0.138058545864,0.0,0
2018-05-27 18:43:12.370,66.44,0.138058545864,0.0,0
2018-05-27 18:43:12.556,64.52,0.138058545864,0.0,0
2018-05-27 18:43:12.742,62.73,0.138058545864,0.0,0
2018-05-27 18:43:12.835,62.05,0.138058545864,0.0,0
2018-05-27 18:43:13.090,59.89,0.138058545864,0.0,0
2018-05-27 18:43:13.183,59.18,0.138058545864,0.0,0
2018-05-27 18:43:13.277,58.72,0.138058545864,0.0,0
2018-05-27 18:43:13.370,57.62,0.138058545864,0.0,0
2018-05-27 18:43:13.547,56.41,0.138058545864,0.0,0
2018-05-27 18:43:13.640,56.45,0.138058545864,0.0,0
2018-05-27 18:43:13.733,55.71,0.12504656064,0.0250000003725,0
2018-05-27 18:43:13.826,55.57,0.112810386877,0.0250000003725,0
2018-05-27 18:43:13.919,55.19,0.101339266172,0.0250000003725,0
2018-05-27 18:43:14.081,54.46,0.0906213267703,0.0250000003725,0
2018-05-27 18:43:14.174,54.56,0.0806434671136,0.0250000003725,0
2018-05-27 18:43:14.267,54.22,0.0713912319113,0.0250000003725,0
2018-05-27 18:43:14.351,53.71,0.0713912319113,0.0,0
2018-05-27 18:43:14.537,52.96,0.0713912319113,0.0,0
2018-05-27 18:43:14.630,52.7,0.0713912319113,0.0,0
2018-05-27 18:43:14.724,52.68,0.0713912319113,0.0,0
2018-05-27 18:43:14.817,52.24,0.0806434671136,0.0,0
2018-05-27 18:43:14.910,52.01,0.0906213267703,0.0,0
2018-05-27 18:43:15.072,52.2,0.101339266172,0.0,0
2018-05-27 18:43:15.165,51.54,0.112810386877,0.0,0
2018-05-27 18:43:15.258,52.39,0.12504656064,0.0,0
2018-05-27 18:43:15.342,52.78,0.138058545864,0.0,0
2018-05-27 18:43:15.435,52.97,0.138058545864,0.0,0
2018-05-27 18:43:15.519,53.43,0.138058545864,0.0,0
2018-05-27 18:43:15.612,54.06,0.138058545864,0.0,0
2018-05-27 18:43:15.705,54.19,0.138058545864,0.0,0
2018-05-27 18:43:15.798,54.23,0.138058545864,0.0,0
2018-05-27 18:43:15.891,54.19,0.138058545864,0.0,0
2018-05-27 18:43:16.053,55.04,0.138058545864,0.0,0
2018-05-27 18:43:16.332,56.54,0.138058545864,0.0,0
2018-05-27 18:43:16.416,57.15,0.138058545864,0.0,0
2018-05-27 18:43:16.509,57.21,0.138058545864,0.0,0
2018-05-27 18:43:16.696,58.0,0.138058545864,0.0,0
2018-05-27 18:43:16.789,58.6,0.138058545864,0.0,0
2018-05-27 18:43:16.877,58.86,0.138058545864,0.0,0
2018-05-27 18:43:17.035,58.72,0.138058545864,0.0,0
2018-05-27 18:43:17.118,59.09,0.138058545864,0.0,0
2018-05-27 18:43:17.295,59.5,0.138058545864,0.0,0
2018-05-27 18:43:17.388,59.26,0.138058545864,0.0,0
2018-05-27 18:43:17.482,58.75,0.138058545864,0.0,0
2018-05-27 18:43:17.575,58.63,0.138058545864,0.0,0
2018-05-27 18:43:17.668,58.37,0.138058545864,0.0,0
2018-05-27 18:43:17.761,58.33,0.138058545864,0.0,0
2018-05-27 18:43:17.854,59.24,0.138058545864,0.0,0
2018-05-27 18:43:18.016,57.99,0.138058545864,0.0,0
2018-05-27 18:43:18.109,57.56,0.138058545864,0.0,0
2018-05-27 18:43:18.202,57.54,0.138058545864,0.0,0
2018-05-27 18:43:18.295,57.28,0.138058545864,0.0,0
2018-05-27 18:43:18.379,57.16,0.138058545864,0.0,0
2018-05-27 18:43:18.472,57.33,0.138058545864,0.0,0
2018-05-27 18:43:18.565,55.96,0.138058545864,0.0,0
2018-05-27 18:43:18.752,58.3,0.138058545864,0.0,0
2018-05-27 18:43:18.845,57.42,0.138058545864,0.0,0
2018-05-27 18:43:19.006,57.9,0.138058545864,0.0,0
2018-05-27 18:43:19.100,58.35,0.138058545864,0.0,0
2018-05-27 18:43:19.193,58.61,0.138058545864,0.0,0
2018-05-27 18:43:19.370,59.26,0.138058545864,0.0,0
2018-05-27 18:43:19.463,58.73,0.138058545864,0.0,0
2018-05-27 18:43:19.649,58.2,0.138058545864,0.0,0
2018-05-27 18:43:19.835,58.4,0.138058545864,0.0,0
2018-05-27 18:43:19.928,59.07,0.138058545864,0.0,0
2018-05-27 18:43:20.091,57.85,0.138058545864,0.0,0
2018-05-27 18:43:20.184,57.69,0.138058545864,0.0,0
2018-05-27 18:43:20.277,57.13,0.138058545864,0.0,0
2018-05-27 18:43:20.360,57.16,0.138058545864,0.0,0
2018-05-27 18:43:20.454,57.93,0.138058545864,0.0,0
2018-05-27 18:43:20.537,57.53,0.138058545864,0.0,0
2018-05-27 18:43:20.724,58.58,0.138058545864,0.0,0
2018-05-27 18:43:20.808,58.77,0.138058545864,0.0,0
2018-05-27 18:43:20.901,59.71,0.138058545864,0.0,0
2018-05-27 18:43:21.063,60.31,0.138058545864,0.0,0
2018-05-27 18:43:21.156,60.41,0.138058545864,0.0,0
2018-05-27 18:43:21.249,60.53,0.138058545864,0.0,0
2018-05-27 18:43:21.333,61.25,0.138058545864,0.0,0
2018-05-27 18:43:21.426,60.95,0.138058545864,0.0,0
2018-05-27 18:43:21.520,61.58,0.138058545864,0.0,0
2018-05-27 18:43:21.612,61.82,0.138058545864,0.0,0
2018-05-27 18:43:21.705,61.14,0.138058545864,0.0,0
2018-05-27 18:43:21.799,61.31,0.138058545864,0.0,0
2018-05-27 18:43:21.891,61.29,0.138058545864,0.0,0
2018-05-27 18:43:22.053,59.91,0.138058545864,0.0,0
2018-05-27 18:43:22.146,59.84,0.138058545864,0.0,0
2018-05-27 18:43:22.239,59.82,0.138058545864,0.0,0
2018-05-27 18:43:22.333,59.39,0.138058545864,0.0,0
2018-05-27 18:43:22.509,58.15,0.138058545864,0.0,0
2018-05-27 18:43:22.603,58.19,0.138058545864,0.0,0
2018-05-27 18:43:22.696,58.41,0.138058545864,0.0,0
2018-05-27 18:43:22.789,57.87,0.138058545864,0.0,0
2018-05-27 18:43:22.877,57.5,0.138058545864,0.0,0
2018-05-27 18:43:23.035,57.25,0.138058545864,0.0,0
2018-05-27 18:43:23.212,57.22,0.138058545864,0.0,0
2018-05-27 18:43:23.295,57.54,0.138058545864,0.0,0
2018-05-27 18:43:23.379,57.87,0.138058545864,0.0,0
2018-05-27 18:43:23.472,58.57,0.138058545864,0.0,0
2018-05-27 18:43:23.565,58.7,0.138058545864,0.0,0
2018-05-27 18:43:23.658,58.6,0.138058545864,0.0,0
2018-05-27 18:43:23.752,58.95,0.138058545864,0.0,0
2018-05-27 18:43:23.845,58.31,0.138058545864,0.0,0
2018-05-27 18:43:24.007,57.65,0.138058545864,0.0,0
2018-05-27 18:43:24.100,56.7,0.138058545864,0.0,0
2018-05-27 18:43:24.277,55.74,0.138058545864,0.0,0
2018-05-27 18:43:24.370,55.78,0.138058545864,0.0,0
2018-05-27 18:43:24.454,55.32,0.138058545864,0.0,0
2018-05-27 18:43:24.547,54.89,0.138058545864,0.0,0
2018-05-27 18:43:24.733,54.72,0.138058545864,0.0,0
2018-05-27 18:43:24.919,53.57,0.138058545864,0.0,0
2018-05-27 18:43:25.165,53.22,0.138058545864,0.0,0
2018-05-27 18:43:25.435,52.97,0.138058545864,0.0,0
2018-05-27 18:43:25.714,52.17,0.138058545864,0.0,0
2018-05-27 18:43:25.902,51.94,0.138058545864,0.0,0
2018-05-27 18:43:26.053,51.77,0.138058545864,0.0,0
2018-05-27 18:43:26.239,52.44,0.138058545864,0.0,0
2018-05-27 18:43:26.323,52.93,0.138058545864,0.0,0
2018-05-27 18:43:26.509,53.54,0.138058545864,0.0,0
2018-05-27 18:43:26.696,54.06,0.138058545864,0.0,0
2018-05-27 18:43:26.873,53.72,0.138058545864,0.0,0
2018-05-27 18:43:27.025,53.79,0.138058545864,0.0,0
2018-05-27 18:43:27.118,53.57,0.138058545864,0.0,0
2018-05-27 18:43:27.202,53.26,0.138058545864,0.0,0
2018-05-27 18:43:27.388,52.58,0.138058545864,0.0,0
2018-05-27 18:43:27.473,52.69,0.138058545864,0.0,0
2018-05-27 18:43:27.556,52.65,0.138058545864,0.0,0
2018-05-27 18:43:27.818,52.01,0.138058545864,0.0,0
2018-05-27 18:43:28.081,51.94,0.138058545864,0.0,0
2018-05-27 18:43:28.267,51.3,0.138058545864,0.0,0
2018-05-27 18:43:28.351,51.57,0.138058545864,0.0,0
2018-05-27 18:43:28.444,51.11,0.138058545864,0.0,0
2018-05-27 18:43:28.724,50.48,0.138058545864,0.0,0
2018-05-27 18:43:28.911,51.46,0.138058545864,0.0,0
2018-05-27 18:43:29.063,51.76,0.138058545864,0.0,0
2018-05-27 18:43:29.156,51.78,0.138058545864,0.0,0
2018-05-27 18:43:29.249,52.54,0.138058545864,0.0,0
2018-05-27 18:43:29.333,52.87,0.138058545864,0.0,0
2018-05-27 18:43:29.426,53.39,0.138058545864,0.0,0
2018-05-27 18:43:29.519,53.62,0.138058545864,0.0,0
2018-05-27 18:43:29.612,54.23,0.138058545864,0.0,0
2018-05-27 18:43:29.789,53.6,0.138058545864,0.0,0
2018-05-27 18:43:30.044,53.47,0.138058545864,0.0,0
2018-05-27 18:43:30.137,53.4,0.138058545864,0.0,0
2018-05-27 18:43:30.230,53.0,0.138058545864,0.0,0
2018-05-27 18:43:30.323,53.08,0.138058545864,0.0,0
2018-05-27 18:43:30.416,52.74,0.138058545864,0.0,0
2018-05-27 18:43:30.603,52.18,0.138058545864,0.0,0
2018-05-27 18:43:30.696,52.17,0.138058545864,0.0,0
2018-05-27 18:43:30.790,52.37,0.138058545864,0.0,0
2018-05-27 18:43:31.025,52.02,0.138058545864,0.0,0
2018-05-27 18:43:31.118,51.69,0.138058545864,0.0,0
2018-05-27 18:43:31.295,50.44,0.138058545864,0.0,0
2018-05-27 18:43:31.556,50.51,0.138058545864,0.0,0
2018-05-27 18:43:31.742,50.27,0.138058545864,0.0,0
2018-05-27 18:43:31.835,49.72,0.138058545864,0.0,0
2018-05-27 18:43:32.090,50.36,0.138058545864,0.0,0
2018-05-27 18:43:32.277,50.9,0.138058545864,0.0,0
2018-05-27 18:43:32.454,52.28,0.138058545864,0.0,0
2018-05-27 18:43:32.547,52.45,0.138058545864,0.0,0
2018-05-27 18:43:32.640,52.28,0.138058545864,0.0,0
2018-05-27 18:43:32.733,53.25,0.138058545864,0.0,0
2018-05-27 18:43:32.826,52.58,0.138058545864,0.0,0
2018-05-27 18:43:32.919,52.79,0.138058545864,0.0,0
2018-05-27 18:43:33.174,52.39,0.138058545864,0.0,0
2018-05-27 18:43:33.267,52.19,0.138058545864,0.0,0
2018-05-27 18:43:33.352,52.19,0.138058545864,0.0,0
2018-05-27 18:43:33.537,51.84,0.138058545864,0.0,0
2018-05-27 18:43:33.724,51.04,0.138058545864,0.0,0
2018-05-27 18:43:33.817,51.26,0.138058545864,0.0,0
2018-05-27 18:43:33.910,51.62,0.138058545864,0.0,0
2018-05-27 18:43:34.165,51.96,0.138058545864,0.0,0
2018-05-27 18:43:34.258,52.4,0.138058545864,0.0,0
2018-05-27 18:43:34.342,52.84,0.138058545864,0.0,0
2018-05-27 18:43:34.621,54.01,0.138058545864,0.0,0
2018-05-27 18:43:34.714,54.58,0.138058545864,0.0,0
2018-05-27 18:43:34.808,54.87,0.138058545864,0.0,0
2018-05-27 18:43:34.901,55.58,0.138058545864,0.0,0
2018-05-27 18:43:35.063,55.86,0.138058545864,0.0,0
2018-05-27 18:43:35.156,55.94,0.138058545864,0.0,0
2018-05-27 18:43:35.249,56.66,0.138058545864,0.0,0
2018-05-27 18:43:35.335,57.3,0.138058545864,0.0,0
2018-05-27 18:43:35.612,58.21,0.138058545864,0.0,0
2018-05-27 18:43:35.705,59.13,0.138058545864,0.0,0
2018-05-27 18:43:35.799,59.68,0.138058545864,0.0,0
2018-05-27 18:43:35.891,59.64,0.138058545864,0.0,0
2018-05-27 18:43:36.053,60.58,0.138058545864,0.0,0
2018-05-27 18:43:36.137,60.66,0.138058545864,0.0,0
2018-05-27 18:43:36.231,61.15,0.138058545864,0.0,0
2018-05-27 18:43:36.323,61.29,0.138058545864,0.0,0
2018-05-27 18:43:36.500,62.33,0.138058545864,0.0,0
2018-05-27 18:43:36.694,63.65,0.138058545864,0.0,0
2018-05-27 18:43:36.863,63.51,0.138058545864,0.0,0
2018-05-27 18:43:37.016,64.97,0.138058545864,0.0,0
2018-05-27 18:43:37.109,65.31,0.138058545864,0.0,0
2018-05-27 18:43:37.202,66.19,0.138058545864,0.0,0
2018-05-27 18:43:37.379,66.74,0.138058545864,0.0,0
2018-05-27 18:43:37.565,67.44,0.138058545864,0.0,0
2018-05-27 18:43:37.752,69.03,0.138058545864,0.0,0
2018-05-27 18:43:37.845,68.88,0.138058545864,0.0,0
2018-05-27 18:43:38.007,70.06,0.138058545864,0.0,0
2018-05-27 18:43:38.100,69.86,0.138058545864,0.0,0
2018-05-27 18:43:38.193,70.94,0.138058545864,0.0,0
2018-05-27 18:43:38.463,71.63,0.138058545864,0.0,0
2018-05-27 18:43:38.649,71.73,0.138058545864,0.0,0
2018-05-27 18:43:38.836,72.91,0.138058545864,0.0,0
2018-05-27 18:43:38.929,72.35,0.138058545864,0.0,0
2018-05-27 18:43:39.277,74.56,0.138058545864,0.0,0
2018-05-27 18:43:39.361,74.34,0.138058545864,0.0,0
2018-05-27 18:43:39.640,74.75,0.138058545864,0.0,0
2018-05-27 18:43:39.733,75.29,0.138058545864,0.0,0
2018-05-27 18:43:39.919,75.87,0.138058545864,0.0,0
2018-05-27 18:43:40.174,76.39,0.138058545864,0.0,0
2018-05-27 18:43:40.267,76.59,0.138058545864,0.0,0
2018-05-27 18:43:40.351,76.73,0.138058545864,0.0,0
2018-05-27 18:43:40.444,76.91,0.138058545864,0.0,0
2018-05-27 18:43:40.631,77.48,0.138058545864,0.0,0
2018-05-27 18:43:40.724,77.77,0.138058545864,0.0,0
2018-05-27 18:43:40.910,77.55,0.138058545864,0.0,0
2018-05-27 18:43:41.165,79.14,0.138058545864,0.0,0
2018-05-27 18:43:41.258,78.99,0.138058545864,0.0,0
2018-05-27 18:43:41.621,80.18,0.138058545864,0.0,0
2018-05-27 18:43:41.714,80.18,0.138058545864,0.0,0
2018-05-27 18:43:41.808,80.79,0.138058545864,0.0,0
2018-05-27 18:43:41.901,81.17,0.138058545864,0.0,0
2018-05-27 18:43:42.156,81.74,0.138058545864,0.0,0
2018-05-27 18:43:42.426,82.51,0.138058545864,0.0,0
2018-05-27 18:43:42.519,82.67,0.138058545864,0.0,0
2018-05-27 18:43:42.799,83.35,0.138058545864,0.0,0
2018-05-27 18:43:42.891,83.68,0.138058545864,0.0,0
2018-05-27 18:43:43.333,84.47,0.138058545864,0.0,0
2018-05-27 18:43:43.705,86.05,0.138058545864,0.0,0
2018-05-27 18:43:43.789,85.39,0.138058545864,0.0,0
2018-05-27 18:43:44.137,86.42,0.138058545864,0.0,0
2018-05-27 18:43:44.323,88.01,0.138058545864,0.0,0
2018-05-27 18:43:44.416,87.82,0.138058545864,0.0,0
2018-05-27 18:43:44.500,87.53,0.138058545864,0.0,0
2018-05-27 18:43:44.584,88.07,0.138058545864,0.0,0
2018-05-27 18:43:44.678,87.83,0.138058545864,0.0,0
2018-05-27 18:43:44.770,88.82,0.138058545864,0.0,0
2018-05-27 18:43:44.863,89.13,0.138058545864,0.0,0
2018-05-27 18:43:45.025,89.21,0.138058545864,0.0,0
2018-05-27 18:43:45.118,89.25,0.138058545864,0.0,0
2018-05-27 18:43:45.305,90.1,0.138058545864,0.0,0
2018-05-27 18:43:45.398,90.01,0.138058545864,0.0,0
2018-05-27 18:43:45.491,89.21,0.138058545864,0.0,0
2018-05-27 18:43:45.584,89.3,0.138058545864,0.0,0
2018-05-27 18:43:45.678,89.45,0.138058545864,0.0,0
2018-05-27 18:43:46.109,89.1,0.138058545864,0.0,0
2018-05-27 18:43:46.202,88.43,0.138058545864,0.0,0
2018-05-27 18:43:46.295,88.44,0.138058545864,0.0,0
2018-05-27 18:43:46.389,87.53,0.138058545864,0.0,0
2018-05-27 18:43:46.649,87.5,0.138058545864,0.0,0
2018-05-27 18:43:46.742,87.23,0.138058545864,0.0,0
2018-05-27 18:43:46.836,87.58,0.138058545864,0.0,0
2018-05-27 18:43:46.929,86.41,0.138058545864,0.0,0
2018-05-27 18:43:47.090,87.49,0.138058545864,0.0,0
2018-05-27 18:43:47.184,87.58,0.138058545864,0.0,0
2018-05-27 18:43:47.277,87.83,0.138058545864,0.0,0
2018-05-27 18:43:47.366,88.83,0.138058545864,0.0,0
2018-05-27 18:43:47.454,88.52,0.138058545864,0.0,0
2018-05-27 18:43:47.547,88.94,0.138058545864,0.0,0
2018-05-27 18:43:47.640,89.26,0.138058545864,0.0,0
2018-05-27 18:43:47.733,89.13,0.138058545864,0.0,0
2018-05-27 18:43:47.826,88.86,0.138058545864,0.0,0
2018-05-27 18:43:47.919,89.45,0.138058545864,0.0,0
2018-05-27 18:43:48.081,89.97,0.138058545864,0.0,0
2018-05-27 18:43:48.267,90.49,0.138058545864,0.0,0
2018-05-27 18:43:48.351,90.58,0.138058545864,0.0,0
2018-05-27 18:43:48.444,91.11,0.138058545864,0.0,0
2018-05-27 18:43:48.538,91.6,0.138058545864,0.0,0
2018-05-27 18:43:48.631,92.3,0.138058545864,0.0,0
2018-05-27 18:43:48.724,92.53,0.138058545864,0.0,0
2018-05-27 18:43:48.817,92.8,0.138058545864,0.0,0
2018-05-27 18:43:48.910,93.04,0.138058545864,0.0,0
2018-05-27 18:43:49.072,93.48,0.138058545864,0.0,0
2018-05-27 18:43:49.165,94.03,0.138058545864,0.0,0
2018-05-27 18:43:49.258,94.58,0.138058545864,0.0,0
2018-05-27 18:43:49.342,94.57,0.138058545864,0.0,0
2018-05-27 18:43:49.435,94.46,0.138058545864,0.0,0
2018-05-27 18:43:49.621,95.4,0.138058545864,0.0,0
2018-05-27 18:43:49.714,95.97,0.138058545864,0.0,0
2018-05-27 18:43:49.808,95.74,0.138058545864,0.0,0
2018-05-27 18:43:49.901,96.06,0.138058545864,0.0,0
2018-05-27 18:43:50.063,95.42,0.138058545864,0.0,0
2018-05-27 18:43:50.156,95.29,0.138058545864,0.0,0
2018-05-27 18:43:50.249,95.85,0.138058545864,0.0,0
2018-05-27 18:43:50.333,95.09,0.138058545864,0.0,0
2018-05-27 18:43:50.426,94.25,0.138058545864,0.0,0
2018-05-27 18:43:50.519,94.72,0.138058545864,0.0,0
2018-05-27 18:43:50.612,94.78,0.138058545864,0.0,0
2018-05-27 18:43:50.705,93.79,0.138058545864,0.0,0
2018-05-27 18:43:50.798,93.69,0.138058545864,0.0,0
2018-05-27 18:43:50.891,93.23,0.138058545864,0.0,0
2018-05-27 18:43:51.053,93.15,0.138058545864,0.0,0
2018-05-27 18:43:51.146,93.19,0.138058545864,0.0,0
2018-05-27 18:43:51.240,92.87,0.138058545864,0.0,0
2018-05-27 18:43:51.333,92.5,0.138058545864,0.0,0
2018-05-27 18:43:51.417,91.25,0.138058545864,0.0,0
2018-05-27 18:43:51.510,91.29,0.138058545864,0.0,0
2018-05-27 18:43:51.603,90.95,0.138058545864,0.0,0
2018-05-27 18:43:51.697,91.46,0.138058545864,0.0,0
2018-05-27 18:43:51.789,92.3,0.138058545864,0.0,0
2018-05-27 18:43:51.877,92.75,0.138058545864,0.0,0
2018-05-27 18:43:52.035,93.26,0.138058545864,0.0,0
2018-05-27 18:43:52.212,94.31,0.138058545864,0.0,0
2018-05-27 18:43:52.305,95.02,0.138058545864,0.0,0
2018-05-27 18:43:52.398,95.23,0.138058545864,0.0,0
2018-05-27 18:43:52.575,96.96,0.138058545864,0.0,0
2018-05-27 18:43:52.668,97.25,0.138058545864,0.0,0
2018-05-27 18:43:52.761,98.74,0.138058545864,0.0,0
2018-05-27 18:43:52.854,99.19,0.138058545864,0.0,0
2018-05-27 18:43:53.110,99.53,0.138058545864,0.0,0
2018-05-27 18:43:53.193,100.54,0.138058545864,0.0,0
2018-05-27 18:43:53.286,100.8,0.138058545864,0.0,0
2018-05-27 18:43:53.463,103.35,0.138058545864,0.0,0
2018-05-27 18:43:53.556,103.93,0.138058545864,0.0,0
2018-05-27 18:43:53.649,103.49,0.138058545864,0.0,0
2018-05-27 18:43:53.742,105.24,0.138058545864,0.0,0
2018-05-27 18:43:53.920,105.69,0.138058545864,0.0,0
2018-05-27 18:43:54.091,105.6,0.138058545864,0.0,0
2018-05-27 18:43:54.189,105.4,0.138058545864,0.0,0
2018-05-27 18:43:54.277,105.88,0.138058545864,0.0,0
2018-05-27 18:43:54.463,104.78,0.138058545864,0.0,0
2018-05-27 18:43:54.733,104.31,0.138058545864,0.0,0
2018-05-27 18:43:54.826,103.35,0.138058545864,0.0,0
2018-05-27 18:43:55.081,103.01,0.138058545864,0.0,0
2018-05-27 18:43:55.268,102.6,0.138058545864,0.0,0
2018-05-27 18:43:55.361,102.1,0.138058545864,0.0,0
2018-05-27 18:43:55.808,101.03,0.138058545864,0.0,0
2018-05-27 18:43:55.901,100.91,0.138058545864,0.0,0
2018-05-27 18:43:56.249,98.86,0.138058545864,0.0,0
2018-05-27 18:43:56.426,98.86,0.138058545864,0.0,0
2018-05-27 18:43:56.603,98.16,0.138058545864,0.0,0
2018-05-27 18:43:56.696,97.87,0.138058545864,0.0,0
2018-05-27 18:43:56.789,97.35,0.138058545864,0.0,0
2018-05-27 18:43:56.882,97.71,0.138058545864,0.0,0
2018-05-27 18:43:57.044,97.63,0.138058545864,0.0,0
2018-05-27 18:43:57.593,97.77,0.138058545864,0.0,0
2018-05-27 18:43:57.677,97.79,0.138058545864,0.0,0
2018-05-27 18:43:57.864,97.76,0.138058545864,0.0,0
2018-05-27 18:43:58.119,99.03,0.138058545864,0.0,0
2018-05-27 18:43:58.212,99.07,0.138058545864,0.0,0
2018-05-27 18:43:58.389,100.16,0.138058545864,0.0,0
2018-05-27 18:43:58.482,99.95,0.138058545864,0.0,0
2018-05-27 18:43:58.761,99.59,0.138058545864,0.0,0
2018-05-27 18:43:58.855,101.33,0.138058545864,0.0,0
2018-05-27 18:43:59.016,101.49,0.138058545864,0.0,0
2018-05-27 18:43:59.109,101.49,0.138058545864,0.0,0
2018-05-27 18:43:59.202,101.53,0.138058545864,0.0,0
2018-05-27 18:43:59.380,100.94,0.138058545864,0.0,0
2018-05-27 18:43:59.472,100.57,0.138058545864,0.0,0
2018-05-27 18:43:59.659,100.72,0.138058545864,0.0,0
2018-05-27 18:43:59.752,99.68,0.138058545864,0.0,0
2018-05-27 18:43:59.845,99.87,0.138058545864,0.0,0
2018-05-27 18:44:00.100,98.06,0.138058545864,0.0,0
2018-05-27 18:44:00.286,98.69,0.138058545864,0.0,0
2018-05-27 18:44:00.370,98.73,0.138058545864,0.0,0
2018-05-27 18:44:00.463,98.32,0.138058545864,0.0,0
2018-05-27 18:44:00.556,98.05,0.138058545864,0.0,0
2018-05-27 18:44:00.649,97.84,0.138058545864,0.0,0
2018-05-27 18:44:00.743,96.72,0.138058545864,0.0,0
2018-05-27 18:44:00.836,96.72,0.138058545864,0.0,0
2018-05-27 18:44:00.919,95.99,0.138058545864,0.0,0
2018-05-27 18:44:01.091,95.95,0.138058545864,0.0,0
2018-05-27 18:44:01.351,95.46,0.138058545864,0.0,0
2018-05-27 18:44:01.445,95.2,0.138058545864,0.0,0
2018-05-27 18:44:01.538,95.8,0.138058545864,0.0,0
2018-05-27 18:44:01.696,96.29,0.138058545864,0.0,0
2018-05-27 18:44:01.808,96.2,0.138058545864,0.0,0
2018-05-27 18:44:01.901,95.83,0.138058545864,0.0,0
2018-05-27 18:44:02.063,95.42,0.138058545864,0.0,0
2018-05-27 18:44:02.156,96.28,0.138058545864,0.0,0
2018-05-27 18:44:02.249,96.78,0.138058545864,0.0,0
2018-05-27 18:44:02.426,96.8,0.138058545864,0.0,0
2018-05-27 18:44:02.519,97.9,0.138058545864,0.0,0
2018-05-27 18:44:02.696,98.38,0.138058545864,0.0,0
2018-05-27 18:44:02.789,99.59,0.138058545864,0.0,0
2018-05-27 18:44:02.877,99.18,0.138058545864,0.0,0
2018-05-27 18:44:03.119,100.57,0.138058545864,0.0,0
2018-05-27 18:44:03.212,100.56,0.138058545864,0.0,0
2018-05-27 18:44:03.389,100.42,0.138058545864,0.0,0
2018-05-27 18:44:03.482,101.5,0.138058545864,0.0,0
2018-05-27 18:44:03.575,101.63,0.138058545864,0.0,0
2018-05-27 18:44:03.668,102.04,0.138058545864,0.0,0
2018-05-27 18:44:03.761,102.32,0.138058545864,0.0,0
2018-05-27 18:44:03.854,100.67,0.138058545864,0.0,0
2018-05-27 18:44:04.016,101.03,0.138058545864,0.0,0
2018-05-27 18:44:04.109,99.91,0.138058545864,0.0,0
2018-05-27 18:44:04.389,100.57,0.138058545864,0.0,0
2018-05-27 18:44:04.566,98.93,0.138058545864,0.0,0
2018-05-27 18:44:04.752,98.61,0.138058545864,0.0,0
2018-05-27 18:44:04.845,98.59,0.138058545864,0.0,0
2018-05-27 18:44:05.193,98.5,0.138058545864,0.0,0
2018-05-27 18:44:05.371,97.89,0.138058545864,0.0,0
2018-05-27 18:44:05.463,96.85,0.138058545864,0.0,0
2018-05-27 18:44:05.649,95.23,0.138058545864,0.0,0
2018-05-27 18:44:05.743,96.13,0.138058545864,0.0,0
2018-05-27 18:44:05.836,95.25,0.138058545864,0.0,0
2018-05-27 18:44:05.929,95.34,0.138058545864,0.0,0
2018-05-27 18:44:06.184,94.24,0.138058545864,0.0,0
2018-05-27 18:44:06.277,93.65,0.138058545864,0.0,0
2018-05-27 18:44:06.370,93.13,0.138058545864,0.0,0
2018-05-27 18:44:06.454,93.43,0.138058545864,0.0,0
2018-05-27 18:44:06.547,93.9,0.138058545864,0.0,0
2018-05-27 18:44:06.640,93.3,0.138058545864,0.0,0
2018-05-27 18:44:06.733,92.85,0.138058545864,0.0,0
2018-05-27 18:44:06.826,92.5,0.138058545864,0.0,0
2018-05-27 18:44:06.919,92.27,0.138058545864,0.0,0
2018-05-27 18:44:07.174,91.78,0.138058545864,0.0,0
2018-05-27 18:44:07.268,91.1,0.138058545864,0.0,0
2018-05-27 18:44:07.444,91.05,0.138058545864,0.0,0
2018-05-27 18:44:07.538,91.13,0.138058545864,0.0,0
2018-05-27 18:44:07.631,90.34,0.138058545864,0.0,0
2018-05-27 18:44:07.724,90.33,0.138058545864,0.0,0
2018-05-27 18:44:07.817,90.38,0.138058545864,0.0,0
2018-05-27 18:44:08.165,88.94,0.138058545864,0.0,0
2018-05-27 18:44:08.258,88.48,0.138058545864,0.0,0
2018-05-27 18:44:08.351,88.37,0.138058545864,0.0,0
2018-05-27 18:44:08.435,88.2,0.138058545864,0.0,0
2018-05-27 18:44:08.528,87.34,0.138058545864,0.0,0
2018-05-27 18:44:08.715,88.52,0.138058545864,0.0,0
2018-05-27 18:44:09.063,88.59,0.138058545864,0.0,0
2018-05-27 18:44:09.342,89.04,0.138058545864,0.0,0
2018-05-27 18:44:09.426,88.81,0.138058545864,0.0,0
2018-05-27 18:44:09.519,89.08,0.138058545864,0.0,0
2018-05-27 18:44:09.892,90.92,0.138058545864,0.0,0
2018-05-27 18:44:10.240,90.73,0.138058545864,0.0,0
2018-05-27 18:44:10.510,89.64,0.138058545864,0.0,0
2018-05-27 18:44:10.696,89.23,0.138058545864,0.0,0
2018-05-27 18:44:10.882,88.76,0.138058545864,0.0,0
2018-05-27 18:44:11.137,88.28,0.138058545864,0.0,0
2018-05-27 18:44:11.230,87.96,0.138058545864,0.0,0
2018-05-27 18:44:11.323,87.1,0.138058545864,0.0,0
2018-05-27 18:44:11.414,86.85,0.138058545864,0.0,0
2018-05-27 18:44:11.500,87.09,0.138058545864,0.0,0
2018-05-27 18:44:11.584,87.36,0.138058545864,0.0,0
2018-05-27 18:44:11.677,86.47,0.138058545864,0.0,0
2018-05-27 18:44:12.389,85.27,0.138058545864,0.0,0
2018-05-27 18:44:12.575,85.41,0.138058545864,0.0,0
2018-05-27 18:44:12.761,86.45,0.138058545864,0.0,0
2018-05-27 18:44:13.016,86.68,0.138058545864,0.0,0
2018-05-27 18:44:13.296,86.59,0.138058545864,0.0,0
2018-05-27 18:44:13.380,87.25,0.138058545864,0.0,0
2018-05-27 18:44:13.472,87.24,0.138058545864,0.0,0
2018-05-27 18:44:13.566,87.62,0.138058545864,0.0,0
2018-05-27 18:44:13.659,87.65,0.138058545864,0.0,0
2018-05-27 18:44:13.845,87.42,0.138058545864,0.0,0
2018-05-27 18:44:14.007,87.87,0.138058545864,0.0,0
2018-05-27 18:44:14.091,88.94,0.138058545864,0.0,0
2018-05-27 18:44:14.258,88.56,0.138058545864,0.0,0
2018-05-27 18:44:14.351,88.62,0.138058545864,0.0,0
2018-05-27 18:44:14.444,88.94,0.138058545864,0.0,0
2018-05-27 18:44:14.519,89.5,0.138058545864,0.0,0
2018-05-27 18:44:14.612,89.07,0.138058545864,0.0,0
2018-05-27 18:44:14.705,89.64,0.138058545864,0.0,0
2018-05-27 18:44:14.799,88.92,0.138058545864,0.0,0
2018-05-27 18:44:14.892,89.51,0.138058545864,0.0,0
2018-05-27 18:44:15.053,90.1,0.138058545864,0.0,0
2018-05-27 18:44:15.156,90.52,0.138058545864,0.0,0
2018-05-27 18:44:15.249,90.26,0.138058545864,0.0,0
2018-05-27 18:44:15.351,90.67,0.138058545864,0.0,0
2018-05-27 18:44:15.537,91.48,0.138058545864,0.0,0
2018-05-27 18:44:15.622,91.97,0.138058545864,0.0,0
2018-05-27 18:44:15.715,92.45,0.138058545864,0.0,0
2018-05-27 18:44:15.808,92.94,0.138058545864,0.0,0
2018-05-27 18:44:16.063,93.38,0.138058545864,0.0,0
2018-05-27 18:44:16.156,93.64,0.138058545864,0.0,0
2018-05-27 18:44:16.249,94.05,0.138058545864,0.0,0
2018-05-27 18:44:16.334,94.41,0.138058545864,0.0,0
2018-05-27 18:44:16.510,95.93,0.138058545864,0.0,0
2018-05-27 18:44:16.603,95.83,0.138058545864,0.0,0
2018-05-27 18:44:16.789,96.07,0.138058545864,0.0,0
2018-05-27 18:44:16.878,96.39,0.138058545864,0.0,0
2018-05-27 18:44:17.119,95.86,0.138058545864,0.0,0
2018-05-27 18:44:17.202,95.42,0.138058545864,0.0,0
2018-05-27 18:44:17.296,95.58,0.138058545864,0.0,0
2018-05-27 18:44:17.389,94.98,0.138058545864,0.0,0
2018-05-27 18:44:17.566,94.21,0.138058545864,0.0,0
2018-05-27 18:44:17.659,94.32,0.138058545864,0.0,0
2018-05-27 18:44:17.752,93.96,0.138058545864,0.0,0
2018-05-27 18:44:17.845,93.47,0.138058545864,0.0,0
2018-05-27 18:44:18.007,93.26,0.138058545864,0.0,0
2018-05-27 18:44:18.101,92.86,0.138058545864,0.0,0
2018-05-27 18:44:18.277,92.1,0.138058545864,0.0,0
2018-05-27 18:44:18.370,92.45,0.138058545864,0.0,0
2018-05-27 18:44:18.454,92.3,0.138058545864,0.0,0
2018-05-27 18:44:18.547,92.4,0.138058545864,0.0,0
2018-05-27 18:44:18.640,92.28,0.138058545864,0.0,0
2018-05-27 18:44:18.733,92.16,0.138058545864,0.0,0
2018-05-27 18:44:18.826,92.15,0.138058545864,0.0,0
2018-05-27 18:44:19.072,92.71,0.138058545864,0.0,0
2018-05-27 18:44:19.165,92.87,0.138058545864,0.0,0
2018-05-27 18:44:19.258,93.0,0.138058545864,0.0,0
2018-05-27 18:44:19.351,93.1,0.138058545864,0.0,0
2018-05-27 18:44:19.528,92.71,0.138058545864,0.0,0
2018-05-27 18:44:19.622,92.7,0.138058545864,0.0,0
2018-05-27 18:44:19.809,91.95,0.138058545864,0.0,0
2018-05-27 18:44:19.892,91.72,0.138058545864,0.0,0
2018-05-27 18:44:20.053,91.77,0.138058545864,0.0,0
2018-05-27 18:44:20.147,91.55,0.138058545864,0.0,0
2018-05-27 18:44:20.240,90.32,0.138058545864,0.0,0
2018-05-27 18:44:20.333,90.82,0.138058545864,0.0,0
2018-05-27 18:44:20.426,90.88,0.138058545864,0.0,0
2018-05-27 18:44:20.519,90.04,0.138058545864,0.0,0
2018-05-27 18:44:20.705,89.86,0.138058545864,0.0,0
2018-05-27 18:44:20.882,89.09,0.138058545864,0.0,0
2018-05-27 18:44:21.137,88.22,0.138058545864,0.0,0
2018-05-27 18:44:21.417,87.93,0.138058545864,0.0,0
2018-05-27 18:44:21.501,87.82,0.138058545864,0.0,0
2018-05-27 18:44:21.584,86.58,0.138058545864,0.0,0
2018-05-27 18:44:21.771,86.33,0.138058545864,0.0,0
2018-05-27 18:44:22.379,83.59,0.138058545864,0.0,0
2018-05-27 18:44:22.575,82.8,0.138058545864,0.0,0
2018-05-27 18:44:22.678,81.5,0.138058545864,0.0,0
2018-05-27 18:44:22.761,81.58,0.138058545864,0.0,0
2018-05-27 18:44:23.016,81.16,0.138058545864,0.0,0
2018-05-27 18:44:23.109,81.12,0.138058545864,0.0,0
2018-05-27 18:44:23.202,80.95,0.138058545864,0.0,0
2018-05-27 18:44:23.296,81.13,0.138058545864,0.0,0
2018-05-27 18:44:23.389,80.34,0.138058545864,0.0,0
2018-05-27 18:44:23.566,80.41,0.138058545864,0.0,0
2018-05-27 18:44:23.752,79.48,0.138058545864,0.0,0
2018-05-27 18:44:23.845,78.75,0.138058545864,0.0,0
2018-05-27 18:44:24.286,78.64,0.138058545864,0.0,0
2018-05-27 18:44:24.370,78.11,0.138058545864,0.0,0
2018-05-27 18:44:24.463,77.91,0.138058545864,0.0,0
2018-05-27 18:44:24.556,77.27,0.138058545864,0.0,0
2018-05-27 18:44:24.649,77.41,0.138058545864,0.0,0
2018-05-27 18:44:24.836,76.64,0.138058545864,0.0,0
2018-05-27 18:44:24.929,76.65,0.138058545864,0.0,0
2018-05-27 18:44:25.184,76.39,0.138058545864,0.0,0
2018-05-27 18:44:25.538,75.9,0.138058545864,0.0,0
2018-05-27 18:44:26.342,74.66,0.138058545864,0.0,0
2018-05-27 18:44:26.435,74.57,0.138058545864,0.0,0
2018-05-27 18:44:26.519,74.71,0.138058545864,0.0,0
2018-05-27 18:44:26.705,75.08,0.138058545864,0.0,0
2018-05-27 18:44:26.882,74.38,0.138058545864,0.0,0
2018-05-27 18:44:27.044,74.25,0.138058545864,0.0,0
2018-05-27 18:44:27.137,73.9,0.138058545864,0.0,0
2018-05-27 18:44:27.573,73.61,0.138058545864,0.0,0
2018-05-27 18:44:27.752,74.11,0.138058545864,0.0,0
2018-05-27 18:44:27.845,74.31,0.138058545864,0.0,0
2018-05-27 18:44:28.007,74.66,0.138058545864,0.0,0
2018-05-27 18:44:28.100,74.74,0.138058545864,0.0,0
2018-05-27 18:44:28.370,75.35,0.138058545864,0.0,0
2018-05-27 18:44:28.547,75.82,0.138058545864,0.0,0
2018-05-27 18:44:28.640,76.0,0.138058545864,0.0,0
2018-05-27 18:44:28.733,76.32,0.138058545864,0.0,0
2018-05-27 18:44:28.920,76.95,0.138058545864,0.0,0
2018-05-27 18:44:29.268,77.08,0.138058545864,0.0,0
2018-05-27 18:44:29.631,78.35,0.138058545864,0.0,0
2018-05-27 18:44:29.724,78.62,0.138058545864,0.0,0
2018-05-27 18:44:29.817,79.16,0.138058545864,0.0,0
2018-05-27 18:44:29.910,79.05,0.138058545864,0.0,0
2018-05-27 18:44:30.072,78.93,0.138058545864,0.0,0
2018-05-27 18:44:30.165,79.03,0.138058545864,0.0,0
2018-05-27 18:44:30.258,80.0,0.138058545864,0.0,0
2018-05-27 18:44:30.342,79.55,0.138058545864,0.0,0
2018-05-27 18:44:30.435,80.07,0.138058545864,0.0,0
2018-05-27 18:44:30.528,80.64,0.138058545864,0.0,0
2018-05-27 18:44:30.808,81.11,0.138058545864,0.0,0
2018-05-27 18:44:30.901,81.61,0.138058545864,0.0,0
2018-05-27 18:44:31.063,80.95,0.138058545864,0.0,0
2018-05-27 18:44:31.156,81.68,0.138058545864,0.0,0
2018-05-27 18:44:31.249,81.81,0.138058545864,0.0,0
2018-05-27 18:44:31.333,82.14,0.138058545864,0.0,0
2018-05-27 18:44:31.426,82.33,0.138058545864,0.0,0
2018-05-27 18:44:31.519,81.93,0.138058545864,0.0,0
2018-05-27 18:44:31.705,83.26,0.138058545864,0.0,0
2018-05-27 18:44:31.799,82.74,0.138058545864,0.0,0
2018-05-27 18:44:31.892,83.21,0.138058545864,0.0,0
2018-05-27 18:44:32.053,83.19,0.138058545864,0.0,0
2018-05-27 18:44:32.147,84.63,0.138058545864,0.0,0
2018-05-27 18:44:32.696,86.31,0.138058545864,0.0,0
2018-05-27 18:44:32.789,86.34,0.138058545864,0.0,0
2018-05-27 18:44:32.878,86.2,0.138058545864,0.0,0
2018-05-27 18:44:33.035,86.23,0.138058545864,0.0,0
2018-05-27 18:44:33.119,87.08,0.138058545864,0.0,0
2018-05-27 18:44:33.213,87.87,0.138058545864,0.0,0
2018-05-27 18:44:33.389,87.6,0.138058545864,0.0,0
2018-05-27 18:44:33.566,88.79,0.138058545864,0.0,0
2018-05-27 18:44:33.659,88.51,0.138058545864,0.0,0
2018-05-27 18:44:33.752,88.92,0.138058545864,0.0,0
2018-05-27 18:44:34.007,88.98,0.138058545864,0.0,0
2018-05-27 18:44:34.100,88.86,0.138058545864,0.0,0
2018-05-27 18:44:34.184,89.18,0.138058545864,0.0,0
2018-05-27 18:44:34.361,90.06,0.138058545864,0.0,0
2018-05-27 18:44:34.454,89.76,0.138058545864,0.0,0
2018-05-27 18:44:34.547,90.27,0.138058545864,0.0,0
2018-05-27 18:44:34.640,90.54,0.138058545864,0.0,0
2018-05-27 18:44:34.734,90.61,0.138058545864,0.0,0
2018-05-27 18:44:34.812,90.16,0.138058545864,0.0,0
2018-05-27 18:44:35.082,90.21,0.138058545864,0.0,0
2018-05-27 18:44:35.268,90.94,0.138058545864,0.0,0
2018-05-27 18:44:35.354,91.33,0.138058545864,0.0,0
2018-05-27 18:44:35.538,91.22,0.138058545864,0.0,0
2018-05-27 18:44:35.622,92.53,0.138058545864,0.0,0
2018-05-27 18:44:35.715,92.71,0.138058545864,0.0,0
2018-05-27 18:44:35.790,92.66,0.138058545864,0.0,0
2018-05-27 18:44:35.886,92.99,0.138058545864,0.0,0
2018-05-27 18:44:36.044,93.36,0.138058545864,0.0,0
2018-05-27 18:44:36.240,93.72,0.138058545864,0.0,0
2018-05-27 18:44:36.417,93.74,0.138058545864,0.0,0
2018-05-27 18:44:36.506,93.95,0.138058545864,0.0,0
2018-05-27 18:44:36.603,94.99,0.138058545864,0.0,0
2018-05-27 18:44:36.687,94.81,0.138058545864,0.0,0
2018-05-27 18:44:36.771,94.8,0.138058545864,0.0,0
2018-05-27 18:44:37.026,94.52,0.138058545864,0.0,0
2018-05-27 18:44:37.119,95.83,0.138058545864,0.0,0
2018-05-27 18:44:37.203,95.33,0.138058545864,0.0,0
2018-05-27 18:44:37.296,95.15,0.138058545864,0.0,0
2018-05-27 18:44:37.566,96.58,0.138058545864,0.0,0
2018-05-27 18:44:37.659,97.29,0.138058545864,0.0,0
2018-05-27 18:44:37.752,97.43,0.138058545864,0.0,0
2018-05-27 18:44:37.845,97.37,0.138058545864,0.0,0
2018-05-27 18:44:38.007,97.9,0.138058545864,0.0,0
2018-05-27 18:44:38.277,98.45,0.138058545864,0.0,0
2018-05-27 18:44:38.370,97.69,0.138058545864,0.0,0
2018-05-27 18:44:38.454,97.9,0.138058545864,0.0,0
2018-05-27 18:44:38.640,97.26,0.138058545864,0.0,0
2018-05-27 18:44:38.733,97.16,0.138058545864,0.0,0
2018-05-27 18:44:38.827,95.97,0.138058545864,0.0,0
2018-05-27 18:44:39.165,94.93,0.138058545864,0.0,0
2018-05-27 18:44:39.622,95.32,0.138058545864,0.0,0
2018-05-27 18:44:39.715,94.58,0.138058545864,0.0,0
2018-05-27 18:44:40.054,96.3,0.138058545864,0.0,0
2018-05-27 18:44:40.147,96.8,0.138058545864,0.0,0
2018-05-27 18:44:40.240,96.94,0.138058545864,0.0,0
2018-05-27 18:44:40.334,97.85,0.138058545864,0.0,0
2018-05-27 18:44:40.612,98.79,0.138058545864,0.0,0
2018-05-27 18:44:40.789,99.88,0.138058545864,0.0,0
2018-05-27 18:44:40.882,99.75,0.138058545864,0.0,0
2018-05-27 18:44:41.044,100.98,0.138058545864,0.0,0
2018-05-27 18:44:41.137,100.34,0.138058545864,0.0,0
2018-05-27 18:44:41.230,100.39,0.138058545864,0.0,0
2018-05-27 18:44:41.324,98.9,0.138058545864,0.0,0
2018-05-27 18:44:41.417,99.07,0.138058545864,0.0,0
2018-05-27 18:44:41.501,98.92,0.138058545864,0.0,0
2018-05-27 18:44:41.668,98.84,0.138058545864,0.0,0
2018-05-27 18:44:41.761,97.09,0.138058545864,0.0,0
2018-05-27 18:44:42.016,97.55,0.138058545864,0.0,0
2018-05-27 18:44:42.109,96.64,0.138058545864,0.0,0
2018-05-27 18:44:42.389,96.75,0.138058545864,0.0,0
2018-05-27 18:44:42.482,96.58,0.138058545864,0.0,0
2018-05-27 18:44:42.659,96.77,0.138058545864,0.0,0
2018-05-27 18:44:42.845,97.05,0.138058545864,0.0,0
2018-05-27 18:44:43.007,97.0,0.138058545864,0.0,0
2018-05-27 18:44:43.100,96.55,0.138058545864,0.0,0
2018-05-27 18:44:43.193,97.61,0.138058545864,0.0,0
2018-05-27 18:44:43.286,97.59,0.138058545864,0.0,0
2018-05-27 18:44:43.640,99.32,0.138058545864,0.0,0
2018-05-27 18:44:43.733,100.33,0.138058545864,0.0,0
2018-05-27 18:44:43.920,102.29,0.138058545864,0.0,0
2018-05-27 18:44:44.081,101.97,0.138058545864,0.0,0
2018-05-27 18:44:44.175,103.02,0.138058545864,0.0,0
2018-05-27 18:44:44.361,105.22,0.138058545864,0.0,0
2018-05-27 18:44:44.445,105.77,0.138058545864,0.0,0
2018-05-27 18:44:44.724,107.49,0.138058545864,0.0,0
2018-05-27 18:44:44.817,107.31,0.138058545864,0.0,0
2018-05-27 18:44:45.166,109.34,0.138058545864,0.0,0
2018-05-27 18:44:45.258,110.64,0.138058545864,0.0,0
2018-05-27 18:44:45.352,111.74,0.138058545864,0.0,0
2018-05-27 18:44:45.808,111.72,0.138058545864,0.0,0
2018-05-27 18:44:45.901,110.55,0.138058545864,0.0,0
2018-05-27 18:44:46.249,109.75,0.138058545864,0.0,0
2018-05-27 18:44:46.333,109.17,0.138058545864,0.0,0
2018-05-27 18:44:46.612,108.6,0.138058545864,0.0,0
2018-05-27 18:44:46.705,109.3,0.138058545864,0.0,0
2018-05-27 18:44:47.054,107.81,0.138058545864,0.0,0
2018-05-27 18:44:47.147,106.73,0.138058545864,0.0,0
2018-05-27 18:44:47.240,105.65,0.138058545864,0.0,0
2018-05-27 18:44:47.427,105.74,0.138058545864,0.0,0
2018-05-27 18:44:47.510,104.69,0.138058545864,0.0,0
2018-05-27 18:44:47.603,104.91,0.138058545864,0.0,0
2018-05-27 18:44:47.696,105.38,0.138058545864,0.0,0
2018-05-27 18:44:47.878,104.28,0.138058545864,0.0,0
2018-05-27 18:44:48.119,103.75,0.138058545864,0.0,0
2018-05-27 18:44:48.212,102.57,0.138058545864,0.0,0
2018-05-27 18:44:48.398,103.25,0.138058545864,0.0,0
2018-05-27 18:44:48.482,102.65,0.138058545864,0.0,0
2018-05-27 18:44:48.575,101.25,0.138058545864,0.0,0
2018-05-27 18:44:48.668,101.27,0.138058545864,0.0,0
2018-05-27 18:44:48.761,101.17,0.138058545864,0.0,0
2018-05-27 18:44:48.854,101.13,0.138058545864,0.0,0
2018-05-27 18:44:49.016,101.09,0.138058545864,0.0,0
2018-05-27 18:44:49.109,100.55,0.138058545864,0.0,0
2018-05-27 18:44:49.196,100.2,0.138058545864,0.0,0
2018-05-27 18:44:49.286,98.72,0.138058545864,0.0,0
2018-05-27 18:44:49.379,99.17,0.138058545864,0.0,0
2018-05-27 18:44:49.473,98.48,0.138058545864,0.0,0
2018-05-27 18:44:49.668,98.83,0.138058545864,0.0,0
2018-05-27 18:44:49.752,98.58,0.138058545864,0.0,0
2018-05-27 18:44:50.007,97.92,0.138058545864,0.0,0
2018-05-27 18:44:50.190,97.24,0.138058545864,0.0,0
2018-05-27 18:44:50.547,95.84,0.138058545864,0.0,0
2018-05-27 18:44:50.640,95.52,0.138058545864,0.0,0
2018-05-27 18:44:50.733,95.05,0.138058545864,0.0,0
2018-05-27 18:44:51.081,94.13,0.138058545864,0.0,0
2018-05-27 18:44:51.165,93.91,0.138058545864,0.0,0
2018-05-27 18:44:51.258,94.64,0.138058545864,0.0,0
2018-05-27 18:44:51.342,94.47,0.138058545864,0.0,0
2018-05-27 18:44:51.435,94.49,0.138058545864,0.0,0
2018-05-27 18:44:51.622,93.53,0.138058545864,0.0,0
2018-05-27 18:44:51.715,93.46,0.138058545864,0.0,0
2018-05-27 18:44:51.901,93.57,0.138058545864,0.0,0
2018-05-27 18:44:52.240,92.61,0.138058545864,0.0,0
2018-05-27 18:44:52.324,92.29,0.138058545864,0.0,0
2018-05-27 18:44:52.417,92.07,0.138058545864,0.0,0
2018-05-27 18:44:52.510,92.19,0.138058545864,0.0,0
2018-05-27 18:44:52.603,91.73,0.138058545864,0.0,0
2018-05-27 18:44:52.789,91.64,0.138058545864,0.0,0
2018-05-27 18:44:52.878,90.76,0.138058545864,0.0,0
2018-05-27 18:44:53.035,91.67,0.138058545864,0.0,0
2018-05-27 18:44:53.119,91.22,0.138058545864,0.0,0
2018-05-27 18:44:53.212,91.64,0.138058545864,0.0,0
2018-05-27 18:44:53.305,91.48,0.138058545864,0.0,0
2018-05-27 18:44:53.398,91.47,0.138058545864,0.0,0
2018-05-27 18:44:53.482,91.36,0.138058545864,0.0,0
2018-05-27 18:44:53.566,93.01,0.138058545864,0.0,0
2018-05-27 18:44:53.659,93.09,0.138058545864,0.0,0
2018-05-27 18:44:53.845,93.74,0.138058545864,0.0,0
2018-05-27 18:44:54.007,93.9,0.138058545864,0.0,0
2018-05-27 18:44:54.100,93.79,0.138058545864,0.0,0
2018-05-27 18:44:54.193,93.92,0.138058545864,0.0,0
2018-05-27 18:44:54.287,94.13,0.138058545864,0.0,0
2018-05-27 18:44:54.379,94.16,0.138058545864,0.0,0
2018-05-27 18:44:54.463,94.46,0.138058545864,0.0,0
2018-05-27 18:44:54.556,94.89,0.138058545864,0.0,0
2018-05-27 18:44:54.650,95.47,0.138058545864,0.0,0
2018-05-27 18:44:54.743,95.19,0.138058545864,0.0,0
2018-05-27 18:44:54.836,95.35,0.138058545864,0.0,0
2018-05-27 18:44:55.091,94.79,0.138058545864,0.0,0
2018-05-27 18:44:55.184,95.05,0.138058545864,0.0,0
2018-05-27 18:44:55.277,95.86,0.138058545864,0.0,0
2018-05-27 18:44:55.547,95.45,0.138058545864,0.0,0
2018-05-27 18:44:55.640,94.57,0.138058545864,0.0,0
2018-05-27 18:44:55.733,94.04,0.138058545864,0.0,0
2018-05-27 18:44:55.920,93.74,0.138058545864,0.0,0
2018-05-27 18:44:56.081,93.31,0.138058545864,0.0,0
2018-05-27 18:44:56.268,92.52,0.138058545864,0.0,0
2018-05-27 18:44:56.361,92.17,0.138058545864,0.0,0
2018-05-27 18:44:56.445,92.23,0.138058545864,0.0,0
2018-05-27 18:44:56.538,92.43,0.138058545864,0.0,0
2018-05-27 18:44:56.724,91.54,0.138058545864,0.0,0
2018-05-27 18:44:56.818,91.28,0.138058545864,0.0,0
2018-05-27 18:44:56.901,91.73,0.138058545864,0.0,0
2018-05-27 18:44:57.063,91.81,0.138058545864,0.0,0
2018-05-27 18:44:57.156,92.16,0.138058545864,0.0,0
2018-05-27 18:44:57.249,92.67,0.138058545864,0.0,0
2018-05-27 18:44:57.342,92.89,0.138058545864,0.0,0
2018-05-27 18:44:57.426,92.84,0.138058545864,0.0,0
2018-05-27 18:44:57.519,91.89,0.138058545864,0.0,0
2018-05-27 18:44:57.706,91.81,0.138058545864,0.0,0
2018-05-27 18:44:57.789,91.09,0.138058545864,0.0,0
2018-05-27 18:44:58.035,90.18,0.138058545864,0.0,0
2018-05-27 18:44:58.119,91.57,0.138058545864,0.0,0
2018-05-27 18:44:58.305,91.4,0.138058545864,0.0,0
2018-05-27 18:44:58.389,92.25,0.138058545864,0.0,0
2018-05-27 18:44:58.482,91.96,0.138058545864,0.0,0
2018-05-27 18:44:58.575,92.45,0.138058545864,0.0,0
2018-05-27 18:44:58.668,93.09,0.138058545864,0.0,0
2018-05-27 18:44:58.761,94.36,0.138058545864,0.0,0
2018-05-27 18:44:58.850,93.91,0.138058545864,0.0,0
2018-05-27 18:44:59.017,95.38,0.138058545864,0.0,0
2018-05-27 18:44:59.109,95.83,0.138058545864,0.0,0
2018-05-27 18:44:59.296,97.5,0.138058545864,0.0,0
2018-05-27 18:44:59.372,97.43,0.138058545864,0.0,0
2018-05-27 18:44:59.649,99.26,0.138058545864,0.0,0
2018-05-27 18:44:59.743,99.65,0.138058545864,0.0,0
2018-05-27 18:44:59.920,99.54,0.138058545864,0.0,0
2018-05-27 18:45:00.091,100.08,0.138058545864,0.0,0
2018-05-27 18:45:00.184,100.13,0.138058545864,0.0,0
2018-05-27 18:45:00.370,98.69,0.138058545864,0.0,0
2018-05-27 18:45:00.454,98.79,0.138058545864,0.0,0
2018-05-27 18:45:00.547,97.98,0.138058545864,0.0,0
2018-05-27 18:45:00.640,96.9,0.138058545864,0.0,0
2018-05-27 18:45:00.724,97.45,0.138058545864,0.0,0
2018-05-27 18:45:00.817,96.24,0.138058545864,0.0,0
2018-05-27 18:45:00.910,96.34,0.138058545864,0.0,0
2018-05-27 18:45:01.072,95.66,0.138058545864,0.0,0
2018-05-27 18:45:01.258,95.11,0.138058545864,0.0,0
2018-05-27 18:45:01.351,94.52,0.138058545864,0.0,0
2018-05-27 18:45:01.435,94.48,0.138058545864,0.0,0
2018-05-27 18:45:01.529,94.38,0.138058545864,0.0,0
2018-05-27 18:45:01.705,93.63,0.138058545864,0.0,0
2018-05-27 18:45:01.799,93.52,0.138058545864,0.0,0
2018-05-27 18:45:01.892,93.37,0.138058545864,0.0,0
2018-05-27 18:45:02.053,93.11,0.138058545864,0.0,0
2018-05-27 18:45:02.147,92.8,0.138058545864,0.0,0
2018-05-27 18:45:02.240,92.55,0.138058545864,0.0,0
2018-05-27 18:45:02.323,92.5,0.138058545864,0.0,0
2018-05-27 18:45:02.417,91.67,0.138058545864,0.0,0
2018-05-27 18:45:02.500,91.12,0.138058545864,0.0,0
2018-05-27 18:45:02.677,90.6,0.138058545864,0.0,0
2018-05-27 18:45:02.770,89.43,0.138058545864,0.0,0
2018-05-27 18:45:02.864,89.38,0.138058545864,0.0,0
2018-05-27 18:45:03.025,88.59,0.138058545864,0.0,0
2018-05-27 18:45:03.119,88.84,0.138058545864,0.0,0
2018-05-27 18:45:03.212,87.42,0.138058545864,0.0,0
2018-05-27 18:45:03.305,88.24,0.138058545864,0.0,0
2018-05-27 18:45:03.389,87.78,0.138058545864,0.0,0
2018-05-27 18:45:03.575,87.02,0.138058545864,0.0,0
2018-05-27 18:45:03.668,86.35,0.138058545864,0.0,0
2018-05-27 18:45:03.854,85.76,0.138058545864,0.0,0
2018-05-27 18:45:04.016,85.97,0.138058545864,0.0,0
2018-05-27 18:45:04.109,85.3,0.138058545864,0.0,0
2018-05-27 18:45:04.296,84.42,0.138058545864,0.0,0
2018-05-27 18:45:04.379,84.65,0.138058545864,0.0,0
2018-05-27 18:45:04.659,83.14,0.138058545864,0.0,0
2018-05-27 18:45:04.752,82.98,0.138058545864,0.0,0
2018-05-27 18:45:05.007,83.22,0.138058545864,0.0,0
2018-05-27 18:45:05.100,82.24,0.138058545864,0.0,0
2018-05-27 18:45:05.287,82.13,0.138058545864,0.0,0
2018-05-27 18:45:05.463,81.8,0.138058545864,0.0,0
2018-05-27 18:45:05.556,81.02,0.138058545864,0.0,0
2018-05-27 18:45:05.649,80.62,0.138058545864,0.0,0
2018-05-27 18:45:05.836,80.84,0.138058545864,0.0,0
2018-05-27 18:45:05.929,80.13,0.138058545864,0.0,0
2018-05-27 18:45:06.277,79.1,0.138058545864,0.0,0
2018-05-27 18:45:06.361,79.77,0.138058545864,0.0,0
2018-05-27 18:45:06.454,79.62,0.138058545864,0.0,0
2018-05-27 18:45:06.547,79.7,0.138058545864,0.0,0
2018-05-27 18:45:06.640,80.12,0.138058545864,0.0,0
2018-05-27 18:45:06.733,80.43,0.138058545864,0.0,0
2018-05-27 18:45:06.919,80.17,0.138058545864,0.0,0
2018-05-27 18:45:07.174,81.32,0.138058545864,0.0,0
2018-05-27 18:45:07.268,80.87,0.138058545864,0.0,0
2018-05-27 18:45:07.351,81.37,0.138058545864,0.0,0
2018-05-27 18:45:07.538,82.09,0.138058545864,0.0,0
2018-05-27 18:45:07.631,82.32,0.138058545864,0.0,0
2018-05-27 18:45:07.724,82.68,0.138058545864,0.0,0
2018-05-27 18:45:07.817,82.19,0.138058545864,0.0,0
2018-05-27 18:45:08.072,83.68,0.138058545864,0.0,0
2018-05-27 18:45:08.165,83.77,0.138058545864,0.0,0
2018-05-27 18:45:08.258,83.85,0.138058545864,0.0,0
2018-05-27 18:45:08.342,84.03,0.138058545864,0.0,0
2018-05-27 18:45:08.435,84.37,0.138058545864,0.0,0
2018-05-27 18:45:08.528,84.32,0.138058545864,0.0,0
2018-05-27 18:45:08.715,83.67,0.138058545864,0.0,0
2018-05-27 18:45:08.901,83.37,0.138058545864,0.0,0
2018-05-27 18:45:09.156,82.76,0.138058545864,0.0,0
2018-05-27 18:45:09.249,81.8,0.138058545864,0.0,0
2018-05-27 18:45:09.333,82.34,0.138058545864,0.0,0
2018-05-27 18:45:09.426,82.3,0.138058545864,0.0,0
2018-05-27 18:45:09.519,81.43,0.138058545864,0.0,0
2018-05-27 18:45:09.612,81.8,0.138058545864,0.0,0
2018-05-27 18:45:09.705,81.39,0.138058545864,0.0,0
2018-05-27 18:45:09.798,81.21,0.138058545864,0.0,0
2018-05-27 18:45:09.892,80.44,0.138058545864,0.0,0
2018-05-27 18:45:10.053,80.76,0.138058545864,0.0,0
2018-05-27 18:45:10.147,80.44,0.138058545864,0.0,0
2018-05-27 18:45:10.235,80.22,0.138058545864,0.0,0
2018-05-27 18:45:10.407,79.52,0.138058545864,0.0,0
2018-05-27 18:45:11.016,78.37,0.138058545864,0.0,0
2018-05-27 18:45:11.109,78.37,0.138058545864,0.0,0
2018-05-27 18:45:11.202,78.54,0.138058545864,0.0,0
2018-05-27 18:45:11.296,77.95,0.138058545864,0.0,0
2018-05-27 18:45:11.379,77.73,0.138058545864,0.0,0
2018-05-27 18:45:11.472,77.48,0.138058545864,0.0,0
2018-05-27 18:45:11.659,76.9,0.138058545864,0.0,0
2018-05-27 18:45:11.752,76.56,0.138058545864,0.0,0
2018-05-27 18:45:12.100,76.16,0.138058545864,0.0,0
2018-05-27 18:45:12.286,75.32,0.138058545864,0.0,0
2018-05-27 18:45:12.556,74.74,0.138058545864,0.0,0
2018-05-27 18:45:12.836,74.09,0.138058545864,0.0,0
2018-05-27 18:45:12.929,74.11,0.138058545864,0.0,0
2018-05-27 18:45:13.091,73.7,0.138058545864,0.0,0
2018-05-27 18:45:13.184,73.47,0.138058545864,0.0,0
2018-05-27 18:45:13.361,73.11,0.138058545864,0.0,0
2018-05-27 18:45:13.547,72.55,0.138058545864,0.0,0
2018-05-27 18:45:13.640,72.79,0.138058545864,0.0,0
2018-05-27 18:45:13.733,72.58,0.138058545864,0.0,0
2018-05-27 18:45:13.919,71.72,0.138058545864,0.0,0
2018-05-27 18:45:14.081,71.51,0.138058545864,0.0,0
2018-05-27 18:45:14.174,70.99,0.138058545864,0.0,0
2018-05-27 18:45:14.351,70.97,0.138058545864,0.0,0
2018-05-27 18:45:14.444,70.56,0.138058545864,0.0,0
2018-05-27 18:45:14.538,70.54,0.138058545864,0.0,0
2018-05-27 18:45:14.631,70.36,0.138058545864,0.0,0
2018-05-27 18:45:14.724,69.91,0.138058545864,0.0,0
2018-05-27 18:45:14.817,69.83,0.138058545864,0.0,0
2018-05-27 18:45:14.910,70.14,0.138058545864,0.0,0
2018-05-27 18:45:15.072,69.53,0.138058545864,0.0,0
2018-05-27 18:45:15.165,69.77,0.138058545864,0.0,0
2018-05-27 18:45:15.342,68.51,0.138058545864,0.0,0
2018-05-27 18:45:15.435,69.2,0.138058545864,0.0,0
2018-05-27 18:45:15.621,68.49,0.138058545864,0.0,0
2018-05-27 18:45:15.714,67.8,0.138058545864,0.0,0
2018-05-27 18:45:15.901,67.87,0.138058545864,0.0,0
2018-05-27 18:45:16.063,68.02,0.138058545864,0.0,0
2018-05-27 18:45:16.156,67.26,0.138058545864,0.0,0
2018-05-27 18:45:16.249,67.51,0.138058545864,0.0,0
2018-05-27 18:45:16.333,66.75,0.138058545864,0.0,0
2018-05-27 18:45:16.426,67.13,0.138058545864,0.0,0
2018-05-27 18:45:16.519,66.81,0.138058545864,0.0,0
2018-05-27 18:45:16.612,66.28,0.138058545864,0.0,0
2018-05-27 18:45:16.705,66.73,0.138058545864,0.0,0
2018-05-27 18:45:16.798,65.52,0.138058545864,0.0,0
2018-05-27 18:45:17.044,66.22,0.138058545864,0.0,0
2018-05-27 18:45:17.137,65.49,0.138058545864,0.0,0
2018-05-27 18:45:17.221,66.03,0.138058545864,0.0,0
2018-05-27 18:45:17.389,65.36,0.138058545864,0.0,0
2018-05-27 18:45:17.478,64.47,0.138058545864,0.0,0
2018-05-27 18:45:17.640,65.45,0.138058545864,0.0,0
2018-05-27 18:45:17.733,64.88,0.138058545864,0.0,0
2018-05-27 18:45:17.826,65.65,0.138058545864,0.0,0
2018-05-27 18:45:17.919,65.82,0.138058545864,0.0,0
2018-05-27 18:45:18.081,66.26,0.138058545864,0.0,0
2018-05-27 18:45:18.174,66.36,0.138058545864,0.0,0
2018-05-27 18:45:18.268,66.35,0.138058545864,0.0,0
2018-05-27 18:45:18.351,67.03,0.138058545864,0.0,0
2018-05-27 18:45:18.444,67.26,0.138058545864,0.0,0
2018-05-27 18:45:18.631,67.92,0.138058545864,0.0,0
2018-05-27 18:45:18.724,68.1,0.138058545864,0.0,0
2018-05-27 18:45:18.817,67.66,0.138058545864,0.0,0
2018-05-27 18:45:18.910,68.88,0.138058545864,0.0,0
2018-05-27 18:45:19.072,68.76,0.138058545864,0.0,0
2018-05-27 18:45:19.165,69.23,0.138058545864,0.0,0
2018-05-27 18:45:19.258,69.27,0.138058545864,0.0,0
2018-05-27 18:45:19.528,69.67,0.138058545864,0.0,0
2018-05-27 18:45:19.714,70.37,0.138058545864,0.0,0
2018-05-27 18:45:20.063,71.77,0.138058545864,0.0,0
2018-05-27 18:45:20.249,72.0,0.138058545864,0.0,0
2018-05-27 18:45:20.333,72.18,0.138058545864,0.0,0
2018-05-27 18:45:20.426,72.16,0.138058545864,0.0,0
2018-05-27 18:45:20.705,74.45,0.138058545864,0.0,0
2018-05-27 18:45:20.799,74.06,0.138058545864,0.0,0
2018-05-27 18:45:20.891,74.33,0.138058545864,0.0,0
2018-05-27 18:45:21.053,75.55,0.138058545864,0.0,0
2018-05-27 18:45:21.231,75.94,0.138058545864,0.0,0
2018-05-27 18:45:21.314,76.18,0.138058545864,0.0,0
2018-05-27 18:45:21.398,76.36,0.138058545864,0.0,0
2018-05-27 18:45:21.491,76.15,0.138058545864,0.0,0
2018-05-27 18:45:21.863,77.01,0.138058545864,0.0,0
2018-05-27 18:45:22.025,77.63,0.138058545864,0.0,0
2018-05-27 18:45:22.119,77.03,0.138058545864,0.0,0
2018-05-27 18:45:22.202,77.29,0.138058545864,0.0,0
2018-05-27 18:45:22.472,76.58,0.138058545864,0.0,0
2018-05-27 18:45:22.565,76.19,0.138058545864,0.0,0
2018-05-27 18:45:22.659,76.25,0.138058545864,0.0,0
2018-05-27 18:45:22.752,76.18,0.138058545864,0.0,0
2018-05-27 18:45:23.100,75.17,0.138058545864,0.0,0
2018-05-27 18:45:23.286,74.81,0.138058545864,0.0,0
2018-05-27 18:45:23.379,74.6,0.138058545864,0.0,0
2018-05-27 18:45:23.556,74.64,0.138058545864,0.0,0
2018-05-27 18:45:23.929,76.59,0.138058545864,0.0,0
2018-05-27 18:45:24.081,76.57,0.138058545864,0.0,0
2018-05-27 18:45:24.361,77.5,0.138058545864,0.0,0
2018-05-27 18:45:24.444,77.8,0.138058545864,0.0,0
2018-05-27 18:45:24.631,78.13,0.138058545864,0.0,0
2018-05-27 18:45:24.724,77.95,0.138058545864,0.0,0
2018-05-27 18:45:24.910,78.36,0.138058545864,0.0,0
2018-05-27 18:45:25.249,79.9,0.138058545864,0.0,0
2018-05-27 18:45:25.333,80.7,0.138058545864,0.0,0
2018-05-27 18:45:25.612,81.34,0.138058545864,0.0,0
2018-05-27 18:45:26.138,83.44,0.138058545864,0.0,0
2018-05-27 18:45:26.416,85.51,0.138058545864,0.0,0
2018-05-27 18:45:26.789,87.56,0.138058545864,0.0,0
2018-05-27 18:45:27.044,88.39,0.138058545864,0.0,0
2018-05-27 18:45:27.137,89.19,0.138058545864,0.0,0
2018-05-27 18:45:27.603,90.81,0.138058545864,0.0,0
2018-05-27 18:45:27.696,91.06,0.138058545864,0.0,0
2018-05-27 18:45:27.877,91.57,0.138058545864,0.0,0
2018-05-27 18:45:28.035,91.06,0.138058545864,0.0,0
2018-05-27 18:45:28.379,89.97,0.138058545864,0.0,0
2018-05-27 18:45:28.565,89.6,0.138058545864,0.0,0
2018-05-27 18:45:28.659,89.25,0.138058545864,0.0,0
2018-05-27 18:45:28.845,88.48,0.138058545864,0.0,0
2018-05-27 18:45:29.090,88.56,0.138058545864,0.0,0
2018-05-27 18:45:29.184,88.73,0.138058545864,0.0,0
2018-05-27 18:45:29.277,87.85,0.138058545864,0.0,0
2018-05-27 18:45:29.361,87.55,0.138058545864,0.0,0
2018-05-27 18:45:29.454,87.32,0.138058545864,0.0,0
2018-05-27 18:45:29.640,87.16,0.138058545864,0.0,0
2018-05-27 18:45:29.734,86.71,0.138058545864,0.0,0
2018-05-27 18:45:29.826,86.87,0.138058545864,0.0,0
2018-05-27 18:45:30.081,85.62,0.138058545864,0.0,0
2018-05-27 18:45:30.174,85.28,0.138058545864,0.0,0
2018-05-27 18:45:30.267,84.64,0.138058545864,0.0,0
2018-05-27 18:45:30.360,85.24,0.138058545864,0.0,0
2018-05-27 18:45:30.538,84.52,0.138058545864,0.0,0
2018-05-27 18:45:30.624,84.5,0.138058545864,0.0,0
2018-05-27 18:45:30.714,84.5,0.138058545864,0.0,0
2018-05-27 18:45:30.901,83.9,0.138058545864,0.0,0
2018-05-27 18:45:31.063,84.01,0.138058545864,0.0,0
2018-05-27 18:45:31.156,83.77,0.138058545864,0.0,0
2018-05-27 18:45:31.249,84.78,0.138058545864,0.0,0
2018-05-27 18:45:31.342,85.06,0.138058545864,0.0,0
2018-05-27 18:45:31.426,84.85,0.138058545864,0.0,0
2018-05-27 18:45:31.519,85.02,0.138058545864,0.0,0
2018-05-27 18:45:31.603,86.01,0.138058545864,0.0,0
2018-05-27 18:45:31.696,85.98,0.138058545864,0.0,0
2018-05-27 18:45:32.044,86.72,0.138058545864,0.0,0
2018-05-27 18:45:32.137,87.15,0.138058545864,0.0,0
2018-05-27 18:45:32.230,87.45,0.138058545864,0.0,0
2018-05-27 18:45:32.323,87.79,0.138058545864,0.0,0
2018-05-27 18:45:32.416,88.46,0.138058545864,0.0,0
2018-05-27 18:45:32.501,89.18,0.138058545864,0.0,0
2018-05-27 18:45:32.584,88.71,0.138058545864,0.0,0
2018-05-27 18:45:32.677,89.72,0.138058545864,0.0,0
2018-05-27 18:45:32.770,89.75,0.138058545864,0.0,0
2018-05-27 18:45:32.863,90.24,0.138058545864,0.0,0
2018-05-27 18:45:33.025,91.4,0.138058545864,0.0,0
2018-05-27 18:45:33.118,91.47,0.138058545864,0.0,0
2018-05-27 18:45:33.211,91.86,0.138058545864,0.0,0
2018-05-27 18:45:33.305,91.95,0.138058545864,0.0,0
2018-05-27 18:45:33.388,93.07,0.138058545864,0.0,0
2018-05-27 18:45:33.482,93.52,0.138058545864,0.0,0
2018-05-27 18:45:33.575,93.9,0.138058545864,0.0,0
2018-05-27 18:45:33.668,94.81,0.138058545864,0.0,0
2018-05-27 18:45:33.761,94.84,0.138058545864,0.0,0
2018-05-27 18:45:33.854,94.48,0.138058545864,0.0,0
2018-05-27 18:45:34.016,95.53,0.138058545864,0.0,0
2018-05-27 18:45:34.109,95.89,0.138058545864,0.0,0
2018-05-27 18:45:34.202,96.32,0.138058545864,0.0,0
2018-05-27 18:45:34.295,96.7,0.138058545864,0.0,0
2018-05-27 18:45:34.379,97.01,0.138058545864,0.0,0
2018-05-27 18:45:34.472,97.65,0.138058545864,0.0,0
2018-05-27 18:45:34.565,98.41,0.138058545864,0.0,0
2018-05-27 18:45:34.658,98.84,0.138058545864,0.0,0
2018-05-27 18:45:34.845,99.99,0.138058545864,0.0,0
2018-05-27 18:45:35.007,99.48,0.138058545864,0.0,0
2018-05-27 18:45:35.100,100.48,0.138058545864,0.0,0
2018-05-27 18:45:35.193,100.66,0.138058545864,0.0,0
2018-05-27 18:45:35.286,101.29,0.138058545864,0.0,0
2018-05-27 18:45:35.351,101.76,0.138058545864,0.0,0
2018-05-27 18:45:35.556,103.2,0.138058545864,0.0,0
2018-05-27 18:45:35.742,102.87,0.138058545864,0.0,0
2018-05-27 18:45:35.929,105.22,0.138058545864,0.0,0
2018-05-27 18:45:36.090,105.29,0.138058545864,0.0,0
2018-05-27 18:45:36.184,105.9,0.138058545864,0.0,0
2018-05-27 18:45:36.277,106.11,0.138058545864,0.0,0
2018-05-27 18:45:36.454,105.41,0.138058545864,0.0,0
2018-05-27 18:45:36.640,105.18,0.138058545864,0.0,0
2018-05-27 18:45:36.733,104.45,0.138058545864,0.0,0
2018-05-27 18:45:36.826,104.48,0.138058545864,0.0,0
2018-05-27 18:45:36.919,103.29,0.138058545864,0.0,0
2018-05-27 18:45:37.081,103.95,0.138058545864,0.0,0
2018-05-27 18:45:37.174,103.63,0.138058545864,0.0,0
2018-05-27 18:45:37.267,102.85,0.138058545864,0.0,0
2018-05-27 18:45:37.360,102.45,0.138058545864,0.0,0
2018-05-27 18:45:37.444,102.07,0.138058545864,0.0,0
2018-05-27 18:45:37.537,101.8,0.138058545864,0.0,0
2018-05-27 18:45:37.630,101.83,0.138058545864,0.0,0
2018-05-27 18:45:37.724,101.62,0.138058545864,0.0,0
2018-05-27 18:45:37.817,100.64,0.138058545864,0.0,0
2018-05-27 18:45:37.910,100.99,0.138058545864,0.0,0
2018-05-27 18:45:38.072,99.47,0.138058545864,0.0,0
2018-05-27 18:45:38.165,100.81,0.138058545864,0.0,0
2018-05-27 18:45:38.258,100.31,0.138058545864,0.0,0
2018-05-27 18:45:38.342,99.66,0.138058545864,0.0,0
2018-05-27 18:45:38.714,98.0,0.138058545864,0.0,0
2018-05-27 18:45:38.807,97.65,0.138058545864,0.0,0
2018-05-27 18:45:38.901,97.66,0.138058545864,0.0,0
2018-05-27 18:45:39.062,97.32,0.138058545864,0.0,0
2018-05-27 18:45:39.333,96.82,0.138058545864,0.0,0
2018-05-27 18:45:39.612,95.76,0.138058545864,0.0,0
2018-05-27 18:45:39.705,95.41,0.138058545864,0.0,0
2018-05-27 18:45:39.789,95.38,0.138058545864,0.0,0
2018-05-27 18:45:40.044,94.49,0.138058545864,0.0,0
2018-05-27 18:45:40.230,93.78,0.138058545864,0.0,0
2018-05-27 18:45:40.318,93.52,0.138058545864,0.0,0
2018-05-27 18:45:40.584,92.27,0.138058545864,0.0,0
2018-05-27 18:45:40.770,92.43,0.138058545864,0.0,0
2018-05-27 18:45:40.863,92.22,0.138058545864,0.0,0
2018-05-27 18:45:41.025,91.09,0.138058545864,0.0,0
2018-05-27 18:45:41.119,91.15,0.138058545864,0.0,0
2018-05-27 18:45:41.202,90.48,0.138058545864,0.0,0
2018-05-27 18:45:41.295,90.21,0.138058545864,0.0,0
2018-05-27 18:45:41.388,90.65,0.138058545864,0.0,0
2018-05-27 18:45:41.565,90.04,0.138058545864,0.0,0
2018-05-27 18:45:41.752,89.53,0.138058545864,0.0,0
2018-05-27 18:45:41.836,88.36,0.138058545864,0.0,0
2018-05-27 18:45:42.090,88.94,0.138058545864,0.0,0
2018-05-27 18:45:42.174,88.31,0.138058545864,0.0,0
2018-05-27 18:45:42.258,89.46,0.138058545864,0.0,0
2018-05-27 18:45:42.633,90.28,0.138058545864,0.0,0
2018-05-27 18:45:42.730,90.92,0.138058545864,0.0,0
2018-05-27 18:45:42.826,91.91,0.138058545864,0.0,0
2018-05-27 18:45:43.174,92.6,0.138058545864,0.0,0
2018-05-27 18:45:43.258,94.24,0.138058545864,0.0,0
2018-05-27 18:45:43.342,94.86,0.138058545864,0.0,0
2018-05-27 18:45:43.435,94.94,0.138058545864,0.0,0
2018-05-27 18:45:43.528,95.23,0.138058545864,0.0,0
2018-05-27 18:45:43.621,96.57,0.138058545864,0.0,0
2018-05-27 18:45:43.715,97.93,0.138058545864,0.0,0
2018-05-27 18:45:43.798,97.81,0.138058545864,0.0,0
2018-05-27 18:45:43.891,98.95,0.138058545864,0.0,0
2018-05-27 18:45:44.053,99.44,0.138058545864,0.0,0
2018-05-27 18:45:44.146,99.73,0.138058545864,0.0,0
2018-05-27 18:45:44.240,99.08,0.138058545864,0.0,0
2018-05-27 18:45:44.333,99.83,0.138058545864,0.0,0
2018-05-27 18:45:44.426,99.68,0.138058545864,0.0,0
2018-05-27 18:45:44.519,100.23,0.138058545864,0.0,0
2018-05-27 18:45:44.612,99.43,0.138058545864,0.0,0
2018-05-27 18:45:44.798,99.19,0.138058545864,0.0,0
2018-05-27 18:45:44.892,97.99,0.138058545864,0.0,0
2018-05-27 18:45:45.053,97.99,0.138058545864,0.0,0
2018-05-27 18:45:45.146,97.57,0.138058545864,0.0,0
2018-05-27 18:45:45.333,97.53,0.138058545864,0.0,0
2018-05-27 18:45:45.416,96.02,0.138058545864,0.0,0
2018-05-27 18:45:45.509,97.12,0.138058545864,0.0,0
2018-05-27 18:45:45.696,96.26,0.138058545864,0.0,0
2018-05-27 18:45:45.873,95.82,0.138058545864,0.0,0
2018-05-27 18:45:46.025,94.12,0.138058545864,0.0,0
2018-05-27 18:45:46.118,94.5,0.138058545864,0.0,0
2018-05-27 18:45:46.304,93.8,0.138058545864,0.0,0
2018-05-27 18:45:46.481,92.61,0.138058545864,0.0,0
2018-05-27 18:45:46.668,91.98,0.138058545864,0.0,0
2018-05-27 18:45:46.761,91.66,0.138058545864,0.0,0
2018-05-27 18:45:46.854,91.36,0.138058545864,0.0,0
2018-05-27 18:45:47.016,91.51,0.138058545864,0.0,0
2018-05-27 18:45:47.109,91.62,0.138058545864,0.0,0
2018-05-27 18:45:47.202,91.81,0.138058545864,0.0,0
2018-05-27 18:45:47.379,92.79,0.138058545864,0.0,0
2018-05-27 18:45:47.473,93.0,0.138058545864,0.0,0
2018-05-27 18:45:47.556,92.66,0.138058545864,0.0,0
2018-05-27 18:45:47.742,94.15,0.138058545864,0.0,0
2018-05-27 18:45:48.090,95.11,0.138058545864,0.0,0
2018-05-27 18:45:48.277,95.6,0.138058545864,0.0,0
2018-05-27 18:45:48.360,96.67,0.138058545864,0.0,0
2018-05-27 18:45:48.453,96.41,0.138058545864,0.0,0
2018-05-27 18:45:48.547,96.31,0.138058545864,0.0,0
2018-05-27 18:45:48.826,99.76,0.138058545864,0.0,0
2018-05-27 18:45:49.081,99.91,0.138058545864,0.0,0
2018-05-27 18:45:49.267,101.33,0.138058545864,0.0,0
2018-05-27 18:45:49.351,101.0,0.138058545864,0.0,0
2018-05-27 18:45:49.444,102.8,0.138058545864,0.0,0
2018-05-27 18:45:49.537,103.29,0.138058545864,0.0,0
2018-05-27 18:45:49.630,103.22,0.138058545864,0.0,0
2018-05-27 18:45:49.817,104.74,0.138058545864,0.0,0
2018-05-27 18:45:50.072,105.1,0.138058545864,0.0,0
2018-05-27 18:45:50.165,104.51,0.138058545864,0.0,0
2018-05-27 18:45:50.351,104.86,0.138058545864,0.0,0
2018-05-27 18:45:50.435,104.69,0.138058545864,0.0,0
2018-05-27 18:45:50.528,103.83,0.138058545864,0.0,0
2018-05-27 18:45:50.621,103.63,0.138058545864,0.0,0
2018-05-27 18:45:50.807,103.35,0.138058545864,0.0,0
2018-05-27 18:45:50.900,102.84,0.138058545864,0.0,0
2018-05-27 18:45:51.155,101.8,0.138058545864,0.0,0
2018-05-27 18:45:51.334,101.62,0.138058545864,0.0,0
2018-05-27 18:45:51.426,101.58,0.138058545864,0.0,0
2018-05-27 18:45:51.519,100.92,0.138058545864,0.0,0
2018-05-27 18:45:51.891,100.14,0.138058545864,0.0,0
2018-05-27 18:45:52.426,98.87,0.138058545864,0.0,0
2018-05-27 18:45:52.519,99.01,0.138058545864,0.0,0
2018-05-27 18:45:52.705,99.41,0.138058545864,0.0,0
2018-05-27 18:45:52.798,98.97,0.138058545864,0.0,0
2018-05-27 18:45:52.891,99.64,0.138058545864,0.0,0
2018-05-27 18:45:53.053,99.46,0.138058545864,0.0,0
2018-05-27 18:45:53.146,99.83,0.138058545864,0.0,0
2018-05-27 18:45:53.239,100.65,0.138058545864,0.0,0
2018-05-27 18:45:53.333,100.85,0.138058545864,0.0,0
2018-05-27 18:45:53.426,101.29,0.138058545864,0.0,0
2018-05-27 18:45:53.519,101.09,0.138058545864,0.0,0
2018-05-27 18:45:53.612,101.48,0.138058545864,0.0,0
2018-05-27 18:45:53.705,101.58,0.138058545864,0.0,0
2018-05-27 18:45:53.798,102.29,0.138058545864,0.0,0
2018-05-27 18:45:53.891,103.02,0.138058545864,0.0,0
2018-05-27 18:45:54.053,103.67,0.138058545864,0.0,0
2018-05-27 18:45:54.146,103.67,0.138058545864,0.0,0
2018-05-27 18:45:54.239,105.25,0.138058545864,0.0,0
2018-05-27 18:45:54.426,105.24,0.138058545864,0.0,0
2018-05-27 18:45:54.519,105.7,0.138058545864,0.0,0
2018-05-27 18:45:54.696,106.81,0.138058545864,0.0,0
2018-05-27 18:45:55.034,104.31,0.138058545864,0.0,0
2018-05-27 18:45:55.304,104.0,0.138058545864,0.0,0
2018-05-27 18:45:55.388,103.72,0.138058545864,0.0,0
2018-05-27 18:45:55.575,102.25,0.138058545864,0.0,0
2018-05-27 18:45:55.668,102.77,0.138058545864,0.0,0
2018-05-27 18:45:55.761,102.87,0.138058545864,0.0,0
2018-05-27 18:45:55.854,101.92,0.138058545864,0.0,0
2018-05-27 18:45:56.016,101.16,0.138058545864,0.0,0
2018-05-27 18:45:56.109,100.51,0.138058545864,0.0,0
2018-05-27 18:45:56.202,100.75,0.138058545864,0.0,0
2018-05-27 18:45:56.295,100.74,0.138058545864,0.0,0
2018-05-27 18:45:56.472,99.97,0.138058545864,0.0,0
2018-05-27 18:45:56.565,99.22,0.138058545864,0.0,0
2018-05-27 18:45:56.751,99.24,0.138058545864,0.0,0
2018-05-27 18:45:56.845,98.86,0.138058545864,0.0,0
2018-05-27 18:45:57.099,99.71,0.138058545864,0.0,0
2018-05-27 18:45:57.193,99.93,0.138058545864,0.0,0
2018-05-27 18:45:57.286,99.08,0.138058545864,0.0,0
2018-05-27 18:45:57.463,100.05,0.138058545864,0.0,0
2018-05-27 18:45:57.556,100.18,0.138058545864,0.0,0
2018-05-27 18:45:57.650,100.54,0.138058545864,0.0,0
2018-05-27 18:45:57.929,101.29,0.138058545864,0.0,0
2018-05-27 18:45:58.184,102.56,0.138058545864,0.0,0
2018-05-27 18:45:58.277,103.14,0.138058545864,0.0,0
2018-05-27 18:45:58.360,103.69,0.138058545864,0.0,0
2018-05-27 18:45:58.556,104.22,0.138058545864,0.0,0
2018-05-27 18:45:58.649,105.83,0.138058545864,0.0,0
2018-05-27 18:45:58.742,106.21,0.138058545864,0.0,0
2018-05-27 18:45:58.836,106.0,0.138058545864,0.0,0
2018-05-27 18:45:58.928,106.19,0.138058545864,0.0,0
2018-05-27 18:45:59.090,106.47,0.138058545864,0.0,0
2018-05-27 18:45:59.184,105.15,0.138058545864,0.0,0
2018-05-27 18:45:59.277,104.97,0.138058545864,0.0,0
2018-05-27 18:45:59.351,105.38,0.138058545864,0.0,0
2018-05-27 18:45:59.463,105.05,0.138058545864,0.0,0
2018-05-27 18:45:59.556,104.39,0.138058545864,0.0,0
2018-05-27 18:45:59.649,103.5,0.138058545864,0.0,0
2018-05-27 18:45:59.742,104.23,0.138058545864,0.0,0
2018-05-27 18:45:59.835,103.69,0.138058545864,0.0,0
2018-05-27 18:45:59.928,102.11,0.138058545864,0.0,0
2018-05-27 18:46:00.183,102.04,0.138058545864,0.0,0
2018-05-27 18:46:00.277,102.11,0.138058545864,0.0,0
2018-05-27 18:46:00.360,101.64,0.138058545864,0.0,0
2018-05-27 18:46:00.453,101.59,0.138058545864,0.0,0
2018-05-27 18:46:00.546,101.06,0.138058545864,0.0,0
2018-05-27 18:46:00.640,100.1,0.138058545864,0.0,0
2018-05-27 18:46:00.733,99.8,0.138058545864,0.0,0
2018-05-27 18:46:00.826,99.71,0.138058545864,0.0,0
2018-05-27 18:46:00.919,99.76,0.138058545864,0.0,0
2018-05-27 18:46:01.081,99.72,0.138058545864,0.0,0
2018-05-27 18:46:01.351,99.22,0.138058545864,0.0,0
2018-05-27 18:46:01.537,98.82,0.138058545864,0.0,0
2018-05-27 18:46:01.630,99.18,0.138058545864,0.0,0
2018-05-27 18:46:01.723,99.5,0.138058545864,0.0,0
2018-05-27 18:46:01.817,99.55,0.138058545864,0.0,0
2018-05-27 18:46:01.910,99.57,0.138058545864,0.0,0
2018-05-27 18:46:02.071,98.57,0.138058545864,0.0,0
2018-05-27 18:46:02.165,99.42,0.138058545864,0.0,0
2018-05-27 18:46:02.342,100.1,0.138058545864,0.0,0
2018-05-27 18:46:02.528,101.42,0.138058545864,0.0,0
2018-05-27 18:46:02.714,101.26,0.138058545864,0.0,0
2018-05-27 18:46:03.062,103.41,0.138058545864,0.0,0
2018-05-27 18:46:03.155,104.29,0.138058545864,0.0,0
2018-05-27 18:46:03.248,104.38,0.138058545864,0.0,0
2018-05-27 18:46:03.342,104.98,0.138058545864,0.0,0
2018-05-27 18:46:03.425,104.78,0.138058545864,0.0,0
2018-05-27 18:46:03.519,105.25,0.138058545864,0.0,0
2018-05-27 18:46:03.612,103.88,0.138058545864,0.0,0
2018-05-27 18:46:03.705,104.28,0.138058545864,0.0,0
2018-05-27 18:46:03.798,103.56,0.138058545864,0.0,0
2018-05-27 18:46:03.891,103.8,0.138058545864,0.0,0
2018-05-27 18:46:04.053,103.44,0.138058545864,0.0,0
2018-05-27 18:46:04.146,102.56,0.138058545864,0.0,0
2018-05-27 18:46:04.332,102.44,0.138058545864,0.0,0
2018-05-27 18:46:04.416,102.19,0.138058545864,0.0,0
2018-05-27 18:46:04.509,101.96,0.138058545864,0.0,0
2018-05-27 18:46:04.877,99.98,0.138058545864,0.0,0
2018-05-27 18:46:05.034,99.75,0.138058545864,0.0,0
2018-05-27 18:46:05.118,98.92,0.138058545864,0.0,0
2018-05-27 18:46:05.304,99.23,0.138058545864,0.0,0
2018-05-27 18:46:05.481,98.26,0.138058545864,0.0,0
2018-05-27 18:46:05.574,98.62,0.138058545864,0.0,0
2018-05-27 18:46:05.668,97.76,0.138058545864,0.0,0
2018-05-27 18:46:05.761,96.57,0.138058545864,0.0,0
2018-05-27 18:46:06.016,96.13,0.138058545864,0.0,0
2018-05-27 18:46:06.109,96.51,0.138058545864,0.0,0
2018-05-27 18:46:06.193,96.18,0.138058545864,0.0,0
2018-05-27 18:46:06.565,94.19,0.138058545864,0.0,0
2018-05-27 18:46:06.659,94.7,0.138058545864,0.0,0
2018-05-27 18:46:06.742,94.14,0.138058545864,0.0,0
2018-05-27 18:46:06.928,93.65,0.138058545864,0.0,0
2018-05-27 18:46:07.090,93.37,0.138058545864,0.0,0
2018-05-27 18:46:07.174,92.66,0.138058545864,0.0,0
2018-05-27 18:46:07.351,92.38,0.138058545864,0.0,0
2018-05-27 18:46:07.723,91.51,0.138058545864,0.0,0
2018-05-27 18:46:07.816,91.33,0.138058545864,0.0,0
2018-05-27 18:46:08.072,90.26,0.138058545864,0.0,0
2018-05-27 18:46:08.435,88.8,0.138058545864,0.0,0
2018-05-27 18:46:08.528,88.56,0.138058545864,0.0,0
2018-05-27 18:46:08.621,87.97,0.138058545864,0.0,0
2018-05-27 18:46:08.714,88.28,0.138058545864,0.0,0
2018-05-27 18:46:08.807,87.89,0.138058545864,0.0,0
2018-05-27 18:46:08.901,87.97,0.138058545864,0.0,0
2018-05-27 18:46:09.332,86.46,0.138058545864,0.0,0
2018-05-27 18:46:09.425,86.45,0.138058545864,0.0,0
2018-05-27 18:46:09.518,86.34,0.138058545864,0.0,0
2018-05-27 18:46:09.612,85.82,0.138058545864,0.0,0
2018-05-27 18:46:09.705,85.97,0.138058545864,0.0,0
2018-05-27 18:46:09.789,84.88,0.138058545864,0.0,0
2018-05-27 18:46:09.883,84.34,0.138058545864,0.0,0
2018-05-27 18:46:10.039,84.69,0.138058545864,0.0,0
2018-05-27 18:46:10.304,85.21,0.138058545864,0.0,0
2018-05-27 18:46:10.397,85.83,0.138058545864,0.0,0
2018-05-27 18:46:10.574,85.15,0.138058545864,0.0,0
2018-05-27 18:46:10.668,85.32,0.138058545864,0.0,0
2018-05-27 18:46:10.751,85.99,0.138058545864,0.0,0
2018-05-27 18:46:10.844,85.93,0.138058545864,0.0,0
2018-05-27 18:46:11.006,86.53,0.138058545864,0.0,0
2018-05-27 18:46:11.099,86.11,0.138058545864,0.0,0
2018-05-27 18:46:11.286,87.45,0.138058545864,0.0,0
2018-05-27 18:46:11.463,88.17,0.138058545864,0.0,0
2018-05-27 18:46:11.649,88.11,0.138058545864,0.0,0
2018-05-27 18:46:11.742,88.52,0.138058545864,0.0,0
2018-05-27 18:46:11.835,87.99,0.138058545864,0.0,0
2018-05-27 18:46:11.928,88.03,0.138058545864,0.0,0
2018-05-27 18:46:12.090,87.4,0.138058545864,0.0,0
2018-05-27 18:46:12.360,87.3,0.138058545864,0.0,0
2018-05-27 18:46:12.453,87.11,0.138058545864,0.0,0
2018-05-27 18:46:12.546,85.77,0.138058545864,0.0,0
2018-05-27 18:46:12.640,85.44,0.138058545864,0.0,0
2018-05-27 18:46:12.733,85.99,0.138058545864,0.0,0
2018-05-27 18:46:12.919,86.94,0.138058545864,0.0,0
2018-05-27 18:46:13.174,86.43,0.138058545864,0.0,0
2018-05-27 18:46:13.267,85.53,0.138058545864,0.0,0
2018-05-27 18:46:13.352,85.92,0.138058545864,0.0,0
2018-05-27 18:46:13.444,86.25,0.138058545864,0.0,0
2018-05-27 18:46:13.537,86.29,0.138058545864,0.0,0
2018-05-27 18:46:13.630,85.69,0.138058545864,0.0,0
2018-05-27 18:46:13.807,85.19,0.138058545864,0.0,0
2018-05-27 18:46:13.900,85.26,0.138058545864,0.0,0
2018-05-27 18:46:14.053,85.45,0.138058545864,0.0,0
2018-05-27 18:46:14.155,85.7,0.138058545864,0.0,0
2018-05-27 18:46:14.248,85.26,0.138058545864,0.0,0
2018-05-27 18:46:14.341,85.07,0.138058545864,0.0,0
2018-05-27 18:46:14.425,85.14,0.138058545864,0.0,0
2018-05-27 18:46:14.518,86.12,0.138058545864,0.0,0
2018-05-27 18:46:14.612,86.17,0.138058545864,0.0,0
2018-05-27 18:46:14.705,85.89,0.138058545864,0.0,0
2018-05-27 18:46:14.799,85.51,0.138058545864,0.0,0
2018-05-27 18:46:14.891,86.38,0.138058545864,0.0,0
2018-05-27 18:46:15.053,86.35,0.138058545864,0.0,0
2018-05-27 18:46:15.239,87.39,0.138058545864,0.0,0
2018-05-27 18:46:15.332,87.92,0.138058545864,0.0,0
2018-05-27 18:46:15.416,87.2,0.138058545864,0.0,0
2018-05-27 18:46:16.034,88.65,0.138058545864,0.0,0
2018-05-27 18:46:16.397,89.09,0.138058545864,0.0,0
2018-05-27 18:46:16.481,90.26,0.138058545864,0.0,0
2018-05-27 18:46:16.574,90.18,0.138058545864,0.0,0
2018-05-27 18:46:16.667,90.79,0.138058545864,0.0,0
2018-05-27 18:46:16.751,89.9,0.138058545864,0.0,0
2018-05-27 18:46:17.006,90.97,0.138058545864,0.0,0
2018-05-27 18:46:17.099,90.17,0.138058545864,0.0,0
2018-05-27 18:46:17.192,90.5,0.138058545864,0.0,0
2018-05-27 18:46:17.286,91.21,0.138058545864,0.0,0
2018-05-27 18:46:17.351,92.34,0.138058545864,0.0,0
2018-05-27 18:46:17.658,92.84,0.138058545864,0.0,0
2018-05-27 18:46:17.751,93.31,0.138058545864,0.0,0
2018-05-27 18:46:17.844,93.28,0.138058545864,0.0,0
2018-05-27 18:46:18.006,94.57,0.138058545864,0.0,0
2018-05-27 18:46:18.928,99.0,0.138058545864,0.0,0
2018-05-27 18:46:19.276,101.02,0.138058545864,0.0,0
2018-05-27 18:46:19.453,101.88,0.138058545864,0.0,0
2018-05-27 18:46:19.546,101.98,0.138058545864,0.0,0
2018-05-27 18:46:19.639,102.09,0.138058545864,0.0,0
2018-05-27 18:46:19.733,102.22,0.138058545864,0.0,0
2018-05-27 18:46:19.826,103.66,0.138058545864,0.0,0
2018-05-27 18:46:20.081,103.51,0.138058545864,0.0,0
2018-05-27 18:46:20.174,104.23,0.138058545864,0.0,0
2018-05-27 18:46:20.267,105.55,0.138058545864,0.0,0
2018-05-27 18:46:20.351,105.92,0.138058545864,0.0,0
2018-05-27 18:46:20.537,106.17,0.138058545864,0.0,0
2018-05-27 18:46:20.723,107.85,0.138058545864,0.0,0
2018-05-27 18:46:20.910,108.05,0.138058545864,0.0,0
2018-05-27 18:46:21.258,110.25,0.138058545864,0.0,0
2018-05-27 18:46:21.341,110.04,0.138058545864,0.0,0
2018-05-27 18:46:21.528,110.55,0.138058545864,0.0,0
2018-05-27 18:46:21.621,111.51,0.138058545864,0.0,0
2018-05-27 18:46:21.714,111.28,0.138058545864,0.0,0
2018-05-27 18:46:21.901,111.68,0.138058545864,0.0,0
2018-05-27 18:46:22.053,112.37,0.138058545864,0.0,0
2018-05-27 18:46:22.146,113.4,0.138058545864,0.0,0
2018-05-27 18:46:22.332,114.45,0.138058545864,0.0,0
2018-05-27 18:46:22.411,114.55,0.138058545864,0.0,0
2018-05-27 18:46:22.798,116.18,0.138058545864,0.0,0
2018-05-27 18:46:23.239,118.59,0.138058545864,0.0,0
2018-05-27 18:46:23.602,119.0,0.138058545864,0.0,0
2018-05-27 18:46:24.034,117.61,0.138058545864,0.0,0
2018-05-27 18:46:24.118,117.42,0.138058545864,0.0,0
2018-05-27 18:46:24.305,116.92,0.138058545864,0.0,0
2018-05-27 18:46:24.481,115.72,0.138058545864,0.0,0
2018-05-27 18:46:24.574,115.73,0.138058545864,0.0,0
2018-05-27 18:46:24.854,113.86,0.138058545864,0.0,0
2018-05-27 18:46:25.109,113.66,0.138058545864,0.0,0
2018-05-27 18:46:25.202,113.58,0.138058545864,0.0,0
2018-05-27 18:46:25.379,112.09,0.138058545864,0.0,0
2018-05-27 18:46:25.472,112.8,0.138058545864,0.0,0
2018-05-27 18:46:25.565,111.43,0.138058545864,0.0,0
2018-05-27 18:46:25.751,110.07,0.138058545864,0.0,0
2018-05-27 18:46:26.006,111.02,0.138058545864,0.0,0
2018-05-27 18:46:26.192,110.18,0.138058545864,0.0,0
2018-05-27 18:46:26.286,109.54,0.138058545864,0.0,0
2018-05-27 18:46:26.463,108.15,0.138058545864,0.0,0
2018-05-27 18:46:26.649,107.45,0.138058545864,0.0,0
2018-05-27 18:46:26.928,106.31,0.138058545864,0.0,0
2018-05-27 18:46:27.183,106.58,0.138058545864,0.0,0
2018-05-27 18:46:27.369,105.41,0.138058545864,0.0,0
2018-05-27 18:46:27.546,105.71,0.138058545864,0.0,0
2018-05-27 18:46:27.639,105.42,0.138058545864,0.0,0
2018-05-27 18:46:27.733,103.48,0.138058545864,0.0,0
2018-05-27 18:46:27.826,104.02,0.138058545864,0.0,0
2018-05-27 18:46:27.919,103.58,0.138058545864,0.0,0
2018-05-27 18:46:28.174,102.47,0.138058545864,0.0,0
2018-05-27 18:46:28.351,102.3,0.138058545864,0.0,0
2018-05-27 18:46:28.444,102.19,0.138058545864,0.0,0
2018-05-27 18:46:28.537,102.54,0.138058545864,0.0,0
2018-05-27 18:46:28.808,101.33,0.138058545864,0.0,0
2018-05-27 18:46:28.900,101.78,0.138058545864,0.0,0
2018-05-27 18:46:29.062,101.24,0.138058545864,0.0,0
2018-05-27 18:46:29.155,101.38,0.138058545864,0.0,0
2018-05-27 18:46:29.434,100.45,0.138058545864,0.0,0
2018-05-27 18:46:29.528,99.63,0.138058545864,0.0,0
2018-05-27 18:46:29.621,99.52,0.138058545864,0.0,0
2018-05-27 18:46:29.791,98.84,0.138058545864,0.0,0
2018-05-27 18:46:29.894,98.97,0.138058545864,0.0,0
2018-05-27 18:46:30.053,98.95,0.138058545864,0.0,0
2018-05-27 18:46:30.146,98.11,0.138058545864,0.0,0
2018-05-27 18:46:30.425,96.62,0.138058545864,0.0,0
2018-05-27 18:46:30.518,96.72,0.138058545864,0.0,0
2018-05-27 18:46:30.611,95.96,0.138058545864,0.0,0
2018-05-27 18:46:30.788,95.47,0.138058545864,0.0,0
2018-05-27 18:46:30.882,94.68,0.138058545864,0.0,0
2018-05-27 18:46:31.137,96.13,0.138058545864,0.0,0
2018-05-27 18:46:31.230,96.35,0.138058545864,0.0,0
2018-05-27 18:46:31.323,95.92,0.138058545864,0.0,0
2018-05-27 18:46:31.602,96.08,0.138058545864,0.0,0
2018-05-27 18:46:31.695,96.56,0.138058545864,0.0,0
2018-05-27 18:46:31.784,96.71,0.138058545864,0.0,0
2018-05-27 18:46:32.025,97.81,0.138058545864,0.0,0
2018-05-27 18:46:32.118,97.51,0.138058545864,0.0,0
2018-05-27 18:46:32.304,97.89,0.138058545864,0.0,0
2018-05-27 18:46:32.397,97.9,0.138058545864,0.0,0
2018-05-27 18:46:32.481,98.68,0.138058545864,0.0,0
2018-05-27 18:46:32.658,98.48,0.138058545864,0.0,0
2018-05-27 18:46:32.751,98.72,0.138058545864,0.0,0
2018-05-27 18:46:32.844,99.51,0.138058545864,0.0,0
2018-05-27 18:46:33.006,100.2,0.138058545864,0.0,0
2018-05-27 18:46:33.192,100.95,0.138058545864,0.0,0
2018-05-27 18:46:33.285,100.82,0.138058545864,0.0,0
2018-05-27 18:46:33.463,101.68,0.138058545864,0.0,0
2018-05-27 18:46:33.639,102.1,0.138058545864,0.0,0
2018-05-27 18:46:33.826,103.05,0.138058545864,0.0,0
2018-05-27 18:46:33.919,102.2,0.138058545864,0.0,0
2018-05-27 18:46:34.081,102.73,0.138058545864,0.0,0
2018-05-27 18:46:34.174,103.59,0.138058545864,0.0,0
2018-05-27 18:46:34.267,102.95,0.138058545864,0.0,0
2018-05-27 18:46:34.351,102.64,0.138058545864,0.0,0
2018-05-27 18:46:34.444,102.41,0.138058545864,0.0,0
2018-05-27 18:46:34.537,102.0,0.138058545864,0.0,0
2018-05-27 18:46:34.630,101.01,0.138058545864,0.0,0
2018-05-27 18:46:34.723,101.56,0.138058545864,0.0,0
2018-05-27 18:46:34.816,100.72,0.138058545864,0.0,0
2018-05-27 18:46:35.071,99.2,0.138058545864,0.0,0
2018-05-27 18:46:35.164,99.18,0.138058545864,0.0,0
2018-05-27 18:46:35.258,98.82,0.138058545864,0.0,0
2018-05-27 18:46:35.351,98.87,0.138058545864,0.0,0
2018-05-27 18:46:35.444,99.17,0.138058545864,0.0,0
2018-05-27 18:46:35.528,98.89,0.138058545864,0.0,0
2018-05-27 18:46:35.611,97.19,0.138058545864,0.0,0
2018-05-27 18:46:35.705,98.28,0.138058545864,0.0,0
2018-05-27 18:46:35.799,97.85,0.138058545864,0.0,0
2018-05-27 18:46:35.900,97.5,0.138058545864,0.0,0
2018-05-27 18:46:36.154,97.67,0.138058545864,0.0,0
2018-05-27 18:46:36.240,96.66,0.138058545864,0.0,0
2018-05-27 18:46:36.518,97.02,0.138058545864,0.0,0
2018-05-27 18:46:36.611,96.49,0.138058545864,0.0,0
2018-05-27 18:46:36.705,98.03,0.138058545864,0.0,0
2018-05-27 18:46:36.798,98.15,0.138058545864,0.0,0
2018-05-27 18:46:36.882,98.35,0.138058545864,0.0,0
2018-05-27 18:46:37.136,98.85,0.138058545864,0.0,0
2018-05-27 18:46:37.230,98.75,0.138058545864,0.0,0
2018-05-27 18:46:37.323,98.12,0.138058545864,0.0,0
2018-05-27 18:46:37.411,99.37,0.138058545864,0.0,0
2018-05-27 18:46:37.500,99.27,0.138058545864,0.0,0
2018-05-27 18:46:37.677,99.55,0.138058545864,0.0,0
2018-05-27 18:46:37.760,100.31,0.138058545864,0.0,0
2018-05-27 18:46:37.853,100.43,0.138058545864,0.0,0
2018-05-27 18:46:38.015,101.13,0.138058545864,0.0,0
2018-05-27 18:46:38.108,101.93,0.138058545864,0.0,0
2018-05-27 18:46:38.202,102.48,0.138058545864,0.0,0
2018-05-27 18:46:38.295,101.95,0.138058545864,0.0,0
2018-05-27 18:46:38.388,102.82,0.138058545864,0.0,0
2018-05-27 18:46:38.472,103.29,0.138058545864,0.0,0
2018-05-27 18:46:38.649,104.21,0.138058545864,0.0,0
2018-05-27 18:46:38.742,104.09,0.138058545864,0.0,0
2018-05-27 18:46:38.835,102.38,0.138058545864,0.0,0
2018-05-27 18:46:38.928,102.46,0.138058545864,0.0,0
2018-05-27 18:46:39.183,102.24,0.138058545864,0.0,0
2018-05-27 18:46:39.277,102.29,0.138058545864,0.0,0
2018-05-27 18:46:39.453,100.8,0.138058545864,0.0,0
2018-05-27 18:46:39.537,100.86,0.138058545864,0.0,0
2018-05-27 18:46:39.630,100.41,0.138058545864,0.0,0
2018-05-27 18:46:39.816,100.77,0.138058545864,0.0,0
2018-05-27 18:46:39.909,100.05,0.138058545864,0.0,0
2018-05-27 18:46:40.164,99.15,0.138058545864,0.0,0
2018-05-27 18:46:40.257,99.0,0.138058545864,0.0,0
2018-05-27 18:46:40.434,98.12,0.138058545864,0.0,0
2018-05-27 18:46:40.518,97.89,0.138058545864,0.0,0
2018-05-27 18:46:40.611,97.79,0.138058545864,0.0,0
2018-05-27 18:46:40.704,97.42,0.138058545864,0.0,0
2018-05-27 18:46:40.788,96.98,0.138058545864,0.0,0
2018-05-27 18:46:40.881,96.91,0.138058545864,0.0,0
2018-05-27 18:46:41.043,96.81,0.138058545864,0.0,0
2018-05-27 18:46:41.136,96.46,0.138058545864,0.0,0
2018-05-27 18:46:41.229,96.17,0.138058545864,0.0,0
2018-05-27 18:46:41.323,95.68,0.138058545864,0.0,0
2018-05-27 18:46:41.411,96.13,0.138058545864,0.0,0
2018-05-27 18:46:41.500,94.95,0.138058545864,0.0,0
2018-05-27 18:46:41.583,95.07,0.138058545864,0.0,0
2018-05-27 18:46:41.676,94.88,0.138058545864,0.0,0
2018-05-27 18:46:41.770,95.08,0.138058545864,0.0,0
2018-05-27 18:46:41.863,93.95,0.138058545864,0.0,0
2018-05-27 18:46:42.025,94.42,0.138058545864,0.0,0
2018-05-27 18:46:42.118,94.22,0.138058545864,0.0,0
2018-05-27 18:46:42.212,93.52,0.138058545864,0.0,0
2018-05-27 18:46:42.295,93.18,0.138058545864,0.0,0
2018-05-27 18:46:42.472,92.42,0.138058545864,0.0,0
2018-05-27 18:46:42.658,91.73,0.138058545864,0.0,0
2018-05-27 18:46:42.751,91.39,0.138058545864,0.0,0
2018-05-27 18:46:42.928,91.55,0.138058545864,0.0,0
2018-05-27 18:46:43.183,90.93,0.138058545864,0.0,0
2018-05-27 18:46:43.276,91.03,0.138058545864,0.0,0
2018-05-27 18:46:43.369,90.98,0.138058545864,0.0,0
2018-05-27 18:46:43.453,91.33,0.138058545864,0.0,0
2018-05-27 18:46:43.546,90.63,0.138058545864,0.0,0
2018-05-27 18:46:43.639,91.45,0.138058545864,0.0,0
2018-05-27 18:46:43.825,91.32,0.138058545864,0.0,0
2018-05-27 18:46:43.919,91.04,0.138058545864,0.0,0
2018-05-27 18:46:44.080,91.24,0.138058545864,0.0,0
2018-05-27 18:46:44.174,91.46,0.138058545864,0.0,0
2018-05-27 18:46:44.267,91.68,0.138058545864,0.0,0
2018-05-27 18:46:44.351,92.06,0.138058545864,0.0,0
2018-05-27 18:46:44.444,92.52,0.138058545864,0.0,0
2018-05-27 18:46:44.537,92.58,0.138058545864,0.0,0
2018-05-27 18:46:44.630,92.76,0.138058545864,0.0,0
2018-05-27 18:46:44.723,93.2,0.138058545864,0.0,0
2018-05-27 18:46:44.807,92.92,0.138058545864,0.0,0
2018-05-27 18:46:44.900,93.86,0.138058545864,0.0,0
2018-05-27 18:46:45.062,94.12,0.138058545864,0.0,0
2018-05-27 18:46:45.155,94.13,0.138058545864,0.0,0
2018-05-27 18:46:45.239,95.05,0.138058545864,0.0,0
2018-05-27 18:46:45.425,94.45,0.138058545864,0.0,0
2018-05-27 18:46:45.611,95.99,0.138058545864,0.0,0
2018-05-27 18:46:45.704,95.58,0.138058545864,0.0,0
2018-05-27 18:46:45.788,95.94,0.138058545864,0.0,0
2018-05-27 18:46:46.043,97.22,0.138058545864,0.0,0
2018-05-27 18:46:46.134,97.06,0.138058545864,0.0,0
2018-05-27 18:46:46.220,96.93,0.138058545864,0.0,0
2018-05-27 18:46:46.397,96.11,0.138058545864,0.0,0
2018-05-27 18:46:46.574,95.59,0.138058545864,0.0,0
2018-05-27 18:46:46.667,95.58,0.138058545864,0.0,0
2018-05-27 18:46:46.760,95.4,0.138058545864,0.0,0
2018-05-27 18:46:47.006,94.48,0.138058545864,0.0,0
2018-05-27 18:46:47.099,94.83,0.138058545864,0.0,0
2018-05-27 18:46:47.192,94.28,0.138058545864,0.0,0
2018-05-27 18:46:47.286,93.46,0.138058545864,0.0,0
2018-05-27 18:46:47.376,93.45,0.138058545864,0.0,0
2018-05-27 18:46:47.481,93.98,0.138058545864,0.0,0
2018-05-27 18:46:47.574,93.59,0.138058545864,0.0,0
2018-05-27 18:46:47.760,93.08,0.138058545864,0.0,0
2018-05-27 18:46:47.844,91.78,0.138058545864,0.0,0
2018-05-27 18:46:48.006,91.53,0.138058545864,0.0,0
2018-05-27 18:46:48.192,91.02,0.138058545864,0.0,0
2018-05-27 18:46:48.378,90.67,0.138058545864,0.0,0
2018-05-27 18:46:48.742,90.28,0.138058545864,0.0,0
2018-05-27 18:46:49.080,89.15,0.138058545864,0.0,0
2018-05-27 18:46:49.174,89.61,0.138058545864,0.0,0
2018-05-27 18:46:49.267,89.24,0.138058545864,0.0,0
2018-05-27 18:46:49.444,89.93,0.138058545864,0.0,0
2018-05-27 18:46:49.537,89.37,0.138058545864,0.0,0
2018-05-27 18:46:49.807,90.63,0.138058545864,0.0,0
2018-05-27 18:46:49.900,91.13,0.138058545864,0.0,0
2018-05-27 18:46:50.062,91.33,0.138058545864,0.0,0
2018-05-27 18:46:50.425,91.69,0.138058545864,0.0,0
2018-05-27 18:46:50.518,92.09,0.138058545864,0.0,0
2018-05-27 18:46:50.602,93.28,0.138058545864,0.0,0
2018-05-27 18:46:51.034,93.15,0.138058545864,0.0,0
2018-05-27 18:46:51.118,93.7,0.138058545864,0.0,0
2018-05-27 18:46:51.211,93.44,0.138058545864,0.0,0
2018-05-27 18:46:51.378,92.8,0.138058545864,0.0,0
2018-05-27 18:46:51.472,92.47,0.138058545864,0.0,0
2018-05-27 18:46:51.565,92.04,0.138058545864,0.0,0
2018-05-27 18:46:51.658,91.39,0.138058545864,0.0,0
2018-05-27 18:46:51.751,90.85,0.138058545864,0.0,0
2018-05-27 18:46:51.844,90.75,0.138058545864,0.0,0
2018-05-27 18:46:52.285,89.94,0.138058545864,0.0,0
2018-05-27 18:46:52.462,90.09,0.138058545864,0.0,0
2018-05-27 18:46:52.648,90.0,0.138058545864,0.0,0
2018-05-27 18:46:52.742,89.37,0.138058545864,0.0,0
2018-05-27 18:46:52.835,89.4,0.138058545864,0.0,0
2018-05-27 18:46:52.928,88.42,0.138058545864,0.0,0
2018-05-27 18:46:53.090,88.33,0.138058545864,0.0,0
2018-05-27 18:46:53.267,87.36,0.138058545864,0.0,0
2018-05-27 18:46:53.351,87.96,0.138058545864,0.0,0
2018-05-27 18:46:53.444,87.64,0.138058545864,0.0,0
2018-05-27 18:46:53.537,86.73,0.138058545864,0.0,0
2018-05-27 18:46:53.630,86.34,0.138058545864,0.0,0
2018-05-27 18:46:53.723,86.46,0.138058545864,0.0,0
2018-05-27 18:46:53.816,86.11,0.138058545864,0.0,0
2018-05-27 18:46:53.909,85.33,0.138058545864,0.0,0
2018-05-27 18:46:54.071,85.96,0.138058545864,0.0,0
2018-05-27 18:46:54.164,85.59,0.138058545864,0.0,0
2018-05-27 18:46:54.248,84.88,0.138058545864,0.0,0
2018-05-27 18:46:54.332,84.38,0.138058545864,0.0,0
2018-05-27 18:46:54.425,84.98,0.138058545864,0.0,0
2018-05-27 18:46:54.518,84.86,0.138058545864,0.0,0
2018-05-27 18:46:54.704,84.7,0.138058545864,0.0,0
2018-05-27 18:46:54.797,85.16,0.138058545864,0.0,0
2018-05-27 18:46:54.891,84.86,0.138058545864,0.0,0
2018-05-27 18:46:55.053,85.76,0.138058545864,0.0,0
2018-05-27 18:46:55.425,86.25,0.138058545864,0.0,0
2018-05-27 18:46:55.704,87.38,0.138058545864,0.0,0
2018-05-27 18:46:55.797,88.07,0.138058545864,0.0,0
2018-05-27 18:46:55.891,88.9,0.138058545864,0.0,0
2018-05-27 18:46:56.053,88.57,0.138058545864,0.0,0
2018-05-27 18:46:56.146,88.57,0.138058545864,0.0,0
2018-05-27 18:46:56.239,89.61,0.138058545864,0.0,0
2018-05-27 18:46:56.333,89.63,0.138058545864,0.0,0
2018-05-27 18:46:56.425,89.72,0.138058545864,0.0,0
2018-05-27 18:46:56.611,90.49,0.138058545864,0.0,0
2018-05-27 18:46:56.704,90.53,0.138058545864,0.0,0
2018-05-27 18:46:56.798,90.77,0.138058545864,0.0,0
2018-05-27 18:46:56.891,91.13,0.138058545864,0.0,0
2018-05-27 18:46:57.052,91.77,0.138058545864,0.0,0
2018-05-27 18:46:57.146,92.23,0.138058545864,0.0,0
2018-05-27 18:46:57.499,94.91,0.138058545864,0.0,0
2018-05-27 18:46:57.583,94.84,0.138058545864,0.0,0
2018-05-27 18:46:57.676,94.64,0.138058545864,0.0,0
2018-05-27 18:46:57.770,94.7,0.138058545864,0.0,0
2018-05-27 18:46:57.854,94.09,0.138058545864,0.0,0
2018-05-27 18:46:58.108,94.18,0.138058545864,0.0,0
2018-05-27 18:46:58.201,93.93,0.138058545864,0.0,0
2018-05-27 18:46:58.295,93.49,0.138058545864,0.0,0
2018-05-27 18:46:58.388,92.82,0.138058545864,0.0,0
2018-05-27 18:46:58.565,92.33,0.138058545864,0.0,0
2018-05-27 18:46:58.844,91.07,0.138058545864,0.0,0
2018-05-27 18:46:59.006,90.5,0.138058545864,0.0,0
2018-05-27 18:46:59.090,91.02,0.138058545864,0.0,0
2018-05-27 18:46:59.183,90.28,0.138058545864,0.0,0
2018-05-27 18:46:59.369,89.96,0.138058545864,0.0,0
2018-05-27 18:46:59.453,89.66,0.138058545864,0.0,0
2018-05-27 18:46:59.639,89.02,0.138058545864,0.0,0
2018-05-27 18:46:59.732,88.5,0.138058545864,0.0,0
2018-05-27 18:47:00.071,87.44,0.138058545864,0.0,0
2018-05-27 18:47:00.164,88.18,0.138058545864,0.0,0
2018-05-27 18:47:00.257,88.14,0.138058545864,0.0,0
2018-05-27 18:47:00.350,87.1,0.138058545864,0.0,0
2018-05-27 18:47:00.514,86.57,0.138058545864,0.0,0
2018-05-27 18:47:00.602,86.38,0.138058545864,0.0,0
2018-05-27 18:47:00.699,86.39,0.138058545864,0.0,0
2018-05-27 18:47:01.248,84.32,0.138058545864,0.0,0
2018-05-27 18:47:01.332,84.78,0.138058545864,0.0,0
2018-05-27 18:47:01.602,83.43,0.138058545864,0.0,0
2018-05-27 18:47:01.788,83.22,0.138058545864,0.0,0
2018-05-27 18:47:02.118,82.53,0.138058545864,0.0,0
2018-05-27 18:47:02.388,81.99,0.138058545864,0.0,0
2018-05-27 18:47:02.574,80.82,0.138058545864,0.0,0
2018-05-27 18:47:02.667,80.82,0.138058545864,0.0,0
2018-05-27 18:47:02.853,80.97,0.138058545864,0.0,0
2018-05-27 18:47:03.015,80.18,0.138058545864,0.0,0
2018-05-27 18:47:03.295,80.0,0.138058545864,0.0,0
2018-05-27 18:47:03.472,80.04,0.138058545864,0.0,0
2018-05-27 18:47:03.658,79.66,0.138058545864,0.0,0
2018-05-27 18:47:04.006,79.91,0.138058545864,0.0,0
2018-05-27 18:47:04.192,81.25,0.138058545864,0.0,0
2018-05-27 18:47:04.462,81.37,0.138058545864,0.0,0
2018-05-27 18:47:04.555,82.96,0.138058545864,0.0,0
2018-05-27 18:47:04.649,82.34,0.138058545864,0.0,0
2018-05-27 18:47:04.742,82.56,0.138058545864,0.0,0
2018-05-27 18:47:04.928,83.89,0.138058545864,0.0,0
2018-05-27 18:47:05.183,84.69,0.138058545864,0.0,0
2018-05-27 18:47:05.276,83.71,0.138058545864,0.0,0
2018-05-27 18:47:05.462,84.26,0.138058545864,0.0,0
2018-05-27 18:47:05.546,85.55,0.138058545864,0.0,0
2018-05-27 18:47:05.639,85.71,0.138058545864,0.0,0
2018-05-27 18:47:05.825,86.28,0.138058545864,0.0,0
2018-05-27 18:47:05.919,86.48,0.138058545864,0.0,0
2018-05-27 18:47:06.081,86.46,0.138058545864,0.0,0
2018-05-27 18:47:06.174,87.64,0.138058545864,0.0,0
2018-05-27 18:47:06.267,88.8,0.138058545864,0.0,0
2018-05-27 18:47:06.351,88.74,0.138058545864,0.0,0
2018-05-27 18:47:06.444,87.89,0.138058545864,0.0,0
2018-05-27 18:47:06.537,88.79,0.138058545864,0.0,0
2018-05-27 18:47:06.630,89.78,0.138058545864,0.0,0
2018-05-27 18:47:06.723,89.93,0.138058545864,0.0,0
2018-05-27 18:47:06.816,90.49,0.138058545864,0.0,0
2018-05-27 18:47:06.909,91.18,0.138058545864,0.0,0
2018-05-27 18:47:07.071,92.11,0.138058545864,0.0,0
2018-05-27 18:47:07.164,92.65,0.138058545864,0.0,0
2018-05-27 18:47:07.258,93.1,0.138058545864,0.0,0
2018-05-27 18:47:07.351,93.54,0.138058545864,0.0,0
2018-05-27 18:47:07.434,94.05,0.138058545864,0.0,0
2018-05-27 18:47:07.621,94.08,0.138058545864,0.0,0
2018-05-27 18:47:07.714,94.63,0.138058545864,0.0,0
2018-05-27 18:47:07.807,95.87,0.138058545864,0.0,0
2018-05-27 18:47:07.900,95.92,0.138058545864,0.0,0
2018-05-27 18:47:08.062,96.58,0.138058545864,0.0,0
2018-05-27 18:47:08.155,96.61,0.138058545864,0.0,0
2018-05-27 18:47:08.248,97.57,0.138058545864,0.0,0
2018-05-27 18:47:08.425,98.08,0.138058545864,0.0,0
2018-05-27 18:47:08.518,98.96,0.138058545864,0.0,0
2018-05-27 18:47:08.611,99.51,0.138058545864,0.0,0
2018-05-27 18:47:08.704,99.37,0.138058545864,0.0,0
2018-05-27 18:47:08.788,99.91,0.138058545864,0.0,0
2018-05-27 18:47:08.884,99.9,0.138058545864,0.0,0
2018-05-27 18:47:09.043,99.68,0.138058545864,0.0,0
2018-05-27 18:47:09.136,99.27,0.138058545864,0.0,0
2018-05-27 18:47:09.229,98.0,0.138058545864,0.0,0
2018-05-27 18:47:09.318,98.34,0.138058545864,0.0,0
2018-05-27 18:47:09.406,98.54,0.138058545864,0.0,0
2018-05-27 18:47:09.490,97.66,0.138058545864,0.0,0
2018-05-27 18:47:09.583,97.55,0.138058545864,0.0,0
2018-05-27 18:47:09.676,97.92,0.138058545864,0.0,0
2018-05-27 18:47:09.770,97.27,0.138058545864,0.0,0
2018-05-27 18:47:09.881,96.57,0.138058545864,0.0,0
2018-05-27 18:47:10.043,96.41,0.138058545864,0.0,0
2018-05-27 18:47:10.136,95.66,0.138058545864,0.0,0
2018-05-27 18:47:10.229,95.9,0.138058545864,0.0,0
2018-05-27 18:47:10.323,95.98,0.138058545864,0.0,0
2018-05-27 18:47:10.416,95.22,0.138058545864,0.0,0
2018-05-27 18:47:10.500,94.12,0.138058545864,0.0,0
2018-05-27 18:47:10.585,94.86,0.138058545864,0.0,0
2018-05-27 18:47:10.760,94.43,0.138058545864,0.0,0
2018-05-27 18:47:10.853,93.72,0.138058545864,0.0,0
2018-05-27 18:47:11.015,93.25,0.138058545864,0.0,0
2018-05-27 18:47:11.108,93.17,0.138058545864,0.0,0
2018-05-27 18:47:11.202,92.62,0.138058545864,0.0,0
2018-05-27 18:47:11.295,92.31,0.138058545864,0.0,0
2018-05-27 18:47:11.379,92.58,0.138058545864,0.0,0
2018-05-27 18:47:11.565,91.44,0.138058545864,0.0,0
2018-05-27 18:47:11.658,91.34,0.138058545864,0.0,0
2018-05-27 18:47:11.751,91.76,0.138058545864,0.0,0
2018-05-27 18:47:11.844,92.28,0.138058545864,0.0,0
2018-05-27 18:47:12.006,92.54,0.138058545864,0.0,0
2018-05-27 18:47:12.099,92.77,0.138058545864,0.0,0
2018-05-27 18:47:12.192,93.07,0.138058545864,0.0,0
2018-05-27 18:47:12.379,93.52,0.138058545864,0.0,0
2018-05-27 18:47:12.463,94.22,0.138058545864,0.0,0
2018-05-27 18:47:12.546,94.38,0.138058545864,0.0,0
2018-05-27 18:47:12.639,94.82,0.138058545864,0.0,0
2018-05-27 18:47:12.733,94.81,0.138058545864,0.0,0
2018-05-27 18:47:12.826,95.39,0.138058545864,0.0,0
2018-05-27 18:47:12.919,96.3,0.138058545864,0.0,0
2018-05-27 18:47:13.174,96.63,0.138058545864,0.0,0
2018-05-27 18:47:13.360,97.14,0.138058545864,0.0,0
2018-05-27 18:47:13.444,96.75,0.138058545864,0.0,0
2018-05-27 18:47:13.816,98.88,0.138058545864,0.0,0
2018-05-27 18:47:13.909,99.86,0.138058545864,0.0,0
2018-05-27 18:47:14.164,100.4,0.138058545864,0.0,0
2018-05-27 18:47:14.343,100.39,0.138058545864,0.0,0
2018-05-27 18:47:14.528,102.24,0.138058545864,0.0,0
2018-05-27 18:47:14.621,103.06,0.138058545864,0.0,0
2018-05-27 18:47:14.900,104.3,0.138058545864,0.0,0
2018-05-27 18:47:15.062,106.1,0.138058545864,0.0,0
2018-05-27 18:47:15.250,107.08,0.138058545864,0.0,0
2018-05-27 18:47:15.444,108.18,0.138058545864,0.0,0
2018-05-27 18:47:15.621,108.82,0.138058545864,0.0,0
2018-05-27 18:47:15.807,107.23,0.138058545864,0.0,0
2018-05-27 18:47:16.155,106.86,0.138058545864,0.0,0
2018-05-27 18:47:16.425,105.95,0.138058545864,0.0,0
2018-05-27 18:47:16.611,104.88,0.138058545864,0.0,0
2018-05-27 18:47:16.704,104.69,0.138058545864,0.0,0
2018-05-27 18:47:16.798,104.32,0.138058545864,0.0,0
2018-05-27 18:47:16.891,103.9,0.138058545864,0.0,0
2018-05-27 18:47:17.053,103.94,0.138058545864,0.0,0
2018-05-27 18:47:17.137,103.15,0.138058545864,0.0,0
2018-05-27 18:47:17.323,103.41,0.138058545864,0.0,0
2018-05-27 18:47:17.583,101.96,0.138058545864,0.0,0
2018-05-27 18:47:17.760,101.63,0.138058545864,0.0,0
2018-05-27 18:47:17.854,101.4,0.138058545864,0.0,0
2018-05-27 18:47:18.108,102.1,0.138058545864,0.0,0
2018-05-27 18:47:18.202,101.28,0.138058545864,0.0,0
2018-05-27 18:47:18.379,102.09,0.138058545864,0.0,0
2018-05-27 18:47:18.565,102.52,0.138058545864,0.0,0
2018-05-27 18:47:18.742,102.81,0.138058545864,0.0,0
2018-05-27 18:47:18.835,102.25,0.138058545864,0.0,0
2018-05-27 18:47:19.090,103.79,0.138058545864,0.0,0
2018-05-27 18:47:19.276,103.5,0.138058545864,0.0,0
2018-05-27 18:47:19.361,103.46,0.138058545864,0.0,0
2018-05-27 18:47:19.537,104.88,0.138058545864,0.0,0
2018-05-27 18:47:19.630,105.45,0.138058545864,0.0,0
2018-05-27 18:47:19.817,106.31,0.138058545864,0.0,0
2018-05-27 18:47:19.909,107.1,0.138058545864,0.0,0
2018-05-27 18:47:20.071,108.3,0.138058545864,0.0,0
2018-05-27 18:47:20.164,108.06,0.138058545864,0.0,0
2018-05-27 18:47:20.258,108.67,0.138058545864,0.0,0
2018-05-27 18:47:20.341,108.59,0.138058545864,0.0,0
2018-05-27 18:47:20.528,109.69,0.138058545864,0.0,0
2018-05-27 18:47:20.714,109.14,0.138058545864,0.0,0
2018-05-27 18:47:21.062,109.42,0.138058545864,0.0,0
2018-05-27 18:47:21.155,108.77,0.138058545864,0.0,0
2018-05-27 18:47:21.248,109.06,0.138058545864,0.0,0
2018-05-27 18:47:21.333,108.65,0.138058545864,0.0,0
2018-05-27 18:47:21.425,108.0,0.138058545864,0.0,0
2018-05-27 18:47:21.611,108.01,0.138058545864,0.0,0
2018-05-27 18:47:21.705,106.65,0.138058545864,0.0,0
2018-05-27 18:47:21.798,106.93,0.138058545864,0.0,0
2018-05-27 18:47:22.053,106.28,0.138058545864,0.0,0
2018-05-27 18:47:22.239,105.35,0.138058545864,0.0,0
2018-05-27 18:47:22.323,105.3,0.138058545864,0.0,0
2018-05-27 18:47:22.416,104.19,0.138058545864,0.0,0
2018-05-27 18:47:22.509,104.03,0.138058545864,0.0,0
2018-05-27 18:47:22.877,103.03,0.138058545864,0.0,0
2018-05-27 18:47:23.025,102.74,0.138058545864,0.0,0
2018-05-27 18:47:23.121,101.8,0.138058545864,0.0,0
2018-05-27 18:47:23.202,101.79,0.138058545864,0.0,0
2018-05-27 18:47:23.481,101.71,0.138058545864,0.0,0
2018-05-27 18:47:23.565,101.77,0.138058545864,0.0,0
2018-05-27 18:47:23.751,101.69,0.138058545864,0.0,0
2018-05-27 18:47:23.845,101.74,0.138058545864,0.0,0
2018-05-27 18:47:24.081,102.1,0.138058545864,0.0,0
2018-05-27 18:47:24.174,102.35,0.138058545864,0.0,0
2018-05-27 18:47:24.267,102.49,0.138058545864,0.0,0
2018-05-27 18:47:24.360,102.71,0.138058545864,0.0,0
2018-05-27 18:47:24.537,103.24,0.138058545864,0.0,0
2018-05-27 18:47:24.630,102.93,0.138058545864,0.0,0
2018-05-27 18:47:24.807,104.54,0.138058545864,0.0,0
2018-05-27 18:47:24.900,104.92,0.138058545864,0.0,0
2018-05-27 18:47:25.062,104.96,0.138058545864,0.0,0
2018-05-27 18:47:25.156,104.44,0.138058545864,0.0,0
2018-05-27 18:47:25.248,106.0,0.138058545864,0.0,0
2018-05-27 18:47:25.341,106.44,0.138058545864,0.0,0
2018-05-27 18:47:25.425,106.25,0.138058545864,0.0,0
2018-05-27 18:47:25.518,107.24,0.138058545864,0.0,0
2018-05-27 18:47:25.602,107.82,0.138058545864,0.0,0
2018-05-27 18:47:25.695,108.96,0.138058545864,0.0,0
2018-05-27 18:47:26.034,110.15,0.138058545864,0.0,0
2018-05-27 18:47:26.211,109.86,0.138058545864,0.0,0
2018-05-27 18:47:26.304,109.46,0.138058545864,0.0,0
2018-05-27 18:47:26.388,109.81,0.138058545864,0.0,0
2018-05-27 18:47:26.481,109.4,0.138058545864,0.0,0
2018-05-27 18:47:26.574,108.75,0.138058545864,0.0,0
2018-05-27 18:47:27.015,107.69,0.138058545864,0.0,0
2018-05-27 18:47:27.202,106.71,0.138058545864,0.0,0
2018-05-27 18:47:27.295,106.45,0.138058545864,0.0,0
2018-05-27 18:47:27.472,106.36,0.138058545864,0.0,0
2018-05-27 18:47:27.565,105.12,0.138058545864,0.0,0
2018-05-27 18:47:27.751,104.95,0.138058545864,0.0,0
2018-05-27 18:47:27.845,104.08,0.138058545864,0.0,0
2018-05-27 18:47:28.006,103.65,0.138058545864,0.0,0
2018-05-27 18:47:28.099,103.8,0.138058545864,0.0,0
2018-05-27 18:47:28.192,103.42,0.138058545864,0.0,0
2018-05-27 18:47:28.369,103.12,0.138058545864,0.0,0
2018-05-27 18:47:29.090,100.31,0.138058545864,0.0,0
2018-05-27 18:47:29.183,100.03,0.138058545864,0.0,0
2018-05-27 18:47:29.360,99.57,0.138058545864,0.0,0
2018-05-27 18:47:29.639,98.87,0.138058545864,0.0,0
2018-05-27 18:47:29.732,98.21,0.138058545864,0.0,0
2018-05-27 18:47:29.826,97.69,0.138058545864,0.0,0
2018-05-27 18:47:30.081,97.3,0.138058545864,0.0,0
2018-05-27 18:47:30.174,97.54,0.138058545864,0.0,0
2018-05-27 18:47:30.267,97.07,0.138058545864,0.0,0
2018-05-27 18:47:30.351,96.2,0.138058545864,0.0,0
2018-05-27 18:47:30.444,96.07,0.138058545864,0.0,0
2018-05-27 18:47:30.537,96.2,0.138058545864,0.0,0
2018-05-27 18:47:30.630,95.58,0.138058545864,0.0,0
2018-05-27 18:47:30.723,95.47,0.138058545864,0.0,0
2018-05-27 18:47:30.910,94.73,0.138058545864,0.0,0
2018-05-27 18:47:31.071,94.25,0.138058545864,0.0,0
2018-05-27 18:47:31.164,94.49,0.138058545864,0.0,0
2018-05-27 18:47:31.258,93.91,0.138058545864,0.0,0
2018-05-27 18:47:31.342,93.78,0.138058545864,0.0,0
2018-05-27 18:47:31.434,93.48,0.138058545864,0.0,0
2018-05-27 18:47:31.528,93.27,0.138058545864,0.0,0
2018-05-27 18:47:31.621,92.98,0.138058545864,0.0,0
2018-05-27 18:47:31.714,92.45,0.138058545864,0.0,0
2018-05-27 18:47:31.807,92.2,0.138058545864,0.0,0
2018-05-27 18:47:31.900,91.6,0.138058545864,0.0,0
2018-05-27 18:47:32.062,91.33,0.138058545864,0.0,0
2018-05-27 18:47:32.155,90.99,0.138058545864,0.0,0
2018-05-27 18:47:32.248,91.1,0.138058545864,0.0,0
2018-05-27 18:47:32.333,90.02,0.138058545864,0.0,0
2018-05-27 18:47:32.425,89.55,0.138058545864,0.0,0
2018-05-27 18:47:32.518,89.7,0.138058545864,0.0,0
2018-05-27 18:47:32.611,89.15,0.138058545864,0.0,0
2018-05-27 18:47:32.791,88.98,0.138058545864,0.0,0
2018-05-27 18:47:32.882,89.48,0.138058545864,0.0,0
2018-05-27 18:47:33.137,88.4,0.138058545864,0.0,0
2018-05-27 18:47:33.225,87.73,0.138058545864,0.0,0
2018-05-27 18:47:33.313,87.71,0.138058545864,0.0,0
2018-05-27 18:47:33.397,88.53,0.138058545864,0.0,0
2018-05-27 18:47:33.584,88.84,0.138058545864,0.0,0
2018-05-27 18:47:33.686,89.0,0.138058545864,0.0,0
2018-05-27 18:47:33.751,88.58,0.138058545864,0.0,0
2018-05-27 18:47:33.854,88.83,0.138058545864,0.0,0
2018-05-27 18:47:34.109,89.1,0.138058545864,0.0,0
2018-05-27 18:47:34.202,89.69,0.138058545864,0.0,0
2018-05-27 18:47:34.295,89.26,0.138058545864,0.0,0
2018-05-27 18:47:34.472,91.06,0.138058545864,0.0,0
2018-05-27 18:47:34.565,91.16,0.138058545864,0.0,0
2018-05-27 18:47:34.658,91.53,0.138058545864,0.0,0
2018-05-27 18:47:34.751,92.09,0.138058545864,0.0,0
2018-05-27 18:47:34.928,92.76,0.138058545864,0.0,0
2018-05-27 18:47:35.090,93.24,0.138058545864,0.0,0
2018-05-27 18:47:35.183,93.41,0.138058545864,0.0,0
2018-05-27 18:47:35.276,93.86,0.138058545864,0.0,0
2018-05-27 18:47:35.453,94.88,0.138058545864,0.0,0
2018-05-27 18:47:35.639,94.35,0.138058545864,0.0,0
2018-05-27 18:47:35.733,94.17,0.138058545864,0.0,0
2018-05-27 18:47:36.258,92.2,0.138058545864,0.0,0
2018-05-27 18:47:36.341,92.4,0.138058545864,0.0,0
2018-05-27 18:47:36.434,92.58,0.138058545864,0.0,0
2018-05-27 18:47:36.528,92.12,0.138058545864,0.0,0
2018-05-27 18:47:36.621,91.57,0.138058545864,0.0,0
2018-05-27 18:47:36.714,91.13,0.138058545864,0.0,0
2018-05-27 18:47:36.798,91.41,0.138058545864,0.0,0
2018-05-27 18:47:36.891,91.09,0.138058545864,0.0,0
2018-05-27 18:47:37.146,90.31,0.138058545864,0.0,0
2018-05-27 18:47:37.239,89.97,0.138058545864,0.0,0
2018-05-27 18:47:37.332,90.1,0.138058545864,0.0,0
2018-05-27 18:47:37.509,89.18,0.138058545864,0.0,0
2018-05-27 18:47:37.784,88.52,0.138058545864,0.0,0
2018-05-27 18:47:38.118,87.13,0.138058545864,0.0,0
2018-05-27 18:47:38.304,86.84,0.138058545864,0.0,0
2018-05-27 18:47:38.658,85.38,0.138058545864,0.0,0
2018-05-27 18:47:38.844,85.89,0.138058545864,0.0,0
2018-05-27 18:47:39.006,86.11,0.138058545864,0.0,0
2018-05-27 18:47:39.099,86.61,0.138058545864,0.0,0
2018-05-27 18:47:39.742,87.41,0.138058545864,0.0,0
2018-05-27 18:47:39.835,86.78,0.138058545864,0.0,0
2018-05-27 18:47:39.928,87.4,0.138058545864,0.0,0
2018-05-27 18:47:40.183,86.91,0.138058545864,0.0,0
2018-05-27 18:47:40.276,88.28,0.138058545864,0.0,0
2018-05-27 18:47:40.369,88.23,0.138058545864,0.0,0
2018-05-27 18:47:40.537,88.3,0.138058545864,0.0,0
2018-05-27 18:47:40.630,88.11,0.138058545864,0.0,0
2018-05-27 18:47:40.723,88.12,0.138058545864,0.0,0
2018-05-27 18:47:40.816,88.56,0.138058545864,0.0,0
2018-05-27 18:47:40.910,89.24,0.138058545864,0.0,0
2018-05-27 18:47:41.071,89.73,0.138058545864,0.0,0
2018-05-27 18:47:41.164,90.26,0.138058545864,0.0,0
2018-05-27 18:47:41.258,90.4,0.138058545864,0.0,0
2018-05-27 18:47:41.341,90.8,0.138058545864,0.0,0
2018-05-27 18:47:41.435,90.64,0.138058545864,0.0,0
2018-05-27 18:47:41.528,91.28,0.138058545864,0.0,0
2018-05-27 18:47:42.062,90.81,0.138058545864,0.0,0
2018-05-27 18:47:42.155,90.01,0.138058545864,0.0,0
2018-05-27 18:47:42.248,89.71,0.138058545864,0.0,0
2018-05-27 18:47:42.332,90.37,0.138058545864,0.0,0
2018-05-27 18:47:42.425,89.93,0.138058545864,0.0,0
2018-05-27 18:47:42.518,90.1,0.138058545864,0.0,0
2018-05-27 18:47:43.584,85.38,0.138058545864,0.0,0
2018-05-27 18:47:43.770,86.01,0.138058545864,0.0,0
2018-05-27 18:47:44.304,84.53,0.138058545864,0.0,0
2018-05-27 18:47:44.574,83.32,0.138058545864,0.0,0
2018-05-27 18:47:44.761,83.67,0.138058545864,0.0,0
2018-05-27 18:47:45.556,84.35,0.138058545864,0.0,0
2018-05-27 18:47:45.742,84.73,0.138058545864,0.0,0
2018-05-27 18:47:45.835,84.81,0.138058545864,0.0,0
2018-05-27 18:47:46.183,86.14,0.138058545864,0.0,0
2018-05-27 18:47:46.276,86.38,0.138058545864,0.0,0
2018-05-27 18:47:46.361,86.19,0.138058545864,0.0,0
2018-05-27 18:47:46.453,87.03,0.138058545864,0.0,0
2018-05-27 18:47:46.639,87.17,0.138058545864,0.0,0
2018-05-27 18:47:46.733,88.71,0.138058545864,0.0,0
2018-05-27 18:47:46.826,89.04,0.138058545864,0.0,0
2018-05-27 18:47:46.919,89.88,0.138058545864,0.0,0
2018-05-27 18:47:47.081,90.28,0.138058545864,0.0,0
2018-05-27 18:47:47.174,91.03,0.138058545864,0.0,0
2018-05-27 18:47:47.453,93.08,0.138058545864,0.0,0
2018-05-27 18:47:47.546,93.65,0.138058545864,0.0,0
2018-05-27 18:47:48.081,96.35,0.138058545864,0.0,0
2018-05-27 18:47:48.351,97.84,0.138058545864,0.0,0
2018-05-27 18:47:48.444,97.79,0.138058545864,0.0,0
2018-05-27 18:47:48.537,98.29,0.138058545864,0.0,0
2018-05-27 18:47:48.723,98.56,0.138058545864,0.0,0
2018-05-27 18:47:48.816,99.9,0.138058545864,0.0,0
2018-05-27 18:47:48.910,99.65,0.138058545864,0.0,0
2018-05-27 18:47:49.071,100.31,0.138058545864,0.0,0
2018-05-27 18:47:49.165,100.03,0.138058545864,0.0,0
2018-05-27 18:47:49.258,99.26,0.138058545864,0.0,0
2018-05-27 18:47:49.341,98.4,0.138058545864,0.0,0
2018-05-27 18:47:49.435,98.61,0.138058545864,0.0,0
2018-05-27 18:47:49.528,98.48,0.138058545864,0.0,0
2018-05-27 18:47:49.621,97.14,0.138058545864,0.0,0
2018-05-27 18:47:49.714,98.22,0.138058545864,0.0,0
2018-05-27 18:47:49.807,97.73,0.138058545864,0.0,0
2018-05-27 18:47:49.900,97.16,0.138058545864,0.0,0
2018-05-27 18:47:50.062,97.58,0.138058545864,0.0,0
2018-05-27 18:47:50.425,96.75,0.138058545864,0.0,0
2018-05-27 18:47:50.518,96.08,0.138058545864,0.0,0
2018-05-27 18:47:50.612,95.89,0.138058545864,0.0,0
2018-05-27 18:47:50.705,96.29,0.138058545864,0.0,0
2018-05-27 18:47:51.211,97.5,0.138058545864,0.0,0
2018-05-27 18:47:51.388,97.74,0.138058545864,0.0,0
2018-05-27 18:47:51.481,98.25,0.138058545864,0.0,0
2018-05-27 18:47:51.574,98.58,0.138058545864,0.0,0
2018-05-27 18:47:51.658,99.11,0.138058545864,0.0,0
2018-05-27 18:47:52.001,99.58,0.138058545864,0.0,0
2018-05-27 18:47:52.369,101.98,0.138058545864,0.0,0
2018-05-27 18:47:52.463,102.29,0.138058545864,0.0,0
2018-05-27 18:47:52.556,103.66,0.138058545864,0.0,0
2018-05-27 18:47:52.743,103.99,0.138058545864,0.0,0
2018-05-27 18:47:52.835,104.1,0.138058545864,0.0,0
2018-05-27 18:47:52.929,105.49,0.138058545864,0.0,0
2018-05-27 18:47:53.090,105.23,0.138058545864,0.0,0
2018-05-27 18:47:53.276,104.14,0.138058545864,0.0,0
2018-05-27 18:47:53.546,104.04,0.138058545864,0.0,0
2018-05-27 18:47:53.640,103.69,0.138058545864,0.0,0
2018-05-27 18:47:53.826,103.43,0.138058545864,0.0,0
2018-05-27 18:47:53.919,103.36,0.138058545864,0.0,0
2018-05-27 18:47:54.081,102.3,0.138058545864,0.0,0
2018-05-27 18:47:54.174,101.61,0.138058545864,0.0,0
2018-05-27 18:47:54.267,101.84,0.138058545864,0.0,0
2018-05-27 18:47:54.360,102.06,0.138058545864,0.0,0
2018-05-27 18:47:54.444,101.45,0.138058545864,0.0,0
2018-05-27 18:47:54.630,100.45,0.138058545864,0.0,0
2018-05-27 18:47:55.071,100.69,0.138058545864,0.0,0
2018-05-27 18:47:55.165,100.76,0.138058545864,0.0,0
2018-05-27 18:47:55.248,100.72,0.138058545864,0.0,0
2018-05-27 18:47:55.342,99.82,0.138058545864,0.0,0
2018-05-27 18:47:55.519,100.62,0.138058545864,0.0,0
2018-05-27 18:47:55.612,100.88,0.138058545864,0.0,0
2018-05-27 18:47:55.798,102.49,0.138058545864,0.0,0
2018-05-27 18:47:56.323,104.99,0.138058545864,0.0,0
2018-05-27 18:47:56.584,105.95,0.138058545864,0.0,0
2018-05-27 18:47:56.677,106.65,0.138058545864,0.0,0
2018-05-27 18:47:56.770,107.97,0.138058545864,0.0,0
2018-05-27 18:47:56.863,107.63,0.138058545864,0.0,0
2018-05-27 18:47:57.016,108.69,0.138058545864,0.0,0
2018-05-27 18:47:57.109,110.23,0.138058545864,0.0,0
2018-05-27 18:47:57.202,110.69,0.138058545864,0.0,0
2018-05-27 18:47:57.565,112.8,0.138058545864,0.0,0
2018-05-27 18:47:58.090,115.51,0.138058545864,0.0,0
2018-05-27 18:47:58.183,117.61,0.138058545864,0.0,0
2018-05-27 18:47:58.454,119.3,0.138058545864,0.0,0
2018-05-27 18:47:58.547,121.02,0.138058545864,0.0,0
2018-05-27 18:47:58.630,120.9,0.138058545864,0.0,0
2018-05-27 18:47:58.723,122.67,0.138058545864,0.0,0
2018-05-27 18:47:59.071,125.16,0.12504656064,0.0250000003725,0
2018-05-27 18:47:59.165,125.87,0.112810386877,0.0250000003725,0
2018-05-27 18:47:59.258,125.68,0.101339266172,0.0250000003725,0
2018-05-27 18:47:59.342,127.33,0.0906213267703,0.0250000003725,0
2018-05-27 18:47:59.435,127.52,0.0806434671136,0.0250000003725,0
2018-05-27 18:47:59.528,127.65,0.0806434671136,0.0,0
2018-05-27 18:47:59.621,128.77,0.0806434671136,0.0,0
2018-05-27 18:47:59.807,129.25,0.0806434671136,0.0,0
2018-05-27 18:47:59.900,128.29,0.0806434671136,0.0,0
2018-05-27 18:48:00.155,127.37,0.0806434671136,0.0,0
2018-05-27 18:48:00.248,127.17,0.0906213267703,0.0,0
2018-05-27 18:48:00.519,125.96,0.101339266172,0.0,0
2018-05-27 18:48:00.612,124.83,0.112810386877,0.0,0
2018-05-27 18:48:00.799,124.48,0.12504656064,0.0,0
2018-05-27 18:48:01.239,122.23,0.138058545864,0.0,0
2018-05-27 18:48:01.509,121.07,0.138058545864,0.0,0
2018-05-27 18:48:01.695,120.44,0.138058545864,0.0,0
2018-05-27 18:48:01.789,120.52,0.138058545864,0.0,0
2018-05-27 18:48:02.118,118.32,0.138058545864,0.0,0
2018-05-27 18:48:02.305,118.04,0.138058545864,0.0,0
2018-05-27 18:48:02.388,117.78,0.138058545864,0.0,0
2018-05-27 18:48:02.481,117.11,0.138058545864,0.0,0
2018-05-27 18:48:02.574,117.57,0.138058545864,0.0,0
2018-05-27 18:48:02.667,115.75,0.138058545864,0.0,0
2018-05-27 18:48:02.854,115.04,0.138058545864,0.0,0
2018-05-27 18:48:03.016,115.35,0.138058545864,0.0,0
2018-05-27 18:48:03.109,114.15,0.138058545864,0.0,0
2018-05-27 18:48:03.379,113.38,0.138058545864,0.0,0
2018-05-27 18:48:03.472,113.57,0.138058545864,0.0,0
2018-05-27 18:48:03.658,112.93,0.138058545864,0.0,0
2018-05-27 18:48:03.844,111.2,0.138058545864,0.0,0
2018-05-27 18:48:04.006,112.15,0.138058545864,0.0,0
2018-05-27 18:48:04.193,110.75,0.138058545864,0.0,0
2018-05-27 18:48:04.286,110.73,0.138058545864,0.0,0
2018-05-27 18:48:05.183,107.24,0.138058545864,0.0,0
2018-05-27 18:48:05.277,106.5,0.138058545864,0.0,0
2018-05-27 18:48:05.360,105.9,0.138058545864,0.0,0
2018-05-27 18:48:05.453,106.64,0.138058545864,0.0,0
2018-05-27 18:48:05.640,104.8,0.138058545864,0.0,0
2018-05-27 18:48:05.733,104.44,0.138058545864,0.0,0
2018-05-27 18:48:05.920,104.72,0.138058545864,0.0,0
2018-05-27 18:48:06.072,104.26,0.138058545864,0.0,0
2018-05-27 18:48:06.165,103.59,0.138058545864,0.0,0
2018-05-27 18:48:06.258,102.85,0.138058545864,0.0,0
2018-05-27 18:48:06.342,102.49,0.138058545864,0.0,0
2018-05-27 18:48:06.519,103.13,0.138058545864,0.0,0
2018-05-27 18:48:06.602,103.06,0.138058545864,0.0,0
2018-05-27 18:48:06.789,101.95,0.138058545864,0.0,0
2018-05-27 18:48:06.874,101.72,0.138058545864,0.0,0
2018-05-27 18:48:07.039,102.34,0.138058545864,0.0,0
2018-05-27 18:48:07.127,102.58,0.138058545864,0.0,0
2018-05-27 18:48:07.305,102.81,0.138058545864,0.0,0
2018-05-27 18:48:07.397,103.04,0.138058545864,0.0,0
2018-05-27 18:48:07.453,102.78,0.138058545864,0.0,0
2018-05-27 18:48:07.568,103.72,0.138058545864,0.0,0
2018-05-27 18:48:07.751,103.66,0.138058545864,0.0,0
2018-05-27 18:48:07.845,105.11,0.138058545864,0.0,0
2018-05-27 18:48:08.099,105.83,0.138058545864,0.0,0
2018-05-27 18:48:08.193,106.56,0.138058545864,0.0,0
2018-05-27 18:48:08.370,108.45,0.138058545864,0.0,0
2018-05-27 18:48:08.463,108.53,0.138058545864,0.0,0
2018-05-27 18:48:08.556,109.95,0.138058545864,0.0,0
2018-05-27 18:48:08.649,109.89,0.138058545864,0.0,0
2018-05-27 18:48:08.742,110.47,0.138058545864,0.0,0
2018-05-27 18:48:08.835,112.07,0.138058545864,0.0,0
2018-05-27 18:48:08.928,111.88,0.138058545864,0.0,0
2018-05-27 18:48:09.090,112.58,0.138058545864,0.0,0
2018-05-27 18:48:09.183,111.11,0.138058545864,0.0,0
2018-05-27 18:48:09.276,111.34,0.138058545864,0.0,0
2018-05-27 18:48:09.369,111.55,0.138058545864,0.0,0
2018-05-27 18:48:09.546,109.95,0.138058545864,0.0,0
2018-05-27 18:48:09.640,110.48,0.138058545864,0.0,0
2018-05-27 18:48:09.733,110.04,0.138058545864,0.0,0
2018-05-27 18:48:09.919,110.69,0.138058545864,0.0,0
2018-05-27 18:48:10.081,110.82,0.138058545864,0.0,0
2018-05-27 18:48:10.174,111.18,0.138058545864,0.0,0
2018-05-27 18:48:10.267,110.99,0.138058545864,0.0,0
2018-05-27 18:48:10.351,111.91,0.138058545864,0.0,0
2018-05-27 18:48:10.444,113.19,0.138058545864,0.0,0
2018-05-27 18:48:10.537,113.65,0.138058545864,0.0,0
2018-05-27 18:48:10.723,114.63,0.138058545864,0.0,0
2018-05-27 18:48:10.817,116.79,0.138058545864,0.0,0
2018-05-27 18:48:11.071,118.5,0.138058545864,0.0,0
2018-05-27 18:48:11.165,118.75,0.138058545864,0.0,0
2018-05-27 18:48:11.258,120.05,0.138058545864,0.0,0
2018-05-27 18:48:11.518,120.53,0.138058545864,0.0,0
2018-05-27 18:48:11.612,121.38,0.138058545864,0.0,0
2018-05-27 18:48:11.695,120.27,0.138058545864,0.0,0
2018-05-27 18:48:11.789,120.91,0.138058545864,0.0,0
2018-05-27 18:48:11.872,120.38,0.138058545864,0.0,0
2018-05-27 18:48:12.118,119.65,0.138058545864,0.0,0
2018-05-27 18:48:12.202,118.64,0.138058545864,0.0,0
2018-05-27 18:48:12.388,117.91,0.138058545864,0.0,0
2018-05-27 18:48:12.565,117.46,0.138058545864,0.0,0
2018-05-27 18:48:12.658,117.41,0.138058545864,0.0,0
2018-05-27 18:48:12.845,116.62,0.138058545864,0.0,0
2018-05-27 18:48:13.099,115.57,0.138058545864,0.0,0
2018-05-27 18:48:13.193,114.9,0.138058545864,0.0,0
2018-05-27 18:48:13.379,114.35,0.138058545864,0.0,0
2018-05-27 18:48:13.463,113.54,0.138058545864,0.0,0
2018-05-27 18:48:13.649,112.89,0.138058545864,0.0,0
2018-05-27 18:48:13.742,112.93,0.138058545864,0.0,0
2018-05-27 18:48:13.919,112.06,0.138058545864,0.0,0
2018-05-27 18:48:14.174,111.52,0.138058545864,0.0,0
2018-05-27 18:48:14.267,111.57,0.138058545864,0.0,0
2018-05-27 18:48:14.351,110.83,0.138058545864,0.0,0
2018-05-27 18:48:14.435,110.93,0.138058545864,0.0,0
2018-05-27 18:48:14.519,109.8,0.138058545864,0.0,0
2018-05-27 18:48:14.612,109.1,0.138058545864,0.0,0
2018-05-27 18:48:14.705,109.42,0.138058545864,0.0,0
2018-05-27 18:48:14.798,108.37,0.138058545864,0.0,0
2018-05-27 18:48:14.882,108.24,0.138058545864,0.0,0
2018-05-27 18:48:15.053,108.54,0.138058545864,0.0,0
2018-05-27 18:48:15.146,107.33,0.138058545864,0.0,0
2018-05-27 18:48:15.239,106.93,0.138058545864,0.0,0
2018-05-27 18:48:15.519,105.99,0.138058545864,0.0,0
2018-05-27 18:48:15.612,106.63,0.138058545864,0.0,0
2018-05-27 18:48:15.706,106.36,0.138058545864,0.0,0
2018-05-27 18:48:15.798,105.14,0.138058545864,0.0,0
2018-05-27 18:48:15.882,104.78,0.138058545864,0.0,0
2018-05-27 18:48:16.044,105.25,0.138058545864,0.0,0
2018-05-27 18:48:16.137,104.8,0.138058545864,0.0,0
2018-05-27 18:48:16.230,103.26,0.138058545864,0.0,0
2018-05-27 18:48:16.323,103.59,0.138058545864,0.0,0
2018-05-27 18:48:16.411,103.4,0.138058545864,0.0,0
2018-05-27 18:48:16.500,102.72,0.138058545864,0.0,0
2018-05-27 18:48:16.585,102.45,0.138058545864,0.0,0
2018-05-27 18:48:16.761,102.11,0.138058545864,0.0,0
2018-05-27 18:48:16.854,101.86,0.138058545864,0.0,0
2018-05-27 18:48:17.016,100.91,0.138058545864,0.0,0
2018-05-27 18:48:17.109,101.22,0.138058545864,0.0,0
2018-05-27 18:48:17.202,100.84,0.138058545864,0.0,0
2018-05-27 18:48:17.295,100.94,0.138058545864,0.0,0
2018-05-27 18:48:17.472,100.02,0.138058545864,0.0,0
2018-05-27 18:48:17.565,99.7,0.138058545864,0.0,0
2018-05-27 18:48:17.751,98.72,0.138058545864,0.0,0
2018-05-27 18:48:18.007,98.64,0.138058545864,0.0,0
2018-05-27 18:48:18.099,98.28,0.138058545864,0.0,0
2018-05-27 18:48:18.193,97.99,0.138058545864,0.0,0
2018-05-27 18:48:18.370,97.39,0.138058545864,0.0,0
2018-05-27 18:48:18.556,96.77,0.138058545864,0.0,0
2018-05-27 18:48:18.649,96.57,0.138058545864,0.0,0
2018-05-27 18:48:18.742,96.49,0.138058545864,0.0,0
2018-05-27 18:48:18.835,95.47,0.138058545864,0.0,0
2018-05-27 18:48:18.928,95.2,0.138058545864,0.0,0
2018-05-27 18:48:19.090,94.81,0.138058545864,0.0,0
2018-05-27 18:48:19.276,94.39,0.138058545864,0.0,0
2018-05-27 18:48:19.360,94.22,0.138058545864,0.0,0
2018-05-27 18:48:19.454,93.81,0.138058545864,0.0,0
2018-05-27 18:48:19.630,92.93,0.138058545864,0.0,0
2018-05-27 18:48:19.817,92.05,0.138058545864,0.0,0
2018-05-27 18:48:19.891,93.01,0.138058545864,0.0,0
2018-05-27 18:48:20.062,92.66,0.138058545864,0.0,0
2018-05-27 18:48:20.146,92.5,0.138058545864,0.0,0
2018-05-27 18:48:20.239,92.24,0.138058545864,0.0,0
2018-05-27 18:48:20.426,91.73,0.138058545864,0.0,0
2018-05-27 18:48:20.519,90.63,0.138058545864,0.0,0
2018-05-27 18:48:20.612,91.18,0.138058545864,0.0,0
2018-05-27 18:48:20.705,90.59,0.138058545864,0.0,0
2018-05-27 18:48:20.789,89.96,0.138058545864,0.0,0
2018-05-27 18:48:20.882,89.68,0.138058545864,0.0,0
2018-05-27 18:48:21.039,90.45,0.138058545864,0.0,0
2018-05-27 18:48:21.127,90.05,0.138058545864,0.0,0
2018-05-27 18:48:21.397,91.12,0.138058545864,0.0,0
2018-05-27 18:48:21.481,90.81,0.138058545864,0.0,0
2018-05-27 18:48:21.575,91.21,0.138058545864,0.0,0
2018-05-27 18:48:21.668,91.2,0.138058545864,0.0,0
2018-05-27 18:48:22.193,95.1,0.138058545864,0.0,0
2018-05-27 18:48:22.733,99.57,0.138058545864,0.0,0
2018-05-27 18:48:22.826,100.55,0.138058545864,0.0,0
2018-05-27 18:48:23.174,100.49,0.138058545864,0.0,0
2018-05-27 18:48:23.444,100.05,0.138058545864,0.0,0
2018-05-27 18:48:23.538,99.99,0.138058545864,0.0,0
2018-05-27 18:48:23.714,99.41,0.138058545864,0.0,0
2018-05-27 18:48:23.807,98.6,0.138058545864,0.0,0
2018-05-27 18:48:23.900,99.1,0.138058545864,0.0,0
2018-05-27 18:48:24.062,98.81,0.138058545864,0.0,0
2018-05-27 18:48:24.155,97.75,0.138058545864,0.0,0
2018-05-27 18:48:24.248,97.67,0.138058545864,0.0,0
2018-05-27 18:48:24.333,97.51,0.138058545864,0.0,0
2018-05-27 18:48:24.426,97.01,0.138058545864,0.0,0
2018-05-27 18:48:24.519,96.81,0.138058545864,0.0,0
2018-05-27 18:48:24.612,96.19,0.138058545864,0.0,0
2018-05-27 18:48:24.705,96.38,0.138058545864,0.0,0
2018-05-27 18:48:24.799,95.76,0.138058545864,0.0,0
2018-05-27 18:48:24.891,96.13,0.138058545864,0.0,0
2018-05-27 18:48:25.053,95.34,0.138058545864,0.0,0
2018-05-27 18:48:25.239,95.48,0.138058545864,0.0,0
2018-05-27 18:48:25.426,94.36,0.138058545864,0.0,0
2018-05-27 18:48:25.519,94.32,0.138058545864,0.0,0
2018-05-27 18:48:25.612,94.41,0.138058545864,0.0,0
2018-05-27 18:48:25.705,93.71,0.138058545864,0.0,0
2018-05-27 18:48:25.891,93.01,0.138058545864,0.0,0
2018-05-27 18:48:26.146,92.6,0.138058545864,0.0,0
2018-05-27 18:48:26.332,92.38,0.138058545864,0.0,0
2018-05-27 18:48:26.425,92.55,0.138058545864,0.0,0
2018-05-27 18:48:26.519,92.86,0.138058545864,0.0,0
2018-05-27 18:48:26.612,93.06,0.138058545864,0.0,0
2018-05-27 18:48:26.705,93.36,0.138058545864,0.0,0
2018-05-27 18:48:26.799,93.44,0.138058545864,0.0,0
2018-05-27 18:48:26.882,93.85,0.138058545864,0.0,0
2018-05-27 18:48:27.044,94.26,0.138058545864,0.0,0
2018-05-27 18:48:27.137,95.11,0.138058545864,0.0,0
2018-05-27 18:48:27.230,95.24,0.138058545864,0.0,0
2018-05-27 18:48:27.323,95.95,0.138058545864,0.0,0
2018-05-27 18:48:27.416,96.08,0.138058545864,0.0,0
2018-05-27 18:48:27.491,97.3,0.138058545864,0.0,0
2018-05-27 18:48:27.677,98.83,0.138058545864,0.0,0
2018-05-27 18:48:27.770,98.57,0.138058545864,0.0,0
2018-05-27 18:48:28.025,100.39,0.138058545864,0.0,0
2018-05-27 18:48:28.109,101.46,0.138058545864,0.0,0
2018-05-27 18:48:28.203,102.02,0.138058545864,0.0,0
2018-05-27 18:48:28.474,104.69,0.138058545864,0.0,0
2018-05-27 18:48:28.751,105.81,0.138058545864,0.0,0
2018-05-27 18:48:28.845,104.05,0.138058545864,0.0,0
2018-05-27 18:48:29.006,104.22,0.138058545864,0.0,0
2018-05-27 18:48:29.091,104.04,0.138058545864,0.0,0
2018-05-27 18:48:29.184,103.62,0.138058545864,0.0,0
2018-05-27 18:48:29.277,104.02,0.138058545864,0.0,0
2018-05-27 18:48:29.454,102.18,0.138058545864,0.0,0
2018-05-27 18:48:29.826,101.77,0.138058545864,0.0,0
2018-05-27 18:48:29.919,100.52,0.138058545864,0.0,0
2018-05-27 18:48:30.072,100.62,0.138058545864,0.0,0
2018-05-27 18:48:30.165,100.27,0.138058545864,0.0,0
2018-05-27 18:48:30.258,99.75,0.138058545864,0.0,0
2018-05-27 18:48:30.351,100.49,0.138058545864,0.0,0
2018-05-27 18:48:30.528,99.84,0.138058545864,0.0,0
2018-05-27 18:48:30.621,99.26,0.138058545864,0.0,0
2018-05-27 18:48:30.799,98.94,0.138058545864,0.0,0
2018-05-27 18:48:31.053,97.07,0.138058545864,0.0,0
2018-05-27 18:48:31.425,95.74,0.138058545864,0.0,0
2018-05-27 18:48:31.519,96.03,0.138058545864,0.0,0
2018-05-27 18:48:31.882,94.91,0.138058545864,0.0,0
2018-05-27 18:48:32.044,95.6,0.138058545864,0.0,0
2018-05-27 18:48:32.500,95.67,0.138058545864,0.0,0
2018-05-27 18:48:32.863,97.66,0.138058545864,0.0,0
2018-05-27 18:48:33.025,97.54,0.138058545864,0.0,0
2018-05-27 18:48:33.118,97.46,0.138058545864,0.0,0
2018-05-27 18:48:33.211,99.06,0.138058545864,0.0,0
2018-05-27 18:48:33.388,99.78,0.138058545864,0.0,0
2018-05-27 18:48:33.481,100.02,0.138058545864,0.0,0
2018-05-27 18:48:33.575,102.4,0.138058545864,0.0,0
2018-05-27 18:48:33.658,102.54,0.138058545864,0.0,0
2018-05-27 18:48:33.751,103.49,0.138058545864,0.0,0
2018-05-27 18:48:34.006,102.71,0.138058545864,0.0,0
2018-05-27 18:48:34.100,102.99,0.138058545864,0.0,0
2018-05-27 18:48:34.286,102.6,0.138058545864,0.0,0
2018-05-27 18:48:34.556,101.49,0.138058545864,0.0,0
2018-05-27 18:48:34.649,101.2,0.138058545864,0.0,0
2018-05-27 18:48:35.090,99.69,0.138058545864,0.0,0
2018-05-27 18:48:35.183,99.49,0.138058545864,0.0,0
2018-05-27 18:48:35.370,100.22,0.138058545864,0.0,0
2018-05-27 18:48:35.537,99.5,0.138058545864,0.0,0
2018-05-27 18:48:35.817,100.58,0.138058545864,0.0,0
2018-05-27 18:48:35.910,100.38,0.138058545864,0.0,0
2018-05-27 18:48:36.072,100.63,0.138058545864,0.0,0
2018-05-27 18:48:36.165,101.22,0.138058545864,0.0,0
2018-05-27 18:48:36.258,101.74,0.138058545864,0.0,0
2018-05-27 18:48:36.351,102.04,0.138058545864,0.0,0
2018-05-27 18:48:36.519,103.12,0.138058545864,0.0,0
2018-05-27 18:48:36.612,102.28,0.138058545864,0.0,0
2018-05-27 18:48:36.705,103.77,0.138058545864,0.0,0
2018-05-27 18:48:36.798,104.96,0.138058545864,0.0,0
2018-05-27 18:48:36.882,105.02,0.138058545864,0.0,0
2018-05-27 18:48:37.044,105.8,0.138058545864,0.0,0
2018-05-27 18:48:37.137,106.03,0.138058545864,0.0,0
2018-05-27 18:48:37.230,105.49,0.138058545864,0.0,0
2018-05-27 18:48:37.324,107.71,0.138058545864,0.0,0
2018-05-27 18:48:37.411,108.48,0.138058545864,0.0,0
2018-05-27 18:48:37.584,109.38,0.138058545864,0.0,0
2018-05-27 18:48:37.677,110.35,0.138058545864,0.0,0
2018-05-27 18:48:37.770,110.08,0.138058545864,0.0,0
2018-05-27 18:48:37.845,111.72,0.138058545864,0.0,0
2018-05-27 18:48:38.016,112.66,0.138058545864,0.0,0
2018-05-27 18:48:38.109,112.05,0.138058545864,0.0,0
2018-05-27 18:48:38.202,112.94,0.138058545864,0.0,0
2018-05-27 18:48:38.388,113.04,0.138058545864,0.0,0
2018-05-27 18:48:38.463,113.65,0.138058545864,0.0,0
2018-05-27 18:48:38.556,114.74,0.138058545864,0.0,0
2018-05-27 18:48:38.649,113.9,0.138058545864,0.0,0
2018-05-27 18:48:38.742,114.58,0.138058545864,0.0,0
2018-05-27 18:48:38.835,113.18,0.138058545864,0.0,0
2018-05-27 18:48:39.081,113.07,0.138058545864,0.0,0
2018-05-27 18:48:39.174,112.29,0.138058545864,0.0,0
2018-05-27 18:48:39.276,112.36,0.138058545864,0.0,0
2018-05-27 18:48:39.370,111.0,0.138058545864,0.0,0
2018-05-27 18:48:39.446,111.36,0.138058545864,0.0,0
2018-05-27 18:48:39.547,111.58,0.138058545864,0.0,0
2018-05-27 18:48:39.640,110.95,0.138058545864,0.0,0
2018-05-27 18:48:39.733,111.91,0.138058545864,0.0,0
2018-05-27 18:48:39.826,111.54,0.138058545864,0.0,0
2018-05-27 18:48:39.919,112.14,0.138058545864,0.0,0
2018-05-27 18:48:40.081,112.19,0.138058545864,0.0,0
2018-05-27 18:48:40.174,112.9,0.138058545864,0.0,0
2018-05-27 18:48:40.267,113.71,0.138058545864,0.0,0
2018-05-27 18:48:40.351,113.11,0.138058545864,0.0,0
2018-05-27 18:48:40.444,114.87,0.138058545864,0.0,0
2018-05-27 18:48:40.537,114.16,0.138058545864,0.0,0
2018-05-27 18:48:40.630,115.21,0.138058545864,0.0,0
2018-05-27 18:48:40.724,115.61,0.138058545864,0.0,0
2018-05-27 18:48:40.817,117.56,0.138058545864,0.0,0
2018-05-27 18:48:40.910,117.34,0.138058545864,0.0,0
2018-05-27 18:48:41.072,119.39,0.138058545864,0.0,0
2018-05-27 18:48:41.165,119.44,0.138058545864,0.0,0
2018-05-27 18:48:41.258,121.36,0.138058545864,0.0,0
2018-05-27 18:48:41.342,121.11,0.138058545864,0.0,0
2018-05-27 18:48:41.435,123.0,0.138058545864,0.0,0
2018-05-27 18:48:41.528,121.75,0.138058545864,0.0,0
2018-05-27 18:48:41.714,125.37,0.12504656064,0.0250000003725,0
2018-05-27 18:48:41.807,125.1,0.112810386877,0.0250000003725,0
2018-05-27 18:48:41.900,125.88,0.101339266172,0.0250000003725,0
2018-05-27 18:48:42.063,126.92,0.0906213267703,0.0250000003725,0
2018-05-27 18:48:42.155,127.04,0.0906213267703,0.0,0
2018-05-27 18:48:42.334,126.14,0.0906213267703,0.0,0
2018-05-27 18:48:42.426,125.69,0.0906213267703,0.0,0
2018-05-27 18:48:42.612,124.65,0.0906213267703,0.0,0
2018-05-27 18:48:42.705,123.95,0.0906213267703,0.0,0
2018-05-27 18:48:42.798,123.5,0.0906213267703,0.0,0
2018-05-27 18:48:43.053,122.8,0.101339266172,0.0,0
2018-05-27 18:48:43.239,122.27,0.112810386877,0.0,0
2018-05-27 18:48:43.323,121.09,0.12504656064,0.0,0
2018-05-27 18:48:43.416,121.52,0.138058545864,0.0,0
2018-05-27 18:48:43.696,120.07,0.138058545864,0.0,0
2018-05-27 18:48:43.789,119.16,0.138058545864,0.0,0
2018-05-27 18:48:43.877,119.4,0.138058545864,0.0,0
2018-05-27 18:48:44.034,118.31,0.138058545864,0.0,0
2018-05-27 18:48:44.118,117.02,0.138058545864,0.0,0
2018-05-27 18:48:44.211,118.06,0.138058545864,0.0,0
2018-05-27 18:48:44.305,116.99,0.138058545864,0.0,0
2018-05-27 18:48:44.575,116.95,0.138058545864,0.0,0
2018-05-27 18:48:44.668,115.8,0.138058545864,0.0,0
2018-05-27 18:48:44.761,116.09,0.138058545864,0.0,0
2018-05-27 18:48:44.854,114.91,0.138058545864,0.0,0
2018-05-27 18:48:45.016,115.06,0.138058545864,0.0,0
2018-05-27 18:48:45.295,113.37,0.138058545864,0.0,0
2018-05-27 18:48:45.379,112.43,0.138058545864,0.0,0
2018-05-27 18:48:45.565,112.2,0.138058545864,0.0,0
2018-05-27 18:48:45.658,112.31,0.138058545864,0.0,0
2018-05-27 18:48:46.006,111.47,0.138058545864,0.0,0
2018-05-27 18:48:46.193,110.58,0.138058545864,0.0,0
2018-05-27 18:48:46.286,109.59,0.138058545864,0.0,0
2018-05-27 18:48:46.463,108.81,0.138058545864,0.0,0
2018-05-27 18:48:46.649,107.95,0.138058545864,0.0,0
2018-05-27 18:48:46.835,107.74,0.138058545864,0.0,0
2018-05-27 18:48:46.928,107.03,0.138058545864,0.0,0
2018-05-27 18:48:47.090,107.21,0.138058545864,0.0,0
2018-05-27 18:48:47.183,107.77,0.138058545864,0.0,0
2018-05-27 18:48:47.364,106.53,0.138058545864,0.0,0
2018-05-27 18:48:47.453,106.81,0.138058545864,0.0,0
2018-05-27 18:48:47.547,107.92,0.138058545864,0.0,0
2018-05-27 18:48:47.640,107.17,0.138058545864,0.0,0
2018-05-27 18:48:47.733,106.09,0.138058545864,0.0,0
2018-05-27 18:48:47.826,107.99,0.138058545864,0.0,0
2018-05-27 18:48:48.183,108.33,0.138058545864,0.0,0
2018-05-27 18:48:48.547,110.78,0.138058545864,0.0,0
2018-05-27 18:48:48.630,110.53,0.138058545864,0.0,0
2018-05-27 18:48:48.714,112.41,0.138058545864,0.0,0
2018-05-27 18:48:48.901,113.63,0.138058545864,0.0,0
2018-05-27 18:48:49.062,114.2,0.138058545864,0.0,0
2018-05-27 18:48:49.239,113.88,0.138058545864,0.0,0
2018-05-27 18:48:49.323,114.53,0.138058545864,0.0,0
2018-05-27 18:48:49.416,112.91,0.138058545864,0.0,0
2018-05-27 18:48:49.519,113.13,0.138058545864,0.0,0
2018-05-27 18:48:49.705,112.62,0.138058545864,0.0,0
2018-05-27 18:48:49.798,111.34,0.138058545864,0.0,0
2018-05-27 18:48:49.882,110.72,0.138058545864,0.0,0
2018-05-27 18:48:50.044,111.14,0.138058545864,0.0,0
2018-05-27 18:48:50.137,110.19,0.138058545864,0.0,0
2018-05-27 18:48:50.230,110.69,0.138058545864,0.0,0
2018-05-27 18:48:50.323,110.0,0.138058545864,0.0,0
2018-05-27 18:48:50.416,109.65,0.138058545864,0.0,0
2018-05-27 18:48:50.500,108.31,0.138058545864,0.0,0
2018-05-27 18:48:50.584,108.36,0.138058545864,0.0,0
2018-05-27 18:48:50.668,108.64,0.138058545864,0.0,0
2018-05-27 18:48:50.854,107.68,0.138058545864,0.0,0
2018-05-27 18:48:51.016,107.26,0.138058545864,0.0,0
2018-05-27 18:48:51.295,106.38,0.138058545864,0.0,0
2018-05-27 18:48:51.379,106.65,0.138058545864,0.0,0
2018-05-27 18:48:51.472,107.2,0.138058545864,0.0,0
2018-05-27 18:48:51.565,106.63,0.138058545864,0.0,0
2018-05-27 18:48:51.742,107.49,0.138058545864,0.0,0
2018-05-27 18:48:51.835,107.92,0.138058545864,0.0,0
2018-05-27 18:48:51.928,107.9,0.138058545864,0.0,0
2018-05-27 18:48:52.183,109.81,0.138058545864,0.0,0
2018-05-27 18:48:52.277,110.02,0.138058545864,0.0,0
2018-05-27 18:48:52.370,110.87,0.138058545864,0.0,0
2018-05-27 18:48:52.454,111.79,0.138058545864,0.0,0
2018-05-27 18:48:52.547,111.97,0.138058545864,0.0,0
2018-05-27 18:48:52.640,112.92,0.138058545864,0.0,0
2018-05-27 18:48:52.733,113.62,0.138058545864,0.0,0
2018-05-27 18:48:52.826,114.11,0.138058545864,0.0,0
2018-05-27 18:48:52.919,114.35,0.138058545864,0.0,0
2018-05-27 18:48:53.081,115.82,0.138058545864,0.0,0
2018-05-27 18:48:53.174,116.08,0.138058545864,0.0,0
2018-05-27 18:48:53.351,117.74,0.138058545864,0.0,0
2018-05-27 18:48:53.445,116.17,0.138058545864,0.0,0
2018-05-27 18:48:53.537,117.45,0.138058545864,0.0,0
2018-05-27 18:48:53.631,116.56,0.138058545864,0.0,0
2018-05-27 18:48:53.724,115.91,0.138058545864,0.0,0
2018-05-27 18:48:53.910,115.79,0.138058545864,0.0,0
2018-05-27 18:48:54.072,114.97,0.138058545864,0.0,0
2018-05-27 18:48:54.165,115.23,0.138058545864,0.0,0
2018-05-27 18:48:54.258,113.3,0.138058545864,0.0,0
2018-05-27 18:48:54.351,114.29,0.138058545864,0.0,0
2018-05-27 18:48:54.519,113.24,0.138058545864,0.0,0
2018-05-27 18:48:54.798,112.84,0.138058545864,0.0,0
2018-05-27 18:48:54.892,111.19,0.138058545864,0.0,0
2018-05-27 18:48:55.053,111.21,0.138058545864,0.0,0
2018-05-27 18:48:55.146,111.67,0.138058545864,0.0,0
2018-05-27 18:48:55.239,110.52,0.138058545864,0.0,0
2018-05-27 18:48:55.333,110.98,0.138058545864,0.0,0
2018-05-27 18:48:55.426,109.85,0.138058545864,0.0,0
2018-05-27 18:48:55.509,110.09,0.138058545864,0.0,0
2018-05-27 18:48:55.603,109.27,0.138058545864,0.0,0
2018-05-27 18:48:55.696,109.48,0.138058545864,0.0,0
2018-05-27 18:48:55.877,108.72,0.138058545864,0.0,0
2018-05-27 18:48:56.034,108.41,0.138058545864,0.0,0
2018-05-27 18:48:56.118,108.51,0.138058545864,0.0,0
2018-05-27 18:48:56.212,107.49,0.138058545864,0.0,0
2018-05-27 18:48:56.295,106.76,0.138058545864,0.0,0
2018-05-27 18:48:56.388,106.74,0.138058545864,0.0,0
2018-05-27 18:48:56.472,106.79,0.138058545864,0.0,0
2018-05-27 18:48:56.565,107.22,0.138058545864,0.0,0
2018-05-27 18:48:56.658,106.69,0.138058545864,0.0,0
2018-05-27 18:48:56.752,106.81,0.138058545864,0.0,0
2018-05-27 18:48:56.845,107.97,0.138058545864,0.0,0
2018-05-27 18:48:57.379,108.56,0.138058545864,0.0,0
2018-05-27 18:48:57.463,108.59,0.138058545864,0.0,0
2018-05-27 18:48:57.742,110.46,0.138058545864,0.0,0
2018-05-27 18:48:58.090,112.26,0.138058545864,0.0,0
2018-05-27 18:48:58.183,111.47,0.138058545864,0.0,0
2018-05-27 18:48:58.360,111.46,0.138058545864,0.0,0
2018-05-27 18:48:59.174,108.47,0.138058545864,0.0,0
2018-05-27 18:48:59.267,107.31,0.138058545864,0.0,0
2018-05-27 18:48:59.351,107.34,0.138058545864,0.0,0
2018-05-27 18:48:59.444,107.11,0.138058545864,0.0,0
2018-05-27 18:48:59.537,107.49,0.138058545864,0.0,0
2018-05-27 18:48:59.724,105.19,0.138058545864,0.0,0
2018-05-27 18:48:59.910,105.84,0.138058545864,0.0,0
2018-05-27 18:49:00.072,104.73,0.138058545864,0.0,0
2018-05-27 18:49:00.155,104.65,0.138058545864,0.0,0
2018-05-27 18:49:00.249,104.86,0.138058545864,0.0,0
2018-05-27 18:49:00.332,103.69,0.138058545864,0.0,0
2018-05-27 18:49:00.426,104.3,0.138058545864,0.0,0
2018-05-27 18:49:00.519,102.7,0.138058545864,0.0,0
2018-05-27 18:49:00.612,102.55,0.138058545864,0.0,0
2018-05-27 18:49:00.705,102.43,0.138058545864,0.0,0
2018-05-27 18:49:00.891,102.08,0.138058545864,0.0,0
2018-05-27 18:49:01.044,101.57,0.138058545864,0.0,0
2018-05-27 18:49:01.137,100.42,0.138058545864,0.0,0
2018-05-27 18:49:01.221,100.5,0.138058545864,0.0,0
2018-05-27 18:49:01.304,100.78,0.138058545864,0.0,0
2018-05-27 18:49:01.396,100.32,0.138058545864,0.0,0
2018-05-27 18:49:01.482,98.91,0.138058545864,0.0,0
2018-05-27 18:49:01.575,99.25,0.138058545864,0.0,0
2018-05-27 18:49:01.659,99.43,0.138058545864,0.0,0
2018-05-27 18:49:01.855,98.86,0.138058545864,0.0,0
2018-05-27 18:49:02.006,98.71,0.138058545864,0.0,0
2018-05-27 18:49:02.100,98.19,0.138058545864,0.0,0
2018-05-27 18:49:02.193,97.8,0.138058545864,0.0,0
2018-05-27 18:49:02.370,97.09,0.138058545864,0.0,0
2018-05-27 18:49:02.463,96.86,0.138058545864,0.0,0
2018-05-27 18:49:02.556,96.21,0.138058545864,0.0,0
2018-05-27 18:49:02.650,95.69,0.138058545864,0.0,0
2018-05-27 18:49:02.743,95.16,0.138058545864,0.0,0
2018-05-27 18:49:02.835,93.94,0.138058545864,0.0,0
2018-05-27 18:49:02.929,93.5,0.138058545864,0.0,0
2018-05-27 18:49:03.090,93.0,0.138058545864,0.0,0
2018-05-27 18:49:03.351,91.06,0.138058545864,0.0,0
2018-05-27 18:49:03.444,90.86,0.138058545864,0.0,0
2018-05-27 18:49:03.537,89.87,0.138058545864,0.0,0
2018-05-27 18:49:03.630,90.11,0.138058545864,0.0,0
2018-05-27 18:49:03.724,89.28,0.138058545864,0.0,0
2018-05-27 18:49:03.817,88.49,0.138058545864,0.0,0
2018-05-27 18:49:04.155,88.21,0.138058545864,0.0,0
2018-05-27 18:49:04.249,88.48,0.138058545864,0.0,0
2018-05-27 18:49:04.332,87.97,0.138058545864,0.0,0
2018-05-27 18:49:04.426,86.79,0.138058545864,0.0,0
2018-05-27 18:49:04.612,86.89,0.138058545864,0.0,0
2018-05-27 18:49:04.799,86.14,0.138058545864,0.0,0
2018-05-27 18:49:04.882,85.63,0.138058545864,0.0,0
2018-05-27 18:49:05.044,85.51,0.138058545864,0.0,0
2018-05-27 18:49:05.128,85.9,0.138058545864,0.0,0
2018-05-27 18:49:05.211,86.12,0.138058545864,0.0,0
2018-05-27 18:49:05.482,85.85,0.138058545864,0.0,0
2018-05-27 18:49:05.565,85.71,0.138058545864,0.0,0
2018-05-27 18:49:05.845,84.34,0.138058545864,0.0,0
2018-05-27 18:49:06.007,83.66,0.138058545864,0.0,0
2018-05-27 18:49:06.100,84.33,0.138058545864,0.0,0
2018-05-27 18:49:06.929,83.78,0.138058545864,0.0,0
2018-05-27 18:49:07.184,84.24,0.138058545864,0.0,0
2018-05-27 18:49:07.277,83.74,0.138058545864,0.0,0
2018-05-27 18:49:07.454,84.36,0.138058545864,0.0,0
2018-05-27 18:49:07.631,84.34,0.138058545864,0.0,0
2018-05-27 18:49:07.817,84.72,0.138058545864,0.0,0
2018-05-27 18:49:08.165,85.29,0.138058545864,0.0,0
2018-05-27 18:49:08.258,86.41,0.138058545864,0.0,0
2018-05-27 18:49:08.528,87.61,0.138058545864,0.0,0
2018-05-27 18:49:08.621,88.26,0.138058545864,0.0,0
2018-05-27 18:49:08.714,88.73,0.138058545864,0.0,0
2018-05-27 18:49:08.807,87.68,0.138058545864,0.0,0
2018-05-27 18:49:08.901,88.44,0.138058545864,0.0,0
2018-05-27 18:49:09.063,89.24,0.138058545864,0.0,0
2018-05-27 18:49:09.156,89.24,0.138058545864,0.0,0
2018-05-27 18:49:09.249,90.23,0.138058545864,0.0,0
2018-05-27 18:49:09.333,90.26,0.138058545864,0.0,0
2018-05-27 18:49:09.426,90.79,0.138058545864,0.0,0
2018-05-27 18:49:09.519,91.05,0.138058545864,0.0,0
2018-05-27 18:49:09.799,92.51,0.138058545864,0.0,0
2018-05-27 18:49:10.053,93.57,0.138058545864,0.0,0
2018-05-27 18:49:10.146,94.47,0.138058545864,0.0,0
2018-05-27 18:49:10.239,94.75,0.138058545864,0.0,0
2018-05-27 18:49:10.333,95.91,0.138058545864,0.0,0
2018-05-27 18:49:10.426,96.63,0.138058545864,0.0,0
2018-05-27 18:49:10.696,97.9,0.138058545864,0.0,0
2018-05-27 18:49:10.789,99.05,0.138058545864,0.0,0
2018-05-27 18:49:10.877,100.18,0.138058545864,0.0,0
2018-05-27 18:49:11.211,101.44,0.138058545864,0.0,0
2018-05-27 18:49:11.305,101.54,0.138058545864,0.0,0
2018-05-27 18:49:11.388,101.28,0.138058545864,0.0,0
2018-05-27 18:49:11.482,100.77,0.138058545864,0.0,0
2018-05-27 18:49:11.575,100.6,0.138058545864,0.0,0
2018-05-27 18:49:11.668,99.67,0.138058545864,0.0,0
2018-05-27 18:49:11.761,99.15,0.138058545864,0.0,0
2018-05-27 18:49:12.202,98.85,0.138058545864,0.0,0
2018-05-27 18:49:12.379,99.19,0.138058545864,0.0,0
2018-05-27 18:49:12.472,99.33,0.138058545864,0.0,0
2018-05-27 18:49:12.752,99.15,0.138058545864,0.0,0
2018-05-27 18:49:13.007,101.15,0.138058545864,0.0,0
2018-05-27 18:49:13.193,101.89,0.138058545864,0.0,0
2018-05-27 18:49:13.286,102.81,0.138058545864,0.0,0
2018-05-27 18:49:13.742,105.75,0.138058545864,0.0,0
2018-05-27 18:49:13.836,107.83,0.138058545864,0.0,0
2018-05-27 18:49:14.090,108.01,0.138058545864,0.0,0
2018-05-27 18:49:14.184,110.0,0.138058545864,0.0,0
2018-05-27 18:49:14.361,110.94,0.138058545864,0.0,0
2018-05-27 18:49:14.454,111.84,0.138058545864,0.0,0
2018-05-27 18:49:14.547,112.38,0.138058545864,0.0,0
2018-05-27 18:49:14.826,114.22,0.138058545864,0.0,0
2018-05-27 18:49:15.174,115.14,0.138058545864,0.0,0
2018-05-27 18:49:15.444,112.94,0.138058545864,0.0,0
2018-05-27 18:49:15.538,113.2,0.138058545864,0.0,0
2018-05-27 18:49:15.631,113.51,0.138058545864,0.0,0
2018-05-27 18:49:15.724,112.17,0.138058545864,0.0,0
2018-05-27 18:49:16.072,112.06,0.138058545864,0.0,0
2018-05-27 18:49:16.165,110.56,0.138058545864,0.0,0
2018-05-27 18:49:16.258,110.99,0.138058545864,0.0,0
2018-05-27 18:49:16.435,110.24,0.138058545864,0.0,0
2018-05-27 18:49:16.528,109.92,0.138058545864,0.0,0
2018-05-27 18:49:16.621,110.67,0.138058545864,0.0,0
2018-05-27 18:49:16.714,110.59,0.138058545864,0.0,0
2018-05-27 18:49:16.808,110.9,0.138058545864,0.0,0
2018-05-27 18:49:16.901,111.05,0.138058545864,0.0,0
2018-05-27 18:49:17.063,110.95,0.138058545864,0.0,0
2018-05-27 18:49:17.156,111.78,0.138058545864,0.0,0
2018-05-27 18:49:17.333,112.51,0.138058545864,0.0,0
2018-05-27 18:49:17.510,114.37,0.138058545864,0.0,0
2018-05-27 18:49:17.696,115.7,0.138058545864,0.0,0
2018-05-27 18:49:18.025,115.7,0.138058545864,0.0,0
2018-05-27 18:49:18.128,115.48,0.138058545864,0.0,0
2018-05-27 18:49:18.212,114.97,0.138058545864,0.0,0
2018-05-27 18:49:18.305,113.74,0.138058545864,0.0,0
2018-05-27 18:49:18.398,114.5,0.138058545864,0.0,0
2018-05-27 18:49:18.575,113.05,0.138058545864,0.0,0
2018-05-27 18:49:18.668,113.17,0.138058545864,0.0,0
2018-05-27 18:49:18.761,112.1,0.138058545864,0.0,0
2018-05-27 18:49:18.854,112.44,0.138058545864,0.0,0
2018-05-27 18:49:19.109,111.29,0.138058545864,0.0,0
2018-05-27 18:49:19.202,111.27,0.138058545864,0.0,0
2018-05-27 18:49:19.296,109.91,0.138058545864,0.0,0
2018-05-27 18:49:19.389,110.46,0.138058545864,0.0,0
2018-05-27 18:49:19.472,110.22,0.138058545864,0.0,0
2018-05-27 18:49:19.566,109.15,0.138058545864,0.0,0
2018-05-27 18:49:19.659,109.08,0.138058545864,0.0,0
2018-05-27 18:49:20.007,108.39,0.138058545864,0.0,0
2018-05-27 18:49:20.100,108.04,0.138058545864,0.0,0
2018-05-27 18:49:20.286,107.01,0.138058545864,0.0,0
2018-05-27 18:49:20.370,106.9,0.138058545864,0.0,0
2018-05-27 18:49:20.463,106.63,0.138058545864,0.0,0
2018-05-27 18:49:20.556,105.73,0.138058545864,0.0,0
2018-05-27 18:49:20.743,106.37,0.138058545864,0.0,0
2018-05-27 18:49:20.836,105.9,0.138058545864,0.0,0
2018-05-27 18:49:20.929,105.37,0.138058545864,0.0,0
2018-05-27 18:49:21.361,106.26,0.138058545864,0.0,0
2018-05-27 18:49:21.454,107.79,0.138058545864,0.0,0
2018-05-27 18:49:21.547,107.79,0.138058545864,0.0,0
2018-05-27 18:49:21.733,109.57,0.138058545864,0.0,0
2018-05-27 18:49:21.920,110.78,0.138058545864,0.0,0
2018-05-27 18:49:22.174,112.13,0.138058545864,0.0,0
2018-05-27 18:49:22.268,113.16,0.138058545864,0.0,0
2018-05-27 18:49:22.361,113.59,0.138058545864,0.0,0
2018-05-27 18:49:22.538,115.6,0.138058545864,0.0,0
2018-05-27 18:49:22.631,115.31,0.138058545864,0.0,0
2018-05-27 18:49:22.724,117.19,0.138058545864,0.0,0
2018-05-27 18:49:22.817,116.73,0.138058545864,0.0,0
2018-05-27 18:49:23.072,118.69,0.138058545864,0.0,0
2018-05-27 18:49:23.342,118.27,0.138058545864,0.0,0
2018-05-27 18:49:23.528,117.48,0.138058545864,0.0,0
2018-05-27 18:49:24.128,114.51,0.138058545864,0.0,0
2018-05-27 18:49:24.668,112.67,0.138058545864,0.0,0
2018-05-27 18:49:24.752,112.62,0.138058545864,0.0,0
2018-05-27 18:49:25.007,111.33,0.138058545864,0.0,0
2018-05-27 18:49:25.100,111.55,0.138058545864,0.0,0
2018-05-27 18:49:25.193,110.71,0.138058545864,0.0,0
2018-05-27 18:49:25.370,110.59,0.138058545864,0.0,0
2018-05-27 18:49:25.463,109.61,0.138058545864,0.0,0
2018-05-27 18:49:25.733,108.07,0.138058545864,0.0,0
2018-05-27 18:49:25.817,108.77,0.138058545864,0.0,0
2018-05-27 18:49:25.901,107.79,0.138058545864,0.0,0
2018-05-27 18:49:26.259,107.02,0.138058545864,0.0,0
2018-05-27 18:49:26.631,106.25,0.138058545864,0.0,0
2018-05-27 18:49:26.717,105.87,0.138058545864,0.0,0
2018-05-27 18:49:27.063,106.13,0.138058545864,0.0,0
2018-05-27 18:49:27.147,107.02,0.138058545864,0.0,0
2018-05-27 18:49:27.249,106.83,0.138058545864,0.0,0
2018-05-27 18:49:27.328,106.57,0.138058545864,0.0,0
2018-05-27 18:49:27.519,108.97,0.138058545864,0.0,0
2018-05-27 18:49:27.892,110.56,0.138058545864,0.0,0
2018-05-27 18:49:28.026,112.02,0.138058545864,0.0,0
2018-05-27 18:49:28.137,112.17,0.138058545864,0.0,0
2018-05-27 18:49:28.221,113.36,0.138058545864,0.0,0
2018-05-27 18:49:28.407,114.96,0.138058545864,0.0,0
2018-05-27 18:49:28.491,114.91,0.138058545864,0.0,0
2018-05-27 18:49:28.575,116.89,0.138058545864,0.0,0
2018-05-27 18:49:28.761,119.28,0.138058545864,0.0,0
2018-05-27 18:49:28.854,119.02,0.138058545864,0.0,0
2018-05-27 18:49:29.100,120.5,0.138058545864,0.0,0
2018-05-27 18:49:29.277,120.91,0.138058545864,0.0,0
2018-05-27 18:49:29.355,120.55,0.138058545864,0.0,0
2018-05-27 18:49:29.556,119.12,0.138058545864,0.0,0
2018-05-27 18:49:29.650,119.98,0.138058545864,0.0,0
2018-05-27 18:49:30.175,117.48,0.138058545864,0.0,0
2018-05-27 18:49:30.268,117.58,0.138058545864,0.0,0
2018-05-27 18:49:30.361,116.58,0.138058545864,0.0,0
2018-05-27 18:49:30.445,116.3,0.138058545864,0.0,0
2018-05-27 18:49:30.538,115.45,0.138058545864,0.0,0
2018-05-27 18:49:30.632,116.44,0.138058545864,0.0,0
2018-05-27 18:49:30.724,114.64,0.138058545864,0.0,0
2018-05-27 18:49:30.817,114.78,0.138058545864,0.0,0
2018-05-27 18:49:30.910,114.28,0.138058545864,0.0,0
2018-05-27 18:49:31.072,114.06,0.138058545864,0.0,0
2018-05-27 18:49:31.165,114.01,0.138058545864,0.0,0
2018-05-27 18:49:31.352,113.54,0.138058545864,0.0,0
2018-05-27 18:49:31.435,112.38,0.138058545864,0.0,0
2018-05-27 18:49:31.529,112.33,0.138058545864,0.0,0
2018-05-27 18:49:31.808,111.5,0.138058545864,0.0,0
2018-05-27 18:49:32.063,110.81,0.138058545864,0.0,0
2018-05-27 18:49:32.156,111.17,0.138058545864,0.0,0
2018-05-27 18:49:32.249,110.49,0.138058545864,0.0,0
2018-05-27 18:49:32.333,109.11,0.138058545864,0.0,0
2018-05-27 18:49:32.427,110.63,0.138058545864,0.0,0
2018-05-27 18:49:32.519,109.35,0.138058545864,0.0,0
2018-05-27 18:49:32.696,109.21,0.138058545864,0.0,0
2018-05-27 18:49:32.785,109.02,0.138058545864,0.0,0
2018-05-27 18:49:33.026,107.74,0.138058545864,0.0,0
2018-05-27 18:49:33.119,108.11,0.138058545864,0.0,0
2018-05-27 18:49:33.212,107.52,0.138058545864,0.0,0
2018-05-27 18:49:33.305,106.73,0.138058545864,0.0,0
2018-05-27 18:49:33.389,106.22,0.138058545864,0.0,0
2018-05-27 18:49:33.575,106.78,0.138058545864,0.0,0
2018-05-27 18:49:33.668,106.64,0.138058545864,0.0,0
2018-05-27 18:49:33.855,107.46,0.138058545864,0.0,0
2018-05-27 18:49:34.016,107.11,0.138058545864,0.0,0
2018-05-27 18:49:34.203,108.8,0.138058545864,0.0,0
2018-05-27 18:49:34.296,108.24,0.138058545864,0.0,0
2018-05-27 18:49:34.389,109.75,0.138058545864,0.0,0
2018-05-27 18:49:34.473,109.94,0.138058545864,0.0,0
2018-05-27 18:49:34.659,110.6,0.138058545864,0.0,0
2018-05-27 18:49:34.752,112.23,0.138058545864,0.0,0
2018-05-27 18:49:34.845,111.73,0.138058545864,0.0,0
2018-05-27 18:49:35.100,112.6,0.138058545864,0.0,0
2018-05-27 18:49:35.287,114.6,0.138058545864,0.0,0
2018-05-27 18:49:35.376,115.26,0.138058545864,0.0,0
2018-05-27 18:49:35.463,116.67,0.138058545864,0.0,0
2018-05-27 18:49:35.557,116.79,0.138058545864,0.0,0
2018-05-27 18:49:35.650,118.66,0.138058545864,0.0,0
2018-05-27 18:49:35.743,118.55,0.138058545864,0.0,0
2018-05-27 18:49:35.836,119.9,0.138058545864,0.0,0
2018-05-27 18:49:35.929,120.2,0.138058545864,0.0,0
2018-05-27 18:49:36.091,120.7,0.138058545864,0.0,0
2018-05-27 18:49:36.184,120.59,0.138058545864,0.0,0
2018-05-27 18:49:36.277,119.72,0.138058545864,0.0,0
2018-05-27 18:49:36.361,120.03,0.138058545864,0.0,0
2018-05-27 18:49:36.454,119.26,0.138058545864,0.0,0
2018-05-27 18:49:36.547,119.68,0.138058545864,0.0,0
2018-05-27 18:49:36.733,118.39,0.138058545864,0.0,0
2018-05-27 18:49:36.827,117.8,0.138058545864,0.0,0
2018-05-27 18:49:36.920,116.9,0.138058545864,0.0,0
2018-05-27 18:49:37.082,117.5,0.138058545864,0.0,0
2018-05-27 18:49:37.175,115.91,0.138058545864,0.0,0
2018-05-27 18:49:37.268,116.32,0.138058545864,0.0,0
2018-05-27 18:49:37.352,116.28,0.138058545864,0.0,0
2018-05-27 18:49:37.538,115.7,0.138058545864,0.0,0
2018-05-27 18:49:37.715,114.93,0.138058545864,0.0,0
2018-05-27 18:49:37.811,113.82,0.138058545864,0.0,0
2018-05-27 18:49:37.902,113.81,0.138058545864,0.0,0
2018-05-27 18:49:38.063,113.73,0.138058545864,0.0,0
2018-05-27 18:49:38.249,113.36,0.138058545864,0.0,0
2018-05-27 18:49:38.426,111.88,0.138058545864,0.0,0
2018-05-27 18:49:38.513,111.76,0.138058545864,0.0,0
2018-05-27 18:49:38.603,111.68,0.138058545864,0.0,0
2018-05-27 18:49:38.696,110.35,0.138058545864,0.0,0
2018-05-27 18:49:38.789,111.03,0.138058545864,0.0,0
2018-05-27 18:49:38.883,109.99,0.138058545864,0.0,0
2018-05-27 18:49:39.035,109.7,0.138058545864,0.0,0
2018-05-27 18:49:39.119,109.44,0.138058545864,0.0,0
2018-05-27 18:49:39.204,109.71,0.138058545864,0.0,0
2018-05-27 18:49:39.314,108.22,0.138058545864,0.0,0
2018-05-27 18:49:39.398,108.68,0.138058545864,0.0,0
2018-05-27 18:49:39.492,108.45,0.138058545864,0.0,0
2018-05-27 18:49:39.585,108.04,0.138058545864,0.0,0
2018-05-27 18:49:39.678,107.43,0.138058545864,0.0,0
2018-05-27 18:49:39.771,107.78,0.138058545864,0.0,0
2018-05-27 18:49:39.864,106.15,0.138058545864,0.0,0
2018-05-27 18:49:40.026,105.76,0.138058545864,0.0,0
2018-05-27 18:49:40.120,106.05,0.138058545864,0.0,0
2018-05-27 18:49:40.212,106.06,0.138058545864,0.0,0
2018-05-27 18:49:40.305,105.12,0.138058545864,0.0,0
2018-05-27 18:49:40.398,105.72,0.138058545864,0.0,0
2018-05-27 18:49:40.482,104.46,0.138058545864,0.0,0
2018-05-27 18:49:40.575,104.76,0.138058545864,0.0,0
2018-05-27 18:49:40.668,103.49,0.138058545864,0.0,0
2018-05-27 18:49:40.762,103.55,0.138058545864,0.0,0
2018-05-27 18:49:40.855,103.83,0.138058545864,0.0,0
2018-05-27 18:49:41.017,103.62,0.138058545864,0.0,0
2018-05-27 18:49:41.203,102.24,0.138058545864,0.0,0
2018-05-27 18:49:41.296,102.44,0.138058545864,0.0,0
2018-05-27 18:49:41.381,102.19,0.138058545864,0.0,0
2018-05-27 18:49:41.473,102.71,0.138058545864,0.0,0
2018-05-27 18:49:41.566,102.8,0.138058545864,0.0,0
2018-05-27 18:49:41.659,101.74,0.138058545864,0.0,0
2018-05-27 18:49:41.752,102.21,0.138058545864,0.0,0
2018-05-27 18:49:42.184,104.57,0.138058545864,0.0,0
2018-05-27 18:49:42.278,104.18,0.138058545864,0.0,0
2018-05-27 18:49:42.361,104.36,0.138058545864,0.0,0
2018-05-27 18:49:42.454,105.09,0.138058545864,0.0,0
2018-05-27 18:49:42.547,106.07,0.138058545864,0.0,0
2018-05-27 18:49:42.640,105.85,0.138058545864,0.0,0
2018-05-27 18:49:42.734,106.8,0.138058545864,0.0,0
2018-05-27 18:49:43.072,109.36,0.138058545864,0.0,0
2018-05-27 18:49:43.166,109.8,0.138058545864,0.0,0
2018-05-27 18:49:43.259,110.88,0.138058545864,0.0,0
2018-05-27 18:49:43.352,110.22,0.138058545864,0.0,0
2018-05-27 18:49:43.436,109.1,0.138058545864,0.0,0
2018-05-27 18:49:43.521,110.4,0.138058545864,0.0,0
2018-05-27 18:49:43.613,109.85,0.138058545864,0.0,0
2018-05-27 18:49:43.706,109.18,0.138058545864,0.0,0
2018-05-27 18:49:43.800,109.41,0.138058545864,0.0,0
2018-05-27 18:49:43.892,108.35,0.138058545864,0.0,0
2018-05-27 18:49:44.241,107.28,0.138058545864,0.0,0
2018-05-27 18:49:44.326,106.74,0.138058545864,0.0,0
2018-05-27 18:49:44.417,106.42,0.138058545864,0.0,0
2018-05-27 18:49:44.510,106.72,0.138058545864,0.0,0
2018-05-27 18:49:44.603,106.07,0.138058545864,0.0,0
2018-05-27 18:49:44.702,106.12,0.138058545864,0.0,0
2018-05-27 18:49:44.883,106.64,0.138058545864,0.0,0
2018-05-27 18:49:45.305,107.76,0.138058545864,0.0,0
2018-05-27 18:49:45.417,107.87,0.138058545864,0.0,0
2018-05-27 18:49:45.510,108.61,0.138058545864,0.0,0
2018-05-27 18:49:45.603,108.22,0.138058545864,0.0,0
2018-05-27 18:49:45.790,110.61,0.138058545864,0.0,0
2018-05-27 18:49:46.045,110.78,0.138058545864,0.0,0
2018-05-27 18:49:46.138,111.84,0.138058545864,0.0,0
2018-05-27 18:49:46.319,112.94,0.138058545864,0.0,0
2018-05-27 18:49:46.398,113.88,0.138058545864,0.0,0
2018-05-27 18:49:46.492,114.12,0.138058545864,0.0,0
2018-05-27 18:49:46.585,115.45,0.138058545864,0.0,0
2018-05-27 18:49:46.771,117.5,0.138058545864,0.0,0
2018-05-27 18:49:46.864,117.21,0.138058545864,0.0,0
2018-05-27 18:49:47.026,117.87,0.138058545864,0.0,0
2018-05-27 18:49:47.120,116.41,0.138058545864,0.0,0
2018-05-27 18:49:47.203,116.58,0.138058545864,0.0,0
2018-05-27 18:49:47.296,116.26,0.138058545864,0.0,0
2018-05-27 18:49:47.473,115.77,0.138058545864,0.0,0
2018-05-27 18:49:47.659,115.21,0.138058545864,0.0,0
2018-05-27 18:49:47.846,114.4,0.138058545864,0.0,0
2018-05-27 18:49:48.091,112.21,0.138058545864,0.0,0
2018-05-27 18:49:48.277,112.46,0.138058545864,0.0,0
2018-05-27 18:49:48.370,112.21,0.138058545864,0.0,0
2018-05-27 18:49:48.557,112.09,0.138058545864,0.0,0
2018-05-27 18:49:48.743,110.13,0.138058545864,0.0,0
2018-05-27 18:49:49.175,109.86,0.138058545864,0.0,0
2018-05-27 18:49:49.361,108.31,0.138058545864,0.0,0
2018-05-27 18:49:49.538,108.85,0.138058545864,0.0,0
2018-05-27 18:49:49.631,107.76,0.138058545864,0.0,0
2018-05-27 18:49:49.724,106.49,0.138058545864,0.0,0
2018-05-27 18:49:49.818,107.46,0.138058545864,0.0,0
2018-05-27 18:49:49.911,105.93,0.138058545864,0.0,0
2018-05-27 18:49:50.072,106.06,0.138058545864,0.0,0
2018-05-27 18:49:50.166,106.49,0.138058545864,0.0,0
2018-05-27 18:49:50.259,106.27,0.138058545864,0.0,0
2018-05-27 18:49:50.352,105.33,0.138058545864,0.0,0
2018-05-27 18:49:50.436,105.28,0.138058545864,0.0,0
2018-05-27 18:49:50.529,104.44,0.138058545864,0.0,0
2018-05-27 18:49:50.622,105.12,0.138058545864,0.0,0
2018-05-27 18:49:50.715,102.7,0.138058545864,0.0,0
2018-05-27 18:49:50.809,102.78,0.138058545864,0.0,0
2018-05-27 18:49:50.901,101.93,0.138058545864,0.0,0
2018-05-27 18:49:51.240,100.48,0.138058545864,0.0,0
2018-05-27 18:49:51.334,99.52,0.138058545864,0.0,0
2018-05-27 18:49:51.426,98.71,0.138058545864,0.0,0
2018-05-27 18:49:51.520,97.6,0.138058545864,0.0,0
2018-05-27 18:49:51.613,96.9,0.138058545864,0.0,0
2018-05-27 18:49:51.706,96.87,0.138058545864,0.0,0
2018-05-27 18:49:51.792,96.67,0.138058545864,0.0,0
2018-05-27 18:49:51.883,95.27,0.138058545864,0.0,0
2018-05-27 18:49:52.138,94.86,0.138058545864,0.0,0
2018-05-27 18:49:52.231,94.72,0.138058545864,0.0,0
2018-05-27 18:49:52.324,93.62,0.138058545864,0.0,0
2018-05-27 18:49:52.417,93.56,0.138058545864,0.0,0
2018-05-27 18:49:52.501,92.81,0.138058545864,0.0,0
2018-05-27 18:49:52.585,92.68,0.138058545864,0.0,0
2018-05-27 18:49:52.669,92.25,0.138058545864,0.0,0
2018-05-27 18:49:52.762,91.85,0.138058545864,0.0,0
2018-05-27 18:49:53.017,91.91,0.138058545864,0.0,0
2018-05-27 18:49:53.203,90.87,0.138058545864,0.0,0
2018-05-27 18:49:53.566,90.19,0.138058545864,0.0,0
2018-05-27 18:49:53.743,88.8,0.138058545864,0.0,0
2018-05-27 18:49:53.836,88.73,0.138058545864,0.0,0
2018-05-27 18:49:54.184,88.32,0.138058545864,0.0,0
2018-05-27 18:49:54.454,86.88,0.138058545864,0.0,0
2018-05-27 18:49:54.631,86.74,0.138058545864,0.0,0
2018-05-27 18:49:54.725,86.21,0.138058545864,0.0,0
2018-05-27 18:49:54.911,85.01,0.138058545864,0.0,0
2018-05-27 18:49:55.166,85.08,0.138058545864,0.0,0
2018-05-27 18:49:55.343,84.54,0.138058545864,0.0,0
2018-05-27 18:49:55.436,84.2,0.138058545864,0.0,0
2018-05-27 18:49:55.529,83.36,0.138058545864,0.0,0
2018-05-27 18:49:55.622,82.91,0.138058545864,0.0,0
2018-05-27 18:49:55.706,83.62,0.138058545864,0.0,0
2018-05-27 18:49:55.808,83.43,0.138058545864,0.0,0
2018-05-27 18:49:55.902,82.59,0.138058545864,0.0,0
2018-05-27 18:49:56.147,83.55,0.138058545864,0.0,0
2018-05-27 18:49:56.240,83.54,0.138058545864,0.0,0
2018-05-27 18:49:56.334,82.96,0.138058545864,0.0,0
2018-05-27 18:49:56.427,83.47,0.138058545864,0.0,0
2018-05-27 18:49:56.520,83.55,0.138058545864,0.0,0
2018-05-27 18:49:56.613,84.69,0.138058545864,0.0,0
2018-05-27 18:49:56.706,85.13,0.138058545864,0.0,0
2018-05-27 18:49:56.799,85.14,0.138058545864,0.0,0
2018-05-27 18:49:57.417,88.37,0.138058545864,0.0,0
2018-05-27 18:49:57.482,88.55,0.138058545864,0.0,0
2018-05-27 18:49:57.585,89.08,0.138058545864,0.0,0
2018-05-27 18:49:57.678,89.14,0.138058545864,0.0,0
2018-05-27 18:49:58.026,90.09,0.138058545864,0.0,0
2018-05-27 18:49:58.119,90.82,0.138058545864,0.0,0
2018-05-27 18:49:58.212,90.78,0.138058545864,0.0,0
2018-05-27 18:49:58.305,90.59,0.138058545864,0.0,0
2018-05-27 18:49:58.576,89.11,0.138058545864,0.0,0
2018-05-27 18:49:58.669,88.9,0.138058545864,0.0,0
2018-05-27 18:49:59.203,87.02,0.138058545864,0.0,0
2018-05-27 18:49:59.389,87.19,0.138058545864,0.0,0
2018-05-27 18:49:59.660,87.75,0.138058545864,0.0,0
2018-05-27 18:49:59.846,88.37,0.138058545864,0.0,0
2018-05-27 18:50:00.371,89.59,0.138058545864,0.0,0
2018-05-27 18:50:00.464,90.52,0.138058545864,0.0,0
2018-05-27 18:50:00.557,91.08,0.138058545864,0.0,0
2018-05-27 18:50:00.651,92.38,0.138058545864,0.0,0
2018-05-27 18:50:00.743,92.7,0.138058545864,0.0,0
2018-05-27 18:50:00.929,95.1,0.138058545864,0.0,0
2018-05-27 18:50:01.352,100.83,0.138058545864,0.0,0
2018-05-27 18:50:01.464,102.34,0.138058545864,0.0,0
2018-05-27 18:50:01.650,104.13,0.138058545864,0.0,0
2018-05-27 18:50:01.743,105.58,0.138058545864,0.0,0
2018-05-27 18:50:01.827,106.89,0.138058545864,0.0,0
2018-05-27 18:50:01.920,108.06,0.138058545864,0.0,0
2018-05-27 18:50:02.082,108.9,0.138058545864,0.0,0
2018-05-27 18:50:02.175,110.08,0.138058545864,0.0,0
2018-05-27 18:50:02.268,111.91,0.138058545864,0.0,0
2018-05-27 18:50:02.361,112.04,0.138058545864,0.0,0
2018-05-27 18:50:02.445,113.19,0.138058545864,0.0,0
2018-05-27 18:50:02.538,113.07,0.138058545864,0.0,0
2018-05-27 18:50:02.622,113.14,0.138058545864,0.0,0
2018-05-27 18:50:02.818,112.06,0.138058545864,0.0,0
2018-05-27 18:50:02.902,112.71,0.138058545864,0.0,0
2018-05-27 18:50:03.073,111.39,0.138058545864,0.0,0
2018-05-27 18:50:03.166,111.31,0.138058545864,0.0,0
2018-05-27 18:50:03.250,111.36,0.138058545864,0.0,0
2018-05-27 18:50:03.335,110.7,0.138058545864,0.0,0
2018-05-27 18:50:03.445,111.09,0.138058545864,0.0,0
2018-05-27 18:50:03.538,110.83,0.138058545864,0.0,0
2018-05-27 18:50:03.725,112.51,0.138058545864,0.0,0
2018-05-27 18:50:03.818,111.75,0.138058545864,0.0,0
2018-05-27 18:50:03.911,114.29,0.138058545864,0.0,0
2018-05-27 18:50:04.073,114.67,0.138058545864,0.0,0
2018-05-27 18:50:04.166,116.6,0.138058545864,0.0,0
2018-05-27 18:50:04.259,117.02,0.138058545864,0.0,0
2018-05-27 18:50:04.343,119.0,0.138058545864,0.0,0
2018-05-27 18:50:04.436,119.67,0.138058545864,0.0,0
2018-05-27 18:50:04.529,121.7,0.138058545864,0.0,0
2018-05-27 18:50:04.622,122.76,0.138058545864,0.0,0
2018-05-27 18:50:04.715,124.22,0.138058545864,0.0,0
2018-05-27 18:50:04.809,125.99,0.138058545864,0.0,0
2018-05-27 18:50:04.902,127.24,0.138058545864,0.0,0
2018-05-27 18:50:05.157,128.9,0.138058545864,0.0,0
2018-05-27 18:50:05.240,130.81,0.138058545864,0.0,0
2018-05-27 18:50:05.594,136.39,0.112810386877,0.0500000007451,0
2018-05-27 18:50:05.678,137.13,0.112810386877,0.0,0
2018-05-27 18:51:55.896,203.62,0.251581017264,0.725000023842,0
2018-05-27 18:51:56.151,204.64,0.251581017264,0.0,0
2018-05-27 18:51:56.244,204.69,0.271084901795,0.0250000003725,0
2018-05-27 18:51:56.421,206.98,0.271084901795,0.0,0
2018-05-27 18:51:56.514,205.49,0.271084901795,0.0,0
2018-05-27 18:51:56.607,208.26,0.271084901795,0.0,0
2018-05-27 18:51:56.691,208.23,0.271084901795,0.0,0
2018-05-27 18:51:56.784,206.84,0.271084901795,0.0,0
2018-05-27 18:51:56.877,209.28,0.232910113501,0.0,0
2018-05-27 18:51:57.039,207.72,0.232910113501,0.0,0
2018-05-27 18:51:57.132,209.97,0.12504656064,0.0,0
2018-05-27 18:51:57.225,207.97,0.12504656064,0.0,0
2018-05-27 18:51:57.318,210.74,0.138058545864,0.0,0
2018-05-27 18:51:57.505,210.54,0.138058545864,0.0,0
2018-05-27 18:51:57.682,211.84,0.138058545864,0.0,0
2018-05-27 18:51:57.868,210.68,0.138058545864,0.0,0
2018-05-27 18:51:58.030,208.49,0.138058545864,0.0,0
2018-05-27 18:51:58.123,208.5,0.138058545864,0.0,0
2018-05-27 18:51:58.309,206.01,0.138058545864,0.0,0
2018-05-27 18:51:58.402,203.21,0.138058545864,0.0,0
2018-05-27 18:51:58.495,203.02,0.138058545864,0.0,0
2018-05-27 18:51:58.589,203.39,0.138058545864,0.0,0
2018-05-27 18:51:58.765,199.32,0.138058545864,0.0,0
2018-05-27 18:51:58.858,198.38,0.138058545864,0.0,0
2018-05-27 18:51:59.113,197.51,0.138058545864,0.0,0
2018-05-27 18:51:59.300,195.84,0.138058545864,0.0,0
2018-05-27 18:51:59.393,196.4,0.138058545864,0.0,0
2018-05-27 18:51:59.486,194.63,0.138058545864,0.0,0
2018-05-27 18:51:59.579,194.15,0.138058545864,0.0,0
2018-05-27 18:51:59.672,194.0,0.138058545864,0.0,0
2018-05-27 18:51:59.766,195.83,0.12504656064,0.0250000003725,0
2018-05-27 18:51:59.849,194.67,0.112810386877,0.0250000003725,0
2018-05-27 18:52:00.011,196.32,0.101339266172,0.0250000003725,0
2018-05-27 18:52:00.188,197.41,0.101339266172,0.0,0
2018-05-27 18:52:00.281,197.33,0.101339266172,0.0,0
2018-05-27 18:52:00.467,196.72,0.101339266172,0.0,0
2018-05-27 18:52:00.551,196.89,0.101339266172,0.0,0
2018-05-27 18:52:00.644,196.78,0.101339266172,0.0,0
2018-05-27 18:52:00.728,197.07,0.101339266172,0.0,0
2018-05-27 18:52:00.910,197.96,0.101339266172,0.0,0
2018-05-27 18:52:01.244,200.12,0.112810386877,0.0,0
2018-05-27 18:52:01.337,199.07,0.12504656064,0.0,0
2018-05-27 18:52:01.523,200.57,0.138058545864,0.0,0
2018-05-27 18:52:01.616,199.26,0.138058545864,0.0,0
2018-05-27 18:52:01.709,199.76,0.138058545864,0.0,0
2018-05-27 18:52:01.877,200.57,0.138058545864,0.0,0
2018-05-27 18:52:02.039,202.21,0.138058545864,0.0,0
2018-05-27 18:52:02.132,201.82,0.138058545864,0.0,0
2018-05-27 18:52:02.225,201.33,0.138058545864,0.0,0
2018-05-27 18:52:02.318,203.09,0.138058545864,0.0,0
2018-05-27 18:52:02.412,202.35,0.138058545864,0.0,0
2018-05-27 18:52:02.505,202.15,0.138058545864,0.0,0
2018-05-27 18:52:02.598,203.67,0.138058545864,0.0,0
2018-05-27 18:52:02.691,203.28,0.138058545864,0.0,0
2018-05-27 18:52:02.784,205.07,0.138058545864,0.0,0
2018-05-27 18:52:03.141,204.53,0.138058545864,0.0,0
2018-05-27 18:52:03.328,206.05,0.138058545864,0.0,0
2018-05-27 18:52:03.514,206.55,0.138058545864,0.0,0
2018-05-27 18:52:03.607,208.57,0.138058545864,0.0,0
2018-05-27 18:52:03.691,208.14,0.138058545864,0.0,0
2018-05-27 18:52:03.784,207.78,0.138058545864,0.0,0
2018-05-27 18:52:04.040,209.54,0.138058545864,0.0,0
2018-05-27 18:52:04.132,210.89,0.138058545864,0.0,0
2018-05-27 18:52:04.225,210.3,0.138058545864,0.0,0
2018-05-27 18:52:04.319,211.64,0.138058545864,0.0,0
2018-05-27 18:52:04.412,210.62,0.138058545864,0.0,0
2018-05-27 18:52:04.598,212.42,0.138058545864,0.0,0
2018-05-27 18:52:04.682,213.09,0.138058545864,0.0,0
2018-05-27 18:52:04.775,213.1,0.138058545864,0.0,0
2018-05-27 18:52:04.868,214.67,0.138058545864,0.0,0
2018-05-27 18:52:05.123,214.27,0.138058545864,0.0,0
2018-05-27 18:52:05.310,214.68,0.138058545864,0.0,0
2018-05-27 18:52:05.402,215.6,0.138058545864,0.0,0
2018-05-27 18:52:05.579,216.24,0.138058545864,0.0,0
2018-05-27 18:52:05.672,217.04,0.138058545864,0.0,0
2018-05-27 18:52:05.765,217.12,0.138058545864,0.0,0
2018-05-27 18:52:05.849,217.76,0.138058545864,0.0,0
2018-05-27 18:52:06.011,217.37,0.138058545864,0.0,0
2018-05-27 18:52:06.207,217.53,0.138058545864,0.0,0
2018-05-27 18:52:06.393,219.48,0.138058545864,0.0,0
2018-05-27 18:52:06.486,218.18,0.138058545864,0.0,0
2018-05-27 18:52:06.580,219.01,0.138058545864,0.0,0
2018-05-27 18:52:06.756,219.59,0.138058545864,0.0,0
2018-05-27 18:52:06.849,221.24,0.138058545864,0.0,0
2018-05-27 18:52:07.011,220.68,0.138058545864,0.0,0
2018-05-27 18:52:07.095,221.56,0.138058545864,0.0,0
2018-05-27 18:52:07.188,220.85,0.138058545864,0.0,0
2018-05-27 18:52:07.281,221.21,0.138058545864,0.0,0
2018-05-27 18:52:07.374,221.68,0.138058545864,0.0,0
2018-05-27 18:52:07.467,221.82,0.138058545864,0.0,0
2018-05-27 18:52:07.560,223.39,0.138058545864,0.0,0
2018-05-27 18:52:07.653,224.07,0.138058545864,0.0,0
2018-05-27 18:52:07.737,223.52,0.138058545864,0.0,0
2018-05-27 18:52:07.830,224.57,0.138058545864,0.0,0
2018-05-27 18:52:07.924,224.59,0.138058545864,0.0,0
2018-05-27 18:52:08.085,223.46,0.138058545864,0.0,0
2018-05-27 18:52:08.178,224.19,0.138058545864,0.0,0
2018-05-27 18:52:08.272,224.28,0.138058545864,0.0,0
2018-05-27 18:52:08.365,224.85,0.138058545864,0.0,0
2018-05-27 18:52:08.458,226.38,0.138058545864,0.0,0
2018-05-27 18:52:08.635,225.09,0.138058545864,0.0,0
2018-05-27 18:52:08.747,225.39,0.138058545864,0.0,0
2018-05-27 18:52:08.840,227.25,0.138058545864,0.0,0
2018-05-27 18:52:08.923,226.0,0.138058545864,0.0,0
2018-05-27 18:52:09.085,225.59,0.138058545864,0.0,0
2018-05-27 18:52:09.178,226.46,0.138058545864,0.0,0
2018-05-27 18:52:09.365,227.78,0.138058545864,0.0,0
2018-05-27 18:52:09.458,228.1,0.138058545864,0.0,0
2018-05-27 18:52:09.551,228.26,0.138058545864,0.0,0
2018-05-27 18:52:09.644,227.71,0.138058545864,0.0,0
2018-05-27 18:52:09.728,227.64,0.138058545864,0.0,0
2018-05-27 18:52:09.821,229.31,0.138058545864,0.0,0
2018-05-27 18:52:09.914,229.26,0.138058545864,0.0,0
2018-05-27 18:52:10.169,229.66,0.138058545864,0.0,0
2018-05-27 18:52:10.262,229.1,0.138058545864,0.0,0
2018-05-27 18:52:10.355,229.96,0.138058545864,0.0,0
2018-05-27 18:52:10.533,229.76,0.138058545864,0.0,0
2018-05-27 18:52:10.709,229.21,0.138058545864,0.0,0
2018-05-27 18:52:10.802,229.95,0.138058545864,0.0,0
2018-05-27 18:52:10.896,230.25,0.138058545864,0.0,0
2018-05-27 18:52:11.057,229.5,0.138058545864,0.0,0
2018-05-27 18:52:11.150,229.91,0.138058545864,0.0,0
2018-05-27 18:52:11.244,229.95,0.138058545864,0.0,0
2018-05-27 18:52:11.337,230.39,0.138058545864,0.0,0
2018-05-27 18:52:11.523,231.21,0.138058545864,0.0,0
2018-05-27 18:52:11.607,232.62,0.138058545864,0.0,0
2018-05-27 18:52:11.719,233.31,0.138058545864,0.0,0
2018-05-27 18:52:11.896,230.43,0.138058545864,0.0,0
2018-05-27 18:52:12.058,229.2,0.138058545864,0.0,0
2018-05-27 18:52:12.151,228.0,0.138058545864,0.0,0
2018-05-27 18:52:12.244,227.63,0.138058545864,0.0,0
2018-05-27 18:52:12.337,225.55,0.138058545864,0.0,0
2018-05-27 18:52:12.430,225.14,0.138058545864,0.0,0
2018-05-27 18:52:12.514,223.79,0.138058545864,0.0,0
2018-05-27 18:52:12.607,222.91,0.138058545864,0.0,0
2018-05-27 18:52:12.784,220.92,0.138058545864,0.0,0
2018-05-27 18:52:13.039,221.16,0.138058545864,0.0,0
2018-05-27 18:52:13.132,219.87,0.138058545864,0.0,0
2018-05-27 18:52:13.225,217.36,0.138058545864,0.0,0
2018-05-27 18:52:13.402,216.52,0.138058545864,0.0,0
2018-05-27 18:52:13.495,216.83,0.138058545864,0.0,0
2018-05-27 18:52:13.588,216.49,0.138058545864,0.0,0
2018-05-27 18:52:13.681,215.25,0.138058545864,0.0,0
2018-05-27 18:52:13.774,216.19,0.138058545864,0.0,0
2018-05-27 18:52:13.868,214.21,0.138058545864,0.0,0
2018-05-27 18:52:14.095,212.63,0.138058545864,0.0,0
2018-05-27 18:52:14.207,213.99,0.138058545864,0.0,0
2018-05-27 18:52:14.299,212.71,0.138058545864,0.0,0
2018-05-27 18:52:14.393,211.83,0.138058545864,0.0,0
2018-05-27 18:52:14.579,212.07,0.138058545864,0.0,0
2018-05-27 18:52:14.672,213.45,0.138058545864,0.0,0
2018-05-27 18:52:14.756,212.31,0.138058545864,0.0,0
2018-05-27 18:52:14.843,211.73,0.138058545864,0.0,0
2018-05-27 18:52:15.001,213.38,0.138058545864,0.0,0
2018-05-27 18:52:15.095,211.02,0.138058545864,0.0,0
2018-05-27 18:52:15.281,210.81,0.138058545864,0.0,0
2018-05-27 18:52:15.374,211.88,0.138058545864,0.0,0
2018-05-27 18:52:15.560,211.85,0.138058545864,0.0,0
2018-05-27 18:52:15.737,213.04,0.138058545864,0.0,0
2018-05-27 18:52:15.830,210.53,0.138058545864,0.0,0
2018-05-27 18:52:15.923,211.16,0.138058545864,0.0,0
2018-05-27 18:52:16.178,210.41,0.138058545864,0.0,0
2018-05-27 18:52:16.271,212.3,0.138058545864,0.0,0
2018-05-27 18:52:16.365,211.0,0.138058545864,0.0,0
2018-05-27 18:52:16.458,212.42,0.138058545864,0.0,0
2018-05-27 18:52:16.551,211.3,0.138058545864,0.0,0
2018-05-27 18:52:16.728,211.35,0.138058545864,0.0,0
2018-05-27 18:52:16.821,212.72,0.138058545864,0.0,0
2018-05-27 18:52:16.909,212.92,0.138058545864,0.0,0
2018-05-27 18:52:17.067,210.97,0.138058545864,0.0,0
2018-05-27 18:52:17.150,212.07,0.138058545864,0.0,0
2018-05-27 18:52:17.430,212.67,0.138058545864,0.0,0
2018-05-27 18:52:17.514,212.56,0.138058545864,0.0,0
2018-05-27 18:52:17.691,214.02,0.138058545864,0.0,0
2018-05-27 18:52:17.784,215.4,0.138058545864,0.0,0
2018-05-27 18:52:17.877,214.41,0.138058545864,0.0,0
2018-05-27 18:52:18.039,214.36,0.138058545864,0.0,0
2018-05-27 18:52:18.132,216.23,0.138058545864,0.0,0
2018-05-27 18:52:18.318,215.75,0.138058545864,0.0,0
2018-05-27 18:52:18.402,216.42,0.138058545864,0.0,0
2018-05-27 18:52:18.514,217.26,0.138058545864,0.0,0
2018-05-27 18:52:18.607,218.44,0.138058545864,0.0,0
2018-05-27 18:52:18.691,219.03,0.138058545864,0.0,0
2018-05-27 18:52:18.784,219.14,0.138058545864,0.0,0
2018-05-27 18:52:18.877,218.42,0.138058545864,0.0,0
2018-05-27 18:52:19.225,219.39,0.138058545864,0.0,0
2018-05-27 18:52:19.309,220.49,0.138058545864,0.0,0
2018-05-27 18:52:19.402,220.41,0.138058545864,0.0,0
2018-05-27 18:52:19.495,219.37,0.138058545864,0.0,0
2018-05-27 18:52:19.672,218.04,0.138058545864,0.0,0
2018-05-27 18:52:19.765,217.68,0.138058545864,0.0,0
2018-05-27 18:52:19.849,217.02,0.138058545864,0.0,0
2018-05-27 18:52:20.011,217.02,0.138058545864,0.0,0
2018-05-27 18:52:20.104,217.07,0.138058545864,0.0,0
2018-05-27 18:52:20.290,216.18,0.138058545864,0.0,0
2018-05-27 18:52:20.383,215.09,0.138058545864,0.0,0
2018-05-27 18:52:20.467,215.89,0.138058545864,0.0,0
2018-05-27 18:52:20.653,214.58,0.138058545864,0.0,0
2018-05-27 18:52:20.737,214.74,0.138058545864,0.0,0
2018-05-27 18:52:20.830,215.79,0.138058545864,0.0,0
2018-05-27 18:52:20.923,213.98,0.138058545864,0.0,0
2018-05-27 18:52:21.085,213.71,0.138058545864,0.0,0
2018-05-27 18:52:21.178,215.59,0.138058545864,0.0,0
2018-05-27 18:52:21.272,213.06,0.138058545864,0.0,0
2018-05-27 18:52:21.355,214.81,0.138058545864,0.0,0
2018-05-27 18:52:21.448,214.31,0.138058545864,0.0,0
2018-05-27 18:52:21.541,215.77,0.138058545864,0.0,0
2018-05-27 18:52:21.635,214.07,0.138058545864,0.0,0
2018-05-27 18:52:21.728,213.82,0.138058545864,0.0,0
2018-05-27 18:52:21.812,214.32,0.138058545864,0.0,0
2018-05-27 18:52:21.895,213.99,0.138058545864,0.0,0
2018-05-27 18:52:22.057,214.41,0.138058545864,0.0,0
2018-05-27 18:52:22.150,216.27,0.138058545864,0.0,0
2018-05-27 18:52:22.234,215.89,0.138058545864,0.0,0
2018-05-27 18:52:22.327,215.12,0.138058545864,0.0,0
2018-05-27 18:52:22.420,215.33,0.138058545864,0.0,0
2018-05-27 18:52:22.514,216.3,0.138058545864,0.0,0
2018-05-27 18:52:22.607,215.11,0.138058545864,0.0,0
2018-05-27 18:52:22.691,216.25,0.138058545864,0.0,0
2018-05-27 18:52:22.784,214.51,0.138058545864,0.0,0
2018-05-27 18:52:22.867,216.01,0.138058545864,0.0,0
2018-05-27 18:52:23.029,216.08,0.138058545864,0.0,0
2018-05-27 18:52:23.122,217.36,0.138058545864,0.0,0
2018-05-27 18:52:23.216,216.49,0.138058545864,0.0,0
2018-05-27 18:52:23.402,217.74,0.138058545864,0.0,0
2018-05-27 18:52:23.496,216.76,0.138058545864,0.0,0
2018-05-27 18:52:23.588,216.72,0.138058545864,0.0,0
2018-05-27 18:52:23.682,217.6,0.138058545864,0.0,0
2018-05-27 18:52:23.774,217.85,0.138058545864,0.0,0
2018-05-27 18:52:23.867,217.11,0.138058545864,0.0,0
2018-05-27 18:52:24.029,218.03,0.138058545864,0.0,0
2018-05-27 18:52:24.216,219.12,0.138058545864,0.0,0
2018-05-27 18:52:24.309,219.55,0.138058545864,0.0,0
2018-05-27 18:52:24.495,221.01,0.138058545864,0.0,0
2018-05-27 18:52:24.681,220.59,0.138058545864,0.0,0
2018-05-27 18:52:24.775,221.08,0.138058545864,0.0,0
2018-05-27 18:52:24.859,221.09,0.138058545864,0.0,0
2018-05-27 18:52:25.021,221.94,0.138058545864,0.0,0
2018-05-27 18:52:25.114,222.09,0.138058545864,0.0,0
2018-05-27 18:52:25.206,223.24,0.138058545864,0.0,0
2018-05-27 18:52:25.290,223.16,0.138058545864,0.0,0
2018-05-27 18:52:25.383,223.78,0.138058545864,0.0,0
2018-05-27 18:52:25.476,224.73,0.138058545864,0.0,0
2018-05-27 18:52:25.569,225.36,0.138058545864,0.0,0
2018-05-27 18:52:25.663,223.54,0.138058545864,0.0,0
2018-05-27 18:52:25.746,225.43,0.138058545864,0.0,0
2018-05-27 18:52:25.839,226.14,0.138058545864,0.0,0
2018-05-27 18:52:26.001,225.76,0.138058545864,0.0,0
2018-05-27 18:52:26.094,225.22,0.138058545864,0.0,0
2018-05-27 18:52:26.188,224.91,0.138058545864,0.0,0
2018-05-27 18:52:26.281,225.15,0.138058545864,0.0,0
2018-05-27 18:52:26.364,226.18,0.138058545864,0.0,0
2018-05-27 18:52:26.458,225.7,0.138058545864,0.0,0
2018-05-27 18:52:26.551,226.85,0.138058545864,0.0,0
2018-05-27 18:52:26.644,226.83,0.138058545864,0.0,0
2018-05-27 18:52:26.737,226.92,0.138058545864,0.0,0
2018-05-27 18:52:26.821,228.1,0.138058545864,0.0,0
2018-05-27 18:52:26.909,228.14,0.138058545864,0.0,0
2018-05-27 18:52:27.067,228.45,0.138058545864,0.0,0
2018-05-27 18:52:27.151,228.13,0.138058545864,0.0,0
2018-05-27 18:52:27.244,228.23,0.138058545864,0.0,0
2018-05-27 18:52:27.336,228.99,0.138058545864,0.0,0
2018-05-27 18:52:27.430,229.65,0.138058545864,0.0,0
2018-05-27 18:52:27.523,229.85,0.138058545864,0.0,0
2018-05-27 18:52:27.616,229.75,0.138058545864,0.0,0
2018-05-27 18:52:27.785,230.18,0.138058545864,0.0,0
2018-05-27 18:52:28.039,231.34,0.138058545864,0.0,0
2018-05-27 18:52:28.132,231.58,0.138058545864,0.0,0
2018-05-27 18:52:28.225,231.71,0.138058545864,0.0,0
2018-05-27 18:52:28.318,232.16,0.138058545864,0.0,0
2018-05-27 18:52:28.505,233.09,0.138058545864,0.0,0
2018-05-27 18:52:28.597,233.23,0.138058545864,0.0,0
2018-05-27 18:52:28.681,234.38,0.138058545864,0.0,0
2018-05-27 18:52:28.774,234.75,0.138058545864,0.0,0
2018-05-27 18:52:28.867,235.4,0.138058545864,0.0,0
2018-05-27 18:52:29.029,234.93,0.138058545864,0.0,0
2018-05-27 18:52:29.122,234.25,0.138058545864,0.0,0
2018-05-27 18:52:29.216,234.9,0.138058545864,0.0,0
2018-05-27 18:52:29.309,234.69,0.138058545864,0.0,0
2018-05-27 18:52:29.402,235.65,0.138058545864,0.0,0
2018-05-27 18:52:29.495,235.37,0.138058545864,0.0,0
2018-05-27 18:52:29.588,235.19,0.138058545864,0.0,0
2018-05-27 18:52:29.681,236.11,0.138058545864,0.0,0
2018-05-27 18:52:29.765,235.43,0.138058545864,0.0,0
2018-05-27 18:52:29.858,235.9,0.138058545864,0.0,0
2018-05-27 18:52:30.020,234.73,0.138058545864,0.0,0
2018-05-27 18:52:30.207,234.62,0.138058545864,0.0,0
2018-05-27 18:52:30.300,235.13,0.138058545864,0.0,0
2018-05-27 18:52:30.486,235.53,0.138058545864,0.0,0
2018-05-27 18:52:30.579,234.74,0.138058545864,0.0,0
2018-05-27 18:52:30.672,235.25,0.138058545864,0.0,0
2018-05-27 18:52:30.765,234.95,0.138058545864,0.0,0
2018-05-27 18:52:30.849,233.06,0.138058545864,0.0,0
2018-05-27 18:52:31.104,234.39,0.138058545864,0.0,0
2018-05-27 18:52:31.197,235.16,0.138058545864,0.0,0
2018-05-27 18:52:31.290,234.65,0.138058545864,0.0,0
2018-05-27 18:52:31.383,235.31,0.138058545864,0.0,0
2018-05-27 18:52:31.476,233.3,0.138058545864,0.0,0
2018-05-27 18:52:31.746,227.5,0.138058545864,0.0,0
2018-05-27 18:52:31.830,226.27,0.138058545864,0.0,0
2018-05-27 18:52:31.923,224.32,0.138058545864,0.0,0
2018-05-27 18:52:32.085,221.68,0.138058545864,0.0,0
2018-05-27 18:52:32.262,219.18,0.138058545864,0.0,0
2018-05-27 18:52:32.448,217.71,0.138058545864,0.0,0
2018-05-27 18:52:32.523,215.94,0.138058545864,0.0,0
2018-05-27 18:52:32.630,214.86,0.138058545864,0.0,0
2018-05-27 18:52:32.709,214.67,0.138058545864,0.0,0
2018-05-27 18:52:32.802,212.46,0.138058545864,0.0,0
2018-05-27 18:52:32.895,212.02,0.138058545864,0.0,0
2018-05-27 18:52:33.057,212.58,0.138058545864,0.0,0
2018-05-27 18:52:33.141,211.05,0.138058545864,0.0,0
2018-05-27 18:52:33.234,209.54,0.138058545864,0.0,0
2018-05-27 18:52:33.327,209.52,0.138058545864,0.0,0
2018-05-27 18:52:33.420,207.85,0.138058545864,0.0,0
2018-05-27 18:52:33.514,208.0,0.138058545864,0.0,0
2018-05-27 18:52:33.690,205.23,0.138058545864,0.0,0
2018-05-27 18:52:33.783,205.68,0.138058545864,0.0,0
2018-05-27 18:52:33.877,204.28,0.138058545864,0.0,0
2018-05-27 18:52:34.039,203.26,0.138058545864,0.0,0
2018-05-27 18:52:34.122,201.69,0.138058545864,0.0,0
2018-05-27 18:52:34.215,203.62,0.138058545864,0.0,0
2018-05-27 18:52:34.309,201.61,0.138058545864,0.0,0
2018-05-27 18:52:34.495,203.13,0.138058545864,0.0,0
2018-05-27 18:52:34.588,201.85,0.138058545864,0.0,0
2018-05-27 18:52:34.681,201.68,0.138058545864,0.0,0
2018-05-27 18:52:34.774,201.44,0.138058545864,0.0,0
2018-05-27 18:52:34.867,201.59,0.138058545864,0.0,0
2018-05-27 18:52:35.113,201.39,0.138058545864,0.0,0
2018-05-27 18:52:35.299,201.03,0.138058545864,0.0,0
2018-05-27 18:52:35.392,201.89,0.138058545864,0.0,0
2018-05-27 18:52:35.485,201.7,0.138058545864,0.0,0
2018-05-27 18:52:35.579,200.36,0.138058545864,0.0,0
2018-05-27 18:52:35.672,202.89,0.138058545864,0.0,0
2018-05-27 18:52:35.756,202.54,0.138058545864,0.0,0
2018-05-27 18:52:35.839,202.58,0.138058545864,0.0,0
2018-05-27 18:52:36.001,201.87,0.138058545864,0.0,0
2018-05-27 18:52:36.094,200.68,0.138058545864,0.0,0
2018-05-27 18:52:36.187,202.35,0.138058545864,0.0,0
2018-05-27 18:52:36.280,202.39,0.138058545864,0.0,0
2018-05-27 18:52:36.374,202.14,0.138058545864,0.0,0
2018-05-27 18:52:36.467,203.65,0.138058545864,0.0,0
2018-05-27 18:52:36.551,203.76,0.138058545864,0.0,0
2018-05-27 18:52:36.644,202.23,0.138058545864,0.0,0
2018-05-27 18:52:36.727,203.12,0.138058545864,0.0,0
2018-05-27 18:52:36.821,202.82,0.138058545864,0.0,0
2018-05-27 18:52:36.909,203.29,0.138058545864,0.0,0
2018-05-27 18:52:37.066,204.95,0.138058545864,0.0,0
2018-05-27 18:52:37.150,204.82,0.138058545864,0.0,0
2018-05-27 18:52:37.234,205.3,0.138058545864,0.0,0
2018-05-27 18:52:37.327,204.33,0.138058545864,0.0,0
2018-05-27 18:52:37.420,205.65,0.138058545864,0.0,0
2018-05-27 18:52:37.513,204.62,0.138058545864,0.0,0
2018-05-27 18:52:37.606,204.5,0.138058545864,0.0,0
2018-05-27 18:52:37.690,204.73,0.138058545864,0.0,0
2018-05-27 18:52:37.783,207.08,0.138058545864,0.0,0
2018-05-27 18:52:37.876,205.66,0.138058545864,0.0,0
2018-05-27 18:52:38.039,207.08,0.138058545864,0.0,0
2018-05-27 18:52:38.132,206.55,0.138058545864,0.0,0
2018-05-27 18:52:38.308,208.6,0.138058545864,0.0,0
2018-05-27 18:52:38.402,208.02,0.138058545864,0.0,0
2018-05-27 18:52:38.588,208.99,0.138058545864,0.0,0
2018-05-27 18:52:38.681,210.28,0.138058545864,0.0,0
2018-05-27 18:52:38.774,208.73,0.138058545864,0.0,0
2018-05-27 18:52:38.867,210.36,0.138058545864,0.0,0
2018-05-27 18:52:39.029,209.81,0.138058545864,0.0,0
2018-05-27 18:52:39.122,211.72,0.138058545864,0.0,0
2018-05-27 18:52:39.308,211.96,0.138058545864,0.0,0
2018-05-27 18:52:39.402,213.56,0.138058545864,0.0,0
2018-05-27 18:52:39.495,212.72,0.138058545864,0.0,0
2018-05-27 18:52:39.588,214.98,0.138058545864,0.0,0
2018-05-27 18:52:39.681,214.62,0.138058545864,0.0,0
2018-05-27 18:52:39.774,214.34,0.138058545864,0.0,0
2018-05-27 18:52:39.867,215.08,0.138058545864,0.0,0
2018-05-27 18:52:40.029,213.59,0.138058545864,0.0,0
2018-05-27 18:52:40.122,213.87,0.138058545864,0.0,0
2018-05-27 18:52:40.216,214.07,0.138058545864,0.0,0
2018-05-27 18:52:40.383,212.18,0.138058545864,0.0,0
2018-05-27 18:52:40.476,211.58,0.138058545864,0.0,0
2018-05-27 18:52:40.569,209.9,0.138058545864,0.0,0
2018-05-27 18:52:40.662,209.71,0.138058545864,0.0,0
2018-05-27 18:52:40.747,210.32,0.138058545864,0.0,0
2018-05-27 18:52:40.839,209.05,0.138058545864,0.0,0
2018-05-27 18:52:41.001,210.03,0.138058545864,0.0,0
2018-05-27 18:52:41.094,208.48,0.138058545864,0.0,0
2018-05-27 18:52:41.187,209.49,0.138058545864,0.0,0
2018-05-27 18:52:41.374,209.86,0.138058545864,0.0,0
2018-05-27 18:52:41.467,207.86,0.138058545864,0.0,0
2018-05-27 18:52:41.644,209.68,0.138058545864,0.0,0
2018-05-27 18:52:41.737,208.0,0.138058545864,0.0,0
2018-05-27 18:52:41.821,206.83,0.138058545864,0.0,0
2018-05-27 18:52:42.066,208.8,0.138058545864,0.0,0
2018-05-27 18:52:42.150,207.63,0.138058545864,0.0,0
2018-05-27 18:52:42.244,207.09,0.138058545864,0.0,0
2018-05-27 18:52:42.327,207.84,0.138058545864,0.0,0
2018-05-27 18:52:42.420,208.35,0.138058545864,0.0,0
2018-05-27 18:52:42.513,208.18,0.138058545864,0.0,0
2018-05-27 18:52:42.606,208.57,0.138058545864,0.0,0
2018-05-27 18:52:42.691,209.02,0.138058545864,0.0,0
2018-05-27 18:52:42.774,208.08,0.138058545864,0.0,0
2018-05-27 18:52:42.867,209.34,0.138058545864,0.0,0
2018-05-27 18:52:43.020,210.3,0.138058545864,0.0,0
2018-05-27 18:52:43.114,209.26,0.138058545864,0.0,0
2018-05-27 18:52:43.299,209.3,0.138058545864,0.0,0
2018-05-27 18:52:43.393,211.22,0.138058545864,0.0,0
2018-05-27 18:52:43.579,210.71,0.138058545864,0.0,0
2018-05-27 18:52:43.672,210.03,0.138058545864,0.0,0
2018-05-27 18:52:43.756,212.06,0.138058545864,0.0,0
2018-05-27 18:52:43.849,210.61,0.138058545864,0.0,0
2018-05-27 18:52:44.010,212.46,0.138058545864,0.0,0
2018-05-27 18:52:44.103,211.36,0.138058545864,0.0,0
2018-05-27 18:52:44.197,213.0,0.138058545864,0.0,0
2018-05-27 18:52:44.290,211.57,0.138058545864,0.0,0
2018-05-27 18:52:44.476,213.47,0.138058545864,0.0,0
2018-05-27 18:52:44.569,212.77,0.138058545864,0.0,0
2018-05-27 18:52:44.653,211.97,0.138058545864,0.0,0
2018-05-27 18:52:44.737,212.68,0.138058545864,0.0,0
2018-05-27 18:52:44.830,212.59,0.138058545864,0.0,0
2018-05-27 18:52:44.923,214.12,0.138058545864,0.0,0
2018-05-27 18:52:45.085,213.33,0.138058545864,0.0,0
2018-05-27 18:52:45.178,215.09,0.138058545864,0.0,0
2018-05-27 18:52:45.271,216.62,0.138058545864,0.0,0
2018-05-27 18:52:45.364,215.43,0.138058545864,0.0,0
2018-05-27 18:52:45.457,216.28,0.138058545864,0.0,0
2018-05-27 18:52:45.541,216.05,0.138058545864,0.0,0
2018-05-27 18:52:45.634,218.09,0.138058545864,0.0,0
2018-05-27 18:52:45.727,217.56,0.138058545864,0.0,0
2018-05-27 18:52:45.811,218.56,0.138058545864,0.0,0
2018-05-27 18:52:45.896,217.58,0.138058545864,0.0,0
2018-05-27 18:52:46.057,218.8,0.138058545864,0.0,0
2018-05-27 18:52:46.150,217.94,0.138058545864,0.0,0
2018-05-27 18:52:46.243,218.03,0.138058545864,0.0,0
2018-05-27 18:52:46.336,220.62,0.138058545864,0.0,0
2018-05-27 18:52:46.430,220.72,0.138058545864,0.0,0
2018-05-27 18:52:46.523,219.34,0.138058545864,0.0,0
2018-05-27 18:52:46.616,219.69,0.138058545864,0.0,0
2018-05-27 18:52:46.709,222.09,0.138058545864,0.0,0
2018-05-27 18:52:46.886,221.4,0.138058545864,0.0,0
2018-05-27 18:52:47.224,223.72,0.138058545864,0.0,0
2018-05-27 18:52:47.318,224.58,0.138058545864,0.0,0
2018-05-27 18:52:47.504,223.72,0.138058545864,0.0,0
2018-05-27 18:52:47.700,225.92,0.138058545864,0.0,0
2018-05-27 18:52:47.783,224.84,0.138058545864,0.0,0
2018-05-27 18:52:47.876,226.49,0.138058545864,0.0,0
2018-05-27 18:52:48.038,226.36,0.138058545864,0.0,0
2018-05-27 18:52:48.224,225.1,0.138058545864,0.0,0
2018-05-27 18:52:48.318,225.54,0.138058545864,0.0,0
2018-05-27 18:52:48.411,226.47,0.138058545864,0.0,0
2018-05-27 18:52:48.504,226.15,0.138058545864,0.0,0
2018-05-27 18:52:48.774,226.83,0.138058545864,0.0,0
2018-05-27 18:52:48.867,227.65,0.138058545864,0.0,0
2018-05-27 18:52:49.029,228.39,0.138058545864,0.0,0
2018-05-27 18:52:49.122,228.76,0.138058545864,0.0,0
2018-05-27 18:52:49.215,228.56,0.138058545864,0.0,0
2018-05-27 18:52:49.308,229.36,0.138058545864,0.0,0
2018-05-27 18:52:49.401,230.06,0.138058545864,0.0,0
2018-05-27 18:52:49.495,230.44,0.138058545864,0.0,0
2018-05-27 18:52:49.671,230.38,0.138058545864,0.0,0
2018-05-27 18:52:49.755,231.06,0.138058545864,0.0,0
2018-05-27 18:52:49.848,231.4,0.138058545864,0.0,0
2018-05-27 18:52:50.010,231.89,0.138058545864,0.0,0
2018-05-27 18:52:50.103,232.29,0.138058545864,0.0,0
2018-05-27 18:52:50.196,232.41,0.138058545864,0.0,0
2018-05-27 18:52:50.290,232.8,0.138058545864,0.0,0
2018-05-27 18:52:50.476,233.07,0.138058545864,0.0,0
2018-05-27 18:52:50.560,235.03,0.138058545864,0.0,0
2018-05-27 18:52:50.653,235.37,0.138058545864,0.0,0
2018-05-27 18:52:50.746,235.13,0.138058545864,0.0,0
2018-05-27 18:52:50.830,233.45,0.138058545864,0.0,0
2018-05-27 18:52:51.057,234.75,0.138058545864,0.0,0
2018-05-27 18:52:51.169,235.21,0.138058545864,0.0,0
2018-05-27 18:52:51.262,234.86,0.138058545864,0.0,0
2018-05-27 18:52:51.350,235.74,0.138058545864,0.0,0
2018-05-27 18:52:51.524,233.5,0.138058545864,0.0,0
2018-05-27 18:52:51.616,233.57,0.138058545864,0.0,0
2018-05-27 18:52:51.793,233.61,0.138058545864,0.0,0
2018-05-27 18:52:51.886,233.24,0.138058545864,0.0,0
2018-05-27 18:52:52.047,233.16,0.138058545864,0.0,0
2018-05-27 18:52:52.141,233.28,0.138058545864,0.0,0
2018-05-27 18:52:52.234,233.77,0.138058545864,0.0,0
2018-05-27 18:52:52.327,232.33,0.138058545864,0.0,0
2018-05-27 18:52:52.606,225.56,0.138058545864,0.0,0
2018-05-27 18:52:52.699,224.54,0.138058545864,0.0,0
2018-05-27 18:52:52.868,221.24,0.138058545864,0.0,0
2018-05-27 18:52:53.029,219.17,0.138058545864,0.0,0
2018-05-27 18:52:53.123,216.82,0.138058545864,0.0,0
2018-05-27 18:52:53.215,217.2,0.138058545864,0.0,0
2018-05-27 18:52:53.308,214.78,0.138058545864,0.0,0
2018-05-27 18:52:53.401,213.54,0.138058545864,0.0,0
2018-05-27 18:52:53.494,213.55,0.138058545864,0.0,0
2018-05-27 18:52:53.588,211.82,0.138058545864,0.0,0
2018-05-27 18:52:53.774,208.95,0.138058545864,0.0,0
2018-05-27 18:52:53.867,208.58,0.138058545864,0.0,0
2018-05-27 18:52:54.019,207.28,0.138058545864,0.0,0
2018-05-27 18:52:54.113,205.68,0.138058545864,0.0,0
2018-05-27 18:52:54.299,203.56,0.138058545864,0.0,0
2018-05-27 18:52:54.392,204.05,0.138058545864,0.0,0
2018-05-27 18:52:54.755,202.26,0.138058545864,0.0,0
2018-05-27 18:52:54.839,202.07,0.138058545864,0.0,0
2018-05-27 18:52:55.001,200.7,0.138058545864,0.0,0
2018-05-27 18:52:55.094,200.51,0.138058545864,0.0,0
2018-05-27 18:52:55.188,201.23,0.138058545864,0.0,0
2018-05-27 18:52:55.271,201.58,0.138058545864,0.0,0
2018-05-27 18:52:55.364,201.29,0.138058545864,0.0,0
2018-05-27 18:52:55.457,200.37,0.138058545864,0.0,0
2018-05-27 18:52:55.550,201.7,0.138058545864,0.0,0
2018-05-27 18:52:55.643,201.46,0.138058545864,0.0,0
2018-05-27 18:52:55.820,201.23,0.138058545864,0.0,0
2018-05-27 18:52:56.066,201.45,0.138058545864,0.0,0
2018-05-27 18:52:56.150,201.32,0.138058545864,0.0,0
2018-05-27 18:52:56.336,202.02,0.138058545864,0.0,0
2018-05-27 18:52:56.429,203.14,0.138058545864,0.0,0
2018-05-27 18:52:56.523,204.44,0.138058545864,0.0,0
2018-05-27 18:52:56.606,204.88,0.138058545864,0.0,0
2018-05-27 18:52:56.690,205.02,0.138058545864,0.0,0
2018-05-27 18:52:56.876,204.6,0.138058545864,0.0,0
2018-05-27 18:52:57.038,204.44,0.138058545864,0.0,0
2018-05-27 18:52:57.131,203.96,0.138058545864,0.0,0
2018-05-27 18:52:57.411,206.1,0.138058545864,0.0,0
2018-05-27 18:52:57.504,205.66,0.138058545864,0.0,0
2018-05-27 18:52:57.681,206.39,0.138058545864,0.0,0
2018-05-27 18:52:57.774,205.32,0.138058545864,0.0,0
2018-05-27 18:52:57.867,207.91,0.138058545864,0.0,0
2018-05-27 18:52:58.029,206.67,0.138058545864,0.0,0
2018-05-27 18:52:58.122,206.5,0.138058545864,0.0,0
2018-05-27 18:52:58.215,206.66,0.138058545864,0.0,0
2018-05-27 18:52:58.308,206.73,0.138058545864,0.0,0
2018-05-27 18:52:58.401,207.94,0.138058545864,0.0,0
2018-05-27 18:52:58.494,207.34,0.138058545864,0.0,0
2018-05-27 18:52:58.671,208.61,0.138058545864,0.0,0
2018-05-27 18:52:58.755,208.52,0.138058545864,0.0,0
2018-05-27 18:52:58.848,209.13,0.138058545864,0.0,0
2018-05-27 18:52:59.010,208.83,0.138058545864,0.0,0
2018-05-27 18:52:59.104,210.5,0.138058545864,0.0,0
2018-05-27 18:52:59.196,209.53,0.138058545864,0.0,0
2018-05-27 18:52:59.289,211.29,0.138058545864,0.0,0
2018-05-27 18:52:59.476,212.04,0.138058545864,0.0,0
2018-05-27 18:52:59.560,212.62,0.138058545864,0.0,0
2018-05-27 18:52:59.653,211.73,0.138058545864,0.0,0
2018-05-27 18:52:59.830,212.75,0.138058545864,0.0,0
2018-05-27 18:52:59.904,214.27,0.138058545864,0.0,0
2018-05-27 18:53:00.075,213.53,0.138058545864,0.0,0
2018-05-27 18:53:00.168,215.71,0.138058545864,0.0,0
2018-05-27 18:53:00.345,214.71,0.138058545864,0.0,0
2018-05-27 18:53:00.429,216.82,0.138058545864,0.0,0
2018-05-27 18:53:00.513,216.74,0.138058545864,0.0,0
2018-05-27 18:53:00.607,215.61,0.138058545864,0.0,0
2018-05-27 18:53:00.691,217.33,0.138058545864,0.0,0
2018-05-27 18:53:00.783,215.91,0.138058545864,0.0,0
2018-05-27 18:53:00.876,216.86,0.138058545864,0.0,0
2018-05-27 18:53:01.038,217.15,0.138058545864,0.0,0
2018-05-27 18:53:01.131,214.75,0.138058545864,0.0,0
2018-05-27 18:53:01.317,216.45,0.138058545864,0.0,0
2018-05-27 18:53:01.504,213.93,0.138058545864,0.0,0
2018-05-27 18:53:01.597,214.12,0.138058545864,0.0,0
2018-05-27 18:53:01.681,214.29,0.138058545864,0.0,0
2018-05-27 18:53:01.774,211.78,0.138058545864,0.0,0
2018-05-27 18:53:01.867,212.99,0.138058545864,0.0,0
2018-05-27 18:53:02.122,212.59,0.138058545864,0.0,0
2018-05-27 18:53:02.308,210.43,0.138058545864,0.0,0
2018-05-27 18:53:02.494,210.27,0.138058545864,0.0,0
2018-05-27 18:53:02.681,209.89,0.138058545864,0.0,0
2018-05-27 18:53:02.764,209.87,0.138058545864,0.0,0
2018-05-27 18:53:02.857,209.48,0.138058545864,0.0,0
2018-05-27 18:53:03.019,210.55,0.138058545864,0.0,0
2018-05-27 18:53:03.113,210.01,0.138058545864,0.0,0
2018-05-27 18:53:03.299,209.4,0.138058545864,0.0,0
2018-05-27 18:53:03.392,210.79,0.138058545864,0.0,0
2018-05-27 18:53:03.486,208.22,0.138058545864,0.0,0
2018-05-27 18:53:03.578,210.1,0.138058545864,0.0,0
2018-05-27 18:53:03.755,207.73,0.138058545864,0.0,0
2018-05-27 18:53:03.848,208.26,0.138058545864,0.0,0
2018-05-27 18:53:04.010,207.96,0.138058545864,0.0,0
2018-05-27 18:53:04.103,207.77,0.138058545864,0.0,0
2018-05-27 18:53:04.196,207.76,0.138058545864,0.0,0
2018-05-27 18:53:04.289,207.54,0.138058545864,0.0,0
2018-05-27 18:53:04.383,207.68,0.138058545864,0.0,0
2018-05-27 18:53:04.466,208.39,0.138058545864,0.0,0
2018-05-27 18:53:04.653,208.23,0.138058545864,0.0,0
2018-05-27 18:53:04.830,207.78,0.138058545864,0.0,0
2018-05-27 18:53:04.923,208.83,0.138058545864,0.0,0
2018-05-27 18:53:05.084,208.47,0.138058545864,0.0,0
2018-05-27 18:53:05.178,208.66,0.138058545864,0.0,0
2018-05-27 18:53:05.271,208.5,0.138058545864,0.0,0
2018-05-27 18:53:05.364,209.82,0.138058545864,0.0,0
2018-05-27 18:53:05.448,209.29,0.138058545864,0.0,0
2018-05-27 18:53:05.541,208.54,0.138058545864,0.0,0
2018-05-27 18:53:05.634,209.87,0.138058545864,0.0,0
2018-05-27 18:53:05.727,209.44,0.138058545864,0.0,0
2018-05-27 18:53:05.811,209.71,0.138058545864,0.0,0
2018-05-27 18:53:05.895,209.39,0.138058545864,0.0,0
2018-05-27 18:53:06.057,211.42,0.138058545864,0.0,0
2018-05-27 18:53:06.150,210.21,0.138058545864,0.0,0
2018-05-27 18:53:06.233,211.54,0.138058545864,0.0,0
2018-05-27 18:53:06.327,211.39,0.138058545864,0.0,0
2018-05-27 18:53:06.513,212.67,0.138058545864,0.0,0
2018-05-27 18:53:06.607,213.61,0.138058545864,0.0,0
2018-05-27 18:53:06.690,213.64,0.138058545864,0.0,0
2018-05-27 18:53:06.774,214.24,0.138058545864,0.0,0
2018-05-27 18:53:06.867,215.71,0.138058545864,0.0,0
2018-05-27 18:53:07.029,215.61,0.138058545864,0.0,0
2018-05-27 18:53:07.122,216.37,0.138058545864,0.0,0
2018-05-27 18:53:07.215,217.74,0.138058545864,0.0,0
2018-05-27 18:53:07.401,216.79,0.138058545864,0.0,0
2018-05-27 18:53:07.494,217.83,0.138058545864,0.0,0
2018-05-27 18:53:07.587,217.76,0.138058545864,0.0,0
2018-05-27 18:53:07.681,217.65,0.138058545864,0.0,0
2018-05-27 18:53:07.764,218.23,0.138058545864,0.0,0
2018-05-27 18:53:08.020,219.33,0.138058545864,0.0,0
2018-05-27 18:53:08.206,220.17,0.138058545864,0.0,0
2018-05-27 18:53:08.299,220.13,0.138058545864,0.0,0
2018-05-27 18:53:08.392,220.63,0.138058545864,0.0,0
2018-05-27 18:53:08.485,221.85,0.138058545864,0.0,0
2018-05-27 18:53:08.672,222.14,0.138058545864,0.0,0
2018-05-27 18:53:08.755,223.91,0.138058545864,0.0,0
2018-05-27 18:53:08.848,223.53,0.138058545864,0.0,0
2018-05-27 18:53:09.010,222.54,0.138058545864,0.0,0
2018-05-27 18:53:09.103,224.19,0.138058545864,0.0,0
2018-05-27 18:53:09.196,224.43,0.138058545864,0.0,0
2018-05-27 18:53:09.290,225.24,0.138058545864,0.0,0
2018-05-27 18:53:09.382,226.07,0.138058545864,0.0,0
2018-05-27 18:53:09.476,226.37,0.138058545864,0.0,0
2018-05-27 18:53:09.569,225.52,0.138058545864,0.0,0
2018-05-27 18:53:09.662,225.67,0.138058545864,0.0,0
2018-05-27 18:53:09.746,227.0,0.138058545864,0.0,0
2018-05-27 18:53:09.839,227.1,0.138058545864,0.0,0
2018-05-27 18:53:10.001,227.88,0.138058545864,0.0,0
2018-05-27 18:53:10.094,226.46,0.138058545864,0.0,0
2018-05-27 18:53:10.280,226.81,0.138058545864,0.0,0
2018-05-27 18:53:10.373,226.97,0.138058545864,0.0,0
2018-05-27 18:53:10.466,227.51,0.138058545864,0.0,0
2018-05-27 18:53:10.550,227.61,0.138058545864,0.0,0
2018-05-27 18:53:10.643,227.16,0.138058545864,0.0,0
2018-05-27 18:53:10.736,226.7,0.138058545864,0.0,0
2018-05-27 18:53:10.820,228.83,0.138058545864,0.0,0
2018-05-27 18:53:10.908,228.2,0.138058545864,0.0,0
2018-05-27 18:53:11.066,227.71,0.138058545864,0.0,0
2018-05-27 18:53:11.150,229.18,0.138058545864,0.0,0
2018-05-27 18:53:11.233,228.32,0.138058545864,0.0,0
2018-05-27 18:53:11.327,228.29,0.138058545864,0.0,0
2018-05-27 18:53:11.420,228.87,0.138058545864,0.0,0
2018-05-27 18:53:11.513,229.82,0.138058545864,0.0,0
2018-05-27 18:53:11.606,229.73,0.138058545864,0.0,0
2018-05-27 18:53:11.699,229.89,0.138058545864,0.0,0
2018-05-27 18:53:11.792,230.28,0.138058545864,0.0,0
2018-05-27 18:53:11.876,228.8,0.138058545864,0.0,0
2018-05-27 18:53:12.131,229.42,0.138058545864,0.0,0
2018-05-27 18:53:12.224,229.63,0.138058545864,0.0,0
2018-05-27 18:53:12.317,229.78,0.138058545864,0.0,0
2018-05-27 18:53:12.410,230.07,0.138058545864,0.0,0
2018-05-27 18:53:12.503,231.07,0.138058545864,0.0,0
2018-05-27 18:53:12.597,231.24,0.138058545864,0.0,0
2018-05-27 18:53:12.690,231.56,0.138058545864,0.0,0
2018-05-27 18:53:12.859,231.07,0.138058545864,0.0,0
2018-05-27 18:53:13.112,231.21,0.138058545864,0.0,0
2018-05-27 18:53:13.205,231.69,0.138058545864,0.0,0
2018-05-27 18:53:13.392,232.18,0.138058545864,0.0,0
2018-05-27 18:53:13.662,230.98,0.138058545864,0.0,0
2018-05-27 18:53:13.839,232.37,0.138058545864,0.0,0
2018-05-27 18:53:14.094,231.29,0.138058545864,0.0,0
2018-05-27 18:53:14.187,232.6,0.138058545864,0.0,0
2018-05-27 18:53:14.280,232.76,0.138058545864,0.0,0
2018-05-27 18:53:14.373,233.25,0.138058545864,0.0,0
2018-05-27 18:53:14.550,232.64,0.138058545864,0.0,0
2018-05-27 18:53:14.643,232.59,0.138058545864,0.0,0
2018-05-27 18:53:14.736,232.17,0.138058545864,0.0,0
2018-05-27 18:53:14.820,234.08,0.138058545864,0.0,0
2018-05-27 18:53:14.909,230.77,0.138058545864,0.0,0
2018-05-27 18:53:15.066,229.46,0.138058545864,0.0,0
2018-05-27 18:53:15.150,229.8,0.138058545864,0.0,0
2018-05-27 18:53:15.243,228.3,0.138058545864,0.0,0
2018-05-27 18:53:15.336,226.38,0.138058545864,0.0,0
2018-05-27 18:53:15.429,224.3,0.138058545864,0.0,0
2018-05-27 18:53:15.522,223.16,0.138058545864,0.0,0
2018-05-27 18:53:15.801,221.9,0.138058545864,0.0,0
2018-05-27 18:53:15.885,219.19,0.138058545864,0.0,0
2018-05-27 18:53:16.047,220.05,0.138058545864,0.0,0
2018-05-27 18:53:16.140,216.93,0.138058545864,0.0,0
2018-05-27 18:53:16.224,217.72,0.138058545864,0.0,0
2018-05-27 18:53:16.317,215.3,0.138058545864,0.0,0
2018-05-27 18:53:16.410,215.45,0.138058545864,0.0,0
2018-05-27 18:53:16.503,215.1,0.138058545864,0.0,0
2018-05-27 18:53:16.596,213.56,0.138058545864,0.0,0
2018-05-27 18:53:16.773,213.05,0.138058545864,0.0,0
2018-05-27 18:53:16.867,212.47,0.138058545864,0.0,0
2018-05-27 18:53:17.019,212.44,0.138058545864,0.0,0
2018-05-27 18:53:17.205,211.56,0.138058545864,0.0,0
2018-05-27 18:53:17.298,209.44,0.138058545864,0.0,0
2018-05-27 18:53:17.392,209.9,0.138058545864,0.0,0
2018-05-27 18:53:17.485,209.81,0.138058545864,0.0,0
2018-05-27 18:53:17.579,209.3,0.138058545864,0.0,0
2018-05-27 18:53:17.671,210.32,0.138058545864,0.0,0
2018-05-27 18:53:17.756,209.35,0.138058545864,0.0,0
2018-05-27 18:53:17.849,208.22,0.138058545864,0.0,0
2018-05-27 18:53:18.010,209.25,0.138058545864,0.0,0
2018-05-27 18:53:18.094,209.76,0.138058545864,0.0,0
2018-05-27 18:53:18.187,208.65,0.138058545864,0.0,0
2018-05-27 18:53:18.280,210.26,0.138058545864,0.0,0
2018-05-27 18:53:18.373,208.57,0.138058545864,0.0,0
2018-05-27 18:53:18.466,209.85,0.138058545864,0.0,0
2018-05-27 18:53:18.559,208.37,0.138058545864,0.0,0
2018-05-27 18:53:18.643,208.32,0.138058545864,0.0,0
2018-05-27 18:53:18.736,210.47,0.138058545864,0.0,0
2018-05-27 18:53:18.829,209.16,0.138058545864,0.0,0
2018-05-27 18:53:18.923,210.23,0.138058545864,0.0,0
2018-05-27 18:53:19.084,208.82,0.138058545864,0.0,0
2018-05-27 18:53:19.270,209.99,0.138058545864,0.0,0
2018-05-27 18:53:19.364,209.73,0.138058545864,0.0,0
2018-05-27 18:53:19.457,211.18,0.138058545864,0.0,0
2018-05-27 18:53:19.643,211.38,0.138058545864,0.0,0
2018-05-27 18:53:19.727,211.62,0.138058545864,0.0,0
2018-05-27 18:53:19.820,210.62,0.138058545864,0.0,0
2018-05-27 18:53:19.913,212.25,0.138058545864,0.0,0
2018-05-27 18:53:20.075,210.61,0.138058545864,0.0,0
2018-05-27 18:53:20.168,211.23,0.138058545864,0.0,0
2018-05-27 18:53:20.261,212.8,0.138058545864,0.0,0
2018-05-27 18:53:20.447,213.54,0.138058545864,0.0,0
2018-05-27 18:53:20.541,212.57,0.138058545864,0.0,0
2018-05-27 18:53:20.635,213.13,0.138058545864,0.0,0
2018-05-27 18:53:20.718,213.05,0.138058545864,0.0,0
2018-05-27 18:53:20.801,213.49,0.138058545864,0.0,0
2018-05-27 18:53:21.047,214.51,0.138058545864,0.0,0
2018-05-27 18:53:21.140,215.08,0.138058545864,0.0,0
2018-05-27 18:53:21.233,214.89,0.138058545864,0.0,0
2018-05-27 18:53:21.327,215.41,0.138058545864,0.0,0
2018-05-27 18:53:21.503,217.34,0.138058545864,0.0,0
2018-05-27 18:53:21.597,216.31,0.138058545864,0.0,0
2018-05-27 18:53:21.690,217.12,0.138058545864,0.0,0
2018-05-27 18:53:21.774,216.21,0.138058545864,0.0,0
2018-05-27 18:53:21.866,216.51,0.138058545864,0.0,0
2018-05-27 18:53:22.028,218.21,0.138058545864,0.0,0
2018-05-27 18:53:22.215,217.81,0.138058545864,0.0,0
2018-05-27 18:53:22.308,218.74,0.138058545864,0.0,0
2018-05-27 18:53:22.392,216.72,0.138058545864,0.0,0
2018-05-27 18:53:22.485,218.02,0.138058545864,0.0,0
2018-05-27 18:53:22.671,216.21,0.138058545864,0.0,0
2018-05-27 18:53:22.755,215.75,0.138058545864,0.0,0
2018-05-27 18:53:22.848,214.91,0.138058545864,0.0,0
2018-05-27 18:53:23.010,216.43,0.138058545864,0.0,0
2018-05-27 18:53:23.280,214.48,0.138058545864,0.0,0
2018-05-27 18:53:23.373,215.14,0.138058545864,0.0,0
2018-05-27 18:53:23.559,214.17,0.138058545864,0.0,0
2018-05-27 18:53:23.652,215.05,0.138058545864,0.0,0
2018-05-27 18:53:23.829,213.98,0.138058545864,0.0,0
2018-05-27 18:53:23.913,214.75,0.138058545864,0.0,0
2018-05-27 18:53:24.075,214.03,0.138058545864,0.0,0
2018-05-27 18:53:24.168,215.51,0.138058545864,0.0,0
2018-05-27 18:53:24.261,215.31,0.138058545864,0.0,0
2018-05-27 18:53:24.354,214.85,0.138058545864,0.0,0
2018-05-27 18:53:24.447,216.25,0.138058545864,0.0,0
2018-05-27 18:53:24.540,214.7,0.138058545864,0.0,0
2018-05-27 18:53:24.634,214.42,0.138058545864,0.0,0
2018-05-27 18:53:24.736,214.73,0.138058545864,0.0,0
2018-05-27 18:53:24.830,215.61,0.138058545864,0.0,0
2018-05-27 18:53:24.913,214.56,0.138058545864,0.0,0
2018-05-27 18:53:25.075,215.7,0.138058545864,0.0,0
2018-05-27 18:53:25.261,214.57,0.138058545864,0.0,0
2018-05-27 18:53:25.354,214.76,0.138058545864,0.0,0
2018-05-27 18:53:25.447,214.33,0.138058545864,0.0,0
2018-05-27 18:53:25.540,215.68,0.138058545864,0.0,0
2018-05-27 18:53:25.634,215.49,0.138058545864,0.0,0
2018-05-27 18:53:25.727,215.27,0.138058545864,0.0,0
2018-05-27 18:53:25.820,216.63,0.138058545864,0.0,0
2018-05-27 18:53:25.908,215.53,0.138058545864,0.0,0
2018-05-27 18:53:26.066,216.67,0.138058545864,0.0,0
2018-05-27 18:53:26.149,216.65,0.138058545864,0.0,0
2018-05-27 18:53:26.242,215.81,0.138058545864,0.0,0
2018-05-27 18:53:26.336,215.79,0.138058545864,0.0,0
2018-05-27 18:53:26.429,217.64,0.138058545864,0.0,0
2018-05-27 18:53:26.522,217.71,0.138058545864,0.0,0
2018-05-27 18:53:26.615,216.36,0.138058545864,0.0,0
2018-05-27 18:53:26.699,216.42,0.138058545864,0.0,0
2018-05-27 18:53:26.792,216.89,0.138058545864,0.0,0
2018-05-27 18:53:26.885,218.89,0.138058545864,0.0,0
2018-05-27 18:53:27.047,218.17,0.138058545864,0.0,0
2018-05-27 18:53:27.140,217.41,0.138058545864,0.0,0
2018-05-27 18:53:27.233,217.24,0.138058545864,0.0,0
2018-05-27 18:53:27.326,218.88,0.138058545864,0.0,0
2018-05-27 18:53:27.419,218.3,0.138058545864,0.0,0
2018-05-27 18:53:27.513,217.99,0.138058545864,0.0,0
2018-05-27 18:53:27.606,219.96,0.138058545864,0.0,0
2018-05-27 18:53:27.699,220.26,0.138058545864,0.0,0
2018-05-27 18:53:27.783,220.58,0.138058545864,0.0,0
2018-05-27 18:53:27.876,220.61,0.138058545864,0.0,0
2018-05-27 18:53:28.038,219.47,0.138058545864,0.0,0
2018-05-27 18:53:28.131,219.7,0.138058545864,0.0,0
2018-05-27 18:53:28.224,221.64,0.138058545864,0.0,0
2018-05-27 18:53:28.317,220.99,0.138058545864,0.0,0
2018-05-27 18:53:28.410,220.59,0.138058545864,0.0,0
2018-05-27 18:53:28.503,221.43,0.138058545864,0.0,0
2018-05-27 18:53:28.597,221.23,0.138058545864,0.0,0
2018-05-27 18:53:28.680,221.27,0.138058545864,0.0,0
2018-05-27 18:53:28.773,221.97,0.138058545864,0.0,0
2018-05-27 18:53:28.866,223.34,0.138058545864,0.0,0
2018-05-27 18:53:29.028,223.28,0.138058545864,0.0,0
2018-05-27 18:53:29.121,221.88,0.138058545864,0.0,0
2018-05-27 18:53:29.308,222.45,0.138058545864,0.0,0
2018-05-27 18:53:29.401,223.83,0.138058545864,0.0,0
2018-05-27 18:53:29.494,223.93,0.138058545864,0.0,0
2018-05-27 18:53:29.587,224.65,0.138058545864,0.0,0
2018-05-27 18:53:29.680,223.41,0.138058545864,0.0,0
2018-05-27 18:53:29.876,225.32,0.138058545864,0.0,0
2018-05-27 18:53:30.131,224.01,0.138058545864,0.0,0
2018-05-27 18:53:30.317,225.44,0.138058545864,0.0,0
2018-05-27 18:53:30.410,226.61,0.138058545864,0.0,0
2018-05-27 18:53:30.503,226.26,0.138058545864,0.0,0
2018-05-27 18:53:30.597,225.75,0.138058545864,0.0,0
2018-05-27 18:53:30.680,225.55,0.138058545864,0.0,0
2018-05-27 18:53:30.773,226.68,0.138058545864,0.0,0
2018-05-27 18:53:31.019,225.41,0.138058545864,0.0,0
2018-05-27 18:53:31.112,226.43,0.138058545864,0.0,0
2018-05-27 18:53:31.205,226.57,0.138058545864,0.0,0
2018-05-27 18:53:31.298,227.26,0.138058545864,0.0,0
2018-05-27 18:53:31.382,226.49,0.138058545864,0.0,0
2018-05-27 18:53:31.475,226.08,0.138058545864,0.0,0
2018-05-27 18:53:31.661,227.47,0.138058545864,0.0,0
2018-05-27 18:53:31.755,228.65,0.138058545864,0.0,0
2018-05-27 18:53:31.838,227.06,0.138058545864,0.0,0
2018-05-27 18:53:32.000,227.64,0.138058545864,0.0,0
2018-05-27 18:53:32.093,227.32,0.138058545864,0.0,0
2018-05-27 18:53:32.271,227.84,0.138058545864,0.0,0
2018-05-27 18:53:32.447,229.66,0.138058545864,0.0,0
2018-05-27 18:53:32.540,229.19,0.138058545864,0.0,0
2018-05-27 18:53:32.633,230.0,0.138058545864,0.0,0
2018-05-27 18:53:32.727,229.78,0.138058545864,0.0,0
2018-05-27 18:53:32.820,230.03,0.138058545864,0.0,0
2018-05-27 18:53:32.908,229.68,0.138058545864,0.0,0
2018-05-27 18:53:33.065,229.39,0.138058545864,0.0,0
2018-05-27 18:53:33.149,228.92,0.138058545864,0.0,0
2018-05-27 18:53:33.242,229.03,0.138058545864,0.0,0
2018-05-27 18:53:33.429,229.63,0.138058545864,0.0,0
2018-05-27 18:53:33.522,229.16,0.138058545864,0.0,0
2018-05-27 18:53:33.792,231.07,0.138058545864,0.0,0
2018-05-27 18:53:33.885,231.68,0.138058545864,0.0,0
2018-05-27 18:53:34.037,230.56,0.138058545864,0.0,0
2018-05-27 18:53:34.131,230.98,0.138058545864,0.0,0
2018-05-27 18:53:34.224,230.93,0.138058545864,0.0,0
2018-05-27 18:53:34.317,231.16,0.138058545864,0.0,0
2018-05-27 18:53:34.410,231.28,0.138058545864,0.0,0
2018-05-27 18:53:34.503,231.66,0.138058545864,0.0,0
2018-05-27 18:53:34.596,231.84,0.138058545864,0.0,0
2018-05-27 18:53:34.689,231.57,0.138058545864,0.0,0
2018-05-27 18:53:34.866,232.99,0.138058545864,0.0,0
2018-05-27 18:53:35.019,231.74,0.138058545864,0.0,0
2018-05-27 18:53:35.112,231.76,0.138058545864,0.0,0
2018-05-27 18:53:35.205,231.64,0.138058545864,0.0,0
2018-05-27 18:53:35.391,231.56,0.138058545864,0.0,0
2018-05-27 18:53:35.485,232.5,0.138058545864,0.0,0
2018-05-27 18:53:35.568,233.6,0.138058545864,0.0,0
2018-05-27 18:53:35.661,233.63,0.138058545864,0.0,0
2018-05-27 18:53:35.745,232.89,0.138058545864,0.0,0
2018-05-27 18:53:36.000,232.53,0.138058545864,0.0,0
2018-05-27 18:53:36.093,231.85,0.138058545864,0.0,0
2018-05-27 18:53:36.186,230.92,0.138058545864,0.0,0
2018-05-27 18:53:36.280,229.47,0.138058545864,0.0,0
2018-05-27 18:53:36.373,227.76,0.138058545864,0.0,0
2018-05-27 18:53:36.466,227.46,0.138058545864,0.0,0
2018-05-27 18:53:36.550,228.15,0.138058545864,0.0,0
2018-05-27 18:53:36.643,227.52,0.138058545864,0.0,0
2018-05-27 18:53:36.727,224.28,0.138058545864,0.0,0
2018-05-27 18:53:36.820,223.73,0.138058545864,0.0,0
2018-05-27 18:53:36.908,222.72,0.138058545864,0.0,0
2018-05-27 18:53:37.056,223.37,0.138058545864,0.0,0
2018-05-27 18:53:37.149,221.6,0.138058545864,0.0,0
2018-05-27 18:53:37.242,220.7,0.138058545864,0.0,0
2018-05-27 18:53:37.335,220.23,0.138058545864,0.0,0
2018-05-27 18:53:37.429,220.78,0.138058545864,0.0,0
2018-05-27 18:53:37.699,218.13,0.138058545864,0.0,0
2018-05-27 18:53:37.876,216.85,0.138058545864,0.0,0
2018-05-27 18:53:38.037,217.11,0.138058545864,0.0,0
2018-05-27 18:53:38.131,218.23,0.138058545864,0.0,0
2018-05-27 18:53:38.224,217.19,0.138058545864,0.0,0
2018-05-27 18:53:38.317,217.12,0.138058545864,0.0,0
2018-05-27 18:53:38.773,217.23,0.138058545864,0.0,0
2018-05-27 18:53:38.866,217.77,0.138058545864,0.0,0
2018-05-27 18:53:39.121,216.79,0.138058545864,0.0,0
2018-05-27 18:53:39.215,217.17,0.138058545864,0.0,0
2018-05-27 18:53:39.308,218.18,0.138058545864,0.0,0
2018-05-27 18:53:39.494,216.67,0.138058545864,0.0,0
2018-05-27 18:53:39.587,218.62,0.138058545864,0.0,0
2018-05-27 18:53:39.680,217.31,0.138058545864,0.0,0
2018-05-27 18:53:39.774,217.71,0.138058545864,0.0,0
2018-05-27 18:53:39.858,216.76,0.138058545864,0.0,0
2018-05-27 18:53:40.112,218.67,0.138058545864,0.0,0
2018-05-27 18:53:40.196,217.41,0.138058545864,0.0,0
2018-05-27 18:53:40.289,218.36,0.138058545864,0.0,0
2018-05-27 18:53:40.382,217.18,0.138058545864,0.0,0
2018-05-27 18:53:40.475,217.67,0.138058545864,0.0,0
2018-05-27 18:53:40.569,218.88,0.138058545864,0.0,0
2018-05-27 18:53:40.662,219.2,0.138058545864,0.0,0
2018-05-27 18:53:40.838,218.92,0.138058545864,0.0,0
2018-05-27 18:53:41.001,217.95,0.138058545864,0.0,0
2018-05-27 18:53:41.186,220.37,0.138058545864,0.0,0
2018-05-27 18:53:41.280,219.46,0.138058545864,0.0,0
2018-05-27 18:53:41.457,220.48,0.138058545864,0.0,0
2018-05-27 18:53:41.643,220.58,0.138058545864,0.0,0
2018-05-27 18:53:41.726,220.26,0.138058545864,0.0,0
2018-05-27 18:53:41.908,220.66,0.138058545864,0.0,0
2018-05-27 18:53:42.065,221.98,0.138058545864,0.0,0
2018-05-27 18:53:42.149,222.61,0.138058545864,0.0,0
2018-05-27 18:53:42.242,221.17,0.138058545864,0.0,0
2018-05-27 18:53:42.336,222.33,0.138058545864,0.0,0
2018-05-27 18:53:42.429,222.41,0.138058545864,0.0,0
2018-05-27 18:53:42.522,223.83,0.138058545864,0.0,0
2018-05-27 18:53:42.615,224.23,0.138058545864,0.0,0
2018-05-27 18:53:42.792,224.42,0.138058545864,0.0,0
2018-05-27 18:53:42.886,224.48,0.138058545864,0.0,0
2018-05-27 18:53:43.037,223.62,0.138058545864,0.0,0
2018-05-27 18:53:43.130,223.69,0.138058545864,0.0,0
2018-05-27 18:53:43.224,224.08,0.138058545864,0.0,0
2018-05-27 18:53:43.317,222.23,0.138058545864,0.0,0
2018-05-27 18:53:43.410,222.62,0.138058545864,0.0,0
2018-05-27 18:53:43.503,222.11,0.138058545864,0.0,0
2018-05-27 18:53:43.596,223.27,0.138058545864,0.0,0
2018-05-27 18:53:43.689,221.88,0.138058545864,0.0,0
2018-05-27 18:53:43.773,221.68,0.138058545864,0.0,0
2018-05-27 18:53:44.019,220.78,0.138058545864,0.0,0
2018-05-27 18:53:44.298,219.26,0.138058545864,0.0,0
2018-05-27 18:53:44.484,220.63,0.138058545864,0.0,0
2018-05-27 18:53:44.569,218.83,0.138058545864,0.0,0
2018-05-27 18:53:44.661,220.15,0.138058545864,0.0,0
2018-05-27 18:53:44.745,219.14,0.138058545864,0.0,0
2018-05-27 18:53:44.838,220.04,0.138058545864,0.0,0
2018-05-27 18:53:45.000,219.13,0.138058545864,0.0,0
2018-05-27 18:53:45.093,218.7,0.138058545864,0.0,0
2018-05-27 18:53:45.186,219.38,0.138058545864,0.0,0
2018-05-27 18:53:45.279,220.54,0.138058545864,0.0,0
2018-05-27 18:53:45.373,218.47,0.138058545864,0.0,0
2018-05-27 18:53:45.466,218.73,0.138058545864,0.0,0
2018-05-27 18:53:45.559,218.99,0.138058545864,0.0,0
2018-05-27 18:53:45.652,218.76,0.138058545864,0.0,0
2018-05-27 18:53:45.736,218.88,0.138058545864,0.0,0
2018-05-27 18:53:45.829,218.4,0.138058545864,0.0,0
2018-05-27 18:53:45.922,216.42,0.138058545864,0.0,0
2018-05-27 18:53:46.084,217.05,0.138058545864,0.0,0
2018-05-27 18:53:46.177,218.4,0.138058545864,0.0,0
2018-05-27 18:53:46.270,216.04,0.138058545864,0.0,0
2018-05-27 18:53:46.363,217.01,0.138058545864,0.0,0
2018-05-27 18:53:46.550,216.81,0.138058545864,0.0,0
2018-05-27 18:53:46.643,217.62,0.138058545864,0.0,0
2018-05-27 18:53:46.726,217.2,0.138058545864,0.0,0
2018-05-27 18:53:46.820,216.96,0.138058545864,0.0,0
2018-05-27 18:53:46.908,217.86,0.138058545864,0.0,0
2018-05-27 18:53:47.065,218.41,0.138058545864,0.0,0
2018-05-27 18:53:47.150,217.88,0.138058545864,0.0,0
2018-05-27 18:53:47.243,218.89,0.138058545864,0.0,0
2018-05-27 18:53:47.335,219.76,0.138058545864,0.0,0
2018-05-27 18:53:47.419,219.54,0.138058545864,0.0,0
2018-05-27 18:53:47.512,220.74,0.138058545864,0.0,0
2018-05-27 18:53:47.605,220.19,0.138058545864,0.0,0
2018-05-27 18:53:47.689,220.67,0.138058545864,0.0,0
2018-05-27 18:53:47.782,220.91,0.138058545864,0.0,0
2018-05-27 18:53:47.875,219.86,0.138058545864,0.0,0
2018-05-27 18:53:48.028,221.26,0.138058545864,0.0,0
2018-05-27 18:53:48.130,222.41,0.138058545864,0.0,0
2018-05-27 18:53:48.224,222.78,0.138058545864,0.0,0
2018-05-27 18:53:48.317,221.13,0.138058545864,0.0,0
2018-05-27 18:53:48.410,221.71,0.138058545864,0.0,0
2018-05-27 18:53:48.503,222.71,0.138058545864,0.0,0
2018-05-27 18:53:48.596,223.85,0.138058545864,0.0,0
2018-05-27 18:53:48.681,223.33,0.138058545864,0.0,0
2018-05-27 18:53:48.773,223.51,0.138058545864,0.0,0
2018-05-27 18:53:48.866,224.34,0.138058545864,0.0,0
2018-05-27 18:53:49.028,225.3,0.138058545864,0.0,0
2018-05-27 18:53:49.121,224.72,0.138058545864,0.0,0
2018-05-27 18:53:49.298,225.99,0.138058545864,0.0,0
2018-05-27 18:53:49.391,225.9,0.138058545864,0.0,0
2018-05-27 18:53:49.484,225.67,0.138058545864,0.0,0
2018-05-27 18:53:49.569,226.09,0.138058545864,0.0,0
2018-05-27 18:53:49.661,226.13,0.138058545864,0.0,0
2018-05-27 18:53:49.754,225.95,0.138058545864,0.0,0
2018-05-27 18:53:49.847,226.05,0.138058545864,0.0,0
2018-05-27 18:53:50.009,225.94,0.138058545864,0.0,0
2018-05-27 18:53:50.102,225.63,0.138058545864,0.0,0
2018-05-27 18:53:50.196,226.2,0.138058545864,0.0,0
2018-05-27 18:53:50.289,225.99,0.138058545864,0.0,0
2018-05-27 18:53:50.382,226.76,0.138058545864,0.0,0
2018-05-27 18:53:50.568,228.32,0.138058545864,0.0,0
2018-05-27 18:53:50.652,227.65,0.138058545864,0.0,0
2018-05-27 18:53:50.736,228.17,0.138058545864,0.0,0
2018-05-27 18:53:50.829,227.94,0.138058545864,0.0,0
2018-05-27 18:53:50.922,228.15,0.138058545864,0.0,0
2018-05-27 18:53:51.084,228.31,0.138058545864,0.0,0
2018-05-27 18:53:51.177,226.99,0.138058545864,0.0,0
2018-05-27 18:53:51.364,228.74,0.138058545864,0.0,0
2018-05-27 18:53:51.447,230.28,0.138058545864,0.0,0
2018-05-27 18:53:51.540,230.33,0.138058545864,0.0,0
2018-05-27 18:53:51.633,230.01,0.138058545864,0.0,0
2018-05-27 18:53:51.726,230.83,0.138058545864,0.0,0
2018-05-27 18:53:51.894,230.06,0.138058545864,0.0,0
2018-05-27 18:53:52.056,230.61,0.138058545864,0.0,0
2018-05-27 18:53:52.150,230.27,0.138058545864,0.0,0
2018-05-27 18:53:52.233,230.81,0.138058545864,0.0,0
2018-05-27 18:53:52.326,230.83,0.138058545864,0.0,0
2018-05-27 18:53:52.419,230.72,0.138058545864,0.0,0
2018-05-27 18:53:52.512,231.03,0.138058545864,0.0,0
2018-05-27 18:53:52.605,231.48,0.138058545864,0.0,0
2018-05-27 18:53:52.690,230.61,0.138058545864,0.0,0
2018-05-27 18:53:52.866,231.99,0.138058545864,0.0,0
2018-05-27 18:53:53.028,232.25,0.138058545864,0.0,0
2018-05-27 18:53:53.205,231.32,0.138058545864,0.0,0
2018-05-27 18:53:53.298,231.64,0.138058545864,0.0,0
2018-05-27 18:53:53.391,231.69,0.138058545864,0.0,0
2018-05-27 18:53:53.577,232.89,0.138058545864,0.0,0
2018-05-27 18:53:53.671,233.01,0.138058545864,0.0,0
2018-05-27 18:53:53.754,233.26,0.138058545864,0.0,0
2018-05-27 18:53:53.847,233.41,0.138058545864,0.0,0
2018-05-27 18:53:54.009,233.19,0.138058545864,0.0,0
2018-05-27 18:53:54.102,233.48,0.138058545864,0.0,0
2018-05-27 18:53:54.196,233.62,0.138058545864,0.0,0
2018-05-27 18:53:54.382,232.9,0.138058545864,0.0,0
2018-05-27 18:53:54.568,233.58,0.138058545864,0.0,0
2018-05-27 18:53:54.652,234.75,0.138058545864,0.0,0
2018-05-27 18:53:54.745,233.85,0.138058545864,0.0,0
2018-05-27 18:53:54.829,234.82,0.138058545864,0.0,0
2018-05-27 18:53:54.922,236.01,0.138058545864,0.0,0
2018-05-27 18:53:55.084,235.59,0.138058545864,0.0,0
2018-05-27 18:53:55.270,235.53,0.138058545864,0.0,0
2018-05-27 18:53:55.363,235.6,0.138058545864,0.0,0
2018-05-27 18:53:55.447,236.63,0.138058545864,0.0,0
2018-05-27 18:53:55.549,235.55,0.138058545864,0.0,0
2018-05-27 18:53:55.643,235.14,0.138058545864,0.0,0
2018-05-27 18:53:55.736,235.65,0.138058545864,0.0,0
2018-05-27 18:53:56.419,230.38,0.138058545864,0.0,0
2018-05-27 18:53:56.512,229.16,0.138058545864,0.0,0
2018-05-27 18:53:56.597,226.85,0.138058545864,0.0,0
2018-05-27 18:53:56.690,226.07,0.138058545864,0.0,0
2018-05-27 18:53:56.875,223.69,0.138058545864,0.0,0
2018-05-27 18:53:57.214,220.1,0.138058545864,0.0,0
2018-05-27 18:53:57.307,218.69,0.138058545864,0.0,0
2018-05-27 18:53:57.400,218.42,0.138058545864,0.0,0
2018-05-27 18:53:57.577,217.47,0.138058545864,0.0,0
2018-05-27 18:53:57.670,217.11,0.138058545864,0.0,0
2018-05-27 18:53:57.754,216.15,0.138058545864,0.0,0
2018-05-27 18:53:57.847,213.61,0.138058545864,0.0,0
2018-05-27 18:53:58.103,213.77,0.138058545864,0.0,0
2018-05-27 18:53:58.196,211.89,0.138058545864,0.0,0
2018-05-27 18:53:58.289,212.78,0.138058545864,0.0,0
2018-05-27 18:53:58.372,210.71,0.138058545864,0.0,0
2018-05-27 18:53:58.465,211.25,0.138058545864,0.0,0
2018-05-27 18:53:58.559,210.65,0.138058545864,0.0,0
2018-05-27 18:53:58.652,211.06,0.138058545864,0.0,0
2018-05-27 18:53:58.745,210.85,0.138058545864,0.0,0
2018-05-27 18:53:58.829,210.27,0.138058545864,0.0,0
2018-05-27 18:53:58.922,212.34,0.138058545864,0.0,0
2018-05-27 18:53:59.084,210.89,0.138058545864,0.0,0
2018-05-27 18:53:59.178,211.42,0.138058545864,0.0,0
2018-05-27 18:53:59.261,210.78,0.138058545864,0.0,0
2018-05-27 18:53:59.354,212.29,0.138058545864,0.0,0
2018-05-27 18:53:59.447,211.69,0.138058545864,0.0,0
2018-05-27 18:53:59.540,212.98,0.138058545864,0.0,0
2018-05-27 18:53:59.633,211.83,0.138058545864,0.0,0
2018-05-27 18:53:59.810,211.46,0.138058545864,0.0,0
2018-05-27 18:53:59.894,211.86,0.138058545864,0.0,0
2018-05-27 18:54:00.046,211.11,0.138058545864,0.0,0
2018-05-27 18:54:00.139,212.34,0.138058545864,0.0,0
2018-05-27 18:54:00.233,212.72,0.138058545864,0.0,0
2018-05-27 18:54:00.326,212.4,0.138058545864,0.0,0
2018-05-27 18:54:00.419,214.26,0.138058545864,0.0,0
2018-05-27 18:54:00.512,212.09,0.138058545864,0.0,0
2018-05-27 18:54:00.689,212.54,0.138058545864,0.0,0
2018-05-27 18:54:00.782,214.62,0.138058545864,0.0,0
2018-05-27 18:54:01.037,214.21,0.138058545864,0.0,0
2018-05-27 18:54:01.223,214.87,0.138058545864,0.0,0
2018-05-27 18:54:01.316,216.39,0.138058545864,0.0,0
2018-05-27 18:54:01.410,216.1,0.138058545864,0.0,0
2018-05-27 18:54:01.503,216.49,0.138058545864,0.0,0
2018-05-27 18:54:01.587,215.62,0.138058545864,0.0,0
2018-05-27 18:54:01.773,218.23,0.138058545864,0.0,0
2018-05-27 18:54:01.866,217.05,0.138058545864,0.0,0
2018-05-27 18:54:02.028,217.45,0.138058545864,0.0,0
2018-05-27 18:54:02.121,219.07,0.138058545864,0.0,0
2018-05-27 18:54:02.308,217.78,0.138058545864,0.0,0
2018-05-27 18:54:02.391,218.79,0.138058545864,0.0,0
2018-05-27 18:54:02.484,217.69,0.138058545864,0.0,0
2018-05-27 18:54:02.670,218.62,0.138058545864,0.0,0
2018-05-27 18:54:02.763,217.23,0.138058545864,0.0,0
2018-05-27 18:54:02.847,218.23,0.138058545864,0.0,0
2018-05-27 18:54:03.009,216.85,0.138058545864,0.0,0
2018-05-27 18:54:03.102,217.88,0.138058545864,0.0,0
2018-05-27 18:54:03.196,218.88,0.138058545864,0.0,0
2018-05-27 18:54:03.279,217.31,0.138058545864,0.0,0
2018-05-27 18:54:03.372,217.35,0.138058545864,0.0,0
2018-05-27 18:54:03.465,214.89,0.138058545864,0.0,0
2018-05-27 18:54:03.559,215.76,0.138058545864,0.0,0
2018-05-27 18:54:03.652,215.98,0.138058545864,0.0,0
2018-05-27 18:54:03.745,213.76,0.138058545864,0.0,0
2018-05-27 18:54:03.829,214.16,0.138058545864,0.0,0
2018-05-27 18:54:03.913,215.27,0.138058545864,0.0,0
2018-05-27 18:54:04.094,214.21,0.138058545864,0.0,0
2018-05-27 18:54:04.177,213.77,0.138058545864,0.0,0
2018-05-27 18:54:04.270,213.44,0.138058545864,0.0,0
2018-05-27 18:54:04.363,214.15,0.138058545864,0.0,0
2018-05-27 18:54:04.456,213.56,0.138058545864,0.0,0
2018-05-27 18:54:04.549,215.39,0.138058545864,0.0,0
2018-05-27 18:54:04.642,213.73,0.138058545864,0.0,0
2018-05-27 18:54:04.745,215.17,0.138058545864,0.0,0
2018-05-27 18:54:04.838,213.94,0.138058545864,0.0,0
2018-05-27 18:54:04.931,215.9,0.138058545864,0.0,0
2018-05-27 18:54:05.093,214.2,0.138058545864,0.0,0
2018-05-27 18:54:05.186,213.69,0.138058545864,0.0,0
2018-05-27 18:54:05.270,213.78,0.138058545864,0.0,0
2018-05-27 18:54:05.363,215.26,0.138058545864,0.0,0
2018-05-27 18:54:05.456,214.31,0.138058545864,0.0,0
2018-05-27 18:54:05.549,213.81,0.138058545864,0.0,0
2018-05-27 18:54:05.642,215.47,0.138058545864,0.0,0
2018-05-27 18:54:05.735,213.47,0.138058545864,0.0,0
2018-05-27 18:54:05.819,215.53,0.138058545864,0.0,0
2018-05-27 18:54:06.065,214.04,0.138058545864,0.0,0
2018-05-27 18:54:06.149,215.88,0.138058545864,0.0,0
2018-05-27 18:54:06.326,214.4,0.138058545864,0.0,0
2018-05-27 18:54:06.419,214.77,0.138058545864,0.0,0
2018-05-27 18:54:06.512,216.11,0.138058545864,0.0,0
2018-05-27 18:54:06.689,215.53,0.138058545864,0.0,0
2018-05-27 18:54:06.875,216.98,0.138058545864,0.0,0
2018-05-27 18:54:07.028,215.37,0.138058545864,0.0,0
2018-05-27 18:54:07.121,216.63,0.138058545864,0.0,0
2018-05-27 18:54:07.214,214.79,0.138058545864,0.0,0
2018-05-27 18:54:07.307,216.14,0.138058545864,0.0,0
2018-05-27 18:54:07.400,217.7,0.138058545864,0.0,0
2018-05-27 18:54:07.587,216.9,0.138058545864,0.0,0
2018-05-27 18:54:07.670,217.17,0.138058545864,0.0,0
2018-05-27 18:54:07.763,218.19,0.138058545864,0.0,0
2018-05-27 18:54:07.847,217.83,0.138058545864,0.0,0
2018-05-27 18:54:08.009,217.56,0.138058545864,0.0,0
2018-05-27 18:54:08.102,218.52,0.138058545864,0.0,0
2018-05-27 18:54:08.195,218.22,0.138058545864,0.0,0
2018-05-27 18:54:08.288,218.06,0.138058545864,0.0,0
2018-05-27 18:54:08.382,220.14,0.138058545864,0.0,0
2018-05-27 18:54:08.465,218.55,0.138058545864,0.0,0
2018-05-27 18:54:08.558,220.48,0.138058545864,0.0,0
2018-05-27 18:54:08.652,220.72,0.138058545864,0.0,0
2018-05-27 18:54:08.745,219.02,0.138058545864,0.0,0
2018-05-27 18:54:08.829,220.98,0.138058545864,0.0,0
2018-05-27 18:54:08.922,220.7,0.138058545864,0.0,0
2018-05-27 18:54:09.084,221.13,0.138058545864,0.0,0
2018-05-27 18:54:09.177,221.34,0.138058545864,0.0,0
2018-05-27 18:54:09.270,222.85,0.138058545864,0.0,0
2018-05-27 18:54:09.549,222.2,0.138058545864,0.0,0
2018-05-27 18:54:09.642,222.98,0.138058545864,0.0,0
2018-05-27 18:54:09.735,224.37,0.138058545864,0.0,0
2018-05-27 18:54:09.829,223.76,0.138058545864,0.0,0
2018-05-27 18:54:09.922,223.57,0.138058545864,0.0,0
2018-05-27 18:54:10.083,223.27,0.138058545864,0.0,0
2018-05-27 18:54:10.177,224.27,0.138058545864,0.0,0
2018-05-27 18:54:10.270,224.99,0.138058545864,0.0,0
2018-05-27 18:54:10.363,226.15,0.138058545864,0.0,0
2018-05-27 18:54:10.447,224.96,0.138058545864,0.0,0
2018-05-27 18:54:10.540,224.82,0.138058545864,0.0,0
2018-05-27 18:54:10.633,225.05,0.138058545864,0.0,0
2018-05-27 18:54:10.726,226.53,0.138058545864,0.0,0
2018-05-27 18:54:10.810,225.61,0.138058545864,0.0,0
2018-05-27 18:54:10.894,226.4,0.138058545864,0.0,0
2018-05-27 18:54:11.056,226.33,0.138058545864,0.0,0
2018-05-27 18:54:11.326,228.17,0.138058545864,0.0,0
2018-05-27 18:54:11.419,227.62,0.138058545864,0.0,0
2018-05-27 18:54:11.605,227.3,0.138058545864,0.0,0
2018-05-27 18:54:11.698,226.75,0.138058545864,0.0,0
2018-05-27 18:54:11.782,229.21,0.138058545864,0.0,0
2018-05-27 18:54:11.875,229.65,0.138058545864,0.0,0
2018-05-27 18:54:12.121,228.45,0.138058545864,0.0,0
2018-05-27 18:54:12.307,228.95,0.138058545864,0.0,0
2018-05-27 18:54:12.493,230.06,0.138058545864,0.0,0
2018-05-27 18:54:12.586,231.03,0.138058545864,0.0,0
2018-05-27 18:54:12.679,231.2,0.138058545864,0.0,0
2018-05-27 18:54:12.773,231.07,0.138058545864,0.0,0
2018-05-27 18:54:12.866,231.14,0.138058545864,0.0,0
2018-05-27 18:54:13.028,231.4,0.138058545864,0.0,0
2018-05-27 18:54:13.205,230.31,0.138058545864,0.0,0
2018-05-27 18:54:13.298,230.71,0.138058545864,0.0,0
2018-05-27 18:54:13.493,231.74,0.138058545864,0.0,0
2018-05-27 18:54:13.586,231.94,0.138058545864,0.0,0
2018-05-27 18:54:13.773,232.04,0.138058545864,0.0,0
2018-05-27 18:54:13.857,230.93,0.138058545864,0.0,0
2018-05-27 18:54:14.121,231.21,0.138058545864,0.0,0
2018-05-27 18:54:14.307,231.1,0.138058545864,0.0,0
2018-05-27 18:54:14.400,231.27,0.138058545864,0.0,0
2018-05-27 18:54:14.493,231.4,0.138058545864,0.0,0
2018-05-27 18:54:14.587,231.58,0.138058545864,0.0,0
2018-05-27 18:54:14.763,232.05,0.138058545864,0.0,0
2018-05-27 18:54:14.856,231.84,0.138058545864,0.0,0
2018-05-27 18:54:15.111,232.09,0.138058545864,0.0,0
2018-05-27 18:54:15.298,232.2,0.138058545864,0.0,0
2018-05-27 18:54:15.391,232.3,0.138058545864,0.0,0
2018-05-27 18:54:15.661,233.84,0.138058545864,0.0,0
2018-05-27 18:54:15.838,230.9,0.138058545864,0.0,0
2018-05-27 18:54:15.931,229.89,0.138058545864,0.0,0
2018-05-27 18:54:16.093,229.49,0.138058545864,0.0,0
2018-05-27 18:54:16.186,228.31,0.138058545864,0.0,0
2018-05-27 18:54:16.279,227.97,0.138058545864,0.0,0
2018-05-27 18:54:16.372,226.91,0.138058545864,0.0,0
2018-05-27 18:54:16.447,226.49,0.138058545864,0.0,0
2018-05-27 18:54:16.549,224.92,0.138058545864,0.0,0
2018-05-27 18:54:16.642,223.85,0.138058545864,0.0,0
2018-05-27 18:54:16.726,224.55,0.138058545864,0.0,0
2018-05-27 18:54:17.065,221.99,0.138058545864,0.0,0
2018-05-27 18:54:17.149,221.66,0.138058545864,0.0,0
2018-05-27 18:54:17.242,220.67,0.138058545864,0.0,0
2018-05-27 18:54:17.335,218.87,0.138058545864,0.0,0
2018-05-27 18:54:17.428,217.75,0.138058545864,0.0,0
2018-05-27 18:54:17.521,219.38,0.138058545864,0.0,0
2018-05-27 18:54:17.614,217.87,0.138058545864,0.0,0
2018-05-27 18:54:17.707,217.11,0.138058545864,0.0,0
2018-05-27 18:54:17.791,217.01,0.138058545864,0.0,0
2018-05-27 18:54:17.884,217.24,0.138058545864,0.0,0
2018-05-27 18:54:18.047,218.13,0.138058545864,0.0,0
2018-05-27 18:54:18.223,216.92,0.138058545864,0.0,0
2018-05-27 18:54:18.316,215.16,0.138058545864,0.0,0
2018-05-27 18:54:18.596,214.79,0.138058545864,0.0,0
2018-05-27 18:54:18.866,216.29,0.138058545864,0.0,0
2018-05-27 18:54:19.018,214.48,0.138058545864,0.0,0
2018-05-27 18:54:19.204,214.57,0.138058545864,0.0,0
2018-05-27 18:54:19.297,215.1,0.138058545864,0.0,0
2018-05-27 18:54:19.391,215.94,0.138058545864,0.0,0
2018-05-27 18:54:19.484,213.24,0.138058545864,0.0,0
2018-05-27 18:54:19.577,213.8,0.138058545864,0.0,0
2018-05-27 18:54:19.754,214.67,0.138058545864,0.0,0
2018-05-27 18:54:19.847,212.84,0.138058545864,0.0,0
2018-05-27 18:54:20.009,213.92,0.138058545864,0.0,0
2018-05-27 18:54:20.102,214.73,0.138058545864,0.0,0
2018-05-27 18:54:20.195,213.54,0.138058545864,0.0,0
2018-05-27 18:54:20.381,213.35,0.138058545864,0.0,0
2018-05-27 18:54:20.474,213.64,0.138058545864,0.0,0
2018-05-27 18:54:20.568,215.27,0.138058545864,0.0,0
2018-05-27 18:54:20.661,213.22,0.138058545864,0.0,0
2018-05-27 18:54:20.745,214.63,0.138058545864,0.0,0
2018-05-27 18:54:20.838,213.81,0.138058545864,0.0,0
2018-05-27 18:54:20.931,215.31,0.138058545864,0.0,0
2018-05-27 18:54:21.093,214.38,0.138058545864,0.0,0
2018-05-27 18:54:21.186,214.6,0.138058545864,0.0,0
2018-05-27 18:54:21.279,215.87,0.138058545864,0.0,0
2018-05-27 18:54:21.372,214.05,0.138058545864,0.0,0
2018-05-27 18:54:21.465,215.3,0.138058545864,0.0,0
2018-05-27 18:54:21.558,216.61,0.138058545864,0.0,0
2018-05-27 18:54:21.651,215.33,0.138058545864,0.0,0
2018-05-27 18:54:21.828,216.87,0.138058545864,0.0,0
2018-05-27 18:54:21.907,216.67,0.138058545864,0.0,0
2018-05-27 18:54:22.074,216.33,0.138058545864,0.0,0
2018-05-27 18:54:22.167,218.35,0.138058545864,0.0,0
2018-05-27 18:54:22.260,217.56,0.138058545864,0.0,0
2018-05-27 18:54:22.353,218.64,0.138058545864,0.0,0
2018-05-27 18:54:22.446,219.05,0.138058545864,0.0,0
2018-05-27 18:54:22.540,218.42,0.138058545864,0.0,0
2018-05-27 18:54:22.633,217.86,0.138058545864,0.0,0
2018-05-27 18:54:22.717,219.81,0.138058545864,0.0,0
2018-05-27 18:54:22.800,220.55,0.138058545864,0.0,0
2018-05-27 18:54:22.893,220.33,0.138058545864,0.0,0
2018-05-27 18:54:23.055,220.13,0.138058545864,0.0,0
2018-05-27 18:54:23.148,221.29,0.138058545864,0.0,0
2018-05-27 18:54:23.242,220.81,0.138058545864,0.0,0
2018-05-27 18:54:23.335,222.42,0.138058545864,0.0,0
2018-05-27 18:54:23.428,221.86,0.138058545864,0.0,0
2018-05-27 18:54:23.698,220.81,0.138058545864,0.0,0
2018-05-27 18:54:23.791,221.4,0.138058545864,0.0,0
2018-05-27 18:54:23.884,221.21,0.138058545864,0.0,0
2018-05-27 18:54:24.046,221.48,0.138058545864,0.0,0
2018-05-27 18:54:24.139,220.46,0.138058545864,0.0,0
2018-05-27 18:54:24.232,218.71,0.138058545864,0.0,0
2018-05-27 18:54:24.325,218.68,0.138058545864,0.0,0
2018-05-27 18:54:24.419,218.95,0.138058545864,0.0,0
2018-05-27 18:54:24.513,216.93,0.138058545864,0.0,0
2018-05-27 18:54:24.595,217.73,0.138058545864,0.0,0
2018-05-27 18:54:24.689,215.15,0.138058545864,0.0,0
2018-05-27 18:54:24.772,217.58,0.138058545864,0.0,0
2018-05-27 18:54:24.866,215.4,0.138058545864,0.0,0
2018-05-27 18:54:25.121,217.08,0.138058545864,0.0,0
2018-05-27 18:54:25.214,215.83,0.138058545864,0.0,0
2018-05-27 18:54:25.391,215.57,0.138058545864,0.0,0
2018-05-27 18:54:25.577,215.85,0.138058545864,0.0,0
2018-05-27 18:54:25.670,215.83,0.138058545864,0.0,0
2018-05-27 18:54:25.763,217.36,0.138058545864,0.0,0
2018-05-27 18:54:25.847,216.53,0.138058545864,0.0,0
2018-05-27 18:54:26.009,217.67,0.138058545864,0.0,0
2018-05-27 18:54:26.186,217.47,0.138058545864,0.0,0
2018-05-27 18:54:26.279,216.08,0.138058545864,0.0,0
2018-05-27 18:54:26.372,216.29,0.138058545864,0.0,0
2018-05-27 18:54:26.465,216.4,0.138058545864,0.0,0
2018-05-27 18:54:26.558,215.91,0.138058545864,0.0,0
2018-05-27 18:54:26.651,216.28,0.138058545864,0.0,0
2018-05-27 18:54:26.735,216.95,0.138058545864,0.0,0
2018-05-27 18:54:26.829,217.91,0.138058545864,0.0,0
2018-05-27 18:54:26.912,216.36,0.138058545864,0.0,0
2018-05-27 18:54:27.074,217.98,0.138058545864,0.0,0
2018-05-27 18:54:27.167,216.6,0.138058545864,0.0,0
2018-05-27 18:54:27.260,217.24,0.138058545864,0.0,0
2018-05-27 18:54:27.353,218.6,0.138058545864,0.0,0
2018-05-27 18:54:27.447,217.6,0.138058545864,0.0,0
2018-05-27 18:54:27.540,216.94,0.138058545864,0.0,0
2018-05-27 18:54:27.633,217.43,0.138058545864,0.0,0
2018-05-27 18:54:27.726,218.88,0.138058545864,0.0,0
2018-05-27 18:54:27.810,218.9,0.138058545864,0.0,0
2018-05-27 18:54:27.893,217.69,0.138058545864,0.0,0
2018-05-27 18:54:28.055,220.07,0.138058545864,0.0,0
2018-05-27 18:54:28.148,220.19,0.138058545864,0.0,0
2018-05-27 18:54:28.241,218.34,0.138058545864,0.0,0
2018-05-27 18:54:28.335,219.4,0.138058545864,0.0,0
2018-05-27 18:54:28.428,221.56,0.138058545864,0.0,0
2018-05-27 18:54:28.502,220.8,0.138058545864,0.0,0
2018-05-27 18:54:28.689,221.04,0.138058545864,0.0,0
2018-05-27 18:54:28.782,221.4,0.138058545864,0.0,0
2018-05-27 18:54:28.875,222.38,0.138058545864,0.0,0
2018-05-27 18:54:29.037,222.05,0.138058545864,0.0,0
2018-05-27 18:54:29.130,221.47,0.138058545864,0.0,0
2018-05-27 18:54:29.223,222.29,0.138058545864,0.0,0
2018-05-27 18:54:29.307,222.42,0.138058545864,0.0,0
2018-05-27 18:54:29.595,223.61,0.138058545864,0.0,0
2018-05-27 18:54:29.689,223.75,0.138058545864,0.0,0
2018-05-27 18:54:29.772,225.24,0.138058545864,0.0,0
2018-05-27 18:54:30.027,224.84,0.138058545864,0.0,0
2018-05-27 18:54:30.121,224.83,0.138058545864,0.0,0
2018-05-27 18:54:30.214,224.8,0.138058545864,0.0,0
2018-05-27 18:54:30.390,226.11,0.138058545864,0.0,0
2018-05-27 18:54:30.484,225.67,0.138058545864,0.0,0
2018-05-27 18:54:30.577,226.88,0.138058545864,0.0,0
2018-05-27 18:54:30.670,226.35,0.138058545864,0.0,0
2018-05-27 18:54:30.763,227.35,0.138058545864,0.0,0
2018-05-27 18:54:30.856,228.39,0.138058545864,0.0,0
2018-05-27 18:54:31.018,229.38,0.138058545864,0.0,0
2018-05-27 18:54:31.112,229.21,0.138058545864,0.0,0
2018-05-27 18:54:31.196,228.51,0.138058545864,0.0,0
2018-05-27 18:54:31.372,229.62,0.138058545864,0.0,0
2018-05-27 18:54:31.465,230.72,0.138058545864,0.0,0
2018-05-27 18:54:31.558,230.12,0.138058545864,0.0,0
2018-05-27 18:54:31.651,230.43,0.138058545864,0.0,0
2018-05-27 18:54:31.744,230.26,0.138058545864,0.0,0
2018-05-27 18:54:31.828,230.06,0.138058545864,0.0,0
2018-05-27 18:54:31.912,231.53,0.138058545864,0.0,0
2018-05-27 18:54:32.074,231.59,0.138058545864,0.0,0
2018-05-27 18:54:32.167,231.99,0.138058545864,0.0,0
2018-05-27 18:54:32.260,231.92,0.138058545864,0.0,0
2018-05-27 18:54:32.353,232.49,0.138058545864,0.0,0
2018-05-27 18:54:32.446,232.92,0.138058545864,0.0,0
2018-05-27 18:54:32.540,233.64,0.138058545864,0.0,0
2018-05-27 18:54:32.633,234.35,0.138058545864,0.0,0
2018-05-27 18:54:32.721,232.95,0.138058545864,0.0,0
2018-05-27 18:54:32.810,234.12,0.138058545864,0.0,0
2018-05-27 18:54:32.893,235.07,0.138058545864,0.0,0
2018-05-27 18:54:33.055,235.71,0.138058545864,0.0,0
2018-05-27 18:54:33.148,235.57,0.138058545864,0.0,0
2018-05-27 18:54:33.232,234.7,0.138058545864,0.0,0
2018-05-27 18:54:33.325,234.74,0.138058545864,0.0,0
2018-05-27 18:54:33.418,235.87,0.138058545864,0.0,0
2018-05-27 18:54:33.512,235.96,0.138058545864,0.0,0
2018-05-27 18:54:33.595,235.01,0.138058545864,0.0,0
2018-05-27 18:54:33.688,234.17,0.138058545864,0.0,0
2018-05-27 18:54:33.772,235.79,0.138058545864,0.0,0
2018-05-27 18:54:34.027,234.36,0.138058545864,0.0,0
2018-05-27 18:54:34.196,233.76,0.138058545864,0.0,0
2018-05-27 18:54:34.297,235.15,0.138058545864,0.0,0
2018-05-27 18:54:34.390,235.0,0.138058545864,0.0,0
2018-05-27 18:54:34.484,235.08,0.138058545864,0.0,0
2018-05-27 18:54:34.577,235.37,0.138058545864,0.0,0
2018-05-27 18:54:34.670,234.65,0.138058545864,0.0,0
2018-05-27 18:54:34.754,233.86,0.138058545864,0.0,0
2018-05-27 18:54:34.847,235.13,0.138058545864,0.0,0
2018-05-27 18:54:35.009,234.95,0.138058545864,0.0,0
2018-05-27 18:54:35.185,234.45,0.138058545864,0.0,0
2018-05-27 18:54:35.279,234.39,0.138058545864,0.0,0
2018-05-27 18:54:35.372,234.34,0.138058545864,0.0,0
2018-05-27 18:54:35.744,235.88,0.138058545864,0.0,0
2018-05-27 18:54:35.828,234.0,0.138058545864,0.0,0
2018-05-27 18:54:35.912,235.83,0.138058545864,0.0,0
2018-05-27 18:54:36.074,235.46,0.138058545864,0.0,0
2018-05-27 18:54:36.167,234.53,0.138058545864,0.0,0
2018-05-27 18:54:36.260,235.11,0.138058545864,0.0,0
2018-05-27 18:54:36.353,234.69,0.138058545864,0.0,0
2018-05-27 18:54:36.446,235.27,0.138058545864,0.0,0
2018-05-27 18:54:36.539,234.5,0.138058545864,0.0,0
2018-05-27 18:54:36.633,234.68,0.138058545864,0.0,0
2018-05-27 18:54:36.721,235.18,0.138058545864,0.0,0
2018-05-27 18:54:36.810,233.81,0.138058545864,0.0,0
2018-05-27 18:54:36.893,231.89,0.138058545864,0.0,0
2018-05-27 18:54:37.055,230.02,0.138058545864,0.0,0
2018-05-27 18:54:37.148,227.22,0.138058545864,0.0,0
2018-05-27 18:54:37.232,227.51,0.138058545864,0.0,0
2018-05-27 18:54:37.325,225.63,0.138058545864,0.0,0
2018-05-27 18:54:37.511,221.39,0.138058545864,0.0,0
2018-05-27 18:54:37.688,219.33,0.138058545864,0.0,0
2018-05-27 18:54:37.875,218.82,0.138058545864,0.0,0
2018-05-27 18:54:38.130,216.29,0.138058545864,0.0,0
2018-05-27 18:54:38.316,218.14,0.138058545864,0.0,0
2018-05-27 18:54:38.409,216.01,0.138058545864,0.0,0
2018-05-27 18:54:38.502,215.35,0.138058545864,0.0,0
2018-05-27 18:54:38.595,216.69,0.138058545864,0.0,0
2018-05-27 18:54:38.772,216.42,0.138058545864,0.0,0
2018-05-27 18:54:38.865,214.95,0.138058545864,0.0,0
2018-05-27 18:54:39.027,215.93,0.138058545864,0.0,0
2018-05-27 18:54:39.120,214.53,0.138058545864,0.0,0
2018-05-27 18:54:39.214,214.09,0.138058545864,0.0,0
2018-05-27 18:54:39.307,214.05,0.138058545864,0.0,0
2018-05-27 18:54:39.400,213.19,0.138058545864,0.0,0
2018-05-27 18:54:39.493,213.33,0.138058545864,0.0,0
2018-05-27 18:54:39.587,213.51,0.138058545864,0.0,0
2018-05-27 18:54:39.680,213.15,0.138058545864,0.0,0
2018-05-27 18:54:39.763,211.5,0.138058545864,0.0,0
2018-05-27 18:54:40.018,212.79,0.138058545864,0.0,0
2018-05-27 18:54:40.111,212.26,0.138058545864,0.0,0
2018-05-27 18:54:40.204,212.88,0.138058545864,0.0,0
2018-05-27 18:54:40.297,211.22,0.138058545864,0.0,0
2018-05-27 18:54:40.390,213.24,0.138058545864,0.0,0
2018-05-27 18:54:40.474,211.89,0.138058545864,0.0,0
2018-05-27 18:54:40.567,212.19,0.138058545864,0.0,0
2018-05-27 18:54:40.660,212.49,0.138058545864,0.0,0
2018-05-27 18:54:40.754,213.18,0.138058545864,0.0,0
2018-05-27 18:54:40.930,212.46,0.138058545864,0.0,0
2018-05-27 18:54:41.185,213.35,0.138058545864,0.0,0
2018-05-27 18:54:41.279,212.1,0.138058545864,0.0,0
2018-05-27 18:54:41.362,212.4,0.138058545864,0.0,0
2018-05-27 18:54:41.455,213.22,0.138058545864,0.0,0
2018-05-27 18:54:41.549,213.45,0.138058545864,0.0,0
2018-05-27 18:54:41.642,213.11,0.138058545864,0.0,0
2018-05-27 18:54:41.735,214.55,0.138058545864,0.0,0
2018-05-27 18:54:41.819,213.72,0.138058545864,0.0,0
2018-05-27 18:54:41.907,213.7,0.138058545864,0.0,0
2018-05-27 18:54:42.055,213.91,0.138058545864,0.0,0
2018-05-27 18:54:42.148,214.68,0.138058545864,0.0,0
2018-05-27 18:54:42.241,215.95,0.138058545864,0.0,0
2018-05-27 18:54:42.334,215.05,0.138058545864,0.0,0
2018-05-27 18:54:42.418,214.83,0.138058545864,0.0,0
2018-05-27 18:54:42.511,215.09,0.138058545864,0.0,0
2018-05-27 18:54:42.605,216.08,0.138058545864,0.0,0
2018-05-27 18:54:42.688,216.57,0.138058545864,0.0,0
2018-05-27 18:54:42.782,217.29,0.138058545864,0.0,0
2018-05-27 18:54:43.036,217.01,0.138058545864,0.0,0
2018-05-27 18:54:43.223,217.53,0.138058545864,0.0,0
2018-05-27 18:54:43.316,218.54,0.138058545864,0.0,0
2018-05-27 18:54:43.409,219.63,0.138058545864,0.0,0
2018-05-27 18:54:43.595,217.83,0.138058545864,0.0,0
2018-05-27 18:54:43.679,219.41,0.138058545864,0.0,0
2018-05-27 18:54:43.772,217.95,0.138058545864,0.0,0
2018-05-27 18:54:43.884,218.03,0.138058545864,0.0,0
2018-05-27 18:54:44.046,219.35,0.138058545864,0.0,0
2018-05-27 18:54:44.139,218.01,0.138058545864,0.0,0
2018-05-27 18:54:44.232,217.22,0.138058545864,0.0,0
2018-05-27 18:54:44.325,218.91,0.138058545864,0.0,0
2018-05-27 18:54:44.418,218.21,0.138058545864,0.0,0
2018-05-27 18:54:44.511,217.06,0.138058545864,0.0,0
2018-05-27 18:54:44.690,215.73,0.138058545864,0.0,0
2018-05-27 18:54:45.036,214.5,0.138058545864,0.0,0
2018-05-27 18:54:45.129,215.63,0.138058545864,0.0,0
2018-05-27 18:54:45.223,213.31,0.138058545864,0.0,0
2018-05-27 18:54:45.316,213.79,0.138058545864,0.0,0
2018-05-27 18:54:45.409,214.86,0.138058545864,0.0,0
2018-05-27 18:54:45.502,213.94,0.138058545864,0.0,0
2018-05-27 18:54:45.595,215.17,0.138058545864,0.0,0
2018-05-27 18:54:45.772,214.42,0.138058545864,0.0,0
2018-05-27 18:54:46.130,212.95,0.138058545864,0.0,0
2018-05-27 18:54:46.223,213.45,0.138058545864,0.0,0
2018-05-27 18:54:46.316,212.96,0.138058545864,0.0,0
2018-05-27 18:54:46.409,214.12,0.138058545864,0.0,0
2018-05-27 18:54:46.502,213.61,0.138058545864,0.0,0
2018-05-27 18:54:46.595,213.43,0.138058545864,0.0,0
2018-05-27 18:54:46.679,213.41,0.138058545864,0.0,0
2018-05-27 18:54:46.772,214.17,0.138058545864,0.0,0
2018-05-27 18:54:46.865,213.33,0.138058545864,0.0,0
2018-05-27 18:54:47.027,213.46,0.138058545864,0.0,0
2018-05-27 18:54:47.120,214.14,0.138058545864,0.0,0
2018-05-27 18:54:47.307,215.33,0.138058545864,0.0,0
2018-05-27 18:54:47.399,213.91,0.138058545864,0.0,0
2018-05-27 18:54:47.493,213.24,0.138058545864,0.0,0
2018-05-27 18:54:47.586,215.13,0.138058545864,0.0,0
2018-05-27 18:54:47.764,214.63,0.138058545864,0.0,0
2018-05-27 18:54:47.856,214.64,0.138058545864,0.0,0
2018-05-27 18:54:48.018,215.86,0.138058545864,0.0,0
2018-05-27 18:54:48.111,214.5,0.138058545864,0.0,0
2018-05-27 18:54:48.297,216.21,0.138058545864,0.0,0
2018-05-27 18:54:48.390,214.92,0.138058545864,0.0,0
2018-05-27 18:54:48.568,215.86,0.138058545864,0.0,0
2018-05-27 18:54:48.660,216.43,0.138058545864,0.0,0
2018-05-27 18:54:48.753,217.86,0.138058545864,0.0,0
2018-05-27 18:54:48.847,216.18,0.138058545864,0.0,0
2018-05-27 18:54:49.008,217.56,0.138058545864,0.0,0
2018-05-27 18:54:49.101,218.31,0.138058545864,0.0,0
2018-05-27 18:54:49.195,217.67,0.138058545864,0.0,0
2018-05-27 18:54:49.288,217.87,0.138058545864,0.0,0
2018-05-27 18:54:49.381,218.29,0.138058545864,0.0,0
2018-05-27 18:54:49.474,218.33,0.138058545864,0.0,0
2018-05-27 18:54:49.567,217.38,0.138058545864,0.0,0
2018-05-27 18:54:49.661,218.05,0.138058545864,0.0,0
2018-05-27 18:54:49.753,219.71,0.138058545864,0.0,0
2018-05-27 18:54:49.837,218.58,0.138058545864,0.0,0
2018-05-27 18:54:49.930,219.93,0.138058545864,0.0,0
2018-05-27 18:54:50.092,218.49,0.138058545864,0.0,0
2018-05-27 18:54:50.185,219.57,0.138058545864,0.0,0
2018-05-27 18:54:50.278,220.75,0.138058545864,0.0,0
2018-05-27 18:54:50.372,220.95,0.138058545864,0.0,0
2018-05-27 18:54:50.465,219.97,0.138058545864,0.0,0
2018-05-27 18:54:50.559,220.33,0.138058545864,0.0,0
2018-05-27 18:54:50.642,220.3,0.138058545864,0.0,0
2018-05-27 18:54:50.735,220.94,0.138058545864,0.0,0
2018-05-27 18:54:50.819,221.44,0.138058545864,0.0,0
2018-05-27 18:54:51.064,221.9,0.138058545864,0.0,0
2018-05-27 18:54:51.148,221.98,0.138058545864,0.0,0
2018-05-27 18:54:51.232,221.8,0.138058545864,0.0,0
2018-05-27 18:54:51.325,222.25,0.138058545864,0.0,0
2018-05-27 18:54:51.511,223.98,0.138058545864,0.0,0
2018-05-27 18:54:51.604,223.12,0.138058545864,0.0,0
2018-05-27 18:54:51.688,224.42,0.138058545864,0.0,0
2018-05-27 18:54:51.781,224.36,0.138058545864,0.0,0
2018-05-27 18:54:51.874,223.77,0.138058545864,0.0,0
2018-05-27 18:54:52.037,222.86,0.138058545864,0.0,0
2018-05-27 18:54:52.213,224.4,0.138058545864,0.0,0
2018-05-27 18:54:52.306,224.26,0.138058545864,0.0,0
2018-05-27 18:54:52.400,224.55,0.138058545864,0.0,0
2018-05-27 18:54:52.493,224.36,0.138058545864,0.0,0
2018-05-27 18:54:52.586,224.85,0.138058545864,0.0,0
2018-05-27 18:54:52.679,226.55,0.138058545864,0.0,0
2018-05-27 18:54:52.865,226.46,0.138058545864,0.0,0
2018-05-27 18:54:53.027,225.03,0.138058545864,0.0,0
2018-05-27 18:54:53.120,224.66,0.138058545864,0.0,0
2018-05-27 18:54:53.195,225.48,0.138058545864,0.0,0
2018-05-27 18:54:53.298,226.95,0.138058545864,0.0,0
2018-05-27 18:54:53.390,225.94,0.138058545864,0.0,0
2018-05-27 18:54:53.483,225.87,0.138058545864,0.0,0
2018-05-27 18:54:53.576,226.07,0.138058545864,0.0,0
2018-05-27 18:54:53.763,226.46,0.138058545864,0.0,0
2018-05-27 18:54:53.847,226.91,0.138058545864,0.0,0
2018-05-27 18:54:54.008,226.73,0.138058545864,0.0,0
2018-05-27 18:54:54.101,226.75,0.138058545864,0.0,0
2018-05-27 18:54:54.195,227.32,0.138058545864,0.0,0
2018-05-27 18:54:54.288,226.53,0.138058545864,0.0,0
2018-05-27 18:54:54.381,227.25,0.138058545864,0.0,0
2018-05-27 18:54:54.474,227.75,0.138058545864,0.0,0
2018-05-27 18:54:54.567,229.22,0.138058545864,0.0,0
2018-05-27 18:54:54.660,228.61,0.138058545864,0.0,0
2018-05-27 18:54:54.753,228.98,0.138058545864,0.0,0
2018-05-27 18:54:54.838,227.41,0.138058545864,0.0,0
2018-05-27 18:54:54.921,228.54,0.138058545864,0.0,0
2018-05-27 18:54:55.083,227.86,0.138058545864,0.0,0
2018-05-27 18:54:55.269,227.3,0.138058545864,0.0,0
2018-05-27 18:54:55.362,227.81,0.138058545864,0.0,0
2018-05-27 18:54:55.455,228.7,0.138058545864,0.0,0
2018-05-27 18:54:55.548,228.66,0.138058545864,0.0,0
2018-05-27 18:54:55.627,228.16,0.138058545864,0.0,0
2018-05-27 18:54:55.735,228.63,0.138058545864,0.0,0
2018-05-27 18:54:55.828,229.26,0.138058545864,0.0,0
2018-05-27 18:54:55.921,229.09,0.138058545864,0.0,0
2018-05-27 18:54:56.083,228.95,0.138058545864,0.0,0
2018-05-27 18:54:56.250,230.55,0.138058545864,0.0,0
2018-05-27 18:54:56.354,229.04,0.138058545864,0.0,0
2018-05-27 18:54:56.446,229.24,0.138058545864,0.0,0
2018-05-27 18:54:56.539,229.81,0.138058545864,0.0,0
2018-05-27 18:54:56.810,230.59,0.138058545864,0.0,0
2018-05-27 18:54:56.902,230.86,0.138058545864,0.0,0
2018-05-27 18:54:57.148,230.23,0.138058545864,0.0,0
2018-05-27 18:54:57.241,230.5,0.138058545864,0.0,0
2018-05-27 18:54:57.427,230.84,0.138058545864,0.0,0
2018-05-27 18:54:57.521,231.08,0.138058545864,0.0,0
2018-05-27 18:54:57.614,231.56,0.138058545864,0.0,0
2018-05-27 18:54:57.697,231.99,0.138058545864,0.0,0
2018-05-27 18:54:57.791,231.88,0.138058545864,0.0,0
2018-05-27 18:54:58.045,231.52,0.138058545864,0.0,0
2018-05-27 18:54:58.139,231.75,0.138058545864,0.0,0
2018-05-27 18:54:58.232,230.87,0.138058545864,0.0,0
2018-05-27 18:54:58.316,229.61,0.138058545864,0.0,0
2018-05-27 18:54:58.409,228.43,0.138058545864,0.0,0
2018-05-27 18:54:58.502,229.01,0.138058545864,0.0,0
2018-05-27 18:54:58.595,228.0,0.138058545864,0.0,0
2018-05-27 18:54:58.679,226.63,0.138058545864,0.0,0
2018-05-27 18:54:58.772,225.52,0.138058545864,0.0,0
2018-05-27 18:54:58.865,225.43,0.138058545864,0.0,0
2018-05-27 18:54:59.213,224.78,0.138058545864,0.0,0
2018-05-27 18:54:59.306,223.0,0.138058545864,0.0,0
2018-05-27 18:54:59.484,222.82,0.138058545864,0.0,0
2018-05-27 18:54:59.670,220.58,0.138058545864,0.0,0
2018-05-27 18:54:59.753,221.21,0.138058545864,0.0,0
2018-05-27 18:54:59.846,219.56,0.138058545864,0.0,0
2018-05-27 18:55:00.009,219.45,0.138058545864,0.0,0
2018-05-27 18:55:00.101,220.53,0.138058545864,0.0,0
2018-05-27 18:55:00.278,220.29,0.138058545864,0.0,0
2018-05-27 18:55:00.371,218.5,0.138058545864,0.0,0
2018-05-27 18:55:00.464,218.35,0.138058545864,0.0,0
2018-05-27 18:55:00.558,218.13,0.138058545864,0.0,0
2018-05-27 18:55:00.651,219.72,0.138058545864,0.0,0
2018-05-27 18:55:00.818,218.84,0.138058545864,0.0,0
2018-05-27 18:55:00.930,219.61,0.138058545864,0.0,0
2018-05-27 18:55:01.092,219.26,0.138058545864,0.0,0
2018-05-27 18:55:01.185,217.95,0.138058545864,0.0,0
2018-05-27 18:55:01.278,218.45,0.138058545864,0.0,0
2018-05-27 18:55:01.371,219.4,0.138058545864,0.0,0
2018-05-27 18:55:01.465,218.03,0.138058545864,0.0,0
2018-05-27 18:55:01.558,218.3,0.138058545864,0.0,0
2018-05-27 18:55:01.651,219.49,0.138058545864,0.0,0
2018-05-27 18:55:01.828,219.74,0.138058545864,0.0,0
2018-05-27 18:55:01.921,219.34,0.138058545864,0.0,0
2018-05-27 18:55:02.083,217.73,0.138058545864,0.0,0
2018-05-27 18:55:02.176,218.24,0.138058545864,0.0,0
2018-05-27 18:55:02.269,219.11,0.138058545864,0.0,0
2018-05-27 18:55:02.363,218.01,0.138058545864,0.0,0
2018-05-27 18:55:02.455,218.46,0.138058545864,0.0,0
2018-05-27 18:55:02.548,219.75,0.138058545864,0.0,0
2018-05-27 18:55:02.642,219.35,0.138058545864,0.0,0
2018-05-27 18:55:02.725,220.04,0.138058545864,0.0,0
2018-05-27 18:55:02.818,219.68,0.138058545864,0.0,0
2018-05-27 18:55:02.911,219.74,0.138058545864,0.0,0
2018-05-27 18:55:03.064,221.26,0.138058545864,0.0,0
2018-05-27 18:55:03.241,221.91,0.138058545864,0.0,0
2018-05-27 18:55:03.334,220.91,0.138058545864,0.0,0
2018-05-27 18:55:03.521,221.83,0.138058545864,0.0,0
2018-05-27 18:55:03.604,220.94,0.138058545864,0.0,0
2018-05-27 18:55:03.697,222.25,0.138058545864,0.0,0
2018-05-27 18:55:03.791,222.19,0.138058545864,0.0,0
2018-05-27 18:55:03.884,223.57,0.138058545864,0.0,0
2018-05-27 18:55:04.045,223.89,0.138058545864,0.0,0
2018-05-27 18:55:04.138,222.35,0.138058545864,0.0,0
2018-05-27 18:55:04.232,222.67,0.138058545864,0.0,0
2018-05-27 18:55:04.325,222.07,0.138058545864,0.0,0
2018-05-27 18:55:04.418,223.35,0.138058545864,0.0,0
2018-05-27 18:55:04.512,222.37,0.138058545864,0.0,0
2018-05-27 18:55:04.605,221.24,0.138058545864,0.0,0
2018-05-27 18:55:04.688,222.42,0.138058545864,0.0,0
2018-05-27 18:55:04.781,221.49,0.138058545864,0.0,0
2018-05-27 18:55:04.874,219.54,0.138058545864,0.0,0
2018-05-27 18:55:05.036,219.42,0.138058545864,0.0,0
2018-05-27 18:55:05.129,219.83,0.138058545864,0.0,0
2018-05-27 18:55:05.222,218.21,0.138058545864,0.0,0
2018-05-27 18:55:05.315,217.42,0.138058545864,0.0,0
2018-05-27 18:55:05.409,217.64,0.138058545864,0.0,0
2018-05-27 18:55:05.502,217.5,0.138058545864,0.0,0
2018-05-27 18:55:05.698,213.35,0.138058545864,0.0,0
2018-05-27 18:55:05.790,214.3,0.138058545864,0.0,0
2018-05-27 18:55:06.045,212.98,0.138058545864,0.0,0
2018-05-27 18:55:06.138,214.03,0.138058545864,0.0,0
2018-05-27 18:55:06.232,212.01,0.138058545864,0.0,0
2018-05-27 18:55:06.325,213.47,0.138058545864,0.0,0
2018-05-27 18:55:06.418,213.5,0.138058545864,0.0,0
2018-05-27 18:55:06.511,213.03,0.138058545864,0.0,0
2018-05-27 18:55:06.688,213.34,0.138058545864,0.0,0
2018-05-27 18:55:06.781,213.34,0.138058545864,0.0,0
2018-05-27 18:55:06.874,213.04,0.138058545864,0.0,0
2018-05-27 18:55:07.129,212.66,0.138058545864,0.0,0
2018-05-27 18:55:07.222,213.18,0.138058545864,0.0,0
2018-05-27 18:55:07.315,213.75,0.138058545864,0.0,0
2018-05-27 18:55:07.409,212.44,0.138058545864,0.0,0
2018-05-27 18:55:07.502,213.59,0.138058545864,0.0,0
2018-05-27 18:55:07.586,212.35,0.138058545864,0.0,0
2018-05-27 18:55:07.679,213.72,0.138058545864,0.0,0
2018-05-27 18:55:07.772,212.59,0.138058545864,0.0,0
2018-05-27 18:55:07.865,213.56,0.138058545864,0.0,0
2018-05-27 18:55:08.110,213.29,0.138058545864,0.0,0
2018-05-27 18:55:08.204,212.54,0.138058545864,0.0,0
2018-05-27 18:55:08.297,214.7,0.138058545864,0.0,0
2018-05-27 18:55:08.390,212.92,0.138058545864,0.0,0
2018-05-27 18:55:08.474,213.69,0.138058545864,0.0,0
2018-05-27 18:55:08.567,213.16,0.138058545864,0.0,0
2018-05-27 18:55:08.660,214.95,0.138058545864,0.0,0
2018-05-27 18:55:08.753,213.13,0.138058545864,0.0,0
2018-05-27 18:55:08.846,214.54,0.138058545864,0.0,0
2018-05-27 18:55:09.008,214.91,0.138058545864,0.0,0
2018-05-27 18:55:09.101,214.79,0.138058545864,0.0,0
2018-05-27 18:55:09.185,215.0,0.138058545864,0.0,0
2018-05-27 18:55:09.278,215.48,0.138058545864,0.0,0
2018-05-27 18:55:09.371,217.18,0.138058545864,0.0,0
2018-05-27 18:55:09.464,216.4,0.138058545864,0.0,0
2018-05-27 18:55:09.558,216.94,0.138058545864,0.0,0
2018-05-27 18:55:09.651,218.5,0.138058545864,0.0,0
2018-05-27 18:55:09.744,217.69,0.138058545864,0.0,0
2018-05-27 18:55:09.828,218.74,0.138058545864,0.0,0
2018-05-27 18:55:09.921,218.27,0.138058545864,0.0,0
2018-05-27 18:55:10.083,218.78,0.138058545864,0.0,0
2018-05-27 18:55:10.176,218.66,0.138058545864,0.0,0
2018-05-27 18:55:10.259,218.8,0.138058545864,0.0,0
2018-05-27 18:55:10.353,219.77,0.138058545864,0.0,0
2018-05-27 18:55:10.446,221.03,0.138058545864,0.0,0
2018-05-27 18:55:10.539,219.57,0.138058545864,0.0,0
2018-05-27 18:55:10.632,220.16,0.138058545864,0.0,0
2018-05-27 18:55:10.716,221.08,0.138058545864,0.0,0
2018-05-27 18:55:10.800,221.84,0.138058545864,0.0,0
2018-05-27 18:55:10.893,221.79,0.138058545864,0.0,0
2018-05-27 18:55:11.232,222.17,0.138058545864,0.0,0
2018-05-27 18:55:11.325,222.22,0.138058545864,0.0,0
2018-05-27 18:55:11.418,222.1,0.138058545864,0.0,0
2018-05-27 18:55:11.511,224.02,0.138058545864,0.0,0
2018-05-27 18:55:11.690,223.32,0.138058545864,0.0,0
2018-05-27 18:55:11.781,224.36,0.138058545864,0.0,0
2018-05-27 18:55:12.027,224.21,0.138058545864,0.0,0
2018-05-27 18:55:12.213,226.02,0.138058545864,0.0,0
2018-05-27 18:55:12.306,225.88,0.138058545864,0.0,0
2018-05-27 18:55:12.483,225.86,0.138058545864,0.0,0
2018-05-27 18:55:12.576,226.22,0.138058545864,0.0,0
2018-05-27 18:55:12.669,226.41,0.138058545864,0.0,0
2018-05-27 18:55:12.762,225.88,0.138058545864,0.0,0
2018-05-27 18:55:12.846,226.28,0.138058545864,0.0,0
2018-05-27 18:55:13.008,227.01,0.138058545864,0.0,0
2018-05-27 18:55:13.101,227.47,0.138058545864,0.0,0
2018-05-27 18:55:13.194,227.61,0.138058545864,0.0,0
2018-05-27 18:55:13.287,226.76,0.138058545864,0.0,0
2018-05-27 18:55:13.381,226.4,0.138058545864,0.0,0
2018-05-27 18:55:13.464,228.22,0.138058545864,0.0,0
2018-05-27 18:55:13.557,228.93,0.138058545864,0.0,0
2018-05-27 18:55:13.651,228.22,0.138058545864,0.0,0
2018-05-27 18:55:13.734,227.37,0.138058545864,0.0,0
2018-05-27 18:55:13.813,228.25,0.138058545864,0.0,0
2018-05-27 18:55:13.921,228.76,0.138058545864,0.0,0
2018-05-27 18:55:14.082,229.48,0.138058545864,0.0,0
2018-05-27 18:55:14.176,229.59,0.138058545864,0.0,0
2018-05-27 18:55:14.260,228.44,0.138058545864,0.0,0
2018-05-27 18:55:14.362,230.5,0.138058545864,0.0,0
2018-05-27 18:55:14.455,230.23,0.138058545864,0.0,0
2018-05-27 18:55:14.548,229.6,0.138058545864,0.0,0
2018-05-27 18:55:14.641,230.61,0.138058545864,0.0,0
2018-05-27 18:55:14.735,229.9,0.138058545864,0.0,0
2018-05-27 18:55:15.148,230.19,0.138058545864,0.0,0
2018-05-27 18:55:15.334,231.5,0.138058545864,0.0,0
2018-05-27 18:55:15.427,231.69,0.138058545864,0.0,0
2018-05-27 18:55:15.521,231.66,0.138058545864,0.0,0
2018-05-27 18:55:15.706,231.65,0.138058545864,0.0,0
2018-05-27 18:55:16.036,231.48,0.138058545864,0.0,0
2018-05-27 18:55:16.129,232.42,0.138058545864,0.0,0
2018-05-27 18:55:16.315,232.56,0.138058545864,0.0,0
2018-05-27 18:55:16.595,232.85,0.138058545864,0.0,0
2018-05-27 18:55:16.679,231.82,0.138058545864,0.0,0
2018-05-27 18:55:16.857,233.4,0.138058545864,0.0,0
2018-05-27 18:55:17.017,233.54,0.138058545864,0.0,0
2018-05-27 18:55:17.110,234.15,0.138058545864,0.0,0
2018-05-27 18:55:17.203,234.42,0.138058545864,0.0,0
2018-05-27 18:55:17.297,233.97,0.138058545864,0.0,0
2018-05-27 18:55:17.391,233.56,0.138058545864,0.0,0
2018-05-27 18:55:17.567,235.15,0.138058545864,0.0,0
2018-05-27 18:55:17.660,233.86,0.138058545864,0.0,0
2018-05-27 18:55:17.837,230.88,0.138058545864,0.0,0
2018-05-27 18:55:17.930,228.88,0.138058545864,0.0,0
2018-05-27 18:55:18.185,226.51,0.138058545864,0.0,0
2018-05-27 18:55:18.371,225.41,0.138058545864,0.0,0
2018-05-27 18:55:18.464,223.0,0.138058545864,0.0,0
2018-05-27 18:55:18.548,223.04,0.138058545864,0.0,0
2018-05-27 18:55:18.641,221.47,0.138058545864,0.0,0
2018-05-27 18:55:18.818,219.49,0.138058545864,0.0,0
2018-05-27 18:55:18.906,217.66,0.138058545864,0.0,0
2018-05-27 18:55:19.148,216.53,0.138058545864,0.0,0
2018-05-27 18:55:19.231,214.7,0.138058545864,0.0,0
2018-05-27 18:55:19.324,214.26,0.138058545864,0.0,0
2018-05-27 18:55:19.418,213.89,0.138058545864,0.0,0
2018-05-27 18:55:19.511,214.64,0.138058545864,0.0,0
2018-05-27 18:55:19.604,211.98,0.138058545864,0.0,0
2018-05-27 18:55:19.688,213.55,0.138058545864,0.0,0
2018-05-27 18:55:20.036,210.44,0.138058545864,0.0,0
2018-05-27 18:55:20.120,210.78,0.138058545864,0.0,0
2018-05-27 18:55:20.306,211.76,0.138058545864,0.0,0
2018-05-27 18:55:20.492,212.88,0.138058545864,0.0,0
2018-05-27 18:55:20.576,212.71,0.138058545864,0.0,0
2018-05-27 18:55:20.660,211.4,0.138058545864,0.0,0
2018-05-27 18:55:20.763,210.9,0.138058545864,0.0,0
2018-05-27 18:55:20.846,210.33,0.138058545864,0.0,0
2018-05-27 18:55:21.008,211.17,0.138058545864,0.0,0
2018-05-27 18:55:21.101,210.93,0.138058545864,0.0,0
2018-05-27 18:55:21.194,211.64,0.138058545864,0.0,0
2018-05-27 18:55:21.287,210.01,0.138058545864,0.0,0
2018-05-27 18:55:21.380,211.92,0.138058545864,0.0,0
2018-05-27 18:55:21.473,210.41,0.138058545864,0.0,0
2018-05-27 18:55:21.567,210.69,0.138058545864,0.0,0
2018-05-27 18:55:21.745,211.35,0.138058545864,0.0,0
2018-05-27 18:55:21.837,211.02,0.138058545864,0.0,0
2018-05-27 18:55:21.931,211.96,0.138058545864,0.0,0
2018-05-27 18:55:22.092,210.65,0.138058545864,0.0,0
2018-05-27 18:55:22.185,212.83,0.138058545864,0.0,0
2018-05-27 18:55:22.278,210.7,0.138058545864,0.0,0
2018-05-27 18:55:22.371,211.44,0.138058545864,0.0,0
2018-05-27 18:55:22.464,213.11,0.138058545864,0.0,0
2018-05-27 18:55:22.557,212.02,0.138058545864,0.0,0
2018-05-27 18:55:22.650,213.1,0.138058545864,0.0,0
2018-05-27 18:55:22.735,213.32,0.138058545864,0.0,0
2018-05-27 18:55:22.827,211.86,0.138058545864,0.0,0
2018-05-27 18:55:22.920,212.58,0.138058545864,0.0,0
2018-05-27 18:55:23.082,213.96,0.138058545864,0.0,0
2018-05-27 18:55:23.175,212.78,0.138058545864,0.0,0
2018-05-27 18:55:23.269,215.12,0.138058545864,0.0,0
2018-05-27 18:55:23.362,213.8,0.138058545864,0.0,0
2018-05-27 18:55:23.455,213.45,0.138058545864,0.0,0
2018-05-27 18:55:23.548,213.94,0.138058545864,0.0,0
2018-05-27 18:55:23.632,215.11,0.138058545864,0.0,0
2018-05-27 18:55:23.809,216.98,0.138058545864,0.0,0
2018-05-27 18:55:23.893,216.46,0.138058545864,0.0,0
2018-05-27 18:55:24.054,217.51,0.138058545864,0.0,0
2018-05-27 18:55:24.147,216.01,0.138058545864,0.0,0
2018-05-27 18:55:24.241,217.13,0.138058545864,0.0,0
2018-05-27 18:55:24.324,217.67,0.138058545864,0.0,0
2018-05-27 18:55:24.418,218.34,0.138058545864,0.0,0
2018-05-27 18:55:24.688,219.34,0.138058545864,0.0,0
2018-05-27 18:55:24.771,217.53,0.138058545864,0.0,0
2018-05-27 18:55:24.865,218.73,0.138058545864,0.0,0
2018-05-27 18:55:25.576,214.13,0.138058545864,0.0,0
2018-05-27 18:55:25.669,211.91,0.138058545864,0.0,0
2018-05-27 18:55:25.762,212.06,0.138058545864,0.0,0
2018-05-27 18:55:25.846,210.88,0.138058545864,0.0,0
2018-05-27 18:55:26.101,210.99,0.138058545864,0.0,0
2018-05-27 18:55:26.185,209.83,0.138058545864,0.0,0
2018-05-27 18:55:26.371,209.48,0.138058545864,0.0,0
2018-05-27 18:55:26.464,209.42,0.138058545864,0.0,0
2018-05-27 18:55:26.557,209.25,0.138058545864,0.0,0
2018-05-27 18:55:26.650,209.11,0.138058545864,0.0,0
2018-05-27 18:55:26.743,210.0,0.138058545864,0.0,0
2018-05-27 18:55:26.827,210.0,0.138058545864,0.0,0
2018-05-27 18:55:26.921,209.84,0.138058545864,0.0,0
2018-05-27 18:55:27.073,209.88,0.138058545864,0.0,0
2018-05-27 18:55:27.259,209.96,0.138058545864,0.0,0
2018-05-27 18:55:27.352,211.29,0.138058545864,0.0,0
2018-05-27 18:55:27.445,209.69,0.138058545864,0.0,0
2018-05-27 18:55:27.539,210.2,0.138058545864,0.0,0
2018-05-27 18:55:27.632,210.41,0.138058545864,0.0,0
2018-05-27 18:55:27.720,211.59,0.138058545864,0.0,0
2018-05-27 18:55:27.809,209.55,0.138058545864,0.0,0
2018-05-27 18:55:27.892,210.36,0.138058545864,0.0,0
2018-05-27 18:55:28.054,210.86,0.138058545864,0.0,0
2018-05-27 18:55:28.147,209.62,0.138058545864,0.0,0
2018-05-27 18:55:28.241,211.65,0.138058545864,0.0,0
2018-05-27 18:55:28.418,210.6,0.138058545864,0.0,0
2018-05-27 18:55:28.511,210.56,0.138058545864,0.0,0
2018-05-27 18:55:28.604,211.39,0.138058545864,0.0,0
2018-05-27 18:55:28.799,211.52,0.138058545864,0.0,0
2018-05-27 18:55:29.427,213.27,0.138058545864,0.0,0
2018-05-27 18:55:29.613,214.3,0.138058545864,0.0,0
2018-05-27 18:55:29.697,213.5,0.138058545864,0.0,0
2018-05-27 18:55:29.790,214.78,0.138058545864,0.0,0
2018-05-27 18:55:29.883,213.93,0.138058545864,0.0,0
2018-05-27 18:55:30.045,215.1,0.138058545864,0.0,0
2018-05-27 18:55:30.138,216.12,0.138058545864,0.0,0
2018-05-27 18:55:30.231,215.49,0.138058545864,0.0,0
2018-05-27 18:55:30.418,216.47,0.138058545864,0.0,0
2018-05-27 18:55:30.605,217.21,0.138058545864,0.0,0
2018-05-27 18:55:30.688,216.77,0.138058545864,0.0,0
2018-05-27 18:55:30.782,218.82,0.138058545864,0.0,0
2018-05-27 18:55:30.855,217.98,0.138058545864,0.0,0
2018-05-27 18:55:31.026,218.78,0.138058545864,0.0,0
2018-05-27 18:55:31.120,218.59,0.138058545864,0.0,0
2018-05-27 18:55:31.213,218.7,0.138058545864,0.0,0
2018-05-27 18:55:31.306,218.71,0.138058545864,0.0,0
2018-05-27 18:55:31.492,218.71,0.138058545864,0.0,0
2018-05-27 18:55:31.669,219.37,0.138058545864,0.0,0
2018-05-27 18:55:31.762,220.52,0.138058545864,0.0,0
2018-05-27 18:55:31.846,220.89,0.138058545864,0.0,0
2018-05-27 18:55:32.008,220.6,0.138058545864,0.0,0
2018-05-27 18:55:32.101,221.37,0.138058545864,0.0,0
2018-05-27 18:55:32.194,223.02,0.138058545864,0.0,0
2018-05-27 18:55:32.287,222.62,0.138058545864,0.0,0
2018-05-27 18:55:32.380,222.0,0.138058545864,0.0,0
2018-05-27 18:55:32.464,223.38,0.138058545864,0.0,0
2018-05-27 18:55:32.557,223.68,0.138058545864,0.0,0
2018-05-27 18:55:32.650,222.73,0.138058545864,0.0,0
2018-05-27 18:55:32.743,223.45,0.138058545864,0.0,0
2018-05-27 18:55:32.827,224.78,0.138058545864,0.0,0
2018-05-27 18:55:32.911,224.3,0.138058545864,0.0,0
2018-05-27 18:55:33.161,224.31,0.138058545864,0.0,0
2018-05-27 18:55:33.250,225.01,0.138058545864,0.0,0
2018-05-27 18:55:33.334,224.78,0.138058545864,0.0,0
2018-05-27 18:55:33.427,224.47,0.138058545864,0.0,0
2018-05-27 18:55:33.520,224.49,0.138058545864,0.0,0
2018-05-27 18:55:33.613,225.34,0.138058545864,0.0,0
2018-05-27 18:55:33.706,226.85,0.138058545864,0.0,0
2018-05-27 18:55:33.790,225.38,0.138058545864,0.0,0
2018-05-27 18:55:33.884,225.65,0.138058545864,0.0,0
2018-05-27 18:55:34.045,226.34,0.138058545864,0.0,0
2018-05-27 18:55:34.138,227.26,0.138058545864,0.0,0
2018-05-27 18:55:34.231,228.27,0.138058545864,0.0,0
2018-05-27 18:55:34.324,228.26,0.138058545864,0.0,0
2018-05-27 18:55:34.418,227.48,0.138058545864,0.0,0
2018-05-27 18:55:34.511,227.82,0.138058545864,0.0,0
2018-05-27 18:55:34.604,227.38,0.138058545864,0.0,0
2018-05-27 18:55:34.687,228.18,0.138058545864,0.0,0
2018-05-27 18:55:34.781,229.39,0.138058545864,0.0,0
2018-05-27 18:55:35.213,229.5,0.138058545864,0.0,0
2018-05-27 18:55:35.399,229.26,0.138058545864,0.0,0
2018-05-27 18:55:35.576,229.15,0.138058545864,0.0,0
2018-05-27 18:55:35.669,228.92,0.138058545864,0.0,0
2018-05-27 18:55:35.753,231.03,0.138058545864,0.0,0
2018-05-27 18:55:35.846,231.26,0.138058545864,0.0,0
2018-05-27 18:55:36.008,230.98,0.138058545864,0.0,0
2018-05-27 18:55:36.101,230.57,0.138058545864,0.0,0
2018-05-27 18:55:36.194,230.43,0.138058545864,0.0,0
2018-05-27 18:55:36.287,231.39,0.138058545864,0.0,0
2018-05-27 18:55:36.380,231.66,0.138058545864,0.0,0
2018-05-27 18:55:36.473,231.61,0.138058545864,0.0,0
2018-05-27 18:55:36.567,231.61,0.138058545864,0.0,0
2018-05-27 18:55:36.660,231.58,0.138058545864,0.0,0
2018-05-27 18:55:36.836,231.5,0.138058545864,0.0,0
2018-05-27 18:55:36.930,231.06,0.138058545864,0.0,0
2018-05-27 18:55:37.091,230.71,0.138058545864,0.0,0
2018-05-27 18:55:37.725,232.46,0.138058545864,0.0,0
2018-05-27 18:55:37.818,232.69,0.138058545864,0.0,0
2018-05-27 18:55:37.907,234.07,0.138058545864,0.0,0
2018-05-27 18:55:38.064,232.83,0.138058545864,0.0,0
2018-05-27 18:55:38.147,230.75,0.138058545864,0.0,0
2018-05-27 18:55:38.240,230.06,0.138058545864,0.0,0
2018-05-27 18:55:38.427,227.71,0.138058545864,0.0,0
2018-05-27 18:55:38.520,227.51,0.138058545864,0.0,0
2018-05-27 18:55:38.613,226.06,0.138058545864,0.0,0
2018-05-27 18:55:38.706,226.71,0.138058545864,0.0,0
2018-05-27 18:55:38.790,224.47,0.138058545864,0.0,0
2018-05-27 18:55:38.874,223.46,0.138058545864,0.0,0
2018-05-27 18:55:39.036,222.12,0.138058545864,0.0,0
2018-05-27 18:55:39.222,220.73,0.138058545864,0.0,0
2018-05-27 18:55:39.408,218.13,0.138058545864,0.0,0
2018-05-27 18:55:39.501,218.01,0.138058545864,0.0,0
2018-05-27 18:55:39.687,216.51,0.138058545864,0.0,0
2018-05-27 18:55:39.772,216.59,0.138058545864,0.0,0
2018-05-27 18:55:39.855,215.76,0.138058545864,0.0,0
2018-05-27 18:55:40.110,215.06,0.138058545864,0.0,0
2018-05-27 18:55:40.203,215.77,0.138058545864,0.0,0
2018-05-27 18:55:40.389,214.75,0.138058545864,0.0,0
2018-05-27 18:55:40.576,213.4,0.138058545864,0.0,0
2018-05-27 18:55:40.753,212.47,0.138058545864,0.0,0
2018-05-27 18:55:40.846,213.7,0.138058545864,0.0,0
2018-05-27 18:55:41.008,212.19,0.138058545864,0.0,0
2018-05-27 18:55:41.101,212.56,0.138058545864,0.0,0
2018-05-27 18:55:41.194,212.97,0.138058545864,0.0,0
2018-05-27 18:55:41.287,212.7,0.138058545864,0.0,0
2018-05-27 18:55:41.380,213.54,0.138058545864,0.0,0
2018-05-27 18:55:41.930,213.13,0.138058545864,0.0,0
2018-05-27 18:55:42.091,214.09,0.138058545864,0.0,0
2018-05-27 18:55:42.287,213.52,0.138058545864,0.0,0
2018-05-27 18:55:42.473,215.61,0.138058545864,0.0,0
2018-05-27 18:55:42.566,214.39,0.138058545864,0.0,0
2018-05-27 18:55:42.650,212.7,0.138058545864,0.0,0
2018-05-27 18:55:42.753,214.09,0.138058545864,0.0,0
2018-05-27 18:55:42.846,213.96,0.138058545864,0.0,0
2018-05-27 18:55:43.008,215.88,0.138058545864,0.0,0
2018-05-27 18:55:43.101,214.68,0.138058545864,0.0,0
2018-05-27 18:55:43.194,214.49,0.138058545864,0.0,0
2018-05-27 18:55:43.287,216.02,0.138058545864,0.0,0
2018-05-27 18:55:43.473,214.89,0.138058545864,0.0,0
2018-05-27 18:55:43.566,215.62,0.138058545864,0.0,0
2018-05-27 18:55:43.659,215.05,0.138058545864,0.0,0
2018-05-27 18:55:43.743,215.46,0.138058545864,0.0,0
2018-05-27 18:55:43.836,215.94,0.138058545864,0.0,0
2018-05-27 18:55:43.930,217.53,0.138058545864,0.0,0
2018-05-27 18:55:44.091,217.11,0.138058545864,0.0,0
2018-05-27 18:55:44.185,217.45,0.138058545864,0.0,0
2018-05-27 18:55:44.278,218.44,0.138058545864,0.0,0
2018-05-27 18:55:44.361,217.23,0.138058545864,0.0,0
2018-05-27 18:55:44.548,218.09,0.138058545864,0.0,0
2018-05-27 18:55:44.641,217.88,0.138058545864,0.0,0
2018-05-27 18:55:44.734,217.69,0.138058545864,0.0,0
2018-05-27 18:55:44.818,218.47,0.138058545864,0.0,0
2018-05-27 18:55:44.906,216.68,0.138058545864,0.0,0
2018-05-27 18:55:45.063,217.39,0.138058545864,0.0,0
2018-05-27 18:55:45.147,217.92,0.138058545864,0.0,0
2018-05-27 18:55:45.241,217.11,0.138058545864,0.0,0
2018-05-27 18:55:45.334,218.73,0.138058545864,0.0,0
2018-05-27 18:55:45.417,217.77,0.138058545864,0.0,0
2018-05-27 18:55:45.510,219.12,0.138058545864,0.0,0
2018-05-27 18:55:45.604,217.09,0.138058545864,0.0,0
2018-05-27 18:55:45.687,219.06,0.138058545864,0.0,0
2018-05-27 18:55:45.780,217.16,0.138058545864,0.0,0
2018-05-27 18:55:45.874,216.44,0.138058545864,0.0,0
2018-05-27 18:55:46.035,217.53,0.138058545864,0.0,0
2018-05-27 18:55:46.129,215.34,0.138058545864,0.0,0
2018-05-27 18:55:46.222,214.11,0.138058545864,0.0,0
2018-05-27 18:55:46.315,215.4,0.138058545864,0.0,0
2018-05-27 18:55:46.399,214.42,0.138058545864,0.0,0
2018-05-27 18:55:46.492,213.79,0.138058545864,0.0,0
2018-05-27 18:55:46.771,211.09,0.138058545864,0.0,0
2018-05-27 18:55:46.864,211.74,0.138058545864,0.0,0
2018-05-27 18:55:47.026,212.61,0.138058545864,0.0,0
2018-05-27 18:55:47.213,213.12,0.138058545864,0.0,0
2018-05-27 18:55:47.306,211.35,0.138058545864,0.0,0
2018-05-27 18:55:47.399,212.56,0.138058545864,0.0,0
2018-05-27 18:55:47.492,210.7,0.138058545864,0.0,0
2018-05-27 18:55:47.585,210.6,0.138058545864,0.0,0
2018-05-27 18:55:47.678,211.35,0.138058545864,0.0,0
2018-05-27 18:55:47.771,209.75,0.138058545864,0.0,0
2018-05-27 18:55:47.864,210.28,0.138058545864,0.0,0
2018-05-27 18:55:48.026,208.82,0.138058545864,0.0,0
2018-05-27 18:55:48.119,209.42,0.138058545864,0.0,0
2018-05-27 18:55:48.212,208.3,0.138058545864,0.0,0
2018-05-27 18:55:48.306,208.34,0.138058545864,0.0,0
2018-05-27 18:55:48.482,206.05,0.138058545864,0.0,0
2018-05-27 18:55:48.669,205.26,0.138058545864,0.0,0
2018-05-27 18:55:48.762,204.91,0.138058545864,0.0,0
2018-05-27 18:55:48.846,204.61,0.138058545864,0.0,0
2018-05-27 18:55:49.008,205.99,0.138058545864,0.0,0
2018-05-27 18:55:49.101,205.0,0.138058545864,0.0,0
2018-05-27 18:55:49.194,206.04,0.138058545864,0.0,0
2018-05-27 18:55:49.371,205.87,0.138058545864,0.0,0
2018-05-27 18:55:49.464,206.64,0.138058545864,0.0,0
2018-05-27 18:55:49.557,205.42,0.138058545864,0.0,0
2018-05-27 18:55:49.650,206.36,0.138058545864,0.0,0
2018-05-27 18:55:49.743,206.31,0.138058545864,0.0,0
2018-05-27 18:55:49.827,205.83,0.138058545864,0.0,0
2018-05-27 18:55:49.920,206.48,0.138058545864,0.0,0
2018-05-27 18:55:50.082,206.64,0.138058545864,0.0,0
2018-05-27 18:55:50.175,206.42,0.138058545864,0.0,0
2018-05-27 18:55:50.268,208.01,0.138058545864,0.0,0
2018-05-27 18:55:50.361,206.3,0.138058545864,0.0,0
2018-05-27 18:55:50.455,208.86,0.138058545864,0.0,0
2018-05-27 18:55:50.548,207.29,0.138058545864,0.0,0
2018-05-27 18:55:50.641,209.6,0.138058545864,0.0,0
2018-05-27 18:55:50.734,207.7,0.138058545864,0.0,0
2018-05-27 18:55:50.818,208.64,0.138058545864,0.0,0
2018-05-27 18:55:50.906,209.38,0.138058545864,0.0,0
2018-05-27 18:55:51.064,209.58,0.138058545864,0.0,0
2018-05-27 18:55:51.147,209.34,0.138058545864,0.0,0
2018-05-27 18:55:51.240,211.16,0.138058545864,0.0,0
2018-05-27 18:55:51.333,210.81,0.138058545864,0.0,0
2018-05-27 18:55:51.426,211.75,0.138058545864,0.0,0
2018-05-27 18:55:51.520,211.23,0.138058545864,0.0,0
2018-05-27 18:55:51.613,212.48,0.138058545864,0.0,0
2018-05-27 18:55:51.706,211.75,0.138058545864,0.0,0
2018-05-27 18:55:51.780,211.66,0.138058545864,0.0,0
2018-05-27 18:55:51.883,212.66,0.138058545864,0.0,0
2018-05-27 18:55:52.035,212.16,0.138058545864,0.0,0
2018-05-27 18:55:52.128,213.17,0.138058545864,0.0,0
2018-05-27 18:55:52.315,213.91,0.138058545864,0.0,0
2018-05-27 18:55:52.501,214.15,0.138058545864,0.0,0
2018-05-27 18:55:52.594,214.47,0.138058545864,0.0,0
2018-05-27 18:55:52.679,214.69,0.138058545864,0.0,0
2018-05-27 18:55:52.762,215.35,0.138058545864,0.0,0
2018-05-27 18:55:52.855,215.39,0.138058545864,0.0,0
2018-05-27 18:55:53.017,217.03,0.138058545864,0.0,0
2018-05-27 18:55:53.110,216.34,0.138058545864,0.0,0
2018-05-27 18:55:53.203,216.52,0.138058545864,0.0,0
2018-05-27 18:55:53.296,218.13,0.138058545864,0.0,0
2018-05-27 18:55:53.389,217.77,0.138058545864,0.0,0
2018-05-27 18:55:53.482,217.61,0.138058545864,0.0,0
2018-05-27 18:55:53.575,217.81,0.138058545864,0.0,0
2018-05-27 18:55:53.752,218.93,0.138058545864,0.0,0
2018-05-27 18:55:53.846,219.12,0.138058545864,0.0,0
2018-05-27 18:55:54.007,218.08,0.138058545864,0.0,0
2018-05-27 18:55:54.194,219.53,0.138058545864,0.0,0
2018-05-27 18:55:54.287,218.72,0.138058545864,0.0,0
2018-05-27 18:55:54.380,219.4,0.138058545864,0.0,0
2018-05-27 18:55:54.473,219.37,0.138058545864,0.0,0
2018-05-27 18:55:54.566,221.0,0.138058545864,0.0,0
2018-05-27 18:55:54.652,220.34,0.138058545864,0.0,0
2018-05-27 18:55:54.743,221.02,0.138058545864,0.0,0
2018-05-27 18:55:54.836,220.77,0.138058545864,0.0,0
2018-05-27 18:55:54.920,221.4,0.138058545864,0.0,0
2018-05-27 18:55:55.082,221.9,0.138058545864,0.0,0
2018-05-27 18:55:55.175,221.16,0.138058545864,0.0,0
2018-05-27 18:55:55.268,221.1,0.138058545864,0.0,0
2018-05-27 18:55:55.352,220.89,0.138058545864,0.0,0
2018-05-27 18:55:55.445,221.81,0.138058545864,0.0,0
2018-05-27 18:55:55.538,222.04,0.138058545864,0.0,0
2018-05-27 18:55:55.631,223.57,0.138058545864,0.0,0
2018-05-27 18:55:55.808,222.47,0.138058545864,0.0,0
2018-05-27 18:55:56.045,224.02,0.138058545864,0.0,0
2018-05-27 18:55:56.138,222.94,0.138058545864,0.0,0
2018-05-27 18:55:56.231,223.11,0.138058545864,0.0,0
2018-05-27 18:55:56.324,223.11,0.138058545864,0.0,0
2018-05-27 18:55:56.417,224.23,0.138058545864,0.0,0
2018-05-27 18:55:56.510,225.37,0.138058545864,0.0,0
2018-05-27 18:55:56.603,225.25,0.138058545864,0.0,0
2018-05-27 18:55:56.696,224.75,0.138058545864,0.0,0
2018-05-27 18:55:56.790,224.31,0.138058545864,0.0,0
2018-05-27 18:55:56.883,224.88,0.138058545864,0.0,0
2018-05-27 18:55:57.045,224.43,0.138058545864,0.0,0
2018-05-27 18:55:57.221,224.56,0.138058545864,0.0,0
2018-05-27 18:55:57.594,226.61,0.138058545864,0.0,0
2018-05-27 18:55:57.687,226.89,0.138058545864,0.0,0
2018-05-27 18:55:57.855,226.06,0.138058545864,0.0,0
2018-05-27 18:55:58.110,225.94,0.138058545864,0.0,0
2018-05-27 18:55:58.203,226.47,0.138058545864,0.0,0
2018-05-27 18:55:58.296,226.66,0.138058545864,0.0,0
2018-05-27 18:55:58.482,228.3,0.138058545864,0.0,0
2018-05-27 18:55:58.575,227.67,0.138058545864,0.0,0
2018-05-27 18:55:58.669,228.05,0.138058545864,0.0,0
2018-05-27 18:55:59.007,228.21,0.138058545864,0.0,0
2018-05-27 18:55:59.100,229.41,0.138058545864,0.0,0
2018-05-27 18:55:59.380,229.31,0.138058545864,0.0,0
2018-05-27 18:55:59.836,230.17,0.138058545864,0.0,0
2018-05-27 18:56:00.547,226.64,0.138058545864,0.0,0
2018-05-27 18:56:00.641,225.9,0.138058545864,0.0,0
2018-05-27 18:56:00.724,223.89,0.138058545864,0.0,0
2018-05-27 18:56:00.817,224.27,0.138058545864,0.0,0
2018-05-27 18:56:00.906,222.16,0.138058545864,0.0,0
2018-05-27 18:56:01.063,221.77,0.138058545864,0.0,0
2018-05-27 18:56:01.147,220.52,0.138058545864,0.0,0
2018-05-27 18:56:01.240,220.9,0.138058545864,0.0,0
2018-05-27 18:56:01.333,221.59,0.138058545864,0.0,0
2018-05-27 18:56:01.417,220.96,0.138058545864,0.0,0
2018-05-27 18:56:01.510,220.95,0.138058545864,0.0,0
2018-05-27 18:56:01.603,221.78,0.138058545864,0.0,0
2018-05-27 18:56:01.687,220.74,0.138058545864,0.0,0
2018-05-27 18:56:01.780,221.15,0.138058545864,0.0,0
2018-05-27 18:56:01.873,221.64,0.138058545864,0.0,0
2018-05-27 18:56:02.035,219.62,0.138058545864,0.0,0
2018-05-27 18:56:02.212,218.24,0.138058545864,0.0,0
2018-05-27 18:56:02.399,220.31,0.138058545864,0.0,0
2018-05-27 18:56:02.491,219.76,0.138058545864,0.0,0
2018-05-27 18:56:02.659,218.3,0.138058545864,0.0,0
2018-05-27 18:56:02.762,217.96,0.138058545864,0.0,0
2018-05-27 18:56:02.855,217.67,0.138058545864,0.0,0
2018-05-27 18:56:03.017,218.9,0.138058545864,0.0,0
2018-05-27 18:56:03.110,217.72,0.138058545864,0.0,0
2018-05-27 18:56:03.203,217.33,0.138058545864,0.0,0
2018-05-27 18:56:03.296,219.18,0.138058545864,0.0,0
2018-05-27 18:56:03.389,218.5,0.138058545864,0.0,0
2018-05-27 18:56:03.483,217.78,0.138058545864,0.0,0
2018-05-27 18:56:03.575,217.88,0.138058545864,0.0,0
2018-05-27 18:56:03.669,218.76,0.138058545864,0.0,0
2018-05-27 18:56:03.752,218.73,0.138058545864,0.0,0
2018-05-27 18:56:03.845,218.72,0.138058545864,0.0,0
2018-05-27 18:56:04.007,217.25,0.138058545864,0.0,0
2018-05-27 18:56:04.100,217.71,0.138058545864,0.0,0
2018-05-27 18:56:04.194,219.16,0.138058545864,0.0,0
2018-05-27 18:56:04.287,217.21,0.138058545864,0.0,0
2018-05-27 18:56:04.380,217.25,0.138058545864,0.0,0
2018-05-27 18:56:04.473,219.22,0.138058545864,0.0,0
2018-05-27 18:56:04.566,218.45,0.138058545864,0.0,0
2018-05-27 18:56:04.659,217.76,0.138058545864,0.0,0
2018-05-27 18:56:04.743,218.28,0.138058545864,0.0,0
2018-05-27 18:56:04.836,218.65,0.138058545864,0.0,0
2018-05-27 18:56:04.929,218.46,0.138058545864,0.0,0
2018-05-27 18:56:05.091,219.98,0.138058545864,0.0,0
2018-05-27 18:56:05.184,218.35,0.138058545864,0.0,0
2018-05-27 18:56:05.277,219.67,0.138058545864,0.0,0
2018-05-27 18:56:05.370,220.92,0.138058545864,0.0,0
2018-05-27 18:56:05.464,220.53,0.138058545864,0.0,0
2018-05-27 18:56:05.557,219.67,0.138058545864,0.0,0
2018-05-27 18:56:05.651,220.67,0.138058545864,0.0,0
2018-05-27 18:56:05.734,220.26,0.138058545864,0.0,0
2018-05-27 18:56:05.827,220.92,0.138058545864,0.0,0
2018-05-27 18:56:05.920,221.59,0.138058545864,0.0,0
2018-05-27 18:56:06.082,222.58,0.138058545864,0.0,0
2018-05-27 18:56:06.268,221.23,0.138058545864,0.0,0
2018-05-27 18:56:06.361,221.87,0.138058545864,0.0,0
2018-05-27 18:56:06.454,221.67,0.138058545864,0.0,0
2018-05-27 18:56:06.631,221.47,0.138058545864,0.0,0
2018-05-27 18:56:06.906,221.85,0.138058545864,0.0,0
2018-05-27 18:56:07.063,222.93,0.138058545864,0.0,0
2018-05-27 18:56:07.147,220.69,0.138058545864,0.0,0
2018-05-27 18:56:07.240,222.03,0.138058545864,0.0,0
2018-05-27 18:56:07.333,221.53,0.138058545864,0.0,0
2018-05-27 18:56:07.510,220.42,0.138058545864,0.0,0
2018-05-27 18:56:07.603,218.65,0.138058545864,0.0,0
2018-05-27 18:56:07.780,217.35,0.138058545864,0.0,0
2018-05-27 18:56:07.873,218.09,0.138058545864,0.0,0
2018-05-27 18:56:08.035,219.8,0.138058545864,0.0,0
2018-05-27 18:56:08.305,218.76,0.138058545864,0.0,0
2018-05-27 18:56:08.398,217.8,0.138058545864,0.0,0
2018-05-27 18:56:08.491,218.6,0.138058545864,0.0,0
2018-05-27 18:56:08.585,219.97,0.138058545864,0.0,0
2018-05-27 18:56:08.678,217.78,0.138058545864,0.0,0
2018-05-27 18:56:08.771,218.71,0.138058545864,0.0,0
2018-05-27 18:56:08.864,219.4,0.138058545864,0.0,0
2018-05-27 18:56:09.026,218.83,0.138058545864,0.0,0
2018-05-27 18:56:09.212,218.32,0.138058545864,0.0,0
2018-05-27 18:56:09.305,219.63,0.138058545864,0.0,0
2018-05-27 18:56:09.491,218.05,0.138058545864,0.0,0
2018-05-27 18:56:09.585,218.54,0.138058545864,0.0,0
2018-05-27 18:56:09.678,219.71,0.138058545864,0.0,0
2018-05-27 18:56:10.017,218.29,0.138058545864,0.0,0
2018-05-27 18:56:10.119,219.56,0.138058545864,0.0,0
2018-05-27 18:56:10.212,218.09,0.138058545864,0.0,0
2018-05-27 18:56:10.305,218.59,0.138058545864,0.0,0
2018-05-27 18:56:10.482,218.57,0.138058545864,0.0,0
2018-05-27 18:56:10.575,219.64,0.138058545864,0.0,0
2018-05-27 18:56:10.668,217.29,0.138058545864,0.0,0
2018-05-27 18:56:10.753,219.18,0.138058545864,0.0,0
2018-05-27 18:56:10.845,217.31,0.138058545864,0.0,0
2018-05-27 18:56:11.007,218.11,0.138058545864,0.0,0
2018-05-27 18:56:11.100,220.21,0.138058545864,0.0,0
2018-05-27 18:56:11.193,219.71,0.138058545864,0.0,0
2018-05-27 18:56:11.286,218.56,0.138058545864,0.0,0
2018-05-27 18:56:11.380,219.12,0.138058545864,0.0,0
2018-05-27 18:56:11.473,221.28,0.138058545864,0.0,0
2018-05-27 18:56:11.566,220.44,0.138058545864,0.0,0
2018-05-27 18:56:11.659,220.32,0.138058545864,0.0,0
2018-05-27 18:56:11.847,221.58,0.138058545864,0.0,0
2018-05-27 18:56:12.007,222.05,0.138058545864,0.0,0
2018-05-27 18:56:12.100,221.44,0.138058545864,0.0,0
2018-05-27 18:56:12.184,222.54,0.138058545864,0.0,0
2018-05-27 18:56:12.277,222.9,0.138058545864,0.0,0
2018-05-27 18:56:12.370,222.01,0.138058545864,0.0,0
2018-05-27 18:56:12.463,222.72,0.138058545864,0.0,0
2018-05-27 18:56:12.556,222.79,0.138058545864,0.0,0
2018-05-27 18:56:12.650,223.62,0.138058545864,0.0,0
2018-05-27 18:56:12.733,222.87,0.138058545864,0.0,0
2018-05-27 18:56:12.827,222.99,0.138058545864,0.0,0
2018-05-27 18:56:12.920,224.41,0.138058545864,0.0,0
2018-05-27 18:56:13.082,223.92,0.138058545864,0.0,0
2018-05-27 18:56:13.175,223.34,0.138058545864,0.0,0
2018-05-27 18:56:13.268,223.71,0.138058545864,0.0,0
2018-05-27 18:56:13.362,223.37,0.138058545864,0.0,0
2018-05-27 18:56:13.538,223.59,0.138058545864,0.0,0
2018-05-27 18:56:13.631,224.74,0.138058545864,0.0,0
2018-05-27 18:56:13.719,225.83,0.138058545864,0.0,0
2018-05-27 18:56:13.808,225.03,0.138058545864,0.0,0
2018-05-27 18:56:13.892,225.5,0.138058545864,0.0,0
2018-05-27 18:56:14.054,225.7,0.138058545864,0.0,0
2018-05-27 18:56:14.147,224.56,0.138058545864,0.0,0
2018-05-27 18:56:14.240,224.63,0.138058545864,0.0,0
2018-05-27 18:56:14.333,224.78,0.138058545864,0.0,0
2018-05-27 18:56:14.408,224.55,0.138058545864,0.0,0
2018-05-27 18:56:14.510,224.8,0.138058545864,0.0,0
2018-05-27 18:56:14.781,226.68,0.138058545864,0.0,0
2018-05-27 18:56:14.873,225.52,0.138058545864,0.0,0
2018-05-27 18:56:15.035,225.84,0.138058545864,0.0,0
2018-05-27 18:56:15.221,225.84,0.138058545864,0.0,0
2018-05-27 18:56:15.491,225.86,0.138058545864,0.0,0
2018-05-27 18:56:15.585,226.47,0.138058545864,0.0,0
2018-05-27 18:56:15.678,226.93,0.138058545864,0.0,0
2018-05-27 18:56:15.771,227.34,0.138058545864,0.0,0
2018-05-27 18:56:15.864,227.59,0.138058545864,0.0,0
2018-05-27 18:56:16.026,228.71,0.138058545864,0.0,0
2018-05-27 18:56:16.110,227.43,0.138058545864,0.0,0
2018-05-27 18:56:16.203,227.47,0.138058545864,0.0,0
2018-05-27 18:56:16.296,228.04,0.138058545864,0.0,0
2018-05-27 18:56:16.389,227.57,0.138058545864,0.0,0
2018-05-27 18:56:16.752,227.61,0.138058545864,0.0,0
2018-05-27 18:56:16.836,229.56,0.138058545864,0.0,0
2018-05-27 18:56:17.091,229.89,0.138058545864,0.0,0
2018-05-27 18:56:17.185,229.48,0.138058545864,0.0,0
2018-05-27 18:56:17.268,229.62,0.138058545864,0.0,0
2018-05-27 18:56:17.906,231.08,0.138058545864,0.0,0
2018-05-27 18:56:18.156,231.46,0.138058545864,0.0,0
2018-05-27 18:56:18.240,229.61,0.138058545864,0.0,0
2018-05-27 18:56:18.333,230.26,0.138058545864,0.0,0
2018-05-27 18:56:18.426,230.46,0.138058545864,0.0,0
2018-05-27 18:56:18.510,231.85,0.138058545864,0.0,0
2018-05-27 18:56:18.604,231.75,0.138058545864,0.0,0
2018-05-27 18:56:18.780,231.36,0.138058545864,0.0,0
2018-05-27 18:56:19.501,231.69,0.138058545864,0.0,0
2018-05-27 18:56:19.594,231.88,0.138058545864,0.0,0
2018-05-27 18:56:19.678,233.85,0.138058545864,0.0,0
2018-05-27 18:56:19.771,233.9,0.138058545864,0.0,0
2018-05-27 18:56:19.864,234.06,0.138058545864,0.0,0
2018-05-27 18:56:20.026,233.72,0.138058545864,0.0,0
2018-05-27 18:56:20.119,233.02,0.138058545864,0.0,0
2018-05-27 18:56:20.212,232.96,0.138058545864,0.0,0
2018-05-27 18:56:20.585,232.05,0.138058545864,0.0,0
2018-05-27 18:56:20.668,232.96,0.138058545864,0.0,0
2018-05-27 18:56:20.752,231.85,0.138058545864,0.0,0
2018-05-27 18:56:20.845,231.22,0.138058545864,0.0,0
2018-05-27 18:56:21.100,228.3,0.138058545864,0.0,0
2018-05-27 18:56:21.193,227.73,0.138058545864,0.0,0
2018-05-27 18:56:21.286,227.28,0.138058545864,0.0,0
2018-05-27 18:56:21.380,227.72,0.138058545864,0.0,0
2018-05-27 18:56:21.463,224.8,0.138058545864,0.0,0
2018-05-27 18:56:21.556,224.02,0.138058545864,0.0,0
2018-05-27 18:56:21.649,223.78,0.138058545864,0.0,0
2018-05-27 18:56:21.743,224.16,0.138058545864,0.0,0
2018-05-27 18:56:21.826,222.26,0.138058545864,0.0,0
2018-05-27 18:56:21.920,222.1,0.138058545864,0.0,0
2018-05-27 18:56:22.082,223.09,0.138058545864,0.0,0
2018-05-27 18:56:22.165,221.27,0.138058545864,0.0,0
2018-05-27 18:56:22.258,223.2,0.138058545864,0.0,0
2018-05-27 18:56:22.352,222.68,0.138058545864,0.0,0
2018-05-27 18:56:22.445,221.53,0.138058545864,0.0,0
2018-05-27 18:56:22.538,221.39,0.138058545864,0.0,0
2018-05-27 18:56:22.892,220.63,0.138058545864,0.0,0
2018-05-27 18:56:23.054,221.31,0.138058545864,0.0,0
2018-05-27 18:56:23.427,219.31,0.138058545864,0.0,0
2018-05-27 18:56:23.519,220.44,0.138058545864,0.0,0
2018-05-27 18:56:23.613,221.37,0.138058545864,0.0,0
2018-05-27 18:56:23.697,220.95,0.138058545864,0.0,0
2018-05-27 18:56:23.790,220.54,0.138058545864,0.0,0
2018-05-27 18:56:23.873,220.07,0.138058545864,0.0,0
2018-05-27 18:56:24.128,221.75,0.138058545864,0.0,0
2018-05-27 18:56:24.315,219.21,0.138058545864,0.0,0
2018-05-27 18:56:24.408,219.55,0.138058545864,0.0,0
2018-05-27 18:56:24.501,221.73,0.138058545864,0.0,0
2018-05-27 18:56:24.585,220.06,0.138058545864,0.0,0
2018-05-27 18:56:24.678,220.55,0.138058545864,0.0,0
2018-05-27 18:56:24.771,221.38,0.138058545864,0.0,0
2018-05-27 18:56:25.585,223.06,0.138058545864,0.0,0
2018-05-27 18:56:25.669,223.17,0.138058545864,0.0,0
2018-05-27 18:56:25.753,222.21,0.138058545864,0.0,0
2018-05-27 18:56:25.846,222.44,0.138058545864,0.0,0
2018-05-27 18:56:26.008,223.65,0.138058545864,0.0,0
2018-05-27 18:56:26.101,223.0,0.138058545864,0.0,0
2018-05-27 18:56:26.195,224.25,0.138058545864,0.0,0
2018-05-27 18:56:26.287,225.22,0.138058545864,0.0,0
2018-05-27 18:56:26.371,224.13,0.138058545864,0.0,0
2018-05-27 18:56:26.464,224.56,0.138058545864,0.0,0
2018-05-27 18:56:26.557,225.62,0.138058545864,0.0,0
2018-05-27 18:56:26.650,226.19,0.138058545864,0.0,0
2018-05-27 18:56:26.827,225.37,0.138058545864,0.0,0
2018-05-27 18:56:26.920,225.48,0.138058545864,0.0,0
2018-05-27 18:56:27.161,223.43,0.138058545864,0.0,0
2018-05-27 18:56:27.250,221.93,0.138058545864,0.0,0
2018-05-27 18:56:27.334,222.14,0.138058545864,0.0,0
2018-05-27 18:56:27.520,220.51,0.138058545864,0.0,0
2018-05-27 18:56:27.790,219.47,0.138058545864,0.0,0
2018-05-27 18:56:27.883,220.2,0.138058545864,0.0,0
2018-05-27 18:56:28.129,219.54,0.138058545864,0.0,0
2018-05-27 18:56:28.222,217.5,0.138058545864,0.0,0
2018-05-27 18:56:28.492,216.72,0.138058545864,0.0,0
2018-05-27 18:56:28.585,218.29,0.138058545864,0.0,0
2018-05-27 18:56:28.678,217.12,0.138058545864,0.0,0
2018-05-27 18:56:28.771,217.38,0.138058545864,0.0,0
2018-05-27 18:56:28.865,218.31,0.138058545864,0.0,0
2018-05-27 18:56:29.026,218.66,0.138058545864,0.0,0
2018-05-27 18:56:29.120,216.53,0.138058545864,0.0,0
2018-05-27 18:56:29.297,217.85,0.138058545864,0.0,0
2018-05-27 18:56:29.390,218.06,0.138058545864,0.0,0
2018-05-27 18:56:29.483,218.23,0.138058545864,0.0,0
2018-05-27 18:56:29.576,216.83,0.138058545864,0.0,0
2018-05-27 18:56:29.669,216.7,0.138058545864,0.0,0
2018-05-27 18:56:29.846,218.42,0.138058545864,0.0,0
2018-05-27 18:56:30.008,218.33,0.138058545864,0.0,0
2018-05-27 18:56:30.101,216.37,0.138058545864,0.0,0
2018-05-27 18:56:30.194,216.95,0.138058545864,0.0,0
2018-05-27 18:56:30.278,217.27,0.138058545864,0.0,0
2018-05-27 18:56:30.371,218.37,0.138058545864,0.0,0
2018-05-27 18:56:30.464,218.32,0.138058545864,0.0,0
2018-05-27 18:56:30.558,216.84,0.138058545864,0.0,0
2018-05-27 18:56:30.641,217.45,0.138058545864,0.0,0
2018-05-27 18:56:30.735,217.33,0.138058545864,0.0,0
2018-05-27 18:56:30.911,216.84,0.138058545864,0.0,0
2018-05-27 18:56:31.074,218.94,0.138058545864,0.0,0
2018-05-27 18:56:31.166,218.22,0.138058545864,0.0,0
2018-05-27 18:56:31.259,218.12,0.138058545864,0.0,0
2018-05-27 18:56:31.353,218.46,0.138058545864,0.0,0
2018-05-27 18:56:31.446,219.93,0.138058545864,0.0,0
2018-05-27 18:56:31.534,219.0,0.138058545864,0.0,0
2018-05-27 18:56:31.623,220.96,0.138058545864,0.0,0
2018-05-27 18:56:31.708,219.96,0.138058545864,0.0,0
2018-05-27 18:56:31.790,219.6,0.138058545864,0.0,0
2018-05-27 18:56:31.884,220.21,0.138058545864,0.0,0
2018-05-27 18:56:32.045,221.52,0.138058545864,0.0,0
2018-05-27 18:56:32.232,220.51,0.138058545864,0.0,0
2018-05-27 18:56:32.325,221.35,0.138058545864,0.0,0
2018-05-27 18:56:32.418,222.3,0.138058545864,0.0,0
2018-05-27 18:56:32.511,223.16,0.138058545864,0.0,0
2018-05-27 18:56:32.605,222.66,0.138058545864,0.0,0
2018-05-27 18:56:32.688,223.94,0.138058545864,0.0,0
2018-05-27 18:56:32.781,223.95,0.138058545864,0.0,0
2018-05-27 18:56:32.874,223.29,0.138058545864,0.0,0
2018-05-27 18:56:33.036,223.09,0.138058545864,0.0,0
2018-05-27 18:56:33.129,223.12,0.138058545864,0.0,0
2018-05-27 18:56:33.223,224.38,0.138058545864,0.0,0
2018-05-27 18:56:33.316,225.76,0.138058545864,0.0,0
2018-05-27 18:56:33.409,225.57,0.138058545864,0.0,0
2018-05-27 18:56:33.596,224.85,0.138058545864,0.0,0
2018-05-27 18:56:33.679,225.96,0.138058545864,0.0,0
2018-05-27 18:56:33.772,225.36,0.138058545864,0.0,0
2018-05-27 18:56:33.865,225.19,0.138058545864,0.0,0
2018-05-27 18:56:34.027,225.49,0.138058545864,0.0,0
2018-05-27 18:56:34.120,225.34,0.138058545864,0.0,0
2018-05-27 18:56:34.213,225.19,0.138058545864,0.0,0
2018-05-27 18:56:34.306,226.2,0.138058545864,0.0,0
2018-05-27 18:56:34.400,226.88,0.138058545864,0.0,0
2018-05-27 18:56:34.484,225.55,0.138058545864,0.0,0
2018-05-27 18:56:34.586,227.72,0.138058545864,0.0,0
2018-05-27 18:56:34.679,227.93,0.138058545864,0.0,0
2018-05-27 18:56:34.772,226.53,0.138058545864,0.0,0
2018-05-27 18:56:34.865,227.15,0.138058545864,0.0,0
2018-05-27 18:56:35.027,227.02,0.138058545864,0.0,0
2018-05-27 18:56:35.120,227.47,0.138058545864,0.0,0
2018-05-27 18:56:35.214,227.51,0.138058545864,0.0,0
2018-05-27 18:56:35.307,227.35,0.138058545864,0.0,0
2018-05-27 18:56:35.494,227.81,0.138058545864,0.0,0
2018-05-27 18:56:35.577,228.25,0.138058545864,0.0,0
2018-05-27 18:56:35.754,229.85,0.138058545864,0.0,0
2018-05-27 18:56:35.847,230.52,0.138058545864,0.0,0
2018-05-27 18:56:36.102,229.4,0.138058545864,0.0,0
2018-05-27 18:56:36.195,230.31,0.138058545864,0.0,0
2018-05-27 18:56:36.289,229.95,0.138058545864,0.0,0
2018-05-27 18:56:36.372,229.78,0.138058545864,0.0,0
2018-05-27 18:56:36.465,229.67,0.138058545864,0.0,0
2018-05-27 18:56:36.558,229.88,0.138058545864,0.0,0
2018-05-27 18:56:36.651,230.76,0.138058545864,0.0,0
2018-05-27 18:56:36.744,230.98,0.138058545864,0.0,0
2018-05-27 18:56:36.828,230.53,0.138058545864,0.0,0
2018-05-27 18:56:36.921,230.24,0.138058545864,0.0,0
2018-05-27 18:56:37.075,232.02,0.138058545864,0.0,0
2018-05-27 18:56:37.167,232.39,0.138058545864,0.0,0
2018-05-27 18:56:37.260,232.51,0.138058545864,0.0,0
2018-05-27 18:56:37.353,231.22,0.138058545864,0.0,0
2018-05-27 18:56:37.447,232.79,0.138058545864,0.0,0
2018-05-27 18:56:37.540,232.56,0.138058545864,0.0,0
2018-05-27 18:56:37.633,232.74,0.138058545864,0.0,0
2018-05-27 18:56:37.721,232.06,0.138058545864,0.0,0
2018-05-27 18:56:37.894,233.0,0.138058545864,0.0,0
2018-05-27 18:56:38.139,231.82,0.138058545864,0.0,0
2018-05-27 18:56:38.232,233.11,0.138058545864,0.0,0
2018-05-27 18:56:38.419,232.98,0.138058545864,0.0,0
2018-05-27 18:56:38.512,233.15,0.138058545864,0.0,0
2018-05-27 18:56:38.605,233.48,0.138058545864,0.0,0
2018-05-27 18:56:38.689,232.37,0.138058545864,0.0,0
2018-05-27 18:56:38.782,232.78,0.138058545864,0.0,0
2018-05-27 18:56:39.028,234.75,0.138058545864,0.0,0
2018-05-27 18:56:39.121,234.59,0.138058545864,0.0,0
2018-05-27 18:56:39.214,234.4,0.138058545864,0.0,0
2018-05-27 18:56:39.400,233.7,0.138058545864,0.0,0
2018-05-27 18:56:39.493,231.87,0.138058545864,0.0,0
2018-05-27 18:56:39.587,230.83,0.138058545864,0.0,0
2018-05-27 18:56:39.680,230.61,0.138058545864,0.0,0
2018-05-27 18:56:39.764,227.86,0.138058545864,0.0,0
2018-05-27 18:56:40.018,226.55,0.138058545864,0.0,0
2018-05-27 18:56:40.112,225.45,0.138058545864,0.0,0
2018-05-27 18:56:40.298,224.95,0.138058545864,0.0,0
2018-05-27 18:56:40.391,222.57,0.138058545864,0.0,0
2018-05-27 18:56:40.484,221.15,0.138058545864,0.0,0
2018-05-27 18:56:40.754,219.23,0.138058545864,0.0,0
2018-05-27 18:56:40.847,218.18,0.138058545864,0.0,0
2018-05-27 18:56:41.102,215.86,0.138058545864,0.0,0
2018-05-27 18:56:41.382,214.21,0.138058545864,0.0,0
2018-05-27 18:56:41.475,213.65,0.138058545864,0.0,0
2018-05-27 18:56:41.559,212.28,0.138058545864,0.0,0
2018-05-27 18:56:41.652,213.4,0.138058545864,0.0,0
2018-05-27 18:56:41.829,211.07,0.138058545864,0.0,0
2018-05-27 18:56:41.922,211.49,0.138058545864,0.0,0
2018-05-27 18:56:42.084,211.62,0.138058545864,0.0,0
2018-05-27 18:56:42.177,210.1,0.138058545864,0.0,0
2018-05-27 18:56:42.364,210.73,0.138058545864,0.0,0
2018-05-27 18:56:42.457,211.55,0.138058545864,0.0,0
2018-05-27 18:56:42.550,210.4,0.138058545864,0.0,0
2018-05-27 18:56:42.633,209.91,0.138058545864,0.0,0
2018-05-27 18:56:42.810,210.28,0.138058545864,0.0,0
2018-05-27 18:56:42.894,210.54,0.138058545864,0.0,0
2018-05-27 18:56:43.131,209.22,0.138058545864,0.0,0
2018-05-27 18:56:43.224,211.21,0.138058545864,0.0,0
2018-05-27 18:56:43.410,211.03,0.138058545864,0.0,0
2018-05-27 18:56:43.504,211.45,0.138058545864,0.0,0
2018-05-27 18:56:43.597,211.35,0.138058545864,0.0,0
2018-05-27 18:56:43.764,210.82,0.138058545864,0.0,0
2018-05-27 18:56:43.857,211.33,0.138058545864,0.0,0
2018-05-27 18:56:44.019,211.85,0.138058545864,0.0,0
2018-05-27 18:56:44.112,211.0,0.138058545864,0.0,0
2018-05-27 18:56:44.205,212.41,0.138058545864,0.0,0
2018-05-27 18:56:44.298,211.04,0.138058545864,0.0,0
2018-05-27 18:56:44.391,212.94,0.138058545864,0.0,0
2018-05-27 18:56:44.485,211.31,0.138058545864,0.0,0
2018-05-27 18:56:44.578,211.86,0.138058545864,0.0,0
2018-05-27 18:56:44.662,211.55,0.138058545864,0.0,0
2018-05-27 18:56:44.745,212.08,0.138058545864,0.0,0
2018-05-27 18:56:45.000,212.14,0.138058545864,0.0,0
2018-05-27 18:56:45.094,212.7,0.138058545864,0.0,0
2018-05-27 18:56:45.187,213.12,0.138058545864,0.0,0
2018-05-27 18:56:45.280,213.28,0.138058545864,0.0,0
2018-05-27 18:56:45.373,214.58,0.138058545864,0.0,0
2018-05-27 18:56:45.467,212.85,0.138058545864,0.0,0
2018-05-27 18:56:45.550,214.85,0.138058545864,0.0,0
2018-05-27 18:56:45.643,214.31,0.138058545864,0.0,0
2018-05-27 18:56:45.727,214.08,0.138058545864,0.0,0
2018-05-27 18:56:45.820,214.69,0.138058545864,0.0,0
2018-05-27 18:56:45.909,215.26,0.138058545864,0.0,0
2018-05-27 18:56:46.066,216.9,0.138058545864,0.0,0
2018-05-27 18:56:46.150,215.88,0.138058545864,0.0,0
2018-05-27 18:56:46.233,215.77,0.138058545864,0.0,0
2018-05-27 18:56:46.327,216.99,0.138058545864,0.0,0
2018-05-27 18:56:46.420,217.32,0.138058545864,0.0,0
2018-05-27 18:56:46.513,217.08,0.138058545864,0.0,0
2018-05-27 18:56:46.606,218.06,0.138058545864,0.0,0
2018-05-27 18:56:46.690,217.94,0.138058545864,0.0,0
2018-05-27 18:56:46.876,219.46,0.138058545864,0.0,0
2018-05-27 18:56:47.039,217.48,0.138058545864,0.0,0
2018-05-27 18:56:47.122,218.82,0.138058545864,0.0,0
2018-05-27 18:56:47.215,217.02,0.138058545864,0.0,0
2018-05-27 18:56:47.401,216.95,0.138058545864,0.0,0
2018-05-27 18:56:47.494,214.59,0.138058545864,0.0,0
2018-05-27 18:56:47.587,213.93,0.138058545864,0.0,0
2018-05-27 18:56:47.774,212.26,0.138058545864,0.0,0
2018-05-27 18:56:47.867,213.46,0.138058545864,0.0,0
2018-05-27 18:56:48.029,211.01,0.138058545864,0.0,0
2018-05-27 18:56:48.206,209.91,0.138058545864,0.0,0
2018-05-27 18:56:48.401,209.39,0.138058545864,0.0,0
2018-05-27 18:56:48.494,208.12,0.138058545864,0.0,0
2018-05-27 18:56:48.579,208.28,0.138058545864,0.0,0
2018-05-27 18:56:48.671,209.65,0.138058545864,0.0,0
2018-05-27 18:56:48.747,207.95,0.138058545864,0.0,0
2018-05-27 18:56:48.849,208.4,0.138058545864,0.0,0
2018-05-27 18:56:49.001,208.64,0.138058545864,0.0,0
2018-05-27 18:56:49.094,210.5,0.138058545864,0.0,0
2018-05-27 18:56:49.187,207.61,0.138058545864,0.0,0
2018-05-27 18:56:49.280,210.15,0.138058545864,0.0,0
2018-05-27 18:56:49.374,208.75,0.138058545864,0.0,0
2018-05-27 18:56:49.467,209.65,0.138058545864,0.0,0
2018-05-27 18:56:49.560,208.83,0.138058545864,0.0,0
2018-05-27 18:56:49.653,209.65,0.138058545864,0.0,0
2018-05-27 18:56:49.738,209.54,0.138058545864,0.0,0
2018-05-27 18:56:49.830,211.03,0.138058545864,0.0,0
2018-05-27 18:56:49.923,210.07,0.138058545864,0.0,0
2018-05-27 18:56:50.085,211.22,0.138058545864,0.0,0
2018-05-27 18:56:50.178,210.42,0.138058545864,0.0,0
2018-05-27 18:56:50.271,211.63,0.138058545864,0.0,0
2018-05-27 18:56:50.364,209.71,0.138058545864,0.0,0
2018-05-27 18:56:50.458,211.42,0.138058545864,0.0,0
2018-05-27 18:56:50.550,210.3,0.138058545864,0.0,0
2018-05-27 18:56:50.644,211.05,0.138058545864,0.0,0
2018-05-27 18:56:50.727,210.28,0.138058545864,0.0,0
2018-05-27 18:56:50.821,212.37,0.138058545864,0.0,0
2018-05-27 18:56:50.914,211.32,0.138058545864,0.0,0
2018-05-27 18:56:51.076,212.9,0.138058545864,0.0,0
2018-05-27 18:56:51.169,211.45,0.138058545864,0.0,0
2018-05-27 18:56:51.262,211.84,0.138058545864,0.0,0
2018-05-27 18:56:51.355,213.33,0.138058545864,0.0,0
2018-05-27 18:56:51.448,211.89,0.138058545864,0.0,0
2018-05-27 18:56:51.895,213.35,0.138058545864,0.0,0
2018-05-27 18:56:52.150,214.28,0.138058545864,0.0,0
2018-05-27 18:56:52.243,214.51,0.138058545864,0.0,0
2018-05-27 18:56:52.336,216.1,0.138058545864,0.0,0
2018-05-27 18:56:52.429,214.99,0.138058545864,0.0,0
2018-05-27 18:56:52.523,214.94,0.138058545864,0.0,0
2018-05-27 18:56:52.616,216.96,0.138058545864,0.0,0
2018-05-27 18:56:52.700,216.33,0.138058545864,0.0,0
2018-05-27 18:56:52.793,217.51,0.138058545864,0.0,0
2018-05-27 18:56:53.048,217.76,0.138058545864,0.0,0
2018-05-27 18:56:53.141,218.65,0.138058545864,0.0,0
2018-05-27 18:56:53.234,216.98,0.138058545864,0.0,0
2018-05-27 18:56:53.327,217.63,0.138058545864,0.0,0
2018-05-27 18:56:53.420,219.01,0.138058545864,0.0,0
2018-05-27 18:56:53.514,218.5,0.138058545864,0.0,0
2018-05-27 18:56:53.607,217.85,0.138058545864,0.0,0
2018-05-27 18:56:53.691,219.03,0.138058545864,0.0,0
2018-05-27 18:56:53.878,219.59,0.138058545864,0.0,0
2018-05-27 18:56:54.039,220.68,0.138058545864,0.0,0
2018-05-27 18:56:54.225,220.09,0.138058545864,0.0,0
2018-05-27 18:56:54.318,220.68,0.138058545864,0.0,0
2018-05-27 18:56:54.411,221.89,0.138058545864,0.0,0
2018-05-27 18:56:54.504,222.55,0.138058545864,0.0,0
2018-05-27 18:56:54.681,223.3,0.138058545864,0.0,0
2018-05-27 18:56:54.774,222.29,0.138058545864,0.0,0
2018-05-27 18:56:54.867,221.84,0.138058545864,0.0,0
2018-05-27 18:56:55.029,222.09,0.138058545864,0.0,0
2018-05-27 18:56:55.122,223.45,0.138058545864,0.0,0
2018-05-27 18:56:55.216,224.25,0.138058545864,0.0,0
2018-05-27 18:56:55.309,224.66,0.138058545864,0.0,0
2018-05-27 18:56:55.402,223.27,0.138058545864,0.0,0
2018-05-27 18:56:55.495,223.96,0.138058545864,0.0,0
2018-05-27 18:56:55.672,224.65,0.138058545864,0.0,0
2018-05-27 18:56:55.765,224.26,0.138058545864,0.0,0
2018-05-27 18:56:55.858,225.23,0.138058545864,0.0,0
2018-05-27 18:56:56.020,224.55,0.138058545864,0.0,0
2018-05-27 18:56:56.113,224.9,0.138058545864,0.0,0
2018-05-27 18:56:56.206,226.0,0.138058545864,0.0,0
2018-05-27 18:56:56.393,225.94,0.138058545864,0.0,0
2018-05-27 18:56:56.570,226.68,0.138058545864,0.0,0
2018-05-27 18:56:56.663,226.92,0.138058545864,0.0,0
2018-05-27 18:56:56.747,225.54,0.138058545864,0.0,0
2018-05-27 18:56:56.840,226.62,0.138058545864,0.0,0
2018-05-27 18:56:57.002,227.94,0.138058545864,0.0,0
2018-05-27 18:56:57.095,228.06,0.138058545864,0.0,0
2018-05-27 18:56:57.188,228.21,0.138058545864,0.0,0
2018-05-27 18:56:57.281,227.48,0.138058545864,0.0,0
2018-05-27 18:56:58.085,230.08,0.138058545864,0.0,0
2018-05-27 18:56:58.272,229.69,0.138058545864,0.0,0
2018-05-27 18:56:58.458,229.45,0.138058545864,0.0,0
2018-05-27 18:56:58.542,231.24,0.138058545864,0.0,0
2018-05-27 18:56:58.728,231.78,0.138058545864,0.0,0
2018-05-27 18:56:58.896,231.2,0.138058545864,0.0,0
2018-05-27 18:56:59.058,231.05,0.138058545864,0.0,0
2018-05-27 18:56:59.244,231.47,0.138058545864,0.0,0
2018-05-27 18:56:59.337,231.62,0.138058545864,0.0,0
2018-05-27 18:56:59.514,229.88,0.138058545864,0.0,0
2018-05-27 18:57:00.682,221.72,0.138058545864,0.0,0
2018-05-27 18:57:00.868,219.88,0.138058545864,0.0,0
2018-05-27 18:57:01.030,221.53,0.138058545864,0.0,0
2018-05-27 18:57:01.123,219.83,0.138058545864,0.0,0
2018-05-27 18:57:01.216,218.86,0.138058545864,0.0,0
2018-05-27 18:57:01.393,217.11,0.138058545864,0.0,0
2018-05-27 18:57:01.486,217.52,0.138058545864,0.0,0
2018-05-27 18:57:01.756,217.72,0.138058545864,0.0,0
2018-05-27 18:57:01.850,215.81,0.138058545864,0.0,0
2018-05-27 18:57:02.012,216.92,0.138058545864,0.0,0
2018-05-27 18:57:02.105,218.17,0.138058545864,0.0,0
2018-05-27 18:57:02.188,216.86,0.138058545864,0.0,0
2018-05-27 18:57:02.272,216.91,0.138058545864,0.0,0
2018-05-27 18:57:02.459,216.45,0.138058545864,0.0,0
2018-05-27 18:57:02.552,215.8,0.138058545864,0.0,0
2018-05-27 18:57:02.822,216.85,0.138058545864,0.0,0
2018-05-27 18:57:03.067,215.91,0.138058545864,0.0,0
2018-05-27 18:57:03.151,216.06,0.138058545864,0.0,0
2018-05-27 18:57:03.244,214.72,0.138058545864,0.0,0
2018-05-27 18:57:03.337,215.34,0.138058545864,0.0,0
2018-05-27 18:57:03.524,215.03,0.138058545864,0.0,0
2018-05-27 18:57:03.617,214.68,0.138058545864,0.0,0
2018-05-27 18:57:03.702,214.64,0.138058545864,0.0,0
2018-05-27 18:57:04.142,214.46,0.138058545864,0.0,0
2018-05-27 18:57:04.235,212.39,0.138058545864,0.0,0
2018-05-27 18:57:04.328,213.54,0.138058545864,0.0,0
2018-05-27 18:57:04.598,213.73,0.138058545864,0.0,0
2018-05-27 18:57:04.682,215.6,0.138058545864,0.0,0
2018-05-27 18:57:04.869,215.06,0.138058545864,0.0,0
2018-05-27 18:57:05.123,213.74,0.138058545864,0.0,0
2018-05-27 18:57:05.217,215.56,0.138058545864,0.0,0
2018-05-27 18:57:05.310,213.21,0.138058545864,0.0,0
2018-05-27 18:57:05.496,214.69,0.138058545864,0.0,0
2018-05-27 18:57:05.673,214.09,0.138058545864,0.0,0
2018-05-27 18:57:05.766,214.14,0.138058545864,0.0,0
2018-05-27 18:57:05.859,216.05,0.138058545864,0.0,0
2018-05-27 18:57:06.021,214.98,0.138058545864,0.0,0
2018-05-27 18:57:06.207,216.47,0.138058545864,0.0,0
2018-05-27 18:57:06.301,214.65,0.138058545864,0.0,0
2018-05-27 18:57:06.394,216.16,0.138058545864,0.0,0
2018-05-27 18:57:06.487,217.95,0.138058545864,0.0,0
2018-05-27 18:57:06.664,217.23,0.138058545864,0.0,0
2018-05-27 18:57:06.748,218.24,0.138058545864,0.0,0
2018-05-27 18:57:06.841,218.45,0.138058545864,0.0,0
2018-05-27 18:57:07.003,217.98,0.138058545864,0.0,0
2018-05-27 18:57:07.105,217.67,0.138058545864,0.0,0
2018-05-27 18:57:07.198,219.15,0.138058545864,0.0,0
2018-05-27 18:57:07.291,220.21,0.138058545864,0.0,0
2018-05-27 18:57:07.385,220.66,0.138058545864,0.0,0
2018-05-27 18:57:07.468,220.44,0.138058545864,0.0,0
2018-05-27 18:57:07.561,220.95,0.138058545864,0.0,0
2018-05-27 18:57:07.655,219.57,0.138058545864,0.0,0
2018-05-27 18:57:07.832,221.06,0.138058545864,0.0,0
2018-05-27 18:57:07.925,220.21,0.138058545864,0.0,0
2018-05-27 18:57:08.086,221.19,0.138058545864,0.0,0
2018-05-27 18:57:08.180,222.14,0.138058545864,0.0,0
2018-05-27 18:57:08.273,221.44,0.138058545864,0.0,0
2018-05-27 18:57:08.366,218.88,0.138058545864,0.0,0
2018-05-27 18:57:08.450,219.89,0.138058545864,0.0,0
2018-05-27 18:57:08.543,218.51,0.138058545864,0.0,0
2018-05-27 18:57:08.627,218.93,0.138058545864,0.0,0
2018-05-27 18:57:08.711,219.2,0.138058545864,0.0,0
2018-05-27 18:57:08.804,218.55,0.138058545864,0.0,0
2018-05-27 18:57:08.897,216.4,0.138058545864,0.0,0
2018-05-27 18:57:09.152,215.59,0.138058545864,0.0,0
2018-05-27 18:57:09.236,215.64,0.138058545864,0.0,0
2018-05-27 18:57:09.329,214.36,0.138058545864,0.0,0
2018-05-27 18:57:09.515,216.03,0.138058545864,0.0,0
2018-05-27 18:57:09.608,213.25,0.138058545864,0.0,0
2018-05-27 18:57:09.785,214.41,0.138058545864,0.0,0
2018-05-27 18:57:09.878,215.12,0.138058545864,0.0,0
2018-05-27 18:57:10.041,213.89,0.138058545864,0.0,0
2018-05-27 18:57:10.124,214.82,0.138058545864,0.0,0
2018-05-27 18:57:10.217,214.51,0.138058545864,0.0,0
2018-05-27 18:57:10.310,215.63,0.138058545864,0.0,0
2018-05-27 18:57:10.403,214.75,0.138058545864,0.0,0
2018-05-27 18:57:10.496,215.13,0.138058545864,0.0,0
2018-05-27 18:57:10.673,214.32,0.138058545864,0.0,0
2018-05-27 18:57:10.767,214.94,0.138058545864,0.0,0
2018-05-27 18:57:10.850,215.72,0.138058545864,0.0,0
2018-05-27 18:57:11.012,213.7,0.138058545864,0.0,0
2018-05-27 18:57:11.105,214.36,0.138058545864,0.0,0
2018-05-27 18:57:11.199,215.13,0.138058545864,0.0,0
2018-05-27 18:57:11.292,213.91,0.138058545864,0.0,0
2018-05-27 18:57:11.385,213.79,0.138058545864,0.0,0
2018-05-27 18:57:11.478,215.23,0.138058545864,0.0,0
2018-05-27 18:57:11.665,215.53,0.138058545864,0.0,0
2018-05-27 18:57:11.748,214.19,0.138058545864,0.0,0
2018-05-27 18:57:11.841,214.64,0.138058545864,0.0,0
2018-05-27 18:57:12.003,214.18,0.138058545864,0.0,0
2018-05-27 18:57:12.096,215.67,0.138058545864,0.0,0
2018-05-27 18:57:12.189,215.22,0.138058545864,0.0,0
2018-05-27 18:57:12.282,214.67,0.138058545864,0.0,0
2018-05-27 18:57:12.376,215.96,0.138058545864,0.0,0
2018-05-27 18:57:12.469,214.97,0.138058545864,0.0,0
2018-05-27 18:57:12.562,215.21,0.138058545864,0.0,0
2018-05-27 18:57:12.655,217.15,0.138058545864,0.0,0
2018-05-27 18:57:12.739,216.44,0.138058545864,0.0,0
2018-05-27 18:57:12.832,217.8,0.138058545864,0.0,0
2018-05-27 18:57:12.925,216.88,0.138058545864,0.0,0
2018-05-27 18:57:13.087,217.12,0.138058545864,0.0,0
2018-05-27 18:57:13.180,218.05,0.138058545864,0.0,0
2018-05-27 18:57:13.916,219.9,0.138058545864,0.0,0
2018-05-27 18:57:14.078,221.56,0.138058545864,0.0,0
2018-05-27 18:57:14.171,221.87,0.138058545864,0.0,0
2018-05-27 18:57:14.264,220.75,0.138058545864,0.0,0
2018-05-27 18:57:14.357,221.18,0.138058545864,0.0,0
2018-05-27 18:57:14.450,222.2,0.138058545864,0.0,0
2018-05-27 18:57:14.543,223.67,0.138058545864,0.0,0
2018-05-27 18:57:14.632,222.91,0.138058545864,0.0,0
2018-05-27 18:57:14.721,223.35,0.138058545864,0.0,0
2018-05-27 18:57:14.804,222.34,0.138058545864,0.0,0
2018-05-27 18:57:14.897,223.86,0.138058545864,0.0,0
2018-05-27 18:57:15.059,224.29,0.138058545864,0.0,0
2018-05-27 18:57:15.152,225.54,0.138058545864,0.0,0
2018-05-27 18:57:15.245,225.75,0.138058545864,0.0,0
2018-05-27 18:57:15.432,224.62,0.138058545864,0.0,0
2018-05-27 18:57:15.525,224.63,0.138058545864,0.0,0
2018-05-27 18:57:15.618,225.27,0.138058545864,0.0,0
2018-05-27 18:57:15.795,225.07,0.138058545864,0.0,0
2018-05-27 18:57:15.888,225.27,0.138058545864,0.0,0
2018-05-27 18:57:16.050,226.3,0.138058545864,0.0,0
2018-05-27 18:57:16.143,226.38,0.138058545864,0.0,0
2018-05-27 18:57:16.236,226.57,0.138058545864,0.0,0
2018-05-27 18:57:16.329,228.05,0.138058545864,0.0,0
2018-05-27 18:57:16.423,228.05,0.138058545864,0.0,0
2018-05-27 18:57:16.516,228.64,0.138058545864,0.0,0
2018-05-27 18:57:16.693,228.26,0.138058545864,0.0,0
2018-05-27 18:57:16.786,228.21,0.138058545864,0.0,0
2018-05-27 18:57:16.879,229.18,0.138058545864,0.0,0
2018-05-27 18:57:17.041,230.18,0.138058545864,0.0,0
2018-05-27 18:57:17.134,229.92,0.138058545864,0.0,0
2018-05-27 18:57:17.320,231.15,0.138058545864,0.0,0
2018-05-27 18:57:17.413,231.41,0.138058545864,0.0,0
2018-05-27 18:57:17.498,230.66,0.138058545864,0.0,0
2018-05-27 18:57:17.684,231.37,0.138058545864,0.0,0
2018-05-27 18:57:17.860,232.56,0.138058545864,0.0,0
2018-05-27 18:57:18.022,233.09,0.138058545864,0.0,0
2018-05-27 18:57:18.116,233.53,0.138058545864,0.0,0
2018-05-27 18:57:18.208,233.6,0.138058545864,0.0,0
2018-05-27 18:57:18.302,233.52,0.138058545864,0.0,0
2018-05-27 18:57:18.395,234.04,0.138058545864,0.0,0
2018-05-27 18:57:18.489,234.4,0.138058545864,0.0,0
2018-05-27 18:57:18.572,233.48,0.138058545864,0.0,0
2018-05-27 18:57:19.460,235.19,0.138058545864,0.0,0
2018-05-27 18:57:19.553,234.2,0.138058545864,0.0,0
2018-05-27 18:57:19.740,233.96,0.138058545864,0.0,0
2018-05-27 18:57:19.823,234.48,0.138058545864,0.0,0
2018-05-27 18:57:19.912,232.93,0.138058545864,0.0,0
2018-05-27 18:57:20.237,234.26,0.138058545864,0.0,0
2018-05-27 18:57:20.423,234.13,0.138058545864,0.0,0
2018-05-27 18:57:20.516,234.8,0.138058545864,0.0,0
2018-05-27 18:57:20.786,233.64,0.138058545864,0.0,0
2018-05-27 18:57:21.591,222.53,0.138058545864,0.0,0
2018-05-27 18:57:21.768,220.69,0.138058545864,0.0,0
2018-05-27 18:57:21.851,220.06,0.138058545864,0.0,0
2018-05-27 18:57:22.013,218.48,0.138058545864,0.0,0
2018-05-27 18:57:22.106,217.51,0.138058545864,0.0,0
2018-05-27 18:57:22.200,217.3,0.138058545864,0.0,0
2018-05-27 18:57:22.293,215.34,0.138058545864,0.0,0
2018-05-27 18:57:22.842,213.16,0.138058545864,0.0,0
2018-05-27 18:57:23.004,211.58,0.138058545864,0.0,0
2018-05-27 18:57:23.740,211.59,0.138058545864,0.0,0
2018-05-27 18:57:23.833,211.37,0.138058545864,0.0,0
2018-05-27 18:57:23.926,211.86,0.138058545864,0.0,0
2018-05-27 18:57:24.088,211.76,0.138058545864,0.0,0
2018-05-27 18:57:24.181,212.34,0.138058545864,0.0,0
2018-05-27 18:57:24.274,210.21,0.138058545864,0.0,0
2018-05-27 18:57:24.367,211.68,0.138058545864,0.0,0
2018-05-27 18:57:24.461,210.42,0.138058545864,0.0,0
2018-05-27 18:57:24.554,210.6,0.138058545864,0.0,0
2018-05-27 18:57:24.647,211.35,0.138058545864,0.0,0
2018-05-27 18:57:24.731,211.8,0.138058545864,0.0,0
2018-05-27 18:57:24.824,210.28,0.138058545864,0.0,0
2018-05-27 18:57:24.912,209.54,0.138058545864,0.0,0
2018-05-27 18:57:25.069,212.01,0.138058545864,0.0,0
2018-05-27 18:57:25.153,210.68,0.138058545864,0.0,0
2018-05-27 18:57:25.246,212.07,0.138058545864,0.0,0
2018-05-27 18:57:25.339,210.43,0.138058545864,0.0,0
2018-05-27 18:57:25.433,211.88,0.138058545864,0.0,0
2018-05-27 18:57:25.526,210.4,0.138058545864,0.0,0
2018-05-27 18:57:25.610,209.42,0.138058545864,0.0,0
2018-05-27 18:57:25.693,210.72,0.138058545864,0.0,0
2018-05-27 18:57:25.787,210.85,0.138058545864,0.0,0
2018-05-27 18:57:26.042,211.28,0.138058545864,0.0,0
2018-05-27 18:57:26.228,211.23,0.138058545864,0.0,0
2018-05-27 18:57:26.321,213.02,0.138058545864,0.0,0
2018-05-27 18:57:26.414,211.0,0.138058545864,0.0,0
2018-05-27 18:57:26.498,212.11,0.138058545864,0.0,0
2018-05-27 18:57:26.591,211.58,0.138058545864,0.0,0
2018-05-27 18:57:26.675,211.83,0.138058545864,0.0,0
2018-05-27 18:57:26.768,213.57,0.138058545864,0.0,0
2018-05-27 18:57:26.861,211.86,0.138058545864,0.0,0
2018-05-27 18:57:27.023,212.8,0.138058545864,0.0,0
2018-05-27 18:57:27.116,213.32,0.138058545864,0.0,0
2018-05-27 18:57:27.209,213.01,0.138058545864,0.0,0
2018-05-27 18:57:27.303,215.14,0.138058545864,0.0,0
2018-05-27 18:57:27.479,214.94,0.138058545864,0.0,0
2018-05-27 18:57:27.572,214.08,0.138058545864,0.0,0
2018-05-27 18:57:27.666,215.13,0.138058545864,0.0,0
2018-05-27 18:57:27.749,214.69,0.138058545864,0.0,0
2018-05-27 18:57:28.004,215.32,0.138058545864,0.0,0
2018-05-27 18:57:28.098,215.42,0.138058545864,0.0,0
2018-05-27 18:57:28.181,216.15,0.138058545864,0.0,0
2018-05-27 18:57:28.274,216.32,0.138058545864,0.0,0
2018-05-27 18:57:28.368,217.83,0.138058545864,0.0,0
2018-05-27 18:57:28.461,215.71,0.138058545864,0.0,0
2018-05-27 18:57:28.554,217.09,0.138058545864,0.0,0
2018-05-27 18:57:28.647,218.1,0.138058545864,0.0,0
2018-05-27 18:57:28.731,217.35,0.138058545864,0.0,0
2018-05-27 18:57:28.824,218.57,0.138058545864,0.0,0
2018-05-27 18:57:28.913,217.8,0.138058545864,0.0,0
2018-05-27 18:57:29.070,217.63,0.138058545864,0.0,0
2018-05-27 18:57:29.153,218.9,0.138058545864,0.0,0
2018-05-27 18:57:29.247,217.62,0.138058545864,0.0,0
2018-05-27 18:57:29.340,217.45,0.138058545864,0.0,0
2018-05-27 18:57:29.433,217.63,0.138058545864,0.0,0
2018-05-27 18:57:29.526,217.93,0.138058545864,0.0,0
2018-05-27 18:57:29.703,217.33,0.138058545864,0.0,0
2018-05-27 18:57:30.042,217.31,0.138058545864,0.0,0
2018-05-27 18:57:30.135,218.59,0.138058545864,0.0,0
2018-05-27 18:57:30.321,216.99,0.138058545864,0.0,0
2018-05-27 18:57:30.414,217.24,0.138058545864,0.0,0
2018-05-27 18:57:30.508,217.75,0.138058545864,0.0,0
2018-05-27 18:57:30.601,216.67,0.138058545864,0.0,0
2018-05-27 18:57:30.684,218.85,0.138058545864,0.0,0
2018-05-27 18:57:30.768,218.24,0.138058545864,0.0,0
2018-05-27 18:57:30.861,217.57,0.138058545864,0.0,0
2018-05-27 18:57:31.023,217.49,0.138058545864,0.0,0
2018-05-27 18:57:31.116,218.31,0.138058545864,0.0,0
2018-05-27 18:57:31.210,218.72,0.138058545864,0.0,0
2018-05-27 18:57:31.303,216.85,0.138058545864,0.0,0
2018-05-27 18:57:31.396,217.27,0.138058545864,0.0,0
2018-05-27 18:57:31.489,218.18,0.138058545864,0.0,0
2018-05-27 18:57:31.583,217.03,0.138058545864,0.0,0
2018-05-27 18:57:31.676,216.66,0.138058545864,0.0,0
2018-05-27 18:57:31.768,218.05,0.138058545864,0.0,0
2018-05-27 18:57:31.861,216.58,0.138058545864,0.0,0
2018-05-27 18:57:32.023,216.73,0.138058545864,0.0,0
2018-05-27 18:57:32.117,218.31,0.138058545864,0.0,0
2018-05-27 18:57:32.210,217.24,0.138058545864,0.0,0
2018-05-27 18:57:32.285,216.74,0.138058545864,0.0,0
2018-05-27 18:57:32.386,216.63,0.138058545864,0.0,0
2018-05-27 18:57:32.480,216.72,0.138058545864,0.0,0
2018-05-27 18:57:32.573,218.48,0.138058545864,0.0,0
2018-05-27 18:57:32.666,217.57,0.138058545864,0.0,0
2018-05-27 18:57:32.750,217.86,0.138058545864,0.0,0
2018-05-27 18:57:32.843,216.71,0.138058545864,0.0,0
2018-05-27 18:57:33.098,218.49,0.138058545864,0.0,0
2018-05-27 18:57:33.191,217.84,0.138058545864,0.0,0
2018-05-27 18:57:33.275,218.04,0.138058545864,0.0,0
2018-05-27 18:57:33.368,217.12,0.138058545864,0.0,0
2018-05-27 18:57:33.461,217.81,0.138058545864,0.0,0
2018-05-27 18:57:33.554,218.95,0.138058545864,0.0,0
2018-05-27 18:57:33.647,219.1,0.138058545864,0.0,0
2018-05-27 18:57:33.731,219.17,0.138058545864,0.0,0
2018-05-27 18:57:33.824,218.65,0.138058545864,0.0,0
2018-05-27 18:57:33.913,219.73,0.138058545864,0.0,0
2018-05-27 18:57:34.070,219.0,0.138058545864,0.0,0
2018-05-27 18:57:34.154,219.76,0.138058545864,0.0,0
2018-05-27 18:57:34.238,219.26,0.138058545864,0.0,0
2018-05-27 18:57:34.331,220.29,0.138058545864,0.0,0
2018-05-27 18:57:34.424,220.05,0.138058545864,0.0,0
2018-05-27 18:57:34.517,219.14,0.138058545864,0.0,0
2018-05-27 18:57:34.611,220.11,0.138058545864,0.0,0
2018-05-27 18:57:34.787,219.86,0.138058545864,0.0,0
2018-05-27 18:57:35.042,221.3,0.138058545864,0.0,0
2018-05-27 18:57:35.135,220.54,0.138058545864,0.0,0
2018-05-27 18:57:35.415,222.8,0.138058545864,0.0,0
2018-05-27 18:57:35.508,221.89,0.138058545864,0.0,0
2018-05-27 18:57:35.601,221.45,0.138058545864,0.0,0
2018-05-27 18:57:35.685,222.3,0.138058545864,0.0,0
2018-05-27 18:57:35.778,221.78,0.138058545864,0.0,0
2018-05-27 18:57:35.871,221.96,0.138058545864,0.0,0
2018-05-27 18:57:36.033,222.56,0.138058545864,0.0,0
2018-05-27 18:57:36.126,223.91,0.138058545864,0.0,0
2018-05-27 18:57:36.219,223.99,0.138058545864,0.0,0
2018-05-27 18:57:36.312,222.91,0.138058545864,0.0,0
2018-05-27 18:57:36.498,223.29,0.138058545864,0.0,0
2018-05-27 18:57:36.592,223.58,0.138058545864,0.0,0
2018-05-27 18:57:36.769,223.88,0.138058545864,0.0,0
2018-05-27 18:57:36.862,224.1,0.138058545864,0.0,0
2018-05-27 18:57:37.024,225.36,0.138058545864,0.0,0
2018-05-27 18:57:37.117,225.51,0.138058545864,0.0,0
2018-05-27 18:57:37.210,224.87,0.138058545864,0.0,0
2018-05-27 18:57:37.303,224.05,0.138058545864,0.0,0
2018-05-27 18:57:37.396,224.33,0.138058545864,0.0,0
2018-05-27 18:57:37.471,224.18,0.138058545864,0.0,0
2018-05-27 18:57:37.676,226.33,0.138058545864,0.0,0
2018-05-27 18:57:37.769,226.08,0.138058545864,0.0,0
2018-05-27 18:57:37.862,226.21,0.138058545864,0.0,0
2018-05-27 18:57:38.024,224.87,0.138058545864,0.0,0
2018-05-27 18:57:38.303,225.39,0.138058545864,0.0,0
2018-05-27 18:57:38.489,226.09,0.138058545864,0.0,0
2018-05-27 18:57:38.582,225.76,0.138058545864,0.0,0
2018-05-27 18:57:38.852,226.46,0.138058545864,0.0,0
2018-05-27 18:57:39.014,225.74,0.138058545864,0.0,0
2018-05-27 18:57:39.107,225.76,0.138058545864,0.0,0
2018-05-27 18:57:39.200,225.56,0.138058545864,0.0,0
2018-05-27 18:57:39.294,225.58,0.138058545864,0.0,0
2018-05-27 18:57:39.387,226.06,0.138058545864,0.0,0
2018-05-27 18:57:39.480,226.24,0.138058545864,0.0,0
2018-05-27 18:57:39.573,226.32,0.138058545864,0.0,0
2018-05-27 18:57:39.750,226.77,0.138058545864,0.0,0
2018-05-27 18:57:39.843,226.44,0.138058545864,0.0,0
2018-05-27 18:57:40.005,226.76,0.138058545864,0.0,0
2018-05-27 18:57:40.098,226.94,0.138058545864,0.0,0
2018-05-27 18:57:40.191,228.13,0.138058545864,0.0,0
2018-05-27 18:57:40.284,227.6,0.138058545864,0.0,0
2018-05-27 18:57:40.378,227.47,0.138058545864,0.0,0
2018-05-27 18:57:40.472,227.51,0.138058545864,0.0,0
2018-05-27 18:57:40.555,227.35,0.138058545864,0.0,0
2018-05-27 18:57:40.648,228.36,0.138058545864,0.0,0
2018-05-27 18:57:40.741,228.28,0.138058545864,0.0,0
2018-05-27 18:57:40.825,227.54,0.138058545864,0.0,0
2018-05-27 18:57:40.913,228.46,0.138058545864,0.0,0
2018-05-27 18:57:41.070,228.81,0.138058545864,0.0,0
2018-05-27 18:57:41.154,227.91,0.138058545864,0.0,0
2018-05-27 18:57:41.247,227.89,0.138058545864,0.0,0
2018-05-27 18:57:41.331,226.19,0.138058545864,0.0,0
2018-05-27 18:57:41.424,227.47,0.138058545864,0.0,0
2018-05-27 18:57:41.517,228.05,0.138058545864,0.0,0
2018-05-27 18:57:41.610,227.97,0.138058545864,0.0,0
2018-05-27 18:57:41.694,229.55,0.138058545864,0.0,0
2018-05-27 18:57:41.787,228.67,0.138058545864,0.0,0
2018-05-27 18:57:41.880,228.17,0.138058545864,0.0,0
2018-05-27 18:57:42.135,227.85,0.138058545864,0.0,0
2018-05-27 18:57:42.322,228.72,0.138058545864,0.0,0
2018-05-27 18:57:42.415,228.85,0.138058545864,0.0,0
2018-05-27 18:57:42.508,228.42,0.138058545864,0.0,0
2018-05-27 18:57:42.601,228.1,0.138058545864,0.0,0
2018-05-27 18:57:42.778,227.97,0.138058545864,0.0,0
2018-05-27 18:57:42.871,228.01,0.138058545864,0.0,0
2018-05-27 18:57:43.126,227.82,0.138058545864,0.0,0
2018-05-27 18:57:43.210,229.54,0.138058545864,0.0,0
2018-05-27 18:57:43.303,229.33,0.138058545864,0.0,0
2018-05-27 18:57:43.396,228.2,0.138058545864,0.0,0
2018-05-27 18:57:43.489,227.96,0.138058545864,0.0,0
2018-05-27 18:57:43.583,227.07,0.138058545864,0.0,0
2018-05-27 18:57:43.676,226.67,0.138058545864,0.0,0
2018-05-27 18:57:43.769,226.12,0.138058545864,0.0,0
2018-05-27 18:57:44.201,224.37,0.138058545864,0.0,0
2018-05-27 18:57:44.480,225.1,0.138058545864,0.0,0
2018-05-27 18:57:44.573,225.02,0.138058545864,0.0,0
2018-05-27 18:57:44.666,224.6,0.138058545864,0.0,0
2018-05-27 18:57:44.750,224.26,0.138058545864,0.0,0
2018-05-27 18:57:44.843,225.34,0.138058545864,0.0,0
2018-05-27 18:57:45.006,224.57,0.138058545864,0.0,0
2018-05-27 18:57:45.089,223.4,0.138058545864,0.0,0
2018-05-27 18:57:45.462,221.87,0.138058545864,0.0,0
2018-05-27 18:57:45.555,221.35,0.138058545864,0.0,0
2018-05-27 18:57:45.648,223.06,0.138058545864,0.0,0
2018-05-27 18:57:45.741,222.7,0.138058545864,0.0,0
2018-05-27 18:57:45.825,221.77,0.138058545864,0.0,0
2018-05-27 18:57:45.913,220.74,0.138058545864,0.0,0
2018-05-27 18:57:46.070,220.67,0.138058545864,0.0,0
2018-05-27 18:57:46.154,221.01,0.138058545864,0.0,0
2018-05-27 18:57:46.247,221.29,0.138058545864,0.0,0
2018-05-27 18:57:46.340,221.05,0.138058545864,0.0,0
2018-05-27 18:57:46.424,220.06,0.138058545864,0.0,0
2018-05-27 18:57:46.518,220.56,0.138058545864,0.0,0
2018-05-27 18:57:46.694,219.97,0.138058545864,0.0,0
2018-05-27 18:57:47.042,219.26,0.138058545864,0.0,0
2018-05-27 18:57:47.229,221.87,0.138058545864,0.0,0
2018-05-27 18:57:47.322,221.07,0.138058545864,0.0,0
2018-05-27 18:57:47.415,220.52,0.138058545864,0.0,0
2018-05-27 18:57:47.508,221.05,0.138058545864,0.0,0
2018-05-27 18:57:47.602,221.06,0.138058545864,0.0,0
2018-05-27 18:57:47.778,221.52,0.138058545864,0.0,0
2018-05-27 18:57:47.871,223.37,0.138058545864,0.0,0
2018-05-27 18:57:48.033,223.11,0.138058545864,0.0,0
2018-05-27 18:57:48.126,221.88,0.138058545864,0.0,0
2018-05-27 18:57:48.406,223.96,0.138058545864,0.0,0
2018-05-27 18:57:48.499,224.52,0.138058545864,0.0,0
2018-05-27 18:57:48.592,223.73,0.138058545864,0.0,0
2018-05-27 18:57:48.769,224.42,0.138058545864,0.0,0
2018-05-27 18:57:48.862,223.88,0.138058545864,0.0,0
2018-05-27 18:57:49.024,222.26,0.138058545864,0.0,0
2018-05-27 18:57:49.117,224.0,0.138058545864,0.0,0
2018-05-27 18:57:49.210,223.61,0.138058545864,0.0,0
2018-05-27 18:57:49.303,225.09,0.138058545864,0.0,0
2018-05-27 18:57:49.397,225.37,0.138058545864,0.0,0
2018-05-27 18:57:49.583,223.18,0.138058545864,0.0,0
2018-05-27 18:57:49.667,224.22,0.138058545864,0.0,0
2018-05-27 18:57:49.750,222.14,0.138058545864,0.0,0
2018-05-27 18:57:49.844,224.05,0.138058545864,0.0,0
2018-05-27 18:57:50.005,223.92,0.138058545864,0.0,0
2018-05-27 18:57:50.099,222.81,0.138058545864,0.0,0
2018-05-27 18:57:50.192,221.63,0.138058545864,0.0,0
2018-05-27 18:57:50.285,222.46,0.138058545864,0.0,0
2018-05-27 18:57:50.378,222.14,0.138058545864,0.0,0
2018-05-27 18:57:50.471,223.2,0.138058545864,0.0,0
2018-05-27 18:57:50.555,221.64,0.138058545864,0.0,0
2018-05-27 18:57:50.648,223.27,0.138058545864,0.0,0
2018-05-27 18:57:50.732,222.02,0.138058545864,0.0,0
2018-05-27 18:57:50.825,221.49,0.138058545864,0.0,0
2018-05-27 18:57:50.913,220.76,0.138058545864,0.0,0
2018-05-27 18:57:51.071,221.35,0.138058545864,0.0,0
2018-05-27 18:57:51.155,221.51,0.138058545864,0.0,0
2018-05-27 18:57:51.238,222.67,0.138058545864,0.0,0
2018-05-27 18:57:51.331,223.08,0.138058545864,0.0,0
2018-05-27 18:57:51.424,220.65,0.138058545864,0.0,0
2018-05-27 18:57:51.611,221.55,0.138058545864,0.0,0
2018-05-27 18:57:51.695,221.28,0.138058545864,0.0,0
2018-05-27 18:57:51.788,221.6,0.138058545864,0.0,0
2018-05-27 18:57:51.881,222.45,0.138058545864,0.0,0
2018-05-27 18:57:52.043,221.27,0.138058545864,0.0,0
2018-05-27 18:57:52.127,221.65,0.138058545864,0.0,0
2018-05-27 18:57:52.220,222.07,0.138058545864,0.0,0
2018-05-27 18:57:52.313,220.49,0.138058545864,0.0,0
2018-05-27 18:57:52.406,220.45,0.138058545864,0.0,0
2018-05-27 18:57:52.499,220.68,0.138058545864,0.0,0
2018-05-27 18:57:52.676,220.07,0.138058545864,0.0,0
2018-05-27 18:57:52.769,221.98,0.138058545864,0.0,0
2018-05-27 18:57:52.853,220.69,0.138058545864,0.0,0
2018-05-27 18:57:53.015,220.76,0.138058545864,0.0,0
2018-05-27 18:57:53.108,221.58,0.138058545864,0.0,0
2018-05-27 18:57:53.294,220.75,0.138058545864,0.0,0
2018-05-27 18:57:53.387,220.59,0.138058545864,0.0,0
2018-05-27 18:57:53.480,221.46,0.138058545864,0.0,0
2018-05-27 18:57:53.574,221.08,0.138058545864,0.0,0
2018-05-27 18:57:53.667,220.47,0.138058545864,0.0,0
2018-05-27 18:57:53.752,221.35,0.138058545864,0.0,0
2018-05-27 18:57:53.844,221.41,0.138058545864,0.0,0
2018-05-27 18:57:54.005,221.71,0.138058545864,0.0,0
2018-05-27 18:57:54.192,223.18,0.138058545864,0.0,0
2018-05-27 18:57:54.285,223.32,0.138058545864,0.0,0
2018-05-27 18:57:54.378,222.19,0.138058545864,0.0,0
2018-05-27 18:57:54.471,222.96,0.138058545864,0.0,0
2018-05-27 18:57:54.564,223.07,0.138058545864,0.0,0
2018-05-27 18:57:54.657,224.18,0.138058545864,0.0,0
2018-05-27 18:57:54.743,222.58,0.138058545864,0.0,0
2018-05-27 18:57:54.834,223.96,0.138058545864,0.0,0
2018-05-27 18:57:54.928,224.83,0.138058545864,0.0,0
2018-05-27 18:57:55.089,223.95,0.138058545864,0.0,0
2018-05-27 18:57:55.183,223.18,0.138058545864,0.0,0
2018-05-27 18:57:55.276,223.1,0.138058545864,0.0,0
2018-05-27 18:57:55.369,224.26,0.138058545864,0.0,0
2018-05-27 18:57:55.462,224.92,0.138058545864,0.0,0
2018-05-27 18:57:55.555,225.93,0.138058545864,0.0,0
2018-05-27 18:57:55.648,225.76,0.138058545864,0.0,0
2018-05-27 18:57:55.734,224.14,0.138058545864,0.0,0
2018-05-27 18:57:55.825,224.98,0.138058545864,0.0,0
2018-05-27 18:57:55.918,225.57,0.138058545864,0.0,0
2018-05-27 18:57:56.080,225.58,0.138058545864,0.0,0
2018-05-27 18:57:56.173,225.01,0.138058545864,0.0,0
2018-05-27 18:57:56.266,223.31,0.138058545864,0.0,0
2018-05-27 18:57:56.359,225.13,0.138058545864,0.0,0
2018-05-27 18:57:56.453,224.08,0.138058545864,0.0,0
2018-05-27 18:57:56.546,224.75,0.138058545864,0.0,0
2018-05-27 18:57:56.639,225.81,0.138058545864,0.0,0
2018-05-27 18:57:56.816,225.44,0.138058545864,0.0,0
2018-05-27 18:57:56.900,224.93,0.138058545864,0.0,0
2018-05-27 18:57:57.061,225.25,0.138058545864,0.0,0
2018-05-27 18:57:57.145,227.2,0.138058545864,0.0,0
2018-05-27 18:57:57.239,227.02,0.138058545864,0.0,0
2018-05-27 18:57:57.332,225.6,0.138058545864,0.0,0
2018-05-27 18:57:57.425,224.64,0.138058545864,0.0,0
2018-05-27 18:57:57.611,225.96,0.138058545864,0.0,0
2018-05-27 18:57:57.695,226.95,0.138058545864,0.0,0
2018-05-27 18:57:57.881,225.67,0.138058545864,0.0,0
2018-05-27 18:57:58.043,227.1,0.138058545864,0.0,0
2018-05-27 18:57:58.136,226.65,0.138058545864,0.0,0
2018-05-27 18:57:58.229,227.34,0.138058545864,0.0,0
2018-05-27 18:57:58.322,227.03,0.138058545864,0.0,0
2018-05-27 18:57:58.415,228.51,0.138058545864,0.0,0
2018-05-27 18:57:58.602,228.88,0.138058545864,0.0,0
2018-05-27 18:57:58.686,227.25,0.138058545864,0.0,0
2018-05-27 18:57:58.779,227.98,0.138058545864,0.0,0
2018-05-27 18:57:58.872,228.09,0.138058545864,0.0,0
2018-05-27 18:57:59.127,229.15,0.138058545864,0.0,0
2018-05-27 18:57:59.220,228.82,0.138058545864,0.0,0
2018-05-27 18:57:59.313,229.68,0.138058545864,0.0,0
2018-05-27 18:57:59.406,229.67,0.138058545864,0.0,0
2018-05-27 18:57:59.499,229.68,0.138058545864,0.0,0
2018-05-27 18:57:59.676,228.94,0.138058545864,0.0,0
2018-05-27 18:57:59.769,229.18,0.138058545864,0.0,0
2018-05-27 18:57:59.863,230.28,0.138058545864,0.0,0
2018-05-27 18:58:00.118,229.82,0.138058545864,0.0,0
2018-05-27 18:58:00.211,230.24,0.138058545864,0.0,0
2018-05-27 18:58:00.304,230.61,0.138058545864,0.0,0
2018-05-27 18:58:00.397,230.82,0.138058545864,0.0,0
2018-05-27 18:58:00.667,230.01,0.138058545864,0.0,0
2018-05-27 18:58:00.751,230.19,0.138058545864,0.0,0
2018-05-27 18:58:00.844,230.55,0.138058545864,0.0,0
2018-05-27 18:58:01.099,230.5,0.138058545864,0.0,0
2018-05-27 18:58:01.462,231.43,0.138058545864,0.0,0
2018-05-27 18:58:01.648,231.91,0.138058545864,0.0,0
2018-05-27 18:58:01.732,230.16,0.138058545864,0.0,0
2018-05-27 18:58:01.914,232.01,0.138058545864,0.0,0
2018-05-27 18:58:02.071,232.17,0.138058545864,0.0,0
2018-05-27 18:58:02.155,230.72,0.138058545864,0.0,0
2018-05-27 18:58:02.248,230.8,0.138058545864,0.0,0
2018-05-27 18:58:02.341,231.01,0.138058545864,0.0,0
2018-05-27 18:58:02.434,231.0,0.138058545864,0.0,0
2018-05-27 18:58:02.527,231.06,0.138058545864,0.0,0
2018-05-27 18:58:02.621,230.88,0.138058545864,0.0,0
2018-05-27 18:58:02.705,232.65,0.138058545864,0.0,0
2018-05-27 18:58:02.798,232.2,0.138058545864,0.0,0
2018-05-27 18:58:03.323,229.83,0.138058545864,0.0,0
2018-05-27 18:58:03.416,229.1,0.138058545864,0.0,0
2018-05-27 18:58:03.509,227.85,0.138058545864,0.0,0
2018-05-27 18:58:03.602,227.93,0.138058545864,0.0,0
2018-05-27 18:58:03.872,225.08,0.138058545864,0.0,0
2018-05-27 18:58:04.025,224.96,0.138058545864,0.0,0
2018-05-27 18:58:04.118,224.42,0.138058545864,0.0,0
2018-05-27 18:58:04.211,222.56,0.138058545864,0.0,0
2018-05-27 18:58:04.304,223.65,0.138058545864,0.0,0
2018-05-27 18:58:04.490,223.75,0.138058545864,0.0,0
2018-05-27 18:58:04.677,221.63,0.138058545864,0.0,0
2018-05-27 18:58:04.770,221.97,0.138058545864,0.0,0
2018-05-27 18:58:04.863,222.41,0.138058545864,0.0,0
2018-05-27 18:58:05.025,222.93,0.138058545864,0.0,0
2018-05-27 18:58:05.109,221.43,0.138058545864,0.0,0
2018-05-27 18:58:05.202,220.8,0.138058545864,0.0,0
2018-05-27 18:58:05.295,221.83,0.138058545864,0.0,0
2018-05-27 18:58:05.388,220.18,0.138058545864,0.0,0
2018-05-27 18:58:05.481,219.92,0.138058545864,0.0,0
2018-05-27 18:58:05.574,219.96,0.138058545864,0.0,0
2018-05-27 18:58:05.667,220.9,0.138058545864,0.0,0
2018-05-27 18:58:05.751,219.93,0.138058545864,0.0,0
2018-05-27 18:58:05.835,219.7,0.138058545864,0.0,0
2018-05-27 18:58:05.928,219.27,0.138058545864,0.0,0
2018-05-27 18:58:06.090,220.95,0.138058545864,0.0,0
2018-05-27 18:58:06.276,219.15,0.138058545864,0.0,0
2018-05-27 18:58:06.369,219.23,0.138058545864,0.0,0
2018-05-27 18:58:06.556,219.76,0.138058545864,0.0,0
2018-05-27 18:58:06.649,218.74,0.138058545864,0.0,0
2018-05-27 18:58:06.826,218.68,0.138058545864,0.0,0
2018-05-27 18:58:06.919,219.08,0.138058545864,0.0,0
2018-05-27 18:58:07.081,220.13,0.138058545864,0.0,0
2018-05-27 18:58:07.174,219.71,0.138058545864,0.0,0
2018-05-27 18:58:07.267,218.97,0.138058545864,0.0,0
2018-05-27 18:58:07.360,219.66,0.138058545864,0.0,0
2018-05-27 18:58:07.547,220.18,0.138058545864,0.0,0
2018-05-27 18:58:07.640,219.95,0.138058545864,0.0,0
2018-05-27 18:58:07.817,220.1,0.138058545864,0.0,0
2018-05-27 18:58:07.901,221.74,0.138058545864,0.0,0
2018-05-27 18:58:08.062,221.51,0.138058545864,0.0,0
2018-05-27 18:58:08.249,221.5,0.138058545864,0.0,0
2018-05-27 18:58:08.342,222.9,0.138058545864,0.0,0
2018-05-27 18:58:08.435,222.23,0.138058545864,0.0,0
2018-05-27 18:58:08.621,221.89,0.138058545864,0.0,0
2018-05-27 18:58:08.705,221.82,0.138058545864,0.0,0
2018-05-27 18:58:08.892,222.54,0.138058545864,0.0,0
2018-05-27 18:58:09.053,223.78,0.138058545864,0.0,0
2018-05-27 18:58:09.146,224.45,0.138058545864,0.0,0
2018-05-27 18:58:09.239,223.11,0.138058545864,0.0,0
2018-05-27 18:58:09.416,223.69,0.138058545864,0.0,0
2018-05-27 18:58:09.510,221.59,0.138058545864,0.0,0
2018-05-27 18:58:09.686,221.05,0.138058545864,0.0,0
2018-05-27 18:58:09.770,221.93,0.138058545864,0.0,0
2018-05-27 18:58:09.863,220.47,0.138058545864,0.0,0
2018-05-27 18:58:10.025,219.17,0.138058545864,0.0,0
2018-05-27 18:58:10.118,219.24,0.138058545864,0.0,0
2018-05-27 18:58:10.305,220.41,0.138058545864,0.0,0
2018-05-27 18:58:10.388,220.31,0.138058545864,0.0,0
2018-05-27 18:58:10.482,219.49,0.138058545864,0.0,0
2018-05-27 18:58:10.575,218.32,0.138058545864,0.0,0
2018-05-27 18:58:10.668,218.84,0.138058545864,0.0,0
2018-05-27 18:58:10.752,218.11,0.138058545864,0.0,0
2018-05-27 18:58:10.845,218.37,0.138058545864,0.0,0
2018-05-27 18:58:11.007,219.38,0.138058545864,0.0,0
2018-05-27 18:58:11.100,217.81,0.138058545864,0.0,0
2018-05-27 18:58:11.193,218.48,0.138058545864,0.0,0
2018-05-27 18:58:11.287,218.59,0.138058545864,0.0,0
2018-05-27 18:58:11.370,217.87,0.138058545864,0.0,0
2018-05-27 18:58:11.463,219.52,0.138058545864,0.0,0
2018-05-27 18:58:11.556,219.13,0.138058545864,0.0,0
2018-05-27 18:58:11.649,217.39,0.138058545864,0.0,0
2018-05-27 18:58:11.733,218.19,0.138058545864,0.0,0
2018-05-27 18:58:11.826,217.93,0.138058545864,0.0,0
2018-05-27 18:58:11.915,217.51,0.138058545864,0.0,0
2018-05-27 18:58:12.072,218.1,0.138058545864,0.0,0
2018-05-27 18:58:12.156,216.98,0.138058545864,0.0,0
2018-05-27 18:58:12.249,217.36,0.138058545864,0.0,0
2018-05-27 18:58:12.435,217.97,0.138058545864,0.0,0
2018-05-27 18:58:12.528,217.27,0.138058545864,0.0,0
2018-05-27 18:58:12.621,217.35,0.138058545864,0.0,0
2018-05-27 18:58:12.705,217.87,0.138058545864,0.0,0
2018-05-27 18:58:12.799,218.64,0.138058545864,0.0,0
2018-05-27 18:58:12.892,218.86,0.138058545864,0.0,0
2018-05-27 18:58:13.053,217.35,0.138058545864,0.0,0
2018-05-27 18:58:13.137,217.89,0.138058545864,0.0,0
2018-05-27 18:58:13.230,217.29,0.138058545864,0.0,0
2018-05-27 18:58:13.417,218.45,0.138058545864,0.0,0
2018-05-27 18:58:13.510,216.66,0.138058545864,0.0,0
2018-05-27 18:58:13.687,217.38,0.138058545864,0.0,0
2018-05-27 18:58:13.780,218.36,0.138058545864,0.0,0
2018-05-27 18:58:13.873,219.59,0.138058545864,0.0,0
2018-05-27 18:58:14.035,218.69,0.138058545864,0.0,0
2018-05-27 18:58:14.221,218.97,0.138058545864,0.0,0
2018-05-27 18:58:14.407,219.17,0.138058545864,0.0,0
2018-05-27 18:58:14.500,220.17,0.138058545864,0.0,0
2018-05-27 18:58:14.678,219.96,0.138058545864,0.0,0
2018-05-27 18:58:14.771,220.33,0.138058545864,0.0,0
2018-05-27 18:58:14.854,220.06,0.138058545864,0.0,0
2018-05-27 18:58:15.016,221.0,0.138058545864,0.0,0
2018-05-27 18:58:15.109,222.33,0.138058545864,0.0,0
2018-05-27 18:58:15.203,222.27,0.138058545864,0.0,0
2018-05-27 18:58:15.296,222.12,0.138058545864,0.0,0
2018-05-27 18:58:15.389,221.75,0.138058545864,0.0,0
2018-05-27 18:58:15.482,221.88,0.138058545864,0.0,0
2018-05-27 18:58:15.575,222.99,0.138058545864,0.0,0
2018-05-27 18:58:15.669,223.36,0.138058545864,0.0,0
2018-05-27 18:58:15.752,223.39,0.138058545864,0.0,0
2018-05-27 18:58:15.845,223.86,0.138058545864,0.0,0
2018-05-27 18:58:16.007,222.74,0.138058545864,0.0,0
2018-05-27 18:58:16.100,222.11,0.138058545864,0.0,0
2018-05-27 18:58:16.286,223.19,0.138058545864,0.0,0
2018-05-27 18:58:16.473,223.82,0.138058545864,0.0,0
2018-05-27 18:58:16.566,223.42,0.138058545864,0.0,0
2018-05-27 18:58:16.659,223.81,0.138058545864,0.0,0
2018-05-27 18:58:16.743,224.85,0.138058545864,0.0,0
2018-05-27 18:58:16.836,224.41,0.138058545864,0.0,0
2018-05-27 18:58:16.929,224.27,0.138058545864,0.0,0
2018-05-27 18:58:17.091,224.56,0.138058545864,0.0,0
2018-05-27 18:58:17.184,224.24,0.138058545864,0.0,0
2018-05-27 18:58:17.277,225.0,0.138058545864,0.0,0
2018-05-27 18:58:17.370,226.29,0.138058545864,0.0,0
2018-05-27 18:58:17.464,225.78,0.138058545864,0.0,0
2018-05-27 18:58:17.557,225.23,0.138058545864,0.0,0
2018-05-27 18:58:17.650,224.93,0.138058545864,0.0,0
2018-05-27 18:58:17.827,225.55,0.138058545864,0.0,0
2018-05-27 18:58:18.072,226.6,0.138058545864,0.0,0
2018-05-27 18:58:18.249,225.23,0.138058545864,0.0,0
2018-05-27 18:58:18.436,226.81,0.138058545864,0.0,0
2018-05-27 18:58:18.529,227.2,0.138058545864,0.0,0
2018-05-27 18:58:18.790,225.79,0.138058545864,0.0,0
2018-05-27 18:58:19.138,226.04,0.138058545864,0.0,0
2018-05-27 18:58:19.324,227.53,0.138058545864,0.0,0
2018-05-27 18:58:19.418,228.21,0.138058545864,0.0,0
2018-05-27 18:58:19.501,226.46,0.138058545864,0.0,0
2018-05-27 18:58:19.687,226.65,0.138058545864,0.0,0
2018-05-27 18:58:19.771,227.44,0.138058545864,0.0,0
2018-05-27 18:58:19.864,227.78,0.138058545864,0.0,0
2018-05-27 18:58:20.026,227.15,0.138058545864,0.0,0
2018-05-27 18:58:20.119,227.41,0.138058545864,0.0,0
2018-05-27 18:58:20.212,227.53,0.138058545864,0.0,0
2018-05-27 18:58:20.306,226.96,0.138058545864,0.0,0
2018-05-27 18:58:20.389,227.92,0.138058545864,0.0,0
2018-05-27 18:58:20.575,226.77,0.138058545864,0.0,0
2018-05-27 18:58:20.669,228.37,0.138058545864,0.0,0
2018-05-27 18:58:20.752,229.27,0.138058545864,0.0,0
2018-05-27 18:58:20.846,228.43,0.138058545864,0.0,0
2018-05-27 18:58:21.007,229.28,0.138058545864,0.0,0
2018-05-27 18:58:21.184,228.34,0.138058545864,0.0,0
2018-05-27 18:58:21.277,229.69,0.138058545864,0.0,0
2018-05-27 18:58:21.371,229.65,0.138058545864,0.0,0
2018-05-27 18:58:21.464,229.85,0.138058545864,0.0,0
2018-05-27 18:58:21.557,230.15,0.138058545864,0.0,0
2018-05-27 18:58:21.650,230.06,0.138058545864,0.0,0
2018-05-27 18:58:21.734,228.38,0.138058545864,0.0,0
2018-05-27 18:58:21.827,228.53,0.138058545864,0.0,0
2018-05-27 18:58:21.916,229.22,0.138058545864,0.0,0
2018-05-27 18:58:22.250,230.04,0.138058545864,0.0,0
2018-05-27 18:58:22.343,230.88,0.138058545864,0.0,0
2018-05-27 18:58:22.436,231.3,0.138058545864,0.0,0
2018-05-27 18:58:22.529,231.22,0.138058545864,0.0,0
2018-05-27 18:58:22.622,231.14,0.138058545864,0.0,0
2018-05-27 18:58:22.706,229.71,0.138058545864,0.0,0
2018-05-27 18:58:22.800,230.04,0.138058545864,0.0,0
2018-05-27 18:58:22.883,231.56,0.138058545864,0.0,0
2018-05-27 18:58:23.417,231.19,0.138058545864,0.0,0
2018-05-27 18:58:23.511,229.98,0.138058545864,0.0,0
2018-05-27 18:58:23.604,229.8,0.138058545864,0.0,0
2018-05-27 18:58:23.687,229.61,0.138058545864,0.0,0
2018-05-27 18:58:23.781,229.57,0.138058545864,0.0,0
2018-05-27 18:58:23.874,229.94,0.138058545864,0.0,0
2018-05-27 18:58:24.036,230.51,0.138058545864,0.0,0
2018-05-27 18:58:24.129,230.5,0.138058545864,0.0,0
2018-05-27 18:58:24.222,230.29,0.138058545864,0.0,0
2018-05-27 18:58:24.315,230.47,0.138058545864,0.0,0
2018-05-27 18:58:24.595,228.95,0.138058545864,0.0,0
2018-05-27 18:58:24.679,228.47,0.138058545864,0.0,0
2018-05-27 18:58:24.771,228.54,0.138058545864,0.0,0
2018-05-27 18:58:24.865,228.88,0.138058545864,0.0,0
2018-05-27 18:58:25.120,228.59,0.138058545864,0.0,0
2018-05-27 18:58:25.213,227.76,0.138058545864,0.0,0
2018-05-27 18:58:25.399,226.84,0.138058545864,0.0,0
2018-05-27 18:58:25.585,226.33,0.138058545864,0.0,0
2018-05-27 18:58:25.762,226.02,0.138058545864,0.0,0
2018-05-27 18:58:26.017,224.8,0.138058545864,0.0,0
2018-05-27 18:58:26.110,224.88,0.138058545864,0.0,0
2018-05-27 18:58:26.297,226.32,0.138058545864,0.0,0
2018-05-27 18:58:26.390,225.5,0.138058545864,0.0,0
2018-05-27 18:58:26.483,224.99,0.138058545864,0.0,0
2018-05-27 18:58:26.576,223.93,0.138058545864,0.0,0
2018-05-27 18:58:26.670,224.12,0.138058545864,0.0,0
2018-05-27 18:58:27.008,223.91,0.138058545864,0.0,0
2018-05-27 18:58:27.101,223.99,0.138058545864,0.0,0
2018-05-27 18:58:27.194,223.97,0.138058545864,0.0,0
2018-05-27 18:58:27.287,224.91,0.138058545864,0.0,0
2018-05-27 18:58:27.380,224.88,0.138058545864,0.0,0
2018-05-27 18:58:27.567,223.66,0.138058545864,0.0,0
2018-05-27 18:58:27.930,224.04,0.138058545864,0.0,0
2018-05-27 18:58:28.092,224.04,0.138058545864,0.0,0
2018-05-27 18:58:28.185,224.31,0.138058545864,0.0,0
2018-05-27 18:58:28.278,225.49,0.138058545864,0.0,0
2018-05-27 18:58:28.464,225.4,0.138058545864,0.0,0
2018-05-27 18:58:28.557,224.33,0.138058545864,0.0,0
2018-05-27 18:58:28.651,224.81,0.138058545864,0.0,0
2018-05-27 18:58:28.734,226.15,0.138058545864,0.0,0
2018-05-27 18:58:28.916,226.04,0.138058545864,0.0,0
2018-05-27 18:58:29.157,225.42,0.138058545864,0.0,0
2018-05-27 18:58:29.250,225.14,0.138058545864,0.0,0
2018-05-27 18:58:29.343,226.11,0.138058545864,0.0,0
2018-05-27 18:58:29.520,225.38,0.138058545864,0.0,0
2018-05-27 18:58:29.613,225.25,0.138058545864,0.0,0
2018-05-27 18:58:29.697,224.53,0.138058545864,0.0,0
2018-05-27 18:58:29.883,225.06,0.138058545864,0.0,0
2018-05-27 18:58:30.045,225.06,0.138058545864,0.0,0
2018-05-27 18:58:30.138,225.57,0.138058545864,0.0,0
2018-05-27 18:58:30.232,225.95,0.138058545864,0.0,0
2018-05-27 18:58:30.418,225.16,0.138058545864,0.0,0
2018-05-27 18:58:30.502,225.98,0.138058545864,0.0,0
2018-05-27 18:58:30.595,225.69,0.138058545864,0.0,0
2018-05-27 18:58:30.688,226.2,0.138058545864,0.0,0
2018-05-27 18:58:30.772,224.45,0.138058545864,0.0,0
2018-05-27 18:58:30.865,226.04,0.138058545864,0.0,0
2018-05-27 18:58:31.027,225.71,0.138058545864,0.0,0
2018-05-27 18:58:31.213,223.62,0.138058545864,0.0,0
2018-05-27 18:58:31.306,223.95,0.138058545864,0.0,0
2018-05-27 18:58:31.418,223.77,0.138058545864,0.0,0
2018-05-27 18:58:31.511,225.35,0.138058545864,0.0,0
2018-05-27 18:58:31.605,224.98,0.138058545864,0.0,0
2018-05-27 18:58:31.688,223.1,0.138058545864,0.0,0
2018-05-27 18:58:31.781,224.13,0.138058545864,0.0,0
2018-05-27 18:58:32.036,224.34,0.138058545864,0.0,0
2018-05-27 18:58:32.129,222.85,0.138058545864,0.0,0
2018-05-27 18:58:32.223,223.24,0.138058545864,0.0,0
2018-05-27 18:58:32.316,222.84,0.138058545864,0.0,0
2018-05-27 18:58:32.409,224.43,0.138058545864,0.0,0
2018-05-27 18:58:32.502,224.34,0.138058545864,0.0,0
2018-05-27 18:58:32.679,224.06,0.138058545864,0.0,0
2018-05-27 18:58:32.772,223.96,0.138058545864,0.0,0
2018-05-27 18:58:32.865,223.31,0.138058545864,0.0,0
2018-05-27 18:58:33.027,222.05,0.138058545864,0.0,0
2018-05-27 18:58:33.120,222.28,0.138058545864,0.0,0
2018-05-27 18:58:33.306,223.74,0.138058545864,0.0,0
2018-05-27 18:58:33.399,223.51,0.138058545864,0.0,0
2018-05-27 18:58:33.493,222.09,0.138058545864,0.0,0
2018-05-27 18:58:33.586,222.68,0.138058545864,0.0,0
2018-05-27 18:58:33.679,222.42,0.138058545864,0.0,0
2018-05-27 18:58:33.763,221.54,0.138058545864,0.0,0
2018-05-27 18:58:33.856,221.81,0.138058545864,0.0,0
2018-05-27 18:58:34.018,222.37,0.138058545864,0.0,0
2018-05-27 18:58:34.111,223.4,0.138058545864,0.0,0
2018-05-27 18:58:34.297,222.86,0.138058545864,0.0,0
2018-05-27 18:58:34.483,223.02,0.138058545864,0.0,0
2018-05-27 18:58:34.670,224.17,0.138058545864,0.0,0
2018-05-27 18:58:34.754,223.12,0.138058545864,0.0,0
2018-05-27 18:58:34.847,224.31,0.138058545864,0.0,0
2018-05-27 18:58:35.008,224.61,0.138058545864,0.0,0
2018-05-27 18:58:35.102,223.84,0.138058545864,0.0,0
2018-05-27 18:58:35.195,222.43,0.138058545864,0.0,0
2018-05-27 18:58:35.288,224.51,0.138058545864,0.0,0
2018-05-27 18:58:35.381,224.21,0.138058545864,0.0,0
2018-05-27 18:58:35.474,225.28,0.138058545864,0.0,0
2018-05-27 18:58:35.567,225.37,0.138058545864,0.0,0
2018-05-27 18:58:35.651,223.83,0.138058545864,0.0,0
2018-05-27 18:58:35.744,224.3,0.138058545864,0.0,0
2018-05-27 18:58:35.931,225.67,0.138058545864,0.0,0
2018-05-27 18:58:36.092,225.02,0.138058545864,0.0,0
2018-05-27 18:58:36.279,224.55,0.138058545864,0.0,0
2018-05-27 18:58:36.465,225.26,0.138058545864,0.0,0
2018-05-27 18:58:36.558,225.7,0.138058545864,0.0,0
2018-05-27 18:58:36.735,224.41,0.138058545864,0.0,0
2018-05-27 18:58:36.819,225.24,0.138058545864,0.0,0
2018-05-27 18:58:37.065,226.15,0.138058545864,0.0,0
2018-05-27 18:58:37.158,225.72,0.138058545864,0.0,0
2018-05-27 18:58:37.251,225.33,0.138058545864,0.0,0
2018-05-27 18:58:37.344,225.06,0.138058545864,0.0,0
2018-05-27 18:58:37.428,226.71,0.138058545864,0.0,0
2018-05-27 18:58:37.521,226.0,0.138058545864,0.0,0
2018-05-27 18:58:37.614,225.25,0.138058545864,0.0,0
2018-05-27 18:58:37.698,226.83,0.138058545864,0.0,0
2018-05-27 18:58:37.791,227.05,0.138058545864,0.0,0
2018-05-27 18:58:37.884,226.84,0.138058545864,0.0,0
2018-05-27 18:58:38.046,226.32,0.138058545864,0.0,0
2018-05-27 18:58:38.139,225.12,0.138058545864,0.0,0
2018-05-27 18:58:38.232,225.85,0.138058545864,0.0,0
2018-05-27 18:58:38.316,226.54,0.138058545864,0.0,0
2018-05-27 18:58:38.409,226.77,0.138058545864,0.0,0
2018-05-27 18:58:38.502,225.79,0.138058545864,0.0,0
2018-05-27 18:58:38.595,225.59,0.138058545864,0.0,0
2018-05-27 18:58:38.772,227.34,0.138058545864,0.0,0
2018-05-27 18:58:39.027,226.64,0.138058545864,0.0,0
2018-05-27 18:58:39.121,225.81,0.138058545864,0.0,0
2018-05-27 18:58:39.214,226.85,0.138058545864,0.0,0
2018-05-27 18:58:39.298,228.43,0.138058545864,0.0,0
2018-05-27 18:58:39.391,228.53,0.138058545864,0.0,0
2018-05-27 18:58:39.484,227.71,0.138058545864,0.0,0
2018-05-27 18:58:39.577,227.34,0.138058545864,0.0,0
2018-05-27 18:58:39.661,229.03,0.138058545864,0.0,0
2018-05-27 18:58:39.754,228.75,0.138058545864,0.0,0
2018-05-27 18:58:39.838,227.85,0.138058545864,0.0,0
2018-05-27 18:58:39.931,228.06,0.138058545864,0.0,0
2018-05-27 18:58:40.093,227.6,0.138058545864,0.0,0
2018-05-27 18:58:40.176,228.02,0.138058545864,0.0,0
2018-05-27 18:58:40.270,227.89,0.138058545864,0.0,0
2018-05-27 18:58:40.363,228.15,0.138058545864,0.0,0
2018-05-27 18:58:40.456,227.04,0.138058545864,0.0,0
2018-05-27 18:58:40.549,228.71,0.138058545864,0.0,0
2018-05-27 18:58:40.642,229.1,0.138058545864,0.0,0
2018-05-27 18:58:40.903,228.53,0.138058545864,0.0,0
2018-05-27 18:58:41.065,228.99,0.138058545864,0.0,0
2018-05-27 18:58:41.158,229.49,0.138058545864,0.0,0
2018-05-27 18:58:41.344,230.55,0.138058545864,0.0,0
2018-05-27 18:58:41.437,230.21,0.138058545864,0.0,0
2018-05-27 18:58:41.698,230.5,0.138058545864,0.0,0
2018-05-27 18:58:41.791,229.72,0.138058545864,0.0,0
2018-05-27 18:58:42.139,229.75,0.138058545864,0.0,0
2018-05-27 18:58:42.232,229.44,0.138058545864,0.0,0
2018-05-27 18:58:42.326,229.07,0.138058545864,0.0,0
2018-05-27 18:58:42.512,229.82,0.138058545864,0.0,0
2018-05-27 18:58:42.605,229.84,0.138058545864,0.0,0
2018-05-27 18:58:42.689,231.4,0.138058545864,0.0,0
2018-05-27 18:58:42.782,231.6,0.138058545864,0.0,0
2018-05-27 18:58:43.130,231.14,0.138058545864,0.0,0
2018-05-27 18:58:43.223,231.79,0.138058545864,0.0,0
2018-05-27 18:58:43.419,229.96,0.138058545864,0.0,0
2018-05-27 18:58:43.512,229.34,0.138058545864,0.0,0
2018-05-27 18:58:43.605,229.14,0.138058545864,0.0,0
2018-05-27 18:58:43.680,229.12,0.138058545864,0.0,0
2018-05-27 18:58:43.782,229.69,0.138058545864,0.0,0
2018-05-27 18:58:43.875,228.72,0.138058545864,0.0,0
2018-05-27 18:58:44.130,227.79,0.138058545864,0.0,0
2018-05-27 18:58:44.223,227.26,0.138058545864,0.0,0
2018-05-27 18:58:44.316,227.38,0.138058545864,0.0,0
2018-05-27 18:58:44.503,226.8,0.138058545864,0.0,0
2018-05-27 18:58:44.596,226.81,0.138058545864,0.0,0
2018-05-27 18:58:44.680,225.19,0.138058545864,0.0,0
2018-05-27 18:58:44.866,224.62,0.138058545864,0.0,0
2018-05-27 18:58:45.028,224.79,0.138058545864,0.0,0
2018-05-27 18:58:45.121,225.87,0.138058545864,0.0,0
2018-05-27 18:58:45.214,225.29,0.138058545864,0.0,0
2018-05-27 18:58:45.307,224.2,0.138058545864,0.0,0
2018-05-27 18:58:45.400,221.91,0.138058545864,0.0,0
2018-05-27 18:58:45.494,223.65,0.138058545864,0.0,0
2018-05-27 18:58:45.587,222.66,0.138058545864,0.0,0
2018-05-27 18:58:45.680,223.82,0.138058545864,0.0,0
2018-05-27 18:58:45.764,222.5,0.138058545864,0.0,0
2018-05-27 18:58:45.857,222.29,0.138058545864,0.0,0
2018-05-27 18:58:46.019,222.95,0.138058545864,0.0,0
2018-05-27 18:58:46.112,223.21,0.138058545864,0.0,0
2018-05-27 18:58:46.298,222.13,0.138058545864,0.0,0
2018-05-27 18:58:46.391,221.62,0.138058545864,0.0,0
2018-05-27 18:58:46.484,222.76,0.138058545864,0.0,0
2018-05-27 18:58:46.577,221.98,0.138058545864,0.0,0
2018-05-27 18:58:46.661,222.62,0.138058545864,0.0,0
2018-05-27 18:58:46.754,222.42,0.138058545864,0.0,0
2018-05-27 18:58:47.009,221.17,0.138058545864,0.0,0
2018-05-27 18:58:47.103,221.3,0.138058545864,0.0,0
2018-05-27 18:58:47.196,221.72,0.138058545864,0.0,0
2018-05-27 18:58:47.289,221.49,0.138058545864,0.0,0
2018-05-27 18:58:47.382,220.15,0.138058545864,0.0,0
2018-05-27 18:58:47.475,220.42,0.138058545864,0.0,0
2018-05-27 18:58:47.568,222.25,0.138058545864,0.0,0
2018-05-27 18:58:47.652,221.4,0.138058545864,0.0,0
2018-05-27 18:58:47.745,220.99,0.138058545864,0.0,0
2018-05-27 18:58:47.838,222.08,0.138058545864,0.0,0
2018-05-27 18:58:48.000,221.85,0.138058545864,0.0,0
2018-05-27 18:58:48.093,220.68,0.138058545864,0.0,0
2018-05-27 18:58:48.186,221.29,0.138058545864,0.0,0
2018-05-27 18:58:48.279,222.41,0.138058545864,0.0,0
2018-05-27 18:58:48.373,223.71,0.138058545864,0.0,0
2018-05-27 18:58:48.466,222.79,0.138058545864,0.0,0
2018-05-27 18:58:48.559,221.46,0.138058545864,0.0,0
2018-05-27 18:58:48.653,222.2,0.138058545864,0.0,0
2018-05-27 18:58:48.736,222.48,0.138058545864,0.0,0
2018-05-27 18:58:48.829,222.69,0.138058545864,0.0,0
2018-05-27 18:58:48.917,223.76,0.138058545864,0.0,0
2018-05-27 18:58:49.345,224.05,0.138058545864,0.0,0
2018-05-27 18:58:49.531,223.96,0.138058545864,0.0,0
2018-05-27 18:58:49.708,223.8,0.138058545864,0.0,0
2018-05-27 18:58:49.894,223.59,0.138058545864,0.0,0
2018-05-27 18:58:50.056,224.8,0.138058545864,0.0,0
2018-05-27 18:58:50.149,225.26,0.138058545864,0.0,0
2018-05-27 18:58:50.242,225.16,0.138058545864,0.0,0
2018-05-27 18:58:50.335,223.02,0.138058545864,0.0,0
2018-05-27 18:58:50.429,223.27,0.138058545864,0.0,0
2018-05-27 18:58:50.783,223.72,0.138058545864,0.0,0
2018-05-27 18:58:50.876,221.81,0.138058545864,0.0,0
2018-05-27 18:58:51.224,223.23,0.138058545864,0.0,0
2018-05-27 18:58:51.317,221.69,0.138058545864,0.0,0
2018-05-27 18:58:51.494,222.1,0.138058545864,0.0,0
2018-05-27 18:58:51.680,220.75,0.138058545864,0.0,0
2018-05-27 18:58:51.774,220.99,0.138058545864,0.0,0
2018-05-27 18:58:51.866,221.87,0.138058545864,0.0,0
2018-05-27 18:58:52.121,218.7,0.138058545864,0.0,0
2018-05-27 18:58:52.215,218.63,0.138058545864,0.0,0
2018-05-27 18:58:52.298,217.69,0.138058545864,0.0,0
2018-05-27 18:58:52.391,218.11,0.138058545864,0.0,0
2018-05-27 18:58:52.485,219.64,0.138058545864,0.0,0
2018-05-27 18:58:52.578,218.74,0.138058545864,0.0,0
2018-05-27 18:58:52.671,218.15,0.138058545864,0.0,0
2018-05-27 18:58:52.755,218.17,0.138058545864,0.0,0
2018-05-27 18:58:52.848,218.3,0.138058545864,0.0,0
2018-05-27 18:58:53.010,218.41,0.138058545864,0.0,0
2018-05-27 18:58:53.187,219.07,0.138058545864,0.0,0
2018-05-27 18:58:53.280,219.18,0.138058545864,0.0,0
2018-05-27 18:58:53.373,217.47,0.138058545864,0.0,0
2018-05-27 18:58:53.466,217.98,0.138058545864,0.0,0
2018-05-27 18:58:53.559,219.1,0.138058545864,0.0,0
2018-05-27 18:58:53.652,217.4,0.138058545864,0.0,0
2018-05-27 18:58:53.829,217.75,0.138058545864,0.0,0
2018-05-27 18:58:53.918,218.35,0.138058545864,0.0,0
2018-05-27 18:58:54.075,217.22,0.138058545864,0.0,0
2018-05-27 18:58:54.159,219.61,0.138058545864,0.0,0
2018-05-27 18:58:54.252,218.51,0.138058545864,0.0,0
2018-05-27 18:58:54.345,218.94,0.138058545864,0.0,0
2018-05-27 18:58:54.438,220.13,0.138058545864,0.0,0
2018-05-27 18:58:54.531,219.5,0.138058545864,0.0,0
2018-05-27 18:58:54.624,218.77,0.138058545864,0.0,0
2018-05-27 18:58:54.708,219.91,0.138058545864,0.0,0
2018-05-27 18:58:54.802,219.1,0.138058545864,0.0,0
2018-05-27 18:58:54.885,220.13,0.138058545864,0.0,0
2018-05-27 18:58:55.047,219.3,0.138058545864,0.0,0
2018-05-27 18:58:55.140,220.17,0.138058545864,0.0,0
2018-05-27 18:58:55.233,221.57,0.138058545864,0.0,0
2018-05-27 18:58:55.327,221.8,0.138058545864,0.0,0
2018-05-27 18:58:55.420,219.54,0.138058545864,0.0,0
2018-05-27 18:58:55.513,220.38,0.138058545864,0.0,0
2018-05-27 18:58:55.606,221.57,0.138058545864,0.0,0
2018-05-27 18:58:55.690,221.21,0.138058545864,0.0,0
2018-05-27 18:58:55.876,222.82,0.138058545864,0.0,0
2018-05-27 18:58:56.038,222.9,0.138058545864,0.0,0
2018-05-27 18:58:56.131,221.87,0.138058545864,0.0,0
2018-05-27 18:58:56.224,221.86,0.138058545864,0.0,0
2018-05-27 18:58:56.410,223.32,0.138058545864,0.0,0
2018-05-27 18:58:56.503,223.47,0.138058545864,0.0,0
2018-05-27 18:58:56.597,222.13,0.138058545864,0.0,0
2018-05-27 18:58:56.774,223.33,0.138058545864,0.0,0
2018-05-27 18:58:56.867,222.61,0.138058545864,0.0,0
2018-05-27 18:58:57.029,223.62,0.138058545864,0.0,0
2018-05-27 18:58:57.122,223.44,0.138058545864,0.0,0
2018-05-27 18:58:57.215,224.57,0.138058545864,0.0,0
2018-05-27 18:58:57.308,224.66,0.138058545864,0.0,0
2018-05-27 18:58:57.401,224.08,0.138058545864,0.0,0
2018-05-27 18:58:57.494,222.82,0.138058545864,0.0,0
2018-05-27 18:58:57.681,224.23,0.138058545864,0.0,0
2018-05-27 18:58:57.774,225.28,0.138058545864,0.0,0
2018-05-27 18:58:57.867,225.54,0.138058545864,0.0,0
2018-05-27 18:58:58.019,224.04,0.138058545864,0.0,0
2018-05-27 18:58:58.112,224.46,0.138058545864,0.0,0
2018-05-27 18:58:58.196,223.66,0.138058545864,0.0,0
2018-05-27 18:58:58.289,224.42,0.138058545864,0.0,0
2018-05-27 18:58:58.383,224.71,0.138058545864,0.0,0
2018-05-27 18:58:58.476,225.97,0.138058545864,0.0,0
2018-05-27 18:58:58.569,225.66,0.138058545864,0.0,0
2018-05-27 18:58:58.653,224.34,0.138058545864,0.0,0
2018-05-27 18:58:58.746,224.72,0.138058545864,0.0,0
2018-05-27 18:58:58.839,226.21,0.138058545864,0.0,0
2018-05-27 18:58:59.094,226.36,0.138058545864,0.0,0
2018-05-27 18:58:59.187,225.01,0.138058545864,0.0,0
2018-05-27 18:58:59.373,225.85,0.138058545864,0.0,0
2018-05-27 18:58:59.467,225.34,0.138058545864,0.0,0
2018-05-27 18:58:59.560,225.59,0.138058545864,0.0,0
2018-05-27 18:58:59.653,227.07,0.138058545864,0.0,0
2018-05-27 18:58:59.737,225.83,0.138058545864,0.0,0
2018-05-27 18:58:59.830,225.12,0.138058545864,0.0,0
2018-05-27 18:59:00.252,227.24,0.138058545864,0.0,0
2018-05-27 18:59:00.345,226.37,0.138058545864,0.0,0
2018-05-27 18:59:00.522,227.81,0.138058545864,0.0,0
2018-05-27 18:59:00.699,225.96,0.138058545864,0.0,0
2018-05-27 18:59:00.793,226.71,0.138058545864,0.0,0
2018-05-27 18:59:01.141,227.53,0.138058545864,0.0,0
2018-05-27 18:59:01.327,227.37,0.138058545864,0.0,0
2018-05-27 18:59:01.420,227.11,0.138058545864,0.0,0
2018-05-27 18:59:01.504,228.21,0.138058545864,0.0,0
2018-05-27 18:59:01.681,227.54,0.138058545864,0.0,0
2018-05-27 18:59:01.774,226.81,0.138058545864,0.0,0
2018-05-27 18:59:02.401,228.32,0.138058545864,0.0,0
2018-05-27 18:59:02.495,228.34,0.138058545864,0.0,0
2018-05-27 18:59:02.588,227.7,0.138058545864,0.0,0
2018-05-27 18:59:02.681,227.42,0.138058545864,0.0,0
2018-05-27 18:59:02.774,227.5,0.138058545864,0.0,0
2018-05-27 18:59:03.029,228.62,0.138058545864,0.0,0
2018-05-27 18:59:03.122,228.94,0.138058545864,0.0,0
2018-05-27 18:59:03.215,228.44,0.138058545864,0.0,0
2018-05-27 18:59:03.308,228.97,0.138058545864,0.0,0
2018-05-27 18:59:03.402,228.83,0.138058545864,0.0,0
2018-05-27 18:59:03.579,228.26,0.138058545864,0.0,0
2018-05-27 18:59:03.755,230.0,0.138058545864,0.0,0
2018-05-27 18:59:03.849,229.97,0.138058545864,0.0,0
2018-05-27 18:59:04.010,229.47,0.138058545864,0.0,0
2018-05-27 18:59:04.104,229.36,0.138058545864,0.0,0
2018-05-27 18:59:04.197,228.82,0.138058545864,0.0,0
2018-05-27 18:59:04.281,228.09,0.138058545864,0.0,0
2018-05-27 18:59:04.374,228.64,0.138058545864,0.0,0
2018-05-27 18:59:04.467,229.58,0.138058545864,0.0,0
2018-05-27 18:59:04.560,228.86,0.138058545864,0.0,0
2018-05-27 18:59:04.653,229.33,0.138058545864,0.0,0
2018-05-27 18:59:04.746,227.82,0.138058545864,0.0,0
2018-05-27 18:59:04.839,227.77,0.138058545864,0.0,0
2018-05-27 18:59:05.001,226.83,0.138058545864,0.0,0
2018-05-27 18:59:05.094,227.01,0.138058545864,0.0,0
2018-05-27 18:59:05.271,227.84,0.138058545864,0.0,0
2018-05-27 18:59:05.364,228.29,0.138058545864,0.0,0
2018-05-27 18:59:05.551,225.86,0.138058545864,0.0,0
2018-05-27 18:59:05.644,225.23,0.138058545864,0.0,0
2018-05-27 18:59:05.737,226.0,0.138058545864,0.0,0
2018-05-27 18:59:05.821,225.81,0.138058545864,0.0,0
2018-05-27 18:59:05.906,225.27,0.138058545864,0.0,0
2018-05-27 18:59:06.150,224.52,0.138058545864,0.0,0
2018-05-27 18:59:06.337,225.4,0.138058545864,0.0,0
2018-05-27 18:59:06.430,225.2,0.138058545864,0.0,0
2018-05-27 18:59:06.616,223.34,0.138058545864,0.0,0
2018-05-27 18:59:06.709,223.89,0.138058545864,0.0,0
2018-05-27 18:59:06.793,223.59,0.138058545864,0.0,0
2018-05-27 18:59:07.048,223.42,0.138058545864,0.0,0
2018-05-27 18:59:07.141,222.94,0.138058545864,0.0,0
2018-05-27 18:59:07.234,224.52,0.138058545864,0.0,0
2018-05-27 18:59:07.420,222.89,0.138058545864,0.0,0
2018-05-27 18:59:07.513,222.19,0.138058545864,0.0,0
2018-05-27 18:59:07.607,221.58,0.138058545864,0.0,0
2018-05-27 18:59:07.784,221.85,0.138058545864,0.0,0
2018-05-27 18:59:07.877,222.45,0.138058545864,0.0,0
2018-05-27 18:59:08.225,222.23,0.138058545864,0.0,0
2018-05-27 18:59:08.411,222.67,0.138058545864,0.0,0
2018-05-27 18:59:08.504,223.02,0.138058545864,0.0,0
2018-05-27 18:59:08.682,222.98,0.138058545864,0.0,0
2018-05-27 18:59:08.867,224.97,0.138058545864,0.0,0
2018-05-27 18:59:09.029,224.35,0.138058545864,0.0,0
2018-05-27 18:59:09.122,223.76,0.138058545864,0.0,0
2018-05-27 18:59:09.215,223.99,0.138058545864,0.0,0
2018-05-27 18:59:09.309,224.54,0.138058545864,0.0,0
2018-05-27 18:59:09.402,224.92,0.138058545864,0.0,0
2018-05-27 18:59:09.495,226.01,0.138058545864,0.0,0
2018-05-27 18:59:09.588,225.41,0.138058545864,0.0,0
2018-05-27 18:59:09.672,224.25,0.138058545864,0.0,0
2018-05-27 18:59:09.765,224.59,0.138058545864,0.0,0
2018-05-27 18:59:10.020,226.86,0.138058545864,0.0,0
2018-05-27 18:59:10.113,226.33,0.138058545864,0.0,0
2018-05-27 18:59:10.206,224.63,0.138058545864,0.0,0
2018-05-27 18:59:10.299,224.67,0.138058545864,0.0,0
2018-05-27 18:59:10.392,224.96,0.138058545864,0.0,0
2018-05-27 18:59:10.486,225.05,0.138058545864,0.0,0
2018-05-27 18:59:10.570,224.15,0.138058545864,0.0,0
2018-05-27 18:59:10.663,224.18,0.138058545864,0.0,0
2018-05-27 18:59:11.011,225.62,0.138058545864,0.0,0
2018-05-27 18:59:11.104,225.6,0.138058545864,0.0,0
2018-05-27 18:59:11.197,224.34,0.138058545864,0.0,0
2018-05-27 18:59:11.383,223.89,0.138058545864,0.0,0
2018-05-27 18:59:11.476,223.76,0.138058545864,0.0,0
2018-05-27 18:59:11.664,224.33,0.138058545864,0.0,0
2018-05-27 18:59:11.747,222.98,0.138058545864,0.0,0
2018-05-27 18:59:11.840,224.1,0.138058545864,0.0,0
2018-05-27 18:59:12.002,224.25,0.138058545864,0.0,0
2018-05-27 18:59:12.095,224.23,0.138058545864,0.0,0
2018-05-27 18:59:12.188,222.32,0.138058545864,0.0,0
2018-05-27 18:59:12.281,223.17,0.138058545864,0.0,0
2018-05-27 18:59:12.374,223.02,0.138058545864,0.0,0
2018-05-27 18:59:12.467,224.28,0.138058545864,0.0,0
2018-05-27 18:59:12.560,223.88,0.138058545864,0.0,0
2018-05-27 18:59:12.644,222.84,0.138058545864,0.0,0
2018-05-27 18:59:12.737,223.97,0.138058545864,0.0,0
2018-05-27 18:59:12.831,222.97,0.138058545864,0.0,0
2018-05-27 18:59:12.919,222.36,0.138058545864,0.0,0
2018-05-27 18:59:13.076,223.62,0.138058545864,0.0,0
2018-05-27 18:59:13.160,221.54,0.138058545864,0.0,0
2018-05-27 18:59:13.253,223.21,0.138058545864,0.0,0
2018-05-27 18:59:13.346,223.31,0.138058545864,0.0,0
2018-05-27 18:59:13.439,222.17,0.138058545864,0.0,0
2018-05-27 18:59:13.523,223.39,0.138058545864,0.0,0
2018-05-27 18:59:13.616,222.58,0.138058545864,0.0,0
2018-05-27 18:59:13.700,222.03,0.138058545864,0.0,0
2018-05-27 18:59:13.793,222.66,0.138058545864,0.0,0
2018-05-27 18:59:13.886,222.36,0.138058545864,0.0,0
2018-05-27 18:59:14.048,221.0,0.138058545864,0.0,0
2018-05-27 18:59:14.234,222.26,0.138058545864,0.0,0
2018-05-27 18:59:14.328,222.98,0.138058545864,0.0,0
2018-05-27 18:59:14.421,222.27,0.138058545864,0.0,0
2018-05-27 18:59:14.514,221.34,0.138058545864,0.0,0
2018-05-27 18:59:14.700,222.45,0.138058545864,0.0,0
2018-05-27 18:59:14.784,222.43,0.138058545864,0.0,0
2018-05-27 18:59:14.877,222.14,0.138058545864,0.0,0
2018-05-27 18:59:15.039,223.74,0.138058545864,0.0,0
2018-05-27 18:59:15.226,223.24,0.138058545864,0.0,0
2018-05-27 18:59:15.309,224.48,0.138058545864,0.0,0
2018-05-27 18:59:15.402,224.45,0.138058545864,0.0,0
2018-05-27 18:59:15.495,223.59,0.138058545864,0.0,0
2018-05-27 18:59:15.588,223.97,0.138058545864,0.0,0
2018-05-27 18:59:15.681,224.12,0.138058545864,0.0,0
2018-05-27 18:59:15.868,225.1,0.138058545864,0.0,0
2018-05-27 18:59:16.030,225.17,0.138058545864,0.0,0
2018-05-27 18:59:16.216,224.47,0.138058545864,0.0,0
2018-05-27 18:59:16.300,226.3,0.138058545864,0.0,0
2018-05-27 18:59:16.393,226.26,0.138058545864,0.0,0
2018-05-27 18:59:16.486,225.45,0.138058545864,0.0,0
2018-05-27 18:59:16.579,224.0,0.138058545864,0.0,0
2018-05-27 18:59:16.672,223.99,0.138058545864,0.0,0
2018-05-27 18:59:16.756,224.85,0.138058545864,0.0,0
2018-05-27 18:59:17.011,224.89,0.138058545864,0.0,0
2018-05-27 18:59:17.104,225.05,0.138058545864,0.0,0
2018-05-27 18:59:17.188,226.37,0.138058545864,0.0,0
2018-05-27 18:59:17.281,225.02,0.138058545864,0.0,0
2018-05-27 18:59:17.374,224.07,0.138058545864,0.0,0
2018-05-27 18:59:17.467,225.25,0.138058545864,0.0,0
2018-05-27 18:59:17.560,224.87,0.138058545864,0.0,0
2018-05-27 18:59:17.654,225.49,0.138058545864,0.0,0
2018-05-27 18:59:17.737,224.77,0.138058545864,0.0,0
2018-05-27 18:59:17.831,225.86,0.138058545864,0.0,0
2018-05-27 18:59:17.919,226.31,0.138058545864,0.0,0
2018-05-27 18:59:18.076,226.37,0.138058545864,0.0,0
2018-05-27 18:59:18.160,227.05,0.138058545864,0.0,0
2018-05-27 18:59:18.253,227.3,0.138058545864,0.0,0
2018-05-27 18:59:18.346,227.44,0.138058545864,0.0,0
2018-05-27 18:59:18.439,227.66,0.138058545864,0.0,0
2018-05-27 18:59:18.533,226.19,0.138058545864,0.0,0
2018-05-27 18:59:18.626,226.19,0.138058545864,0.0,0
2018-05-27 18:59:18.710,227.82,0.138058545864,0.0,0
2018-05-27 18:59:18.793,226.85,0.138058545864,0.0,0
2018-05-27 18:59:18.886,227.21,0.138058545864,0.0,0
2018-05-27 18:59:19.048,227.27,0.138058545864,0.0,0
2018-05-27 18:59:19.141,227.73,0.138058545864,0.0,0
2018-05-27 18:59:19.235,228.78,0.138058545864,0.0,0
2018-05-27 18:59:19.421,228.57,0.138058545864,0.0,0
2018-05-27 18:59:19.514,228.81,0.138058545864,0.0,0
2018-05-27 18:59:19.691,228.25,0.138058545864,0.0,0
2018-05-27 18:59:19.784,228.97,0.138058545864,0.0,0
2018-05-27 18:59:19.877,228.98,0.138058545864,0.0,0
2018-05-27 18:59:20.039,229.57,0.138058545864,0.0,0
2018-05-27 18:59:20.132,229.39,0.138058545864,0.0,0
2018-05-27 18:59:20.226,229.64,0.138058545864,0.0,0
2018-05-27 18:59:20.318,228.82,0.138058545864,0.0,0
2018-05-27 18:59:20.411,228.12,0.138058545864,0.0,0
2018-05-27 18:59:20.598,227.91,0.138058545864,0.0,0
2018-05-27 18:59:20.682,229.9,0.138058545864,0.0,0
2018-05-27 18:59:20.775,229.4,0.138058545864,0.0,0
2018-05-27 18:59:20.868,229.62,0.138058545864,0.0,0
2018-05-27 18:59:21.123,230.23,0.138058545864,0.0,0
2018-05-27 18:59:21.216,229.55,0.138058545864,0.0,0
2018-05-27 18:59:21.309,229.47,0.138058545864,0.0,0
2018-05-27 18:59:21.495,230.1,0.138058545864,0.0,0
2018-05-27 18:59:21.589,229.42,0.138058545864,0.0,0
2018-05-27 18:59:21.682,228.66,0.138058545864,0.0,0
2018-05-27 18:59:21.868,229.47,0.138058545864,0.0,0
2018-05-27 18:59:22.216,230.11,0.138058545864,0.0,0
2018-05-27 18:59:22.309,230.01,0.138058545864,0.0,0
2018-05-27 18:59:22.402,229.59,0.138058545864,0.0,0
2018-05-27 18:59:22.495,229.71,0.138058545864,0.0,0
2018-05-27 18:59:22.589,229.88,0.138058545864,0.0,0
2018-05-27 18:59:22.682,230.17,0.138058545864,0.0,0
2018-05-27 18:59:22.776,230.45,0.138058545864,0.0,0
2018-05-27 18:59:22.859,230.6,0.138058545864,0.0,0
2018-05-27 18:59:23.021,231.15,0.138058545864,0.0,0
2018-05-27 18:59:23.114,231.21,0.138058545864,0.0,0
2018-05-27 18:59:23.207,231.38,0.138058545864,0.0,0
2018-05-27 18:59:23.300,231.28,0.138058545864,0.0,0
2018-05-27 18:59:23.393,231.27,0.138058545864,0.0,0
2018-05-27 18:59:23.486,231.39,0.138058545864,0.0,0
2018-05-27 18:59:23.571,231.3,0.138058545864,0.0,0
2018-05-27 18:59:23.663,230.77,0.138058545864,0.0,0
2018-05-27 18:59:23.747,230.08,0.138058545864,0.0,0
2018-05-27 18:59:23.840,230.41,0.138058545864,0.0,0
2018-05-27 18:59:24.095,229.08,0.138058545864,0.0,0
2018-05-27 18:59:24.188,229.33,0.138058545864,0.0,0
2018-05-27 18:59:24.281,228.04,0.138058545864,0.0,0
2018-05-27 18:59:24.374,227.9,0.138058545864,0.0,0
2018-05-27 18:59:24.468,227.97,0.138058545864,0.0,0
2018-05-27 18:59:24.738,226.91,0.138058545864,0.0,0
2018-05-27 18:59:24.905,225.13,0.138058545864,0.0,0
2018-05-27 18:59:25.067,224.35,0.138058545864,0.0,0
2018-05-27 18:59:25.160,224.4,0.138058545864,0.0,0
2018-05-27 18:59:25.253,224.81,0.138058545864,0.0,0
2018-05-27 18:59:25.347,224.17,0.138058545864,0.0,0
2018-05-27 18:59:25.440,223.15,0.138058545864,0.0,0
2018-05-27 18:59:25.533,221.96,0.138058545864,0.0,0
2018-05-27 18:59:25.626,222.39,0.138058545864,0.0,0
2018-05-27 18:59:25.710,222.35,0.138058545864,0.0,0
2018-05-27 18:59:25.803,221.82,0.138058545864,0.0,0
2018-05-27 18:59:25.896,221.75,0.138058545864,0.0,0
2018-05-27 18:59:26.058,223.22,0.138058545864,0.0,0
2018-05-27 18:59:26.151,223.0,0.138058545864,0.0,0
2018-05-27 18:59:26.244,221.31,0.138058545864,0.0,0
2018-05-27 18:59:26.337,221.5,0.138058545864,0.0,0
2018-05-27 18:59:26.421,222.74,0.138058545864,0.0,0
2018-05-27 18:59:26.514,221.26,0.138058545864,0.0,0
2018-05-27 18:59:26.700,221.27,0.138058545864,0.0,0
2018-05-27 18:59:26.877,220.22,0.138058545864,0.0,0
2018-05-27 18:59:27.039,220.96,0.138058545864,0.0,0
2018-05-27 18:59:27.132,220.23,0.138058545864,0.0,0
2018-05-27 18:59:27.309,220.08,0.138058545864,0.0,0
2018-05-27 18:59:27.402,219.22,0.138058545864,0.0,0
2018-05-27 18:59:27.496,219.84,0.138058545864,0.0,0
2018-05-27 18:59:27.589,220.52,0.138058545864,0.0,0
2018-05-27 18:59:27.682,219.87,0.138058545864,0.0,0
2018-05-27 18:59:27.775,218.86,0.138058545864,0.0,0
2018-05-27 18:59:27.868,219.52,0.138058545864,0.0,0
2018-05-27 18:59:28.030,220.55,0.138058545864,0.0,0
2018-05-27 18:59:28.123,219.79,0.138058545864,0.0,0
2018-05-27 18:59:28.217,219.15,0.138058545864,0.0,0
2018-05-27 18:59:28.300,220.04,0.138058545864,0.0,0
2018-05-27 18:59:28.393,219.47,0.138058545864,0.0,0
2018-05-27 18:59:28.486,220.25,0.138058545864,0.0,0
2018-05-27 18:59:28.580,221.6,0.138058545864,0.0,0
2018-05-27 18:59:28.673,221.17,0.138058545864,0.0,0
2018-05-27 18:59:28.756,222.18,0.138058545864,0.0,0
2018-05-27 18:59:28.850,222.21,0.138058545864,0.0,0
2018-05-27 18:59:29.011,220.7,0.138058545864,0.0,0
2018-05-27 18:59:29.105,221.62,0.138058545864,0.0,0
2018-05-27 18:59:29.188,222.15,0.138058545864,0.0,0
2018-05-27 18:59:29.281,221.2,0.138058545864,0.0,0
2018-05-27 18:59:29.375,221.99,0.138058545864,0.0,0
2018-05-27 18:59:29.738,223.28,0.138058545864,0.0,0
2018-05-27 18:59:29.831,224.18,0.138058545864,0.0,0
2018-05-27 18:59:29.920,222.62,0.138058545864,0.0,0
2018-05-27 18:59:30.160,222.81,0.138058545864,0.0,0
2018-05-27 18:59:30.347,223.74,0.138058545864,0.0,0
2018-05-27 18:59:30.440,222.64,0.138058545864,0.0,0
2018-05-27 18:59:30.626,221.56,0.138058545864,0.0,0
2018-05-27 18:59:30.710,221.49,0.138058545864,0.0,0
2018-05-27 18:59:30.803,220.38,0.138058545864,0.0,0
2018-05-27 18:59:31.058,220.91,0.138058545864,0.0,0
2018-05-27 18:59:31.151,220.8,0.138058545864,0.0,0
2018-05-27 18:59:31.244,218.38,0.138058545864,0.0,0
2018-05-27 18:59:31.337,218.52,0.138058545864,0.0,0
2018-05-27 18:59:31.430,219.3,0.138058545864,0.0,0
2018-05-27 18:59:31.524,218.14,0.138058545864,0.0,0
2018-05-27 18:59:31.617,218.46,0.138058545864,0.0,0
2018-05-27 18:59:31.794,218.44,0.138058545864,0.0,0
2018-05-27 18:59:31.878,217.39,0.138058545864,0.0,0
2018-05-27 18:59:32.039,217.51,0.138058545864,0.0,0
2018-05-27 18:59:32.132,219.29,0.138058545864,0.0,0
2018-05-27 18:59:32.226,218.24,0.138058545864,0.0,0
2018-05-27 18:59:32.505,218.93,0.138058545864,0.0,0
2018-05-27 18:59:32.682,218.27,0.138058545864,0.0,0
2018-05-27 18:59:32.775,216.84,0.138058545864,0.0,0
2018-05-27 18:59:32.868,217.7,0.138058545864,0.0,0
2018-05-27 18:59:33.030,218.68,0.138058545864,0.0,0
2018-05-27 18:59:33.123,217.37,0.138058545864,0.0,0
2018-05-27 18:59:33.216,217.68,0.138058545864,0.0,0
2018-05-27 18:59:33.496,217.07,0.138058545864,0.0,0
2018-05-27 18:59:33.589,217.65,0.138058545864,0.0,0
2018-05-27 18:59:33.673,217.69,0.138058545864,0.0,0
2018-05-27 18:59:33.766,218.29,0.138058545864,0.0,0
2018-05-27 18:59:33.859,218.09,0.138058545864,0.0,0
2018-05-27 18:59:34.021,216.52,0.138058545864,0.0,0
2018-05-27 18:59:34.114,217.58,0.138058545864,0.0,0
2018-05-27 18:59:34.207,218.42,0.138058545864,0.0,0
2018-05-27 18:59:34.300,216.8,0.138058545864,0.0,0
2018-05-27 18:59:34.393,217.14,0.138058545864,0.0,0
2018-05-27 18:59:34.487,218.64,0.138058545864,0.0,0
2018-05-27 18:59:34.570,217.47,0.138058545864,0.0,0
2018-05-27 18:59:34.663,219.61,0.138058545864,0.0,0
2018-05-27 18:59:34.747,218.66,0.138058545864,0.0,0
2018-05-27 18:59:34.840,219.45,0.138058545864,0.0,0
2018-05-27 18:59:35.002,218.71,0.138058545864,0.0,0
2018-05-27 18:59:35.095,218.86,0.138058545864,0.0,0
2018-05-27 18:59:35.188,218.89,0.138058545864,0.0,0
2018-05-27 18:59:35.282,220.62,0.138058545864,0.0,0
2018-05-27 18:59:35.376,219.28,0.138058545864,0.0,0
2018-05-27 18:59:35.459,220.72,0.138058545864,0.0,0
2018-05-27 18:59:35.552,220.32,0.138058545864,0.0,0
2018-05-27 18:59:35.733,220.43,0.138058545864,0.0,0
2018-05-27 18:59:35.822,219.89,0.138058545864,0.0,0
2018-05-27 18:59:35.906,222.15,0.138058545864,0.0,0
2018-05-27 18:59:36.067,220.01,0.138058545864,0.0,0
2018-05-27 18:59:36.162,220.7,0.138058545864,0.0,0
2018-05-27 18:59:36.244,220.7,0.138058545864,0.0,0
2018-05-27 18:59:36.431,221.64,0.138058545864,0.0,0
2018-05-27 18:59:36.701,222.52,0.138058545864,0.0,0
2018-05-27 18:59:36.887,222.6,0.138058545864,0.0,0
2018-05-27 18:59:37.050,221.66,0.138058545864,0.0,0
2018-05-27 18:59:37.133,223.84,0.138058545864,0.0,0
2018-05-27 18:59:37.226,222.86,0.138058545864,0.0,0
2018-05-27 18:59:37.319,222.79,0.138058545864,0.0,0
2018-05-27 18:59:37.412,222.91,0.138058545864,0.0,0
2018-05-27 18:59:37.598,224.7,0.138058545864,0.0,0
2018-05-27 18:59:37.682,223.26,0.138058545864,0.0,0
2018-05-27 18:59:37.775,223.76,0.138058545864,0.0,0
2018-05-27 18:59:37.859,222.98,0.138058545864,0.0,0
2018-05-27 18:59:38.021,224.05,0.138058545864,0.0,0
2018-05-27 18:59:38.114,224.19,0.138058545864,0.0,0
2018-05-27 18:59:38.207,225.5,0.138058545864,0.0,0
2018-05-27 18:59:38.300,225.7,0.138058545864,0.0,0
2018-05-27 18:59:38.394,225.62,0.138058545864,0.0,0
2018-05-27 18:59:38.487,224.86,0.138058545864,0.0,0
2018-05-27 18:59:38.580,224.14,0.138058545864,0.0,0
2018-05-27 18:59:38.673,224.55,0.138058545864,0.0,0
2018-05-27 18:59:38.766,224.99,0.138058545864,0.0,0
2018-05-27 18:59:38.859,225.67,0.138058545864,0.0,0
2018-05-27 18:59:39.105,224.2,0.138058545864,0.0,0
2018-05-27 18:59:39.199,224.51,0.138058545864,0.0,0
2018-05-27 18:59:39.384,226.15,0.138058545864,0.0,0
2018-05-27 18:59:39.477,225.51,0.138058545864,0.0,0
2018-05-27 18:59:39.747,226.34,0.138058545864,0.0,0
2018-05-27 18:59:39.841,225.95,0.138058545864,0.0,0
2018-05-27 18:59:39.924,226.2,0.138058545864,0.0,0
2018-05-27 18:59:40.086,226.81,0.138058545864,0.0,0
2018-05-27 18:59:40.179,226.86,0.138058545864,0.0,0
2018-05-27 18:59:40.356,225.95,0.138058545864,0.0,0
2018-05-27 18:59:40.440,224.54,0.138058545864,0.0,0
2018-05-27 18:59:40.617,226.44,0.138058545864,0.0,0
2018-05-27 18:59:40.710,226.89,0.138058545864,0.0,0
2018-05-27 18:59:40.803,225.71,0.138058545864,0.0,0
2018-05-27 18:59:41.058,226.77,0.138058545864,0.0,0
2018-05-27 18:59:41.151,226.2,0.138058545864,0.0,0
2018-05-27 18:59:41.617,228.45,0.138058545864,0.0,0
2018-05-27 18:59:41.701,227.03,0.138058545864,0.0,0
2018-05-27 18:59:41.794,227.53,0.138058545864,0.0,0
2018-05-27 18:59:42.049,228.89,0.138058545864,0.0,0
2018-05-27 18:59:42.235,228.86,0.138058545864,0.0,0
2018-05-27 18:59:42.422,228.18,0.138058545864,0.0,0
2018-05-27 18:59:42.515,228.09,0.138058545864,0.0,0
2018-05-27 18:59:42.608,227.94,0.138058545864,0.0,0
2018-05-27 18:59:42.785,229.27,0.138058545864,0.0,0
2018-05-27 18:59:43.040,228.94,0.138058545864,0.0,0
2018-05-27 18:59:43.133,229.74,0.138058545864,0.0,0
2018-05-27 18:59:43.226,228.71,0.138058545864,0.0,0
2018-05-27 18:59:43.412,228.29,0.138058545864,0.0,0
2018-05-27 18:59:43.506,228.89,0.138058545864,0.0,0
2018-05-27 18:59:43.701,230.33,0.138058545864,0.0,0
2018-05-27 18:59:43.794,230.17,0.138058545864,0.0,0
2018-05-27 18:59:43.887,230.02,0.138058545864,0.0,0
2018-05-27 18:59:44.142,230.22,0.138058545864,0.0,0
2018-05-27 18:59:44.329,229.07,0.138058545864,0.0,0
2018-05-27 18:59:44.422,228.3,0.138058545864,0.0,0
2018-05-27 18:59:44.608,228.41,0.138058545864,0.0,0
2018-05-27 18:59:44.692,230.07,0.138058545864,0.0,0
2018-05-27 18:59:44.878,229.96,0.138058545864,0.0,0
2018-05-27 18:59:45.040,229.15,0.138058545864,0.0,0
2018-05-27 18:59:45.319,228.08,0.138058545864,0.0,0
2018-05-27 18:59:45.412,227.75,0.138058545864,0.0,0
2018-05-27 18:59:45.506,227.36,0.138058545864,0.0,0
2018-05-27 18:59:45.683,227.94,0.138058545864,0.0,0
2018-05-27 18:59:45.776,227.5,0.138058545864,0.0,0
2018-05-27 18:59:45.869,226.36,0.138058545864,0.0,0
2018-05-27 18:59:46.031,226.52,0.138058545864,0.0,0
2018-05-27 18:59:46.124,225.59,0.138058545864,0.0,0
2018-05-27 18:59:46.217,225.36,0.138058545864,0.0,0
2018-05-27 18:59:46.310,225.53,0.138058545864,0.0,0
2018-05-27 18:59:46.496,225.97,0.138058545864,0.0,0
2018-05-27 18:59:46.766,225.86,0.138058545864,0.0,0
2018-05-27 18:59:46.850,224.71,0.138058545864,0.0,0
2018-05-27 18:59:47.012,223.78,0.138058545864,0.0,0
2018-05-27 18:59:47.105,224.67,0.138058545864,0.0,0
2018-05-27 18:59:47.291,224.37,0.138058545864,0.0,0
2018-05-27 18:59:47.478,222.93,0.138058545864,0.0,0
2018-05-27 18:59:47.571,223.95,0.138058545864,0.0,0
2018-05-27 18:59:47.748,222.09,0.138058545864,0.0,0
2018-05-27 18:59:47.841,222.7,0.138058545864,0.0,0
2018-05-27 18:59:48.003,222.8,0.138058545864,0.0,0
2018-05-27 18:59:48.096,223.34,0.138058545864,0.0,0
2018-05-27 18:59:48.189,222.22,0.138058545864,0.0,0
2018-05-27 18:59:48.282,221.38,0.138058545864,0.0,0
2018-05-27 18:59:48.385,223.11,0.138058545864,0.0,0
2018-05-27 18:59:48.478,221.82,0.138058545864,0.0,0
2018-05-27 18:59:48.655,222.67,0.138058545864,0.0,0
2018-05-27 18:59:48.748,221.84,0.138058545864,0.0,0
2018-05-27 18:59:48.841,222.78,0.138058545864,0.0,0
2018-05-27 18:59:49.282,223.99,0.138058545864,0.0,0
2018-05-27 18:59:49.375,222.19,0.138058545864,0.0,0
2018-05-27 18:59:49.469,224.3,0.138058545864,0.0,0
2018-05-27 18:59:49.562,224.06,0.138058545864,0.0,0
2018-05-27 18:59:49.655,225.43,0.138058545864,0.0,0
2018-05-27 18:59:49.832,223.89,0.138058545864,0.0,0
2018-05-27 18:59:49.920,224.3,0.138058545864,0.0,0
2018-05-27 18:59:50.161,226.05,0.138058545864,0.0,0
2018-05-27 18:59:50.254,225.15,0.138058545864,0.0,0
2018-05-27 18:59:50.348,224.74,0.138058545864,0.0,0
2018-05-27 18:59:50.442,224.67,0.138058545864,0.0,0
2018-05-27 18:59:50.627,225.12,0.138058545864,0.0,0
2018-05-27 18:59:50.720,226.07,0.138058545864,0.0,0
2018-05-27 18:59:50.897,224.5,0.138058545864,0.0,0
2018-05-27 18:59:51.059,225.08,0.138058545864,0.0,0
2018-05-27 18:59:51.152,226.63,0.138058545864,0.0,0
2018-05-27 18:59:51.246,226.38,0.138058545864,0.0,0
2018-05-27 18:59:51.338,226.0,0.138058545864,0.0,0
2018-05-27 18:59:51.432,223.94,0.138058545864,0.0,0
2018-05-27 18:59:51.515,225.52,0.138058545864,0.0,0
2018-05-27 18:59:51.608,225.31,0.138058545864,0.0,0
2018-05-27 18:59:51.785,225.46,0.138058545864,0.0,0
2018-05-27 18:59:51.878,225.78,0.138058545864,0.0,0
2018-05-27 18:59:52.040,225.48,0.138058545864,0.0,0
2018-05-27 18:59:52.227,223.76,0.138058545864,0.0,0
2018-05-27 18:59:52.320,223.37,0.138058545864,0.0,0
2018-05-27 18:59:52.404,223.16,0.138058545864,0.0,0
2018-05-27 18:59:52.497,222.8,0.138058545864,0.0,0
2018-05-27 18:59:52.683,223.53,0.138058545864,0.0,0
2018-05-27 18:59:52.767,222.88,0.138058545864,0.0,0
2018-05-27 18:59:52.860,222.76,0.138058545864,0.0,0
2018-05-27 18:59:53.022,222.96,0.138058545864,0.0,0
2018-05-27 18:59:53.115,224.04,0.138058545864,0.0,0
2018-05-27 18:59:53.208,223.87,0.138058545864,0.0,0
2018-05-27 18:59:53.301,222.4,0.138058545864,0.0,0
2018-05-27 18:59:53.394,222.97,0.138058545864,0.0,0
2018-05-27 18:59:53.487,222.64,0.138058545864,0.0,0
2018-05-27 18:59:53.581,223.87,0.138058545864,0.0,0
2018-05-27 18:59:53.767,221.69,0.138058545864,0.0,0
2018-05-27 18:59:53.860,222.01,0.138058545864,0.0,0
2018-05-27 18:59:54.022,221.68,0.138058545864,0.0,0
2018-05-27 18:59:54.115,223.44,0.138058545864,0.0,0
2018-05-27 18:59:54.208,223.74,0.138058545864,0.0,0
2018-05-27 18:59:54.292,222.27,0.138058545864,0.0,0
2018-05-27 18:59:54.385,223.49,0.138058545864,0.0,0
2018-05-27 18:59:54.478,222.74,0.138058545864,0.0,0
2018-05-27 18:59:54.571,221.93,0.138058545864,0.0,0
2018-05-27 18:59:54.664,222.08,0.138058545864,0.0,0
2018-05-27 18:59:54.841,222.7,0.138058545864,0.0,0
2018-05-27 18:59:55.003,223.11,0.138058545864,0.0,0
2018-05-27 18:59:55.096,223.36,0.138058545864,0.0,0
2018-05-27 18:59:55.180,223.43,0.138058545864,0.0,0
2018-05-27 18:59:55.273,223.55,0.138058545864,0.0,0
2018-05-27 18:59:55.366,223.82,0.138058545864,0.0,0
2018-05-27 18:59:55.459,224.98,0.138058545864,0.0,0
2018-05-27 18:59:55.553,225.02,0.138058545864,0.0,0
2018-05-27 18:59:55.646,225.5,0.138058545864,0.0,0
2018-05-27 18:59:55.739,224.9,0.138058545864,0.0,0
2018-05-27 18:59:55.823,225.35,0.138058545864,0.0,0
2018-05-27 18:59:55.907,224.44,0.138058545864,0.0,0
2018-05-27 18:59:56.068,224.45,0.138058545864,0.0,0
2018-05-27 18:59:56.255,226.31,0.138058545864,0.0,0
2018-05-27 18:59:56.348,226.42,0.138058545864,0.0,0
2018-05-27 18:59:56.441,224.43,0.138058545864,0.0,0
2018-05-27 18:59:56.534,224.15,0.138058545864,0.0,0
2018-05-27 18:59:56.627,225.31,0.138058545864,0.0,0
2018-05-27 18:59:56.711,225.44,0.138058545864,0.0,0
2018-05-27 18:59:56.804,226.02,0.138058545864,0.0,0
2018-05-27 18:59:56.897,225.27,0.138058545864,0.0,0
2018-05-27 18:59:57.059,225.99,0.138058545864,0.0,0
2018-05-27 18:59:57.152,225.64,0.138058545864,0.0,0
2018-05-27 18:59:57.329,224.91,0.138058545864,0.0,0
2018-05-27 18:59:57.422,225.95,0.138058545864,0.0,0
2018-05-27 18:59:57.516,226.04,0.138058545864,0.0,0
2018-05-27 18:59:57.692,226.41,0.138058545864,0.0,0
2018-05-27 18:59:57.869,227.8,0.138058545864,0.0,0
2018-05-27 18:59:58.031,228.01,0.138058545864,0.0,0
2018-05-27 18:59:58.124,228.51,0.138058545864,0.0,0
2018-05-27 18:59:58.218,227.89,0.138058545864,0.0,0
2018-05-27 18:59:58.311,227.76,0.138058545864,0.0,0
2018-05-27 18:59:58.404,226.96,0.138058545864,0.0,0
2018-05-27 18:59:58.497,227.42,0.138058545864,0.0,0
2018-05-27 18:59:58.590,227.84,0.138058545864,0.0,0
2018-05-27 18:59:58.674,229.0,0.138058545864,0.0,0
2018-05-27 18:59:58.768,228.73,0.138058545864,0.0,0
2018-05-27 18:59:58.860,228.0,0.138058545864,0.0,0
2018-05-27 18:59:59.013,228.98,0.138058545864,0.0,0
2018-05-27 18:59:59.199,229.86,0.138058545864,0.0,0
2018-05-27 18:59:59.292,229.81,0.138058545864,0.0,0
2018-05-27 18:59:59.385,230.15,0.138058545864,0.0,0
2018-05-27 18:59:59.478,230.11,0.138058545864,0.0,0
2018-05-27 18:59:59.572,229.78,0.138058545864,0.0,0
2018-05-27 18:59:59.655,229.03,0.138058545864,0.0,0
2018-05-27 18:59:59.749,229.68,0.138058545864,0.0,0
2018-05-27 18:59:59.842,229.86,0.138058545864,0.0,0
2018-05-27 19:00:00.004,229.89,0.138058545864,0.0,0
2018-05-27 19:00:00.097,229.74,0.138058545864,0.0,0
2018-05-27 19:00:00.283,231.2,0.138058545864,0.0,0
2018-05-27 19:00:00.376,231.25,0.138058545864,0.0,0
2018-05-27 19:00:00.469,231.34,0.138058545864,0.0,0
2018-05-27 19:00:00.562,231.59,0.138058545864,0.0,0
2018-05-27 19:00:00.656,231.78,0.138058545864,0.0,0
2018-05-27 19:00:00.748,231.31,0.138058545864,0.0,0
2018-05-27 19:00:00.832,230.28,0.138058545864,0.0,0
2018-05-27 19:00:00.921,231.53,0.138058545864,0.0,0
2018-05-27 19:00:01.078,232.03,0.138058545864,0.0,0
2018-05-27 19:00:01.162,231.35,0.138058545864,0.0,0
2018-05-27 19:00:01.255,231.48,0.138058545864,0.0,0
2018-05-27 19:00:01.348,230.98,0.138058545864,0.0,0
2018-05-27 19:00:01.442,231.1,0.138058545864,0.0,0
2018-05-27 19:00:01.535,231.63,0.138058545864,0.0,0
2018-05-27 19:00:02.246,233.41,0.138058545864,0.0,0
2018-05-27 19:00:02.339,233.34,0.138058545864,0.0,0
2018-05-27 19:00:02.516,232.07,0.138058545864,0.0,0
2018-05-27 19:00:02.609,232.15,0.138058545864,0.0,0
2018-05-27 19:00:02.786,233.22,0.138058545864,0.0,0
2018-05-27 19:00:03.134,233.03,0.138058545864,0.0,0
2018-05-27 19:00:03.227,232.99,0.138058545864,0.0,0
2018-05-27 19:00:03.320,232.43,0.138058545864,0.0,0
2018-05-27 19:00:03.404,233.54,0.138058545864,0.0,0
2018-05-27 19:00:03.590,234.85,0.138058545864,0.0,0
2018-05-27 19:00:03.674,233.34,0.138058545864,0.0,0
2018-05-27 19:00:03.860,232.3,0.138058545864,0.0,0
2018-05-27 19:00:04.022,232.76,0.138058545864,0.0,0
2018-05-27 19:00:04.116,231.92,0.138058545864,0.0,0
2018-05-27 19:00:04.209,231.95,0.138058545864,0.0,0
2018-05-27 19:00:04.292,231.93,0.138058545864,0.0,0
2018-05-27 19:00:04.386,232.07,0.138058545864,0.0,0
2018-05-27 19:00:04.479,231.47,0.138058545864,0.0,0
2018-05-27 19:00:04.562,231.0,0.138058545864,0.0,0
2018-05-27 19:00:04.655,229.69,0.138058545864,0.0,0
2018-05-27 19:00:04.739,229.04,0.138058545864,0.0,0
2018-05-27 19:00:04.921,227.11,0.138058545864,0.0,0
2018-05-27 19:00:05.255,227.25,0.138058545864,0.0,0
2018-05-27 19:00:05.442,223.53,0.138058545864,0.0,0
2018-05-27 19:00:05.628,223.53,0.138058545864,0.0,0
2018-05-27 19:00:05.721,224.41,0.138058545864,0.0,0
2018-05-27 19:00:05.805,222.82,0.138058545864,0.0,0
2018-05-27 19:00:05.888,222.41,0.138058545864,0.0,0
2018-05-27 19:00:06.050,222.18,0.138058545864,0.0,0
2018-05-27 19:00:06.143,221.85,0.138058545864,0.0,0
2018-05-27 19:00:06.236,222.73,0.138058545864,0.0,0
2018-05-27 19:00:06.330,223.22,0.138058545864,0.0,0
2018-05-27 19:00:06.423,221.32,0.138058545864,0.0,0
2018-05-27 19:00:06.609,220.58,0.138058545864,0.0,0
2018-05-27 19:00:06.786,219.94,0.138058545864,0.0,0
2018-05-27 19:00:07.041,221.19,0.138058545864,0.0,0
2018-05-27 19:00:07.134,219.77,0.138058545864,0.0,0
2018-05-27 19:00:07.227,220.25,0.138058545864,0.0,0
2018-05-27 19:00:07.413,220.42,0.138058545864,0.0,0
2018-05-27 19:00:07.507,218.7,0.138058545864,0.0,0
2018-05-27 19:00:07.600,219.34,0.138058545864,0.0,0
2018-05-27 19:00:07.684,218.67,0.138058545864,0.0,0
2018-05-27 19:00:07.777,219.0,0.138058545864,0.0,0
2018-05-27 19:00:08.032,219.68,0.138058545864,0.0,0
2018-05-27 19:00:08.125,218.69,0.138058545864,0.0,0
2018-05-27 19:00:08.218,218.41,0.138058545864,0.0,0
2018-05-27 19:00:08.311,220.54,0.138058545864,0.0,0
2018-05-27 19:00:08.404,220.46,0.138058545864,0.0,0
2018-05-27 19:00:08.497,218.5,0.138058545864,0.0,0
2018-05-27 19:00:08.590,218.77,0.138058545864,0.0,0
2018-05-27 19:00:08.674,218.74,0.138058545864,0.0,0
2018-05-27 19:00:08.767,219.18,0.138058545864,0.0,0
2018-05-27 19:00:08.861,221.29,0.138058545864,0.0,0
2018-05-27 19:00:09.022,220.65,0.138058545864,0.0,0
2018-05-27 19:00:09.116,220.49,0.138058545864,0.0,0
2018-05-27 19:00:09.209,221.24,0.138058545864,0.0,0
2018-05-27 19:00:09.302,221.25,0.138058545864,0.0,0
2018-05-27 19:00:09.395,222.73,0.138058545864,0.0,0
2018-05-27 19:00:09.488,222.0,0.138058545864,0.0,0
2018-05-27 19:00:09.581,221.54,0.138058545864,0.0,0
2018-05-27 19:00:09.674,222.05,0.138058545864,0.0,0
2018-05-27 19:00:09.768,223.37,0.138058545864,0.0,0
2018-05-27 19:00:10.023,224.38,0.138058545864,0.0,0
2018-05-27 19:00:10.209,222.65,0.138058545864,0.0,0
2018-05-27 19:00:10.395,221.82,0.138058545864,0.0,0
2018-05-27 19:00:10.488,221.29,0.138058545864,0.0,0
2018-05-27 19:00:10.581,219.69,0.138058545864,0.0,0
2018-05-27 19:00:10.674,218.96,0.138058545864,0.0,0
2018-05-27 19:00:10.768,219.67,0.138058545864,0.0,0
2018-05-27 19:00:11.013,218.47,0.138058545864,0.0,0
2018-05-27 19:00:11.199,216.63,0.138058545864,0.0,0
2018-05-27 19:00:11.293,217.59,0.138058545864,0.0,0
2018-05-27 19:00:11.479,215.74,0.138058545864,0.0,0
2018-05-27 19:00:11.750,216.8,0.138058545864,0.0,0
2018-05-27 19:00:12.004,215.54,0.138058545864,0.0,0
2018-05-27 19:00:12.097,216.55,0.138058545864,0.0,0
2018-05-27 19:00:12.190,214.51,0.138058545864,0.0,0
2018-05-27 19:00:12.376,216.94,0.138058545864,0.0,0
2018-05-27 19:00:12.470,214.9,0.138058545864,0.0,0
2018-05-27 19:00:12.563,215.61,0.138058545864,0.0,0
2018-05-27 19:00:12.656,216.62,0.138058545864,0.0,0
2018-05-27 19:00:12.740,216.87,0.138058545864,0.0,0
2018-05-27 19:00:12.833,215.58,0.138058545864,0.0,0
2018-05-27 19:00:13.162,215.99,0.138058545864,0.0,0
2018-05-27 19:00:13.339,214.74,0.138058545864,0.0,0
2018-05-27 19:00:13.432,215.24,0.138058545864,0.0,0
2018-05-27 19:00:13.525,216.88,0.138058545864,0.0,0
2018-05-27 19:00:13.702,216.4,0.138058545864,0.0,0
2018-05-27 19:00:13.889,216.41,0.138058545864,0.0,0
2018-05-27 19:00:14.051,215.74,0.138058545864,0.0,0
2018-05-27 19:00:14.237,216.53,0.138058545864,0.0,0
2018-05-27 19:00:14.330,215.86,0.138058545864,0.0,0
2018-05-27 19:00:14.414,216.91,0.138058545864,0.0,0
2018-05-27 19:00:14.507,215.94,0.138058545864,0.0,0
2018-05-27 19:00:14.600,215.53,0.138058545864,0.0,0
2018-05-27 19:00:14.777,217.03,0.138058545864,0.0,0
2018-05-27 19:00:15.032,216.21,0.138058545864,0.0,0
2018-05-27 19:00:15.125,217.47,0.138058545864,0.0,0
2018-05-27 19:00:15.219,217.58,0.138058545864,0.0,0
2018-05-27 19:00:15.302,218.62,0.138058545864,0.0,0
2018-05-27 19:00:15.395,217.83,0.138058545864,0.0,0
2018-05-27 19:00:15.488,217.34,0.138058545864,0.0,0
2018-05-27 19:00:15.581,217.83,0.138058545864,0.0,0
2018-05-27 19:00:15.675,219.31,0.138058545864,0.0,0
2018-05-27 19:00:15.768,217.78,0.138058545864,0.0,0
2018-05-27 19:00:15.861,218.11,0.138058545864,0.0,0
2018-05-27 19:00:16.023,220.17,0.138058545864,0.0,0
2018-05-27 19:00:16.209,219.23,0.138058545864,0.0,0
2018-05-27 19:00:16.293,220.94,0.138058545864,0.0,0
2018-05-27 19:00:16.386,219.0,0.138058545864,0.0,0
2018-05-27 19:00:16.479,219.48,0.138058545864,0.0,0
2018-05-27 19:00:16.572,221.53,0.138058545864,0.0,0
2018-05-27 19:00:16.665,220.76,0.138058545864,0.0,0
2018-05-27 19:00:16.842,222.02,0.138058545864,0.0,0
2018-05-27 19:00:17.004,221.18,0.138058545864,0.0,0
2018-05-27 19:00:17.097,221.3,0.138058545864,0.0,0
2018-05-27 19:00:17.181,222.59,0.138058545864,0.0,0
2018-05-27 19:00:17.274,221.75,0.138058545864,0.0,0
2018-05-27 19:00:17.367,222.2,0.138058545864,0.0,0
2018-05-27 19:00:17.460,222.05,0.138058545864,0.0,0
2018-05-27 19:00:17.647,223.92,0.138058545864,0.0,0
2018-05-27 19:00:17.735,223.27,0.138058545864,0.0,0
2018-05-27 19:00:17.907,222.58,0.138058545864,0.0,0
2018-05-27 19:00:18.069,223.87,0.138058545864,0.0,0
2018-05-27 19:00:18.162,224.16,0.138058545864,0.0,0
2018-05-27 19:00:18.255,225.0,0.138058545864,0.0,0
2018-05-27 19:00:18.442,223.62,0.138058545864,0.0,0
2018-05-27 19:00:18.535,224.07,0.138058545864,0.0,0
2018-05-27 19:00:18.628,224.4,0.138058545864,0.0,0
2018-05-27 19:00:18.712,223.66,0.138058545864,0.0,0
2018-05-27 19:00:18.889,226.12,0.138058545864,0.0,0
2018-05-27 19:00:19.144,224.65,0.138058545864,0.0,0
2018-05-27 19:00:19.237,225.28,0.138058545864,0.0,0
2018-05-27 19:00:19.423,225.93,0.138058545864,0.0,0
2018-05-27 19:00:19.516,225.74,0.138058545864,0.0,0
2018-05-27 19:00:19.693,225.24,0.138058545864,0.0,0
2018-05-27 19:00:19.880,226.35,0.138058545864,0.0,0
2018-05-27 19:00:20.041,226.02,0.138058545864,0.0,0
2018-05-27 19:00:20.228,225.8,0.138058545864,0.0,0
2018-05-27 19:00:20.321,225.77,0.138058545864,0.0,0
2018-05-27 19:00:20.414,226.29,0.138058545864,0.0,0
2018-05-27 19:00:20.685,225.45,0.138058545864,0.0,0
2018-05-27 19:00:20.777,226.34,0.138058545864,0.0,0
2018-05-27 19:00:21.125,226.92,0.138058545864,0.0,0
2018-05-27 19:00:21.218,228.26,0.138058545864,0.0,0
2018-05-27 19:00:21.311,228.26,0.138058545864,0.0,0
2018-05-27 19:00:21.405,228.66,0.138058545864,0.0,0
2018-05-27 19:00:21.591,228.09,0.138058545864,0.0,0
2018-05-27 19:00:21.675,227.55,0.138058545864,0.0,0
2018-05-27 19:00:21.768,228.33,0.138058545864,0.0,0
2018-05-27 19:00:21.861,229.24,0.138058545864,0.0,0
2018-05-27 19:00:22.675,227.98,0.138058545864,0.0,0
2018-05-27 19:00:23.014,229.74,0.138058545864,0.0,0
2018-05-27 19:00:23.107,229.6,0.138058545864,0.0,0
2018-05-27 19:00:23.200,230.45,0.138058545864,0.0,0
2018-05-27 19:00:23.293,229.78,0.138058545864,0.0,0
2018-05-27 19:00:23.386,229.72,0.138058545864,0.0,0
2018-05-27 19:00:23.479,229.26,0.138058545864,0.0,0
2018-05-27 19:00:23.572,229.24,0.138058545864,0.0,0
2018-05-27 19:00:23.665,230.14,0.138058545864,0.0,0
2018-05-27 19:00:23.759,229.68,0.138058545864,0.0,0
2018-05-27 19:00:23.842,231.35,0.138058545864,0.0,0
2018-05-27 19:00:24.004,231.9,0.138058545864,0.0,0
2018-05-27 19:00:24.098,231.88,0.138058545864,0.0,0
2018-05-27 19:00:24.191,231.55,0.138058545864,0.0,0
2018-05-27 19:00:24.284,231.63,0.138058545864,0.0,0
2018-05-27 19:00:24.377,231.32,0.138058545864,0.0,0
2018-05-27 19:00:24.470,231.17,0.138058545864,0.0,0
2018-05-27 19:00:24.563,231.6,0.138058545864,0.0,0
2018-05-27 19:00:24.656,231.7,0.138058545864,0.0,0
2018-05-27 19:00:24.740,229.98,0.138058545864,0.0,0
2018-05-27 19:00:24.833,229.29,0.138058545864,0.0,0
2018-05-27 19:00:24.921,230.69,0.138058545864,0.0,0
2018-05-27 19:00:25.163,228.66,0.138058545864,0.0,0
2018-05-27 19:00:25.256,228.26,0.138058545864,0.0,0
2018-05-27 19:00:25.442,229.19,0.138058545864,0.0,0
2018-05-27 19:00:25.526,226.57,0.138058545864,0.0,0
2018-05-27 19:00:25.796,225.13,0.138058545864,0.0,0
2018-05-27 19:00:25.889,225.24,0.138058545864,0.0,0
2018-05-27 19:00:26.144,224.72,0.138058545864,0.0,0
2018-05-27 19:00:26.237,225.28,0.138058545864,0.0,0
2018-05-27 19:00:26.414,223.31,0.138058545864,0.0,0
2018-05-27 19:00:26.693,224.09,0.138058545864,0.0,0
2018-05-27 19:00:26.870,225.36,0.138058545864,0.0,0
2018-05-27 19:00:27.126,222.49,0.138058545864,0.0,0
2018-05-27 19:00:27.395,222.58,0.138058545864,0.0,0
2018-05-27 19:00:27.489,222.2,0.138058545864,0.0,0
2018-05-27 19:00:27.675,222.97,0.138058545864,0.0,0
2018-05-27 19:00:27.768,224.09,0.138058545864,0.0,0
2018-05-27 19:00:27.861,222.71,0.138058545864,0.0,0
2018-05-27 19:00:28.023,221.51,0.138058545864,0.0,0
2018-05-27 19:00:28.116,221.95,0.138058545864,0.0,0
2018-05-27 19:00:28.293,221.36,0.138058545864,0.0,0
2018-05-27 19:00:28.386,221.01,0.138058545864,0.0,0
2018-05-27 19:00:28.480,223.1,0.138058545864,0.0,0
2018-05-27 19:00:28.572,222.94,0.138058545864,0.0,0
2018-05-27 19:00:28.842,223.09,0.138058545864,0.0,0
2018-05-27 19:00:29.097,222.4,0.138058545864,0.0,0
2018-05-27 19:00:29.181,223.07,0.138058545864,0.0,0
2018-05-27 19:00:29.274,221.91,0.138058545864,0.0,0
2018-05-27 19:00:29.368,223.08,0.138058545864,0.0,0
2018-05-27 19:00:29.535,224.61,0.138058545864,0.0,0
2018-05-27 19:00:29.628,225.09,0.138058545864,0.0,0
2018-05-27 19:00:29.713,224.22,0.138058545864,0.0,0
2018-05-27 19:00:29.805,225.09,0.138058545864,0.0,0
2018-05-27 19:00:29.898,225.73,0.138058545864,0.0,0
2018-05-27 19:00:30.060,225.65,0.138058545864,0.0,0
2018-05-27 19:00:30.153,224.17,0.138058545864,0.0,0
2018-05-27 19:00:30.246,224.67,0.138058545864,0.0,0
2018-05-27 19:00:30.433,225.14,0.138058545864,0.0,0
2018-05-27 19:00:30.526,225.53,0.138058545864,0.0,0
2018-05-27 19:00:30.619,226.09,0.138058545864,0.0,0
2018-05-27 19:00:30.796,225.4,0.138058545864,0.0,0
2018-05-27 19:00:30.889,226.56,0.138058545864,0.0,0
2018-05-27 19:00:31.051,226.37,0.138058545864,0.0,0
2018-05-27 19:00:31.144,225.71,0.138058545864,0.0,0
2018-05-27 19:00:31.330,224.73,0.138058545864,0.0,0
2018-05-27 19:00:31.423,224.82,0.138058545864,0.0,0
2018-05-27 19:00:31.517,223.91,0.138058545864,0.0,0
2018-05-27 19:00:31.610,224.49,0.138058545864,0.0,0
2018-05-27 19:00:31.694,224.01,0.138058545864,0.0,0
2018-05-27 19:00:31.880,223.93,0.138058545864,0.0,0
2018-05-27 19:00:32.042,225.3,0.138058545864,0.0,0
2018-05-27 19:00:32.135,224.91,0.138058545864,0.0,0
2018-05-27 19:00:32.228,224.27,0.138058545864,0.0,0
2018-05-27 19:00:32.414,223.89,0.138058545864,0.0,0
2018-05-27 19:00:32.507,223.56,0.138058545864,0.0,0
2018-05-27 19:00:32.600,224.9,0.138058545864,0.0,0
2018-05-27 19:00:32.777,223.53,0.138058545864,0.0,0
2018-05-27 19:00:32.870,224.11,0.138058545864,0.0,0
2018-05-27 19:00:33.032,224.28,0.138058545864,0.0,0
2018-05-27 19:00:33.126,223.61,0.138058545864,0.0,0
2018-05-27 19:00:33.219,222.12,0.138058545864,0.0,0
2018-05-27 19:00:33.312,222.62,0.138058545864,0.0,0
2018-05-27 19:00:33.498,223.83,0.138058545864,0.0,0
2018-05-27 19:00:33.591,223.31,0.138058545864,0.0,0
2018-05-27 19:00:33.675,222.75,0.138058545864,0.0,0
2018-05-27 19:00:33.768,223.5,0.138058545864,0.0,0
2018-05-27 19:00:33.861,222.54,0.138058545864,0.0,0
2018-05-27 19:00:34.024,220.96,0.138058545864,0.0,0
2018-05-27 19:00:34.116,221.36,0.138058545864,0.0,0
2018-05-27 19:00:34.209,222.27,0.138058545864,0.0,0
2018-05-27 19:00:34.302,222.88,0.138058545864,0.0,0
2018-05-27 19:00:34.396,221.83,0.138058545864,0.0,0
2018-05-27 19:00:34.489,221.15,0.138058545864,0.0,0
2018-05-27 19:00:34.582,221.15,0.138058545864,0.0,0
2018-05-27 19:00:34.675,222.64,0.138058545864,0.0,0
2018-05-27 19:00:34.769,222.89,0.138058545864,0.0,0
2018-05-27 19:00:34.861,221.51,0.138058545864,0.0,0
2018-05-27 19:00:35.023,221.76,0.138058545864,0.0,0
2018-05-27 19:00:35.116,222.27,0.138058545864,0.0,0
2018-05-27 19:00:35.209,223.35,0.138058545864,0.0,0
2018-05-27 19:00:35.302,223.31,0.138058545864,0.0,0
2018-05-27 19:00:35.396,222.19,0.138058545864,0.0,0
2018-05-27 19:00:35.489,222.52,0.138058545864,0.0,0
2018-05-27 19:00:35.582,222.48,0.138058545864,0.0,0
2018-05-27 19:00:35.675,223.6,0.138058545864,0.0,0
2018-05-27 19:00:35.768,224.35,0.138058545864,0.0,0
2018-05-27 19:00:36.014,223.47,0.138058545864,0.0,0
2018-05-27 19:00:36.107,224.77,0.138058545864,0.0,0
2018-05-27 19:00:36.200,224.54,0.138058545864,0.0,0
2018-05-27 19:00:36.293,223.78,0.138058545864,0.0,0
2018-05-27 19:00:36.386,224.1,0.138058545864,0.0,0
2018-05-27 19:00:36.573,224.43,0.138058545864,0.0,0
2018-05-27 19:00:36.666,225.83,0.138058545864,0.0,0
2018-05-27 19:00:36.751,224.54,0.138058545864,0.0,0
2018-05-27 19:00:36.843,223.97,0.138058545864,0.0,0
2018-05-27 19:00:37.004,225.21,0.138058545864,0.0,0
2018-05-27 19:00:37.098,226.26,0.138058545864,0.0,0
2018-05-27 19:00:37.191,226.46,0.138058545864,0.0,0
2018-05-27 19:00:37.284,225.98,0.138058545864,0.0,0
2018-05-27 19:00:37.470,225.38,0.138058545864,0.0,0
2018-05-27 19:00:37.563,226.25,0.138058545864,0.0,0
2018-05-27 19:00:37.656,225.84,0.138058545864,0.0,0
2018-05-27 19:00:37.742,226.7,0.138058545864,0.0,0
2018-05-27 19:00:37.833,226.32,0.138058545864,0.0,0
2018-05-27 19:00:37.926,226.38,0.138058545864,0.0,0
2018-05-27 19:00:38.088,227.23,0.138058545864,0.0,0
2018-05-27 19:00:38.275,227.51,0.138058545864,0.0,0
2018-05-27 19:00:38.368,227.75,0.138058545864,0.0,0
2018-05-27 19:00:38.461,228.85,0.138058545864,0.0,0
2018-05-27 19:00:38.554,228.84,0.138058545864,0.0,0
2018-05-27 19:00:38.647,229.29,0.138058545864,0.0,0
2018-05-27 19:00:38.736,227.84,0.138058545864,0.0,0
2018-05-27 19:00:38.824,227.59,0.138058545864,0.0,0
2018-05-27 19:00:38.908,228.53,0.138058545864,0.0,0
2018-05-27 19:00:39.070,228.31,0.138058545864,0.0,0
2018-05-27 19:00:39.163,228.67,0.138058545864,0.0,0
2018-05-27 19:00:39.256,228.06,0.138058545864,0.0,0
2018-05-27 19:00:39.349,228.44,0.138058545864,0.0,0
2018-05-27 19:00:39.442,228.7,0.138058545864,0.0,0
2018-05-27 19:00:39.536,229.05,0.138058545864,0.0,0
2018-05-27 19:00:39.619,230.48,0.138058545864,0.0,0
2018-05-27 19:00:39.712,230.1,0.138058545864,0.0,0
2018-05-27 19:00:39.805,230.88,0.138058545864,0.0,0
2018-05-27 19:00:39.899,230.28,0.138058545864,0.0,0
2018-05-27 19:00:40.060,230.52,0.138058545864,0.0,0
2018-05-27 19:00:40.247,230.33,0.138058545864,0.0,0
2018-05-27 19:00:40.340,230.08,0.138058545864,0.0,0
2018-05-27 19:00:40.433,231.3,0.138058545864,0.0,0
2018-05-27 19:00:40.526,231.2,0.138058545864,0.0,0
2018-05-27 19:00:40.703,230.98,0.138058545864,0.0,0
2018-05-27 19:00:40.796,231.03,0.138058545864,0.0,0
2018-05-27 19:00:40.889,231.73,0.138058545864,0.0,0
2018-05-27 19:00:41.051,231.65,0.138058545864,0.0,0
2018-05-27 19:00:41.237,232.19,0.138058545864,0.0,0
2018-05-27 19:00:41.331,232.01,0.138058545864,0.0,0
2018-05-27 19:00:41.536,231.62,0.138058545864,0.0,0
2018-05-27 19:00:41.629,231.38,0.138058545864,0.0,0
2018-05-27 19:00:42.610,232.93,0.138058545864,0.0,0
2018-05-27 19:00:42.787,234.64,0.138058545864,0.0,0
2018-05-27 19:00:43.042,233.72,0.138058545864,0.0,0
2018-05-27 19:00:43.228,233.91,0.138058545864,0.0,0
2018-05-27 19:00:43.414,233.86,0.138058545864,0.0,0
2018-05-27 19:00:43.601,233.95,0.138058545864,0.0,0
2018-05-27 19:00:43.685,235.97,0.138058545864,0.0,0
2018-05-27 19:00:43.871,234.61,0.138058545864,0.0,0
2018-05-27 19:00:44.126,234.49,0.138058545864,0.0,0
2018-05-27 19:00:44.768,230.6,0.138058545864,0.0,0
2018-05-27 19:00:44.861,230.31,0.138058545864,0.0,0
2018-05-27 19:00:45.023,229.77,0.138058545864,0.0,0
2018-05-27 19:00:45.117,228.69,0.138058545864,0.0,0
2018-05-27 19:00:45.210,228.16,0.138058545864,0.0,0
2018-05-27 19:00:45.303,225.72,0.138058545864,0.0,0
2018-05-27 19:00:45.396,225.13,0.138058545864,0.0,0
2018-05-27 19:00:45.489,223.32,0.138058545864,0.0,0
2018-05-27 19:00:45.582,223.65,0.138058545864,0.0,0
2018-05-27 19:00:45.759,221.49,0.138058545864,0.0,0
2018-05-27 19:00:45.852,222.28,0.138058545864,0.0,0
2018-05-27 19:00:46.014,221.64,0.138058545864,0.0,0
2018-05-27 19:00:46.108,222.4,0.138058545864,0.0,0
2018-05-27 19:00:46.200,221.86,0.138058545864,0.0,0
2018-05-27 19:00:46.293,220.15,0.138058545864,0.0,0
2018-05-27 19:00:46.386,220.35,0.138058545864,0.0,0
2018-05-27 19:00:46.480,222.13,0.138058545864,0.0,0
2018-05-27 19:00:46.573,221.48,0.138058545864,0.0,0
2018-05-27 19:00:46.666,219.67,0.138058545864,0.0,0
2018-05-27 19:00:46.750,221.49,0.138058545864,0.0,0
2018-05-27 19:00:46.843,218.98,0.138058545864,0.0,0
2018-05-27 19:00:47.005,219.5,0.138058545864,0.0,0
2018-05-27 19:00:47.098,219.6,0.138058545864,0.0,0
2018-05-27 19:00:47.191,220.23,0.138058545864,0.0,0
2018-05-27 19:00:47.284,218.52,0.138058545864,0.0,0
2018-05-27 19:00:47.377,218.86,0.138058545864,0.0,0
2018-05-27 19:00:47.471,219.79,0.138058545864,0.0,0
2018-05-27 19:00:47.564,218.52,0.138058545864,0.0,0
2018-05-27 19:00:47.657,217.4,0.138058545864,0.0,0
2018-05-27 19:00:47.741,217.42,0.138058545864,0.0,0
2018-05-27 19:00:47.834,216.47,0.138058545864,0.0,0
2018-05-27 19:00:48.079,216.22,0.138058545864,0.0,0
2018-05-27 19:00:48.163,215.47,0.138058545864,0.0,0
2018-05-27 19:00:48.256,216.08,0.138058545864,0.0,0
2018-05-27 19:00:48.349,218.09,0.138058545864,0.0,0
2018-05-27 19:00:48.526,216.94,0.138058545864,0.0,0
2018-05-27 19:00:48.619,215.76,0.138058545864,0.0,0
2018-05-27 19:00:48.712,216.23,0.138058545864,0.0,0
2018-05-27 19:00:48.796,216.66,0.138058545864,0.0,0
2018-05-27 19:00:48.889,218.24,0.138058545864,0.0,0
2018-05-27 19:00:49.051,217.34,0.138058545864,0.0,0
2018-05-27 19:00:49.144,217.11,0.138058545864,0.0,0
2018-05-27 19:00:49.238,218.08,0.138058545864,0.0,0
2018-05-27 19:00:49.424,216.87,0.138058545864,0.0,0
2018-05-27 19:00:49.509,219.09,0.138058545864,0.0,0
2018-05-27 19:00:49.685,220.18,0.138058545864,0.0,0
2018-05-27 19:00:49.778,218.55,0.138058545864,0.0,0
2018-05-27 19:00:50.033,220.83,0.138058545864,0.0,0
2018-05-27 19:00:50.126,220.35,0.138058545864,0.0,0
2018-05-27 19:00:50.219,220.51,0.138058545864,0.0,0
2018-05-27 19:00:50.405,222.11,0.138058545864,0.0,0
2018-05-27 19:00:50.498,222.07,0.138058545864,0.0,0
2018-05-27 19:00:50.592,220.67,0.138058545864,0.0,0
2018-05-27 19:00:50.768,221.29,0.138058545864,0.0,0
2018-05-27 19:00:51.117,219.8,0.138058545864,0.0,0
2018-05-27 19:00:51.210,218.33,0.138058545864,0.0,0
2018-05-27 19:00:51.293,218.21,0.138058545864,0.0,0
2018-05-27 19:00:51.387,216.25,0.138058545864,0.0,0
2018-05-27 19:00:51.480,215.21,0.138058545864,0.0,0
2018-05-27 19:00:51.573,215.94,0.138058545864,0.0,0
2018-05-27 19:00:51.666,214.46,0.138058545864,0.0,0
2018-05-27 19:00:52.014,212.74,0.138058545864,0.0,0
2018-05-27 19:00:52.107,213.65,0.138058545864,0.0,0
2018-05-27 19:00:52.201,212.86,0.138058545864,0.0,0
2018-05-27 19:00:52.284,213.15,0.138058545864,0.0,0
2018-05-27 19:00:52.377,212.18,0.138058545864,0.0,0
2018-05-27 19:00:52.471,213.25,0.138058545864,0.0,0
2018-05-27 19:00:52.564,211.56,0.138058545864,0.0,0
2018-05-27 19:00:52.741,211.21,0.138058545864,0.0,0
2018-05-27 19:00:52.834,213.16,0.138058545864,0.0,0
2018-05-27 19:00:52.923,213.13,0.138058545864,0.0,0
2018-05-27 19:00:53.163,211.65,0.138058545864,0.0,0
2018-05-27 19:00:53.256,210.98,0.138058545864,0.0,0
2018-05-27 19:00:53.349,212.26,0.138058545864,0.0,0
2018-05-27 19:00:53.443,211.68,0.138058545864,0.0,0
2018-05-27 19:00:53.536,212.5,0.138058545864,0.0,0
2018-05-27 19:00:53.629,210.19,0.138058545864,0.0,0
2018-05-27 19:00:53.722,211.51,0.138058545864,0.0,0
2018-05-27 19:00:53.890,211.66,0.138058545864,0.0,0
2018-05-27 19:00:54.144,211.16,0.138058545864,0.0,0
2018-05-27 19:00:54.238,212.73,0.138058545864,0.0,0
2018-05-27 19:00:54.331,211.28,0.138058545864,0.0,0
2018-05-27 19:00:54.518,212.07,0.138058545864,0.0,0
2018-05-27 19:00:54.610,211.56,0.138058545864,0.0,0
2018-05-27 19:00:54.787,212.86,0.138058545864,0.0,0
2018-05-27 19:00:54.880,211.49,0.138058545864,0.0,0
2018-05-27 19:00:55.042,211.62,0.138058545864,0.0,0
2018-05-27 19:00:55.135,212.16,0.138058545864,0.0,0
2018-05-27 19:00:55.228,212.52,0.138058545864,0.0,0
2018-05-27 19:00:56.033,214.67,0.138058545864,0.0,0
2018-05-27 19:00:56.126,214.27,0.138058545864,0.0,0
2018-05-27 19:00:56.219,216.32,0.138058545864,0.0,0
2018-05-27 19:00:56.312,215.72,0.138058545864,0.0,0
2018-05-27 19:00:56.405,215.66,0.138058545864,0.0,0
2018-05-27 19:00:56.499,216.74,0.138058545864,0.0,0
2018-05-27 19:00:56.592,216.53,0.138058545864,0.0,0
2018-05-27 19:00:56.678,217.3,0.138058545864,0.0,0
2018-05-27 19:00:56.769,216.04,0.138058545864,0.0,0
2018-05-27 19:00:56.862,216.2,0.138058545864,0.0,0
2018-05-27 19:00:57.024,218.28,0.138058545864,0.0,0
2018-05-27 19:00:57.117,218.01,0.138058545864,0.0,0
2018-05-27 19:00:57.210,217.81,0.138058545864,0.0,0
2018-05-27 19:00:57.303,218.62,0.138058545864,0.0,0
2018-05-27 19:00:57.396,219.57,0.138058545864,0.0,0
2018-05-27 19:00:57.490,218.76,0.138058545864,0.0,0
2018-05-27 19:00:57.666,219.02,0.138058545864,0.0,0
2018-05-27 19:00:57.759,219.37,0.138058545864,0.0,0
2018-05-27 19:00:57.843,219.17,0.138058545864,0.0,0
2018-05-27 19:00:58.005,220.21,0.138058545864,0.0,0
2018-05-27 19:00:58.098,220.68,0.138058545864,0.0,0
2018-05-27 19:00:58.191,221.92,0.138058545864,0.0,0
2018-05-27 19:00:58.284,220.64,0.138058545864,0.0,0
2018-05-27 19:00:58.378,220.87,0.138058545864,0.0,0
2018-05-27 19:00:58.471,221.42,0.138058545864,0.0,0
2018-05-27 19:00:58.564,222.78,0.138058545864,0.0,0
2018-05-27 19:00:58.657,222.22,0.138058545864,0.0,0
2018-05-27 19:00:58.741,222.62,0.138058545864,0.0,0
2018-05-27 19:00:58.922,222.35,0.138058545864,0.0,0
2018-05-27 19:00:59.080,223.92,0.138058545864,0.0,0
2018-05-27 19:00:59.164,223.14,0.138058545864,0.0,0
2018-05-27 19:00:59.256,223.28,0.138058545864,0.0,0
2018-05-27 19:00:59.350,224.82,0.138058545864,0.0,0
2018-05-27 19:00:59.443,224.61,0.138058545864,0.0,0
2018-05-27 19:00:59.536,223.97,0.138058545864,0.0,0
2018-05-27 19:00:59.629,223.08,0.138058545864,0.0,0
2018-05-27 19:00:59.722,224.38,0.138058545864,0.0,0
2018-05-27 19:00:59.806,224.91,0.138058545864,0.0,0
2018-05-27 19:00:59.899,224.85,0.138058545864,0.0,0
2018-05-27 19:01:00.051,225.93,0.138058545864,0.0,0
2018-05-27 19:01:00.247,225.37,0.138058545864,0.0,0
2018-05-27 19:01:00.433,226.45,0.138058545864,0.0,0
2018-05-27 19:01:00.527,225.84,0.138058545864,0.0,0
2018-05-27 19:01:00.620,225.39,0.138058545864,0.0,0
2018-05-27 19:01:00.703,226.35,0.138058545864,0.0,0
2018-05-27 19:01:00.797,226.38,0.138058545864,0.0,0
2018-05-27 19:01:01.042,225.77,0.138058545864,0.0,0
2018-05-27 19:01:01.322,227.29,0.138058545864,0.0,0
2018-05-27 19:01:01.508,226.88,0.138058545864,0.0,0
2018-05-27 19:01:01.685,227.51,0.138058545864,0.0,0
2018-05-27 19:01:01.778,228.03,0.138058545864,0.0,0
2018-05-27 19:01:01.871,228.22,0.138058545864,0.0,0
2018-05-27 19:01:02.033,227.66,0.138058545864,0.0,0
2018-05-27 19:01:02.126,227.03,0.138058545864,0.0,0
2018-05-27 19:01:02.219,226.67,0.138058545864,0.0,0
2018-05-27 19:01:02.312,227.3,0.138058545864,0.0,0
2018-05-27 19:01:02.499,227.41,0.138058545864,0.0,0
2018-05-27 19:01:02.676,227.98,0.138058545864,0.0,0
2018-05-27 19:01:02.769,227.67,0.138058545864,0.0,0
2018-05-27 19:01:02.862,227.75,0.138058545864,0.0,0
2018-05-27 19:01:03.024,228.2,0.138058545864,0.0,0
2018-05-27 19:01:03.210,229.28,0.138058545864,0.0,0
2018-05-27 19:01:03.303,229.63,0.138058545864,0.0,0
2018-05-27 19:01:03.396,229.11,0.138058545864,0.0,0
2018-05-27 19:01:03.676,230.25,0.138058545864,0.0,0
2018-05-27 19:01:03.769,229.55,0.138058545864,0.0,0
2018-05-27 19:01:04.014,230.54,0.138058545864,0.0,0
2018-05-27 19:01:04.108,230.22,0.138058545864,0.0,0
2018-05-27 19:01:04.201,230.11,0.138058545864,0.0,0
2018-05-27 19:01:04.294,229.58,0.138058545864,0.0,0
2018-05-27 19:01:04.387,229.8,0.138058545864,0.0,0
2018-05-27 19:01:04.480,230.12,0.138058545864,0.0,0
2018-05-27 19:01:04.573,230.61,0.138058545864,0.0,0
2018-05-27 19:01:04.666,230.16,0.138058545864,0.0,0
2018-05-27 19:01:04.752,232.29,0.138058545864,0.0,0
2018-05-27 19:01:05.005,231.42,0.138058545864,0.0,0
2018-05-27 19:01:05.098,230.9,0.138058545864,0.0,0
2018-05-27 19:01:05.191,229.86,0.138058545864,0.0,0
2018-05-27 19:01:05.284,229.19,0.138058545864,0.0,0
2018-05-27 19:01:05.378,228.31,0.138058545864,0.0,0
2018-05-27 19:01:05.471,227.39,0.138058545864,0.0,0
2018-05-27 19:01:05.564,225.51,0.138058545864,0.0,0
2018-05-27 19:01:05.657,224.4,0.138058545864,0.0,0
2018-05-27 19:01:05.743,226.28,0.138058545864,0.0,0
2018-05-27 19:01:05.834,224.23,0.138058545864,0.0,0
2018-05-27 19:01:06.163,221.69,0.138058545864,0.0,0
2018-05-27 19:01:06.256,223.27,0.138058545864,0.0,0
2018-05-27 19:01:06.350,222.42,0.138058545864,0.0,0
2018-05-27 19:01:06.443,220.14,0.138058545864,0.0,0
2018-05-27 19:01:06.536,220.98,0.138058545864,0.0,0
2018-05-27 19:01:06.620,221.01,0.138058545864,0.0,0
2018-05-27 19:01:06.704,221.32,0.138058545864,0.0,0
2018-05-27 19:01:06.890,219.63,0.138058545864,0.0,0
2018-05-27 19:01:07.145,220.47,0.138058545864,0.0,0
2018-05-27 19:01:07.238,219.64,0.138058545864,0.0,0
2018-05-27 19:01:07.424,218.43,0.138058545864,0.0,0
2018-05-27 19:01:07.778,218.36,0.138058545864,0.0,0
2018-05-27 19:01:07.871,219.47,0.138058545864,0.0,0
2018-05-27 19:01:08.126,217.43,0.138058545864,0.0,0
2018-05-27 19:01:08.219,219.54,0.138058545864,0.0,0
2018-05-27 19:01:08.396,218.84,0.138058545864,0.0,0
2018-05-27 19:01:08.583,217.99,0.138058545864,0.0,0
2018-05-27 19:01:08.676,218.99,0.138058545864,0.0,0
2018-05-27 19:01:08.769,218.16,0.138058545864,0.0,0
2018-05-27 19:01:08.862,217.46,0.138058545864,0.0,0
2018-05-27 19:01:09.024,217.76,0.138058545864,0.0,0
2018-05-27 19:01:09.117,219.0,0.138058545864,0.0,0
2018-05-27 19:01:09.210,217.42,0.138058545864,0.0,0
2018-05-27 19:01:09.294,219.12,0.138058545864,0.0,0
2018-05-27 19:01:09.387,217.71,0.138058545864,0.0,0
2018-05-27 19:01:09.480,217.81,0.138058545864,0.0,0
2018-05-27 19:01:09.573,219.55,0.138058545864,0.0,0
2018-05-27 19:01:09.666,220.02,0.138058545864,0.0,0
2018-05-27 19:01:09.759,218.44,0.138058545864,0.0,0
2018-05-27 19:01:09.843,220.55,0.138058545864,0.0,0
2018-05-27 19:01:10.005,219.02,0.138058545864,0.0,0
2018-05-27 19:01:10.099,219.71,0.138058545864,0.0,0
2018-05-27 19:01:10.192,220.84,0.138058545864,0.0,0
2018-05-27 19:01:10.275,219.74,0.138058545864,0.0,0
2018-05-27 19:01:10.368,222.11,0.138058545864,0.0,0
2018-05-27 19:01:10.461,220.91,0.138058545864,0.0,0
2018-05-27 19:01:10.555,220.77,0.138058545864,0.0,0
2018-05-27 19:01:10.648,221.52,0.138058545864,0.0,0
2018-05-27 19:01:10.741,221.22,0.138058545864,0.0,0
2018-05-27 19:01:10.825,221.19,0.138058545864,0.0,0
2018-05-27 19:01:10.909,223.29,0.138058545864,0.0,0
2018-05-27 19:01:11.070,222.05,0.138058545864,0.0,0
2018-05-27 19:01:11.163,222.33,0.138058545864,0.0,0
2018-05-27 19:01:11.257,222.64,0.138058545864,0.0,0
2018-05-27 19:01:11.443,222.91,0.138058545864,0.0,0
2018-05-27 19:01:11.536,222.37,0.138058545864,0.0,0
2018-05-27 19:01:11.629,221.52,0.138058545864,0.0,0
2018-05-27 19:01:11.806,219.62,0.138058545864,0.0,0
2018-05-27 19:01:11.899,219.32,0.138058545864,0.0,0
2018-05-27 19:01:12.061,220.73,0.138058545864,0.0,0
2018-05-27 19:01:12.154,219.91,0.138058545864,0.0,0
2018-05-27 19:01:12.247,217.82,0.138058545864,0.0,0
2018-05-27 19:01:12.340,216.85,0.138058545864,0.0,0
2018-05-27 19:01:12.434,217.83,0.138058545864,0.0,0
2018-05-27 19:01:12.620,215.06,0.138058545864,0.0,0
2018-05-27 19:01:12.704,214.74,0.138058545864,0.0,0
2018-05-27 19:01:12.797,215.03,0.138058545864,0.0,0
2018-05-27 19:01:13.052,212.44,0.138058545864,0.0,0
2018-05-27 19:01:13.145,214.1,0.138058545864,0.0,0
2018-05-27 19:01:13.238,212.26,0.138058545864,0.0,0
2018-05-27 19:01:13.331,213.76,0.138058545864,0.0,0
2018-05-27 19:01:13.424,211.57,0.138058545864,0.0,0
2018-05-27 19:01:13.611,211.53,0.138058545864,0.0,0
2018-05-27 19:01:13.695,212.0,0.138058545864,0.0,0
2018-05-27 19:01:13.787,209.36,0.138058545864,0.0,0
2018-05-27 19:01:14.508,206.57,0.138058545864,0.0,0
2018-05-27 19:01:14.601,204.54,0.138058545864,0.0,0
2018-05-27 19:01:14.686,203.64,0.138058545864,0.0,0
2018-05-27 19:01:14.778,204.15,0.138058545864,0.0,0
2018-05-27 19:01:14.871,203.02,0.138058545864,0.0,0
2018-05-27 19:01:15.033,201.92,0.138058545864,0.0,0
2018-05-27 19:01:15.126,201.37,0.138058545864,0.0,0
2018-05-27 19:01:15.219,199.97,0.138058545864,0.0,0
2018-05-27 19:01:15.406,198.16,0.12504656064,0.0250000003725,0
2018-05-27 19:01:15.499,197.96,0.12504656064,0.0,0
2018-05-27 19:01:15.592,194.41,0.112810386877,0.0250000003725,0
2018-05-27 19:01:15.676,194.99,0.101339266172,0.0250000003725,0
2018-05-27 19:01:15.769,192.32,0.0713912312486,0.0750000029802,0
2018-05-27 19:01:15.862,191.21,0.0353972479932,0.125,0
2018-05-27 19:01:16.024,189.1,0.0906213266162,0.22499999404,0
2018-05-27 19:01:16.117,187.43,0.151856094396,0.125,0
2018-05-27 19:01:16.210,185.53,0.251581001622,0.15000000596,0
2018-05-27 19:01:16.303,183.7,0.484751533097,0.25,0
2018-05-27 19:01:16.396,181.57,0.665983285751,0.17499999702,0
2018-05-27 19:01:16.490,179.61,0.299999996735,0.40000000596,0
2018-05-27 19:01:16.583,176.94,0.299999996735,0.17499999702,0
2018-05-27 19:01:16.676,174.2,0.299999996735,0.125,0
2018-05-27 19:01:16.760,171.97,0.299999996735,0.15000000596,0
2018-05-27 19:01:16.853,169.16,0.299999996735,0.300000011921,0
2018-05-27 19:01:17.015,166.23,0.299999996735,0.449999988079,0
2018-05-27 19:01:17.108,164.07,0.299999996735,0.15000000596,0
2018-05-27 19:01:17.201,160.83,0.299999996735,0.10000000149,0
2018-05-27 19:01:17.294,159.18,0.299999996735,0.125,0
2018-05-27 19:01:17.387,155.79,0.299999996735,0.40000000596,0
2018-05-27 19:01:17.480,154.2,0.299999996735,0.15000000596,0
2018-05-27 19:01:17.573,151.45,0.299999996735,0.15000000596,0
2018-05-27 19:01:17.667,149.47,0.299999996735,0.27500000596,0
2018-05-27 19:01:17.750,146.56,0.299999996735,0.125,0
2018-05-27 19:01:17.843,144.07,0.299999996735,0.0250000003725,0
2018-05-27 19:01:18.005,141.61,0.299999996735,0.0,0
2018-05-27 19:01:18.098,138.75,0.299999996735,0.0,0
2018-05-27 19:01:18.192,136.37,0.299999996735,0.0,0
2018-05-27 19:01:18.285,133.59,0.299999996735,0.0,0
2018-05-27 19:01:18.378,130.88,0.215067150289,0.0,0
2018-05-27 19:01:18.471,128.6,0.125046567035,0.0,0
2018-05-27 19:01:18.564,126.7,0.0628486852768,0.0,0
2018-05-27 19:01:18.657,124.59,0.071391232574,0.0,0
2018-05-27 19:01:18.834,119.68,0.12504656064,0.0,0
2018-05-27 19:01:18.923,118.06,0.138058545864,0.0,0
2018-05-27 19:01:19.080,115.45,0.138058545864,0.0,0
2018-05-27 19:01:19.164,112.72,0.138058545864,0.0,0
2018-05-27 19:01:19.257,111.2,0.138058545864,0.0,0
2018-05-27 19:01:19.350,108.44,0.138058545864,0.0,0
2018-05-27 19:01:19.443,105.23,0.138058545864,0.0,0
2018-05-27 19:01:19.527,102.78,0.138058545864,0.0,0
2018-05-27 19:01:19.620,100.31,0.12504656064,0.0250000003725,0
2018-05-27 19:01:19.704,99.63,0.112810386877,0.0250000003725,0
2018-05-27 19:01:19.797,97.0,0.101339266172,0.0250000003725,0
2018-05-27 19:01:19.890,94.95,0.101339266172,0.0,0
2018-05-27 19:01:20.052,92.37,0.0806434671136,0.0500000007451,0
2018-05-27 19:01:20.145,90.49,0.0713912319113,0.0250000003725,0
2018-05-27 19:01:20.332,86.16,0.0353972487431,0.17499999702,0
2018-05-27 19:01:20.415,84.24,0.0353972487431,0.0,0
2018-05-27 19:01:20.601,79.53,0.0353972487431,0.0,0
2018-05-27 19:01:20.685,78.18,0.0353972487431,0.0,0
2018-05-27 19:01:20.778,75.63,0.0301029998895,0.0,0
2018-05-27 19:01:20.872,72.6,0.035397249243,0.0,0
2018-05-27 19:01:21.127,68.41,0.0412947224071,0.0,0
2018-05-27 19:01:21.220,65.84,0.0412947224071,0.0,0
2018-05-27 19:01:21.313,63.8,0.0549982646878,0.0,0
2018-05-27 19:01:21.406,61.82,0.062848684178,0.0,0
2018-05-27 19:01:21.499,59.72,0.12504656064,0.0250000003725,0
2018-05-27 19:01:21.592,56.88,0.112810386877,0.0250000003725,0
2018-05-27 19:01:21.676,56.43,0.101339266172,0.0250000003725,0
2018-05-27 19:01:21.769,56.72,0.0906213267703,0.0250000003725,0
2018-05-27 19:01:21.862,58.03,0.0806434671136,0.0250000003725,0
2018-05-27 19:01:22.024,59.26,0.0713912319113,0.0250000003725,0
2018-05-27 19:01:22.117,60.11,0.0628486823466,0.0250000003725,0
2018-05-27 19:01:22.210,59.61,0.054998263009,0.0250000003725,0
2018-05-27 19:01:22.294,60.26,0.0478206693574,0.0250000003725,0
2018-05-27 19:01:22.387,60.34,0.0412947210195,0.0250000003725,0
2018-05-27 19:01:22.480,60.46,0.0412947210195,0.0250000003725,0
2018-05-27 19:01:22.574,60.56,0.0412947210195,0.0250000003725,0
2018-05-27 19:01:22.667,60.55,0.0353972479932,0.0500000007451,0
2018-05-27 19:01:22.760,60.73,0.0412947210195,0.0,0
2018-05-27 19:01:22.853,60.8,0.0478206693574,0.0,0
2018-05-27 19:01:23.015,60.25,0.054998263009,0.0,0
2018-05-27 19:01:23.108,60.24,0.0628486823466,0.0,0
2018-05-27 19:01:23.202,60.53,0.0713912319113,0.0,0
2018-05-27 19:01:23.378,60.48,0.0806434671136,0.0,0
2018-05-27 19:01:23.471,60.62,0.0906213267703,0.0,0
2018-05-27 19:01:23.564,59.82,0.101339266172,0.0,0
2018-05-27 19:01:23.657,60.04,0.112810386877,0.0,0
2018-05-27 19:01:23.741,60.34,0.138058545864,0.0,0
2018-05-27 19:01:23.918,59.85,0.138058545864,0.0,0
2018-05-27 19:01:24.164,60.42,0.138058545864,0.0,0
2018-05-27 19:01:24.257,60.79,0.138058545864,0.0,0
2018-05-27 19:01:24.350,60.01,0.138058545864,0.0,0
2018-05-27 19:01:24.443,59.88,0.138058545864,0.0,0
2018-05-27 19:01:24.536,60.23,0.138058545864,0.0,0
2018-05-27 19:01:24.714,60.41,0.138058545864,0.0,0
2018-05-27 19:01:24.806,60.28,0.138058545864,0.0,0
2018-05-27 19:01:24.900,60.28,0.138058545864,0.0,0
2018-05-27 19:01:25.061,59.28,0.138058545864,0.0,0
2018-05-27 19:01:25.154,59.82,0.138058545864,0.0,0
2018-05-27 19:01:25.248,60.34,0.138058545864,0.0,0
2018-05-27 19:01:25.341,60.36,0.138058545864,0.0,0
2018-05-27 19:01:25.434,59.99,0.138058545864,0.0,0
2018-05-27 19:01:25.527,60.31,0.138058545864,0.0,0
2018-05-27 19:01:25.620,60.64,0.138058545864,0.0,0
2018-05-27 19:01:25.797,60.47,0.138058545864,0.0,0
2018-05-27 19:01:25.890,60.12,0.138058545864,0.0,0
2018-05-27 19:01:26.052,59.81,0.138058545864,0.0,0
2018-05-27 19:01:26.145,59.96,0.138058545864,0.0,0
2018-05-27 19:01:26.238,60.14,0.138058545864,0.0,0
2018-05-27 19:01:26.332,60.29,0.138058545864,0.0,0
2018-05-27 19:01:26.425,59.49,0.138058545864,0.0,0
2018-05-27 19:01:26.611,60.31,0.138058545864,0.0,0
2018-05-27 19:01:26.695,60.46,0.138058545864,0.0,0
2018-05-27 19:01:26.788,59.91,0.138058545864,0.0,0
2018-05-27 19:01:26.881,59.74,0.138058545864,0.0,0
2018-05-27 19:01:27.043,59.77,0.138058545864,0.0,0
2018-05-27 19:01:27.136,60.19,0.138058545864,0.0,0
2018-05-27 19:01:27.229,60.21,0.138058545864,0.0,0
2018-05-27 19:01:27.415,59.56,0.138058545864,0.0,0
2018-05-27 19:01:27.508,59.79,0.138058545864,0.0,0
2018-05-27 19:01:27.695,60.32,0.138058545864,0.0,0
2018-05-27 19:01:27.779,60.34,0.138058545864,0.0,0
2018-05-27 19:01:27.872,59.78,0.138058545864,0.0,0
2018-05-27 19:01:28.033,59.61,0.138058545864,0.0,0
2018-05-27 19:01:28.127,60.67,0.138058545864,0.0,0
2018-05-27 19:01:28.313,59.52,0.138058545864,0.0,0
2018-05-27 19:01:28.406,60.12,0.138058545864,0.0,0
2018-05-27 19:01:28.499,59.63,0.138058545864,0.0,0
2018-05-27 19:01:28.592,59.99,0.138058545864,0.0,0
2018-05-27 19:01:28.676,60.17,0.138058545864,0.0,0
2018-05-27 19:01:28.769,60.49,0.138058545864,0.0,0
2018-05-27 19:01:28.862,59.74,0.138058545864,0.0,0
2018-05-27 19:01:29.024,59.97,0.138058545864,0.0,0
2018-05-27 19:01:29.117,60.12,0.138058545864,0.0,0
2018-05-27 19:01:29.210,59.63,0.138058545864,0.0,0
2018-05-27 19:01:29.304,58.98,0.138058545864,0.0,0
2018-05-27 19:01:29.397,57.58,0.138058545864,0.0,0
2018-05-27 19:01:29.490,56.31,0.138058545864,0.0,0
2018-05-27 19:01:29.677,53.37,0.138058545864,0.0,0
2018-05-27 19:01:29.769,52.18,0.138058545864,0.0,0
2018-05-27 19:01:29.862,50.52,0.138058545864,0.0,0
2018-05-27 19:01:30.117,46.78,0.12504656064,0.0250000003725,0
2018-05-27 19:01:30.304,44.92,0.112810386877,0.0250000003725,0
2018-05-27 19:01:30.397,43.86,0.112810386877,0.0,0
2018-05-27 19:01:30.490,42.35,0.0906213267703,0.0500000007451,0
2018-05-27 19:01:30.583,41.65,0.0713912319113,0.0500000007451,0
2018-05-27 19:01:30.677,40.83,0.054998263009,0.0500000007451,0
2018-05-27 19:01:30.760,40.36,0.0353972475766,0.0750000029802,0
2018-05-27 19:01:30.853,39.3,0.0301030009329,0.0250000003725,0
2018-05-27 19:01:31.015,38.61,0.0301030009329,0.0,0
2018-05-27 19:01:31.108,37.46,0.0549982662546,0.10000000149,0
2018-05-27 19:01:31.201,36.09,0.138058546663,0.22499999404,0
2018-05-27 19:01:31.294,34.6,0.334638580654,0.300000011921,0
2018-05-27 19:01:31.387,33.32,0.381247403027,0.0500000007451,0
2018-05-27 19:01:31.481,31.21,0.405833552977,0.0750000029802,0
2018-05-27 19:01:31.574,29.45,0.541686013375,0.17499999702,0
2018-05-27 19:01:31.668,27.58,0.299999996735,0.20000000298,0
2018-05-27 19:01:31.751,26.25,0.299999996735,0.17499999702,0
2018-05-27 19:01:31.844,24.8,0.299999996735,0.17499999702,0
2018-05-27 19:01:32.006,23.45,0.299999996735,0.17499999702,0
2018-05-27 19:01:32.099,21.68,0.299999996735,0.15000000596,0
2018-05-27 19:01:32.192,19.33,0.299999996735,0.17499999702,0
2018-05-27 19:01:32.285,17.82,0.299999996735,0.17499999702,0
2018-05-27 19:01:32.471,13.33,0.299999996735,0.20000000298,0
2018-05-27 19:01:32.564,10.37,0.299999996735,0.22499999404,0
2018-05-27 19:01:32.658,8.61,0.299999996735,0.22499999404,0
2018-05-27 19:01:32.741,6.86,0.299999996735,0.300000011921,0
2018-05-27 19:01:32.835,3.48,0.299999996735,0.27500000596,0
2018-05-27 19:01:32.923,2.23,0.299999996735,0.27500000596,0
2018-05-27 19:01:33.080,1.69,0.299999996735,0.34999999404,0
2018-05-27 19:01:33.164,1.19,0.299999996735,0.27500000596,0
2018-05-27 19:01:33.257,0.74,0.299999996735,0.27500000596,0
2018-05-27 19:01:33.350,0.53,0.299999996735,0.300000011921,0
2018-05-27 19:01:33.443,0.42,0.299999996735,0.27500000596,0
2018-05-27 19:01:33.537,0.34,0.299999996735,0.27500000596,0
2018-05-27 19:01:33.620,0.3,0.299999996735,0.27500000596,0
2018-05-27 19:01:33.797,0.23,0.299999996735,0.27500000596,0
2018-05-27 19:01:34.052,0.0,0.299999996735,0.15000000596,0
2018-05-27 19:01:34.145,0.0,0.299999996735,0.10000000149,0
2018-05-27 19:01:34.239,0.0,0.299999996735,0.125,0
2018-05-27 19:01:34.416,0.0,0.299999996735,0.0,0
2018-05-27 19:01:34.509,0.0,0.299999996735,0.0,0
2018-05-27 19:01:34.602,0.0,0.299999996735,0.0,0
2018-05-27 19:01:34.695,0.0,0.299999996735,0.0,0
2018-05-27 19:01:34.779,0.0,0.381247408427,0.0,0
2018-05-27 19:01:34.872,0.0,0.1664480648,0.0,0
2018-05-27 19:01:35.034,0.0,0.0478206723167,0.0,0
2018-05-27 19:01:35.127,0.0,0.0478206698676,0.0,0
2018-05-27 19:01:35.220,0.0,0.0806434678298,0.0,0
2018-05-27 19:01:35.314,0.0,0.0713912305859,0.15000000596,0
2018-05-27 19:01:35.406,0.0,0.0412947200945,0.10000000149,0
2018-05-27 19:01:35.490,0.0,0.0478206723167,0.125,0
2018-05-27 19:01:35.583,0.0,0.0478206723167,0.0,0
2018-05-27 19:01:35.676,0.0,0.0478206723167,0.0,0
2018-05-27 19:01:35.863,0.0,0.0478206723167,0.0,0
2018-05-27 19:01:36.025,0.0,0.0478206723167,0.0,0
2018-05-27 19:01:36.111,0.0,0.0478206723167,0.0,0
2018-05-27 19:01:36.201,0.0,0.0478206723167,0.0,0
2018-05-27 19:01:36.295,0.0,0.0478206723167,0.0,0
2018-05-27 19:01:36.388,0.0,0.0478206698676,0.0,0
2018-05-27 19:01:36.481,0.0,0.0806434678298,0.0,0
2018-05-27 19:01:36.574,0.0,0.138058545864,0.0,0
2018-05-27 19:01:36.667,0.0,0.138058545864,0.0,0
2018-05-27 19:01:36.751,0.0,0.138058545864,0.0,0
2018-05-27 19:01:36.844,0.0,0.138058545864,0.0,0
2018-05-27 19:01:37.006,0.0,0.138058545864,0.0,0
2018-05-27 19:01:37.099,0.0,0.138058545864,0.0,0
2018-05-27 19:01:37.285,0.0,0.138058545864,0.0,0
2018-05-27 19:01:37.378,0.0,0.138058545864,0.0,0
2018-05-27 19:01:37.471,0.0,0.138058545864,0.0,0
2018-05-27 19:01:37.565,0.0,0.138058545864,0.0,0
2018-05-27 19:01:37.835,0.0,0.138058545864,0.0,0
2018-05-27 19:01:37.928,0.0,0.138058545864,0.0,0
2018-05-27 19:01:38.090,0.0,0.138058545864,0.0,0
2018-05-27 19:01:38.183,0.0,0.138058545864,0.0,0
2018-05-27 19:01:38.276,0.0,0.138058545864,0.0,0
2018-05-27 19:01:38.648,0.0,0.138058545864,0.0,0
2018-05-27 19:01:38.737,0.0,0.138058545864,0.0,0
2018-05-27 19:01:38.909,0.0,0.138058545864,0.0,0
2018-05-27 19:01:39.164,0.0,0.138058545864,0.0,0
2018-05-27 19:01:39.257,0.0,0.138058545864,0.0,0
2018-05-27 19:01:39.350,0.0,0.138058545864,0.0,0
2018-05-27 19:01:39.444,0.0,0.138058545864,0.0,0
2018-05-27 19:01:39.537,0.0,0.138058545864,0.0,0
2018-05-27 19:01:39.630,0.0,0.138058545864,0.0,0
2018-05-27 19:01:39.714,0.0,0.138058545864,0.0,0
2018-05-27 19:01:39.807,0.0,0.138058545864,0.0,0
2018-05-27 19:01:39.900,0.0,0.138058545864,0.0,0
2018-05-27 19:01:40.155,0.0,0.138058545864,0.0,0
2018-05-27 19:01:40.341,0.0,0.138058545864,0.0,0
2018-05-27 19:01:40.527,0.0,0.138058545864,0.0,0
2018-05-27 19:01:40.621,0.0,0.138058545864,0.0,0
2018-05-27 19:01:40.704,0.0,0.138058545864,0.0,0
2018-05-27 19:01:40.798,0.0,0.138058545864,0.0,0
2018-05-27 19:01:40.891,0.0,0.138058545864,0.0,0
2018-05-27 19:01:41.052,0.0,0.138058545864,0.0,0
2018-05-27 19:01:41.146,0.0,0.138058545864,0.0,0
2018-05-27 19:01:41.239,0.0,0.138058545864,0.0,0
2018-05-27 19:01:41.332,0.0,0.138058545864,0.0,0
2018-05-27 19:01:41.518,0.0,0.138058545864,0.0,0
2018-05-27 19:01:41.695,3.43,0.138058545864,0.0,0
2018-05-27 19:01:41.788,5.27,0.138058545864,0.0,0
2018-05-27 19:01:41.881,6.4,0.138058545864,0.0,0
2018-05-27 19:01:42.043,7.63,0.138058545864,0.0,0
2018-05-27 19:01:42.136,8.75,0.138058545864,0.0,0
2018-05-27 19:01:42.230,9.97,0.138058545864,0.0,0
2018-05-27 19:01:42.323,11.37,0.138058545864,0.0,0
2018-05-27 19:01:42.509,13.93,0.138058545864,0.0,0
2018-05-27 19:01:42.686,16.52,0.138058545864,0.0,0
2018-05-27 19:01:42.779,18.22,0.138058545864,0.0,0
2018-05-27 19:01:42.872,19.66,0.138058545864,0.0,0
2018-05-27 19:01:43.034,20.96,0.138058545864,0.0,0
2018-05-27 19:01:43.127,22.36,0.138058545864,0.0,0
2018-05-27 19:01:43.220,23.67,0.12504656064,0.0250000003725,0
2018-05-27 19:01:43.313,25.32,0.112810386877,0.0250000003725,0
2018-05-27 19:01:43.406,26.23,0.101339266172,0.0250000003725,0
2018-05-27 19:01:43.500,27.77,0.0906213267703,0.0250000003725,0
2018-05-27 19:01:43.593,29.23,0.0713912319113,0.0500000007451,0
2018-05-27 19:01:43.677,30.27,0.0412947210195,0.10000000149,0
2018-05-27 19:01:43.770,31.91,0.0628486834454,0.17499999702,0
2018-05-27 19:01:43.863,33.73,0.215067146393,0.300000011921,0
2018-05-27 19:01:44.025,34.51,0.312609635675,0.125,0
2018-05-27 19:01:44.118,36.01,0.357516748016,0.0500000007451,0
2018-05-27 19:01:44.211,37.27,0.431277960212,0.10000000149,0
2018-05-27 19:01:44.286,38.28,0.999998601748,0.699999988079,0
2018-05-27 19:01:44.388,39.87,0.299999996735,0.0,0
2018-05-27 19:01:44.472,41.35,0.299999996735,0.0,0
2018-05-27 19:01:44.565,43.04,0.299999996735,0.0,0
2018-05-27 19:01:44.658,43.92,0.299999996735,0.0,0
2018-05-27 19:01:44.742,45.77,0.299999996735,0.0750000029802,0
2018-05-27 19:01:44.835,47.19,0.299999996735,0.0250000003725,0
2018-05-27 19:01:44.923,48.94,0.431277939006,0.0250000003725,0
2018-05-27 19:01:45.081,50.5,0.405833530612,0.0250000003725,0
2018-05-27 19:01:45.164,51.91,0.334638562253,0.0250000003725,0
2018-05-27 19:01:45.257,53.13,0.0549982624494,0.0250000003725,0
2018-05-27 19:01:45.351,54.7,0.0549982624494,0.0,0
2018-05-27 19:01:45.444,55.77,0.0549982624494,0.0,0
2018-05-27 19:01:45.537,57.47,0.0549982624494,0.0,0
2018-05-27 19:01:45.630,59.04,0.0549982624494,0.0,0
2018-05-27 19:01:45.714,60.72,0.0806434671136,0.0,0
2018-05-27 19:01:45.807,61.31,0.0906213267703,0.0,0
2018-05-27 19:01:45.900,61.05,0.101339266172,0.0,0
2018-05-27 19:01:46.146,59.46,0.112810386877,0.0,0
2018-05-27 19:01:46.239,59.59,0.12504656064,0.0,0
2018-05-27 19:01:46.332,60.14,0.138058545864,0.0,0
2018-05-27 19:01:46.425,60.23,0.138058545864,0.0,0
2018-05-27 19:01:46.518,59.63,0.138058545864,0.0,0
2018-05-27 19:01:46.611,60.29,0.138058545864,0.0,0
2018-05-27 19:01:46.695,60.02,0.138058545864,0.0,0
2018-05-27 19:01:46.872,60.1,0.138058545864,0.0,0
2018-05-27 19:01:47.034,59.32,0.138058545864,0.0,0
2018-05-27 19:01:47.127,59.83,0.138058545864,0.0,0
2018-05-27 19:01:47.220,59.37,0.138058545864,0.0,0
2018-05-27 19:01:47.313,59.77,0.138058545864,0.0,0
2018-05-27 19:01:47.500,59.81,0.138058545864,0.0,0
2018-05-27 19:01:47.593,59.48,0.138058545864,0.0,0
2018-05-27 19:01:47.686,59.93,0.138058545864,0.0,0
2018-05-27 19:01:47.780,59.95,0.138058545864,0.0,0
2018-05-27 19:01:48.025,59.48,0.138058545864,0.0,0
2018-05-27 19:01:48.211,60.26,0.138058545864,0.0,0
2018-05-27 19:01:48.397,59.39,0.138058545864,0.0,0
2018-05-27 19:01:48.490,59.71,0.138058545864,0.0,0
2018-05-27 19:01:48.584,59.99,0.138058545864,0.0,0
2018-05-27 19:01:48.677,59.59,0.138058545864,0.0,0
2018-05-27 19:01:48.770,58.94,0.138058545864,0.0,0
2018-05-27 19:01:49.015,59.73,0.138058545864,0.0,0
2018-05-27 19:01:49.109,59.67,0.138058545864,0.0,0
2018-05-27 19:01:49.202,59.39,0.138058545864,0.0,0
2018-05-27 19:01:49.295,60.16,0.138058545864,0.0,0
2018-05-27 19:01:49.388,59.61,0.138058545864,0.0,0
2018-05-27 19:01:49.481,59.35,0.138058545864,0.0,0
2018-05-27 19:01:49.574,59.53,0.138058545864,0.0,0
2018-05-27 19:01:49.667,59.68,0.138058545864,0.0,0
2018-05-27 19:01:49.751,59.69,0.138058545864,0.0,0
2018-05-27 19:01:49.928,59.75,0.138058545864,0.0,0
2018-05-27 19:01:50.090,59.29,0.138058545864,0.0,0
2018-05-27 19:01:50.183,59.78,0.138058545864,0.0,0
2018-05-27 19:01:50.369,59.73,0.138058545864,0.0,0
2018-05-27 19:01:50.462,59.15,0.138058545864,0.0,0
2018-05-27 19:01:50.649,59.73,0.138058545864,0.0,0
2018-05-27 19:01:50.737,59.89,0.138058545864,0.0,0
2018-05-27 19:01:50.826,58.8,0.138058545864,0.0,0
2018-05-27 19:01:50.910,59.48,0.138058545864,0.0,0
2018-05-27 19:01:51.071,59.85,0.138058545864,0.0,0
2018-05-27 19:01:51.164,59.96,0.138058545864,0.0,0
2018-05-27 19:01:51.258,59.2,0.138058545864,0.0,0
2018-05-27 19:01:51.444,60.02,0.138058545864,0.0,0
2018-05-27 19:01:51.714,59.51,0.138058545864,0.0,0
2018-05-27 19:01:51.900,60.03,0.138058545864,0.0,0
2018-05-27 19:01:52.062,59.93,0.138058545864,0.0,0
2018-05-27 19:01:52.248,59.9,0.138058545864,0.0,0
2018-05-27 19:01:52.519,59.66,0.138058545864,0.0,0
2018-05-27 19:01:52.798,59.97,0.138058545864,0.0,0
2018-05-27 19:01:52.891,60.07,0.138058545864,0.0,0
2018-05-27 19:01:53.425,59.12,0.138058545864,0.0,0
2018-05-27 19:01:53.602,59.89,0.138058545864,0.0,0
2018-05-27 19:01:53.779,59.84,0.138058545864,0.0,0
2018-05-27 19:01:53.872,59.74,0.138058545864,0.0,0
2018-05-27 19:01:54.220,59.95,0.138058545864,0.0,0
2018-05-27 19:01:54.314,59.68,0.138058545864,0.0,0
2018-05-27 19:01:54.500,60.1,0.138058545864,0.0,0
2018-05-27 19:01:54.677,60.37,0.138058545864,0.0,0
2018-05-27 19:01:54.770,60.24,0.138058545864,0.0,0
2018-05-27 19:01:54.863,59.69,0.138058545864,0.0,0
2018-05-27 19:01:55.025,60.36,0.138058545864,0.0,0
2018-05-27 19:01:55.118,60.54,0.138058545864,0.0,0
2018-05-27 19:01:55.211,59.94,0.138058545864,0.0,0
2018-05-27 19:01:55.304,59.81,0.138058545864,0.0,0
2018-05-27 19:01:55.481,59.54,0.138058545864,0.0,0
2018-05-27 19:01:55.667,59.76,0.138058545864,0.0,0
2018-05-27 19:01:55.751,60.69,0.138058545864,0.0,0
2018-05-27 19:01:55.844,60.43,0.138058545864,0.0,0
2018-05-27 19:01:56.006,59.78,0.138058545864,0.0,0
2018-05-27 19:01:56.100,60.49,0.138058545864,0.0,0
2018-05-27 19:01:56.193,60.59,0.138058545864,0.0,0
2018-05-27 19:01:56.286,60.14,0.138058545864,0.0,0
2018-05-27 19:01:56.369,60.19,0.138058545864,0.0,0
2018-05-27 19:01:56.463,60.41,0.138058545864,0.0,0
2018-05-27 19:01:56.551,60.13,0.138058545864,0.0,0
2018-05-27 19:01:56.640,59.18,0.138058545864,0.0,0
2018-05-27 19:01:56.723,60.27,0.138058545864,0.0,0
2018-05-27 19:01:56.817,60.37,0.138058545864,0.0,0
2018-05-27 19:01:56.910,60.51,0.138058545864,0.0,0
2018-05-27 19:01:57.072,59.96,0.138058545864,0.0,0
2018-05-27 19:01:57.165,59.83,0.138058545864,0.0,0
2018-05-27 19:01:57.248,60.19,0.138058545864,0.0,0
2018-05-27 19:01:57.435,60.28,0.138058545864,0.0,0
2018-05-27 19:01:57.621,60.41,0.138058545864,0.0,0
2018-05-27 19:01:57.798,59.83,0.138058545864,0.0,0
2018-05-27 19:01:58.053,60.97,0.138058545864,0.0,0
2018-05-27 19:01:58.146,60.35,0.138058545864,0.0,0
2018-05-27 19:01:58.332,60.32,0.138058545864,0.0,0
2018-05-27 19:01:58.519,60.01,0.138058545864,0.0,0
2018-05-27 19:01:58.696,60.78,0.138058545864,0.0,0
2018-05-27 19:01:58.872,60.27,0.138058545864,0.0,0
2018-05-27 19:01:59.128,59.9,0.138058545864,0.0,0
2018-05-27 19:01:59.221,59.95,0.138058545864,0.0,0
2018-05-27 19:01:59.314,60.38,0.138058545864,0.0,0
2018-05-27 19:01:59.407,61.98,0.138058545864,0.0,0
2018-05-27 19:01:59.500,63.19,0.138058545864,0.0,0
2018-05-27 19:01:59.593,65.1,0.138058545864,0.0,0
2018-05-27 19:01:59.677,66.9,0.138058545864,0.0,0
2018-05-27 19:01:59.770,68.31,0.138058545864,0.0,0
2018-05-27 19:01:59.854,70.45,0.138058545864,0.0,0
2018-05-27 19:02:00.016,71.84,0.138058545864,0.0,0
2018-05-27 19:02:00.109,73.59,0.138058545864,0.0,0
2018-05-27 19:02:00.295,77.89,0.138058545864,0.0,0
2018-05-27 19:02:00.388,79.6,0.138058545864,0.0,0
2018-05-27 19:02:00.481,80.87,0.138058545864,0.0,0
2018-05-27 19:02:00.575,83.43,0.138058545864,0.0,0
2018-05-27 19:02:00.751,87.95,0.138058545864,0.0,0
2018-05-27 19:02:00.835,89.54,0.138058545864,0.0,0
2018-05-27 19:02:01.165,93.5,0.138058545864,0.0,0
2018-05-27 19:02:01.342,96.27,0.138058545864,0.0,0
2018-05-27 19:02:01.435,97.72,0.138058545864,0.0,0
2018-05-27 19:02:01.528,97.84,0.138058545864,0.0,0
2018-05-27 19:02:01.622,99.33,0.138058545864,0.0,0
2018-05-27 19:02:01.714,100.11,0.138058545864,0.0,0
2018-05-27 19:02:01.798,101.36,0.138058545864,0.0,0
2018-05-27 19:02:02.053,105.01,0.138058545864,0.0,0
2018-05-27 19:02:02.241,106.59,0.138058545864,0.0,0
2018-05-27 19:02:02.333,108.63,0.138058545864,0.0,0
2018-05-27 19:02:02.426,109.3,0.138058545864,0.0,0
2018-05-27 19:02:02.519,111.53,0.138058545864,0.0,0
2018-05-27 19:02:02.705,113.73,0.138058545864,0.0,0
2018-05-27 19:02:02.798,116.43,0.138058545864,0.0,0
2018-05-27 19:02:03.053,119.09,0.12504656064,0.0250000003725,0
2018-05-27 19:02:03.146,120.13,0.101339266172,0.0500000007451,0
2018-05-27 19:02:03.239,121.07,0.101339266172,0.0,0
2018-05-27 19:02:03.333,123.15,0.101339266172,0.0,0
2018-05-27 19:02:03.416,124.16,0.101339266172,0.0,0
2018-05-27 19:02:03.509,126.25,0.0906213267703,0.0250000003725,0
2018-05-27 19:02:03.686,127.5,0.0906213267703,0.0,0
2018-05-27 19:02:03.779,130.02,0.0906213267703,0.0,0
2018-05-27 19:02:03.873,130.07,0.0806434671136,0.0250000003725,0
2018-05-27 19:02:04.128,132.28,0.0713912319113,0.0250000003725,0
2018-05-27 19:02:04.221,134.08,0.0713912319113,0.0250000003725,0
2018-05-27 19:02:04.398,136.41,0.0713912319113,0.0500000007451,0
2018-05-27 19:02:04.491,137.4,0.054998263009,0.0500000007451,0
2018-05-27 19:02:04.584,138.36,0.0353972475766,0.0750000029802,0
2018-05-27 19:02:04.677,139.87,0.0412947241646,0.0750000029802,0
2018-05-27 19:02:04.770,141.47,0.0628486864977,0.10000000149,0
2018-05-27 19:02:04.863,142.8,0.101339271792,0.10000000149,0
2018-05-27 19:02:05.025,144.01,0.215067147691,0.20000000298,0
2018-05-27 19:02:05.119,145.17,0.357516751489,0.20000000298,0
2018-05-27 19:02:05.212,144.27,0.457583180476,0.125,0
2018-05-27 19:02:05.305,145.53,0.733315709284,0.25,0
2018-05-27 19:02:05.398,146.49,0.299999996735,0.22499999404,0
2018-05-27 19:02:05.491,147.38,0.299999996735,0.15000000596,0
2018-05-27 19:02:05.584,149.04,0.299999996735,0.22499999404,0
2018-05-27 19:02:05.677,150.35,0.299999996735,0.17499999702,0
2018-05-27 19:02:05.770,149.82,0.299999996735,0.17499999702,0
2018-05-27 19:02:05.863,150.02,0.299999996735,0.15000000596,0
2018-05-27 19:02:06.025,152.65,0.299999996735,0.20000000298,0
2018-05-27 19:02:06.118,152.99,0.299999996735,0.22499999404,0
2018-05-27 19:02:06.212,152.81,0.299999996735,0.22499999404,0
2018-05-27 19:02:06.305,154.59,0.299999996735,0.27500000596,0
2018-05-27 19:02:06.388,155.33,0.299999996735,0.300000011921,0
2018-05-27 19:02:06.481,155.81,0.299999996735,0.375,0
2018-05-27 19:02:06.575,156.24,0.299999996735,0.300000011921,0
2018-05-27 19:02:06.668,158.02,0.299999996735,0.324999988079,0
2018-05-27 19:02:06.761,157.91,0.299999996735,0.300000011921,0
2018-05-27 19:02:06.845,158.44,0.299999996735,0.27500000596,0
2018-05-27 19:02:07.007,160.02,0.299999996735,0.0250000003725,0
2018-05-27 19:02:07.100,159.64,0.299999996735,0.0250000003725,0
2018-05-27 19:02:07.184,160.44,0.299999996735,0.0250000003725,0
2018-05-27 19:02:07.277,162.47,0.299999996735,0.10000000149,0
2018-05-27 19:02:07.370,161.82,0.299999996735,0.10000000149,0
2018-05-27 19:02:07.463,164.07,0.299999996735,0.125,0
2018-05-27 19:02:07.556,163.39,0.299999996735,0.0500000007451,0
2018-05-27 19:02:07.649,164.77,0.299999996735,0.0500000007451,0
2018-05-27 19:02:07.738,165.41,0.25158100731,0.0,0
2018-05-27 19:02:07.826,166.02,0.112810390233,0.0500000007451,0
2018-05-27 19:02:08.072,167.24,0.125046564214,0.0500000007451,0
2018-05-27 19:02:08.165,167.88,0.138058549659,0.0500000007451,0
2018-05-27 19:02:08.258,168.88,0.166448062567,0.0750000029802,0
2018-05-27 19:02:08.351,169.18,0.151856101798,0.0750000029802,0
2018-05-27 19:02:08.444,169.53,0.138058552655,0.0750000029802,0
2018-05-27 19:02:08.631,169.9,0.112810394648,0.0750000029802,0
2018-05-27 19:02:08.724,171.59,0.138058554652,0.10000000149,0
2018-05-27 19:02:08.891,173.95,0.198046622995,0.15000000596,0
2018-05-27 19:02:09.054,175.07,0.251581017264,0.0750000029802,0
2018-05-27 19:02:09.146,174.37,0.271084903279,0.0750000029802,0
2018-05-27 19:02:09.239,175.03,0.251581018686,0.0250000003725,0
2018-05-27 19:02:09.333,176.7,0.251581018686,0.0500000007451,0
2018-05-27 19:02:09.519,175.5,0.198046624233,0.0,0
2018-05-27 19:02:09.612,174.13,0.151856107086,0.0,0
2018-05-27 19:02:09.789,173.47,0.106992614064,0.0250000003725,0
2018-05-27 19:02:10.035,174.37,0.106992614064,0.0750000029802,0
2018-05-27 19:02:10.128,172.52,0.0797802903587,0.0250000003725,0
2018-05-27 19:02:10.314,173.27,0.0450754604846,0.0250000003725,0
2018-05-27 19:02:10.593,172.94,0.0346409300026,0.0250000003725,0
2018-05-27 19:02:10.677,172.28,0.0346409272371,0.0250000003725,0
2018-05-27 19:02:10.770,172.37,0.0346409272371,0.0250000003725,0
2018-05-27 19:02:10.863,174.69,0.0301030010821,0.0750000029802,0
2018-05-27 19:02:11.025,174.18,0.0450754604846,0.0750000029802,0
2018-05-27 19:02:11.118,173.36,0.0510039917548,0.0250000003725,0
2018-05-27 19:02:11.305,175.94,0.0643548835086,0.0750000029802,0
2018-05-27 19:02:11.398,175.55,0.0450754604846,0.0,0
2018-05-27 19:02:11.491,175.59,0.0396262333,0.0,0
2018-05-27 19:02:11.584,175.67,0.0346409303572,0.0,0
2018-05-27 19:02:11.678,176.32,0.0346409303572,0.0250000003725,0
2018-05-27 19:02:11.771,178.57,0.0346409303572,0.0250000003725,0
2018-05-27 19:02:11.863,178.85,0.0450754609083,0.0750000029802,0
2018-05-27 19:02:12.025,178.36,0.0346409303572,0.0250000003725,0
2018-05-27 19:02:12.212,178.18,0.0396262294925,0.0,0
2018-05-27 19:02:12.398,178.27,0.0396262294925,0.0250000003725,0
2018-05-27 19:02:12.584,180.29,0.0510039877074,0.0250000003725,0
2018-05-27 19:02:12.854,180.54,0.0450754567563,0.0250000003725,0
2018-05-27 19:02:13.016,181.75,0.0450754567563,0.0,0
2018-05-27 19:02:13.109,183.03,0.0450754567563,0.0,0
2018-05-27 19:02:13.202,183.46,0.251623241203,0.649999976158,0
2018-05-27 19:02:13.295,184.22,0.235446063794,0.0,0
2018-05-27 19:02:13.389,184.67,0.303895204107,0.17499999702,0
2018-05-27 19:02:13.575,185.5,0.471149505052,0.22499999404,0
2018-05-27 19:02:13.752,185.41,0.768376014445,0.27500000596,0
2018-05-27 19:02:13.845,185.24,0.299999996735,0.0750000029802,0
2018-05-27 19:02:14.007,185.03,0.299999996735,0.22499999404,0
2018-05-27 19:02:14.100,185.57,0.299999996735,0.27500000596,0
2018-05-27 19:02:14.193,185.63,0.299999996735,0.15000000596,0
2018-05-27 19:02:14.379,185.81,0.299999996735,0.27500000596,0
2018-05-27 19:02:14.472,186.48,0.299999996735,0.20000000298,0
2018-05-27 19:02:14.659,188.07,0.299999996735,0.17499999702,0
2018-05-27 19:02:14.836,187.7,0.299999996735,0.27500000596,0
2018-05-27 19:02:14.924,188.93,0.299999996735,0.22499999404,0
2018-05-27 19:02:15.165,189.55,0.299999996735,0.20000000298,0
2018-05-27 19:02:15.351,190.53,0.299999996735,0.300000011921,0
2018-05-27 19:02:15.445,189.76,0.299999996735,0.0,0
2018-05-27 19:02:15.528,190.43,0.299999996735,0.0,0
2018-05-27 19:02:15.621,191.01,0.299999996735,0.0,0
2018-05-27 19:02:15.798,190.78,0.299999996735,0.0,0
2018-05-27 19:02:15.891,192.54,0.299999996735,0.0,0
2018-05-27 19:02:16.053,192.75,0.361834011797,0.0,0
2018-05-27 19:02:16.146,192.21,0.268421894587,0.15000000596,0
2018-05-27 19:02:16.240,192.38,0.219887143969,0.15000000596,0
2018-05-27 19:02:16.333,192.39,0.190609701952,0.15000000596,0
2018-05-27 19:02:16.417,193.02,0.117185456256,0.15000000596,0
2018-05-27 19:02:16.687,194.5,0.176883340917,0.125,0
2018-05-27 19:02:16.780,194.07,0.251623269456,0.125,0
2018-05-27 19:02:16.873,195.3,0.341887467218,0.125,0
2018-05-27 19:02:17.035,196.24,0.448002986952,0.125,0
2018-05-27 19:02:17.128,195.54,0.570195914966,0.125,0
2018-05-27 19:02:17.398,196.73,0.299999996735,0.125,0
2018-05-27 19:02:17.491,198.33,0.299999996735,0.0,0
2018-05-27 19:02:17.584,198.59,0.425499743178,0.0250000003725,0
2018-05-27 19:02:17.678,197.91,0.303895227368,0.0,0
2018-05-27 19:02:17.770,198.38,0.204942922185,0.0,0
2018-05-27 19:02:18.026,199.13,0.139299251582,0.0,0
2018-05-27 19:02:18.119,199.42,0.0882983602088,0.0,0
2018-05-27 19:02:18.212,200.86,0.0510039889952,0.0,0
2018-05-27 19:02:18.296,201.38,0.0301029997946,0.0250000003725,0
2018-05-27 19:02:18.389,200.78,0.0574260728753,0.0,0
2018-05-27 19:02:18.482,200.58,0.0973662377625,0.0,0
2018-05-27 19:02:18.575,201.84,0.0973662377625,0.0,0
2018-05-27 19:02:18.761,201.12,0.10699260683,0.0,0
2018-05-27 19:02:18.845,201.97,0.10699260683,0.0,0
2018-05-27 19:02:19.100,203.16,0.10699260683,0.0,0
2018-05-27 19:02:19.184,203.61,0.10699260683,0.0,0
2018-05-27 19:02:19.277,203.37,0.10699260683,0.0,0
2018-05-27 19:02:19.370,205.64,0.10699260683,0.0,0
2018-05-27 19:02:19.463,204.18,0.117185446262,0.0,0
2018-05-27 19:02:19.649,205.57,0.117185446262,0.0,0
2018-05-27 19:02:19.738,205.9,0.117185446262,0.0,0
2018-05-27 19:02:19.910,206.93,0.10699260683,0.0250000003725,0
2018-05-27 19:02:20.072,206.61,0.10699260683,0.0,0
2018-05-27 19:02:20.258,207.44,0.0973662377625,0.0250000003725,0
2018-05-27 19:02:20.445,208.37,0.0973662377625,0.0,0
2018-05-27 19:02:20.538,210.17,0.0973662377625,0.0,0
2018-05-27 19:02:20.631,208.9,0.0973662377625,0.0,0
2018-05-27 19:02:20.724,209.74,0.0973662377625,0.0,0
2018-05-27 19:02:20.817,209.83,0.0973662377625,0.0,0
2018-05-27 19:02:20.901,209.89,0.0973662377625,0.0,0
2018-05-27 19:02:21.063,211.25,0.0973662377625,0.0,0
2018-05-27 19:02:21.249,212.37,0.0973662377625,0.0250000003725,0
2018-05-27 19:02:21.342,211.64,0.0882983596848,0.0250000003725,0
2018-05-27 19:02:21.528,212.63,0.0882983596848,0.0250000003725,0
2018-05-27 19:02:21.799,213.16,0.0797802843376,0.0250000003725,0
2018-05-27 19:02:21.883,213.09,0.0718025540237,0.0250000003725,0
2018-05-27 19:02:22.044,214.7,0.0643548787969,0.0250000003725,0
2018-05-27 19:02:22.137,213.89,0.0574260723781,0.0250000003725,0
2018-05-27 19:02:22.230,214.64,0.0510039881673,0.0250000003725,0
2018-05-27 19:02:22.324,215.68,0.04507545718,0.0250000003725,0
2018-05-27 19:02:22.603,216.04,0.0396262302695,0.0250000003725,0
2018-05-27 19:02:22.687,216.66,0.0396262302695,0.0250000003725,0
2018-05-27 19:02:22.780,217.06,0.0396262302695,0.0250000003725,0
2018-05-27 19:02:22.873,216.77,0.0396262302695,0.0250000003725,0
2018-05-27 19:02:23.128,217.45,0.0396262302695,0.0250000003725,0
2018-05-27 19:02:23.501,217.19,0.0386229639549,0.0250000003725,0
2018-05-27 19:02:23.594,217.96,0.0386229639549,0.0250000003725,0
2018-05-27 19:02:23.680,218.41,0.0386229639549,0.0250000003725,0
2018-05-27 19:02:23.771,218.22,0.0386229639549,0.0250000003725,0
2018-05-27 19:02:24.026,217.69,0.0386229639549,0.0250000003725,0
2018-05-27 19:02:24.119,217.9,0.0386229639549,0.0250000003725,0
2018-05-27 19:02:24.305,218.6,0.0386229639549,0.0250000003725,0
2018-05-27 19:02:24.398,216.77,0.0386229639549,0.0250000003725,0
2018-05-27 19:02:24.491,217.51,0.0434403874031,0.0,0
2018-05-27 19:02:24.678,217.96,0.0486450712644,0.0,0
2018-05-27 19:02:24.761,219.16,0.0542477842881,0.0,0
2018-05-27 19:02:24.854,218.22,0.0602585632336,0.0,0
2018-05-27 19:02:25.016,217.85,0.0666867459695,0.0,0
2018-05-27 19:02:25.109,219.75,0.0735410076164,0.0,0
2018-05-27 19:02:25.296,218.26,0.0808293984261,0.0,0
2018-05-27 19:02:25.389,218.96,0.0885593823437,0.0,0
2018-05-27 19:02:25.482,220.25,0.0967378754243,0.0,0
2018-05-27 19:02:25.575,218.72,0.105371283472,0.0,0
2018-05-27 19:02:25.659,220.76,0.105371283472,0.0,0
2018-05-27 19:02:25.752,218.67,0.105371283472,0.0,0
2018-05-27 19:02:25.845,219.04,0.105371283472,0.0,0
2018-05-27 19:02:26.007,219.4,0.105371283472,0.0,0
2018-05-27 19:02:26.100,220.54,0.105371283472,0.0,0
2018-05-27 19:02:26.193,218.89,0.105371283472,0.0,0
2018-05-27 19:02:26.379,219.71,0.105371283472,0.0,0
2018-05-27 19:02:26.473,219.61,0.105371283472,0.0,0
2018-05-27 19:02:26.566,218.88,0.105371283472,0.0,0
2018-05-27 19:02:26.659,218.43,0.105371283472,0.0,0
2018-05-27 19:02:26.836,218.02,0.105371283472,0.0,0
2018-05-27 19:02:27.081,217.64,0.105371283472,0.0,0
2018-05-27 19:02:27.165,217.7,0.105371283472,0.0,0
2018-05-27 19:02:27.352,219.72,0.105371283472,0.0,0
2018-05-27 19:02:27.445,219.05,0.105371283472,0.0,0
2018-05-27 19:02:27.538,218.31,0.105371283472,0.0,0
2018-05-27 19:02:27.799,218.6,0.105371283472,0.0,0
2018-05-27 19:02:28.054,219.66,0.105371283472,0.0,0
2018-05-27 19:02:28.333,218.09,0.105371283472,0.0,0
2018-05-27 19:02:28.417,218.49,0.105371283472,0.0,0
2018-05-27 19:02:28.510,218.32,0.105371283472,0.0,0
2018-05-27 19:02:28.687,218.07,0.105371283472,0.0,0
2018-05-27 19:02:28.780,219.89,0.105371283472,0.0,0
2018-05-27 19:02:29.035,218.1,0.105371283472,0.0,0
2018-05-27 19:02:29.221,219.92,0.105371283472,0.0,0
2018-05-27 19:02:29.305,218.57,0.105371283472,0.0,0
2018-05-27 19:02:29.491,218.06,0.105371283472,0.0,0
2018-05-27 19:02:29.678,220.0,0.105371283472,0.0,0
2018-05-27 19:02:29.864,217.84,0.105371283472,0.0,0
2018-05-27 19:02:30.119,220.47,0.105371283472,0.0,0
2018-05-27 19:02:30.212,220.29,0.105371283472,0.0,0
2018-05-27 19:02:30.306,218.56,0.105371283472,0.0,0
2018-05-27 19:02:30.398,219.17,0.105371283472,0.0,0
2018-05-27 19:02:30.491,220.36,0.105371283472,0.0,0
2018-05-27 19:02:30.678,218.88,0.105371283472,0.0,0
2018-05-27 19:02:30.771,219.93,0.105371283472,0.0,0
2018-05-27 19:02:30.864,221.5,0.105371283472,0.0,0
2018-05-27 19:02:31.119,220.02,0.105371283472,0.0,0
2018-05-27 19:02:31.305,222.45,0.105371283472,0.0,0
2018-05-27 19:02:31.399,222.61,0.105371283472,0.0,0
2018-05-27 19:02:31.491,221.21,0.105371283472,0.0,0
2018-05-27 19:02:31.584,221.31,0.105371283472,0.0,0
2018-05-27 19:02:31.678,222.01,0.105371283472,0.0,0
2018-05-27 19:02:31.864,223.22,0.105371283472,0.0,0
2018-05-27 19:02:32.026,221.91,0.105371283472,0.0,0
2018-05-27 19:02:32.119,222.38,0.105371283472,0.0,0
2018-05-27 19:02:32.212,221.92,0.105371283472,0.0,0
2018-05-27 19:02:32.305,223.53,0.105371283472,0.0,0
2018-05-27 19:02:32.398,223.36,0.105371283472,0.0,0
2018-05-27 19:02:32.491,222.61,0.105371283472,0.0,0
2018-05-27 19:02:32.575,223.7,0.105371283472,0.0,0
2018-05-27 19:02:32.668,222.56,0.105371283472,0.0,0
2018-05-27 19:02:32.752,222.19,0.105371283472,0.0,0
2018-05-27 19:02:32.845,223.12,0.105371283472,0.0,0
2018-05-27 19:02:33.007,222.38,0.105371283472,0.0,0
2018-05-27 19:02:33.100,220.91,0.105371283472,0.0,0
2018-05-27 19:02:33.193,221.57,0.105371283472,0.0,0
2018-05-27 19:02:33.287,221.73,0.105371283472,0.0,0
2018-05-27 19:02:33.370,221.79,0.105371283472,0.0,0
2018-05-27 19:02:33.463,222.1,0.105371283472,0.0,0
2018-05-27 19:02:33.557,223.0,0.105371283472,0.0,0
2018-05-27 19:02:33.650,223.01,0.105371283472,0.0,0
2018-05-27 19:02:33.743,221.37,0.105371283472,0.0,0
2018-05-27 19:02:33.827,223.09,0.105371283472,0.0,0
2018-05-27 19:02:33.911,221.11,0.105371283472,0.0,0
2018-05-27 19:02:34.073,222.99,0.105371283472,0.0,0
2018-05-27 19:02:34.165,222.65,0.105371283472,0.0,0
2018-05-27 19:02:34.445,221.12,0.105371283472,0.0,0
2018-05-27 19:02:34.538,222.97,0.105371283472,0.0,0
2018-05-27 19:02:34.631,221.62,0.105371283472,0.0,0
2018-05-27 19:02:34.724,220.83,0.105371283472,0.0,0
2018-05-27 19:02:34.808,222.73,0.105371283472,0.0,0
2018-05-27 19:02:35.064,220.46,0.105371283472,0.0,0
2018-05-27 19:02:35.147,222.33,0.105371283472,0.0,0
2018-05-27 19:02:35.240,220.95,0.105371283472,0.0,0
2018-05-27 19:02:35.333,221.07,0.105371283472,0.0,0
2018-05-27 19:02:35.426,221.2,0.105371283472,0.0,0
2018-05-27 19:02:35.519,222.49,0.105371283472,0.0,0
2018-05-27 19:02:35.706,220.54,0.105371283472,0.0,0
2018-05-27 19:02:35.789,222.59,0.105371283472,0.0,0
2018-05-27 19:02:36.035,222.26,0.105371283472,0.0,0
2018-05-27 19:02:36.128,220.77,0.105371283472,0.0,0
2018-05-27 19:02:36.221,221.26,0.105312078026,0.0,0
2018-05-27 19:02:36.314,221.75,0.105312078026,0.0,0
2018-05-27 19:02:36.408,223.42,0.105312078026,0.0,0
2018-05-27 19:02:36.501,222.56,0.105312078026,0.0,0
2018-05-27 19:02:36.687,222.19,0.105312078026,0.0,0
2018-05-27 19:02:36.771,223.78,0.105312078026,0.0,0
2018-05-27 19:02:36.864,222.34,0.105312078026,0.0,0
2018-05-27 19:02:37.016,223.88,0.105312078026,0.0,0
2018-05-27 19:02:37.110,223.48,0.105312078026,0.0,0
2018-05-27 19:02:37.203,223.53,0.105312078026,0.0,0
2018-05-27 19:02:37.296,223.41,0.105312078026,0.0,0
2018-05-27 19:02:37.389,223.97,0.105312078026,0.0,0
2018-05-27 19:02:37.575,225.12,0.105312078026,0.0,0
2018-05-27 19:02:37.669,224.91,0.105312078026,0.0,0
2018-05-27 19:02:37.762,224.24,0.105312078026,0.0,0
2018-05-27 19:02:37.845,225.38,0.105312078026,0.0,0
2018-05-27 19:02:38.007,225.88,0.105312078026,0.0,0
2018-05-27 19:02:38.100,224.79,0.105312078026,0.0,0
2018-05-27 19:02:38.193,225.5,0.105312078026,0.0,0
2018-05-27 19:02:38.286,225.37,0.105312078026,0.0,0
2018-05-27 19:02:38.380,225.02,0.105312078026,0.0,0
2018-05-27 19:02:38.473,225.41,0.105312078026,0.0,0
2018-05-27 19:02:38.566,225.16,0.105312078026,0.0,0
2018-05-27 19:02:38.659,225.56,0.105312078026,0.0,0
2018-05-27 19:02:38.745,225.67,0.105312078026,0.0,0
2018-05-27 19:02:38.836,226.63,0.105312078026,0.0,0
2018-05-27 19:02:38.924,224.78,0.105312078026,0.0,0
2018-05-27 19:02:39.082,225.33,0.105312078026,0.0,0
2018-05-27 19:02:39.165,225.92,0.105312078026,0.0,0
2018-05-27 19:02:39.352,224.99,0.105312078026,0.0,0
2018-05-27 19:02:39.538,227.06,0.105312078026,0.0,0
2018-05-27 19:02:39.631,226.4,0.105312078026,0.0,0
2018-05-27 19:02:39.715,226.4,0.105312078026,0.0,0
2018-05-27 19:02:39.808,226.32,0.105312078026,0.0,0
2018-05-27 19:02:39.901,226.93,0.105312078026,0.0,0
2018-05-27 19:02:40.063,226.45,0.105312078026,0.0,0
2018-05-27 19:02:40.249,227.03,0.105312078026,0.0,0
2018-05-27 19:02:40.342,228.63,0.105312078026,0.0,0
2018-05-27 19:02:40.436,229.12,0.105312078026,0.0,0
2018-05-27 19:02:40.529,229.14,0.105312078026,0.0,0
2018-05-27 19:02:40.622,229.01,0.105312078026,0.0,0
2018-05-27 19:02:40.706,228.17,0.105312078026,0.0,0
2018-05-27 19:02:40.799,227.89,0.105312078026,0.0,0
2018-05-27 19:02:40.892,229.13,0.105312078026,0.0,0
2018-05-27 19:02:41.054,229.24,0.105312078026,0.0,0
2018-05-27 19:02:41.147,229.07,0.105312078026,0.0,0
2018-05-27 19:02:41.333,228.62,0.105312078026,0.0,0
2018-05-27 19:02:41.426,228.73,0.105312078026,0.0,0
2018-05-27 19:02:41.519,229.06,0.105312078026,0.0,0
2018-05-27 19:02:41.613,228.88,0.105312078026,0.0,0
2018-05-27 19:02:41.706,228.9,0.105312078026,0.0,0
2018-05-27 19:02:41.799,228.35,0.105312078026,0.0,0
2018-05-27 19:02:41.883,230.09,0.105312078026,0.0,0
2018-05-27 19:02:42.054,228.95,0.105312078026,0.0,0
2018-05-27 19:02:42.240,229.63,0.105312078026,0.0,0
2018-05-27 19:02:42.426,229.74,0.105312078026,0.0,0
2018-05-27 19:02:42.613,230.45,0.105312078026,0.0,0
2018-05-27 19:02:42.892,230.39,0.105312078026,0.0,0
2018-05-27 19:02:43.240,230.61,0.105312078026,0.0,0
2018-05-27 19:02:43.333,231.09,0.105312078026,0.0,0
2018-05-27 19:02:43.519,232.29,0.105312078026,0.0,0
2018-05-27 19:02:43.696,230.91,0.105312078026,0.0,0
2018-05-27 19:02:43.883,230.96,0.105312078026,0.0,0
2018-05-27 19:02:44.138,231.44,0.105312078026,0.0,0
2018-05-27 19:02:44.231,231.27,0.105312078026,0.0,0
2018-05-27 19:02:44.324,231.63,0.105312078026,0.0,0
2018-05-27 19:02:44.417,232.19,0.105312078026,0.0,0
2018-05-27 19:02:44.510,231.58,0.105312078026,0.0,0
2018-05-27 19:02:44.603,231.87,0.105312078026,0.0,0
2018-05-27 19:02:44.687,232.08,0.105312078026,0.0,0
2018-05-27 19:02:44.780,232.36,0.105312078026,0.0,0
2018-05-27 19:02:44.873,232.56,0.105312078026,0.0,0
2018-05-27 19:02:45.128,232.26,0.105312078026,0.0,0
2018-05-27 19:02:45.221,232.48,0.105312078026,0.0,0
2018-05-27 19:02:45.315,232.4,0.105312078026,0.0,0
2018-05-27 19:02:45.501,232.97,0.105312078026,0.0,0
2018-05-27 19:02:45.594,232.05,0.105312078026,0.0,0
2018-05-27 19:02:46.026,231.55,0.105312078026,0.0,0
2018-05-27 19:02:46.119,231.08,0.105312078026,0.0,0
2018-05-27 19:02:46.212,230.86,0.105312078026,0.0,0
2018-05-27 19:02:46.305,229.87,0.105312078026,0.0,0
2018-05-27 19:02:46.398,229.42,0.105312078026,0.0,0
2018-05-27 19:02:46.585,225.92,0.105312078026,0.0,0
2018-05-27 19:02:46.668,227.49,0.105312078026,0.0,0
2018-05-27 19:02:46.855,224.88,0.105312078026,0.0,0
2018-05-27 19:02:47.017,223.64,0.105312078026,0.0,0
2018-05-27 19:02:47.659,224.69,0.105312078026,0.0,0
2018-05-27 19:02:47.752,223.55,0.105312078026,0.0,0
2018-05-27 19:02:47.845,222.3,0.105312078026,0.0,0
2018-05-27 19:02:48.007,222.1,0.105312078026,0.0,0
2018-05-27 19:02:48.100,221.86,0.105312078026,0.0,0
2018-05-27 19:02:48.193,223.49,0.105312078026,0.0,0
2018-05-27 19:02:48.287,223.35,0.105312078026,0.0,0
2018-05-27 19:02:48.380,221.93,0.105312078026,0.0,0
2018-05-27 19:02:48.473,221.61,0.105312078026,0.0,0
2018-05-27 19:02:48.566,221.37,0.105312078026,0.0,0
2018-05-27 19:02:48.659,223.06,0.105312078026,0.0,0
2018-05-27 19:02:48.743,222.0,0.105312078026,0.0,0
2018-05-27 19:02:48.836,221.96,0.105312078026,0.0,0
2018-05-27 19:02:48.924,220.99,0.105312078026,0.0,0
2018-05-27 19:02:49.259,221.39,0.105312078026,0.0,0
2018-05-27 19:02:49.445,223.37,0.105312078026,0.0,0
2018-05-27 19:02:49.529,221.53,0.105312078026,0.0,0
2018-05-27 19:02:49.622,222.02,0.105312078026,0.0,0
2018-05-27 19:02:49.715,222.79,0.105312078026,0.0,0
2018-05-27 19:02:49.799,222.09,0.105312078026,0.0,0
2018-05-27 19:02:49.892,223.47,0.105312078026,0.0,0
2018-05-27 19:02:50.054,223.3,0.105312078026,0.0,0
2018-05-27 19:02:50.147,221.93,0.105312078026,0.0,0
2018-05-27 19:02:50.231,223.42,0.105312078026,0.0,0
2018-05-27 19:02:50.324,224.05,0.105312078026,0.0,0
2018-05-27 19:02:50.510,222.58,0.105312078026,0.0,0
2018-05-27 19:02:50.603,223.13,0.105312078026,0.0,0
2018-05-27 19:02:50.687,223.19,0.105312078026,0.0,0
2018-05-27 19:02:50.780,223.48,0.105312078026,0.0,0
2018-05-27 19:02:50.873,223.54,0.105312078026,0.0,0
2018-05-27 19:02:51.035,224.18,0.105312078026,0.0,0
2018-05-27 19:02:51.128,225.14,0.105312078026,0.0,0
2018-05-27 19:02:51.221,225.85,0.105312078026,0.0,0
2018-05-27 19:02:51.398,226.44,0.105312078026,0.0,0
2018-05-27 19:02:51.585,226.42,0.105312078026,0.0,0
2018-05-27 19:02:51.678,224.97,0.105312078026,0.0,0
2018-05-27 19:02:51.771,224.82,0.105312078026,0.0,0
2018-05-27 19:02:51.864,225.3,0.105312078026,0.0,0
2018-05-27 19:02:52.026,225.17,0.105312078026,0.0,0
2018-05-27 19:02:52.119,225.16,0.105312078026,0.0,0
2018-05-27 19:02:52.212,225.49,0.105312078026,0.0,0
2018-05-27 19:02:52.305,224.54,0.105312078026,0.0,0
2018-05-27 19:02:52.398,223.74,0.105312078026,0.0,0
2018-05-27 19:02:52.585,222.58,0.105312078026,0.0,0
2018-05-27 19:02:52.771,223.55,0.105312078026,0.0,0
2018-05-27 19:02:52.864,222.91,0.105312078026,0.0,0
2018-05-27 19:02:53.026,221.11,0.105312078026,0.0,0
2018-05-27 19:02:53.119,221.46,0.105312078026,0.0,0
2018-05-27 19:02:53.213,220.71,0.105312078026,0.0,0
2018-05-27 19:02:53.305,222.27,0.105312078026,0.0,0
2018-05-27 19:02:53.398,221.0,0.105312078026,0.0,0
2018-05-27 19:02:53.492,220.5,0.105312078026,0.0,0
2018-05-27 19:02:53.585,220.92,0.105312078026,0.0,0
2018-05-27 19:02:53.771,221.93,0.105312078026,0.0,0
2018-05-27 19:02:53.864,220.71,0.105312078026,0.0,0
2018-05-27 19:02:54.026,220.71,0.105312078026,0.0,0
2018-05-27 19:02:54.213,221.9,0.105312078026,0.0,0
2018-05-27 19:02:54.296,220.84,0.105312078026,0.0,0
2018-05-27 19:02:54.389,221.49,0.105312078026,0.0,0
2018-05-27 19:02:54.482,221.56,0.105312078026,0.0,0
2018-05-27 19:02:54.575,219.9,0.105312078026,0.0,0
2018-05-27 19:02:54.669,220.07,0.105312078026,0.0,0
2018-05-27 19:02:54.762,222.03,0.105312078026,0.0,0
2018-05-27 19:02:54.846,220.24,0.105312078026,0.0,0
2018-05-27 19:02:55.007,221.04,0.105312078026,0.0,0
2018-05-27 19:02:55.100,221.98,0.105312078026,0.0,0
2018-05-27 19:02:55.194,220.42,0.105312078026,0.0,0
2018-05-27 19:02:55.371,221.08,0.105312078026,0.0,0
2018-05-27 19:02:55.464,220.23,0.105312078026,0.0,0
2018-05-27 19:02:55.557,220.44,0.105312078026,0.0,0
2018-05-27 19:02:55.743,221.24,0.105312078026,0.0,0
2018-05-27 19:02:55.827,221.29,0.105312078026,0.0,0
2018-05-27 19:02:56.073,220.94,0.105312078026,0.0,0
2018-05-27 19:02:56.166,221.48,0.105312078026,0.0,0
2018-05-27 19:02:56.259,221.28,0.105312078026,0.0,0
2018-05-27 19:02:56.352,220.8,0.105312078026,0.0,0
2018-05-27 19:02:56.445,220.91,0.105312078026,0.0,0
2018-05-27 19:02:56.538,223.08,0.105312078026,0.0,0
2018-05-27 19:02:56.631,223.38,0.105312078026,0.0,0
2018-05-27 19:02:56.724,222.73,0.105312078026,0.0,0
2018-05-27 19:02:56.808,223.43,0.105312078026,0.0,0
2018-05-27 19:02:56.901,222.95,0.105312078026,0.0,0
2018-05-27 19:02:57.054,222.73,0.105312078026,0.0,0
2018-05-27 19:02:57.147,224.01,0.105312078026,0.0,0
2018-05-27 19:02:57.240,223.52,0.105312078026,0.0,0
2018-05-27 19:02:57.333,222.4,0.105312078026,0.0,0
2018-05-27 19:02:57.426,223.01,0.105312078026,0.0,0
2018-05-27 19:02:57.520,224.11,0.105312078026,0.0,0
2018-05-27 19:02:57.706,225.42,0.105312078026,0.0,0
2018-05-27 19:02:57.873,224.98,0.105312078026,0.0,0
2018-05-27 19:02:58.035,224.58,0.105312078026,0.0,0
2018-05-27 19:02:58.129,224.68,0.105312078026,0.0,0
2018-05-27 19:02:58.222,225.16,0.105312078026,0.0,0
2018-05-27 19:02:58.315,224.95,0.105312078026,0.0,0
2018-05-27 19:02:58.408,225.85,0.105312078026,0.0,0
2018-05-27 19:02:58.501,226.51,0.105312078026,0.0,0
2018-05-27 19:02:58.678,225.34,0.105312078026,0.0,0
2018-05-27 19:02:58.771,226.21,0.105312078026,0.0,0
2018-05-27 19:02:58.864,226.74,0.105312078026,0.0,0
2018-05-27 19:02:59.119,225.56,0.105312078026,0.0,0
2018-05-27 19:02:59.138,225.32,0.105312078026,0.0,0
2018-05-27 19:02:59.305,226.52,0.105312078026,0.0,0
2018-05-27 19:02:59.399,225.97,0.105312078026,0.0,0
2018-05-27 19:02:59.482,226.87,0.105312078026,0.0,0
2018-05-27 19:02:59.575,226.03,0.105312078026,0.0,0
2018-05-27 19:02:59.762,226.77,0.105312078026,0.0,0
2018-05-27 19:02:59.846,227.36,0.105312078026,0.0,0
2018-05-27 19:03:00.101,226.95,0.105312078026,0.0,0
2018-05-27 19:03:00.194,227.23,0.105312078026,0.0,0
2018-05-27 19:03:00.371,228.91,0.105312078026,0.0,0
2018-05-27 19:03:00.464,228.71,0.105312078026,0.0,0
2018-05-27 19:03:00.557,228.93,0.105312078026,0.0,0
2018-05-27 19:03:00.650,228.39,0.105312078026,0.0,0
2018-05-27 19:03:00.743,228.25,0.105312078026,0.0,0
2018-05-27 19:03:00.827,228.98,0.105312078026,0.0,0
2018-05-27 19:03:00.892,228.63,0.105312078026,0.0,0
2018-05-27 19:03:01.166,228.89,0.105312078026,0.0,0
2018-05-27 19:03:01.538,229.08,0.105312078026,0.0,0
2018-05-27 19:03:01.631,229.94,0.105312078026,0.0,0
2018-05-27 19:03:01.808,230.42,0.105312078026,0.0,0
2018-05-27 19:03:02.147,230.96,0.105312078026,0.0,0
2018-05-27 19:03:02.427,232.02,0.105312078026,0.0,0
2018-05-27 19:03:02.520,232.13,0.105312078026,0.0,0
2018-05-27 19:03:02.698,230.76,0.105312078026,0.0,0
2018-05-27 19:03:02.883,230.16,0.105312078026,0.0,0
2018-05-27 19:03:03.222,232.54,0.105312078026,0.0,0
2018-05-27 19:03:03.315,232.72,0.105312078026,0.0,0
2018-05-27 19:03:03.501,233.22,0.105312078026,0.0,0
2018-05-27 19:03:03.594,233.17,0.105312078026,0.0,0
2018-05-27 19:03:03.678,231.75,0.105312078026,0.0,0
2018-05-27 19:03:03.771,231.76,0.105312078026,0.0,0
2018-05-27 19:03:03.864,231.6,0.105312078026,0.0,0
2018-05-27 19:03:04.119,232.0,0.105312078026,0.0,0
2018-05-27 19:03:04.212,232.45,0.105312078026,0.0,0
2018-05-27 19:03:04.399,233.04,0.105312078026,0.0,0
2018-05-27 19:03:04.678,233.4,0.105312078026,0.0,0
2018-05-27 19:03:04.855,233.02,0.105312078026,0.0,0
2018-05-27 19:03:05.017,233.0,0.105312078026,0.0,0
2018-05-27 19:03:05.110,232.95,0.105312078026,0.0,0
2018-05-27 19:03:05.203,232.84,0.105312078026,0.0,0
2018-05-27 19:03:05.296,233.81,0.105312078026,0.0,0
2018-05-27 19:03:05.389,233.51,0.105312078026,0.0,0
2018-05-27 19:03:05.482,233.81,0.105312078026,0.0,0
2018-05-27 19:03:05.576,233.66,0.105312078026,0.0,0
2018-05-27 19:03:05.669,233.59,0.105312078026,0.0,0
2018-05-27 19:03:05.762,233.17,0.105312078026,0.0,0
2018-05-27 19:03:05.846,230.87,0.105312078026,0.0,0
2018-05-27 19:03:06.007,230.15,0.105312078026,0.0,0
2018-05-27 19:03:06.101,229.32,0.105312078026,0.0,0
2018-05-27 19:03:06.194,228.54,0.105312078026,0.0,0
2018-05-27 19:03:06.287,227.45,0.105312078026,0.0,0
2018-05-27 19:03:06.380,228.45,0.105312078026,0.0,0
2018-05-27 19:03:06.473,227.34,0.105312078026,0.0,0
2018-05-27 19:03:06.566,227.04,0.105312078026,0.0,0
2018-05-27 19:03:06.660,225.44,0.105312078026,0.0,0
2018-05-27 19:03:06.753,223.89,0.105312078026,0.0,0
2018-05-27 19:03:06.925,222.67,0.105312078026,0.0,0
2018-05-27 19:03:07.259,221.88,0.105312078026,0.0,0
2018-05-27 19:03:07.352,223.29,0.105312078026,0.0,0
2018-05-27 19:03:07.539,221.19,0.105312078026,0.0,0
2018-05-27 19:03:07.725,221.02,0.105312078026,0.0,0
2018-05-27 19:03:07.809,220.67,0.105312078026,0.0,0
2018-05-27 19:03:07.902,219.64,0.105312078026,0.0,0
2018-05-27 19:03:08.063,221.61,0.105312078026,0.0,0
2018-05-27 19:03:08.250,219.02,0.105312078026,0.0,0
2018-05-27 19:03:08.436,220.99,0.105312078026,0.0,0
2018-05-27 19:03:08.529,220.35,0.105312078026,0.0,0
2018-05-27 19:03:08.622,219.77,0.105312078026,0.0,0
2018-05-27 19:03:08.892,219.67,0.105312078026,0.0,0
2018-05-27 19:03:09.147,220.66,0.105312078026,0.0,0
2018-05-27 19:03:09.334,219.12,0.105312078026,0.0,0
2018-05-27 19:03:09.427,220.98,0.105312078026,0.0,0
2018-05-27 19:03:09.604,220.26,0.105312078026,0.0,0
2018-05-27 19:03:09.697,221.02,0.105312078026,0.0,0
2018-05-27 19:03:09.780,219.79,0.105312078026,0.0,0
2018-05-27 19:03:10.036,219.59,0.105312078026,0.0,0
2018-05-27 19:03:10.129,220.12,0.105312078026,0.0,0
2018-05-27 19:03:10.408,220.86,0.105312078026,0.0,0
2018-05-27 19:03:10.501,220.14,0.105312078026,0.0,0
2018-05-27 19:03:10.594,221.04,0.105312078026,0.0,0
2018-05-27 19:03:10.678,221.41,0.105312078026,0.0,0
2018-05-27 19:03:10.771,221.78,0.105312078026,0.0,0
2018-05-27 19:03:11.026,223.2,0.105312078026,0.0,0
2018-05-27 19:03:11.119,224.05,0.105312078026,0.0,0
2018-05-27 19:03:11.212,222.27,0.105312078026,0.0,0
2018-05-27 19:03:11.306,223.34,0.105312078026,0.0,0
2018-05-27 19:03:11.389,223.94,0.105312078026,0.0,0
2018-05-27 19:03:11.482,223.46,0.105312078026,0.0,0
2018-05-27 19:03:11.576,223.91,0.105312078026,0.0,0
2018-05-27 19:03:11.762,224.69,0.105312078026,0.0,0
2018-05-27 19:03:11.846,223.83,0.105312078026,0.0,0
2018-05-27 19:03:12.008,224.01,0.105312078026,0.0,0
2018-05-27 19:03:12.101,224.74,0.105312078026,0.0,0
2018-05-27 19:03:12.184,223.96,0.105312078026,0.0,0
2018-05-27 19:03:12.278,224.67,0.105312078026,0.0,0
2018-05-27 19:03:12.371,223.83,0.105312078026,0.0,0
2018-05-27 19:03:12.464,224.95,0.105312078026,0.0,0
2018-05-27 19:03:12.557,226.02,0.105312078026,0.0,0
2018-05-27 19:03:12.650,224.52,0.105312078026,0.0,0
2018-05-27 19:03:12.743,223.75,0.105312078026,0.0,0
2018-05-27 19:03:12.827,224.91,0.105312078026,0.0,0
2018-05-27 19:03:13.073,223.2,0.105312078026,0.0,0
2018-05-27 19:03:13.166,224.42,0.105312078026,0.0,0
2018-05-27 19:03:13.259,223.64,0.105312078026,0.0,0
2018-05-27 19:03:13.352,221.92,0.105312078026,0.0,0
2018-05-27 19:03:13.445,220.88,0.105312078026,0.0,0
2018-05-27 19:03:13.538,221.51,0.105312078026,0.0,0
2018-05-27 19:03:13.632,222.91,0.105312078026,0.0,0
2018-05-27 19:03:13.715,221.56,0.105312078026,0.0,0
2018-05-27 19:03:13.809,221.17,0.105312078026,0.0,0
2018-05-27 19:03:13.892,220.98,0.105312078026,0.0,0
2018-05-27 19:03:14.054,221.44,0.105312078026,0.0,0
2018-05-27 19:03:14.147,222.5,0.105312078026,0.0,0
2018-05-27 19:03:14.240,221.69,0.105312078026,0.0,0
2018-05-27 19:03:14.334,220.8,0.105312078026,0.0,0
2018-05-27 19:03:14.427,220.83,0.105312078026,0.0,0
2018-05-27 19:03:14.520,220.83,0.105312078026,0.0,0
2018-05-27 19:03:14.706,221.21,0.105312078026,0.0,0
2018-05-27 19:03:14.790,222.36,0.105312078026,0.0,0
2018-05-27 19:03:14.883,222.43,0.105312078026,0.0,0
2018-05-27 19:03:15.045,219.34,0.105312078026,0.0,0
2018-05-27 19:03:15.138,220.44,0.105312078026,0.0,0
2018-05-27 19:03:15.231,221.34,0.105312078026,0.0,0
2018-05-27 19:03:15.324,221.91,0.105312078026,0.0,0
2018-05-27 19:03:15.417,220.44,0.105312078026,0.0,0
2018-05-27 19:03:15.510,220.64,0.105312078026,0.0,0
2018-05-27 19:03:15.604,221.08,0.105312078026,0.0,0
2018-05-27 19:03:15.697,222.42,0.105312078026,0.0,0
2018-05-27 19:03:15.781,220.89,0.105312078026,0.0,0
2018-05-27 19:03:15.874,222.46,0.105312078026,0.0,0
2018-05-27 19:03:16.036,222.73,0.105312078026,0.0,0
2018-05-27 19:03:16.129,220.76,0.105312078026,0.0,0
2018-05-27 19:03:16.222,221.12,0.105312078026,0.0,0
2018-05-27 19:03:16.408,223.21,0.105312078026,0.0,0
2018-05-27 19:03:16.594,221.69,0.105312078026,0.0,0
2018-05-27 19:03:16.687,222.48,0.105312078026,0.0,0
2018-05-27 19:03:16.771,224.26,0.105312078026,0.0,0
2018-05-27 19:03:16.855,223.97,0.105312078026,0.0,0
2018-05-27 19:03:17.017,224.6,0.105312078026,0.0,0
2018-05-27 19:03:17.110,224.88,0.105312078026,0.0,0
2018-05-27 19:03:17.203,223.09,0.105312078026,0.0,0
2018-05-27 19:03:17.296,224.34,0.105312078026,0.0,0
2018-05-27 19:03:17.389,224.4,0.105312078026,0.0,0
2018-05-27 19:03:17.483,224.86,0.105312078026,0.0,0
2018-05-27 19:03:17.576,226.73,0.105312078026,0.0,0
2018-05-27 19:03:17.669,227.25,0.105312078026,0.0,0
2018-05-27 19:03:17.753,224.76,0.105312078026,0.0,0
2018-05-27 19:03:17.846,225.06,0.105312078026,0.0,0
2018-05-27 19:03:18.008,227.47,0.105312078026,0.0,0
2018-05-27 19:03:18.101,226.95,0.105312078026,0.0,0
2018-05-27 19:03:18.194,226.71,0.105312078026,0.0,0
2018-05-27 19:03:18.287,226.74,0.105312078026,0.0,0
2018-05-27 19:03:18.380,226.81,0.105312078026,0.0,0
2018-05-27 19:03:18.473,227.55,0.105312078026,0.0,0
2018-05-27 19:03:18.566,227.24,0.105312078026,0.0,0
2018-05-27 19:03:18.660,227.82,0.105312078026,0.0,0
2018-05-27 19:03:18.753,227.72,0.105312078026,0.0,0
2018-05-27 19:03:18.836,228.77,0.105312078026,0.0,0
2018-05-27 19:03:18.925,228.41,0.105312078026,0.0,0
2018-05-27 19:03:19.082,228.84,0.105312078026,0.0,0
2018-05-27 19:03:19.166,228.95,0.105312078026,0.0,0
2018-05-27 19:03:19.259,227.95,0.105312078026,0.0,0
2018-05-27 19:03:19.352,228.9,0.105312078026,0.0,0
2018-05-27 19:03:19.436,230.51,0.105312078026,0.0,0
2018-05-27 19:03:19.529,230.9,0.105312078026,0.0,0
2018-05-27 19:03:19.622,231.75,0.105312078026,0.0,0
2018-05-27 19:03:19.715,232.12,0.105312078026,0.0,0
2018-05-27 19:03:19.799,231.25,0.105312078026,0.0,0
2018-05-27 19:03:19.892,231.55,0.105312078026,0.0,0
2018-05-27 19:03:20.054,231.63,0.105312078026,0.0,0
2018-05-27 19:03:20.147,231.67,0.105312078026,0.0,0
2018-05-27 19:03:20.240,232.23,0.105312078026,0.0,0
2018-05-27 19:03:20.334,231.74,0.105312078026,0.0,0
2018-05-27 19:03:20.427,232.23,0.105312078026,0.0,0
2018-05-27 19:03:20.604,234.69,0.105312078026,0.0,0
2018-05-27 19:03:20.687,233.44,0.105312078026,0.0,0
2018-05-27 19:03:20.781,233.15,0.105312078026,0.0,0
2018-05-27 19:03:20.874,234.54,0.105312078026,0.0,0
2018-05-27 19:03:21.036,234.94,0.105312078026,0.0,0
2018-05-27 19:03:21.129,235.12,0.105312078026,0.0,0
2018-05-27 19:03:21.306,234.78,0.105312078026,0.0,0
2018-05-27 19:03:21.400,235.34,0.105312078026,0.0,0
2018-05-27 19:03:21.492,235.54,0.105312078026,0.0,0
2018-05-27 19:03:21.585,237.1,0.105312078026,0.0,0
2018-05-27 19:03:21.678,236.72,0.105312078026,0.0,0
2018-05-27 19:03:21.771,236.69,0.105312078026,0.0,0
2018-05-27 19:03:21.864,236.94,0.105312078026,0.0,0
2018-05-27 19:03:22.026,235.4,0.105312078026,0.0,0
2018-05-27 19:03:22.119,235.2,0.105312078026,0.0,0
2018-05-27 19:03:22.213,234.77,0.105312078026,0.0,0
2018-05-27 19:03:22.399,234.36,0.105312078026,0.0,0
2018-05-27 19:03:22.585,234.63,0.105312078026,0.0,0
2018-05-27 19:03:22.678,235.35,0.105312078026,0.0,0
2018-05-27 19:03:22.864,236.54,0.105312078026,0.0,0
2018-05-27 19:03:22.930,234.83,0.105312078026,0.0,0
2018-05-27 19:03:23.110,233.6,0.105312078026,0.0,0
2018-05-27 19:03:23.203,235.34,0.105312078026,0.0,0
2018-05-27 19:03:23.380,234.9,0.105312078026,0.0,0
2018-05-27 19:03:23.473,234.2,0.105312078026,0.0,0
2018-05-27 19:03:23.566,234.63,0.105312078026,0.0,0
2018-05-27 19:03:23.660,234.31,0.105312078026,0.0,0
2018-05-27 19:03:23.743,235.49,0.105312078026,0.0,0
2018-05-27 19:03:23.925,234.62,0.105312078026,0.0,0
2018-05-27 19:03:24.082,234.75,0.105312078026,0.0,0
2018-05-27 19:03:24.166,233.8,0.105312078026,0.0,0
2018-05-27 19:03:24.259,234.27,0.105312078026,0.0,0
2018-05-27 19:03:24.352,232.3,0.105312078026,0.0,0
2018-05-27 19:03:24.445,231.31,0.105312078026,0.0,0
2018-05-27 19:03:24.529,230.72,0.105312078026,0.0,0
2018-05-27 19:03:24.800,225.19,0.105312078026,0.0,0
2018-05-27 19:03:24.892,224.35,0.105312078026,0.0,0
2018-05-27 19:03:25.054,222.16,0.105312078026,0.0,0
2018-05-27 19:03:25.147,219.47,0.105312078026,0.0,0
2018-05-27 19:03:25.241,219.22,0.105312078026,0.0,0
2018-05-27 19:03:25.334,219.2,0.105312078026,0.0,0
2018-05-27 19:03:25.427,217.32,0.105312078026,0.0,0
2018-05-27 19:03:25.520,215.23,0.105312078026,0.0,0
2018-05-27 19:03:25.697,212.75,0.105312078026,0.0,0
2018-05-27 19:03:25.883,210.92,0.105312078026,0.0,0
2018-05-27 19:03:26.036,210.62,0.105312078026,0.0,0
2018-05-27 19:03:26.129,210.24,0.105312078026,0.0,0
2018-05-27 19:03:26.222,209.04,0.105312078026,0.0,0
2018-05-27 19:03:26.501,207.37,0.105312078026,0.0,0
2018-05-27 19:03:26.594,206.59,0.088515108133,0.0500000007451,0
2018-05-27 19:03:26.678,206.79,0.0807917815122,0.0250000003725,0
2018-05-27 19:03:26.865,204.94,0.0666608708944,0.0500000007451,0
2018-05-27 19:03:27.026,206.33,0.0542316250604,0.0500000007451,0
2018-05-27 19:03:27.120,204.19,0.0434320209341,0.0500000007451,0
2018-05-27 19:03:27.213,205.14,0.0301030006535,0.0750000029802,0
2018-05-27 19:03:27.306,203.35,0.0542316271349,0.125,0
2018-05-27 19:03:27.399,203.46,0.0885151103828,0.125,0
2018-05-27 19:03:27.493,204.33,0.114398047565,0.0750000029802,0
2018-05-27 19:03:27.576,203.81,0.166910801613,0.125,0
2018-05-27 19:03:27.669,202.57,0.204237122541,0.125,0
2018-05-27 19:03:27.762,203.25,0.260980477578,0.125,0
2018-05-27 19:03:27.846,201.34,0.292387711738,0.10000000149,0
2018-05-27 19:03:28.008,202.66,0.325841239167,0.10000000149,0
2018-05-27 19:03:28.101,201.39,0.325841239167,0.0500000007451,0
2018-05-27 19:03:28.195,200.84,0.343339893589,0.10000000149,0
2018-05-27 19:03:28.287,201.85,0.292387711738,0.0500000007451,0
2018-05-27 19:03:28.380,200.43,0.246039206741,0.0500000007451,0
2018-05-27 19:03:28.567,200.7,0.231603201115,0.0500000007451,0
2018-05-27 19:03:28.660,199.55,0.191301650888,0.0500000007451,0
2018-05-27 19:03:28.744,199.82,0.133972408411,0.0,0
2018-05-27 19:03:28.925,200.3,0.0885151109748,0.0,0
2018-05-27 19:03:29.083,201.63,0.073509523012,0.0500000007451,0
2018-05-27 19:03:29.166,200.2,0.0486330434305,0.0,0
2018-05-27 19:03:29.260,201.6,0.038617812795,0.0,0
2018-05-27 19:03:29.352,200.73,0.0386178111411,0.0,0
2018-05-27 19:03:29.446,200.71,0.0486330415,0.0,0
2018-05-27 19:03:29.539,202.07,0.060237793406,0.0,0
2018-05-27 19:03:29.632,201.53,0.0735095204856,0.0,0
2018-05-27 19:03:29.725,201.89,0.088515108133,0.0,0
2018-05-27 19:03:29.809,200.98,0.088515108133,0.0,0
2018-05-27 19:03:29.903,203.15,0.088515108133,0.0,0
2018-05-27 19:03:30.064,202.25,0.105312078026,0.0,0
2018-05-27 19:03:30.157,203.86,0.105312078026,0.0,0
2018-05-27 19:03:30.250,202.57,0.105312078026,0.0,0
2018-05-27 19:03:30.343,202.35,0.105312078026,0.0,0
2018-05-27 19:03:30.436,203.94,0.105312078026,0.0,0
2018-05-27 19:03:30.529,202.52,0.105312078026,0.0,0
2018-05-27 19:03:30.623,203.06,0.105312078026,0.0,0
2018-05-27 19:03:30.716,204.61,0.105312078026,0.0,0
2018-05-27 19:03:30.893,204.09,0.105312078026,0.0,0
2018-05-27 19:03:31.055,205.94,0.105312078026,0.0,0
2018-05-27 19:03:31.147,204.54,0.105312078026,0.0,0
2018-05-27 19:03:31.241,206.03,0.105312078026,0.0,0
2018-05-27 19:03:31.334,206.32,0.105312078026,0.0,0
2018-05-27 19:03:31.427,206.33,0.105312078026,0.0,0
2018-05-27 19:03:31.520,207.59,0.105312078026,0.0,0
2018-05-27 19:03:31.706,208.76,0.105312078026,0.0,0
2018-05-27 19:03:31.790,208.7,0.105312078026,0.0,0
2018-05-27 19:03:31.883,209.15,0.105312078026,0.0,0
2018-05-27 19:03:32.045,209.7,0.105312078026,0.0,0
2018-05-27 19:03:32.231,210.32,0.105312078026,0.0,0
2018-05-27 19:03:32.325,211.36,0.105312078026,0.0,0
2018-05-27 19:03:32.418,210.19,0.105312078026,0.0,0
2018-05-27 19:03:32.604,209.06,0.105312078026,0.0,0
2018-05-27 19:03:32.697,210.23,0.105312078026,0.0,0
2018-05-27 19:03:32.781,209.87,0.105312078026,0.0,0
2018-05-27 19:03:32.874,207.82,0.105312078026,0.0,0
2018-05-27 19:03:33.027,206.77,0.105312078026,0.0,0
2018-05-27 19:03:33.120,207.75,0.105312078026,0.0,0
2018-05-27 19:03:33.306,207.72,0.105312078026,0.0,0
2018-05-27 19:03:33.399,205.09,0.105312078026,0.0,0
2018-05-27 19:03:33.585,205.25,0.105312078026,0.0,0
2018-05-27 19:03:33.678,206.24,0.105312078026,0.0,0
2018-05-27 19:03:33.772,205.72,0.105312078026,0.0,0
2018-05-27 19:03:33.865,206.16,0.105312078026,0.0,0
2018-05-27 19:03:34.110,205.96,0.105312078026,0.0,0
2018-05-27 19:03:34.203,206.23,0.105312078026,0.0,0
2018-05-27 19:03:34.297,207.12,0.105312078026,0.0,0
2018-05-27 19:03:34.390,206.35,0.105312078026,0.0,0
2018-05-27 19:03:34.483,208.08,0.105312078026,0.0,0
2018-05-27 19:03:34.576,206.52,0.105312078026,0.0,0
2018-05-27 19:03:34.669,208.11,0.105312078026,0.0,0
2018-05-27 19:03:34.753,208.04,0.105312078026,0.0,0
2018-05-27 19:03:34.930,206.8,0.105312078026,0.0,0
2018-05-27 19:03:35.092,207.63,0.105312078026,0.0,0
2018-05-27 19:03:35.185,206.37,0.105312078026,0.0,0
2018-05-27 19:03:35.371,205.39,0.105312078026,0.0,0
2018-05-27 19:03:35.464,205.8,0.105312078026,0.0,0
2018-05-27 19:03:35.557,205.34,0.105312078026,0.0,0
2018-05-27 19:03:35.650,204.82,0.105312078026,0.0,0
2018-05-27 19:03:35.744,205.71,0.105312078026,0.0,0
2018-05-27 19:03:35.828,205.76,0.105312078026,0.0,0
2018-05-27 19:03:35.911,206.03,0.105312078026,0.0,0
2018-05-27 19:03:36.073,205.28,0.105312078026,0.0,0
2018-05-27 19:03:36.166,206.33,0.105312078026,0.0,0
2018-05-27 19:03:36.259,205.68,0.105312078026,0.0,0
2018-05-27 19:03:36.352,206.65,0.105312078026,0.0,0
2018-05-27 19:03:36.446,205.37,0.105312078026,0.0,0
2018-05-27 19:03:36.539,207.84,0.105312078026,0.0,0
2018-05-27 19:03:36.716,206.6,0.105312078026,0.0,0
2018-05-27 19:03:36.809,207.6,0.103991739457,0.0,0
2018-05-27 19:03:36.902,207.26,0.103991739457,0.0,0
2018-05-27 19:03:37.064,207.35,0.103991739457,0.0,0
2018-05-27 19:03:37.157,207.9,0.103991739457,0.0,0
2018-05-27 19:03:37.250,208.3,0.103991739457,0.0,0
2018-05-27 19:03:37.343,208.48,0.103991739457,0.0,0
2018-05-27 19:03:37.436,209.29,0.103991739457,0.0,0
2018-05-27 19:03:37.530,209.0,0.103991739457,0.0,0
2018-05-27 19:03:37.623,210.39,0.103991739457,0.0,0
2018-05-27 19:03:37.800,211.08,0.103991739457,0.0,0
2018-05-27 19:03:37.893,212.22,0.103991739457,0.0,0
2018-05-27 19:03:38.148,212.57,0.103991739457,0.0,0
2018-05-27 19:03:38.241,212.64,0.103991739457,0.0,0
2018-05-27 19:03:38.334,212.18,0.103991739457,0.0,0
2018-05-27 19:03:38.427,214.55,0.103991739457,0.0,0
2018-05-27 19:03:38.613,214.11,0.103991739457,0.0,0
2018-05-27 19:03:38.706,215.0,0.103991739457,0.0,0
2018-05-27 19:03:38.790,215.66,0.103991739457,0.0,0
2018-05-27 19:03:38.883,215.39,0.103991739457,0.0,0
2018-05-27 19:03:39.045,215.29,0.103991739457,0.0,0
2018-05-27 19:03:39.138,217.65,0.103991739457,0.0,0
2018-05-27 19:03:39.325,217.19,0.103991739457,0.0,0
2018-05-27 19:03:39.418,218.75,0.103991739457,0.0,0
2018-05-27 19:03:39.511,219.0,0.103991739457,0.0,0
2018-05-27 19:03:40.306,219.19,0.103991739457,0.0,0
2018-05-27 19:03:40.399,219.79,0.103991739457,0.0,0
2018-05-27 19:03:40.483,219.34,0.103991739457,0.0,0
2018-05-27 19:03:40.576,220.65,0.103991739457,0.0,0
2018-05-27 19:03:40.669,220.78,0.103991739457,0.0,0
2018-05-27 19:03:40.753,220.67,0.103991739457,0.0,0
2018-05-27 19:03:40.846,221.4,0.103991739457,0.0,0
2018-05-27 19:03:41.008,223.12,0.103991739457,0.0,0
2018-05-27 19:03:41.102,222.14,0.103991739457,0.0,0
2018-05-27 19:03:41.194,221.49,0.103991739457,0.0,0
2018-05-27 19:03:41.567,224.27,0.103991739457,0.0,0
2018-05-27 19:03:41.660,223.74,0.103991739457,0.0,0
2018-05-27 19:03:41.753,222.58,0.103991739457,0.0,0
2018-05-27 19:03:41.837,225.2,0.103991739457,0.0,0
2018-05-27 19:03:41.921,224.26,0.103991739457,0.0,0
2018-05-27 19:03:42.073,224.07,0.103991739457,0.0,0
2018-05-27 19:03:42.166,224.46,0.103991739457,0.0,0
2018-05-27 19:03:42.260,225.15,0.103991739457,0.0,0
2018-05-27 19:03:42.539,226.21,0.103991739457,0.0,0
2018-05-27 19:03:42.809,225.79,0.103991739457,0.0,0
2018-05-27 19:03:42.902,226.2,0.103991739457,0.0,0
2018-05-27 19:03:43.064,226.63,0.103991739457,0.0,0
2018-05-27 19:03:43.241,227.03,0.103991739457,0.0,0
2018-05-27 19:03:43.427,227.55,0.103991739457,0.0,0
2018-05-27 19:03:43.520,227.2,0.103991739457,0.0,0
2018-05-27 19:03:43.613,227.78,0.103991739457,0.0,0
2018-05-27 19:03:43.790,228.9,0.103991739457,0.0,0
2018-05-27 19:03:43.884,228.64,0.103991739457,0.0,0
2018-05-27 19:03:44.045,228.74,0.103991739457,0.0,0
2018-05-27 19:03:44.232,229.33,0.103991739457,0.0,0
2018-05-27 19:03:44.325,228.6,0.103991739457,0.0,0
2018-05-27 19:03:44.511,228.09,0.103991739457,0.0,0
2018-05-27 19:03:44.697,228.34,0.103991739457,0.0,0
2018-05-27 19:03:45.306,228.95,0.103991739457,0.0,0
2018-05-27 19:03:45.390,228.56,0.103991739457,0.0,0
2018-05-27 19:03:45.576,228.62,0.103991739457,0.0,0
2018-05-27 19:03:45.669,228.64,0.103991739457,0.0,0
2018-05-27 19:03:45.762,230.43,0.103991739457,0.0,0
2018-05-27 19:03:45.847,231.35,0.103991739457,0.0,0
2018-05-27 19:03:46.101,232.31,0.103991739457,0.0,0
2018-05-27 19:03:46.194,232.61,0.103991739457,0.0,0
2018-05-27 19:03:46.288,232.19,0.103991739457,0.0,0
2018-05-27 19:03:46.381,232.25,0.103991739457,0.0,0
2018-05-27 19:03:46.474,232.31,0.103991739457,0.0,0
2018-05-27 19:03:46.567,232.31,0.103991739457,0.0,0
2018-05-27 19:03:46.660,231.94,0.103991739457,0.0,0
2018-05-27 19:03:46.753,231.31,0.103991739457,0.0,0
2018-05-27 19:03:46.838,229.07,0.103991739457,0.0,0
2018-05-27 19:03:46.921,230.46,0.103991739457,0.0,0
2018-05-27 19:03:47.353,227.55,0.103991739457,0.0,0
2018-05-27 19:03:47.539,226.49,0.103991739457,0.0,0
2018-05-27 19:03:47.632,224.6,0.103991739457,0.0,0
2018-05-27 19:03:47.716,225.85,0.103991739457,0.0,0
2018-05-27 19:03:47.809,224.78,0.103991739457,0.0,0
2018-05-27 19:03:47.902,222.98,0.103991739457,0.0,0
2018-05-27 19:03:48.064,221.99,0.103991739457,0.0,0
2018-05-27 19:03:48.250,221.84,0.103991739457,0.0,0
2018-05-27 19:03:48.334,221.04,0.103991739457,0.0,0
2018-05-27 19:03:48.521,220.77,0.103991739457,0.0,0
2018-05-27 19:03:48.613,219.37,0.103991739457,0.0,0
2018-05-27 19:03:48.707,218.44,0.103991739457,0.0,0
2018-05-27 19:03:48.800,217.81,0.103991739457,0.0,0
2018-05-27 19:03:48.893,218.41,0.103991739457,0.0,0
2018-05-27 19:03:49.055,215.79,0.103991739457,0.0,0
2018-05-27 19:03:49.241,216.37,0.103991739457,0.0,0
2018-05-27 19:03:49.427,214.83,0.103991739457,0.0,0
2018-05-27 19:03:49.614,213.7,0.103991739457,0.0,0
2018-05-27 19:03:49.707,214.54,0.103991739457,0.0,0
2018-05-27 19:03:49.884,213.03,0.103991739457,0.0,0
2018-05-27 19:03:50.045,212.97,0.103991739457,0.0,0
2018-05-27 19:03:50.139,213.44,0.103991739457,0.0,0
2018-05-27 19:03:50.232,211.89,0.103991739457,0.0,0
2018-05-27 19:03:50.325,212.28,0.103991739457,0.0,0
2018-05-27 19:03:50.418,213.22,0.103991739457,0.0,0
2018-05-27 19:03:50.511,212.11,0.103991739457,0.0,0
2018-05-27 19:03:50.605,213.5,0.103991739457,0.0,0
2018-05-27 19:03:50.688,213.79,0.104001007463,0.0,0
2018-05-27 19:03:50.782,212.65,0.104001007463,0.0,0
2018-05-27 19:03:50.874,211.94,0.104001007463,0.0,0
2018-05-27 19:03:51.036,213.35,0.104001007463,0.0,0
2018-05-27 19:03:51.129,211.56,0.104001007463,0.0,0
2018-05-27 19:03:51.222,213.68,0.104001007463,0.0,0
2018-05-27 19:03:51.409,212.69,0.104001007463,0.0,0
2018-05-27 19:03:51.502,214.16,0.104001007463,0.0,0
2018-05-27 19:03:51.595,213.03,0.104001007463,0.0,0
2018-05-27 19:03:51.688,214.15,0.104001007463,0.0,0
2018-05-27 19:03:52.027,213.52,0.104001007463,0.0,0
2018-05-27 19:03:52.120,215.59,0.104001007463,0.0,0
2018-05-27 19:03:52.213,216.75,0.104001007463,0.0,0
2018-05-27 19:03:52.306,215.01,0.104001007463,0.0,0
2018-05-27 19:03:52.399,216.39,0.104001007463,0.0,0
2018-05-27 19:03:52.493,218.14,0.104001007463,0.0,0
2018-05-27 19:03:52.586,217.0,0.104001007463,0.0,0
2018-05-27 19:03:52.763,217.7,0.104001007463,0.0,0
2018-05-27 19:03:53.018,219.42,0.104001007463,0.0,0
2018-05-27 19:03:53.111,218.64,0.104001007463,0.0,0
2018-05-27 19:03:53.204,219.19,0.104001007463,0.0,0
2018-05-27 19:03:53.297,219.05,0.104001007463,0.0,0
2018-05-27 19:03:53.390,219.42,0.104001007463,0.0,0
2018-05-27 19:03:53.483,217.99,0.104001007463,0.0,0
2018-05-27 19:03:53.577,217.63,0.104001007463,0.0,0
2018-05-27 19:03:53.763,219.43,0.104001007463,0.0,0
2018-05-27 19:03:53.846,218.71,0.104001007463,0.0,0
2018-05-27 19:03:54.008,217.76,0.104001007463,0.0,0
2018-05-27 19:03:54.101,217.22,0.104001007463,0.0,0
2018-05-27 19:03:54.288,216.07,0.104001007463,0.0,0
2018-05-27 19:03:54.381,215.65,0.104001007463,0.0,0
2018-05-27 19:03:54.474,216.97,0.104001007463,0.0,0
2018-05-27 19:03:54.567,216.02,0.104001007463,0.0,0
2018-05-27 19:03:54.651,216.73,0.104001007463,0.0,0
2018-05-27 19:03:54.744,215.28,0.104001007463,0.0,0
2018-05-27 19:03:54.837,215.66,0.104001007463,0.0,0
2018-05-27 19:03:54.926,215.23,0.104001007463,0.0,0
2018-05-27 19:03:55.083,216.05,0.104001007463,0.0,0
2018-05-27 19:03:55.167,214.06,0.104001007463,0.0,0
2018-05-27 19:03:55.260,215.69,0.104001007463,0.0,0
2018-05-27 19:03:55.353,213.41,0.104001007463,0.0,0
2018-05-27 19:03:55.446,214.34,0.104001007463,0.0,0
2018-05-27 19:03:55.530,214.13,0.104001007463,0.0,0
2018-05-27 19:03:55.623,215.54,0.104001007463,0.0,0
2018-05-27 19:03:55.800,215.45,0.104001007463,0.0,0
2018-05-27 19:03:55.893,214.22,0.104001007463,0.0,0
2018-05-27 19:03:56.055,216.09,0.104001007463,0.0,0
2018-05-27 19:03:56.148,215.62,0.104001007463,0.0,0
2018-05-27 19:03:56.334,215.88,0.104001007463,0.0,0
2018-05-27 19:03:56.428,214.72,0.104001007463,0.0,0
2018-05-27 19:03:56.521,214.51,0.104001007463,0.0,0
2018-05-27 19:03:56.614,215.73,0.104001007463,0.0,0
2018-05-27 19:03:56.698,215.44,0.104001007463,0.0,0
2018-05-27 19:03:56.791,216.1,0.104001007463,0.0,0
2018-05-27 19:03:56.884,215.39,0.104001007463,0.0,0
2018-05-27 19:03:57.046,215.86,0.104001007463,0.0,0
2018-05-27 19:03:57.139,216.61,0.104001007463,0.0,0
2018-05-27 19:03:57.232,215.67,0.104001007463,0.0,0
2018-05-27 19:03:57.326,216.26,0.104001007463,0.0,0
2018-05-27 19:03:57.418,217.54,0.104001007463,0.0,0
2018-05-27 19:03:57.595,218.61,0.104001007463,0.0,0
2018-05-27 19:03:57.688,216.75,0.104001007463,0.0,0
2018-05-27 19:03:57.772,217.21,0.104001007463,0.0,0
2018-05-27 19:03:57.865,217.72,0.104001007463,0.0,0
2018-05-27 19:03:58.027,218.5,0.104001007463,0.0,0
2018-05-27 19:03:58.120,218.77,0.104001007463,0.0,0
2018-05-27 19:03:58.213,217.31,0.104001007463,0.0,0
2018-05-27 19:03:58.306,218.15,0.104001007463,0.0,0
2018-05-27 19:03:58.390,218.1,0.104001007463,0.0,0
2018-05-27 19:03:58.483,218.97,0.104001007463,0.0,0
2018-05-27 19:03:58.576,220.63,0.104001007463,0.0,0
2018-05-27 19:03:58.670,219.29,0.104001007463,0.0,0
2018-05-27 19:03:58.763,219.89,0.104001007463,0.0,0
2018-05-27 19:03:58.847,220.3,0.104001007463,0.0,0
2018-05-27 19:03:59.008,220.33,0.104001007463,0.0,0
2018-05-27 19:03:59.102,220.82,0.104001007463,0.0,0
2018-05-27 19:03:59.278,220.9,0.104001007463,0.0,0
2018-05-27 19:03:59.465,222.68,0.104001007463,0.0,0
2018-05-27 19:03:59.558,222.62,0.104001007463,0.0,0
2018-05-27 19:03:59.651,222.35,0.104001007463,0.0,0
2018-05-27 19:03:59.744,223.14,0.104001007463,0.0,0
2018-05-27 19:03:59.828,223.32,0.104001007463,0.0,0
2018-05-27 19:03:59.912,225.05,0.104001007463,0.0,0
2018-05-27 19:04:00.074,224.97,0.104001007463,0.0,0
2018-05-27 19:04:00.167,225.32,0.104001007463,0.0,0
2018-05-27 19:04:00.260,225.11,0.104001007463,0.0,0
2018-05-27 19:04:00.353,224.74,0.104001007463,0.0,0
2018-05-27 19:04:00.446,224.87,0.104001007463,0.0,0
2018-05-27 19:04:00.539,225.5,0.104001007463,0.0,0
2018-05-27 19:04:00.716,226.03,0.104001007463,0.0,0
2018-05-27 19:04:00.810,225.42,0.104001007463,0.0,0
2018-05-27 19:04:00.903,226.39,0.104001007463,0.0,0
2018-05-27 19:04:01.055,225.7,0.104001007463,0.0,0
2018-05-27 19:04:01.148,225.77,0.104001007463,0.0,0
2018-05-27 19:04:01.241,226.65,0.104001007463,0.0,0
2018-05-27 19:04:01.428,227.03,0.104001007463,0.0,0
2018-05-27 19:04:01.521,228.37,0.104001007463,0.0,0
2018-05-27 19:04:01.614,228.98,0.104001007463,0.0,0
2018-05-27 19:04:01.707,230.15,0.104001007463,0.0,0
2018-05-27 19:04:01.791,228.25,0.104001007463,0.0,0
2018-05-27 19:04:01.875,230.46,0.104001007463,0.0,0
2018-05-27 19:04:02.129,231.46,0.104001007463,0.0,0
2018-05-27 19:04:02.223,231.63,0.104001007463,0.0,0
2018-05-27 19:04:02.316,232.06,0.104001007463,0.0,0
2018-05-27 19:04:02.409,232.35,0.104001007463,0.0,0
2018-05-27 19:04:02.502,233.06,0.104001007463,0.0,0
2018-05-27 19:04:02.595,233.39,0.104001007463,0.0,0
2018-05-27 19:04:02.679,232.1,0.104001007463,0.0,0
2018-05-27 19:04:02.772,232.15,0.104001007463,0.0,0
2018-05-27 19:04:02.865,232.1,0.104001007463,0.0,0
2018-05-27 19:04:03.018,233.93,0.104001007463,0.0,0
2018-05-27 19:04:03.111,234.76,0.104001007463,0.0,0
2018-05-27 19:04:03.204,234.72,0.104001007463,0.0,0
2018-05-27 19:04:03.297,234.33,0.104001007463,0.0,0
2018-05-27 19:04:03.390,234.29,0.104001007463,0.0,0
2018-05-27 19:04:03.483,234.65,0.104001007463,0.0,0
2018-05-27 19:04:03.577,234.28,0.104001007463,0.0,0
2018-05-27 19:04:03.670,234.94,0.104001007463,0.0,0
2018-05-27 19:04:03.847,236.89,0.104001007463,0.0,0
2018-05-27 19:04:03.930,235.34,0.104001007463,0.0,0
2018-05-27 19:04:04.092,235.62,0.104001007463,0.0,0
2018-05-27 19:04:04.185,236.13,0.104001007463,0.0,0
2018-05-27 19:04:04.279,235.77,0.104001007463,0.0,0
2018-05-27 19:04:04.372,235.1,0.104001007463,0.0,0
2018-05-27 19:04:04.558,234.86,0.104001007463,0.0,0
2018-05-27 19:04:04.651,234.25,0.104001007463,0.0,0
2018-05-27 19:04:04.828,234.74,0.104001007463,0.0,0
2018-05-27 19:04:05.074,233.14,0.104001007463,0.0,0
2018-05-27 19:04:05.167,232.95,0.104001007463,0.0,0
2018-05-27 19:04:05.260,232.33,0.104001007463,0.0,0
2018-05-27 19:04:05.353,233.02,0.104001007463,0.0,0
2018-05-27 19:04:05.446,232.54,0.104001007463,0.0,0
2018-05-27 19:04:05.633,232.35,0.104001007463,0.0,0
2018-05-27 19:04:05.716,230.82,0.104001007463,0.0,0
2018-05-27 19:04:06.148,227.81,0.104001007463,0.0,0
2018-05-27 19:04:06.428,228.65,0.104001007463,0.0,0
2018-05-27 19:04:06.522,228.05,0.104001007463,0.0,0
2018-05-27 19:04:06.698,222.46,0.104001007463,0.0,0
2018-05-27 19:04:06.781,219.85,0.104001007463,0.0,0
2018-05-27 19:04:07.036,216.95,0.104001007463,0.0,0
2018-05-27 19:04:07.130,213.06,0.104001007463,0.0,0
2018-05-27 19:04:07.223,212.42,0.104001007463,0.0,0
2018-05-27 19:04:07.316,210.93,0.104001007463,0.0,0
2018-05-27 19:04:07.493,206.69,0.104001007463,0.0,0
2018-05-27 19:04:07.586,208.01,0.104001007463,0.0,0
2018-05-27 19:04:07.679,205.85,0.104001007463,0.0,0
2018-05-27 19:04:07.772,204.93,0.104001007463,0.0,0
2018-05-27 19:04:08.120,205.23,0.104001007463,0.0,0
2018-05-27 19:04:08.213,203.28,0.104001007463,0.0,0
2018-05-27 19:04:08.307,203.08,0.104001007463,0.0,0
2018-05-27 19:04:08.401,203.91,0.104001007463,0.0,0
2018-05-27 19:04:08.586,203.38,0.104001007463,0.0,0
2018-05-27 19:04:08.679,201.77,0.104001007463,0.0,0
2018-05-27 19:04:08.772,201.22,0.104001007463,0.0,0
2018-05-27 19:04:08.865,202.26,0.104001007463,0.0,0
2018-05-27 19:04:09.027,200.27,0.104001007463,0.0,0
2018-05-27 19:04:09.213,201.52,0.104001007463,0.0,0
2018-05-27 19:04:09.400,199.25,0.104001007463,0.0,0
2018-05-27 19:04:09.493,200.52,0.104001007463,0.0,0
2018-05-27 19:04:09.586,198.89,0.0955464716895,0.0250000003725,0
2018-05-27 19:04:09.670,198.67,0.0875342991326,0.0250000003725,0
2018-05-27 19:04:09.754,200.01,0.0875342991326,0.0,0
2018-05-27 19:04:09.847,197.94,0.0799582649316,0.0250000003725,0
2018-05-27 19:04:10.009,197.86,0.0728116553117,0.0250000003725,0
2018-05-27 19:04:10.102,199.56,0.0728116553117,0.0,0
2018-05-27 19:04:10.195,199.06,0.0728116553117,0.0,0
2018-05-27 19:04:10.288,198.47,0.0660872321983,0.0250000003725,0
2018-05-27 19:04:10.381,200.33,0.0660872321983,0.0,0
2018-05-27 19:04:10.475,200.44,0.0660872321983,0.0,0
2018-05-27 19:04:10.558,200.76,0.0728116553117,0.0,0
2018-05-27 19:04:10.651,199.06,0.0799582649316,0.0,0
2018-05-27 19:04:10.740,200.2,0.0799582649316,0.0,0
2018-05-27 19:04:10.828,200.08,0.0875342991326,0.0,0
2018-05-27 19:04:10.912,200.21,0.0955464716895,0.0,0
2018-05-27 19:04:11.074,201.92,0.0955464716895,0.0,0
2018-05-27 19:04:11.167,201.92,0.0955464716895,0.0,0
2018-05-27 19:04:11.260,201.26,0.104001007463,0.0,0
2018-05-27 19:04:11.353,201.7,0.104001007463,0.0,0
2018-05-27 19:04:11.530,202.93,0.104001007463,0.0,0
2018-05-27 19:04:11.623,201.72,0.104001007463,0.0,0
2018-05-27 19:04:11.716,202.31,0.104001007463,0.0,0
2018-05-27 19:04:11.810,202.35,0.104001007463,0.0,0
2018-05-27 19:04:11.903,201.17,0.104001007463,0.0,0
2018-05-27 19:04:12.065,203.62,0.104001007463,0.0,0
2018-05-27 19:04:12.148,203.83,0.104001007463,0.0,0
2018-05-27 19:04:12.335,202.52,0.104001007463,0.0,0
2018-05-27 19:04:12.428,204.43,0.104001007463,0.0,0
2018-05-27 19:04:12.521,203.37,0.104001007463,0.0,0
2018-05-27 19:04:12.707,204.12,0.104001007463,0.0,0
2018-05-27 19:04:12.791,204.39,0.104001007463,0.0,0
2018-05-27 19:04:12.884,204.46,0.104001007463,0.0,0
2018-05-27 19:04:13.037,204.65,0.104001007463,0.0,0
2018-05-27 19:04:13.223,205.61,0.104001007463,0.0,0
2018-05-27 19:04:13.409,206.86,0.104001007463,0.0,0
2018-05-27 19:04:13.502,208.6,0.104001007463,0.0,0
2018-05-27 19:04:13.595,207.93,0.104001007463,0.0,0
2018-05-27 19:04:13.689,209.84,0.104001007463,0.0,0
2018-05-27 19:04:13.772,209.74,0.104001007463,0.0,0
2018-05-27 19:04:13.856,210.36,0.104001007463,0.0,0
2018-05-27 19:04:14.018,208.15,0.104001007463,0.0,0
2018-05-27 19:04:14.111,208.64,0.103997718201,0.0,0
2018-05-27 19:04:14.204,206.21,0.103997718201,0.0,0
2018-05-27 19:04:14.297,207.7,0.103997718201,0.0,0
2018-05-27 19:04:14.390,205.22,0.103997718201,0.0,0
2018-05-27 19:04:14.484,206.81,0.103997718201,0.0,0
2018-05-27 19:04:14.577,204.87,0.103997718201,0.0,0
2018-05-27 19:04:14.670,204.86,0.103997718201,0.0,0
2018-05-27 19:04:14.754,204.85,0.103997718201,0.0,0
2018-05-27 19:04:14.847,202.62,0.103997718201,0.0,0
2018-05-27 19:04:15.009,201.75,0.103997718201,0.0,0
2018-05-27 19:04:15.102,202.89,0.103997718201,0.0,0
2018-05-27 19:04:15.195,201.07,0.103997718201,0.0,0
2018-05-27 19:04:15.288,201.02,0.103997718201,0.0,0
2018-05-27 19:04:15.474,199.99,0.103997718201,0.0,0
2018-05-27 19:04:15.744,200.92,0.103997718201,0.0,0
2018-05-27 19:04:16.083,200.72,0.103997718201,0.0,0
2018-05-27 19:04:16.167,201.11,0.103997718201,0.0,0
2018-05-27 19:04:16.260,200.76,0.103997718201,0.0,0
2018-05-27 19:04:16.353,202.28,0.103997718201,0.0,0
2018-05-27 19:04:16.540,201.55,0.103997718201,0.0,0
2018-05-27 19:04:16.623,200.9,0.103997718201,0.0,0
2018-05-27 19:04:16.716,203.0,0.103997718201,0.0,0
2018-05-27 19:04:16.800,203.14,0.103997718201,0.0,0
2018-05-27 19:04:16.893,201.48,0.103997718201,0.0,0
2018-05-27 19:04:17.148,203.79,0.103997718201,0.0,0
2018-05-27 19:04:17.242,202.17,0.103997718201,0.0,0
2018-05-27 19:04:17.335,202.85,0.103997718201,0.0,0
2018-05-27 19:04:17.614,204.22,0.103997718201,0.0,0
2018-05-27 19:04:17.707,203.88,0.103997718201,0.0,0
2018-05-27 19:04:17.884,205.48,0.103997718201,0.0,0
2018-05-27 19:04:18.139,204.1,0.103997718201,0.0,0
2018-05-27 19:04:18.325,204.8,0.103997718201,0.0,0
2018-05-27 19:04:18.419,206.44,0.103997718201,0.0,0
2018-05-27 19:04:18.512,205.58,0.103997718201,0.0,0
2018-05-27 19:04:18.595,205.58,0.103997718201,0.0,0
2018-05-27 19:04:18.689,207.1,0.103997718201,0.0,0
2018-05-27 19:04:18.772,206.5,0.103997718201,0.0,0
2018-05-27 19:04:18.866,206.05,0.103997718201,0.0,0
2018-05-27 19:04:19.027,207.23,0.103997718201,0.0,0
2018-05-27 19:04:19.121,206.7,0.103997718201,0.0,0
2018-05-27 19:04:19.214,206.75,0.103997718201,0.0,0
2018-05-27 19:04:19.297,207.25,0.103997718201,0.0,0
2018-05-27 19:04:19.391,207.82,0.103997718201,0.0,0
2018-05-27 19:04:19.484,208.42,0.103997718201,0.0,0
2018-05-27 19:04:19.577,209.19,0.103997718201,0.0,0
2018-05-27 19:04:19.670,210.02,0.103997718201,0.0,0
2018-05-27 19:04:19.763,209.79,0.103997718201,0.0,0
2018-05-27 19:04:19.847,209.79,0.103997718201,0.0,0
2018-05-27 19:04:20.009,211.6,0.103997718201,0.0,0
2018-05-27 19:04:20.102,210.97,0.103997718201,0.0,0
2018-05-27 19:04:20.186,210.44,0.103997718201,0.0,0
2018-05-27 19:04:20.279,212.18,0.103997718201,0.0,0
2018-05-27 19:04:20.373,212.52,0.103997718201,0.0,0
2018-05-27 19:04:20.465,211.69,0.103997718201,0.0,0
2018-05-27 19:04:20.558,214.34,0.103997718201,0.0,0
2018-05-27 19:04:20.651,212.87,0.103997718201,0.0,0
2018-05-27 19:04:20.740,213.59,0.103997718201,0.0,0
2018-05-27 19:04:20.828,213.76,0.103997718201,0.0,0
2018-05-27 19:04:20.912,213.92,0.103997718201,0.0,0
2018-05-27 19:04:21.074,215.21,0.103997718201,0.0,0
2018-05-27 19:04:21.167,216.2,0.103997718201,0.0,0
2018-05-27 19:04:21.260,215.77,0.103997718201,0.0,0
2018-05-27 19:04:21.540,216.29,0.103997718201,0.0,0
2018-05-27 19:04:21.633,217.52,0.103997718201,0.0,0
2018-05-27 19:04:21.810,219.05,0.103997718201,0.0,0
2018-05-27 19:04:22.055,218.62,0.103997718201,0.0,0
2018-05-27 19:04:22.148,218.22,0.103997718201,0.0,0
2018-05-27 19:04:22.335,218.41,0.103997718201,0.0,0
2018-05-27 19:04:22.428,219.62,0.103997718201,0.0,0
2018-05-27 19:04:22.521,218.57,0.103997718201,0.0,0
2018-05-27 19:04:22.698,219.44,0.103997718201,0.0,0
2018-05-27 19:04:22.791,220.38,0.103997718201,0.0,0
2018-05-27 19:04:22.875,219.76,0.103997718201,0.0,0
2018-05-27 19:04:23.037,220.52,0.103997718201,0.0,0
2018-05-27 19:04:23.130,221.04,0.103997718201,0.0,0
2018-05-27 19:04:23.223,222.44,0.103997718201,0.0,0
2018-05-27 19:04:23.409,221.85,0.103997718201,0.0,0
2018-05-27 19:04:23.596,223.01,0.103997718201,0.0,0
2018-05-27 19:04:23.679,221.98,0.103997718201,0.0,0
2018-05-27 19:04:23.773,223.37,0.103997718201,0.0,0
2018-05-27 19:04:24.028,225.38,0.103997718201,0.0,0
2018-05-27 19:04:24.121,225.34,0.103997718201,0.0,0
2018-05-27 19:04:24.214,224.57,0.103997718201,0.0,0
2018-05-27 19:04:24.307,223.95,0.103997718201,0.0,0
2018-05-27 19:04:24.400,224.84,0.103997718201,0.0,0
2018-05-27 19:04:24.493,224.44,0.103997718201,0.0,0
2018-05-27 19:04:24.586,225.09,0.103997718201,0.0,0
2018-05-27 19:04:24.679,226.45,0.103997718201,0.0,0
2018-05-27 19:04:24.773,225.9,0.103997718201,0.0,0
2018-05-27 19:04:24.856,224.9,0.103997718201,0.0,0
2018-05-27 19:04:25.018,225.48,0.103997718201,0.0,0
2018-05-27 19:04:25.111,226.57,0.103997718201,0.0,0
2018-05-27 19:04:25.298,226.35,0.103997718201,0.0,0
2018-05-27 19:04:25.484,225.28,0.103997718201,0.0,0
2018-05-27 19:04:25.577,226.61,0.103997718201,0.0,0
2018-05-27 19:04:25.745,227.01,0.103997718201,0.0,0
2018-05-27 19:04:25.838,227.85,0.103997718201,0.0,0
2018-05-27 19:04:26.177,227.71,0.103997718201,0.0,0
2018-05-27 19:04:26.447,227.83,0.103997718201,0.0,0
2018-05-27 19:04:26.624,229.95,0.103997718201,0.0,0
2018-05-27 19:04:26.717,229.79,0.103997718201,0.0,0
2018-05-27 19:04:26.801,228.45,0.103997718201,0.0,0
2018-05-27 19:04:26.894,229.2,0.103997718201,0.0,0
2018-05-27 19:04:27.243,229.02,0.103997718201,0.0,0
2018-05-27 19:04:27.512,230.09,0.103997718201,0.0,0
2018-05-27 19:04:27.782,230.16,0.103997718201,0.0,0
2018-05-27 19:04:27.875,231.87,0.103997718201,0.0,0
2018-05-27 19:04:28.121,231.14,0.103997718201,0.0,0
2018-05-27 19:04:28.205,232.61,0.103997718201,0.0,0
2018-05-27 19:04:28.298,232.73,0.103997718201,0.0,0
2018-05-27 19:04:28.391,232.24,0.103997718201,0.0,0
2018-05-27 19:04:28.484,231.47,0.103997718201,0.0,0
2018-05-27 19:04:28.577,230.72,0.103997718201,0.0,0
2018-05-27 19:04:28.670,229.9,0.103997718201,0.0,0
2018-05-27 19:04:28.763,229.26,0.103997718201,0.0,0
2018-05-27 19:04:29.009,226.39,0.103997718201,0.0,0
2018-05-27 19:04:29.288,226.05,0.103997718201,0.0,0
2018-05-27 19:04:29.381,224.91,0.103997718201,0.0,0
2018-05-27 19:04:29.475,223.54,0.103997718201,0.0,0
2018-05-27 19:04:29.568,223.11,0.103997718201,0.0,0
2018-05-27 19:04:29.661,222.86,0.103997718201,0.0,0
2018-05-27 19:04:29.754,223.76,0.103997718201,0.0,0
2018-05-27 19:04:29.838,221.51,0.103997718201,0.0,0
2018-05-27 19:04:29.926,220.74,0.103997718201,0.0,0
2018-05-27 19:04:30.084,220.4,0.103997718201,0.0,0
2018-05-27 19:04:30.260,219.09,0.103997718201,0.0,0
2018-05-27 19:04:30.447,219.33,0.103997718201,0.0,0
2018-05-27 19:04:30.633,217.77,0.103997718201,0.0,0
2018-05-27 19:04:30.717,217.27,0.103997718201,0.0,0
2018-05-27 19:04:30.903,218.58,0.103997718201,0.0,0
2018-05-27 19:04:31.158,216.89,0.103997718201,0.0,0
2018-05-27 19:04:31.344,216.78,0.103997718201,0.0,0
2018-05-27 19:04:31.530,216.05,0.103997718201,0.0,0
2018-05-27 19:04:31.717,215.41,0.103997718201,0.0,0
2018-05-27 19:04:32.046,215.5,0.103997718201,0.0,0
2018-05-27 19:04:32.326,215.64,0.103997718201,0.0,0
2018-05-27 19:04:32.419,215.96,0.103997718201,0.0,0
2018-05-27 19:04:32.605,215.62,0.103997718201,0.0,0
2018-05-27 19:04:32.690,217.23,0.103997718201,0.0,0
2018-05-27 19:04:32.782,215.57,0.103997718201,0.0,0
2018-05-27 19:04:32.875,216.52,0.103997718201,0.0,0
2018-05-27 19:04:33.037,217.11,0.103997718201,0.0,0
2018-05-27 19:04:33.130,215.66,0.103997718201,0.0,0
2018-05-27 19:04:33.223,216.45,0.103997718201,0.0,0
2018-05-27 19:04:33.316,217.29,0.103997718201,0.0,0
2018-05-27 19:04:33.410,215.81,0.103997718201,0.0,0
2018-05-27 19:04:33.503,216.71,0.103997718201,0.0,0
2018-05-27 19:04:33.596,217.1,0.103997718201,0.0,0
2018-05-27 19:04:33.680,218.18,0.103997718201,0.0,0
2018-05-27 19:04:33.773,217.92,0.103997718201,0.0,0
2018-05-27 19:04:33.860,218.54,0.103997718201,0.0,0
2018-05-27 19:04:34.018,217.71,0.103997718201,0.0,0
2018-05-27 19:04:34.112,218.38,0.103997718201,0.0,0
2018-05-27 19:04:34.205,219.7,0.103997718201,0.0,0
2018-05-27 19:04:34.298,219.31,0.103997718201,0.0,0
2018-05-27 19:04:34.391,219.36,0.103997718201,0.0,0
2018-05-27 19:04:34.484,219.86,0.103997718201,0.0,0
2018-05-27 19:04:34.577,221.39,0.103997718201,0.0,0
2018-05-27 19:04:34.754,220.79,0.103997718201,0.0,0
2018-05-27 19:04:34.847,222.68,0.103997718201,0.0,0
2018-05-27 19:04:35.009,222.0,0.103997718201,0.0,0
2018-05-27 19:04:35.102,221.76,0.103997718201,0.0,0
2018-05-27 19:04:35.195,221.57,0.103997718201,0.0,0
2018-05-27 19:04:35.288,222.29,0.103997718201,0.0,0
2018-05-27 19:04:35.382,223.28,0.103997718201,0.0,0
2018-05-27 19:04:35.475,221.78,0.103997718201,0.0,0
2018-05-27 19:04:35.838,218.84,0.103997718201,0.0,0
2018-05-27 19:04:35.926,218.52,0.103997718201,0.0,0
2018-05-27 19:04:36.084,216.79,0.103997718201,0.0,0
2018-05-27 19:04:36.167,216.13,0.103997718201,0.0,0
2018-05-27 19:04:36.261,216.45,0.103997718201,0.0,0
2018-05-27 19:04:36.354,217.86,0.103997718201,0.0,0
2018-05-27 19:04:36.447,215.82,0.103997718201,0.0,0
2018-05-27 19:04:36.540,216.05,0.103997718201,0.0,0
2018-05-27 19:04:36.810,214.98,0.103997718201,0.0,0
2018-05-27 19:04:37.065,215.19,0.103997718201,0.0,0
2018-05-27 19:04:37.158,213.15,0.103997718201,0.0,0
2018-05-27 19:04:37.251,213.66,0.103997718201,0.0,0
2018-05-27 19:04:37.438,212.41,0.103997718201,0.0,0
2018-05-27 19:04:37.531,213.96,0.103997718201,0.0,0
2018-05-27 19:04:37.708,213.55,0.103997718201,0.0,0
2018-05-27 19:04:37.801,212.58,0.103997718201,0.0,0
2018-05-27 19:04:38.056,212.17,0.103997718201,0.0,0
2018-05-27 19:04:38.149,212.6,0.103997718201,0.0,0
2018-05-27 19:04:38.242,213.88,0.103997718201,0.0,0
2018-05-27 19:04:38.335,212.79,0.103997718201,0.0,0
2018-05-27 19:04:38.521,210.86,0.103997718201,0.0,0
2018-05-27 19:04:38.698,211.91,0.103997718201,0.0,0
2018-05-27 19:04:38.792,213.54,0.103997718201,0.0,0
2018-05-27 19:04:38.885,212.25,0.103997718201,0.0,0
2018-05-27 19:04:39.047,214.4,0.103997718201,0.0,0
2018-05-27 19:04:39.140,212.4,0.103997718201,0.0,0
2018-05-27 19:04:39.233,212.55,0.103997718201,0.0,0
2018-05-27 19:04:39.326,214.04,0.103997718201,0.0,0
2018-05-27 19:04:39.419,212.32,0.103997718201,0.0,0
2018-05-27 19:04:39.512,214.73,0.103997718201,0.0,0
2018-05-27 19:04:39.605,213.56,0.103997718201,0.0,0
2018-05-27 19:04:39.698,212.8,0.103997718201,0.0,0
2018-05-27 19:04:39.792,214.53,0.103997718201,0.0,0
2018-05-27 19:04:40.037,213.47,0.103997718201,0.0,0
2018-05-27 19:04:40.130,213.17,0.103997718201,0.0,0
2018-05-27 19:04:40.223,215.59,0.103997718201,0.0,0
2018-05-27 19:04:40.317,214.7,0.103997718201,0.0,0
2018-05-27 19:04:40.410,215.29,0.103997718201,0.0,0
2018-05-27 19:04:40.503,216.95,0.103997718201,0.0,0
2018-05-27 19:04:40.596,215.14,0.103997718201,0.0,0
2018-05-27 19:04:40.680,217.7,0.103997718201,0.0,0
2018-05-27 19:04:40.857,216.76,0.103997718201,0.0,0
2018-05-27 19:04:41.018,217.76,0.103997718201,0.0,0
2018-05-27 19:04:41.112,218.76,0.103997718201,0.0,0
2018-05-27 19:04:41.195,217.97,0.103997718201,0.0,0
2018-05-27 19:04:41.289,220.15,0.103997718201,0.0,0
2018-05-27 19:04:41.382,219.72,0.103997718201,0.0,0
2018-05-27 19:04:41.475,219.0,0.103997718201,0.0,0
2018-05-27 19:04:41.559,220.58,0.103997718201,0.0,0
2018-05-27 19:04:41.745,219.79,0.103997718201,0.0,0
2018-05-27 19:04:42.074,221.35,0.103997718201,0.0,0
2018-05-27 19:04:42.168,221.5,0.103997718201,0.0,0
2018-05-27 19:04:42.354,223.27,0.103997718201,0.0,0
2018-05-27 19:04:42.438,222.81,0.103997718201,0.0,0
2018-05-27 19:04:42.531,222.97,0.103997718201,0.0,0
2018-05-27 19:04:42.624,224.6,0.103997718201,0.0,0
2018-05-27 19:04:42.717,225.23,0.103997718201,0.0,0
2018-05-27 19:04:42.801,224.23,0.103997718201,0.0,0
2018-05-27 19:04:42.894,224.4,0.103997718201,0.0,0
2018-05-27 19:04:43.056,225.63,0.103997718201,0.0,0
2018-05-27 19:04:43.242,224.87,0.103997718201,0.0,0
2018-05-27 19:04:43.335,224.12,0.103997718201,0.0,0
2018-05-27 19:04:43.512,226.28,0.103997718201,0.0,0
2018-05-27 19:04:43.605,226.19,0.103997718201,0.0,0
2018-05-27 19:04:43.689,227.51,0.103997718201,0.0,0
2018-05-27 19:04:43.782,227.65,0.103997718201,0.0,0
2018-05-27 19:04:43.876,227.86,0.103997718201,0.0,0
2018-05-27 19:04:44.038,228.03,0.103997718201,0.0,0
2018-05-27 19:04:44.131,227.47,0.103997718201,0.0,0
2018-05-27 19:04:44.224,226.85,0.103997718201,0.0,0
2018-05-27 19:04:44.317,227.04,0.103997718201,0.0,0
2018-05-27 19:04:44.410,227.93,0.103997718201,0.0,0
2018-05-27 19:04:44.503,228.41,0.103997718201,0.0,0
2018-05-27 19:04:44.596,228.07,0.103997718201,0.0,0
2018-05-27 19:04:44.689,228.29,0.103997718201,0.0,0
2018-05-27 19:04:44.773,229.55,0.103997718201,0.0,0
2018-05-27 19:04:44.867,229.32,0.103997718201,0.0,0
2018-05-27 19:04:45.112,230.01,0.103997718201,0.0,0
2018-05-27 19:04:45.205,230.75,0.103997718201,0.0,0
2018-05-27 19:04:45.299,231.09,0.103997718201,0.0,0
2018-05-27 19:04:45.484,231.32,0.103997718201,0.0,0
2018-05-27 19:04:45.577,231.09,0.103997718201,0.0,0
2018-05-27 19:04:45.745,231.69,0.103997718201,0.0,0
2018-05-27 19:04:45.838,232.25,0.103997718201,0.0,0
2018-05-27 19:04:45.927,231.01,0.103997718201,0.0,0
2018-05-27 19:04:46.084,231.32,0.103997718201,0.0,0
2018-05-27 19:04:46.348,231.77,0.103997718201,0.0,0
2018-05-27 19:04:46.438,231.7,0.103997718201,0.0,0
2018-05-27 19:04:46.522,232.98,0.103997718201,0.0,0
2018-05-27 19:04:46.703,232.28,0.103997718201,0.0,0
2018-05-27 19:04:46.792,233.33,0.103997718201,0.0,0
2018-05-27 19:04:46.885,232.94,0.103997718201,0.0,0
2018-05-27 19:04:47.047,233.24,0.103997718201,0.0,0
2018-05-27 19:04:47.140,233.26,0.103997718201,0.0,0
2018-05-27 19:04:47.233,234.05,0.103997718201,0.0,0
2018-05-27 19:04:47.326,235.88,0.103997718201,0.0,0
2018-05-27 19:04:47.606,235.79,0.103997718201,0.0,0
2018-05-27 19:04:47.689,234.48,0.103997718201,0.0,0
2018-05-27 19:04:47.782,235.07,0.103997718201,0.0,0
2018-05-27 19:04:47.875,235.07,0.103997718201,0.0,0
2018-05-27 19:04:48.037,235.78,0.103997718201,0.0,0
2018-05-27 19:04:48.131,235.13,0.103997718201,0.0,0
2018-05-27 19:04:48.224,234.41,0.103997718201,0.0,0
2018-05-27 19:04:48.317,233.13,0.103997718201,0.0,0
2018-05-27 19:04:48.410,232.07,0.103997718201,0.0,0
2018-05-27 19:04:48.503,231.13,0.103997718201,0.0,0
2018-05-27 19:04:48.596,229.62,0.103997718201,0.0,0
2018-05-27 19:04:48.680,227.33,0.103997718201,0.0,0
2018-05-27 19:04:48.773,227.17,0.103997718201,0.0,0
2018-05-27 19:04:48.866,226.0,0.103997718201,0.0,0
2018-05-27 19:04:49.028,225.93,0.103997718201,0.0,0
2018-05-27 19:04:49.121,224.33,0.103997718201,0.0,0
2018-05-27 19:04:49.401,220.65,0.103997718201,0.0,0
2018-05-27 19:04:49.484,219.4,0.103997718201,0.0,0
2018-05-27 19:04:49.661,217.64,0.103997718201,0.0,0
2018-05-27 19:04:49.745,217.9,0.103997718201,0.0,0
2018-05-27 19:04:49.838,216.42,0.103997718201,0.0,0
2018-05-27 19:04:50.084,214.08,0.103997718201,0.0,0
2018-05-27 19:04:50.168,213.68,0.103997718201,0.0,0
2018-05-27 19:04:50.354,212.62,0.103997718201,0.0,0
2018-05-27 19:04:50.540,212.38,0.103997718201,0.0,0
2018-05-27 19:04:50.633,210.81,0.103997718201,0.0,0
2018-05-27 19:04:50.717,209.65,0.103997718201,0.0,0
2018-05-27 19:04:50.904,207.38,0.103997718201,0.0,0
2018-05-27 19:04:51.065,209.63,0.103997718201,0.0,0
2018-05-27 19:04:51.149,208.67,0.103997718201,0.0,0
2018-05-27 19:04:51.242,207.04,0.103997718201,0.0,0
2018-05-27 19:04:51.335,207.93,0.103997718201,0.0,0
2018-05-27 19:04:51.429,207.04,0.103997718201,0.0,0
2018-05-27 19:04:51.522,207.73,0.103997718201,0.0,0
2018-05-27 19:04:51.708,207.94,0.103997718201,0.0,0
2018-05-27 19:04:51.792,207.51,0.103997718201,0.0,0
2018-05-27 19:04:52.037,206.33,0.103997718201,0.0,0
2018-05-27 19:04:52.131,207.64,0.103997718201,0.0,0
2018-05-27 19:04:52.224,206.4,0.103997718201,0.0,0
2018-05-27 19:04:52.317,207.94,0.103997718201,0.0,0
2018-05-27 19:04:52.410,207.09,0.103997718201,0.0,0
2018-05-27 19:04:52.503,207.4,0.103997718201,0.0,0
2018-05-27 19:04:52.596,205.81,0.103997718201,0.0,0
2018-05-27 19:04:52.680,205.94,0.103997718201,0.0,0
2018-05-27 19:04:52.774,206.61,0.103997718201,0.0,0
2018-05-27 19:04:52.857,205.51,0.103997718201,0.0,0
2018-05-27 19:04:53.019,204.85,0.103997718201,0.0,0
2018-05-27 19:04:53.112,204.31,0.103997718201,0.0,0
2018-05-27 19:04:53.205,205.39,0.103997718201,0.0,0
2018-05-27 19:04:53.298,203.58,0.103997718201,0.0,0
2018-05-27 19:04:53.391,205.39,0.103997718201,0.0,0
2018-05-27 19:04:53.485,203.04,0.103997718201,0.0,0
2018-05-27 19:04:53.578,203.88,0.103997718201,0.0,0
2018-05-27 19:04:53.671,204.13,0.103997718201,0.0,0
2018-05-27 19:04:53.764,203.51,0.103997718201,0.0,0
2018-05-27 19:04:53.848,203.35,0.103997718201,0.0,0
2018-05-27 19:04:54.010,204.76,0.103997718201,0.0,0
2018-05-27 19:04:54.103,203.09,0.103997718201,0.0,0
2018-05-27 19:04:54.196,203.53,0.103997718201,0.0,0
2018-05-27 19:04:54.289,204.95,0.103997718201,0.0,0
2018-05-27 19:04:54.382,204.29,0.103997718201,0.0,0
2018-05-27 19:04:54.475,205.65,0.103997718201,0.0,0
2018-05-27 19:04:54.568,204.95,0.103997718201,0.0,0
2018-05-27 19:04:54.661,205.81,0.103997718201,0.0,0
2018-05-27 19:04:54.745,205.98,0.103997718201,0.0,0
2018-05-27 19:04:54.838,205.9,0.103997718201,0.0,0
2018-05-27 19:04:54.927,206.2,0.103997718201,0.0,0
2018-05-27 19:04:55.075,206.56,0.103997718201,0.0,0
2018-05-27 19:04:55.168,208.88,0.103997718201,0.0,0
2018-05-27 19:04:55.261,207.75,0.103997718201,0.0,0
2018-05-27 19:04:55.441,209.92,0.103997718201,0.0,0
2018-05-27 19:04:55.615,209.53,0.103997718201,0.0,0
2018-05-27 19:04:55.700,209.57,0.103997718201,0.0,0
2018-05-27 19:04:55.792,211.8,0.103997718201,0.0,0
2018-05-27 19:04:56.047,210.99,0.103997718201,0.0,0
2018-05-27 19:04:56.233,210.86,0.103997718201,0.0,0
2018-05-27 19:04:56.326,212.39,0.103997718201,0.0,0
2018-05-27 19:04:56.419,210.4,0.103997718201,0.0,0
2018-05-27 19:04:56.503,210.45,0.103997718201,0.0,0
2018-05-27 19:04:56.680,209.69,0.103997718201,0.0,0
2018-05-27 19:04:56.866,208.77,0.103997718201,0.0,0
2018-05-27 19:04:57.028,209.81,0.103997718201,0.0,0
2018-05-27 19:04:57.215,209.1,0.103997718201,0.0,0
2018-05-27 19:04:57.485,208.29,0.103997718201,0.0,0
2018-05-27 19:04:57.578,206.91,0.103997718201,0.0,0
2018-05-27 19:04:57.671,207.67,0.103997718201,0.0,0
2018-05-27 19:04:57.755,208.61,0.103997718201,0.0,0
2018-05-27 19:04:57.848,207.12,0.103997718201,0.0,0
2018-05-27 19:04:58.010,207.85,0.103997718201,0.0,0
2018-05-27 19:04:58.103,207.29,0.103997718201,0.0,0
2018-05-27 19:04:58.196,207.36,0.103997718201,0.0,0
2018-05-27 19:04:58.373,207.46,0.103997718201,0.0,0
2018-05-27 19:04:58.466,208.1,0.103997718201,0.0,0
2018-05-27 19:04:58.559,208.07,0.103997718201,0.0,0
2018-05-27 19:04:58.652,208.29,0.103997718201,0.0,0
2018-05-27 19:04:58.745,208.63,0.103997718201,0.0,0
2018-05-27 19:04:58.829,207.93,0.103997718201,0.0,0
2018-05-27 19:04:58.914,207.74,0.103997718201,0.0,0
2018-05-27 19:04:59.075,209.3,0.103997718201,0.0,0
2018-05-27 19:04:59.168,208.71,0.103997718201,0.0,0
2018-05-27 19:04:59.261,209.73,0.103997718201,0.0,0
2018-05-27 19:04:59.354,209.15,0.103997718201,0.0,0
2018-05-27 19:04:59.634,210.66,0.103997718201,0.0,0
2018-05-27 19:04:59.717,211.07,0.103997718201,0.0,0
2018-05-27 19:04:59.811,209.95,0.103997718201,0.0,0
2018-05-27 19:05:00.066,210.29,0.103997718201,0.0,0
2018-05-27 19:05:00.149,212.33,0.103997718201,0.0,0
2018-05-27 19:05:00.242,210.36,0.103997718201,0.0,0
2018-05-27 19:05:00.336,212.32,0.103997718201,0.0,0
2018-05-27 19:05:00.429,210.54,0.103997718201,0.0,0
2018-05-27 19:05:00.522,212.77,0.103997718201,0.0,0
2018-05-27 19:05:00.615,211.36,0.103997718201,0.0,0
2018-05-27 19:05:00.792,211.36,0.103997718201,0.0,0
2018-05-27 19:05:00.885,213.53,0.103997718201,0.0,0
2018-05-27 19:05:01.131,212.97,0.103997718201,0.0,0
2018-05-27 19:05:01.224,213.87,0.103997718201,0.0,0
2018-05-27 19:05:01.317,215.93,0.103997718201,0.0,0
2018-05-27 19:05:01.410,213.99,0.103997718201,0.0,0
2018-05-27 19:05:01.503,215.01,0.103997718201,0.0,0
2018-05-27 19:05:01.596,216.29,0.103997718201,0.0,0
2018-05-27 19:05:01.680,217.37,0.103997718201,0.0,0
2018-05-27 19:05:01.773,216.8,0.103997718201,0.0,0
2018-05-27 19:05:01.867,216.79,0.103997718201,0.0,0
2018-05-27 19:05:02.019,216.22,0.103997718201,0.0,0
2018-05-27 19:05:02.113,216.53,0.103997718201,0.0,0
2018-05-27 19:05:02.205,218.68,0.103997718201,0.0,0
2018-05-27 19:05:02.298,218.02,0.103997718201,0.0,0
2018-05-27 19:05:02.392,217.92,0.103997718201,0.0,0
2018-05-27 19:05:02.485,218.08,0.103997718201,0.0,0
2018-05-27 19:05:02.578,219.63,0.103997718201,0.0,0
2018-05-27 19:05:02.662,219.15,0.103997718201,0.0,0
2018-05-27 19:05:02.745,218.97,0.103997718201,0.0,0
2018-05-27 19:05:02.839,220.43,0.103997718201,0.0,0
2018-05-27 19:05:03.000,220.41,0.103997718201,0.0,0
2018-05-27 19:05:03.084,220.04,0.103997718201,0.0,0
2018-05-27 19:05:03.168,219.96,0.103997718201,0.0,0
2018-05-27 19:05:03.261,220.1,0.103997718201,0.0,0
2018-05-27 19:05:03.448,220.22,0.103997718201,0.0,0
2018-05-27 19:05:03.541,220.12,0.103997718201,0.0,0
2018-05-27 19:05:03.624,221.15,0.103997718201,0.0,0
2018-05-27 19:05:03.708,222.72,0.103997718201,0.0,0
2018-05-27 19:05:03.801,221.78,0.103997718201,0.0,0
2018-05-27 19:05:03.894,221.6,0.103997718201,0.0,0
2018-05-27 19:05:04.056,221.88,0.103997718201,0.0,0
2018-05-27 19:05:04.243,223.44,0.103997718201,0.0,0
2018-05-27 19:05:04.429,222.78,0.103997718201,0.0,0
2018-05-27 19:05:04.513,224.34,0.103997718201,0.0,0
2018-05-27 19:05:04.606,223.8,0.103997718201,0.0,0
2018-05-27 19:05:04.690,223.48,0.103997718201,0.0,0
2018-05-27 19:05:04.876,225.15,0.103997718201,0.0,0
2018-05-27 19:05:05.038,224.81,0.103997718201,0.0,0
2018-05-27 19:05:05.131,224.85,0.103997718201,0.0,0
2018-05-27 19:05:05.224,225.03,0.103997718201,0.0,0
2018-05-27 19:05:05.317,224.61,0.103997718201,0.0,0
2018-05-27 19:05:05.401,225.77,0.103997718201,0.0,0
2018-05-27 19:05:05.494,225.48,0.103997718201,0.0,0
2018-05-27 19:05:05.587,225.49,0.103997718201,0.0,0
2018-05-27 19:05:05.680,225.39,0.103997718201,0.0,0
2018-05-27 19:05:05.773,225.77,0.103997718201,0.0,0
2018-05-27 19:05:05.867,226.61,0.103997718201,0.0,0
2018-05-27 19:05:06.215,226.51,0.103997718201,0.0,0
2018-05-27 19:05:06.299,226.77,0.103997718201,0.0,0
2018-05-27 19:05:06.485,228.2,0.103997718201,0.0,0
2018-05-27 19:05:06.671,227.98,0.103997718201,0.0,0
2018-05-27 19:05:06.755,227.89,0.103997718201,0.0,0
2018-05-27 19:05:06.848,228.28,0.103997718201,0.0,0
2018-05-27 19:05:07.010,229.4,0.103997718201,0.0,0
2018-05-27 19:05:07.196,229.89,0.103997718201,0.0,0
2018-05-27 19:05:07.290,229.52,0.103997718201,0.0,0
2018-05-27 19:05:07.466,228.77,0.103997718201,0.0,0
2018-05-27 19:05:07.559,229.34,0.103997718201,0.0,0
2018-05-27 19:05:07.746,229.55,0.103997718201,0.0,0
2018-05-27 19:05:07.913,230.5,0.103997718201,0.0,0
2018-05-27 19:05:08.075,230.79,0.103997718201,0.0,0
2018-05-27 19:05:08.159,229.67,0.103997718201,0.0,0
2018-05-27 19:05:08.252,229.96,0.103997718201,0.0,0
2018-05-27 19:05:08.438,230.31,0.103997718201,0.0,0
2018-05-27 19:05:08.708,231.46,0.103997718201,0.0,0
2018-05-27 19:05:08.802,231.33,0.103997718201,0.0,0
2018-05-27 19:05:08.895,231.68,0.103997718201,0.0,0
2018-05-27 19:05:09.140,231.22,0.103997718201,0.0,0
2018-05-27 19:05:09.327,231.55,0.103997718201,0.0,0
2018-05-27 19:05:09.420,232.49,0.103997718201,0.0,0
2018-05-27 19:05:09.513,232.52,0.103997718201,0.0,0
2018-05-27 19:05:09.606,232.9,0.103997718201,0.0,0
2018-05-27 19:05:09.784,233.86,0.103997718201,0.0,0
2018-05-27 19:05:09.867,231.91,0.103997718201,0.0,0
2018-05-27 19:05:10.029,230.76,0.103997718201,0.0,0
2018-05-27 19:05:10.122,229.9,0.103997718201,0.0,0
2018-05-27 19:05:10.215,229.35,0.103997718201,0.0,0
2018-05-27 19:05:10.308,228.67,0.103997718201,0.0,0
2018-05-27 19:05:10.857,224.44,0.103997718201,0.0,0
2018-05-27 19:05:11.019,223.44,0.103997718201,0.0,0
2018-05-27 19:05:11.112,224.78,0.103997718201,0.0,0
2018-05-27 19:05:11.205,223.91,0.103997718201,0.0,0
2018-05-27 19:05:11.299,222.2,0.103997718201,0.0,0
2018-05-27 19:05:11.485,220.67,0.103997718201,0.0,0
2018-05-27 19:05:11.662,220.89,0.103997718201,0.0,0
2018-05-27 19:05:11.839,220.43,0.103997718201,0.0,0
2018-05-27 19:05:11.927,220.41,0.103997718201,0.0,0
2018-05-27 19:05:12.168,220.01,0.103997718201,0.0,0
2018-05-27 19:05:12.261,218.46,0.103997718201,0.0,0
2018-05-27 19:05:12.355,219.02,0.103997718201,0.0,0
2018-05-27 19:05:12.541,216.8,0.103997718201,0.0,0
2018-05-27 19:05:12.708,217.45,0.103997718201,0.0,0
2018-05-27 19:05:12.895,215.73,0.103997718201,0.0,0
2018-05-27 19:05:13.057,216.42,0.103997718201,0.0,0
2018-05-27 19:05:13.150,215.22,0.103997718201,0.0,0
2018-05-27 19:05:13.336,215.65,0.103997718201,0.0,0
2018-05-27 19:05:13.522,213.27,0.103997718201,0.0,0
2018-05-27 19:05:13.606,213.27,0.103997718201,0.0,0
2018-05-27 19:05:13.690,213.03,0.103997718201,0.0,0
2018-05-27 19:05:13.783,213.33,0.103997718201,0.0,0
2018-05-27 19:05:14.038,212.69,0.103997718201,0.0,0
2018-05-27 19:05:14.224,211.27,0.103997718201,0.0,0
2018-05-27 19:05:14.317,211.47,0.103997718201,0.0,0
2018-05-27 19:05:14.411,210.8,0.103997718201,0.0,0
2018-05-27 19:05:14.504,209.31,0.103997718201,0.0,0
2018-05-27 19:05:14.681,210.92,0.103997718201,0.0,0
2018-05-27 19:05:14.774,209.45,0.103997718201,0.0,0
2018-05-27 19:05:14.867,210.81,0.103997718201,0.0,0
2018-05-27 19:05:15.019,211.27,0.103997718201,0.0,0
2018-05-27 19:05:15.131,210.15,0.103997718201,0.0,0
2018-05-27 19:05:15.224,211.72,0.103997718201,0.0,0
2018-05-27 19:05:15.317,210.65,0.103997718201,0.0,0
2018-05-27 19:05:15.410,211.08,0.103997718201,0.0,0
2018-05-27 19:05:15.504,211.87,0.103997718201,0.0,0
2018-05-27 19:05:15.597,211.58,0.103997718201,0.0,0
2018-05-27 19:05:15.681,212.0,0.103997718201,0.0,0
2018-05-27 19:05:15.867,213.04,0.103997718201,0.0,0
2018-05-27 19:05:16.029,213.44,0.103997718201,0.0,0
2018-05-27 19:05:16.122,214.69,0.103997718201,0.0,0
2018-05-27 19:05:16.215,213.35,0.103997718201,0.0,0
2018-05-27 19:05:16.308,215.15,0.103997718201,0.0,0
2018-05-27 19:05:16.401,216.03,0.103997718201,0.0,0
2018-05-27 19:05:16.494,215.28,0.103997718201,0.0,0
2018-05-27 19:05:16.587,217.02,0.103997718201,0.0,0
2018-05-27 19:05:16.681,216.43,0.103997718201,0.0,0
2018-05-27 19:05:16.764,216.86,0.103997718201,0.0,0
2018-05-27 19:05:16.858,215.51,0.103997718201,0.0,0
2018-05-27 19:05:17.019,216.15,0.103997718201,0.0,0
2018-05-27 19:05:17.113,217.83,0.103997718201,0.0,0
2018-05-27 19:05:17.206,216.74,0.103997718201,0.0,0
2018-05-27 19:05:17.299,217.3,0.103997718201,0.0,0
2018-05-27 19:05:17.392,218.82,0.103997718201,0.0,0
2018-05-27 19:05:17.485,218.34,0.103997718201,0.0,0
2018-05-27 19:05:17.578,216.41,0.103997718201,0.0,0
2018-05-27 19:05:17.662,216.54,0.103997718201,0.0,0
2018-05-27 19:05:17.755,216.1,0.103997718201,0.0,0
2018-05-27 19:05:17.848,217.22,0.103997718201,0.0,0
2018-05-27 19:05:18.010,215.53,0.103997718201,0.0,0
2018-05-27 19:05:18.289,213.85,0.103997718201,0.0,0
2018-05-27 19:05:18.383,213.37,0.103997718201,0.0,0
2018-05-27 19:05:18.476,214.46,0.103997718201,0.0,0
2018-05-27 19:05:18.569,212.75,0.103997718201,0.0,0
2018-05-27 19:05:18.662,214.52,0.103997718201,0.0,0
2018-05-27 19:05:18.746,213.35,0.103997718201,0.0,0
2018-05-27 19:05:18.839,215.01,0.103997718201,0.0,0
2018-05-27 19:05:19.013,214.4,0.103997718201,0.0,0
2018-05-27 19:05:19.103,213.24,0.103997718201,0.0,0
2018-05-27 19:05:19.196,212.89,0.103997718201,0.0,0
2018-05-27 19:05:19.289,213.83,0.103997718201,0.0,0
2018-05-27 19:05:19.383,213.51,0.103997718201,0.0,0
2018-05-27 19:05:19.476,214.87,0.103997718201,0.0,0
2018-05-27 19:05:19.569,212.76,0.103997718201,0.0,0
2018-05-27 19:05:19.662,213.17,0.103997718201,0.0,0
2018-05-27 19:05:19.747,213.52,0.103997718201,0.0,0
2018-05-27 19:05:19.839,215.17,0.103997718201,0.0,0
2018-05-27 19:05:20.001,213.64,0.103997718201,0.0,0
2018-05-27 19:05:20.094,213.09,0.103997718201,0.0,0
2018-05-27 19:05:20.187,215.29,0.103997718201,0.0,0
2018-05-27 19:05:20.280,213.09,0.103997718201,0.0,0
2018-05-27 19:05:20.373,214.16,0.103997718201,0.0,0
2018-05-27 19:05:20.467,215.35,0.103997718201,0.0,0
2018-05-27 19:05:20.560,214.34,0.103997718201,0.0,0
2018-05-27 19:05:20.653,215.83,0.103997718201,0.0,0
2018-05-27 19:05:20.746,214.88,0.103997718201,0.0,0
2018-05-27 19:05:20.830,215.51,0.103997718201,0.0,0
2018-05-27 19:05:20.914,216.23,0.103997718201,0.0,0
2018-05-27 19:05:21.075,214.4,0.103997718201,0.0,0
2018-05-27 19:05:21.168,214.75,0.103997718201,0.0,0
2018-05-27 19:05:21.262,216.11,0.103997718201,0.0,0
2018-05-27 19:05:21.355,214.58,0.103997718201,0.0,0
2018-05-27 19:05:21.448,215.03,0.103997718201,0.0,0
2018-05-27 19:05:21.541,216.84,0.103997718201,0.0,0
2018-05-27 19:05:21.634,215.5,0.103997718201,0.0,0
2018-05-27 19:05:21.719,216.45,0.103997718201,0.0,0
2018-05-27 19:05:21.811,216.13,0.103997718201,0.0,0
2018-05-27 19:05:21.904,217.16,0.103997718201,0.0,0
2018-05-27 19:05:22.066,218.82,0.103997718201,0.0,0
2018-05-27 19:05:22.159,217.62,0.103997718201,0.0,0
2018-05-27 19:05:22.252,217.31,0.103997718201,0.0,0
2018-05-27 19:05:22.345,219.76,0.103997718201,0.0,0
2018-05-27 19:05:22.439,218.96,0.103997718201,0.0,0
2018-05-27 19:05:22.625,219.66,0.103997718201,0.0,0
2018-05-27 19:05:22.711,219.24,0.103997718201,0.0,0
2018-05-27 19:05:22.802,219.95,0.103997718201,0.0,0
2018-05-27 19:05:22.895,221.61,0.103997718201,0.0,0
2018-05-27 19:05:23.057,221.72,0.103997718201,0.0,0
2018-05-27 19:05:23.150,221.02,0.103997718201,0.0,0
2018-05-27 19:05:23.243,221.63,0.103997718201,0.0,0
2018-05-27 19:05:23.429,222.87,0.103997718201,0.0,0
2018-05-27 19:05:23.616,222.92,0.103997718201,0.0,0
2018-05-27 19:05:23.709,223.83,0.103997718201,0.0,0
2018-05-27 19:05:23.886,223.51,0.103997718201,0.0,0
2018-05-27 19:05:24.047,224.13,0.103997718201,0.0,0
2018-05-27 19:05:24.234,225.05,0.103997718201,0.0,0
2018-05-27 19:05:24.327,226.19,0.103997718201,0.0,0
2018-05-27 19:05:24.420,226.15,0.103997718201,0.0,0
2018-05-27 19:05:24.513,225.34,0.103997718201,0.0,0
2018-05-27 19:05:24.606,225.21,0.103997718201,0.0,0
2018-05-27 19:05:24.690,226.2,0.103997718201,0.0,0
2018-05-27 19:05:24.783,225.93,0.103997718201,0.0,0
2018-05-27 19:05:24.867,225.82,0.103997718201,0.0,0
2018-05-27 19:05:25.122,227.43,0.103997718201,0.0,0
2018-05-27 19:05:25.215,228.03,0.103997718201,0.0,0
2018-05-27 19:05:25.308,227.36,0.103997718201,0.0,0
2018-05-27 19:05:25.401,227.61,0.103997718201,0.0,0
2018-05-27 19:05:25.495,227.09,0.103997718201,0.0,0
2018-05-27 19:05:25.588,227.67,0.103997718201,0.0,0
2018-05-27 19:05:25.681,227.48,0.103997718201,0.0,0
2018-05-27 19:05:25.774,228.15,0.103997718201,0.0,0
2018-05-27 19:05:25.867,228.57,0.103997718201,0.0,0
2018-05-27 19:05:26.020,229.39,0.103997718201,0.0,0
2018-05-27 19:05:26.113,229.33,0.103997718201,0.0,0
2018-05-27 19:05:26.206,229.73,0.103997718201,0.0,0
2018-05-27 19:05:26.299,229.5,0.103997718201,0.0,0
2018-05-27 19:05:26.392,229.49,0.103997718201,0.0,0
2018-05-27 19:05:26.485,229.54,0.103997718201,0.0,0
2018-05-27 19:05:26.578,229.75,0.103997718201,0.0,0
2018-05-27 19:05:26.662,231.91,0.103997718201,0.0,0
2018-05-27 19:05:26.746,230.65,0.103997718201,0.0,0
2018-05-27 19:05:26.927,232.5,0.103997718201,0.0,0
2018-05-27 19:05:27.085,232.67,0.103997718201,0.0,0
2018-05-27 19:05:27.169,231.37,0.103997718201,0.0,0
2018-05-27 19:05:27.256,233.05,0.103997718201,0.0,0
2018-05-27 19:05:27.355,231.52,0.103997718201,0.0,0
2018-05-27 19:05:27.448,231.74,0.103997718201,0.0,0
2018-05-27 19:05:27.532,232.4,0.103997718201,0.0,0
2018-05-27 19:05:27.709,233.11,0.103997718201,0.0,0
2018-05-27 19:05:27.802,233.27,0.103997718201,0.0,0
2018-05-27 19:05:27.895,234.42,0.103997718201,0.0,0
2018-05-27 19:05:28.057,233.4,0.103997718201,0.0,0
2018-05-27 19:05:28.150,234.15,0.103997718201,0.0,0
2018-05-27 19:05:28.243,235.18,0.103997718201,0.0,0
2018-05-27 19:05:28.513,233.78,0.103997718201,0.0,0
2018-05-27 19:05:28.690,234.92,0.103997718201,0.0,0
2018-05-27 19:05:28.793,235.63,0.103997718201,0.0,0
2018-05-27 19:05:29.234,235.58,0.103997718201,0.0,0
2018-05-27 19:05:29.327,234.79,0.103997718201,0.0,0
2018-05-27 19:05:29.420,235.15,0.103997718201,0.0,0
2018-05-27 19:05:29.690,235.32,0.103997718201,0.0,0
2018-05-27 19:05:29.774,232.28,0.103997718201,0.0,0
2018-05-27 19:05:30.029,230.64,0.103997718201,0.0,0
2018-05-27 19:05:30.122,229.12,0.103997718201,0.0,0
2018-05-27 19:05:30.215,228.55,0.103997718201,0.0,0
2018-05-27 19:05:30.308,226.83,0.103997718201,0.0,0
2018-05-27 19:05:30.402,226.42,0.103997718201,0.0,0
2018-05-27 19:05:31.085,219.86,0.103997718201,0.0,0
2018-05-27 19:05:31.169,218.95,0.103997718201,0.0,0
2018-05-27 19:05:31.262,218.95,0.103997718201,0.0,0
2018-05-27 19:05:31.355,219.02,0.103997718201,0.0,0
2018-05-27 19:05:31.448,218.36,0.103997718201,0.0,0
2018-05-27 19:05:31.541,215.59,0.103997718201,0.0,0
2018-05-27 19:05:31.634,215.84,0.103997718201,0.0,0
2018-05-27 19:05:31.728,215.56,0.103997718201,0.0,0
2018-05-27 19:05:31.811,214.49,0.103997718201,0.0,0
2018-05-27 19:05:32.057,212.06,0.103997718201,0.0,0
2018-05-27 19:05:32.150,211.28,0.103997718201,0.0,0
2018-05-27 19:05:32.243,211.77,0.103997718201,0.0,0
2018-05-27 19:05:32.337,210.66,0.103997718201,0.0,0
2018-05-27 19:05:32.430,211.12,0.103997718201,0.0,0
2018-05-27 19:05:32.523,208.86,0.103997718201,0.0,0
2018-05-27 19:05:32.709,207.83,0.103997718201,0.0,0
2018-05-27 19:05:32.877,206.88,0.103997718201,0.0,0
2018-05-27 19:05:33.038,208.33,0.103997718201,0.0,0
2018-05-27 19:05:33.132,205.18,0.103997718201,0.0,0
2018-05-27 19:05:33.225,207.33,0.103997718201,0.0,0
2018-05-27 19:05:33.318,205.59,0.103997718201,0.0,0
2018-05-27 19:05:33.411,207.26,0.103997718201,0.0,0
2018-05-27 19:05:33.504,205.68,0.103997718201,0.0,0
2018-05-27 19:05:33.597,206.0,0.103997718201,0.0,0
2018-05-27 19:05:33.690,205.0,0.103997718201,0.0,0
2018-05-27 19:05:33.774,205.32,0.103997718201,0.0,0
2018-05-27 19:05:33.858,205.5,0.103997718201,0.0,0
2018-05-27 19:05:34.020,205.18,0.103997718201,0.0,0
2018-05-27 19:05:34.113,206.18,0.103997718201,0.0,0
2018-05-27 19:05:34.206,204.75,0.103997718201,0.0,0
2018-05-27 19:05:34.299,206.91,0.103997718201,0.0,0
2018-05-27 19:05:34.392,205.31,0.103997718201,0.0,0
2018-05-27 19:05:34.486,207.36,0.103997718201,0.0,0
2018-05-27 19:05:34.579,206.65,0.103997718201,0.0,0
2018-05-27 19:05:34.662,206.57,0.103997718201,0.0,0
2018-05-27 19:05:34.755,207.64,0.103997718201,0.0,0
2018-05-27 19:05:34.840,207.98,0.103997718201,0.0,0
2018-05-27 19:05:34.928,208.37,0.103997718201,0.0,0
2018-05-27 19:05:35.085,207.45,0.103997718201,0.0,0
2018-05-27 19:05:35.169,207.34,0.103997718201,0.0,0
2018-05-27 19:05:35.262,209.07,0.103997718201,0.0,0
2018-05-27 19:05:35.532,209.6,0.103997718201,0.0,0
2018-05-27 19:05:35.718,210.2,0.103997718201,0.0,0
2018-05-27 19:05:35.802,210.28,0.103997718201,0.0,0
2018-05-27 19:05:35.895,209.02,0.103997718201,0.0,0
2018-05-27 19:05:36.150,210.95,0.103997718201,0.0,0
2018-05-27 19:05:36.234,211.48,0.103997718201,0.0,0
2018-05-27 19:05:36.327,211.84,0.103997718201,0.0,0
2018-05-27 19:05:36.420,212.77,0.103997718201,0.0,0
2018-05-27 19:05:36.513,211.2,0.103997718201,0.0,0
2018-05-27 19:05:36.607,213.32,0.103997718201,0.0,0
2018-05-27 19:05:36.700,215.07,0.103997718201,0.0,0
2018-05-27 19:05:36.784,214.9,0.103997718201,0.0,0
2018-05-27 19:05:36.877,215.11,0.103997718201,0.0,0
2018-05-27 19:05:37.029,215.03,0.103997718201,0.0,0
2018-05-27 19:05:37.132,215.8,0.103997718201,0.0,0
2018-05-27 19:05:37.225,215.41,0.103997718201,0.0,0
2018-05-27 19:05:37.318,215.97,0.103997718201,0.0,0
2018-05-27 19:05:37.411,216.63,0.103997718201,0.0,0
2018-05-27 19:05:37.504,215.47,0.103997718201,0.0,0
2018-05-27 19:05:37.597,215.51,0.103997718201,0.0,0
2018-05-27 19:05:37.690,216.33,0.103997718201,0.0,0
2018-05-27 19:05:37.774,216.12,0.103997718201,0.0,0
2018-05-27 19:05:37.868,214.33,0.103997718201,0.0,0
2018-05-27 19:05:38.020,214.5,0.103997718201,0.0,0
2018-05-27 19:05:38.113,212.58,0.103997718201,0.0,0
2018-05-27 19:05:38.206,213.74,0.103997718201,0.0,0
2018-05-27 19:05:38.299,210.98,0.103997718201,0.0,0
2018-05-27 19:05:38.392,210.84,0.103997718201,0.0,0
2018-05-27 19:05:38.485,211.46,0.103997718201,0.0,0
2018-05-27 19:05:38.579,208.8,0.103997718201,0.0,0
2018-05-27 19:05:38.672,209.95,0.103997718201,0.0,0
2018-05-27 19:05:38.756,210.61,0.103997718201,0.0,0
2018-05-27 19:05:39.010,210.01,0.103997718201,0.0,0
2018-05-27 19:05:39.104,208.22,0.103997718201,0.0,0
2018-05-27 19:05:39.197,209.18,0.103997718201,0.0,0
2018-05-27 19:05:39.290,208.19,0.103997718201,0.0,0
2018-05-27 19:05:39.383,209.91,0.103997718201,0.0,0
2018-05-27 19:05:39.569,209.4,0.103997718201,0.0,0
2018-05-27 19:05:39.662,207.65,0.103997718201,0.0,0
2018-05-27 19:05:39.746,206.73,0.103997718201,0.0,0
2018-05-27 19:05:39.839,209.77,0.103997718201,0.0,0
2018-05-27 19:05:39.923,209.69,0.103997718201,0.0,0
2018-05-27 19:05:40.076,208.49,0.103997718201,0.0,0
2018-05-27 19:05:40.169,208.43,0.103997718201,0.0,0
2018-05-27 19:05:40.262,208.44,0.103997718201,0.0,0
2018-05-27 19:05:40.355,207.66,0.103997718201,0.0,0
2018-05-27 19:05:40.448,207.69,0.103997718201,0.0,0
2018-05-27 19:05:40.541,207.87,0.103997718201,0.0,0
2018-05-27 19:05:40.634,207.86,0.103997718201,0.0,0
2018-05-27 19:05:40.718,207.98,0.103997718201,0.0,0
2018-05-27 19:05:40.811,209.04,0.103997718201,0.0,0
2018-05-27 19:05:40.904,208.39,0.103997718201,0.0,0
2018-05-27 19:05:41.066,208.89,0.103997718201,0.0,0
2018-05-27 19:05:41.159,208.51,0.103997718201,0.0,0
2018-05-27 19:05:41.346,208.2,0.103997718201,0.0,0
2018-05-27 19:05:41.439,209.97,0.103997718201,0.0,0
2018-05-27 19:05:41.532,208.22,0.103997718201,0.0,0
2018-05-27 19:05:41.625,209.69,0.103997718201,0.0,0
2018-05-27 19:05:41.709,210.96,0.103997718201,0.0,0
2018-05-27 19:05:41.802,209.89,0.103997718201,0.0,0
2018-05-27 19:05:41.895,211.04,0.103997718201,0.0,0
2018-05-27 19:05:42.057,210.09,0.103997718201,0.0,0
2018-05-27 19:05:42.243,210.62,0.103997718201,0.0,0
2018-05-27 19:05:42.336,211.22,0.103997718201,0.0,0
2018-05-27 19:05:42.430,212.88,0.103997718201,0.0,0
2018-05-27 19:05:42.616,213.69,0.103997718201,0.0,0
2018-05-27 19:05:42.700,214.4,0.103997718201,0.0,0
2018-05-27 19:05:42.793,213.31,0.103997718201,0.0,0
2018-05-27 19:05:42.877,214.69,0.103997718201,0.0,0
2018-05-27 19:05:43.039,213.71,0.103997718201,0.0,0
2018-05-27 19:05:43.132,215.28,0.103997718201,0.0,0
2018-05-27 19:05:43.225,215.38,0.103997718201,0.0,0
2018-05-27 19:05:43.318,215.51,0.103997718201,0.0,0
2018-05-27 19:05:43.411,217.01,0.103997718201,0.0,0
2018-05-27 19:05:43.504,216.43,0.103997718201,0.0,0
2018-05-27 19:05:43.597,216.64,0.103997718201,0.0,0
2018-05-27 19:05:43.681,216.18,0.103997718201,0.0,0
2018-05-27 19:05:43.774,216.68,0.103997718201,0.0,0
2018-05-27 19:05:43.867,218.93,0.103997718201,0.0,0
2018-05-27 19:05:44.029,218.57,0.103997718201,0.0,0
2018-05-27 19:05:44.122,218.17,0.103997718201,0.0,0
2018-05-27 19:05:44.308,219.33,0.103997718201,0.0,0
2018-05-27 19:05:44.402,218.59,0.103997718201,0.0,0
2018-05-27 19:05:44.495,218.73,0.103997718201,0.0,0
2018-05-27 19:05:44.588,220.32,0.103997718201,0.0,0
2018-05-27 19:05:44.681,220.1,0.103997718201,0.0,0
2018-05-27 19:05:44.774,219.87,0.103997718201,0.0,0
2018-05-27 19:05:44.858,221.26,0.103997718201,0.0,0
2018-05-27 19:05:45.020,220.66,0.103997718201,0.0,0
2018-05-27 19:05:45.113,220.98,0.103997718201,0.0,0
2018-05-27 19:05:45.206,221.4,0.103997718201,0.0,0
2018-05-27 19:05:45.299,222.35,0.103997718201,0.0,0
2018-05-27 19:05:45.392,221.85,0.103997718201,0.0,0
2018-05-27 19:05:45.485,222.47,0.103997718201,0.0,0
2018-05-27 19:05:45.579,222.57,0.103997718201,0.0,0
2018-05-27 19:05:45.672,222.59,0.103997718201,0.0,0
2018-05-27 19:05:45.755,222.13,0.103997718201,0.0,0
2018-05-27 19:05:45.849,223.34,0.103997718201,0.0,0
2018-05-27 19:05:46.010,223.82,0.103997718201,0.0,0
2018-05-27 19:05:46.280,224.57,0.103997718201,0.0,0
2018-05-27 19:05:46.374,225.92,0.103997718201,0.0,0
2018-05-27 19:05:46.556,225.18,0.103997718201,0.0,0
2018-05-27 19:05:46.644,225.85,0.103997718201,0.0,0
2018-05-27 19:05:46.729,225.15,0.103997718201,0.0,0
2018-05-27 19:05:46.821,225.11,0.103997718201,0.0,0
2018-05-27 19:05:46.914,226.05,0.103997718201,0.0,0
2018-05-27 19:05:47.076,226.58,0.103997718201,0.0,0
2018-05-27 19:05:47.346,226.54,0.103997718201,0.0,0
2018-05-27 19:05:47.532,227.16,0.103997718201,0.0,0
2018-05-27 19:05:47.625,228.04,0.103997718201,0.0,0
2018-05-27 19:05:47.802,227.97,0.103997718201,0.0,0
2018-05-27 19:05:47.895,227.79,0.103997718201,0.0,0
2018-05-27 19:05:48.057,228.34,0.103997718201,0.0,0
2018-05-27 19:05:48.243,229.24,0.103997718201,0.0,0
2018-05-27 19:05:48.606,230.11,0.103997718201,0.0,0
2018-05-27 19:05:48.699,229.5,0.103997718201,0.0,0
2018-05-27 19:05:48.783,229.92,0.103997718201,0.0,0
2018-05-27 19:05:48.876,230.55,0.103997718201,0.0,0
2018-05-27 19:05:49.038,231.5,0.103997718201,0.0,0
2018-05-27 19:05:49.225,231.87,0.103997718201,0.0,0
2018-05-27 19:05:49.401,230.72,0.103997718201,0.0,0
2018-05-27 19:05:49.588,231.4,0.103997718201,0.0,0
2018-05-27 19:05:49.681,231.31,0.103997718201,0.0,0
2018-05-27 19:05:49.867,231.8,0.103997718201,0.0,0
2018-05-27 19:05:50.029,231.79,0.103997718201,0.0,0
2018-05-27 19:05:50.122,231.72,0.103997718201,0.0,0
2018-05-27 19:05:50.215,231.82,0.103997718201,0.0,0
2018-05-27 19:05:50.299,233.33,0.103997718201,0.0,0
2018-05-27 19:05:50.392,232.68,0.103997718201,0.0,0
2018-05-27 19:05:50.485,232.6,0.103997718201,0.0,0
2018-05-27 19:05:50.579,233.18,0.103997718201,0.0,0
2018-05-27 19:05:50.672,233.4,0.103997718201,0.0,0
2018-05-27 19:05:50.848,233.34,0.103997718201,0.0,0
2018-05-27 19:05:51.104,232.0,0.103997718201,0.0,0
2018-05-27 19:05:51.280,228.49,0.103997718201,0.0,0
2018-05-27 19:05:51.373,228.41,0.103997718201,0.0,0
2018-05-27 19:05:51.467,227.61,0.103997718201,0.0,0
2018-05-27 19:05:51.560,227.16,0.103997718201,0.0,0
2018-05-27 19:05:51.653,226.48,0.103997718201,0.0,0
2018-05-27 19:05:51.746,224.64,0.103997718201,0.0,0
2018-05-27 19:05:51.830,223.4,0.103997718201,0.0,0
2018-05-27 19:05:51.914,221.35,0.103997718201,0.0,0
2018-05-27 19:05:52.169,221.32,0.103997718201,0.0,0
2018-05-27 19:05:52.262,220.85,0.103997718201,0.0,0
2018-05-27 19:05:52.355,218.64,0.103997718201,0.0,0
2018-05-27 19:05:52.448,218.32,0.103997718201,0.0,0
2018-05-27 19:05:52.541,219.54,0.103997718201,0.0,0
2018-05-27 19:05:52.634,219.65,0.103997718201,0.0,0
2018-05-27 19:05:52.718,219.47,0.103997718201,0.0,0
2018-05-27 19:05:52.811,218.25,0.103997718201,0.0,0
2018-05-27 19:05:52.905,217.25,0.103997718201,0.0,0
2018-05-27 19:05:53.150,217.05,0.103997718201,0.0,0
2018-05-27 19:05:53.243,218.3,0.103997718201,0.0,0
2018-05-27 19:05:53.429,216.39,0.103997718201,0.0,0
2018-05-27 19:05:53.523,216.44,0.103997718201,0.0,0
2018-05-27 19:05:53.709,214.89,0.103997718201,0.0,0
2018-05-27 19:05:53.793,214.52,0.103997718201,0.0,0
2018-05-27 19:05:53.886,214.54,0.103997718201,0.0,0
2018-05-27 19:05:54.047,215.43,0.103997718201,0.0,0
2018-05-27 19:05:54.234,214.73,0.103997718201,0.0,0
2018-05-27 19:05:54.327,215.92,0.103997718201,0.0,0
2018-05-27 19:05:54.606,215.13,0.103997718201,0.0,0
2018-05-27 19:05:54.783,214.02,0.103997718201,0.0,0
2018-05-27 19:05:54.876,214.74,0.103997718201,0.0,0
2018-05-27 19:05:55.038,216.6,0.103997718201,0.0,0
2018-05-27 19:05:55.131,214.79,0.103997718201,0.0,0
2018-05-27 19:05:55.318,216.72,0.103997718201,0.0,0
2018-05-27 19:05:55.411,214.45,0.103997718201,0.0,0
2018-05-27 19:05:55.504,215.89,0.103997718201,0.0,0
2018-05-27 19:05:55.597,216.66,0.103997718201,0.0,0
2018-05-27 19:05:55.690,214.64,0.103997718201,0.0,0
2018-05-27 19:05:55.774,216.2,0.103997718201,0.0,0
2018-05-27 19:05:55.867,216.11,0.103997718201,0.0,0
2018-05-27 19:05:56.029,217.29,0.103997718201,0.0,0
2018-05-27 19:05:56.122,216.45,0.103997718201,0.0,0
2018-05-27 19:05:56.215,216.35,0.103997718201,0.0,0
2018-05-27 19:05:56.308,217.4,0.103997718201,0.0,0
2018-05-27 19:05:56.401,217.62,0.103997718201,0.0,0
2018-05-27 19:05:56.494,216.55,0.103997718201,0.0,0
2018-05-27 19:05:56.588,217.25,0.103997718201,0.0,0
2018-05-27 19:05:56.681,217.75,0.103997718201,0.0,0
2018-05-27 19:05:56.858,219.18,0.103997718201,0.0,0
2018-05-27 19:05:57.019,217.78,0.103997718201,0.0,0
2018-05-27 19:05:57.206,219.32,0.103997718201,0.0,0
2018-05-27 19:05:57.299,217.37,0.103997718201,0.0,0
2018-05-27 19:05:57.392,218.62,0.103997718201,0.0,0
2018-05-27 19:05:57.485,219.33,0.103997718201,0.0,0
2018-05-27 19:05:57.579,219.34,0.103997718201,0.0,0
2018-05-27 19:05:57.672,219.2,0.103997718201,0.0,0
2018-05-27 19:05:57.755,220.89,0.103997718201,0.0,0
2018-05-27 19:05:57.848,219.65,0.103997718201,0.0,0
2018-05-27 19:05:58.010,220.67,0.103997718201,0.0,0
2018-05-27 19:05:58.103,220.79,0.103997718201,0.0,0
2018-05-27 19:05:58.196,222.1,0.103997718201,0.0,0
2018-05-27 19:05:58.290,221.19,0.103997718201,0.0,0
2018-05-27 19:05:58.383,220.74,0.103997718201,0.0,0
2018-05-27 19:05:58.476,220.79,0.103997718201,0.0,0
2018-05-27 19:05:58.569,222.89,0.103997718201,0.0,0
2018-05-27 19:05:58.662,221.62,0.103997718201,0.0,0
2018-05-27 19:05:58.746,220.6,0.103997718201,0.0,0
2018-05-27 19:05:58.839,220.73,0.103997718201,0.0,0
2018-05-27 19:05:58.927,219.38,0.103997718201,0.0,0
2018-05-27 19:05:59.085,219.85,0.103997718201,0.0,0
2018-05-27 19:05:59.168,218.04,0.103997718201,0.0,0
2018-05-27 19:05:59.262,218.83,0.103997718201,0.0,0
2018-05-27 19:05:59.355,216.82,0.103997718201,0.0,0
2018-05-27 19:05:59.448,216.39,0.103997718201,0.0,0
2018-05-27 19:05:59.541,217.43,0.103997718201,0.0,0
2018-05-27 19:05:59.634,214.89,0.103997718201,0.0,0
2018-05-27 19:05:59.718,215.9,0.103997718201,0.0,0
2018-05-27 19:05:59.811,214.11,0.103997718201,0.0,0
2018-05-27 19:05:59.904,214.27,0.103997718201,0.0,0
2018-05-27 19:06:00.066,212.01,0.103997718201,0.0,0
2018-05-27 19:06:00.252,212.47,0.103997718201,0.0,0
2018-05-27 19:06:00.345,212.02,0.103997718201,0.0,0
2018-05-27 19:06:00.439,213.16,0.103997718201,0.0,0
2018-05-27 19:06:00.532,210.23,0.103997718201,0.0,0
2018-05-27 19:06:00.625,211.43,0.103997718201,0.0,0
2018-05-27 19:06:00.709,210.18,0.103997718201,0.0,0
2018-05-27 19:06:00.895,208.06,0.103997718201,0.0,0
2018-05-27 19:06:01.057,209.43,0.103997718201,0.0,0
2018-05-27 19:06:01.243,208.57,0.103997718201,0.0,0
2018-05-27 19:06:01.336,208.04,0.103997718201,0.0,0
2018-05-27 19:06:01.522,207.13,0.103997718201,0.0,0
2018-05-27 19:06:01.616,208.06,0.103997718201,0.0,0
2018-05-27 19:06:01.699,209.51,0.103997718201,0.0,0
2018-05-27 19:06:01.792,208.35,0.103997718201,0.0,0
2018-05-27 19:06:01.886,209.37,0.103997718201,0.0,0
2018-05-27 19:06:02.140,209.47,0.103997718201,0.0,0
2018-05-27 19:06:02.234,209.1,0.103997718201,0.0,0
2018-05-27 19:06:02.327,209.95,0.103997718201,0.0,0
2018-05-27 19:06:02.401,208.15,0.103997718201,0.0,0
2018-05-27 19:06:02.597,209.71,0.103997718201,0.0,0
2018-05-27 19:06:02.690,208.58,0.103997718201,0.0,0
2018-05-27 19:06:02.783,210.34,0.103997718201,0.0,0
2018-05-27 19:06:02.876,208.58,0.103997718201,0.0,0
2018-05-27 19:06:03.038,211.21,0.103997718201,0.0,0
2018-05-27 19:06:03.224,210.01,0.103997718201,0.0,0
2018-05-27 19:06:03.317,210.63,0.103997718201,0.0,0
2018-05-27 19:06:03.494,211.52,0.103997718201,0.0,0
2018-05-27 19:06:03.588,212.99,0.103997718201,0.0,0
2018-05-27 19:06:03.681,212.15,0.103997718201,0.0,0
2018-05-27 19:06:03.774,213.23,0.103997718201,0.0,0
2018-05-27 19:06:03.867,213.17,0.103997718201,0.0,0
2018-05-27 19:06:04.029,212.91,0.103997718201,0.0,0
2018-05-27 19:06:04.122,214.82,0.103997718201,0.0,0
2018-05-27 19:06:04.215,214.0,0.103997718201,0.0,0
2018-05-27 19:06:04.308,214.46,0.103997718201,0.0,0
2018-05-27 19:06:04.401,215.17,0.103997718201,0.0,0
2018-05-27 19:06:04.494,215.03,0.103997718201,0.0,0
2018-05-27 19:06:04.578,215.42,0.103997718201,0.0,0
2018-05-27 19:06:04.671,215.64,0.103997718201,0.0,0
2018-05-27 19:06:04.764,217.43,0.103997718201,0.0,0
2018-05-27 19:06:04.848,217.04,0.103997718201,0.0,0
2018-05-27 19:06:05.010,218.21,0.103997718201,0.0,0
2018-05-27 19:06:05.103,216.97,0.103997718201,0.0,0
2018-05-27 19:06:05.196,217.22,0.103997718201,0.0,0
2018-05-27 19:06:05.290,219.72,0.103997718201,0.0,0
2018-05-27 19:06:05.383,218.77,0.103997718201,0.0,0
2018-05-27 19:06:05.476,219.0,0.103997718201,0.0,0
2018-05-27 19:06:05.560,219.61,0.103997718201,0.0,0
2018-05-27 19:06:05.653,219.28,0.103997718201,0.0,0
2018-05-27 19:06:05.741,221.81,0.103997718201,0.0,0
2018-05-27 19:06:05.830,219.63,0.103997718201,0.0,0
2018-05-27 19:06:05.913,221.12,0.103997718201,0.0,0
2018-05-27 19:06:06.076,220.97,0.103997718201,0.0,0
2018-05-27 19:06:06.168,221.79,0.103997718201,0.0,0
2018-05-27 19:06:06.345,221.52,0.103997718201,0.0,0
2018-05-27 19:06:06.438,221.75,0.103997718201,0.0,0
2018-05-27 19:06:06.532,223.17,0.103997718201,0.0,0
2018-05-27 19:06:06.625,223.97,0.103997718201,0.0,0
2018-05-27 19:06:06.718,224.64,0.103997718201,0.0,0
2018-05-27 19:06:06.802,224.04,0.103997718201,0.0,0
2018-05-27 19:06:06.895,224.61,0.103997718201,0.0,0
2018-05-27 19:06:07.150,224.47,0.103997718201,0.0,0
2018-05-27 19:06:07.327,226.08,0.103997718201,0.0,0
2018-05-27 19:06:07.513,224.36,0.103997718201,0.0,0
2018-05-27 19:06:07.606,224.13,0.103997718201,0.0,0
2018-05-27 19:06:07.699,224.8,0.103997718201,0.0,0
2018-05-27 19:06:07.783,225.02,0.103997718201,0.0,0
2018-05-27 19:06:07.876,224.14,0.103997718201,0.0,0
2018-05-27 19:06:08.038,225.41,0.103997718201,0.0,0
2018-05-27 19:06:08.131,225.31,0.103997718201,0.0,0
2018-05-27 19:06:08.224,226.13,0.103997718201,0.0,0
2018-05-27 19:06:08.308,226.23,0.103997718201,0.0,0
2018-05-27 19:06:08.401,226.26,0.103997718201,0.0,0
2018-05-27 19:06:08.494,227.37,0.103997718201,0.0,0
2018-05-27 19:06:08.587,226.73,0.103997718201,0.0,0
2018-05-27 19:06:08.681,227.69,0.103997718201,0.0,0
2018-05-27 19:06:08.774,227.73,0.103997718201,0.0,0
2018-05-27 19:06:08.867,229.36,0.103997718201,0.0,0
2018-05-27 19:06:09.029,229.18,0.103997718201,0.0,0
2018-05-27 19:06:09.122,229.3,0.103997718201,0.0,0
2018-05-27 19:06:09.215,230.02,0.103997718201,0.0,0
2018-05-27 19:06:09.308,229.43,0.103997718201,0.0,0
2018-05-27 19:06:09.392,228.34,0.103997718201,0.0,0
2018-05-27 19:06:09.485,229.33,0.103997718201,0.0,0
2018-05-27 19:06:09.764,230.26,0.103997718201,0.0,0
2018-05-27 19:06:09.848,229.45,0.103997718201,0.0,0
2018-05-27 19:06:10.010,229.74,0.103997718201,0.0,0
2018-05-27 19:06:10.104,230.82,0.103997718201,0.0,0
2018-05-27 19:06:10.187,231.82,0.103997718201,0.0,0
2018-05-27 19:06:10.280,232.1,0.103997718201,0.0,0
2018-05-27 19:06:10.373,231.83,0.103997718201,0.0,0
2018-05-27 19:06:10.466,232.74,0.103997718201,0.0,0
2018-05-27 19:06:10.559,233.0,0.103997718201,0.0,0
2018-05-27 19:06:10.830,232.3,0.103997718201,0.0,0
2018-05-27 19:06:11.075,232.2,0.103997718201,0.0,0
2018-05-27 19:06:11.261,230.76,0.103997718201,0.0,0
2018-05-27 19:06:11.448,229.05,0.103997718201,0.0,0
2018-05-27 19:06:11.606,226.15,0.103997718201,0.0,0
2018-05-27 19:06:11.709,225.7,0.103997718201,0.0,0
2018-05-27 19:06:11.802,224.24,0.103997718201,0.0,0
2018-05-27 19:06:12.057,222.74,0.103997718201,0.0,0
2018-05-27 19:06:12.150,223.4,0.103997718201,0.0,0
2018-05-27 19:06:12.243,222.52,0.103997718201,0.0,0
2018-05-27 19:06:12.336,220.48,0.103997718201,0.0,0
2018-05-27 19:06:12.429,219.76,0.103997718201,0.0,0
2018-05-27 19:06:12.615,219.01,0.103997718201,0.0,0
2018-05-27 19:06:12.699,217.52,0.103997718201,0.0,0
2018-05-27 19:06:12.792,217.31,0.103997718201,0.0,0
2018-05-27 19:06:12.885,215.73,0.103997718201,0.0,0
2018-05-27 19:06:13.047,215.9,0.103997718201,0.0,0
2018-05-27 19:06:13.140,216.26,0.103997718201,0.0,0
2018-05-27 19:06:13.327,215.17,0.103997718201,0.0,0
2018-05-27 19:06:13.420,213.02,0.103997718201,0.0,0
2018-05-27 19:06:13.513,212.79,0.103997718201,0.0,0
2018-05-27 19:06:13.606,213.82,0.103997718201,0.0,0
2018-05-27 19:06:13.690,214.17,0.103997718201,0.0,0
2018-05-27 19:06:13.783,212.0,0.103997718201,0.0,0
2018-05-27 19:06:13.876,212.67,0.103997718201,0.0,0
2018-05-27 19:06:14.038,212.77,0.103997718201,0.0,0
2018-05-27 19:06:14.131,212.08,0.103997718201,0.0,0
2018-05-27 19:06:14.224,212.39,0.103997718201,0.0,0
2018-05-27 19:06:14.410,211.35,0.103997718201,0.0,0
2018-05-27 19:06:14.597,210.19,0.103997718201,0.0,0
2018-05-27 19:06:14.681,209.11,0.103997718201,0.0,0
2018-05-27 19:06:14.774,209.71,0.103997718201,0.0,0
2018-05-27 19:06:14.867,208.9,0.103997718201,0.0,0
2018-05-27 19:06:15.029,209.49,0.103997718201,0.0,0
2018-05-27 19:06:15.122,208.46,0.103997718201,0.0,0
2018-05-27 19:06:15.215,209.85,0.103997718201,0.0,0
2018-05-27 19:06:15.308,208.91,0.103997718201,0.0,0
2018-05-27 19:06:15.401,209.65,0.103997718201,0.0,0
2018-05-27 19:06:15.494,208.41,0.103997718201,0.0,0
2018-05-27 19:06:15.587,209.07,0.103997718201,0.0,0
2018-05-27 19:06:15.680,208.17,0.103997718201,0.0,0
2018-05-27 19:06:15.774,208.7,0.103997718201,0.0,0
2018-05-27 19:06:16.019,207.98,0.103997718201,0.0,0
2018-05-27 19:06:16.113,209.03,0.103997718201,0.0,0
2018-05-27 19:06:16.205,208.47,0.103997718201,0.0,0
2018-05-27 19:06:16.299,209.09,0.103997718201,0.0,0
2018-05-27 19:06:16.392,208.34,0.103997718201,0.0,0
2018-05-27 19:06:16.485,209.58,0.103997718201,0.0,0
2018-05-27 19:06:16.569,209.61,0.103997718201,0.0,0
2018-05-27 19:06:16.662,207.98,0.103997718201,0.0,0
2018-05-27 19:06:16.746,208.67,0.103997718201,0.0,0
2018-05-27 19:06:16.927,209.66,0.103997718201,0.0,0
2018-05-27 19:06:17.084,208.97,0.103997718201,0.0,0
2018-05-27 19:06:17.261,209.68,0.103997718201,0.0,0
2018-05-27 19:06:17.354,211.19,0.103997718201,0.0,0
2018-05-27 19:06:17.448,210.09,0.103997718201,0.0,0
2018-05-27 19:06:17.541,211.93,0.103997718201,0.0,0
2018-05-27 19:06:17.634,210.93,0.103997718201,0.0,0
2018-05-27 19:06:17.718,210.69,0.103997718201,0.0,0
2018-05-27 19:06:17.811,212.23,0.103997718201,0.0,0
2018-05-27 19:06:17.904,213.04,0.103997718201,0.0,0
2018-05-27 19:06:18.159,214.34,0.103997718201,0.0,0
2018-05-27 19:06:18.252,213.74,0.103997718201,0.0,0
2018-05-27 19:06:18.345,214.68,0.103997718201,0.0,0
2018-05-27 19:06:18.438,215.1,0.103997718201,0.0,0
2018-05-27 19:06:18.532,215.44,0.103997718201,0.0,0
2018-05-27 19:06:18.625,215.92,0.103997718201,0.0,0
2018-05-27 19:06:18.709,216.29,0.103997718201,0.0,0
2018-05-27 19:06:18.802,218.27,0.103997718201,0.0,0
2018-05-27 19:06:18.895,217.58,0.103997718201,0.0,0
2018-05-27 19:06:19.057,217.51,0.103997718201,0.0,0
2018-05-27 19:06:19.150,217.38,0.103997718201,0.0,0
2018-05-27 19:06:19.243,217.52,0.103997718201,0.0,0
2018-05-27 19:06:19.336,216.07,0.103997718201,0.0,0
2018-05-27 19:06:19.429,215.47,0.103997718201,0.0,0
2018-05-27 19:06:19.522,215.39,0.103997718201,0.0,0
2018-05-27 19:06:19.709,214.15,0.103997718201,0.0,0
2018-05-27 19:06:19.792,211.62,0.103997718201,0.0,0
2018-05-27 19:06:19.886,211.1,0.103997718201,0.0,0
2018-05-27 19:06:20.047,209.64,0.103997718201,0.0,0
2018-05-27 19:06:20.233,208.91,0.103997718201,0.0,0
2018-05-27 19:06:20.327,209.58,0.103997718201,0.0,0
2018-05-27 19:06:20.420,208.44,0.103997718201,0.0,0
2018-05-27 19:06:20.513,208.98,0.103997718201,0.0,0
2018-05-27 19:06:20.699,208.32,0.103997718201,0.0,0
2018-05-27 19:06:20.783,208.57,0.103997718201,0.0,0
2018-05-27 19:06:20.867,208.22,0.103997718201,0.0,0
2018-05-27 19:06:21.029,206.63,0.103997718201,0.0,0
2018-05-27 19:06:21.122,208.26,0.103997718201,0.0,0
2018-05-27 19:06:21.308,208.28,0.103997718201,0.0,0
2018-05-27 19:06:21.401,207.42,0.103997718201,0.0,0
2018-05-27 19:06:21.494,207.86,0.103997718201,0.0,0
2018-05-27 19:06:21.587,206.26,0.103997718201,0.0,0
2018-05-27 19:06:21.774,206.06,0.103997718201,0.0,0
2018-05-27 19:06:21.867,206.11,0.103997718201,0.0,0
2018-05-27 19:06:22.019,206.1,0.103997718201,0.0,0
2018-05-27 19:06:22.112,206.44,0.103997718201,0.0,0
2018-05-27 19:06:22.196,206.44,0.103997718201,0.0,0
2018-05-27 19:06:22.289,205.58,0.103997718201,0.0,0
2018-05-27 19:06:22.382,207.78,0.103997718201,0.0,0
2018-05-27 19:06:22.476,205.47,0.103997718201,0.0,0
2018-05-27 19:06:22.569,207.99,0.103997718201,0.0,0
2018-05-27 19:06:22.662,206.55,0.103997718201,0.0,0
2018-05-27 19:06:22.746,206.66,0.103997718201,0.0,0
2018-05-27 19:06:22.839,208.19,0.103997718201,0.0,0
2018-05-27 19:06:22.927,208.7,0.103997718201,0.0,0
2018-05-27 19:06:23.084,207.31,0.103997718201,0.0,0
2018-05-27 19:06:23.168,206.72,0.103997718201,0.0,0
2018-05-27 19:06:23.261,209.29,0.103997718201,0.0,0
2018-05-27 19:06:23.354,206.9,0.103997718201,0.0,0
2018-05-27 19:06:23.448,209.79,0.103997718201,0.0,0
2018-05-27 19:06:23.541,207.28,0.103997718201,0.0,0
2018-05-27 19:06:23.634,209.92,0.103997718201,0.0,0
2018-05-27 19:06:23.718,208.82,0.103997718201,0.0,0
2018-05-27 19:06:23.811,208.6,0.103997718201,0.0,0
2018-05-27 19:06:23.904,209.16,0.103997718201,0.0,0
2018-05-27 19:06:24.066,209.8,0.103997718201,0.0,0
2018-05-27 19:06:24.159,209.96,0.103997718201,0.0,0
2018-05-27 19:06:24.252,211.78,0.103997718201,0.0,0
2018-05-27 19:06:24.345,211.15,0.103997718201,0.0,0
2018-05-27 19:06:24.438,212.98,0.103997718201,0.0,0
2018-05-27 19:06:24.531,211.3,0.103997718201,0.0,0
2018-05-27 19:06:24.625,213.25,0.103997718201,0.0,0
2018-05-27 19:06:24.718,212.39,0.103997718201,0.0,0
2018-05-27 19:06:24.801,213.31,0.103997718201,0.0,0
2018-05-27 19:06:24.895,213.44,0.103997718201,0.0,0
2018-05-27 19:06:25.056,215.24,0.103997718201,0.0,0
2018-05-27 19:06:25.149,214.23,0.103997718201,0.0,0
2018-05-27 19:06:25.336,215.9,0.103997718201,0.0,0
2018-05-27 19:06:25.420,215.73,0.103997718201,0.0,0
2018-05-27 19:06:25.513,216.36,0.103997718201,0.0,0
2018-05-27 19:06:25.606,215.78,0.103997718201,0.0,0
2018-05-27 19:06:25.699,216.64,0.103997718201,0.0,0
2018-05-27 19:06:25.783,217.06,0.103997718201,0.0,0
2018-05-27 19:06:25.876,218.7,0.103997718201,0.0,0
2018-05-27 19:06:26.038,218.72,0.103997718201,0.0,0
2018-05-27 19:06:26.224,217.79,0.103997718201,0.0,0
2018-05-27 19:06:26.317,218.43,0.103997718201,0.0,0
2018-05-27 19:06:26.494,217.11,0.103997718201,0.0,0
2018-05-27 19:06:26.587,215.79,0.103997718201,0.0,0
2018-05-27 19:06:26.773,218.19,0.103997718201,0.0,0
2018-05-27 19:06:26.867,217.3,0.103997718201,0.0,0
2018-05-27 19:06:27.028,217.01,0.103997718201,0.0,0
2018-05-27 19:06:27.122,218.93,0.103997718201,0.0,0
2018-05-27 19:06:27.215,218.72,0.103997718201,0.0,0
2018-05-27 19:06:27.308,218.45,0.103997718201,0.0,0
2018-05-27 19:06:27.392,218.73,0.103997718201,0.0,0
2018-05-27 19:06:27.485,219.41,0.103997718201,0.0,0
2018-05-27 19:06:27.579,219.54,0.103997718201,0.0,0
2018-05-27 19:06:27.671,221.05,0.103997718201,0.0,0
2018-05-27 19:06:27.755,220.58,0.103997718201,0.0,0
2018-05-27 19:06:27.848,221.51,0.103997718201,0.0,0
2018-05-27 19:06:28.010,221.17,0.103997718201,0.0,0
2018-05-27 19:06:28.103,220.85,0.103997718201,0.0,0
2018-05-27 19:06:28.196,220.89,0.103997718201,0.0,0
2018-05-27 19:06:28.289,222.92,0.103997718201,0.0,0
2018-05-27 19:06:28.373,222.13,0.103997718201,0.0,0
2018-05-27 19:06:28.652,223.84,0.103997718201,0.0,0
2018-05-27 19:06:28.745,223.24,0.103997718201,0.0,0
2018-05-27 19:06:28.914,223.74,0.103997718201,0.0,0
2018-05-27 19:06:29.075,224.4,0.103997718201,0.0,0
2018-05-27 19:06:29.168,226.06,0.103997718201,0.0,0
2018-05-27 19:06:29.345,224.66,0.103997718201,0.0,0
2018-05-27 19:06:29.531,226.17,0.103997718201,0.0,0
2018-05-27 19:06:29.624,226.55,0.103997718201,0.0,0
2018-05-27 19:06:29.801,226.0,0.103997718201,0.0,0
2018-05-27 19:06:29.895,227.34,0.103997718201,0.0,0
2018-05-27 19:06:30.047,225.81,0.103997718201,0.0,0
2018-05-27 19:06:30.327,226.68,0.103997718201,0.0,0
2018-05-27 19:06:30.420,228.37,0.103997718201,0.0,0
2018-05-27 19:06:30.513,228.13,0.103997718201,0.0,0
2018-05-27 19:06:30.699,228.91,0.103997718201,0.0,0
2018-05-27 19:06:31.028,227.99,0.103997718201,0.0,0
2018-05-27 19:06:31.587,229.91,0.103997718201,0.0,0
2018-05-27 19:06:31.680,229.35,0.103997718201,0.0,0
2018-05-27 19:06:31.857,230.7,0.103997718201,0.0,0
2018-05-27 19:06:32.019,230.68,0.103997718201,0.0,0
2018-05-27 19:06:32.112,230.87,0.103997718201,0.0,0
2018-05-27 19:06:32.205,231.06,0.103997718201,0.0,0
2018-05-27 19:06:32.298,230.34,0.103997718201,0.0,0
2018-05-27 19:06:32.392,230.88,0.103997718201,0.0,0
2018-05-27 19:06:32.485,230.95,0.103997718201,0.0,0
2018-05-27 19:06:32.578,231.19,0.103997718201,0.0,0
2018-05-27 19:06:32.867,232.54,0.103997718201,0.0,0
2018-05-27 19:06:33.029,232.84,0.103997718201,0.0,0
2018-05-27 19:06:33.113,233.86,0.103997718201,0.0,0
2018-05-27 19:06:33.205,233.12,0.103997718201,0.0,0
2018-05-27 19:06:33.298,232.82,0.103997718201,0.0,0
2018-05-27 19:06:33.392,231.61,0.103997718201,0.0,0
2018-05-27 19:06:33.485,229.25,0.103997718201,0.0,0
2018-05-27 19:06:33.662,227.21,0.103997718201,0.0,0
2018-05-27 19:06:33.755,227.0,0.103997718201,0.0,0
2018-05-27 19:06:33.849,226.13,0.103997718201,0.0,0
2018-05-27 19:06:34.000,224.11,0.103997718201,0.0,0
2018-05-27 19:06:34.094,224.34,0.103997718201,0.0,0
2018-05-27 19:06:34.177,221.87,0.103997718201,0.0,0
2018-05-27 19:06:34.261,222.11,0.103997718201,0.0,0
2018-05-27 19:06:34.354,220.15,0.103997718201,0.0,0
2018-05-27 19:06:34.447,219.48,0.103997718201,0.0,0
2018-05-27 19:06:34.541,220.75,0.103997718201,0.0,0
2018-05-27 19:06:34.634,220.51,0.103997718201,0.0,0
2018-05-27 19:06:34.727,218.11,0.103997718201,0.0,0
2018-05-27 19:06:34.820,218.07,0.103997718201,0.0,0
2018-05-27 19:06:35.075,216.67,0.103997718201,0.0,0
2018-05-27 19:06:35.168,216.47,0.103997718201,0.0,0
2018-05-27 19:06:35.261,217.53,0.103997718201,0.0,0
2018-05-27 19:06:35.354,215.36,0.103997718201,0.0,0
2018-05-27 19:06:35.447,214.69,0.103997718201,0.0,0
2018-05-27 19:06:35.541,216.21,0.103997718201,0.0,0
2018-05-27 19:06:35.634,214.45,0.103997718201,0.0,0
2018-05-27 19:06:35.811,214.27,0.103997718201,0.0,0
2018-05-27 19:06:36.066,214.85,0.103997718201,0.0,0
2018-05-27 19:06:36.242,213.66,0.103997718201,0.0,0
2018-05-27 19:06:36.336,214.18,0.103997718201,0.0,0
2018-05-27 19:06:36.410,215.49,0.103997718201,0.0,0
2018-05-27 19:06:36.616,215.68,0.103997718201,0.0,0
2018-05-27 19:06:36.792,215.67,0.103997718201,0.0,0
2018-05-27 19:06:36.876,215.71,0.103997718201,0.0,0
2018-05-27 19:06:37.038,215.13,0.103997718201,0.0,0
2018-05-27 19:06:37.224,215.61,0.103997718201,0.0,0
2018-05-27 19:06:37.410,214.2,0.103997718201,0.0,0
2018-05-27 19:06:37.597,214.05,0.103997718201,0.0,0
2018-05-27 19:06:37.690,214.96,0.103997718201,0.0,0
2018-05-27 19:06:37.773,215.32,0.103997718201,0.0,0
2018-05-27 19:06:37.866,216.37,0.103997718201,0.0,0
2018-05-27 19:06:38.028,214.63,0.103997718201,0.0,0
2018-05-27 19:06:38.121,214.54,0.103997718201,0.0,0
2018-05-27 19:06:38.215,216.47,0.103997718201,0.0,0
2018-05-27 19:06:38.308,215.25,0.103997718201,0.0,0
2018-05-27 19:06:38.587,216.38,0.103997718201,0.0,0
2018-05-27 19:06:38.680,217.05,0.103997718201,0.0,0
2018-05-27 19:06:38.773,218.64,0.103997718201,0.0,0
2018-05-27 19:06:38.857,216.77,0.103997718201,0.0,0
2018-05-27 19:06:39.112,218.21,0.103997718201,0.0,0
2018-05-27 19:06:39.205,218.63,0.103997718201,0.0,0
2018-05-27 19:06:39.298,218.66,0.103997718201,0.0,0
2018-05-27 19:06:39.391,220.78,0.103997718201,0.0,0
2018-05-27 19:06:39.485,219.33,0.103997718201,0.0,0
2018-05-27 19:06:39.578,219.62,0.103997718201,0.0,0
2018-05-27 19:06:39.671,220.68,0.103997718201,0.0,0
2018-05-27 19:06:39.755,220.73,0.103997718201,0.0,0
2018-05-27 19:06:39.848,220.58,0.103997718201,0.0,0
2018-05-27 19:06:40.010,221.66,0.103997718201,0.0,0
2018-05-27 19:06:40.103,221.19,0.103997718201,0.0,0
2018-05-27 19:06:40.196,220.85,0.103997718201,0.0,0
2018-05-27 19:06:40.289,221.02,0.103997718201,0.0,0
2018-05-27 19:06:40.382,222.82,0.103997718201,0.0,0
2018-05-27 19:06:40.475,221.98,0.103997718201,0.0,0
2018-05-27 19:06:40.568,219.95,0.103997718201,0.0,0
2018-05-27 19:06:40.662,220.76,0.103997718201,0.0,0
2018-05-27 19:06:40.745,219.8,0.103997718201,0.0,0
2018-05-27 19:06:40.927,219.28,0.103997718201,0.0,0
2018-05-27 19:06:41.168,217.49,0.103997718201,0.0,0
2018-05-27 19:06:41.354,217.91,0.103997718201,0.0,0
2018-05-27 19:06:41.447,216.78,0.103997718201,0.0,0
2018-05-27 19:06:41.541,215.86,0.103997718201,0.0,0
2018-05-27 19:06:41.634,216.68,0.103997718201,0.0,0
2018-05-27 19:06:41.727,216.29,0.103997718201,0.0,0
2018-05-27 19:06:41.820,215.87,0.103997718201,0.0,0
2018-05-27 19:06:42.075,216.05,0.103997718201,0.0,0
2018-05-27 19:06:42.168,215.29,0.103997718201,0.0,0
2018-05-27 19:06:42.261,215.71,0.103997718201,0.0,0
2018-05-27 19:06:42.354,214.15,0.103997718201,0.0,0
2018-05-27 19:06:42.447,213.59,0.103997718201,0.0,0
2018-05-27 19:06:42.541,215.23,0.103997718201,0.0,0
2018-05-27 19:06:42.624,214.44,0.103997718201,0.0,0
2018-05-27 19:06:42.717,214.65,0.103997718201,0.0,0
2018-05-27 19:06:42.904,215.77,0.103997718201,0.0,0
2018-05-27 19:06:43.065,214.26,0.103997718201,0.0,0
2018-05-27 19:06:43.159,214.14,0.103997718201,0.0,0
2018-05-27 19:06:43.252,215.59,0.103997718201,0.0,0
2018-05-27 19:06:43.345,214.26,0.103997718201,0.0,0
2018-05-27 19:06:43.438,214.81,0.103997718201,0.0,0
2018-05-27 19:06:43.531,215.89,0.103997718201,0.0,0
2018-05-27 19:06:43.624,214.19,0.103997718201,0.0,0
2018-05-27 19:06:43.708,215.51,0.103997718201,0.0,0
2018-05-27 19:06:43.894,216.52,0.103997718201,0.0,0
2018-05-27 19:06:44.056,215.5,0.103997718201,0.0,0
2018-05-27 19:06:44.149,215.59,0.103997718201,0.0,0
2018-05-27 19:06:44.242,217.35,0.103997718201,0.0,0
2018-05-27 19:06:44.336,215.52,0.103997718201,0.0,0
2018-05-27 19:06:44.429,215.79,0.103997718201,0.0,0
2018-05-27 19:06:44.596,216.89,0.103997718201,0.0,0
2018-05-27 19:06:44.717,216.97,0.103997718201,0.0,0
2018-05-27 19:06:44.811,215.96,0.103997718201,0.0,0
2018-05-27 19:06:44.904,217.6,0.103997718201,0.0,0
2018-05-27 19:06:45.065,219.01,0.103997718201,0.0,0
2018-05-27 19:06:45.159,217.48,0.103997718201,0.0,0
2018-05-27 19:06:45.252,218.61,0.103997718201,0.0,0
2018-05-27 19:06:45.438,219.68,0.103997718201,0.0,0
2018-05-27 19:06:45.531,219.23,0.103997718201,0.0,0
2018-05-27 19:06:45.624,219.59,0.103997718201,0.0,0
2018-05-27 19:06:45.708,219.41,0.103997718201,0.0,0
2018-05-27 19:06:45.801,220.63,0.103997718201,0.0,0
2018-05-27 19:06:45.894,221.02,0.103997718201,0.0,0
2018-05-27 19:06:46.056,222.45,0.103997718201,0.0,0
2018-05-27 19:06:46.149,221.72,0.103997718201,0.0,0
2018-05-27 19:06:46.242,221.4,0.103997718201,0.0,0
2018-05-27 19:06:46.335,222.05,0.103997718201,0.0,0
2018-05-27 19:06:46.429,223.12,0.103997718201,0.0,0
2018-05-27 19:06:46.522,223.99,0.103997718201,0.0,0
2018-05-27 19:06:46.708,223.95,0.103997718201,0.0,0
2018-05-27 19:06:46.792,225.21,0.103997718201,0.0,0
2018-05-27 19:06:46.885,225.57,0.103997718201,0.0,0
2018-05-27 19:06:47.140,224.43,0.103997718201,0.0,0
2018-05-27 19:06:47.233,224.95,0.103997718201,0.0,0
2018-05-27 19:06:47.326,225.06,0.103997718201,0.0,0
2018-05-27 19:06:47.419,226.05,0.103997718201,0.0,0
2018-05-27 19:06:47.606,226.72,0.103997718201,0.0,0
2018-05-27 19:06:47.782,226.23,0.103997718201,0.0,0
2018-05-27 19:06:47.876,227.71,0.103997718201,0.0,0
2018-05-27 19:06:48.037,227.72,0.103997718201,0.0,0
2018-05-27 19:06:48.131,227.61,0.103997718201,0.0,0
2018-05-27 19:06:48.224,227.75,0.103997718201,0.0,0
2018-05-27 19:06:48.317,227.53,0.103997718201,0.0,0
2018-05-27 19:06:48.410,227.09,0.103997718201,0.0,0
2018-05-27 19:06:48.503,227.2,0.103997718201,0.0,0
2018-05-27 19:06:48.596,227.86,0.103997718201,0.0,0
2018-05-27 19:06:48.680,230.14,0.103997718201,0.0,0
2018-05-27 19:06:48.773,230.06,0.103997718201,0.0,0
2018-05-27 19:06:49.028,230.94,0.103997718201,0.0,0
2018-05-27 19:06:49.121,230.27,0.103997718201,0.0,0
2018-05-27 19:06:49.214,230.32,0.103997718201,0.0,0
2018-05-27 19:06:49.401,230.21,0.103997718201,0.0,0
2018-05-27 19:06:49.494,231.37,0.103997718201,0.0,0
2018-05-27 19:06:49.587,231.56,0.103997718201,0.0,0
2018-05-27 19:06:49.671,231.47,0.103997718201,0.0,0
2018-05-27 19:06:49.754,231.85,0.103997718201,0.0,0
2018-05-27 19:06:49.848,232.39,0.103997718201,0.0,0
2018-05-27 19:06:50.009,232.38,0.103997718201,0.0,0
2018-05-27 19:06:50.103,232.73,0.103997718201,0.0,0
2018-05-27 19:06:50.187,232.86,0.103997718201,0.0,0
2018-05-27 19:06:50.368,233.76,0.103997718201,0.0,0
2018-05-27 19:06:50.456,234.66,0.103997718201,0.0,0
2018-05-27 19:06:50.633,233.4,0.103997718201,0.0,0
2018-05-27 19:06:50.727,233.25,0.103997718201,0.0,0
2018-05-27 19:06:50.810,234.92,0.103997718201,0.0,0
2018-05-27 19:06:50.903,234.91,0.103997718201,0.0,0
2018-05-27 19:06:51.065,234.93,0.103997718201,0.0,0
2018-05-27 19:06:51.158,234.75,0.103997718201,0.0,0
2018-05-27 19:06:51.252,235.37,0.103997718201,0.0,0
2018-05-27 19:06:51.345,234.3,0.103997718201,0.0,0
2018-05-27 19:06:51.438,234.67,0.103997718201,0.0,0
2018-05-27 19:06:51.531,235.14,0.103997718201,0.0,0
2018-05-27 19:06:51.624,234.76,0.103997718201,0.0,0
2018-05-27 19:06:51.708,234.25,0.103997718201,0.0,0
2018-05-27 19:06:51.894,234.04,0.103997718201,0.0,0
2018-05-27 19:06:52.149,233.33,0.103997718201,0.0,0
2018-05-27 19:06:52.242,233.56,0.103997718201,0.0,0
2018-05-27 19:06:52.428,231.88,0.103997718201,0.0,0
2018-05-27 19:06:52.615,228.96,0.103997718201,0.0,0
2018-05-27 19:06:52.699,229.18,0.103997718201,0.0,0
2018-05-27 19:06:52.792,228.91,0.103997718201,0.0,0
2018-05-27 19:06:52.885,228.02,0.103997718201,0.0,0
2018-05-27 19:06:53.140,225.42,0.103997718201,0.0,0
2018-05-27 19:06:53.233,223.67,0.103997718201,0.0,0
2018-05-27 19:06:53.326,223.0,0.103997718201,0.0,0
2018-05-27 19:06:53.419,222.29,0.103997718201,0.0,0
2018-05-27 19:06:53.512,222.7,0.103997718201,0.0,0
2018-05-27 19:06:53.605,221.08,0.103997718201,0.0,0
2018-05-27 19:06:53.782,220.2,0.103997718201,0.0,0
2018-05-27 19:06:54.037,216.4,0.103997718201,0.0,0
2018-05-27 19:06:54.223,214.77,0.103997718201,0.0,0
2018-05-27 19:06:54.317,213.96,0.103997718201,0.0,0
2018-05-27 19:06:54.503,212.57,0.103997718201,0.0,0
2018-05-27 19:06:54.596,213.0,0.103997718201,0.0,0
2018-05-27 19:06:54.680,212.08,0.103997718201,0.0,0
2018-05-27 19:06:54.773,213.53,0.103997718201,0.0,0
2018-05-27 19:06:54.866,211.58,0.103997718201,0.0,0
2018-05-27 19:06:55.214,211.37,0.103997718201,0.0,0
2018-05-27 19:06:55.307,212.2,0.103997718201,0.0,0
2018-05-27 19:06:55.400,210.12,0.103997718201,0.0,0
2018-05-27 19:06:55.493,210.86,0.103997718201,0.0,0
2018-05-27 19:06:55.587,209.31,0.103997718201,0.0,0
2018-05-27 19:06:55.680,210.57,0.103997718201,0.0,0
2018-05-27 19:06:55.764,210.71,0.103997718201,0.0,0
2018-05-27 19:06:55.857,208.14,0.103997718201,0.0,0
2018-05-27 19:06:56.018,210.32,0.103997718201,0.0,0
2018-05-27 19:06:56.112,207.63,0.103997718201,0.0,0
2018-05-27 19:06:56.205,209.66,0.103997718201,0.0,0
2018-05-27 19:06:56.298,208.39,0.103997718201,0.0,0
2018-05-27 19:06:56.391,209.4,0.103997718201,0.0,0
2018-05-27 19:06:56.484,207.28,0.103997718201,0.0,0
2018-05-27 19:06:56.577,208.54,0.103997718201,0.0,0
2018-05-27 19:06:56.670,206.01,0.103997718201,0.0,0
2018-05-27 19:06:56.754,206.66,0.103997718201,0.0,0
2018-05-27 19:06:56.847,208.09,0.103997718201,0.0,0
2018-05-27 19:06:57.102,207.75,0.103997718201,0.0,0
2018-05-27 19:06:57.195,205.86,0.103997718201,0.0,0
2018-05-27 19:06:57.288,207.23,0.103997718201,0.0,0
2018-05-27 19:06:57.382,206.04,0.103997718201,0.0,0
2018-05-27 19:06:57.475,206.18,0.103997718201,0.0,0
2018-05-27 19:06:57.559,206.06,0.103997718201,0.0,0
2018-05-27 19:06:57.652,205.25,0.103997718201,0.0,0
2018-05-27 19:06:57.838,205.82,0.103997718201,0.0,0
2018-05-27 19:06:57.926,205.69,0.103997718201,0.0,0
2018-05-27 19:06:58.084,204.83,0.103997718201,0.0,0
2018-05-27 19:06:58.167,204.52,0.103997718201,0.0,0
2018-05-27 19:06:58.251,204.28,0.103997718201,0.0,0
2018-05-27 19:06:58.344,206.23,0.103997718201,0.0,0
2018-05-27 19:06:58.437,204.33,0.103997718201,0.0,0
2018-05-27 19:06:58.531,206.28,0.103997718201,0.0,0
2018-05-27 19:06:58.624,204.74,0.103997718201,0.0,0
2018-05-27 19:06:58.708,204.74,0.103997718201,0.0,0
2018-05-27 19:06:58.801,206.59,0.103997718201,0.0,0
2018-05-27 19:06:58.894,205.74,0.103997718201,0.0,0
2018-05-27 19:06:59.149,206.95,0.103997718201,0.0,0
2018-05-27 19:06:59.233,206.92,0.103997718201,0.0,0
2018-05-27 19:06:59.326,206.86,0.103997718201,0.0,0
2018-05-27 19:06:59.419,208.61,0.103997718201,0.0,0
2018-05-27 19:06:59.512,207.35,0.103997718201,0.0,0
2018-05-27 19:06:59.605,208.67,0.103997718201,0.0,0
2018-05-27 19:06:59.782,208.46,0.103997718201,0.0,0
2018-05-27 19:06:59.875,209.42,0.103997718201,0.0,0
2018-05-27 19:07:00.130,210.24,0.103997718201,0.0,0
2018-05-27 19:07:00.316,211.35,0.103997718201,0.0,0
2018-05-27 19:07:00.409,212.99,0.103997718201,0.0,0
2018-05-27 19:07:00.503,211.6,0.103997718201,0.0,0
2018-05-27 19:07:00.596,213.46,0.103997718201,0.0,0
2018-05-27 19:07:00.773,212.94,0.103997718201,0.0,0
2018-05-27 19:07:00.866,212.34,0.103997718201,0.0,0
2018-05-27 19:07:01.028,212.66,0.103997718201,0.0,0
2018-05-27 19:07:01.112,212.45,0.103997718201,0.0,0
2018-05-27 19:07:01.205,210.62,0.103997718201,0.0,0
2018-05-27 19:07:01.298,210.31,0.103997718201,0.0,0
2018-05-27 19:07:01.391,211.36,0.103997718201,0.0,0
2018-05-27 19:07:01.475,210.4,0.103997718201,0.0,0
2018-05-27 19:07:01.568,209.7,0.103997718201,0.0,0
2018-05-27 19:07:01.661,210.46,0.103997718201,0.0,0
2018-05-27 19:07:01.754,208.5,0.103997718201,0.0,0
2018-05-27 19:07:01.838,208.37,0.103997718201,0.0,0
2018-05-27 19:07:02.083,209.57,0.103997718201,0.0,0
2018-05-27 19:07:02.167,208.76,0.103997718201,0.0,0
2018-05-27 19:07:02.260,207.87,0.103997718201,0.0,0
2018-05-27 19:07:02.354,208.59,0.103997718201,0.0,0
2018-05-27 19:07:02.447,208.76,0.103997718201,0.0,0
2018-05-27 19:07:02.717,208.99,0.103997718201,0.0,0
2018-05-27 19:07:03.251,208.05,0.103997718201,0.0,0
2018-05-27 19:07:03.344,209.26,0.103997718201,0.0,0
2018-05-27 19:07:03.437,208.66,0.103997718201,0.0,0
2018-05-27 19:07:03.530,209.08,0.103997718201,0.0,0
2018-05-27 19:07:03.624,208.23,0.103997718201,0.0,0
2018-05-27 19:07:03.717,208.66,0.103997718201,0.0,0
2018-05-27 19:07:03.894,207.57,0.103997718201,0.0,0
2018-05-27 19:07:04.055,208.45,0.103997718201,0.0,0
2018-05-27 19:07:04.149,207.57,0.103997718201,0.0,0
2018-05-27 19:07:04.335,207.72,0.103997718201,0.0,0
2018-05-27 19:07:04.428,208.5,0.103997718201,0.0,0
2018-05-27 19:07:04.521,208.15,0.103997718201,0.0,0
2018-05-27 19:07:04.706,209.68,0.103997718201,0.0,0
2018-05-27 19:07:04.791,208.81,0.103997718201,0.0,0
2018-05-27 19:07:05.046,208.86,0.103997718201,0.0,0
2018-05-27 19:07:05.140,209.71,0.103997718201,0.0,0
2018-05-27 19:07:05.233,208.95,0.103997718201,0.0,0
2018-05-27 19:07:05.326,210.77,0.103997718201,0.0,0
2018-05-27 19:07:05.409,211.36,0.103997718201,0.0,0
2018-05-27 19:07:05.502,209.36,0.103997718201,0.0,0
2018-05-27 19:07:05.596,210.07,0.103997718201,0.0,0
2018-05-27 19:07:05.689,210.98,0.103997718201,0.0,0
2018-05-27 19:07:05.782,210.77,0.103997718201,0.0,0
2018-05-27 19:07:05.875,212.51,0.103997718201,0.0,0
2018-05-27 19:07:06.037,212.04,0.103997718201,0.0,0
2018-05-27 19:07:06.130,213.72,0.103997718201,0.0,0
2018-05-27 19:07:06.223,212.11,0.103997718201,0.0,0
2018-05-27 19:07:06.317,213.08,0.103997718201,0.0,0
2018-05-27 19:07:06.409,214.26,0.103997718201,0.0,0
2018-05-27 19:07:06.502,213.51,0.103997718201,0.0,0
2018-05-27 19:07:06.596,215.3,0.103997718201,0.0,0
2018-05-27 19:07:06.689,215.01,0.103997718201,0.0,0
2018-05-27 19:07:06.875,216.68,0.103997718201,0.0,0
2018-05-27 19:07:07.037,216.47,0.103997718201,0.0,0
2018-05-27 19:07:07.130,216.53,0.103997718201,0.0,0
2018-05-27 19:07:07.223,218.17,0.103997718201,0.0,0
2018-05-27 19:07:07.316,217.75,0.103997718201,0.0,0
2018-05-27 19:07:07.410,217.49,0.103997718201,0.0,0
2018-05-27 19:07:07.503,218.17,0.103997718201,0.0,0
2018-05-27 19:07:07.596,219.32,0.103997718201,0.0,0
2018-05-27 19:07:07.782,217.97,0.103997718201,0.0,0
2018-05-27 19:07:07.875,219.87,0.103997718201,0.0,0
2018-05-27 19:07:08.037,220.31,0.103997718201,0.0,0
2018-05-27 19:07:08.130,218.62,0.103997718201,0.0,0
2018-05-27 19:07:08.223,219.43,0.103997718201,0.0,0
2018-05-27 19:07:08.316,220.83,0.103997718201,0.0,0
2018-05-27 19:07:08.502,221.19,0.103997718201,0.0,0
2018-05-27 19:07:08.596,220.35,0.103997718201,0.0,0
2018-05-27 19:07:08.680,221.0,0.103997718201,0.0,0
2018-05-27 19:07:08.772,221.44,0.103997718201,0.0,0
2018-05-27 19:07:08.866,221.61,0.103997718201,0.0,0
2018-05-27 19:07:09.027,222.72,0.103997718201,0.0,0
2018-05-27 19:07:09.121,222.91,0.103997718201,0.0,0
2018-05-27 19:07:09.214,221.73,0.103997718201,0.0,0
2018-05-27 19:07:09.400,224.18,0.103997718201,0.0,0
2018-05-27 19:07:09.493,225.34,0.103997718201,0.0,0
2018-05-27 19:07:09.577,224.46,0.103997718201,0.0,0
2018-05-27 19:07:09.670,224.25,0.103997718201,0.0,0
2018-05-27 19:07:09.763,225.93,0.103997718201,0.0,0
2018-05-27 19:07:09.847,224.58,0.103997718201,0.0,0
2018-05-27 19:07:10.009,224.43,0.103997718201,0.0,0
2018-05-27 19:07:10.195,226.94,0.103997718201,0.0,0
2018-05-27 19:07:10.381,225.68,0.103997718201,0.0,0
2018-05-27 19:07:10.475,225.96,0.103997718201,0.0,0
2018-05-27 19:07:10.558,227.17,0.103997718201,0.0,0
2018-05-27 19:07:10.651,227.46,0.103997718201,0.0,0
2018-05-27 19:07:10.744,227.72,0.103997718201,0.0,0
2018-05-27 19:07:10.828,226.34,0.103997718201,0.0,0
2018-05-27 19:07:10.912,227.21,0.103997718201,0.0,0
2018-05-27 19:07:11.074,226.92,0.103997718201,0.0,0
2018-05-27 19:07:11.167,226.45,0.103997718201,0.0,0
2018-05-27 19:07:11.344,229.3,0.103997718201,0.0,0
2018-05-27 19:07:11.437,228.99,0.103997718201,0.0,0
2018-05-27 19:07:11.623,228.72,0.103997718201,0.0,0
2018-05-27 19:07:11.800,230.05,0.103997718201,0.0,0
2018-05-27 19:07:11.893,230.49,0.103997718201,0.0,0
2018-05-27 19:07:12.055,230.31,0.103997718201,0.0,0
2018-05-27 19:07:12.241,230.88,0.103997718201,0.0,0
2018-05-27 19:07:12.521,230.85,0.103997718201,0.0,0
2018-05-27 19:07:12.791,231.38,0.103997718201,0.0,0
2018-05-27 19:07:13.139,230.9,0.103997718201,0.0,0
2018-05-27 19:07:13.232,230.76,0.103997718201,0.0,0
2018-05-27 19:07:13.325,231.37,0.103997718201,0.0,0
2018-05-27 19:07:13.511,232.0,0.103997718201,0.0,0
2018-05-27 19:07:14.223,234.93,0.103997718201,0.0,0
2018-05-27 19:07:14.772,234.58,0.103997718201,0.0,0
2018-05-27 19:07:14.856,231.83,0.103997718201,0.0,0
2018-05-27 19:07:15.018,230.36,0.103997718201,0.0,0
2018-05-27 19:07:15.111,229.67,0.103997718201,0.0,0
2018-05-27 19:07:15.204,228.22,0.103997718201,0.0,0
2018-05-27 19:07:15.297,227.98,0.103997718201,0.0,0
2018-05-27 19:07:15.390,226.73,0.103997718201,0.0,0
2018-05-27 19:07:15.483,226.29,0.103997718201,0.0,0
2018-05-27 19:07:15.577,226.66,0.103997718201,0.0,0
2018-05-27 19:07:15.670,225.26,0.103997718201,0.0,0
2018-05-27 19:07:15.763,224.94,0.103997718201,0.0,0
2018-05-27 19:07:15.847,222.99,0.103997718201,0.0,0
2018-05-27 19:07:16.008,222.74,0.103997718201,0.0,0
2018-05-27 19:07:16.102,220.83,0.103997718201,0.0,0
2018-05-27 19:07:16.288,219.31,0.103997718201,0.0,0
2018-05-27 19:07:16.474,219.18,0.103997718201,0.0,0
2018-05-27 19:07:16.660,217.92,0.103997718201,0.0,0
2018-05-27 19:07:16.744,217.71,0.103997718201,0.0,0
2018-05-27 19:07:16.837,218.45,0.103997718201,0.0,0
2018-05-27 19:07:17.167,215.41,0.103997718201,0.0,0
2018-05-27 19:07:17.260,215.49,0.103997718201,0.0,0
2018-05-27 19:07:17.353,214.1,0.103997718201,0.0,0
2018-05-27 19:07:17.446,214.58,0.103997718201,0.0,0
2018-05-27 19:07:17.633,213.13,0.103997718201,0.0,0
2018-05-27 19:07:17.809,213.72,0.103997718201,0.0,0
2018-05-27 19:07:18.064,213.14,0.103997718201,0.0,0
2018-05-27 19:07:18.344,214.02,0.103997718201,0.0,0
2018-05-27 19:07:18.437,214.49,0.103997718201,0.0,0
2018-05-27 19:07:18.530,213.45,0.103997718201,0.0,0
2018-05-27 19:07:18.623,214.77,0.103997718201,0.0,0
2018-05-27 19:07:18.707,213.46,0.103997718201,0.0,0
2018-05-27 19:07:18.800,214.7,0.103997718201,0.0,0
2018-05-27 19:07:18.893,213.19,0.103997718201,0.0,0
2018-05-27 19:07:19.148,214.59,0.103997718201,0.0,0
2018-05-27 19:07:19.241,214.15,0.103997718201,0.0,0
2018-05-27 19:07:19.334,214.99,0.103997718201,0.0,0
2018-05-27 19:07:19.614,215.12,0.103997718201,0.0,0
2018-05-27 19:07:19.698,215.33,0.103997718201,0.0,0
2018-05-27 19:07:19.791,214.16,0.103997718201,0.0,0
2018-05-27 19:07:19.884,213.88,0.103997718201,0.0,0
2018-05-27 19:07:20.046,216.21,0.103997718201,0.0,0
2018-05-27 19:07:20.139,214.83,0.103997718201,0.0,0
2018-05-27 19:07:20.232,215.25,0.103997718201,0.0,0
2018-05-27 19:07:20.325,216.76,0.103997718201,0.0,0
2018-05-27 19:07:20.418,217.28,0.103997718201,0.0,0
2018-05-27 19:07:20.605,218.71,0.103997718201,0.0,0
2018-05-27 19:07:20.689,217.34,0.103997718201,0.0,0
2018-05-27 19:07:20.781,218.7,0.103997718201,0.0,0
2018-05-27 19:07:20.865,218.02,0.103997718201,0.0,0
2018-05-27 19:07:21.027,218.96,0.103997718201,0.0,0
2018-05-27 19:07:21.120,217.78,0.103997718201,0.0,0
2018-05-27 19:07:21.204,218.57,0.103997718201,0.0,0
2018-05-27 19:07:21.297,217.12,0.103997718201,0.0,0
2018-05-27 19:07:21.381,218.81,0.103997718201,0.0,0
2018-05-27 19:07:21.474,217.21,0.103997718201,0.0,0
2018-05-27 19:07:21.567,218.49,0.103997718201,0.0,0
2018-05-27 19:07:21.660,218.87,0.103997718201,0.0,0
2018-05-27 19:07:21.753,217.98,0.103997718201,0.0,0
2018-05-27 19:07:21.837,219.39,0.103997718201,0.0,0
2018-05-27 19:07:21.926,218.24,0.103997718201,0.0,0
2018-05-27 19:07:22.084,219.11,0.103997718201,0.0,0
2018-05-27 19:07:22.167,218.19,0.103997718201,0.0,0
2018-05-27 19:07:22.260,217.21,0.103997718201,0.0,0
2018-05-27 19:07:22.353,215.84,0.103997718201,0.0,0
2018-05-27 19:07:22.446,216.04,0.103997718201,0.0,0
2018-05-27 19:07:22.539,215.69,0.103997718201,0.0,0
2018-05-27 19:07:22.632,214.12,0.103997718201,0.0,0
2018-05-27 19:07:22.716,214.1,0.103997718201,0.0,0
2018-05-27 19:07:23.055,214.54,0.103997718201,0.0,0
2018-05-27 19:07:23.148,212.01,0.103997718201,0.0,0
2018-05-27 19:07:23.241,212.02,0.103997718201,0.0,0
2018-05-27 19:07:23.334,211.56,0.103997718201,0.0,0
2018-05-27 19:07:23.427,210.89,0.103997718201,0.0,0
2018-05-27 19:07:23.520,211.27,0.103997718201,0.0,0
2018-05-27 19:07:23.707,210.16,0.103997718201,0.0,0
2018-05-27 19:07:23.884,207.07,0.103997718201,0.0,0
2018-05-27 19:07:24.045,209.64,0.103997718201,0.0,0
2018-05-27 19:07:24.139,208.09,0.103997718201,0.0,0
2018-05-27 19:07:24.232,209.51,0.103997718201,0.0,0
2018-05-27 19:07:24.325,206.38,0.103997718201,0.0,0
2018-05-27 19:07:24.418,208.51,0.103997718201,0.0,0
2018-05-27 19:07:24.604,208.28,0.103997718201,0.0,0
2018-05-27 19:07:24.689,208.35,0.103997718201,0.0,0
2018-05-27 19:07:24.781,206.98,0.103997718201,0.0,0
2018-05-27 19:07:24.874,208.48,0.103997718201,0.0,0
2018-05-27 19:07:25.036,207.04,0.103997718201,0.0,0
2018-05-27 19:07:25.129,208.68,0.103997718201,0.0,0
2018-05-27 19:07:25.223,207.62,0.103997718201,0.0,0
2018-05-27 19:07:25.316,208.96,0.103997718201,0.0,0
2018-05-27 19:07:25.409,207.82,0.103997718201,0.0,0
2018-05-27 19:07:25.502,209.5,0.103997718201,0.0,0
2018-05-27 19:07:25.595,208.46,0.103997718201,0.0,0
2018-05-27 19:07:25.679,207.92,0.103997718201,0.0,0
2018-05-27 19:07:25.772,210.5,0.103997718201,0.0,0
2018-05-27 19:07:25.865,208.86,0.103997718201,0.0,0
2018-05-27 19:07:26.027,210.44,0.103997718201,0.0,0
2018-05-27 19:07:26.213,210.19,0.103997718201,0.0,0
2018-05-27 19:07:26.399,210.54,0.103997718201,0.0,0
2018-05-27 19:07:26.492,211.64,0.103997718201,0.0,0
2018-05-27 19:07:26.586,211.73,0.103997718201,0.0,0
2018-05-27 19:07:26.773,212.33,0.103997718201,0.0,0
2018-05-27 19:07:26.856,213.11,0.103997718201,0.0,0
2018-05-27 19:07:27.017,212.84,0.103997718201,0.0,0
2018-05-27 19:07:27.111,214.71,0.103997718201,0.0,0
2018-05-27 19:07:27.204,213.09,0.103997718201,0.0,0
2018-05-27 19:07:27.297,214.3,0.103997718201,0.0,0
2018-05-27 19:07:27.483,215.51,0.103997718201,0.0,0
2018-05-27 19:07:27.576,216.01,0.103997718201,0.0,0
2018-05-27 19:07:27.669,216.46,0.103997718201,0.0,0
2018-05-27 19:07:27.753,216.92,0.103997718201,0.0,0
2018-05-27 19:07:27.846,216.27,0.103997718201,0.0,0
2018-05-27 19:07:28.008,217.13,0.103997718201,0.0,0
2018-05-27 19:07:28.101,218.55,0.103997718201,0.0,0
2018-05-27 19:07:28.185,216.82,0.103997718201,0.0,0
2018-05-27 19:07:28.278,218.4,0.103997718201,0.0,0
2018-05-27 19:07:28.371,218.02,0.103997718201,0.0,0
2018-05-27 19:07:28.464,218.31,0.103997718201,0.0,0
2018-05-27 19:07:28.548,218.52,0.103997718201,0.0,0
2018-05-27 19:07:28.633,220.3,0.103997718201,0.0,0
2018-05-27 19:07:28.809,220.91,0.103997718201,0.0,0
2018-05-27 19:07:29.148,220.63,0.103997718201,0.0,0
2018-05-27 19:07:29.241,220.55,0.103997718201,0.0,0
2018-05-27 19:07:29.334,220.91,0.103997718201,0.0,0
2018-05-27 19:07:29.427,222.69,0.103997718201,0.0,0
2018-05-27 19:07:29.520,222.33,0.103997718201,0.0,0
2018-05-27 19:07:29.707,222.34,0.103997718201,0.0,0
2018-05-27 19:07:29.790,224.06,0.103997718201,0.0,0
2018-05-27 19:07:29.883,222.65,0.103997718201,0.0,0
2018-05-27 19:07:30.045,223.17,0.103997718201,0.0,0
2018-05-27 19:07:30.139,223.53,0.103997718201,0.0,0
2018-05-27 19:07:30.223,223.88,0.103997718201,0.0,0
2018-05-27 19:07:30.409,224.13,0.103997718201,0.0,0
2018-05-27 19:07:30.502,224.52,0.103997718201,0.0,0
2018-05-27 19:07:30.595,226.56,0.103997718201,0.0,0
2018-05-27 19:07:30.679,225.23,0.103997718201,0.0,0
2018-05-27 19:07:30.865,224.94,0.103997718201,0.0,0
2018-05-27 19:07:31.027,226.86,0.103997718201,0.0,0
2018-05-27 19:07:31.120,226.61,0.103997718201,0.0,0
2018-05-27 19:07:31.204,224.64,0.103997718201,0.0,0
2018-05-27 19:07:31.297,225.26,0.103997718201,0.0,0
2018-05-27 19:07:31.390,227.06,0.103997718201,0.0,0
2018-05-27 19:07:31.483,227.09,0.103997718201,0.0,0
2018-05-27 19:07:31.576,227.4,0.103997718201,0.0,0
2018-05-27 19:07:31.669,226.55,0.103997718201,0.0,0
2018-05-27 19:07:31.846,227.98,0.103997718201,0.0,0
2018-05-27 19:07:32.008,228.65,0.103997718201,0.0,0
2018-05-27 19:07:32.185,227.69,0.103997718201,0.0,0
2018-05-27 19:07:32.278,227.77,0.103997718201,0.0,0
2018-05-27 19:07:32.371,228.64,0.103997718201,0.0,0
2018-05-27 19:07:32.557,229.96,0.103997718201,0.0,0
2018-05-27 19:07:32.651,229.71,0.103997718201,0.0,0
2018-05-27 19:07:32.744,230.24,0.103997718201,0.0,0
2018-05-27 19:07:32.818,230.01,0.103997718201,0.0,0
2018-05-27 19:07:32.911,230.64,0.103997718201,0.0,0
2018-05-27 19:07:33.073,230.97,0.103997718201,0.0,0
2018-05-27 19:07:33.259,230.14,0.103997718201,0.0,0
2018-05-27 19:07:33.353,230.37,0.103997718201,0.0,0
2018-05-27 19:07:33.632,230.63,0.103997718201,0.0,0
2018-05-27 19:07:33.716,231.69,0.103997718201,0.0,0
2018-05-27 19:07:34.064,232.2,0.103997718201,0.0,0
2018-05-27 19:07:34.157,232.36,0.103997718201,0.0,0
2018-05-27 19:07:34.250,232.58,0.103997718201,0.0,0
2018-05-27 19:07:34.343,232.05,0.103997718201,0.0,0
2018-05-27 19:07:34.436,232.13,0.103997718201,0.0,0
2018-05-27 19:07:34.530,232.5,0.103997718201,0.0,0
2018-05-27 19:07:34.623,232.29,0.103997718201,0.0,0
2018-05-27 19:07:34.707,232.4,0.103997718201,0.0,0
2018-05-27 19:07:34.800,233.46,0.103997718201,0.0,0
2018-05-27 19:07:34.893,233.73,0.103997718201,0.0,0
2018-05-27 19:07:35.054,233.11,0.103997718201,0.0,0
2018-05-27 19:07:35.148,233.58,0.103997718201,0.0,0
2018-05-27 19:07:35.241,232.49,0.103997718201,0.0,0
2018-05-27 19:07:35.334,231.78,0.103997718201,0.0,0
2018-05-27 19:07:35.520,230.09,0.103997718201,0.0,0
2018-05-27 19:07:35.613,228.26,0.103997718201,0.0,0
2018-05-27 19:07:35.790,227.02,0.103997718201,0.0,0
2018-05-27 19:07:35.883,226.26,0.103997718201,0.0,0
2018-05-27 19:07:36.045,224.28,0.103997718201,0.0,0
2018-05-27 19:07:36.232,222.09,0.103997718201,0.0,0
2018-05-27 19:07:36.325,220.79,0.103997718201,0.0,0
2018-05-27 19:07:36.418,221.1,0.103997718201,0.0,0
2018-05-27 19:07:36.511,219.25,0.103997718201,0.0,0
2018-05-27 19:07:36.688,217.31,0.103997718201,0.0,0
2018-05-27 19:07:36.781,216.27,0.103997718201,0.0,0
2018-05-27 19:07:36.874,217.03,0.103997718201,0.0,0
2018-05-27 19:07:37.036,214.9,0.103997718201,0.0,0
2018-05-27 19:07:37.129,213.11,0.103997718201,0.0,0
2018-05-27 19:07:37.222,214.31,0.103997718201,0.0,0
2018-05-27 19:07:37.315,211.54,0.103997718201,0.0,0
2018-05-27 19:07:37.399,211.31,0.103997718201,0.0,0
2018-05-27 19:07:37.492,211.12,0.103997718201,0.0,0
2018-05-27 19:07:37.586,211.29,0.103997718201,0.0,0
2018-05-27 19:07:37.772,209.04,0.103997718201,0.0,0
2018-05-27 19:07:37.865,208.58,0.103997718201,0.0,0
2018-05-27 19:07:38.027,209.64,0.103997718201,0.0,0
2018-05-27 19:07:38.120,208.29,0.103997718201,0.0,0
2018-05-27 19:07:38.213,209.37,0.103997718201,0.0,0
2018-05-27 19:07:38.307,207.96,0.103997718201,0.0,0
2018-05-27 19:07:38.390,207.56,0.103997718201,0.0,0
2018-05-27 19:07:38.483,208.59,0.103997718201,0.0,0
2018-05-27 19:07:38.576,208.37,0.103997718201,0.0,0
2018-05-27 19:07:38.669,209.4,0.103997718201,0.0,0
2018-05-27 19:07:38.762,208.55,0.103997718201,0.0,0
2018-05-27 19:07:38.846,208.33,0.103997718201,0.0,0
2018-05-27 19:07:38.931,207.99,0.103997718201,0.0,0
2018-05-27 19:07:39.092,209.5,0.103997718201,0.0,0
2018-05-27 19:07:39.269,207.44,0.103997718201,0.0,0
2018-05-27 19:07:39.352,208.01,0.103997718201,0.0,0
2018-05-27 19:07:39.446,208.44,0.103997718201,0.0,0
2018-05-27 19:07:39.539,208.23,0.103997718201,0.0,0
2018-05-27 19:07:39.632,209.13,0.103997718201,0.0,0
2018-05-27 19:07:39.902,208.98,0.103997718201,0.0,0
2018-05-27 19:07:40.064,210.12,0.103997718201,0.0,0
2018-05-27 19:07:40.250,210.74,0.103997718201,0.0,0
2018-05-27 19:07:40.343,209.87,0.103997718201,0.0,0
2018-05-27 19:07:40.436,211.2,0.103997718201,0.0,0
2018-05-27 19:07:40.530,210.51,0.103997718201,0.0,0
2018-05-27 19:07:40.623,212.09,0.103997718201,0.0,0
2018-05-27 19:07:40.799,212.0,0.103997718201,0.0,0
2018-05-27 19:07:40.892,211.65,0.103997718201,0.0,0
2018-05-27 19:07:41.054,213.61,0.103997718201,0.0,0
2018-05-27 19:07:41.147,212.48,0.103997718201,0.0,0
2018-05-27 19:07:41.241,213.62,0.103997718201,0.0,0
2018-05-27 19:07:41.427,214.41,0.103997718201,0.0,0
2018-05-27 19:07:41.520,215.81,0.103997718201,0.0,0
2018-05-27 19:07:41.697,216.3,0.103997718201,0.0,0
2018-05-27 19:07:41.790,215.93,0.103997718201,0.0,0
2018-05-27 19:07:42.045,218.16,0.103997718201,0.0,0
2018-05-27 19:07:42.138,216.71,0.103997718201,0.0,0
2018-05-27 19:07:42.231,216.64,0.103997718201,0.0,0
2018-05-27 19:07:42.324,218.59,0.103997718201,0.0,0
2018-05-27 19:07:42.417,217.07,0.103997718201,0.0,0
2018-05-27 19:07:42.604,218.2,0.103997718201,0.0,0
2018-05-27 19:07:42.781,216.26,0.103997718201,0.0,0
2018-05-27 19:07:42.874,213.88,0.103997718201,0.0,0
2018-05-27 19:07:43.036,213.64,0.103997718201,0.0,0
2018-05-27 19:07:43.129,213.55,0.103997718201,0.0,0
2018-05-27 19:07:43.222,211.91,0.103997718201,0.0,0
2018-05-27 19:07:43.315,212.72,0.103997718201,0.0,0
2018-05-27 19:07:43.408,211.22,0.103997718201,0.0,0
2018-05-27 19:07:43.595,209.89,0.103997718201,0.0,0
2018-05-27 19:07:43.771,208.65,0.103997718201,0.0,0
2018-05-27 19:07:43.864,209.46,0.103997718201,0.0,0
2018-05-27 19:07:44.026,209.37,0.103997718201,0.0,0
2018-05-27 19:07:44.119,209.68,0.103997718201,0.0,0
2018-05-27 19:07:44.306,209.7,0.103997718201,0.0,0
2018-05-27 19:07:44.399,209.09,0.103997718201,0.0,0
2018-05-27 19:07:44.492,210.37,0.103997718201,0.0,0
2018-05-27 19:07:44.586,208.96,0.103997718201,0.0,0
2018-05-27 19:07:44.762,210.82,0.103997718201,0.0,0
2018-05-27 19:07:44.846,209.44,0.103997718201,0.0,0
2018-05-27 19:07:45.008,209.1,0.103997718201,0.0,0
2018-05-27 19:07:45.101,209.45,0.103997718201,0.0,0
2018-05-27 19:07:45.194,209.77,0.103997718201,0.0,0
2018-05-27 19:07:45.287,209.44,0.103997718201,0.0,0
2018-05-27 19:07:45.380,210.99,0.103997718201,0.0,0
2018-05-27 19:07:45.464,211.02,0.103997718201,0.0,0
2018-05-27 19:07:45.557,210.31,0.103997718201,0.0,0
2018-05-27 19:07:45.650,211.04,0.103997718201,0.0,0
2018-05-27 19:07:45.743,210.11,0.103997718201,0.0,0
2018-05-27 19:07:45.827,210.06,0.103997718201,0.0,0
2018-05-27 19:07:45.911,210.72,0.103997718201,0.0,0
2018-05-27 19:07:46.073,210.69,0.103997718201,0.0,0
2018-05-27 19:07:46.166,211.87,0.103997718201,0.0,0
2018-05-27 19:07:46.259,211.79,0.103997718201,0.0,0
2018-05-27 19:07:46.343,211.34,0.103997718201,0.0,0
2018-05-27 19:07:46.529,211.5,0.103997718201,0.0,0
2018-05-27 19:07:46.622,211.86,0.103997718201,0.0,0
2018-05-27 19:07:46.706,212.28,0.103997718201,0.0,0
2018-05-27 19:07:46.790,212.24,0.103997718201,0.0,0
2018-05-27 19:07:46.884,213.41,0.103997718201,0.0,0
2018-05-27 19:07:47.045,213.22,0.103997718201,0.0,0
2018-05-27 19:07:47.231,214.56,0.103997718201,0.0,0
2018-05-27 19:07:47.324,212.83,0.103997718201,0.0,0
2018-05-27 19:07:47.417,214.13,0.103997718201,0.0,0
2018-05-27 19:07:47.510,214.91,0.103997718201,0.0,0
2018-05-27 19:07:47.604,215.11,0.103997718201,0.0,0
2018-05-27 19:07:47.697,216.79,0.103997718201,0.0,0
2018-05-27 19:07:47.771,216.05,0.103997718201,0.0,0
2018-05-27 19:07:48.026,216.72,0.103997718201,0.0,0
2018-05-27 19:07:48.119,218.04,0.103997718201,0.0,0
2018-05-27 19:07:48.212,215.57,0.103997718201,0.0,0
2018-05-27 19:07:48.306,217.34,0.103997718201,0.0,0
2018-05-27 19:07:48.492,218.2,0.103997718201,0.0,0
2018-05-27 19:07:48.585,218.29,0.103997718201,0.0,0
2018-05-27 19:07:48.678,218.86,0.103997718201,0.0,0
2018-05-27 19:07:48.771,218.79,0.103997718201,0.0,0
2018-05-27 19:07:48.855,219.98,0.103997718201,0.0,0
2018-05-27 19:07:49.576,220.9,0.103997718201,0.0,0
2018-05-27 19:07:49.669,220.82,0.103997718201,0.0,0
2018-05-27 19:07:49.753,221.41,0.103997718201,0.0,0
2018-05-27 19:07:49.846,221.59,0.103997718201,0.0,0
2018-05-27 19:07:50.007,223.36,0.103997718201,0.0,0
2018-05-27 19:07:50.101,223.25,0.103997718201,0.0,0
2018-05-27 19:07:50.194,222.39,0.103997718201,0.0,0
2018-05-27 19:07:50.287,222.98,0.103997718201,0.0,0
2018-05-27 19:07:50.380,222.83,0.103997718201,0.0,0
2018-05-27 19:07:50.473,223.64,0.103997718201,0.0,0
2018-05-27 19:07:50.566,224.85,0.103997718201,0.0,0
2018-05-27 19:07:50.659,224.34,0.103997718201,0.0,0
2018-05-27 19:07:50.743,224.61,0.103997718201,0.0,0
2018-05-27 19:07:50.836,225.98,0.103997718201,0.0,0
2018-05-27 19:07:51.082,224.41,0.103997718201,0.0,0
2018-05-27 19:07:51.166,224.87,0.103997718201,0.0,0
2018-05-27 19:07:51.259,224.75,0.103997718201,0.0,0
2018-05-27 19:07:51.352,225.31,0.103997718201,0.0,0
2018-05-27 19:07:51.445,225.7,0.103997718201,0.0,0
2018-05-27 19:07:51.539,225.82,0.103997718201,0.0,0
2018-05-27 19:07:51.622,225.12,0.103997718201,0.0,0
2018-05-27 19:07:51.706,227.2,0.103997718201,0.0,0
2018-05-27 19:07:51.892,226.94,0.103997718201,0.0,0
2018-05-27 19:07:52.054,226.84,0.10400309085,0.0,0
2018-05-27 19:07:52.147,226.36,0.10400309085,0.0,0
2018-05-27 19:07:52.333,227.64,0.10400309085,0.0,0
2018-05-27 19:07:52.427,227.24,0.10400309085,0.0,0
2018-05-27 19:07:52.697,228.26,0.10400309085,0.0,0
2018-05-27 19:07:52.790,229.34,0.10400309085,0.0,0
2018-05-27 19:07:52.883,228.57,0.10400309085,0.0,0
2018-05-27 19:07:53.138,229.41,0.10400309085,0.0,0
2018-05-27 19:07:53.231,229.5,0.10400309085,0.0,0
2018-05-27 19:07:53.324,229.69,0.10400309085,0.0,0
2018-05-27 19:07:53.408,230.53,0.10400309085,0.0,0
2018-05-27 19:07:53.502,230.67,0.10400309085,0.0,0
2018-05-27 19:07:53.678,230.05,0.10400309085,0.0,0
2018-05-27 19:07:53.865,231.22,0.10400309085,0.0,0
2018-05-27 19:07:54.017,231.49,0.10400309085,0.0,0
2018-05-27 19:07:54.296,231.87,0.10400309085,0.0,0
2018-05-27 19:07:54.482,233.06,0.10400309085,0.0,0
2018-05-27 19:07:54.576,233.46,0.10400309085,0.0,0
2018-05-27 19:07:54.669,232.73,0.10400309085,0.0,0
2018-05-27 19:07:54.874,233.5,0.10400309085,0.0,0
2018-05-27 19:07:55.036,233.76,0.10400309085,0.0,0
2018-05-27 19:07:55.129,233.96,0.10400309085,0.0,0
2018-05-27 19:07:55.399,232.5,0.10400309085,0.0,0
2018-05-27 19:07:55.492,233.24,0.10400309085,0.0,0
2018-05-27 19:07:55.585,233.09,0.10400309085,0.0,0
2018-05-27 19:07:55.678,233.62,0.10400309085,0.0,0
2018-05-27 19:07:55.771,234.15,0.10400309085,0.0,0
2018-05-27 19:07:55.864,235.29,0.10400309085,0.0,0
2018-05-27 19:07:56.026,235.02,0.10400309085,0.0,0
2018-05-27 19:07:56.203,233.17,0.10400309085,0.0,0
2018-05-27 19:07:56.296,231.68,0.10400309085,0.0,0
2018-05-27 19:07:56.575,228.02,0.10400309085,0.0,0
2018-05-27 19:07:56.668,227.39,0.10400309085,0.0,0
2018-05-27 19:07:56.762,225.85,0.10400309085,0.0,0
2018-05-27 19:07:57.008,223.47,0.10400309085,0.0,0
2018-05-27 19:07:57.091,224.59,0.10400309085,0.0,0
2018-05-27 19:07:57.184,221.63,0.10400309085,0.0,0
2018-05-27 19:07:57.277,220.79,0.10400309085,0.0,0
2018-05-27 19:07:57.464,220.34,0.10400309085,0.0,0
2018-05-27 19:07:57.557,218.83,0.10400309085,0.0,0
2018-05-27 19:07:57.743,217.11,0.10400309085,0.0,0
2018-05-27 19:07:58.352,215.2,0.10400309085,0.0,0
2018-05-27 19:07:58.445,215.39,0.10400309085,0.0,0
2018-05-27 19:07:58.538,214.03,0.10400309085,0.0,0
2018-05-27 19:07:58.631,214.72,0.10400309085,0.0,0
2018-05-27 19:07:58.808,215.62,0.10400309085,0.0,0
2018-05-27 19:07:58.901,214.23,0.10400309085,0.0,0
2018-05-27 19:07:59.249,214.15,0.10400309085,0.0,0
2018-05-27 19:07:59.342,215.47,0.10400309085,0.0,0
2018-05-27 19:07:59.529,213.86,0.10400309085,0.0,0
2018-05-27 19:07:59.706,213.72,0.10400309085,0.0,0
2018-05-27 19:07:59.799,215.41,0.10400309085,0.0,0
2018-05-27 19:08:00.147,213.11,0.10400309085,0.0,0
2018-05-27 19:08:00.240,213.04,0.10400309085,0.0,0
2018-05-27 19:08:00.333,214.47,0.10400309085,0.0,0
2018-05-27 19:08:00.426,212.98,0.10400309085,0.0,0
2018-05-27 19:08:00.706,212.58,0.10400309085,0.0,0
2018-05-27 19:08:00.789,212.25,0.10400309085,0.0,0
2018-05-27 19:08:01.044,212.31,0.10400309085,0.0,0
2018-05-27 19:08:01.231,214.65,0.10400309085,0.0,0
2018-05-27 19:08:01.324,213.2,0.10400309085,0.0,0
2018-05-27 19:08:02.128,217.08,0.10400309085,0.0,0
2018-05-27 19:08:02.314,216.7,0.10400309085,0.0,0
2018-05-27 19:08:02.407,217.19,0.10400309085,0.0,0
2018-05-27 19:08:02.501,219.2,0.10400309085,0.0,0
2018-05-27 19:08:02.585,217.96,0.10400309085,0.0,0
2018-05-27 19:08:02.678,220.12,0.10400309085,0.0,0
2018-05-27 19:08:02.771,219.23,0.10400309085,0.0,0
2018-05-27 19:08:02.864,217.87,0.10400309085,0.0,0
2018-05-27 19:08:03.026,218.33,0.10400309085,0.0,0
2018-05-27 19:08:03.119,220.01,0.10400309085,0.0,0
2018-05-27 19:08:03.212,217.29,0.10400309085,0.0,0
2018-05-27 19:08:03.305,217.89,0.10400309085,0.0,0
2018-05-27 19:08:03.398,219.09,0.10400309085,0.0,0
2018-05-27 19:08:03.491,217.56,0.10400309085,0.0,0
2018-05-27 19:08:03.575,217.68,0.10400309085,0.0,0
2018-05-27 19:08:03.668,216.13,0.10400309085,0.0,0
2018-05-27 19:08:03.761,214.91,0.10400309085,0.0,0
2018-05-27 19:08:03.845,214.78,0.10400309085,0.0,0
2018-05-27 19:08:04.007,214.23,0.10400309085,0.0,0
2018-05-27 19:08:04.100,215.14,0.10400309085,0.0,0
2018-05-27 19:08:04.193,213.27,0.10400309085,0.0,0
2018-05-27 19:08:04.286,214.36,0.10400309085,0.0,0
2018-05-27 19:08:04.370,212.4,0.10400309085,0.0,0
2018-05-27 19:08:04.463,211.87,0.10400309085,0.0,0
2018-05-27 19:08:04.556,210.05,0.10400309085,0.0,0
2018-05-27 19:08:04.650,211.69,0.10400309085,0.0,0
2018-05-27 19:08:04.738,211.12,0.10400309085,0.0,0
2018-05-27 19:08:04.827,209.64,0.10400309085,0.0,0
2018-05-27 19:08:05.072,210.35,0.10400309085,0.0,0
2018-05-27 19:08:05.249,210.91,0.10400309085,0.0,0
2018-05-27 19:08:05.342,210.04,0.10400309085,0.0,0
2018-05-27 19:08:05.435,211.07,0.10400309085,0.0,0
2018-05-27 19:08:05.528,209.89,0.10400309085,0.0,0
2018-05-27 19:08:05.622,210.36,0.10400309085,0.0,0
2018-05-27 19:08:05.798,208.73,0.10400309085,0.0,0
2018-05-27 19:08:05.892,210.86,0.10400309085,0.0,0
2018-05-27 19:08:06.054,209.52,0.10400309085,0.0,0
2018-05-27 19:08:06.137,210.89,0.10400309085,0.0,0
2018-05-27 19:08:06.231,209.83,0.10400309085,0.0,0
2018-05-27 19:08:06.324,211.02,0.10400309085,0.0,0
2018-05-27 19:08:06.510,211.74,0.10400309085,0.0,0
2018-05-27 19:08:06.603,210.94,0.10400309085,0.0,0
2018-05-27 19:08:06.687,210.92,0.10400309085,0.0,0
2018-05-27 19:08:06.780,211.78,0.10400309085,0.0,0
2018-05-27 19:08:06.874,212.71,0.10400309085,0.0,0
2018-05-27 19:08:07.026,212.77,0.10400309085,0.0,0
2018-05-27 19:08:07.119,211.61,0.10400309085,0.0,0
2018-05-27 19:08:07.212,213.43,0.10400309085,0.0,0
2018-05-27 19:08:07.305,211.29,0.10400309085,0.0,0
2018-05-27 19:08:07.398,210.85,0.10400309085,0.0,0
2018-05-27 19:08:07.584,210.39,0.10400309085,0.0,0
2018-05-27 19:08:07.677,212.19,0.10400309085,0.0,0
2018-05-27 19:08:07.771,211.25,0.10400309085,0.0,0
2018-05-27 19:08:07.864,213.27,0.10400309085,0.0,0
2018-05-27 19:08:08.016,212.65,0.10400309085,0.0,0
2018-05-27 19:08:08.109,213.97,0.10400309085,0.0,0
2018-05-27 19:08:08.202,213.14,0.10400309085,0.0,0
2018-05-27 19:08:08.295,214.67,0.10400309085,0.0,0
2018-05-27 19:08:08.389,213.42,0.10400309085,0.0,0
2018-05-27 19:08:08.575,215.38,0.10400309085,0.0,0
2018-05-27 19:08:08.668,214.86,0.10400309085,0.0,0
2018-05-27 19:08:08.752,215.45,0.10400309085,0.0,0
2018-05-27 19:08:09.007,217.56,0.10400309085,0.0,0
2018-05-27 19:08:09.100,216.68,0.10400309085,0.0,0
2018-05-27 19:08:09.193,217.06,0.10400309085,0.0,0
2018-05-27 19:08:09.286,218.42,0.10400309085,0.0,0
2018-05-27 19:08:09.379,218.78,0.10400309085,0.0,0
2018-05-27 19:08:09.472,216.82,0.10400309085,0.0,0
2018-05-27 19:08:09.566,217.76,0.10400309085,0.0,0
2018-05-27 19:08:09.659,218.72,0.10400309085,0.0,0
2018-05-27 19:08:09.743,218.62,0.10400309085,0.0,0
2018-05-27 19:08:09.836,219.69,0.10400309085,0.0,0
2018-05-27 19:08:09.929,218.85,0.10400309085,0.0,0
2018-05-27 19:08:10.091,219.09,0.10400309085,0.0,0
2018-05-27 19:08:10.184,220.78,0.10400309085,0.0,0
2018-05-27 19:08:10.277,220.33,0.10400309085,0.0,0
2018-05-27 19:08:10.370,219.75,0.10400309085,0.0,0
2018-05-27 19:08:10.463,220.3,0.10400309085,0.0,0
2018-05-27 19:08:10.556,221.35,0.10400309085,0.0,0
2018-05-27 19:08:10.649,222.35,0.10400309085,0.0,0
2018-05-27 19:08:10.742,221.12,0.10400309085,0.0,0
2018-05-27 19:08:10.910,221.67,0.10400309085,0.0,0
2018-05-27 19:08:11.072,222.3,0.10400309085,0.0,0
2018-05-27 19:08:11.165,223.76,0.10400309085,0.0,0
2018-05-27 19:08:11.258,223.26,0.10400309085,0.0,0
2018-05-27 19:08:11.351,222.88,0.10400309085,0.0,0
2018-05-27 19:08:11.538,224.01,0.10400309085,0.0,0
2018-05-27 19:08:11.631,225.17,0.10400309085,0.0,0
2018-05-27 19:08:11.714,223.97,0.10400309085,0.0,0
2018-05-27 19:08:11.808,224.96,0.10400309085,0.0,0
2018-05-27 19:08:11.901,224.65,0.10400309085,0.0,0
2018-05-27 19:08:12.063,225.68,0.10400309085,0.0,0
2018-05-27 19:08:12.156,225.78,0.10400309085,0.0,0
2018-05-27 19:08:12.342,223.95,0.10400309085,0.0,0
2018-05-27 19:08:12.435,224.14,0.10400309085,0.0,0
2018-05-27 19:08:12.528,225.07,0.10400309085,0.0,0
2018-05-27 19:08:12.621,225.12,0.10400309085,0.0,0
2018-05-27 19:08:12.705,224.23,0.10400309085,0.0,0
2018-05-27 19:08:12.798,225.19,0.10400309085,0.0,0
2018-05-27 19:08:12.891,225.44,0.10400309085,0.0,0
2018-05-27 19:08:13.053,225.96,0.10400309085,0.0,0
2018-05-27 19:08:13.146,226.98,0.10400309085,0.0,0
2018-05-27 19:08:13.239,227.37,0.10400309085,0.0,0
2018-05-27 19:08:13.426,226.45,0.10400309085,0.0,0
2018-05-27 19:08:13.519,226.51,0.10400309085,0.0,0
2018-05-27 19:08:13.696,228.63,0.10400309085,0.0,0
2018-05-27 19:08:13.789,227.9,0.10400309085,0.0,0
2018-05-27 19:08:13.882,228.26,0.10400309085,0.0,0
2018-05-27 19:08:14.137,227.78,0.10400309085,0.0,0
2018-05-27 19:08:14.230,227.87,0.10400309085,0.0,0
2018-05-27 19:08:14.323,228.45,0.10400309085,0.0,0
2018-05-27 19:08:14.509,229.28,0.10400309085,0.0,0
2018-05-27 19:08:14.686,230.16,0.10400309085,0.0,0
2018-05-27 19:08:14.780,229.72,0.10400309085,0.0,0
2018-05-27 19:08:14.873,231.38,0.10400309085,0.0,0
2018-05-27 19:08:15.034,230.72,0.10400309085,0.0,0
2018-05-27 19:08:15.128,231.3,0.10400309085,0.0,0
2018-05-27 19:08:15.221,231.14,0.10400309085,0.0,0
2018-05-27 19:08:15.314,231.3,0.10400309085,0.0,0
2018-05-27 19:08:15.407,231.09,0.10400309085,0.0,0
2018-05-27 19:08:15.500,231.69,0.10400309085,0.0,0
2018-05-27 19:08:15.584,231.54,0.10400309085,0.0,0
2018-05-27 19:08:15.770,231.56,0.10400309085,0.0,0
2018-05-27 19:08:16.025,232.18,0.10400309085,0.0,0
2018-05-27 19:08:16.202,233.64,0.10400309085,0.0,0
2018-05-27 19:08:16.295,233.32,0.10400309085,0.0,0
2018-05-27 19:08:16.388,234.03,0.10400309085,0.0,0
2018-05-27 19:08:16.472,233.27,0.10400309085,0.0,0
2018-05-27 19:08:16.565,232.93,0.10400309085,0.0,0
2018-05-27 19:08:16.924,231.44,0.10400309085,0.0,0
2018-05-27 19:08:17.081,230.38,0.10400309085,0.0,0
2018-05-27 19:08:17.165,231.52,0.10400309085,0.0,0
2018-05-27 19:08:17.258,230.5,0.10400309085,0.0,0
2018-05-27 19:08:17.351,228.61,0.10400309085,0.0,0
2018-05-27 19:08:17.444,228.33,0.10400309085,0.0,0
2018-05-27 19:08:17.537,227.76,0.10400309085,0.0,0
2018-05-27 19:08:17.714,226.29,0.10400309085,0.0,0
2018-05-27 19:08:17.807,225.32,0.10400309085,0.0,0
2018-05-27 19:08:17.901,223.19,0.10400309085,0.0,0
2018-05-27 19:08:18.063,220.96,0.10400309085,0.0,0
2018-05-27 19:08:18.146,222.12,0.10400309085,0.0,0
2018-05-27 19:08:18.239,219.32,0.10400309085,0.0,0
2018-05-27 19:08:18.332,219.49,0.10400309085,0.0,0
2018-05-27 19:08:18.426,219.75,0.10400309085,0.0,0
2018-05-27 19:08:18.519,218.37,0.10400309085,0.0,0
2018-05-27 19:08:18.705,216.2,0.10400309085,0.0,0
2018-05-27 19:08:18.789,215.25,0.10400309085,0.0,0
2018-05-27 19:08:19.034,213.99,0.10400309085,0.0,0
2018-05-27 19:08:19.128,213.39,0.10400309085,0.0,0
2018-05-27 19:08:19.314,211.96,0.10400309085,0.0,0
2018-05-27 19:08:19.407,209.53,0.10400309085,0.0,0
2018-05-27 19:08:19.500,211.53,0.10400309085,0.0,0
2018-05-27 19:08:19.593,209.49,0.10400309085,0.0,0
2018-05-27 19:08:19.686,209.91,0.10400309085,0.0,0
2018-05-27 19:08:19.770,209.37,0.10400309085,0.0,0
2018-05-27 19:08:19.854,209.78,0.10400309085,0.0,0
2018-05-27 19:08:20.016,210.76,0.10400309085,0.0,0
2018-05-27 19:08:20.202,211.15,0.10400309085,0.0,0
2018-05-27 19:08:20.295,209.93,0.10400309085,0.0,0
2018-05-27 19:08:20.388,211.79,0.10400309085,0.0,0
2018-05-27 19:08:20.481,209.6,0.10400309085,0.0,0
2018-05-27 19:08:20.574,210.27,0.10400309085,0.0,0
2018-05-27 19:08:20.668,210.01,0.10400309085,0.0,0
2018-05-27 19:08:20.751,211.56,0.10400309085,0.0,0
2018-05-27 19:08:20.845,209.96,0.10400309085,0.0,0
2018-05-27 19:08:21.006,211.41,0.10400309085,0.0,0
2018-05-27 19:08:21.183,210.47,0.10400309085,0.0,0
2018-05-27 19:08:21.369,210.39,0.10400309085,0.0,0
2018-05-27 19:08:21.463,211.02,0.10400309085,0.0,0
2018-05-27 19:08:21.644,212.09,0.10400309085,0.0,0
2018-05-27 19:08:21.817,210.16,0.10400309085,0.0,0
2018-05-27 19:08:22.071,212.26,0.10400309085,0.0,0
2018-05-27 19:08:22.258,213.53,0.10400309085,0.0,0
2018-05-27 19:08:22.345,214.35,0.10400309085,0.0,0
2018-05-27 19:08:22.435,212.59,0.10400309085,0.0,0
2018-05-27 19:08:22.612,213.99,0.10400309085,0.0,0
2018-05-27 19:08:22.705,215.5,0.10400309085,0.0,0
2018-05-27 19:08:22.798,214.64,0.10400309085,0.0,0
2018-05-27 19:08:22.891,214.62,0.10400309085,0.0,0
2018-05-27 19:08:23.053,216.43,0.10400309085,0.0,0
2018-05-27 19:08:23.165,215.67,0.10400309085,0.0,0
2018-05-27 19:08:23.258,216.79,0.10400309085,0.0,0
2018-05-27 19:08:23.444,216.8,0.10400309085,0.0,0
2018-05-27 19:08:23.528,218.24,0.10400309085,0.0,0
2018-05-27 19:08:23.621,215.77,0.10400309085,0.0,0
2018-05-27 19:08:23.798,216.06,0.10400309085,0.0,0
2018-05-27 19:08:23.891,215.7,0.10400309085,0.0,0
2018-05-27 19:08:24.146,214.1,0.10400309085,0.0,0
2018-05-27 19:08:24.416,211.97,0.10400309085,0.0,0
2018-05-27 19:08:24.509,210.79,0.10400309085,0.0,0
2018-05-27 19:08:24.602,211.96,0.10400309085,0.0,0
2018-05-27 19:08:24.695,210.2,0.10400309085,0.0,0
2018-05-27 19:08:24.779,209.2,0.10400309085,0.0,0
2018-05-27 19:08:24.872,210.62,0.10400309085,0.0,0
2018-05-27 19:08:25.127,210.04,0.10400309085,0.0,0
2018-05-27 19:08:25.220,208.18,0.10400309085,0.0,0
2018-05-27 19:08:25.397,208.2,0.10400309085,0.0,0
2018-05-27 19:08:25.584,208.11,0.10400309085,0.0,0
2018-05-27 19:08:25.770,208.22,0.10400309085,0.0,0
2018-05-27 19:08:25.863,207.7,0.10400309085,0.0,0
2018-05-27 19:08:26.025,208.59,0.10400309085,0.0,0
2018-05-27 19:08:26.118,208.24,0.10400309085,0.0,0
2018-05-27 19:08:26.212,208.57,0.10400309085,0.0,0
2018-05-27 19:08:26.295,208.06,0.10400309085,0.0,0
2018-05-27 19:08:26.388,208.43,0.10400309085,0.0,0
2018-05-27 19:08:26.481,207.94,0.10400309085,0.0,0
2018-05-27 19:08:26.574,208.35,0.10400309085,0.0,0
2018-05-27 19:08:26.667,208.45,0.10400309085,0.0,0
2018-05-27 19:08:26.760,208.55,0.10400309085,0.0,0
2018-05-27 19:08:26.844,208.67,0.10400309085,0.0,0
2018-05-27 19:08:27.007,207.87,0.10400309085,0.0,0
2018-05-27 19:08:27.183,210.1,0.10400309085,0.0,0
2018-05-27 19:08:27.276,209.1,0.10400309085,0.0,0
2018-05-27 19:08:27.369,210.26,0.10400309085,0.0,0
2018-05-27 19:08:27.556,210.05,0.10400309085,0.0,0
2018-05-27 19:08:27.649,209.03,0.10400309085,0.0,0
2018-05-27 19:08:27.742,210.84,0.10400309085,0.0,0
2018-05-27 19:08:27.826,210.9,0.10400309085,0.0,0
2018-05-27 19:08:27.910,210.08,0.10400309085,0.0,0
2018-05-27 19:08:28.071,210.4,0.10400309085,0.0,0
2018-05-27 19:08:28.164,209.84,0.10400309085,0.0,0
2018-05-27 19:08:28.537,210.51,0.10400309085,0.0,0
2018-05-27 19:08:28.900,212.74,0.10400309085,0.0,0
2018-05-27 19:08:29.062,213.74,0.10400309085,0.0,0
2018-05-27 19:08:29.155,212.53,0.10400309085,0.0,0
2018-05-27 19:08:29.248,213.58,0.10400309085,0.0,0
2018-05-27 19:08:29.341,214.31,0.10400309085,0.0,0
2018-05-27 19:08:29.434,214.24,0.10400309085,0.0,0
2018-05-27 19:08:29.528,216.08,0.10400309085,0.0,0
2018-05-27 19:08:29.621,215.3,0.10400309085,0.0,0
2018-05-27 19:08:29.705,216.72,0.10400309085,0.0,0
2018-05-27 19:08:29.798,215.69,0.10400309085,0.0,0
2018-05-27 19:08:30.053,218.27,0.10400309085,0.0,0
2018-05-27 19:08:30.146,216.45,0.10400309085,0.0,0
2018-05-27 19:08:30.323,217.73,0.10400309085,0.0,0
2018-05-27 19:08:30.416,217.47,0.10400309085,0.0,0
2018-05-27 19:08:30.509,219.71,0.10400309085,0.0,0
2018-05-27 19:08:30.602,219.28,0.10400309085,0.0,0
2018-05-27 19:08:30.688,220.21,0.10400309085,0.0,0
2018-05-27 19:08:30.779,220.12,0.104005336999,0.0,0
2018-05-27 19:08:30.872,219.62,0.104005336999,0.0,0
2018-05-27 19:08:31.034,220.25,0.104005336999,0.0,0
2018-05-27 19:08:31.220,221.42,0.104005336999,0.0,0
2018-05-27 19:08:31.313,220.96,0.104005336999,0.0,0
2018-05-27 19:08:31.406,221.81,0.104005336999,0.0,0
2018-05-27 19:08:31.500,221.74,0.104005336999,0.0,0
2018-05-27 19:08:31.583,222.44,0.104005336999,0.0,0
2018-05-27 19:08:31.677,221.68,0.104005336999,0.0,0
2018-05-27 19:08:31.770,224.09,0.104005336999,0.0,0
2018-05-27 19:08:31.863,224.26,0.104005336999,0.0,0
2018-05-27 19:08:32.025,223.94,0.104005336999,0.0,0
2018-05-27 19:08:32.304,224.22,0.104005336999,0.0,0
2018-05-27 19:08:32.397,225.09,0.104005336999,0.0,0
2018-05-27 19:08:32.574,224.26,0.104005336999,0.0,0
2018-05-27 19:08:32.667,225.52,0.104005336999,0.0,0
2018-05-27 19:08:32.760,226.78,0.104005336999,0.0,0
2018-05-27 19:08:32.844,224.77,0.104005336999,0.0,0
2018-05-27 19:08:33.099,226.05,0.104005336999,0.0,0
2018-05-27 19:08:33.192,227.5,0.104005336999,0.0,0
2018-05-27 19:08:33.285,227.72,0.104005336999,0.0,0
2018-05-27 19:08:33.379,227.47,0.104005336999,0.0,0
2018-05-27 19:08:33.462,226.19,0.104005336999,0.0,0
2018-05-27 19:08:33.648,227.38,0.104005336999,0.0,0
2018-05-27 19:08:33.742,229.04,0.104005336999,0.0,0
2018-05-27 19:08:33.825,227.54,0.104005336999,0.0,0
2018-05-27 19:08:33.909,229.49,0.104005336999,0.0,0
2018-05-27 19:08:34.704,229.3,0.104005336999,0.0,0
2018-05-27 19:08:34.798,229.84,0.104005336999,0.0,0
2018-05-27 19:08:35.043,231.54,0.104005336999,0.0,0
2018-05-27 19:08:35.229,231.98,0.104005336999,0.0,0
2018-05-27 19:08:35.416,232.2,0.104005336999,0.0,0
2018-05-27 19:08:35.509,232.18,0.104005336999,0.0,0
2018-05-27 19:08:35.602,232.4,0.104005336999,0.0,0
2018-05-27 19:08:35.779,231.43,0.104005336999,0.0,0
2018-05-27 19:08:36.118,233.69,0.104005336999,0.0,0
2018-05-27 19:08:36.304,233.31,0.104005336999,0.0,0
2018-05-27 19:08:36.397,233.43,0.104005336999,0.0,0
2018-05-27 19:08:36.490,233.76,0.104005336999,0.0,0
2018-05-27 19:08:36.583,234.05,0.104005336999,0.0,0
2018-05-27 19:08:36.769,234.35,0.104005336999,0.0,0
2018-05-27 19:08:36.853,232.67,0.104005336999,0.0,0
2018-05-27 19:08:37.108,233.32,0.104005336999,0.0,0
2018-05-27 19:08:37.201,232.63,0.104005336999,0.0,0
2018-05-27 19:08:37.294,231.56,0.104005336999,0.0,0
2018-05-27 19:08:37.481,229.05,0.104005336999,0.0,0
2018-05-27 19:08:37.574,227.75,0.104005336999,0.0,0
2018-05-27 19:08:37.658,228.66,0.104005336999,0.0,0
2018-05-27 19:08:37.751,227.48,0.104005336999,0.0,0
2018-05-27 19:08:37.844,226.15,0.104005336999,0.0,0
2018-05-27 19:08:38.006,224.29,0.104005336999,0.0,0
2018-05-27 19:08:38.378,221.17,0.104005336999,0.0,0
2018-05-27 19:08:38.471,218.47,0.104005336999,0.0,0
2018-05-27 19:08:38.565,217.98,0.104005336999,0.0,0
2018-05-27 19:08:38.658,218.11,0.104005336999,0.0,0
2018-05-27 19:08:38.741,215.25,0.104005336999,0.0,0
2018-05-27 19:08:38.835,215.85,0.104005336999,0.0,0
2018-05-27 19:08:39.080,213.74,0.104005336999,0.0,0
2018-05-27 19:08:39.164,213.38,0.104005336999,0.0,0
2018-05-27 19:08:39.257,211.04,0.104005336999,0.0,0
2018-05-27 19:08:39.527,208.9,0.104005336999,0.0,0
2018-05-27 19:08:39.621,208.79,0.104005336999,0.0,0
2018-05-27 19:08:39.713,207.72,0.104005336999,0.0,0
2018-05-27 19:08:39.797,207.62,0.104005336999,0.0,0
2018-05-27 19:08:39.890,206.71,0.104005336999,0.0,0
2018-05-27 19:08:40.052,205.89,0.104005336999,0.0,0
2018-05-27 19:08:40.145,207.42,0.104005336999,0.0,0
2018-05-27 19:08:40.239,204.77,0.104005336999,0.0,0
2018-05-27 19:08:40.416,207.08,0.104005336999,0.0,0
2018-05-27 19:08:40.602,207.47,0.104005336999,0.0,0
2018-05-27 19:08:40.686,206.83,0.104005336999,0.0,0
2018-05-27 19:08:40.779,206.61,0.104005336999,0.0,0
2018-05-27 19:08:41.034,206.67,0.104005336999,0.0,0
2018-05-27 19:08:41.127,207.35,0.104005336999,0.0,0
2018-05-27 19:08:41.220,206.74,0.104005336999,0.0,0
2018-05-27 19:08:41.304,206.24,0.104005336999,0.0,0
2018-05-27 19:08:41.397,208.15,0.104005336999,0.0,0
2018-05-27 19:08:41.490,206.99,0.104005336999,0.0,0
2018-05-27 19:08:41.583,207.55,0.104005336999,0.0,0
2018-05-27 19:08:41.676,207.54,0.104005336999,0.0,0
2018-05-27 19:08:41.770,208.54,0.104005336999,0.0,0
2018-05-27 19:08:42.024,208.97,0.104005336999,0.0,0
2018-05-27 19:08:42.117,208.69,0.104005336999,0.0,0
2018-05-27 19:08:42.211,209.98,0.104005336999,0.0,0
2018-05-27 19:08:42.295,209.54,0.104005336999,0.0,0
2018-05-27 19:08:42.387,209.28,0.104005336999,0.0,0
2018-05-27 19:08:42.481,210.59,0.104005336999,0.0,0
2018-05-27 19:08:42.574,209.7,0.104005336999,0.0,0
2018-05-27 19:08:42.667,210.85,0.104005336999,0.0,0
2018-05-27 19:08:42.844,210.62,0.104005336999,0.0,0
2018-05-27 19:08:43.006,211.04,0.104005336999,0.0,0
2018-05-27 19:08:43.099,211.75,0.104005336999,0.0,0
2018-05-27 19:08:43.276,212.29,0.104005336999,0.0,0
2018-05-27 19:08:43.369,213.55,0.104005336999,0.0,0
2018-05-27 19:08:43.462,212.32,0.104005336999,0.0,0
2018-05-27 19:08:43.555,213.59,0.104005336999,0.0,0
2018-05-27 19:08:43.648,214.47,0.104005336999,0.0,0
2018-05-27 19:08:43.825,213.83,0.104005336999,0.0,0
2018-05-27 19:08:43.909,215.17,0.104005336999,0.0,0
2018-05-27 19:08:44.071,214.99,0.104005336999,0.0,0
2018-05-27 19:08:44.164,216.07,0.104005336999,0.0,0
2018-05-27 19:08:44.257,217.17,0.104005336999,0.0,0
2018-05-27 19:08:44.443,217.27,0.104005336999,0.0,0
2018-05-27 19:08:44.537,217.48,0.104005336999,0.0,0
2018-05-27 19:08:44.630,216.92,0.104005336999,0.0,0
2018-05-27 19:08:44.714,217.54,0.104005336999,0.0,0
2018-05-27 19:08:44.807,216.8,0.104005336999,0.0,0
2018-05-27 19:08:44.900,217.34,0.104005336999,0.0,0
2018-05-27 19:08:45.061,216.7,0.104005336999,0.0,0
2018-05-27 19:08:45.155,214.97,0.104005336999,0.0,0
2018-05-27 19:08:45.248,215.88,0.104005336999,0.0,0
2018-05-27 19:08:45.341,214.33,0.104005336999,0.0,0
2018-05-27 19:08:45.443,214.64,0.104005336999,0.0,0
2018-05-27 19:08:45.537,212.64,0.104005336999,0.0,0
2018-05-27 19:08:45.620,211.19,0.104005336999,0.0,0
2018-05-27 19:08:45.713,212.48,0.104005336999,0.0,0
2018-05-27 19:08:45.807,211.62,0.104005336999,0.0,0
2018-05-27 19:08:45.900,210.91,0.104005336999,0.0,0
2018-05-27 19:08:46.061,211.9,0.104005336999,0.0,0
2018-05-27 19:08:46.154,211.43,0.104005336999,0.0,0
2018-05-27 19:08:46.248,211.78,0.104005336999,0.0,0
2018-05-27 19:08:46.434,212.22,0.104005336999,0.0,0
2018-05-27 19:08:46.527,210.34,0.104005336999,0.0,0
2018-05-27 19:08:46.621,210.78,0.104005336999,0.0,0
2018-05-27 19:08:46.704,210.08,0.104005336999,0.0,0
2018-05-27 19:08:46.797,210.99,0.104005336999,0.0,0
2018-05-27 19:08:46.890,209.99,0.104005336999,0.0,0
2018-05-27 19:08:47.052,211.48,0.104005336999,0.0,0
2018-05-27 19:08:47.145,209.95,0.104005336999,0.0,0
2018-05-27 19:08:47.238,210.93,0.104005336999,0.0,0
2018-05-27 19:08:47.331,209.2,0.104005336999,0.0,0
2018-05-27 19:08:47.425,210.98,0.104005336999,0.0,0
2018-05-27 19:08:47.601,209.77,0.104005336999,0.0,0
2018-05-27 19:08:47.695,210.14,0.104005336999,0.0,0
2018-05-27 19:08:47.788,211.37,0.104005336999,0.0,0
2018-05-27 19:08:47.881,209.53,0.104005336999,0.0,0
2018-05-27 19:08:48.043,211.26,0.104005336999,0.0,0
2018-05-27 19:08:48.136,210.86,0.104005336999,0.0,0
2018-05-27 19:08:48.229,212.14,0.104005336999,0.0,0
2018-05-27 19:08:48.415,212.31,0.104005336999,0.0,0
2018-05-27 19:08:48.508,211.4,0.104005336999,0.0,0
2018-05-27 19:08:48.592,212.93,0.104005336999,0.0,0
2018-05-27 19:08:48.685,211.76,0.104005336999,0.0,0
2018-05-27 19:08:48.778,212.94,0.104005336999,0.0,0
2018-05-27 19:08:48.872,211.56,0.104005336999,0.0,0
2018-05-27 19:08:49.033,212.41,0.104005336999,0.0,0
2018-05-27 19:08:49.127,213.3,0.104005336999,0.0,0
2018-05-27 19:08:49.220,212.25,0.104005336999,0.0,0
2018-05-27 19:08:49.406,212.38,0.104005336999,0.0,0
2018-05-27 19:08:49.499,213.97,0.104005336999,0.0,0
2018-05-27 19:08:49.593,215.18,0.104005336999,0.0,0
2018-05-27 19:08:49.676,215.95,0.104005336999,0.0,0
2018-05-27 19:08:49.769,214.68,0.104005336999,0.0,0
2018-05-27 19:08:49.862,215.0,0.104005336999,0.0,0
2018-05-27 19:08:50.024,217.31,0.104005336999,0.0,0
2018-05-27 19:08:50.210,216.47,0.104005336999,0.0,0
2018-05-27 19:08:50.303,218.69,0.104005336999,0.0,0
2018-05-27 19:08:50.397,217.52,0.104005336999,0.0,0
2018-05-27 19:08:50.490,217.45,0.104005336999,0.0,0
2018-05-27 19:08:50.583,218.25,0.104005336999,0.0,0
2018-05-27 19:08:50.667,218.16,0.104005336999,0.0,0
2018-05-27 19:08:50.760,218.83,0.104005336999,0.0,0
2018-05-27 19:08:50.844,218.49,0.104005336999,0.0,0
2018-05-27 19:08:51.005,220.78,0.104005336999,0.0,0
2018-05-27 19:08:51.098,220.01,0.104005336999,0.0,0
2018-05-27 19:08:51.192,219.62,0.104005336999,0.0,0
2018-05-27 19:08:51.285,219.52,0.104005336999,0.0,0
2018-05-27 19:08:51.378,221.67,0.104005336999,0.0,0
2018-05-27 19:08:51.555,221.53,0.104005336999,0.0,0
2018-05-27 19:08:51.648,222.43,0.104005336999,0.0,0
2018-05-27 19:08:51.741,222.34,0.104005336999,0.0,0
2018-05-27 19:08:51.918,224.1,0.104005336999,0.0,0
2018-05-27 19:08:52.072,222.67,0.104005336999,0.0,0
2018-05-27 19:08:52.157,223.2,0.104005336999,0.0,0
2018-05-27 19:08:52.251,223.43,0.104005336999,0.0,0
2018-05-27 19:08:52.434,225.42,0.104005336999,0.0,0
2018-05-27 19:08:52.527,225.47,0.104005336999,0.0,0
2018-05-27 19:08:52.620,226.22,0.104005336999,0.0,0
2018-05-27 19:08:52.706,225.23,0.104005336999,0.0,0
2018-05-27 19:08:52.797,226.26,0.104005336999,0.0,0
2018-05-27 19:08:52.890,226.49,0.104005336999,0.0,0
2018-05-27 19:08:53.145,225.23,0.104005336999,0.0,0
2018-05-27 19:08:53.238,225.07,0.104005336999,0.0,0
2018-05-27 19:08:53.331,226.19,0.104005336999,0.0,0
2018-05-27 19:08:53.424,226.12,0.104005336999,0.0,0
2018-05-27 19:08:53.517,227.0,0.104005336999,0.0,0
2018-05-27 19:08:53.694,226.55,0.104005336999,0.0,0
2018-05-27 19:08:53.788,227.32,0.104005336999,0.0,0
2018-05-27 19:08:54.042,227.68,0.104005336999,0.0,0
2018-05-27 19:08:54.229,229.14,0.104005336999,0.0,0
2018-05-27 19:08:54.415,230.05,0.104005336999,0.0,0
2018-05-27 19:08:54.508,230.9,0.104005336999,0.0,0
2018-05-27 19:08:54.602,231.61,0.104005336999,0.0,0
2018-05-27 19:08:54.685,229.26,0.104005336999,0.0,0
2018-05-27 19:08:54.778,229.91,0.104005336999,0.0,0
2018-05-27 19:08:54.871,230.24,0.104005336999,0.0,0
2018-05-27 19:08:55.033,230.19,0.104005336999,0.0,0
2018-05-27 19:08:55.126,230.55,0.104005336999,0.0,0
2018-05-27 19:08:55.219,230.7,0.104005336999,0.0,0
2018-05-27 19:08:55.313,231.03,0.104005336999,0.0,0
2018-05-27 19:08:55.406,231.27,0.104005336999,0.0,0
2018-05-27 19:08:55.499,231.46,0.104005336999,0.0,0
2018-05-27 19:08:55.592,231.38,0.104005336999,0.0,0
2018-05-27 19:08:55.676,233.74,0.104005336999,0.0,0
2018-05-27 19:08:55.769,234.06,0.104005336999,0.0,0
2018-05-27 19:08:56.024,233.54,0.104005336999,0.0,0
2018-05-27 19:08:56.117,234.02,0.104005336999,0.0,0
2018-05-27 19:08:56.210,233.7,0.104005336999,0.0,0
2018-05-27 19:08:56.396,234.34,0.104005336999,0.0,0
2018-05-27 19:08:56.583,233.5,0.104005336999,0.0,0
2018-05-27 19:08:56.666,236.13,0.104005336999,0.0,0
2018-05-27 19:08:56.834,234.86,0.104005336999,0.0,0
2018-05-27 19:08:56.927,234.33,0.104005336999,0.0,0
2018-05-27 19:08:57.275,230.65,0.104005336999,0.0,0
2018-05-27 19:08:57.457,227.93,0.104005336999,0.0,0
2018-05-27 19:08:57.806,221.64,0.104005336999,0.0,0
2018-05-27 19:08:57.909,218.96,0.104005336999,0.0,0
2018-05-27 19:08:58.070,218.01,0.104005336999,0.0,0
2018-05-27 19:08:58.164,218.48,0.104005336999,0.0,0
2018-05-27 19:08:58.257,216.6,0.104005336999,0.0,0
2018-05-27 19:08:58.340,216.28,0.104005336999,0.0,0
2018-05-27 19:08:58.434,212.77,0.104005336999,0.0,0
2018-05-27 19:08:58.527,212.36,0.104005336999,0.0,0
2018-05-27 19:08:58.620,211.49,0.104005336999,0.0,0
2018-05-27 19:08:58.713,209.41,0.104005336999,0.0,0
2018-05-27 19:08:58.797,208.77,0.104005336999,0.0,0
2018-05-27 19:08:58.890,209.24,0.104005336999,0.0,0
2018-05-27 19:08:59.145,207.03,0.104005336999,0.0,0
2018-05-27 19:08:59.229,206.04,0.104005336999,0.0,0
2018-05-27 19:08:59.322,203.91,0.104005336999,0.0,0
2018-05-27 19:08:59.508,202.68,0.104005336999,0.0,0
2018-05-27 19:08:59.694,198.53,0.104005336999,0.0,0
2018-05-27 19:08:59.862,197.08,0.104005336999,0.0,0
2018-05-27 19:09:00.108,195.79,0.0875375392615,0.0500000007451,0
2018-05-27 19:09:00.201,194.28,0.0728139617715,0.0500000007451,0
2018-05-27 19:09:00.294,194.83,0.0660891285822,0.0250000003725,0
2018-05-27 19:09:00.387,195.13,0.0538743411344,0.0500000007451,0
2018-05-27 19:09:00.574,193.71,0.0385037418623,0.0750000029802,0
2018-05-27 19:09:00.657,193.57,0.034126398142,0.0750000029802,0
2018-05-27 19:09:00.750,192.51,0.0597787229276,0.125,0
2018-05-27 19:09:00.834,192.97,0.0799610227983,0.0750000029802,0
2018-05-27 19:09:00.922,192.75,0.142359041436,0.17499999702,0
2018-05-27 19:09:01.080,192.92,0.176013699035,0.0750000029802,0
2018-05-27 19:09:01.247,191.66,0.200835946277,0.10000000149,0
2018-05-27 19:09:01.340,191.64,0.213972348761,0.0750000029802,0
2018-05-27 19:09:01.434,192.8,0.241709448392,0.0750000029802,0
2018-05-27 19:09:01.527,192.89,0.227595997616,0.0250000003725,0
2018-05-27 19:09:01.620,193.26,0.200835947238,0.0250000003725,0
2018-05-27 19:09:01.704,192.92,0.176013699035,0.0250000003725,0
2018-05-27 19:09:01.797,192.62,0.132080688,0.0250000003725,0
2018-05-27 19:09:01.890,193.25,0.104005340103,0.0,0
2018-05-27 19:09:02.052,192.36,0.0538743444494,0.0,0
2018-05-27 19:09:02.229,193.35,0.0385037445114,0.0,0
2018-05-27 19:09:02.508,193.51,0.0385037415227,0.0,0
2018-05-27 19:09:02.694,195.91,0.0538743407094,0.0,0
2018-05-27 19:09:02.778,195.59,0.0728139617715,0.0,0
2018-05-27 19:09:02.871,196.45,0.0799610190691,0.0,0
2018-05-27 19:09:03.117,196.85,0.0875375392615,0.0,0
2018-05-27 19:09:03.303,196.26,0.0955502367611,0.0,0
2018-05-27 19:09:03.396,197.35,0.104005336999,0.0,0
2018-05-27 19:09:03.489,197.97,0.104005336999,0.0,0
2018-05-27 19:09:03.583,197.28,0.104005336999,0.0,0
2018-05-27 19:09:03.676,197.37,0.0799610185207,0.0750000029802,0
2018-05-27 19:09:03.769,199.15,0.0660891280967,0.0500000007451,0
2018-05-27 19:09:03.862,198.55,0.0483669626154,0.0750000029802,0
2018-05-27 19:09:04.024,198.47,0.0341263950765,0.0750000029802,0
2018-05-27 19:09:04.108,199.36,0.0341263984548,0.0500000007451,0
2018-05-27 19:09:04.294,201.14,0.0432468965868,0.0500000007451,0
2018-05-27 19:09:04.378,201.94,0.0432468965868,0.0,0
2018-05-27 19:09:04.471,200.98,0.048366966494,0.0250000003725,0
2018-05-27 19:09:04.564,201.19,0.0538743444494,0.0250000003725,0
2018-05-27 19:09:04.657,202.98,0.0538743444494,0.0,0
2018-05-27 19:09:04.741,203.95,0.0385037445114,0.0,0
2018-05-27 19:09:04.834,202.85,0.0301030009282,0.0,0
2018-05-27 19:09:04.927,203.96,0.0432468933546,0.0,0
2018-05-27 19:09:05.089,204.62,0.059778720289,0.0,0
2018-05-27 19:09:05.182,203.77,0.0728139617715,0.0,0
2018-05-27 19:09:05.275,205.91,0.0875375392615,0.0,0
2018-05-27 19:09:05.363,206.67,0.0875375392615,0.0,0
2018-05-27 19:09:05.620,206.05,0.0955502367611,0.0,0
2018-05-27 19:09:05.806,206.19,0.104005336999,0.0,0
2018-05-27 19:09:05.899,206.1,0.104005336999,0.0,0
2018-05-27 19:09:06.061,204.93,0.104005336999,0.0,0
2018-05-27 19:09:06.154,204.59,0.104005336999,0.0,0
2018-05-27 19:09:06.247,204.49,0.104005336999,0.0,0
2018-05-27 19:09:06.341,202.51,0.104005336999,0.0,0
2018-05-27 19:09:06.434,203.72,0.104005336999,0.0,0
2018-05-27 19:09:06.527,201.63,0.104005336999,0.0,0
2018-05-27 19:09:06.610,201.8,0.104005336999,0.0,0
2018-05-27 19:09:06.713,202.59,0.104005336999,0.0,0
2018-05-27 19:09:06.806,200.94,0.0955502367611,0.0250000003725,0
2018-05-27 19:09:06.890,200.52,0.0875375392615,0.0250000003725,0
2018-05-27 19:09:07.052,200.55,0.0799610190691,0.0250000003725,0
2018-05-27 19:09:07.238,200.22,0.0799610190691,0.0,0
2018-05-27 19:09:07.331,200.15,0.0799610190691,0.0,0
2018-05-27 19:09:07.508,201.5,0.0799610190691,0.0,0
2018-05-27 19:09:07.601,200.72,0.0799610190691,0.0,0
2018-05-27 19:09:07.694,199.51,0.0799610190691,0.0,0
2018-05-27 19:09:07.778,200.34,0.0799610190691,0.0,0
2018-05-27 19:09:07.871,201.29,0.0799610190691,0.0,0
2018-05-27 19:09:08.033,200.87,0.0868756537994,0.0,0
2018-05-27 19:09:08.126,200.17,0.0947812198925,0.0,0
2018-05-27 19:09:08.219,201.74,0.103121135442,0.0,0
2018-05-27 19:09:08.313,201.26,0.103121135442,0.0,0
2018-05-27 19:09:08.396,202.83,0.103121135442,0.0,0
2018-05-27 19:09:08.489,201.44,0.103121135442,0.0,0
2018-05-27 19:09:08.583,202.42,0.103121135442,0.0,0
2018-05-27 19:09:08.676,202.18,0.103121135442,0.0,0
2018-05-27 19:09:08.769,200.93,0.0947812198925,0.0250000003725,0
2018-05-27 19:09:08.853,201.78,0.0947812198925,0.0,0
2018-05-27 19:09:09.024,201.93,0.0947812198925,0.0,0
2018-05-27 19:09:09.117,202.7,0.0947812198925,0.0,0
2018-05-27 19:09:09.210,204.02,0.0947812198925,0.0,0
2018-05-27 19:09:09.303,202.56,0.0947812198925,0.0,0
2018-05-27 19:09:09.387,203.12,0.0947812198925,0.0,0
2018-05-27 19:09:09.480,203.97,0.0947812198925,0.0,0
2018-05-27 19:09:09.666,203.74,0.0947812198925,0.0,0
2018-05-27 19:09:09.750,203.73,0.0947812198925,0.0,0
2018-05-27 19:09:09.843,205.68,0.103121135442,0.0,0
2018-05-27 19:09:10.005,204.63,0.103121135442,0.0,0
2018-05-27 19:09:10.098,206.19,0.103121135442,0.0,0
2018-05-27 19:09:10.192,204.59,0.103121135442,0.0,0
2018-05-27 19:09:10.275,204.84,0.103121135442,0.0,0
2018-05-27 19:09:10.368,206.89,0.103121135442,0.0,0
2018-05-27 19:09:10.461,205.9,0.103121135442,0.0,0
2018-05-27 19:09:10.555,206.18,0.103121135442,0.0,0
2018-05-27 19:09:10.648,206.71,0.103121135442,0.0,0
2018-05-27 19:09:10.741,206.39,0.103121135442,0.0,0
2018-05-27 19:09:10.909,207.78,0.103121135442,0.0,0
2018-05-27 19:09:11.070,208.53,0.103121135442,0.0,0
2018-05-27 19:09:11.163,209.22,0.103121135442,0.0,0
2018-05-27 19:09:11.256,209.73,0.103121135442,0.0,0
2018-05-27 19:09:11.350,210.18,0.103121135442,0.0,0
2018-05-27 19:09:11.443,209.75,0.103121135442,0.0,0
2018-05-27 19:09:11.536,210.87,0.103121135442,0.0,0
2018-05-27 19:09:11.722,212.4,0.103121135442,0.0,0
2018-05-27 19:09:11.899,211.69,0.103121135442,0.0,0
2018-05-27 19:09:12.052,213.72,0.103121135442,0.0,0
2018-05-27 19:09:12.145,213.31,0.103121135442,0.0,0
2018-05-27 19:09:12.238,214.61,0.103121135442,0.0,0
2018-05-27 19:09:12.331,213.54,0.103121135442,0.0,0
2018-05-27 19:09:12.424,214.15,0.103121135442,0.0,0
2018-05-27 19:09:12.517,216.11,0.103121135442,0.0,0
2018-05-27 19:09:12.703,215.65,0.103121135442,0.0,0
2018-05-27 19:09:12.871,216.15,0.103121135442,0.0,0
2018-05-27 19:09:13.033,216.35,0.103121135442,0.0,0
2018-05-27 19:09:13.126,218.47,0.103121135442,0.0,0
2018-05-27 19:09:13.219,217.84,0.103121135442,0.0,0
2018-05-27 19:09:13.312,218.04,0.103121135442,0.0,0
2018-05-27 19:09:13.405,217.74,0.103121135442,0.0,0
2018-05-27 19:09:13.499,218.13,0.103121135442,0.0,0
2018-05-27 19:09:13.592,217.38,0.103121135442,0.0,0
2018-05-27 19:09:13.677,219.75,0.103121135442,0.0,0
2018-05-27 19:09:13.862,219.29,0.103121135442,0.0,0
2018-05-27 19:09:14.024,220.6,0.103121135442,0.0,0
2018-05-27 19:09:14.117,220.33,0.103121135442,0.0,0
2018-05-27 19:09:14.210,219.99,0.103121135442,0.0,0
2018-05-27 19:09:14.303,220.04,0.103121135442,0.0,0
2018-05-27 19:09:14.396,222.54,0.103121135442,0.0,0
2018-05-27 19:09:14.489,221.87,0.103121135442,0.0,0
2018-05-27 19:09:14.582,221.06,0.103121135442,0.0,0
2018-05-27 19:09:14.676,221.9,0.103121135442,0.0,0
2018-05-27 19:09:14.769,222.47,0.103121135442,0.0,0
2018-05-27 19:09:14.852,221.48,0.103121135442,0.0,0
2018-05-27 19:09:15.014,223.09,0.103121135442,0.0,0
2018-05-27 19:09:15.108,223.95,0.103121135442,0.0,0
2018-05-27 19:09:15.201,224.88,0.103121135442,0.0,0
2018-05-27 19:09:15.294,225.21,0.103121135442,0.0,0
2018-05-27 19:09:15.387,225.09,0.103121135442,0.0,0
2018-05-27 19:09:15.480,224.55,0.103121135442,0.0,0
2018-05-27 19:09:15.573,224.66,0.103121135442,0.0,0
2018-05-27 19:09:15.666,224.8,0.103121135442,0.0,0
2018-05-27 19:09:15.750,225.45,0.103121135442,0.0,0
2018-05-27 19:09:15.843,224.67,0.103121135442,0.0,0
2018-05-27 19:09:16.005,224.77,0.103121135442,0.0,0
2018-05-27 19:09:16.098,225.7,0.103121135442,0.0,0
2018-05-27 19:09:16.284,227.17,0.103121135442,0.0,0
2018-05-27 19:09:16.377,226.98,0.103121135442,0.0,0
2018-05-27 19:09:16.471,226.62,0.103121135442,0.0,0
2018-05-27 19:09:16.564,226.91,0.103121135442,0.0,0
2018-05-27 19:09:16.657,226.58,0.103121135442,0.0,0
2018-05-27 19:09:16.741,228.58,0.103121135442,0.0,0
2018-05-27 19:09:17.163,228.81,0.103121135442,0.0,0
2018-05-27 19:09:17.349,227.72,0.103121135442,0.0,0
2018-05-27 19:09:17.620,230.37,0.103121135442,0.0,0
2018-05-27 19:09:17.703,229.23,0.103121135442,0.0,0
2018-05-27 19:09:17.797,229.85,0.103121135442,0.0,0
2018-05-27 19:09:18.051,229.95,0.103121135442,0.0,0
2018-05-27 19:09:18.145,230.42,0.103121135442,0.0,0
2018-05-27 19:09:18.331,229.94,0.103121135442,0.0,0
2018-05-27 19:09:18.424,230.02,0.103121135442,0.0,0
2018-05-27 19:09:18.601,231.48,0.103121135442,0.0,0
2018-05-27 19:09:18.694,231.01,0.103121135442,0.0,0
2018-05-27 19:09:18.778,229.81,0.103121135442,0.0,0
2018-05-27 19:09:18.871,228.62,0.103121135442,0.0,0
2018-05-27 19:09:19.033,227.74,0.103121135442,0.0,0
2018-05-27 19:09:19.219,225.99,0.103121135442,0.0,0
2018-05-27 19:09:19.844,218.35,0.103121135442,0.0,0
2018-05-27 19:09:20.005,215.03,0.103121135442,0.0,0
2018-05-27 19:09:20.098,214.71,0.103121135442,0.0,0
2018-05-27 19:09:20.182,214.0,0.103122765768,0.0,0
2018-05-27 19:09:20.275,213.76,0.103122765768,0.0,0
2018-05-27 19:09:20.368,211.38,0.103122765768,0.0,0
2018-05-27 19:09:20.461,210.15,0.103122765768,0.0,0
2018-05-27 19:09:20.644,209.76,0.103122765768,0.0,0
2018-05-27 19:09:20.731,207.33,0.103122765768,0.0,0
2018-05-27 19:09:20.815,206.24,0.103122765768,0.0,0
2018-05-27 19:09:20.908,206.07,0.103122765768,0.0,0
2018-05-27 19:09:21.070,205.15,0.103122765768,0.0,0
2018-05-27 19:09:21.256,203.68,0.103122765768,0.0,0
2018-05-27 19:09:21.443,202.96,0.103122765768,0.0,0
2018-05-27 19:09:21.536,201.74,0.103122765768,0.0,0
2018-05-27 19:09:21.703,201.11,0.103122765768,0.0,0
2018-05-27 19:09:21.796,198.98,0.103122765768,0.0,0
2018-05-27 19:09:21.890,198.47,0.103122765768,0.0,0
2018-05-27 19:09:22.331,198.79,0.103122765768,0.0,0
2018-05-27 19:09:22.508,200.35,0.103122765768,0.0,0
2018-05-27 19:09:22.601,199.54,0.103122765768,0.0,0
2018-05-27 19:09:22.694,199.25,0.0947826380092,0.0250000003725,0
2018-05-27 19:09:22.778,199.49,0.0868768745229,0.0250000003725,0
2018-05-27 19:09:22.871,198.74,0.0657022664805,0.0750000029802,0
2018-05-27 19:09:23.126,197.9,0.048186634186,0.0750000029802,0
2018-05-27 19:09:23.396,199.58,0.0431213451546,0.0250000003725,0
2018-05-27 19:09:23.489,200.25,0.0384263273745,0.0250000003725,0
2018-05-27 19:09:23.582,199.47,0.0340907337325,0.0250000003725,0
2018-05-27 19:09:23.675,198.78,0.0340907337325,0.0,0
2018-05-27 19:09:23.862,198.83,0.0340907337325,0.0,0
2018-05-27 19:09:24.024,199.39,0.0340907337325,0.0,0
2018-05-27 19:09:24.210,200.58,0.0384263273745,0.0,0
2018-05-27 19:09:24.303,199.92,0.0431213451546,0.0,0
2018-05-27 19:09:24.387,200.49,0.059467943654,0.0,0
2018-05-27 19:09:24.480,201.84,0.0793993661531,0.0,0
2018-05-27 19:09:24.573,200.95,0.0868768745229,0.0,0
2018-05-27 19:09:24.759,202.21,0.0947826380092,0.0,0
2018-05-27 19:09:24.843,202.0,0.103122765768,0.0,0
2018-05-27 19:09:25.005,201.31,0.103122765768,0.0,0
2018-05-27 19:09:25.098,201.25,0.103122765768,0.0,0
2018-05-27 19:09:25.191,202.99,0.103122765768,0.0,0
2018-05-27 19:09:25.275,202.47,0.103122765768,0.0,0
2018-05-27 19:09:25.368,202.17,0.103122765768,0.0,0
2018-05-27 19:09:25.545,201.58,0.103122765768,0.0,0
2018-05-27 19:09:25.806,204.91,0.103122765768,0.0,0
2018-05-27 19:09:25.890,203.62,0.103122765768,0.0,0
2018-05-27 19:09:26.051,204.75,0.103122765768,0.0,0
2018-05-27 19:09:26.144,203.52,0.103122765768,0.0,0
2018-05-27 19:09:26.238,205.1,0.103122765768,0.0,0
2018-05-27 19:09:26.331,204.42,0.103122765768,0.0,0
2018-05-27 19:09:26.417,204.04,0.103122765768,0.0,0
2018-05-27 19:09:26.508,205.12,0.103122765768,0.0,0
2018-05-27 19:09:26.601,204.97,0.103122765768,0.0,0
2018-05-27 19:09:26.694,204.92,0.103122765768,0.0,0
2018-05-27 19:09:26.778,205.25,0.103122765768,0.0,0
2018-05-27 19:09:26.871,206.19,0.103122765768,0.0,0
2018-05-27 19:09:27.033,203.58,0.103122765768,0.0,0
2018-05-27 19:09:27.219,201.77,0.103122765768,0.0,0
2018-05-27 19:09:27.303,201.39,0.103122765768,0.0,0
2018-05-27 19:09:27.396,200.02,0.103122765768,0.0,0
2018-05-27 19:09:27.489,200.81,0.103122765768,0.0,0
2018-05-27 19:09:27.675,197.8,0.103122765768,0.0,0
2018-05-27 19:09:27.768,198.33,0.103122765768,0.0,0
2018-05-27 19:09:27.862,198.79,0.0868768745229,0.0500000007451,0
2018-05-27 19:09:28.024,197.07,0.0723435283047,0.0500000007451,0
2018-05-27 19:09:28.109,197.68,0.0594679441036,0.0500000007451,0
2018-05-27 19:09:28.200,197.35,0.0481866349689,0.0500000007451,0
2018-05-27 19:09:28.293,197.53,0.0481866349689,0.0,0
2018-05-27 19:09:28.387,198.61,0.0481866349689,0.0,0
2018-05-27 19:09:28.480,197.26,0.0481866349689,0.0,0
2018-05-27 19:09:28.573,196.6,0.0481866349689,0.0,0
2018-05-27 19:09:28.666,197.37,0.0481866349689,0.0,0
2018-05-27 19:09:28.759,197.38,0.0481866349689,0.0,0
2018-05-27 19:09:28.852,196.03,0.0594679441036,0.0,0
2018-05-27 19:09:29.014,195.18,0.0723435283047,0.0,0
2018-05-27 19:09:29.108,195.05,0.0868768745229,0.0,0
2018-05-27 19:09:29.202,196.07,0.103122765768,0.0,0
2018-05-27 19:09:29.284,195.62,0.103122765768,0.0,0
2018-05-27 19:09:29.378,196.3,0.103122765768,0.0,0
2018-05-27 19:09:29.471,195.81,0.103122765768,0.0,0
2018-05-27 19:09:29.564,196.02,0.103122765768,0.0,0
2018-05-27 19:09:29.657,195.76,0.103122765768,0.0,0
2018-05-27 19:09:29.741,196.0,0.103122765768,0.0,0
2018-05-27 19:09:29.834,195.97,0.103122765768,0.0,0
2018-05-27 19:09:29.922,196.01,0.103122765768,0.0,0
2018-05-27 19:09:30.079,197.36,0.0947826380092,0.0250000003725,0
2018-05-27 19:09:30.163,194.94,0.0947826380092,0.0,0
2018-05-27 19:09:30.256,195.97,0.0793993661531,0.0500000007451,0
2018-05-27 19:09:30.349,197.22,0.06570226696,0.0500000007451,0
2018-05-27 19:09:30.443,195.77,0.06570226696,0.0,0
2018-05-27 19:09:30.526,197.31,0.06570226696,0.0,0
2018-05-27 19:09:30.703,196.58,0.06570226696,0.0,0
2018-05-27 19:09:30.880,196.23,0.06570226696,0.0,0
2018-05-27 19:09:31.042,196.36,0.06570226696,0.0,0
2018-05-27 19:09:31.135,197.68,0.06570226696,0.0,0
2018-05-27 19:09:31.228,198.34,0.0723435283047,0.0,0
2018-05-27 19:09:31.321,197.54,0.0723435283047,0.0,0
2018-05-27 19:09:31.415,196.92,0.0868768745229,0.0,0
2018-05-27 19:09:31.498,198.44,0.103122765768,0.0,0
2018-05-27 19:09:31.592,198.97,0.103122765768,0.0,0
2018-05-27 19:09:31.675,197.52,0.103122765768,0.0,0
2018-05-27 19:09:31.768,200.6,0.103122765768,0.0,0
2018-05-27 19:09:31.862,200.23,0.103122765768,0.0,0
2018-05-27 19:09:32.023,199.62,0.103045603378,0.0,0
2018-05-27 19:09:32.117,200.73,0.103045603378,0.0,0
2018-05-27 19:09:32.210,200.47,0.103045603378,0.0,0
2018-05-27 19:09:32.387,200.92,0.103045603378,0.0,0
2018-05-27 19:09:32.480,202.81,0.103045603378,0.0,0
2018-05-27 19:09:32.573,202.11,0.103045603378,0.0,0
2018-05-27 19:09:32.666,201.81,0.103045603378,0.0,0
2018-05-27 19:09:32.759,203.72,0.103045603378,0.0,0
2018-05-27 19:09:32.843,203.95,0.103045603378,0.0,0
2018-05-27 19:09:33.005,203.53,0.103045603378,0.0,0
2018-05-27 19:09:33.192,205.98,0.103045603378,0.0,0
2018-05-27 19:09:33.275,206.16,0.103045603378,0.0,0
2018-05-27 19:09:33.368,204.92,0.103045603378,0.0,0
2018-05-27 19:09:33.554,206.41,0.103045603378,0.0,0
2018-05-27 19:09:33.736,208.16,0.103045603378,0.0,0
2018-05-27 19:09:33.824,207.53,0.103045603378,0.0,0
2018-05-27 19:09:34.070,209.37,0.103045603378,0.0,0
2018-05-27 19:09:34.163,209.08,0.103045603378,0.0,0
2018-05-27 19:09:34.256,210.35,0.103045603378,0.0,0
2018-05-27 19:09:34.349,209.56,0.103045603378,0.0,0
2018-05-27 19:09:34.442,211.6,0.103045603378,0.0,0
2018-05-27 19:09:34.536,209.56,0.103045603378,0.0,0
2018-05-27 19:09:34.629,211.64,0.103045603378,0.0,0
2018-05-27 19:09:34.806,212.28,0.103045603378,0.0,0
2018-05-27 19:09:34.889,213.31,0.103045603378,0.0,0
2018-05-27 19:09:35.051,212.18,0.103045603378,0.0,0
2018-05-27 19:09:35.144,213.18,0.103045603378,0.0,0
2018-05-27 19:09:35.238,213.9,0.103045603378,0.0,0
2018-05-27 19:09:35.331,214.27,0.103045603378,0.0,0
2018-05-27 19:09:35.424,215.62,0.103045603378,0.0,0
2018-05-27 19:09:35.517,214.45,0.103045603378,0.0,0
2018-05-27 19:09:35.703,216.31,0.103045603378,0.0,0
2018-05-27 19:09:35.787,215.81,0.103045603378,0.0,0
2018-05-27 19:09:35.871,216.5,0.103045603378,0.0,0
2018-05-27 19:09:36.033,218.04,0.103045603378,0.0,0
2018-05-27 19:09:36.219,217.28,0.103045603378,0.0,0
2018-05-27 19:09:36.312,218.28,0.103045603378,0.0,0
2018-05-27 19:09:36.405,218.23,0.103045603378,0.0,0
2018-05-27 19:09:36.498,217.02,0.103045603378,0.0,0
2018-05-27 19:09:36.591,218.23,0.103045603378,0.0,0
2018-05-27 19:09:36.676,217.87,0.103045603378,0.0,0
2018-05-27 19:09:36.768,218.92,0.103045603378,0.0,0
2018-05-27 19:09:36.862,220.37,0.103045603378,0.0,0
2018-05-27 19:09:37.117,219.49,0.103045603378,0.0,0
2018-05-27 19:09:37.210,220.07,0.103045603378,0.0,0
2018-05-27 19:09:37.303,221.88,0.103045603378,0.0,0
2018-05-27 19:09:37.396,221.46,0.103045603378,0.0,0
2018-05-27 19:09:37.489,220.82,0.103045603378,0.0,0
2018-05-27 19:09:37.582,221.63,0.103045603378,0.0,0
2018-05-27 19:09:37.675,222.09,0.103045603378,0.0,0
2018-05-27 19:09:37.769,223.74,0.103045603378,0.0,0
2018-05-27 19:09:37.852,222.38,0.103045603378,0.0,0
2018-05-27 19:09:38.014,223.32,0.103045603378,0.0,0
2018-05-27 19:09:38.107,224.02,0.103045603378,0.0,0
2018-05-27 19:09:38.200,224.76,0.103045603378,0.0,0
2018-05-27 19:09:38.293,223.91,0.103045603378,0.0,0
2018-05-27 19:09:38.386,224.39,0.103045603378,0.0,0
2018-05-27 19:09:38.480,223.97,0.103045603378,0.0,0
2018-05-27 19:09:38.573,224.53,0.103045603378,0.0,0
2018-05-27 19:09:38.657,224.06,0.103045603378,0.0,0
2018-05-27 19:09:38.740,226.29,0.103045603378,0.0,0
2018-05-27 19:09:38.834,226.34,0.103045603378,0.0,0
2018-05-27 19:09:38.922,225.41,0.103045603378,0.0,0
2018-05-27 19:09:39.165,225.48,0.103045603378,0.0,0
2018-05-27 19:09:39.247,226.42,0.103045603378,0.0,0
2018-05-27 19:09:39.433,226.51,0.103045603378,0.0,0
2018-05-27 19:09:39.712,226.92,0.103045603378,0.0,0
2018-05-27 19:09:39.880,227.5,0.103045603378,0.0,0
2018-05-27 19:09:40.042,228.77,0.103045603378,0.0,0
2018-05-27 19:09:40.135,229.42,0.103045603378,0.0,0
2018-05-27 19:09:40.228,229.03,0.103045603378,0.0,0
2018-05-27 19:09:40.321,229.26,0.103045603378,0.0,0
2018-05-27 19:09:40.414,229.06,0.103045603378,0.0,0
2018-05-27 19:09:40.601,229.13,0.103045603378,0.0,0
2018-05-27 19:09:40.686,229.07,0.103045603378,0.0,0
2018-05-27 19:09:40.778,230.14,0.103045603378,0.0,0
2018-05-27 19:09:40.871,230.79,0.103045603378,0.0,0
2018-05-27 19:09:41.033,230.55,0.103045603378,0.0,0
2018-05-27 19:09:41.219,230.19,0.103045603378,0.0,0
2018-05-27 19:09:41.312,228.78,0.103045603378,0.0,0
2018-05-27 19:09:41.405,227.31,0.103045603378,0.0,0
2018-05-27 19:09:41.498,224.01,0.103045603378,0.0,0
2018-05-27 19:09:41.591,222.04,0.103045603378,0.0,0
2018-05-27 19:09:41.676,222.17,0.103045603378,0.0,0
2018-05-27 19:09:41.861,217.42,0.103045603378,0.0,0
2018-05-27 19:09:42.023,217.21,0.103045603378,0.0,0
2018-05-27 19:09:42.116,214.16,0.103045603378,0.0,0
2018-05-27 19:09:42.210,212.83,0.103045603378,0.0,0
2018-05-27 19:09:42.303,212.81,0.103045603378,0.0,0
2018-05-27 19:09:42.396,210.76,0.103045603378,0.0,0
2018-05-27 19:09:42.489,210.01,0.103045603378,0.0,0
2018-05-27 19:09:42.582,207.51,0.103045603378,0.0,0
2018-05-27 19:09:42.676,207.76,0.103045603378,0.0,0
2018-05-27 19:09:42.768,205.85,0.103045603378,0.0,0
2018-05-27 19:09:43.014,204.32,0.103045603378,0.0,0
2018-05-27 19:09:43.107,202.74,0.103045603378,0.0,0
2018-05-27 19:09:43.200,200.91,0.103045603378,0.0,0
2018-05-27 19:09:43.293,201.49,0.103045603378,0.0,0
2018-05-27 19:09:43.386,198.68,0.103045603378,0.0,0
2018-05-27 19:09:43.480,197.03,0.103045603378,0.0,0
2018-05-27 19:09:43.573,197.98,0.103696278838,0.0,0
2018-05-27 19:09:43.666,197.37,0.103696278838,0.0,0
2018-05-27 19:09:43.750,196.48,0.103696278838,0.0,0
2018-05-27 19:09:43.843,195.39,0.103696278838,0.0,0
2018-05-27 19:09:44.005,192.89,0.103696278838,0.0,0
2018-05-27 19:09:44.098,192.55,0.103696278838,0.0,0
2018-05-27 19:09:44.191,191.74,0.103696278838,0.0,0
2018-05-27 19:09:44.284,191.9,0.103696278838,0.0,0
2018-05-27 19:09:44.377,192.59,0.103696278838,0.0,0
2018-05-27 19:09:44.470,192.26,0.103696278838,0.0,0
2018-05-27 19:09:44.563,191.04,0.103696278838,0.0,0
2018-05-27 19:09:44.657,191.13,0.103696278838,0.0,0
2018-05-27 19:09:44.833,190.68,0.103696278838,0.0,0
2018-05-27 19:09:45.079,192.5,0.103696278838,0.0,0
2018-05-27 19:09:45.163,192.43,0.103696278838,0.0,0
2018-05-27 19:09:45.256,192.63,0.103696278838,0.0,0
2018-05-27 19:09:45.349,192.86,0.103696278838,0.0,0
2018-05-27 19:09:45.442,192.02,0.103696278838,0.0,0
2018-05-27 19:09:45.536,191.82,0.103696278838,0.0,0
2018-05-27 19:09:45.619,193.08,0.103696278838,0.0,0
2018-05-27 19:09:45.703,193.25,0.103696278838,0.0,0
2018-05-27 19:09:45.796,193.67,0.103696278838,0.0,0
2018-05-27 19:09:45.889,192.87,0.103696278838,0.0,0
2018-05-27 19:09:46.051,193.16,0.103696278838,0.0,0
2018-05-27 19:09:46.144,193.13,0.103696278838,0.0,0
2018-05-27 19:09:46.229,193.1,0.103696278838,0.0,0
2018-05-27 19:09:46.330,194.52,0.103696278838,0.0,0
2018-05-27 19:09:46.424,195.2,0.103696278838,0.0,0
2018-05-27 19:09:46.517,193.73,0.103696278838,0.0,0
2018-05-27 19:09:46.610,193.73,0.103696278838,0.0,0
2018-05-27 19:09:46.694,194.16,0.103696278838,0.0,0
2018-05-27 19:09:46.880,194.37,0.103696278838,0.0,0
2018-05-27 19:09:47.042,196.12,0.103696278838,0.0,0
2018-05-27 19:09:47.135,196.76,0.103696278838,0.0,0
2018-05-27 19:09:47.312,196.66,0.103696278838,0.0,0
2018-05-27 19:09:47.405,196.39,0.103696278838,0.0,0
2018-05-27 19:09:47.498,196.45,0.103696278838,0.0,0
2018-05-27 19:09:47.591,198.3,0.103696278838,0.0,0
2018-05-27 19:09:47.675,198.2,0.103696278838,0.0,0
2018-05-27 19:09:47.768,199.64,0.103696278838,0.0,0
2018-05-27 19:09:47.861,198.4,0.103696278838,0.0,0
2018-05-27 19:09:48.023,198.84,0.103696278838,0.0,0
2018-05-27 19:09:48.107,199.35,0.103696278838,0.0,0
2018-05-27 19:09:48.200,200.53,0.103696278838,0.0,0
2018-05-27 19:09:48.293,201.2,0.103696278838,0.0,0
2018-05-27 19:09:48.386,201.48,0.103696278838,0.0,0
2018-05-27 19:09:48.480,202.85,0.103696278838,0.0,0
2018-05-27 19:09:48.573,202.16,0.103696278838,0.0,0
2018-05-27 19:09:48.666,202.35,0.103696278838,0.0,0
2018-05-27 19:09:48.759,204.22,0.103696278838,0.0,0
2018-05-27 19:09:48.844,204.08,0.103696278838,0.0,0
2018-05-27 19:09:48.927,203.67,0.103696278838,0.0,0
2018-05-27 19:09:49.368,198.95,0.103696278838,0.0,0
2018-05-27 19:09:49.461,198.44,0.103696278838,0.0,0
2018-05-27 19:09:49.554,199.53,0.103696278838,0.0,0
2018-05-27 19:09:49.647,197.98,0.103696278838,0.0,0
2018-05-27 19:09:49.740,196.89,0.103696278838,0.0,0
2018-05-27 19:09:49.908,196.7,0.103696278838,0.0,0
2018-05-27 19:09:50.070,196.24,0.103696278838,0.0,0
2018-05-27 19:09:50.256,196.4,0.103696278838,0.0,0
2018-05-27 19:09:50.349,196.66,0.103696278838,0.0,0
2018-05-27 19:09:50.442,194.9,0.103696278838,0.0,0
2018-05-27 19:09:50.536,194.47,0.103696278838,0.0,0
2018-05-27 19:09:50.806,196.59,0.103696278838,0.0,0
2018-05-27 19:09:51.060,196.22,0.103696278838,0.0,0
2018-05-27 19:09:51.154,196.13,0.103696278838,0.0,0
2018-05-27 19:09:51.247,197.84,0.103696278838,0.0,0
2018-05-27 19:09:51.340,198.29,0.103696278838,0.0,0
2018-05-27 19:09:51.433,197.3,0.103696278838,0.0,0
2018-05-27 19:09:51.619,199.01,0.103696278838,0.0,0
2018-05-27 19:09:51.703,199.33,0.103696278838,0.0,0
2018-05-27 19:09:51.796,199.59,0.103696278838,0.0,0
2018-05-27 19:09:51.889,198.16,0.103696278838,0.0,0
2018-05-27 19:09:52.051,197.95,0.103696278838,0.0,0
2018-05-27 19:09:52.144,199.77,0.103696278838,0.0,0
2018-05-27 19:09:52.237,198.89,0.103696278838,0.0,0
2018-05-27 19:09:52.331,199.01,0.103696278838,0.0,0
2018-05-27 19:09:52.517,199.26,0.103696278838,0.0,0
2018-05-27 19:09:52.610,199.49,0.103696278838,0.0,0
2018-05-27 19:09:52.787,199.86,0.103696278838,0.0,0
2018-05-27 19:09:52.880,201.44,0.103696278838,0.0,0
2018-05-27 19:09:53.042,199.75,0.103696278838,0.0,0
2018-05-27 19:09:53.135,200.61,0.103696278838,0.0,0
2018-05-27 19:09:53.321,201.57,0.103696278838,0.0,0
2018-05-27 19:09:53.414,201.88,0.103696278838,0.0,0
2018-05-27 19:09:53.601,201.86,0.103696278838,0.0,0
2018-05-27 19:09:53.684,202.75,0.103696278838,0.0,0
2018-05-27 19:09:53.778,204.48,0.103696278838,0.0,0
2018-05-27 19:09:53.871,203.06,0.103696278838,0.0,0
2018-05-27 19:09:54.126,204.21,0.103696278838,0.0,0
2018-05-27 19:09:54.219,203.97,0.103696278838,0.0,0
2018-05-27 19:09:54.312,205.31,0.103696278838,0.0,0
2018-05-27 19:09:54.405,204.38,0.103696278838,0.0,0
2018-05-27 19:09:54.498,204.34,0.103696278838,0.0,0
2018-05-27 19:09:54.591,206.76,0.103696278838,0.0,0
2018-05-27 19:09:54.675,207.65,0.103696278838,0.0,0
2018-05-27 19:09:54.861,208.52,0.103696278838,0.0,0
2018-05-27 19:09:55.014,208.76,0.103696278838,0.0,0
2018-05-27 19:09:55.107,207.27,0.103696278838,0.0,0
2018-05-27 19:09:55.200,209.33,0.103696278838,0.0,0
2018-05-27 19:09:55.293,208.53,0.103696278838,0.0,0
2018-05-27 19:09:55.381,208.8,0.103696278838,0.0,0
2018-05-27 19:09:55.470,209.77,0.103696278838,0.0,0
2018-05-27 19:09:55.563,209.62,0.103696278838,0.0,0
2018-05-27 19:09:55.656,210.05,0.103696278838,0.0,0
2018-05-27 19:09:55.750,210.8,0.103696278838,0.0,0
2018-05-27 19:09:55.833,211.16,0.103696278838,0.0,0
2018-05-27 19:09:55.925,212.4,0.103696278838,0.0,0
2018-05-27 19:09:56.079,211.17,0.103696278838,0.0,0
2018-05-27 19:09:56.163,211.45,0.103696278838,0.0,0
2018-05-27 19:09:56.256,212.39,0.103696278838,0.0,0
2018-05-27 19:09:56.535,214.95,0.103696278838,0.0,0
2018-05-27 19:09:56.628,213.28,0.103696278838,0.0,0
2018-05-27 19:09:56.714,214.39,0.103696278838,0.0,0
2018-05-27 19:09:56.805,214.39,0.103696278838,0.0,0
2018-05-27 19:09:56.899,216.11,0.103696278838,0.0,0
2018-05-27 19:09:57.060,215.68,0.103696278838,0.0,0
2018-05-27 19:09:57.153,215.71,0.103696278838,0.0,0
2018-05-27 19:09:57.247,217.23,0.103696278838,0.0,0
2018-05-27 19:09:57.340,217.07,0.103696278838,0.0,0
2018-05-27 19:09:57.433,216.38,0.103696278838,0.0,0
2018-05-27 19:09:57.526,217.06,0.103696278838,0.0,0
2018-05-27 19:09:57.619,217.36,0.103696278838,0.0,0
2018-05-27 19:09:57.703,218.23,0.103696278838,0.0,0
2018-05-27 19:09:57.796,217.48,0.103696278838,0.0,0
2018-05-27 19:09:57.889,217.58,0.103696278838,0.0,0
2018-05-27 19:09:58.051,218.34,0.103696278838,0.0,0
2018-05-27 19:09:58.144,218.56,0.103696278838,0.0,0
2018-05-27 19:09:58.237,217.4,0.103696278838,0.0,0
2018-05-27 19:09:58.330,218.24,0.103696278838,0.0,0
2018-05-27 19:09:58.424,219.77,0.103696278838,0.0,0
2018-05-27 19:09:58.517,219.48,0.103696278838,0.0,0
2018-05-27 19:09:58.610,218.92,0.103696278838,0.0,0
2018-05-27 19:09:58.694,220.04,0.103696278838,0.0,0
2018-05-27 19:09:58.787,219.05,0.103696278838,0.0,0
2018-05-27 19:09:58.880,219.83,0.103696278838,0.0,0
2018-05-27 19:09:59.135,219.07,0.103696278838,0.0,0
2018-05-27 19:09:59.228,217.56,0.103696278838,0.0,0
2018-05-27 19:09:59.321,216.99,0.103696278838,0.0,0
2018-05-27 19:09:59.414,215.8,0.103696278838,0.0,0
2018-05-27 19:09:59.684,212.33,0.103696278838,0.0,0
2018-05-27 19:09:59.777,212.16,0.103696278838,0.0,0
2018-05-27 19:10:00.032,209.74,0.103696278838,0.0,0
2018-05-27 19:10:00.219,207.93,0.103696278838,0.0,0
2018-05-27 19:10:00.405,206.9,0.103696278838,0.0,0
2018-05-27 19:10:00.498,204.92,0.103696278838,0.0,0
2018-05-27 19:10:00.768,204.42,0.103696278838,0.0,0
2018-05-27 19:10:01.023,202.45,0.103696278838,0.0,0
2018-05-27 19:10:01.116,201.27,0.103696278838,0.0,0
2018-05-27 19:10:01.302,198.57,0.103696278838,0.0,0
2018-05-27 19:10:01.396,197.03,0.103696278838,0.0,0
2018-05-27 19:10:01.489,195.64,0.103696278838,0.0,0
2018-05-27 19:10:01.583,194.61,0.103696278838,0.0,0
2018-05-27 19:10:01.666,193.82,0.103696278838,0.0,0
2018-05-27 19:10:01.759,192.65,0.103696278838,0.0,0
2018-05-27 19:10:01.852,192.27,0.103696278838,0.0,0
2018-05-27 19:10:02.014,191.22,0.103696278838,0.0,0
2018-05-27 19:10:02.107,190.08,0.103696278838,0.0,0
2018-05-27 19:10:02.200,189.54,0.103696278838,0.0,0
2018-05-27 19:10:02.386,187.41,0.103696278838,0.0,0
2018-05-27 19:10:02.479,186.32,0.103696278838,0.0,0
2018-05-27 19:10:02.563,183.94,0.103696278838,0.0,0
2018-05-27 19:10:02.656,183.85,0.103696278838,0.0,0
2018-05-27 19:10:02.740,182.36,0.103696278838,0.0,0
2018-05-27 19:10:03.079,179.51,0.0952814609016,0.0250000003725,0
2018-05-27 19:10:03.163,179.68,0.0873062266517,0.0250000003725,0
2018-05-27 19:10:03.340,177.13,0.0596699594154,0.10000000149,0
2018-05-27 19:10:03.433,176.46,0.0537896621879,0.0250000003725,0
2018-05-27 19:10:03.526,176.49,0.0432029769506,0.0500000007451,0
2018-05-27 19:10:03.619,174.95,0.0341139265292,0.0500000007451,0
2018-05-27 19:10:03.703,174.23,0.0384766697663,0.0750000029802,0
2018-05-27 19:10:03.889,171.98,0.0659537254514,0.125,0
2018-05-27 19:10:04.051,171.37,0.103696281283,0.125,0
2018-05-27 19:10:04.144,171.86,0.152550833131,0.125,0
2018-05-27 19:10:04.228,170.13,0.301748902324,0.300000011921,0
2018-05-27 19:10:04.414,168.97,0.301748902324,0.0250000003725,0
2018-05-27 19:10:04.507,168.08,0.270231253283,0.0500000007451,0
2018-05-27 19:10:04.600,168.94,0.285742418153,0.0500000007451,0
2018-05-27 19:10:04.694,165.96,0.335254944788,0.125,0
2018-05-27 19:10:04.777,167.25,0.389270533932,0.125,0
2018-05-27 19:10:04.871,165.8,0.352757780509,0.0250000003725,0
2018-05-27 19:10:05.209,164.64,0.285742415805,0.0250000003725,0
2018-05-27 19:10:05.302,164.03,0.226649655065,0.0250000003725,0
2018-05-27 19:10:05.396,164.53,0.175341110356,0.0250000003725,0
2018-05-27 19:10:05.489,163.92,0.0659537244846,0.0,0
2018-05-27 19:10:05.582,164.64,0.0596699606839,0.0,0
2018-05-27 19:10:05.675,163.25,0.0483038745603,0.0,0
2018-05-27 19:10:05.768,163.99,0.0384766687509,0.0,0
2018-05-27 19:10:05.861,162.35,0.0432029773166,0.0,0
2018-05-27 19:10:06.023,163.68,0.0726492862346,0.0,0
2018-05-27 19:10:06.107,161.88,0.0797643913994,0.0,0
2018-05-27 19:10:06.200,162.12,0.0873062266517,0.0,0
2018-05-27 19:10:06.386,161.46,0.0952814609016,0.0,0
2018-05-27 19:10:06.479,160.81,0.103696278838,0.0,0
2018-05-27 19:10:06.572,160.7,0.0726492862346,0.10000000149,0
2018-05-27 19:10:06.666,160.73,0.0726492862346,0.0,0
2018-05-27 19:10:06.759,160.16,0.0483038734564,0.10000000149,0
2018-05-27 19:10:06.926,160.55,0.0432029769506,0.0250000003725,0
2018-05-27 19:10:07.088,159.15,0.0301030006384,0.0750000029802,0
2018-05-27 19:10:07.274,158.7,0.0432029794391,0.0750000029802,0
2018-05-27 19:10:07.554,157.63,0.0534407998704,0.0500000007451,0
2018-05-27 19:10:07.647,158.6,0.0719715716204,0.0750000029802,0
2018-05-27 19:10:07.740,157.28,0.111108725444,0.125,0
2018-05-27 19:10:07.824,157.23,0.129796104762,0.0500000007451,0
2018-05-27 19:10:07.908,157.07,0.129796104762,0.10000000149,0
2018-05-27 19:10:08.163,156.49,0.15027548919,0.0500000007451,0
2018-05-27 19:10:08.256,155.28,0.161197368832,0.125,0
2018-05-27 19:10:08.349,157.28,0.150275488394,0.0,0
2018-05-27 19:10:08.442,156.32,0.120230605151,0.0,0
2018-05-27 19:10:08.610,156.08,0.102425650228,0.0250000003725,0
2018-05-27 19:10:08.703,156.72,0.0863547955328,0.0,0
2018-05-27 19:10:08.796,156.14,0.0653962876919,0.0,0
2018-05-27 19:10:08.889,155.33,0.0480438414846,0.0500000007451,0
2018-05-27 19:10:09.051,157.49,0.0383649666558,0.0,0
2018-05-27 19:10:09.144,156.76,0.0383649657216,0.0,0
2018-05-27 19:10:09.330,156.81,0.0430218825417,0.0250000003725,0
2018-05-27 19:10:09.414,156.51,0.0719715676812,0.0,0
2018-05-27 19:10:09.507,155.88,0.0719715676812,0.0,0
2018-05-27 19:10:09.600,156.86,0.0719715676812,0.0,0
2018-05-27 19:10:09.693,155.41,0.0719715676812,0.0250000003725,0
2018-05-27 19:10:09.870,155.79,0.0719715676812,0.0,0
2018-05-27 19:10:10.032,156.58,0.0719715676812,0.0,0
2018-05-27 19:10:10.219,155.65,0.0789554099931,0.0250000003725,0
2018-05-27 19:10:10.302,155.5,0.0719715676812,0.0250000003725,0
2018-05-27 19:10:10.395,155.0,0.0653962863623,0.0250000003725,0
2018-05-27 19:10:10.489,154.23,0.0653962863623,0.0250000003725,0
2018-05-27 19:10:10.582,154.79,0.0592220547711,0.0250000003725,0
2018-05-27 19:10:10.675,153.89,0.0592220547711,0.0,0
2018-05-27 19:10:10.768,153.01,0.0480438400102,0.0500000007451,0
2018-05-27 19:10:10.861,153.27,0.0534407970395,0.0,0
2018-05-27 19:10:11.116,152.21,0.0534407970395,0.0,0
2018-05-27 19:10:11.210,151.47,0.0430218821813,0.0500000007451,0
2018-05-27 19:10:11.414,151.85,0.0480438400102,0.0,0
2018-05-27 19:10:11.572,150.69,0.0534407970395,0.0,0
2018-05-27 19:10:11.842,150.74,0.0592220547711,0.0,0
2018-05-27 19:10:12.004,150.7,0.0653962863623,0.0,0
2018-05-27 19:10:12.098,149.34,0.0592220547711,0.0500000007451,0
2018-05-27 19:10:12.181,148.75,0.0534407970395,0.0250000003725,0
2018-05-27 19:10:12.274,148.29,0.0592220547711,0.0250000003725,0
2018-05-27 19:10:12.363,147.98,0.0480438400102,0.0500000007451,0
2018-05-27 19:10:12.442,147.03,0.0430218821813,0.0250000003725,0
2018-05-27 19:10:12.535,147.3,0.0480438400102,0.0250000003725,0
2018-05-27 19:10:12.628,145.72,0.0430218821813,0.0250000003725,0
2018-05-27 19:10:12.713,146.01,0.038364965388,0.0250000003725,0
2018-05-27 19:10:12.805,144.65,0.0383649669894,0.10000000149,0
2018-05-27 19:10:13.060,145.46,0.0430218839114,0.0250000003725,0
2018-05-27 19:10:13.246,144.9,0.0480438422607,0.0750000029802,0
2018-05-27 19:10:13.340,144.34,0.0653962891164,0.10000000149,0
2018-05-27 19:10:13.433,144.37,0.0789554136361,0.0750000029802,0
2018-05-27 19:10:13.526,143.27,0.0863547978006,0.0750000029802,0
2018-05-27 19:10:13.619,143.28,0.102425653382,0.0750000029802,0
2018-05-27 19:10:13.703,143.05,0.129796106221,0.10000000149,0
2018-05-27 19:10:13.796,142.3,0.15027549158,0.0750000029802,0
2018-05-27 19:10:14.051,141.39,0.172578906233,0.0750000029802,0
2018-05-27 19:10:14.237,141.81,0.172578906233,0.10000000149,0
2018-05-27 19:10:14.423,141.56,0.196734003594,0.0750000029802,0
2018-05-27 19:10:14.517,141.03,0.196734003594,0.0750000029802,0
2018-05-27 19:10:14.703,141.65,0.161197373817,0.0250000003725,0
2018-05-27 19:10:14.787,140.24,0.172578906233,0.10000000149,0
2018-05-27 19:10:14.880,141.39,0.15027549158,0.0250000003725,0
2018-05-27 19:10:15.042,140.89,0.120230607936,0.0,0
2018-05-27 19:10:15.414,140.05,0.111108727434,0.0750000029802,0
2018-05-27 19:10:15.685,139.18,0.111108727434,0.0750000029802,0
2018-05-27 19:10:15.778,139.34,0.102425653382,0.0500000007451,0
2018-05-27 19:10:15.870,139.47,0.0789554147076,0.0250000003725,0
2018-05-27 19:10:16.032,139.17,0.0789554147076,0.0750000029802,0
2018-05-27 19:10:16.126,139.33,0.0592220582442,0.0,0
2018-05-27 19:10:16.219,139.31,0.0719715721254,0.0750000029802,0
2018-05-27 19:10:16.312,139.47,0.0592220586895,0.0500000007451,0
2018-05-27 19:10:16.405,139.34,0.0789554147076,0.10000000149,0
2018-05-27 19:10:16.499,140.27,0.11110872677,0.10000000149,0
2018-05-27 19:10:16.582,139.28,0.0941762048358,0.0250000003725,0
2018-05-27 19:10:16.675,139.24,0.0941762048358,0.0750000029802,0
2018-05-27 19:10:16.861,139.54,0.102425653382,0.0750000029802,0
2018-05-27 19:10:17.023,139.38,0.0941762054344,0.0,0
2018-05-27 19:10:17.116,139.1,0.0863547978006,0.0500000007451,0
2018-05-27 19:10:17.209,138.71,0.0863547978006,0.0,0
2018-05-27 19:10:17.303,138.1,0.0863547978006,0.0750000029802,0
2018-05-27 19:10:17.397,137.69,0.0863547978006,0.0500000007451,0
2018-05-27 19:10:17.479,137.44,0.0653962900662,0.0250000003725,0
2018-05-27 19:10:17.573,136.8,0.0480438430367,0.0250000003725,0
2018-05-27 19:10:17.666,136.19,0.0480438430367,0.0250000003725,0
2018-05-27 19:10:17.759,136.36,0.0340624526355,0.0,0
2018-05-27 19:10:17.842,135.23,0.0383649650544,0.0,0
2018-05-27 19:10:18.004,133.98,0.034062450236,0.0250000003725,0
2018-05-27 19:10:18.097,132.38,0.0340624523279,0.10000000149,0
2018-05-27 19:10:18.191,132.57,0.0534407994541,0.10000000149,0
2018-05-27 19:10:18.284,131.93,0.0383649669894,0.0,0
2018-05-27 19:10:18.367,131.94,0.0430218842718,0.0750000029802,0
2018-05-27 19:10:18.461,130.85,0.0430218842718,0.0250000003725,0
2018-05-27 19:10:18.554,129.94,0.0653962886416,0.125,0
2018-05-27 19:10:18.647,129.73,0.0592220569084,0.0,0
2018-05-27 19:10:18.735,129.83,0.0863547960998,0.10000000149,0
2018-05-27 19:10:18.824,128.76,0.129796102574,0.125,0
2018-05-27 19:10:19.070,128.18,0.172578899311,0.125,0
2018-05-27 19:10:19.153,127.27,0.150275486003,0.0500000007451,0
2018-05-27 19:10:19.246,127.62,0.161197365509,0.125,0
2018-05-27 19:10:19.340,127.31,0.196733995182,0.0750000029802,0
2018-05-27 19:10:19.433,127.13,0.196733995182,0.0750000029802,0
2018-05-27 19:10:19.526,126.87,0.222764707415,0.0750000029802,0
2018-05-27 19:10:19.619,127.62,0.2156939607,0.125,0
2018-05-27 19:10:19.703,125.86,0.242465145089,0.0500000007451,0
2018-05-27 19:10:19.796,126.97,0.228852759161,0.0750000029802,0
2018-05-27 19:10:19.890,127.51,0.20298649629,0.0750000029802,0
2018-05-27 19:10:20.041,126.6,0.178915706901,0.0750000029802,0
2018-05-27 19:10:20.135,127.24,0.190727943261,0.0750000029802,0
2018-05-27 19:10:20.228,127.76,0.178915708628,0.10000000149,0
2018-05-27 19:10:20.321,127.84,0.190727943261,0.10000000149,0
2018-05-27 19:10:20.414,126.39,0.178915706901,0.0500000007451,0
2018-05-27 19:10:20.507,126.73,0.167547012889,0.0500000007451,0
2018-05-27 19:10:20.600,127.76,0.156618882628,0.10000000149,0
2018-05-27 19:10:20.693,127.19,0.16754701455,0.0750000029802,0
2018-05-27 19:10:20.778,126.5,0.16754701455,0.0750000029802,0
2018-05-27 19:10:21.023,127.17,0.16754701455,0.0750000029802,0
2018-05-27 19:10:21.116,126.46,0.16754701455,0.0750000029802,0
2018-05-27 19:10:21.209,128.03,0.146128114652,0.0250000003725,0
2018-05-27 19:10:21.302,127.96,0.117244331552,0.0250000003725,0
2018-05-27 19:10:21.395,127.29,0.0846153132399,0.0,0
2018-05-27 19:10:21.488,126.55,0.0707309182627,0.0,0
2018-05-27 19:10:21.582,128.22,0.0584008319324,0.0,0
2018-05-27 19:10:21.675,128.13,0.0426888579752,0.0250000003725,0
2018-05-27 19:10:21.759,127.38,0.0301030011564,0.0,0
2018-05-27 19:10:21.852,128.66,0.0426888541918,0.0,0
2018-05-27 19:10:22.014,129.16,0.0528005820324,0.0250000003725,0
2018-05-27 19:10:22.107,127.92,0.0643750678453,0.0250000003725,0
2018-05-27 19:10:22.201,127.76,0.0643750678453,0.0250000003725,0
2018-05-27 19:10:22.284,128.76,0.0643750678453,0.0250000003725,0
2018-05-27 19:10:22.377,128.33,0.0643750678453,0.0,0
2018-05-27 19:10:22.470,128.62,0.0643750678453,0.0,0
2018-05-27 19:10:22.563,129.35,0.0584008281389,0.0250000003725,0
2018-05-27 19:10:22.656,129.34,0.0584008281389,0.0250000003725,0
2018-05-27 19:10:22.749,129.12,0.0584008281389,0.0,0
2018-05-27 19:10:22.833,129.48,0.0584008281389,0.0,0
2018-05-27 19:10:22.917,130.32,0.0528005824359,0.0500000007451,0
2018-05-27 19:10:23.069,129.15,0.0584008281389,0.0,0
2018-05-27 19:10:23.163,130.51,0.0528005824359,0.0500000007451,0
2018-05-27 19:10:23.339,129.72,0.0584008281389,0.0,0
2018-05-27 19:10:23.433,129.89,0.0584008281389,0.0,0
2018-05-27 19:10:23.526,130.86,0.0475661701046,0.0500000007451,0
2018-05-27 19:10:23.619,130.96,0.0426888548924,0.0500000007451,0
2018-05-27 19:10:23.703,130.41,0.0475661701046,0.0,0
2018-05-27 19:10:23.796,130.36,0.0381593000224,0.0500000007451,0
2018-05-27 19:10:23.889,131.29,0.0381593000224,0.0,0
2018-05-27 19:10:24.051,131.23,0.0381593000224,0.0500000007451,0
2018-05-27 19:10:24.228,130.42,0.0301030003283,0.0500000007451,0
2018-05-27 19:10:24.321,131.82,0.0381593000224,0.0,0
2018-05-27 19:10:24.507,132.21,0.0381593000224,0.0,0
2018-05-27 19:10:24.600,131.66,0.0381593000224,0.0,0
2018-05-27 19:10:24.693,131.15,0.0475661701046,0.0,0
2018-05-27 19:10:24.777,132.28,0.0584008281389,0.0,0
2018-05-27 19:10:24.871,132.22,0.0584008281389,0.0,0
2018-05-27 19:10:25.023,131.42,0.0707309139688,0.0,0
2018-05-27 19:10:25.116,131.37,0.0707309139688,0.0,0
2018-05-27 19:10:25.209,132.39,0.0846153084277,0.0,0
2018-05-27 19:10:25.302,131.84,0.10010506003,0.0,0
2018-05-27 19:10:25.395,132.58,0.10010506003,0.0,0
2018-05-27 19:10:25.488,132.0,0.10010506003,0.0,0
2018-05-27 19:10:25.675,131.6,0.10010506003,0.0,0
2018-05-27 19:10:25.768,132.54,0.10010506003,0.0,0
2018-05-27 19:10:25.852,131.52,0.10010506003,0.0,0
2018-05-27 19:10:26.013,131.52,0.10010506003,0.0,0
2018-05-27 19:10:26.107,131.84,0.10010506003,0.0,0
2018-05-27 19:10:26.200,131.54,0.10010506003,0.0,0
2018-05-27 19:10:26.293,132.38,0.10010506003,0.0,0
2018-05-27 19:10:26.386,132.33,0.10010506003,0.0,0
2018-05-27 19:10:26.479,132.18,0.10010506003,0.0,0
2018-05-27 19:10:26.572,131.93,0.10010506003,0.0,0
2018-05-27 19:10:26.665,131.64,0.10010506003,0.0,0
2018-05-27 19:10:26.750,132.37,0.10010506003,0.0,0
2018-05-27 19:10:26.842,132.3,0.10010506003,0.0,0
2018-05-27 19:10:27.004,132.18,0.10010506003,0.0,0
2018-05-27 19:10:27.097,131.85,0.10010506003,0.0,0
2018-05-27 19:10:27.191,131.9,0.10010506003,0.0,0
2018-05-27 19:10:27.284,132.1,0.10010506003,0.0,0
2018-05-27 19:10:27.377,132.62,0.10010506003,0.0,0
2018-05-27 19:10:27.470,133.21,0.10010506003,0.0,0
2018-05-27 19:10:27.563,132.92,0.10010506003,0.0,0
2018-05-27 19:10:27.656,132.89,0.10010506003,0.0,0
2018-05-27 19:10:27.749,133.15,0.10010506003,0.0,0
2018-05-27 19:10:27.833,132.82,0.10010506003,0.0,0
2018-05-27 19:10:27.926,133.65,0.10010506003,0.0,0
2018-05-27 19:10:28.088,134.1,0.10010506003,0.0,0
2018-05-27 19:10:28.181,134.09,0.10010506003,0.0,0
2018-05-27 19:10:28.554,134.16,0.10010506003,0.0,0
2018-05-27 19:10:28.740,134.15,0.10010506003,0.0,0
2018-05-27 19:10:28.824,134.99,0.10010506003,0.0,0
2018-05-27 19:10:28.908,134.33,0.10010506003,0.0,0
2018-05-27 19:10:29.070,134.39,0.10010506003,0.0,0
2018-05-27 19:10:29.162,135.41,0.10010506003,0.0,0
2018-05-27 19:10:29.256,135.23,0.10010506003,0.0,0
2018-05-27 19:10:29.349,134.92,0.10010506003,0.0,0
2018-05-27 19:10:29.442,135.72,0.10010506003,0.0,0
2018-05-27 19:10:29.535,136.04,0.10010506003,0.0,0
2018-05-27 19:10:29.712,135.58,0.10010506003,0.0,0
2018-05-27 19:10:29.889,135.94,0.10010506003,0.0,0
2018-05-27 19:10:30.051,136.51,0.10010506003,0.0,0
2018-05-27 19:10:30.144,136.86,0.10010506003,0.0,0
2018-05-27 19:10:30.237,136.76,0.10010506003,0.0,0
2018-05-27 19:10:30.330,136.67,0.10010506003,0.0,0
2018-05-27 19:10:30.507,136.04,0.10010506003,0.0,0
2018-05-27 19:10:30.600,136.41,0.0989765925075,0.0,0
2018-05-27 19:10:30.693,136.24,0.0989765925075,0.0,0
2018-05-27 19:10:30.870,137.25,0.0989765925075,0.0,0
2018-05-27 19:10:31.032,137.58,0.0989765925075,0.0,0
2018-05-27 19:10:31.125,137.25,0.0989765925075,0.0,0
2018-05-27 19:10:31.218,136.94,0.0989765925075,0.0,0
2018-05-27 19:10:31.312,137.35,0.0989765925075,0.0,0
2018-05-27 19:10:31.488,136.48,0.0989765925075,0.0,0
2018-05-27 19:10:31.582,136.74,0.0989765925075,0.0,0
2018-05-27 19:10:31.675,136.83,0.0989765925075,0.0,0
2018-05-27 19:10:31.768,136.58,0.0989765925075,0.0,0
2018-05-27 19:10:31.861,136.46,0.0989765925075,0.0,0
2018-05-27 19:10:32.023,136.23,0.0989765925075,0.0,0
2018-05-27 19:10:32.116,136.23,0.0989765925075,0.0,0
2018-05-27 19:10:32.209,137.12,0.0989765925075,0.0,0
2018-05-27 19:10:32.302,136.7,0.0989765925075,0.0,0
2018-05-27 19:10:32.386,136.52,0.0989765925075,0.0,0
2018-05-27 19:10:32.479,134.89,0.0989765925075,0.0,0
2018-05-27 19:10:32.572,134.64,0.0989765925075,0.0,0
2018-05-27 19:10:32.665,134.65,0.0989765925075,0.0,0
2018-05-27 19:10:32.749,134.5,0.0989765925075,0.0,0
2018-05-27 19:10:33.004,133.3,0.0989765925075,0.0,0
2018-05-27 19:10:33.097,133.26,0.0989765925075,0.0,0
2018-05-27 19:10:33.191,132.24,0.0989765925075,0.0,0
2018-05-27 19:10:33.274,131.97,0.0989765925075,0.0,0
2018-05-27 19:10:33.367,132.2,0.0989765925075,0.0,0
2018-05-27 19:10:33.460,131.68,0.0989765925075,0.0,0
2018-05-27 19:10:33.647,130.57,0.0989765925075,0.0,0
2018-05-27 19:10:33.740,130.12,0.0989765925075,0.0,0
2018-05-27 19:10:33.824,129.71,0.0989765925075,0.0,0
2018-05-27 19:10:33.909,129.03,0.0989765925075,0.0,0
2018-05-27 19:10:34.069,129.62,0.0989765925075,0.0,0
2018-05-27 19:10:34.162,129.1,0.0989765925075,0.0,0
2018-05-27 19:10:34.256,128.46,0.0989765925075,0.0,0
2018-05-27 19:10:34.349,128.72,0.0989765925075,0.0,0
2018-05-27 19:10:34.442,128.12,0.0989765925075,0.0,0
2018-05-27 19:10:34.628,129.26,0.0989765925075,0.0,0
2018-05-27 19:10:34.721,127.64,0.0989765925075,0.0,0
2018-05-27 19:10:34.805,129.38,0.0989765925075,0.0,0
2018-05-27 19:10:35.051,129.12,0.0989765925075,0.0,0
2018-05-27 19:10:35.144,129.18,0.0989765925075,0.0,0
2018-05-27 19:10:35.237,130.23,0.0989765925075,0.0,0
2018-05-27 19:10:35.330,130.06,0.0989765925075,0.0,0
2018-05-27 19:10:35.423,129.05,0.0989765925075,0.0,0
2018-05-27 19:10:35.516,130.09,0.0989765925075,0.0,0
2018-05-27 19:10:35.695,131.09,0.0989765925075,0.0,0
2018-05-27 19:10:35.880,131.67,0.0989765925075,0.0,0
2018-05-27 19:10:36.134,132.27,0.0989765925075,0.0,0
2018-05-27 19:10:36.228,133.15,0.0989765925075,0.0,0
2018-05-27 19:10:36.321,133.01,0.0989765925075,0.0,0
2018-05-27 19:10:36.415,132.95,0.0989765925075,0.0,0
2018-05-27 19:10:36.498,132.6,0.0989765925075,0.0,0
2018-05-27 19:10:36.591,132.49,0.0989765925075,0.0,0
2018-05-27 19:10:36.684,133.5,0.0989765925075,0.0,0
2018-05-27 19:10:36.768,132.41,0.0989765925075,0.0,0
2018-05-27 19:10:36.861,132.11,0.0989765925075,0.0,0
2018-05-27 19:10:37.116,132.07,0.0989765925075,0.0,0
2018-05-27 19:10:37.210,132.87,0.0989765925075,0.0,0
2018-05-27 19:10:37.293,132.44,0.0989765925075,0.0,0
2018-05-27 19:10:37.479,132.01,0.0989765925075,0.0,0
2018-05-27 19:10:37.665,132.69,0.0989765925075,0.0,0
2018-05-27 19:10:37.842,130.85,0.0989765925075,0.0,0
2018-05-27 19:10:38.098,130.21,0.0989765925075,0.0,0
2018-05-27 19:10:38.367,129.01,0.0989765925075,0.0,0
2018-05-27 19:10:38.460,129.31,0.0989765925075,0.0,0
2018-05-27 19:10:38.554,129.03,0.0989765925075,0.0,0
2018-05-27 19:10:38.815,128.05,0.0989765925075,0.0,0
2018-05-27 19:10:39.069,127.71,0.0989765925075,0.0,0
2018-05-27 19:10:39.162,129.11,0.0989765925075,0.0,0
2018-05-27 19:10:39.256,128.84,0.0989765925075,0.0,0
2018-05-27 19:10:39.349,127.6,0.0989765925075,0.0,0
2018-05-27 19:10:39.442,127.38,0.0989765925075,0.0,0
2018-05-27 19:10:39.535,128.75,0.0989765925075,0.0,0
2018-05-27 19:10:39.628,128.64,0.0989765925075,0.0,0
2018-05-27 19:10:39.721,127.54,0.0989765925075,0.0,0
2018-05-27 19:10:39.889,127.6,0.0989765925075,0.0,0
2018-05-27 19:10:40.144,129.03,0.0989765925075,0.0,0
2018-05-27 19:10:40.237,129.11,0.0989765925075,0.0,0
2018-05-27 19:10:40.330,128.54,0.0989765925075,0.0,0
2018-05-27 19:10:40.423,128.58,0.0989765925075,0.0,0
2018-05-27 19:10:40.609,130.01,0.0989765925075,0.0,0
2018-05-27 19:10:40.693,128.94,0.0989765925075,0.0,0
2018-05-27 19:10:40.786,129.36,0.0989765925075,0.0,0
2018-05-27 19:10:40.880,130.51,0.0989765925075,0.0,0
2018-05-27 19:10:41.134,131.11,0.0989765925075,0.0,0
2018-05-27 19:10:41.228,129.52,0.0989765925075,0.0,0
2018-05-27 19:10:41.321,130.28,0.0989765925075,0.0,0
2018-05-27 19:10:41.414,130.32,0.0989765925075,0.0,0
2018-05-27 19:10:41.507,131.78,0.0989765925075,0.0,0
2018-05-27 19:10:41.601,131.67,0.0989765925075,0.0,0
2018-05-27 19:10:41.684,131.17,0.0989765925075,0.0,0
2018-05-27 19:10:41.777,130.83,0.0989765925075,0.0,0
2018-05-27 19:10:41.870,132.17,0.0989765925075,0.0,0
2018-05-27 19:10:42.032,132.69,0.0989765925075,0.0,0
2018-05-27 19:10:42.125,132.71,0.0989765925075,0.0,0
2018-05-27 19:10:42.311,132.05,0.0989765925075,0.0,0
2018-05-27 19:10:42.405,132.49,0.0989765925075,0.0,0
2018-05-27 19:10:42.498,132.42,0.0989765925075,0.0,0
2018-05-27 19:10:42.582,133.68,0.0989765925075,0.0,0
2018-05-27 19:10:42.675,133.98,0.0989765925075,0.0,0
2018-05-27 19:10:42.768,132.28,0.0989765925075,0.0,0
2018-05-27 19:10:42.861,133.34,0.0989765925075,0.0,0
2018-05-27 19:10:43.023,133.9,0.0989765925075,0.0,0
2018-05-27 19:10:43.116,133.23,0.0989765925075,0.0,0
2018-05-27 19:10:43.200,134.73,0.0989765925075,0.0,0
2018-05-27 19:10:43.293,134.5,0.0989765925075,0.0,0
2018-05-27 19:10:43.386,134.3,0.0989765925075,0.0,0
2018-05-27 19:10:43.479,133.39,0.0989765925075,0.0,0
2018-05-27 19:10:43.572,134.39,0.0989765925075,0.0,0
2018-05-27 19:10:43.665,135.0,0.0989765925075,0.0,0
2018-05-27 19:10:43.758,134.9,0.0989765925075,0.0,0
2018-05-27 19:10:43.842,136.37,0.0989765925075,0.0,0
2018-05-27 19:10:44.004,135.57,0.0989765925075,0.0,0
2018-05-27 19:10:44.098,136.24,0.0989765925075,0.0,0
2018-05-27 19:10:44.181,135.49,0.0989765925075,0.0,0
2018-05-27 19:10:44.274,135.66,0.0989765925075,0.0,0
2018-05-27 19:10:44.460,135.54,0.0989765925075,0.0,0
2018-05-27 19:10:44.642,137.0,0.0989765925075,0.0,0
2018-05-27 19:10:44.749,136.57,0.0989765925075,0.0,0
2018-05-27 19:10:45.004,136.67,0.0989765925075,0.0,0
2018-05-27 19:10:45.097,137.47,0.0989765925075,0.0,0
2018-05-27 19:10:45.181,138.53,0.0911740111202,0.0250000003725,0
2018-05-27 19:10:45.367,138.25,0.0837685323332,0.0250000003725,0
2018-05-27 19:10:45.451,136.69,0.0767545898919,0.0250000003725,0
2018-05-27 19:10:45.535,137.8,0.0701262035505,0.0250000003725,0
2018-05-27 19:10:45.721,138.0,0.0701262035505,0.0,0
2018-05-27 19:10:45.805,139.6,0.0701262035505,0.0,0
2018-05-27 19:10:45.889,138.82,0.063876951249,0.0250000003725,0
2018-05-27 19:10:46.051,139.07,0.0579999409786,0.0250000003725,0
2018-05-27 19:10:46.144,139.43,0.0579999409786,0.0,0
2018-05-27 19:10:46.237,139.87,0.0579999409786,0.0,0
2018-05-27 19:10:46.330,140.6,0.052487782803,0.0500000007451,0
2018-05-27 19:10:46.516,140.25,0.0579999409786,0.0,0
2018-05-27 19:10:46.694,140.11,0.063876951249,0.0,0
2018-05-27 19:10:46.786,139.8,0.0701262035505,0.0,0
2018-05-27 19:10:46.879,140.96,0.063876951249,0.0250000003725,0
2018-05-27 19:10:47.041,141.31,0.0579999409786,0.0250000003725,0
2018-05-27 19:10:47.228,141.75,0.0579999409786,0.0250000003725,0
2018-05-27 19:10:47.414,140.67,0.0579999409786,0.0250000003725,0
2018-05-27 19:10:47.600,140.26,0.0579999409786,0.0,0
2018-05-27 19:10:47.777,138.26,0.0579999409786,0.0,0
2018-05-27 19:10:47.870,138.29,0.0701262035505,0.0,0
2018-05-27 19:10:48.032,137.82,0.0701262035505,0.0,0
2018-05-27 19:10:48.125,136.57,0.0701262035505,0.0,0
2018-05-27 19:10:48.218,136.51,0.0701262035505,0.0,0
2018-05-27 19:10:48.311,136.99,0.0767545898919,0.0,0
2018-05-27 19:10:48.404,137.23,0.0837685323332,0.0,0
2018-05-27 19:10:48.498,137.28,0.0911740111202,0.0,0
2018-05-27 19:10:48.591,137.62,0.0989765925075,0.0,0
2018-05-27 19:10:48.675,138.19,0.0989765925075,0.0,0
2018-05-27 19:10:48.768,137.87,0.0989765925075,0.0,0
2018-05-27 19:10:48.861,138.29,0.0989765925075,0.0,0
2018-05-27 19:10:49.023,138.13,0.0989765925075,0.0,0
2018-05-27 19:10:49.116,138.13,0.0989765925075,0.0,0
2018-05-27 19:10:49.209,138.21,0.0989765925075,0.0,0
2018-05-27 19:10:49.302,138.66,0.0989765925075,0.0,0
2018-05-27 19:10:49.488,138.32,0.0989765925075,0.0,0
2018-05-27 19:10:49.675,138.46,0.0989765925075,0.0,0
2018-05-27 19:10:49.852,137.72,0.0989765925075,0.0,0
2018-05-27 19:10:50.013,138.01,0.0989765925075,0.0,0
2018-05-27 19:10:50.107,138.06,0.0989765925075,0.0,0
2018-05-27 19:10:50.386,138.64,0.0989765925075,0.0,0
2018-05-27 19:10:50.479,138.26,0.0989765925075,0.0,0
2018-05-27 19:10:50.563,139.18,0.0989765925075,0.0,0
2018-05-27 19:10:50.656,139.86,0.0989765925075,0.0,0
2018-05-27 19:10:50.749,139.53,0.0989765925075,0.0,0
2018-05-27 19:10:50.842,139.84,0.0989765925075,0.0,0
2018-05-27 19:10:51.004,140.18,0.0989765925075,0.0,0
2018-05-27 19:10:51.098,140.13,0.0989765925075,0.0,0
2018-05-27 19:10:51.181,140.88,0.0989765925075,0.0,0
2018-05-27 19:10:51.349,138.9,0.0989765925075,0.0,0
2018-05-27 19:10:51.442,139.89,0.0989765925075,0.0,0
2018-05-27 19:10:51.535,139.96,0.0989765925075,0.0,0
2018-05-27 19:10:51.721,139.76,0.0989765925075,0.0,0
2018-05-27 19:10:51.805,139.41,0.0989765925075,0.0,0
2018-05-27 19:10:52.051,139.58,0.0989765925075,0.0,0
2018-05-27 19:10:52.144,139.88,0.0989765925075,0.0,0
2018-05-27 19:10:52.237,139.69,0.0989765925075,0.0,0
2018-05-27 19:10:52.423,138.15,0.0989765925075,0.0,0
2018-05-27 19:10:52.516,137.44,0.0989765925075,0.0,0
2018-05-27 19:10:52.693,134.62,0.0989765925075,0.0,0
2018-05-27 19:10:52.787,132.8,0.0989765925075,0.0,0
2018-05-27 19:10:52.879,133.16,0.0989765925075,0.0,0
2018-05-27 19:10:53.134,131.01,0.0989765925075,0.0,0
2018-05-27 19:10:53.507,127.19,0.0989765925075,0.0,0
2018-05-27 19:10:53.684,124.88,0.0989765925075,0.0,0
2018-05-27 19:10:53.778,123.57,0.0989765925075,0.0,0
2018-05-27 19:10:53.861,123.23,0.0989765925075,0.0,0
2018-05-27 19:10:54.023,121.46,0.0989765925075,0.0,0
2018-05-27 19:10:54.116,121.41,0.0989765925075,0.0,0
2018-05-27 19:10:54.209,119.7,0.0989765925075,0.0,0
2018-05-27 19:10:54.302,119.43,0.0989765925075,0.0,0
2018-05-27 19:10:54.395,118.16,0.0989765925075,0.0,0
2018-05-27 19:10:54.488,116.7,0.0989765925075,0.0,0
2018-05-27 19:10:54.581,116.46,0.0989765925075,0.0,0
2018-05-27 19:10:54.675,114.56,0.0989765925075,0.0,0
2018-05-27 19:10:54.758,113.64,0.0989765925075,0.0,0
2018-05-27 19:10:54.851,113.35,0.0989765925075,0.0,0
2018-05-27 19:10:55.013,112.37,0.0989765925075,0.0,0
2018-05-27 19:10:55.107,111.99,0.0989765925075,0.0,0
2018-05-27 19:10:55.200,111.14,0.0989662443847,0.0,0
2018-05-27 19:10:55.293,109.4,0.083760764591,0.0500000007451,0
2018-05-27 19:10:55.386,109.15,0.0701206539974,0.0500000007451,0
2018-05-27 19:10:55.572,107.44,0.0579962600733,0.0500000007451,0
2018-05-27 19:10:55.665,108.03,0.0473304153371,0.0500000007451,0
2018-05-27 19:10:55.749,107.97,0.0380575652541,0.0500000007451,0
2018-05-27 19:10:55.842,107.44,0.0339205407674,0.0250000003725,0
2018-05-27 19:10:56.097,108.51,0.0301030003206,0.0250000003725,0
2018-05-27 19:10:56.190,107.76,0.0339205421892,0.0250000003725,0
2018-05-27 19:10:56.283,107.42,0.0380575667919,0.0250000003725,0
2018-05-27 19:10:56.376,109.59,0.0425243146317,0.0250000003725,0
2018-05-27 19:10:56.470,109.22,0.0380575667919,0.0250000003725,0
2018-05-27 19:10:56.563,109.18,0.0339205421892,0.0250000003725,0
2018-05-27 19:10:56.656,110.27,0.0380575671123,0.0750000029802,0
2018-05-27 19:10:56.740,109.97,0.0425243153223,0.0750000029802,0
2018-05-27 19:10:56.921,111.62,0.0524849125652,0.10000000149,0
2018-05-27 19:10:57.078,112.0,0.0638723823383,0.0750000029802,0
2018-05-27 19:10:57.162,112.06,0.0767479802597,0.0750000029802,0
2018-05-27 19:10:57.255,113.11,0.0911650047044,0.0750000029802,0
2018-05-27 19:10:57.349,112.82,0.10716968525,0.0750000029802,0
2018-05-27 19:10:57.432,113.29,0.134239645486,0.10000000149,0
2018-05-27 19:10:57.526,114.49,0.16508386732,0.10000000149,0
2018-05-27 19:10:57.619,114.43,0.199793721705,0.10000000149,0
2018-05-27 19:10:57.702,114.33,0.165083866507,0.0,0
2018-05-27 19:10:57.796,115.72,0.165083866507,0.0750000029802,0
2018-05-27 19:10:58.041,116.1,0.154377061436,0.0750000029802,0
2018-05-27 19:10:58.134,116.34,0.154377061436,0.0750000029802,0
2018-05-27 19:10:58.228,117.13,0.144096775279,0.0500000007451,0
2018-05-27 19:10:58.414,118.47,0.134239644049,0.0500000007451,0
2018-05-27 19:10:58.507,118.44,0.124802054036,0.0500000007451,0
2018-05-27 19:10:58.600,119.81,0.107169683371,0.0500000007451,0
2018-05-27 19:10:58.684,119.44,0.0911650035716,0.0500000007451,0
2018-05-27 19:10:58.777,120.59,0.0911650035716,0.10000000149,0
2018-05-27 19:10:58.870,120.18,0.124802054036,0.10000000149,0
2018-05-27 19:10:59.032,121.75,0.134239642611,0.10000000149,0
2018-05-27 19:10:59.125,121.82,0.144096772279,0.10000000149,0
2018-05-27 19:10:59.218,121.88,0.134239641174,0.0500000007451,0
2018-05-27 19:10:59.311,123.11,0.134239641174,0.0500000007451,0
2018-05-27 19:10:59.404,123.23,0.124802051973,0.0250000003725,0
2018-05-27 19:10:59.498,123.28,0.124802051973,0.0500000007451,0
2018-05-27 19:10:59.591,124.62,0.124802051973,0.0500000007451,0
2018-05-27 19:10:59.674,124.19,0.124802051973,0.0500000007451,0
2018-05-27 19:10:59.768,125.63,0.107169681492,0.0500000007451,0
2018-05-27 19:11:00.023,125.29,0.0911650018725,0.0500000007451,0
2018-05-27 19:11:00.116,125.98,0.0767479782275,0.0500000007451,0
2018-05-27 19:11:00.395,127.44,0.0524849117707,0.0,0
2018-05-27 19:11:00.488,128.02,0.0425243146317,0.0,0
2018-05-27 19:11:00.581,129.29,0.0339205421892,0.0,0
2018-05-27 19:11:00.675,129.54,0.0301030003206,0.0,0
2018-05-27 19:11:00.758,129.53,0.0380575652541,0.0,0
2018-05-27 19:11:00.851,129.89,0.0473304153371,0.0,0
2018-05-27 19:11:01.013,131.11,0.0579962600733,0.0,0
2018-05-27 19:11:01.106,131.62,0.0701206539974,0.0,0
2018-05-27 19:11:01.199,131.41,0.083760764591,0.0,0
2018-05-27 19:11:01.293,131.43,0.0989662443847,0.0,0
2018-05-27 19:11:01.386,131.9,0.0989662443847,0.0,0
2018-05-27 19:11:01.572,133.72,0.0989662443847,0.0,0
2018-05-27 19:11:01.656,132.93,0.0989662443847,0.0,0
2018-05-27 19:11:01.749,133.14,0.0989662443847,0.0,0
2018-05-27 19:11:02.004,133.99,0.0989662443847,0.0,0
2018-05-27 19:11:02.097,134.19,0.0989662443847,0.0,0
2018-05-27 19:11:02.283,135.82,0.0989662443847,0.0,0
2018-05-27 19:11:02.470,135.82,0.0989662443847,0.0,0
2018-05-27 19:11:02.563,136.0,0.0989662443847,0.0,0
2018-05-27 19:11:02.657,135.72,0.0989662443847,0.0,0
2018-05-27 19:11:02.740,135.55,0.0989662443847,0.0,0
2018-05-27 19:11:02.833,135.37,0.0989662443847,0.0,0
2018-05-27 19:11:02.921,136.67,0.0989662443847,0.0,0
2018-05-27 19:11:03.079,136.16,0.0989662443847,0.0,0
2018-05-27 19:11:03.162,135.12,0.0989662443847,0.0,0
2018-05-27 19:11:03.256,135.53,0.0989662443847,0.0,0
2018-05-27 19:11:03.349,135.38,0.0989662443847,0.0,0
2018-05-27 19:11:03.442,135.21,0.0989662443847,0.0,0
2018-05-27 19:11:03.619,135.63,0.0989662443847,0.0,0
2018-05-27 19:11:03.703,134.82,0.0989662443847,0.0,0
2018-05-27 19:11:03.796,134.85,0.0989662443847,0.0,0
2018-05-27 19:11:03.889,135.05,0.0989662443847,0.0,0
2018-05-27 19:11:04.050,134.77,0.0989662443847,0.0,0
2018-05-27 19:11:04.238,135.21,0.0989662443847,0.0,0
2018-05-27 19:11:04.330,135.41,0.0989662443847,0.0,0
2018-05-27 19:11:04.609,135.12,0.0989662443847,0.0,0
2018-05-27 19:11:04.702,134.24,0.0989662443847,0.0,0
2018-05-27 19:11:04.786,133.71,0.0989662443847,0.0,0
2018-05-27 19:11:04.879,134.53,0.0989662443847,0.0,0
2018-05-27 19:11:05.033,134.67,0.0989662443847,0.0,0
2018-05-27 19:11:05.128,133.82,0.0989662443847,0.0,0
2018-05-27 19:11:05.218,132.91,0.0989662443847,0.0,0
2018-05-27 19:11:05.311,132.54,0.0989662443847,0.0,0
2018-05-27 19:11:05.404,131.5,0.0989662443847,0.0,0
2018-05-27 19:11:05.498,131.77,0.0989662443847,0.0,0
2018-05-27 19:11:05.591,131.35,0.0989662443847,0.0,0
2018-05-27 19:11:05.851,130.14,0.0989662443847,0.0,0
2018-05-27 19:11:06.293,128.06,0.0989662443847,0.0,0
2018-05-27 19:11:06.386,126.97,0.0989662443847,0.0,0
2018-05-27 19:11:06.479,126.56,0.0989662443847,0.0,0
2018-05-27 19:11:06.749,126.75,0.0989662443847,0.0,0
2018-05-27 19:11:07.004,127.09,0.0989662443847,0.0,0
2018-05-27 19:11:07.097,125.49,0.0989662443847,0.0,0
2018-05-27 19:11:07.190,126.41,0.0989662443847,0.0,0
2018-05-27 19:11:07.283,127.11,0.0989662443847,0.0,0
2018-05-27 19:11:07.376,126.44,0.0977326406605,0.0,0
2018-05-27 19:11:07.470,126.05,0.0977326406605,0.0,0
2018-05-27 19:11:07.656,127.38,0.0977326406605,0.0,0
2018-05-27 19:11:08.162,128.06,0.0977326406605,0.0,0
2018-05-27 19:11:08.255,127.3,0.0977326406605,0.0,0
2018-05-27 19:11:08.349,127.95,0.0977326406605,0.0,0
2018-05-27 19:11:08.442,128.86,0.0977326406605,0.0,0
2018-05-27 19:11:08.619,128.42,0.0977326406605,0.0,0
2018-05-27 19:11:08.712,128.5,0.0977326406605,0.0,0
2018-05-27 19:11:08.796,128.8,0.0977326406605,0.0,0
2018-05-27 19:11:08.889,129.29,0.0977326406605,0.0,0
2018-05-27 19:11:09.051,129.16,0.0977326406605,0.0,0
2018-05-27 19:11:09.144,130.38,0.0977326406605,0.0,0
2018-05-27 19:11:09.237,129.97,0.0977326406605,0.0,0
2018-05-27 19:11:09.424,130.09,0.0977326406605,0.0,0
2018-05-27 19:11:09.507,131.28,0.0977326406605,0.0,0
2018-05-27 19:11:09.600,131.26,0.0977326406605,0.0,0
2018-05-27 19:11:09.684,130.82,0.0977326406605,0.0,0
2018-05-27 19:11:09.777,130.93,0.0977326406605,0.0,0
2018-05-27 19:11:09.870,131.99,0.0977326406605,0.0,0
2018-05-27 19:11:10.125,132.73,0.0977326406605,0.0,0
2018-05-27 19:11:10.218,132.04,0.0977326406605,0.0,0
2018-05-27 19:11:10.395,132.72,0.0977326406605,0.0,0
2018-05-27 19:11:10.675,131.71,0.0977326406605,0.0,0
2018-05-27 19:11:10.768,131.88,0.0977326406605,0.0,0
2018-05-27 19:11:11.023,130.91,0.0977326406605,0.0,0
2018-05-27 19:11:11.116,131.17,0.0977326406605,0.0,0
2018-05-27 19:11:11.209,130.63,0.0977326406605,0.0,0
2018-05-27 19:11:11.303,129.73,0.0977326406605,0.0,0
2018-05-27 19:11:11.572,127.77,0.0977326406605,0.0,0
2018-05-27 19:11:11.665,127.19,0.0977326406605,0.0,0
2018-05-27 19:11:11.758,126.15,0.0977326406605,0.0,0
2018-05-27 19:11:12.098,125.88,0.0977326406605,0.0,0
2018-05-27 19:11:12.274,123.76,0.0977326406605,0.0,0
2018-05-27 19:11:12.367,123.86,0.0977326406605,0.0,0
2018-05-27 19:11:12.460,121.94,0.0977326406605,0.0,0
2018-05-27 19:11:12.553,121.0,0.0977326406605,0.0,0
2018-05-27 19:11:12.730,119.74,0.0977326406605,0.0,0
2018-05-27 19:11:12.805,118.62,0.082834406226,0.0500000007451,0
2018-05-27 19:11:12.898,119.04,0.0759590204066,0.0250000003725,0
2018-05-27 19:11:13.246,115.95,0.0759590204066,0.0,0
2018-05-27 19:11:13.339,115.81,0.0759590204066,0.0,0
2018-05-27 19:11:13.526,115.01,0.0694585197466,0.0250000003725,0
2018-05-27 19:11:13.712,114.33,0.0575568319877,0.0500000007451,0
2018-05-27 19:11:13.889,113.06,0.0575568319877,0.0,0
2018-05-27 19:11:14.051,113.28,0.0575568319877,0.0,0
2018-05-27 19:11:14.144,112.24,0.0575568319877,0.0,0
2018-05-27 19:11:14.237,112.64,0.0575568319877,0.0,0
2018-05-27 19:11:14.330,111.17,0.0694585197466,0.0,0
2018-05-27 19:11:14.610,110.39,0.0759590204066,0.0,0
2018-05-27 19:11:14.703,110.87,0.0759590204066,0.0,0
2018-05-27 19:11:14.786,110.84,0.0759590204066,0.0,0
2018-05-27 19:11:15.041,110.31,0.082834406226,0.0,0
2018-05-27 19:11:15.135,109.61,0.0977326406605,0.0,0
2018-05-27 19:11:15.228,108.52,0.0977326406605,0.0,0
2018-05-27 19:11:15.414,108.43,0.0977326406605,0.0,0
2018-05-27 19:11:15.507,107.39,0.0977326406605,0.0,0
2018-05-27 19:11:15.600,107.62,0.0977326406605,0.0,0
2018-05-27 19:11:15.777,107.37,0.0977326406605,0.0,0
2018-05-27 19:11:16.032,106.59,0.0977326406605,0.0,0
2018-05-27 19:11:16.125,106.45,0.0977326406605,0.0,0
2018-05-27 19:11:16.218,105.47,0.0977326406605,0.0,0
2018-05-27 19:11:16.311,105.45,0.0977326406605,0.0,0
2018-05-27 19:11:16.498,104.53,0.0977326406605,0.0,0
2018-05-27 19:11:16.591,104.15,0.0977326406605,0.0,0
2018-05-27 19:11:16.684,104.07,0.0977326406605,0.0,0
2018-05-27 19:11:16.768,104.78,0.090090478103,0.0250000003725,0
2018-05-27 19:11:17.023,103.35,0.082834406226,0.0250000003725,0
2018-05-27 19:11:17.209,105.09,0.082834406226,0.0,0
2018-05-27 19:11:17.302,105.53,0.082834406226,0.0,0
2018-05-27 19:11:17.395,104.26,0.082834406226,0.0,0
2018-05-27 19:11:17.488,105.04,0.082834406226,0.0,0
2018-05-27 19:11:17.582,105.54,0.082834406226,0.0,0
2018-05-27 19:11:17.675,106.17,0.082834406226,0.0,0
2018-05-27 19:11:17.769,105.75,0.082834406226,0.0,0
2018-05-27 19:11:18.013,106.19,0.082834406226,0.0,0
2018-05-27 19:11:18.107,107.66,0.090090478103,0.0,0
2018-05-27 19:11:18.200,106.91,0.0977326406605,0.0,0
2018-05-27 19:11:18.293,106.16,0.0977326406605,0.0,0
2018-05-27 19:11:18.386,108.25,0.0977326406605,0.0,0
2018-05-27 19:11:18.479,107.58,0.0977326406605,0.0,0
2018-05-27 19:11:18.572,107.48,0.0977326406605,0.0,0
2018-05-27 19:11:18.665,109.72,0.0977326406605,0.0,0
2018-05-27 19:11:19.004,110.79,0.0977326406605,0.0,0
2018-05-27 19:11:19.097,110.18,0.0977326406605,0.0,0
2018-05-27 19:11:19.190,111.26,0.0977326406605,0.0,0
2018-05-27 19:11:19.470,113.11,0.0977326406605,0.0,0
2018-05-27 19:11:19.740,115.38,0.0977326406605,0.0,0
2018-05-27 19:11:19.833,114.71,0.0977326406605,0.0,0
2018-05-27 19:11:19.926,116.06,0.0977326406605,0.0,0
2018-05-27 19:11:20.088,115.39,0.0977326406605,0.0,0
2018-05-27 19:11:20.274,116.72,0.0977326406605,0.0,0
2018-05-27 19:11:20.367,117.73,0.0977326406605,0.0,0
2018-05-27 19:11:20.452,116.84,0.0977326406605,0.0,0
2018-05-27 19:11:20.535,117.1,0.0977326406605,0.0,0
2018-05-27 19:11:20.628,118.64,0.0977326406605,0.0,0
2018-05-27 19:11:20.712,118.35,0.0977326406605,0.0,0
2018-05-27 19:11:20.805,120.03,0.0977326406605,0.0,0
2018-05-27 19:11:20.898,118.76,0.0977326406605,0.0,0
2018-05-27 19:11:21.145,120.14,0.090090478103,0.0250000003725,0
2018-05-27 19:11:21.237,121.06,0.0828345539649,0.0250000003725,0
2018-05-27 19:11:21.330,120.88,0.07595914626,0.0250000003725,0
2018-05-27 19:11:21.423,121.4,0.0694586253955,0.0250000003725,0
2018-05-27 19:11:21.610,121.19,0.0633267680495,0.0250000003725,0
2018-05-27 19:11:21.703,121.87,0.0633267680495,0.0,0
2018-05-27 19:11:22.041,124.11,0.0575569021414,0.0250000003725,0
2018-05-27 19:11:22.228,124.61,0.0521418806652,0.0250000003725,0
2018-05-27 19:11:22.414,125.31,0.0470740562714,0.0250000003725,0
2018-05-27 19:11:22.600,126.69,0.0423452572868,0.0250000003725,0
2018-05-27 19:11:22.693,127.02,0.0470740562714,0.0,0
2018-05-27 19:11:22.787,125.7,0.0521418806652,0.0,0
2018-05-27 19:11:22.870,127.9,0.0575569021414,0.0,0
2018-05-27 19:11:23.032,128.05,0.0633267680495,0.0,0
2018-05-27 19:11:23.125,126.77,0.0694586253955,0.0,0
2018-05-27 19:11:23.218,128.33,0.0694586253955,0.0,0
2018-05-27 19:11:23.312,129.51,0.07595914626,0.0,0
2018-05-27 19:11:23.498,130.44,0.0828345539649,0.0,0
2018-05-27 19:11:23.591,129.49,0.0900906494363,0.0,0
2018-05-27 19:11:23.684,130.1,0.097732837323,0.0,0
2018-05-27 19:11:23.768,131.12,0.097732837323,0.0,0
2018-05-27 19:11:23.852,130.68,0.097732837323,0.0,0
2018-05-27 19:11:24.107,132.0,0.097732837323,0.0,0
2018-05-27 19:11:24.200,132.41,0.097732837323,0.0,0
2018-05-27 19:11:24.293,132.22,0.097732837323,0.0,0
2018-05-27 19:11:24.386,132.69,0.097732837323,0.0,0
2018-05-27 19:11:24.479,132.13,0.097732837323,0.0,0
2018-05-27 19:11:24.572,132.56,0.097732837323,0.0,0
2018-05-27 19:11:24.666,132.46,0.097732837323,0.0,0
2018-05-27 19:11:24.750,133.56,0.097732837323,0.0,0
2018-05-27 19:11:24.842,133.55,0.097732837323,0.0,0
2018-05-27 19:11:25.004,131.41,0.097732837323,0.0,0
2018-05-27 19:11:25.097,131.58,0.097732837323,0.0,0
2018-05-27 19:11:25.377,131.45,0.097732837323,0.0,0
2018-05-27 19:11:25.471,130.42,0.097732837323,0.0,0
2018-05-27 19:11:25.554,130.11,0.097732837323,0.0,0
2018-05-27 19:11:25.740,129.42,0.097732837323,0.0,0
2018-05-27 19:11:25.824,128.46,0.097732837323,0.0,0
2018-05-27 19:11:25.908,128.79,0.097732837323,0.0,0
2018-05-27 19:11:26.069,127.87,0.097732837323,0.0,0
2018-05-27 19:11:26.163,127.56,0.097732837323,0.0,0
2018-05-27 19:11:26.256,126.92,0.097732837323,0.0,0
2018-05-27 19:11:26.349,127.68,0.097732837323,0.0,0
2018-05-27 19:11:26.442,126.39,0.097732837323,0.0,0
2018-05-27 19:11:26.535,125.8,0.097732837323,0.0,0
2018-05-27 19:11:26.628,126.22,0.097732837323,0.0,0
2018-05-27 19:11:26.721,125.88,0.097732837323,0.0,0
2018-05-27 19:11:26.805,124.81,0.097732837323,0.0,0
2018-05-27 19:11:26.898,125.99,0.097732837323,0.0,0
2018-05-27 19:11:27.060,124.77,0.097732837323,0.0,0
2018-05-27 19:11:27.154,124.85,0.097732837323,0.0,0
2018-05-27 19:11:27.330,124.53,0.097732837323,0.0,0
2018-05-27 19:11:27.423,124.17,0.097732837323,0.0,0
2018-05-27 19:11:27.517,125.21,0.097732837323,0.0,0
2018-05-27 19:11:27.610,123.51,0.097732837323,0.0,0
2018-05-27 19:11:27.787,125.33,0.097732837323,0.0,0
2018-05-27 19:11:28.042,125.01,0.097732837323,0.0,0
2018-05-27 19:11:28.125,124.0,0.097732837323,0.0,0
2018-05-27 19:11:28.218,123.67,0.097732837323,0.0,0
2018-05-27 19:11:28.312,124.54,0.097732837323,0.0,0
2018-05-27 19:11:28.405,122.9,0.097732837323,0.0,0
2018-05-27 19:11:28.498,123.49,0.097732837323,0.0,0
2018-05-27 19:11:28.591,124.33,0.097732837323,0.0,0
2018-05-27 19:11:28.684,123.66,0.097732837323,0.0,0
2018-05-27 19:11:28.852,123.23,0.097732837323,0.0,0
2018-05-27 19:11:29.014,123.9,0.097732837323,0.0,0
2018-05-27 19:11:29.107,123.47,0.097732837323,0.0,0
2018-05-27 19:11:29.200,122.76,0.097732837323,0.0,0
2018-05-27 19:11:29.293,123.39,0.097732837323,0.0,0
2018-05-27 19:11:29.386,123.26,0.097732837323,0.0,0
2018-05-27 19:11:29.479,122.36,0.097732837323,0.0,0
2018-05-27 19:11:29.666,122.56,0.097732837323,0.0,0
2018-05-27 19:11:29.843,123.47,0.097732837323,0.0,0
2018-05-27 19:11:30.004,122.86,0.097732837323,0.0,0
2018-05-27 19:11:30.097,123.78,0.097732837323,0.0,0
2018-05-27 19:11:30.191,123.03,0.097732837323,0.0,0
2018-05-27 19:11:30.284,123.08,0.097732837323,0.0,0
2018-05-27 19:11:30.377,124.09,0.097732837323,0.0,0
2018-05-27 19:11:30.470,123.55,0.097732837323,0.0,0
2018-05-27 19:11:30.563,123.98,0.097732837323,0.0,0
2018-05-27 19:11:30.656,125.09,0.097732837323,0.0,0
2018-05-27 19:11:30.749,125.55,0.097732837323,0.0,0
2018-05-27 19:11:30.833,125.0,0.097732837323,0.0,0
2018-05-27 19:11:30.926,125.67,0.097732837323,0.0,0
2018-05-27 19:11:31.088,124.49,0.097732837323,0.0,0
2018-05-27 19:11:31.181,126.14,0.097732837323,0.0,0
2018-05-27 19:11:31.274,127.08,0.097732837323,0.0,0
2018-05-27 19:11:31.368,127.05,0.097732837323,0.0,0
2018-05-27 19:11:31.461,126.8,0.097732837323,0.0,0
2018-05-27 19:11:31.647,128.55,0.097732837323,0.0,0
2018-05-27 19:11:31.740,128.58,0.097732837323,0.0,0
2018-05-27 19:11:31.824,128.54,0.097732837323,0.0,0
2018-05-27 19:11:31.908,128.82,0.097732837323,0.0,0
2018-05-27 19:11:32.070,127.75,0.097732837323,0.0,0
2018-05-27 19:11:32.163,129.06,0.097732837323,0.0,0
2018-05-27 19:11:32.256,129.52,0.097732837323,0.0,0
2018-05-27 19:11:32.349,130.47,0.097732837323,0.0,0
2018-05-27 19:11:32.535,129.57,0.097732837323,0.0,0
2018-05-27 19:11:32.628,130.4,0.097732837323,0.0,0
2018-05-27 19:11:32.805,131.3,0.097732837323,0.0,0
2018-05-27 19:11:32.898,130.43,0.097732837323,0.0,0
2018-05-27 19:11:33.060,131.53,0.0977222016709,0.0,0
2018-05-27 19:11:33.153,131.79,0.0977222016709,0.0,0
2018-05-27 19:11:33.247,133.05,0.0977222016709,0.0,0
2018-05-27 19:11:33.433,133.6,0.0977222016709,0.0,0
2018-05-27 19:11:33.526,133.81,0.0977222016709,0.0,0
2018-05-27 19:11:33.619,133.81,0.0977222016709,0.0,0
2018-05-27 19:11:33.703,134.03,0.0977222016709,0.0,0
2018-05-27 19:11:33.796,134.67,0.0977222016709,0.0,0
2018-05-27 19:11:33.889,135.74,0.0977222016709,0.0,0
2018-05-27 19:11:34.051,136.58,0.0977222016709,0.0,0
2018-05-27 19:11:34.144,136.87,0.0977222016709,0.0,0
2018-05-27 19:11:34.330,137.04,0.0977222016709,0.0,0
2018-05-27 19:11:34.517,137.25,0.0977222016709,0.0,0
2018-05-27 19:11:34.787,137.0,0.0977222016709,0.0,0
2018-05-27 19:11:34.880,136.42,0.0977222016709,0.0,0
2018-05-27 19:11:35.042,135.64,0.0977222016709,0.0,0
2018-05-27 19:11:35.228,135.98,0.0977222016709,0.0,0
2018-05-27 19:11:35.321,135.74,0.0977222016709,0.0,0
2018-05-27 19:11:35.414,135.46,0.0977222016709,0.0,0
2018-05-27 19:11:35.507,134.72,0.0977222016709,0.0,0
2018-05-27 19:11:35.600,134.09,0.0977222016709,0.0,0
2018-05-27 19:11:35.684,133.45,0.0977222016709,0.0,0
2018-05-27 19:11:35.777,132.71,0.0977222016709,0.0,0
2018-05-27 19:11:35.871,133.02,0.0977222016709,0.0,0
2018-05-27 19:11:36.032,133.25,0.0977222016709,0.0,0
2018-05-27 19:11:36.126,132.36,0.0977222016709,0.0,0
2018-05-27 19:11:36.219,131.31,0.0977222016709,0.0,0
2018-05-27 19:11:36.312,130.68,0.0977222016709,0.0,0
2018-05-27 19:11:36.405,130.52,0.0977222016709,0.0,0
2018-05-27 19:11:36.591,130.97,0.0977222016709,0.0,0
2018-05-27 19:11:36.768,129.77,0.0977222016709,0.0,0
2018-05-27 19:11:36.852,130.15,0.0977222016709,0.0,0
2018-05-27 19:11:37.014,129.43,0.0977222016709,0.0,0
2018-05-27 19:11:37.107,128.84,0.0977222016709,0.0,0
2018-05-27 19:11:37.200,128.2,0.0977222016709,0.0,0
2018-05-27 19:11:37.377,127.94,0.0977222016709,0.0,0
2018-05-27 19:11:37.470,127.35,0.0977222016709,0.0,0
2018-05-27 19:11:37.563,127.86,0.0977222016709,0.0,0
2018-05-27 19:11:37.656,126.94,0.0977222016709,0.0,0
2018-05-27 19:11:37.833,126.85,0.0977222016709,0.0,0
2018-05-27 19:11:37.917,125.54,0.0977222016709,0.0,0
2018-05-27 19:11:38.071,125.82,0.0977222016709,0.0,0
2018-05-27 19:11:38.163,125.0,0.0977222016709,0.0,0
2018-05-27 19:11:38.256,124.13,0.0977222016709,0.0,0
2018-05-27 19:11:38.349,124.6,0.0977222016709,0.0,0
2018-05-27 19:11:38.442,123.72,0.0977222016709,0.0,0
2018-05-27 19:11:38.535,122.9,0.0977222016709,0.0,0
2018-05-27 19:11:38.722,122.36,0.0977222016709,0.0,0
2018-05-27 19:11:38.806,123.07,0.0977222016709,0.0,0
2018-05-27 19:11:38.899,121.51,0.0977222016709,0.0,0
2018-05-27 19:11:39.061,121.46,0.0977222016709,0.0,0
2018-05-27 19:11:39.144,120.97,0.0977222016709,0.0,0
2018-05-27 19:11:39.331,120.21,0.0977222016709,0.0,0
2018-05-27 19:11:39.424,119.46,0.0977222016709,0.0,0
2018-05-27 19:11:39.517,120.0,0.0977222016709,0.0,0
2018-05-27 19:11:39.610,118.56,0.0977222016709,0.0,0
2018-05-27 19:11:39.787,118.08,0.0977222016709,0.0,0
2018-05-27 19:11:39.880,118.43,0.0977222016709,0.0,0
2018-05-27 19:11:40.032,117.38,0.0977222016709,0.0,0
2018-05-27 19:11:40.126,118.49,0.0977222016709,0.0,0
2018-05-27 19:11:40.312,118.26,0.0977222016709,0.0,0
2018-05-27 19:11:40.498,118.94,0.0977222016709,0.0,0
2018-05-27 19:11:40.591,117.62,0.0977222016709,0.0,0
2018-05-27 19:11:40.684,118.73,0.0977222016709,0.0,0
2018-05-27 19:11:40.769,118.1,0.0977222016709,0.0,0
2018-05-27 19:11:40.852,118.27,0.0977222016709,0.0,0
2018-05-27 19:11:41.014,118.1,0.0977222016709,0.0,0
2018-05-27 19:11:41.107,119.33,0.0977222016709,0.0,0
2018-05-27 19:11:41.200,118.78,0.0977222016709,0.0,0
2018-05-27 19:11:41.293,120.18,0.0977222016709,0.0,0
2018-05-27 19:11:41.386,118.94,0.0977222016709,0.0,0
2018-05-27 19:11:41.479,120.48,0.0977222016709,0.0,0
2018-05-27 19:11:41.573,120.79,0.0977222016709,0.0,0
2018-05-27 19:11:41.666,120.51,0.0977222016709,0.0,0
2018-05-27 19:11:41.750,120.33,0.0977222016709,0.0,0
2018-05-27 19:11:41.843,120.28,0.0977222016709,0.0,0
2018-05-27 19:11:42.005,121.24,0.0977222016709,0.0,0
2018-05-27 19:11:42.098,120.84,0.0977222016709,0.0,0
2018-05-27 19:11:42.191,122.16,0.0977222016709,0.0,0
2018-05-27 19:11:42.284,121.91,0.0977222016709,0.0,0
2018-05-27 19:11:42.377,121.78,0.0977222016709,0.0,0
2018-05-27 19:11:42.470,122.86,0.0977222016709,0.0,0
2018-05-27 19:11:42.563,122.54,0.0977222016709,0.0,0
2018-05-27 19:11:42.656,122.53,0.0977222016709,0.0,0
2018-05-27 19:11:42.740,123.78,0.0977222016709,0.0,0
2018-05-27 19:11:42.833,123.11,0.0977222016709,0.0,0
2018-05-27 19:11:43.079,123.44,0.0977222016709,0.0,0
2018-05-27 19:11:43.163,124.46,0.0977222016709,0.0,0
2018-05-27 19:11:43.256,123.57,0.0977222016709,0.0,0
2018-05-27 19:11:43.349,123.74,0.0977222016709,0.0,0
2018-05-27 19:11:43.442,125.01,0.0977222016709,0.0,0
2018-05-27 19:11:43.526,124.63,0.0977222016709,0.0,0
2018-05-27 19:11:43.619,125.61,0.0977222016709,0.0,0
2018-05-27 19:11:43.712,126.07,0.0977222016709,0.0,0
2018-05-27 19:11:43.796,125.2,0.0977222016709,0.0,0
2018-05-27 19:11:44.051,125.56,0.0977222016709,0.0,0
2018-05-27 19:11:44.144,126.23,0.0977222016709,0.0,0
2018-05-27 19:11:44.321,126.47,0.0977222016709,0.0,0
2018-05-27 19:11:44.414,127.04,0.0977222016709,0.0,0
2018-05-27 19:11:44.508,128.2,0.0977222016709,0.0,0
2018-05-27 19:11:44.601,127.94,0.0977222016709,0.0,0
2018-05-27 19:11:44.871,128.96,0.0977222016709,0.0,0
2018-05-27 19:11:45.033,127.28,0.0977222016709,0.0,0
2018-05-27 19:11:45.126,128.65,0.0977222016709,0.0,0
2018-05-27 19:11:45.228,128.69,0.0977222016709,0.0,0
2018-05-27 19:11:45.414,129.83,0.0977222016709,0.0,0
2018-05-27 19:11:45.601,129.71,0.0977222016709,0.0,0
2018-05-27 19:11:45.694,129.27,0.0977222016709,0.0,0
2018-05-27 19:11:45.778,130.15,0.0977222016709,0.0,0
2018-05-27 19:11:45.871,130.62,0.0977222016709,0.0,0
2018-05-27 19:11:46.033,129.6,0.0977222016709,0.0,0
2018-05-27 19:11:46.116,130.67,0.0977222016709,0.0,0
2018-05-27 19:11:46.210,130.49,0.0977222016709,0.0,0
2018-05-27 19:11:46.303,129.94,0.0977222016709,0.0,0
2018-05-27 19:11:46.396,130.49,0.0977222016709,0.0,0
2018-05-27 19:11:46.489,130.52,0.0977222016709,0.0,0
2018-05-27 19:11:46.582,130.79,0.0977222016709,0.0,0
2018-05-27 19:11:46.675,131.36,0.0977222016709,0.0,0
2018-05-27 19:11:47.023,131.12,0.0977222016709,0.0,0
2018-05-27 19:11:47.107,132.22,0.0977222016709,0.0,0
2018-05-27 19:11:47.200,132.31,0.0977222016709,0.0,0
2018-05-27 19:11:47.293,132.26,0.0977222016709,0.0,0
2018-05-27 19:11:47.573,133.27,0.0977222016709,0.0,0
2018-05-27 19:11:47.750,134.01,0.0977222016709,0.0,0
2018-05-27 19:11:47.927,134.8,0.0977222016709,0.0,0
2018-05-27 19:11:48.089,134.62,0.0977222016709,0.0,0
2018-05-27 19:11:48.182,135.5,0.0977222016709,0.0,0
2018-05-27 19:11:48.275,136.18,0.0977222016709,0.0,0
2018-05-27 19:11:48.368,136.75,0.0977222016709,0.0,0
2018-05-27 19:11:48.461,136.43,0.0977222016709,0.0,0
2018-05-27 19:11:48.554,136.77,0.0977222016709,0.0,0
2018-05-27 19:11:48.648,137.14,0.0977222016709,0.0,0
2018-05-27 19:11:48.740,137.42,0.0977222016709,0.0,0
2018-05-27 19:11:48.824,136.71,0.0977222016709,0.0,0
2018-05-27 19:11:48.908,137.86,0.0977222016709,0.0,0
2018-05-27 19:11:49.070,138.21,0.0977222016709,0.0,0
2018-05-27 19:11:49.163,138.25,0.0977222016709,0.0,0
2018-05-27 19:11:49.256,138.28,0.0977222016709,0.0,0
2018-05-27 19:11:49.349,138.48,0.0977222016709,0.0,0
2018-05-27 19:11:49.442,138.4,0.0977222016709,0.0,0
2018-05-27 19:11:49.536,138.41,0.0977222016709,0.0,0
2018-05-27 19:11:49.629,138.12,0.0977222016709,0.0,0
2018-05-27 19:11:49.712,136.84,0.0977222016709,0.0,0
2018-05-27 19:11:49.806,137.53,0.0977222016709,0.0,0
2018-05-27 19:11:49.899,137.87,0.0977222016709,0.0,0
2018-05-27 19:11:50.061,137.93,0.0977222016709,0.0,0
2018-05-27 19:11:50.247,138.36,0.0977222016709,0.0,0
2018-05-27 19:11:50.340,138.68,0.0977222016709,0.0,0
2018-05-27 19:11:50.526,138.86,0.0977222016709,0.0,0
2018-05-27 19:11:50.619,138.7,0.0977222016709,0.0,0
2018-05-27 19:11:50.703,139.17,0.0977222016709,0.0,0
2018-05-27 19:11:50.796,139.64,0.0977222016709,0.0,0
2018-05-27 19:11:51.238,140.89,0.0900813835874,0.0250000003725,0
2018-05-27 19:11:51.331,141.11,0.0900813835874,0.0,0
2018-05-27 19:11:51.424,140.68,0.0828265641125,0.0250000003725,0
2018-05-27 19:11:51.511,141.6,0.0759523399768,0.0250000003725,0
2018-05-27 19:11:51.601,141.8,0.0694529117832,0.0250000003725,0
2018-05-27 19:11:51.694,141.47,0.0694529117832,0.0,0
2018-05-27 19:11:51.778,141.11,0.0694529117832,0.0,0
2018-05-27 19:11:52.033,141.85,0.0694529117832,0.0,0
2018-05-27 19:11:52.126,141.74,0.0694529117832,0.0,0
2018-05-27 19:11:52.321,142.29,0.0694529117832,0.0,0
2018-05-27 19:11:52.415,142.47,0.0759523399768,0.0,0
2018-05-27 19:11:52.508,142.68,0.0759523399768,0.0,0
2018-05-27 19:11:52.601,142.48,0.0828265641125,0.0,0
2018-05-27 19:11:52.694,141.71,0.0900813835874,0.0,0
2018-05-27 19:11:52.778,141.74,0.0977222016709,0.0,0
2018-05-27 19:11:52.871,141.66,0.0977222016709,0.0,0
2018-05-27 19:11:53.033,141.82,0.0977222016709,0.0,0
2018-05-27 19:11:53.126,141.7,0.0977222016709,0.0,0
2018-05-27 19:11:53.219,141.15,0.0977222016709,0.0,0
2018-05-27 19:11:53.313,141.15,0.0977222016709,0.0,0
2018-05-27 19:11:53.396,140.95,0.0977222016709,0.0,0
2018-05-27 19:11:53.489,140.72,0.0977222016709,0.0,0
2018-05-27 19:11:53.582,140.56,0.0977222016709,0.0,0
2018-05-27 19:11:53.675,140.2,0.0977222016709,0.0,0
2018-05-27 19:11:53.768,140.24,0.0977222016709,0.0,0
2018-05-27 19:11:53.862,140.66,0.0977222016709,0.0,0
2018-05-27 19:11:54.023,140.89,0.0977222016709,0.0,0
2018-05-27 19:11:54.117,140.58,0.0977222016709,0.0,0
2018-05-27 19:11:54.210,140.77,0.0977222016709,0.0,0
2018-05-27 19:11:54.304,141.01,0.0977222016709,0.0,0
2018-05-27 19:11:54.387,140.39,0.0977222016709,0.0,0
2018-05-27 19:11:54.480,141.19,0.0977222016709,0.0,0
2018-05-27 19:11:54.573,141.16,0.0977222016709,0.0,0
2018-05-27 19:11:54.666,141.33,0.0977222016709,0.0,0
2018-05-27 19:11:54.759,141.55,0.0977222016709,0.0,0
2018-05-27 19:11:54.843,141.07,0.0977222016709,0.0,0
2018-05-27 19:11:55.005,142.43,0.0977222016709,0.0,0
2018-05-27 19:11:55.098,141.99,0.0977222016709,0.0,0
2018-05-27 19:11:55.192,142.71,0.0977222016709,0.0,0
2018-05-27 19:11:55.275,141.91,0.0977222016709,0.0,0
2018-05-27 19:11:55.368,142.66,0.0977222016709,0.0,0
2018-05-27 19:11:55.461,142.99,0.0977222016709,0.0,0
2018-05-27 19:11:55.554,143.68,0.0977222016709,0.0,0
2018-05-27 19:11:55.647,144.14,0.0977222016709,0.0,0
2018-05-27 19:11:55.740,144.19,0.0977222016709,0.0,0
2018-05-27 19:11:55.824,144.34,0.0977222016709,0.0,0
2018-05-27 19:11:55.909,143.83,0.0977222016709,0.0,0
2018-05-27 19:11:56.070,144.21,0.0977222016709,0.0,0
2018-05-27 19:11:56.349,145.57,0.0828276129939,0.0500000007451,0
2018-05-27 19:11:56.442,144.76,0.0828276129939,0.0,0
2018-05-27 19:11:56.536,145.3,0.0828276129939,0.0,0
2018-05-27 19:11:56.629,145.24,0.0828276129939,0.0,0
2018-05-27 19:11:56.722,146.31,0.0759532334846,0.0250000003725,0
2018-05-27 19:11:56.806,145.49,0.0694536618499,0.0250000003725,0
2018-05-27 19:11:56.889,146.78,0.0633226762389,0.0250000003725,0
2018-05-27 19:11:57.051,147.09,0.0575536061979,0.0250000003725,0
2018-05-27 19:11:57.144,147.84,0.0521393065163,0.0250000003725,0
2018-05-27 19:11:57.238,148.94,0.0423439126145,0.0500000007451,0
2018-05-27 19:11:57.331,148.28,0.0423439126145,0.0500000007451,0
2018-05-27 19:11:57.424,148.71,0.0338689150296,0.0500000007451,0
2018-05-27 19:11:57.517,148.88,0.0338689164315,0.0500000007451,0
2018-05-27 19:11:57.703,150.48,0.0423439142458,0.0500000007451,0
2018-05-27 19:11:57.787,150.78,0.0575536081972,0.10000000149,0
2018-05-27 19:11:58.033,150.82,0.0759532358757,0.10000000149,0
2018-05-27 19:11:58.126,150.62,0.0977236006822,0.10000000149,0
2018-05-27 19:11:58.312,151.76,0.123011282624,0.10000000149,0
2018-05-27 19:11:58.499,150.15,0.141883285814,0.0750000029802,0
2018-05-27 19:11:58.592,150.21,0.151934736051,0.0750000029802,0
2018-05-27 19:11:58.685,150.83,0.173284992585,0.10000000149,0
2018-05-27 19:11:58.778,149.0,0.162400949129,0.0250000003725,0
2018-05-27 19:11:58.871,148.83,0.173284993412,0.0750000029802,0
2018-05-27 19:11:59.033,147.92,0.184589729437,0.0750000029802,0
2018-05-27 19:11:59.126,148.2,0.173284995065,0.0750000029802,0
2018-05-27 19:11:59.219,147.9,0.151934738344,0.0500000007451,0
2018-05-27 19:11:59.312,146.57,0.132243314026,0.0500000007451,0
2018-05-27 19:11:59.406,146.39,0.114183418128,0.0500000007451,0
2018-05-27 19:11:59.489,145.83,0.105755644929,0.0500000007451,0
2018-05-27 19:11:59.582,145.69,0.0900826043033,0.0250000003725,0
2018-05-27 19:11:59.675,145.6,0.063322679696,0.0,0
2018-05-27 19:11:59.862,146.42,0.0575536094468,0.0,0
2018-05-27 19:12:00.024,146.54,0.0423439149256,0.0,0
2018-05-27 19:12:00.117,146.01,0.0301030005813,0.0,0
2018-05-27 19:12:00.210,144.87,0.0423439126145,0.0,0
2018-05-27 19:12:00.303,145.35,0.0521393065163,0.0,0
2018-05-27 19:12:00.396,144.91,0.0633226762389,0.0,0
2018-05-27 19:12:00.480,145.23,0.0759532334846,0.0,0
2018-05-27 19:12:00.666,145.05,0.0900825999754,0.0,0
2018-05-27 19:12:00.759,144.93,0.0977235978799,0.0,0
2018-05-27 19:12:01.005,145.83,0.0977235978799,0.0,0
2018-05-27 19:12:01.191,145.6,0.0977235978799,0.0,0
2018-05-27 19:12:01.368,145.96,0.0977235978799,0.0,0
2018-05-27 19:12:01.461,145.79,0.0977235978799,0.0,0
2018-05-27 19:12:01.722,145.58,0.0977235978799,0.0,0
2018-05-27 19:12:01.806,145.0,0.0977235978799,0.0,0
2018-05-27 19:12:02.051,145.09,0.0977235978799,0.0,0
2018-05-27 19:12:02.238,145.53,0.0977235978799,0.0,0
2018-05-27 19:12:02.331,145.65,0.0977235978799,0.0,0
2018-05-27 19:12:02.424,144.65,0.0977235978799,0.0,0
2018-05-27 19:12:02.778,145.05,0.0977235978799,0.0,0
2018-05-27 19:12:02.871,144.69,0.0977235978799,0.0,0
2018-05-27 19:12:03.126,143.26,0.0977235978799,0.0,0
2018-05-27 19:12:03.219,142.4,0.0977235978799,0.0,0
2018-05-27 19:12:03.405,142.05,0.0977235978799,0.0,0
2018-05-27 19:12:03.498,142.09,0.0977235978799,0.0,0
2018-05-27 19:12:03.592,143.06,0.0977235978799,0.0,0
2018-05-27 19:12:03.676,141.47,0.0977235978799,0.0,0
2018-05-27 19:12:03.769,140.66,0.0977235978799,0.0,0
2018-05-27 19:12:03.862,141.88,0.0977235978799,0.0,0
2018-05-27 19:12:04.024,141.59,0.0977235978799,0.0,0
2018-05-27 19:12:04.117,141.83,0.0977235978799,0.0,0
2018-05-27 19:12:04.303,141.83,0.0977235978799,0.0,0
2018-05-27 19:12:04.396,142.34,0.0977235978799,0.0,0
2018-05-27 19:12:04.582,142.12,0.0977235978799,0.0,0
2018-05-27 19:12:04.676,141.81,0.0977235978799,0.0,0
2018-05-27 19:12:04.759,142.06,0.0977235978799,0.0,0
2018-05-27 19:12:05.014,142.24,0.0977235978799,0.0,0
2018-05-27 19:12:05.294,141.81,0.0977235978799,0.0,0
2018-05-27 19:12:05.387,141.04,0.0977235978799,0.0,0
2018-05-27 19:12:05.480,141.64,0.0977235978799,0.0,0
2018-05-27 19:12:05.657,143.11,0.0977235978799,0.0,0
2018-05-27 19:12:05.750,142.13,0.0977235978799,0.0,0
2018-05-27 19:12:05.834,143.25,0.0977235978799,0.0,0
2018-05-27 19:12:06.072,142.89,0.0977235978799,0.0,0
2018-05-27 19:12:06.154,143.03,0.0977235978799,0.0,0
2018-05-27 19:12:06.247,143.21,0.0977235978799,0.0,0
2018-05-27 19:12:06.340,142.89,0.0977235978799,0.0,0
2018-05-27 19:12:06.433,143.2,0.0977235978799,0.0,0
2018-05-27 19:12:06.526,144.5,0.0977235978799,0.0,0
2018-05-27 19:12:06.620,144.57,0.0977235978799,0.0,0
2018-05-27 19:12:06.704,144.27,0.0977235978799,0.0,0
2018-05-27 19:12:06.797,145.2,0.0977235978799,0.0,0
2018-05-27 19:12:06.890,145.23,0.0977235978799,0.0,0
2018-05-27 19:12:07.052,145.53,0.0977235978799,0.0,0
2018-05-27 19:12:07.145,145.71,0.0977235978799,0.0,0
2018-05-27 19:12:07.331,145.17,0.0977235978799,0.0,0
2018-05-27 19:12:07.424,144.91,0.0977235978799,0.0,0
2018-05-27 19:12:07.517,145.82,0.0977235978799,0.0,0
2018-05-27 19:12:07.695,145.97,0.0977235978799,0.0,0
2018-05-27 19:12:07.787,146.92,0.0977235978799,0.0,0
2018-05-27 19:12:07.880,147.15,0.0977235978799,0.0,0
2018-05-27 19:12:08.042,146.54,0.0977235978799,0.0,0
2018-05-27 19:12:08.135,147.0,0.0977235978799,0.0,0
2018-05-27 19:12:08.228,146.49,0.0977235978799,0.0,0
2018-05-27 19:12:08.322,147.07,0.0977235978799,0.0,0
2018-05-27 19:12:08.415,147.63,0.0977235978799,0.0,0
2018-05-27 19:12:08.601,146.6,0.0977235978799,0.0,0
2018-05-27 19:12:08.686,147.74,0.0977235978799,0.0,0
2018-05-27 19:12:08.778,147.05,0.0977235978799,0.0,0
2018-05-27 19:12:08.871,147.28,0.0970227071143,0.0,0
2018-05-27 19:12:09.033,146.78,0.0970227071143,0.0,0
2018-05-27 19:12:09.126,147.48,0.0970227071143,0.0,0
2018-05-27 19:12:09.219,147.73,0.0970227071143,0.0,0
2018-05-27 19:12:09.312,147.2,0.0970227071143,0.0,0
2018-05-27 19:12:09.499,146.84,0.0970227071143,0.0,0
2018-05-27 19:12:09.679,145.72,0.0970227071143,0.0,0
2018-05-27 19:12:09.769,144.84,0.0970227071143,0.0,0
2018-05-27 19:12:09.862,145.55,0.0970227071143,0.0,0
2018-05-27 19:12:10.117,144.71,0.0970227071143,0.0,0
2018-05-27 19:12:10.210,143.39,0.0970227071143,0.0,0
2018-05-27 19:12:10.303,142.45,0.0970227071143,0.0,0
2018-05-27 19:12:10.396,142.19,0.0970227071143,0.0,0
2018-05-27 19:12:10.489,141.86,0.0970227071143,0.0,0
2018-05-27 19:12:10.573,141.77,0.0970227071143,0.0,0
2018-05-27 19:12:10.666,141.18,0.0970227071143,0.0,0
2018-05-27 19:12:10.759,140.19,0.0970227071143,0.0,0
2018-05-27 19:12:10.843,140.82,0.0970227071143,0.0,0
2018-05-27 19:12:11.005,140.46,0.0970227071143,0.0,0
2018-05-27 19:12:11.098,140.17,0.0970227071143,0.0,0
2018-05-27 19:12:11.191,139.73,0.0970227071143,0.0,0
2018-05-27 19:12:11.284,139.34,0.0970227071143,0.0,0
2018-05-27 19:12:11.378,138.86,0.0970227071143,0.0,0
2018-05-27 19:12:11.461,137.73,0.0970227071143,0.0,0
2018-05-27 19:12:11.722,137.25,0.0970227071143,0.0,0
2018-05-27 19:12:11.908,136.58,0.0970227071143,0.0,0
2018-05-27 19:12:12.070,136.73,0.0970227071143,0.0,0
2018-05-27 19:12:12.433,136.26,0.0970227071143,0.0,0
2018-05-27 19:12:12.527,135.47,0.0970227071143,0.0,0
2018-05-27 19:12:12.713,135.88,0.0970227071143,0.0,0
2018-05-27 19:12:12.890,134.87,0.0970227071143,0.0,0
2018-05-27 19:12:13.052,133.85,0.0970227071143,0.0,0
2018-05-27 19:12:13.135,134.45,0.0970227071143,0.0,0
2018-05-27 19:12:13.229,134.73,0.0970227071143,0.0,0
2018-05-27 19:12:13.322,134.98,0.0970227071143,0.0,0
2018-05-27 19:12:13.415,134.43,0.0970227071143,0.0,0
2018-05-27 19:12:13.601,133.7,0.0970227071143,0.0,0
2018-05-27 19:12:13.685,133.7,0.0970227071143,0.0,0
2018-05-27 19:12:13.778,133.07,0.0970227071143,0.0,0
2018-05-27 19:12:14.024,133.03,0.0970227071143,0.0,0
2018-05-27 19:12:14.117,132.44,0.0970227071143,0.0,0
2018-05-27 19:12:14.210,132.62,0.0970227071143,0.0,0
2018-05-27 19:12:14.303,132.32,0.0970227071143,0.0,0
2018-05-27 19:12:14.396,133.32,0.0970227071143,0.0,0
2018-05-27 19:12:14.489,133.14,0.0970227071143,0.0,0
2018-05-27 19:12:14.676,133.07,0.0970227071143,0.0,0
2018-05-27 19:12:15.014,133.18,0.0970227071143,0.0,0
2018-05-27 19:12:15.201,133.26,0.0970227071143,0.0,0
2018-05-27 19:12:15.294,132.09,0.0970227071143,0.0,0
2018-05-27 19:12:15.387,132.29,0.0970227071143,0.0,0
2018-05-27 19:12:15.573,131.81,0.0970227071143,0.0,0
2018-05-27 19:12:15.666,132.62,0.0970227071143,0.0,0
2018-05-27 19:12:15.751,130.61,0.0970227071143,0.0,0
2018-05-27 19:12:15.843,131.82,0.0970227071143,0.0,0
2018-05-27 19:12:16.098,131.78,0.0970227071143,0.0,0
2018-05-27 19:12:16.191,132.23,0.0970227071143,0.0,0
2018-05-27 19:12:16.461,131.16,0.0970227071143,0.0,0
2018-05-27 19:12:16.555,132.16,0.0970227071143,0.0,0
2018-05-27 19:12:16.647,130.35,0.0970227071143,0.0,0
2018-05-27 19:12:16.732,131.31,0.0970227071143,0.0,0
2018-05-27 19:12:16.818,132.26,0.0970227071143,0.0,0
2018-05-27 19:12:16.909,132.32,0.0970227071143,0.0,0
2018-05-27 19:12:17.070,131.69,0.0970227071143,0.0,0
2018-05-27 19:12:17.163,131.6,0.0970227071143,0.0,0
2018-05-27 19:12:17.257,131.94,0.0970227071143,0.0,0
2018-05-27 19:12:17.434,132.97,0.0970227071143,0.0,0
2018-05-27 19:12:17.527,132.09,0.0970227071143,0.0,0
2018-05-27 19:12:18.322,133.66,0.0970227071143,0.0,0
2018-05-27 19:12:18.415,133.61,0.0970227071143,0.0,0
2018-05-27 19:12:18.508,133.44,0.0970227071143,0.0,0
2018-05-27 19:12:18.601,133.11,0.0970227071143,0.0,0
2018-05-27 19:12:18.694,133.4,0.0970227071143,0.0,0
2018-05-27 19:12:18.778,134.12,0.0970227071143,0.0,0
2018-05-27 19:12:19.024,133.3,0.0970227071143,0.0,0
2018-05-27 19:12:19.117,133.64,0.0970227071143,0.0,0
2018-05-27 19:12:19.210,133.67,0.0970227071143,0.0,0
2018-05-27 19:12:19.303,133.53,0.0970227071143,0.0,0
2018-05-27 19:12:19.489,134.72,0.0970227071143,0.0,0
2018-05-27 19:12:19.583,135.08,0.0970227071143,0.0,0
2018-05-27 19:12:19.676,134.55,0.0970227071143,0.0,0
2018-05-27 19:12:19.769,134.21,0.0970227071143,0.0,0
2018-05-27 19:12:20.108,134.16,0.0970227071143,0.0,0
2018-05-27 19:12:20.201,134.95,0.0970227071143,0.0,0
2018-05-27 19:12:20.294,134.72,0.0970227071143,0.0,0
2018-05-27 19:12:20.387,134.46,0.0970227071143,0.0,0
2018-05-27 19:12:20.480,134.47,0.0970227071143,0.0,0
2018-05-27 19:12:20.573,134.07,0.0970227071143,0.0,0
2018-05-27 19:12:20.760,134.02,0.0970227071143,0.0,0
2018-05-27 19:12:20.843,134.95,0.0970227071143,0.0,0
2018-05-27 19:12:21.005,134.97,0.0970227071143,0.0,0
2018-05-27 19:12:21.098,134.77,0.0970227071143,0.0,0
2018-05-27 19:12:21.191,134.6,0.0970227071143,0.0,0
2018-05-27 19:12:21.285,133.84,0.0970227071143,0.0,0
2018-05-27 19:12:21.378,132.49,0.0970227071143,0.0,0
2018-05-27 19:12:21.471,133.55,0.0970227071143,0.0,0
2018-05-27 19:12:21.564,133.24,0.0970227071143,0.0,0
2018-05-27 19:12:21.657,132.51,0.0970227071143,0.0,0
2018-05-27 19:12:21.741,133.32,0.0970227071143,0.0,0
2018-05-27 19:12:21.834,132.26,0.0970227071143,0.0,0
2018-05-27 19:12:22.163,130.94,0.0970227071143,0.0,0
2018-05-27 19:12:22.257,130.47,0.0970227071143,0.0,0
2018-05-27 19:12:22.536,130.08,0.0970227071143,0.0,0
2018-05-27 19:12:22.629,129.99,0.0970227071143,0.0,0
2018-05-27 19:12:22.713,128.14,0.0970227071143,0.0,0
2018-05-27 19:12:22.806,129.14,0.0970227071143,0.0,0
2018-05-27 19:12:22.899,128.06,0.0970227071143,0.0,0
2018-05-27 19:12:23.061,127.06,0.0970227071143,0.0,0
2018-05-27 19:12:23.154,126.72,0.0970227071143,0.0,0
2018-05-27 19:12:23.247,127.28,0.0970227071143,0.0,0
2018-05-27 19:12:23.340,126.42,0.0970227071143,0.0,0
2018-05-27 19:12:23.434,125.94,0.0970227071143,0.0,0
2018-05-27 19:12:23.527,125.19,0.0970227071143,0.0,0
2018-05-27 19:12:23.620,125.28,0.0970227071143,0.0,0
2018-05-27 19:12:23.797,125.47,0.0970227071143,0.0,0
2018-05-27 19:12:24.052,124.58,0.0970227071143,0.0,0
2018-05-27 19:12:24.145,125.24,0.0970227071143,0.0,0
2018-05-27 19:12:24.238,125.51,0.0970227071143,0.0,0
2018-05-27 19:12:24.331,124.6,0.0970227071143,0.0,0
2018-05-27 19:12:24.424,124.2,0.0970227071143,0.0,0
2018-05-27 19:12:24.694,125.33,0.0970227071143,0.0,0
2018-05-27 19:12:24.788,125.56,0.0970227071143,0.0,0
2018-05-27 19:12:24.881,124.4,0.0970227071143,0.0,0
2018-05-27 19:12:25.042,125.05,0.0970227071143,0.0,0
2018-05-27 19:12:25.136,125.06,0.0970227071143,0.0,0
2018-05-27 19:12:25.415,124.77,0.0970227071143,0.0,0
2018-05-27 19:12:25.592,125.02,0.0970227071143,0.0,0
2018-05-27 19:12:25.769,124.76,0.0970227071143,0.0,0
2018-05-27 19:12:26.024,123.6,0.0970227071143,0.0,0
2018-05-27 19:12:26.117,124.45,0.0970227071143,0.0,0
2018-05-27 19:12:26.210,124.1,0.0970227071143,0.0,0
2018-05-27 19:12:26.303,123.68,0.0970227071143,0.0,0
2018-05-27 19:12:26.480,123.28,0.0970227071143,0.0,0
2018-05-27 19:12:26.573,123.13,0.0970227071143,0.0,0
2018-05-27 19:12:26.666,124.06,0.0970227071143,0.0,0
2018-05-27 19:12:26.750,123.84,0.0970227071143,0.0,0
2018-05-27 19:12:27.006,123.88,0.0970227071143,0.0,0
2018-05-27 19:12:27.098,123.77,0.0970227071143,0.0,0
2018-05-27 19:12:27.452,123.49,0.0970227071143,0.0,0
2018-05-27 19:12:27.722,123.59,0.0970227071143,0.0,0
2018-05-27 19:12:27.806,123.8,0.0970227071143,0.0,0
2018-05-27 19:12:27.890,124.51,0.0970227071143,0.0,0
2018-05-27 19:12:28.238,124.58,0.0970227071143,0.0,0
2018-05-27 19:12:28.331,124.74,0.0970227071143,0.0,0
2018-05-27 19:12:28.518,123.82,0.0970227071143,0.0,0
2018-05-27 19:12:28.695,123.35,0.0970227071143,0.0,0
2018-05-27 19:12:28.788,124.92,0.0970227071143,0.0,0
2018-05-27 19:12:28.881,124.28,0.0970227071143,0.0,0
2018-05-27 19:12:29.043,123.96,0.0970227071143,0.0,0
2018-05-27 19:12:29.136,124.99,0.0970227071143,0.0,0
2018-05-27 19:12:29.322,124.32,0.0970227071143,0.0,0
2018-05-27 19:12:29.415,125.18,0.0970227071143,0.0,0
2018-05-27 19:12:29.508,124.78,0.0970227071143,0.0,0
2018-05-27 19:12:29.601,124.63,0.0970227071143,0.0,0
2018-05-27 19:12:29.685,124.93,0.0970227071143,0.0,0
2018-05-27 19:12:29.778,124.02,0.0970227071143,0.0,0
2018-05-27 19:12:30.033,126.08,0.0970227071143,0.0,0
2018-05-27 19:12:30.126,125.24,0.0970227071143,0.0,0
2018-05-27 19:12:30.220,125.42,0.0970227071143,0.0,0
2018-05-27 19:12:30.313,126.1,0.0970227071143,0.0,0
2018-05-27 19:12:30.406,126.69,0.0970227071143,0.0,0
2018-05-27 19:12:30.499,125.83,0.0970227071143,0.0,0
2018-05-27 19:12:30.676,127.13,0.0970227071143,0.0,0
2018-05-27 19:12:30.769,126.93,0.0970227071143,0.0,0
2018-05-27 19:12:30.862,127.02,0.0970227071143,0.0,0
2018-05-27 19:12:31.108,127.61,0.0970227071143,0.0,0
2018-05-27 19:12:31.201,128.16,0.0970227071143,0.0,0
2018-05-27 19:12:31.294,129.23,0.0970227071143,0.0,0
2018-05-27 19:12:31.387,129.54,0.0970227071143,0.0,0
2018-05-27 19:12:31.480,129.52,0.0970227071143,0.0,0
2018-05-27 19:12:31.573,129.33,0.0970227071143,0.0,0
2018-05-27 19:12:31.667,129.67,0.0970227071143,0.0,0
2018-05-27 19:12:31.760,130.95,0.0970227071143,0.0,0
2018-05-27 19:12:31.834,130.66,0.0970227071143,0.0,0
2018-05-27 19:12:31.927,131.65,0.0970227071143,0.0,0
2018-05-27 19:12:32.099,130.66,0.0970227071143,0.0,0
2018-05-27 19:12:32.192,132.15,0.0970227071143,0.0,0
2018-05-27 19:12:32.285,132.61,0.0970227071143,0.0,0
2018-05-27 19:12:32.378,132.24,0.0970227071143,0.0,0
2018-05-27 19:12:32.471,132.49,0.0970227071143,0.0,0
2018-05-27 19:12:32.564,132.27,0.0970227071143,0.0,0
2018-05-27 19:12:32.657,132.74,0.0970227071143,0.0,0
2018-05-27 19:12:32.741,134.13,0.0970227071143,0.0,0
2018-05-27 19:12:32.834,134.03,0.0970227071143,0.0,0
2018-05-27 19:12:32.923,133.41,0.0970227071143,0.0,0
2018-05-27 19:12:33.080,133.5,0.0970227071143,0.0,0
2018-05-27 19:12:33.257,134.54,0.0970227071143,0.0,0
2018-05-27 19:12:33.350,135.21,0.0970227071143,0.0,0
2018-05-27 19:12:33.527,134.2,0.0970227071143,0.0,0
2018-05-27 19:12:33.620,134.72,0.0970227071143,0.0,0
2018-05-27 19:12:33.704,135.64,0.0970227071143,0.0,0
2018-05-27 19:12:33.797,135.79,0.0970227071143,0.0,0
2018-05-27 19:12:33.890,134.89,0.0970227071143,0.0,0
2018-05-27 19:12:34.052,134.33,0.0970227071143,0.0,0
2018-05-27 19:12:34.146,134.9,0.0970227071143,0.0,0
2018-05-27 19:12:34.331,135.06,0.0970227071143,0.0,0
2018-05-27 19:12:34.425,133.96,0.0970227071143,0.0,0
2018-05-27 19:12:34.508,135.19,0.0970227071143,0.0,0
2018-05-27 19:12:34.601,135.43,0.0970227071143,0.0,0
2018-05-27 19:12:34.695,134.54,0.0970227071143,0.0,0
2018-05-27 19:12:34.778,133.65,0.0970227071143,0.0,0
2018-05-27 19:12:34.872,134.36,0.0970227071143,0.0,0
2018-05-27 19:12:35.033,135.08,0.0970227071143,0.0,0
2018-05-27 19:12:35.220,135.04,0.0970227071143,0.0,0
2018-05-27 19:12:35.313,134.49,0.0970227071143,0.0,0
2018-05-27 19:12:35.397,134.29,0.0970227071143,0.0,0
2018-05-27 19:12:35.490,134.61,0.0970227071143,0.0,0
2018-05-27 19:12:35.583,134.16,0.0970227071143,0.0,0
2018-05-27 19:12:35.676,134.93,0.0970227071143,0.0,0
2018-05-27 19:12:35.769,135.46,0.0970227071143,0.0,0
2018-05-27 19:12:35.862,135.18,0.0970227071143,0.0,0
2018-05-27 19:12:36.117,135.72,0.0970227071143,0.0,0
2018-05-27 19:12:36.210,134.76,0.0970227071143,0.0,0
2018-05-27 19:12:36.271,134.64,0.0970227071143,0.0,0
2018-05-27 19:12:36.481,135.46,0.0970227071143,0.0,0
2018-05-27 19:12:36.574,135.96,0.0970227071143,0.0,0
2018-05-27 19:12:36.760,135.75,0.0970227071143,0.0,0
2018-05-27 19:12:36.844,135.12,0.0970227071143,0.0,0
2018-05-27 19:12:37.005,135.67,0.0970227071143,0.0,0
2018-05-27 19:12:37.099,135.94,0.0970227071143,0.0,0
2018-05-27 19:12:37.192,136.22,0.0970227071143,0.0,0
2018-05-27 19:12:37.276,137.08,0.0970227071143,0.0,0
2018-05-27 19:12:37.369,137.54,0.0970227071143,0.0,0
2018-05-27 19:12:37.457,135.34,0.0970227071143,0.0,0
2018-05-27 19:12:37.546,136.49,0.0970227071143,0.0,0
2018-05-27 19:12:37.630,136.68,0.0970227071143,0.0,0
2018-05-27 19:12:37.714,137.79,0.0970227071143,0.0,0
2018-05-27 19:12:37.806,138.13,0.0970227071143,0.0,0
2018-05-27 19:12:37.900,138.58,0.0970227071143,0.0,0
2018-05-27 19:12:38.061,138.9,0.0970227071143,0.0,0
2018-05-27 19:12:38.155,139.1,0.0970227071143,0.0,0
2018-05-27 19:12:38.248,139.39,0.0970227071143,0.0,0
2018-05-27 19:12:38.332,138.47,0.0970227071143,0.0,0
2018-05-27 19:12:38.518,139.23,0.0970227071143,0.0,0
2018-05-27 19:12:38.602,139.23,0.0970227071143,0.0,0
2018-05-27 19:12:38.695,139.84,0.0970227071143,0.0,0
2018-05-27 19:12:38.788,140.13,0.0970227071143,0.0,0
2018-05-27 19:12:38.881,140.61,0.0970227071143,0.0,0
2018-05-27 19:12:39.043,140.83,0.0970227071143,0.0,0
2018-05-27 19:12:39.136,140.84,0.0970227071143,0.0,0
2018-05-27 19:12:39.229,141.07,0.0970227071143,0.0,0
2018-05-27 19:12:39.322,140.72,0.0970227071143,0.0,0
2018-05-27 19:12:39.416,142.05,0.0970227071143,0.0,0
2018-05-27 19:12:39.508,142.45,0.0970227071143,0.0,0
2018-05-27 19:12:39.603,142.81,0.0970227071143,0.0,0
2018-05-27 19:12:39.685,141.88,0.0970227071143,0.0,0
2018-05-27 19:12:39.778,142.86,0.0970227071143,0.0,0
2018-05-27 19:12:39.873,143.74,0.0970227071143,0.0,0
2018-05-27 19:12:40.024,143.16,0.0970227071143,0.0,0
2018-05-27 19:12:40.117,143.72,0.0970227071143,0.0,0
2018-05-27 19:12:40.210,144.63,0.0970227071143,0.0,0
2018-05-27 19:12:40.303,145.32,0.0970227071143,0.0,0
2018-05-27 19:12:40.397,146.0,0.0970227071143,0.0,0
2018-05-27 19:12:40.490,145.46,0.0970227071143,0.0,0
2018-05-27 19:12:40.574,146.67,0.0970227071143,0.0,0
2018-05-27 19:12:40.667,145.89,0.0970227071143,0.0,0
2018-05-27 19:12:40.751,147.38,0.0970227071143,0.0,0
2018-05-27 19:12:40.844,146.58,0.0970227071143,0.0,0
2018-05-27 19:12:41.005,147.4,0.0970227071143,0.0,0
2018-05-27 19:12:41.099,147.59,0.0970227071143,0.0,0
2018-05-27 19:12:41.192,148.2,0.0970227071143,0.0,0
2018-05-27 19:12:41.285,149.04,0.0970227071143,0.0,0
2018-05-27 19:12:41.462,150.07,0.0970227071143,0.0,0
2018-05-27 19:12:41.648,149.84,0.0970227071143,0.0,0
2018-05-27 19:12:41.741,150.34,0.0970227071143,0.0,0
2018-05-27 19:12:41.825,150.38,0.0970227071143,0.0,0
2018-05-27 19:12:41.909,150.83,0.0970227071143,0.0,0
2018-05-27 19:12:42.071,151.08,0.0970227071143,0.0,0
2018-05-27 19:12:42.164,151.17,0.0970227071143,0.0,0
2018-05-27 19:12:42.248,151.66,0.0970227071143,0.0,0
2018-05-27 19:12:42.434,149.81,0.0970227071143,0.0,0
2018-05-27 19:12:42.527,149.83,0.0970227071143,0.0,0
2018-05-27 19:12:42.620,149.59,0.0970227071143,0.0,0
2018-05-27 19:12:42.713,148.49,0.0970227071143,0.0,0
2018-05-27 19:12:42.797,148.37,0.0970227071143,0.0,0
2018-05-27 19:12:43.052,146.7,0.0970227071143,0.0,0
2018-05-27 19:12:43.136,146.22,0.0970227071143,0.0,0
2018-05-27 19:12:43.229,145.94,0.0970227071143,0.0,0
2018-05-27 19:12:43.322,145.21,0.0970227071143,0.0,0
2018-05-27 19:12:43.508,145.07,0.0970227071143,0.0,0
2018-05-27 19:12:43.602,144.82,0.0970227071143,0.0,0
2018-05-27 19:12:43.695,143.66,0.0894719131076,0.0250000003725,0
2018-05-27 19:12:43.779,143.6,0.0894719131076,0.0,0
2018-05-27 19:12:43.862,142.52,0.0894719131076,0.0,0
2018-05-27 19:12:44.024,142.32,0.0894719131076,0.0,0
2018-05-27 19:12:44.117,142.09,0.0894719131076,0.0,0
2018-05-27 19:12:44.210,141.64,0.0894719131076,0.0,0
2018-05-27 19:12:44.304,141.32,0.0894719131076,0.0,0
2018-05-27 19:12:44.397,140.71,0.0894719131076,0.0,0
2018-05-27 19:12:44.490,140.4,0.0894719131076,0.0,0
2018-05-27 19:12:44.583,140.34,0.0894719131076,0.0,0
2018-05-27 19:12:44.676,140.36,0.0970227071143,0.0,0
2018-05-27 19:12:44.769,140.71,0.0970227071143,0.0,0
2018-05-27 19:12:44.862,140.66,0.0970227071143,0.0,0
2018-05-27 19:12:45.015,140.95,0.0970227071143,0.0,0
2018-05-27 19:12:45.108,141.18,0.0970227071143,0.0,0
2018-05-27 19:12:45.201,141.2,0.0970227071143,0.0,0
2018-05-27 19:12:45.294,141.73,0.0970227071143,0.0,0
2018-05-27 19:12:45.387,141.3,0.0970227071143,0.0,0
2018-05-27 19:12:45.481,141.15,0.0970227071143,0.0,0
2018-05-27 19:12:45.574,140.55,0.0970227071143,0.0,0
2018-05-27 19:12:45.667,140.2,0.0970244867034,0.0,0
2018-05-27 19:12:45.751,139.48,0.0970244867034,0.0,0
2018-05-27 19:12:45.844,139.08,0.0970244867034,0.0,0
2018-05-27 19:12:46.006,138.4,0.0970244867034,0.0,0
2018-05-27 19:12:46.099,138.63,0.0970244867034,0.0,0
2018-05-27 19:12:46.192,138.02,0.0970244867034,0.0,0
2018-05-27 19:12:46.285,136.63,0.0970244867034,0.0,0
2018-05-27 19:12:46.378,136.21,0.0970244867034,0.0,0
2018-05-27 19:12:46.471,135.34,0.0970244867034,0.0,0
2018-05-27 19:12:46.560,134.38,0.0970244867034,0.0,0
2018-05-27 19:12:46.648,134.56,0.0970244867034,0.0,0
2018-05-27 19:12:46.741,133.79,0.0970244867034,0.0,0
2018-05-27 19:12:46.825,132.56,0.0970244867034,0.0,0
2018-05-27 19:12:46.909,132.62,0.0970244867034,0.0,0
2018-05-27 19:12:47.071,132.2,0.0970244867034,0.0,0
2018-05-27 19:12:47.164,130.86,0.0970244867034,0.0,0
2018-05-27 19:12:47.257,129.31,0.0970244867034,0.0,0
2018-05-27 19:12:47.350,128.57,0.0970244867034,0.0,0
2018-05-27 19:12:47.434,128.17,0.0970244867034,0.0,0
2018-05-27 19:12:47.527,127.19,0.0970244867034,0.0,0
2018-05-27 19:12:47.713,125.5,0.0970244867034,0.0,0
2018-05-27 19:12:47.797,123.94,0.0970244867034,0.0,0
2018-05-27 19:12:47.890,123.11,0.0970244867034,0.0,0
2018-05-27 19:12:48.052,123.08,0.0970244867034,0.0,0
2018-05-27 19:12:48.239,121.46,0.0970244867034,0.0,0
2018-05-27 19:12:48.322,120.59,0.0970244867034,0.0,0
2018-05-27 19:12:48.415,120.02,0.0970244867034,0.0,0
2018-05-27 19:12:48.509,118.81,0.0970244867034,0.0,0
2018-05-27 19:12:48.602,117.61,0.0970244867034,0.0,0
2018-05-27 19:12:48.695,117.39,0.0970244867034,0.0,0
2018-05-27 19:12:48.872,115.06,0.0970244867034,0.0,0
2018-05-27 19:12:49.034,114.95,0.0970244867034,0.0,0
2018-05-27 19:12:49.127,113.46,0.0970244867034,0.0,0
2018-05-27 19:12:49.304,111.78,0.0970244867034,0.0,0
2018-05-27 19:12:49.490,109.4,0.0970244867034,0.0,0
2018-05-27 19:12:49.583,108.88,0.0970244867034,0.0,0
2018-05-27 19:12:49.676,107.47,0.0970244867034,0.0,0
2018-05-27 19:12:49.769,106.76,0.0970244867034,0.0,0
2018-05-27 19:12:49.862,106.08,0.0970244867034,0.0,0
2018-05-27 19:12:50.024,104.41,0.0970244867034,0.0,0
2018-05-27 19:12:50.108,103.28,0.0970244867034,0.0,0
2018-05-27 19:12:50.201,101.69,0.0970244867034,0.0,0
2018-05-27 19:12:50.294,102.0,0.0970244867034,0.0,0
2018-05-27 19:12:50.387,100.87,0.0970244867034,0.0,0
2018-05-27 19:12:50.481,99.46,0.0970244867034,0.0,0
2018-05-27 19:12:50.574,98.17,0.0970244867034,0.0,0
2018-05-27 19:12:50.667,96.18,0.0894734638321,0.0250000003725,0
2018-05-27 19:12:50.844,93.77,0.0690779027333,0.0750000029802,0
2018-05-27 19:12:51.006,92.51,0.0573040094181,0.0500000007451,0
2018-05-27 19:12:51.090,91.36,0.0469263389053,0.0500000007451,0
2018-05-27 19:12:51.183,90.52,0.037882839362,0.0500000007451,0
2018-05-27 19:12:51.443,86.32,0.0301030005745,0.0500000007451,0
2018-05-27 19:12:51.537,85.25,0.0301030005745,0.0,0
2018-05-27 19:12:51.630,83.72,0.0301030005745,0.0,0
2018-05-27 19:12:51.807,81.16,0.0301030005745,0.0,0
2018-05-27 19:12:51.900,80.21,0.0301030005745,0.0,0
2018-05-27 19:12:52.062,79.42,0.033839714319,0.0,0
2018-05-27 19:12:52.248,77.16,0.0469263392666,0.0,0
2018-05-27 19:12:52.527,74.12,0.0573040098303,0.0,0
2018-05-27 19:12:52.620,73.09,0.0690779031987,0.0,0
2018-05-27 19:12:52.704,71.98,0.0823022986184,0.0,0
2018-05-27 19:12:52.797,71.17,0.0970244867034,0.0,0
2018-05-27 19:12:52.890,70.3,0.0970244867034,0.0,0
2018-05-27 19:12:53.052,69.02,0.0970244867034,0.0,0
2018-05-27 19:12:53.145,68.31,0.0970244867034,0.0,0
2018-05-27 19:12:53.239,67.27,0.0970244867034,0.0,0
2018-05-27 19:12:53.332,66.61,0.0970244867034,0.0,0
2018-05-27 19:12:53.425,65.29,0.0970244867034,0.0,0
2018-05-27 19:12:53.510,65.64,0.0970244867034,0.0,0
2018-05-27 19:12:53.602,62.95,0.0970244867034,0.0,0
2018-05-27 19:12:53.695,62.22,0.0970244867034,0.0,0
2018-05-27 19:12:53.788,61.83,0.0970244867034,0.0,0
2018-05-27 19:12:53.881,60.76,0.0970244867034,0.0,0
2018-05-27 19:12:54.043,59.98,0.0970244867034,0.0,0
2018-05-27 19:12:54.136,58.93,0.0970244867034,0.0,0
2018-05-27 19:12:54.229,58.46,0.0970244867034,0.0,0
2018-05-27 19:12:54.416,56.47,0.0970244867034,0.0,0
2018-05-27 19:12:54.509,55.9,0.0894734638321,0.0250000003725,0
2018-05-27 19:12:54.592,55.41,0.0755056781564,0.0500000007451,0
2018-05-27 19:12:54.686,54.82,0.0690779031987,0.0250000003725,0
2018-05-27 19:12:54.863,53.12,0.0630128629797,0.0250000003725,0
2018-05-27 19:12:55.024,52.76,0.0519443340065,0.0500000007451,0
2018-05-27 19:12:55.304,51.01,0.037882839362,0.0750000029802,0
2018-05-27 19:12:55.481,50.1,0.0422420214705,0.125,0
2018-05-27 19:12:55.760,49.83,0.0690779049669,0.125,0
2018-05-27 19:12:56.006,49.32,0.0970244888955,0.10000000149,0
2018-05-27 19:12:56.099,49.33,0.13112125023,0.10000000149,0
2018-05-27 19:12:56.369,48.96,0.140639409752,0.0500000007451,0
2018-05-27 19:12:56.546,48.74,0.140639409752,0.0500000007451,0
2018-05-27 19:12:56.630,48.1,0.150562508012,0.0500000007451,0
2018-05-27 19:12:56.723,48.17,0.150562508012,0.0250000003725,0
2018-05-27 19:12:56.807,47.68,0.140639409752,0.0250000003725,0
2018-05-27 19:12:56.900,47.72,0.122004548875,0.0250000003725,0
2018-05-27 19:12:57.145,47.31,0.0823023005955,0.0,0
2018-05-27 19:12:57.239,47.34,0.0519443358617,0.0,0
2018-05-27 19:12:57.425,47.21,0.0338397159993,0.0,0
2018-05-27 19:12:57.518,47.26,0.0422420198539,0.0,0
2018-05-27 19:12:57.611,47.48,0.0519443340065,0.0,0
2018-05-27 19:12:57.779,48.14,0.0630128629797,0.0,0
2018-05-27 19:12:57.872,48.23,0.0755056781564,0.0,0
2018-05-27 19:12:58.034,48.62,0.0819801412481,0.0,0
2018-05-27 19:12:58.220,49.93,0.0890999723562,0.0,0
2018-05-27 19:12:58.313,50.19,0.0965959016128,0.0,0
2018-05-27 19:12:58.406,50.28,0.0965959016128,0.0,0
2018-05-27 19:12:58.499,50.4,0.0965959016128,0.0,0
2018-05-27 19:12:58.677,51.83,0.0965959016128,0.0,0
2018-05-27 19:12:58.770,52.33,0.0965959016128,0.0,0
2018-05-27 19:12:59.025,53.48,0.0965959016128,0.0,0
2018-05-27 19:12:59.211,54.95,0.0965959016128,0.0,0
2018-05-27 19:12:59.304,55.1,0.0965959016128,0.0,0
2018-05-27 19:12:59.397,55.77,0.0965959016128,0.0,0
2018-05-27 19:12:59.583,56.95,0.0965959016128,0.0,0
2018-05-27 19:12:59.676,57.8,0.0965959016128,0.0,0
2018-05-27 19:12:59.770,57.66,0.0965959016128,0.0,0
2018-05-27 19:12:59.853,58.52,0.0965959016128,0.0,0
2018-05-27 19:13:00.015,59.3,0.0965959016128,0.0,0
2018-05-27 19:13:00.108,59.66,0.0965959016128,0.0,0
2018-05-27 19:13:00.201,59.86,0.0965959016128,0.0,0
2018-05-27 19:13:00.297,60.83,0.0965959016128,0.0,0
2018-05-27 19:13:00.462,61.53,0.0965959016128,0.0,0
2018-05-27 19:13:00.658,63.15,0.0965959016128,0.0,0
2018-05-27 19:13:00.742,64.12,0.0965959016128,0.0,0
2018-05-27 19:13:00.923,65.09,0.0965959016128,0.0,0
2018-05-27 19:13:01.080,65.64,0.0965959016128,0.0,0
2018-05-27 19:13:01.258,66.58,0.0965959016128,0.0,0
2018-05-27 19:13:01.350,67.2,0.0965959016128,0.0,0
2018-05-27 19:13:01.444,67.38,0.0965959016128,0.0,0
2018-05-27 19:13:01.630,68.93,0.0965959016128,0.0,0
2018-05-27 19:13:01.723,68.39,0.0965959016128,0.0,0
2018-05-27 19:13:01.900,69.53,0.0965959016128,0.0,0
2018-05-27 19:13:02.155,70.16,0.0965959016128,0.0,0
2018-05-27 19:13:02.332,70.53,0.0965959016128,0.0,0
2018-05-27 19:13:02.518,71.72,0.0965959016128,0.0,0
2018-05-27 19:13:02.611,71.09,0.0965959016128,0.0,0
2018-05-27 19:13:02.788,72.31,0.0965959016128,0.0,0
2018-05-27 19:13:03.043,72.83,0.0965959016128,0.0,0
2018-05-27 19:13:03.127,74.02,0.0965959016128,0.0,0
2018-05-27 19:13:03.220,74.58,0.0965959016128,0.0,0
2018-05-27 19:13:03.313,75.15,0.0965959016128,0.0,0
2018-05-27 19:13:03.406,75.78,0.0965959016128,0.0,0
2018-05-27 19:13:03.593,76.24,0.0965959016128,0.0,0
2018-05-27 19:13:03.686,77.37,0.0965959016128,0.0,0
2018-05-27 19:13:03.770,77.49,0.0965959016128,0.0,0
2018-05-27 19:13:03.863,78.37,0.0965959016128,0.0,0
2018-05-27 19:13:04.015,78.47,0.0965959016128,0.0,0
2018-05-27 19:13:04.108,79.2,0.0965959016128,0.0,0
2018-05-27 19:13:04.201,80.21,0.0965959016128,0.0,0
2018-05-27 19:13:04.295,80.23,0.0965959016128,0.0,0
2018-05-27 19:13:04.481,80.45,0.0965959016128,0.0,0
2018-05-27 19:13:04.574,82.49,0.0965959016128,0.0,0
2018-05-27 19:13:04.667,82.18,0.0965959016128,0.0,0
2018-05-27 19:13:04.752,82.14,0.0965959016128,0.0,0
2018-05-27 19:13:04.844,83.01,0.0965959016128,0.0,0
2018-05-27 19:13:05.006,83.58,0.0965959016128,0.0,0
2018-05-27 19:13:05.099,83.32,0.0965959016128,0.0,0
2018-05-27 19:13:05.192,83.44,0.0965959016128,0.0,0
2018-05-27 19:13:05.286,83.86,0.0965959016128,0.0,0
2018-05-27 19:13:05.472,85.25,0.0965959016128,0.0,0
2018-05-27 19:13:05.565,85.5,0.0965959016128,0.0,0
2018-05-27 19:13:05.658,86.3,0.0965959016128,0.0,0
2018-05-27 19:13:05.742,85.53,0.0965959016128,0.0,0
2018-05-27 19:13:05.835,85.61,0.0965959016128,0.0,0
2018-05-27 19:13:06.080,87.44,0.0965959016128,0.0,0
2018-05-27 19:13:06.164,87.07,0.0965959016128,0.0,0
2018-05-27 19:13:06.257,87.22,0.0965959016128,0.0,0
2018-05-27 19:13:06.350,87.7,0.0965959016128,0.0,0
2018-05-27 19:13:06.444,88.03,0.0965959016128,0.0,0
2018-05-27 19:13:06.630,89.57,0.0965959016128,0.0,0
2018-05-27 19:13:06.714,88.97,0.0965959016128,0.0,0
2018-05-27 19:13:06.807,89.55,0.0965959016128,0.0,0
2018-05-27 19:13:06.900,88.95,0.0965959016128,0.0,0
2018-05-27 19:13:07.062,89.49,0.0965959016128,0.0,0
2018-05-27 19:13:07.248,90.86,0.0965959016128,0.0,0
2018-05-27 19:13:07.434,91.08,0.0965959016128,0.0,0
2018-05-27 19:13:07.527,91.53,0.0965959016128,0.0,0
2018-05-27 19:13:07.621,92.24,0.0965959016128,0.0,0
2018-05-27 19:13:07.704,92.86,0.0965959016128,0.0,0
2018-05-27 19:13:07.798,93.15,0.0965959016128,0.0,0
2018-05-27 19:13:07.891,93.68,0.0965959016128,0.0,0
2018-05-27 19:13:08.052,93.94,0.0965959016128,0.0,0
2018-05-27 19:13:08.146,93.57,0.0965959016128,0.0,0
2018-05-27 19:13:08.239,93.52,0.0965959016128,0.0,0
2018-05-27 19:13:08.416,94.72,0.0965959016128,0.0,0
2018-05-27 19:13:08.602,94.76,0.0965959016128,0.0,0
2018-05-27 19:13:08.695,94.32,0.0965959016128,0.0,0
2018-05-27 19:13:08.779,95.33,0.0965959016128,0.0,0
2018-05-27 19:13:08.872,95.58,0.0965959016128,0.0,0
2018-05-27 19:13:09.034,94.35,0.0965959016128,0.0,0
2018-05-27 19:13:09.119,95.12,0.0965959016128,0.0,0
2018-05-27 19:13:09.211,94.55,0.0965959016128,0.0,0
2018-05-27 19:13:09.295,94.24,0.0965959016128,0.0,0
2018-05-27 19:13:09.388,94.27,0.0965959016128,0.0,0
2018-05-27 19:13:09.481,94.21,0.0965959016128,0.0,0
2018-05-27 19:13:09.574,94.17,0.0965959016128,0.0,0
2018-05-27 19:13:09.668,93.86,0.0965959016128,0.0,0
2018-05-27 19:13:09.751,93.15,0.0965959016128,0.0,0
2018-05-27 19:13:09.844,92.88,0.0965959016128,0.0,0
2018-05-27 19:13:10.006,92.73,0.0965959016128,0.0,0
2018-05-27 19:13:10.099,92.43,0.0965959016128,0.0,0
2018-05-27 19:13:10.192,91.77,0.0965959016128,0.0,0
2018-05-27 19:13:10.285,91.16,0.0965963327963,0.0,0
2018-05-27 19:13:10.378,91.62,0.0965963327963,0.0,0
2018-05-27 19:13:10.472,90.98,0.0965963327963,0.0,0
2018-05-27 19:13:10.565,89.69,0.0965963327963,0.0,0
2018-05-27 19:13:10.658,89.9,0.0965963327963,0.0,0
2018-05-27 19:13:10.742,90.25,0.0965963327963,0.0,0
2018-05-27 19:13:10.835,90.48,0.0965963327963,0.0,0
2018-05-27 19:13:11.071,91.07,0.0965963327963,0.0,0
2018-05-27 19:13:11.164,91.31,0.0965963327963,0.0,0
2018-05-27 19:13:11.257,90.66,0.0965963327963,0.0,0
2018-05-27 19:13:11.351,91.57,0.0965963327963,0.0,0
2018-05-27 19:13:11.434,91.02,0.0965963327963,0.0,0
2018-05-27 19:13:11.528,91.26,0.0965963327963,0.0,0
2018-05-27 19:13:11.611,90.49,0.0965963327963,0.0,0
2018-05-27 19:13:11.704,90.75,0.0965963327963,0.0,0
2018-05-27 19:13:11.798,91.13,0.0965963327963,0.0,0
2018-05-27 19:13:12.053,90.57,0.0965963327963,0.0,0
2018-05-27 19:13:12.146,90.72,0.0965963327963,0.0,0
2018-05-27 19:13:12.229,89.34,0.0965963327963,0.0,0
2018-05-27 19:13:12.341,89.66,0.0965963327963,0.0,0
2018-05-27 19:13:12.434,89.81,0.0965963327963,0.0,0
2018-05-27 19:13:12.528,88.88,0.0965963327963,0.0,0
2018-05-27 19:13:12.621,88.98,0.0965963327963,0.0,0
2018-05-27 19:13:12.714,88.67,0.0965963327963,0.0,0
2018-05-27 19:13:12.798,87.76,0.0965963327963,0.0,0
2018-05-27 19:13:12.891,87.83,0.0965963327963,0.0,0
2018-05-27 19:13:13.146,87.64,0.0965963327963,0.0,0
2018-05-27 19:13:13.230,87.33,0.0965963327963,0.0,0
2018-05-27 19:13:13.323,86.81,0.0965963327963,0.0,0
2018-05-27 19:13:13.509,85.71,0.0965963327963,0.0,0
2018-05-27 19:13:13.602,85.36,0.0965963327963,0.0,0
2018-05-27 19:13:13.695,86.77,0.0965963327963,0.0,0
2018-05-27 19:13:13.779,86.65,0.0965963327963,0.0,0
2018-05-27 19:13:13.872,86.49,0.0965963327963,0.0,0
2018-05-27 19:13:14.034,86.07,0.0965963327963,0.0,0
2018-05-27 19:13:14.118,86.29,0.0965963327963,0.0,0
2018-05-27 19:13:14.211,87.4,0.0965963327963,0.0,0
2018-05-27 19:13:14.304,88.19,0.0965963327963,0.0,0
2018-05-27 19:13:14.397,88.07,0.0965963327963,0.0,0
2018-05-27 19:13:14.490,89.03,0.0965963327963,0.0,0
2018-05-27 19:13:14.583,89.5,0.0965963327963,0.0,0
2018-05-27 19:13:14.677,88.62,0.0965963327963,0.0,0
2018-05-27 19:13:14.770,89.54,0.0965963327963,0.0,0
2018-05-27 19:13:14.863,90.16,0.0965963327963,0.0,0
2018-05-27 19:13:15.025,90.99,0.0965963327963,0.0,0
2018-05-27 19:13:15.109,90.64,0.0965963327963,0.0,0
2018-05-27 19:13:15.202,91.52,0.0965963327963,0.0,0
2018-05-27 19:13:15.295,92.13,0.0965963327963,0.0,0
2018-05-27 19:13:15.388,92.35,0.0965963327963,0.0,0
2018-05-27 19:13:15.481,92.91,0.0965963327963,0.0,0
2018-05-27 19:13:15.574,94.04,0.0965963327963,0.0,0
2018-05-27 19:13:15.667,95.02,0.0965963327963,0.0,0
2018-05-27 19:13:15.760,94.7,0.0965963327963,0.0,0
2018-05-27 19:13:15.835,95.96,0.0965963327963,0.0,0
2018-05-27 19:13:15.928,95.88,0.0965963327963,0.0,0
2018-05-27 19:13:16.081,96.43,0.0965963327963,0.0,0
2018-05-27 19:13:16.164,96.08,0.0965963327963,0.0,0
2018-05-27 19:13:16.351,95.44,0.0965963327963,0.0,0
2018-05-27 19:13:16.444,95.5,0.0965963327963,0.0,0
2018-05-27 19:13:16.537,94.81,0.0965963327963,0.0,0
2018-05-27 19:13:16.630,94.54,0.0965963327963,0.0,0
2018-05-27 19:13:16.714,93.99,0.0965963327963,0.0,0
2018-05-27 19:13:16.807,93.78,0.0965963327963,0.0,0
2018-05-27 19:13:16.900,93.71,0.0965963327963,0.0,0
2018-05-27 19:13:17.155,93.33,0.0965963327963,0.0,0
2018-05-27 19:13:17.248,92.95,0.0965963327963,0.0,0
2018-05-27 19:13:17.341,92.72,0.0965963327963,0.0,0
2018-05-27 19:13:17.434,92.47,0.0965963327963,0.0,0
2018-05-27 19:13:17.528,92.07,0.0965963327963,0.0,0
2018-05-27 19:13:17.621,91.6,0.0965963327963,0.0,0
2018-05-27 19:13:17.798,91.11,0.0965963327963,0.0,0
2018-05-27 19:13:17.891,89.8,0.0965963327963,0.0,0
2018-05-27 19:13:18.146,89.65,0.0965963327963,0.0,0
2018-05-27 19:13:18.239,89.96,0.0965963327963,0.0,0
2018-05-27 19:13:18.332,89.22,0.0965963327963,0.0,0
2018-05-27 19:13:18.425,89.59,0.0965963327963,0.0,0
2018-05-27 19:13:18.612,88.58,0.0965963327963,0.0,0
2018-05-27 19:13:18.695,88.79,0.0965963327963,0.0,0
2018-05-27 19:13:18.788,88.67,0.0965963327963,0.0,0
2018-05-27 19:13:18.882,88.47,0.0965963327963,0.0,0
2018-05-27 19:13:19.043,86.82,0.0965963327963,0.0,0
2018-05-27 19:13:19.230,86.85,0.0965963327963,0.0,0
2018-05-27 19:13:19.323,86.83,0.0965963327963,0.0,0
2018-05-27 19:13:19.416,87.05,0.0965963327963,0.0,0
2018-05-27 19:13:19.509,86.91,0.0965963327963,0.0,0
2018-05-27 19:13:19.603,86.32,0.0965963327963,0.0,0
2018-05-27 19:13:19.686,85.76,0.0965963327963,0.0,0
2018-05-27 19:13:19.779,85.91,0.0965963327963,0.0,0
2018-05-27 19:13:19.872,85.41,0.0965963327963,0.0,0
2018-05-27 19:13:20.034,85.75,0.0965963327963,0.0,0
2018-05-27 19:13:20.127,85.53,0.0965963327963,0.0,0
2018-05-27 19:13:20.220,85.28,0.0965963327963,0.0,0
2018-05-27 19:13:20.314,83.62,0.0965963327963,0.0,0
2018-05-27 19:13:20.408,84.24,0.0965963327963,0.0,0
2018-05-27 19:13:20.490,84.09,0.0965963327963,0.0,0
2018-05-27 19:13:20.584,83.86,0.0965963327963,0.0,0
2018-05-27 19:13:20.677,84.2,0.0965963327963,0.0,0
2018-05-27 19:13:20.770,83.26,0.0965963327963,0.0,0
2018-05-27 19:13:20.863,83.01,0.0965963327963,0.0,0
2018-05-27 19:13:21.025,83.08,0.0965963327963,0.0,0
2018-05-27 19:13:21.100,82.12,0.0965963327963,0.0,0
2018-05-27 19:13:21.203,82.24,0.0965963327963,0.0,0
2018-05-27 19:13:21.295,81.31,0.0965963327963,0.0,0
2018-05-27 19:13:21.481,82.15,0.0965963327963,0.0,0
2018-05-27 19:13:21.574,81.18,0.0965963327963,0.0,0
2018-05-27 19:13:21.667,81.4,0.0965963327963,0.0,0
2018-05-27 19:13:21.760,81.16,0.0965963327963,0.0,0
2018-05-27 19:13:21.844,81.01,0.0965963327963,0.0,0
2018-05-27 19:13:22.099,80.86,0.0965963327963,0.0,0
2018-05-27 19:13:22.192,80.11,0.0965963327963,0.0,0
2018-05-27 19:13:22.276,79.48,0.0965963327963,0.0,0
2018-05-27 19:13:22.369,80.03,0.0965963327963,0.0,0
2018-05-27 19:13:22.556,79.12,0.0965963327963,0.0,0
2018-05-27 19:13:22.742,80.48,0.0965963327963,0.0,0
2018-05-27 19:13:23.062,80.33,0.0965963327963,0.0,0
2018-05-27 19:13:23.155,80.0,0.0965963327963,0.0,0
2018-05-27 19:13:23.248,80.77,0.0965963327963,0.0,0
2018-05-27 19:13:23.341,80.91,0.0965963327963,0.0,0
2018-05-27 19:13:23.435,80.17,0.0965963327963,0.0,0
2018-05-27 19:13:23.528,80.95,0.0965963327963,0.0,0
2018-05-27 19:13:23.621,81.43,0.0965963327963,0.0,0
2018-05-27 19:13:23.798,81.24,0.0965963327963,0.0,0
2018-05-27 19:13:23.882,81.49,0.0965963327963,0.0,0
2018-05-27 19:13:24.043,81.79,0.0965963327963,0.0,0
2018-05-27 19:13:24.137,80.89,0.0965963327963,0.0,0
2018-05-27 19:13:24.230,81.14,0.0965963327963,0.0,0
2018-05-27 19:13:24.323,80.88,0.0965963327963,0.0,0
2018-05-27 19:13:24.509,79.89,0.0965963327963,0.0,0
2018-05-27 19:13:24.602,79.92,0.0965963327963,0.0,0
2018-05-27 19:13:24.695,80.22,0.0965963327963,0.0,0
2018-05-27 19:13:24.872,79.27,0.0965963327963,0.0,0
2018-05-27 19:13:25.034,79.96,0.0965963327963,0.0,0
2018-05-27 19:13:25.127,79.39,0.0965963327963,0.0,0
2018-05-27 19:13:25.407,78.73,0.0965963327963,0.0,0
2018-05-27 19:13:25.593,78.2,0.0965963327963,0.0,0
2018-05-27 19:13:25.770,77.14,0.0965963327963,0.0,0
2018-05-27 19:13:25.864,77.51,0.0965963327963,0.0,0
2018-05-27 19:13:26.118,76.48,0.0965963327963,0.0,0
2018-05-27 19:13:26.211,77.39,0.0965963327963,0.0,0
2018-05-27 19:13:26.398,76.35,0.0965963327963,0.0,0
2018-05-27 19:13:26.490,76.33,0.0965963327963,0.0,0
2018-05-27 19:13:26.584,75.4,0.0965963327963,0.0,0
2018-05-27 19:13:26.770,75.81,0.0965963327963,0.0,0
2018-05-27 19:13:26.854,75.99,0.0965963327963,0.0,0
2018-05-27 19:13:27.016,76.69,0.0965963327963,0.0,0
2018-05-27 19:13:27.109,75.46,0.0965963327963,0.0,0
2018-05-27 19:13:27.202,76.27,0.0965963327963,0.0,0
2018-05-27 19:13:27.295,76.82,0.0965963327963,0.0,0
2018-05-27 19:13:27.388,76.54,0.0965963327963,0.0,0
2018-05-27 19:13:27.481,76.51,0.0965963327963,0.0,0
2018-05-27 19:13:27.574,77.55,0.0965963327963,0.0,0
2018-05-27 19:13:27.667,77.26,0.0965963327963,0.0,0
2018-05-27 19:13:27.751,78.19,0.0965963327963,0.0,0
2018-05-27 19:13:27.844,78.35,0.0965963327963,0.0,0
2018-05-27 19:13:28.006,78.01,0.0965963327963,0.0,0
2018-05-27 19:13:28.099,78.17,0.0965963327963,0.0,0
2018-05-27 19:13:28.192,78.27,0.0965963327963,0.0,0
2018-05-27 19:13:28.379,77.17,0.0965963327963,0.0,0
2018-05-27 19:13:28.472,77.54,0.0965963327963,0.0,0
2018-05-27 19:13:28.565,76.91,0.0965963327963,0.0,0
2018-05-27 19:13:28.658,76.55,0.0965963327963,0.0,0
2018-05-27 19:13:28.742,77.36,0.0965963327963,0.0,0
2018-05-27 19:13:28.835,76.33,0.0965963327963,0.0,0
2018-05-27 19:13:28.924,76.66,0.0965963327963,0.0,0
2018-05-27 19:13:29.081,76.17,0.0965963327963,0.0,0
2018-05-27 19:13:29.165,76.82,0.0965963327963,0.0,0
2018-05-27 19:13:29.258,75.15,0.0965963327963,0.0,0
2018-05-27 19:13:29.444,75.52,0.0965963327963,0.0,0
2018-05-27 19:13:29.621,75.88,0.0965963327963,0.0,0
2018-05-27 19:13:29.714,74.52,0.0965963327963,0.0,0
2018-05-27 19:13:29.891,74.59,0.0965963327963,0.0,0
2018-05-27 19:13:30.053,74.13,0.0965963327963,0.0,0
2018-05-27 19:13:30.239,73.86,0.0965963327963,0.0,0
2018-05-27 19:13:30.332,73.78,0.0965963327963,0.0,0
2018-05-27 19:13:30.509,73.18,0.0965963327963,0.0,0
2018-05-27 19:13:30.602,72.24,0.0965963327963,0.0,0
2018-05-27 19:13:30.695,72.7,0.0965963327963,0.0,0
2018-05-27 19:13:30.779,71.86,0.0965963327963,0.0,0
2018-05-27 19:13:30.872,71.82,0.0965963327963,0.0,0
2018-05-27 19:13:31.034,71.97,0.0965963327963,0.0,0
2018-05-27 19:13:31.127,72.26,0.0965963327963,0.0,0
2018-05-27 19:13:31.221,72.23,0.0965963327963,0.0,0
2018-05-27 19:13:31.314,71.92,0.0965963327963,0.0,0
2018-05-27 19:13:31.397,72.88,0.0965963327963,0.0,0
2018-05-27 19:13:31.491,72.31,0.0965963327963,0.0,0
2018-05-27 19:13:31.584,73.29,0.0965963327963,0.0,0
2018-05-27 19:13:31.677,72.64,0.0965963327963,0.0,0
2018-05-27 19:13:31.770,73.66,0.0965963327963,0.0,0
2018-05-27 19:13:31.863,73.56,0.0965963327963,0.0,0
2018-05-27 19:13:32.025,72.77,0.0965963327963,0.0,0
2018-05-27 19:13:32.211,72.12,0.0965963327963,0.0,0
2018-05-27 19:13:32.388,71.27,0.0965963327963,0.0,0
2018-05-27 19:13:32.481,72.18,0.0965963327963,0.0,0
2018-05-27 19:13:32.574,71.51,0.0965963327963,0.0,0
2018-05-27 19:13:32.668,71.66,0.0965963327963,0.0,0
2018-05-27 19:13:32.761,70.89,0.0965963327963,0.0,0
2018-05-27 19:13:33.006,70.79,0.0965963327963,0.0,0
2018-05-27 19:13:33.100,71.0,0.0965963327963,0.0,0
2018-05-27 19:13:33.193,70.57,0.0965963327963,0.0,0
2018-05-27 19:13:33.370,70.43,0.0965963327963,0.0,0
2018-05-27 19:13:33.537,70.62,0.0965963327963,0.0,0
2018-05-27 19:13:33.630,70.55,0.0965963327963,0.0,0
2018-05-27 19:13:33.715,70.73,0.0965963327963,0.0,0
2018-05-27 19:13:33.798,70.9,0.0965963327963,0.0,0
2018-05-27 19:13:33.891,71.44,0.0965963327963,0.0,0
2018-05-27 19:13:34.137,71.23,0.0965963327963,0.0,0
2018-05-27 19:13:34.230,71.04,0.0965963327963,0.0,0
2018-05-27 19:13:34.314,71.89,0.0965963327963,0.0,0
2018-05-27 19:13:34.407,71.35,0.0965963327963,0.0,0
2018-05-27 19:13:34.500,71.97,0.0965963327963,0.0,0
2018-05-27 19:13:34.593,72.12,0.0965963327963,0.0,0
2018-05-27 19:13:34.686,72.57,0.0965963327963,0.0,0
2018-05-27 19:13:34.770,72.56,0.0965963327963,0.0,0
2018-05-27 19:13:34.863,73.34,0.0965963327963,0.0,0
2018-05-27 19:13:35.025,72.99,0.0965963327963,0.0,0
2018-05-27 19:13:35.109,73.76,0.0965963327963,0.0,0
2018-05-27 19:13:35.295,73.82,0.0965963327963,0.0,0
2018-05-27 19:13:35.388,74.04,0.0965963327963,0.0,0
2018-05-27 19:13:35.481,73.86,0.0965963327963,0.0,0
2018-05-27 19:13:35.575,74.76,0.0965963327963,0.0,0
2018-05-27 19:13:35.668,74.21,0.0965963327963,0.0,0
2018-05-27 19:13:35.761,74.78,0.0965963327963,0.0,0
2018-05-27 19:13:35.835,74.93,0.0965963327963,0.0,0
2018-05-27 19:13:35.928,75.71,0.0965963327963,0.0,0
2018-05-27 19:13:36.090,75.24,0.0965963327963,0.0,0
2018-05-27 19:13:36.174,75.08,0.0965963327963,0.0,0
2018-05-27 19:13:36.258,75.89,0.0965963327963,0.0,0
2018-05-27 19:13:36.351,76.35,0.0965963327963,0.0,0
2018-05-27 19:13:36.444,76.07,0.0965963327963,0.0,0
2018-05-27 19:13:36.537,76.5,0.0965963327963,0.0,0
2018-05-27 19:13:36.630,76.76,0.0965963327963,0.0,0
2018-05-27 19:13:36.808,76.83,0.0965963327963,0.0,0
2018-05-27 19:13:36.900,77.48,0.0965963327963,0.0,0
2018-05-27 19:13:37.062,77.39,0.0965963327963,0.0,0
2018-05-27 19:13:37.155,77.89,0.0965963327963,0.0,0
2018-05-27 19:13:37.342,78.43,0.0965963327963,0.0,0
2018-05-27 19:13:37.435,78.31,0.0965963327963,0.0,0
2018-05-27 19:13:37.528,78.38,0.0965963327963,0.0,0
2018-05-27 19:13:37.705,79.68,0.0965963327963,0.0,0
2018-05-27 19:13:37.891,80.29,0.0965963327963,0.0,0
2018-05-27 19:13:38.053,79.75,0.0965963327963,0.0,0
2018-05-27 19:13:38.146,80.63,0.0965963327963,0.0,0
2018-05-27 19:13:38.239,81.48,0.0965963327963,0.0,0
2018-05-27 19:13:38.519,80.18,0.0965963327963,0.0,0
2018-05-27 19:13:38.612,80.54,0.0965963327963,0.0,0
2018-05-27 19:13:38.696,80.25,0.0965963327963,0.0,0
2018-05-27 19:13:38.789,80.02,0.0965963327963,0.0,0
2018-05-27 19:13:38.882,80.06,0.0965963327963,0.0,0
2018-05-27 19:13:39.044,79.72,0.0965963327963,0.0,0
2018-05-27 19:13:39.137,79.49,0.0965963327963,0.0,0
2018-05-27 19:13:39.230,79.17,0.0965963327963,0.0,0
2018-05-27 19:13:39.323,79.08,0.0965963327963,0.0,0
2018-05-27 19:13:39.416,77.79,0.0965963327963,0.0,0
2018-05-27 19:13:39.509,78.53,0.0965963327963,0.0,0
2018-05-27 19:13:39.603,78.35,0.0965963327963,0.0,0
2018-05-27 19:13:39.686,77.98,0.0965963327963,0.0,0
2018-05-27 19:13:39.779,77.25,0.0965963327963,0.0,0
2018-05-27 19:13:39.873,77.57,0.0965963327963,0.0,0
2018-05-27 19:13:40.034,77.4,0.0965963327963,0.0,0
2018-05-27 19:13:40.128,77.21,0.0965963327963,0.0,0
2018-05-27 19:13:40.221,76.97,0.0965963327963,0.0,0
2018-05-27 19:13:40.314,76.83,0.0965963327963,0.0,0
2018-05-27 19:13:40.407,75.82,0.0965963327963,0.0,0
2018-05-27 19:13:40.593,75.79,0.0965963327963,0.0,0
2018-05-27 19:13:40.677,76.05,0.0965963327963,0.0,0
2018-05-27 19:13:40.770,75.84,0.0965963327963,0.0,0
2018-05-27 19:13:40.863,75.69,0.0965963327963,0.0,0
2018-05-27 19:13:41.025,75.57,0.0965963327963,0.0,0
2018-05-27 19:13:41.118,75.48,0.0965963327963,0.0,0
2018-05-27 19:13:41.211,76.22,0.0965963327963,0.0,0
2018-05-27 19:13:41.304,75.81,0.0965963327963,0.0,0
2018-05-27 19:13:41.398,75.67,0.0965963327963,0.0,0
2018-05-27 19:13:41.491,76.5,0.0965963327963,0.0,0
2018-05-27 19:13:41.584,76.88,0.0965963327963,0.0,0
2018-05-27 19:13:41.668,76.81,0.0965963327963,0.0,0
2018-05-27 19:13:41.761,77.23,0.0965963327963,0.0,0
2018-05-27 19:13:41.845,77.27,0.0965963327963,0.0,0
2018-05-27 19:13:42.007,77.94,0.0965963327963,0.0,0
2018-05-27 19:13:42.100,77.61,0.0965963327963,0.0,0
2018-05-27 19:13:42.193,77.79,0.0965963327963,0.0,0
2018-05-27 19:13:42.817,78.21,0.0965963327963,0.0,0
2018-05-27 19:13:42.910,77.98,0.0965963327963,0.0,0
2018-05-27 19:13:43.165,77.55,0.0965963327963,0.0,0
2018-05-27 19:13:43.258,77.35,0.0965963327963,0.0,0
2018-05-27 19:13:43.435,76.65,0.0965963327963,0.0,0
2018-05-27 19:13:43.528,76.75,0.0965963327963,0.0,0
2018-05-27 19:13:43.705,76.04,0.0965963327963,0.0,0
2018-05-27 19:13:43.798,76.01,0.0965963327963,0.0,0
2018-05-27 19:13:43.891,75.79,0.0965963327963,0.0,0
2018-05-27 19:13:44.146,75.53,0.0965963327963,0.0,0
2018-05-27 19:13:44.230,74.82,0.0965963327963,0.0,0
2018-05-27 19:13:44.323,74.89,0.0965963327963,0.0,0
2018-05-27 19:13:44.416,74.52,0.0965963327963,0.0,0
2018-05-27 19:13:44.509,74.69,0.0965963327963,0.0,0
2018-05-27 19:13:44.603,74.18,0.0965963327963,0.0,0
2018-05-27 19:13:44.696,73.76,0.0965963327963,0.0,0
2018-05-27 19:13:44.780,73.81,0.0965963327963,0.0,0
2018-05-27 19:13:44.873,73.54,0.0965963327963,0.0,0
2018-05-27 19:13:45.035,73.33,0.0965963327963,0.0,0
2018-05-27 19:13:45.118,73.2,0.0965963327963,0.0,0
2018-05-27 19:13:45.211,72.93,0.0965963327963,0.0,0
2018-05-27 19:13:45.305,72.68,0.0965963327963,0.0,0
2018-05-27 19:13:45.398,72.53,0.0965963327963,0.0,0
2018-05-27 19:13:45.491,71.8,0.0965963327963,0.0,0
2018-05-27 19:13:45.584,72.13,0.0965963327963,0.0,0
2018-05-27 19:13:45.677,71.94,0.0965963327963,0.0,0
2018-05-27 19:13:45.770,70.87,0.0965963327963,0.0,0
2018-05-27 19:13:46.026,71.31,0.0965963327963,0.0,0
2018-05-27 19:13:46.109,71.14,0.0965963327963,0.0,0
2018-05-27 19:13:46.295,70.82,0.0965963327963,0.0,0
2018-05-27 19:13:46.388,70.18,0.0965963327963,0.0,0
2018-05-27 19:13:46.482,70.52,0.0965963327963,0.0,0
2018-05-27 19:13:46.575,70.08,0.0965963327963,0.0,0
2018-05-27 19:13:46.668,70.02,0.0965963327963,0.0,0
2018-05-27 19:13:47.086,68.63,0.0965963327963,0.0,0
2018-05-27 19:13:47.174,69.01,0.0965963327963,0.0,0
2018-05-27 19:13:47.258,68.72,0.0965963327963,0.0,0
2018-05-27 19:13:47.351,68.44,0.0965963327963,0.0,0
2018-05-27 19:13:47.444,68.62,0.0965963327963,0.0,0
2018-05-27 19:13:47.538,67.92,0.0965963327963,0.0,0
2018-05-27 19:13:47.714,67.33,0.0965963327963,0.0,0
2018-05-27 19:13:47.798,67.88,0.0965963327963,0.0,0
2018-05-27 19:13:47.891,67.45,0.0965963327963,0.0,0
2018-05-27 19:13:48.053,66.98,0.0965963327963,0.0,0
2018-05-27 19:13:48.231,66.89,0.0965963327963,0.0,0
2018-05-27 19:13:48.419,65.88,0.0965963327963,0.0,0
2018-05-27 19:13:48.510,66.23,0.0965963327963,0.0,0
2018-05-27 19:13:48.603,66.06,0.0965963327963,0.0,0
2018-05-27 19:13:48.780,65.69,0.0965963327963,0.0,0
2018-05-27 19:13:48.873,65.02,0.0965963327963,0.0,0
2018-05-27 19:13:49.037,65.22,0.0965963327963,0.0,0
2018-05-27 19:13:49.118,65.13,0.0965963327963,0.0,0
2018-05-27 19:13:49.212,64.64,0.0965963327963,0.0,0
2018-05-27 19:13:49.398,64.56,0.0965963327963,0.0,0
2018-05-27 19:13:49.491,64.38,0.0965963327963,0.0,0
2018-05-27 19:13:49.584,64.29,0.0965963327963,0.0,0
2018-05-27 19:13:49.677,63.16,0.0965963327963,0.0,0
2018-05-27 19:13:49.770,63.73,0.0965963327963,0.0,0
2018-05-27 19:13:49.863,64.18,0.0965963327963,0.0,0
2018-05-27 19:13:50.025,63.63,0.0965963327963,0.0,0
2018-05-27 19:13:50.295,63.49,0.0965963327963,0.0,0
2018-05-27 19:13:50.388,63.96,0.0965963327963,0.0,0
2018-05-27 19:13:50.482,63.83,0.0965963327963,0.0,0
2018-05-27 19:13:50.575,64.25,0.0965963327963,0.0,0
2018-05-27 19:13:50.668,64.74,0.0965963327963,0.0,0
2018-05-27 19:13:50.761,64.06,0.0965963327963,0.0,0
2018-05-27 19:13:50.836,65.03,0.0965963327963,0.0,0
2018-05-27 19:13:50.929,65.04,0.0965963327963,0.0,0
2018-05-27 19:13:51.091,65.6,0.0965963327963,0.0,0
2018-05-27 19:13:51.184,65.37,0.0965963327963,0.0,0
2018-05-27 19:13:51.272,65.94,0.0965963327963,0.0,0
2018-05-27 19:13:51.361,66.11,0.0965963327963,0.0,0
2018-05-27 19:13:51.444,66.1,0.0965963327963,0.0,0
2018-05-27 19:13:51.538,67.43,0.0965963327963,0.0,0
2018-05-27 19:13:51.621,67.06,0.0965963327963,0.0,0
2018-05-27 19:13:51.808,67.69,0.0965963327963,0.0,0
2018-05-27 19:13:51.901,67.44,0.0965963327963,0.0,0
2018-05-27 19:13:52.156,67.56,0.0965963327963,0.0,0
2018-05-27 19:13:52.342,68.87,0.0965963327963,0.0,0
2018-05-27 19:13:52.528,69.31,0.0965963327963,0.0,0
2018-05-27 19:13:52.622,69.54,0.0965963327963,0.0,0
2018-05-27 19:13:52.705,69.13,0.0965963327963,0.0,0
2018-05-27 19:13:52.798,69.91,0.0965963327963,0.0,0
2018-05-27 19:13:52.891,69.6,0.0965963327963,0.0,0
2018-05-27 19:13:53.240,70.92,0.0965963327963,0.0,0
2018-05-27 19:13:53.333,70.8,0.0965963327963,0.0,0
2018-05-27 19:13:53.426,71.37,0.0965963327963,0.0,0
2018-05-27 19:13:53.696,71.7,0.0965963327963,0.0,0
2018-05-27 19:13:53.789,72.21,0.0965963327963,0.0,0
2018-05-27 19:13:54.044,72.68,0.0965963327963,0.0,0
2018-05-27 19:13:54.137,72.44,0.0965963327963,0.0,0
2018-05-27 19:13:54.230,72.82,0.0965963327963,0.0,0
2018-05-27 19:13:54.323,73.02,0.0965963327963,0.0,0
2018-05-27 19:13:54.417,73.49,0.0965963327963,0.0,0
2018-05-27 19:13:54.500,73.49,0.0965963327963,0.0,0
2018-05-27 19:13:54.593,73.7,0.0965963327963,0.0,0
2018-05-27 19:13:54.687,74.06,0.0965963327963,0.0,0
2018-05-27 19:13:54.770,73.79,0.0965963327963,0.0,0
2018-05-27 19:13:54.864,74.93,0.0965963327963,0.0,0
2018-05-27 19:13:55.025,74.63,0.0965963327963,0.0,0
2018-05-27 19:13:55.119,74.7,0.0965963327963,0.0,0
2018-05-27 19:13:55.212,75.84,0.0965963327963,0.0,0
2018-05-27 19:13:55.389,75.68,0.0965963327963,0.0,0
2018-05-27 19:13:55.482,76.38,0.0965963327963,0.0,0
2018-05-27 19:13:55.575,75.93,0.0965963327963,0.0,0
2018-05-27 19:13:55.761,76.81,0.0965963327963,0.0,0
2018-05-27 19:13:55.845,77.14,0.0965963327963,0.0,0
2018-05-27 19:13:56.007,77.54,0.0965963327963,0.0,0
2018-05-27 19:13:56.101,77.45,0.0965963327963,0.0,0
2018-05-27 19:13:56.272,78.16,0.0965963327963,0.0,0
2018-05-27 19:13:56.361,78.54,0.0965963327963,0.0,0
2018-05-27 19:13:56.538,79.59,0.0965963327963,0.0,0
2018-05-27 19:13:56.631,80.16,0.0965963327963,0.0,0
2018-05-27 19:13:56.808,80.63,0.0965963327963,0.0,0
2018-05-27 19:13:57.063,82.34,0.0965963327963,0.0,0
2018-05-27 19:13:57.156,81.9,0.0965963327963,0.0,0
2018-05-27 19:13:57.249,81.99,0.0965963327963,0.0,0
2018-05-27 19:13:57.342,83.15,0.0965963327963,0.0,0
2018-05-27 19:13:57.435,84.02,0.0965963327963,0.0,0
2018-05-27 19:13:57.528,83.83,0.0965963327963,0.0,0
2018-05-27 19:13:57.622,84.23,0.0965963327963,0.0,0
2018-05-27 19:13:57.705,84.23,0.0965963327963,0.0,0
2018-05-27 19:13:57.798,84.47,0.0965963327963,0.0,0
2018-05-27 19:13:57.892,85.68,0.0965963327963,0.0,0
2018-05-27 19:13:58.146,86.02,0.0965963327963,0.0,0
2018-05-27 19:13:58.240,85.77,0.0965963327963,0.0,0
2018-05-27 19:13:58.333,86.63,0.0965963327963,0.0,0
2018-05-27 19:13:58.519,86.81,0.0965963327963,0.0,0
2018-05-27 19:13:58.696,86.59,0.0965963327963,0.0,0
2018-05-27 19:13:58.789,86.04,0.0965963327963,0.0,0
2018-05-27 19:13:58.882,85.41,0.0965963327963,0.0,0
2018-05-27 19:13:59.044,85.12,0.0965963327963,0.0,0
2018-05-27 19:13:59.137,84.43,0.0965963327963,0.0,0
2018-05-27 19:13:59.230,84.96,0.0965963327963,0.0,0
2018-05-27 19:13:59.323,84.67,0.0965963327963,0.0,0
2018-05-27 19:13:59.417,84.35,0.0965963327963,0.0,0
2018-05-27 19:13:59.510,83.67,0.0965963327963,0.0,0
2018-05-27 19:13:59.603,83.48,0.0965963327963,0.0,0
2018-05-27 19:13:59.687,83.48,0.0965963327963,0.0,0
2018-05-27 19:13:59.780,83.55,0.0965963327963,0.0,0
2018-05-27 19:13:59.873,82.66,0.0965963327963,0.0,0
2018-05-27 19:14:00.035,82.46,0.0965963327963,0.0,0
2018-05-27 19:14:00.128,82.38,0.0965963327963,0.0,0
2018-05-27 19:14:00.221,82.35,0.0965963327963,0.0,0
2018-05-27 19:14:00.314,80.9,0.0965963327963,0.0,0
2018-05-27 19:14:00.500,81.62,0.0965963327963,0.0,0
2018-05-27 19:14:00.677,80.73,0.0965963327963,0.0,0
2018-05-27 19:14:00.771,80.22,0.0965963327963,0.0,0
2018-05-27 19:14:00.864,80.23,0.0965963327963,0.0,0
2018-05-27 19:14:01.026,80.11,0.0965963327963,0.0,0
2018-05-27 19:14:01.119,79.34,0.0965963327963,0.0,0
2018-05-27 19:14:01.305,80.05,0.0965963327963,0.0,0
2018-05-27 19:14:01.398,79.35,0.0965963327963,0.0,0
2018-05-27 19:14:01.491,79.09,0.0965963327963,0.0,0
2018-05-27 19:14:01.585,80.51,0.0965963327963,0.0,0
2018-05-27 19:14:01.668,79.62,0.0965963327963,0.0,0
2018-05-27 19:14:01.848,81.01,0.0965963327963,0.0,0
2018-05-27 19:14:02.007,80.61,0.0965963327963,0.0,0
2018-05-27 19:14:02.100,81.47,0.0965963327963,0.0,0
2018-05-27 19:14:02.193,81.56,0.0965963327963,0.0,0
2018-05-27 19:14:02.287,82.19,0.0965963327963,0.0,0
2018-05-27 19:14:02.379,81.38,0.0965963327963,0.0,0
2018-05-27 19:14:02.473,82.17,0.0965963327963,0.0,0
2018-05-27 19:14:02.659,83.8,0.0965963327963,0.0,0
2018-05-27 19:14:02.743,83.03,0.0965963327963,0.0,0
2018-05-27 19:14:02.920,84.26,0.0965963327963,0.0,0
2018-05-27 19:14:03.072,84.47,0.0965963327963,0.0,0
2018-05-27 19:14:03.165,84.48,0.0965963327963,0.0,0
2018-05-27 19:14:03.258,85.01,0.0965963327963,0.0,0
2018-05-27 19:14:03.351,85.6,0.0965963327963,0.0,0
2018-05-27 19:14:03.445,86.33,0.0965963327963,0.0,0
2018-05-27 19:14:03.538,86.15,0.0965963327963,0.0,0
2018-05-27 19:14:03.631,86.74,0.0965963327963,0.0,0
2018-05-27 19:14:04.063,87.88,0.0965963327963,0.0,0
2018-05-27 19:14:04.156,87.92,0.0965963327963,0.0,0
2018-05-27 19:14:04.342,88.31,0.0965963327963,0.0,0
2018-05-27 19:14:04.528,88.7,0.0965963327963,0.0,0
2018-05-27 19:14:04.799,89.92,0.0965963327963,0.0,0
2018-05-27 19:14:04.892,91.26,0.0965963327963,0.0,0
2018-05-27 19:14:05.053,91.96,0.0965963327963,0.0,0
2018-05-27 19:14:05.147,92.61,0.0965963327963,0.0,0
2018-05-27 19:14:05.333,92.65,0.0965963327963,0.0,0
2018-05-27 19:14:05.426,92.46,0.0965963327963,0.0,0
2018-05-27 19:14:05.612,92.08,0.0965963327963,0.0,0
2018-05-27 19:14:05.705,91.8,0.0965963327963,0.0,0
2018-05-27 19:14:05.789,91.54,0.0965963327963,0.0,0
2018-05-27 19:14:05.882,91.37,0.0965963327963,0.0,0
2018-05-27 19:14:06.044,90.39,0.0965963327963,0.0,0
2018-05-27 19:14:06.138,90.85,0.0965963327963,0.0,0
2018-05-27 19:14:06.231,90.12,0.0965963327963,0.0,0
2018-05-27 19:14:06.324,89.36,0.0965963327963,0.0,0
2018-05-27 19:14:06.417,89.19,0.0965963327963,0.0,0
2018-05-27 19:14:06.603,88.58,0.0965963327963,0.0,0
2018-05-27 19:14:06.696,88.51,0.0965963327963,0.0,0
2018-05-27 19:14:06.780,88.85,0.0965963327963,0.0,0
2018-05-27 19:14:06.873,88.36,0.0965963327963,0.0,0
2018-05-27 19:14:07.035,88.28,0.0965963327963,0.0,0
2018-05-27 19:14:07.128,88.29,0.0965963327963,0.0,0
2018-05-27 19:14:07.221,86.49,0.0965963327963,0.0,0
2018-05-27 19:14:07.314,87.07,0.0965963327963,0.0,0
2018-05-27 19:14:07.407,86.47,0.0965963327963,0.0,0
2018-05-27 19:14:07.491,86.94,0.0965963327963,0.0,0
2018-05-27 19:14:07.594,86.84,0.0965963327963,0.0,0
2018-05-27 19:14:07.678,86.71,0.0965963327963,0.0,0
2018-05-27 19:14:07.771,85.97,0.0965963327963,0.0,0
2018-05-27 19:14:07.864,85.55,0.0965963327963,0.0,0
2018-05-27 19:14:08.026,85.63,0.0965963327963,0.0,0
2018-05-27 19:14:08.119,84.97,0.0965963327963,0.0,0
2018-05-27 19:14:08.212,85.27,0.0965963327963,0.0,0
2018-05-27 19:14:08.305,85.17,0.0965963327963,0.0,0
2018-05-27 19:14:08.398,84.8,0.0965963327963,0.0,0
2018-05-27 19:14:08.491,84.74,0.0965963327963,0.0,0
2018-05-27 19:14:08.584,84.96,0.0965963327963,0.0,0
2018-05-27 19:14:08.771,86.14,0.0965963327963,0.0,0
2018-05-27 19:14:08.854,86.75,0.0965963327963,0.0,0
2018-05-27 19:14:09.203,87.22,0.0965963327963,0.0,0
2018-05-27 19:14:09.296,87.29,0.0965963327963,0.0,0
2018-05-27 19:14:09.482,89.25,0.0965963327963,0.0,0
2018-05-27 19:14:09.752,91.31,0.0965963327963,0.0,0
2018-05-27 19:14:10.007,92.04,0.0965963327963,0.0,0
2018-05-27 19:14:10.100,92.87,0.0965963327963,0.0,0
2018-05-27 19:14:10.193,93.12,0.0965963327963,0.0,0
2018-05-27 19:14:10.286,93.42,0.0965963327963,0.0,0
2018-05-27 19:14:10.380,94.77,0.0965963327963,0.0,0
2018-05-27 19:14:10.567,95.27,0.0965963327963,0.0,0
2018-05-27 19:14:10.724,93.82,0.0965963327963,0.0,0
2018-05-27 19:14:10.817,94.09,0.0965963327963,0.0,0
2018-05-27 19:14:10.910,94.05,0.0965963327963,0.0,0
2018-05-27 19:14:11.072,93.37,0.0965963327963,0.0,0
2018-05-27 19:14:11.249,92.74,0.0965963327963,0.0,0
2018-05-27 19:14:11.342,92.37,0.0965963327963,0.0,0
2018-05-27 19:14:11.529,92.2,0.0965963327963,0.0,0
2018-05-27 19:14:11.799,91.2,0.0965963327963,0.0,0
2018-05-27 19:14:12.044,90.62,0.0965963327963,0.0,0
2018-05-27 19:14:12.231,89.56,0.0965963327963,0.0,0
2018-05-27 19:14:12.324,89.76,0.0965963327963,0.0,0
2018-05-27 19:14:12.417,89.02,0.0965963327963,0.0,0
2018-05-27 19:14:12.510,89.02,0.0965963327963,0.0,0
2018-05-27 19:14:12.603,88.54,0.0965963327963,0.0,0
2018-05-27 19:14:12.668,87.83,0.0965963327963,0.0,0
2018-05-27 19:14:12.790,88.76,0.0965963327963,0.0,0
2018-05-27 19:14:12.883,88.59,0.0965963327963,0.0,0
2018-05-27 19:14:13.044,88.03,0.0965963327963,0.0,0
2018-05-27 19:14:13.138,87.94,0.0965963327963,0.0,0
2018-05-27 19:14:13.231,87.76,0.0965963327963,0.0,0
2018-05-27 19:14:13.324,87.34,0.0965963327963,0.0,0
2018-05-27 19:14:13.417,86.8,0.0965963327963,0.0,0
2018-05-27 19:14:13.510,86.72,0.0965963327963,0.0,0
2018-05-27 19:14:13.603,85.73,0.0965963327963,0.0,0
2018-05-27 19:14:13.687,86.09,0.0965963327963,0.0,0
2018-05-27 19:14:13.780,86.22,0.0965963327963,0.0,0
2018-05-27 19:14:13.873,85.1,0.0965963327963,0.0,0
2018-05-27 19:14:14.036,84.93,0.0965963327963,0.0,0
2018-05-27 19:14:14.129,85.29,0.0965963327963,0.0,0
2018-05-27 19:14:14.221,84.84,0.0965963327963,0.0,0
2018-05-27 19:14:14.314,84.61,0.0965963327963,0.0,0
2018-05-27 19:14:14.408,84.36,0.0965963327963,0.0,0
2018-05-27 19:14:14.501,83.5,0.0965963327963,0.0,0
2018-05-27 19:14:14.594,83.41,0.0965963327963,0.0,0
2018-05-27 19:14:14.771,83.46,0.0965963327963,0.0,0
2018-05-27 19:14:15.026,82.51,0.0965963327963,0.0,0
2018-05-27 19:14:15.212,83.52,0.0965963327963,0.0,0
2018-05-27 19:14:15.305,83.4,0.0965963327963,0.0,0
2018-05-27 19:14:15.398,82.99,0.0965963327963,0.0,0
2018-05-27 19:14:15.491,83.3,0.0965963327963,0.0,0
2018-05-27 19:14:15.678,84.9,0.0965963327963,0.0,0
2018-05-27 19:14:15.761,83.66,0.0965963327963,0.0,0
2018-05-27 19:14:15.855,84.87,0.0965963327963,0.0,0
2018-05-27 19:14:16.100,85.81,0.0965963327963,0.0,0
2018-05-27 19:14:16.193,86.3,0.0965963327963,0.0,0
2018-05-27 19:14:16.287,86.26,0.0965963327963,0.0,0
2018-05-27 19:14:16.557,87.17,0.0965963327963,0.0,0
2018-05-27 19:14:16.743,88.04,0.0965963327963,0.0,0
2018-05-27 19:14:16.827,87.75,0.0965963327963,0.0,0
2018-05-27 19:14:16.902,88.68,0.0965963327963,0.0,0
2018-05-27 19:14:17.249,89.63,0.0965963327963,0.0,0
2018-05-27 19:14:17.529,89.85,0.0965963327963,0.0,0
2018-05-27 19:14:17.706,89.4,0.0965963327963,0.0,0
2018-05-27 19:14:17.799,88.14,0.0965963327963,0.0,0
2018-05-27 19:14:17.883,89.45,0.0965963327963,0.0,0
2018-05-27 19:14:18.138,88.64,0.0965963327963,0.0,0
2018-05-27 19:14:18.231,88.41,0.0965963327963,0.0,0
2018-05-27 19:14:18.324,87.15,0.0965963327963,0.0,0
2018-05-27 19:14:18.417,87.28,0.0965963327963,0.0,0
2018-05-27 19:14:18.510,87.05,0.0965963327963,0.0,0
2018-05-27 19:14:18.603,85.94,0.0965963327963,0.0,0
2018-05-27 19:14:18.688,86.89,0.0965963327963,0.0,0
2018-05-27 19:14:18.780,86.88,0.0965963327963,0.0,0
2018-05-27 19:14:18.873,86.67,0.0965963327963,0.0,0
2018-05-27 19:14:19.035,86.08,0.0965963327963,0.0,0
2018-05-27 19:14:19.128,86.39,0.0965963327963,0.0,0
2018-05-27 19:14:19.221,86.75,0.0965963327963,0.0,0
2018-05-27 19:14:19.314,87.36,0.0965963327963,0.0,0
2018-05-27 19:14:19.408,87.7,0.0965963327963,0.0,0
2018-05-27 19:14:19.501,87.91,0.0965963327963,0.0,0
2018-05-27 19:14:19.594,88.35,0.0965963327963,0.0,0
2018-05-27 19:14:19.678,87.7,0.0965963327963,0.0,0
2018-05-27 19:14:19.864,88.33,0.0965963327963,0.0,0
2018-05-27 19:14:20.119,88.34,0.0965963327963,0.0,0
2018-05-27 19:14:20.212,89.56,0.0965963327963,0.0,0
2018-05-27 19:14:20.305,89.42,0.0965963327963,0.0,0
2018-05-27 19:14:20.398,89.86,0.0965963327963,0.0,0
2018-05-27 19:14:20.491,89.39,0.0965963327963,0.0,0
2018-05-27 19:14:20.585,89.62,0.0965963327963,0.0,0
2018-05-27 19:14:20.678,88.93,0.0965963327963,0.0,0
2018-05-27 19:14:20.771,89.05,0.0965963327963,0.0,0
2018-05-27 19:14:20.855,88.29,0.0965963327963,0.0,0
2018-05-27 19:14:21.110,87.56,0.0965963327963,0.0,0
2018-05-27 19:14:21.203,88.5,0.0965963327963,0.0,0
2018-05-27 19:14:21.296,88.1,0.0965963327963,0.0,0
2018-05-27 19:14:21.389,87.56,0.0965963327963,0.0,0
2018-05-27 19:14:21.482,87.73,0.0965963327963,0.0,0
2018-05-27 19:14:21.752,85.7,0.0965963327963,0.0,0
2018-05-27 19:14:21.845,86.45,0.0965963327963,0.0,0
2018-05-27 19:14:22.007,86.4,0.0965963327963,0.0,0
2018-05-27 19:14:22.100,86.13,0.0965963327963,0.0,0
2018-05-27 19:14:22.193,85.67,0.0965963327963,0.0,0
2018-05-27 19:14:22.287,85.19,0.0965963327963,0.0,0
2018-05-27 19:14:22.473,85.11,0.0965963327963,0.0,0
2018-05-27 19:14:22.566,85.39,0.0965963327963,0.0,0
2018-05-27 19:14:22.659,84.75,0.0965963327963,0.0,0
2018-05-27 19:14:22.836,83.73,0.0965963327963,0.0,0
2018-05-27 19:14:23.072,82.99,0.0965963327963,0.0,0
2018-05-27 19:14:23.166,83.37,0.0965963327963,0.0,0
2018-05-27 19:14:23.352,82.8,0.0965963327963,0.0,0
2018-05-27 19:14:23.445,82.98,0.0965963327963,0.0,0
2018-05-27 19:14:23.539,82.15,0.0965963327963,0.0,0
2018-05-27 19:14:23.631,81.27,0.0965963327963,0.0,0
2018-05-27 19:14:23.724,82.09,0.0965963327963,0.0,0
2018-05-27 19:14:23.808,80.8,0.0965963327963,0.0,0
2018-05-27 19:14:23.902,81.0,0.0965963327963,0.0,0
2018-05-27 19:14:24.063,81.62,0.0965963327963,0.0,0
2018-05-27 19:14:24.156,80.98,0.0965963327963,0.0,0
2018-05-27 19:14:24.250,79.87,0.0965963327963,0.0,0
2018-05-27 19:14:24.333,80.66,0.0965963327963,0.0,0
2018-05-27 19:14:24.519,79.47,0.0965963327963,0.0,0
2018-05-27 19:14:24.613,79.64,0.0965963327963,0.0,0
2018-05-27 19:14:24.790,80.53,0.0965963327963,0.0,0
2018-05-27 19:14:24.883,80.21,0.0965963327963,0.0,0
2018-05-27 19:14:25.045,81.09,0.0965963327963,0.0,0
2018-05-27 19:14:25.222,81.16,0.0965963327963,0.0,0
2018-05-27 19:14:25.408,81.51,0.0965963327963,0.0,0
2018-05-27 19:14:25.501,81.87,0.0965963327963,0.0,0
2018-05-27 19:14:25.594,81.4,0.0965963327963,0.0,0
2018-05-27 19:14:25.678,81.55,0.0965963327963,0.0,0
2018-05-27 19:14:25.771,81.78,0.0965963327963,0.0,0
2018-05-27 19:14:25.864,81.33,0.0965963327963,0.0,0
2018-05-27 19:14:26.026,81.86,0.0965963327963,0.0,0
2018-05-27 19:14:26.203,81.52,0.0965963327963,0.0,0
2018-05-27 19:14:26.296,81.97,0.0965963327963,0.0,0
2018-05-27 19:14:26.389,81.49,0.0965963327963,0.0,0
2018-05-27 19:14:26.482,82.87,0.0965963327963,0.0,0
2018-05-27 19:14:26.575,82.68,0.0965963327963,0.0,0
2018-05-27 19:14:26.669,81.76,0.0965963327963,0.0,0
2018-05-27 19:14:26.762,82.56,0.0965963327963,0.0,0
2018-05-27 19:14:26.929,81.66,0.0965963327963,0.0,0
2018-05-27 19:14:27.091,81.53,0.0965963327963,0.0,0
2018-05-27 19:14:27.175,81.63,0.0965963327963,0.0,0
2018-05-27 19:14:27.259,81.32,0.0965963327963,0.0,0
2018-05-27 19:14:27.352,80.46,0.0965963327963,0.0,0
2018-05-27 19:14:27.538,81.05,0.0965963327963,0.0,0
2018-05-27 19:14:27.632,79.79,0.0965963327963,0.0,0
2018-05-27 19:14:27.715,80.68,0.0965963327963,0.0,0
2018-05-27 19:14:27.808,80.23,0.0965963327963,0.0,0
2018-05-27 19:14:28.063,79.63,0.0965963327963,0.0,0
2018-05-27 19:14:28.249,78.35,0.0965963327963,0.0,0
2018-05-27 19:14:28.343,78.02,0.0965963327963,0.0,0
2018-05-27 19:14:28.529,78.29,0.0965963327963,0.0,0
2018-05-27 19:14:28.706,78.13,0.0965963327963,0.0,0
2018-05-27 19:14:28.892,77.06,0.0965963327963,0.0,0
2018-05-27 19:14:29.054,77.16,0.0965963327963,0.0,0
2018-05-27 19:14:29.240,76.91,0.0965963327963,0.0,0
2018-05-27 19:14:29.333,76.97,0.0965963327963,0.0,0
2018-05-27 19:14:29.520,76.5,0.0965963327963,0.0,0
2018-05-27 19:14:29.613,76.27,0.0965963327963,0.0,0
2018-05-27 19:14:29.697,75.46,0.0965963327963,0.0,0
2018-05-27 19:14:29.790,75.44,0.0965963327963,0.0,0
2018-05-27 19:14:29.883,75.19,0.0965963327963,0.0,0
2018-05-27 19:14:30.045,75.58,0.0965963327963,0.0,0
2018-05-27 19:14:30.138,74.94,0.0965963327963,0.0,0
2018-05-27 19:14:30.231,74.82,0.0965963327963,0.0,0
2018-05-27 19:14:30.324,75.26,0.0965963327963,0.0,0
2018-05-27 19:14:30.417,74.1,0.0965963327963,0.0,0
2018-05-27 19:14:30.510,73.72,0.0965963327963,0.0,0
2018-05-27 19:14:30.604,74.55,0.0965963327963,0.0,0
2018-05-27 19:14:30.687,73.69,0.0965963327963,0.0,0
2018-05-27 19:14:30.780,74.43,0.0965963327963,0.0,0
2018-05-27 19:14:30.873,74.2,0.0965963327963,0.0,0
2018-05-27 19:14:31.035,74.46,0.0965963327963,0.0,0
2018-05-27 19:14:31.129,73.56,0.0965963327963,0.0,0
2018-05-27 19:14:31.222,74.02,0.0965963327963,0.0,0
2018-05-27 19:14:31.315,74.61,0.0965963327963,0.0,0
2018-05-27 19:14:31.408,74.85,0.0965963327963,0.0,0
2018-05-27 19:14:31.501,75.11,0.0965963327963,0.0,0
2018-05-27 19:14:31.771,75.87,0.0965963327963,0.0,0
2018-05-27 19:14:31.864,75.77,0.0965963327963,0.0,0
2018-05-27 19:14:32.017,75.79,0.0965963327963,0.0,0
2018-05-27 19:14:32.110,75.59,0.0965963327963,0.0,0
2018-05-27 19:14:32.203,76.42,0.0965963327963,0.0,0
2018-05-27 19:14:32.296,76.72,0.0965963327963,0.0,0
2018-05-27 19:14:32.390,76.35,0.0965963327963,0.0,0
2018-05-27 19:14:32.474,76.39,0.0965963327963,0.0,0
2018-05-27 19:14:32.566,75.47,0.0965963327963,0.0,0
2018-05-27 19:14:32.659,74.7,0.0965963327963,0.0,0
2018-05-27 19:14:32.752,75.35,0.0965963327963,0.0,0
2018-05-27 19:14:32.925,75.23,0.0965963327963,0.0,0
2018-05-27 19:14:33.073,74.16,0.0965963327963,0.0,0
2018-05-27 19:14:33.166,74.95,0.0965963327963,0.0,0
2018-05-27 19:14:33.259,74.44,0.0965963327963,0.0,0
2018-05-27 19:14:33.352,74.33,0.0965963327963,0.0,0
2018-05-27 19:14:33.445,74.18,0.0965963327963,0.0,0
2018-05-27 19:14:33.631,73.88,0.0965963327963,0.0,0
2018-05-27 19:14:33.715,73.7,0.0965963327963,0.0,0
2018-05-27 19:14:33.808,73.86,0.0965963327963,0.0,0
2018-05-27 19:14:33.901,73.82,0.0965963327963,0.0,0
2018-05-27 19:14:34.147,74.27,0.0965963327963,0.0,0
2018-05-27 19:14:34.333,74.87,0.0965963327963,0.0,0
2018-05-27 19:14:34.427,74.67,0.0965963327963,0.0,0
2018-05-27 19:14:34.613,75.01,0.0965963327963,0.0,0
2018-05-27 19:14:34.706,75.22,0.0965963327963,0.0,0
2018-05-27 19:14:34.790,74.31,0.0965963327963,0.0,0
2018-05-27 19:14:34.883,75.3,0.0965963327963,0.0,0
2018-05-27 19:14:35.035,75.2,0.0965963327963,0.0,0
2018-05-27 19:14:35.128,75.76,0.0965963327963,0.0,0
2018-05-27 19:14:35.222,76.44,0.0965963327963,0.0,0
2018-05-27 19:14:35.315,75.29,0.0965963327963,0.0,0
2018-05-27 19:14:35.408,76.29,0.0965963327963,0.0,0
2018-05-27 19:14:35.501,76.57,0.0965963327963,0.0,0
2018-05-27 19:14:35.678,76.8,0.0965963327963,0.0,0
2018-05-27 19:14:35.771,77.03,0.0965963327963,0.0,0
2018-05-27 19:14:35.855,77.41,0.0965963327963,0.0,0
2018-05-27 19:14:36.017,77.73,0.0965963327963,0.0,0
2018-05-27 19:14:36.203,77.94,0.0965963327963,0.0,0
2018-05-27 19:14:36.296,78.27,0.0965963327963,0.0,0
2018-05-27 19:14:36.389,78.52,0.0965963327963,0.0,0
2018-05-27 19:14:36.482,78.52,0.0965963327963,0.0,0
2018-05-27 19:14:36.576,79.15,0.0965963327963,0.0,0
2018-05-27 19:14:36.669,79.14,0.0965963327963,0.0,0
2018-05-27 19:14:36.753,78.22,0.0965963327963,0.0,0
2018-05-27 19:14:36.846,79.14,0.0965963327963,0.0,0
2018-05-27 19:14:37.101,79.41,0.0965963327963,0.0,0
2018-05-27 19:14:37.194,79.54,0.0965963327963,0.0,0
2018-05-27 19:14:37.287,79.34,0.0965963327963,0.0,0
2018-05-27 19:14:37.380,79.51,0.0965963327963,0.0,0
2018-05-27 19:14:37.473,79.22,0.0965963327963,0.0,0
2018-05-27 19:14:37.566,79.94,0.0965963327963,0.0,0
2018-05-27 19:14:37.659,80.06,0.0965963327963,0.0,0
2018-05-27 19:14:37.743,79.49,0.0965963327963,0.0,0
2018-05-27 19:14:37.836,80.31,0.0965963327963,0.0,0
2018-05-27 19:14:38.082,78.95,0.0965963327963,0.0,0
2018-05-27 19:14:38.166,79.05,0.0965963327963,0.0,0
2018-05-27 19:14:38.259,79.13,0.0965963327963,0.0,0
2018-05-27 19:14:38.352,79.0,0.0965963327963,0.0,0
2018-05-27 19:14:38.445,78.72,0.0965963327963,0.0,0
2018-05-27 19:14:38.539,77.97,0.0965963327963,0.0,0
2018-05-27 19:14:38.622,78.24,0.0965963327963,0.0,0
2018-05-27 19:14:38.799,77.66,0.0965963327963,0.0,0
2018-05-27 19:14:38.892,77.92,0.0965963327963,0.0,0
2018-05-27 19:14:39.054,76.74,0.0965963327963,0.0,0
2018-05-27 19:14:39.334,76.02,0.0965963327963,0.0,0
2018-05-27 19:14:39.427,76.39,0.0965963327963,0.0,0
2018-05-27 19:14:39.510,76.17,0.0965963327963,0.0,0
2018-05-27 19:14:39.604,75.81,0.0965963327963,0.0,0
2018-05-27 19:14:39.697,76.16,0.0965963327963,0.0,0
2018-05-27 19:14:39.781,75.25,0.0965963327963,0.0,0
2018-05-27 19:14:39.874,75.5,0.0965963327963,0.0,0
2018-05-27 19:14:40.035,75.16,0.0965963327963,0.0,0
2018-05-27 19:14:40.129,74.89,0.0965963327963,0.0,0
2018-05-27 19:14:40.222,74.79,0.0965963327963,0.0,0
2018-05-27 19:14:40.316,73.3,0.0965963327963,0.0,0
2018-05-27 19:14:40.492,72.2,0.0965963327963,0.0,0
2018-05-27 19:14:40.678,72.69,0.0965963327963,0.0,0
2018-05-27 19:14:40.771,71.08,0.0965963327963,0.0,0
2018-05-27 19:14:40.864,70.29,0.0965963327963,0.0,0
2018-05-27 19:14:41.119,70.0,0.0965963327963,0.0,0
2018-05-27 19:14:41.306,68.39,0.0965963327963,0.0,0
2018-05-27 19:14:41.390,68.07,0.0965963327963,0.0,0
2018-05-27 19:14:41.483,67.4,0.0965963327963,0.0,0
2018-05-27 19:14:41.576,67.76,0.0965963327963,0.0,0
2018-05-27 19:14:41.762,66.65,0.0965963327963,0.0,0
2018-05-27 19:14:41.855,66.16,0.0965963327963,0.0,0
2018-05-27 19:14:42.110,65.27,0.0965963327963,0.0,0
2018-05-27 19:14:42.204,64.17,0.0965963327963,0.0,0
2018-05-27 19:14:42.296,64.43,0.0965963327963,0.0,0
2018-05-27 19:14:42.389,63.73,0.0965963327963,0.0,0
2018-05-27 19:14:42.483,63.49,0.0965963327963,0.0,0
2018-05-27 19:14:42.576,62.69,0.0965963327963,0.0,0
2018-05-27 19:14:42.669,61.95,0.0965963327963,0.0,0
2018-05-27 19:14:42.762,62.13,0.0965963327963,0.0,0
2018-05-27 19:14:42.841,62.2,0.0965963327963,0.0,0
2018-05-27 19:14:42.925,62.26,0.0965963327963,0.0,0
2018-05-27 19:14:43.185,61.52,0.0965963327963,0.0,0
2018-05-27 19:14:43.268,61.47,0.0965963327963,0.0,0
2018-05-27 19:14:43.445,60.58,0.0965963327963,0.0,0
2018-05-27 19:14:43.529,60.69,0.0965963327963,0.0,0
2018-05-27 19:14:43.706,60.64,0.0965963327963,0.0,0
2018-05-27 19:14:43.799,60.17,0.0965963327963,0.0,0
2018-05-27 19:14:43.892,59.36,0.0965963327963,0.0,0
2018-05-27 19:14:44.147,59.79,0.0965963327963,0.0,0
2018-05-27 19:14:44.240,59.42,0.0965963327963,0.0,0
2018-05-27 19:14:44.334,59.04,0.0965963327963,0.0,0
2018-05-27 19:14:44.510,59.38,0.0965963327963,0.0,0
2018-05-27 19:14:44.604,59.02,0.0965963327963,0.0,0
2018-05-27 19:14:44.697,58.99,0.0965963327963,0.0,0
2018-05-27 19:14:44.781,59.58,0.0965963327963,0.0,0
2018-05-27 19:14:44.874,58.63,0.0965963327963,0.0,0
2018-05-27 19:14:45.036,58.23,0.0965963327963,0.0,0
2018-05-27 19:14:45.129,58.57,0.0965963327963,0.0,0
2018-05-27 19:14:45.222,57.5,0.0965963327963,0.0,0
2018-05-27 19:14:45.315,57.48,0.0965963327963,0.0,0
2018-05-27 19:14:45.399,56.81,0.0965963327963,0.0,0
2018-05-27 19:14:45.585,56.88,0.0965963327963,0.0,0
2018-05-27 19:14:45.771,56.88,0.0965963327963,0.0,0
2018-05-27 19:14:45.865,56.76,0.0965963327963,0.0,0
2018-05-27 19:14:46.026,56.75,0.0965963327963,0.0,0
2018-05-27 19:14:46.119,56.67,0.0965963327963,0.0,0
2018-05-27 19:14:46.213,56.3,0.0965963327963,0.0,0
2018-05-27 19:14:46.306,56.36,0.0965963327963,0.0,0
2018-05-27 19:14:46.389,56.51,0.0965963327963,0.0,0
2018-05-27 19:14:46.483,56.15,0.0965963327963,0.0,0
2018-05-27 19:14:46.576,56.39,0.0965963327963,0.0,0
2018-05-27 19:14:46.669,56.23,0.0965963327963,0.0,0
2018-05-27 19:14:46.762,56.08,0.0965963327963,0.0,0
2018-05-27 19:14:46.846,56.05,0.0965963327963,0.0,0
2018-05-27 19:14:47.008,56.0,0.0965963327963,0.0,0
2018-05-27 19:14:47.092,55.71,0.0965963327963,0.0,0
2018-05-27 19:14:47.268,55.53,0.0965963327963,0.0,0
2018-05-27 19:14:47.445,55.93,0.0965963327963,0.0,0
2018-05-27 19:14:47.539,55.47,0.0965963327963,0.0,0
2018-05-27 19:14:47.632,55.57,0.0965963327963,0.0,0
2018-05-27 19:14:47.725,55.86,0.0965963327963,0.0,0
2018-05-27 19:14:47.809,55.69,0.0965963327963,0.0,0
2018-05-27 19:14:48.054,55.55,0.0965963327963,0.0,0
2018-05-27 19:14:48.147,55.51,0.0965963327963,0.0,0
2018-05-27 19:14:48.240,55.67,0.0965963327963,0.0,0
2018-05-27 19:14:48.334,55.26,0.0965963327963,0.0,0
2018-05-27 19:14:48.427,55.54,0.0965963327963,0.0,0
2018-05-27 19:14:48.520,55.09,0.0965963327963,0.0,0
2018-05-27 19:14:48.613,55.2,0.0965963327963,0.0,0
2018-05-27 19:14:48.706,55.21,0.0965963327963,0.0,0
2018-05-27 19:14:48.790,54.86,0.0965963327963,0.0,0
2018-05-27 19:14:48.883,55.12,0.0965963327963,0.0,0
2018-05-27 19:14:49.045,55.34,0.0965963327963,0.0,0
2018-05-27 19:14:49.138,55.08,0.0965963327963,0.0,0
2018-05-27 19:14:49.231,54.85,0.0965963327963,0.0,0
2018-05-27 19:14:49.324,55.02,0.0965963327963,0.0,0
2018-05-27 19:14:49.417,55.12,0.0965963327963,0.0,0
2018-05-27 19:14:49.511,55.07,0.0965963327963,0.0,0
2018-05-27 19:14:49.604,55.18,0.0965963327963,0.0,0
2018-05-27 19:14:49.688,56.09,0.0965963327963,0.0,0
2018-05-27 19:14:49.781,56.01,0.0965963327963,0.0,0
2018-05-27 19:14:49.874,56.61,0.0965963327963,0.0,0
2018-05-27 19:14:50.036,57.55,0.0965963327963,0.0,0
2018-05-27 19:14:50.222,57.69,0.0965963327963,0.0,0
2018-05-27 19:14:50.315,57.87,0.0965963327963,0.0,0
2018-05-27 19:14:50.408,59.04,0.0965963327963,0.0,0
2018-05-27 19:14:50.501,58.22,0.0965963327963,0.0,0
2018-05-27 19:14:50.594,58.68,0.0965963327963,0.0,0
2018-05-27 19:14:50.679,59.05,0.0965963327963,0.0,0
2018-05-27 19:14:50.771,59.48,0.0965963327963,0.0,0
2018-05-27 19:14:50.865,58.75,0.0965963327963,0.0,0
2018-05-27 19:14:51.026,59.35,0.0965963327963,0.0,0
2018-05-27 19:14:51.120,60.12,0.0965963327963,0.0,0
2018-05-27 19:14:51.213,60.41,0.0965963327963,0.0,0
2018-05-27 19:14:51.306,59.33,0.0965963327963,0.0,0
2018-05-27 19:14:51.399,61.6,0.0965963327963,0.0,0
2018-05-27 19:14:51.492,60.97,0.0965963327963,0.0,0
2018-05-27 19:14:51.585,60.73,0.0965963327963,0.0,0
2018-05-27 19:14:51.771,61.15,0.0965963327963,0.0,0
2018-05-27 19:14:52.017,61.3,0.0965963327963,0.0,0
2018-05-27 19:14:52.110,61.65,0.0965963327963,0.0,0
2018-05-27 19:14:52.296,61.43,0.0965963327963,0.0,0
2018-05-27 19:14:52.390,61.29,0.0965963327963,0.0,0
2018-05-27 19:14:52.483,61.88,0.0965963327963,0.0,0
2018-05-27 19:14:52.576,62.01,0.0965963327963,0.0,0
2018-05-27 19:14:52.753,62.55,0.0965963327963,0.0,0
2018-05-27 19:14:52.846,62.45,0.0965963327963,0.0,0
2018-05-27 19:14:53.008,62.56,0.0965963327963,0.0,0
2018-05-27 19:14:53.101,63.18,0.0965963327963,0.0,0
2018-05-27 19:14:53.287,62.55,0.0965963327963,0.0,0
2018-05-27 19:14:53.380,62.94,0.0965963327963,0.0,0
2018-05-27 19:14:53.473,63.08,0.0965963327963,0.0,0
2018-05-27 19:14:53.660,63.57,0.0965963327963,0.0,0
2018-05-27 19:14:53.837,64.08,0.0965963327963,0.0,0
2018-05-27 19:14:54.166,64.74,0.0965963327963,0.0,0
2018-05-27 19:14:54.259,64.76,0.0965963327963,0.0,0
2018-05-27 19:14:54.716,67.94,0.0965963327963,0.0,0
2018-05-27 19:14:54.799,68.09,0.0965963327963,0.0,0
2018-05-27 19:14:55.241,70.97,0.0965963327963,0.0,0
2018-05-27 19:14:55.427,72.18,0.0965963327963,0.0,0
2018-05-27 19:14:55.511,72.62,0.0965963327963,0.0,0
2018-05-27 19:14:55.697,73.83,0.0965963327963,0.0,0
2018-05-27 19:14:55.875,75.46,0.0965963327963,0.0,0
2018-05-27 19:14:56.130,76.3,0.0965963327963,0.0,0
2018-05-27 19:14:56.213,76.49,0.0965963327963,0.0,0
2018-05-27 19:14:56.306,77.49,0.0965963327963,0.0,0
2018-05-27 19:14:56.399,78.14,0.0965963327963,0.0,0
2018-05-27 19:14:56.678,79.47,0.0965963327963,0.0,0
2018-05-27 19:14:56.771,80.63,0.0965963327963,0.0,0
2018-05-27 19:14:56.865,81.32,0.0965963327963,0.0,0
2018-05-27 19:14:57.101,82.52,0.0965963327963,0.0,0
2018-05-27 19:14:57.287,81.82,0.0965963327963,0.0,0
2018-05-27 19:14:57.380,82.7,0.0965963327963,0.0,0
2018-05-27 19:14:57.474,82.94,0.0965963327963,0.0,0
2018-05-27 19:14:57.753,82.14,0.0965963327963,0.0,0
2018-05-27 19:14:57.925,81.73,0.0965963327963,0.0,0
2018-05-27 19:14:58.082,81.05,0.0965963327963,0.0,0
2018-05-27 19:14:58.166,81.5,0.0965963327963,0.0,0
2018-05-27 19:14:58.259,81.34,0.0965963327963,0.0,0
2018-05-27 19:14:58.352,80.71,0.0965963327963,0.0,0
2018-05-27 19:14:58.446,79.81,0.0965963327963,0.0,0
2018-05-27 19:14:58.539,80.17,0.0965963327963,0.0,0
2018-05-27 19:14:58.632,79.94,0.0965963327963,0.0,0
2018-05-27 19:14:58.809,79.39,0.0965963327963,0.0,0
2018-05-27 19:14:58.902,78.9,0.0965963327963,0.0,0
2018-05-27 19:14:59.064,78.93,0.0965963327963,0.0,0
2018-05-27 19:14:59.157,78.86,0.0965963327963,0.0,0
2018-05-27 19:14:59.250,78.8,0.0965963327963,0.0,0
2018-05-27 19:14:59.343,77.75,0.0965963327963,0.0,0
2018-05-27 19:14:59.436,77.87,0.0965963327963,0.0,0
2018-05-27 19:14:59.706,77.45,0.0965963327963,0.0,0
2018-05-27 19:14:59.799,76.18,0.0965963327963,0.0,0
2018-05-27 19:14:59.893,76.55,0.0965963327963,0.0,0
2018-05-27 19:15:00.054,76.45,0.0965963327963,0.0,0
2018-05-27 19:15:00.241,75.49,0.0965963327963,0.0,0
2018-05-27 19:15:00.334,75.82,0.0965963327963,0.0,0
2018-05-27 19:15:00.520,74.58,0.0965963327963,0.0,0
2018-05-27 19:15:00.613,74.43,0.0965963327963,0.0,0
2018-05-27 19:15:00.791,73.48,0.0965963327963,0.0,0
2018-05-27 19:15:00.884,72.47,0.0965963327963,0.0,0
2018-05-27 19:15:01.139,71.67,0.0965963327963,0.0,0
2018-05-27 19:15:01.325,71.53,0.0965963327963,0.0,0
2018-05-27 19:15:01.511,70.9,0.0965963327963,0.0,0
2018-05-27 19:15:01.688,70.8,0.0965963327963,0.0,0
2018-05-27 19:15:01.781,70.9,0.0965963327963,0.0,0
2018-05-27 19:15:02.129,69.76,0.0965963327963,0.0,0
2018-05-27 19:15:02.222,70.48,0.0965963327963,0.0,0
2018-05-27 19:15:02.408,69.97,0.0965963327963,0.0,0
2018-05-27 19:15:02.502,68.83,0.0965963327963,0.0,0
2018-05-27 19:15:02.595,69.85,0.0965963327963,0.0,0
2018-05-27 19:15:02.678,69.19,0.0965963327963,0.0,0
2018-05-27 19:15:02.772,69.4,0.0965963327963,0.0,0
2018-05-27 19:15:02.865,69.09,0.0965963327963,0.0,0
2018-05-27 19:15:03.027,69.29,0.0965963327963,0.0,0
2018-05-27 19:15:03.120,68.92,0.0965963327963,0.0,0
2018-05-27 19:15:03.213,69.37,0.0965963327963,0.0,0
2018-05-27 19:15:03.306,69.37,0.0965963327963,0.0,0
2018-05-27 19:15:03.399,70.03,0.0965963327963,0.0,0
2018-05-27 19:15:03.492,70.33,0.0965963327963,0.0,0
2018-05-27 19:15:03.585,70.85,0.0965963327963,0.0,0
2018-05-27 19:15:03.762,71.19,0.0965963327963,0.0,0
2018-05-27 19:15:03.855,71.15,0.0965963327963,0.0,0
2018-05-27 19:15:04.017,72.22,0.0965963327963,0.0,0
2018-05-27 19:15:04.110,71.84,0.0965963327963,0.0,0
2018-05-27 19:15:04.204,72.47,0.0965963327963,0.0,0
2018-05-27 19:15:04.297,72.88,0.0965963327963,0.0,0
2018-05-27 19:15:04.390,72.18,0.0965963327963,0.0,0
2018-05-27 19:15:04.483,73.86,0.0965963327963,0.0,0
2018-05-27 19:15:04.576,73.51,0.0965963327963,0.0,0
2018-05-27 19:15:04.660,74.55,0.0965963327963,0.0,0
2018-05-27 19:15:04.753,74.72,0.0965963327963,0.0,0
2018-05-27 19:15:04.846,75.13,0.0965963327963,0.0,0
2018-05-27 19:15:05.101,76.03,0.0965963327963,0.0,0
2018-05-27 19:15:05.194,76.67,0.0965963327963,0.0,0
2018-05-27 19:15:05.287,76.08,0.0965963327963,0.0,0
2018-05-27 19:15:05.380,77.01,0.0965963327963,0.0,0
2018-05-27 19:15:05.474,78.01,0.0965963327963,0.0,0
2018-05-27 19:15:05.567,77.24,0.0965963327963,0.0,0
2018-05-27 19:15:05.651,78.63,0.0965963327963,0.0,0
2018-05-27 19:15:05.832,78.66,0.0965963327963,0.0,0
2018-05-27 19:15:06.073,80.06,0.0965963327963,0.0,0
2018-05-27 19:15:06.166,79.83,0.0965963327963,0.0,0
2018-05-27 19:15:06.259,81.17,0.0965963327963,0.0,0
2018-05-27 19:15:06.446,80.73,0.0965963327963,0.0,0
2018-05-27 19:15:06.530,81.24,0.0965963327963,0.0,0
2018-05-27 19:15:06.623,82.77,0.0965963327963,0.0,0
2018-05-27 19:15:06.800,82.61,0.0965963327963,0.0,0
2018-05-27 19:15:06.893,83.55,0.0965963327963,0.0,0
2018-05-27 19:15:07.055,84.31,0.0965963327963,0.0,0
2018-05-27 19:15:07.148,84.72,0.0965963327963,0.0,0
2018-05-27 19:15:07.241,83.72,0.0965963327963,0.0,0
2018-05-27 19:15:07.334,84.57,0.0965963327963,0.0,0
2018-05-27 19:15:07.418,85.15,0.0965963327963,0.0,0
2018-05-27 19:15:07.511,85.36,0.0965963327963,0.0,0
2018-05-27 19:15:07.604,85.34,0.0965963327963,0.0,0
2018-05-27 19:15:07.697,84.26,0.0965963327963,0.0,0
2018-05-27 19:15:07.781,84.06,0.0965963327963,0.0,0
2018-05-27 19:15:07.874,84.72,0.0965963327963,0.0,0
2018-05-27 19:15:08.129,83.89,0.0965963327963,0.0,0
2018-05-27 19:15:08.222,83.43,0.0965963327963,0.0,0
2018-05-27 19:15:08.306,84.04,0.0965963327963,0.0,0
2018-05-27 19:15:08.399,84.19,0.0965963327963,0.0,0
2018-05-27 19:15:08.492,83.64,0.0965963327963,0.0,0
2018-05-27 19:15:08.585,82.6,0.0965963327963,0.0,0
2018-05-27 19:15:08.679,82.5,0.0965963327963,0.0,0
2018-05-27 19:15:08.772,82.64,0.0965963327963,0.0,0
2018-05-27 19:15:08.865,82.38,0.0965963327963,0.0,0
2018-05-27 19:15:09.027,82.47,0.0965963327963,0.0,0
2018-05-27 19:15:09.120,81.83,0.0965963327963,0.0,0
2018-05-27 19:15:09.213,80.76,0.0965963327963,0.0,0
2018-05-27 19:15:09.297,81.71,0.0965963327963,0.0,0
2018-05-27 19:15:09.390,80.71,0.0965963327963,0.0,0
2018-05-27 19:15:09.483,81.0,0.0965963327963,0.0,0
2018-05-27 19:15:09.576,80.83,0.0965963327963,0.0,0
2018-05-27 19:15:09.669,80.78,0.0965963327963,0.0,0
2018-05-27 19:15:09.754,79.78,0.0965963327963,0.0,0
2018-05-27 19:15:09.837,80.06,0.0965963327963,0.0,0
2018-05-27 19:15:09.930,79.88,0.0965963327963,0.0,0
2018-05-27 19:15:10.092,79.11,0.0965963327963,0.0,0
2018-05-27 19:15:10.180,79.56,0.0965963327963,0.0,0
2018-05-27 19:15:10.269,78.39,0.0965963327963,0.0,0
2018-05-27 19:15:10.353,79.03,0.0965963327963,0.0,0
2018-05-27 19:15:10.446,78.66,0.0965963327963,0.0,0
2018-05-27 19:15:10.539,77.93,0.0965963327963,0.0,0
2018-05-27 19:15:10.632,77.47,0.0965963327963,0.0,0
2018-05-27 19:15:10.716,78.06,0.0965963327963,0.0,0
2018-05-27 19:15:10.809,78.39,0.0965963327963,0.0,0
2018-05-27 19:15:10.902,78.88,0.0965963327963,0.0,0
2018-05-27 19:15:11.064,78.83,0.0965963327963,0.0,0
2018-05-27 19:15:11.157,78.31,0.0965963327963,0.0,0
2018-05-27 19:15:11.250,78.21,0.0965963327963,0.0,0
2018-05-27 19:15:11.343,79.67,0.0965963327963,0.0,0
2018-05-27 19:15:11.530,79.3,0.0965963327963,0.0,0
2018-05-27 19:15:11.623,79.98,0.0965963327963,0.0,0
2018-05-27 19:15:11.707,80.24,0.0965963327963,0.0,0
2018-05-27 19:15:11.893,81.04,0.0965963327963,0.0,0
2018-05-27 19:15:12.055,80.9,0.0965963327963,0.0,0
2018-05-27 19:15:12.148,80.37,0.0965963327963,0.0,0
2018-05-27 19:15:12.241,81.08,0.0965963327963,0.0,0
2018-05-27 19:15:12.334,82.21,0.0965963327963,0.0,0
2018-05-27 19:15:12.427,82.12,0.0965963327963,0.0,0
2018-05-27 19:15:12.521,82.35,0.0965963327963,0.0,0
2018-05-27 19:15:12.614,82.6,0.0965963327963,0.0,0
2018-05-27 19:15:12.697,83.11,0.0965963327963,0.0,0
2018-05-27 19:15:12.790,83.35,0.0965963327963,0.0,0
2018-05-27 19:15:12.884,83.39,0.0965963327963,0.0,0
2018-05-27 19:15:13.045,83.78,0.0965963327963,0.0,0
2018-05-27 19:15:13.138,83.28,0.0965963327963,0.0,0
2018-05-27 19:15:13.232,84.32,0.0965963327963,0.0,0
2018-05-27 19:15:13.325,84.62,0.0965963327963,0.0,0
2018-05-27 19:15:13.418,85.29,0.0965963327963,0.0,0
2018-05-27 19:15:13.511,84.72,0.0965963327963,0.0,0
2018-05-27 19:15:13.595,84.88,0.0965963327963,0.0,0
2018-05-27 19:15:13.688,85.84,0.0965963327963,0.0,0
2018-05-27 19:15:13.781,86.02,0.0965963327963,0.0,0
2018-05-27 19:15:14.036,86.77,0.0965963327963,0.0,0
2018-05-27 19:15:14.129,86.47,0.0965963327963,0.0,0
2018-05-27 19:15:14.222,86.66,0.0965963327963,0.0,0
2018-05-27 19:15:14.308,87.67,0.0965963327963,0.0,0
2018-05-27 19:15:14.399,88.07,0.0965963327963,0.0,0
2018-05-27 19:15:14.492,87.78,0.0965963327963,0.0,0
2018-05-27 19:15:14.586,88.25,0.0965963327963,0.0,0
2018-05-27 19:15:14.679,88.35,0.0965963327963,0.0,0
2018-05-27 19:15:14.772,88.84,0.0965963327963,0.0,0
2018-05-27 19:15:14.865,88.76,0.0965963327963,0.0,0
2018-05-27 19:15:15.027,89.59,0.0965963327963,0.0,0
2018-05-27 19:15:15.120,89.72,0.0965963327963,0.0,0
2018-05-27 19:15:15.213,90.58,0.0965963327963,0.0,0
2018-05-27 19:15:15.390,91.46,0.0965963327963,0.0,0
2018-05-27 19:15:15.483,91.84,0.0965963327963,0.0,0
2018-05-27 19:15:15.576,92.37,0.0965963327963,0.0,0
2018-05-27 19:15:15.669,93.27,0.0965963327963,0.0,0
2018-05-27 19:15:15.762,93.63,0.0965963327963,0.0,0
2018-05-27 19:15:15.846,93.59,0.0965963327963,0.0,0
2018-05-27 19:15:16.185,94.04,0.0965963327963,0.0,0
2018-05-27 19:15:16.446,95.05,0.0965963327963,0.0,0
2018-05-27 19:15:16.539,96.07,0.0965963327963,0.0,0
2018-05-27 19:15:16.623,96.49,0.0965963327963,0.0,0
2018-05-27 19:15:16.809,97.08,0.0965963327963,0.0,0
2018-05-27 19:15:16.902,98.2,0.0965963327963,0.0,0
2018-05-27 19:15:17.157,98.38,0.0965963327963,0.0,0
2018-05-27 19:15:17.250,98.59,0.0965963327963,0.0,0
2018-05-27 19:15:17.437,98.04,0.0965963327963,0.0,0
2018-05-27 19:15:17.520,97.71,0.0965963327963,0.0,0
2018-05-27 19:15:17.716,96.36,0.0965963327963,0.0,0
2018-05-27 19:15:17.893,95.82,0.0965963327963,0.0,0
2018-05-27 19:15:18.055,96.19,0.0965963327963,0.0,0
2018-05-27 19:15:18.148,96.29,0.0965963327963,0.0,0
2018-05-27 19:15:18.241,96.27,0.0965963327963,0.0,0
2018-05-27 19:15:18.325,95.32,0.0965963327963,0.0,0
2018-05-27 19:15:18.437,95.47,0.0965963327963,0.0,0
2018-05-27 19:15:18.530,94.11,0.0965963327963,0.0,0
2018-05-27 19:15:18.707,94.66,0.0965963327963,0.0,0
2018-05-27 19:15:18.800,94.64,0.0965963327963,0.0,0
2018-05-27 19:15:19.055,93.17,0.0965963327963,0.0,0
2018-05-27 19:15:19.148,92.31,0.0965963327963,0.0,0
2018-05-27 19:15:19.241,91.95,0.0965963327963,0.0,0
2018-05-27 19:15:19.427,91.62,0.0965963327963,0.0,0
2018-05-27 19:15:19.521,91.7,0.0965963327963,0.0,0
2018-05-27 19:15:19.614,92.03,0.0965963327963,0.0,0
2018-05-27 19:15:19.707,91.79,0.0965963327963,0.0,0
2018-05-27 19:15:19.884,90.95,0.0965963327963,0.0,0
2018-05-27 19:15:20.139,90.73,0.0965963327963,0.0,0
2018-05-27 19:15:20.232,89.85,0.0965963327963,0.0,0
2018-05-27 19:15:20.418,88.61,0.0965963327963,0.0,0
2018-05-27 19:15:20.604,88.89,0.0965963327963,0.0,0
2018-05-27 19:15:20.781,89.09,0.0965963327963,0.0,0
2018-05-27 19:15:20.874,88.55,0.0965963327963,0.0,0
2018-05-27 19:15:21.036,88.36,0.0965963327963,0.0,0
2018-05-27 19:15:21.129,88.21,0.0965963327963,0.0,0
2018-05-27 19:15:21.222,87.07,0.0965963327963,0.0,0
2018-05-27 19:15:21.316,86.31,0.0965963327963,0.0,0
2018-05-27 19:15:21.409,86.75,0.0965963327963,0.0,0
2018-05-27 19:15:21.502,86.25,0.0965963327963,0.0,0
2018-05-27 19:15:21.595,85.49,0.0965963327963,0.0,0
2018-05-27 19:15:21.679,86.29,0.0965963327963,0.0,0
2018-05-27 19:15:21.772,86.82,0.0965963327963,0.0,0
2018-05-27 19:15:22.027,86.42,0.0965963327963,0.0,0
2018-05-27 19:15:22.120,86.3,0.0965963327963,0.0,0
2018-05-27 19:15:22.213,86.09,0.0965963327963,0.0,0
2018-05-27 19:15:22.306,87.64,0.0965963327963,0.0,0
2018-05-27 19:15:22.399,87.75,0.0965963327963,0.0,0
2018-05-27 19:15:22.493,87.66,0.0965963327963,0.0,0
2018-05-27 19:15:22.586,88.52,0.0965963327963,0.0,0
2018-05-27 19:15:22.679,89.0,0.0965963327963,0.0,0
2018-05-27 19:15:22.763,88.31,0.0965963327963,0.0,0
2018-05-27 19:15:22.856,89.29,0.0965963327963,0.0,0
2018-05-27 19:15:23.018,88.88,0.0965963327963,0.0,0
2018-05-27 19:15:23.204,90.38,0.0965963327963,0.0,0
2018-05-27 19:15:23.297,90.83,0.0965963327963,0.0,0
2018-05-27 19:15:23.390,91.25,0.0965963327963,0.0,0
2018-05-27 19:15:23.576,92.17,0.0965963327963,0.0,0
2018-05-27 19:15:23.670,92.15,0.0965963327963,0.0,0
2018-05-27 19:15:23.753,91.42,0.0965963327963,0.0,0
2018-05-27 19:15:24.008,92.44,0.0965963327963,0.0,0
2018-05-27 19:15:24.101,92.08,0.0965963327963,0.0,0
2018-05-27 19:15:24.288,90.96,0.0965963327963,0.0,0
2018-05-27 19:15:24.474,89.86,0.0965963327963,0.0,0
2018-05-27 19:15:24.567,89.83,0.0965963327963,0.0,0
2018-05-27 19:15:24.651,88.93,0.0965963327963,0.0,0
2018-05-27 19:15:24.832,89.39,0.0965963327963,0.0,0
2018-05-27 19:15:24.921,89.3,0.0965963327963,0.0,0
2018-05-27 19:15:25.074,88.31,0.0965963327963,0.0,0
2018-05-27 19:15:25.167,88.3,0.0965963327963,0.0,0
2018-05-27 19:15:25.250,87.62,0.0965963327963,0.0,0
2018-05-27 19:15:25.344,88.19,0.0965963327963,0.0,0
2018-05-27 19:15:25.530,87.5,0.0965963327963,0.0,0
2018-05-27 19:15:25.623,87.08,0.0965963327963,0.0,0
2018-05-27 19:15:25.716,86.98,0.0965963327963,0.0,0
2018-05-27 19:15:25.801,86.73,0.0965963327963,0.0,0
2018-05-27 19:15:26.055,86.14,0.0965963327963,0.0,0
2018-05-27 19:15:26.148,85.94,0.0965963327963,0.0,0
2018-05-27 19:15:26.241,85.69,0.0965963327963,0.0,0
2018-05-27 19:15:26.334,84.46,0.0965963327963,0.0,0
2018-05-27 19:15:26.520,84.59,0.0965963327963,0.0,0
2018-05-27 19:15:26.614,84.96,0.0965963327963,0.0,0
2018-05-27 19:15:26.791,83.54,0.0965963327963,0.0,0
2018-05-27 19:15:27.046,82.91,0.0965963327963,0.0,0
2018-05-27 19:15:27.232,83.41,0.0965963327963,0.0,0
2018-05-27 19:15:27.325,82.29,0.0965963327963,0.0,0
2018-05-27 19:15:27.418,82.04,0.0965963327963,0.0,0
2018-05-27 19:15:27.511,82.71,0.0965963327963,0.0,0
2018-05-27 19:15:27.604,81.98,0.0965963327963,0.0,0
2018-05-27 19:15:27.688,81.69,0.0965963327963,0.0,0
2018-05-27 19:15:27.874,82.2,0.0965963327963,0.0,0
2018-05-27 19:15:28.036,82.57,0.0965963327963,0.0,0
2018-05-27 19:15:28.129,82.0,0.0965963327963,0.0,0
2018-05-27 19:15:28.223,82.49,0.0965963327963,0.0,0
2018-05-27 19:15:28.316,83.48,0.0965963327963,0.0,0
2018-05-27 19:15:28.409,84.14,0.0965963327963,0.0,0
2018-05-27 19:15:28.502,84.63,0.0965963327963,0.0,0
2018-05-27 19:15:28.679,84.39,0.0965963327963,0.0,0
2018-05-27 19:15:28.772,85.9,0.0965963327963,0.0,0
2018-05-27 19:15:28.865,86.57,0.0965963327963,0.0,0
2018-05-27 19:15:29.027,87.16,0.0965963327963,0.0,0
2018-05-27 19:15:29.213,87.37,0.0965963327963,0.0,0
2018-05-27 19:15:29.306,88.09,0.0965963327963,0.0,0
2018-05-27 19:15:29.399,88.43,0.0965963327963,0.0,0
2018-05-27 19:15:29.493,89.47,0.0965963327963,0.0,0
2018-05-27 19:15:29.577,90.07,0.0965963327963,0.0,0
2018-05-27 19:15:29.670,90.97,0.0965963327963,0.0,0
2018-05-27 19:15:29.763,91.12,0.0965963327963,0.0,0
2018-05-27 19:15:30.018,91.89,0.0965963327963,0.0,0
2018-05-27 19:15:30.111,92.34,0.0965963327963,0.0,0
2018-05-27 19:15:30.196,92.49,0.0965963327963,0.0,0
2018-05-27 19:15:30.288,92.88,0.0965963327963,0.0,0
2018-05-27 19:15:30.474,94.6,0.0965963327963,0.0,0
2018-05-27 19:15:30.567,94.66,0.0965963327963,0.0,0
2018-05-27 19:15:30.661,95.31,0.0965963327963,0.0,0
2018-05-27 19:15:30.753,95.41,0.0965963327963,0.0,0
2018-05-27 19:15:30.837,95.94,0.0965963327963,0.0,0
2018-05-27 19:15:30.927,94.94,0.0965963327963,0.0,0
2018-05-27 19:15:31.083,95.42,0.0965963327963,0.0,0
2018-05-27 19:15:31.168,95.02,0.0965963327963,0.0,0
2018-05-27 19:15:31.260,94.27,0.0965963327963,0.0,0
2018-05-27 19:15:31.353,94.02,0.0965963327963,0.0,0
2018-05-27 19:15:31.446,94.29,0.0965963327963,0.0,0
2018-05-27 19:15:31.539,94.05,0.0965963327963,0.0,0
2018-05-27 19:15:31.632,93.37,0.0965963327963,0.0,0
2018-05-27 19:15:31.716,93.11,0.0965963327963,0.0,0
2018-05-27 19:15:31.809,92.87,0.0965963327963,0.0,0
2018-05-27 19:15:31.902,92.32,0.0965963327963,0.0,0
2018-05-27 19:15:32.157,91.87,0.0965963327963,0.0,0
2018-05-27 19:15:32.251,91.65,0.0965963327963,0.0,0
2018-05-27 19:15:32.344,91.57,0.0965963327963,0.0,0
2018-05-27 19:15:32.437,90.92,0.0965963327963,0.0,0
2018-05-27 19:15:32.530,90.49,0.0965963327963,0.0,0
2018-05-27 19:15:32.707,90.94,0.0965963327963,0.0,0
2018-05-27 19:15:32.800,90.2,0.0965963327963,0.0,0
2018-05-27 19:15:32.893,90.18,0.0965963327963,0.0,0
2018-05-27 19:15:33.055,89.86,0.0965963327963,0.0,0
2018-05-27 19:15:33.149,89.38,0.0965963327963,0.0,0
2018-05-27 19:15:33.242,89.35,0.0965963327963,0.0,0
2018-05-27 19:15:33.325,88.22,0.0965963327963,0.0,0
2018-05-27 19:15:33.418,88.53,0.0965963327963,0.0,0
2018-05-27 19:15:33.511,88.01,0.0965963327963,0.0,0
2018-05-27 19:15:33.605,87.18,0.0965963327963,0.0,0
2018-05-27 19:15:33.691,88.06,0.0965963327963,0.0,0
2018-05-27 19:15:33.781,87.68,0.0965963327963,0.0,0
2018-05-27 19:15:33.875,86.78,0.0965963327963,0.0,0
2018-05-27 19:15:34.036,86.75,0.0965963327963,0.0,0
2018-05-27 19:15:34.130,86.49,0.0965963327963,0.0,0
2018-05-27 19:15:34.223,86.01,0.0965963327963,0.0,0
2018-05-27 19:15:34.316,85.64,0.0965963327963,0.0,0
2018-05-27 19:15:34.409,85.99,0.0965963327963,0.0,0
2018-05-27 19:15:34.495,85.52,0.0965963327963,0.0,0
2018-05-27 19:15:34.679,84.84,0.0965963327963,0.0,0
2018-05-27 19:15:34.772,84.45,0.0965963327963,0.0,0
2018-05-27 19:15:34.865,84.8,0.0965963327963,0.0,0
2018-05-27 19:15:35.027,84.46,0.0965963327963,0.0,0
2018-05-27 19:15:35.120,83.86,0.0965963327963,0.0,0
2018-05-27 19:15:35.213,83.24,0.0965963327963,0.0,0
2018-05-27 19:15:35.306,83.23,0.0965963327963,0.0,0
2018-05-27 19:15:35.400,83.5,0.0965963327963,0.0,0
2018-05-27 19:15:35.493,83.31,0.0965963327963,0.0,0
2018-05-27 19:15:35.587,82.93,0.0965963327963,0.0,0
2018-05-27 19:15:35.679,82.03,0.0965963327963,0.0,0
2018-05-27 19:15:35.772,82.33,0.0965963327963,0.0,0
2018-05-27 19:15:35.865,82.17,0.0965963327963,0.0,0
2018-05-27 19:15:36.027,82.06,0.0965963327963,0.0,0
2018-05-27 19:15:36.120,82.13,0.0965963327963,0.0,0
2018-05-27 19:15:36.213,81.69,0.0965963327963,0.0,0
2018-05-27 19:15:36.307,82.33,0.0965963327963,0.0,0
2018-05-27 19:15:36.400,82.73,0.0965963327963,0.0,0
2018-05-27 19:15:36.493,82.93,0.0965963327963,0.0,0
2018-05-27 19:15:36.586,82.45,0.0965963327963,0.0,0
2018-05-27 19:15:36.679,82.69,0.0965963327963,0.0,0
2018-05-27 19:15:36.856,83.7,0.0965963327963,0.0,0
2018-05-27 19:15:37.018,83.24,0.0965963327963,0.0,0
2018-05-27 19:15:37.111,83.56,0.0965963327963,0.0,0
2018-05-27 19:15:37.204,84.4,0.0965963327963,0.0,0
2018-05-27 19:15:37.297,84.07,0.0965963327963,0.0,0
2018-05-27 19:15:37.390,83.94,0.0965963327963,0.0,0
2018-05-27 19:15:38.288,83.3,0.0965963327963,0.0,0
2018-05-27 19:15:38.567,81.59,0.0965963327963,0.0,0
2018-05-27 19:15:38.660,82.37,0.0965963327963,0.0,0
2018-05-27 19:15:38.744,81.98,0.0965963327963,0.0,0
2018-05-27 19:15:38.833,81.45,0.0965963327963,0.0,0
2018-05-27 19:15:38.921,81.77,0.0965963327963,0.0,0
2018-05-27 19:15:39.167,80.8,0.0965963327963,0.0,0
2018-05-27 19:15:39.260,80.95,0.0965963327963,0.0,0
2018-05-27 19:15:39.353,80.9,0.0965963327963,0.0,0
2018-05-27 19:15:39.446,80.36,0.0965963327963,0.0,0
2018-05-27 19:15:39.530,80.04,0.0965963327963,0.0,0
2018-05-27 19:15:39.716,79.65,0.0965963327963,0.0,0
2018-05-27 19:15:39.800,79.41,0.0965963327963,0.0,0
2018-05-27 19:15:39.893,79.7,0.0965963327963,0.0,0
2018-05-27 19:15:40.055,78.8,0.0965963327963,0.0,0
2018-05-27 19:15:40.148,78.15,0.0965963327963,0.0,0
2018-05-27 19:15:40.781,76.35,0.0965963327963,0.0,0
2018-05-27 19:15:40.875,76.69,0.0965963327963,0.0,0
2018-05-27 19:15:41.036,76.67,0.0965963327963,0.0,0
2018-05-27 19:15:41.493,76.19,0.0965963327963,0.0,0
2018-05-27 19:15:41.679,75.28,0.0965963327963,0.0,0
2018-05-27 19:15:41.865,74.8,0.0965963327963,0.0,0
2018-05-27 19:15:42.027,74.56,0.0965963327963,0.0,0
2018-05-27 19:15:42.120,75.88,0.0965963327963,0.0,0
2018-05-27 19:15:42.297,73.73,0.0965963327963,0.0,0
2018-05-27 19:15:42.483,73.43,0.0965963327963,0.0,0
2018-05-27 19:15:42.670,72.73,0.0965963327963,0.0,0
2018-05-27 19:15:42.753,72.88,0.0965963327963,0.0,0
2018-05-27 19:15:42.847,72.9,0.0965963327963,0.0,0
2018-05-27 19:15:43.008,72.6,0.0965963327963,0.0,0
2018-05-27 19:15:43.185,73.76,0.0965963327963,0.0,0
2018-05-27 19:15:43.274,73.84,0.0965963327963,0.0,0
2018-05-27 19:15:43.353,73.46,0.0965963327963,0.0,0
2018-05-27 19:15:43.446,74.55,0.0965963327963,0.0,0
2018-05-27 19:15:43.632,74.58,0.0965963327963,0.0,0
2018-05-27 19:15:43.716,74.95,0.0965963327963,0.0,0
2018-05-27 19:15:43.809,74.25,0.0965963327963,0.0,0
2018-05-27 19:15:43.903,75.52,0.0965963327963,0.0,0
2018-05-27 19:15:44.157,75.46,0.0965963327963,0.0,0
2018-05-27 19:15:44.251,75.37,0.0965963327963,0.0,0
2018-05-27 19:15:44.344,75.28,0.0965963327963,0.0,0
2018-05-27 19:15:45.148,73.42,0.0965963327963,0.0,0
2018-05-27 19:15:45.241,73.79,0.0965963327963,0.0,0
2018-05-27 19:15:45.334,73.64,0.0965963327963,0.0,0
2018-05-27 19:15:45.521,72.53,0.0965963327963,0.0,0
2018-05-27 19:15:45.614,72.48,0.0965963327963,0.0,0
2018-05-27 19:15:45.698,72.12,0.0965963327963,0.0,0
2018-05-27 19:15:45.791,72.58,0.0965963327963,0.0,0
2018-05-27 19:15:45.884,72.21,0.0965963327963,0.0,0
2018-05-27 19:15:46.046,72.33,0.0965963327963,0.0,0
2018-05-27 19:15:46.139,72.06,0.0965963327963,0.0,0
2018-05-27 19:15:46.232,71.47,0.0965963327963,0.0,0
2018-05-27 19:15:46.325,71.9,0.0965963327963,0.0,0
2018-05-27 19:15:46.511,71.46,0.0965963327963,0.0,0
2018-05-27 19:15:46.632,71.12,0.0965963327963,0.0,0
2018-05-27 19:15:46.716,70.36,0.0965963327963,0.0,0
2018-05-27 19:15:46.809,70.86,0.0965963327963,0.0,0
2018-05-27 19:15:46.903,70.42,0.0965963327963,0.0,0
2018-05-27 19:15:47.064,70.74,0.0965963327963,0.0,0
2018-05-27 19:15:47.157,69.81,0.0965963327963,0.0,0
2018-05-27 19:15:47.344,69.12,0.0965963327963,0.0,0
2018-05-27 19:15:47.623,69.52,0.0965963327963,0.0,0
2018-05-27 19:15:47.716,68.6,0.0965963327963,0.0,0
2018-05-27 19:15:47.800,68.82,0.0965963327963,0.0,0
2018-05-27 19:15:48.046,67.51,0.0965963327963,0.0,0
2018-05-27 19:15:48.139,68.06,0.0965963327963,0.0,0
2018-05-27 19:15:48.232,67.74,0.0965963327963,0.0,0
2018-05-27 19:15:48.325,68.22,0.0965963327963,0.0,0
2018-05-27 19:15:48.512,67.37,0.0965963327963,0.0,0
2018-05-27 19:15:48.605,66.9,0.0965963327963,0.0,0
2018-05-27 19:15:48.698,67.24,0.0965963327963,0.0,0
2018-05-27 19:15:49.027,67.29,0.0965963327963,0.0,0
2018-05-27 19:15:49.120,67.55,0.0965963327963,0.0,0
2018-05-27 19:15:49.213,67.71,0.0965963327963,0.0,0
2018-05-27 19:15:49.306,67.18,0.0965963327963,0.0,0
2018-05-27 19:15:49.400,68.34,0.0965963327963,0.0,0
2018-05-27 19:15:49.493,68.05,0.0965963327963,0.0,0
2018-05-27 19:15:49.586,68.3,0.0965963327963,0.0,0
2018-05-27 19:15:49.773,67.67,0.0965963327963,0.0,0
2018-05-27 19:15:49.856,67.8,0.0965963327963,0.0,0
2018-05-27 19:15:50.111,67.82,0.0965963327963,0.0,0
2018-05-27 19:15:50.204,67.25,0.0965963327963,0.0,0
2018-05-27 19:15:50.483,66.81,0.0965963327963,0.0,0
2018-05-27 19:15:50.577,66.42,0.0965963327963,0.0,0
2018-05-27 19:15:50.670,66.08,0.0965963327963,0.0,0
2018-05-27 19:15:50.753,66.47,0.0965963327963,0.0,0
2018-05-27 19:15:50.847,65.52,0.0965963327963,0.0,0
2018-05-27 19:15:51.008,65.88,0.0965963327963,0.0,0
2018-05-27 19:15:51.195,65.93,0.0965963327963,0.0,0
2018-05-27 19:15:51.288,65.14,0.0965963327963,0.0,0
2018-05-27 19:15:51.465,64.4,0.0965963327963,0.0,0
2018-05-27 19:15:51.646,64.31,0.0965963327963,0.0,0
2018-05-27 19:15:51.725,64.24,0.0965963327963,0.0,0
2018-05-27 19:15:51.800,63.71,0.0965963327963,0.0,0
2018-05-27 19:15:51.903,63.92,0.0965963327963,0.0,0
2018-05-27 19:15:52.064,63.71,0.0965963327963,0.0,0
2018-05-27 19:15:52.251,63.2,0.0965963327963,0.0,0
2018-05-27 19:15:52.344,62.81,0.0965963327963,0.0,0
2018-05-27 19:15:52.437,63.05,0.0965963327963,0.0,0
2018-05-27 19:15:52.530,62.58,0.0965963327963,0.0,0
2018-05-27 19:15:52.707,63.17,0.0965963327963,0.0,0
2018-05-27 19:15:52.800,62.36,0.0965963327963,0.0,0
2018-05-27 19:15:52.893,63.07,0.0965963327963,0.0,0
2018-05-27 19:15:53.148,64.21,0.0965963327963,0.0,0
2018-05-27 19:15:53.241,64.53,0.0965963327963,0.0,0
2018-05-27 19:15:53.334,65.56,0.0965963327963,0.0,0
2018-05-27 19:15:53.427,65.28,0.0965963327963,0.0,0
2018-05-27 19:15:53.614,66.34,0.0965963327963,0.0,0
2018-05-27 19:15:53.698,67.6,0.0965963327963,0.0,0
2018-05-27 19:15:53.791,67.97,0.0965963327963,0.0,0
2018-05-27 19:15:53.884,67.9,0.0965963327963,0.0,0
2018-05-27 19:15:54.046,69.29,0.0965963327963,0.0,0
2018-05-27 19:15:54.139,68.89,0.0965963327963,0.0,0
2018-05-27 19:15:54.232,70.4,0.0965963327963,0.0,0
2018-05-27 19:15:54.325,69.8,0.0965963327963,0.0,0
2018-05-27 19:15:54.418,71.25,0.0965963327963,0.0,0
2018-05-27 19:15:54.511,72.03,0.0965963327963,0.0,0
2018-05-27 19:15:54.604,71.52,0.0965963327963,0.0,0
2018-05-27 19:15:54.698,73.07,0.0965963327963,0.0,0
2018-05-27 19:15:54.781,73.23,0.0965963327963,0.0,0
2018-05-27 19:15:54.875,73.95,0.0965963327963,0.0,0
2018-05-27 19:15:55.036,73.89,0.0965963327963,0.0,0
2018-05-27 19:15:55.130,75.0,0.0965963327963,0.0,0
2018-05-27 19:15:55.223,75.4,0.0965963327963,0.0,0
2018-05-27 19:15:55.316,75.66,0.0965963327963,0.0,0
2018-05-27 19:15:55.409,76.23,0.0965963327963,0.0,0
2018-05-27 19:15:55.502,76.84,0.0965963327963,0.0,0
2018-05-27 19:15:55.595,77.27,0.0965963327963,0.0,0
2018-05-27 19:15:55.680,77.53,0.0965963327963,0.0,0
2018-05-27 19:15:55.772,77.6,0.0965963327963,0.0,0
2018-05-27 19:15:55.865,79.2,0.0965963327963,0.0,0
2018-05-27 19:15:56.027,79.57,0.0965963327963,0.0,0
2018-05-27 19:15:56.306,81.35,0.0965963327963,0.0,0
2018-05-27 19:15:56.400,80.93,0.0965963327963,0.0,0
2018-05-27 19:15:56.493,81.55,0.0965963327963,0.0,0
2018-05-27 19:15:56.586,81.95,0.0965963327963,0.0,0
2018-05-27 19:15:56.679,82.63,0.0965963327963,0.0,0
2018-05-27 19:15:56.772,83.11,0.0965963327963,0.0,0
2018-05-27 19:15:56.856,83.24,0.0965963327963,0.0,0
2018-05-27 19:15:57.018,82.63,0.0965963327963,0.0,0
2018-05-27 19:15:57.111,83.78,0.0965963327963,0.0,0
2018-05-27 19:15:57.204,83.8,0.0965963327963,0.0,0
2018-05-27 19:15:57.297,83.98,0.0965963327963,0.0,0
2018-05-27 19:15:57.390,83.8,0.0965963327963,0.0,0
2018-05-27 19:15:57.483,83.73,0.0965963327963,0.0,0
2018-05-27 19:15:57.576,84.57,0.0965963327963,0.0,0
2018-05-27 19:15:57.670,84.21,0.0965963327963,0.0,0
2018-05-27 19:15:57.763,83.79,0.0965963327963,0.0,0
2018-05-27 19:15:57.847,83.38,0.0965963327963,0.0,0
2018-05-27 19:15:58.008,83.66,0.0965963327963,0.0,0
2018-05-27 19:15:58.102,84.02,0.0965963327963,0.0,0
2018-05-27 19:15:58.195,83.38,0.0965963327963,0.0,0
2018-05-27 19:15:58.288,82.37,0.0965963327963,0.0,0
2018-05-27 19:15:58.381,82.7,0.0965963327963,0.0,0
2018-05-27 19:15:58.474,82.91,0.0965963327963,0.0,0
2018-05-27 19:15:58.567,82.05,0.0965963327963,0.0,0
2018-05-27 19:15:58.744,80.78,0.0965963327963,0.0,0
2018-05-27 19:15:58.837,81.97,0.0965963327963,0.0,0
2018-05-27 19:15:58.921,80.67,0.0965963327963,0.0,0
2018-05-27 19:15:59.074,81.02,0.0965963327963,0.0,0
2018-05-27 19:15:59.167,80.71,0.0965963327963,0.0,0
2018-05-27 19:15:59.344,79.63,0.0965963327963,0.0,0
2018-05-27 19:15:59.437,80.22,0.0965963327963,0.0,0
2018-05-27 19:15:59.530,79.99,0.0965963327963,0.0,0
2018-05-27 19:15:59.707,79.29,0.0965963327963,0.0,0
2018-05-27 19:15:59.893,78.79,0.0965963327963,0.0,0
2018-05-27 19:16:00.055,78.75,0.0965963327963,0.0,0
2018-05-27 19:16:00.148,78.7,0.0965963327963,0.0,0
2018-05-27 19:16:00.232,77.39,0.0965963327963,0.0,0
2018-05-27 19:16:00.325,78.05,0.0965963327963,0.0,0
2018-05-27 19:16:00.418,76.95,0.0965963327963,0.0,0
2018-05-27 19:16:00.511,77.43,0.0965963327963,0.0,0
2018-05-27 19:16:00.604,77.83,0.0965963327963,0.0,0
2018-05-27 19:16:00.698,76.33,0.0965963327963,0.0,0
2018-05-27 19:16:00.781,77.34,0.0965963327963,0.0,0
2018-05-27 19:16:00.875,77.19,0.0965963327963,0.0,0
2018-05-27 19:16:01.213,75.68,0.0965963327963,0.0,0
2018-05-27 19:16:01.306,75.31,0.0965963327963,0.0,0
2018-05-27 19:16:01.400,75.97,0.0965963327963,0.0,0
2018-05-27 19:16:01.493,75.55,0.0965963327963,0.0,0
2018-05-27 19:16:01.586,75.66,0.0965963327963,0.0,0
2018-05-27 19:16:01.679,74.32,0.0965963327963,0.0,0
2018-05-27 19:16:01.772,75.0,0.0965963327963,0.0,0
2018-05-27 19:16:01.865,74.96,0.0965963327963,0.0,0
2018-05-27 19:16:02.027,74.01,0.0965963327963,0.0,0
2018-05-27 19:16:02.111,74.88,0.0965963327963,0.0,0
2018-05-27 19:16:02.297,73.3,0.0965963327963,0.0,0
2018-05-27 19:16:02.390,73.99,0.0965963327963,0.0,0
2018-05-27 19:16:02.576,73.52,0.0965963327963,0.0,0
2018-05-27 19:16:02.763,73.28,0.0965963327963,0.0,0
2018-05-27 19:16:02.847,72.22,0.0965963327963,0.0,0
2018-05-27 19:16:02.930,72.86,0.0965963327963,0.0,0
2018-05-27 19:16:03.176,72.25,0.0965963327963,0.0,0
2018-05-27 19:16:03.260,72.2,0.0965963327963,0.0,0
2018-05-27 19:16:03.353,72.12,0.0965963327963,0.0,0
2018-05-27 19:16:03.539,72.87,0.0965963327963,0.0,0
2018-05-27 19:16:03.633,71.91,0.0965963327963,0.0,0
2018-05-27 19:16:03.912,72.24,0.0965963327963,0.0,0
2018-05-27 19:16:04.074,73.41,0.0965963327963,0.0,0
2018-05-27 19:16:04.167,72.93,0.0965963327963,0.0,0
2018-05-27 19:16:04.260,74.22,0.0965963327963,0.0,0
2018-05-27 19:16:04.530,73.62,0.0965963327963,0.0,0
2018-05-27 19:16:04.623,73.84,0.0965963327963,0.0,0
2018-05-27 19:16:04.800,74.91,0.0965963327963,0.0,0
2018-05-27 19:16:05.046,75.15,0.0965963327963,0.0,0
2018-05-27 19:16:05.139,76.06,0.0965963327963,0.0,0
2018-05-27 19:16:05.232,76.31,0.0965963327963,0.0,0
2018-05-27 19:16:05.325,76.91,0.0965963327963,0.0,0
2018-05-27 19:16:05.511,77.79,0.0965963327963,0.0,0
2018-05-27 19:16:05.698,78.75,0.0965963327963,0.0,0
2018-05-27 19:16:05.781,78.45,0.0965963327963,0.0,0
2018-05-27 19:16:05.865,79.37,0.0965963327963,0.0,0
2018-05-27 19:16:06.027,80.12,0.0965963327963,0.0,0
2018-05-27 19:16:06.120,79.66,0.0965963327963,0.0,0
2018-05-27 19:16:06.214,80.47,0.0965963327963,0.0,0
2018-05-27 19:16:06.306,81.7,0.0965963327963,0.0,0
2018-05-27 19:16:06.400,81.45,0.0965963327963,0.0,0
2018-05-27 19:16:06.493,81.39,0.0965963327963,0.0,0
2018-05-27 19:16:06.586,82.04,0.0965963327963,0.0,0
2018-05-27 19:16:06.679,82.81,0.0965963327963,0.0,0
2018-05-27 19:16:06.856,83.31,0.0965963327963,0.0,0
2018-05-27 19:16:07.018,83.59,0.0965963327963,0.0,0
2018-05-27 19:16:07.111,84.73,0.0965963327963,0.0,0
2018-05-27 19:16:07.204,84.52,0.0965963327963,0.0,0
2018-05-27 19:16:07.297,84.24,0.0965963327963,0.0,0
2018-05-27 19:16:07.390,84.16,0.0965963327963,0.0,0
2018-05-27 19:16:07.483,84.23,0.0965963327963,0.0,0
2018-05-27 19:16:07.670,84.89,0.0965963327963,0.0,0
2018-05-27 19:16:07.753,85.31,0.0965963327963,0.0,0
2018-05-27 19:16:07.847,84.55,0.0965963327963,0.0,0
2018-05-27 19:16:08.008,84.77,0.0965963327963,0.0,0
2018-05-27 19:16:08.101,84.24,0.0965963327963,0.0,0
2018-05-27 19:16:08.288,84.6,0.0965963327963,0.0,0
2018-05-27 19:16:08.474,83.5,0.0965963327963,0.0,0
2018-05-27 19:16:08.567,83.89,0.0965963327963,0.0,0
2018-05-27 19:16:08.660,83.79,0.0965963327963,0.0,0
2018-05-27 19:16:08.744,82.9,0.0965963327963,0.0,0
2018-05-27 19:16:08.837,82.45,0.0965963327963,0.0,0
2018-05-27 19:16:08.926,82.92,0.0965963327963,0.0,0
2018-05-27 19:16:09.083,82.6,0.0965963327963,0.0,0
2018-05-27 19:16:09.148,82.61,0.0965963327963,0.0,0
2018-05-27 19:16:09.260,82.03,0.0965963327963,0.0,0
2018-05-27 19:16:09.353,81.8,0.0965963327963,0.0,0
2018-05-27 19:16:09.446,81.9,0.0965963327963,0.0,0
2018-05-27 19:16:09.623,81.43,0.0965963327963,0.0,0
2018-05-27 19:16:09.800,80.51,0.0965963327963,0.0,0
2018-05-27 19:16:09.893,79.75,0.0965963327963,0.0,0
2018-05-27 19:16:10.148,80.07,0.0965963327963,0.0,0
2018-05-27 19:16:10.241,79.27,0.0965963327963,0.0,0
2018-05-27 19:16:10.335,79.88,0.0965963327963,0.0,0
2018-05-27 19:16:10.428,79.27,0.0965963327963,0.0,0
2018-05-27 19:16:10.511,78.68,0.0965963327963,0.0,0
2018-05-27 19:16:10.605,79.31,0.0965963327963,0.0,0
2018-05-27 19:16:10.688,77.94,0.0965963327963,0.0,0
2018-05-27 19:16:10.781,78.55,0.0965963327963,0.0,0
2018-05-27 19:16:10.875,78.41,0.0965963327963,0.0,0
2018-05-27 19:16:11.130,78.03,0.0965963327963,0.0,0
2018-05-27 19:16:11.223,77.61,0.0965963327963,0.0,0
2018-05-27 19:16:11.316,77.28,0.0965963327963,0.0,0
2018-05-27 19:16:11.400,76.82,0.0965963327963,0.0,0
2018-05-27 19:16:11.493,76.96,0.0965963327963,0.0,0
2018-05-27 19:16:11.586,76.83,0.0965963327963,0.0,0
2018-05-27 19:16:11.679,76.07,0.0965963327963,0.0,0
2018-05-27 19:16:11.772,76.05,0.0965963327963,0.0,0
2018-05-27 19:16:11.865,75.87,0.0965963327963,0.0,0
2018-05-27 19:16:12.027,76.28,0.0965963327963,0.0,0
2018-05-27 19:16:12.213,75.46,0.0965963327963,0.0,0
2018-05-27 19:16:12.483,75.12,0.0965963327963,0.0,0
2018-05-27 19:16:12.576,74.28,0.0965963327963,0.0,0
2018-05-27 19:16:12.763,74.18,0.0965963327963,0.0,0
2018-05-27 19:16:12.847,73.66,0.0965963327963,0.0,0
2018-05-27 19:16:13.102,73.27,0.0965963327963,0.0,0
2018-05-27 19:16:13.278,73.66,0.0965963327963,0.0,0
2018-05-27 19:16:13.367,75.03,0.0965963327963,0.0,0
2018-05-27 19:16:13.455,73.83,0.0965963327963,0.0,0
2018-05-27 19:16:13.539,74.88,0.0965963327963,0.0,0
2018-05-27 19:16:13.632,75.51,0.0965963327963,0.0,0
2018-05-27 19:16:13.809,76.1,0.0965963327963,0.0,0
2018-05-27 19:16:13.893,75.45,0.0965963327963,0.0,0
2018-05-27 19:16:14.055,76.54,0.0965963327963,0.0,0
2018-05-27 19:16:14.148,76.87,0.0965963327963,0.0,0
2018-05-27 19:16:14.241,76.54,0.0965963327963,0.0,0
2018-05-27 19:16:14.334,77.47,0.0965963327963,0.0,0
2018-05-27 19:16:14.521,77.04,0.0965963327963,0.0,0
2018-05-27 19:16:14.604,76.71,0.0965963327963,0.0,0
2018-05-27 19:16:14.698,76.4,0.0965963327963,0.0,0
2018-05-27 19:16:14.791,76.78,0.0965963327963,0.0,0
2018-05-27 19:16:14.884,76.95,0.0965963327963,0.0,0
2018-05-27 19:16:15.046,75.83,0.0965963327963,0.0,0
2018-05-27 19:16:15.139,76.58,0.0965963327963,0.0,0
2018-05-27 19:16:15.232,75.04,0.0965963327963,0.0,0
2018-05-27 19:16:15.325,75.12,0.0965963327963,0.0,0
2018-05-27 19:16:15.418,75.53,0.0965963327963,0.0,0
2018-05-27 19:16:15.502,74.93,0.0965963327963,0.0,0
2018-05-27 19:16:15.595,75.59,0.0965963327963,0.0,0
2018-05-27 19:16:15.688,74.5,0.0965963327963,0.0,0
2018-05-27 19:16:15.772,74.72,0.0965963327963,0.0,0
2018-05-27 19:16:15.865,74.48,0.0965963327963,0.0,0
2018-05-27 19:16:16.120,74.01,0.0965963327963,0.0,0
2018-05-27 19:16:16.307,74.02,0.0965963327963,0.0,0
2018-05-27 19:16:16.390,73.5,0.0965963327963,0.0,0
2018-05-27 19:16:16.483,73.36,0.0965963327963,0.0,0
2018-05-27 19:16:16.576,73.23,0.0965963327963,0.0,0
2018-05-27 19:16:16.670,71.99,0.0965963327963,0.0,0
2018-05-27 19:16:16.763,73.17,0.0965963327963,0.0,0
2018-05-27 19:16:17.008,72.83,0.0965963327963,0.0,0
2018-05-27 19:16:17.101,72.31,0.0965963327963,0.0,0
2018-05-27 19:16:17.195,72.12,0.0965963327963,0.0,0
2018-05-27 19:16:17.288,71.94,0.0965963327963,0.0,0
2018-05-27 19:16:17.372,72.02,0.0965963327963,0.0,0
2018-05-27 19:16:17.553,72.47,0.0965963327963,0.0,0
2018-05-27 19:16:17.642,72.04,0.0965963327963,0.0,0
2018-05-27 19:16:17.726,72.36,0.0965963327963,0.0,0
2018-05-27 19:16:17.819,73.02,0.0965963327963,0.0,0
2018-05-27 19:16:18.069,73.6,0.0965963327963,0.0,0
2018-05-27 19:16:18.159,73.82,0.0965963327963,0.0,0
2018-05-27 19:16:18.344,74.8,0.0965963327963,0.0,0
2018-05-27 19:16:18.437,74.5,0.0965963327963,0.0,0
2018-05-27 19:16:18.530,75.12,0.0965963327963,0.0,0
2018-05-27 19:16:18.623,75.63,0.0965963327963,0.0,0
2018-05-27 19:16:18.716,75.57,0.0965963327963,0.0,0
2018-05-27 19:16:18.809,75.45,0.0965963327963,0.0,0
2018-05-27 19:16:18.902,76.58,0.0965963327963,0.0,0
2018-05-27 19:16:19.064,76.4,0.0965963327963,0.0,0
2018-05-27 19:16:19.157,76.76,0.0965963327963,0.0,0
2018-05-27 19:16:19.251,77.63,0.0965963327963,0.0,0
2018-05-27 19:16:19.344,77.65,0.0965963327963,0.0,0
2018-05-27 19:16:19.437,77.65,0.0965963327963,0.0,0
2018-05-27 19:16:19.530,79.16,0.0965963327963,0.0,0
2018-05-27 19:16:19.707,79.01,0.0965963327963,0.0,0
2018-05-27 19:16:19.800,80.23,0.0965963327963,0.0,0
2018-05-27 19:16:19.893,80.68,0.0965963327963,0.0,0
2018-05-27 19:16:20.055,80.54,0.0965963327963,0.0,0
2018-05-27 19:16:20.148,81.55,0.0965963327963,0.0,0
2018-05-27 19:16:20.241,81.87,0.0965963327963,0.0,0
2018-05-27 19:16:20.334,82.19,0.0965963327963,0.0,0
2018-05-27 19:16:20.427,82.49,0.0965963327963,0.0,0
2018-05-27 19:16:20.698,83.73,0.0965963327963,0.0,0
2018-05-27 19:16:20.884,84.04,0.0965963327963,0.0,0
2018-05-27 19:16:21.046,84.58,0.0965963327963,0.0,0
2018-05-27 19:16:21.139,84.99,0.0965963327963,0.0,0
2018-05-27 19:16:21.232,84.88,0.0965963327963,0.0,0
2018-05-27 19:16:21.325,84.62,0.0965963327963,0.0,0
2018-05-27 19:16:21.418,85.77,0.0965963327963,0.0,0
2018-05-27 19:16:21.604,86.61,0.0965963327963,0.0,0
2018-05-27 19:16:21.781,87.26,0.0965963327963,0.0,0
2018-05-27 19:16:21.874,86.61,0.0965963327963,0.0,0
2018-05-27 19:16:22.036,87.15,0.0965963327963,0.0,0
2018-05-27 19:16:22.130,86.99,0.0965963327963,0.0,0
2018-05-27 19:16:22.223,86.79,0.0965963327963,0.0,0
2018-05-27 19:16:22.316,88.29,0.0965963327963,0.0,0
2018-05-27 19:16:22.409,88.37,0.0965963327963,0.0,0
2018-05-27 19:16:22.502,88.67,0.0965963327963,0.0,0
2018-05-27 19:16:22.595,88.38,0.0965963327963,0.0,0
2018-05-27 19:16:22.679,87.97,0.0965963327963,0.0,0
2018-05-27 19:16:22.772,88.27,0.0965963327963,0.0,0
2018-05-27 19:16:22.865,88.23,0.0965963327963,0.0,0
2018-05-27 19:16:23.027,88.32,0.0965963327963,0.0,0
2018-05-27 19:16:23.120,87.5,0.0965963327963,0.0,0
2018-05-27 19:16:23.213,88.38,0.0965963327963,0.0,0
2018-05-27 19:16:23.306,88.4,0.0965963327963,0.0,0
2018-05-27 19:16:23.400,87.3,0.0965963327963,0.0,0
2018-05-27 19:16:23.493,87.66,0.0965963327963,0.0,0
2018-05-27 19:16:23.586,87.15,0.0965963327963,0.0,0
2018-05-27 19:16:23.679,86.12,0.0965963327963,0.0,0
2018-05-27 19:16:23.763,85.82,0.0965963327963,0.0,0
2018-05-27 19:16:23.856,86.17,0.0965963327963,0.0,0
2018-05-27 19:16:24.018,86.08,0.0965963327963,0.0,0
2018-05-27 19:16:24.111,85.96,0.0965963327963,0.0,0
2018-05-27 19:16:24.204,84.5,0.0965963327963,0.0,0
2018-05-27 19:16:24.297,85.04,0.0965963327963,0.0,0
2018-05-27 19:16:24.390,84.54,0.0965963327963,0.0,0
2018-05-27 19:16:24.483,84.91,0.0965963327963,0.0,0
2018-05-27 19:16:24.576,84.28,0.0965963327963,0.0,0
2018-05-27 19:16:24.670,83.7,0.0965963327963,0.0,0
2018-05-27 19:16:24.753,83.3,0.0965963327963,0.0,0
2018-05-27 19:16:24.847,83.28,0.0965963327963,0.0,0
2018-05-27 19:16:25.009,83.85,0.0965963327963,0.0,0
2018-05-27 19:16:25.101,83.3,0.0965963327963,0.0,0
2018-05-27 19:16:25.195,82.22,0.0965963327963,0.0,0
2018-05-27 19:16:25.288,82.89,0.0965963327963,0.0,0
2018-05-27 19:16:25.381,83.41,0.0965963327963,0.0,0
2018-05-27 19:16:25.474,83.35,0.0965963327963,0.0,0
2018-05-27 19:16:25.567,83.41,0.0965963327963,0.0,0
2018-05-27 19:16:25.660,83.51,0.0965963327963,0.0,0
2018-05-27 19:16:25.744,84.71,0.0965963327963,0.0,0
2018-05-27 19:16:25.837,85.74,0.0965963327963,0.0,0
2018-05-27 19:16:26.074,86.24,0.0965963327963,0.0,0
2018-05-27 19:16:26.167,86.01,0.0965963327963,0.0,0
2018-05-27 19:16:26.260,87.11,0.0965963327963,0.0,0
2018-05-27 19:16:26.353,87.92,0.0965963327963,0.0,0
2018-05-27 19:16:26.530,88.38,0.0965963327963,0.0,0
2018-05-27 19:16:26.623,89.21,0.0965963327963,0.0,0
2018-05-27 19:16:26.716,89.02,0.0965963327963,0.0,0
2018-05-27 19:16:26.800,89.66,0.0965963327963,0.0,0
2018-05-27 19:16:26.893,89.55,0.0965963327963,0.0,0
2018-05-27 19:16:27.055,89.42,0.0965963327963,0.0,0
2018-05-27 19:16:27.139,88.91,0.0965963327963,0.0,0
2018-05-27 19:16:27.325,87.93,0.0965963327963,0.0,0
2018-05-27 19:16:27.418,88.13,0.0965963327963,0.0,0
2018-05-27 19:16:27.511,87.98,0.0965963327963,0.0,0
2018-05-27 19:16:27.604,87.65,0.0965963327963,0.0,0
2018-05-27 19:16:27.689,88.7,0.0965963327963,0.0,0
2018-05-27 19:16:27.781,88.13,0.0965963327963,0.0,0
2018-05-27 19:16:27.884,88.88,0.0965963327963,0.0,0
2018-05-27 19:16:28.046,88.43,0.0965963327963,0.0,0
2018-05-27 19:16:28.139,88.67,0.0965963327963,0.0,0
2018-05-27 19:16:28.232,89.28,0.0965963327963,0.0,0
2018-05-27 19:16:28.325,89.4,0.0965963327963,0.0,0
2018-05-27 19:16:28.418,90.22,0.0965963327963,0.0,0
2018-05-27 19:16:28.511,90.0,0.0965963327963,0.0,0
2018-05-27 19:16:28.604,91.01,0.0965963327963,0.0,0
2018-05-27 19:16:28.688,91.17,0.0965963327963,0.0,0
2018-05-27 19:16:28.791,92.35,0.0965963327963,0.0,0
2018-05-27 19:16:28.874,91.88,0.0965963327963,0.0,0
2018-05-27 19:16:29.130,93.21,0.0965963327963,0.0,0
2018-05-27 19:16:29.316,94.68,0.0965963327963,0.0,0
2018-05-27 19:16:29.502,95.87,0.0965963327963,0.0,0
2018-05-27 19:16:29.595,95.83,0.0965963327963,0.0,0
2018-05-27 19:16:29.679,96.65,0.0965963327963,0.0,0
2018-05-27 19:16:29.772,97.14,0.0965963327963,0.0,0
2018-05-27 19:16:29.865,98.16,0.0965963327963,0.0,0
2018-05-27 19:16:30.027,98.85,0.0965963327963,0.0,0
2018-05-27 19:16:30.120,99.62,0.089100348137,0.0250000003725,0
2018-05-27 19:16:30.213,100.25,0.089100348137,0.0,0
2018-05-27 19:16:30.306,99.36,0.089100348137,0.0,0
2018-05-27 19:16:30.400,99.62,0.0819804654037,0.0250000003725,0
2018-05-27 19:16:30.493,99.27,0.0819804654037,0.0,0
2018-05-27 19:16:30.679,99.68,0.0752314270335,0.0250000003725,0
2018-05-27 19:16:30.772,99.68,0.0688475950741,0.0250000003725,0
2018-05-27 19:16:30.856,98.86,0.0688475950741,0.0,0
2018-05-27 19:16:31.018,98.77,0.0688475950741,0.0,0
2018-05-27 19:16:31.111,98.45,0.0688475950741,0.0,0
2018-05-27 19:16:31.204,97.22,0.0752314270335,0.0,0
2018-05-27 19:16:31.297,97.02,0.0752314270335,0.0,0
2018-05-27 19:16:31.390,97.12,0.0752314270335,0.0,0
2018-05-27 19:16:31.483,97.27,0.0819804654037,0.0,0
2018-05-27 19:16:31.670,95.94,0.0819804654037,0.0,0
2018-05-27 19:16:31.753,95.99,0.089100348137,0.0,0
2018-05-27 19:16:31.847,95.92,0.0965963327963,0.0,0
2018-05-27 19:16:32.008,95.49,0.0965963327963,0.0,0
2018-05-27 19:16:32.101,95.69,0.0965963327963,0.0,0
2018-05-27 19:16:32.195,95.1,0.0965963327963,0.0,0
2018-05-27 19:16:32.288,94.89,0.0965963327963,0.0,0
2018-05-27 19:16:32.381,94.79,0.0965963327963,0.0,0
2018-05-27 19:16:32.474,94.75,0.0965963327963,0.0,0
2018-05-27 19:16:32.744,93.45,0.0965963327963,0.0,0
2018-05-27 19:16:32.837,93.01,0.0965963327963,0.0,0
2018-05-27 19:16:32.926,92.96,0.0965963327963,0.0,0
2018-05-27 19:16:33.083,92.7,0.0965963327963,0.0,0
2018-05-27 19:16:33.167,92.49,0.0965963327963,0.0,0
2018-05-27 19:16:33.260,91.9,0.0965963327963,0.0,0
2018-05-27 19:16:33.353,91.34,0.0965963327963,0.0,0
2018-05-27 19:16:33.539,90.56,0.0965963327963,0.0,0
2018-05-27 19:16:33.623,91.01,0.0965963327963,0.0,0
2018-05-27 19:16:33.707,90.56,0.0965963327963,0.0,0
2018-05-27 19:16:33.800,90.46,0.0965963327963,0.0,0
2018-05-27 19:16:33.893,90.29,0.0965963327963,0.0,0
2018-05-27 19:16:34.055,89.21,0.0965963327963,0.0,0
2018-05-27 19:16:34.148,89.19,0.0965963327963,0.0,0
2018-05-27 19:16:34.232,87.97,0.0965963327963,0.0,0
2018-05-27 19:16:34.325,87.48,0.0965963327963,0.0,0
2018-05-27 19:16:34.418,86.91,0.0965963327963,0.0,0
2018-05-27 19:16:34.511,85.88,0.0965963327963,0.0,0
2018-05-27 19:16:34.604,84.83,0.0965963327963,0.0,0
2018-05-27 19:16:34.688,83.92,0.0965963327963,0.0,0
2018-05-27 19:16:34.781,83.17,0.0965963327963,0.0,0
2018-05-27 19:16:34.875,82.4,0.0965963327963,0.0,0
2018-05-27 19:16:35.027,81.66,0.0965963327963,0.0,0
2018-05-27 19:16:35.120,80.41,0.0965963327963,0.0,0
2018-05-27 19:16:35.213,80.1,0.0965963327963,0.0,0
2018-05-27 19:16:35.307,79.26,0.0965963327963,0.0,0
2018-05-27 19:16:35.400,78.75,0.0965963327963,0.0,0
2018-05-27 19:16:35.493,77.82,0.0965963327963,0.0,0
2018-05-27 19:16:35.586,77.04,0.0965963327963,0.0,0
2018-05-27 19:16:35.679,76.3,0.0965963327963,0.0,0
2018-05-27 19:16:35.772,75.4,0.0965963327963,0.0,0
2018-05-27 19:16:35.865,74.71,0.096599071513,0.0,0
2018-05-27 19:16:36.018,73.64,0.096599071513,0.0,0
2018-05-27 19:16:36.204,71.75,0.096599071513,0.0,0
2018-05-27 19:16:36.297,71.49,0.096599071513,0.0,0
2018-05-27 19:16:36.483,70.03,0.096599071513,0.0,0
2018-05-27 19:16:36.660,68.13,0.096599071513,0.0,0
2018-05-27 19:16:36.847,66.42,0.096599071513,0.0,0
2018-05-27 19:16:37.008,65.63,0.096599071513,0.0,0
2018-05-27 19:16:37.101,64.23,0.096599071513,0.0,0
2018-05-27 19:16:37.195,63.94,0.096599071513,0.0,0
2018-05-27 19:16:37.288,62.51,0.096599071513,0.0,0
2018-05-27 19:16:37.381,62.05,0.096599071513,0.0,0
2018-05-27 19:16:37.567,61.07,0.096599071513,0.0,0
2018-05-27 19:16:37.670,60.13,0.096599071513,0.0,0
2018-05-27 19:16:37.763,60.47,0.096599071513,0.0,0
2018-05-27 19:16:37.847,59.74,0.096599071513,0.0,0
2018-05-27 19:16:38.008,59.68,0.096599071513,0.0,0
2018-05-27 19:16:38.101,59.4,0.096599071513,0.0,0
2018-05-27 19:16:38.195,59.77,0.096599071513,0.0,0
2018-05-27 19:16:38.288,58.92,0.096599071513,0.0,0
2018-05-27 19:16:38.381,58.45,0.096599071513,0.0,0
2018-05-27 19:16:38.474,58.88,0.096599071513,0.0,0
2018-05-27 19:16:38.558,58.72,0.096599071513,0.0,0
2018-05-27 19:16:38.651,57.53,0.096599071513,0.0,0
2018-05-27 19:16:38.735,58.15,0.096599071513,0.0,0
2018-05-27 19:16:38.819,57.85,0.096599071513,0.0,0
2018-05-27 19:16:39.074,57.8,0.096599071513,0.0,0
2018-05-27 19:16:39.167,56.85,0.096599071513,0.0,0
2018-05-27 19:16:39.344,56.51,0.096599071513,0.0,0
2018-05-27 19:16:39.437,56.9,0.096599071513,0.0,0
2018-05-27 19:16:39.530,57.11,0.096599071513,0.0,0
2018-05-27 19:16:39.623,56.7,0.096599071513,0.0,0
2018-05-27 19:16:39.707,57.25,0.096599071513,0.0,0
2018-05-27 19:16:39.800,56.99,0.096599071513,0.0,0
2018-05-27 19:16:39.893,58.27,0.096599071513,0.0,0
2018-05-27 19:16:40.055,57.91,0.096599071513,0.0,0
2018-05-27 19:16:40.148,58.69,0.096599071513,0.0,0
2018-05-27 19:16:40.232,59.06,0.096599071513,0.0,0
2018-05-27 19:16:40.325,59.29,0.096599071513,0.0,0
2018-05-27 19:16:40.418,60.14,0.096599071513,0.0,0
2018-05-27 19:16:40.511,60.6,0.096599071513,0.0,0
2018-05-27 19:16:40.604,61.44,0.096599071513,0.0,0
2018-05-27 19:16:40.781,61.92,0.096599071513,0.0,0
2018-05-27 19:16:40.874,61.93,0.096599071513,0.0,0
2018-05-27 19:16:41.036,62.34,0.096599071513,0.0,0
2018-05-27 19:16:41.120,61.75,0.096599071513,0.0,0
2018-05-27 19:16:41.213,61.14,0.096599071513,0.0,0
2018-05-27 19:16:41.306,61.13,0.096599071513,0.0,0
2018-05-27 19:16:41.399,61.15,0.096599071513,0.0,0
2018-05-27 19:16:41.493,60.84,0.096599071513,0.0,0
2018-05-27 19:16:41.586,61.31,0.096599071513,0.0,0
2018-05-27 19:16:41.679,61.23,0.096599071513,0.0,0
2018-05-27 19:16:41.772,60.6,0.096599071513,0.0,0
2018-05-27 19:16:41.865,59.73,0.096599071513,0.0,0
2018-05-27 19:16:42.111,59.94,0.096599071513,0.0,0
2018-05-27 19:16:42.204,59.4,0.096599071513,0.0,0
2018-05-27 19:16:42.390,60.26,0.096599071513,0.0,0
2018-05-27 19:16:42.483,59.64,0.096599071513,0.0,0
2018-05-27 19:16:42.576,60.32,0.096599071513,0.0,0
2018-05-27 19:16:42.670,60.91,0.096599071513,0.0,0
2018-05-27 19:16:42.763,61.21,0.096599071513,0.0,0
2018-05-27 19:16:42.847,61.87,0.096599071513,0.0,0
2018-05-27 19:16:42.930,61.88,0.096599071513,0.0,0
2018-05-27 19:16:43.092,62.89,0.096599071513,0.0,0
2018-05-27 19:16:43.260,63.82,0.096599071513,0.0,0
2018-05-27 19:16:43.353,63.97,0.096599071513,0.0,0
2018-05-27 19:16:43.539,65.1,0.096599071513,0.0,0
2018-05-27 19:16:43.632,66.42,0.096599071513,0.0,0
2018-05-27 19:16:43.716,66.26,0.096599071513,0.0,0
2018-05-27 19:16:43.902,67.66,0.096599071513,0.0,0
2018-05-27 19:16:44.064,67.4,0.096599071513,0.0,0
2018-05-27 19:16:44.157,69.04,0.096599071513,0.0,0
2018-05-27 19:16:44.251,68.86,0.096599071513,0.0,0
2018-05-27 19:16:44.344,69.79,0.096599071513,0.0,0
2018-05-27 19:16:44.437,70.38,0.096599071513,0.0,0
2018-05-27 19:16:44.530,71.57,0.096599071513,0.0,0
2018-05-27 19:16:44.632,71.91,0.096599071513,0.0,0
2018-05-27 19:16:44.809,72.16,0.096599071513,0.0,0
2018-05-27 19:16:44.902,71.73,0.096599071513,0.0,0
2018-05-27 19:16:45.064,71.37,0.096599071513,0.0,0
2018-05-27 19:16:45.250,70.98,0.096599071513,0.0,0
2018-05-27 19:16:45.437,71.49,0.096599071513,0.0,0
2018-05-27 19:16:45.530,70.79,0.096599071513,0.0,0
2018-05-27 19:16:45.707,72.18,0.096599071513,0.0,0
2018-05-27 19:16:45.800,73.02,0.096599071513,0.0,0
2018-05-27 19:16:46.055,73.72,0.096599071513,0.0,0
2018-05-27 19:16:46.148,75.35,0.096599071513,0.0,0
2018-05-27 19:16:46.241,75.95,0.096599071513,0.0,0
2018-05-27 19:16:46.427,77.08,0.096599071513,0.0,0
2018-05-27 19:16:46.521,78.0,0.096599071513,0.0,0
2018-05-27 19:16:46.614,79.46,0.096599071513,0.0,0
2018-05-27 19:16:46.699,79.8,0.096599071513,0.0,0
2018-05-27 19:16:46.791,80.08,0.096599071513,0.0,0
2018-05-27 19:16:46.884,81.64,0.096599071513,0.0,0
2018-05-27 19:16:47.046,82.05,0.096599071513,0.0,0
2018-05-27 19:16:47.139,82.81,0.096599071513,0.0,0
2018-05-27 19:16:47.232,83.35,0.096599071513,0.0,0
2018-05-27 19:16:47.418,84.53,0.096599071513,0.0,0
2018-05-27 19:16:47.511,85.22,0.096599071513,0.0,0
2018-05-27 19:16:47.688,86.67,0.096599071513,0.0,0
2018-05-27 19:16:47.781,87.7,0.096599071513,0.0,0
2018-05-27 19:16:47.875,87.95,0.096599071513,0.0,0
2018-05-27 19:16:48.036,89.66,0.096599071513,0.0,0
2018-05-27 19:16:48.130,90.27,0.096599071513,0.0,0
2018-05-27 19:16:48.316,92.32,0.096599071513,0.0,0
2018-05-27 19:16:48.502,94.15,0.096599071513,0.0,0
2018-05-27 19:16:48.595,94.9,0.096599071513,0.0,0
2018-05-27 19:16:48.679,95.68,0.096599071513,0.0,0
2018-05-27 19:16:49.120,97.41,0.096599071513,0.0,0
2018-05-27 19:16:49.493,95.58,0.096599071513,0.0,0
2018-05-27 19:16:49.586,96.17,0.096599071513,0.0,0
2018-05-27 19:16:49.671,95.53,0.096599071513,0.0,0
2018-05-27 19:16:49.763,94.64,0.096599071513,0.0,0
2018-05-27 19:16:49.847,94.49,0.096599071513,0.0,0
2018-05-27 19:16:50.101,94.24,0.096599071513,0.0,0
2018-05-27 19:16:50.195,93.8,0.096599071513,0.0,0
2018-05-27 19:16:50.381,93.18,0.096599071513,0.0,0
2018-05-27 19:16:50.558,92.28,0.096599071513,0.0,0
2018-05-27 19:16:50.819,91.79,0.096599071513,0.0,0
2018-05-27 19:16:50.912,91.39,0.096599071513,0.0,0
2018-05-27 19:16:51.074,90.91,0.096599071513,0.0,0
2018-05-27 19:16:51.167,90.8,0.096599071513,0.0,0
2018-05-27 19:16:51.260,90.5,0.096599071513,0.0,0
2018-05-27 19:16:51.437,89.41,0.096599071513,0.0,0
2018-05-27 19:16:51.530,88.82,0.096599071513,0.0,0
2018-05-27 19:16:51.716,87.79,0.096599071513,0.0,0
2018-05-27 19:16:51.893,87.99,0.096599071513,0.0,0
2018-05-27 19:16:52.055,87.73,0.096599071513,0.0,0
2018-05-27 19:16:52.325,85.86,0.096599071513,0.0,0
2018-05-27 19:16:52.418,86.64,0.096599071513,0.0,0
2018-05-27 19:16:52.511,86.53,0.096599071513,0.0,0
2018-05-27 19:16:52.604,86.23,0.096599071513,0.0,0
2018-05-27 19:16:52.689,85.26,0.096599071513,0.0,0
2018-05-27 19:16:52.772,85.51,0.096599071513,0.0,0
2018-05-27 19:16:52.865,85.52,0.096599071513,0.0,0
2018-05-27 19:16:53.027,85.08,0.096599071513,0.0,0
2018-05-27 19:16:53.120,84.93,0.096599071513,0.0,0
2018-05-27 19:16:53.213,84.96,0.096599071513,0.0,0
2018-05-27 19:16:53.306,85.63,0.096599071513,0.0,0
2018-05-27 19:16:53.578,87.14,0.096599071513,0.0,0
2018-05-27 19:16:53.671,86.51,0.096599071513,0.0,0
2018-05-27 19:16:53.763,87.58,0.096599071513,0.0,0
2018-05-27 19:16:53.856,87.64,0.096599071513,0.0,0
2018-05-27 19:16:54.018,87.41,0.096599071513,0.0,0
2018-05-27 19:16:54.111,88.83,0.096599071513,0.0,0
2018-05-27 19:16:54.204,89.05,0.096599071513,0.0,0
2018-05-27 19:16:54.381,89.17,0.096599071513,0.0,0
2018-05-27 19:16:54.474,89.84,0.096599071513,0.0,0
2018-05-27 19:16:54.660,89.71,0.096599071513,0.0,0
2018-05-27 19:16:54.753,90.21,0.096599071513,0.0,0
2018-05-27 19:16:54.837,90.15,0.096599071513,0.0,0
2018-05-27 19:16:55.083,91.82,0.096599071513,0.0,0
2018-05-27 19:16:55.167,91.27,0.096599071513,0.0,0
2018-05-27 19:16:55.260,91.56,0.096599071513,0.0,0
2018-05-27 19:16:55.446,93.27,0.096599071513,0.0,0
2018-05-27 19:16:55.632,93.79,0.096599071513,0.0,0
2018-05-27 19:16:55.809,93.29,0.096599071513,0.0,0
2018-05-27 19:16:55.893,94.7,0.096599071513,0.0,0
2018-05-27 19:16:56.055,94.51,0.096599071513,0.0,0
2018-05-27 19:16:56.148,94.49,0.096599071513,0.0,0
2018-05-27 19:16:56.427,96.27,0.096599071513,0.0,0
2018-05-27 19:16:56.614,95.55,0.096599071513,0.0,0
2018-05-27 19:16:56.791,94.89,0.096599071513,0.0,0
2018-05-27 19:16:57.046,94.46,0.096599071513,0.0,0
2018-05-27 19:16:57.139,93.97,0.096599071513,0.0,0
2018-05-27 19:16:57.232,93.46,0.096599071513,0.0,0
2018-05-27 19:16:57.325,93.28,0.096599071513,0.0,0
2018-05-27 19:16:57.418,92.95,0.096599071513,0.0,0
2018-05-27 19:16:57.604,93.03,0.096599071513,0.0,0
2018-05-27 19:16:57.698,93.25,0.096599071513,0.0,0
2018-05-27 19:16:57.781,92.81,0.096599071513,0.0,0
2018-05-27 19:16:57.874,92.97,0.096599071513,0.0,0
2018-05-27 19:16:58.036,93.39,0.096599071513,0.0,0
2018-05-27 19:16:58.129,94.26,0.096599071513,0.0,0
2018-05-27 19:16:58.223,94.33,0.096599071513,0.0,0
2018-05-27 19:16:58.316,94.43,0.096599071513,0.0,0
2018-05-27 19:16:58.409,94.47,0.096599071513,0.0,0
2018-05-27 19:16:58.502,94.98,0.096599071513,0.0,0
2018-05-27 19:16:58.595,95.99,0.096599071513,0.0,0
2018-05-27 19:16:58.679,96.1,0.096599071513,0.0,0
2018-05-27 19:16:58.772,96.33,0.096599071513,0.0,0
2018-05-27 19:16:58.865,97.43,0.096599071513,0.0,0
2018-05-27 19:16:59.027,97.34,0.096599071513,0.0,0
2018-05-27 19:16:59.120,97.18,0.096599071513,0.0,0
2018-05-27 19:16:59.213,97.09,0.096599071513,0.0,0
2018-05-27 19:16:59.306,96.92,0.096599071513,0.0,0
2018-05-27 19:16:59.399,96.83,0.096599071513,0.0,0
2018-05-27 19:16:59.493,96.04,0.096599071513,0.0,0
2018-05-27 19:16:59.586,96.31,0.096599071513,0.0,0
2018-05-27 19:16:59.679,96.33,0.096599071513,0.0,0
2018-05-27 19:16:59.772,96.03,0.096599071513,0.0,0
2018-05-27 19:16:59.856,95.23,0.096599071513,0.0,0
2018-05-27 19:17:00.018,95.49,0.096599071513,0.0,0
2018-05-27 19:17:00.111,94.3,0.096599071513,0.0,0
2018-05-27 19:17:00.204,94.76,0.096599071513,0.0,0
2018-05-27 19:17:00.297,94.27,0.096599071513,0.0,0
2018-05-27 19:17:00.390,94.13,0.096599071513,0.0,0
2018-05-27 19:17:00.483,93.57,0.096599071513,0.0,0
2018-05-27 19:17:00.576,93.02,0.096599071513,0.0,0
2018-05-27 19:17:00.670,92.64,0.096599071513,0.0,0
2018-05-27 19:17:00.847,92.25,0.096599071513,0.0,0
2018-05-27 19:17:01.092,91.16,0.096599071513,0.0,0
2018-05-27 19:17:01.185,90.84,0.096599071513,0.0,0
2018-05-27 19:17:01.274,91.08,0.096599071513,0.0,0
2018-05-27 19:17:01.362,91.08,0.096599071513,0.0,0
2018-05-27 19:17:01.446,90.34,0.096599071513,0.0,0
2018-05-27 19:17:01.539,90.38,0.096599071513,0.0,0
2018-05-27 19:17:01.632,89.85,0.096599071513,0.0,0
2018-05-27 19:17:01.716,89.23,0.096599071513,0.0,0
2018-05-27 19:17:01.809,88.83,0.096599071513,0.0,0
2018-05-27 19:17:01.902,88.74,0.096599071513,0.0,0
2018-05-27 19:17:02.064,88.08,0.096599071513,0.0,0
2018-05-27 19:17:02.157,88.52,0.096599071513,0.0,0
2018-05-27 19:17:02.250,89.0,0.096599071513,0.0,0
2018-05-27 19:17:02.521,89.21,0.096599071513,0.0,0
2018-05-27 19:17:02.614,88.66,0.096599071513,0.0,0
2018-05-27 19:17:02.707,88.76,0.096599071513,0.0,0
2018-05-27 19:17:02.800,88.89,0.096599071513,0.0,0
2018-05-27 19:17:02.893,88.67,0.096599071513,0.0,0
2018-05-27 19:17:03.148,88.58,0.096599071513,0.0,0
2018-05-27 19:17:03.334,88.85,0.096599071513,0.0,0
2018-05-27 19:17:03.428,88.67,0.096599071513,0.0,0
2018-05-27 19:17:03.511,87.99,0.096599071513,0.0,0
2018-05-27 19:17:03.604,87.17,0.096599071513,0.0,0
2018-05-27 19:17:03.698,87.26,0.096599071513,0.0,0
2018-05-27 19:17:03.874,87.01,0.096599071513,0.0,0
2018-05-27 19:17:04.036,86.32,0.096599071513,0.0,0
2018-05-27 19:17:04.130,85.76,0.096599071513,0.0,0
2018-05-27 19:17:04.213,85.37,0.096599071513,0.0,0
2018-05-27 19:17:04.306,84.72,0.096599071513,0.0,0
2018-05-27 19:17:04.399,85.46,0.096599071513,0.0,0
2018-05-27 19:17:04.493,85.68,0.096599071513,0.0,0
2018-05-27 19:17:04.586,85.88,0.096599071513,0.0,0
2018-05-27 19:17:04.679,84.57,0.096599071513,0.0,0
2018-05-27 19:17:04.772,85.4,0.096599071513,0.0,0
2018-05-27 19:17:04.865,85.81,0.096599071513,0.0,0
2018-05-27 19:17:05.027,85.73,0.096599071513,0.0,0
2018-05-27 19:17:05.120,85.63,0.096599071513,0.0,0
2018-05-27 19:17:05.204,85.12,0.096599071513,0.0,0
2018-05-27 19:17:05.297,84.53,0.096599071513,0.0,0
2018-05-27 19:17:05.390,84.65,0.096599071513,0.0,0
2018-05-27 19:17:05.483,84.45,0.096599071513,0.0,0
2018-05-27 19:17:05.576,84.38,0.096599071513,0.0,0
2018-05-27 19:17:05.670,84.06,0.096599071513,0.0,0
2018-05-27 19:17:05.763,82.86,0.096599071513,0.0,0
2018-05-27 19:17:05.847,82.56,0.096599071513,0.0,0
2018-05-27 19:17:06.092,82.17,0.096599071513,0.0,0
2018-05-27 19:17:06.180,81.79,0.096599071513,0.0,0
2018-05-27 19:17:06.269,82.57,0.096599071513,0.0,0
2018-05-27 19:17:06.344,82.11,0.096599071513,0.0,0
2018-05-27 19:17:06.455,82.09,0.096599071513,0.0,0
2018-05-27 19:17:06.539,83.33,0.096599071513,0.0,0
2018-05-27 19:17:06.623,82.8,0.096599071513,0.0,0
2018-05-27 19:17:06.716,83.42,0.096599071513,0.0,0
2018-05-27 19:17:06.809,83.53,0.096599071513,0.0,0
2018-05-27 19:17:06.902,84.35,0.096599071513,0.0,0
2018-05-27 19:17:07.064,85.09,0.096599071513,0.0,0
2018-05-27 19:17:07.157,84.94,0.096599071513,0.0,0
2018-05-27 19:17:07.250,83.91,0.096599071513,0.0,0
2018-05-27 19:17:07.344,84.95,0.096599071513,0.0,0
2018-05-27 19:17:07.530,84.84,0.096599071513,0.0,0
2018-05-27 19:17:07.623,84.34,0.096599071513,0.0,0
2018-05-27 19:17:07.707,83.46,0.096599071513,0.0,0
2018-05-27 19:17:07.800,83.27,0.096599071513,0.0,0
2018-05-27 19:17:07.893,83.04,0.096599071513,0.0,0
2018-05-27 19:17:08.055,83.44,0.096599071513,0.0,0
2018-05-27 19:17:08.148,82.44,0.096599071513,0.0,0
2018-05-27 19:17:08.334,82.2,0.096599071513,0.0,0
2018-05-27 19:17:08.427,81.9,0.096599071513,0.0,0
2018-05-27 19:17:08.521,81.75,0.096599071513,0.0,0
2018-05-27 19:17:08.614,80.56,0.096599071513,0.0,0
2018-05-27 19:17:08.698,80.48,0.096599071513,0.0,0
2018-05-27 19:17:08.791,81.12,0.096599071513,0.0,0
2018-05-27 19:17:08.884,80.86,0.096599071513,0.0,0
2018-05-27 19:17:09.046,80.13,0.096599071513,0.0,0
2018-05-27 19:17:09.139,80.85,0.096599071513,0.0,0
2018-05-27 19:17:09.325,81.36,0.096599071513,0.0,0
2018-05-27 19:17:09.418,81.06,0.096599071513,0.0,0
2018-05-27 19:17:09.511,81.94,0.096599071513,0.0,0
2018-05-27 19:17:09.604,82.4,0.096599071513,0.0,0
2018-05-27 19:17:09.688,81.83,0.096599071513,0.0,0
2018-05-27 19:17:09.874,83.49,0.096599071513,0.0,0
2018-05-27 19:17:10.036,83.23,0.096599071513,0.0,0
2018-05-27 19:17:10.130,83.95,0.096599071513,0.0,0
2018-05-27 19:17:10.223,83.51,0.096599071513,0.0,0
2018-05-27 19:17:10.316,83.73,0.096599071513,0.0,0
2018-05-27 19:17:10.409,84.4,0.096599071513,0.0,0
2018-05-27 19:17:10.502,84.32,0.096599071513,0.0,0
2018-05-27 19:17:10.595,83.97,0.096599071513,0.0,0
2018-05-27 19:17:10.679,83.94,0.096599071513,0.0,0
2018-05-27 19:17:10.865,84.94,0.096599071513,0.0,0
2018-05-27 19:17:11.027,84.66,0.096599071513,0.0,0
2018-05-27 19:17:11.120,84.08,0.096599071513,0.0,0
2018-05-27 19:17:11.306,83.81,0.096599071513,0.0,0
2018-05-27 19:17:11.399,84.02,0.096599071513,0.0,0
2018-05-27 19:17:11.493,83.16,0.096599071513,0.0,0
2018-05-27 19:17:11.856,82.11,0.096599071513,0.0,0
2018-05-27 19:17:12.018,81.13,0.096599071513,0.0,0
2018-05-27 19:17:12.111,81.23,0.096599071513,0.0,0
2018-05-27 19:17:12.204,81.66,0.096599071513,0.0,0
2018-05-27 19:17:12.297,81.12,0.096599071513,0.0,0
2018-05-27 19:17:12.390,81.05,0.096599071513,0.0,0
2018-05-27 19:17:12.483,80.24,0.096599071513,0.0,0
2018-05-27 19:17:12.576,80.53,0.096599071513,0.0,0
2018-05-27 19:17:12.670,80.43,0.096599071513,0.0,0
2018-05-27 19:17:12.753,80.63,0.096599071513,0.0,0
2018-05-27 19:17:12.847,80.45,0.096599071513,0.0,0
2018-05-27 19:17:13.101,81.35,0.096599071513,0.0,0
2018-05-27 19:17:13.195,81.65,0.096599071513,0.0,0
2018-05-27 19:17:13.288,81.25,0.096599071513,0.0,0
2018-05-27 19:17:13.381,82.49,0.096599071513,0.0,0
2018-05-27 19:17:13.475,82.14,0.096599071513,0.0,0
2018-05-27 19:17:13.558,82.5,0.096599071513,0.0,0
2018-05-27 19:17:13.651,83.27,0.096599071513,0.0,0
2018-05-27 19:17:13.739,83.0,0.096599071513,0.0,0
2018-05-27 19:17:13.819,83.13,0.096599071513,0.0,0
2018-05-27 19:17:14.074,85.12,0.096599071513,0.0,0
2018-05-27 19:17:14.167,85.04,0.096599071513,0.0,0
2018-05-27 19:17:14.446,85.65,0.096599071513,0.0,0
2018-05-27 19:17:14.539,85.5,0.096599071513,0.0,0
2018-05-27 19:17:14.716,86.43,0.096599071513,0.0,0
2018-05-27 19:17:14.893,87.41,0.096599071513,0.0,0
2018-05-27 19:17:15.055,86.97,0.096599071513,0.0,0
2018-05-27 19:17:15.148,88.3,0.096599071513,0.0,0
2018-05-27 19:17:15.334,88.74,0.096599071513,0.0,0
2018-05-27 19:17:15.521,89.0,0.096599071513,0.0,0
2018-05-27 19:17:15.614,89.39,0.096599071513,0.0,0
2018-05-27 19:17:15.698,89.67,0.096599071513,0.0,0
2018-05-27 19:17:15.791,89.82,0.096599071513,0.0,0
2018-05-27 19:17:16.046,90.92,0.096599071513,0.0,0
2018-05-27 19:17:16.139,90.96,0.096599071513,0.0,0
2018-05-27 19:17:16.232,90.96,0.096599071513,0.0,0
2018-05-27 19:17:16.325,91.58,0.096599071513,0.0,0
2018-05-27 19:17:16.511,92.75,0.096599071513,0.0,0
2018-05-27 19:17:16.604,93.93,0.096599071513,0.0,0
2018-05-27 19:17:16.688,95.25,0.096599071513,0.0,0
2018-05-27 19:17:16.874,94.83,0.096599071513,0.0,0
2018-05-27 19:17:17.036,95.77,0.096599071513,0.0,0
2018-05-27 19:17:17.316,97.21,0.096599071513,0.0,0
2018-05-27 19:17:17.502,99.29,0.096599071513,0.0,0
2018-05-27 19:17:17.595,100.04,0.0891027349555,0.0250000003725,0
2018-05-27 19:17:17.688,100.46,0.0819825243169,0.0250000003725,0
2018-05-27 19:17:17.772,101.39,0.0752331816806,0.0250000003725,0
2018-05-27 19:17:17.865,100.92,0.0752331816806,0.0,0
2018-05-27 19:17:18.027,102.59,0.0628241419896,0.0500000007451,0
2018-05-27 19:17:18.213,104.48,0.0518254999029,0.0500000007451,0
2018-05-27 19:17:18.306,104.79,0.0468374508546,0.0250000003725,0
2018-05-27 19:17:18.399,105.69,0.0378443428889,0.0500000007451,0
2018-05-27 19:17:18.493,106.64,0.0301030003043,0.0500000007451,0
2018-05-27 19:17:18.586,107.87,0.0468374525789,0.10000000149,0
2018-05-27 19:17:18.679,108.04,0.0688490704591,0.125,0
2018-05-27 19:17:18.772,109.68,0.104476439078,0.15000000596,0
2018-05-27 19:17:19.018,110.07,0.1497281509,0.15000000596,0
2018-05-27 19:17:19.111,111.01,0.217385469338,0.15000000596,0
2018-05-27 19:17:19.297,110.46,0.217385469338,0.0500000007451,0
2018-05-27 19:17:19.390,110.96,0.205073893848,0.0250000003725,0
2018-05-27 19:17:19.576,108.91,0.193179677893,0.0,0
2018-05-27 19:17:19.753,109.04,0.181700531367,0.0250000003725,0
2018-05-27 19:17:19.846,108.08,0.170634005593,0.0250000003725,0
2018-05-27 19:17:20.008,108.24,0.149728152397,0.0500000007451,0
2018-05-27 19:17:20.101,107.77,0.112739402646,0.0250000003725,0
2018-05-27 19:17:20.195,106.55,0.0752331859855,0.0250000003725,0
2018-05-27 19:17:20.288,106.52,0.0421798767085,0.0,0
2018-05-27 19:17:20.381,107.0,0.0378443428889,0.0250000003725,0
2018-05-27 19:17:20.474,105.41,0.0421798744311,0.0250000003725,0
2018-05-27 19:17:20.567,104.95,0.0421798744311,0.0250000003725,0
2018-05-27 19:17:20.660,105.56,0.0378443428889,0.0250000003725,0
2018-05-27 19:17:20.744,104.89,0.0378443428889,0.0250000003725,0
2018-05-27 19:17:20.930,103.49,0.0378443428889,0.0250000003725,0
2018-05-27 19:17:21.092,103.24,0.0378443428889,0.0500000007451,0
2018-05-27 19:17:21.185,103.22,0.0378443428889,0.0250000003725,0
2018-05-27 19:17:21.278,102.57,0.0378443428889,0.0250000003725,0
2018-05-27 19:17:21.372,101.28,0.0338218902201,0.0250000003725,0
2018-05-27 19:17:21.465,100.5,0.0338218902201,0.0250000003725,0
2018-05-27 19:17:21.558,99.1,0.0338218902201,0.0250000003725,0
2018-05-27 19:17:21.651,99.5,0.0301030003043,0.0500000007451,0
2018-05-27 19:17:21.828,98.61,0.0301030003043,0.0250000003725,0
2018-05-27 19:17:21.912,98.26,0.0338218902201,0.0,0
2018-05-27 19:17:22.074,97.66,0.0378443428889,0.0,0
2018-05-27 19:17:22.260,96.73,0.0421798744311,0.0250000003725,0
2018-05-27 19:17:22.353,95.59,0.0421798744311,0.0250000003725,0
2018-05-27 19:17:22.446,95.06,0.0421798744311,0.0250000003725,0
2018-05-27 19:17:22.540,93.92,0.0421798744311,0.0250000003725,0
2018-05-27 19:17:22.633,93.25,0.0421798744311,0.0250000003725,0
2018-05-27 19:17:22.809,92.3,0.0421798744311,0.0250000003725,0
2018-05-27 19:17:22.903,91.35,0.0468374508546,0.0250000003725,0
2018-05-27 19:17:23.158,90.78,0.0518254999029,0.0,0
2018-05-27 19:17:23.251,90.56,0.0468374508546,0.0250000003725,0
2018-05-27 19:17:23.344,89.41,0.0421798744311,0.0250000003725,0
2018-05-27 19:17:23.437,89.55,0.0421798744311,0.0250000003725,0
2018-05-27 19:17:23.522,89.15,0.0378443450054,0.15000000596,0
2018-05-27 19:17:23.707,87.94,0.0338218921804,0.0,0
2018-05-27 19:17:23.791,89.12,0.0301030008364,0.0,0
2018-05-27 19:17:23.884,88.61,0.0338218896436,0.0,0
2018-05-27 19:17:24.046,89.12,0.0378443422664,0.0,0
2018-05-27 19:17:24.139,89.24,0.0421798737613,0.0,0
2018-05-27 19:17:24.225,89.04,0.0421798737613,0.0,0
2018-05-27 19:17:24.316,88.88,0.0468374501362,0.0,0
2018-05-27 19:17:24.409,89.17,0.0518254991346,0.0,0
2018-05-27 19:17:24.502,90.05,0.0571519274691,0.0,0
2018-05-27 19:17:25.027,91.56,0.0959241261993,0.0,0
2018-05-27 19:17:25.297,93.5,0.0959241261993,0.0,0
2018-05-27 19:17:25.390,93.68,0.0959241261993,0.0,0
2018-05-27 19:17:25.483,94.22,0.0959241261993,0.0,0
2018-05-27 19:17:25.670,94.63,0.0959241261993,0.0,0
2018-05-27 19:17:25.753,93.48,0.0959241261993,0.0,0
2018-05-27 19:17:25.847,94.26,0.0959241261993,0.0,0
2018-05-27 19:17:26.092,93.51,0.0959241261993,0.0,0
2018-05-27 19:17:26.269,94.14,0.0959241261993,0.0,0
2018-05-27 19:17:26.353,94.48,0.0959241261993,0.0,0
2018-05-27 19:17:26.446,94.37,0.0959241261993,0.0,0
2018-05-27 19:17:26.536,95.47,0.0959241261993,0.0,0
2018-05-27 19:17:26.800,97.07,0.0959241261993,0.0,0
2018-05-27 19:17:27.055,97.01,0.0959241261993,0.0,0
2018-05-27 19:17:27.148,97.41,0.0959241261993,0.0,0
2018-05-27 19:17:27.242,97.52,0.0959241261993,0.0,0
2018-05-27 19:17:27.325,96.88,0.0959241261993,0.0,0
2018-05-27 19:17:27.418,96.73,0.0959241261993,0.0,0
2018-05-27 19:17:27.511,95.95,0.0959241261993,0.0,0
2018-05-27 19:17:27.605,96.03,0.0959241261993,0.0,0
2018-05-27 19:17:27.688,95.53,0.0959241261993,0.0,0
2018-05-27 19:17:27.781,95.61,0.0959241261993,0.0,0
2018-05-27 19:17:27.875,95.05,0.0959241261993,0.0,0
2018-05-27 19:17:28.036,94.93,0.0959241261993,0.0,0
2018-05-27 19:17:28.120,94.06,0.0959241261993,0.0,0
2018-05-27 19:17:28.213,93.56,0.0959241261993,0.0,0
2018-05-27 19:17:28.306,94.07,0.0959241261993,0.0,0
2018-05-27 19:17:28.399,93.59,0.0959241261993,0.0,0
2018-05-27 19:17:28.493,93.79,0.0959241261993,0.0,0
2018-05-27 19:17:28.586,94.48,0.0959241261993,0.0,0
2018-05-27 19:17:28.772,94.83,0.0959241261993,0.0,0
2018-05-27 19:17:28.865,95.9,0.0959241261993,0.0,0
2018-05-27 19:17:29.204,95.95,0.0959241261993,0.0,0
2018-05-27 19:17:29.390,94.62,0.0959241261993,0.0,0
2018-05-27 19:17:29.483,94.13,0.0959241261993,0.0,0
2018-05-27 19:17:29.576,94.25,0.0959241261993,0.0,0
2018-05-27 19:17:29.670,94.21,0.0959241261993,0.0,0
2018-05-27 19:17:29.847,93.2,0.0959241261993,0.0,0
2018-05-27 19:17:29.930,93.03,0.0959241261993,0.0,0
2018-05-27 19:17:30.087,93.48,0.0959241261993,0.0,0
2018-05-27 19:17:30.176,93.67,0.0959241261993,0.0,0
2018-05-27 19:17:30.260,92.87,0.0959241261993,0.0,0
2018-05-27 19:17:30.353,94.08,0.0959241261993,0.0,0
2018-05-27 19:17:30.446,94.56,0.0959241261993,0.0,0
2018-05-27 19:17:30.539,94.74,0.0959241261993,0.0,0
2018-05-27 19:17:30.632,95.25,0.0959241261993,0.0,0
2018-05-27 19:17:30.902,96.89,0.0959241261993,0.0,0
2018-05-27 19:17:31.157,96.02,0.0959241261993,0.0,0
2018-05-27 19:17:31.344,95.57,0.0959241261993,0.0,0
2018-05-27 19:17:31.623,94.04,0.0959241261993,0.0,0
2018-05-27 19:17:31.707,94.18,0.0959241261993,0.0,0
2018-05-27 19:17:31.800,92.8,0.0959241261993,0.0,0
2018-05-27 19:17:31.893,92.63,0.0959241261993,0.0,0
2018-05-27 19:17:32.055,92.17,0.0959241261993,0.0,0
2018-05-27 19:17:32.148,91.71,0.0959241261993,0.0,0
2018-05-27 19:17:32.241,92.0,0.0959241261993,0.0,0
2018-05-27 19:17:32.334,90.99,0.0959241261993,0.0,0
2018-05-27 19:17:32.427,90.58,0.0959241261993,0.0,0
2018-05-27 19:17:32.614,89.37,0.0959241261993,0.0,0
2018-05-27 19:17:32.698,88.28,0.0959241261993,0.0,0
2018-05-27 19:17:32.791,88.17,0.0959241261993,0.0,0
2018-05-27 19:17:32.884,87.31,0.0959241261993,0.0,0
2018-05-27 19:17:33.046,86.14,0.0959241261993,0.0,0
2018-05-27 19:17:33.139,86.03,0.0959241261993,0.0,0
2018-05-27 19:17:33.232,84.78,0.0959241261993,0.0,0
2018-05-27 19:17:33.325,84.64,0.0959241261993,0.0,0
2018-05-27 19:17:33.418,83.77,0.0959241261993,0.0,0
2018-05-27 19:17:33.511,83.27,0.0959241261993,0.0,0
2018-05-27 19:17:33.605,83.09,0.0959241261993,0.0,0
2018-05-27 19:17:33.781,81.48,0.0959241261993,0.0,0
2018-05-27 19:17:33.874,81.94,0.0959241261993,0.0,0
2018-05-27 19:17:34.129,80.33,0.0959241261993,0.0,0
2018-05-27 19:17:34.409,79.67,0.0959241261993,0.0,0
2018-05-27 19:17:34.595,79.03,0.0959241261993,0.0,0
2018-05-27 19:17:34.679,78.03,0.0959241261993,0.0,0
2018-05-27 19:17:34.772,78.66,0.0959241261993,0.0,0
2018-05-27 19:17:35.027,79.54,0.0959241261993,0.0,0
2018-05-27 19:17:35.306,81.02,0.0959241261993,0.0,0
2018-05-27 19:17:35.400,82.68,0.0959241261993,0.0,0
2018-05-27 19:17:35.493,83.11,0.0959241261993,0.0,0
2018-05-27 19:17:35.576,84.31,0.0959241261993,0.0,0
2018-05-27 19:17:35.670,84.71,0.0959241261993,0.0,0
2018-05-27 19:17:35.763,86.53,0.0959241261993,0.0,0
2018-05-27 19:17:35.847,87.1,0.0959241261993,0.0,0
2018-05-27 19:17:36.008,87.93,0.0959241261993,0.0,0
2018-05-27 19:17:36.101,88.75,0.0959241261993,0.0,0
2018-05-27 19:17:36.288,92.11,0.0959241261993,0.0,0
2018-05-27 19:17:36.381,93.35,0.0959241261993,0.0,0
2018-05-27 19:17:36.474,93.57,0.0959241261993,0.0,0
2018-05-27 19:17:36.567,95.74,0.0959241261993,0.0,0
2018-05-27 19:17:36.651,97.45,0.0959241261993,0.0,0
2018-05-27 19:17:36.739,98.52,0.0959241261993,0.0,0
2018-05-27 19:17:36.828,99.7,0.0885144517418,0.0250000003725,0
2018-05-27 19:17:36.912,100.36,0.0885144517418,0.0,0
2018-05-27 19:17:37.074,101.7,0.0885144517418,0.0,0
2018-05-27 19:17:37.167,102.83,0.0814750023301,0.0250000003725,0
2018-05-27 19:17:37.260,103.82,0.0748006071177,0.0250000003725,0
2018-05-27 19:17:37.353,105.7,0.0684857241298,0.0250000003725,0
2018-05-27 19:17:37.446,105.35,0.0625244165065,0.0250000003725,0
2018-05-27 19:17:37.632,106.59,0.0625244165065,0.0,0
2018-05-27 19:17:37.809,106.08,0.0516368912281,0.0500000007451,0
2018-05-27 19:17:37.902,106.22,0.0377831778795,0.17499999702,0
2018-05-27 19:17:38.241,107.29,0.0569106218188,0.125,0
2018-05-27 19:17:38.334,107.72,0.0748011321862,0.0750000029802,0
2018-05-27 19:17:38.700,112.02,0.095924945405,0.0750000029802,0
2018-05-27 19:17:38.781,113.65,0.138685200226,0.15000000596,0
2018-05-27 19:17:38.874,114.74,0.215190775107,0.20000000298,0
2018-05-27 19:17:39.036,116.42,0.282173573052,0.15000000596,0
2018-05-27 19:17:39.129,117.66,0.393694939357,0.20000000298,0
2018-05-27 19:17:39.223,119.74,0.48623719673,0.125,0
2018-05-27 19:17:39.316,121.02,0.656921565079,0.25,0
2018-05-27 19:17:39.409,122.13,0.299999996735,0.0,0
2018-05-27 19:17:39.502,124.2,0.411339094711,0.0,0
2018-05-27 19:17:39.586,124.37,0.376481104045,0.0250000003725,0
2018-05-27 19:17:39.679,126.96,0.3274110735,0.0,0
2018-05-27 19:17:39.772,127.7,0.240731657039,0.0,0
2018-05-27 19:17:39.865,129.16,0.148407011901,0.0,0
2018-05-27 19:17:40.027,129.9,0.095924944839,0.0,0
2018-05-27 19:17:40.120,132.09,0.0466963259606,0.0,0
2018-05-27 19:17:40.213,134.08,0.0337935584641,0.0,0
2018-05-27 19:17:40.306,135.1,0.0885151644566,0.0,0
2018-05-27 19:17:40.400,136.4,0.0885151644566,0.0,0
2018-05-27 19:17:40.493,138.25,0.0885151644566,0.0,0
2018-05-27 19:17:40.576,137.91,0.0959249438202,0.0,0
2018-05-27 19:17:40.763,139.68,0.0959249438202,0.0,0
2018-05-27 19:17:40.847,140.81,0.0959249438202,0.0,0
2018-05-27 19:17:41.008,140.7,0.0959249438202,0.0,0
2018-05-27 19:17:41.101,141.93,0.0959249438202,0.0,0
2018-05-27 19:17:41.195,143.08,0.0885151644566,0.0250000003725,0
2018-05-27 19:17:41.280,143.84,0.0814756172722,0.0250000003725,0
2018-05-27 19:17:41.372,144.1,0.0748011313153,0.0250000003725,0
2018-05-27 19:17:41.460,145.7,0.0684861644946,0.0250000003725,0
2018-05-27 19:17:41.548,144.27,0.0569106214944,0.0500000007451,0
2018-05-27 19:17:41.632,145.93,0.0569106214944,0.0,0
2018-05-27 19:17:41.725,144.39,0.0569106214944,0.0,0
2018-05-27 19:17:42.064,143.32,0.0569106214944,0.0,0
2018-05-27 19:17:42.148,144.57,0.0569106214944,0.0,0
2018-05-27 19:17:42.241,144.83,0.0569106214944,0.0,0
2018-05-27 19:17:42.334,144.23,0.0625247798212,0.0,0
2018-05-27 19:17:42.427,145.13,0.0684861644946,0.0,0
2018-05-27 19:17:42.521,145.13,0.0748011313153,0.0,0
2018-05-27 19:17:42.707,146.67,0.0748011313153,0.0250000003725,0
2018-05-27 19:17:42.781,145.14,0.0814756172722,0.0250000003725,0
2018-05-27 19:17:42.874,145.35,0.0748011313153,0.0250000003725,0
2018-05-27 19:17:43.036,145.17,0.0684861644946,0.0250000003725,0
2018-05-27 19:17:43.129,145.38,0.0625247798212,0.0250000003725,0
2018-05-27 19:17:43.223,146.46,0.0569106214944,0.0250000003725,0
2018-05-27 19:17:43.316,146.6,0.0516368912281,0.0250000003725,0
2018-05-27 19:17:43.409,146.29,0.04669632532,0.0250000003725,0
2018-05-27 19:17:43.503,146.16,0.0420811730756,0.0250000003725,0
2018-05-27 19:17:43.586,146.27,0.037783177324,0.0250000003725,0
2018-05-27 19:17:43.679,146.02,0.037783177324,0.0250000003725,0
2018-05-27 19:17:43.865,145.58,0.037783177324,0.0250000003725,0
2018-05-27 19:17:44.027,146.67,0.037783177324,0.0250000003725,0
2018-05-27 19:17:44.120,148.32,0.0301030005637,0.0750000029802,0
2018-05-27 19:17:44.213,149.11,0.0337935576061,0.0,0
2018-05-27 19:17:44.306,149.07,0.0377831770153,0.0,0
2018-05-27 19:17:44.400,148.52,0.0420811727436,0.0,0
2018-05-27 19:17:44.483,150.57,0.0466963249642,0.0,0
2018-05-27 19:17:44.576,151.8,0.0516368908477,0.0,0
2018-05-27 19:17:44.670,153.5,0.0569106210889,0.0,0
2018-05-27 19:17:44.754,153.92,0.0625247793901,0.0,0
2018-05-27 19:17:45.008,153.99,0.0684861640373,0.0,0
2018-05-27 19:17:45.101,155.73,0.0748011308315,0.0,0
2018-05-27 19:17:45.288,156.85,0.0959249438202,0.0,0
2018-05-27 19:17:45.372,157.08,0.0959249438202,0.0,0
2018-05-27 19:17:45.465,156.82,0.0959249438202,0.0,0
2018-05-27 19:17:45.553,156.53,0.0959249438202,0.0,0
2018-05-27 19:17:45.642,155.94,0.0814756172722,0.0500000007451,0
2018-05-27 19:17:45.725,157.45,0.0625247793901,0.0750000029802,0
2018-05-27 19:17:45.819,159.3,0.0420811727436,0.10000000149,0
2018-05-27 19:17:45.912,159.06,0.0301030008278,0.0750000029802,0
2018-05-27 19:17:46.157,161.62,0.0516368934346,0.125,0
2018-05-27 19:17:46.250,161.05,0.095924945405,0.17499999702,0
2018-05-27 19:17:46.437,161.93,0.158526708757,0.17499999702,0
2018-05-27 19:17:46.716,165.05,0.282173563366,0.25,0
2018-05-27 19:17:46.800,165.82,0.447922109422,0.25,0
2018-05-27 19:17:47.046,167.51,0.447922109422,0.0,0
2018-05-27 19:17:47.139,169.31,0.429414506548,0.0250000003725,0
2018-05-27 19:17:47.232,169.19,0.411339077412,0.0500000007451,0
2018-05-27 19:17:47.418,171.71,0.429414503822,0.125,0
2018-05-27 19:17:47.511,171.61,0.486237180674,0.15000000596,0
2018-05-27 19:17:47.688,174.37,0.486237180674,0.125,0
2018-05-27 19:17:47.781,173.74,0.376481092646,0.0250000003725,0
2018-05-27 19:17:48.027,175.21,0.296829037891,0.0500000007451,0
2018-05-27 19:17:48.120,175.73,0.191301830305,0.0500000007451,0
2018-05-27 19:17:48.399,179.13,0.0959249465369,0.0,0
2018-05-27 19:17:48.586,180.45,0.0959249465369,0.0,0
2018-05-27 19:17:48.679,180.5,0.08851516704,0.0,0
2018-05-27 19:17:48.865,182.58,0.0748011336377,0.0,0
2018-05-27 19:17:49.027,182.98,0.0466963273841,0.0,0
2018-05-27 19:17:49.120,183.84,0.0377831776326,0.0,0
2018-05-27 19:17:49.306,185.16,0.0625247798212,0.0,0
2018-05-27 19:17:49.399,185.35,0.0684861644946,0.0,0
2018-05-27 19:17:49.586,185.75,0.0814756172722,0.0,0
2018-05-27 19:17:49.679,186.41,0.0959249438202,0.0,0
2018-05-27 19:17:49.772,186.99,0.0959249438202,0.0,0
2018-05-27 19:17:49.865,186.39,0.0959249438202,0.0,0
2018-05-27 19:17:50.018,187.58,0.0959249438202,0.0,0
2018-05-27 19:17:50.111,188.13,0.0959249438202,0.0,0
2018-05-27 19:17:50.204,189.09,0.0932704554261,0.0,0
2018-05-27 19:17:50.297,189.29,0.0932704554261,0.0,0
2018-05-27 19:17:50.390,188.7,0.0932704554261,0.0,0
2018-05-27 19:17:50.483,190.27,0.0932704554261,0.0,0
2018-05-27 19:17:50.753,191.85,0.0932704554261,0.0,0
2018-05-27 19:17:50.846,192.95,0.0932704554261,0.0,0
2018-05-27 19:17:51.008,194.05,0.0932704554261,0.0,0
2018-05-27 19:17:51.101,193.18,0.0932704554261,0.0,0
2018-05-27 19:17:51.195,192.92,0.0932704554261,0.0,0
2018-05-27 19:17:51.381,193.36,0.0932704554261,0.0,0
2018-05-27 19:17:51.474,194.28,0.0932704554261,0.0,0
2018-05-27 19:17:51.660,193.69,0.0932704554261,0.0,0
2018-05-27 19:17:51.837,194.45,0.0932704554261,0.0,0
2018-05-27 19:17:52.073,195.35,0.0932704554261,0.0,0
2018-05-27 19:17:52.167,196.27,0.0932704554261,0.0,0
2018-05-27 19:17:52.260,195.15,0.0932704554261,0.0,0
2018-05-27 19:17:52.353,194.98,0.0932704554261,0.0,0
2018-05-27 19:17:52.446,195.54,0.0932704554261,0.0,0
2018-05-27 19:17:52.539,196.81,0.0932704554261,0.0,0
2018-05-27 19:17:52.632,195.11,0.0932704554261,0.0,0
2018-05-27 19:17:52.809,194.44,0.0932704554261,0.0,0
2018-05-27 19:17:52.902,193.96,0.0932704554261,0.0,0
2018-05-27 19:17:53.157,193.2,0.0932704554261,0.0,0
2018-05-27 19:17:53.344,192.47,0.0932704554261,0.0,0
2018-05-27 19:17:53.437,190.98,0.0932704554261,0.0,0
2018-05-27 19:17:53.520,192.17,0.0932704554261,0.0,0
2018-05-27 19:17:53.614,191.9,0.0932704554261,0.0,0
2018-05-27 19:17:53.707,190.65,0.0932704554261,0.0,0
2018-05-27 19:17:53.791,191.46,0.0932704554261,0.0,0
2018-05-27 19:17:53.884,191.96,0.0932704554261,0.0,0
2018-05-27 19:17:54.046,192.19,0.0932704554261,0.0,0
2018-05-27 19:17:54.232,192.11,0.0932704554261,0.0,0
2018-05-27 19:17:54.409,192.51,0.0932704554261,0.0,0
2018-05-27 19:17:54.502,193.16,0.0932704554261,0.0,0
2018-05-27 19:17:54.530,193.72,0.0932704554261,0.0,0
2018-05-27 19:17:54.688,194.53,0.0932704554261,0.0,0
2018-05-27 19:17:54.772,194.21,0.0932704554261,0.0,0
2018-05-27 19:17:54.865,195.16,0.0932704554261,0.0,0
2018-05-27 19:17:55.027,196.31,0.0932704554261,0.0,0
2018-05-27 19:17:55.213,195.45,0.0932704554261,0.0,0
2018-05-27 19:17:55.297,195.7,0.0932704554261,0.0,0
2018-05-27 19:17:55.390,195.09,0.0932704554261,0.0,0
2018-05-27 19:17:55.483,197.44,0.0932704554261,0.0,0
2018-05-27 19:17:55.576,198.87,0.0932704554261,0.0,0
2018-05-27 19:17:55.669,197.68,0.0932704554261,0.0,0
2018-05-27 19:17:55.846,198.15,0.0932704554261,0.0,0
2018-05-27 19:17:56.008,199.59,0.0932704554261,0.0,0
2018-05-27 19:17:56.102,200.66,0.0932704554261,0.0,0
2018-05-27 19:17:56.278,200.75,0.0932704554261,0.0,0
2018-05-27 19:17:56.362,201.41,0.0932704554261,0.0,0
2018-05-27 19:17:56.446,201.61,0.0932704554261,0.0,0
2018-05-27 19:17:57.232,206.35,0.0932704554261,0.0,0
2018-05-27 19:17:57.336,207.15,0.0932704554261,0.0,0
2018-05-27 19:17:57.427,206.62,0.0932704554261,0.0,0
2018-05-27 19:17:57.614,206.94,0.0932704554261,0.0,0
2018-05-27 19:17:57.697,207.72,0.0932704554261,0.0,0
2018-05-27 19:17:57.791,209.34,0.0932704554261,0.0,0
2018-05-27 19:17:57.884,208.79,0.0932704554261,0.0,0
2018-05-27 19:17:58.045,209.91,0.0932704554261,0.0,0
2018-05-27 19:17:58.232,211.22,0.0932704554261,0.0,0
2018-05-27 19:17:58.409,210.35,0.0932704554261,0.0,0
2018-05-27 19:17:58.502,211.2,0.0932704554261,0.0,0
2018-05-27 19:17:58.595,212.0,0.0932704554261,0.0,0
2018-05-27 19:17:58.688,212.16,0.0932704554261,0.0,0
2018-05-27 19:17:58.772,212.35,0.0932704554261,0.0,0
2018-05-27 19:17:58.865,214.29,0.0932704554261,0.0,0
2018-05-27 19:17:59.027,213.36,0.0932704554261,0.0,0
2018-05-27 19:17:59.120,213.35,0.0932704554261,0.0,0
2018-05-27 19:17:59.204,213.94,0.0932704554261,0.0,0
2018-05-27 19:17:59.297,215.62,0.0932704554261,0.0,0
2018-05-27 19:17:59.390,215.51,0.0932704554261,0.0,0
2018-05-27 19:17:59.483,215.98,0.0932704554261,0.0,0
2018-05-27 19:17:59.576,217.03,0.0932704554261,0.0,0
2018-05-27 19:17:59.669,216.55,0.0932704554261,0.0,0
2018-05-27 19:17:59.763,216.7,0.0932704554261,0.0,0
2018-05-27 19:17:59.846,216.31,0.0932704554261,0.0,0
2018-05-27 19:18:00.008,216.84,0.0932704554261,0.0,0
2018-05-27 19:18:00.092,216.64,0.0932704554261,0.0,0
2018-05-27 19:18:00.185,217.54,0.0932704554261,0.0,0
2018-05-27 19:18:00.269,217.06,0.0932704554261,0.0,0
2018-05-27 19:18:00.353,218.13,0.0932704554261,0.0,0
2018-05-27 19:18:00.446,218.27,0.0932704554261,0.0,0
2018-05-27 19:18:00.539,218.62,0.0932704554261,0.0,0
2018-05-27 19:18:00.716,219.29,0.0932704554261,0.0,0
2018-05-27 19:18:00.809,220.72,0.0932704554261,0.0,0
2018-05-27 19:18:00.902,220.07,0.0932704554261,0.0,0
2018-05-27 19:18:01.064,220.51,0.0932704554261,0.0,0
2018-05-27 19:18:01.157,220.72,0.0932704554261,0.0,0
2018-05-27 19:18:01.250,222.02,0.0932704554261,0.0,0
2018-05-27 19:18:01.344,222.04,0.0932704554261,0.0,0
2018-05-27 19:18:01.437,220.91,0.0932704554261,0.0,0
2018-05-27 19:18:01.530,221.81,0.0932704554261,0.0,0
2018-05-27 19:18:01.707,222.36,0.0932704554261,0.0,0
2018-05-27 19:18:01.800,222.73,0.0932704554261,0.0,0
2018-05-27 19:18:01.893,223.59,0.0932704554261,0.0,0
2018-05-27 19:18:02.055,224.87,0.0932704554261,0.0,0
2018-05-27 19:18:02.241,224.55,0.0932704554261,0.0,0
2018-05-27 19:18:02.334,224.73,0.0932704554261,0.0,0
2018-05-27 19:18:02.427,224.86,0.0932704554261,0.0,0
2018-05-27 19:18:02.520,225.46,0.0932704554261,0.0,0
2018-05-27 19:18:02.614,225.94,0.0932704554261,0.0,0
2018-05-27 19:18:02.791,225.62,0.0932704554261,0.0,0
2018-05-27 19:18:02.884,226.41,0.0932704554261,0.0,0
2018-05-27 19:18:03.045,226.14,0.0932704554261,0.0,0
2018-05-27 19:18:03.139,226.86,0.0932704554261,0.0,0
2018-05-27 19:18:03.232,226.82,0.0932704554261,0.0,0
2018-05-27 19:18:03.325,227.07,0.0932704554261,0.0,0
2018-05-27 19:18:03.418,225.67,0.0932704554261,0.0,0
2018-05-27 19:18:03.874,224.04,0.0932704554261,0.0,0
2018-05-27 19:18:04.129,224.94,0.0932704554261,0.0,0
2018-05-27 19:18:04.316,226.19,0.0932704554261,0.0,0
2018-05-27 19:18:04.595,221.12,0.0932704554261,0.0,0
2018-05-27 19:18:04.679,219.02,0.0932704554261,0.0,0
2018-05-27 19:18:04.772,217.57,0.0932704554261,0.0,0
2018-05-27 19:18:05.027,214.15,0.0932704554261,0.0,0
2018-05-27 19:18:05.120,211.88,0.0932704554261,0.0,0
2018-05-27 19:18:05.213,211.99,0.0932704554261,0.0,0
2018-05-27 19:18:05.306,208.82,0.0932704554261,0.0,0
2018-05-27 19:18:05.399,207.99,0.0932704554261,0.0,0
2018-05-27 19:18:05.492,205.65,0.0932704554261,0.0,0
2018-05-27 19:18:05.586,205.22,0.0932704554261,0.0,0
2018-05-27 19:18:05.856,199.51,0.0932704554261,0.0,0
2018-05-27 19:18:06.111,198.19,0.0932704554261,0.0,0
2018-05-27 19:18:06.204,196.65,0.0932704554261,0.0,0
2018-05-27 19:18:06.297,196.42,0.0932704554261,0.0,0
2018-05-27 19:18:06.390,197.09,0.0932704554261,0.0,0
2018-05-27 19:18:06.483,195.45,0.0932704554261,0.0,0
2018-05-27 19:18:06.576,194.85,0.0932704554261,0.0,0
2018-05-27 19:18:06.753,193.47,0.0932704554261,0.0,0
2018-05-27 19:18:06.846,191.54,0.0932704554261,0.0,0
2018-05-27 19:18:07.008,192.47,0.0932704554261,0.0,0
2018-05-27 19:18:07.101,192.79,0.0932704554261,0.0,0
2018-05-27 19:18:07.194,192.74,0.0932704554261,0.0,0
2018-05-27 19:18:07.381,190.45,0.0932704554261,0.0,0
2018-05-27 19:18:07.567,190.46,0.0932704554261,0.0,0
2018-05-27 19:18:07.660,190.22,0.0932704554261,0.0,0
2018-05-27 19:18:07.744,190.02,0.0932704554261,0.0,0
2018-05-27 19:18:07.837,190.72,0.0932704554261,0.0,0
2018-05-27 19:18:07.925,191.06,0.0932704554261,0.0,0
2018-05-27 19:18:08.083,190.49,0.0932704554261,0.0,0
2018-05-27 19:18:08.167,192.47,0.0932704554261,0.0,0
2018-05-27 19:18:08.260,191.54,0.0932704554261,0.0,0
2018-05-27 19:18:08.353,190.92,0.0932704554261,0.0,0
2018-05-27 19:18:08.446,191.5,0.0932704554261,0.0,0
2018-05-27 19:18:08.539,190.5,0.0932704554261,0.0,0
2018-05-27 19:18:08.707,192.75,0.0932704554261,0.0,0
2018-05-27 19:18:08.800,192.06,0.0932704554261,0.0,0
2018-05-27 19:18:08.893,192.03,0.0932704554261,0.0,0
2018-05-27 19:18:09.055,191.85,0.0932704554261,0.0,0
2018-05-27 19:18:09.241,192.79,0.0932704554261,0.0,0
2018-05-27 19:18:09.334,194.14,0.0932704554261,0.0,0
2018-05-27 19:18:09.427,193.4,0.0932704554261,0.0,0
2018-05-27 19:18:09.511,194.71,0.0932704554261,0.0,0
2018-05-27 19:18:09.604,194.58,0.0932704554261,0.0,0
2018-05-27 19:18:09.697,194.01,0.0932704554261,0.0,0
2018-05-27 19:18:09.874,194.61,0.0932704554261,0.0,0
2018-05-27 19:18:10.036,194.05,0.0932704554261,0.0,0
2018-05-27 19:18:10.130,196.1,0.0932704554261,0.0,0
2018-05-27 19:18:10.223,196.36,0.0932704554261,0.0,0
2018-05-27 19:18:10.316,195.91,0.0932704554261,0.0,0
2018-05-27 19:18:10.400,197.67,0.0932704554261,0.0,0
2018-05-27 19:18:10.493,196.29,0.0932704554261,0.0,0
2018-05-27 19:18:10.577,197.43,0.0932704554261,0.0,0
2018-05-27 19:18:10.670,197.78,0.0932704554261,0.0,0
2018-05-27 19:18:10.753,197.97,0.0932704554261,0.0,0
2018-05-27 19:18:10.837,199.62,0.0932704554261,0.0,0
2018-05-27 19:18:11.195,199.95,0.0932704554261,0.0,0
2018-05-27 19:18:11.288,201.0,0.0932704554261,0.0,0
2018-05-27 19:18:11.381,201.1,0.0932704554261,0.0,0
2018-05-27 19:18:11.474,201.32,0.0932704554261,0.0,0
2018-05-27 19:18:11.567,203.24,0.0932704554261,0.0,0
2018-05-27 19:18:11.651,202.5,0.0932704554261,0.0,0
2018-05-27 19:18:11.744,200.9,0.0932704554261,0.0,0
2018-05-27 19:18:11.925,198.57,0.0932704554261,0.0,0
2018-05-27 19:18:12.167,195.86,0.0932704554261,0.0,0
2018-05-27 19:18:12.260,195.7,0.0932704554261,0.0,0
2018-05-27 19:18:12.353,195.11,0.0932704554261,0.0,0
2018-05-27 19:18:12.530,193.37,0.0932704554261,0.0,0
2018-05-27 19:18:12.707,192.98,0.0932704554261,0.0,0
2018-05-27 19:18:12.800,192.06,0.0932704554261,0.0,0
2018-05-27 19:18:12.893,191.48,0.0932704554261,0.0,0
2018-05-27 19:18:13.148,189.25,0.0932704554261,0.0,0
2018-05-27 19:18:13.241,189.28,0.0932704554261,0.0,0
2018-05-27 19:18:13.511,188.16,0.0932704554261,0.0,0
2018-05-27 19:18:13.604,187.55,0.0932704554261,0.0,0
2018-05-27 19:18:13.781,188.63,0.0932704554261,0.0,0
2018-05-27 19:18:13.874,187.78,0.0932704554261,0.0,0
2018-05-27 19:18:14.120,186.27,0.0932704554261,0.0,0
2018-05-27 19:18:14.222,187.71,0.0932704554261,0.0,0
2018-05-27 19:18:14.316,186.9,0.0932704554261,0.0,0
2018-05-27 19:18:14.409,186.82,0.0932704554261,0.0,0
2018-05-27 19:18:14.595,186.45,0.0932704554261,0.0,0
2018-05-27 19:18:14.688,186.53,0.0932704554261,0.0,0
2018-05-27 19:18:15.027,188.42,0.0932704554261,0.0,0
2018-05-27 19:18:15.204,188.88,0.0932704554261,0.0,0
2018-05-27 19:18:15.297,189.12,0.0932704554261,0.0,0
2018-05-27 19:18:15.390,190.0,0.0932704554261,0.0,0
2018-05-27 19:18:15.483,190.45,0.0932704554261,0.0,0
2018-05-27 19:18:15.576,190.81,0.0932704554261,0.0,0
2018-05-27 19:18:15.669,190.1,0.0932704554261,0.0,0
2018-05-27 19:18:15.753,191.56,0.0932704554261,0.0,0
2018-05-27 19:18:15.846,192.76,0.0932704554261,0.0,0
2018-05-27 19:18:15.930,192.65,0.0932704554261,0.0,0
2018-05-27 19:18:16.260,192.61,0.0932704554261,0.0,0
2018-05-27 19:18:16.353,191.64,0.0932704554261,0.0,0
2018-05-27 19:18:16.539,194.54,0.0932704554261,0.0,0
2018-05-27 19:18:16.716,195.5,0.0932704554261,0.0,0
2018-05-27 19:18:16.902,194.36,0.0932704554261,0.0,0
2018-05-27 19:18:17.157,197.11,0.0932704554261,0.0,0
2018-05-27 19:18:17.250,197.58,0.0932704554261,0.0,0
2018-05-27 19:18:17.343,196.25,0.0932704554261,0.0,0
2018-05-27 19:18:17.437,197.03,0.0932704554261,0.0,0
2018-05-27 19:18:17.530,198.78,0.0932704554261,0.0,0
2018-05-27 19:18:17.707,199.88,0.0932704554261,0.0,0
2018-05-27 19:18:17.800,199.0,0.0932704554261,0.0,0
2018-05-27 19:18:17.893,199.07,0.0932704554261,0.0,0
2018-05-27 19:18:18.055,200.6,0.0932704554261,0.0,0
2018-05-27 19:18:18.148,200.19,0.0932704554261,0.0,0
2018-05-27 19:18:18.241,200.87,0.0932704554261,0.0,0
2018-05-27 19:18:18.325,201.76,0.0932704554261,0.0,0
2018-05-27 19:18:18.419,202.95,0.0932704554261,0.0,0
2018-05-27 19:18:18.505,203.13,0.0932704554261,0.0,0
2018-05-27 19:18:18.595,203.2,0.0932704554261,0.0,0
2018-05-27 19:18:18.679,204.95,0.0932704554261,0.0,0
2018-05-27 19:18:18.772,204.63,0.0932704554261,0.0,0
2018-05-27 19:18:18.865,206.05,0.0932704554261,0.0,0
2018-05-27 19:18:19.027,205.71,0.0932704554261,0.0,0
2018-05-27 19:18:19.111,206.35,0.0932704554261,0.0,0
2018-05-27 19:18:19.204,208.22,0.0932704554261,0.0,0
2018-05-27 19:18:19.297,206.92,0.0932704554261,0.0,0
2018-05-27 19:18:19.390,208.43,0.0932704554261,0.0,0
2018-05-27 19:18:19.483,208.17,0.0932704554261,0.0,0
2018-05-27 19:18:19.576,209.6,0.0932704554261,0.0,0
2018-05-27 19:18:19.670,210.1,0.0932704554261,0.0,0
2018-05-27 19:18:19.753,209.89,0.0932704554261,0.0,0
2018-05-27 19:18:20.008,211.32,0.0932704554261,0.0,0
2018-05-27 19:18:20.101,212.4,0.0932704554261,0.0,0
2018-05-27 19:18:20.194,212.87,0.0932704554261,0.0,0
2018-05-27 19:18:20.474,214.1,0.0932704554261,0.0,0
2018-05-27 19:18:20.567,214.89,0.0932704554261,0.0,0
2018-05-27 19:18:20.660,215.86,0.0932704554261,0.0,0
2018-05-27 19:18:20.744,217.17,0.0932704554261,0.0,0
2018-05-27 19:18:20.837,217.29,0.0932704554261,0.0,0
2018-05-27 19:18:20.921,217.47,0.0932704554261,0.0,0
2018-05-27 19:18:21.073,217.87,0.0932704554261,0.0,0
2018-05-27 19:18:21.166,217.65,0.0932704554261,0.0,0
2018-05-27 19:18:21.260,218.29,0.0932704554261,0.0,0
2018-05-27 19:18:21.446,220.15,0.0932704554261,0.0,0
2018-05-27 19:18:21.623,221.58,0.0932704554261,0.0,0
2018-05-27 19:18:21.716,221.03,0.0932704554261,0.0,0
2018-05-27 19:18:21.800,221.68,0.0932704554261,0.0,0
2018-05-27 19:18:21.893,223.05,0.0932704554261,0.0,0
2018-05-27 19:18:22.148,221.51,0.0932704554261,0.0,0
2018-05-27 19:18:22.334,223.3,0.0932704554261,0.0,0
2018-05-27 19:18:22.427,224.14,0.0932704554261,0.0,0
2018-05-27 19:18:22.521,223.89,0.0932704554261,0.0,0
2018-05-27 19:18:22.688,223.6,0.0932704554261,0.0,0
2018-05-27 19:18:22.790,225.26,0.0932704554261,0.0,0
2018-05-27 19:18:22.884,223.67,0.0932704554261,0.0,0
2018-05-27 19:18:23.139,224.87,0.0932704554261,0.0,0
2018-05-27 19:18:23.232,225.12,0.0932704554261,0.0,0
2018-05-27 19:18:23.325,226.39,0.0932704554261,0.0,0
2018-05-27 19:18:23.418,226.36,0.0932704554261,0.0,0
2018-05-27 19:18:23.511,225.9,0.0932704554261,0.0,0
2018-05-27 19:18:23.595,225.68,0.0932704554261,0.0,0
2018-05-27 19:18:23.688,226.21,0.0932704554261,0.0,0
2018-05-27 19:18:23.865,226.18,0.0932704554261,0.0,0
2018-05-27 19:18:24.027,225.83,0.0932704554261,0.0,0
2018-05-27 19:18:24.213,227.99,0.0932704554261,0.0,0
2018-05-27 19:18:24.306,228.08,0.0932704554261,0.0,0
2018-05-27 19:18:24.399,228.57,0.0932704554261,0.0,0
2018-05-27 19:18:24.493,227.58,0.0932704554261,0.0,0
2018-05-27 19:18:24.679,227.91,0.0932704554261,0.0,0
2018-05-27 19:18:24.772,227.64,0.0932704554261,0.0,0
2018-05-27 19:18:24.865,229.09,0.0932704554261,0.0,0
2018-05-27 19:18:25.027,228.21,0.0932704554261,0.0,0
2018-05-27 19:18:25.120,228.51,0.0932704554261,0.0,0
2018-05-27 19:18:25.399,229.48,0.0932704554261,0.0,0
2018-05-27 19:18:25.493,229.43,0.0932704554261,0.0,0
2018-05-27 19:18:25.576,229.12,0.0932704554261,0.0,0
2018-05-27 19:18:25.846,231.64,0.0932704554261,0.0,0
2018-05-27 19:18:26.008,231.77,0.0932704554261,0.0,0
2018-05-27 19:18:26.101,231.88,0.0932704554261,0.0,0
2018-05-27 19:18:26.288,231.68,0.0932704554261,0.0,0
2018-05-27 19:18:26.381,232.16,0.0932704554261,0.0,0
2018-05-27 19:18:26.464,230.87,0.0932704554261,0.0,0
2018-05-27 19:18:26.558,230.81,0.0932704554261,0.0,0
2018-05-27 19:18:26.641,230.9,0.0932704554261,0.0,0
2018-05-27 19:18:26.725,227.77,0.0932704554261,0.0,0
2018-05-27 19:18:27.073,220.24,0.0932704554261,0.0,0
2018-05-27 19:18:27.250,216.17,0.0932704554261,0.0,0
2018-05-27 19:18:27.344,212.67,0.0932704554261,0.0,0
2018-05-27 19:18:27.437,211.73,0.0932704554261,0.0,0
2018-05-27 19:18:27.623,207.38,0.0932704554261,0.0,0
2018-05-27 19:18:27.716,205.64,0.0932704554261,0.0,0
2018-05-27 19:18:27.800,204.37,0.0932704554261,0.0,0
2018-05-27 19:18:27.893,205.8,0.0932704554261,0.0,0
2018-05-27 19:18:28.055,203.7,0.0932704554261,0.0,0
2018-05-27 19:18:28.139,203.6,0.0932704554261,0.0,0
2018-05-27 19:18:28.232,203.83,0.0932704554261,0.0,0
2018-05-27 19:18:28.325,202.33,0.0932704554261,0.0,0
2018-05-27 19:18:28.418,201.09,0.0932704554261,0.0,0
2018-05-27 19:18:28.511,201.36,0.0932704554261,0.0,0
2018-05-27 19:18:28.604,199.84,0.0932704554261,0.0,0
2018-05-27 19:18:28.688,200.55,0.0932704554261,0.0,0
2018-05-27 19:18:28.781,198.33,0.0932704554261,0.0,0
2018-05-27 19:18:28.874,197.6,0.0932704554261,0.0,0
2018-05-27 19:18:29.027,197.22,0.0932704554261,0.0,0
2018-05-27 19:18:29.120,198.53,0.0932704554261,0.0,0
2018-05-27 19:18:29.306,196.01,0.0932704554261,0.0,0
2018-05-27 19:18:29.399,195.81,0.0932704554261,0.0,0
2018-05-27 19:18:29.492,196.77,0.0932704554261,0.0,0
2018-05-27 19:18:29.586,196.24,0.0932704554261,0.0,0
2018-05-27 19:18:29.679,195.43,0.0932704554261,0.0,0
2018-05-27 19:18:29.772,195.0,0.0932704554261,0.0,0
2018-05-27 19:18:29.865,194.28,0.0932704554261,0.0,0
2018-05-27 19:18:30.017,194.84,0.0932704554261,0.0,0
2018-05-27 19:18:30.111,194.6,0.0932704554261,0.0,0
2018-05-27 19:18:30.204,196.11,0.0932704554261,0.0,0
2018-05-27 19:18:30.297,196.07,0.0932704554261,0.0,0
2018-05-27 19:18:30.483,194.03,0.0932704554261,0.0,0
2018-05-27 19:18:30.576,196.15,0.0932704554261,0.0,0
2018-05-27 19:18:30.669,195.61,0.0932704554261,0.0,0
2018-05-27 19:18:30.753,195.68,0.0932704554261,0.0,0
2018-05-27 19:18:30.930,194.87,0.0932704554261,0.0,0
2018-05-27 19:18:31.092,195.45,0.0932704554261,0.0,0
2018-05-27 19:18:31.180,194.64,0.0932704554261,0.0,0
2018-05-27 19:18:31.260,194.48,0.0932704554261,0.0,0
2018-05-27 19:18:31.353,195.26,0.0932704554261,0.0,0
2018-05-27 19:18:31.446,196.19,0.0932704554261,0.0,0
2018-05-27 19:18:31.539,195.56,0.0932704554261,0.0,0
2018-05-27 19:18:31.632,195.83,0.0932704554261,0.0,0
2018-05-27 19:18:31.716,196.06,0.0932704554261,0.0,0
2018-05-27 19:18:31.902,196.41,0.0932704554261,0.0,0
2018-05-27 19:18:32.157,197.28,0.0932704554261,0.0,0
2018-05-27 19:18:32.250,196.87,0.0932704554261,0.0,0
2018-05-27 19:18:32.344,198.11,0.0932704554261,0.0,0
2018-05-27 19:18:32.427,197.7,0.0932704554261,0.0,0
2018-05-27 19:18:32.520,199.5,0.0932704554261,0.0,0
2018-05-27 19:18:32.707,198.47,0.0932704554261,0.0,0
2018-05-27 19:18:32.790,199.54,0.0932704554261,0.0,0
2018-05-27 19:18:33.129,201.72,0.0932704554261,0.0,0
2018-05-27 19:18:33.222,201.58,0.0932704554261,0.0,0
2018-05-27 19:18:33.315,201.58,0.0932704554261,0.0,0
2018-05-27 19:18:33.409,203.11,0.0932704554261,0.0,0
2018-05-27 19:18:33.595,203.92,0.0932704554261,0.0,0
2018-05-27 19:18:33.679,204.13,0.0932704554261,0.0,0
2018-05-27 19:18:33.772,204.96,0.0932704554261,0.0,0
2018-05-27 19:18:33.865,203.93,0.0932704554261,0.0,0
2018-05-27 19:18:34.027,206.54,0.0932704554261,0.0,0
2018-05-27 19:18:34.120,205.48,0.0932704554261,0.0,0
2018-05-27 19:18:34.213,206.09,0.0932704554261,0.0,0
2018-05-27 19:18:34.306,203.49,0.0932704554261,0.0,0
2018-05-27 19:18:34.492,204.41,0.0932704554261,0.0,0
2018-05-27 19:18:34.586,201.52,0.0932704554261,0.0,0
2018-05-27 19:18:34.679,203.03,0.0932704554261,0.0,0
2018-05-27 19:18:34.856,201.35,0.0932704554261,0.0,0
2018-05-27 19:18:35.017,200.06,0.0932704554261,0.0,0
2018-05-27 19:18:35.111,200.67,0.0932704554261,0.0,0
2018-05-27 19:18:35.297,198.93,0.0932704554261,0.0,0
2018-05-27 19:18:35.390,200.2,0.0932704554261,0.0,0
2018-05-27 19:18:35.483,199.76,0.0932704554261,0.0,0
2018-05-27 19:18:35.669,197.75,0.0932704554261,0.0,0
2018-05-27 19:18:35.753,197.71,0.0932704554261,0.0,0
2018-05-27 19:18:35.846,198.96,0.0932704554261,0.0,0
2018-05-27 19:18:36.008,199.03,0.0932704554261,0.0,0
2018-05-27 19:18:36.101,196.63,0.0932704554261,0.0,0
2018-05-27 19:18:36.194,197.09,0.0932704554261,0.0,0
2018-05-27 19:18:36.288,198.74,0.0932704554261,0.0,0
2018-05-27 19:18:36.381,197.27,0.0932704554261,0.0,0
2018-05-27 19:18:36.474,197.5,0.0932704554261,0.0,0
2018-05-27 19:18:36.567,197.08,0.0932704554261,0.0,0
2018-05-27 19:18:36.660,198.48,0.0932704554261,0.0,0
2018-05-27 19:18:36.744,198.69,0.0932704554261,0.0,0
2018-05-27 19:18:36.837,198.92,0.0932704554261,0.0,0
2018-05-27 19:18:36.925,198.64,0.0932704554261,0.0,0
2018-05-27 19:18:37.083,197.46,0.0932704554261,0.0,0
2018-05-27 19:18:37.260,197.63,0.0932704554261,0.0,0
2018-05-27 19:18:37.446,199.89,0.0932704554261,0.0,0
2018-05-27 19:18:37.530,200.65,0.0932704554261,0.0,0
2018-05-27 19:18:37.623,200.68,0.0932704554261,0.0,0
2018-05-27 19:18:37.716,199.23,0.0932704554261,0.0,0
2018-05-27 19:18:37.800,199.44,0.0932704554261,0.0,0
2018-05-27 19:18:37.893,199.02,0.0932704554261,0.0,0
2018-05-27 19:18:38.055,201.02,0.0932704554261,0.0,0
2018-05-27 19:18:38.148,200.2,0.0932704554261,0.0,0
2018-05-27 19:18:38.241,199.49,0.0932704554261,0.0,0
2018-05-27 19:18:38.334,201.97,0.0932704554261,0.0,0
2018-05-27 19:18:38.511,201.47,0.0932704554261,0.0,0
2018-05-27 19:18:38.604,201.53,0.0932704554261,0.0,0
2018-05-27 19:18:38.697,203.04,0.0932704554261,0.0,0
2018-05-27 19:18:38.781,202.74,0.0932704554261,0.0,0
2018-05-27 19:18:38.874,202.78,0.0932704554261,0.0,0
2018-05-27 19:18:39.036,202.79,0.0932704554261,0.0,0
2018-05-27 19:18:39.129,204.06,0.0932704554261,0.0,0
2018-05-27 19:18:39.222,203.53,0.0932704554261,0.0,0
2018-05-27 19:18:39.399,204.42,0.0932704554261,0.0,0
2018-05-27 19:18:39.492,204.34,0.0932704554261,0.0,0
2018-05-27 19:18:39.586,205.05,0.0932704554261,0.0,0
2018-05-27 19:18:39.679,206.69,0.0932704554261,0.0,0
2018-05-27 19:18:39.772,205.21,0.0932704554261,0.0,0
2018-05-27 19:18:39.865,207.42,0.0932704554261,0.0,0
2018-05-27 19:18:40.027,206.96,0.0932704554261,0.0,0
2018-05-27 19:18:40.120,208.44,0.0932704554261,0.0,0
2018-05-27 19:18:40.213,208.04,0.0932704554261,0.0,0
2018-05-27 19:18:40.306,209.55,0.0932704554261,0.0,0
2018-05-27 19:18:40.390,209.77,0.0932704554261,0.0,0
2018-05-27 19:18:40.483,208.7,0.0932704554261,0.0,0
2018-05-27 19:18:40.576,211.0,0.0932704554261,0.0,0
2018-05-27 19:18:40.669,209.48,0.0932704554261,0.0,0
2018-05-27 19:18:40.837,211.6,0.0932704554261,0.0,0
2018-05-27 19:18:40.930,211.08,0.0932704554261,0.0,0
2018-05-27 19:18:41.092,213.19,0.0932704554261,0.0,0
2018-05-27 19:18:41.180,213.42,0.0932704554261,0.0,0
2018-05-27 19:18:41.269,212.6,0.0932704554261,0.0,0
2018-05-27 19:18:41.353,214.92,0.0932704554261,0.0,0
2018-05-27 19:18:41.446,214.1,0.0932704554261,0.0,0
2018-05-27 19:18:41.539,215.77,0.0932704554261,0.0,0
2018-05-27 19:18:41.623,215.04,0.0932704554261,0.0,0
2018-05-27 19:18:41.716,216.16,0.0932704554261,0.0,0
2018-05-27 19:18:41.809,215.31,0.0932704554261,0.0,0
2018-05-27 19:18:41.902,216.45,0.0932704554261,0.0,0
2018-05-27 19:18:42.064,217.65,0.0932704554261,0.0,0
2018-05-27 19:18:42.250,217.51,0.0932704554261,0.0,0
2018-05-27 19:18:42.343,218.36,0.0932704554261,0.0,0
2018-05-27 19:18:42.437,217.61,0.0932704554261,0.0,0
2018-05-27 19:18:42.530,218.76,0.0932704554261,0.0,0
2018-05-27 19:18:42.613,218.07,0.0932704554261,0.0,0
2018-05-27 19:18:42.707,219.15,0.0932704554261,0.0,0
2018-05-27 19:18:42.790,219.89,0.0932704554261,0.0,0
2018-05-27 19:18:42.884,219.98,0.0932704554261,0.0,0
2018-05-27 19:18:43.045,220.9,0.0932704554261,0.0,0
2018-05-27 19:18:43.232,220.76,0.0932704554261,0.0,0
2018-05-27 19:18:43.325,221.54,0.0932704554261,0.0,0
2018-05-27 19:18:43.409,223.01,0.0932704554261,0.0,0
2018-05-27 19:18:43.502,221.82,0.0932704554261,0.0,0
2018-05-27 19:18:43.595,222.53,0.0932704554261,0.0,0
2018-05-27 19:18:43.688,223.68,0.0932704554261,0.0,0
2018-05-27 19:18:43.772,223.51,0.0932704554261,0.0,0
2018-05-27 19:18:43.856,225.09,0.0932704554261,0.0,0
2018-05-27 19:18:44.017,225.52,0.0932704554261,0.0,0
2018-05-27 19:18:44.101,225.47,0.0932704554261,0.0,0
2018-05-27 19:18:44.194,226.27,0.0932704554261,0.0,0
2018-05-27 19:18:44.288,226.34,0.0932704554261,0.0,0
2018-05-27 19:18:44.381,226.17,0.0932704554261,0.0,0
2018-05-27 19:18:44.474,224.92,0.0932704554261,0.0,0
2018-05-27 19:18:44.567,224.9,0.0932704554261,0.0,0
2018-05-27 19:18:44.660,225.38,0.0932704554261,0.0,0
2018-05-27 19:18:44.753,226.69,0.0932704554261,0.0,0
2018-05-27 19:18:44.837,226.26,0.0932704554261,0.0,0
2018-05-27 19:18:44.921,228.37,0.0932704554261,0.0,0
2018-05-27 19:18:45.083,228.6,0.0932704554261,0.0,0
2018-05-27 19:18:45.166,227.72,0.0932704554261,0.0,0
2018-05-27 19:18:45.260,227.64,0.0932704554261,0.0,0
2018-05-27 19:18:45.353,228.34,0.0932704554261,0.0,0
2018-05-27 19:18:45.446,228.96,0.0932704554261,0.0,0
2018-05-27 19:18:45.539,229.39,0.0932704554261,0.0,0
2018-05-27 19:18:45.632,230.01,0.0932704554261,0.0,0
2018-05-27 19:18:45.809,229.2,0.0932704554261,0.0,0
2018-05-27 19:18:45.902,230.27,0.0932704554261,0.0,0
2018-05-27 19:18:46.064,230.56,0.0932704554261,0.0,0
2018-05-27 19:18:46.157,230.72,0.0932704554261,0.0,0
2018-05-27 19:18:46.250,231.16,0.0932704554261,0.0,0
2018-05-27 19:18:46.436,231.77,0.0932704554261,0.0,0
2018-05-27 19:18:46.530,231.32,0.0932704554261,0.0,0
2018-05-27 19:18:46.709,233.72,0.0932704554261,0.0,0
2018-05-27 19:18:46.893,232.78,0.0932704554261,0.0,0
2018-05-27 19:18:47.148,233.31,0.0932704554261,0.0,0
2018-05-27 19:18:47.427,232.54,0.0932704554261,0.0,0
2018-05-27 19:18:47.520,233.3,0.0932704554261,0.0,0
2018-05-27 19:18:47.697,232.38,0.0932704554261,0.0,0
2018-05-27 19:18:47.790,230.75,0.0932704554261,0.0,0
2018-05-27 19:18:47.883,228.58,0.0932704554261,0.0,0
2018-05-27 19:18:48.045,227.16,0.0932704554261,0.0,0
2018-05-27 19:18:48.138,224.64,0.0932704554261,0.0,0
2018-05-27 19:18:48.232,224.15,0.0932704554261,0.0,0
2018-05-27 19:18:48.325,221.86,0.0932704554261,0.0,0
2018-05-27 19:18:48.418,221.31,0.0932704554261,0.0,0
2018-05-27 19:18:48.511,220.62,0.0932704554261,0.0,0
2018-05-27 19:18:48.604,218.05,0.0932704554261,0.0,0
2018-05-27 19:18:48.688,218.51,0.0932704554261,0.0,0
2018-05-27 19:18:48.781,215.81,0.0932704554261,0.0,0
2018-05-27 19:18:48.874,215.92,0.0932704554261,0.0,0
2018-05-27 19:18:49.036,215.4,0.0932704554261,0.0,0
2018-05-27 19:18:49.129,212.41,0.0932704554261,0.0,0
2018-05-27 19:18:49.316,209.77,0.0932704554261,0.0,0
2018-05-27 19:18:49.409,209.33,0.0932704554261,0.0,0
2018-05-27 19:18:49.679,206.4,0.0932704554261,0.0,0
2018-05-27 19:18:49.772,204.93,0.0932704554261,0.0,0
2018-05-27 19:18:49.865,205.78,0.0932704554261,0.0,0
2018-05-27 19:18:50.027,203.01,0.0932704554261,0.0,0
2018-05-27 19:18:50.120,203.76,0.0932704554261,0.0,0
2018-05-27 19:18:50.306,200.63,0.0932704554261,0.0,0
2018-05-27 19:18:50.399,201.41,0.0932704554261,0.0,0
2018-05-27 19:18:50.492,199.87,0.0932704554261,0.0,0
2018-05-27 19:18:50.585,197.9,0.0932704554261,0.0,0
2018-05-27 19:18:50.772,197.77,0.0932704554261,0.0,0
2018-05-27 19:18:50.865,197.35,0.0932704554261,0.0,0
2018-05-27 19:18:51.027,196.51,0.0932704554261,0.0,0
2018-05-27 19:18:51.213,196.21,0.0932704554261,0.0,0
2018-05-27 19:18:51.306,196.35,0.0951846570198,0.0,0
2018-05-27 19:18:51.399,195.49,0.0951846570198,0.0,0
2018-05-27 19:18:51.492,196.05,0.0951846570198,0.0,0
2018-05-27 19:18:51.585,196.37,0.0951846570198,0.0,0
2018-05-27 19:18:51.679,194.54,0.0951846570198,0.0,0
2018-05-27 19:18:51.772,195.1,0.0951846570198,0.0,0
2018-05-27 19:18:51.865,196.83,0.0951846570198,0.0,0
2018-05-27 19:18:52.017,194.46,0.0951846570198,0.0,0
2018-05-27 19:18:52.111,196.22,0.0951846570198,0.0,0
2018-05-27 19:18:52.204,196.36,0.0951846570198,0.0,0
2018-05-27 19:18:52.297,195.3,0.0951846570198,0.0,0
2018-05-27 19:18:52.390,195.49,0.0951846570198,0.0,0
2018-05-27 19:18:52.576,197.01,0.0951846570198,0.0,0
2018-05-27 19:18:52.669,196.1,0.0951846570198,0.0,0
2018-05-27 19:18:52.753,196.84,0.0951846570198,0.0,0
2018-05-27 19:18:52.846,196.31,0.0951846570198,0.0,0
2018-05-27 19:18:53.008,196.23,0.0951846570198,0.0,0
2018-05-27 19:18:53.101,196.43,0.0951846570198,0.0,0
2018-05-27 19:18:53.194,197.62,0.0951846570198,0.0,0
2018-05-27 19:18:53.287,196.87,0.0951846570198,0.0,0
2018-05-27 19:18:53.381,196.85,0.0951846570198,0.0,0
2018-05-27 19:18:53.474,197.21,0.0951846570198,0.0,0
2018-05-27 19:18:53.567,198.33,0.0951846570198,0.0,0
2018-05-27 19:18:53.660,197.46,0.0951846570198,0.0,0
2018-05-27 19:18:53.753,197.63,0.0951846570198,0.0,0
2018-05-27 19:18:53.837,198.24,0.0951846570198,0.0,0
2018-05-27 19:18:53.925,198.22,0.0951846570198,0.0,0
2018-05-27 19:18:54.073,199.56,0.0951846570198,0.0,0
2018-05-27 19:18:54.166,198.48,0.0951846570198,0.0,0
2018-05-27 19:18:54.259,198.14,0.0951846570198,0.0,0
2018-05-27 19:18:54.353,199.83,0.0951846570198,0.0,0
2018-05-27 19:18:55.157,202.79,0.0951846570198,0.0,0
2018-05-27 19:18:55.250,203.11,0.0951846570198,0.0,0
2018-05-27 19:18:55.893,205.33,0.0951846570198,0.0,0
2018-05-27 19:18:56.045,204.84,0.0951846570198,0.0,0
2018-05-27 19:18:56.138,205.04,0.0951846570198,0.0,0
2018-05-27 19:18:56.232,204.97,0.0951846570198,0.0,0
2018-05-27 19:18:56.328,203.28,0.0951846570198,0.0,0
2018-05-27 19:18:56.418,204.66,0.0951846570198,0.0,0
2018-05-27 19:18:56.502,204.09,0.0951846570198,0.0,0
2018-05-27 19:18:56.595,202.27,0.0951846570198,0.0,0
2018-05-27 19:18:56.688,202.07,0.0951846570198,0.0,0
2018-05-27 19:18:56.772,201.7,0.0951846570198,0.0,0
2018-05-27 19:18:56.856,201.96,0.0951846570198,0.0,0
2018-05-27 19:18:57.018,202.78,0.0951846570198,0.0,0
2018-05-27 19:18:57.204,200.76,0.0951846570198,0.0,0
2018-05-27 19:18:57.390,200.25,0.0951846570198,0.0,0
2018-05-27 19:18:57.660,201.25,0.0951846570198,0.0,0
2018-05-27 19:18:57.837,200.71,0.0951846570198,0.0,0
2018-05-27 19:18:57.925,201.21,0.0951846570198,0.0,0
2018-05-27 19:18:58.083,199.52,0.0951846570198,0.0,0
2018-05-27 19:18:58.167,200.19,0.0951846570198,0.0,0
2018-05-27 19:18:58.259,199.39,0.0951846570198,0.0,0
2018-05-27 19:18:58.353,202.15,0.0951846570198,0.0,0
2018-05-27 19:18:58.539,200.87,0.0951846570198,0.0,0
2018-05-27 19:18:58.725,201.15,0.0951846570198,0.0,0
2018-05-27 19:18:58.809,202.05,0.0951846570198,0.0,0
2018-05-27 19:18:59.064,203.83,0.0951846570198,0.0,0
2018-05-27 19:18:59.241,202.05,0.0951846570198,0.0,0
2018-05-27 19:18:59.334,203.58,0.0951846570198,0.0,0
2018-05-27 19:18:59.427,204.31,0.0951846570198,0.0,0
2018-05-27 19:18:59.707,203.5,0.0951846570198,0.0,0
2018-05-27 19:18:59.790,203.42,0.0951846570198,0.0,0
2018-05-27 19:18:59.884,204.02,0.0951846570198,0.0,0
2018-05-27 19:19:00.045,204.71,0.0951846570198,0.0,0
2018-05-27 19:19:00.129,205.42,0.0951846570198,0.0,0
2018-05-27 19:19:00.222,203.73,0.0951846570198,0.0,0
2018-05-27 19:19:00.315,205.95,0.0951846570198,0.0,0
2018-05-27 19:19:00.409,205.07,0.0951846570198,0.0,0
2018-05-27 19:19:00.502,206.49,0.0951846570198,0.0,0
2018-05-27 19:19:00.595,205.54,0.0951846570198,0.0,0
2018-05-27 19:19:00.679,205.5,0.0951846570198,0.0,0
2018-05-27 19:19:00.772,206.3,0.0951846570198,0.0,0
2018-05-27 19:19:00.865,206.84,0.0951846570198,0.0,0
2018-05-27 19:19:01.027,206.48,0.0951846570198,0.0,0
2018-05-27 19:19:01.111,206.3,0.0951846570198,0.0,0
2018-05-27 19:19:01.204,208.2,0.0951846570198,0.0,0
2018-05-27 19:19:01.297,207.03,0.0951846570198,0.0,0
2018-05-27 19:19:01.390,209.52,0.0951846570198,0.0,0
2018-05-27 19:19:01.483,208.45,0.0951846570198,0.0,0
2018-05-27 19:19:01.576,209.7,0.0951846570198,0.0,0
2018-05-27 19:19:01.669,209.86,0.0951846570198,0.0,0
2018-05-27 19:19:01.753,211.38,0.0951846570198,0.0,0
2018-05-27 19:19:01.846,209.69,0.0951846570198,0.0,0
2018-05-27 19:19:02.008,211.98,0.0951846570198,0.0,0
2018-05-27 19:19:02.101,211.57,0.0951846570198,0.0,0
2018-05-27 19:19:02.194,213.23,0.0951846570198,0.0,0
2018-05-27 19:19:02.288,212.14,0.0951846570198,0.0,0
2018-05-27 19:19:02.381,213.02,0.0951846570198,0.0,0
2018-05-27 19:19:02.474,213.61,0.0951846570198,0.0,0
2018-05-27 19:19:02.567,213.48,0.0951846570198,0.0,0
2018-05-27 19:19:02.744,214.39,0.0951846570198,0.0,0
2018-05-27 19:19:02.921,216.71,0.0951846570198,0.0,0
2018-05-27 19:19:03.073,215.63,0.0951846570198,0.0,0
2018-05-27 19:19:03.166,217.37,0.0951846570198,0.0,0
2018-05-27 19:19:03.259,216.34,0.0951846570198,0.0,0
2018-05-27 19:19:03.353,217.09,0.0951846570198,0.0,0
2018-05-27 19:19:03.446,218.27,0.0951846570198,0.0,0
2018-05-27 19:19:03.539,217.38,0.0951846570198,0.0,0
2018-05-27 19:19:03.623,218.93,0.0951846570198,0.0,0
2018-05-27 19:19:03.716,217.45,0.0998717219482,0.0,0
2018-05-27 19:19:03.893,218.31,0.0998717219482,0.0,0
2018-05-27 19:19:04.148,220.99,0.0998717219482,0.0,0
2018-05-27 19:19:04.241,220.94,0.0998717219482,0.0,0
2018-05-27 19:19:04.334,220.21,0.0998717219482,0.0,0
2018-05-27 19:19:04.427,220.91,0.0998717219482,0.0,0
2018-05-27 19:19:04.520,221.07,0.0998717219482,0.0,0
2018-05-27 19:19:04.613,221.55,0.0998717219482,0.0,0
2018-05-27 19:19:04.790,224.06,0.0998717219482,0.0,0
2018-05-27 19:19:04.884,223.93,0.0998717219482,0.0,0
2018-05-27 19:19:05.045,223.28,0.0998717219482,0.0,0
2018-05-27 19:19:05.138,224.13,0.0998717219482,0.0,0
2018-05-27 19:19:05.232,223.99,0.0998717219482,0.0,0
2018-05-27 19:19:05.325,224.32,0.0998717219482,0.0,0
2018-05-27 19:19:05.418,226.01,0.0998717219482,0.0,0
2018-05-27 19:19:05.502,225.08,0.0998717219482,0.0,0
2018-05-27 19:19:05.595,225.15,0.0998717219482,0.0,0
2018-05-27 19:19:05.772,225.69,0.0998717219482,0.0,0
2018-05-27 19:19:05.865,225.14,0.0998717219482,0.0,0
2018-05-27 19:19:06.027,225.36,0.0998717219482,0.0,0
2018-05-27 19:19:06.120,225.39,0.0998717219482,0.0,0
2018-05-27 19:19:06.213,226.53,0.0998717219482,0.0,0
2018-05-27 19:19:06.306,226.43,0.0998717219482,0.0,0
2018-05-27 19:19:06.399,226.19,0.0998717219482,0.0,0
2018-05-27 19:19:06.492,225.93,0.0998717219482,0.0,0
2018-05-27 19:19:06.585,225.58,0.0998717219482,0.0,0
2018-05-27 19:19:06.679,225.02,0.0998717219482,0.0,0
2018-05-27 19:19:06.772,225.78,0.0998717219482,0.0,0
2018-05-27 19:19:06.865,225.95,0.0998717219482,0.0,0
2018-05-27 19:19:07.120,227.05,0.0998717219482,0.0,0
2018-05-27 19:19:07.213,226.99,0.0998717219482,0.0,0
2018-05-27 19:19:07.306,227.23,0.0998717219482,0.0,0
2018-05-27 19:19:07.577,227.65,0.0998717219482,0.0,0
2018-05-27 19:19:07.669,227.79,0.0998717219482,0.0,0
2018-05-27 19:19:07.846,227.25,0.0998717219482,0.0,0
2018-05-27 19:19:08.008,228.23,0.0998717219482,0.0,0
2018-05-27 19:19:08.288,227.94,0.0998717219482,0.0,0
2018-05-27 19:19:08.371,227.59,0.0998717219482,0.0,0
2018-05-27 19:19:08.464,227.62,0.0998717219482,0.0,0
2018-05-27 19:19:08.548,227.33,0.0998717219482,0.0,0
2018-05-27 19:19:08.632,228.62,0.0998717219482,0.0,0
2018-05-27 19:19:08.809,228.0,0.0998717219482,0.0,0
2018-05-27 19:19:09.157,228.19,0.0998717219482,0.0,0
2018-05-27 19:19:09.250,228.86,0.0998717219482,0.0,0
2018-05-27 19:19:09.343,229.89,0.0998717219482,0.0,0
2018-05-27 19:19:09.436,229.75,0.0998717219482,0.0,0
2018-05-27 19:19:09.530,230.39,0.0998717219482,0.0,0
2018-05-27 19:19:09.716,229.71,0.0998717219482,0.0,0
2018-05-27 19:19:09.800,229.08,0.0998717219482,0.0,0
2018-05-27 19:19:09.893,229.03,0.0998717219482,0.0,0
2018-05-27 19:19:10.045,230.19,0.0998717219482,0.0,0
2018-05-27 19:19:10.138,230.17,0.0998717219482,0.0,0
2018-05-27 19:19:10.232,230.17,0.0998717219482,0.0,0
2018-05-27 19:19:10.325,229.83,0.0998717219482,0.0,0
2018-05-27 19:19:10.418,229.26,0.0998717219482,0.0,0
2018-05-27 19:19:10.511,227.92,0.0998717219482,0.0,0
2018-05-27 19:19:10.604,226.19,0.0998717219482,0.0,0
2018-05-27 19:19:10.692,226.57,0.0998717219482,0.0,0
2018-05-27 19:19:10.782,225.25,0.0998717219482,0.0,0
2018-05-27 19:19:10.865,223.16,0.0998717219482,0.0,0
2018-05-27 19:19:11.027,223.27,0.0998717219482,0.0,0
2018-05-27 19:19:11.120,221.33,0.0998717219482,0.0,0
2018-05-27 19:19:11.213,219.52,0.0998717219482,0.0,0
2018-05-27 19:19:11.306,218.98,0.0998717219482,0.0,0
2018-05-27 19:19:11.400,218.74,0.0998717219482,0.0,0
2018-05-27 19:19:11.483,216.36,0.0998717219482,0.0,0
2018-05-27 19:19:11.576,215.68,0.0998717219482,0.0,0
2018-05-27 19:19:11.669,214.05,0.0998717219482,0.0,0
2018-05-27 19:19:11.753,213.09,0.0998717219482,0.0,0
2018-05-27 19:19:11.847,212.95,0.0998717219482,0.0,0
2018-05-27 19:19:12.101,211.92,0.0998717219482,0.0,0
2018-05-27 19:19:12.464,209.52,0.0998717219482,0.0,0
2018-05-27 19:19:12.548,208.73,0.0998717219482,0.0,0
2018-05-27 19:19:12.632,207.57,0.0998717219482,0.0,0
2018-05-27 19:19:12.809,207.89,0.0998717219482,0.0,0
2018-05-27 19:19:12.903,206.09,0.0998717219482,0.0,0
2018-05-27 19:19:13.064,208.01,0.0998717219482,0.0,0
2018-05-27 19:19:13.157,206.79,0.0998717219482,0.0,0
2018-05-27 19:19:13.250,206.97,0.0998717219482,0.0,0
2018-05-27 19:19:13.436,206.22,0.0998717219482,0.0,0
2018-05-27 19:19:13.623,206.69,0.0998717219482,0.0,0
2018-05-27 19:19:13.716,208.26,0.0998717219482,0.0,0
2018-05-27 19:19:13.800,207.3,0.0998717219482,0.0,0
2018-05-27 19:19:14.148,206.21,0.0998717219482,0.0,0
2018-05-27 19:19:14.241,207.33,0.0998717219482,0.0,0
2018-05-27 19:19:14.334,206.38,0.0998717219482,0.0,0
2018-05-27 19:19:14.520,206.34,0.0998717219482,0.0,0
2018-05-27 19:19:14.613,208.57,0.0998717219482,0.0,0
2018-05-27 19:19:14.706,207.06,0.0998717219482,0.0,0
2018-05-27 19:19:14.790,206.78,0.0998717219482,0.0,0
2018-05-27 19:19:15.046,207.67,0.0998717219482,0.0,0
2018-05-27 19:19:15.129,207.38,0.0998717219482,0.0,0
2018-05-27 19:19:15.222,208.71,0.0998717219482,0.0,0
2018-05-27 19:19:15.315,207.53,0.0998717219482,0.0,0
2018-05-27 19:19:15.408,209.16,0.0998717219482,0.0,0
2018-05-27 19:19:15.688,209.75,0.0998717219482,0.0,0
2018-05-27 19:19:15.772,209.24,0.0998717219482,0.0,0
2018-05-27 19:19:15.865,210.99,0.0998717219482,0.0,0
2018-05-27 19:19:16.017,211.36,0.0998717219482,0.0,0
2018-05-27 19:19:16.110,210.07,0.0998717219482,0.0,0
2018-05-27 19:19:16.204,211.19,0.117119915078,0.0,0
2018-05-27 19:19:16.297,212.58,0.117119915078,0.0,0
2018-05-27 19:19:16.390,212.43,0.117119915078,0.0,0
2018-05-27 19:19:16.483,212.17,0.117119915078,0.0,0
2018-05-27 19:19:16.576,211.83,0.117119915078,0.0,0
2018-05-27 19:19:16.669,213.7,0.117119915078,0.0,0
2018-05-27 19:19:16.753,213.33,0.117119915078,0.0,0
2018-05-27 19:19:17.008,213.52,0.117119915078,0.0,0
2018-05-27 19:19:17.102,214.91,0.117119915078,0.0,0
2018-05-27 19:19:17.194,214.86,0.117119915078,0.0,0
2018-05-27 19:19:17.287,215.01,0.117119915078,0.0,0
2018-05-27 19:19:17.380,216.24,0.117119915078,0.0,0
2018-05-27 19:19:17.474,215.0,0.117119915078,0.0,0
2018-05-27 19:19:17.567,215.37,0.117119915078,0.0,0
2018-05-27 19:19:17.660,217.11,0.117119915078,0.0,0
2018-05-27 19:19:17.753,216.52,0.117119915078,0.0,0
2018-05-27 19:19:17.837,217.41,0.117119915078,0.0,0
2018-05-27 19:19:18.166,216.61,0.117119915078,0.0,0
2018-05-27 19:19:18.259,215.35,0.117119915078,0.0,0
2018-05-27 19:19:18.353,214.58,0.117119915078,0.0,0
2018-05-27 19:19:18.437,214.09,0.117119915078,0.0,0
2018-05-27 19:19:18.623,214.19,0.117119915078,0.0,0
2018-05-27 19:19:18.716,213.52,0.117119915078,0.0,0
2018-05-27 19:19:18.800,212.49,0.117119915078,0.0,0
2018-05-27 19:19:18.884,211.92,0.117119915078,0.0,0
2018-05-27 19:19:19.045,212.54,0.117119915078,0.0,0
2018-05-27 19:19:19.222,213.55,0.117119915078,0.0,0
2018-05-27 19:19:19.408,213.04,0.117119915078,0.0,0
2018-05-27 19:19:19.502,214.39,0.117119915078,0.0,0
2018-05-27 19:19:19.587,214.34,0.117119915078,0.0,0
2018-05-27 19:19:19.679,212.61,0.117119915078,0.0,0
2018-05-27 19:19:19.772,213.31,0.117119915078,0.0,0
2018-05-27 19:19:19.865,213.86,0.117119915078,0.0,0
2018-05-27 19:19:20.027,213.4,0.117119915078,0.0,0
2018-05-27 19:19:20.120,214.32,0.117119915078,0.0,0
2018-05-27 19:19:20.297,214.19,0.117119915078,0.0,0
2018-05-27 19:19:20.390,213.85,0.117119915078,0.0,0
2018-05-27 19:19:20.483,215.29,0.117119915078,0.0,0
2018-05-27 19:19:20.576,213.3,0.117119915078,0.0,0
2018-05-27 19:19:20.669,214.11,0.117119915078,0.0,0
2018-05-27 19:19:20.753,213.98,0.117119915078,0.0,0
2018-05-27 19:19:20.846,215.83,0.117119915078,0.0,0
2018-05-27 19:19:21.008,214.38,0.117119915078,0.0,0
2018-05-27 19:19:21.101,213.91,0.117119915078,0.0,0
2018-05-27 19:19:21.194,215.44,0.117119915078,0.0,0
2018-05-27 19:19:21.278,214.64,0.117119915078,0.0,0
2018-05-27 19:19:21.371,215.72,0.117119915078,0.0,0
2018-05-27 19:19:21.464,214.83,0.117119915078,0.0,0
2018-05-27 19:19:21.557,216.25,0.117119915078,0.0,0
2018-05-27 19:19:21.651,215.78,0.117119915078,0.0,0
2018-05-27 19:19:21.739,216.44,0.117119915078,0.0,0
2018-05-27 19:19:21.828,214.24,0.117119915078,0.0,0
2018-05-27 19:19:21.912,215.51,0.117119915078,0.0,0
2018-05-27 19:19:22.250,215.71,0.117119915078,0.0,0
2018-05-27 19:19:22.343,217.65,0.117119915078,0.0,0
2018-05-27 19:19:22.436,215.98,0.117119915078,0.0,0
2018-05-27 19:19:22.623,219.11,0.117119915078,0.0,0
2018-05-27 19:19:22.709,217.65,0.117119915078,0.0,0
2018-05-27 19:19:22.893,218.32,0.117119915078,0.0,0
2018-05-27 19:19:23.055,217.77,0.117119915078,0.0,0
2018-05-27 19:19:23.241,218.39,0.117119915078,0.0,0
2018-05-27 19:19:23.334,217.1,0.117119915078,0.0,0
2018-05-27 19:19:23.427,218.13,0.117119915078,0.0,0
2018-05-27 19:19:23.613,219.04,0.117119915078,0.0,0
2018-05-27 19:19:23.707,218.81,0.117119915078,0.0,0
2018-05-27 19:19:23.790,219.92,0.117119915078,0.0,0
2018-05-27 19:19:23.883,219.15,0.117119915078,0.0,0
2018-05-27 19:19:24.138,221.08,0.117119915078,0.0,0
2018-05-27 19:19:24.232,220.54,0.117119915078,0.0,0
2018-05-27 19:19:24.418,220.01,0.117119915078,0.0,0
2018-05-27 19:19:24.511,222.25,0.117119915078,0.0,0
2018-05-27 19:19:24.604,221.63,0.117119915078,0.0,0
2018-05-27 19:19:24.697,220.38,0.117119915078,0.0,0
2018-05-27 19:19:24.781,222.55,0.117119915078,0.0,0
2018-05-27 19:19:24.874,221.96,0.117119915078,0.0,0
2018-05-27 19:19:25.036,221.04,0.117119915078,0.0,0
2018-05-27 19:19:25.129,221.23,0.117119915078,0.0,0
2018-05-27 19:19:25.315,223.53,0.117119915078,0.0,0
2018-05-27 19:19:25.502,222.6,0.117119915078,0.0,0
2018-05-27 19:19:25.595,222.28,0.117119915078,0.0,0
2018-05-27 19:19:25.679,223.19,0.117119915078,0.0,0
2018-05-27 19:19:25.772,223.16,0.117119915078,0.0,0
2018-05-27 19:19:25.865,223.4,0.117119915078,0.0,0
2018-05-27 19:19:26.027,224.06,0.117119915078,0.0,0
2018-05-27 19:19:26.120,225.25,0.117119915078,0.0,0
2018-05-27 19:19:26.213,225.4,0.117119915078,0.0,0
2018-05-27 19:19:26.306,224.61,0.117119915078,0.0,0
2018-05-27 19:19:26.399,224.35,0.117119915078,0.0,0
2018-05-27 19:19:26.492,224.58,0.117119915078,0.0,0
2018-05-27 19:19:26.585,224.44,0.117119915078,0.0,0
2018-05-27 19:19:26.679,224.93,0.117119915078,0.0,0
2018-05-27 19:19:26.772,226.59,0.117119915078,0.0,0
2018-05-27 19:19:26.855,225.6,0.117119915078,0.0,0
2018-05-27 19:19:27.017,225.1,0.117119915078,0.0,0
2018-05-27 19:19:27.111,225.5,0.117119915078,0.0,0
2018-05-27 19:19:27.204,226.68,0.117119915078,0.0,0
2018-05-27 19:19:27.390,226.57,0.117119915078,0.0,0
2018-05-27 19:19:27.483,225.17,0.117119915078,0.0,0
2018-05-27 19:19:27.576,224.58,0.117119915078,0.0,0
2018-05-27 19:19:27.669,226.7,0.117119915078,0.0,0
2018-05-27 19:19:27.846,226.33,0.120902880252,0.0,0
2018-05-27 19:19:28.194,226.98,0.120902880252,0.0,0
2018-05-27 19:19:28.287,226.98,0.120902880252,0.0,0
2018-05-27 19:19:28.380,227.03,0.120902880252,0.0,0
2018-05-27 19:19:28.464,226.81,0.120902880252,0.0,0
2018-05-27 19:19:28.557,227.46,0.120902880252,0.0,0
2018-05-27 19:19:28.725,227.65,0.120902880252,0.0,0
2018-05-27 19:19:28.818,227.56,0.120902880252,0.0,0
2018-05-27 19:19:28.911,227.39,0.120902880252,0.0,0
2018-05-27 19:19:29.073,229.08,0.120902880252,0.0,0
2018-05-27 19:19:29.167,229.09,0.120902880252,0.0,0
2018-05-27 19:19:29.250,227.52,0.120902880252,0.0,0
2018-05-27 19:19:29.343,228.22,0.120902880252,0.0,0
2018-05-27 19:19:29.436,227.73,0.120902880252,0.0,0
2018-05-27 19:19:29.623,228.43,0.120902880252,0.0,0
2018-05-27 19:19:29.800,228.25,0.120902880252,0.0,0
2018-05-27 19:19:29.893,228.06,0.120902880252,0.0,0
2018-05-27 19:19:30.232,229.79,0.120902880252,0.0,0
2018-05-27 19:19:30.325,230.11,0.120902880252,0.0,0
2018-05-27 19:19:30.418,229.36,0.120902880252,0.0,0
2018-05-27 19:19:30.604,229.2,0.120902880252,0.0,0
2018-05-27 19:19:30.781,230.27,0.120902880252,0.0,0
2018-05-27 19:19:30.865,229.58,0.120902880252,0.0,0
2018-05-27 19:19:31.120,229.99,0.120902880252,0.0,0
2018-05-27 19:19:31.213,229.81,0.120902880252,0.0,0
2018-05-27 19:19:31.306,229.79,0.120902880252,0.0,0
2018-05-27 19:19:31.399,229.98,0.120902880252,0.0,0
2018-05-27 19:19:31.492,229.96,0.120902880252,0.0,0
2018-05-27 19:19:31.585,229.97,0.120902880252,0.0,0
2018-05-27 19:19:31.678,229.95,0.120902880252,0.0,0
2018-05-27 19:19:31.772,229.63,0.120902880252,0.0,0
2018-05-27 19:19:31.855,229.32,0.120902880252,0.0,0
2018-05-27 19:19:32.017,228.13,0.120902880252,0.0,0
2018-05-27 19:19:32.110,226.47,0.120902880252,0.0,0
2018-05-27 19:19:32.297,224.34,0.120902880252,0.0,0
2018-05-27 19:19:32.390,223.29,0.120902880252,0.0,0
2018-05-27 19:19:32.483,223.93,0.120902880252,0.0,0
2018-05-27 19:19:32.669,220.33,0.120902880252,0.0,0
2018-05-27 19:19:32.753,221.47,0.120902880252,0.0,0
2018-05-27 19:19:32.846,219.1,0.120902880252,0.0,0
2018-05-27 19:19:33.008,218.02,0.120902880252,0.0,0
2018-05-27 19:19:33.101,218.37,0.120902880252,0.0,0
2018-05-27 19:19:33.194,217.66,0.120902880252,0.0,0
2018-05-27 19:19:33.380,216.27,0.120902880252,0.0,0
2018-05-27 19:19:33.474,216.61,0.120902880252,0.0,0
2018-05-27 19:19:33.567,215.15,0.120902880252,0.0,0
2018-05-27 19:19:33.660,214.71,0.120902880252,0.0,0
2018-05-27 19:19:33.744,215.32,0.120902880252,0.0,0
2018-05-27 19:19:33.837,216.44,0.120902880252,0.0,0
2018-05-27 19:19:33.925,214.77,0.120902880252,0.0,0
2018-05-27 19:19:34.082,215.03,0.120902880252,0.0,0
2018-05-27 19:19:34.166,215.95,0.120902880252,0.0,0
2018-05-27 19:19:34.259,213.56,0.120902880252,0.0,0
2018-05-27 19:19:34.352,213.67,0.120902880252,0.0,0
2018-05-27 19:19:34.446,216.02,0.120902880252,0.0,0
2018-05-27 19:19:34.539,213.02,0.120902880252,0.0,0
2018-05-27 19:19:34.632,214.41,0.120902880252,0.0,0
2018-05-27 19:19:34.725,214.59,0.120902880252,0.0,0
2018-05-27 19:19:34.911,216.05,0.120902880252,0.0,0
2018-05-27 19:19:35.166,214.42,0.120902880252,0.0,0
2018-05-27 19:19:35.259,215.63,0.120902880252,0.0,0
2018-05-27 19:19:35.352,214.08,0.120902880252,0.0,0
2018-05-27 19:19:35.446,213.89,0.120902880252,0.0,0
2018-05-27 19:19:35.539,215.63,0.120902880252,0.0,0
2018-05-27 19:19:35.632,214.58,0.120902880252,0.0,0
2018-05-27 19:19:35.716,215.09,0.120902880252,0.0,0
2018-05-27 19:19:35.902,216.34,0.120902880252,0.0,0
2018-05-27 19:19:36.064,214.9,0.120902880252,0.0,0
2018-05-27 19:19:36.157,214.63,0.120902880252,0.0,0
2018-05-27 19:19:36.343,214.91,0.120902880252,0.0,0
2018-05-27 19:19:36.430,216.16,0.120902880252,0.0,0
2018-05-27 19:19:36.520,215.56,0.120902880252,0.0,0
2018-05-27 19:19:36.613,216.61,0.120902880252,0.0,0
2018-05-27 19:19:36.706,217.84,0.120902880252,0.0,0
2018-05-27 19:19:36.790,218.08,0.120902880252,0.0,0
2018-05-27 19:19:37.045,218.31,0.120902880252,0.0,0
2018-05-27 19:19:37.130,217.78,0.120902880252,0.0,0
2018-05-27 19:19:37.222,217.72,0.120902880252,0.0,0
2018-05-27 19:19:37.315,218.53,0.120902880252,0.0,0
2018-05-27 19:19:37.408,218.83,0.120902880252,0.0,0
2018-05-27 19:19:37.501,217.08,0.120902880252,0.0,0
2018-05-27 19:19:37.595,218.07,0.120902880252,0.0,0
2018-05-27 19:19:37.679,217.78,0.120902880252,0.0,0
2018-05-27 19:19:37.772,217.82,0.120902880252,0.0,0
2018-05-27 19:19:37.865,219.64,0.120902880252,0.0,0
2018-05-27 19:19:38.120,218.16,0.120902880252,0.0,0
2018-05-27 19:19:38.213,218.26,0.120902880252,0.0,0
2018-05-27 19:19:38.306,219.07,0.120902880252,0.0,0
2018-05-27 19:19:38.399,217.14,0.120902880252,0.0,0
2018-05-27 19:19:38.492,216.26,0.120902880252,0.0,0
2018-05-27 19:19:38.585,217.21,0.120902880252,0.0,0
2018-05-27 19:19:38.679,215.08,0.120902880252,0.0,0
2018-05-27 19:19:38.762,216.4,0.120902880252,0.0,0
2018-05-27 19:19:38.855,214.13,0.120902880252,0.0,0
2018-05-27 19:19:39.017,214.56,0.120902880252,0.0,0
2018-05-27 19:19:39.110,213.95,0.120902880252,0.0,0
2018-05-27 19:19:39.203,213.01,0.120902880252,0.0,0
2018-05-27 19:19:39.297,212.95,0.120902880252,0.0,0
2018-05-27 19:19:39.390,210.9,0.120902880252,0.0,0
2018-05-27 19:19:39.483,211.79,0.120902880252,0.0,0
2018-05-27 19:19:39.576,210.69,0.12050769687,0.0,0
2018-05-27 19:19:39.669,211.49,0.12050769687,0.0,0
2018-05-27 19:19:39.846,212.36,0.12050769687,0.0,0
2018-05-27 19:19:40.101,212.48,0.12050769687,0.0,0
2018-05-27 19:19:40.194,210.29,0.12050769687,0.0,0
2018-05-27 19:19:40.287,210.92,0.12050769687,0.0,0
2018-05-27 19:19:40.380,211.53,0.12050769687,0.0,0
2018-05-27 19:19:40.474,210.37,0.12050769687,0.0,0
2018-05-27 19:19:40.567,211.81,0.12050769687,0.0,0
2018-05-27 19:19:40.650,211.82,0.12050769687,0.0,0
2018-05-27 19:19:40.744,210.6,0.12050769687,0.0,0
2018-05-27 19:19:40.832,210.36,0.12050769687,0.0,0
2018-05-27 19:19:41.073,210.66,0.12050769687,0.0,0
2018-05-27 19:19:41.166,212.47,0.12050769687,0.0,0
2018-05-27 19:19:41.353,212.89,0.12050769687,0.0,0
2018-05-27 19:19:41.529,212.07,0.12050769687,0.0,0
2018-05-27 19:19:41.716,213.07,0.12050769687,0.0,0
2018-05-27 19:19:41.800,213.37,0.12050769687,0.0,0
2018-05-27 19:19:41.893,212.15,0.12050769687,0.0,0
2018-05-27 19:19:42.148,214.05,0.12050769687,0.0,0
2018-05-27 19:19:42.241,212.77,0.12050769687,0.0,0
2018-05-27 19:19:42.334,213.61,0.12050769687,0.0,0
2018-05-27 19:19:42.427,211.49,0.12050769687,0.0,0
2018-05-27 19:19:42.520,212.87,0.12050769687,0.0,0
2018-05-27 19:19:42.613,214.62,0.12050769687,0.0,0
2018-05-27 19:19:42.706,213.31,0.12050769687,0.0,0
2018-05-27 19:19:42.790,212.53,0.12050769687,0.0,0
2018-05-27 19:19:43.045,215.47,0.12050769687,0.0,0
2018-05-27 19:19:43.138,214.77,0.12050769687,0.0,0
2018-05-27 19:19:43.325,215.55,0.12050769687,0.0,0
2018-05-27 19:19:43.408,216.57,0.12050769687,0.0,0
2018-05-27 19:19:43.501,214.53,0.12050769687,0.0,0
2018-05-27 19:19:43.595,216.01,0.12050769687,0.0,0
2018-05-27 19:19:43.688,217.51,0.12050769687,0.0,0
2018-05-27 19:19:43.772,216.85,0.12050769687,0.0,0
2018-05-27 19:19:43.865,218.04,0.12050769687,0.0,0
2018-05-27 19:19:44.027,216.43,0.12050769687,0.0,0
2018-05-27 19:19:44.120,217.29,0.12050769687,0.0,0
2018-05-27 19:19:44.213,218.67,0.12050769687,0.0,0
2018-05-27 19:19:44.297,217.76,0.12050769687,0.0,0
2018-05-27 19:19:44.390,218.43,0.12050769687,0.0,0
2018-05-27 19:19:44.483,217.13,0.12050769687,0.0,0
2018-05-27 19:19:44.576,218.02,0.12050769687,0.0,0
2018-05-27 19:19:44.669,217.65,0.12050769687,0.0,0
2018-05-27 19:19:45.008,218.3,0.12050769687,0.0,0
2018-05-27 19:19:45.185,219.85,0.12050769687,0.0,0
2018-05-27 19:19:45.278,219.56,0.12050769687,0.0,0
2018-05-27 19:19:45.455,219.99,0.12050769687,0.0,0
2018-05-27 19:19:45.539,220.94,0.12050769687,0.0,0
2018-05-27 19:19:45.632,220.08,0.12050769687,0.0,0
2018-05-27 19:19:45.716,221.65,0.12050769687,0.0,0
2018-05-27 19:19:45.800,221.91,0.12050769687,0.0,0
2018-05-27 19:19:46.064,222.01,0.12050769687,0.0,0
2018-05-27 19:19:46.157,222.33,0.12050769687,0.0,0
2018-05-27 19:19:46.250,221.88,0.12050769687,0.0,0
2018-05-27 19:19:46.343,221.76,0.12050769687,0.0,0
2018-05-27 19:19:46.436,222.1,0.12050769687,0.0,0
2018-05-27 19:19:46.623,223.86,0.12050769687,0.0,0
2018-05-27 19:19:46.800,224.54,0.12050769687,0.0,0
2018-05-27 19:19:46.893,224.13,0.12050769687,0.0,0
2018-05-27 19:19:47.054,223.64,0.12050769687,0.0,0
2018-05-27 19:19:47.148,222.45,0.12050769687,0.0,0
2018-05-27 19:19:47.241,223.67,0.12050769687,0.0,0
2018-05-27 19:19:47.427,225.56,0.12050769687,0.0,0
2018-05-27 19:19:47.520,225.66,0.12050769687,0.0,0
2018-05-27 19:19:47.613,224.54,0.12050769687,0.0,0
2018-05-27 19:19:47.706,224.95,0.12050769687,0.0,0
2018-05-27 19:19:47.790,224.62,0.12050769687,0.0,0
2018-05-27 19:19:47.883,225.29,0.12050769687,0.0,0
2018-05-27 19:19:48.045,225.41,0.12050769687,0.0,0
2018-05-27 19:19:48.138,223.55,0.12050769687,0.0,0
2018-05-27 19:19:48.231,224.89,0.12050769687,0.0,0
2018-05-27 19:19:48.325,224.4,0.12050769687,0.0,0
2018-05-27 19:19:48.511,225.77,0.12050769687,0.0,0
2018-05-27 19:19:48.604,225.85,0.12050769687,0.0,0
2018-05-27 19:19:48.688,224.73,0.12050769687,0.0,0
2018-05-27 19:19:48.874,226.07,0.12050769687,0.0,0
2018-05-27 19:19:49.036,225.65,0.12050769687,0.0,0
2018-05-27 19:19:49.129,225.83,0.12050769687,0.0,0
2018-05-27 19:19:49.222,225.25,0.12050769687,0.0,0
2018-05-27 19:19:49.315,225.79,0.12050769687,0.0,0
2018-05-27 19:19:49.408,225.88,0.12050769687,0.0,0
2018-05-27 19:19:49.501,226.03,0.12050769687,0.0,0
2018-05-27 19:19:49.595,227.09,0.12050769687,0.0,0
2018-05-27 19:19:49.679,226.34,0.12050769687,0.0,0
2018-05-27 19:19:49.865,226.26,0.12050769687,0.0,0
2018-05-27 19:19:50.120,227.86,0.12050769687,0.0,0
2018-05-27 19:19:50.213,227.47,0.12050769687,0.0,0
2018-05-27 19:19:50.483,226.98,0.12050769687,0.0,0
2018-05-27 19:19:50.576,228.28,0.12050769687,0.0,0
2018-05-27 19:19:50.669,228.34,0.12050769687,0.0,0
2018-05-27 19:19:50.762,228.58,0.12050769687,0.0,0
2018-05-27 19:19:51.101,227.59,0.12050769687,0.0,0
2018-05-27 19:19:51.194,229.27,0.12050769687,0.0,0
2018-05-27 19:19:51.278,227.29,0.12050769687,0.0,0
2018-05-27 19:19:51.459,229.36,0.12050769687,0.0,0
2018-05-27 19:19:51.632,228.12,0.12050769687,0.0,0
2018-05-27 19:19:51.725,228.6,0.12050769687,0.0,0
2018-05-27 19:19:51.809,228.33,0.12050769687,0.0,0
2018-05-27 19:19:51.893,229.63,0.12050769687,0.0,0
2018-05-27 19:19:52.054,230.51,0.138058545864,0.0,0
2018-05-27 19:19:52.148,230.55,0.138058545864,0.0,0
2018-05-27 19:19:52.241,230.13,0.138058545864,0.0,0
2018-05-27 19:19:52.334,230.05,0.138058545864,0.0,0
2018-05-27 19:19:52.427,229.91,0.138058545864,0.0,0
2018-05-27 19:19:52.520,228.98,0.138058545864,0.0,0
2018-05-27 19:19:52.613,228.25,0.138058545864,0.0,0
2018-05-27 19:19:52.700,227.38,0.138058545864,0.0,0
2018-05-27 19:19:52.790,228.15,0.138058545864,0.0,0
2018-05-27 19:19:52.883,226.68,0.138058545864,0.0,0
2018-05-27 19:19:53.045,226.22,0.138058545864,0.0,0
2018-05-27 19:19:53.138,223.73,0.138058545864,0.0,0
2018-05-27 19:19:53.231,221.76,0.138058545864,0.0,0
2018-05-27 19:19:53.325,221.6,0.138058545864,0.0,0
2018-05-27 19:19:53.418,221.89,0.138058545864,0.0,0
2018-05-27 19:19:53.511,222.02,0.138058545864,0.0,0
2018-05-27 19:19:54.036,218.04,0.138058545864,0.0,0
2018-05-27 19:19:54.129,218.87,0.138058545864,0.0,0
2018-05-27 19:19:54.222,216.51,0.138058545864,0.0,0
2018-05-27 19:19:54.315,217.7,0.138058545864,0.0,0
2018-05-27 19:19:54.408,218.0,0.138058545864,0.0,0
2018-05-27 19:19:54.595,216.59,0.138058545864,0.0,0
2018-05-27 19:19:54.865,217.36,0.138058545864,0.0,0
2018-05-27 19:19:55.027,216.36,0.138058545864,0.0,0
2018-05-27 19:19:55.120,216.2,0.138058545864,0.0,0
2018-05-27 19:19:55.213,217.9,0.138058545864,0.0,0
2018-05-27 19:19:55.306,216.77,0.138058545864,0.0,0
2018-05-27 19:19:55.483,216.01,0.138058545864,0.0,0
2018-05-27 19:19:55.576,216.39,0.138058545864,0.0,0
2018-05-27 19:19:55.846,217.64,0.138058545864,0.0,0
2018-05-27 19:19:56.101,216.67,0.138058545864,0.0,0
2018-05-27 19:19:56.474,217.65,0.138058545864,0.0,0
2018-05-27 19:19:56.567,216.27,0.138058545864,0.0,0
2018-05-27 19:19:56.660,216.35,0.138058545864,0.0,0
2018-05-27 19:19:56.744,215.96,0.138058545864,0.0,0
2018-05-27 19:19:56.837,217.0,0.138058545864,0.0,0
2018-05-27 19:19:56.921,216.87,0.138058545864,0.0,0
2018-05-27 19:19:57.073,217.03,0.138058545864,0.0,0
2018-05-27 19:19:57.259,218.83,0.138058545864,0.0,0
2018-05-27 19:19:57.352,218.93,0.138058545864,0.0,0
2018-05-27 19:19:57.446,217.62,0.138058545864,0.0,0
2018-05-27 19:19:57.539,218.72,0.138058545864,0.0,0
2018-05-27 19:19:57.716,219.32,0.138058545864,0.0,0
2018-05-27 19:19:57.809,220.22,0.138058545864,0.0,0
2018-05-27 19:19:57.902,219.02,0.138058545864,0.0,0
2018-05-27 19:19:58.064,219.79,0.138058545864,0.0,0
2018-05-27 19:19:58.157,219.96,0.138058545864,0.0,0
2018-05-27 19:19:58.250,221.28,0.138058545864,0.0,0
2018-05-27 19:19:58.427,221.74,0.138058545864,0.0,0
2018-05-27 19:19:58.520,221.22,0.138058545864,0.0,0
2018-05-27 19:19:58.613,219.77,0.138058545864,0.0,0
2018-05-27 19:19:58.706,220.15,0.138058545864,0.0,0
2018-05-27 19:19:58.790,220.69,0.138058545864,0.0,0
2018-05-27 19:19:58.883,221.54,0.138058545864,0.0,0
2018-05-27 19:19:59.045,221.69,0.138058545864,0.0,0
2018-05-27 19:19:59.129,220.52,0.138058545864,0.0,0
2018-05-27 19:19:59.324,220.07,0.138058545864,0.0,0
2018-05-27 19:19:59.418,220.34,0.138058545864,0.0,0
2018-05-27 19:19:59.511,221.71,0.138058545864,0.0,0
2018-05-27 19:19:59.604,221.68,0.138058545864,0.0,0
2018-05-27 19:19:59.697,219.1,0.138058545864,0.0,0
2018-05-27 19:19:59.874,219.07,0.138058545864,0.0,0
2018-05-27 19:20:00.036,219.31,0.138058545864,0.0,0
2018-05-27 19:20:00.120,218.43,0.138058545864,0.0,0
2018-05-27 19:20:00.213,218.8,0.138058545864,0.0,0
2018-05-27 19:20:00.306,219.4,0.138058545864,0.0,0
2018-05-27 19:20:00.400,219.1,0.138058545864,0.0,0
2018-05-27 19:20:00.492,217.39,0.138058545864,0.0,0
2018-05-27 19:20:00.678,219.52,0.138058545864,0.0,0
2018-05-27 19:20:00.772,218.53,0.138058545864,0.0,0
2018-05-27 19:20:00.865,217.79,0.138058545864,0.0,0
2018-05-27 19:20:01.027,218.14,0.138058545864,0.0,0
2018-05-27 19:20:01.110,218.4,0.138058545864,0.0,0
2018-05-27 19:20:01.203,218.22,0.138058545864,0.0,0
2018-05-27 19:20:01.297,219.0,0.138058545864,0.0,0
2018-05-27 19:20:01.390,218.05,0.138058545864,0.0,0
2018-05-27 19:20:01.576,219.71,0.138058545864,0.0,0
2018-05-27 19:20:01.669,219.22,0.138058545864,0.0,0
2018-05-27 19:20:01.762,217.93,0.138058545864,0.0,0
2018-05-27 19:20:01.846,218.78,0.138058545864,0.0,0
2018-05-27 19:20:01.930,219.26,0.138058545864,0.0,0
2018-05-27 19:20:02.092,218.22,0.138058545864,0.0,0
2018-05-27 19:20:02.175,219.49,0.138058545864,0.0,0
2018-05-27 19:20:02.352,219.72,0.138058545864,0.0,0
2018-05-27 19:20:02.446,217.72,0.138058545864,0.0,0
2018-05-27 19:20:02.539,218.48,0.138058545864,0.0,0
2018-05-27 19:20:02.632,219.43,0.138058545864,0.0,0
2018-05-27 19:20:02.716,217.44,0.138058545864,0.0,0
2018-05-27 19:20:02.809,219.79,0.138058545864,0.0,0
2018-05-27 19:20:02.902,218.67,0.138058545864,0.0,0
2018-05-27 19:20:03.064,218.01,0.138058545864,0.0,0
2018-05-27 19:20:03.157,218.7,0.138058545864,0.0,0
2018-05-27 19:20:03.343,218.78,0.138058545864,0.0,0
2018-05-27 19:20:03.530,219.42,0.138058545864,0.0,0
2018-05-27 19:20:03.716,219.46,0.138058545864,0.0,0
2018-05-27 19:20:03.799,221.87,0.138058545864,0.0,0
2018-05-27 19:20:04.054,220.46,0.138058545864,0.0,0
2018-05-27 19:20:04.148,221.15,0.138058545864,0.0,0
2018-05-27 19:20:04.241,222.43,0.138058545864,0.0,0
2018-05-27 19:20:04.334,221.65,0.138058545864,0.0,0
2018-05-27 19:20:04.427,221.62,0.138058545864,0.0,0
2018-05-27 19:20:04.520,222.29,0.138058545864,0.0,0
2018-05-27 19:20:04.604,222.27,0.138058545864,0.0,0
2018-05-27 19:20:04.688,223.31,0.138058545864,0.0,0
2018-05-27 19:20:04.781,222.48,0.138058545864,0.0,0
2018-05-27 19:20:04.874,222.77,0.138058545864,0.0,0
2018-05-27 19:20:05.036,222.42,0.138058545864,0.0,0
2018-05-27 19:20:05.129,222.65,0.138058545864,0.0,0
2018-05-27 19:20:05.222,223.83,0.138058545864,0.0,0
2018-05-27 19:20:05.315,224.44,0.138058545864,0.0,0
2018-05-27 19:20:05.409,225.07,0.138058545864,0.0,0
2018-05-27 19:20:05.502,223.4,0.138058545864,0.0,0
2018-05-27 19:20:05.679,224.59,0.138058545864,0.0,0
2018-05-27 19:20:05.772,224.9,0.138058545864,0.0,0
2018-05-27 19:20:05.865,223.51,0.138058545864,0.0,0
2018-05-27 19:20:06.027,224.98,0.138058545864,0.0,0
2018-05-27 19:20:06.120,224.66,0.138058545864,0.0,0
2018-05-27 19:20:06.213,224.97,0.138058545864,0.0,0
2018-05-27 19:20:06.306,226.04,0.138058545864,0.0,0
2018-05-27 19:20:06.399,225.84,0.138058545864,0.0,0
2018-05-27 19:20:06.585,224.95,0.138058545864,0.0,0
2018-05-27 19:20:06.771,225.05,0.138058545864,0.0,0
2018-05-27 19:20:06.865,225.93,0.138058545864,0.0,0
2018-05-27 19:20:07.027,226.96,0.138058545864,0.0,0
2018-05-27 19:20:07.120,226.61,0.138058545864,0.0,0
2018-05-27 19:20:07.213,226.26,0.138058545864,0.0,0
2018-05-27 19:20:07.306,226.16,0.138058545864,0.0,0
2018-05-27 19:20:07.399,226.15,0.138058545864,0.0,0
2018-05-27 19:20:07.492,225.51,0.138058545864,0.0,0
2018-05-27 19:20:07.585,226.42,0.138058545864,0.0,0
2018-05-27 19:20:07.669,227.81,0.138058545864,0.0,0
2018-05-27 19:20:07.846,228.12,0.138058545864,0.0,0
2018-05-27 19:20:08.008,228.26,0.138058545864,0.0,0
2018-05-27 19:20:08.101,228.41,0.138058545864,0.0,0
2018-05-27 19:20:08.194,227.73,0.138058545864,0.0,0
2018-05-27 19:20:08.380,227.1,0.138058545864,0.0,0
2018-05-27 19:20:08.474,227.18,0.138058545864,0.0,0
2018-05-27 19:20:08.557,228.91,0.138058545864,0.0,0
2018-05-27 19:20:08.650,228.97,0.138058545864,0.0,0
2018-05-27 19:20:08.739,228.26,0.138058545864,0.0,0
2018-05-27 19:20:08.912,228.89,0.138058545864,0.0,0
2018-05-27 19:20:09.157,228.62,0.138058545864,0.0,0
2018-05-27 19:20:09.250,228.91,0.138058545864,0.0,0
2018-05-27 19:20:09.343,230.28,0.138058545864,0.0,0
2018-05-27 19:20:09.436,230.41,0.138058545864,0.0,0
2018-05-27 19:20:09.623,230.43,0.138058545864,0.0,0
2018-05-27 19:20:09.708,229.52,0.138058545864,0.0,0
2018-05-27 19:20:09.893,229.69,0.138058545864,0.0,0
2018-05-27 19:20:10.054,229.34,0.138058545864,0.0,0
2018-05-27 19:20:10.241,230.61,0.138058545864,0.0,0
2018-05-27 19:20:10.511,231.17,0.138058545864,0.0,0
2018-05-27 19:20:10.604,231.74,0.138058545864,0.0,0
2018-05-27 19:20:10.688,230.54,0.138058545864,0.0,0
2018-05-27 19:20:10.781,230.55,0.138058545864,0.0,0
2018-05-27 19:20:11.129,231.51,0.138058545864,0.0,0
2018-05-27 19:20:11.399,231.6,0.138058545864,0.0,0
2018-05-27 19:20:11.492,231.83,0.138058545864,0.0,0
2018-05-27 19:20:11.585,230.98,0.138058545864,0.0,0
2018-05-27 19:20:11.678,231.19,0.138058545864,0.0,0
2018-05-27 19:20:11.771,231.66,0.138058545864,0.0,0
2018-05-27 19:20:11.855,231.9,0.138058545864,0.0,0
2018-05-27 19:20:12.017,231.83,0.138058545864,0.0,0
2018-05-27 19:20:12.296,232.67,0.138058545864,0.0,0
2018-05-27 19:20:12.390,232.0,0.138058545864,0.0,0
2018-05-27 19:20:12.483,232.06,0.138058545864,0.0,0
2018-05-27 19:20:12.576,231.44,0.138058545864,0.0,0
2018-05-27 19:20:12.669,230.26,0.138058545864,0.0,0
2018-05-27 19:20:12.846,228.62,0.138058545864,0.0,0
2018-05-27 19:20:13.008,226.03,0.138058545864,0.0,0
2018-05-27 19:20:13.101,223.9,0.138058545864,0.0,0
2018-05-27 19:20:13.194,223.75,0.138058545864,0.0,0
2018-05-27 19:20:13.380,221.74,0.138058545864,0.0,0
2018-05-27 19:20:13.567,217.9,0.138058545864,0.0,0
2018-05-27 19:20:13.660,217.92,0.138058545864,0.0,0
2018-05-27 19:20:13.753,218.13,0.138058545864,0.0,0
2018-05-27 19:20:13.837,216.93,0.138058545864,0.0,0
2018-05-27 19:20:14.073,214.78,0.138058545864,0.0,0
2018-05-27 19:20:14.166,214.89,0.138058545864,0.0,0
2018-05-27 19:20:14.352,213.95,0.138058545864,0.0,0
2018-05-27 19:20:14.445,214.57,0.138058545864,0.0,0
2018-05-27 19:20:14.539,212.74,0.138058545864,0.0,0
2018-05-27 19:20:14.632,212.97,0.138058545864,0.0,0
2018-05-27 19:20:14.716,212.56,0.138058545864,0.0,0
2018-05-27 19:20:14.809,214.17,0.138058545864,0.0,0
2018-05-27 19:20:15.064,212.86,0.138058545864,0.0,0
2018-05-27 19:20:15.157,213.19,0.138058545864,0.0,0
2018-05-27 19:20:15.250,213.2,0.138058545864,0.0,0
2018-05-27 19:20:15.343,213.69,0.138058545864,0.0,0
2018-05-27 19:20:15.436,211.94,0.138058545864,0.0,0
2018-05-27 19:20:15.530,212.48,0.138058545864,0.0,0
2018-05-27 19:20:15.716,212.16,0.138058545864,0.0,0
2018-05-27 19:20:15.799,211.51,0.138058545864,0.0,0
2018-05-27 19:20:15.892,213.17,0.138058545864,0.0,0
2018-05-27 19:20:16.054,211.72,0.138058545864,0.0,0
2018-05-27 19:20:16.241,212.78,0.138058545864,0.0,0
2018-05-27 19:20:16.427,213.61,0.138058545864,0.0,0
2018-05-27 19:20:16.613,212.91,0.138058545864,0.0,0
2018-05-27 19:20:16.703,212.89,0.138058545864,0.0,0
2018-05-27 19:20:16.790,214.15,0.138058545864,0.0,0
2018-05-27 19:20:16.883,211.8,0.138058545864,0.0,0
2018-05-27 19:20:17.045,213.4,0.138058545864,0.0,0
2018-05-27 19:20:17.138,214.38,0.138058545864,0.0,0
2018-05-27 19:20:17.325,215.37,0.138058545864,0.0,0
2018-05-27 19:20:17.418,213.75,0.138058545864,0.0,0
2018-05-27 19:20:17.594,214.3,0.138058545864,0.0,0
2018-05-27 19:20:17.688,216.11,0.138058545864,0.0,0
2018-05-27 19:20:17.781,215.45,0.138058545864,0.0,0
2018-05-27 19:20:17.874,215.45,0.138058545864,0.0,0
2018-05-27 19:20:18.036,216.82,0.138058545864,0.0,0
2018-05-27 19:20:18.222,216.86,0.138058545864,0.0,0
2018-05-27 19:20:18.315,217.78,0.138058545864,0.0,0
2018-05-27 19:20:18.399,217.13,0.138058545864,0.0,0
2018-05-27 19:20:18.492,218.69,0.138058545864,0.0,0
2018-05-27 19:20:18.585,218.27,0.138058545864,0.0,0
2018-05-27 19:20:18.678,217.79,0.138058545864,0.0,0
2018-05-27 19:20:18.771,218.31,0.138058545864,0.0,0
2018-05-27 19:20:18.865,219.16,0.138058545864,0.0,0
2018-05-27 19:20:19.026,218.03,0.138058545864,0.0,0
2018-05-27 19:20:19.213,219.65,0.138058545864,0.0,0
2018-05-27 19:20:19.306,219.74,0.138058545864,0.0,0
2018-05-27 19:20:19.390,218.95,0.138058545864,0.0,0
2018-05-27 19:20:19.483,217.82,0.138058545864,0.0,0
2018-05-27 19:20:19.576,217.35,0.138058545864,0.0,0
2018-05-27 19:20:19.669,217.76,0.138058545864,0.0,0
2018-05-27 19:20:19.762,217.27,0.138058545864,0.0,0
2018-05-27 19:20:20.008,214.39,0.138058545864,0.0,0
2018-05-27 19:20:20.278,214.86,0.138058545864,0.0,0
2018-05-27 19:20:20.539,213.54,0.138058545864,0.0,0
2018-05-27 19:20:20.632,211.48,0.138058545864,0.0,0
2018-05-27 19:20:20.809,211.9,0.138058545864,0.0,0
2018-05-27 19:20:20.892,211.86,0.138058545864,0.0,0
2018-05-27 19:20:21.147,211.64,0.138058545864,0.0,0
2018-05-27 19:20:21.334,211.16,0.138058545864,0.0,0
2018-05-27 19:20:21.511,210.75,0.138058545864,0.0,0
2018-05-27 19:20:21.604,211.24,0.138058545864,0.0,0
2018-05-27 19:20:21.688,211.05,0.138058545864,0.0,0
2018-05-27 19:20:21.781,208.91,0.138058545864,0.0,0
2018-05-27 19:20:21.874,209.98,0.138058545864,0.0,0
2018-05-27 19:20:22.036,207.93,0.138058545864,0.0,0
2018-05-27 19:20:22.222,206.37,0.138058545864,0.0,0
2018-05-27 19:20:22.408,206.76,0.138058545864,0.0,0
2018-05-27 19:20:22.594,207.25,0.138058545864,0.0,0
2018-05-27 19:20:22.678,207.07,0.138058545864,0.0,0
2018-05-27 19:20:22.771,208.92,0.138058545864,0.0,0
2018-05-27 19:20:22.865,207.63,0.138058545864,0.0,0
2018-05-27 19:20:23.119,208.0,0.138058545864,0.0,0
2018-05-27 19:20:23.213,209.53,0.138058545864,0.0,0
2018-05-27 19:20:23.306,208.43,0.138058545864,0.0,0
2018-05-27 19:20:23.399,209.65,0.138058545864,0.0,0
2018-05-27 19:20:23.492,208.21,0.138058545864,0.0,0
2018-05-27 19:20:23.586,210.57,0.138058545864,0.0,0
2018-05-27 19:20:23.679,208.8,0.138058545864,0.0,0
2018-05-27 19:20:23.771,211.04,0.138058545864,0.0,0
2018-05-27 19:20:23.864,209.78,0.138058545864,0.0,0
2018-05-27 19:20:24.026,210.62,0.138058545864,0.0,0
2018-05-27 19:20:24.119,210.45,0.138058545864,0.0,0
2018-05-27 19:20:24.213,211.51,0.138058545864,0.0,0
2018-05-27 19:20:24.306,211.95,0.138058545864,0.0,0
2018-05-27 19:20:24.399,212.19,0.138058545864,0.0,0
2018-05-27 19:20:24.492,213.35,0.138058545864,0.0,0
2018-05-27 19:20:24.585,212.56,0.138058545864,0.0,0
2018-05-27 19:20:24.678,212.78,0.138058545864,0.0,0
2018-05-27 19:20:24.762,212.61,0.138058545864,0.0,0
2018-05-27 19:20:24.855,215.06,0.138058545864,0.0,0
2018-05-27 19:20:25.017,212.72,0.138058545864,0.0,0
2018-05-27 19:20:25.110,214.23,0.138058545864,0.0,0
2018-05-27 19:20:25.203,215.02,0.138058545864,0.0,0
2018-05-27 19:20:25.296,214.43,0.138058545864,0.0,0
2018-05-27 19:20:25.383,215.14,0.138058545864,0.0,0
2018-05-27 19:20:25.473,214.79,0.138058545864,0.0,0
2018-05-27 19:20:25.566,217.09,0.138058545864,0.0,0
2018-05-27 19:20:25.660,216.19,0.138058545864,0.0,0
2018-05-27 19:20:25.753,216.23,0.138058545864,0.0,0
2018-05-27 19:20:25.837,216.03,0.138058545864,0.0,0
2018-05-27 19:20:26.166,217.89,0.138058545864,0.0,0
2018-05-27 19:20:26.259,217.81,0.138058545864,0.0,0
2018-05-27 19:20:26.445,219.22,0.138058545864,0.0,0
2018-05-27 19:20:26.539,217.81,0.138058545864,0.0,0
2018-05-27 19:20:26.632,218.04,0.138058545864,0.0,0
2018-05-27 19:20:26.809,218.52,0.138058545864,0.0,0
2018-05-27 19:20:26.903,220.46,0.138058545864,0.0,0
2018-05-27 19:20:27.054,218.84,0.138058545864,0.0,0
2018-05-27 19:20:27.240,221.16,0.138058545864,0.0,0
2018-05-27 19:20:27.334,220.32,0.138058545864,0.0,0
2018-05-27 19:20:27.520,221.72,0.138058545864,0.0,0
2018-05-27 19:20:27.613,222.14,0.138058545864,0.0,0
2018-05-27 19:20:27.706,220.96,0.138058545864,0.0,0
2018-05-27 19:20:27.790,222.7,0.138058545864,0.0,0
2018-05-27 19:20:28.036,223.24,0.138058545864,0.0,0
2018-05-27 19:20:28.129,222.73,0.138058545864,0.0,0
2018-05-27 19:20:28.222,222.11,0.138058545864,0.0,0
2018-05-27 19:20:28.315,222.31,0.138058545864,0.0,0
2018-05-27 19:20:28.408,222.58,0.138058545864,0.0,0
2018-05-27 19:20:28.501,223.96,0.138058545864,0.0,0
2018-05-27 19:20:28.594,224.31,0.138058545864,0.0,0
2018-05-27 19:20:28.688,224.87,0.138058545864,0.0,0
2018-05-27 19:20:28.771,223.9,0.138058545864,0.0,0
2018-05-27 19:20:28.865,224.61,0.138058545864,0.0,0
2018-05-27 19:20:29.026,224.85,0.138058545864,0.0,0
2018-05-27 19:20:29.213,224.75,0.138058545864,0.0,0
2018-05-27 19:20:29.306,224.65,0.138058545864,0.0,0
2018-05-27 19:20:29.399,224.84,0.138058545864,0.0,0
2018-05-27 19:20:29.492,225.19,0.138058545864,0.0,0
2018-05-27 19:20:29.762,225.58,0.138058545864,0.0,0
2018-05-27 19:20:29.855,226.0,0.138058545864,0.0,0
2018-05-27 19:20:30.017,225.99,0.138058545864,0.0,0
2018-05-27 19:20:30.110,225.62,0.138058545864,0.0,0
2018-05-27 19:20:30.203,225.74,0.138058545864,0.0,0
2018-05-27 19:20:30.389,225.34,0.138058545864,0.0,0
2018-05-27 19:20:30.483,225.19,0.138058545864,0.0,0
2018-05-27 19:20:30.753,225.42,0.138058545864,0.0,0
2018-05-27 19:20:30.846,226.58,0.138058545864,0.0,0
2018-05-27 19:20:31.194,227.99,0.138058545864,0.0,0
2018-05-27 19:20:31.566,227.4,0.138058545864,0.0,0
2018-05-27 19:20:31.660,227.13,0.138058545864,0.0,0
2018-05-27 19:20:31.836,228.88,0.138058545864,0.0,0
2018-05-27 19:20:31.925,228.1,0.138058545864,0.0,0
2018-05-27 19:20:32.166,229.13,0.138058545864,0.0,0
2018-05-27 19:20:32.259,228.62,0.138058545864,0.0,0
2018-05-27 19:20:32.353,228.23,0.138058545864,0.0,0
2018-05-27 19:20:32.539,227.72,0.138058545864,0.0,0
2018-05-27 19:20:32.716,230.36,0.138058545864,0.0,0
2018-05-27 19:20:32.902,229.71,0.138058545864,0.0,0
2018-05-27 19:20:33.064,230.76,0.138058545864,0.0,0
2018-05-27 19:20:33.157,231.21,0.138058545864,0.0,0
2018-05-27 19:20:33.250,230.51,0.138058545864,0.0,0
2018-05-27 19:20:33.343,230.31,0.138058545864,0.0,0
2018-05-27 19:20:33.436,229.8,0.138058545864,0.0,0
2018-05-27 19:20:33.623,229.27,0.138058545864,0.0,0
2018-05-27 19:20:33.799,230.7,0.138058545864,0.0,0
2018-05-27 19:20:34.054,229.48,0.138058545864,0.0,0
2018-05-27 19:20:34.147,227.6,0.138058545864,0.0,0
2018-05-27 19:20:34.240,226.78,0.138058545864,0.0,0
2018-05-27 19:20:34.334,224.74,0.138058545864,0.0,0
2018-05-27 19:20:34.427,224.2,0.138058545864,0.0,0
2018-05-27 19:20:34.520,224.48,0.138058545864,0.0,0
2018-05-27 19:20:34.614,223.65,0.138058545864,0.0,0
2018-05-27 19:20:35.138,221.21,0.138058545864,0.0,0
2018-05-27 19:20:35.231,219.57,0.138058545864,0.0,0
2018-05-27 19:20:35.324,219.65,0.138058545864,0.0,0
2018-05-27 19:20:35.604,218.48,0.138058545864,0.0,0
2018-05-27 19:20:35.687,219.01,0.138058545864,0.0,0
2018-05-27 19:20:35.874,218.49,0.138058545864,0.0,0
2018-05-27 19:20:36.036,219.45,0.138058545864,0.0,0
2018-05-27 19:20:36.129,217.49,0.138058545864,0.0,0
2018-05-27 19:20:36.222,216.93,0.138058545864,0.0,0
2018-05-27 19:20:36.315,219.07,0.138058545864,0.0,0
2018-05-27 19:20:36.408,218.07,0.138058545864,0.0,0
2018-05-27 19:20:36.501,217.68,0.138058545864,0.0,0
2018-05-27 19:20:36.595,217.57,0.138058545864,0.0,0
2018-05-27 19:20:36.678,217.45,0.138058545864,0.0,0
2018-05-27 19:20:36.771,219.15,0.138058545864,0.0,0
2018-05-27 19:20:36.864,218.98,0.138058545864,0.0,0
2018-05-27 19:20:37.026,217.17,0.138058545864,0.0,0
2018-05-27 19:20:37.119,218.02,0.138058545864,0.0,0
2018-05-27 19:20:37.212,219.15,0.138058545864,0.0,0
2018-05-27 19:20:37.492,219.36,0.138058545864,0.0,0
2018-05-27 19:20:37.576,217.25,0.138058545864,0.0,0
2018-05-27 19:20:37.669,219.14,0.138058545864,0.0,0
2018-05-27 19:20:37.753,218.28,0.138058545864,0.0,0
2018-05-27 19:20:37.846,218.95,0.138058545864,0.0,0
2018-05-27 19:20:38.185,218.21,0.138058545864,0.0,0
2018-05-27 19:20:38.273,220.1,0.138058545864,0.0,0
2018-05-27 19:20:38.362,218.58,0.138058545864,0.0,0
2018-05-27 19:20:38.448,220.68,0.138058545864,0.0,0
2018-05-27 19:20:38.632,220.06,0.138058545864,0.0,0
2018-05-27 19:20:38.799,221.18,0.138058545864,0.0,0
2018-05-27 19:20:38.892,221.12,0.138058545864,0.0,0
2018-05-27 19:20:39.054,220.84,0.138058545864,0.0,0
2018-05-27 19:20:39.147,220.59,0.138058545864,0.0,0
2018-05-27 19:20:39.240,222.82,0.138058545864,0.0,0
2018-05-27 19:20:39.334,222.52,0.138058545864,0.0,0
2018-05-27 19:20:39.427,221.71,0.138058545864,0.0,0
2018-05-27 19:20:39.520,221.68,0.138058545864,0.0,0
2018-05-27 19:20:39.613,221.86,0.138058545864,0.0,0
2018-05-27 19:20:39.697,221.94,0.138058545864,0.0,0
2018-05-27 19:20:39.883,222.78,0.138058545864,0.0,0
2018-05-27 19:20:40.138,224.42,0.138058545864,0.0,0
2018-05-27 19:20:40.231,224.01,0.138058545864,0.0,0
2018-05-27 19:20:40.324,221.76,0.138058545864,0.0,0
2018-05-27 19:20:40.417,223.08,0.138058545864,0.0,0
2018-05-27 19:20:40.510,223.54,0.138058545864,0.0,0
2018-05-27 19:20:40.604,224.24,0.138058545864,0.0,0
2018-05-27 19:20:40.781,221.79,0.138058545864,0.0,0
2018-05-27 19:20:41.036,221.51,0.138058545864,0.0,0
2018-05-27 19:20:41.129,220.15,0.138058545864,0.0,0
2018-05-27 19:20:41.222,219.19,0.138058545864,0.0,0
2018-05-27 19:20:41.315,220.49,0.138058545864,0.0,0
2018-05-27 19:20:41.408,219.25,0.138058545864,0.0,0
2018-05-27 19:20:41.501,218.63,0.138058545864,0.0,0
2018-05-27 19:20:41.576,218.38,0.138058545864,0.0,0
2018-05-27 19:20:41.678,218.71,0.138058545864,0.0,0
2018-05-27 19:20:41.771,219.12,0.138058545864,0.0,0
2018-05-27 19:20:41.864,220.01,0.138058545864,0.0,0
2018-05-27 19:20:42.026,219.35,0.138058545864,0.0,0
2018-05-27 19:20:42.119,218.74,0.138058545864,0.0,0
2018-05-27 19:20:42.212,218.95,0.138058545864,0.0,0
2018-05-27 19:20:42.306,220.19,0.138058545864,0.0,0
2018-05-27 19:20:42.399,218.12,0.138058545864,0.0,0
2018-05-27 19:20:42.492,219.09,0.138058545864,0.0,0
2018-05-27 19:20:42.576,218.38,0.138058545864,0.0,0
2018-05-27 19:20:42.669,218.86,0.138058545864,0.0,0
2018-05-27 19:20:42.762,220.24,0.138058545864,0.0,0
2018-05-27 19:20:43.101,219.48,0.138058545864,0.0,0
2018-05-27 19:20:43.185,220.22,0.138058545864,0.0,0
2018-05-27 19:20:43.273,219.11,0.138058545864,0.0,0
2018-05-27 19:20:43.361,220.38,0.138058545864,0.0,0
2018-05-27 19:20:43.445,219.43,0.138058545864,0.0,0
2018-05-27 19:20:43.539,220.47,0.138058545864,0.0,0
2018-05-27 19:20:43.632,220.07,0.138058545864,0.0,0
2018-05-27 19:20:43.725,218.96,0.138058545864,0.0,0
2018-05-27 19:20:43.809,220.27,0.138058545864,0.0,0
2018-05-27 19:20:44.064,218.75,0.138058545864,0.0,0
2018-05-27 19:20:44.240,219.49,0.138058545864,0.0,0
2018-05-27 19:20:44.334,220.77,0.138058545864,0.0,0
2018-05-27 19:20:44.427,220.82,0.138058545864,0.0,0
2018-05-27 19:20:44.613,220.48,0.138058545864,0.0,0
2018-05-27 19:20:44.697,220.08,0.138058545864,0.0,0
2018-05-27 19:20:44.790,220.8,0.138058545864,0.0,0
2018-05-27 19:20:44.883,221.5,0.138058545864,0.0,0
2018-05-27 19:20:45.045,223.06,0.138058545864,0.0,0
2018-05-27 19:20:45.138,222.25,0.138058545864,0.0,0
2018-05-27 19:20:45.324,222.37,0.138058545864,0.0,0
2018-05-27 19:20:45.417,222.46,0.138058545864,0.0,0
2018-05-27 19:20:45.604,224.34,0.138058545864,0.0,0
2018-05-27 19:20:45.687,223.49,0.138058545864,0.0,0
2018-05-27 19:20:45.781,224.86,0.138058545864,0.0,0
2018-05-27 19:20:45.874,224.86,0.138058545864,0.0,0
2018-05-27 19:20:46.129,223.24,0.138058545864,0.0,0
2018-05-27 19:20:46.222,224.62,0.138058545864,0.0,0
2018-05-27 19:20:46.315,224.46,0.138058545864,0.0,0
2018-05-27 19:20:46.408,225.56,0.138058545864,0.0,0
2018-05-27 19:20:46.501,226.31,0.138058545864,0.0,0
2018-05-27 19:20:46.594,226.38,0.138058545864,0.0,0
2018-05-27 19:20:46.687,225.58,0.138058545864,0.0,0
2018-05-27 19:20:46.771,225.85,0.138058545864,0.0,0
2018-05-27 19:20:46.864,226.71,0.138058545864,0.0,0
2018-05-27 19:20:47.026,226.78,0.138058545864,0.0,0
2018-05-27 19:20:47.119,226.63,0.138058545864,0.0,0
2018-05-27 19:20:47.306,225.05,0.138058545864,0.0,0
2018-05-27 19:20:47.399,226.38,0.138058545864,0.0,0
2018-05-27 19:20:47.492,226.71,0.138058545864,0.0,0
2018-05-27 19:20:47.585,226.87,0.138058545864,0.0,0
2018-05-27 19:20:47.678,226.88,0.138058545864,0.0,0
2018-05-27 19:20:47.771,228.14,0.138058545864,0.0,0
2018-05-27 19:20:47.855,226.81,0.138058545864,0.0,0
2018-05-27 19:20:48.017,227.49,0.138058545864,0.0,0
2018-05-27 19:20:48.111,227.98,0.138058545864,0.0,0
2018-05-27 19:20:48.203,227.72,0.138058545864,0.0,0
2018-05-27 19:20:48.296,228.11,0.138058545864,0.0,0
2018-05-27 19:20:48.389,229.14,0.138058545864,0.0,0
2018-05-27 19:20:48.482,229.25,0.138058545864,0.0,0
2018-05-27 19:20:48.566,227.86,0.138058545864,0.0,0
2018-05-27 19:20:48.660,228.51,0.138058545864,0.0,0
2018-05-27 19:20:48.920,229.2,0.138058545864,0.0,0
2018-05-27 19:20:49.073,229.49,0.138058545864,0.0,0
2018-05-27 19:20:49.166,229.15,0.138058545864,0.0,0
2018-05-27 19:20:49.259,228.44,0.138058545864,0.0,0
2018-05-27 19:20:49.352,229.37,0.138058545864,0.0,0
2018-05-27 19:20:49.445,229.6,0.138058545864,0.0,0
2018-05-27 19:20:49.622,231.18,0.138058545864,0.0,0
2018-05-27 19:20:49.715,231.6,0.138058545864,0.0,0
2018-05-27 19:20:49.892,230.9,0.138058545864,0.0,0
2018-05-27 19:20:50.147,231.03,0.138058545864,0.0,0
2018-05-27 19:20:50.334,231.19,0.138058545864,0.0,0
2018-05-27 19:20:50.417,232.48,0.138058545864,0.0,0
2018-05-27 19:20:50.510,232.63,0.138058545864,0.0,0
2018-05-27 19:20:50.604,232.85,0.138058545864,0.0,0
2018-05-27 19:20:50.697,233.14,0.138058545864,0.0,0
2018-05-27 19:20:50.780,231.38,0.138058545864,0.0,0
2018-05-27 19:20:50.874,232.58,0.138058545864,0.0,0
2018-05-27 19:20:51.035,232.85,0.138058545864,0.0,0
2018-05-27 19:20:51.129,233.21,0.138058545864,0.0,0
2018-05-27 19:20:51.222,233.26,0.138058545864,0.0,0
2018-05-27 19:20:51.306,234.01,0.138058545864,0.0,0
2018-05-27 19:20:51.399,234.31,0.138058545864,0.0,0
2018-05-27 19:20:51.492,233.56,0.138058545864,0.0,0
2018-05-27 19:20:51.585,233.89,0.138058545864,0.0,0
2018-05-27 19:20:51.678,234.15,0.138058545864,0.0,0
2018-05-27 19:20:51.864,232.63,0.138058545864,0.0,0
2018-05-27 19:20:52.482,234.14,0.138058545864,0.0,0
2018-05-27 19:20:52.576,234.62,0.138058545864,0.0,0
2018-05-27 19:20:52.669,234.95,0.138058545864,0.0,0
2018-05-27 19:20:52.855,235.03,0.138058545864,0.0,0
2018-05-27 19:20:53.007,235.85,0.138058545864,0.0,0
2018-05-27 19:20:53.194,235.31,0.138058545864,0.0,0
2018-05-27 19:20:53.287,234.18,0.138058545864,0.0,0
2018-05-27 19:20:53.380,232.74,0.138058545864,0.0,0
2018-05-27 19:20:53.473,231.25,0.138058545864,0.0,0
2018-05-27 19:20:53.659,228.78,0.138058545864,0.0,0
2018-05-27 19:20:53.744,226.79,0.138058545864,0.0,0
2018-05-27 19:20:54.166,223.49,0.138058545864,0.0,0
2018-05-27 19:20:54.259,223.4,0.138058545864,0.0,0
2018-05-27 19:20:54.352,222.6,0.138058545864,0.0,0
2018-05-27 19:20:54.445,219.05,0.138058545864,0.0,0
2018-05-27 19:20:54.538,218.56,0.138058545864,0.0,0
2018-05-27 19:20:54.715,217.34,0.138058545864,0.0,0
2018-05-27 19:20:54.808,217.1,0.138058545864,0.0,0
2018-05-27 19:20:54.902,214.86,0.138058545864,0.0,0
2018-05-27 19:20:55.063,214.15,0.138058545864,0.0,0
2018-05-27 19:20:55.156,214.71,0.138058545864,0.0,0
2018-05-27 19:20:55.250,211.83,0.138058545864,0.0,0
2018-05-27 19:20:55.436,210.34,0.138058545864,0.0,0
2018-05-27 19:20:55.529,210.04,0.138058545864,0.0,0
2018-05-27 19:20:55.622,209.57,0.138058545864,0.0,0
2018-05-27 19:20:55.799,207.49,0.138058545864,0.0,0
2018-05-27 19:20:55.892,209.06,0.138058545864,0.0,0
2018-05-27 19:20:56.054,206.8,0.138058545864,0.0,0
2018-05-27 19:20:56.147,207.05,0.138058545864,0.0,0
2018-05-27 19:20:56.240,206.4,0.138058545864,0.0,0
2018-05-27 19:20:56.334,205.21,0.138058545864,0.0,0
2018-05-27 19:20:56.427,206.19,0.138058545864,0.0,0
2018-05-27 19:20:56.520,204.42,0.138058545864,0.0,0
2018-05-27 19:20:56.613,206.12,0.138058545864,0.0,0
2018-05-27 19:20:56.697,205.55,0.138058545864,0.0,0
2018-05-27 19:20:56.790,205.2,0.138058545864,0.0,0
2018-05-27 19:20:56.883,205.22,0.138058545864,0.0,0
2018-05-27 19:20:57.045,204.78,0.138058545864,0.0,0
2018-05-27 19:20:57.138,204.56,0.138058545864,0.0,0
2018-05-27 19:20:57.324,204.75,0.138058545864,0.0,0
2018-05-27 19:20:57.417,206.36,0.138058545864,0.0,0
2018-05-27 19:20:57.510,205.67,0.138058545864,0.0,0
2018-05-27 19:20:57.603,206.76,0.138058545864,0.0,0
2018-05-27 19:20:57.697,205.26,0.138058545864,0.0,0
2018-05-27 19:20:58.035,206.61,0.138058545864,0.0,0
2018-05-27 19:20:58.129,207.06,0.138058545864,0.0,0
2018-05-27 19:20:58.315,206.86,0.138058545864,0.0,0
2018-05-27 19:20:58.408,207.72,0.138058545864,0.0,0
2018-05-27 19:20:58.501,207.28,0.138058545864,0.0,0
2018-05-27 19:20:58.679,208.97,0.138058545864,0.0,0
2018-05-27 19:20:58.771,209.46,0.138058545864,0.0,0
2018-05-27 19:20:58.864,209.93,0.138058545864,0.0,0
2018-05-27 19:20:59.026,211.21,0.138058545864,0.0,0
2018-05-27 19:20:59.212,211.64,0.138058545864,0.0,0
2018-05-27 19:20:59.305,211.02,0.138058545864,0.0,0
2018-05-27 19:20:59.399,212.68,0.138058545864,0.0,0
2018-05-27 19:20:59.492,211.39,0.138058545864,0.0,0
2018-05-27 19:20:59.585,212.28,0.138058545864,0.0,0
2018-05-27 19:20:59.678,214.08,0.138058545864,0.0,0
2018-05-27 19:20:59.772,213.56,0.138058545864,0.0,0
2018-05-27 19:20:59.864,215.2,0.138058545864,0.0,0
2018-05-27 19:21:00.026,213.83,0.138058545864,0.0,0
2018-05-27 19:21:00.115,214.69,0.138058545864,0.0,0
2018-05-27 19:21:00.204,214.31,0.138058545864,0.0,0
2018-05-27 19:21:00.296,215.98,0.138058545864,0.0,0
2018-05-27 19:21:00.389,215.56,0.138058545864,0.0,0
2018-05-27 19:21:00.473,216.54,0.138058545864,0.0,0
2018-05-27 19:21:00.566,214.24,0.138058545864,0.0,0
2018-05-27 19:21:00.753,213.86,0.138058545864,0.0,0
2018-05-27 19:21:00.846,212.61,0.138058545864,0.0,0
2018-05-27 19:21:01.007,213.35,0.138058545864,0.0,0
2018-05-27 19:21:01.101,211.15,0.138058545864,0.0,0
2018-05-27 19:21:01.194,210.69,0.138058545864,0.0,0
2018-05-27 19:21:01.287,210.62,0.138058545864,0.0,0
2018-05-27 19:21:01.371,210.32,0.138058545864,0.0,0
2018-05-27 19:21:01.548,208.37,0.138058545864,0.0,0
2018-05-27 19:21:01.632,208.13,0.138058545864,0.0,0
2018-05-27 19:21:01.808,208.65,0.138058545864,0.0,0
2018-05-27 19:21:01.902,207.36,0.138058545864,0.0,0
2018-05-27 19:21:02.063,208.75,0.138058545864,0.0,0
2018-05-27 19:21:02.250,208.84,0.138058545864,0.0,0
2018-05-27 19:21:02.436,208.22,0.138058545864,0.0,0
2018-05-27 19:21:02.706,207.55,0.138058545864,0.0,0
2018-05-27 19:21:02.799,205.91,0.138058545864,0.0,0
2018-05-27 19:21:02.892,207.52,0.138058545864,0.0,0
2018-05-27 19:21:03.054,206.71,0.138058545864,0.0,0
2018-05-27 19:21:03.147,207.37,0.138058545864,0.0,0
2018-05-27 19:21:03.240,207.18,0.138058545864,0.0,0
2018-05-27 19:21:03.427,207.28,0.138058545864,0.0,0
2018-05-27 19:21:03.520,206.83,0.138058545864,0.0,0
2018-05-27 19:21:03.697,207.83,0.138058545864,0.0,0
2018-05-27 19:21:03.790,208.2,0.138058545864,0.0,0
2018-05-27 19:21:04.045,208.3,0.138058545864,0.0,0
2018-05-27 19:21:04.231,209.38,0.138058545864,0.0,0
2018-05-27 19:21:04.324,209.31,0.138058545864,0.0,0
2018-05-27 19:21:04.417,210.49,0.138058545864,0.0,0
2018-05-27 19:21:04.603,210.54,0.138058545864,0.0,0
2018-05-27 19:21:04.687,211.32,0.138058545864,0.0,0
2018-05-27 19:21:04.780,210.25,0.138058545864,0.0,0
2018-05-27 19:21:04.874,211.99,0.138058545864,0.0,0
2018-05-27 19:21:05.035,211.02,0.138058545864,0.0,0
2018-05-27 19:21:05.129,211.49,0.138058545864,0.0,0
2018-05-27 19:21:05.222,211.76,0.138058545864,0.0,0
2018-05-27 19:21:05.315,211.48,0.138058545864,0.0,0
2018-05-27 19:21:05.408,213.37,0.138058545864,0.0,0
2018-05-27 19:21:05.594,214.22,0.138058545864,0.0,0
2018-05-27 19:21:05.771,213.7,0.138058545864,0.0,0
2018-05-27 19:21:05.864,213.39,0.138058545864,0.0,0
2018-05-27 19:21:06.026,215.51,0.138058545864,0.0,0
2018-05-27 19:21:06.119,215.14,0.138058545864,0.0,0
2018-05-27 19:21:06.212,214.96,0.138058545864,0.0,0
2018-05-27 19:21:06.296,214.43,0.138058545864,0.0,0
2018-05-27 19:21:06.492,215.41,0.138058545864,0.0,0
2018-05-27 19:21:06.585,217.71,0.138058545864,0.0,0
2018-05-27 19:21:06.678,216.82,0.138058545864,0.0,0
2018-05-27 19:21:06.762,218.19,0.138058545864,0.0,0
2018-05-27 19:21:06.855,216.81,0.138058545864,0.0,0
2018-05-27 19:21:07.017,216.5,0.138058545864,0.0,0
2018-05-27 19:21:07.110,218.41,0.138058545864,0.0,0
2018-05-27 19:21:07.296,217.65,0.138058545864,0.0,0
2018-05-27 19:21:07.576,218.03,0.138058545864,0.0,0
2018-05-27 19:21:07.752,218.01,0.138058545864,0.0,0
2018-05-27 19:21:07.846,219.24,0.138058545864,0.0,0
2018-05-27 19:21:08.007,220.72,0.138058545864,0.0,0
2018-05-27 19:21:08.194,219.35,0.138058545864,0.0,0
2018-05-27 19:21:08.287,220.48,0.138058545864,0.0,0
2018-05-27 19:21:08.380,221.71,0.138058545864,0.0,0
2018-05-27 19:21:08.473,222.19,0.138058545864,0.0,0
2018-05-27 19:21:08.566,220.91,0.138058545864,0.0,0
2018-05-27 19:21:08.660,221.59,0.138058545864,0.0,0
2018-05-27 19:21:08.743,221.55,0.138058545864,0.0,0
2018-05-27 19:21:08.831,223.07,0.138058545864,0.0,0
2018-05-27 19:21:08.920,223.56,0.138058545864,0.0,0
2018-05-27 19:21:09.073,223.12,0.138058545864,0.0,0
2018-05-27 19:21:09.166,224.1,0.138058545864,0.0,0
2018-05-27 19:21:09.259,223.6,0.138058545864,0.0,0
2018-05-27 19:21:09.352,223.53,0.138058545864,0.0,0
2018-05-27 19:21:09.436,224.56,0.138058545864,0.0,0
2018-05-27 19:21:09.529,224.98,0.138058545864,0.0,0
2018-05-27 19:21:09.715,224.54,0.138058545864,0.0,0
2018-05-27 19:21:09.799,225.09,0.138058545864,0.0,0
2018-05-27 19:21:09.892,224.91,0.138058545864,0.0,0
2018-05-27 19:21:10.147,224.98,0.138058545864,0.0,0
2018-05-27 19:21:10.240,224.21,0.138058545864,0.0,0
2018-05-27 19:21:10.417,225.62,0.138058545864,0.0,0
2018-05-27 19:21:10.510,225.54,0.138058545864,0.0,0
2018-05-27 19:21:10.603,225.16,0.138058545864,0.0,0
2018-05-27 19:21:10.697,225.76,0.138058545864,0.0,0
2018-05-27 19:21:10.780,226.25,0.138058545864,0.0,0
2018-05-27 19:21:10.874,226.17,0.138058545864,0.0,0
2018-05-27 19:21:11.035,226.09,0.138058545864,0.0,0
2018-05-27 19:21:11.129,226.85,0.138058545864,0.0,0
2018-05-27 19:21:11.305,227.26,0.138058545864,0.0,0
2018-05-27 19:21:11.399,226.71,0.138058545864,0.0,0
2018-05-27 19:21:11.585,228.46,0.138058545864,0.0,0
2018-05-27 19:21:11.678,227.82,0.138058545864,0.0,0
2018-05-27 19:21:11.771,228.21,0.138058545864,0.0,0
2018-05-27 19:21:11.864,229.31,0.138058545864,0.0,0
2018-05-27 19:21:12.026,229.32,0.138058545864,0.0,0
2018-05-27 19:21:12.119,229.79,0.138058545864,0.0,0
2018-05-27 19:21:12.213,229.7,0.138058545864,0.0,0
2018-05-27 19:21:12.296,229.28,0.138058545864,0.0,0
2018-05-27 19:21:12.389,228.84,0.138058545864,0.0,0
2018-05-27 19:21:12.575,229.27,0.138058545864,0.0,0
2018-05-27 19:21:12.762,230.48,0.138058545864,0.0,0
2018-05-27 19:21:13.008,229.14,0.138058545864,0.0,0
2018-05-27 19:21:13.268,230.01,0.138058545864,0.0,0
2018-05-27 19:21:13.529,230.07,0.138058545864,0.0,0
2018-05-27 19:21:13.622,230.22,0.138058545864,0.0,0
2018-05-27 19:21:13.799,231.93,0.138058545864,0.0,0
2018-05-27 19:21:14.054,232.38,0.138058545864,0.0,0
2018-05-27 19:21:14.231,231.07,0.138058545864,0.0,0
2018-05-27 19:21:14.324,231.11,0.138058545864,0.0,0
2018-05-27 19:21:14.417,231.54,0.138058545864,0.0,0
2018-05-27 19:21:14.510,231.16,0.138058545864,0.0,0
2018-05-27 19:21:14.697,231.95,0.138058545864,0.0,0
2018-05-27 19:21:14.780,232.36,0.138058545864,0.0,0
2018-05-27 19:21:14.873,231.86,0.138058545864,0.0,0
2018-05-27 19:21:15.035,230.69,0.138058545864,0.0,0
2018-05-27 19:21:15.212,229.06,0.138058545864,0.0,0
2018-05-27 19:21:15.305,228.2,0.138058545864,0.0,0
2018-05-27 19:21:15.399,227.91,0.138058545864,0.0,0
2018-05-27 19:21:15.492,228.13,0.138058545864,0.0,0
2018-05-27 19:21:15.585,227.36,0.138058545864,0.0,0
2018-05-27 19:21:15.678,226.33,0.138058545864,0.0,0
2018-05-27 19:21:15.846,223.59,0.138058545864,0.0,0
2018-05-27 19:21:16.007,223.0,0.138058545864,0.0,0
2018-05-27 19:21:16.194,223.12,0.138058545864,0.0,0
2018-05-27 19:21:16.287,223.24,0.138058545864,0.0,0
2018-05-27 19:21:16.380,219.54,0.138058545864,0.0,0
2018-05-27 19:21:16.473,220.53,0.138058545864,0.0,0
2018-05-27 19:21:16.557,220.19,0.138058545864,0.0,0
2018-05-27 19:21:16.650,220.78,0.138058545864,0.0,0
2018-05-27 19:21:16.734,220.73,0.138058545864,0.0,0
2018-05-27 19:21:16.818,221.78,0.138058545864,0.0,0
2018-05-27 19:21:17.073,219.27,0.138058545864,0.0,0
2018-05-27 19:21:17.352,220.38,0.138058545864,0.0,0
2018-05-27 19:21:17.529,220.98,0.138058545864,0.0,0
2018-05-27 19:21:17.715,220.15,0.138058545864,0.0,0
2018-05-27 19:21:17.799,219.45,0.138058545864,0.0,0
2018-05-27 19:21:17.892,219.88,0.138058545864,0.0,0
2018-05-27 19:21:18.054,220.02,0.138058545864,0.0,0
2018-05-27 19:21:18.147,220.96,0.138058545864,0.0,0
2018-05-27 19:21:18.240,219.68,0.138058545864,0.0,0
2018-05-27 19:21:18.333,219.09,0.138058545864,0.0,0
2018-05-27 19:21:18.417,219.97,0.138058545864,0.0,0
2018-05-27 19:21:18.696,220.12,0.138058545864,0.0,0
2018-05-27 19:21:18.780,219.54,0.138058545864,0.0,0
2018-05-27 19:21:18.873,220.77,0.138058545864,0.0,0
2018-05-27 19:21:19.035,220.02,0.138058545864,0.0,0
2018-05-27 19:21:19.128,219.28,0.138058545864,0.0,0
2018-05-27 19:21:19.222,220.06,0.138058545864,0.0,0
2018-05-27 19:21:19.399,219.72,0.138058545864,0.0,0
2018-05-27 19:21:19.492,221.87,0.138058545864,0.0,0
2018-05-27 19:21:19.585,221.18,0.138058545864,0.0,0
2018-05-27 19:21:19.678,221.14,0.138058545864,0.0,0
2018-05-27 19:21:19.771,221.91,0.138058545864,0.0,0
2018-05-27 19:21:19.864,221.84,0.138058545864,0.0,0
2018-05-27 19:21:20.026,222.74,0.138058545864,0.0,0
2018-05-27 19:21:20.110,222.95,0.138058545864,0.0,0
2018-05-27 19:21:20.204,222.49,0.138058545864,0.0,0
2018-05-27 19:21:20.296,224.21,0.138058545864,0.0,0
2018-05-27 19:21:20.389,224.17,0.138058545864,0.0,0
2018-05-27 19:21:20.483,223.54,0.138058545864,0.0,0
2018-05-27 19:21:20.576,223.77,0.138058545864,0.0,0
2018-05-27 19:21:20.669,223.65,0.138058545864,0.0,0
2018-05-27 19:21:20.762,224.78,0.138058545864,0.0,0
2018-05-27 19:21:20.929,224.72,0.138058545864,0.0,0
2018-05-27 19:21:21.179,225.64,0.138058545864,0.0,0
2018-05-27 19:21:21.268,225.67,0.138058545864,0.0,0
2018-05-27 19:21:21.352,223.03,0.138058545864,0.0,0
2018-05-27 19:21:21.538,223.47,0.138058545864,0.0,0
2018-05-27 19:21:21.631,222.67,0.138058545864,0.0,0
2018-05-27 19:21:21.715,222.95,0.138058545864,0.0,0
2018-05-27 19:21:21.808,221.9,0.138058545864,0.0,0
2018-05-27 19:21:22.156,219.6,0.138058545864,0.0,0
2018-05-27 19:21:22.249,219.1,0.138058545864,0.0,0
2018-05-27 19:21:22.436,216.75,0.138058545864,0.0,0
2018-05-27 19:21:22.622,215.31,0.138058545864,0.0,0
2018-05-27 19:21:22.710,215.89,0.138058545864,0.0,0
2018-05-27 19:21:22.892,215.26,0.138058545864,0.0,0
2018-05-27 19:21:23.147,213.58,0.138058545864,0.0,0
2018-05-27 19:21:23.240,215.11,0.138058545864,0.0,0
2018-05-27 19:21:23.333,213.32,0.138058545864,0.0,0
2018-05-27 19:21:23.520,215.59,0.138058545864,0.0,0
2018-05-27 19:21:23.613,214.44,0.138058545864,0.0,0
2018-05-27 19:21:23.696,213.74,0.138058545864,0.0,0
2018-05-27 19:21:23.790,214.01,0.138058545864,0.0,0
2018-05-27 19:21:24.045,214.07,0.138058545864,0.0,0
2018-05-27 19:21:24.138,214.93,0.138058545864,0.0,0
2018-05-27 19:21:24.231,215.9,0.138058545864,0.0,0
2018-05-27 19:21:24.324,214.75,0.138058545864,0.0,0
2018-05-27 19:21:24.417,216.24,0.138058545864,0.0,0
2018-05-27 19:21:24.510,215.17,0.138058545864,0.0,0
2018-05-27 19:21:24.604,215.11,0.138058545864,0.0,0
2018-05-27 19:21:24.687,214.21,0.138058545864,0.0,0
2018-05-27 19:21:24.780,215.5,0.138058545864,0.0,0
2018-05-27 19:21:24.873,215.88,0.138058545864,0.0,0
2018-05-27 19:21:25.035,215.01,0.138058545864,0.0,0
2018-05-27 19:21:25.128,215.26,0.138058545864,0.0,0
2018-05-27 19:21:25.221,215.85,0.138058545864,0.0,0
2018-05-27 19:21:25.315,215.04,0.138058545864,0.0,0
2018-05-27 19:21:25.408,215.75,0.138058545864,0.0,0
2018-05-27 19:21:25.501,216.22,0.138058545864,0.0,0
2018-05-27 19:21:25.594,215.84,0.138058545864,0.0,0
2018-05-27 19:21:25.678,217.17,0.138058545864,0.0,0
2018-05-27 19:21:25.771,217.07,0.138058545864,0.0,0
2018-05-27 19:21:25.864,218.53,0.138058545864,0.0,0
2018-05-27 19:21:26.026,218.96,0.138058545864,0.0,0
2018-05-27 19:21:26.119,217.51,0.138058545864,0.0,0
2018-05-27 19:21:26.212,218.44,0.138058545864,0.0,0
2018-05-27 19:21:26.305,219.82,0.138058545864,0.0,0
2018-05-27 19:21:26.482,220.4,0.138058545864,0.0,0
2018-05-27 19:21:26.575,218.87,0.138058545864,0.0,0
2018-05-27 19:21:26.662,220.79,0.138058545864,0.0,0
2018-05-27 19:21:26.752,220.38,0.138058545864,0.0,0
2018-05-27 19:21:26.846,220.66,0.138058545864,0.0,0
2018-05-27 19:21:27.091,220.01,0.138058545864,0.0,0
2018-05-27 19:21:27.184,221.27,0.138058545864,0.0,0
2018-05-27 19:21:27.277,223.04,0.138058545864,0.0,0
2018-05-27 19:21:27.361,221.94,0.138058545864,0.0,0
2018-05-27 19:21:27.539,221.69,0.138058545864,0.0,0
2018-05-27 19:21:27.632,223.04,0.138058545864,0.0,0
2018-05-27 19:21:27.724,222.8,0.138058545864,0.0,0
2018-05-27 19:21:27.911,224.71,0.138058545864,0.0,0
2018-05-27 19:21:28.166,223.84,0.138058545864,0.0,0
2018-05-27 19:21:28.259,224.0,0.138058545864,0.0,0
2018-05-27 19:21:28.352,224.97,0.138058545864,0.0,0
2018-05-27 19:21:28.538,225.97,0.138058545864,0.0,0
2018-05-27 19:21:28.622,225.42,0.138058545864,0.0,0
2018-05-27 19:21:28.715,225.9,0.138058545864,0.0,0
2018-05-27 19:21:28.808,226.35,0.138058545864,0.0,0
2018-05-27 19:21:28.901,226.26,0.138058545864,0.0,0
2018-05-27 19:21:29.063,225.94,0.138058545864,0.0,0
2018-05-27 19:21:29.156,225.41,0.138058545864,0.0,0
2018-05-27 19:21:29.249,225.65,0.138058545864,0.0,0
2018-05-27 19:21:29.343,226.32,0.138058545864,0.0,0
2018-05-27 19:21:29.436,226.1,0.138058545864,0.0,0
2018-05-27 19:21:29.529,226.93,0.138058545864,0.0,0
2018-05-27 19:21:29.715,228.34,0.138058545864,0.0,0
2018-05-27 19:21:29.799,227.1,0.138058545864,0.0,0
2018-05-27 19:21:29.892,227.91,0.138058545864,0.0,0
2018-05-27 19:21:30.054,227.53,0.138058545864,0.0,0
2018-05-27 19:21:30.147,228.43,0.138058545864,0.0,0
2018-05-27 19:21:30.240,228.15,0.138058545864,0.0,0
2018-05-27 19:21:30.333,228.46,0.138058545864,0.0,0
2018-05-27 19:21:30.426,229.83,0.138058545864,0.0,0
2018-05-27 19:21:30.613,230.58,0.138058545864,0.0,0
2018-05-27 19:21:30.696,229.39,0.138058545864,0.0,0
2018-05-27 19:21:30.790,229.19,0.138058545864,0.0,0
2018-05-27 19:21:30.883,229.16,0.138058545864,0.0,0
2018-05-27 19:21:31.044,229.77,0.138058545864,0.0,0
2018-05-27 19:21:31.231,230.8,0.138058545864,0.0,0
2018-05-27 19:21:31.324,230.78,0.138058545864,0.0,0
2018-05-27 19:21:31.417,231.01,0.138058545864,0.0,0
2018-05-27 19:21:31.510,231.38,0.138058545864,0.0,0
2018-05-27 19:21:31.604,231.53,0.138058545864,0.0,0
2018-05-27 19:21:31.780,232.35,0.138058545864,0.0,0
2018-05-27 19:21:31.873,232.64,0.138058545864,0.0,0
2018-05-27 19:21:32.035,232.82,0.138058545864,0.0,0
2018-05-27 19:21:32.128,232.46,0.138058545864,0.0,0
2018-05-27 19:21:32.221,233.73,0.138058545864,0.0,0
2018-05-27 19:21:32.315,233.71,0.138058545864,0.0,0
2018-05-27 19:21:32.408,233.41,0.138058545864,0.0,0
2018-05-27 19:21:32.680,233.16,0.138058545864,0.0,0
2018-05-27 19:21:32.864,234.57,0.138058545864,0.0,0
2018-05-27 19:21:33.026,233.97,0.138058545864,0.0,0
2018-05-27 19:21:33.114,234.21,0.138058545864,0.0,0
2018-05-27 19:21:33.380,235.99,0.138058545864,0.0,0
2018-05-27 19:21:33.659,235.37,0.138058545864,0.0,0
2018-05-27 19:21:33.743,234.91,0.138058545864,0.0,0
2018-05-27 19:21:33.836,235.12,0.138058545864,0.0,0
2018-05-27 19:21:33.925,234.2,0.138058545864,0.0,0
2018-05-27 19:21:34.259,236.1,0.138058545864,0.0,0
2018-05-27 19:21:34.529,231.86,0.138058545864,0.0,0
2018-05-27 19:21:34.622,230.32,0.138058545864,0.0,0
2018-05-27 19:21:34.799,228.26,0.138058545864,0.0,0
2018-05-27 19:21:34.892,226.61,0.138058545864,0.0,0
2018-05-27 19:21:35.054,225.49,0.138058545864,0.0,0
2018-05-27 19:21:35.147,223.52,0.138058545864,0.0,0
2018-05-27 19:21:35.324,222.55,0.138058545864,0.0,0
2018-05-27 19:21:35.426,221.68,0.138058545864,0.0,0
2018-05-27 19:21:35.519,219.56,0.138058545864,0.0,0
2018-05-27 19:21:35.883,215.24,0.138058545864,0.0,0
2018-05-27 19:21:36.045,215.26,0.138058545864,0.0,0
2018-05-27 19:21:36.221,212.07,0.138058545864,0.0,0
2018-05-27 19:21:36.315,212.16,0.138058545864,0.0,0
2018-05-27 19:21:36.408,211.37,0.138058545864,0.0,0
2018-05-27 19:21:36.501,210.34,0.138058545864,0.0,0
2018-05-27 19:21:36.594,210.7,0.138058545864,0.0,0
2018-05-27 19:21:36.687,209.5,0.138058545864,0.0,0
2018-05-27 19:21:36.771,209.33,0.138058545864,0.0,0
2018-05-27 19:21:36.864,209.82,0.138058545864,0.0,0
2018-05-27 19:21:37.026,208.49,0.138058545864,0.0,0
2018-05-27 19:21:37.110,208.21,0.138058545864,0.0,0
2018-05-27 19:21:37.203,209.34,0.138058545864,0.0,0
2018-05-27 19:21:37.296,207.87,0.138058545864,0.0,0
2018-05-27 19:21:37.389,209.1,0.138058545864,0.0,0
2018-05-27 19:21:37.482,206.65,0.138058545864,0.0,0
2018-05-27 19:21:37.575,207.59,0.138058545864,0.0,0
2018-05-27 19:21:37.668,206.42,0.138058545864,0.0,0
2018-05-27 19:21:37.762,207.9,0.138058545864,0.0,0
2018-05-27 19:21:37.855,206.79,0.138058545864,0.0,0
2018-05-27 19:21:38.017,207.24,0.138058545864,0.0,0
2018-05-27 19:21:38.100,207.53,0.138058545864,0.0,0
2018-05-27 19:21:38.287,207.88,0.138058545864,0.0,0
2018-05-27 19:21:38.380,206.38,0.138058545864,0.0,0
2018-05-27 19:21:38.566,207.08,0.138058545864,0.0,0
2018-05-27 19:21:38.659,207.21,0.138058545864,0.0,0
2018-05-27 19:21:38.836,207.48,0.138058545864,0.0,0
2018-05-27 19:21:39.445,207.84,0.138058545864,0.0,0
2018-05-27 19:21:39.538,208.63,0.138058545864,0.0,0
2018-05-27 19:21:39.631,208.48,0.138058545864,0.0,0
2018-05-27 19:21:39.715,208.16,0.138058545864,0.0,0
2018-05-27 19:21:39.808,209.56,0.138058545864,0.0,0
2018-05-27 19:21:39.901,209.34,0.138058545864,0.0,0
2018-05-27 19:21:40.063,210.72,0.138058545864,0.0,0
2018-05-27 19:21:40.156,209.99,0.138058545864,0.0,0
2018-05-27 19:21:40.249,211.53,0.138058545864,0.0,0
2018-05-27 19:21:40.342,209.94,0.138058545864,0.0,0
2018-05-27 19:21:40.436,211.47,0.138058545864,0.0,0
2018-05-27 19:21:40.622,212.25,0.138058545864,0.0,0
2018-05-27 19:21:40.706,212.65,0.138058545864,0.0,0
2018-05-27 19:21:40.892,213.19,0.138058545864,0.0,0
2018-05-27 19:21:41.054,213.74,0.138058545864,0.0,0
2018-05-27 19:21:41.240,214.48,0.138058545864,0.0,0
2018-05-27 19:21:41.333,215.29,0.138058545864,0.0,0
2018-05-27 19:21:41.426,215.91,0.138058545864,0.0,0
2018-05-27 19:21:41.519,214.52,0.138058545864,0.0,0
2018-05-27 19:21:41.613,215.56,0.138058545864,0.0,0
2018-05-27 19:21:41.696,214.47,0.138058545864,0.0,0
2018-05-27 19:21:41.790,215.49,0.138058545864,0.0,0
2018-05-27 19:21:42.138,211.83,0.138058545864,0.0,0
2018-05-27 19:21:42.231,209.71,0.138058545864,0.0,0
2018-05-27 19:21:42.510,210.2,0.138058545864,0.0,0
2018-05-27 19:21:42.604,208.29,0.138058545864,0.0,0
2018-05-27 19:21:42.687,207.87,0.138058545864,0.0,0
2018-05-27 19:21:42.780,208.76,0.138058545864,0.0,0
2018-05-27 19:21:42.873,207.23,0.138058545864,0.0,0
2018-05-27 19:21:43.035,209.35,0.138058545864,0.0,0
2018-05-27 19:21:43.128,207.04,0.138058545864,0.0,0
2018-05-27 19:21:43.221,208.21,0.138058545864,0.0,0
2018-05-27 19:21:43.315,206.95,0.138058545864,0.0,0
2018-05-27 19:21:43.501,206.59,0.138058545864,0.0,0
2018-05-27 19:21:43.594,206.9,0.138058545864,0.0,0
2018-05-27 19:21:43.678,206.49,0.138058545864,0.0,0
2018-05-27 19:21:43.771,204.98,0.138058545864,0.0,0
2018-05-27 19:21:43.864,205.92,0.138058545864,0.0,0
2018-05-27 19:21:44.026,206.07,0.138058545864,0.0,0
2018-05-27 19:21:44.110,205.96,0.138058545864,0.0,0
2018-05-27 19:21:44.203,205.62,0.138058545864,0.0,0
2018-05-27 19:21:44.296,207.44,0.138058545864,0.0,0
2018-05-27 19:21:44.380,207.16,0.138058545864,0.0,0
2018-05-27 19:21:44.473,206.16,0.138058545864,0.0,0
2018-05-27 19:21:44.566,208.36,0.138058545864,0.0,0
2018-05-27 19:21:44.659,206.6,0.138058545864,0.0,0
2018-05-27 19:21:44.743,205.78,0.138058545864,0.0,0
2018-05-27 19:21:44.920,208.77,0.138058545864,0.0,0
2018-05-27 19:21:45.072,208.63,0.138058545864,0.0,0
2018-05-27 19:21:45.165,207.09,0.138058545864,0.0,0
2018-05-27 19:21:45.259,209.08,0.138058545864,0.0,0
2018-05-27 19:21:45.352,208.1,0.138058545864,0.0,0
2018-05-27 19:21:45.445,209.93,0.138058545864,0.0,0
2018-05-27 19:21:45.622,208.52,0.138058545864,0.0,0
2018-05-27 19:21:45.799,209.29,0.138058545864,0.0,0
2018-05-27 19:21:45.892,210.61,0.138058545864,0.0,0
2018-05-27 19:21:46.054,208.85,0.138058545864,0.0,0
2018-05-27 19:21:46.147,210.82,0.138058545864,0.0,0
2018-05-27 19:21:46.240,210.38,0.138058545864,0.0,0
2018-05-27 19:21:46.334,211.41,0.138058545864,0.0,0
2018-05-27 19:21:46.426,210.1,0.138058545864,0.0,0
2018-05-27 19:21:46.519,212.21,0.138058545864,0.0,0
2018-05-27 19:21:46.613,211.21,0.138058545864,0.0,0
2018-05-27 19:21:46.706,212.14,0.138058545864,0.0,0
2018-05-27 19:21:46.790,212.06,0.138058545864,0.0,0
2018-05-27 19:21:46.883,214.23,0.138058545864,0.0,0
2018-05-27 19:21:47.044,212.94,0.138058545864,0.0,0
2018-05-27 19:21:47.138,213.31,0.138058545864,0.0,0
2018-05-27 19:21:47.333,215.55,0.138058545864,0.0,0
2018-05-27 19:21:47.426,214.34,0.138058545864,0.0,0
2018-05-27 19:21:47.510,214.58,0.138058545864,0.0,0
2018-05-27 19:21:47.603,215.03,0.138058545864,0.0,0
2018-05-27 19:21:47.780,216.59,0.138058545864,0.0,0
2018-05-27 19:21:47.873,217.27,0.138058545864,0.0,0
2018-05-27 19:21:48.035,215.76,0.138058545864,0.0,0
2018-05-27 19:21:48.128,217.63,0.138058545864,0.0,0
2018-05-27 19:21:48.222,218.48,0.138058545864,0.0,0
2018-05-27 19:21:48.315,217.52,0.138058545864,0.0,0
2018-05-27 19:21:48.491,217.52,0.138058545864,0.0,0
2018-05-27 19:21:48.585,217.85,0.138058545864,0.0,0
2018-05-27 19:21:48.678,220.2,0.138058545864,0.0,0
2018-05-27 19:21:48.771,220.13,0.138058545864,0.0,0
2018-05-27 19:21:48.864,219.0,0.138058545864,0.0,0
2018-05-27 19:21:49.026,219.28,0.138058545864,0.0,0
2018-05-27 19:21:49.119,220.57,0.138058545864,0.0,0
2018-05-27 19:21:49.213,220.75,0.138058545864,0.0,0
2018-05-27 19:21:49.306,220.16,0.138058545864,0.0,0
2018-05-27 19:21:49.389,220.9,0.138058545864,0.0,0
2018-05-27 19:21:49.482,221.52,0.138058545864,0.0,0
2018-05-27 19:21:49.575,221.38,0.138058545864,0.0,0
2018-05-27 19:21:49.762,222.58,0.138058545864,0.0,0
2018-05-27 19:21:49.845,221.86,0.138058545864,0.0,0
2018-05-27 19:21:50.007,223.78,0.138058545864,0.0,0
2018-05-27 19:21:50.101,223.74,0.138058545864,0.0,0
2018-05-27 19:21:50.194,223.15,0.138058545864,0.0,0
2018-05-27 19:21:50.459,224.15,0.138058545864,0.0,0
2018-05-27 19:21:50.631,224.49,0.138058545864,0.0,0
2018-05-27 19:21:50.808,224.64,0.138058545864,0.0,0
2018-05-27 19:21:51.054,226.65,0.138058545864,0.0,0
2018-05-27 19:21:51.147,226.44,0.138058545864,0.0,0
2018-05-27 19:21:51.240,224.57,0.138058545864,0.0,0
2018-05-27 19:21:51.333,224.37,0.138058545864,0.0,0
2018-05-27 19:21:51.613,226.17,0.138058545864,0.0,0
2018-05-27 19:21:51.799,227.11,0.138058545864,0.0,0
2018-05-27 19:21:52.613,228.43,0.138058545864,0.0,0
2018-05-27 19:21:52.696,228.09,0.138058545864,0.0,0
2018-05-27 19:21:52.789,227.48,0.138058545864,0.0,0
2018-05-27 19:21:52.883,228.5,0.138058545864,0.0,0
2018-05-27 19:21:53.138,229.68,0.138058545864,0.0,0
2018-05-27 19:21:53.417,229.71,0.138058545864,0.0,0
2018-05-27 19:21:53.687,229.24,0.138058545864,0.0,0
2018-05-27 19:21:53.780,229.69,0.138058545864,0.0,0
2018-05-27 19:21:54.035,229.34,0.138058545864,0.0,0
2018-05-27 19:21:54.128,230.46,0.138058545864,0.0,0
2018-05-27 19:21:54.221,230.38,0.138058545864,0.0,0
2018-05-27 19:21:54.408,230.33,0.138058545864,0.0,0
2018-05-27 19:21:54.771,232.35,0.138058545864,0.0,0
2018-05-27 19:21:54.864,232.12,0.138058545864,0.0,0
2018-05-27 19:21:55.026,232.63,0.138058545864,0.0,0
2018-05-27 19:21:55.119,232.72,0.138058545864,0.0,0
2018-05-27 19:21:55.212,232.23,0.138058545864,0.0,0
2018-05-27 19:21:55.305,232.62,0.138058545864,0.0,0
2018-05-27 19:21:55.398,233.09,0.138058545864,0.0,0
2018-05-27 19:21:55.491,232.58,0.138058545864,0.0,0
2018-05-27 19:21:55.585,231.5,0.138058545864,0.0,0
2018-05-27 19:21:55.678,229.9,0.138058545864,0.0,0
2018-05-27 19:21:55.762,227.73,0.138058545864,0.0,0
2018-05-27 19:21:55.855,226.13,0.138058545864,0.0,0
2018-05-27 19:21:56.017,224.98,0.138058545864,0.0,0
2018-05-27 19:21:56.110,225.3,0.138058545864,0.0,0
2018-05-27 19:21:56.203,224.24,0.138058545864,0.0,0
2018-05-27 19:21:56.296,221.64,0.138058545864,0.0,0
2018-05-27 19:21:56.389,220.85,0.138058545864,0.0,0
2018-05-27 19:21:56.482,219.91,0.138058545864,0.0,0
2018-05-27 19:21:56.575,220.12,0.138058545864,0.0,0
2018-05-27 19:21:56.669,218.1,0.138058545864,0.0,0
2018-05-27 19:21:56.752,218.37,0.138058545864,0.0,0
2018-05-27 19:21:56.845,215.58,0.138058545864,0.0,0
2018-05-27 19:21:57.007,214.83,0.138058545864,0.0,0
2018-05-27 19:21:57.100,216.11,0.138058545864,0.0,0
2018-05-27 19:21:57.370,212.21,0.138058545864,0.0,0
2018-05-27 19:21:57.640,210.81,0.138058545864,0.0,0
2018-05-27 19:21:57.724,211.75,0.138058545864,0.0,0
2018-05-27 19:21:57.911,211.07,0.138058545864,0.0,0
2018-05-27 19:21:58.259,209.25,0.138058545864,0.0,0
2018-05-27 19:21:58.352,210.78,0.138058545864,0.0,0
2018-05-27 19:21:58.622,209.96,0.138058545864,0.0,0
2018-05-27 19:21:58.706,209.26,0.138058545864,0.0,0
2018-05-27 19:21:58.799,209.77,0.138058545864,0.0,0
2018-05-27 19:21:58.892,209.1,0.138058545864,0.0,0
2018-05-27 19:21:59.054,210.26,0.138058545864,0.0,0
2018-05-27 19:21:59.147,209.85,0.138058545864,0.0,0
2018-05-27 19:21:59.240,211.11,0.138058545864,0.0,0
2018-05-27 19:21:59.426,211.69,0.138058545864,0.0,0
2018-05-27 19:21:59.510,211.51,0.138058545864,0.0,0
2018-05-27 19:21:59.696,211.02,0.138058545864,0.0,0
2018-05-27 19:21:59.780,210.1,0.138058545864,0.0,0
2018-05-27 19:21:59.873,212.32,0.138058545864,0.0,0
2018-05-27 19:22:00.035,211.22,0.138058545864,0.0,0
2018-05-27 19:22:00.128,212.83,0.138058545864,0.0,0
2018-05-27 19:22:00.221,211.31,0.138058545864,0.0,0
2018-05-27 19:22:00.398,211.56,0.138058545864,0.0,0
2018-05-27 19:22:00.491,213.39,0.138058545864,0.0,0
2018-05-27 19:22:00.585,212.08,0.138058545864,0.0,0
2018-05-27 19:22:00.678,214.23,0.138058545864,0.0,0
2018-05-27 19:22:00.864,212.97,0.138058545864,0.0,0
2018-05-27 19:22:01.026,215.25,0.138058545864,0.0,0
2018-05-27 19:22:01.119,213.16,0.138058545864,0.0,0
2018-05-27 19:22:01.212,214.91,0.138058545864,0.0,0
2018-05-27 19:22:01.306,216.08,0.138058545864,0.0,0
2018-05-27 19:22:01.389,216.61,0.138058545864,0.0,0
2018-05-27 19:22:01.482,216.37,0.138058545864,0.0,0
2018-05-27 19:22:01.575,216.49,0.138058545864,0.0,0
2018-05-27 19:22:01.668,218.34,0.138058545864,0.0,0
2018-05-27 19:22:01.841,217.53,0.138058545864,0.0,0
2018-05-27 19:22:01.929,217.74,0.138058545864,0.0,0
2018-05-27 19:22:02.091,219.07,0.138058545864,0.0,0
2018-05-27 19:22:02.179,218.39,0.138058545864,0.0,0
2018-05-27 19:22:02.268,219.67,0.138058545864,0.0,0
2018-05-27 19:22:02.352,218.41,0.138058545864,0.0,0
2018-05-27 19:22:02.529,218.79,0.138058545864,0.0,0
2018-05-27 19:22:02.622,219.22,0.138058545864,0.0,0
2018-05-27 19:22:02.799,217.76,0.138058545864,0.0,0
2018-05-27 19:22:02.892,216.38,0.138058545864,0.0,0
2018-05-27 19:22:03.054,216.59,0.138058545864,0.0,0
2018-05-27 19:22:03.147,217.13,0.138058545864,0.0,0
2018-05-27 19:22:03.240,214.66,0.138058545864,0.0,0
2018-05-27 19:22:03.333,215.34,0.138058545864,0.0,0
2018-05-27 19:22:03.426,214.7,0.138058545864,0.0,0
2018-05-27 19:22:03.603,213.09,0.138058545864,0.0,0
2018-05-27 19:22:03.696,213.16,0.138058545864,0.0,0
2018-05-27 19:22:03.780,213.04,0.138058545864,0.0,0
2018-05-27 19:22:04.035,210.63,0.138058545864,0.0,0
2018-05-27 19:22:04.128,212.15,0.138058545864,0.0,0
2018-05-27 19:22:04.221,212.03,0.138058545864,0.0,0
2018-05-27 19:22:04.315,210.65,0.138058545864,0.0,0
2018-05-27 19:22:04.398,211.19,0.138058545864,0.0,0
2018-05-27 19:22:04.491,212.18,0.138058545864,0.0,0
2018-05-27 19:22:04.678,212.15,0.138058545864,0.0,0
2018-05-27 19:22:04.771,210.45,0.138058545864,0.0,0
2018-05-27 19:22:04.864,211.03,0.138058545864,0.0,0
2018-05-27 19:22:05.026,211.74,0.138058545864,0.0,0
2018-05-27 19:22:05.212,210.47,0.138058545864,0.0,0
2018-05-27 19:22:05.389,208.96,0.138058545864,0.0,0
2018-05-27 19:22:05.575,208.64,0.138058545864,0.0,0
2018-05-27 19:22:05.668,210.23,0.138058545864,0.0,0
2018-05-27 19:22:05.845,208.94,0.138058545864,0.0,0
2018-05-27 19:22:06.007,209.89,0.138058545864,0.0,0
2018-05-27 19:22:06.100,210.28,0.138058545864,0.0,0
2018-05-27 19:22:06.184,211.44,0.138058545864,0.0,0
2018-05-27 19:22:06.277,210.49,0.138058545864,0.0,0
2018-05-27 19:22:06.366,210.4,0.138058545864,0.0,0
2018-05-27 19:22:06.454,211.78,0.138058545864,0.0,0
2018-05-27 19:22:06.538,212.17,0.138058545864,0.0,0
2018-05-27 19:22:06.631,210.88,0.138058545864,0.0,0
2018-05-27 19:22:06.808,211.34,0.138058545864,0.0,0
2018-05-27 19:22:07.054,213.23,0.138058545864,0.0,0
2018-05-27 19:22:07.147,211.59,0.138058545864,0.0,0
2018-05-27 19:22:07.240,212.35,0.138058545864,0.0,0
2018-05-27 19:22:07.333,213.5,0.138058545864,0.0,0
2018-05-27 19:22:07.426,213.46,0.138058545864,0.0,0
2018-05-27 19:22:07.519,215.17,0.138058545864,0.0,0
2018-05-27 19:22:07.613,213.86,0.138058545864,0.0,0
2018-05-27 19:22:07.697,215.38,0.138058545864,0.0,0
2018-05-27 19:22:07.790,214.21,0.138058545864,0.0,0
2018-05-27 19:22:07.883,215.4,0.138058545864,0.0,0
2018-05-27 19:22:08.044,216.26,0.138058545864,0.0,0
2018-05-27 19:22:08.137,215.44,0.138058545864,0.0,0
2018-05-27 19:22:08.231,216.3,0.138058545864,0.0,0
2018-05-27 19:22:08.324,216.98,0.138058545864,0.0,0
2018-05-27 19:22:08.417,216.36,0.138058545864,0.0,0
2018-05-27 19:22:08.510,217.32,0.138058545864,0.0,0
2018-05-27 19:22:08.603,219.01,0.138058545864,0.0,0
2018-05-27 19:22:08.687,217.82,0.138058545864,0.0,0
2018-05-27 19:22:08.771,218.08,0.138058545864,0.0,0
2018-05-27 19:22:08.864,219.39,0.138058545864,0.0,0
2018-05-27 19:22:09.110,219.63,0.138058545864,0.0,0
2018-05-27 19:22:09.212,218.35,0.138058545864,0.0,0
2018-05-27 19:22:09.305,219.52,0.138058545864,0.0,0
2018-05-27 19:22:09.398,219.77,0.138058545864,0.0,0
2018-05-27 19:22:09.491,219.06,0.138058545864,0.0,0
2018-05-27 19:22:09.585,220.23,0.138058545864,0.0,0
2018-05-27 19:22:09.678,221.32,0.138058545864,0.0,0
2018-05-27 19:22:09.761,220.29,0.138058545864,0.0,0
2018-05-27 19:22:09.855,222.16,0.138058545864,0.0,0
2018-05-27 19:22:10.016,221.55,0.138058545864,0.0,0
2018-05-27 19:22:10.110,221.04,0.138058545864,0.0,0
2018-05-27 19:22:10.203,221.33,0.138058545864,0.0,0
2018-05-27 19:22:10.296,222.09,0.138058545864,0.0,0
2018-05-27 19:22:10.389,222.95,0.138058545864,0.0,0
2018-05-27 19:22:10.482,222.81,0.138058545864,0.0,0
2018-05-27 19:22:10.575,222.26,0.138058545864,0.0,0
2018-05-27 19:22:10.669,222.71,0.138058545864,0.0,0
2018-05-27 19:22:10.752,223.97,0.138058545864,0.0,0
2018-05-27 19:22:10.845,223.25,0.138058545864,0.0,0
2018-05-27 19:22:11.007,223.55,0.138058545864,0.0,0
2018-05-27 19:22:11.100,224.0,0.138058545864,0.0,0
2018-05-27 19:22:11.193,224.53,0.138058545864,0.0,0
2018-05-27 19:22:11.286,225.38,0.138058545864,0.0,0
2018-05-27 19:22:11.380,224.78,0.138058545864,0.0,0
2018-05-27 19:22:11.473,224.68,0.138058545864,0.0,0
2018-05-27 19:22:11.566,224.48,0.138058545864,0.0,0
2018-05-27 19:22:11.660,225.4,0.138058545864,0.0,0
2018-05-27 19:22:11.743,225.67,0.138058545864,0.0,0
2018-05-27 19:22:11.836,225.13,0.138058545864,0.0,0
2018-05-27 19:22:12.082,226.72,0.138058545864,0.0,0
2018-05-27 19:22:12.165,225.34,0.138058545864,0.0,0
2018-05-27 19:22:12.259,226.41,0.138058545864,0.0,0
2018-05-27 19:22:12.352,227.8,0.138058545864,0.0,0
2018-05-27 19:22:12.445,227.63,0.138058545864,0.0,0
2018-05-27 19:22:12.538,228.05,0.138058545864,0.0,0
2018-05-27 19:22:12.715,227.59,0.138058545864,0.0,0
2018-05-27 19:22:12.892,227.47,0.138058545864,0.0,0
2018-05-27 19:22:13.054,227.61,0.138058545864,0.0,0
2018-05-27 19:22:13.240,228.93,0.138058545864,0.0,0
2018-05-27 19:22:13.333,228.43,0.138058545864,0.0,0
2018-05-27 19:22:13.427,228.76,0.138058545864,0.0,0
2018-05-27 19:22:13.510,229.45,0.138058545864,0.0,0
2018-05-27 19:22:13.696,229.15,0.138058545864,0.0,0
2018-05-27 19:22:13.780,230.39,0.138058545864,0.0,0
2018-05-27 19:22:13.873,231.12,0.138058545864,0.0,0
2018-05-27 19:22:14.221,231.39,0.138058545864,0.0,0
2018-05-27 19:22:14.315,231.72,0.138058545864,0.0,0
2018-05-27 19:22:14.398,231.31,0.138058545864,0.0,0
2018-05-27 19:22:14.491,231.25,0.138058545864,0.0,0
2018-05-27 19:22:14.585,231.95,0.138058545864,0.0,0
2018-05-27 19:22:14.678,231.98,0.138058545864,0.0,0
2018-05-27 19:22:14.771,231.99,0.138058545864,0.0,0
2018-05-27 19:22:14.864,232.19,0.138058545864,0.0,0
2018-05-27 19:22:15.026,232.42,0.138058545864,0.0,0
2018-05-27 19:22:15.212,231.34,0.138058545864,0.0,0
2018-05-27 19:22:15.305,231.38,0.138058545864,0.0,0
2018-05-27 19:22:15.398,231.9,0.138058545864,0.0,0
2018-05-27 19:22:15.575,233.38,0.138058545864,0.0,0
2018-05-27 19:22:15.668,233.09,0.138058545864,0.0,0
2018-05-27 19:22:15.761,233.34,0.138058545864,0.0,0
2018-05-27 19:22:15.845,232.57,0.138058545864,0.0,0
2018-05-27 19:22:16.175,226.34,0.138058545864,0.0,0
2018-05-27 19:22:16.258,227.06,0.138058545864,0.0,0
2018-05-27 19:22:16.352,224.84,0.138058545864,0.0,0
2018-05-27 19:22:16.445,222.17,0.138058545864,0.0,0
2018-05-27 19:22:16.538,219.94,0.138058545864,0.0,0
2018-05-27 19:22:16.631,219.14,0.138058545864,0.0,0
2018-05-27 19:22:16.808,216.4,0.138058545864,0.0,0
2018-05-27 19:22:16.901,216.26,0.138058545864,0.0,0
2018-05-27 19:22:17.156,213.47,0.138058545864,0.0,0
2018-05-27 19:22:17.249,212.24,0.138058545864,0.0,0
2018-05-27 19:22:17.342,210.6,0.138058545864,0.0,0
2018-05-27 19:22:17.435,211.01,0.138058545864,0.0,0
2018-05-27 19:22:17.519,210.64,0.138058545864,0.0,0
2018-05-27 19:22:17.706,208.68,0.138058545864,0.0,0
2018-05-27 19:22:17.882,206.5,0.138058545864,0.0,0
2018-05-27 19:22:18.044,207.87,0.138058545864,0.0,0
2018-05-27 19:22:18.138,205.87,0.138058545864,0.0,0
2018-05-27 19:22:18.221,206.29,0.138058545864,0.0,0
2018-05-27 19:22:18.314,206.89,0.138058545864,0.0,0
2018-05-27 19:22:18.407,205.47,0.138058545864,0.0,0
2018-05-27 19:22:18.501,205.95,0.138058545864,0.0,0
2018-05-27 19:22:18.594,204.33,0.138058545864,0.0,0
2018-05-27 19:22:18.678,203.69,0.138058545864,0.0,0
2018-05-27 19:22:18.771,203.14,0.138058545864,0.0,0
2018-05-27 19:22:18.864,204.1,0.138058545864,0.0,0
2018-05-27 19:22:19.026,203.56,0.138058545864,0.0,0
2018-05-27 19:22:19.119,204.87,0.138058545864,0.0,0
2018-05-27 19:22:19.212,203.74,0.138058545864,0.0,0
2018-05-27 19:22:19.305,202.29,0.138058545864,0.0,0
2018-05-27 19:22:19.398,204.0,0.138058545864,0.0,0
2018-05-27 19:22:19.491,203.16,0.138058545864,0.0,0
2018-05-27 19:22:19.584,203.96,0.138058545864,0.0,0
2018-05-27 19:22:19.678,203.95,0.138058545864,0.0,0
2018-05-27 19:22:19.771,202.38,0.138058545864,0.0,0
2018-05-27 19:22:19.864,205.06,0.138058545864,0.0,0
2018-05-27 19:22:20.026,203.97,0.138058545864,0.0,0
2018-05-27 19:22:20.110,203.78,0.138058545864,0.0,0
2018-05-27 19:22:20.203,204.23,0.138058545864,0.0,0
2018-05-27 19:22:20.296,204.16,0.138058545864,0.0,0
2018-05-27 19:22:20.389,202.86,0.138058545864,0.0,0
2018-05-27 19:22:20.482,205.48,0.138058545864,0.0,0
2018-05-27 19:22:20.575,204.48,0.138058545864,0.0,0
2018-05-27 19:22:20.668,205.92,0.138058545864,0.0,0
2018-05-27 19:22:20.845,204.91,0.138058545864,0.0,0
2018-05-27 19:22:21.091,205.84,0.138058545864,0.0,0
2018-05-27 19:22:21.184,205.85,0.138058545864,0.0,0
2018-05-27 19:22:21.277,205.25,0.138058545864,0.0,0
2018-05-27 19:22:21.370,207.36,0.138058545864,0.0,0
2018-05-27 19:22:21.463,206.13,0.138058545864,0.0,0
2018-05-27 19:22:21.556,207.94,0.138058545864,0.0,0
2018-05-27 19:22:21.650,206.7,0.138058545864,0.0,0
2018-05-27 19:22:21.738,206.89,0.138058545864,0.0,0
2018-05-27 19:22:21.827,208.76,0.138058545864,0.0,0
2018-05-27 19:22:21.910,209.73,0.138058545864,0.0,0
2018-05-27 19:22:22.072,207.7,0.138058545864,0.0,0
2018-05-27 19:22:22.258,208.95,0.138058545864,0.0,0
2018-05-27 19:22:22.352,210.67,0.138058545864,0.0,0
2018-05-27 19:22:22.445,210.59,0.138058545864,0.0,0
2018-05-27 19:22:22.538,210.9,0.138058545864,0.0,0
2018-05-27 19:22:22.631,211.63,0.138058545864,0.0,0
2018-05-27 19:22:22.716,213.27,0.138058545864,0.0,0
2018-05-27 19:22:22.808,211.77,0.138058545864,0.0,0
2018-05-27 19:22:22.901,214.26,0.138058545864,0.0,0
2018-05-27 19:22:23.249,214.71,0.138058545864,0.0,0
2018-05-27 19:22:23.342,212.13,0.138058545864,0.0,0
2018-05-27 19:22:23.435,212.71,0.138058545864,0.0,0
2018-05-27 19:22:23.529,213.8,0.138058545864,0.0,0
2018-05-27 19:22:23.622,211.75,0.138058545864,0.0,0
2018-05-27 19:22:23.706,210.47,0.138058545864,0.0,0
2018-05-27 19:22:23.882,210.75,0.138058545864,0.0,0
2018-05-27 19:22:24.044,208.25,0.138058545864,0.0,0
2018-05-27 19:22:24.137,208.04,0.138058545864,0.0,0
2018-05-27 19:22:24.231,206.9,0.138058545864,0.0,0
2018-05-27 19:22:24.324,207.76,0.138058545864,0.0,0
2018-05-27 19:22:24.417,205.31,0.138058545864,0.0,0
2018-05-27 19:22:24.603,204.52,0.138058545864,0.0,0
2018-05-27 19:22:24.780,204.59,0.138058545864,0.0,0
2018-05-27 19:22:24.873,202.74,0.138058545864,0.0,0
2018-05-27 19:22:25.035,201.9,0.138058545864,0.0,0
2018-05-27 19:22:25.221,202.46,0.138058545864,0.0,0
2018-05-27 19:22:25.407,202.04,0.138058545864,0.0,0
2018-05-27 19:22:25.771,201.72,0.138058545864,0.0,0
2018-05-27 19:22:26.119,202.16,0.138058545864,0.0,0
2018-05-27 19:22:26.212,202.21,0.138058545864,0.0,0
2018-05-27 19:22:26.305,204.17,0.138058545864,0.0,0
2018-05-27 19:22:26.398,203.23,0.138058545864,0.0,0
2018-05-27 19:22:26.584,203.51,0.138058545864,0.0,0
2018-05-27 19:22:26.677,203.32,0.138058545864,0.0,0
2018-05-27 19:22:26.854,205.53,0.138058545864,0.0,0
2018-05-27 19:22:27.016,204.33,0.138058545864,0.0,0
2018-05-27 19:22:27.203,204.51,0.138058545864,0.0,0
2018-05-27 19:22:27.296,205.24,0.138058545864,0.0,0
2018-05-27 19:22:27.389,205.28,0.138058545864,0.0,0
2018-05-27 19:22:27.482,205.4,0.138058545864,0.0,0
2018-05-27 19:22:27.575,206.86,0.138058545864,0.0,0
2018-05-27 19:22:27.668,205.26,0.138058545864,0.0,0
2018-05-27 19:22:27.752,205.48,0.138058545864,0.0,0
2018-05-27 19:22:27.845,207.35,0.138058545864,0.0,0
2018-05-27 19:22:28.007,206.62,0.138058545864,0.0,0
2018-05-27 19:22:28.100,207.89,0.138058545864,0.0,0
2018-05-27 19:22:28.193,207.08,0.138058545864,0.0,0
2018-05-27 19:22:28.379,207.19,0.138058545864,0.0,0
2018-05-27 19:22:28.473,208.43,0.138058545864,0.0,0
2018-05-27 19:22:28.566,208.32,0.138058545864,0.0,0
2018-05-27 19:22:28.659,210.17,0.138058545864,0.0,0
2018-05-27 19:22:28.743,210.72,0.138058545864,0.0,0
2018-05-27 19:22:28.836,209.5,0.138058545864,0.0,0
2018-05-27 19:22:28.924,209.21,0.138058545864,0.0,0
2018-05-27 19:22:29.165,210.99,0.138058545864,0.0,0
2018-05-27 19:22:29.258,211.82,0.138058545864,0.0,0
2018-05-27 19:22:29.351,211.31,0.138058545864,0.0,0
2018-05-27 19:22:29.435,211.92,0.138058545864,0.0,0
2018-05-27 19:22:29.529,213.81,0.138058545864,0.0,0
2018-05-27 19:22:29.706,214.5,0.138058545864,0.0,0
2018-05-27 19:22:29.799,213.92,0.138058545864,0.0,0
2018-05-27 19:22:30.053,214.66,0.138058545864,0.0,0
2018-05-27 19:22:30.147,214.39,0.138058545864,0.0,0
2018-05-27 19:22:30.240,216.14,0.138058545864,0.0,0
2018-05-27 19:22:30.324,216.04,0.138058545864,0.0,0
2018-05-27 19:22:30.510,216.09,0.138058545864,0.0,0
2018-05-27 19:22:30.603,216.81,0.138058545864,0.0,0
2018-05-27 19:22:30.696,218.28,0.138058545864,0.0,0
2018-05-27 19:22:30.780,217.93,0.138058545864,0.0,0
2018-05-27 19:22:30.892,218.08,0.138058545864,0.0,0
2018-05-27 19:22:31.147,218.22,0.138058545864,0.0,0
2018-05-27 19:22:31.240,219.15,0.138058545864,0.0,0
2018-05-27 19:22:31.334,218.19,0.138058545864,0.0,0
2018-05-27 19:22:31.417,219.2,0.138058545864,0.0,0
2018-05-27 19:22:31.510,218.88,0.138058545864,0.0,0
2018-05-27 19:22:31.603,218.98,0.138058545864,0.0,0
2018-05-27 19:22:31.696,221.02,0.138058545864,0.0,0
2018-05-27 19:22:31.780,219.34,0.138058545864,0.0,0
2018-05-27 19:22:32.035,221.72,0.138058545864,0.0,0
2018-05-27 19:22:32.128,220.1,0.138058545864,0.0,0
2018-05-27 19:22:32.222,221.51,0.138058545864,0.0,0
2018-05-27 19:22:32.398,221.74,0.138058545864,0.0,0
2018-05-27 19:22:32.491,221.63,0.138058545864,0.0,0
2018-05-27 19:22:32.577,221.85,0.138058545864,0.0,0
2018-05-27 19:22:32.752,224.11,0.138058545864,0.0,0
2018-05-27 19:22:33.007,223.38,0.138058545864,0.0,0
2018-05-27 19:22:33.193,224.46,0.138058545864,0.0,0
2018-05-27 19:22:33.286,225.19,0.138058545864,0.0,0
2018-05-27 19:22:33.379,225.14,0.138058545864,0.0,0
2018-05-27 19:22:33.659,225.33,0.138058545864,0.0,0
2018-05-27 19:22:33.752,224.95,0.138058545864,0.0,0
2018-05-27 19:22:34.165,225.59,0.138058545864,0.0,0
2018-05-27 19:22:34.258,226.3,0.138058545864,0.0,0
2018-05-27 19:22:34.351,226.65,0.138058545864,0.0,0
2018-05-27 19:22:34.538,227.71,0.138058545864,0.0,0
2018-05-27 19:22:34.715,227.07,0.138058545864,0.0,0
2018-05-27 19:22:34.808,227.22,0.138058545864,0.0,0
2018-05-27 19:22:35.156,228.05,0.138058545864,0.0,0
2018-05-27 19:22:35.249,229.32,0.138058545864,0.0,0
2018-05-27 19:22:35.435,228.93,0.138058545864,0.0,0
2018-05-27 19:22:35.528,228.75,0.138058545864,0.0,0
2018-05-27 19:22:35.715,228.36,0.138058545864,0.0,0
2018-05-27 19:22:35.799,229.89,0.138058545864,0.0,0
2018-05-27 19:22:35.892,230.69,0.138058545864,0.0,0
2018-05-27 19:22:36.053,230.48,0.138058545864,0.0,0
2018-05-27 19:22:36.240,230.87,0.138058545864,0.0,0
2018-05-27 19:22:36.333,230.23,0.138058545864,0.0,0
2018-05-27 19:22:36.426,230.06,0.138058545864,0.0,0
2018-05-27 19:22:36.519,229.93,0.138058545864,0.0,0
2018-05-27 19:22:36.705,229.59,0.138058545864,0.0,0
2018-05-27 19:22:36.882,231.74,0.138058545864,0.0,0
2018-05-27 19:22:37.137,231.77,0.138058545864,0.0,0
2018-05-27 19:22:37.230,231.9,0.138058545864,0.0,0
2018-05-27 19:22:37.324,231.04,0.138058545864,0.0,0
2018-05-27 19:22:37.417,229.32,0.138058545864,0.0,0
2018-05-27 19:22:37.510,228.85,0.138058545864,0.0,0
2018-05-27 19:22:37.687,225.24,0.138058545864,0.0,0
2018-05-27 19:22:37.780,225.34,0.138058545864,0.0,0
2018-05-27 19:22:37.873,224.04,0.138058545864,0.0,0
2018-05-27 19:22:38.035,221.88,0.138058545864,0.0,0
2018-05-27 19:22:38.221,219.58,0.138058545864,0.0,0
2018-05-27 19:22:38.314,219.47,0.138058545864,0.0,0
2018-05-27 19:22:38.407,217.21,0.138058545864,0.0,0
2018-05-27 19:22:38.501,216.13,0.138058545864,0.0,0
2018-05-27 19:22:38.594,216.68,0.138058545864,0.0,0
2018-05-27 19:22:38.679,214.32,0.138058545864,0.0,0
2018-05-27 19:22:38.771,213.78,0.138058545864,0.0,0
2018-05-27 19:22:38.864,211.89,0.138058545864,0.0,0
2018-05-27 19:22:39.026,212.32,0.138058545864,0.0,0
2018-05-27 19:22:39.119,209.01,0.138058545864,0.0,0
2018-05-27 19:22:39.677,204.89,0.138058545864,0.0,0
2018-05-27 19:22:39.771,207.28,0.138058545864,0.0,0
2018-05-27 19:22:39.854,206.34,0.138058545864,0.0,0
2018-05-27 19:22:40.016,204.96,0.138058545864,0.0,0
2018-05-27 19:22:40.202,204.06,0.138058545864,0.0,0
2018-05-27 19:22:40.296,205.1,0.138058545864,0.0,0
2018-05-27 19:22:40.389,204.29,0.138058545864,0.0,0
2018-05-27 19:22:40.482,202.9,0.138058545864,0.0,0
2018-05-27 19:22:40.668,204.49,0.138058545864,0.0,0
2018-05-27 19:22:40.752,203.61,0.138058545864,0.0,0
2018-05-27 19:22:41.007,203.89,0.138058545864,0.0,0
2018-05-27 19:22:41.100,203.87,0.138058545864,0.0,0
2018-05-27 19:22:41.193,205.24,0.138058545864,0.0,0
2018-05-27 19:22:41.286,204.63,0.138058545864,0.0,0
2018-05-27 19:22:41.379,205.78,0.138058545864,0.0,0
2018-05-27 19:22:41.473,204.8,0.138058545864,0.0,0
2018-05-27 19:22:41.566,205.21,0.138058545864,0.0,0
2018-05-27 19:22:41.659,205.58,0.138058545864,0.0,0
2018-05-27 19:22:41.743,205.74,0.138058545864,0.0,0
2018-05-27 19:22:41.836,205.89,0.138058545864,0.0,0
2018-05-27 19:22:41.920,205.65,0.138058545864,0.0,0
2018-05-27 19:22:42.072,205.69,0.138058545864,0.0,0
2018-05-27 19:22:42.165,207.74,0.138058545864,0.0,0
2018-05-27 19:22:42.351,208.19,0.138058545864,0.0,0
2018-05-27 19:22:42.539,208.52,0.138058545864,0.0,0
2018-05-27 19:22:42.622,209.03,0.138058545864,0.0,0
2018-05-27 19:22:42.705,209.31,0.138058545864,0.0,0
2018-05-27 19:22:42.799,208.42,0.138058545864,0.0,0
2018-05-27 19:22:42.892,209.98,0.138058545864,0.0,0
2018-05-27 19:22:43.146,209.64,0.138058545864,0.0,0
2018-05-27 19:22:43.325,211.74,0.138058545864,0.0,0
2018-05-27 19:22:43.510,212.4,0.138058545864,0.0,0
2018-05-27 19:22:43.594,211.76,0.138058545864,0.0,0
2018-05-27 19:22:43.687,211.74,0.138058545864,0.0,0
2018-05-27 19:22:43.780,212.63,0.138058545864,0.0,0
2018-05-27 19:22:44.026,214.58,0.138058545864,0.0,0
2018-05-27 19:22:44.119,212.78,0.138058545864,0.0,0
2018-05-27 19:22:44.212,214.26,0.138058545864,0.0,0
2018-05-27 19:22:44.305,215.23,0.138058545864,0.0,0
2018-05-27 19:22:44.398,214.33,0.138058545864,0.0,0
2018-05-27 19:22:44.491,215.32,0.138058545864,0.0,0
2018-05-27 19:22:44.584,216.22,0.138058545864,0.0,0
2018-05-27 19:22:44.677,214.84,0.138058545864,0.0,0
2018-05-27 19:22:44.854,213.72,0.138058545864,0.0,0
2018-05-27 19:22:45.016,213.5,0.138058545864,0.0,0
2018-05-27 19:22:45.109,212.17,0.138058545864,0.0,0
2018-05-27 19:22:45.202,212.63,0.138058545864,0.0,0
2018-05-27 19:22:45.389,210.39,0.138058545864,0.0,0
2018-05-27 19:22:45.482,209.65,0.138058545864,0.0,0
2018-05-27 19:22:45.575,209.49,0.138058545864,0.0,0
2018-05-27 19:22:45.659,208.48,0.138058545864,0.0,0
2018-05-27 19:22:45.752,209.33,0.138058545864,0.0,0
2018-05-27 19:22:45.845,207.23,0.138058545864,0.0,0
2018-05-27 19:22:46.007,208.64,0.138058545864,0.0,0
2018-05-27 19:22:46.100,206.88,0.138058545864,0.0,0
2018-05-27 19:22:46.193,207.47,0.138058545864,0.0,0
2018-05-27 19:22:46.286,207.06,0.138058545864,0.0,0
2018-05-27 19:22:46.379,206.99,0.138058545864,0.0,0
2018-05-27 19:22:46.473,206.88,0.138058545864,0.0,0
2018-05-27 19:22:46.566,206.25,0.138058545864,0.0,0
2018-05-27 19:22:46.659,207.89,0.138058545864,0.0,0
2018-05-27 19:22:46.743,207.04,0.138058545864,0.0,0
2018-05-27 19:22:46.836,206.51,0.138058545864,0.0,0
2018-05-27 19:22:46.919,206.33,0.138058545864,0.0,0
2018-05-27 19:22:47.072,206.55,0.138058545864,0.0,0
2018-05-27 19:22:47.165,206.56,0.138058545864,0.0,0
2018-05-27 19:22:47.258,206.31,0.138058545864,0.0,0
2018-05-27 19:22:47.351,207.83,0.138058545864,0.0,0
2018-05-27 19:22:47.445,206.37,0.138058545864,0.0,0
2018-05-27 19:22:47.621,208.24,0.138058545864,0.0,0
2018-05-27 19:22:47.705,208.93,0.138058545864,0.0,0
2018-05-27 19:22:47.799,206.43,0.138058545864,0.0,0
2018-05-27 19:22:47.892,208.97,0.138058545864,0.0,0
2018-05-27 19:22:48.053,207.66,0.138058545864,0.0,0
2018-05-27 19:22:48.146,209.53,0.138058545864,0.0,0
2018-05-27 19:22:48.240,208.11,0.138058545864,0.0,0
2018-05-27 19:22:48.333,209.71,0.138058545864,0.0,0
2018-05-27 19:22:48.426,207.95,0.138058545864,0.0,0
2018-05-27 19:22:48.510,208.71,0.138058545864,0.0,0
2018-05-27 19:22:48.603,209.76,0.138058545864,0.0,0
2018-05-27 19:22:48.696,208.9,0.138058545864,0.0,0
2018-05-27 19:22:48.780,209.81,0.138058545864,0.0,0
2018-05-27 19:22:48.873,209.58,0.138058545864,0.0,0
2018-05-27 19:22:49.035,210.35,0.138058545864,0.0,0
2018-05-27 19:22:49.128,210.17,0.138058545864,0.0,0
2018-05-27 19:22:49.221,211.59,0.138058545864,0.0,0
2018-05-27 19:22:49.315,210.33,0.138058545864,0.0,0
2018-05-27 19:22:49.584,211.9,0.138058545864,0.0,0
2018-05-27 19:22:49.677,211.74,0.138058545864,0.0,0
2018-05-27 19:22:49.864,212.4,0.138058545864,0.0,0
2018-05-27 19:22:50.026,214.67,0.138058545864,0.0,0
2018-05-27 19:22:50.119,213.75,0.138058545864,0.0,0
2018-05-27 19:22:50.212,213.77,0.138058545864,0.0,0
2018-05-27 19:22:50.305,215.48,0.138058545864,0.0,0
2018-05-27 19:22:50.389,214.97,0.138058545864,0.0,0
2018-05-27 19:22:50.575,215.48,0.138058545864,0.0,0
2018-05-27 19:22:50.668,216.92,0.138058545864,0.0,0
2018-05-27 19:22:50.761,217.05,0.138058545864,0.0,0
2018-05-27 19:22:50.845,217.26,0.138058545864,0.0,0
2018-05-27 19:22:51.007,216.89,0.138058545864,0.0,0
2018-05-27 19:22:51.100,217.55,0.138058545864,0.0,0
2018-05-27 19:22:51.193,218.86,0.138058545864,0.0,0
2018-05-27 19:22:51.277,217.33,0.138058545864,0.0,0
2018-05-27 19:22:51.365,216.69,0.138058545864,0.0,0
2018-05-27 19:22:51.538,218.17,0.138058545864,0.0,0
2018-05-27 19:22:51.631,218.66,0.138058545864,0.0,0
2018-05-27 19:22:51.724,220.18,0.138058545864,0.0,0
2018-05-27 19:22:51.808,219.1,0.138058545864,0.0,0
2018-05-27 19:22:52.053,220.05,0.138058545864,0.0,0
2018-05-27 19:22:52.146,221.34,0.138058545864,0.0,0
2018-05-27 19:22:52.240,221.41,0.138058545864,0.0,0
2018-05-27 19:22:52.333,220.99,0.138058545864,0.0,0
2018-05-27 19:22:52.426,220.92,0.138058545864,0.0,0
2018-05-27 19:22:52.612,223.24,0.138058545864,0.0,0
2018-05-27 19:22:52.696,221.78,0.138058545864,0.0,0
2018-05-27 19:22:52.789,223.64,0.138058545864,0.0,0
2018-05-27 19:22:52.877,222.5,0.138058545864,0.0,0
2018-05-27 19:22:53.025,223.22,0.138058545864,0.0,0
2018-05-27 19:22:53.119,223.41,0.138058545864,0.0,0
2018-05-27 19:22:53.212,222.93,0.138058545864,0.0,0
2018-05-27 19:22:53.305,224.19,0.138058545864,0.0,0
2018-05-27 19:22:53.398,224.2,0.138058545864,0.0,0
2018-05-27 19:22:53.482,224.04,0.138058545864,0.0,0
2018-05-27 19:22:53.575,224.48,0.138058545864,0.0,0
2018-05-27 19:22:53.761,226.04,0.138058545864,0.0,0
2018-05-27 19:22:53.845,224.24,0.138058545864,0.0,0
2018-05-27 19:22:54.007,224.49,0.138058545864,0.0,0
2018-05-27 19:22:54.194,224.96,0.138058545864,0.0,0
2018-05-27 19:22:54.370,226.14,0.138058545864,0.0,0
2018-05-27 19:22:54.547,225.34,0.138058545864,0.0,0
2018-05-27 19:22:54.631,226.14,0.138058545864,0.0,0
2018-05-27 19:22:54.715,226.7,0.138058545864,0.0,0
2018-05-27 19:22:54.809,227.4,0.138058545864,0.0,0
2018-05-27 19:22:55.063,227.14,0.138058545864,0.0,0
2018-05-27 19:22:55.156,227.46,0.138058545864,0.0,0
2018-05-27 19:22:55.249,227.75,0.138058545864,0.0,0
2018-05-27 19:22:55.342,226.34,0.138058545864,0.0,0
2018-05-27 19:22:55.435,228.19,0.138058545864,0.0,0
2018-05-27 19:22:55.528,228.23,0.138058545864,0.0,0
2018-05-27 19:22:55.715,228.19,0.138058545864,0.0,0
2018-05-27 19:22:55.799,228.63,0.138058545864,0.0,0
2018-05-27 19:22:55.882,228.94,0.138058545864,0.0,0
2018-05-27 19:22:56.044,227.61,0.138058545864,0.0,0
2018-05-27 19:22:56.230,225.49,0.138058545864,0.0,0
2018-05-27 19:22:56.323,222.86,0.138058545864,0.0,0
2018-05-27 19:22:56.417,220.91,0.138058545864,0.0,0
2018-05-27 19:22:56.510,219.03,0.138058545864,0.0,0
2018-05-27 19:22:56.603,217.74,0.138058545864,0.0,0
2018-05-27 19:22:56.687,214.99,0.138058545864,0.0,0
2018-05-27 19:22:56.780,213.58,0.138058545864,0.0,0
2018-05-27 19:22:56.873,212.13,0.138058545864,0.0,0
2018-05-27 19:22:57.016,210.71,0.138058545864,0.0,0
2018-05-27 19:22:57.492,201.33,0.138058545864,0.0,0
2018-05-27 19:22:57.761,197.31,0.138058545864,0.0,0
2018-05-27 19:22:57.845,195.15,0.138058545864,0.0,0
2018-05-27 19:22:58.100,192.78,0.138058545864,0.0,0
2018-05-27 19:22:58.193,190.95,0.138058545864,0.0,0
2018-05-27 19:22:58.286,188.94,0.138058545864,0.0,0
2018-05-27 19:22:58.380,188.53,0.12504656064,0.0250000003725,0
2018-05-27 19:22:58.463,186.88,0.112810386877,0.0250000003725,0
2018-05-27 19:22:58.556,185.68,0.0906213267703,0.0500000007451,0
2018-05-27 19:22:58.742,182.81,0.0628486817362,0.0750000029802,0
2018-05-27 19:22:59.072,179.02,0.0353972475766,0.10000000149,0
2018-05-27 19:22:59.156,178.72,0.101339269313,0.25,0
2018-05-27 19:22:59.249,176.86,0.271084891405,0.27500000596,0
2018-05-27 19:22:59.342,175.78,0.457583178484,0.20000000298,0
2018-05-27 19:22:59.528,175.19,0.484751545436,0.0250000003725,0
2018-05-27 19:22:59.621,173.11,0.803851433064,0.25,0
2018-05-27 19:22:59.798,171.47,0.299999996735,0.20000000298,0
2018-05-27 19:22:59.891,169.28,0.299999996735,0.0500000007451,0
2018-05-27 19:23:00.137,167.36,0.299999996735,0.0,0
2018-05-27 19:23:00.323,164.97,0.299999996735,0.0,0
2018-05-27 19:23:00.416,164.52,0.299999996735,0.0,0
2018-05-27 19:23:00.510,164.52,0.457583176492,0.0,0
2018-05-27 19:23:00.603,163.26,0.215067142497,0.0,0
2018-05-27 19:23:00.687,162.77,0.101339268487,0.0,0
2018-05-27 19:23:00.780,163.02,0.0906213289286,0.0,0
2018-05-27 19:23:00.873,161.4,0.0412947210195,0.0,0
2018-05-27 19:23:01.035,161.76,0.112810386877,0.0,0
2018-05-27 19:23:01.119,160.83,0.138058545864,0.0,0
2018-05-27 19:23:01.212,158.51,0.138058545864,0.0,0
2018-05-27 19:23:01.305,160.08,0.138058545864,0.0,0
2018-05-27 19:23:01.398,158.17,0.138058545864,0.0,0
2018-05-27 19:23:01.491,158.52,0.138058545864,0.0,0
2018-05-27 19:23:01.677,156.45,0.138058545864,0.0,0
2018-05-27 19:23:01.770,156.91,0.138058545864,0.0,0
2018-05-27 19:23:01.864,155.18,0.138058545864,0.0,0
2018-05-27 19:23:02.026,155.09,0.138058545864,0.0,0
2018-05-27 19:23:02.202,154.32,0.138058545864,0.0,0
2018-05-27 19:23:02.295,152.97,0.138058545864,0.0,0
2018-05-27 19:23:02.389,152.49,0.138058545864,0.0,0
2018-05-27 19:23:02.482,152.52,0.138058545864,0.0,0
2018-05-27 19:23:02.575,150.91,0.138058545864,0.0,0
2018-05-27 19:23:02.668,150.19,0.138058545864,0.0,0
2018-05-27 19:23:02.761,150.43,0.138058545864,0.0,0
2018-05-27 19:23:02.845,149.53,0.138058545864,0.0,0
2018-05-27 19:23:03.091,149.1,0.138058545864,0.0,0
2018-05-27 19:23:03.184,148.74,0.138058545864,0.0,0
2018-05-27 19:23:03.268,148.02,0.138058545864,0.0,0
2018-05-27 19:23:03.351,147.09,0.138058545864,0.0,0
2018-05-27 19:23:03.444,147.02,0.138058545864,0.0,0
2018-05-27 19:23:03.631,144.76,0.138058545864,0.0,0
2018-05-27 19:23:03.808,144.49,0.138058545864,0.0,0
2018-05-27 19:23:03.901,143.08,0.138058545864,0.0,0
2018-05-27 19:23:04.156,142.45,0.138058545864,0.0,0
2018-05-27 19:23:04.249,141.21,0.138058545864,0.0,0
2018-05-27 19:23:04.435,140.53,0.138058545864,0.0,0
2018-05-27 19:23:04.519,140.03,0.12504656064,0.0250000003725,0
2018-05-27 19:23:04.696,139.78,0.12504656064,0.0,0
2018-05-27 19:23:04.789,139.56,0.12504656064,0.0,0
2018-05-27 19:23:05.044,138.81,0.12504656064,0.0,0
2018-05-27 19:23:05.137,138.37,0.12504656064,0.0,0
2018-05-27 19:23:05.230,138.43,0.112810386877,0.0250000003725,0
2018-05-27 19:23:05.323,138.66,0.101339266172,0.0250000003725,0
2018-05-27 19:23:05.407,138.81,0.0906213267703,0.0250000003725,0
2018-05-27 19:23:05.500,138.47,0.0806434671136,0.0250000003725,0
2018-05-27 19:23:05.593,137.45,0.0806434671136,0.0,0
2018-05-27 19:23:05.687,137.03,0.0906213267703,0.0,0
2018-05-27 19:23:05.770,136.91,0.0906213267703,0.0,0
2018-05-27 19:23:05.864,136.94,0.0906213267703,0.0,0
2018-05-27 19:23:06.025,136.35,0.0906213267703,0.0,0
2018-05-27 19:23:06.118,136.27,0.0906213267703,0.0,0
2018-05-27 19:23:06.212,136.57,0.101339266172,0.0,0
2018-05-27 19:23:06.295,137.48,0.112810386877,0.0,0
2018-05-27 19:23:06.389,137.06,0.12504656064,0.0,0
2018-05-27 19:23:06.482,137.62,0.138058545864,0.0,0
2018-05-27 19:23:06.575,136.74,0.138058545864,0.0,0
2018-05-27 19:23:06.668,136.43,0.138058545864,0.0,0
2018-05-27 19:23:06.761,136.65,0.138058545864,0.0,0
2018-05-27 19:23:06.845,136.74,0.138058545864,0.0,0
2018-05-27 19:23:07.007,136.79,0.138058545864,0.0,0
2018-05-27 19:23:07.100,136.51,0.138058545864,0.0,0
2018-05-27 19:23:07.184,137.41,0.138058545864,0.0,0
2018-05-27 19:23:07.277,137.98,0.138058545864,0.0,0
2018-05-27 19:23:07.444,137.44,0.138058545864,0.0,0
2018-05-27 19:23:07.538,137.58,0.138058545864,0.0,0
2018-05-27 19:23:07.631,138.02,0.138058545864,0.0,0
2018-05-27 19:23:07.724,138.58,0.138058545864,0.0,0
2018-05-27 19:23:07.808,138.63,0.138058545864,0.0,0
2018-05-27 19:23:07.901,138.76,0.138058545864,0.0,0
2018-05-27 19:23:08.044,137.79,0.138058545864,0.0,0
2018-05-27 19:23:08.156,138.62,0.138058545864,0.0,0
2018-05-27 19:23:08.249,138.63,0.138058545864,0.0,0
2018-05-27 19:23:08.342,138.87,0.138058545864,0.0,0
2018-05-27 19:23:08.528,139.31,0.138058545864,0.0,0
2018-05-27 19:23:08.714,138.94,0.138058545864,0.0,0
2018-05-27 19:23:08.798,138.25,0.138058545864,0.0,0
2018-05-27 19:23:08.891,138.23,0.138058545864,0.0,0
2018-05-27 19:23:09.053,138.21,0.138058545864,0.0,0
2018-05-27 19:23:09.146,138.02,0.138058545864,0.0,0
2018-05-27 19:23:09.239,138.21,0.138058545864,0.0,0
2018-05-27 19:23:09.333,138.3,0.138058545864,0.0,0
2018-05-27 19:23:09.426,137.79,0.138058545864,0.0,0
2018-05-27 19:23:09.519,137.62,0.138058545864,0.0,0
2018-05-27 19:23:09.612,138.19,0.138058545864,0.0,0
2018-05-27 19:23:09.705,137.68,0.138058545864,0.0,0
2018-05-27 19:23:09.798,138.17,0.138058545864,0.0,0
2018-05-27 19:23:09.882,139.43,0.138058545864,0.0,0
2018-05-27 19:23:10.044,139.26,0.138058545864,0.0,0
2018-05-27 19:23:10.137,138.9,0.138058545864,0.0,0
2018-05-27 19:23:10.416,138.47,0.138058545864,0.0,0
2018-05-27 19:23:10.603,138.53,0.138058545864,0.0,0
2018-05-27 19:23:10.687,137.37,0.138058545864,0.0,0
2018-05-27 19:23:10.780,137.34,0.138058545864,0.0,0
2018-05-27 19:23:10.873,137.62,0.138058545864,0.0,0
2018-05-27 19:23:11.035,137.85,0.138058545864,0.0,0
2018-05-27 19:23:11.128,138.38,0.138058545864,0.0,0
2018-05-27 19:23:11.221,137.86,0.138058545864,0.0,0
2018-05-27 19:23:11.315,138.01,0.138058545864,0.0,0
2018-05-27 19:23:11.399,139.12,0.138058545864,0.0,0
2018-05-27 19:23:11.491,139.2,0.138058545864,0.0,0
2018-05-27 19:23:11.584,139.0,0.138058545864,0.0,0
2018-05-27 19:23:11.677,139.12,0.138058545864,0.0,0
2018-05-27 19:23:11.770,139.06,0.138058545864,0.0,0
2018-05-27 19:23:11.864,139.25,0.138058545864,0.0,0
2018-05-27 19:23:12.025,139.4,0.138058545864,0.0,0
2018-05-27 19:23:12.119,139.48,0.138058545864,0.0,0
2018-05-27 19:23:12.202,139.78,0.138058545864,0.0,0
2018-05-27 19:23:12.295,139.97,0.138058545864,0.0,0
2018-05-27 19:23:12.388,140.24,0.138058545864,0.0,0
2018-05-27 19:23:12.482,140.33,0.138058545864,0.0,0
2018-05-27 19:23:12.575,140.39,0.138058545864,0.0,0
2018-05-27 19:23:12.668,140.8,0.138058545864,0.0,0
2018-05-27 19:23:12.761,141.12,0.138058545864,0.0,0
2018-05-27 19:23:12.845,139.96,0.138058545864,0.0,0
2018-05-27 19:23:13.091,140.16,0.138058545864,0.0,0
2018-05-27 19:23:13.184,140.66,0.138058545864,0.0,0
2018-05-27 19:23:13.272,139.88,0.138058545864,0.0,0
2018-05-27 19:23:13.351,141.67,0.138058545864,0.0,0
2018-05-27 19:23:13.444,141.5,0.138058545864,0.0,0
2018-05-27 19:23:13.538,141.63,0.138058545864,0.0,0
2018-05-27 19:23:13.631,141.52,0.138058545864,0.0,0
2018-05-27 19:23:13.715,141.58,0.138058545864,0.0,0
2018-05-27 19:23:13.901,141.71,0.138058545864,0.0,0
2018-05-27 19:23:14.156,142.23,0.138058545864,0.0,0
2018-05-27 19:23:14.249,141.88,0.138058545864,0.0,0
2018-05-27 19:23:14.426,142.36,0.138058545864,0.0,0
2018-05-27 19:23:14.519,142.91,0.138058545864,0.0,0
2018-05-27 19:23:14.612,142.89,0.138058545864,0.0,0
2018-05-27 19:23:14.696,142.77,0.138058545864,0.0,0
2018-05-27 19:23:14.789,142.68,0.138058545864,0.0,0
2018-05-27 19:23:14.882,143.11,0.138058545864,0.0,0
2018-05-27 19:23:15.137,143.05,0.138058545864,0.0,0
2018-05-27 19:23:15.230,142.41,0.138058545864,0.0,0
2018-05-27 19:23:15.323,142.11,0.138058545864,0.0,0
2018-05-27 19:23:15.417,142.47,0.138058545864,0.0,0
2018-05-27 19:23:15.500,143.24,0.138058545864,0.0,0
2018-05-27 19:23:15.593,142.05,0.138058545864,0.0,0
2018-05-27 19:23:15.770,143.85,0.138058545864,0.0,0
2018-05-27 19:23:15.864,142.86,0.138058545864,0.0,0
2018-05-27 19:23:16.025,142.91,0.138058545864,0.0,0
2018-05-27 19:23:16.118,143.39,0.138058545864,0.0,0
2018-05-27 19:23:16.212,143.32,0.138058545864,0.0,0
2018-05-27 19:23:16.305,142.47,0.138058545864,0.0,0
2018-05-27 19:23:16.398,144.06,0.138058545864,0.0,0
2018-05-27 19:23:16.491,144.87,0.138058545864,0.0,0
2018-05-27 19:23:16.584,145.3,0.138058545864,0.0,0
2018-05-27 19:23:16.677,145.45,0.138058545864,0.0,0
2018-05-27 19:23:16.770,144.38,0.138058545864,0.0,0
2018-05-27 19:23:16.864,144.39,0.138058545864,0.0,0
2018-05-27 19:23:17.025,144.52,0.138058545864,0.0,0
2018-05-27 19:23:17.118,145.26,0.138058545864,0.0,0
2018-05-27 19:23:17.212,145.11,0.138058545864,0.0,0
2018-05-27 19:23:17.305,145.27,0.138058545864,0.0,0
2018-05-27 19:23:17.388,145.07,0.138058545864,0.0,0
2018-05-27 19:23:17.482,146.17,0.138058545864,0.0,0
2018-05-27 19:23:17.575,146.43,0.138058545864,0.0,0
2018-05-27 19:23:17.668,146.47,0.138058545864,0.0,0
2018-05-27 19:23:17.761,145.6,0.138058545864,0.0,0
2018-05-27 19:23:17.845,146.15,0.138058545864,0.0,0
2018-05-27 19:23:18.100,145.98,0.138058545864,0.0,0
2018-05-27 19:23:18.184,145.64,0.138058545864,0.0,0
2018-05-27 19:23:18.277,146.04,0.138058545864,0.0,0
2018-05-27 19:23:18.458,146.16,0.138058545864,0.0,0
2018-05-27 19:23:18.547,146.9,0.138058545864,0.0,0
2018-05-27 19:23:18.631,146.28,0.138058545864,0.0,0
2018-05-27 19:23:18.808,146.68,0.138058545864,0.0,0
2018-05-27 19:23:18.891,146.72,0.138058545864,0.0,0
2018-05-27 19:23:19.053,146.66,0.138058545864,0.0,0
2018-05-27 19:23:19.239,147.86,0.138058545864,0.0,0
2018-05-27 19:23:19.333,148.26,0.138058545864,0.0,0
2018-05-27 19:23:19.426,147.09,0.138058545864,0.0,0
2018-05-27 19:23:19.519,147.73,0.138058545864,0.0,0
2018-05-27 19:23:19.612,147.76,0.138058545864,0.0,0
2018-05-27 19:23:19.789,148.11,0.138058545864,0.0,0
2018-05-27 19:23:19.882,148.59,0.138058545864,0.0,0
2018-05-27 19:23:20.044,148.84,0.138058545864,0.0,0
2018-05-27 19:23:20.137,148.1,0.138058545864,0.0,0
2018-05-27 19:23:20.230,148.02,0.138058545864,0.0,0
2018-05-27 19:23:20.323,149.53,0.138058545864,0.0,0
2018-05-27 19:23:20.416,149.53,0.138058545864,0.0,0
2018-05-27 19:23:20.509,148.91,0.138058545864,0.0,0
2018-05-27 19:23:20.603,148.8,0.138058545864,0.0,0
2018-05-27 19:23:20.780,148.97,0.138058545864,0.0,0
2018-05-27 19:23:20.873,150.38,0.138058545864,0.0,0
2018-05-27 19:23:21.035,150.14,0.138058545864,0.0,0
2018-05-27 19:23:21.128,149.37,0.138058545864,0.0,0
2018-05-27 19:23:21.221,149.53,0.138058545864,0.0,0
2018-05-27 19:23:21.314,149.42,0.138058545864,0.0,0
2018-05-27 19:23:21.407,150.26,0.138058545864,0.0,0
2018-05-27 19:23:21.500,150.26,0.138058545864,0.0,0
2018-05-27 19:23:21.686,149.92,0.138058545864,0.0,0
2018-05-27 19:23:21.770,150.18,0.138058545864,0.0,0
2018-05-27 19:23:21.863,150.43,0.138058545864,0.0,0
2018-05-27 19:23:22.025,150.78,0.138058545864,0.0,0
2018-05-27 19:23:22.211,150.51,0.138058545864,0.0,0
2018-05-27 19:23:22.305,150.84,0.138058545864,0.0,0
2018-05-27 19:23:22.398,151.07,0.138058545864,0.0,0
2018-05-27 19:23:22.491,150.38,0.138058545864,0.0,0
2018-05-27 19:23:22.584,150.68,0.138058545864,0.0,0
2018-05-27 19:23:22.771,151.6,0.138058545864,0.0,0
2018-05-27 19:23:22.854,151.55,0.138058545864,0.0,0
2018-05-27 19:23:23.016,150.87,0.138058545864,0.0,0
2018-05-27 19:23:23.109,150.53,0.138058545864,0.0,0
2018-05-27 19:23:23.202,150.83,0.138058545864,0.0,0
2018-05-27 19:23:23.295,151.54,0.138058545864,0.0,0
2018-05-27 19:23:23.482,150.88,0.138058545864,0.0,0
2018-05-27 19:23:23.575,151.79,0.138058545864,0.0,0
2018-05-27 19:23:23.668,151.68,0.138058545864,0.0,0
2018-05-27 19:23:24.007,150.71,0.138058545864,0.0,0
2018-05-27 19:23:24.100,151.08,0.138058545864,0.0,0
2018-05-27 19:23:24.193,150.58,0.138058545864,0.0,0
2018-05-27 19:23:24.379,148.49,0.138058545864,0.0,0
2018-05-27 19:23:24.649,147.08,0.138058545864,0.0,0
2018-05-27 19:23:24.910,145.35,0.138058545864,0.0,0
2018-05-27 19:23:25.072,145.18,0.138058545864,0.0,0
2018-05-27 19:23:25.165,145.49,0.138058545864,0.0,0
2018-05-27 19:23:25.258,145.27,0.138058545864,0.0,0
2018-05-27 19:23:25.435,143.95,0.138058545864,0.0,0
2018-05-27 19:23:25.528,143.78,0.138058545864,0.0,0
2018-05-27 19:23:25.714,142.61,0.138058545864,0.0,0
2018-05-27 19:23:25.798,142.48,0.138058545864,0.0,0
2018-05-27 19:23:25.891,142.86,0.138058545864,0.0,0
2018-05-27 19:23:26.240,142.0,0.138058545864,0.0,0
2018-05-27 19:23:26.323,142.31,0.138058545864,0.0,0
2018-05-27 19:23:26.416,142.56,0.138058545864,0.0,0
2018-05-27 19:23:26.509,142.22,0.138058545864,0.0,0
2018-05-27 19:23:26.603,141.72,0.138058545864,0.0,0
2018-05-27 19:23:26.696,141.49,0.138058545864,0.0,0
2018-05-27 19:23:27.128,141.9,0.138058545864,0.0,0
2018-05-27 19:23:27.211,141.84,0.138058545864,0.0,0
2018-05-27 19:23:27.398,141.46,0.138058545864,0.0,0
2018-05-27 19:23:27.491,141.82,0.138058545864,0.0,0
2018-05-27 19:23:27.584,141.51,0.138058545864,0.0,0
2018-05-27 19:23:27.770,141.66,0.138058545864,0.0,0
2018-05-27 19:23:27.863,141.58,0.138058545864,0.0,0
2018-05-27 19:23:28.295,141.13,0.138058545864,0.0,0
2018-05-27 19:23:28.575,140.68,0.138058545864,0.0,0
2018-05-27 19:23:28.668,140.52,0.138058545864,0.0,0
2018-05-27 19:23:28.845,140.51,0.138058545864,0.0,0
2018-05-27 19:23:29.101,139.43,0.138058545864,0.0,0
2018-05-27 19:23:29.183,137.15,0.138058545864,0.0,0
2018-05-27 19:23:29.272,137.94,0.138058545864,0.0,0
2018-05-27 19:23:29.360,137.23,0.138058545864,0.0,0
2018-05-27 19:23:29.444,138.23,0.138058545864,0.0,0
2018-05-27 19:23:29.538,137.24,0.138058545864,0.0,0
2018-05-27 19:23:29.808,135.02,0.138058545864,0.0,0
2018-05-27 19:23:30.062,133.92,0.138058545864,0.0,0
2018-05-27 19:23:30.156,133.78,0.138058545864,0.0,0
2018-05-27 19:23:30.249,134.24,0.138058545864,0.0,0
2018-05-27 19:23:30.435,133.5,0.138058545864,0.0,0
2018-05-27 19:23:30.621,131.29,0.138058545864,0.0,0
2018-05-27 19:23:30.705,131.9,0.138058545864,0.0,0
2018-05-27 19:23:30.891,131.41,0.138058545864,0.0,0
2018-05-27 19:23:31.053,129.54,0.138058545864,0.0,0
2018-05-27 19:23:31.333,129.56,0.12504656064,0.0250000003725,0
2018-05-27 19:23:31.426,129.66,0.12504656064,0.0,0
2018-05-27 19:23:31.519,128.38,0.12504656064,0.0,0
2018-05-27 19:23:31.705,129.24,0.12504656064,0.0,0
2018-05-27 19:23:31.882,128.3,0.12504656064,0.0,0
2018-05-27 19:23:32.044,129.03,0.12504656064,0.0,0
2018-05-27 19:23:32.137,128.93,0.12504656064,0.0,0
2018-05-27 19:23:32.230,128.5,0.12504656064,0.0,0
2018-05-27 19:23:32.323,128.37,0.12504656064,0.0,0
2018-05-27 19:23:32.416,127.75,0.12504656064,0.0,0
2018-05-27 19:23:32.594,127.67,0.138058545864,0.0,0
2018-05-27 19:23:32.687,127.31,0.138058545864,0.0,0
2018-05-27 19:23:32.779,128.7,0.138058545864,0.0,0
2018-05-27 19:23:32.873,128.52,0.138058545864,0.0,0
2018-05-27 19:23:33.034,127.22,0.138058545864,0.0,0
2018-05-27 19:23:33.221,128.02,0.138058545864,0.0,0
2018-05-27 19:23:33.500,127.11,0.138058545864,0.0,0
2018-05-27 19:23:33.593,127.89,0.138058545864,0.0,0
2018-05-27 19:23:33.686,127.87,0.138058545864,0.0,0
2018-05-27 19:23:33.863,128.0,0.138058545864,0.0,0
2018-05-27 19:23:34.025,127.68,0.138058545864,0.0,0
2018-05-27 19:23:34.212,127.01,0.138058545864,0.0,0
2018-05-27 19:23:34.295,128.14,0.138058545864,0.0,0
2018-05-27 19:23:34.388,126.96,0.138058545864,0.0,0
2018-05-27 19:23:34.575,128.26,0.138058545864,0.0,0
2018-05-27 19:23:34.761,126.69,0.138058545864,0.0,0
2018-05-27 19:23:34.845,128.58,0.138058545864,0.0,0
2018-05-27 19:23:35.007,128.44,0.138058545864,0.0,0
2018-05-27 19:23:35.090,127.61,0.138058545864,0.0,0
2018-05-27 19:23:35.183,128.51,0.138058545864,0.0,0
2018-05-27 19:23:35.351,128.98,0.138058545864,0.0,0
2018-05-27 19:23:35.444,128.7,0.138058545864,0.0,0
2018-05-27 19:23:35.630,128.02,0.138058545864,0.0,0
2018-05-27 19:23:35.715,128.7,0.138058545864,0.0,0
2018-05-27 19:23:36.062,127.96,0.138058545864,0.0,0
2018-05-27 19:23:36.249,128.91,0.138058545864,0.0,0
2018-05-27 19:23:36.435,128.83,0.138058545864,0.0,0
2018-05-27 19:23:36.528,129.81,0.138058545864,0.0,0
2018-05-27 19:23:36.798,128.85,0.138058545864,0.0,0
2018-05-27 19:23:36.892,130.18,0.138058545864,0.0,0
2018-05-27 19:23:37.053,130.05,0.138058545864,0.0,0
2018-05-27 19:23:37.146,129.64,0.138058545864,0.0,0
2018-05-27 19:23:37.239,129.48,0.138058545864,0.0,0
2018-05-27 19:23:37.333,129.25,0.138058545864,0.0,0
2018-05-27 19:23:37.426,130.18,0.138058545864,0.0,0
2018-05-27 19:23:37.705,129.59,0.138058545864,0.0,0
2018-05-27 19:23:38.044,128.78,0.138058545864,0.0,0
2018-05-27 19:23:38.137,129.8,0.138058545864,0.0,0
2018-05-27 19:23:38.230,129.23,0.138058545864,0.0,0
2018-05-27 19:23:38.323,130.68,0.138058545864,0.0,0
2018-05-27 19:23:38.509,130.24,0.138058545864,0.0,0
2018-05-27 19:23:38.603,130.36,0.138058545864,0.0,0
2018-05-27 19:23:38.714,130.95,0.138058545864,0.0,0
2018-05-27 19:23:38.807,130.29,0.138058545864,0.0,0
2018-05-27 19:23:38.901,130.55,0.138058545864,0.0,0
2018-05-27 19:23:39.063,130.91,0.138058545864,0.0,0
2018-05-27 19:23:39.333,130.57,0.138058545864,0.0,0
2018-05-27 19:23:39.519,130.93,0.138058545864,0.0,0
2018-05-27 19:23:39.612,131.94,0.138058545864,0.0,0
2018-05-27 19:23:39.696,130.42,0.138058545864,0.0,0
2018-05-27 19:23:39.789,131.23,0.138058545864,0.0,0
2018-05-27 19:23:39.883,131.07,0.138058545864,0.0,0
2018-05-27 19:23:40.034,132.32,0.138058545864,0.0,0
2018-05-27 19:23:40.221,131.65,0.138058545864,0.0,0
2018-05-27 19:23:40.314,131.77,0.138058545864,0.0,0
2018-05-27 19:23:40.407,131.27,0.138058545864,0.0,0
2018-05-27 19:23:40.500,132.7,0.138058545864,0.0,0
2018-05-27 19:23:40.686,132.32,0.138058545864,0.0,0
2018-05-27 19:23:40.771,131.91,0.138058545864,0.0,0
2018-05-27 19:23:40.863,131.54,0.138058545864,0.0,0
2018-05-27 19:23:41.025,132.8,0.138058545864,0.0,0
2018-05-27 19:23:41.109,132.31,0.138058545864,0.0,0
2018-05-27 19:23:41.202,131.98,0.138058545864,0.0,0
2018-05-27 19:23:41.295,131.94,0.138058545864,0.0,0
2018-05-27 19:23:41.482,132.89,0.138058545864,0.0,0
2018-05-27 19:23:41.575,132.6,0.138058545864,0.0,0
2018-05-27 19:23:41.668,132.09,0.138058545864,0.0,0
2018-05-27 19:23:41.761,132.02,0.138058545864,0.0,0
2018-05-27 19:23:41.845,131.72,0.138058545864,0.0,0
2018-05-27 19:23:42.007,132.7,0.138058545864,0.0,0
2018-05-27 19:23:42.100,132.57,0.138058545864,0.0,0
2018-05-27 19:23:42.193,132.09,0.138058545864,0.0,0
2018-05-27 19:23:42.286,130.6,0.138058545864,0.0,0
2018-05-27 19:23:42.370,131.83,0.138058545864,0.0,0
2018-05-27 19:23:42.640,131.36,0.138058545864,0.0,0
2018-05-27 19:23:42.724,132.4,0.138058545864,0.0,0
2018-05-27 19:23:42.817,131.94,0.138058545864,0.0,0
2018-05-27 19:23:42.910,131.36,0.138058545864,0.0,0
2018-05-27 19:23:43.072,131.38,0.138058545864,0.0,0
2018-05-27 19:23:43.249,131.47,0.138058545864,0.0,0
2018-05-27 19:23:43.342,130.78,0.138058545864,0.0,0
2018-05-27 19:23:43.435,130.42,0.138058545864,0.0,0
2018-05-27 19:23:43.621,130.5,0.138058545864,0.0,0
2018-05-27 19:23:43.705,130.42,0.138058545864,0.0,0
2018-05-27 19:23:43.891,129.97,0.138058545864,0.0,0
2018-05-27 19:23:44.053,130.29,0.138058545864,0.0,0
2018-05-27 19:23:44.137,129.87,0.138058545864,0.0,0
2018-05-27 19:23:44.230,129.53,0.138058545864,0.0,0
2018-05-27 19:23:44.323,129.92,0.138058545864,0.0,0
2018-05-27 19:23:44.416,130.08,0.138058545864,0.0,0
2018-05-27 19:23:44.602,130.32,0.138058545864,0.0,0
2018-05-27 19:23:44.696,129.14,0.138058545864,0.0,0
2018-05-27 19:23:44.779,130.12,0.138058545864,0.0,0
2018-05-27 19:23:44.873,129.57,0.138058545864,0.0,0
2018-05-27 19:23:45.025,128.7,0.138058545864,0.0,0
2018-05-27 19:23:45.118,129.26,0.138058545864,0.0,0
2018-05-27 19:23:45.211,129.34,0.138058545864,0.0,0
2018-05-27 19:23:45.304,128.42,0.138058545864,0.0,0
2018-05-27 19:23:45.398,128.59,0.138058545864,0.0,0
2018-05-27 19:23:45.584,128.36,0.138058545864,0.0,0
2018-05-27 19:23:45.677,127.58,0.138058545864,0.0,0
2018-05-27 19:23:45.854,127.37,0.138058545864,0.0,0
2018-05-27 19:23:46.016,125.78,0.138058545864,0.0,0
2018-05-27 19:23:46.109,125.21,0.138058545864,0.0,0
2018-05-27 19:23:46.202,125.3,0.138058545864,0.0,0
2018-05-27 19:23:46.295,125.26,0.138058545864,0.0,0
2018-05-27 19:23:46.388,123.65,0.12504656064,0.0250000003725,0
2018-05-27 19:23:46.481,123.39,0.112810386877,0.0250000003725,0
2018-05-27 19:23:46.575,123.6,0.101339266172,0.0250000003725,0
2018-05-27 19:23:46.668,122.18,0.0906213267703,0.0250000003725,0
2018-05-27 19:23:46.752,122.49,0.0806434671136,0.0250000003725,0
2018-05-27 19:23:46.845,121.42,0.0713912319113,0.0250000003725,0
2018-05-27 19:23:47.006,121.95,0.054998263009,0.0500000007451,0
2018-05-27 19:23:47.100,121.09,0.0412947210195,0.0500000007451,0
2018-05-27 19:23:47.193,120.26,0.0301030005602,0.0500000007451,0
2018-05-27 19:23:47.286,121.1,0.0412947232396,0.0500000007451,0
2018-05-27 19:23:47.379,119.19,0.0478206718064,0.0500000007451,0
2018-05-27 19:23:47.472,119.97,0.0478206718064,0.0250000003725,0
2018-05-27 19:23:47.565,119.72,0.0478206718064,0.0250000003725,0
2018-05-27 19:23:47.659,118.6,0.0478206718064,0.0250000003725,0
2018-05-27 19:23:47.742,117.06,0.0478206718064,0.0250000003725,0
2018-05-27 19:23:47.831,118.15,0.0412947232396,0.0,0
2018-05-27 19:23:47.919,117.18,0.0353972499929,0.0250000003725,0
2018-05-27 19:23:48.072,116.14,0.0301030005602,0.0250000003725,0
2018-05-27 19:23:48.258,115.02,0.0353972479932,0.0250000003725,0
2018-05-27 19:23:48.342,115.24,0.0412947210195,0.0250000003725,0
2018-05-27 19:23:48.435,113.8,0.0478206693574,0.0250000003725,0
2018-05-27 19:23:48.528,113.69,0.0478206693574,0.0250000003725,0
2018-05-27 19:23:48.714,112.32,0.0478206693574,0.0250000003725,0
2018-05-27 19:23:48.798,111.29,0.0412947210195,0.0500000007451,0
2018-05-27 19:23:48.892,110.37,0.0301030009329,0.0750000029802,0
2018-05-27 19:23:49.054,109.5,0.0412947237021,0.0500000007451,0
2018-05-27 19:23:49.137,109.59,0.0478206723167,0.0500000007451,0
2018-05-27 19:23:49.323,107.38,0.0412947237021,0.0,0
2018-05-27 19:23:49.416,106.85,0.0353972504095,0.0,0
2018-05-27 19:23:49.509,106.24,0.0301030009329,0.0,0
2018-05-27 19:23:49.602,105.11,0.0353972475766,0.0,0
2018-05-27 19:23:49.696,104.69,0.041294720557,0.0,0
2018-05-27 19:23:49.863,103.26,0.0478206688471,0.0,0
2018-05-27 19:23:50.025,103.02,0.0628486817362,0.0,0
2018-05-27 19:23:50.118,103.07,0.0906213267703,0.0,0
2018-05-27 19:23:50.211,102.22,0.112810386877,0.0,0
2018-05-27 19:23:50.388,100.83,0.138058545864,0.0,0
2018-05-27 19:23:50.481,100.59,0.138058545864,0.0,0
2018-05-27 19:23:50.668,99.99,0.138058545864,0.0,0
2018-05-27 19:23:50.751,99.13,0.138058545864,0.0,0
2018-05-27 19:23:50.845,98.97,0.138058545864,0.0,0
2018-05-27 19:23:51.006,98.29,0.138058545864,0.0,0
2018-05-27 19:23:51.100,97.22,0.138058545864,0.0,0
2018-05-27 19:23:51.193,96.88,0.138058545864,0.0,0
2018-05-27 19:23:51.276,96.49,0.12504656064,0.0250000003725,0
2018-05-27 19:23:51.379,95.05,0.12504656064,0.0,0
2018-05-27 19:23:51.472,94.78,0.12504656064,0.0,0
2018-05-27 19:23:51.565,94.76,0.112810386877,0.0250000003725,0
2018-05-27 19:23:51.658,94.08,0.101339266172,0.0250000003725,0
2018-05-27 19:23:51.742,93.19,0.101339266172,0.0,0
2018-05-27 19:23:51.835,92.61,0.101339266172,0.0,0
2018-05-27 19:23:51.919,92.2,0.101339266172,0.0,0
2018-05-27 19:23:52.072,91.75,0.101339266172,0.0,0
2018-05-27 19:23:52.165,91.4,0.101339266172,0.0,0
2018-05-27 19:23:52.258,90.73,0.112810386877,0.0,0
2018-05-27 19:23:52.351,90.23,0.112810386877,0.0,0
2018-05-27 19:23:52.537,88.71,0.112810386877,0.0,0
2018-05-27 19:23:52.621,87.78,0.12504656064,0.0,0
2018-05-27 19:23:52.714,87.94,0.138058545864,0.0,0
2018-05-27 19:23:52.798,87.55,0.138058545864,0.0,0
2018-05-27 19:23:52.891,86.94,0.138058545864,0.0,0
2018-05-27 19:23:53.053,86.05,0.138058545864,0.0,0
2018-05-27 19:23:53.146,85.78,0.138058545864,0.0,0
2018-05-27 19:23:53.239,84.38,0.138058545864,0.0,0
2018-05-27 19:23:53.332,84.11,0.138058545864,0.0,0
2018-05-27 19:23:53.509,82.12,0.138058545864,0.0,0
2018-05-27 19:23:53.603,81.47,0.138058545864,0.0,0
2018-05-27 19:23:53.686,81.3,0.138058545864,0.0,0
2018-05-27 19:23:53.779,80.48,0.138058545864,0.0,0
2018-05-27 19:23:53.873,79.11,0.138058545864,0.0,0
2018-05-27 19:23:54.034,79.65,0.138058545864,0.0,0
2018-05-27 19:23:54.128,78.88,0.138058545864,0.0,0
2018-05-27 19:23:54.221,78.45,0.138058545864,0.0,0
2018-05-27 19:23:54.314,78.26,0.138058545864,0.0,0
2018-05-27 19:23:54.398,78.26,0.138058545864,0.0,0
2018-05-27 19:23:54.491,78.01,0.138058545864,0.0,0
2018-05-27 19:23:54.584,77.45,0.138058545864,0.0,0
2018-05-27 19:23:54.677,77.6,0.138058545864,0.0,0
2018-05-27 19:23:54.770,76.98,0.138058545864,0.0,0
2018-05-27 19:23:54.863,76.25,0.138058545864,0.0,0
2018-05-27 19:23:55.025,76.38,0.138058545864,0.0,0
2018-05-27 19:23:55.118,75.48,0.138058545864,0.0,0
2018-05-27 19:23:55.211,75.52,0.138058545864,0.0,0
2018-05-27 19:23:55.304,74.91,0.138058545864,0.0,0
2018-05-27 19:23:55.398,73.59,0.138058545864,0.0,0
2018-05-27 19:23:55.481,73.78,0.138058545864,0.0,0
2018-05-27 19:23:55.574,73.12,0.138058545864,0.0,0
2018-05-27 19:23:55.668,73.03,0.138058545864,0.0,0
2018-05-27 19:23:55.761,71.15,0.138058545864,0.0,0
2018-05-27 19:23:55.845,71.2,0.138058545864,0.0,0
2018-05-27 19:23:56.006,70.27,0.138058545864,0.0,0
2018-05-27 19:23:56.100,69.99,0.138058545864,0.0,0
2018-05-27 19:23:56.193,68.7,0.138058545864,0.0,0
2018-05-27 19:23:56.286,68.19,0.138058545864,0.0,0
2018-05-27 19:23:56.370,67.27,0.138058545864,0.0,0
2018-05-27 19:23:56.463,66.91,0.138058545864,0.0,0
2018-05-27 19:23:56.547,66.29,0.138058545864,0.0,0
2018-05-27 19:23:56.630,64.96,0.138058545864,0.0,0
2018-05-27 19:23:56.723,64.8,0.138058545864,0.0,0
2018-05-27 19:23:56.901,62.61,0.138058545864,0.0,0
2018-05-27 19:23:57.146,61.53,0.138058545864,0.0,0
2018-05-27 19:23:57.239,61.02,0.138058545864,0.0,0
2018-05-27 19:23:57.332,59.75,0.138058545864,0.0,0
2018-05-27 19:23:57.425,59.13,0.138058545864,0.0,0
2018-05-27 19:23:57.612,57.48,0.138058545864,0.0,0
2018-05-27 19:23:57.789,55.77,0.138058545864,0.0,0
2018-05-27 19:23:57.873,55.08,0.138058545864,0.0,0
2018-05-27 19:23:58.034,54.53,0.138058545864,0.0,0
2018-05-27 19:23:58.128,53.62,0.138058545864,0.0,0
2018-05-27 19:23:58.221,52.99,0.138058545864,0.0,0
2018-05-27 19:23:58.314,52.02,0.138058545864,0.0,0
2018-05-27 19:23:58.407,51.63,0.138058545864,0.0,0
2018-05-27 19:23:58.500,50.86,0.138058545864,0.0,0
2018-05-27 19:23:58.593,50.3,0.138058545864,0.0,0
2018-05-27 19:23:58.677,50.05,0.138058545864,0.0,0
2018-05-27 19:23:58.770,49.52,0.138058545864,0.0,0
2018-05-27 19:23:58.854,49.34,0.138058545864,0.0,0
2018-05-27 19:23:59.016,48.84,0.138058545864,0.0,0
2018-05-27 19:23:59.109,49.02,0.138058545864,0.0,0
2018-05-27 19:23:59.202,48.07,0.138058545864,0.0,0
2018-05-27 19:23:59.295,47.16,0.138058545864,0.0,0
2018-05-27 19:23:59.388,46.8,0.138058545864,0.0,0
2018-05-27 19:23:59.481,47.02,0.138058545864,0.0,0
2018-05-27 19:23:59.668,46.4,0.138058545864,0.0,0
2018-05-27 19:23:59.751,46.96,0.138058545864,0.0,0
2018-05-27 19:23:59.845,45.68,0.138058545864,0.0,0
2018-05-27 19:24:00.006,44.5,0.138058545864,0.0,0
2018-05-27 19:24:00.099,44.85,0.138058545864,0.0,0
2018-05-27 19:24:00.193,44.48,0.138058545864,0.0,0
2018-05-27 19:24:00.379,43.99,0.138058545864,0.0,0
2018-05-27 19:24:00.472,43.82,0.138058545864,0.0,0
2018-05-27 19:24:00.565,43.49,0.138058545864,0.0,0
2018-05-27 19:24:00.658,43.17,0.0906213267703,0.10000000149,0
2018-05-27 19:24:00.742,43.11,0.054998263009,0.10000000149,0
2018-05-27 19:24:00.919,42.36,0.0353972475766,0.0750000029802,0
2018-05-27 19:24:01.072,42.03,0.0353972504095,0.0500000007451,0
2018-05-27 19:24:01.165,41.77,0.0412947237021,0.0250000003725,0
2018-05-27 19:24:01.258,41.41,0.0478206723167,0.0250000003725,0
2018-05-27 19:24:01.351,41.39,0.0549982662546,0.0250000003725,0
2018-05-27 19:24:01.444,41.68,0.0628486858873,0.0250000003725,0
2018-05-27 19:24:01.537,41.61,0.071391235755,0.0250000003725,0
2018-05-27 19:24:01.714,42.32,0.0806434712675,0.0250000003725,0
2018-05-27 19:24:01.798,41.99,0.0549982662546,0.0250000003725,0
2018-05-27 19:24:01.891,40.77,0.0353972504095,0.0250000003725,0
2018-05-27 19:24:02.053,41.04,0.0412947232396,0.10000000149,0
2018-05-27 19:24:02.146,41.1,0.054998265695,0.10000000149,0
2018-05-27 19:24:02.239,40.83,0.0806434705513,0.10000000149,0
2018-05-27 19:24:02.332,40.29,0.125046564214,0.125,0
2018-05-27 19:24:02.426,40.09,0.198046616807,0.15000000596,0
2018-05-27 19:24:02.509,39.81,0.291426366372,0.15000000596,0
2018-05-27 19:24:02.602,40.38,0.405833560432,0.15000000596,0
2018-05-27 19:24:02.686,39.04,0.541686033046,0.15000000596,0
2018-05-27 19:24:02.779,39.17,0.299999996735,0.15000000596,0
2018-05-27 19:24:02.872,39.16,0.299999996735,0.15000000596,0
2018-05-27 19:24:03.034,38.91,0.299999996735,0.15000000596,0
2018-05-27 19:24:03.128,38.21,0.299999996735,0.15000000596,0
2018-05-27 19:24:03.221,37.84,0.299999996735,0.25,0
2018-05-27 19:24:03.314,37.48,0.299999996735,0.15000000596,0
2018-05-27 19:24:03.397,38.54,0.299999996735,0.15000000596,0
2018-05-27 19:24:03.491,38.22,0.299999996735,0.0750000029802,0
2018-05-27 19:24:03.584,38.52,0.299999996735,0.0,0
2018-05-27 19:24:03.677,39.4,0.299999996735,0.0,0
2018-05-27 19:24:03.770,38.24,0.299999996735,0.0,0
2018-05-27 19:24:03.863,38.33,0.381247415626,0.0,0
2018-05-27 19:24:04.025,38.03,0.25158101442,0.0,0
2018-05-27 19:24:04.118,38.0,0.151856103913,0.0,0
2018-05-27 19:24:04.212,37.74,0.0478206743575,0.0,0
2018-05-27 19:24:04.295,37.03,0.0478206678267,0.0,0
2018-05-27 19:24:04.388,37.11,0.101339265346,0.0,0
2018-05-27 19:24:04.481,36.97,0.138058545864,0.0,0
2018-05-27 19:24:04.565,36.77,0.138058545864,0.0,0
2018-05-27 19:24:04.658,36.18,0.138058545864,0.0,0
2018-05-27 19:24:04.742,36.13,0.138058545864,0.0,0
2018-05-27 19:24:04.827,36.41,0.138058545864,0.0,0
2018-05-27 19:24:05.072,35.88,0.138058545864,0.0,0
2018-05-27 19:24:05.165,36.86,0.138058545864,0.0,0
2018-05-27 19:24:05.258,36.46,0.138058545864,0.0,0
2018-05-27 19:24:05.351,37.54,0.138058545864,0.0,0
2018-05-27 19:24:05.538,36.81,0.138058545864,0.0,0
2018-05-27 19:24:05.710,36.51,0.138058545864,0.0,0
2018-05-27 19:24:05.798,37.04,0.138058545864,0.0,0
2018-05-27 19:24:05.891,35.99,0.138058545864,0.0,0
2018-05-27 19:24:06.053,35.51,0.12504656064,0.0250000003725,0
2018-05-27 19:24:06.146,35.87,0.12504656064,0.0,0
2018-05-27 19:24:06.231,35.17,0.112810386877,0.0250000003725,0
2018-05-27 19:24:06.323,35.1,0.101339266172,0.0250000003725,0
2018-05-27 19:24:06.416,34.36,0.0906213267703,0.0250000003725,0
2018-05-27 19:24:06.509,34.79,0.0806434671136,0.0250000003725,0
2018-05-27 19:24:06.602,34.05,0.0713912319113,0.0250000003725,0
2018-05-27 19:24:06.696,34.17,0.0628486823466,0.0250000003725,0
2018-05-27 19:24:06.779,34.12,0.054998263009,0.0250000003725,0
2018-05-27 19:24:06.872,33.7,0.0478206693574,0.0250000003725,0
2018-05-27 19:24:07.034,33.21,0.0478206693574,0.0250000003725,0
2018-05-27 19:24:07.128,33.23,0.0412947210195,0.0250000003725,0
2018-05-27 19:24:07.211,33.05,0.0412947210195,0.0250000003725,0
2018-05-27 19:24:07.304,32.25,0.0353972479932,0.0500000007451,0
2018-05-27 19:24:07.397,32.55,0.0301030005602,0.0500000007451,0
2018-05-27 19:24:07.491,32.14,0.0353972479932,0.0,0
2018-05-27 19:24:07.584,32.48,0.0412947210195,0.0,0
2018-05-27 19:24:07.677,32.82,0.0478206693574,0.0,0
2018-05-27 19:24:07.770,33.36,0.054998263009,0.0,0
2018-05-27 19:24:07.863,33.23,0.0628486823466,0.0,0
2018-05-27 19:24:08.025,33.05,0.0713912319113,0.0,0
2018-05-27 19:24:08.119,33.84,0.0806434671136,0.0,0
2018-05-27 19:24:08.202,33.6,0.0906213267703,0.0,0
2018-05-27 19:24:08.295,34.13,0.112810386877,0.0,0
2018-05-27 19:24:08.388,32.66,0.12504656064,0.0250000003725,0
2018-05-27 19:24:08.481,33.21,0.12504656064,0.0,0
2018-05-27 19:24:08.575,32.98,0.12504656064,0.0,0
2018-05-27 19:24:08.668,32.48,0.12504656064,0.0,0
2018-05-27 19:24:08.761,31.94,0.12504656064,0.0,0
2018-05-27 19:24:08.845,32.28,0.12504656064,0.0,0
2018-05-27 19:24:08.928,32.06,0.12504656064,0.0,0
2018-05-27 19:24:09.183,31.79,0.12504656064,0.0,0
2018-05-27 19:24:09.276,31.37,0.12504656064,0.0,0
2018-05-27 19:24:09.370,30.99,0.12504656064,0.0,0
2018-05-27 19:24:09.463,31.3,0.138058545864,0.0,0
2018-05-27 19:24:09.556,31.05,0.138058545864,0.0,0
2018-05-27 19:24:09.649,30.95,0.138058545864,0.0,0
2018-05-27 19:24:09.742,31.06,0.138058545864,0.0,0
2018-05-27 19:24:09.910,31.17,0.138058545864,0.0,0
2018-05-27 19:24:10.071,31.17,0.138058545864,0.0,0
2018-05-27 19:24:10.165,31.01,0.138058545864,0.0,0
2018-05-27 19:24:10.258,31.06,0.138058545864,0.0,0
2018-05-27 19:24:10.351,31.09,0.138058545864,0.0,0
2018-05-27 19:24:10.425,30.89,0.138058545864,0.0,0
2018-05-27 19:24:10.528,30.55,0.138058545864,0.0,0
2018-05-27 19:24:10.710,30.51,0.138058545864,0.0,0
2018-05-27 19:24:10.798,30.36,0.138058545864,0.0,0
2018-05-27 19:24:10.891,30.13,0.138058545864,0.0,0
2018-05-27 19:24:11.053,30.06,0.138058545864,0.0,0
2018-05-27 19:24:11.146,29.87,0.138058545864,0.0,0
2018-05-27 19:24:11.425,29.73,0.138058545864,0.0,0
2018-05-27 19:24:11.612,29.53,0.138058545864,0.0,0
2018-05-27 19:24:11.705,29.18,0.138058545864,0.0,0
2018-05-27 19:24:11.882,28.83,0.138058545864,0.0,0
2018-05-27 19:24:12.137,28.44,0.138058545864,0.0,0
2018-05-27 19:24:12.323,28.12,0.138058545864,0.0,0
2018-05-27 19:24:12.416,28.16,0.138058545864,0.0,0
2018-05-27 19:24:12.509,27.6,0.138058545864,0.0,0
2018-05-27 19:24:12.779,27.01,0.138058545864,0.0,0
2018-05-27 19:24:12.872,26.62,0.138058545864,0.0,0
2018-05-27 19:24:13.034,26.36,0.138058545864,0.0,0
2018-05-27 19:24:13.127,26.27,0.138058545864,0.0,0
2018-05-27 19:24:13.220,25.59,0.138058545864,0.0,0
2018-05-27 19:24:13.314,25.46,0.138058545864,0.0,0
2018-05-27 19:24:13.407,25.42,0.138058545864,0.0,0
2018-05-27 19:24:13.500,24.21,0.112810386877,0.0500000007451,0
2018-05-27 19:24:13.593,23.96,0.0906213267703,0.0500000007451,0
2018-05-27 19:24:13.677,23.79,0.0806434671136,0.0250000003725,0
2018-05-27 19:24:13.770,23.17,0.0628486823466,0.0500000007451,0
2018-05-27 19:24:13.854,23.07,0.0628486823466,0.0,0
2018-05-27 19:24:14.016,21.92,0.0628486823466,0.0,0
2018-05-27 19:24:14.109,21.82,0.0478206693574,0.0500000007451,0
2018-05-27 19:24:14.295,20.66,0.0353972479932,0.0500000007451,0
2018-05-27 19:24:14.388,19.69,0.0412947237021,0.0750000029802,0
2018-05-27 19:24:14.481,18.95,0.0628486864977,0.0750000029802,0
2018-05-27 19:24:14.574,18.11,0.0713912370804,0.0750000029802,0
2018-05-27 19:24:14.668,17.09,0.101339271792,0.125,0
2018-05-27 19:24:14.751,16.84,0.138058552655,0.10000000149,0
2018-05-27 19:24:14.844,15.85,0.181842469133,0.125,0
2018-05-27 19:24:15.006,15.33,0.2329101067,0.0750000029802,0
2018-05-27 19:24:15.099,14.57,0.334638582327,0.125,0
2018-05-27 19:24:15.286,13.53,0.4575831745,0.17499999702,0
2018-05-27 19:24:15.379,12.98,0.602095140404,0.17499999702,0
2018-05-27 19:24:15.472,12.33,0.299999996735,0.17499999702,0
2018-05-27 19:24:15.919,9.67,0.299999996735,0.17499999702,0
2018-05-27 19:24:16.072,9.15,0.299999996735,0.17499999702,0
2018-05-27 19:24:16.258,7.9,0.299999996735,0.17499999702,0
2018-05-27 19:24:16.351,7.15,0.299999996735,0.15000000596,0
2018-05-27 19:24:16.445,6.61,0.299999996735,0.17499999702,0
2018-05-27 19:24:16.538,5.86,0.299999996735,0.125,0
2018-05-27 19:24:16.705,4.26,0.299999996735,0.125,0
2018-05-27 19:24:16.798,3.33,0.299999996735,0.0,0
2018-05-27 19:24:16.891,2.74,0.299999996735,0.0,0
2018-05-27 19:24:17.146,1.4,0.299999996735,0.0,0
2018-05-27 19:24:17.332,1.04,0.381247386828,0.0,0
2018-05-27 19:24:17.509,0.8,0.232910095818,0.0,0
2018-05-27 19:24:17.602,0.67,0.125046562333,0.0,0
2018-05-27 19:24:17.695,0.66,0.0628486822245,0.0,0
2018-05-27 19:24:17.872,0.6,0.0412947219446,0.0,0
2018-05-27 19:24:18.034,0.54,0.0806434678298,0.0,0
2018-05-27 19:24:18.127,0.55,0.138058545864,0.0,0
2018-05-27 19:24:18.220,0.53,0.138058545864,0.0,0
2018-05-27 19:24:18.314,0.53,0.138058545864,0.0,0
2018-05-27 19:24:18.397,0.51,0.138058545864,0.0,0
2018-05-27 19:24:18.491,0.51,0.138058545864,0.0,0
2018-05-27 19:24:18.584,0.44,0.138058545864,0.0,0
2018-05-27 19:24:18.677,0.39,0.138058545864,0.0,0
2018-05-27 19:24:18.770,0.39,0.138058545864,0.0,0
2018-05-27 19:24:18.863,0.39,0.138058545864,0.0,0
2018-05-27 19:24:19.025,0.39,0.138058545864,0.0,0
2018-05-27 19:24:19.118,0.33,0.138058545864,0.0,0
2018-05-27 19:24:19.211,0.28,0.138058545864,0.0,0
2018-05-27 19:24:19.481,0.2,0.138058545864,0.0,0
2018-05-27 19:24:19.574,0.0,0.138058545864,0.0,0
2018-05-27 19:24:19.761,0.0,0.138058545864,0.0,0
2018-05-27 19:24:19.844,0.0,0.138058545864,0.0,0
2018-05-27 19:24:20.006,0.0,0.138058545864,0.0,0
2018-05-27 19:24:20.099,0.0,0.138058545864,0.0,0
2018-05-27 19:24:20.186,0.0,0.138058545864,0.0,0
2018-05-27 19:24:20.276,0.0,0.138058545864,0.0,0
2018-05-27 19:24:20.369,0.0,0.138058545864,0.0,0
2018-05-27 19:24:20.463,0.0,0.138058545864,0.0,0
2018-05-27 19:24:20.630,0.0,0.138058545864,0.0,0
2018-05-27 19:24:20.714,0.0,0.138058545864,0.0,0
2018-05-27 19:24:20.798,0.0,0.138058545864,0.0,0
2018-05-27 19:24:21.146,0.0,0.138058545864,0.0,0
2018-05-27 19:24:21.239,0.0,0.138058545864,0.0,0
2018-05-27 19:24:21.332,0.0,0.138058545864,0.0,0
2018-05-27 19:24:21.518,0.0,0.138058545864,0.0,0
2018-05-27 19:24:21.612,0.0,0.138058545864,0.0,0
2018-05-27 19:24:21.789,0.0,0.138058545864,0.0,0
2018-05-27 19:24:21.882,0.0,0.138058545864,0.0,0
2018-05-27 19:24:22.043,0.0,0.138058545864,0.0,0
2018-05-27 19:24:22.137,0.0,0.138058545864,0.0,0
2018-05-27 19:24:22.230,0.0,0.138058545864,0.0,0
2018-05-27 19:24:22.416,0.0,0.138058545864,0.0,0
2018-05-27 19:24:22.509,0.0,0.138058545864,0.0,0
2018-05-27 19:24:22.686,0.0,0.138058545864,0.0,0
2018-05-27 19:24:22.872,0.0,0.138058545864,0.0,0
2018-05-27 19:24:23.034,0.0,0.138058545864,0.0,0
2018-05-27 19:24:23.127,0.0,0.138058545864,0.0,0
2018-05-27 19:24:23.220,0.0,0.138058545864,0.0,0
2018-05-27 19:24:23.314,0.0,0.138058545864,0.0,0
2018-05-27 19:24:23.407,0.0,0.138058545864,0.0,0
2018-05-27 19:24:23.492,0.0,0.138058545864,0.0,0
2018-05-27 19:24:23.584,0.0,0.138058545864,0.0,0
2018-05-27 19:24:23.863,0.0,0.138058545864,0.0,0
2018-05-27 19:24:24.118,0.0,0.138058545864,0.0,0
2018-05-27 19:24:24.211,0.0,0.138058545864,0.0,0
2018-05-27 19:24:24.304,0.0,0.138058545864,0.0,0
2018-05-27 19:24:24.397,0.0,0.138058545864,0.0,0
2018-05-27 19:24:24.491,0.0,0.138058545864,0.0,0
2018-05-27 19:24:24.584,0.0,0.138058545864,0.0,0
2018-05-27 19:24:24.667,0.0,0.138058545864,0.0,0
2018-05-27 19:24:24.761,0.0,0.138058545864,0.0,0
2018-05-27 19:24:25.006,0.0,0.138058545864,0.0,0
2018-05-27 19:24:25.286,0.0,0.138058545864,0.0,0
2018-05-27 19:24:25.472,0.0,0.138058545864,0.0,0
2018-05-27 19:24:25.649,0.0,0.138058545864,0.0,0
2018-05-27 19:24:25.733,0.0,0.138058545864,0.0,0
2018-05-27 19:24:25.816,0.0,0.138058545864,0.0,0
2018-05-27 19:24:25.910,0.0,0.138058545864,0.0,0
2018-05-27 19:24:26.071,0.0,0.138058545864,0.0,0
2018-05-27 19:24:26.258,0.0,0.138058545864,0.0,0
2018-05-27 19:24:26.435,0.0,0.138058545864,0.0,0
2018-05-27 19:24:26.621,0.0,0.138058545864,0.0,0
2018-05-27 19:24:26.798,0.0,0.138058545864,0.0,0
2018-05-27 19:24:27.053,0.0,0.138058545864,0.0,0
2018-05-27 19:24:27.137,0.0,0.138058545864,0.0,0
2018-05-27 19:24:27.230,0.0,0.138058545864,0.0,0
2018-05-27 19:24:27.416,0.0,0.138058545864,0.0,0
2018-05-27 19:24:27.602,0.0,0.138058545864,0.0,0
2018-05-27 19:24:27.779,0.0,0.138058545864,0.0,0
2018-05-27 19:24:27.872,0.0,0.138058545864,0.0,0
2018-05-27 19:24:28.034,0.0,0.138058545864,0.0,0
2018-05-27 19:24:28.211,0.0,0.138058545864,0.0,0
2018-05-27 19:24:28.304,0.0,0.138058545864,0.0,0
2018-05-27 19:24:28.397,0.0,0.138058545864,0.0,0
2018-05-27 19:24:28.490,0.0,0.138058545864,0.0,0
2018-05-27 19:24:28.584,0.0,0.138058545864,0.0,0
2018-05-27 19:24:28.677,0.0,0.138058545864,0.0,0
2018-05-27 19:24:28.770,0.0,0.138058545864,0.0,0
2018-05-27 19:24:29.025,0.0,0.138058545864,0.0,0
2018-05-27 19:24:29.109,0.0,0.138058545864,0.0,0
2018-05-27 19:24:29.472,0.0,0.138058545864,0.0,0
2018-05-27 19:24:29.565,0.0,0.138058545864,0.0,0
2018-05-27 19:24:29.646,0.0,0.138058545864,0.0,0
2018-05-27 19:24:29.747,0.0,0.138058545864,0.0,0
2018-05-27 19:24:29.835,0.0,0.138058545864,0.0,0
2018-05-27 19:24:29.919,0.0,0.138058545864,0.0,0
2018-05-27 19:24:30.072,0.0,0.138058545864,0.0,0
2018-05-27 19:24:30.165,0.0,0.138058545864,0.0,0
2018-05-27 19:24:30.351,0.0,0.138058545864,0.0,0
2018-05-27 19:24:30.537,0.0,0.138058545864,0.0,0
2018-05-27 19:24:30.621,0.0,0.138058545864,0.0,0
2018-05-27 19:24:30.807,0.0,0.138058545864,0.0,0
2018-05-27 19:24:31.062,0.0,0.138058545864,0.0,0
2018-05-27 19:24:31.248,0.0,0.138058545864,0.0,0
2018-05-27 19:24:31.435,0.0,0.138058545864,0.0,0
2018-05-27 19:24:31.621,0.0,0.138058545864,0.0,0
2018-05-27 19:24:31.798,0.0,0.138058545864,0.0,0
2018-05-27 19:24:31.891,0.0,0.138058545864,0.0,0
2018-05-27 19:24:32.053,0.0,0.138058545864,0.0,0
2018-05-27 19:24:32.146,0.0,0.138058545864,0.0,0
2018-05-27 19:24:32.239,0.0,0.138058545864,0.0,0
2018-05-27 19:24:32.332,0.0,0.138058545864,0.0,0
2018-05-27 19:24:32.425,0.0,0.138058545864,0.0,0
2018-05-27 19:24:32.518,0.0,0.138058545864,0.0,0
2018-05-27 19:24:32.612,0.0,0.138058545864,0.0,0
2018-05-27 19:24:32.695,0.0,0.138058545864,0.0,0
2018-05-27 19:24:32.788,0.0,0.138058545864,0.0,0
2018-05-27 19:24:32.882,0.0,0.138058545864,0.0,0
2018-05-27 19:24:33.127,0.0,0.138058545864,0.0,0
2018-05-27 19:24:33.220,0.0,0.138058545864,0.0,0
2018-05-27 19:24:33.313,0.0,0.138058545864,0.0,0
2018-05-27 19:24:33.407,0.0,0.138058545864,0.0,0
2018-05-27 19:24:33.500,0.0,0.138058545864,0.0,0
2018-05-27 19:24:33.584,0.0,0.138058545864,0.0,0
2018-05-27 19:24:33.677,0.0,0.138058545864,0.0,0
2018-05-27 19:24:33.770,0.0,0.138058545864,0.0,0
2018-05-27 19:24:34.025,0.0,0.138058545864,0.0,0
2018-05-27 19:24:34.118,0.0,0.138058545864,0.0,0
2018-05-27 19:24:34.491,0.0,0.138058545864,0.0,0
2018-05-27 19:24:34.667,0.0,0.138058545864,0.0,0
2018-05-27 19:24:34.751,0.0,0.138058545864,0.0,0
2018-05-27 19:24:34.844,0.0,0.138058545864,0.0,0
2018-05-27 19:24:35.006,0.0,0.138058545864,0.0,0
2018-05-27 19:24:35.099,0.0,0.138058545864,0.0,0
2018-05-27 19:24:35.286,0.0,0.138058545864,0.0,0
2018-05-27 19:24:35.379,0.0,0.138058545864,0.0,0
2018-05-27 19:24:35.464,0.0,0.138058545864,0.0,0
2018-05-27 19:24:35.557,0.0,0.138058545864,0.0,0
2018-05-27 19:24:35.649,0.0,0.138058545864,0.0,0
2018-05-27 19:24:35.737,0.0,0.138058545864,0.0,0
2018-05-27 19:24:35.826,0.0,0.138058545864,0.0,0
2018-05-27 19:24:36.071,0.0,0.138058545864,0.0,0
2018-05-27 19:24:36.164,0.0,0.138058545864,0.0,0
2018-05-27 19:24:36.351,0.0,0.138058545864,0.0,0
2018-05-27 19:24:36.434,0.0,0.138058545864,0.0,0
2018-05-27 19:24:36.630,0.0,0.138058545864,0.0,0
2018-05-27 19:24:36.714,0.0,0.138058545864,0.0,0
2018-05-27 19:24:37.053,0.0,0.138058545864,0.0,0
2018-05-27 19:24:37.146,0.0,0.138058545864,0.0,0
2018-05-27 19:24:37.239,0.0,0.138058545864,0.0,0
2018-05-27 19:24:37.332,0.0,0.138058545864,0.0,0
2018-05-27 19:24:37.425,0.0,0.138058545864,0.0,0
2018-05-27 19:24:37.518,0.0,0.138058545864,0.0,0
2018-05-27 19:24:37.611,0.0,0.138058545864,0.0,0
2018-05-27 19:24:37.705,0.0,0.138058545864,0.0,0
2018-05-27 19:24:37.788,0.0,0.138058545864,0.0,0
2018-05-27 19:24:37.872,0.0,0.138058545864,0.0,0
2018-05-27 19:24:38.034,0.0,0.138058545864,0.0,0
2018-05-27 19:24:38.127,0.0,0.138058545864,0.0,0
2018-05-27 19:24:38.220,0.0,0.138058545864,0.0,0
2018-05-27 19:24:38.406,0.0,0.138058545864,0.0,0
2018-05-27 19:24:38.500,0.0,0.138058545864,0.0,0
2018-05-27 19:24:38.593,0.0,0.138058545864,0.0,0
2018-05-27 19:24:38.677,0.0,0.138058545864,0.0,0
2018-05-27 19:24:38.770,0.0,0.138058545864,0.0,0
2018-05-27 19:24:38.854,0.0,0.138058545864,0.0,0
2018-05-27 19:24:39.109,0.0,0.138058545864,0.0,0
2018-05-27 19:24:39.202,0.0,0.138058545864,0.0,0
2018-05-27 19:24:39.295,0.0,0.138058545864,0.0,0
2018-05-27 19:24:39.388,0.0,0.138058545864,0.0,0
2018-05-27 19:24:39.575,0.0,0.138058545864,0.0,0
2018-05-27 19:24:39.751,0.0,0.138058545864,0.0,0
2018-05-27 19:24:40.006,0.0,0.138058545864,0.0,0
2018-05-27 19:24:40.099,0.0,0.138058545864,0.0,0
2018-05-27 19:24:40.192,0.0,0.138058545864,0.0,0
2018-05-27 19:24:40.378,0.0,0.138058545864,0.0,0
2018-05-27 19:24:40.472,0.0,0.138058545864,0.0,0
2018-05-27 19:24:40.565,0.0,0.138058545864,0.0,0
2018-05-27 19:24:40.745,0.0,0.138058545864,0.0,0
2018-05-27 19:24:40.835,0.0,0.138058545864,0.0,0
2018-05-27 19:24:40.919,0.0,0.138058545864,0.0,0
2018-05-27 19:24:41.071,0.0,0.138058545864,0.0,0
2018-05-27 19:24:41.164,0.0,0.138058545864,0.0,0
2018-05-27 19:24:41.257,0.0,0.138058545864,0.0,0
2018-05-27 19:24:41.351,0.0,0.138058545864,0.0,0
2018-05-27 19:24:41.444,0.0,0.138058545864,0.0,0
2018-05-27 19:24:41.621,0.0,0.138058545864,0.0,0
2018-05-27 19:24:41.705,0.0,0.138058545864,0.0,0
2018-05-27 19:24:41.798,0.0,0.138058545864,0.0,0
2018-05-27 19:24:41.891,0.0,0.138058545864,0.0,0
2018-05-27 19:24:42.146,0.0,0.138058545864,0.0,0
2018-05-27 19:24:42.239,0.0,0.138058545864,0.0,0
2018-05-27 19:24:42.332,0.0,0.138058545864,0.0,0
2018-05-27 19:24:42.425,0.0,0.138058545864,0.0,0
2018-05-27 19:24:42.519,0.0,0.138058545864,0.0,0
2018-05-27 19:24:42.602,0.0,0.138058545864,0.0,0
2018-05-27 19:24:42.686,0.0,0.138058545864,0.0,0
2018-05-27 19:24:42.779,0.0,0.138058545864,0.0,0
2018-05-27 19:24:42.872,0.0,0.138058545864,0.0,0
2018-05-27 19:24:43.034,0.0,0.138058545864,0.0,0
2018-05-27 19:24:43.127,0.0,0.138058545864,0.0,0
2018-05-27 19:24:43.220,0.0,0.138058545864,0.0,0
2018-05-27 19:24:43.313,0.0,0.138058545864,0.0,0
2018-05-27 19:24:43.407,0.0,0.138058545864,0.0,0
2018-05-27 19:24:43.490,0.0,0.138058545864,0.0,0
2018-05-27 19:24:43.583,0.0,0.138058545864,0.0,0
2018-05-27 19:24:43.676,0.0,0.138058545864,0.0,0
2018-05-27 19:24:43.770,0.0,0.138058545864,0.0,0
2018-05-27 19:24:43.863,0.0,0.138058545864,0.0,0
2018-05-27 19:24:44.118,0.0,0.138058545864,0.0,0
2018-05-27 19:24:44.211,0.0,0.138058545864,0.0,0
2018-05-27 19:24:44.388,0.0,0.138058545864,0.0,0
2018-05-27 19:24:44.481,0.0,0.138058545864,0.0,0
2018-05-27 19:24:44.574,0.0,0.138058545864,0.0,0
2018-05-27 19:24:44.658,0.0,0.138058545864,0.0,0
2018-05-27 19:24:44.751,0.0,0.138058545864,0.0,0
2018-05-27 19:24:44.844,0.0,0.138058545864,0.0,0
2018-05-27 19:24:45.090,0.0,0.138058545864,0.0,0
2018-05-27 19:24:45.183,0.0,0.138058545864,0.0,0
2018-05-27 19:24:45.267,0.0,0.138058545864,0.0,0
2018-05-27 19:24:45.350,0.0,0.138058545864,0.0,0
2018-05-27 19:24:45.444,0.0,0.138058545864,0.0,0
2018-05-27 19:24:45.537,0.0,0.138058545864,0.0,0
2018-05-27 19:24:45.630,0.0,0.138058545864,0.0,0
2018-05-27 19:24:45.714,0.0,0.138058545864,0.0,0
2018-05-27 19:24:45.807,0.0,0.138058545864,0.0,0
2018-05-27 19:24:45.900,0.0,0.138058545864,0.0,0
2018-05-27 19:24:46.062,0.0,0.138058545864,0.0,0
2018-05-27 19:24:46.248,0.0,0.138058545864,0.0,0
2018-05-27 19:24:46.341,0.0,0.138058545864,0.0,0
2018-05-27 19:24:46.546,0.0,0.138058545864,0.0,0
2018-05-27 19:24:46.715,0.0,0.138058545864,0.0,0
2018-05-27 19:24:46.807,0.0,0.138058545864,0.0,0
2018-05-27 19:24:47.062,0.0,0.138058545864,0.0,0
2018-05-27 19:24:47.155,0.0,0.138058545864,0.0,0
2018-05-27 19:24:47.248,0.0,0.138058545864,0.0,0
2018-05-27 19:24:47.434,0.0,0.138058545864,0.0,0
2018-05-27 19:24:47.621,0.0,0.138058545864,0.0,0
2018-05-27 19:24:47.714,0.0,0.138058545864,0.0,0
2018-05-27 19:24:47.798,0.0,0.138058545864,0.0,0
2018-05-27 19:24:47.881,0.0,0.138058545864,0.0,0
2018-05-27 19:24:48.043,0.0,0.138058545864,0.0,0
2018-05-27 19:24:48.136,0.0,0.138058545864,0.0,0
2018-05-27 19:24:48.229,0.0,0.138058545864,0.0,0
2018-05-27 19:24:48.323,0.0,0.138058545864,0.0,0
2018-05-27 19:24:48.509,0.0,0.138058545864,0.0,0
2018-05-27 19:24:48.602,0.0,0.138058545864,0.0,0
2018-05-27 19:24:48.686,0.0,0.138058545864,0.0,0
2018-05-27 19:24:48.779,0.0,0.138058545864,0.0,0
2018-05-27 19:24:49.034,0.0,0.138058545864,0.0,0
2018-05-27 19:24:49.127,0.0,0.138058545864,0.0,0
2018-05-27 19:24:49.220,0.0,0.138058545864,0.0,0
2018-05-27 19:24:49.313,0.0,0.138058545864,0.0,0
2018-05-27 19:24:49.406,0.0,0.138058545864,0.0,0
2018-05-27 19:24:49.499,0.0,0.138058545864,0.0,0
2018-05-27 19:24:49.593,0.0,0.138058545864,0.0,0
2018-05-27 19:24:49.677,0.0,0.138058545864,0.0,0
2018-05-27 19:24:49.770,0.0,0.138058545864,0.0,0
2018-05-27 19:24:49.863,0.0,0.138058545864,0.0,0
2018-05-27 19:24:50.025,0.0,0.138058545864,0.0,0
2018-05-27 19:24:50.118,0.0,0.138058545864,0.0,0
2018-05-27 19:24:50.211,0.0,0.138058545864,0.0,0
2018-05-27 19:24:50.304,0.0,0.138058545864,0.0,0
2018-05-27 19:24:50.490,0.0,0.138058545864,0.0,0
2018-05-27 19:24:50.583,0.0,0.138058545864,0.0,0
2018-05-27 19:24:50.676,0.0,0.138058545864,0.0,0
2018-05-27 19:24:50.770,0.0,0.138058545864,0.0,0
2018-05-27 19:24:50.853,0.0,0.138058545864,0.0,0
2018-05-27 19:24:51.015,0.0,0.138058545864,0.0,0
2018-05-27 19:24:51.108,0.0,0.138058545864,0.0,0
2018-05-27 19:24:51.201,0.0,0.138058545864,0.0,0
2018-05-27 19:24:51.295,0.0,0.138058545864,0.0,0
2018-05-27 19:24:51.481,0.0,0.138058545864,0.0,0
2018-05-27 19:24:51.568,0.0,0.138058545864,0.0,0
2018-05-27 19:24:51.658,0.0,0.138058545864,0.0,0
2018-05-27 19:24:51.751,0.0,0.138058545864,0.0,0
2018-05-27 19:24:52.099,0.0,0.138058545864,0.0,0
2018-05-27 19:24:52.192,0.0,0.138058545864,0.0,0
2018-05-27 19:24:52.286,0.0,0.138058545864,0.0,0
2018-05-27 19:24:52.378,0.0,0.138058545864,0.0,0
2018-05-27 19:24:52.472,0.0,0.138058545864,0.0,0
2018-05-27 19:24:52.658,0.0,0.138058545864,0.0,0
2018-05-27 19:24:52.742,0.0,0.138058545864,0.0,0
2018-05-27 19:24:52.835,0.0,0.138058545864,0.0,0
2018-05-27 19:24:53.075,0.0,0.138058545864,0.0,0
2018-05-27 19:24:53.164,0.0,0.138058545864,0.0,0
2018-05-27 19:24:53.341,0.0,0.138058545864,0.0,0
2018-05-27 19:24:53.434,0.0,0.138058545864,0.0,0
2018-05-27 19:24:53.527,0.0,0.138058545864,0.0,0
2018-05-27 19:24:53.816,0.0,0.138058545864,0.0,0
2018-05-27 19:24:54.062,0.0,0.138058545864,0.0,0
2018-05-27 19:24:54.248,0.0,0.138058545864,0.0,0
2018-05-27 19:24:54.341,0.0,0.138058545864,0.0,0
2018-05-27 19:24:54.434,0.0,0.138058545864,0.0,0
2018-05-27 19:24:54.621,0.0,0.138058545864,0.0,0
2018-05-27 19:24:54.714,0.0,0.138058545864,0.0,0
2018-05-27 19:24:54.798,0.0,0.138058545864,0.0,0
2018-05-27 19:24:54.881,0.0,0.138058545864,0.0,0
2018-05-27 19:24:55.043,0.0,0.138058545864,0.0,0
2018-05-27 19:24:55.136,0.0,0.138058545864,0.0,0
2018-05-27 19:24:55.229,0.0,0.138058545864,0.0,0
2018-05-27 19:24:55.416,0.0,0.138058545864,0.0,0
2018-05-27 19:24:55.509,0.0,0.138058545864,0.0,0
2018-05-27 19:24:55.602,0.0,0.138058545864,0.0,0
2018-05-27 19:24:55.779,0.0,0.138058545864,0.0,0
2018-05-27 19:24:55.872,0.0,0.138058545864,0.0,0
2018-05-27 19:24:56.034,0.0,0.138058545864,0.0,0
2018-05-27 19:24:56.127,0.0,0.138058545864,0.0,0
2018-05-27 19:24:56.220,0.0,0.138058545864,0.0,0
2018-05-27 19:24:56.313,1.41,0.138058545864,0.0,0
2018-05-27 19:24:56.406,2.36,0.138058545864,0.0,0
2018-05-27 19:24:56.499,2.36,0.138058545864,0.0,0
2018-05-27 19:24:56.592,2.38,0.138058545864,0.0,0
2018-05-27 19:24:56.676,2.43,0.138058545864,0.0,0
2018-05-27 19:24:56.770,2.55,0.138058545864,0.0,0
2018-05-27 19:24:56.853,2.56,0.138058545864,0.0,0
2018-05-27 19:24:57.015,2.54,0.138058545864,0.0,0
2018-05-27 19:24:57.108,2.52,0.138058545864,0.0,0
2018-05-27 19:24:57.201,2.44,0.138058545864,0.0,0
2018-05-27 19:24:57.388,2.27,0.138058545864,0.0,0
2018-05-27 19:24:57.481,2.25,0.138058545864,0.0,0
2018-05-27 19:24:57.574,2.17,0.138058545864,0.0,0
2018-05-27 19:24:57.751,2.05,0.138058545864,0.0,0
2018-05-27 19:24:57.844,2.04,0.138058545864,0.0,0
2018-05-27 19:24:58.099,1.88,0.138058545864,0.0,0
2018-05-27 19:24:58.192,1.8,0.138058545864,0.0,0
2018-05-27 19:24:58.378,1.7,0.138058545864,0.0,0
2018-05-27 19:24:58.471,1.36,0.138058545864,0.0,0
2018-05-27 19:24:58.564,1.36,0.138058545864,0.0,0
2018-05-27 19:24:58.658,0.91,0.138058545864,0.0,0
2018-05-27 19:24:58.741,0.72,0.138058545864,0.0,0
2018-05-27 19:24:58.835,0.72,0.138058545864,0.0,0
2018-05-27 19:24:58.923,0.72,0.138058545864,0.0,0
2018-05-27 19:24:59.080,0.6,0.138058545864,0.0,0
2018-05-27 19:24:59.164,0.47,0.138058545864,0.0,0
2018-05-27 19:24:59.443,0.27,0.138058545864,0.0,0
2018-05-27 19:24:59.537,0.24,0.138058545864,0.0,0
2018-05-27 19:24:59.630,0.21,0.138058545864,0.0,0
2018-05-27 19:24:59.713,0.0,0.138058545864,0.0,0
2018-05-27 19:24:59.807,0.0,0.138058545864,0.0,0
2018-05-27 19:24:59.900,0.0,0.138058545864,0.0,0
2018-05-27 19:25:00.155,0.0,0.138058545864,0.0,0
2018-05-27 19:25:00.248,0.0,0.138058545864,0.0,0
2018-05-27 19:25:00.341,0.0,0.138058545864,0.0,0
2018-05-27 19:25:00.434,0.0,0.138058545864,0.0,0
2018-05-27 19:25:00.527,0.0,0.138058545864,0.0,0
2018-05-27 19:25:00.704,0.0,0.138058545864,0.0,0
2018-05-27 19:25:00.797,0.0,0.138058545864,0.0,0
2018-05-27 19:25:00.890,0.0,0.138058545864,0.0,0
2018-05-27 19:25:01.052,0.0,0.138058545864,0.0,0
2018-05-27 19:25:01.146,0.0,0.138058545864,0.0,0
2018-05-27 19:25:01.332,0.0,0.138058545864,0.0,0
2018-05-27 19:25:01.518,0.0,0.138058545864,0.0,0
2018-05-27 19:25:01.611,0.0,0.138058545864,0.0,0
2018-05-27 19:25:01.695,0.0,0.138058545864,0.0,0
2018-05-27 19:25:01.788,0.0,0.138058545864,0.0,0
2018-05-27 19:25:01.881,0.0,0.138058545864,0.0,0
2018-05-27 19:25:02.043,0.0,0.138058545864,0.0,0
2018-05-27 19:25:02.136,0.0,0.138058545864,0.0,0
2018-05-27 19:25:02.229,0.0,0.138058545864,0.0,0
2018-05-27 19:25:02.322,0.0,0.138058545864,0.0,0
2018-05-27 19:25:02.509,0.0,0.138058545864,0.0,0
2018-05-27 19:25:02.602,0.0,0.138058545864,0.0,0
2018-05-27 19:25:02.686,0.0,0.138058545864,0.0,0
2018-05-27 19:25:02.779,0.0,0.138058545864,0.0,0
2018-05-27 19:25:02.872,0.0,0.138058545864,0.0,0
2018-05-27 19:25:03.034,0.0,0.138058545864,0.0,0
2018-05-27 19:25:03.127,0.0,0.138058545864,0.0,0
2018-05-27 19:25:03.220,0.0,0.138058545864,0.0,0
2018-05-27 19:25:03.313,0.0,0.138058545864,0.0,0
2018-05-27 19:25:03.406,0.0,0.138058545864,0.0,0
2018-05-27 19:25:03.499,0.0,0.138058545864,0.0,0
2018-05-27 19:25:03.593,0.0,0.138058545864,0.0,0
2018-05-27 19:25:03.676,0.0,0.138058545864,0.0,0
2018-05-27 19:25:03.769,0.0,0.138058545864,0.0,0
2018-05-27 19:25:04.108,0.0,0.138058545864,0.0,0
2018-05-27 19:25:04.201,0.0,0.138058545864,0.0,0
2018-05-27 19:25:04.285,0.0,0.138058545864,0.0,0
2018-05-27 19:25:04.389,0.0,0.138058545864,0.0,0
2018-05-27 19:25:04.481,0.0,0.138058545864,0.0,0
2018-05-27 19:25:04.574,0.0,0.138058545864,0.0,0
2018-05-27 19:25:04.667,0.0,0.138058545864,0.0,0
2018-05-27 19:25:04.844,0.0,0.138058545864,0.0,0
2018-05-27 19:25:05.006,0.0,0.138058545864,0.0,0
2018-05-27 19:25:05.090,0.0,0.138058545864,0.0,0
2018-05-27 19:25:05.266,0.0,0.138058545864,0.0,0
2018-05-27 19:25:05.443,0.0,0.138058545864,0.0,0
2018-05-27 19:25:05.537,0.0,0.138058545864,0.0,0
2018-05-27 19:25:05.714,0.0,0.138058545864,0.0,0
2018-05-27 19:25:05.807,0.0,0.138058545864,0.0,0
2018-05-27 19:25:06.695,0.0,0.138058545864,0.0,0
